Price,Close,High,Low,Open,Volume
Ticker,BNB-USD,BNB-USD,BNB-USD,BNB-USD,BNB-USD
Datetime,,,,,
2025-09-20 00:00:00+00:00,986.9149780273438,986.9149780273438,984.1197509765625,984.1197509765625,12980736
2025-09-20 00:15:00+00:00,986.2532958984375,987.6227416992188,986.2107543945312,987.0363159179688,3559424
2025-09-20 00:30:00+00:00,987.0502319335938,987.0502319335938,986.1575927734375,986.332763671875,0
2025-09-20 00:45:00+00:00,986.4343872070312,987.5519409179688,986.41796875,987.02685546875,289792
2025-09-20 01:00:00+00:00,985.7669677734375,986.97119140625,985.7669677734375,986.5654296875,0
2025-09-20 01:15:00+00:00,986.7568359375,986.7568359375,985.4825439453125,985.4894409179688,2214656
2025-09-20 01:30:00+00:00,985.5859985351562,986.904296875,985.3912353515625,986.7901000976562,1612544
2025-09-20 01:45:00+00:00,986.877685546875,986.9237670898438,986.27197265625,986.3550415039062,0
2025-09-20 02:00:00+00:00,984.7918090820312,986.870849609375,984.7918090820312,986.870849609375,1875712
2025-09-20 02:15:00+00:00,986.0885009765625,986.119140625,984.1444702148438,984.6140747070312,4623104
2025-09-20 02:30:00+00:00,986.2720336914062,986.3551635742188,985.4973754882812,986.3551635742188,539904
2025-09-20 02:45:00+00:00,990.1118774414062,990.1118774414062,986.2048950195312,986.2048950195312,19524608
2025-09-20 03:00:00+00:00,988.9948120117188,990.7440795898438,988.91943359375,990.2546997070312,202240
2025-09-20 03:15:00+00:00,990.3060913085938,990.3060913085938,989.1865844726562,989.2060546875,5503744
2025-09-20 03:30:00+00:00,991.6868896484375,991.8455810546875,990.4509887695312,990.4509887695312,10752768
2025-09-20 03:45:00+00:00,992.7076416015625,993.04296875,991.7594604492188,991.7594604492188,0
2025-09-20 04:00:00+00:00,992.2628173828125,992.6458129882812,991.8171997070312,992.6458129882812,0
2025-09-20 04:15:00+00:00,993.5615234375,993.5615234375,992.0764770507812,992.291748046875,0
2025-09-20 04:30:00+00:00,996.1878051757812,996.1878051757812,993.4628295898438,993.53564453125,4701440
2025-09-20 04:45:00+00:00,999.4017333984375,999.410888671875,996.3062744140625,996.3062744140625,11175424
2025-09-20 05:00:00+00:00,998.4330444335938,1000.9496459960938,998.3307495117188,999.5896606445312,9312256
2025-09-20 05:15:00+00:00,997.0911865234375,998.5282592773438,997.0399169921875,998.5282592773438,2045952
2025-09-20 05:30:00+00:00,996.7378540039062,997.2213134765625,996.7247924804688,997.091552734375,3386624
2025-09-20 05:45:00+00:00,997.5029296875,997.5029296875,996.6828002929688,996.7653198242188,0
2025-09-20 06:00:00+00:00,997.4315185546875,997.9912719726562,997.4315185546875,997.51171875,0
2025-09-20 06:15:00+00:00,996.38671875,997.425537109375,996.3685913085938,997.425537109375,0
2025-09-20 06:30:00+00:00,996.5299072265625,996.6494750976562,996.2280883789062,996.2280883789062,0
2025-09-20 06:45:00+00:00,997.1392822265625,997.1622314453125,996.1795654296875,996.5299072265625,0
2025-09-20 07:00:00+00:00,996.7969360351562,997.5820922851562,996.7969360351562,997.1865234375,0
2025-09-20 07:15:00+00:00,995.980224609375,996.8045043945312,995.980224609375,996.8045043945312,0
2025-09-20 07:30:00+00:00,997.2314453125,997.2530517578125,995.794189453125,996.0068359375,0
2025-09-20 07:45:00+00:00,999.9365844726562,999.9365844726562,997.09765625,997.2142944335938,136960
2025-09-20 08:00:00+00:00,998.4141235351562,999.9304809570312,998.2139892578125,999.9304809570312,0
2025-09-20 08:15:00+00:00,1000.540771484375,1000.5633544921875,998.4784545898438,998.4784545898438,0
2025-09-20 08:30:00+00:00,1004.3167724609375,1004.3167724609375,1001.0708618164062,1001.0708618164062,28429312
2025-09-20 08:45:00+00:00,997.487060546875,1003.89404296875,997.487060546875,1003.89404296875,15621376
2025-09-20 09:00:00+00:00,997.9719848632812,997.9719848632812,997.0726318359375,997.2432861328125,0
2025-09-20 09:15:00+00:00,997.8015747070312,998.3076171875,997.5779418945312,997.9534301757812,0
2025-09-20 09:30:00+00:00,995.2048950195312,997.84716796875,995.1298828125,997.73046875,1857536
2025-09-20 09:45:00+00:00,996.527587890625,996.5982055664062,995.2169799804688,995.3095092773438,0
2025-09-20 10:00:00+00:00,998.6298217773438,998.6298217773438,996.5113525390625,996.5498657226562,3788032
2025-09-20 10:15:00+00:00,1000.0404663085938,1000.335205078125,998.7152709960938,998.7152709960938,5066496
2025-09-20 10:30:00+00:00,999.387939453125,999.9841918945312,998.8651123046875,999.9841918945312,5408768
2025-09-20 10:45:00+00:00,997.822509765625,999.4224243164062,997.6162719726562,999.4224243164062,0
2025-09-20 11:00:00+00:00,1000.17578125,1000.2583618164062,998.1727294921875,998.1727294921875,0
2025-09-20 11:15:00+00:00,1000.3745727539062,1000.6882934570312,1000.1592407226562,1000.2093505859375,0
2025-09-20 11:30:00+00:00,1000.2239379882812,1000.5602416992188,999.5730590820312,1000.5415649414062,5961472
2025-09-20 11:45:00+00:00,1002.1240844726562,1002.7726440429688,1000.1476440429688,1000.1476440429688,3805440
2025-09-20 12:00:00+00:00,1000.5383911132812,1002.2493286132812,1000.5372924804688,1002.16455078125,0
2025-09-20 12:15:00+00:00,999.525146484375,1000.5587768554688,999.5128784179688,1000.5587768554688,2324224
2025-09-20 12:30:00+00:00,1000.0145263671875,1001.1188354492188,999.8828125,999.8828125,4315648
2025-09-20 12:45:00+00:00,1000.6079711914062,1000.636962890625,1000.1383056640625,1000.1383056640625,599808
2025-09-20 13:00:00+00:00,1000.7671508789062,1001.3976440429688,1000.7622680664062,1000.7908325195312,0
2025-09-20 13:15:00+00:00,1000.5438842773438,1001.7130737304688,1000.5156860351562,1000.7626953125,0
2025-09-20 13:30:00+00:00,1000.4765625,1000.70947265625,1000.081298828125,1000.5685424804688,2511104
2025-09-20 13:45:00+00:00,1000.965576171875,1001.8164672851562,1000.6234741210938,1000.6234741210938,3219456
2025-09-20 14:00:00+00:00,1000.6890258789062,1001.321044921875,1000.6329956054688,1000.8292236328125,0
2025-09-20 14:15:00+00:00,1002.3632202148438,1002.6104125976562,1000.7372436523438,1000.7372436523438,6963456
2025-09-20 14:30:00+00:00,1003.6341552734375,1003.6341552734375,1002.51318359375,1002.51318359375,8556032
2025-09-20 14:45:00+00:00,1013.1022338867188,1013.209716796875,1003.697021484375,1003.697021484375,86222848
2025-09-20 15:00:00+00:00,1025.103759765625,1026.8636474609375,1013.3920288085938,1013.3920288085938,82393856
2025-09-20 15:15:00+00:00,1020.9146118164062,1025.2314453125,1020.9019775390625,1025.2314453125,31989504
2025-09-20 15:30:00+00:00,1019.8294677734375,1020.9097900390625,1018.4066772460938,1020.9097900390625,30902272
2025-09-20 15:45:00+00:00,1021.4129638671875,1021.8676147460938,1019.9082641601562,1019.9082641601562,15559936
2025-09-20 16:00:00+00:00,1021.1910400390625,1022.1854858398438,1021.1398315429688,1021.3870239257812,8185600
2025-09-20 16:15:00+00:00,1020.5524291992188,1021.4485473632812,1020.4107666015625,1021.3140258789062,21046016
2025-09-20 16:30:00+00:00,1023.8837890625,1023.8919677734375,1020.6407470703125,1020.6407470703125,30966528
2025-09-20 16:45:00+00:00,1024.2579345703125,1024.2579345703125,1023.0462036132812,1023.6845092773438,13532160
2025-09-20 17:00:00+00:00,1025.9444580078125,1026.0421142578125,1024.9736328125,1025.482421875,20240640
2025-09-20 17:15:00+00:00,1026.467529296875,1026.467529296875,1024.426025390625,1025.78662109375,16940800
2025-09-20 17:30:00+00:00,1027.306396484375,1028.48486328125,1026.5780029296875,1026.5780029296875,28835072
2025-09-20 17:45:00+00:00,1026.1893310546875,1027.4373779296875,1025.7401123046875,1027.4373779296875,10608640
2025-09-20 18:00:00+00:00,1023.611572265625,1026.664306640625,1023.2076416015625,1026.2149658203125,8632320
2025-09-20 18:15:00+00:00,1024.9429931640625,1024.9429931640625,1022.7485961914062,1023.6614990234375,14219776
2025-09-20 18:30:00+00:00,1023.2611083984375,1024.9970703125,1022.30078125,1024.9970703125,3229696
2025-09-20 18:45:00+00:00,1022.35205078125,1023.3279418945312,1022.35205078125,1023.3102416992188,9584896
2025-09-20 19:00:00+00:00,1023.935791015625,1023.935791015625,1021.9569702148438,1022.2941284179688,9719040
2025-09-20 19:15:00+00:00,1024.5960693359375,1025.2298583984375,1024.0631103515625,1024.0631103515625,3027456
2025-09-20 19:30:00+00:00,1021.740966796875,1024.550537109375,1021.740966796875,1024.550537109375,610560
2025-09-20 19:45:00+00:00,1020.6231689453125,1021.69189453125,1020.1267700195312,1021.69189453125,25843968
2025-09-20 20:00:00+00:00,1020.6331176757812,1021.0240478515625,1019.8823852539062,1020.5809326171875,4337152
2025-09-20 20:15:00+00:00,1020.7381591796875,1021.097412109375,1020.6019897460938,1020.699951171875,4425216
2025-09-20 20:30:00+00:00,1020.9862060546875,1020.9862060546875,1020.2723999023438,1020.6397094726562,4206592
2025-09-20 20:45:00+00:00,1020.9525146484375,1021.4503784179688,1020.9203491210938,1020.9203491210938,0
2025-09-20 21:00:00+00:00,1022.0662841796875,1022.0662841796875,1020.5074462890625,1020.5074462890625,4927232
2025-09-20 21:15:00+00:00,1023.94384765625,1023.94384765625,1021.888671875,1022.095703125,6634240
2025-09-20 21:30:00+00:00,1037.521240234375,1037.521240234375,1023.9801635742188,1023.9801635742188,114634496
2025-09-20 21:45:00+00:00,1039.552001953125,1041.971923828125,1038.52880859375,1038.52880859375,51556096
2025-09-20 22:00:00+00:00,1038.93505859375,1040.53515625,1038.93505859375,1039.86279296875,35112448
2025-09-20 22:15:00+00:00,1036.171875,1039.08544921875,1036.145751953125,1039.08544921875,29272320
2025-09-20 22:30:00+00:00,1038.7857666015625,1039.5194091796875,1036.538330078125,1036.538330078125,23190272
2025-09-20 22:45:00+00:00,1039.4039306640625,1039.552001953125,1038.8135986328125,1038.8135986328125,14683648
2025-09-20 23:00:00+00:00,1038.665283203125,1039.8941650390625,1038.665283203125,1039.8419189453125,12981760
2025-09-20 23:15:00+00:00,1039.9071044921875,1039.9071044921875,1037.7786865234375,1038.609619140625,23499008
2025-09-20 23:30:00+00:00,1042.83740234375,1043.162109375,1040.007568359375,1040.007568359375,20475136
2025-09-20 23:45:00+00:00,1042.5458984375,1042.839599609375,1042.3297119140625,1042.839599609375,7860736
2025-09-21 00:00:00+00:00,1043.6051025390625,1043.6051025390625,1042.2918701171875,1042.66064453125,8009984
2025-09-21 00:15:00+00:00,1042.019287109375,1046.0247802734375,1042.019287109375,1043.9010009765625,21072384
2025-09-21 00:30:00+00:00,1050.24365234375,1050.3541259765625,1041.036376953125,1041.9117431640625,88367872
2025-09-21 00:45:00+00:00,1060.6297607421875,1060.6297607421875,1050.02294921875,1050.02294921875,146871040
2025-09-21 01:00:00+00:00,1057.0921630859375,1061.1324462890625,1057.0594482421875,1061.1324462890625,34067968
2025-09-21 01:15:00+00:00,1056.118408203125,1058.0281982421875,1056.118408203125,1057.091552734375,30559232
2025-09-21 01:30:00+00:00,1059.0130615234375,1059.7413330078125,1056.1038818359375,1056.1038818359375,35862528
2025-09-21 01:45:00+00:00,1072.269287109375,1072.625,1059.253173828125,1059.253173828125,137159680
2025-09-21 02:00:00+00:00,1078.738037109375,1080.3165283203125,1072.7427978515625,1072.7427978515625,108621824
2025-09-21 02:15:00+00:00,1077.4429931640625,1079.1112060546875,1076.881103515625,1078.373779296875,94050304
2025-09-21 02:30:00+00:00,1076.3814697265625,1078.1329345703125,1076.179443359375,1077.6558837890625,40678912
2025-09-21 02:45:00+00:00,1075.99853515625,1076.6138916015625,1074.9129638671875,1076.3758544921875,17923072
2025-09-21 03:00:00+00:00,1073.1146240234375,1075.2572021484375,1072.884765625,1075.2572021484375,19820032
2025-09-21 03:15:00+00:00,1074.8619384765625,1074.8619384765625,1072.4937744140625,1073.1043701171875,17075712
2025-09-21 03:30:00+00:00,1071.87353515625,1074.8759765625,1071.5526123046875,1074.8759765625,7913472
2025-09-21 03:45:00+00:00,1069.59716796875,1071.910888671875,1069.59716796875,1071.8389892578125,4634624
2025-09-21 04:00:00+00:00,1064.9774169921875,1070.056884765625,1064.9468994140625,1069.77978515625,22945792
2025-09-21 04:15:00+00:00,1063.1077880859375,1064.9415283203125,1062.401123046875,1064.9415283203125,29986304
2025-09-21 04:30:00+00:00,1065.3944091796875,1065.3944091796875,1063.1234130859375,1063.1234130859375,379904
2025-09-21 04:45:00+00:00,1067.1729736328125,1067.1729736328125,1065.2899169921875,1065.2899169921875,0
2025-09-21 05:00:00+00:00,1065.670166015625,1068.016845703125,1065.670166015625,1068.012939453125,0
2025-09-21 05:15:00+00:00,1064.6590576171875,1066.010498046875,1064.6524658203125,1065.55810546875,0
2025-09-21 05:30:00+00:00,1065.1016845703125,1065.1016845703125,1064.7288818359375,1064.7288818359375,11100672
2025-09-21 05:45:00+00:00,1067.770263671875,1067.770263671875,1065.128173828125,1065.128173828125,11379712
2025-09-21 06:00:00+00:00,1070.1297607421875,1070.1297607421875,1067.6812744140625,1067.9200439453125,6627840
2025-09-21 06:15:00+00:00,1075.716552734375,1075.716552734375,1070.2816162109375,1070.2816162109375,42049024
2025-09-21 06:30:00+00:00,1074.5780029296875,1076.983642578125,1073.864013671875,1075.95654296875,34146816
2025-09-21 06:45:00+00:00,1076.8629150390625,1076.90478515625,1074.6661376953125,1074.6661376953125,26341376
2025-09-21 07:00:00+00:00,1077.4124755859375,1077.4124755859375,1074.7574462890625,1076.888427734375,24727552
2025-09-21 07:15:00+00:00,1076.5521240234375,1079.795654296875,1076.495849609375,1077.7156982421875,36366848
2025-09-21 07:30:00+00:00,1076.7432861328125,1077.603271484375,1076.471435546875,1076.751953125,17017856
2025-09-21 07:45:00+00:00,1074.4234619140625,1077.218505859375,1074.4234619140625,1076.71142578125,8312832
2025-09-21 08:00:00+00:00,1074.4288330078125,1074.9444580078125,1073.9163818359375,1074.4454345703125,7063040
2025-09-21 08:15:00+00:00,1070.846435546875,1074.5318603515625,1070.8001708984375,1074.44384765625,6208512
2025-09-21 08:30:00+00:00,1069.6529541015625,1070.98974609375,1069.2252197265625,1070.447021484375,0
2025-09-21 08:45:00+00:00,1072.423095703125,1072.693359375,1069.7755126953125,1069.7755126953125,0
2025-09-21 09:00:00+00:00,1071.8128662109375,1072.618896484375,1071.8128662109375,1072.520263671875,0
2025-09-21 09:15:00+00:00,1063.3272705078125,1071.693115234375,1063.3272705078125,1071.693115234375,17420800
2025-09-21 09:30:00+00:00,1056.9500732421875,1063.3489990234375,1055.6363525390625,1063.3489990234375,66958336
2025-09-21 09:45:00+00:00,1059.121826171875,1059.1754150390625,1056.666259765625,1057.2244873046875,34915840
2025-09-21 10:00:00+00:00,1060.8779296875,1061.2666015625,1058.798095703125,1058.9100341796875,13262336
2025-09-21 10:15:00+00:00,1060.248291015625,1061.8377685546875,1060.248291015625,1060.9010009765625,2905600
2025-09-21 10:30:00+00:00,1062.5084228515625,1062.8106689453125,1060.02197265625,1060.3134765625,17726976
2025-09-21 10:45:00+00:00,1061.255126953125,1062.4935302734375,1060.9014892578125,1062.4935302734375,0
2025-09-21 11:00:00+00:00,1063.1842041015625,1063.1842041015625,1060.8731689453125,1061.07861328125,0
2025-09-21 11:15:00+00:00,1061.541259765625,1063.3179931640625,1061.541259765625,1063.185546875,0
2025-09-21 11:30:00+00:00,1057.8360595703125,1061.50634765625,1057.8360595703125,1061.50634765625,1037824
2025-09-21 11:45:00+00:00,1053.1884765625,1057.7376708984375,1053.1884765625,1057.7376708984375,6867456
2025-09-21 12:00:00+00:00,1054.84228515625,1055.8720703125,1052.113037109375,1052.9161376953125,13427712
2025-09-21 12:15:00+00:00,1056.6304931640625,1056.8720703125,1054.427490234375,1054.80224609375,2744832
2025-09-21 12:30:00+00:00,1052.430419921875,1057.1409912109375,1052.430419921875,1056.4263916015625,14912512
2025-09-21 12:45:00+00:00,1046.4873046875,1052.1722412109375,1046.353515625,1052.1722412109375,34942976
2025-09-21 13:00:00+00:00,1050.49072265625,1050.5479736328125,1046.6190185546875,1046.6190185546875,17115136
2025-09-21 13:15:00+00:00,1049.43310546875,1050.702392578125,1049.3419189453125,1050.673095703125,9382912
2025-09-21 13:30:00+00:00,1052.144287109375,1052.4361572265625,1049.616455078125,1049.616455078125,9961984
2025-09-21 13:45:00+00:00,1053.89501953125,1054.4537353515625,1052.1348876953125,1052.1348876953125,6533120
2025-09-21 14:00:00+00:00,1051.820068359375,1054.13427734375,1051.7991943359375,1053.874755859375,4009984
2025-09-21 14:15:00+00:00,1049.8616943359375,1051.80078125,1049.8616943359375,1051.80078125,1902080
2025-09-21 14:30:00+00:00,1052.0306396484375,1052.0306396484375,1049.8223876953125,1049.8477783203125,838144
2025-09-21 14:45:00+00:00,1051.3363037109375,1056.6104736328125,1051.3363037109375,1052.4244384765625,0
2025-09-21 15:00:00+00:00,1053.904052734375,1053.904052734375,1050.8817138671875,1051.384521484375,0
2025-09-21 15:15:00+00:00,1054.2081298828125,1054.2081298828125,1052.9117431640625,1053.902099609375,0
2025-09-21 15:30:00+00:00,1053.7578125,1054.267822265625,1053.106201171875,1054.232177734375,0
2025-09-21 15:45:00+00:00,1056.133544921875,1056.133544921875,1053.8817138671875,1053.8817138671875,0
2025-09-21 16:00:00+00:00,1053.7197265625,1057.16015625,1053.7197265625,1056.140869140625,0
2025-09-21 16:15:00+00:00,1048.61572265625,1053.6112060546875,1048.493408203125,1053.6112060546875,955904
2025-09-21 16:30:00+00:00,1043.8250732421875,1048.66552734375,1043.54736328125,1048.66552734375,0
2025-09-21 16:45:00+00:00,1042.2921142578125,1044.122802734375,1041.8660888671875,1044.0001220703125,13962240
2025-09-21 17:00:00+00:00,1043.4755859375,1043.4803466796875,1042.4713134765625,1042.4713134765625,569344
2025-09-21 17:15:00+00:00,1044.639892578125,1044.6904296875,1043.167724609375,1043.3863525390625,0
2025-09-21 17:30:00+00:00,1045.75244140625,1046.566650390625,1044.5203857421875,1044.6998291015625,0
2025-09-21 17:45:00+00:00,1049.1064453125,1049.2001953125,1045.8245849609375,1045.8245849609375,930304
2025-09-21 18:00:00+00:00,1050.366943359375,1050.366943359375,1049.0697021484375,1049.1383056640625,352256
2025-09-21 18:15:00+00:00,1049.3372802734375,1050.499755859375,1049.220703125,1050.499755859375,3256320
2025-09-21 18:30:00+00:00,1051.739013671875,1052.536865234375,1049.345458984375,1049.345458984375,2564608
2025-09-21 18:45:00+00:00,1052.218017578125,1052.3914794921875,1051.796142578125,1051.796142578125,0
2025-09-21 19:00:00+00:00,1048.8505859375,1052.33984375,1048.8505859375,1052.1845703125,0
2025-09-21 19:15:00+00:00,1047.3338623046875,1048.8251953125,1047.2662353515625,1048.8251953125,1118720
2025-09-21 19:30:00+00:00,1046.9959716796875,1047.5860595703125,1046.90283203125,1047.351318359375,1147904
2025-09-21 19:45:00+00:00,1046.875732421875,1046.9656982421875,1046.3931884765625,1046.9656982421875,0
2025-09-21 20:00:00+00:00,1043.459228515625,1047.967041015625,1043.459228515625,1047.0517578125,7345152
2025-09-21 20:15:00+00:00,1045.6942138671875,1045.6942138671875,1042.940673828125,1043.5203857421875,12165632
2025-09-21 20:30:00+00:00,1045.4332275390625,1045.97509765625,1045.25048828125,1045.735107421875,0
2025-09-21 20:45:00+00:00,1045.7103271484375,1045.71484375,1045.3409423828125,1045.3409423828125,2546176
2025-09-21 21:00:00+00:00,1046.08154296875,1046.08154296875,1045.488525390625,1045.6834716796875,463872
2025-09-21 21:15:00+00:00,1046.3330078125,1046.5382080078125,1045.7572021484375,1046.2440185546875,0
2025-09-21 21:30:00+00:00,1051.8270263671875,1051.8359375,1046.0882568359375,1046.0882568359375,0
2025-09-21 21:45:00+00:00,1050.3660888671875,1051.681884765625,1050.3267822265625,1051.681884765625,0
2025-09-21 22:00:00+00:00,1049.357421875,1051.403564453125,1049.3177490234375,1050.32958984375,0
2025-09-21 22:15:00+00:00,1050.7789306640625,1050.8031005859375,1048.57568359375,1049.377685546875,0
2025-09-21 22:30:00+00:00,1052.9781494140625,1053.2681884765625,1051.0498046875,1051.0498046875,5711872
2025-09-21 22:45:00+00:00,1053.0816650390625,1053.1658935546875,1051.880126953125,1052.9947509765625,4633600
2025-09-21 23:00:00+00:00,1049.9825439453125,1053.0009765625,1049.9327392578125,1053.0009765625,0
2025-09-21 23:15:00+00:00,1047.760498046875,1049.9525146484375,1047.7291259765625,1049.9525146484375,0
2025-09-21 23:30:00+00:00,1048.8260498046875,1048.8260498046875,1046.829345703125,1047.6878662109375,0
2025-09-21 23:45:00+00:00,1048.6351318359375,1049.18115234375,1048.6351318359375,1048.8258056640625,0
2025-09-22 00:00:00+00:00,1050.0682373046875,1050.24267578125,1047.82373046875,1048.5897216796875,0
2025-09-22 00:15:00+00:00,1043.2423095703125,1049.528076171875,1043.2423095703125,1049.528076171875,0
2025-09-22 00:30:00+00:00,1037.0166015625,1043.275634765625,1034.145751953125,1043.275634765625,47266048
2025-09-22 00:45:00+00:00,1030.981201171875,1036.994384765625,1029.1632080078125,1036.994384765625,25816320
2025-09-22 01:00:00+00:00,1029.251953125,1033.564697265625,1029.251953125,1030.7589111328125,9043456
2025-09-22 01:15:00+00:00,1035.8834228515625,1035.8834228515625,1029.73291015625,1029.73291015625,13651968
2025-09-22 01:30:00+00:00,1043.480224609375,1043.819091796875,1035.9488525390625,1035.9488525390625,21524480
2025-09-22 01:45:00+00:00,1036.9007568359375,1043.458740234375,1036.9007568359375,1043.458740234375,0
2025-09-22 02:00:00+00:00,1036.7529296875,1037.7147216796875,1036.7529296875,1036.9776611328125,0
2025-09-22 02:15:00+00:00,1033.4296875,1037.650390625,1033.4296875,1036.9263916015625,0
2025-09-22 02:30:00+00:00,1031.3638916015625,1033.5740966796875,1029.816162109375,1033.5740966796875,2405888
2025-09-22 02:45:00+00:00,1033.288330078125,1033.515625,1031.8837890625,1031.8837890625,0
2025-09-22 03:00:00+00:00,1033.4698486328125,1034.015625,1033.268798828125,1033.268798828125,0
2025-09-22 03:15:00+00:00,1031.9549560546875,1033.280029296875,1031.9549560546875,1033.280029296875,0
2025-09-22 03:30:00+00:00,1027.563720703125,1031.961669921875,1027.563720703125,1031.961669921875,20031744
2025-09-22 03:45:00+00:00,1030.09375,1030.0955810546875,1027.6839599609375,1027.6839599609375,11496960
2025-09-22 04:00:00+00:00,1029.2823486328125,1031.5450439453125,1029.2823486328125,1030.1524658203125,0
2025-09-22 04:15:00+00:00,1035.684326171875,1035.684326171875,1029.00439453125,1029.1824951171875,41218560
2025-09-22 04:30:00+00:00,1038.045166015625,1038.226318359375,1035.72509765625,1035.72509765625,10147072
2025-09-22 04:45:00+00:00,1033.3115234375,1037.8338623046875,1033.3115234375,1037.8338623046875,0
2025-09-22 05:00:00+00:00,1032.22900390625,1033.4700927734375,1031.9849853515625,1033.4700927734375,0
2025-09-22 05:15:00+00:00,1034.0567626953125,1034.0567626953125,1031.9439697265625,1032.2200927734375,6706176
2025-09-22 05:30:00+00:00,1029.3863525390625,1033.931884765625,1029.2745361328125,1033.931884765625,10208000
2025-09-22 05:45:00+00:00,1026.7337646484375,1029.3228759765625,1026.7337646484375,1029.1104736328125,6311168
2025-09-22 06:00:00+00:00,1014.6380615234375,1027.3013916015625,1011.3797607421875,1026.7030029296875,184934400
2025-09-22 06:15:00+00:00,1012.5864868164062,1016.1747436523438,1012.513916015625,1014.947509765625,71970048
2025-09-22 06:30:00+00:00,1018.8895874023438,1019.3199462890625,1013.1290893554688,1013.1290893554688,37702912
2025-09-22 06:45:00+00:00,1021.618408203125,1021.618408203125,1019.0426635742188,1019.0426635742188,27358976
2025-09-22 07:00:00+00:00,1024.974853515625,1025.8865966796875,1021.6883544921875,1021.6883544921875,17048576
2025-09-22 07:15:00+00:00,1025.2244873046875,1025.56787109375,1023.7677001953125,1024.99951171875,12213248
2025-09-22 07:30:00+00:00,1024.253662109375,1026.768310546875,1024.1793212890625,1025.0869140625,46224384
2025-09-22 07:45:00+00:00,1024.0379638671875,1026.1416015625,1024.0379638671875,1024.4005126953125,7711744
2025-09-22 08:00:00+00:00,1032.9931640625,1032.9993896484375,1023.8721923828125,1023.8721923828125,27218944
2025-09-22 08:15:00+00:00,1032.9052734375,1035.3028564453125,1032.565673828125,1032.971923828125,12627456
2025-09-22 08:30:00+00:00,1029.781005859375,1032.9647216796875,1029.7415771484375,1032.9647216796875,24074240
2025-09-22 08:45:00+00:00,1030.0606689453125,1031.332763671875,1029.3126220703125,1029.7314453125,9778176
2025-09-22 09:00:00+00:00,1026.912109375,1030.0517578125,1026.912109375,1030.0517578125,6111232
2025-09-22 09:15:00+00:00,1026.8221435546875,1027.3641357421875,1026.220947265625,1026.8929443359375,0
2025-09-22 09:30:00+00:00,1024.2799072265625,1027.1375732421875,1024.2457275390625,1027.1356201171875,0
2025-09-22 09:45:00+00:00,1018.72607421875,1024.0325927734375,1017.5502319335938,1024.0325927734375,18074112
2025-09-22 10:00:00+00:00,1020.2440185546875,1020.2794799804688,1017.3887329101562,1018.6783447265625,4078592
2025-09-22 10:15:00+00:00,1022.1527709960938,1022.1527709960938,1020.1611328125,1020.1909790039062,5816320
2025-09-22 10:30:00+00:00,1018.9409790039062,1022.1548461914062,1018.9409790039062,1022.0464477539062,0
2025-09-22 10:45:00+00:00,1024.115966796875,1024.397705078125,1018.821044921875,1018.9546508789062,15364608
2025-09-22 11:00:00+00:00,1022.5778198242188,1024.0107421875,1022.1473388671875,1024.0107421875,3185664
2025-09-22 11:15:00+00:00,1020.70166015625,1022.5145874023438,1020.427734375,1022.5145874023438,33056256
2025-09-22 11:30:00+00:00,1020.1238403320312,1021.0133056640625,1020.1238403320312,1020.6650390625,0
2025-09-22 11:45:00+00:00,1019.0208129882812,1020.779296875,1019.0208129882812,1020.1312866210938,0
2025-09-22 12:00:00+00:00,1020.7162475585938,1020.7162475585938,1018.527587890625,1019.1144409179688,320000
2025-09-22 12:15:00+00:00,1023.4498291015625,1023.4498291015625,1020.8338623046875,1020.8338623046875,12317696
2025-09-22 12:30:00+00:00,1020.427490234375,1023.635986328125,1020.349609375,1023.4910278320312,6447616
2025-09-22 12:45:00+00:00,1022.1719970703125,1022.3068237304688,1019.9361572265625,1020.1912231445312,0
2025-09-22 13:00:00+00:00,1023.974853515625,1023.974853515625,1021.734130859375,1022.320068359375,395776
2025-09-22 13:15:00+00:00,1026.9454345703125,1026.9454345703125,1024.15283203125,1024.15283203125,11557888
2025-09-22 13:30:00+00:00,1017.3219604492188,1026.975341796875,1017.3219604492188,1026.975341796875,22983680
2025-09-22 13:45:00+00:00,1020.1588745117188,1020.1588745117188,1016.7225952148438,1017.1151733398438,20844544
2025-09-22 14:00:00+00:00,1019.1541137695312,1021.8585205078125,1019.1541137695312,1020.6483764648438,17619456
2025-09-22 14:15:00+00:00,1009.5084228515625,1018.9151611328125,1009.4600830078125,1018.9151611328125,49633280
2025-09-22 14:30:00+00:00,1009.7860107421875,1011.017578125,1009.4081420898438,1009.625244140625,39876096
2025-09-22 14:45:00+00:00,1005.5015869140625,1009.510986328125,1004.5531005859375,1009.510986328125,10520576
2025-09-22 15:00:00+00:00,1003.8483276367188,1005.3536987304688,1002.2557373046875,1005.3536987304688,32195584
2025-09-22 15:15:00+00:00,1004.3018188476562,1005.0452880859375,1002.8824462890625,1003.9404907226562,13369856
2025-09-22 15:30:00+00:00,1001.9846801757812,1004.5473022460938,1001.9103393554688,1004.3671264648438,11056128
2025-09-22 15:45:00+00:00,999.3841552734375,1001.824462890625,998.0771484375,1001.824462890625,49414144
2025-09-22 16:00:00+00:00,997.6427612304688,999.0908813476562,996.9881591796875,999.0908813476562,15667712
2025-09-22 16:15:00+00:00,996.4373779296875,997.879638671875,995.8794555664062,997.6007690429688,3989504
2025-09-22 16:30:00+00:00,994.723388671875,996.80224609375,994.0138549804688,996.32861328125,45252608
2025-09-22 16:45:00+00:00,994.3525390625,995.4156494140625,994.3525390625,994.741943359375,3237376
2025-09-22 17:00:00+00:00,986.5177001953125,994.279296875,986.47998046875,994.279296875,37488128
2025-09-22 17:15:00+00:00,992.2772827148438,992.2919311523438,986.2095336914062,986.2095336914062,37424128
2025-09-22 17:30:00+00:00,993.3267822265625,993.3267822265625,990.2105102539062,992.1762084960938,29684736
2025-09-22 17:45:00+00:00,993.7300415039062,994.377197265625,993.258544921875,993.2875366210938,10754048
2025-09-22 18:00:00+00:00,993.888671875,994.4723510742188,992.802001953125,994.0862426757812,2918400
2025-09-22 18:15:00+00:00,992.0591430664062,993.8176879882812,992.0591430664062,993.8176879882812,1015808
2025-09-22 18:30:00+00:00,990.7086791992188,992.645263671875,990.7086791992188,992.1735229492188,1171968
2025-09-22 18:45:00+00:00,987.4354248046875,990.7152709960938,987.3771362304688,990.7152709960938,5887488
2025-09-22 19:00:00+00:00,986.4259033203125,987.9392700195312,986.352783203125,987.4759521484375,1986048
2025-09-22 19:15:00+00:00,986.5797729492188,987.7394409179688,986.5008544921875,986.5008544921875,5837824
2025-09-22 19:30:00+00:00,983.4866333007812,986.5752563476562,983.4553833007812,986.5752563476562,42976256
2025-09-22 19:45:00+00:00,978.8985595703125,983.3724975585938,978.8287353515625,983.3724975585938,29058560
2025-09-22 20:00:00+00:00,983.1505737304688,983.2200927734375,979.4412841796875,979.4412841796875,7545856
2025-09-22 20:15:00+00:00,983.4232177734375,983.4232177734375,982.7730712890625,983.05078125,0
2025-09-22 20:30:00+00:00,988.2673950195312,988.7738647460938,983.409423828125,983.409423828125,26586112
2025-09-22 20:45:00+00:00,989.0914306640625,989.118896484375,987.2313842773438,988.3191528320312,16020992
2025-09-22 21:00:00+00:00,986.259033203125,989.0,986.2527465820312,989.0,5143040
2025-09-22 21:15:00+00:00,988.0811767578125,988.0811767578125,986.105712890625,986.1742553710938,8678912
2025-09-22 21:30:00+00:00,990.5283813476562,990.562255859375,988.046875,988.0751342773438,3793408
2025-09-22 21:45:00+00:00,992.4849243164062,992.4849243164062,990.4591064453125,990.4591064453125,17207808
2025-09-22 22:00:00+00:00,991.2308349609375,992.5123901367188,991.2308349609375,992.5123901367188,26175488
2025-09-22 22:15:00+00:00,991.5585327148438,991.5585327148438,990.694091796875,991.1841430664062,328704
2025-09-22 22:30:00+00:00,992.4511108398438,992.4866943359375,991.5070190429688,991.5070190429688,0
2025-09-22 22:45:00+00:00,992.780517578125,993.2803344726562,992.2500610351562,992.658203125,2652160
2025-09-22 23:00:00+00:00,992.3884887695312,992.8460083007812,992.0963745117188,992.799072265625,0
2025-09-22 23:15:00+00:00,993.48095703125,993.48095703125,991.4662475585938,992.3495483398438,807936
2025-09-22 23:30:00+00:00,993.8096313476562,994.8287353515625,993.4766235351562,993.4766235351562,6214144
2025-09-22 23:45:00+00:00,992.86865234375,993.8709716796875,992.3702392578125,993.8709716796875,925184
2025-09-23 00:00:00+00:00,993.0140991210938,993.6753540039062,992.7020874023438,993.00048828125,505856
2025-09-23 00:15:00+00:00,997.325927734375,997.6278076171875,993.1174926757812,993.1174926757812,3315712
2025-09-23 00:30:00+00:00,996.4916381835938,997.4634399414062,996.475341796875,997.3787231445312,0
2025-09-23 00:45:00+00:00,992.9380493164062,996.499755859375,992.8900756835938,996.499755859375,0
2025-09-23 01:00:00+00:00,988.7158813476562,992.8801879882812,988.6519165039062,992.8801879882812,0
2025-09-23 01:15:00+00:00,991.4661865234375,991.5171508789062,988.7254638671875,988.728515625,0
2025-09-23 01:30:00+00:00,989.6220703125,992.1141357421875,989.6220703125,991.5634765625,0
2025-09-23 01:45:00+00:00,985.8406372070312,989.6088256835938,985.8406372070312,989.6088256835938,0
2025-09-23 02:00:00+00:00,986.6990966796875,986.9012451171875,983.7437133789062,985.4827880859375,2405376
2025-09-23 02:15:00+00:00,982.6568603515625,986.9442138671875,982.6568603515625,986.7052001953125,0
2025-09-23 02:30:00+00:00,979.5499877929688,982.5872192382812,979.5499877929688,982.5872192382812,365568
2025-09-23 02:45:00+00:00,973.7549438476562,979.378662109375,973.7549438476562,979.378662109375,23442944
2025-09-23 03:00:00+00:00,964.9254150390625,973.3867797851562,964.8151245117188,973.3867797851562,34867200
2025-09-23 03:15:00+00:00,979.4451293945312,979.4451293945312,965.8482055664062,965.8482055664062,68259328
2025-09-23 03:30:00+00:00,981.6091918945312,983.1346435546875,979.6475830078125,979.6475830078125,21884928
2025-09-23 03:45:00+00:00,983.5549926757812,983.7496337890625,981.4271850585938,981.4271850585938,0
2025-09-23 04:00:00+00:00,981.8377075195312,985.4879150390625,981.8377075195312,983.6754760742188,618496
2025-09-23 04:15:00+00:00,980.8915405273438,982.1469116210938,980.8915405273438,981.8573608398438,0
2025-09-23 04:30:00+00:00,983.0460205078125,983.110595703125,979.03759765625,980.920654296875,472064
2025-09-23 04:45:00+00:00,982.2734375,983.086669921875,981.4816284179688,983.086669921875,1638400
2025-09-23 05:00:00+00:00,982.610107421875,983.7376098632812,981.5240478515625,982.2583618164062,4024320
2025-09-23 05:15:00+00:00,985.3095092773438,985.5537719726562,982.5200805664062,982.5200805664062,8814080
2025-09-23 05:30:00+00:00,989.2349243164062,989.2349243164062,985.3380737304688,985.3380737304688,3549696
2025-09-23 05:45:00+00:00,988.36279296875,989.2225952148438,987.9706420898438,989.2225952148438,2273280
2025-09-23 06:00:00+00:00,994.7537841796875,994.8339233398438,988.4097290039062,988.4097290039062,0
2025-09-23 06:15:00+00:00,993.4852294921875,994.662109375,992.8585205078125,994.662109375,0
2025-09-23 06:30:00+00:00,995.0338745117188,995.883544921875,993.4805297851562,993.4805297851562,0
2025-09-23 06:45:00+00:00,997.736083984375,997.8301391601562,994.4816284179688,995.0946655273438,8922880
2025-09-23 07:00:00+00:00,998.4740600585938,998.4740600585938,996.4586791992188,996.9732055664062,3254528
2025-09-23 07:15:00+00:00,999.791259765625,1004.3558349609375,998.5718994140625,998.5718994140625,36216320
2025-09-23 07:30:00+00:00,1003.2034301757812,1005.13720703125,1000.31494140625,1000.31494140625,16003072
2025-09-23 07:45:00+00:00,1003.0543212890625,1003.7727661132812,1002.9309692382812,1002.9309692382812,7243264
2025-09-23 08:00:00+00:00,1007.232421875,1007.232421875,1002.7102661132812,1002.7102661132812,16735232
2025-09-23 08:15:00+00:00,1010.1124877929688,1012.732666015625,1007.2581176757812,1007.2581176757812,24676864
2025-09-23 08:30:00+00:00,1008.4707641601562,1010.0100708007812,1007.9006958007812,1010.0100708007812,211456
2025-09-23 08:45:00+00:00,1004.8969116210938,1008.1027221679688,1004.8969116210938,1008.1027221679688,6917120
2025-09-23 09:00:00+00:00,1007.5459594726562,1007.7476806640625,1004.0225830078125,1004.895751953125,7624192
2025-09-23 09:15:00+00:00,1003.7455444335938,1007.983154296875,1003.7455444335938,1007.7100219726562,0
2025-09-23 09:30:00+00:00,1003.837158203125,1004.1351318359375,1003.4213256835938,1003.9039306640625,448512
2025-09-23 09:45:00+00:00,1001.2717895507812,1004.0167846679688,1000.2227783203125,1003.84033203125,0
2025-09-23 10:00:00+00:00,999.5921020507812,1001.2194213867188,999.0989990234375,1001.2194213867188,0
2025-09-23 10:15:00+00:00,1002.5567626953125,1002.7658081054688,999.68798828125,999.68798828125,3013376
2025-09-23 10:30:00+00:00,1004.2918090820312,1004.9049682617188,1002.420166015625,1002.5202026367188,10622976
2025-09-23 10:45:00+00:00,1005.4725341796875,1006.0123901367188,1004.3919067382812,1004.3919067382812,0
2025-09-23 11:00:00+00:00,1003.5982055664062,1005.45068359375,1003.347412109375,1005.45068359375,718592
2025-09-23 11:15:00+00:00,1003.7735595703125,1004.785888671875,1003.6453247070312,1003.6453247070312,0
2025-09-23 11:30:00+00:00,1008.177001953125,1008.177001953125,1003.5199584960938,1003.7941284179688,5582592
2025-09-23 11:45:00+00:00,1009.6322021484375,1010.0817260742188,1008.4088745117188,1008.4088745117188,8654592
2025-09-23 12:00:00+00:00,1013.1362915039062,1013.1362915039062,1009.6217651367188,1009.6217651367188,24649728
2025-09-23 12:15:00+00:00,1012.1360473632812,1015.0985107421875,1012.1360473632812,1013.2686767578125,2644992
2025-09-23 12:30:00+00:00,1015.453125,1015.453125,1011.8016967773438,1011.8016967773438,15794176
2025-09-23 12:45:00+00:00,1019.4122314453125,1021.3970947265625,1015.4927368164062,1015.4927368164062,67740672
2025-09-23 13:00:00+00:00,1019.4735717773438,1019.51123046875,1016.5050659179688,1019.51123046875,16311808
2025-09-23 13:15:00+00:00,1020.7219848632812,1020.7219848632812,1018.2545166015625,1019.5031127929688,18442752
2025-09-23 13:30:00+00:00,1017.9710693359375,1021.782470703125,1017.9710693359375,1020.5704345703125,8217088
2025-09-23 13:45:00+00:00,1017.0859375,1018.7811889648438,1016.9097900390625,1018.1531982421875,3309568
2025-09-23 14:00:00+00:00,1020.9531860351562,1021.0593872070312,1017.3304443359375,1017.3304443359375,7762944
2025-09-23 14:15:00+00:00,1018.139892578125,1020.9483032226562,1018.0936889648438,1020.9483032226562,0
2025-09-23 14:30:00+00:00,1016.607666015625,1018.5320434570312,1015.2388305664062,1018.2080688476562,19651072
2025-09-23 14:45:00+00:00,1015.2442626953125,1016.5346069335938,1014.5748901367188,1016.5346069335938,3993088
2025-09-23 15:00:00+00:00,1017.8655395507812,1017.9030151367188,1011.4011840820312,1015.0272827148438,5855744
2025-09-23 15:15:00+00:00,1024.953125,1024.970947265625,1017.8776245117188,1017.8776245117188,33436160
2025-09-23 15:30:00+00:00,1022.9464111328125,1024.9049072265625,1022.78466796875,1024.9049072265625,1360384
2025-09-23 15:45:00+00:00,1022.8701171875,1025.79052734375,1022.7456665039062,1023.02392578125,2459136
2025-09-23 16:00:00+00:00,1021.3082885742188,1023.6366577148438,1021.2896118164062,1022.8929443359375,0
2025-09-23 16:15:00+00:00,1023.406982421875,1023.8447265625,1021.9097290039062,1021.9097290039062,113920
2025-09-23 16:30:00+00:00,1020.1533813476562,1023.357421875,1020.1533813476562,1023.357421875,0
2025-09-23 16:45:00+00:00,1025.8402099609375,1026.2174072265625,1020.2232666015625,1020.2232666015625,3372800
2025-09-23 17:00:00+00:00,1020.4278564453125,1025.70458984375,1020.4278564453125,1025.70458984375,0
2025-09-23 17:15:00+00:00,1021.2628173828125,1022.6689453125,1020.0254516601562,1020.3126831054688,0
2025-09-23 17:30:00+00:00,1017.8352661132812,1020.9564208984375,1017.8352661132812,1020.5912475585938,0
2025-09-23 17:45:00+00:00,1014.0154418945312,1019.2659301757812,1014.0154418945312,1017.7657470703125,8792576
2025-09-23 18:00:00+00:00,1014.8924560546875,1015.2498168945312,1014.0537719726562,1014.0537719726562,7600384
2025-09-23 18:15:00+00:00,1013.9528198242188,1016.0912475585938,1013.7579956054688,1015.0052490234375,7399936
2025-09-23 18:30:00+00:00,1011.3330688476562,1013.8028564453125,1011.282470703125,1013.8028564453125,1262336
2025-09-23 18:45:00+00:00,1010.0584716796875,1011.2354736328125,1008.8446655273438,1011.2354736328125,17310464
2025-09-23 19:00:00+00:00,1014.8209838867188,1014.8209838867188,1010.0709228515625,1010.0709228515625,2991616
2025-09-23 19:15:00+00:00,1013.8572998046875,1015.3312377929688,1013.8271484375,1015.001953125,3949824
2025-09-23 19:30:00+00:00,1010.7469482421875,1013.9063720703125,1010.7469482421875,1013.9063720703125,0
2025-09-23 19:45:00+00:00,1008.6568603515625,1010.6878662109375,1007.8626098632812,1010.6878662109375,0
2025-09-23 20:00:00+00:00,1011.6617431640625,1011.809326171875,1009.3362426757812,1009.3362426757812,272128
2025-09-23 20:15:00+00:00,1009.785400390625,1011.6753540039062,1009.785400390625,1011.5148315429688,783872
2025-09-23 20:30:00+00:00,1012.66259765625,1012.66259765625,1009.3609619140625,1009.3609619140625,209920
2025-09-23 20:45:00+00:00,1013.6079711914062,1013.817626953125,1012.7587890625,1012.7587890625,1269760
2025-09-23 21:00:00+00:00,1015.0901489257812,1015.0901489257812,1013.7338256835938,1013.7338256835938,0
2025-09-23 21:15:00+00:00,1016.1415405273438,1016.1415405273438,1013.8956298828125,1014.9251708984375,2757120
2025-09-23 21:30:00+00:00,1019.2005004882812,1019.6531372070312,1017.2862548828125,1017.2978515625,3959040
2025-09-23 21:45:00+00:00,1019.6027221679688,1019.6027221679688,1017.8839111328125,1019.1392822265625,0
2025-09-23 22:00:00+00:00,1019.1700439453125,1020.3187866210938,1018.5556640625,1019.790283203125,5972992
2025-09-23 22:15:00+00:00,1017.2289428710938,1019.143798828125,1017.2289428710938,1019.143798828125,1020928
2025-09-23 22:30:00+00:00,1018.18408203125,1018.18408203125,1016.1085815429688,1017.1478881835938,1026304
2025-09-23 22:45:00+00:00,1017.2174072265625,1019.0488891601562,1017.2174072265625,1018.19091796875,0
2025-09-23 23:00:00+00:00,1017.7758178710938,1018.2359619140625,1016.4110107421875,1017.2203979492188,4096512
2025-09-23 23:15:00+00:00,1013.8614501953125,1017.9072875976562,1013.8614501953125,1017.7394409179688,635904
2025-09-23 23:30:00+00:00,1015.927001953125,1016.1821899414062,1013.0469970703125,1013.6356811523438,48640
2025-09-23 23:45:00+00:00,1016.998291015625,1017.906982421875,1015.927490234375,1015.927490234375,2198272
2025-09-24 00:00:00+00:00,1016.38818359375,1017.6217041015625,1015.81787109375,1017.0181274414062,8732160
2025-09-24 00:15:00+00:00,1021.6981811523438,1023.6394653320312,1016.4956665039062,1016.4956665039062,28591872
2025-09-24 00:30:00+00:00,1020.3042602539062,1021.653076171875,1019.8584594726562,1021.653076171875,234496
2025-09-24 00:45:00+00:00,1017.6903076171875,1021.1707153320312,1017.6903076171875,1020.3626098632812,1608704
2025-09-24 01:00:00+00:00,1020.1176147460938,1020.2822265625,1016.9747924804688,1017.6697387695312,3926784
2025-09-24 01:15:00+00:00,1022.61572265625,1022.61572265625,1020.2025756835938,1020.2025756835938,3493376
2025-09-24 01:30:00+00:00,1024.9185791015625,1025.455322265625,1022.573486328125,1022.573486328125,16420864
2025-09-24 01:45:00+00:00,1024.769287109375,1025.34326171875,1024.05126953125,1024.8319091796875,1778688
2025-09-24 02:00:00+00:00,1022.0949096679688,1024.7001953125,1022.0949096679688,1024.7001953125,0
2025-09-24 02:15:00+00:00,1019.3187866210938,1021.929443359375,1017.2133178710938,1021.929443359375,7439872
2025-09-24 02:30:00+00:00,1018.4346923828125,1019.5958251953125,1017.8215942382812,1019.3890380859375,0
2025-09-24 02:45:00+00:00,1018.5083618164062,1019.218505859375,1017.7451782226562,1018.4327392578125,22350848
2025-09-24 03:00:00+00:00,1018.9609375,1021.1361083984375,1018.4080200195312,1018.4080200195312,0
2025-09-24 03:15:00+00:00,1016.7811279296875,1019.934814453125,1016.7811279296875,1018.9492797851562,0
2025-09-24 03:30:00+00:00,1011.3977661132812,1016.3052368164062,1011.3074951171875,1016.3052368164062,15095040
2025-09-24 03:45:00+00:00,1003.9528198242188,1011.314697265625,1003.9528198242188,1011.314697265625,27785472
2025-09-24 04:00:00+00:00,996.14697265625,1003.9779663085938,995.7184448242188,1003.9779663085938,38330112
2025-09-24 04:15:00+00:00,1000.396484375,1000.396484375,996.3531494140625,996.3531494140625,44478464
2025-09-24 04:30:00+00:00,1010.6386108398438,1010.6386108398438,1006.9049682617188,1007.4547119140625,34700800
2025-09-24 04:45:00+00:00,1007.9195556640625,1010.369384765625,1007.7100830078125,1010.369384765625,4328960
2025-09-24 05:00:00+00:00,1010.1890869140625,1010.467529296875,1008.1068725585938,1008.1068725585938,9148928
2025-09-24 05:15:00+00:00,1015.4577026367188,1015.4625244140625,1010.0210571289062,1010.193359375,11113984
2025-09-24 05:30:00+00:00,1011.8856201171875,1015.3192749023438,1011.8856201171875,1015.3192749023438,15311360
2025-09-24 05:45:00+00:00,1014.4581909179688,1014.482421875,1011.1204833984375,1011.8428344726562,10418176
2025-09-24 06:00:00+00:00,1015.9439086914062,1016.0586547851562,1014.3223266601562,1014.4611206054688,0
2025-09-24 06:15:00+00:00,1012.899658203125,1015.969482421875,1012.2730102539062,1015.969482421875,0
2025-09-24 06:30:00+00:00,1014.7650146484375,1015.02880859375,1012.9807739257812,1012.9807739257812,0
2025-09-24 06:45:00+00:00,1017.3258666992188,1018.047607421875,1014.857177734375,1014.857177734375,1134080
2025-09-24 07:00:00+00:00,1016.7697143554688,1017.8764038085938,1016.35791015625,1017.8764038085938,0
2025-09-24 07:15:00+00:00,1016.099609375,1017.4338989257812,1016.099609375,1016.7247314453125,0
2025-09-24 07:30:00+00:00,1017.7133178710938,1017.7593383789062,1016.0596923828125,1016.1084594726562,0
2025-09-24 07:45:00+00:00,1017.5906982421875,1018.4490356445312,1017.3787231445312,1017.6859741210938,0
2025-09-24 08:00:00+00:00,1019.0023803710938,1019.3847045898438,1018.1366577148438,1018.1487426757812,0
2025-09-24 08:15:00+00:00,1019.1741333007812,1019.9996337890625,1018.858154296875,1019.130126953125,0
2025-09-24 08:30:00+00:00,1020.52587890625,1020.52587890625,1019.31396484375,1019.319580078125,0
2025-09-24 08:45:00+00:00,1026.3023681640625,1026.3023681640625,1020.8341674804688,1020.8341674804688,27964160
2025-09-24 09:00:00+00:00,1023.746826171875,1026.2225341796875,1023.5162353515625,1026.059326171875,3716864
2025-09-24 09:15:00+00:00,1026.3651123046875,1026.3651123046875,1023.86669921875,1023.86669921875,4136192
2025-09-24 09:30:00+00:00,1033.8272705078125,1033.8653564453125,1026.44775390625,1026.44775390625,39947008
2025-09-24 09:45:00+00:00,1032.01513671875,1034.0010986328125,1031.326416015625,1033.8468017578125,11240192
2025-09-24 10:00:00+00:00,1026.411865234375,1032.3599853515625,1026.411865234375,1032.0362548828125,38881792
2025-09-24 10:15:00+00:00,1021.5664672851562,1026.690185546875,1021.5664672851562,1026.4183349609375,20430080
2025-09-24 10:30:00+00:00,1023.3057250976562,1024.001220703125,1021.6793823242188,1021.7718505859375,6358784
2025-09-24 10:45:00+00:00,1024.227294921875,1024.357666015625,1022.9043579101562,1023.3118896484375,2694400
2025-09-24 11:00:00+00:00,1022.419677734375,1024.0792236328125,1022.419677734375,1024.0792236328125,3246336
2025-09-24 11:15:00+00:00,1019.29443359375,1022.7275390625,1019.29443359375,1022.4066162109375,12890624
2025-09-24 11:30:00+00:00,1014.21533203125,1019.311767578125,1014.21533203125,1019.311767578125,25629184
2025-09-24 11:45:00+00:00,1014.4622802734375,1014.4622802734375,1013.5767822265625,1014.2440795898438,7240448
2025-09-24 12:00:00+00:00,1016.7572631835938,1017.9468994140625,1014.5458984375,1014.5458984375,0
2025-09-24 12:15:00+00:00,1016.7673950195312,1016.7673950195312,1015.7183227539062,1016.6737060546875,0
2025-09-24 12:30:00+00:00,1018.2293090820312,1018.30419921875,1016.7383422851562,1016.7383422851562,0
2025-09-24 12:45:00+00:00,1017.4562377929688,1018.281494140625,1016.9242553710938,1018.1906127929688,0
2025-09-24 13:00:00+00:00,1017.304443359375,1017.9517822265625,1017.304443359375,1017.3410034179688,0
2025-09-24 13:15:00+00:00,1017.235595703125,1017.302734375,1015.8734741210938,1017.302734375,0
2025-09-24 13:30:00+00:00,1017.0291137695312,1017.0414428710938,1015.5503540039062,1017.0414428710938,0
2025-09-24 13:45:00+00:00,1010.8911743164062,1016.8888549804688,1010.8911743164062,1016.8049926757812,12578304
2025-09-24 14:00:00+00:00,1011.925048828125,1012.2425537109375,1010.027099609375,1010.027099609375,10719232
2025-09-24 14:15:00+00:00,1013.5266723632812,1014.56884765625,1012.14794921875,1012.14794921875,6597120
2025-09-24 14:30:00+00:00,1015.8471069335938,1015.8471069335938,1013.6350708007812,1013.6350708007812,0
2025-09-24 14:45:00+00:00,1018.9137573242188,1020.042724609375,1015.9549560546875,1015.9549560546875,23928064
2025-09-24 15:00:00+00:00,1015.0830688476562,1018.7042846679688,1015.0830688476562,1018.7042846679688,2728448
2025-09-24 15:15:00+00:00,1016.5934448242188,1017.1597900390625,1015.1397094726562,1015.1397094726562,0
2025-09-24 15:30:00+00:00,1014.9962158203125,1016.5568237304688,1014.9962158203125,1016.5568237304688,0
2025-09-24 15:45:00+00:00,1011.3314208984375,1015.1072387695312,1011.317626953125,1015.0082397460938,0
2025-09-24 16:00:00+00:00,1010.879638671875,1011.1043090820312,1010.0655517578125,1010.0655517578125,428032
2025-09-24 16:15:00+00:00,1013.1484985351562,1013.1956176757812,1011.02001953125,1011.02001953125,8976896
2025-09-24 16:30:00+00:00,1015.2651977539062,1015.4322509765625,1013.1575927734375,1013.1575927734375,0
2025-09-24 16:45:00+00:00,1013.4353637695312,1015.1975708007812,1013.3527221679688,1015.1975708007812,5294592
2025-09-24 17:00:00+00:00,1016.8443603515625,1016.8443603515625,1013.551513671875,1013.551513671875,2390528
2025-09-24 17:15:00+00:00,1018.4564819335938,1018.4564819335938,1017.1092529296875,1017.1092529296875,5594624
2025-09-24 17:30:00+00:00,1019.07666015625,1019.53173828125,1018.4990234375,1018.4990234375,0
2025-09-24 17:45:00+00:00,1017.2384033203125,1019.0200805664062,1016.651123046875,1019.0200805664062,0
2025-09-24 18:00:00+00:00,1016.5215454101562,1017.5125122070312,1016.5215454101562,1017.2525024414062,0
2025-09-24 18:15:00+00:00,1015.8850708007812,1016.8508911132812,1015.4453735351562,1016.6017456054688,0
2025-09-24 18:30:00+00:00,1015.0131225585938,1015.7604370117188,1014.7725219726562,1015.7604370117188,0
2025-09-24 18:45:00+00:00,1016.2268676757812,1016.2268676757812,1015.076904296875,1015.0924072265625,0
2025-09-24 19:00:00+00:00,1015.698974609375,1016.3272705078125,1015.698974609375,1016.2091674804688,0
2025-09-24 19:15:00+00:00,1015.8824462890625,1015.8824462890625,1014.8873291015625,1015.6771850585938,0
2025-09-24 19:30:00+00:00,1015.296875,1015.8088989257812,1015.232421875,1015.7252807617188,0
2025-09-24 19:45:00+00:00,1016.7767944335938,1017.0651245117188,1015.4241333007812,1015.4241333007812,0
2025-09-24 20:00:00+00:00,1015.6649780273438,1016.5804443359375,1015.0115356445312,1016.5804443359375,0
2025-09-24 20:15:00+00:00,1018.160888671875,1018.160888671875,1015.7105102539062,1015.7105102539062,508160
2025-09-24 20:30:00+00:00,1016.577392578125,1018.04541015625,1016.3931274414062,1018.04541015625,0
2025-09-24 20:45:00+00:00,1018.5361938476562,1018.55615234375,1016.6234130859375,1016.6234130859375,103424
2025-09-24 21:00:00+00:00,1018.2293090820312,1018.4877319335938,1017.8477783203125,1018.4674072265625,0
2025-09-24 21:15:00+00:00,1017.4745483398438,1018.4003295898438,1017.4745483398438,1018.2454833984375,0
2025-09-24 21:30:00+00:00,1016.17431640625,1017.4686279296875,1015.8551635742188,1017.4686279296875,0
2025-09-24 21:45:00+00:00,1015.5628051757812,1016.3541870117188,1015.5628051757812,1016.1767578125,125696
2025-09-24 22:00:00+00:00,1017.1738891601562,1017.1738891601562,1014.5922241210938,1014.5922241210938,4378368
2025-09-24 22:15:00+00:00,1016.6409301757812,1017.5259399414062,1016.496826171875,1017.1454467773438,1653248
2025-09-24 22:30:00+00:00,1018.4942626953125,1018.4942626953125,1016.779541015625,1016.779541015625,3284224
2025-09-24 22:45:00+00:00,1018.0127563476562,1019.281005859375,1017.5109252929688,1018.4021606445312,10305792
2025-09-24 23:00:00+00:00,1018.0496215820312,1019.3307495117188,1017.5753173828125,1018.1695556640625,4532480
2025-09-24 23:15:00+00:00,1017.4927978515625,1018.4306030273438,1017.251220703125,1018.1229248046875,878080
2025-09-24 23:30:00+00:00,1017.3440551757812,1017.6173095703125,1016.8947143554688,1017.4581298828125,0
2025-09-24 23:45:00+00:00,1018.7796630859375,1018.7796630859375,1016.814453125,1017.3502807617188,12356096
2025-09-25 00:00:00+00:00,1019.8106689453125,1019.8106689453125,1018.6843872070312,1018.8875122070312,879872
2025-09-25 00:15:00+00:00,1016.8424682617188,1019.7940063476562,1016.7100830078125,1019.7940063476562,0
2025-09-25 00:30:00+00:00,1018.4803466796875,1018.5457763671875,1016.585205078125,1016.6953735351562,4670208
2025-09-25 00:45:00+00:00,1017.475341796875,1018.3699951171875,1016.73779296875,1018.3699951171875,4446464
2025-09-25 01:00:00+00:00,1015.143310546875,1017.3616333007812,1014.5286865234375,1017.3616333007812,3974400
2025-09-25 01:15:00+00:00,1010.8798217773438,1014.9217529296875,1010.8798217773438,1014.9217529296875,10717952
2025-09-25 01:30:00+00:00,1004.8732299804688,1010.9522094726562,1004.7608032226562,1010.9522094726562,44295424
2025-09-25 01:45:00+00:00,1004.9995727539062,1007.2323608398438,1004.9242553710938,1006.2609252929688,22092032
2025-09-25 02:00:00+00:00,1008.83154296875,1009.1212158203125,1005.31884765625,1005.31884765625,13593600
2025-09-25 02:15:00+00:00,1007.2034912109375,1009.2575073242188,1005.0725708007812,1008.806884765625,8115200
2025-09-25 02:30:00+00:00,1010.501708984375,1013.5430908203125,1007.0515747070312,1007.0515747070312,22874880
2025-09-25 02:45:00+00:00,1010.6432495117188,1011.5101928710938,1010.2091674804688,1010.48876953125,0
2025-09-25 03:00:00+00:00,1004.923583984375,1010.5422973632812,1004.923583984375,1010.5422973632812,0
2025-09-25 03:15:00+00:00,1001.1792602539062,1005.0045166015625,1001.1792602539062,1005.0045166015625,12235008
2025-09-25 03:30:00+00:00,999.181640625,1001.0326538085938,999.1661376953125,1001.0326538085938,0
2025-09-25 03:45:00+00:00,999.3428955078125,999.3428955078125,997.6792602539062,999.2206420898438,0
2025-09-25 04:00:00+00:00,997.2991333007812,999.6395874023438,997.2991333007812,999.6395874023438,0
2025-09-25 04:15:00+00:00,994.67822265625,997.310546875,993.4861450195312,997.310546875,14868480
2025-09-25 04:30:00+00:00,988.9244995117188,994.5006103515625,988.83349609375,994.48974609375,751872
2025-09-25 04:45:00+00:00,988.8359985351562,992.2782592773438,987.9530029296875,989.4287719726562,27004928
2025-09-25 05:00:00+00:00,994.3421020507812,994.439453125,989.0343627929688,989.0343627929688,18449920
2025-09-25 05:15:00+00:00,996.8507690429688,997.3013916015625,994.157470703125,994.3060913085938,7330816
2025-09-25 05:30:00+00:00,995.4118041992188,995.6329956054688,994.720458984375,995.5631103515625,0
2025-09-25 05:45:00+00:00,997.3733520507812,997.4237060546875,994.91455078125,995.4094848632812,0
2025-09-25 06:00:00+00:00,993.3480224609375,997.3140869140625,993.3480224609375,997.3140869140625,0
2025-09-25 06:15:00+00:00,992.8035888671875,993.909423828125,991.3766479492188,993.2306518554688,10728448
2025-09-25 06:30:00+00:00,992.514404296875,994.361328125,992.514404296875,992.9440307617188,0
2025-09-25 06:45:00+00:00,989.5624389648438,992.2745971679688,989.5624389648438,992.2745971679688,42752
2025-09-25 07:00:00+00:00,989.8414306640625,989.8607177734375,988.2025146484375,989.5277099609375,13957632
2025-09-25 07:15:00+00:00,991.7942504882812,992.07958984375,989.708251953125,989.708251953125,6059008
2025-09-25 07:30:00+00:00,993.2011108398438,993.23291015625,991.7725219726562,991.7725219726562,3013632
2025-09-25 07:45:00+00:00,992.4522094726562,993.5718383789062,992.4522094726562,993.2481079101562,2968064
2025-09-25 08:00:00+00:00,994.3359985351562,994.6830444335938,992.5640258789062,992.5640258789062,295424
2025-09-25 08:15:00+00:00,995.1280517578125,995.1280517578125,994.3599243164062,994.8892822265625,0
2025-09-25 08:30:00+00:00,993.0355834960938,995.9264526367188,993.0355834960938,995.9264526367188,0
2025-09-25 08:45:00+00:00,989.8154296875,993.1237182617188,989.7123413085938,993.1237182617188,0
2025-09-25 09:00:00+00:00,993.4303588867188,993.4303588867188,989.974365234375,989.974365234375,0
2025-09-25 09:15:00+00:00,995.106689453125,995.5123291015625,993.4698486328125,993.4698486328125,1699328
2025-09-25 09:30:00+00:00,993.4356079101562,995.4854736328125,993.4356079101562,994.4703979492188,0
2025-09-25 09:45:00+00:00,989.9596557617188,993.394287109375,989.9596557617188,993.394287109375,0
2025-09-25 10:00:00+00:00,989.4160766601562,990.0254516601562,989.04248046875,990.0254516601562,0
2025-09-25 10:15:00+00:00,988.9141845703125,989.9850463867188,988.9141845703125,989.9017333984375,0
2025-09-25 10:30:00+00:00,986.4222412109375,988.7710571289062,986.4185180664062,988.7710571289062,0
2025-09-25 10:45:00+00:00,983.7427978515625,986.0427856445312,983.38818359375,986.0427856445312,7139584
2025-09-25 11:00:00+00:00,982.6488647460938,984.9124145507812,982.6488647460938,983.6985473632812,0
2025-09-25 11:15:00+00:00,984.4229125976562,984.4229125976562,982.3086547851562,982.7107543945312,5664512
2025-09-25 11:30:00+00:00,987.1984252929688,987.1984252929688,984.6400146484375,984.6400146484375,0
2025-09-25 11:45:00+00:00,985.404296875,986.4959716796875,984.6525268554688,986.4959716796875,0
2025-09-25 12:00:00+00:00,988.0167236328125,988.0167236328125,985.5568237304688,985.5568237304688,0
2025-09-25 12:15:00+00:00,987.8572387695312,988.4732055664062,987.39892578125,988.2073974609375,6475264
2025-09-25 12:30:00+00:00,988.2918701171875,989.1702880859375,984.5693359375,987.813232421875,53950208
2025-09-25 12:45:00+00:00,990.4951171875,992.447509765625,989.2243041992188,989.2243041992188,38067456
2025-09-25 13:00:00+00:00,987.9131469726562,990.41748046875,987.0198974609375,990.41748046875,23815680
2025-09-25 13:15:00+00:00,993.6455078125,993.8350830078125,990.07080078125,990.07080078125,29263616
2025-09-25 13:30:00+00:00,989.382080078125,994.4027099609375,989.382080078125,993.6695556640625,16059904
2025-09-25 13:45:00+00:00,990.1353759765625,991.5215454101562,988.6115112304688,988.6115112304688,28350720
2025-09-25 14:00:00+00:00,994.610595703125,995.0079345703125,990.2489013671875,990.2489013671875,9039872
2025-09-25 14:15:00+00:00,998.5394897460938,999.8232421875,995.9179077148438,995.9179077148438,21711104
2025-09-25 14:30:00+00:00,996.40771484375,998.5958251953125,996.40771484375,998.5382080078125,7050752
2025-09-25 14:45:00+00:00,996.1600341796875,997.3245239257812,995.7906494140625,996.4365234375,0
2025-09-25 15:00:00+00:00,993.7691650390625,996.3487548828125,993.660400390625,996.2058715820312,0
2025-09-25 15:15:00+00:00,989.796630859375,993.8786010742188,989.796630859375,993.645263671875,5278208
2025-09-25 15:30:00+00:00,994.4192504882812,994.4192504882812,989.92578125,989.92578125,18146560
2025-09-25 15:45:00+00:00,994.1337280273438,996.0234375,993.8146362304688,994.4571533203125,7521280
2025-09-25 16:00:00+00:00,995.7893676757812,996.6068725585938,994.3880615234375,994.3880615234375,7451904
2025-09-25 16:15:00+00:00,992.539794921875,994.8165893554688,992.43701171875,994.8165893554688,691968
2025-09-25 16:30:00+00:00,990.4568481445312,992.7311401367188,990.4568481445312,992.266357421875,23956992
2025-09-25 16:45:00+00:00,981.0648803710938,990.5994873046875,980.8323364257812,990.4598999023438,64018432
2025-09-25 17:00:00+00:00,971.5726928710938,981.379150390625,971.5726928710938,981.379150390625,93735424
2025-09-25 17:15:00+00:00,969.284912109375,971.448486328125,966.53759765625,971.448486328125,234060288
2025-09-25 17:30:00+00:00,961.4711303710938,967.9627075195312,961.4711303710938,967.9627075195312,121999616
2025-09-25 17:45:00+00:00,955.1180419921875,960.3283081054688,955.1180419921875,960.3283081054688,134924800
2025-09-25 18:00:00+00:00,958.3759155273438,959.772216796875,955.620849609375,955.620849609375,66693632
2025-09-25 18:15:00+00:00,964.9724731445312,964.9724731445312,959.1578369140625,959.1578369140625,48564224
2025-09-25 18:30:00+00:00,966.376953125,966.376953125,964.228759765625,964.9338989257812,26410240
2025-09-25 18:45:00+00:00,967.7837524414062,967.7837524414062,965.4588623046875,966.1968994140625,26597888
2025-09-25 19:00:00+00:00,965.9796752929688,968.4077758789062,965.9796752929688,967.7256469726562,10252288
2025-09-25 19:15:00+00:00,966.9078979492188,967.061767578125,965.1400146484375,965.1400146484375,12307968
2025-09-25 19:30:00+00:00,964.43408203125,967.1240234375,964.1624145507812,966.9591674804688,12637184
2025-09-25 19:45:00+00:00,959.2763061523438,963.994140625,959.2763061523438,963.994140625,24455168
2025-09-25 20:00:00+00:00,956.7570190429688,959.2301025390625,956.755126953125,959.2301025390625,16940032
2025-09-25 20:15:00+00:00,959.5418090820312,960.7691040039062,956.5294799804688,956.5294799804688,20422144
2025-09-25 20:30:00+00:00,955.8298950195312,959.5252075195312,955.8298950195312,959.5252075195312,9954304
2025-09-25 20:45:00+00:00,953.7957763671875,957.8209838867188,953.7957763671875,955.9862060546875,18866176
2025-09-25 21:00:00+00:00,958.2737426757812,958.2737426757812,953.4772338867188,953.702392578125,23111680
2025-09-25 21:15:00+00:00,956.4129028320312,958.0367431640625,956.4129028320312,957.5150146484375,10318848
2025-09-25 21:30:00+00:00,950.0462036132812,956.300048828125,950.000732421875,956.300048828125,22813696
2025-09-25 21:45:00+00:00,954.3921508789062,954.7659301757812,950.2879028320312,950.2879028320312,9402880
2025-09-25 22:00:00+00:00,954.3956909179688,954.5639038085938,951.0020751953125,954.5399780273438,7404544
2025-09-25 22:15:00+00:00,954.97900390625,957.2388916015625,954.8478393554688,954.8478393554688,5014528
2025-09-25 22:30:00+00:00,953.5475463867188,955.0090942382812,953.5475463867188,954.2415161132812,13095424
2025-09-25 22:45:00+00:00,947.6905517578125,953.54931640625,947.6905517578125,953.54931640625,23437824
2025-09-25 23:00:00+00:00,949.634521484375,950.2300415039062,946.5721435546875,947.51708984375,26780672
2025-09-25 23:15:00+00:00,945.5985717773438,949.6156616210938,945.2008666992188,949.6156616210938,27743744
2025-09-25 23:30:00+00:00,944.1093139648438,946.3212280273438,943.3347778320312,945.7137451171875,54489088
2025-09-25 23:45:00+00:00,945.662353515625,946.1032104492188,944.44970703125,944.6513061523438,24492544
2025-09-26 00:00:00+00:00,951.8489990234375,951.8919067382812,945.754638671875,945.754638671875,19037696
2025-09-26 00:15:00+00:00,952.8418579101562,952.8418579101562,950.991943359375,951.0258178710938,21661184
2025-09-26 00:30:00+00:00,948.645751953125,952.648681640625,948.645751953125,952.6286010742188,2302464
2025-09-26 00:45:00+00:00,954.7911987304688,954.9186401367188,946.2257690429688,948.609130859375,16536064
2025-09-26 01:00:00+00:00,955.2869873046875,956.0279541015625,954.4918212890625,954.7935180664062,3122688
2025-09-26 01:15:00+00:00,957.0645751953125,957.8967895507812,956.96533203125,957.34423828125,11184640
2025-09-26 01:30:00+00:00,954.3380737304688,957.255859375,954.2608032226562,956.9793701171875,0
2025-09-26 01:45:00+00:00,952.5902709960938,955.7100830078125,952.5468139648438,954.3453369140625,0
2025-09-26 02:00:00+00:00,951.821044921875,955.1931762695312,951.7611083984375,952.7351684570312,552448
2025-09-26 02:15:00+00:00,949.922119140625,951.8880004882812,949.922119140625,951.879150390625,660992
2025-09-26 02:30:00+00:00,949.4854736328125,950.57763671875,948.9815063476562,949.8681640625,252416
2025-09-26 02:45:00+00:00,946.3944091796875,952.9056396484375,946.3944091796875,949.7982788085938,46846976
2025-09-26 03:00:00+00:00,943.4735717773438,945.512939453125,942.1875,945.3491821289062,7399424
2025-09-26 03:15:00+00:00,945.1739501953125,947.1204223632812,943.4915771484375,943.4915771484375,10026496
2025-09-26 03:30:00+00:00,944.6766967773438,945.1590576171875,943.8085327148438,945.1590576171875,0
2025-09-26 03:45:00+00:00,946.1485595703125,946.1485595703125,944.3931274414062,944.7413330078125,51200
2025-09-26 04:00:00+00:00,945.1962280273438,946.1176147460938,944.153076171875,946.0756225585938,5919744
2025-09-26 04:15:00+00:00,945.2095947265625,946.7896728515625,944.4754638671875,944.5170288085938,0
2025-09-26 04:30:00+00:00,937.870361328125,944.9835205078125,937.870361328125,944.9835205078125,4088320
2025-09-26 04:45:00+00:00,938.7254028320312,939.1810302734375,938.0230712890625,938.0230712890625,0
2025-09-26 05:00:00+00:00,941.1975708007812,941.2052001953125,938.6968383789062,938.741455078125,3078144
2025-09-26 05:15:00+00:00,942.72021484375,943.5657348632812,941.11328125,941.11328125,1520640
2025-09-26 05:30:00+00:00,940.2246704101562,942.8827514648438,940.2246704101562,942.7130737304688,561152
2025-09-26 05:45:00+00:00,940.0997924804688,940.8475341796875,938.3555297851562,940.2500610351562,9267200
2025-09-26 06:00:00+00:00,938.1622314453125,940.0693359375,938.024169921875,940.0693359375,9469440
2025-09-26 06:15:00+00:00,945.0640258789062,945.0640258789062,938.7841796875,938.7841796875,6469120
2025-09-26 06:30:00+00:00,946.4710693359375,946.4710693359375,943.85595703125,944.8052978515625,5618688
2025-09-26 06:45:00+00:00,944.4977416992188,946.584716796875,944.2677612304688,946.2960815429688,3346944
2025-09-26 07:00:00+00:00,947.8377685546875,947.8377685546875,944.3334350585938,944.4954223632812,4529152
2025-09-26 07:15:00+00:00,948.3048095703125,949.7066040039062,947.864990234375,947.864990234375,1839616
2025-09-26 07:30:00+00:00,946.4002685546875,948.2886962890625,945.0945434570312,948.2886962890625,6048768
2025-09-26 07:45:00+00:00,948.8108520507812,949.1559448242188,946.4063720703125,946.4520263671875,18291712
2025-09-26 08:00:00+00:00,950.0957641601562,950.5083618164062,948.7622680664062,948.7622680664062,5279232
2025-09-26 08:15:00+00:00,949.4202270507812,950.5721435546875,949.263671875,950.2455444335938,1396736
2025-09-26 08:30:00+00:00,948.704345703125,950.5618286132812,948.619384765625,949.6305541992188,3439616
2025-09-26 08:45:00+00:00,948.86181640625,949.1589965820312,948.6414794921875,948.9658813476562,7963136
2025-09-26 09:00:00+00:00,948.345458984375,948.7489013671875,947.6422729492188,948.7489013671875,3085312
2025-09-26 09:15:00+00:00,945.6666870117188,949.6241455078125,945.6666870117188,948.5210571289062,6784000
2025-09-26 09:30:00+00:00,940.4509887695312,945.758544921875,940.4224853515625,945.758544921875,26387968
2025-09-26 09:45:00+00:00,944.6631469726562,944.72314453125,940.5471801757812,940.5471801757812,30517248
2025-09-26 10:00:00+00:00,940.8850708007812,945.0931396484375,940.8850708007812,945.0931396484375,10639872
2025-09-26 10:15:00+00:00,939.1035766601562,940.9730224609375,939.1035766601562,940.9730224609375,6758400
2025-09-26 10:30:00+00:00,938.9990844726562,939.1193237304688,937.7589111328125,938.6132202148438,2470400
2025-09-26 10:45:00+00:00,938.5718994140625,938.855224609375,937.18212890625,938.855224609375,6112256
2025-09-26 11:00:00+00:00,933.7276000976562,938.4783325195312,933.7276000976562,938.4783325195312,9481216
2025-09-26 11:15:00+00:00,936.1000366210938,936.1000366210938,933.7462158203125,933.7572631835938,5883904
2025-09-26 11:30:00+00:00,940.0791625976562,940.1444091796875,936.0935668945312,936.0935668945312,5027328
2025-09-26 11:45:00+00:00,938.9556884765625,940.8285522460938,938.9556884765625,939.9149169921875,1725952
2025-09-26 12:00:00+00:00,934.4042358398438,938.9202270507812,934.4042358398438,938.9202270507812,6839296
2025-09-26 12:15:00+00:00,936.1983642578125,936.1983642578125,933.6514282226562,934.3271484375,10119680
2025-09-26 12:30:00+00:00,946.441650390625,947.054931640625,937.5135498046875,937.5135498046875,24437760
2025-09-26 12:45:00+00:00,947.8173828125,948.1494750976562,946.661376953125,947.3073120117188,10612224
2025-09-26 13:00:00+00:00,946.1902465820312,947.9876708984375,946.1800537109375,947.5422973632812,0
2025-09-26 13:15:00+00:00,945.19140625,947.1275024414062,944.7943115234375,946.2376708984375,50176
2025-09-26 13:30:00+00:00,947.61181640625,947.9415893554688,944.2171020507812,945.2048950195312,4304896
2025-09-26 13:45:00+00:00,950.4522094726562,950.5889892578125,947.2022705078125,947.5300903320312,25573888
2025-09-26 14:00:00+00:00,945.8782958984375,950.4176025390625,945.8782958984375,950.4176025390625,1822208
2025-09-26 14:15:00+00:00,939.8994750976562,945.7486572265625,939.6915283203125,945.7486572265625,0
2025-09-26 14:30:00+00:00,939.4181518554688,940.1046142578125,937.8469848632812,940.1046142578125,10017280
2025-09-26 14:45:00+00:00,939.5870361328125,939.8365478515625,939.0314331054688,939.261474609375,3222016
2025-09-26 15:00:00+00:00,940.5319213867188,942.14013671875,938.7499389648438,938.7499389648438,3806208
2025-09-26 15:15:00+00:00,941.9542846679688,943.531982421875,940.0018310546875,940.5538940429688,12894208
2025-09-26 15:30:00+00:00,943.5689086914062,943.5689086914062,941.9717407226562,942.3092651367188,5750784
2025-09-26 15:45:00+00:00,942.8157348632812,943.9886474609375,942.630615234375,943.64453125,0
2025-09-26 16:00:00+00:00,946.885009765625,946.885009765625,942.6607666015625,942.908203125,4228096
2025-09-26 16:15:00+00:00,950.1756591796875,951.2490234375,946.6287841796875,946.792236328125,15572480
2025-09-26 16:30:00+00:00,950.0272827148438,950.1934204101562,949.1946411132812,950.1934204101562,676352
2025-09-26 16:45:00+00:00,953.2658081054688,953.2868041992188,950.85888671875,950.85888671875,0
2025-09-26 17:00:00+00:00,955.69091796875,956.2138061523438,954.86181640625,954.86181640625,0
2025-09-26 17:15:00+00:00,960.8956909179688,960.8956909179688,955.7752075195312,955.7752075195312,0
2025-09-26 17:30:00+00:00,960.3787841796875,960.8013305664062,959.3209838867188,960.8013305664062,0
2025-09-26 17:45:00+00:00,963.4824829101562,963.8572387695312,960.0829467773438,960.2892456054688,0
2025-09-26 18:00:00+00:00,963.6353759765625,964.6322631835938,963.6062622070312,963.6062622070312,0
2025-09-26 18:15:00+00:00,963.172119140625,964.5804443359375,963.0466918945312,963.607421875,424448
2025-09-26 18:30:00+00:00,959.6884155273438,963.2203369140625,959.4537353515625,963.2203369140625,13556736
2025-09-26 18:45:00+00:00,960.6094360351562,960.6094360351562,959.4034423828125,959.488037109375,0
2025-09-26 19:00:00+00:00,956.24853515625,960.591552734375,956.24853515625,960.591552734375,400896
2025-09-26 19:15:00+00:00,956.1490478515625,957.6819458007812,956.1490478515625,956.2335205078125,1443328
2025-09-26 19:30:00+00:00,952.8049926757812,955.9391479492188,952.8049926757812,955.9391479492188,1512704
2025-09-26 19:45:00+00:00,955.0516357421875,955.0516357421875,952.7357788085938,952.7481079101562,0
2025-09-26 20:00:00+00:00,955.5790405273438,955.5790405273438,954.0336303710938,954.900634765625,65024
2025-09-26 20:15:00+00:00,955.1196899414062,956.4234619140625,954.5861206054688,955.7493286132812,0
2025-09-26 20:30:00+00:00,954.5621948242188,955.1713256835938,954.5621948242188,954.9984130859375,0
2025-09-26 20:45:00+00:00,954.626953125,955.0015258789062,953.4857788085938,954.5946655273438,1680384
2025-09-26 21:00:00+00:00,952.8253784179688,954.4490356445312,952.760009765625,954.361572265625,0
2025-09-26 21:15:00+00:00,954.8194580078125,954.8194580078125,953.6103515625,953.6103515625,1224448
2025-09-26 21:30:00+00:00,954.9529418945312,955.6803588867188,954.28759765625,954.9296264648438,0
2025-09-26 21:45:00+00:00,956.3104858398438,956.3104858398438,954.4560546875,954.4560546875,0
2025-09-26 22:00:00+00:00,956.8897705078125,956.8897705078125,955.710693359375,956.25537109375,0
2025-09-26 22:15:00+00:00,957.6712646484375,958.2145385742188,956.9630126953125,956.9630126953125,0
2025-09-26 22:30:00+00:00,958.8623657226562,958.8623657226562,957.462158203125,957.61865234375,0
2025-09-26 22:45:00+00:00,958.2844848632812,959.7687377929688,958.2844848632812,959.0140991210938,0
2025-09-26 23:00:00+00:00,956.1984252929688,958.2384033203125,955.7779541015625,958.2384033203125,0
2025-09-26 23:15:00+00:00,957.9486694335938,957.9486694335938,955.6265258789062,956.1867065429688,0
2025-09-26 23:30:00+00:00,959.763916015625,959.763916015625,958.0670776367188,958.0670776367188,0
2025-09-26 23:45:00+00:00,960.9699096679688,960.9699096679688,959.6449584960938,959.7486572265625,0
2025-09-27 00:00:00+00:00,960.2574462890625,961.0131225585938,960.2574462890625,961.0131225585938,0
2025-09-27 00:15:00+00:00,959.5299682617188,960.25634765625,959.4318237304688,960.25634765625,0
2025-09-27 00:30:00+00:00,960.4805297851562,960.4873046875,959.837158203125,959.8768920898438,0
2025-09-27 00:45:00+00:00,961.9268798828125,961.9268798828125,960.0890502929688,960.5049438476562,325120
2025-09-27 01:00:00+00:00,960.7451782226562,962.8610229492188,960.7451782226562,962.0046997070312,0
2025-09-27 01:15:00+00:00,957.637939453125,960.77001953125,957.5631713867188,960.77001953125,0
2025-09-27 01:30:00+00:00,957.46826171875,958.1270141601562,957.4290161132812,957.6068725585938,0
2025-09-27 01:45:00+00:00,959.09228515625,959.09228515625,957.5029907226562,957.506591796875,0
2025-09-27 02:00:00+00:00,959.8368530273438,959.8368530273438,959.0816040039062,959.0816040039062,0
2025-09-27 02:15:00+00:00,960.927490234375,961.7276000976562,960.0323486328125,960.0323486328125,3912448
2025-09-27 02:30:00+00:00,962.9385375976562,962.9419555664062,960.998291015625,961.0336303710938,1376512
2025-09-27 02:45:00+00:00,962.9964599609375,963.4403686523438,962.7685546875,963.0173950195312,0
2025-09-27 03:00:00+00:00,961.7877807617188,963.3658447265625,961.7877807617188,963.0059814453125,0
2025-09-27 03:15:00+00:00,965.0133666992188,965.1557006835938,961.6119995117188,961.8653564453125,0
2025-09-27 03:30:00+00:00,965.5859375,966.0444946289062,964.782470703125,965.0346069335938,157440
2025-09-27 03:45:00+00:00,967.0784301757812,967.0895385742188,965.8679809570312,965.8679809570312,2257920
2025-09-27 04:00:00+00:00,967.960205078125,967.9813842773438,966.367919921875,967.0870361328125,6263552
2025-09-27 04:15:00+00:00,970.6879272460938,970.6879272460938,968.0236206054688,968.0236206054688,4679936
2025-09-27 04:30:00+00:00,970.924560546875,972.0653686523438,970.8226928710938,970.8226928710938,6439936
2025-09-27 04:45:00+00:00,972.2203979492188,972.2203979492188,970.1358032226562,970.9013061523438,0
2025-09-27 05:00:00+00:00,970.4642944335938,972.5476684570312,970.4642944335938,972.5476684570312,734976
2025-09-27 05:15:00+00:00,969.4671020507812,970.9722290039062,969.4463500976562,970.6492919921875,0
2025-09-27 05:30:00+00:00,968.5965576171875,969.3081665039062,968.5965576171875,969.232177734375,2829312
2025-09-27 05:45:00+00:00,970.3056030273438,971.3812255859375,968.7386474609375,968.7386474609375,7696640
2025-09-27 06:00:00+00:00,967.4398193359375,969.7605590820312,967.4024047851562,969.7605590820312,66304
2025-09-27 06:15:00+00:00,968.3777465820312,968.4284057617188,967.3745727539062,967.3745727539062,0
2025-09-27 06:30:00+00:00,969.5806274414062,969.7380981445312,968.118408203125,968.38623046875,2138624
2025-09-27 06:45:00+00:00,968.9639892578125,969.9336547851562,968.7412719726562,969.9021606445312,0
2025-09-27 07:00:00+00:00,970.2353515625,970.6148071289062,969.2996215820312,969.2996215820312,0
2025-09-27 07:15:00+00:00,971.260009765625,971.6838989257812,969.984375,970.1515502929688,1707520
2025-09-27 07:30:00+00:00,971.2740478515625,971.74609375,970.5731811523438,971.7459716796875,2880512
2025-09-27 07:45:00+00:00,972.893798828125,972.9683837890625,970.8793334960938,971.4303588867188,3910912
2025-09-27 08:00:00+00:00,969.40234375,972.4345703125,969.3047485351562,972.4345703125,2343168
2025-09-27 08:15:00+00:00,970.8624267578125,970.8624267578125,969.7024536132812,969.7024536132812,7216640
2025-09-27 08:30:00+00:00,970.3546752929688,970.8634033203125,970.2909545898438,970.8514404296875,6721792
2025-09-27 08:45:00+00:00,967.5022583007812,970.8408203125,967.5022583007812,970.528076171875,3203072
2025-09-27 09:00:00+00:00,966.6666870117188,968.5935668945312,966.6666870117188,967.577392578125,7981056
2025-09-27 09:15:00+00:00,967.3847045898438,967.5095825195312,966.5440673828125,966.5440673828125,0
2025-09-27 09:30:00+00:00,971.0077514648438,971.0601806640625,967.4639282226562,967.4639282226562,0
2025-09-27 09:45:00+00:00,969.7556762695312,971.023193359375,969.6060180664062,971.023193359375,0
2025-09-27 10:00:00+00:00,968.1033935546875,969.7090454101562,968.0907592773438,969.7090454101562,0
2025-09-27 10:15:00+00:00,967.3582763671875,968.0098266601562,967.3502807617188,968.0098266601562,0
2025-09-27 10:30:00+00:00,970.4099731445312,970.5109252929688,967.3967895507812,967.3967895507812,525312
2025-09-27 10:45:00+00:00,973.9014892578125,974.1841430664062,970.5497436523438,970.5497436523438,12143616
2025-09-27 11:00:00+00:00,971.6546020507812,973.9424438476562,971.6546020507812,973.9424438476562,0
2025-09-27 11:15:00+00:00,972.2698364257812,972.852294921875,971.32666015625,971.5780639648438,2075136
2025-09-27 11:30:00+00:00,971.7283935546875,972.7802734375,971.7283935546875,972.2661743164062,0
2025-09-27 11:45:00+00:00,970.8727416992188,971.7188720703125,970.8727416992188,971.7119750976562,0
2025-09-27 12:00:00+00:00,969.7041625976562,970.8746337890625,969.7041625976562,970.8316650390625,0
2025-09-27 12:15:00+00:00,969.8341674804688,970.029541015625,969.7697143554688,969.7697143554688,0
2025-09-27 12:30:00+00:00,972.5428466796875,972.5428466796875,970.2369384765625,970.2369384765625,0
2025-09-27 12:45:00+00:00,972.8203125,973.5984497070312,972.4580688476562,972.7301025390625,4200704
2025-09-27 13:00:00+00:00,974.283935546875,974.4321899414062,973.09326171875,973.1375732421875,0
2025-09-27 13:15:00+00:00,974.5843505859375,974.6884155273438,973.4158325195312,974.0459594726562,5424640
2025-09-27 13:30:00+00:00,975.4808959960938,975.4906616210938,974.3361206054688,974.4134521484375,0
2025-09-27 13:45:00+00:00,978.8101196289062,979.0639038085938,975.5177612304688,975.5177612304688,0
2025-09-27 14:00:00+00:00,979.4530029296875,979.4530029296875,978.875732421875,978.875732421875,0
2025-09-27 14:15:00+00:00,979.5531005859375,979.5531005859375,978.9527587890625,979.4315185546875,0
2025-09-27 14:30:00+00:00,983.7490844726562,983.7835693359375,979.5647583007812,979.5647583007812,28000000
2025-09-27 14:45:00+00:00,981.98046875,983.830078125,981.8788452148438,983.830078125,6720768
2025-09-27 15:00:00+00:00,979.8212890625,982.0122680664062,978.9737548828125,982.0122680664062,0
2025-09-27 15:15:00+00:00,980.1936645507812,981.7310791015625,980.0479125976562,980.0479125976562,0
2025-09-27 15:30:00+00:00,979.1426391601562,980.4656372070312,979.0477294921875,980.125244140625,5875200
2025-09-27 15:45:00+00:00,977.4786987304688,979.0363159179688,977.4786987304688,979.0363159179688,1047296
2025-09-27 16:00:00+00:00,975.7711791992188,977.4140625,975.5523681640625,977.4140625,0
2025-09-27 16:15:00+00:00,975.6437377929688,976.6934814453125,975.5819091796875,975.5819091796875,0
2025-09-27 16:30:00+00:00,975.0253295898438,975.0406494140625,974.0612182617188,974.8016357421875,0
2025-09-27 16:45:00+00:00,973.52294921875,975.1985473632812,973.52294921875,974.971435546875,0
2025-09-27 17:00:00+00:00,971.3875122070312,973.5958862304688,971.3591918945312,973.56103515625,0
2025-09-27 17:15:00+00:00,967.2395629882812,969.7303466796875,966.9111328125,969.7303466796875,1793024
2025-09-27 17:30:00+00:00,969.2314453125,969.8281860351562,967.2493286132812,967.2493286132812,0
2025-09-27 17:45:00+00:00,970.745849609375,970.8102416992188,968.90576171875,969.2769165039062,0
2025-09-27 18:00:00+00:00,969.5203247070312,971.3367919921875,969.480712890625,970.9567260742188,0
2025-09-27 18:15:00+00:00,969.10205078125,969.5974731445312,968.998291015625,969.344482421875,0
2025-09-27 18:30:00+00:00,967.30126953125,969.4874267578125,967.2780151367188,969.4874267578125,0
2025-09-27 18:45:00+00:00,969.0339965820312,969.0374145507812,967.3063354492188,967.3386840820312,0
2025-09-27 19:00:00+00:00,968.0344848632812,969.1404418945312,967.967529296875,969.0657958984375,0
2025-09-27 19:15:00+00:00,969.8248291015625,969.8248291015625,967.9557495117188,967.9557495117188,0
2025-09-27 19:30:00+00:00,969.8776245117188,970.4050903320312,969.7415161132812,970.4050903320312,0
2025-09-27 19:45:00+00:00,970.2576904296875,970.4678955078125,969.8782348632812,969.8782348632812,0
2025-09-27 20:00:00+00:00,970.2462768554688,970.27734375,969.9996948242188,970.27734375,0
2025-09-27 20:15:00+00:00,969.2073364257812,970.231201171875,969.0647583007812,970.231201171875,0
2025-09-27 20:30:00+00:00,969.8450317382812,969.9761962890625,969.1838989257812,969.24169921875,0
2025-09-27 20:45:00+00:00,968.7378540039062,969.8511962890625,968.7335205078125,969.8511962890625,1450240
2025-09-27 21:00:00+00:00,968.5862426757812,968.7706298828125,968.0693969726562,968.6860961914062,2857216
2025-09-27 21:15:00+00:00,969.4837646484375,969.7715454101562,968.86767578125,968.86767578125,0
2025-09-27 21:30:00+00:00,971.7507934570312,971.7507934570312,969.3358764648438,969.3358764648438,2485760
2025-09-27 21:45:00+00:00,972.9163818359375,972.9163818359375,972.0963134765625,972.108154296875,948736
2025-09-27 22:00:00+00:00,973.8297729492188,973.8297729492188,972.8157348632812,972.8451538085938,1194240
2025-09-27 22:15:00+00:00,977.2974853515625,977.2974853515625,974.4564819335938,974.4564819335938,12859904
2025-09-27 22:30:00+00:00,973.4373779296875,977.7240600585938,973.4373779296875,977.3099365234375,16593920
2025-09-27 22:45:00+00:00,972.328857421875,973.281982421875,971.7882690429688,973.281982421875,5032448
2025-09-27 23:00:00+00:00,971.6991577148438,973.1534423828125,971.6991577148438,972.302978515625,11660288
2025-09-27 23:15:00+00:00,969.1430053710938,971.7240600585938,969.1430053710938,971.7240600585938,11654400
2025-09-27 23:30:00+00:00,968.9321899414062,969.6010131835938,968.8599853515625,969.0218505859375,3920384
2025-09-27 23:45:00+00:00,968.7294311523438,969.1117553710938,968.7294311523438,968.9660034179688,6622720
2025-09-28 00:00:00+00:00,966.9847412109375,968.9395141601562,966.9847412109375,968.8019409179688,6087168
2025-09-28 00:15:00+00:00,969.9490356445312,969.9490356445312,967.0650024414062,967.0650024414062,10034944
2025-09-28 00:30:00+00:00,968.8814086914062,970.7545776367188,968.0599365234375,969.9531860351562,3953664
2025-09-28 00:45:00+00:00,968.037109375,968.9918823242188,968.037109375,968.78173828125,2462976
2025-09-28 01:00:00+00:00,969.9042358398438,969.9042358398438,968.0737915039062,968.0737915039062,9553920
2025-09-28 01:15:00+00:00,970.8736572265625,970.9682006835938,969.9039916992188,969.9039916992188,8960512
2025-09-28 01:30:00+00:00,968.52978515625,971.0043334960938,968.52978515625,971.0043334960938,1925376
2025-09-28 01:45:00+00:00,967.7920532226562,968.5525512695312,967.7920532226562,968.5127563476562,0
2025-09-28 02:00:00+00:00,968.9578247070312,968.9578247070312,967.7694702148438,967.8051147460938,1093120
2025-09-28 02:15:00+00:00,970.4819946289062,970.5635986328125,968.5062866210938,968.8213500976562,0
2025-09-28 02:30:00+00:00,972.3514404296875,973.287353515625,970.3901977539062,970.54150390625,3171328
2025-09-28 02:45:00+00:00,971.3995361328125,971.7940063476562,970.5458374023438,971.7940063476562,5508352
2025-09-28 03:00:00+00:00,974.7459716796875,974.7689208984375,971.43310546875,971.43310546875,8378112
2025-09-28 03:15:00+00:00,974.3526611328125,974.8344116210938,974.11669921875,974.8344116210938,1734400
2025-09-28 03:30:00+00:00,973.3313598632812,974.3460693359375,973.2709350585938,974.3460693359375,0
2025-09-28 03:45:00+00:00,974.03955078125,974.03955078125,972.587158203125,973.3662109375,0
2025-09-28 04:00:00+00:00,975.0103759765625,975.0103759765625,974.2468872070312,974.427490234375,0
2025-09-28 04:15:00+00:00,972.3578491210938,975.0343627929688,972.3578491210938,975.0343627929688,0
2025-09-28 04:30:00+00:00,974.2612915039062,974.2725219726562,972.0330810546875,972.2654418945312,234507264
2025-09-28 04:45:00+00:00,973.333251953125,974.236083984375,973.3213500976562,974.236083984375,0
2025-09-28 05:00:00+00:00,972.1694946289062,973.85791015625,972.1694946289062,973.4408569335938,0
2025-09-28 05:15:00+00:00,973.5276489257812,973.5436401367188,972.1943969726562,972.1943969726562,0
2025-09-28 05:30:00+00:00,972.820068359375,973.6517944335938,972.8091430664062,973.3799438476562,128000
2025-09-28 05:45:00+00:00,972.1635131835938,972.8123779296875,972.0556030273438,972.8123779296875,0
2025-09-28 06:00:00+00:00,973.1574096679688,973.5436401367188,972.1139526367188,972.2111206054688,0
2025-09-28 06:15:00+00:00,971.7637939453125,973.0117797851562,971.7637939453125,972.554443359375,0
2025-09-28 06:30:00+00:00,970.9547119140625,971.64111328125,970.3817749023438,971.64111328125,992768
2025-09-28 06:45:00+00:00,971.2767944335938,971.2767944335938,970.789794921875,970.9828491210938,1104640
2025-09-28 07:00:00+00:00,970.5863037109375,972.4735107421875,970.5364379882812,971.4014892578125,1892096
2025-09-28 07:15:00+00:00,970.8577880859375,971.1936645507812,970.5618896484375,970.5618896484375,913408
2025-09-28 07:30:00+00:00,970.2920532226562,971.2876586914062,970.2920532226562,970.7247924804688,1451008
2025-09-28 07:45:00+00:00,970.3145751953125,970.3244018554688,969.7449340820312,970.3244018554688,0
2025-09-28 08:00:00+00:00,969.1331787109375,970.6748046875,969.1331787109375,970.07080078125,0
2025-09-28 08:15:00+00:00,966.9675903320312,969.1265869140625,966.9341430664062,969.1265869140625,423936
2025-09-28 08:30:00+00:00,964.6640014648438,966.942138671875,964.4658203125,966.942138671875,20724480
2025-09-28 08:45:00+00:00,965.1754150390625,965.70947265625,964.4464111328125,964.4464111328125,4459520
2025-09-28 09:00:00+00:00,964.9392700195312,965.2760009765625,964.80517578125,965.1586303710938,0
2025-09-28 09:15:00+00:00,964.845458984375,964.9597778320312,964.2875366210938,964.9597778320312,327424
2025-09-28 09:30:00+00:00,967.5761108398438,967.5761108398438,965.04248046875,965.04248046875,0
2025-09-28 09:45:00+00:00,967.7015991210938,967.7015991210938,966.9095458984375,967.5857543945312,1073152
2025-09-28 10:00:00+00:00,966.8021240234375,968.2069702148438,966.2156982421875,967.6785888671875,1937920
2025-09-28 10:15:00+00:00,968.0079956054688,968.8789672851562,966.9451293945312,966.9451293945312,1448448
2025-09-28 10:30:00+00:00,969.3126220703125,969.3126220703125,967.9000854492188,967.9000854492188,0
2025-09-28 10:45:00+00:00,970.6460571289062,970.6906127929688,969.9323120117188,970.0902099609375,0
2025-09-28 11:00:00+00:00,970.0830688476562,970.6000366210938,970.0830688476562,970.6000366210938,4627200
2025-09-28 11:15:00+00:00,969.0806274414062,970.04052734375,969.0806274414062,970.04052734375,7441920
2025-09-28 11:30:00+00:00,970.30029296875,970.30029296875,968.8062744140625,968.8062744140625,11502080
2025-09-28 11:45:00+00:00,971.4813842773438,971.4813842773438,969.29736328125,970.2532348632812,6138624
2025-09-28 12:00:00+00:00,973.8233032226562,973.8233032226562,971.5442504882812,971.5442504882812,13881088
2025-09-28 12:15:00+00:00,970.8085327148438,973.64208984375,970.3623046875,973.64208984375,11997184
2025-09-28 12:30:00+00:00,968.6424560546875,970.9461059570312,968.5990600585938,970.8424682617188,1292544
2025-09-28 12:45:00+00:00,968.94970703125,968.94970703125,967.4398193359375,968.4713134765625,0
2025-09-28 13:00:00+00:00,971.0905151367188,971.0905151367188,968.95849609375,968.95849609375,0
2025-09-28 13:15:00+00:00,972.1951293945312,972.1951293945312,970.6533203125,971.0994873046875,0
2025-09-28 13:30:00+00:00,974.1158447265625,974.1836547851562,972.1770629882812,972.1770629882812,2738944
2025-09-28 13:45:00+00:00,975.06982421875,975.06982421875,973.3089599609375,974.0051879882812,1265408
2025-09-28 14:00:00+00:00,973.7330932617188,974.8941650390625,973.7330932617188,974.8941650390625,0
2025-09-28 14:15:00+00:00,977.078125,977.078125,973.5980834960938,973.5980834960938,6052608
2025-09-28 14:30:00+00:00,977.7645874023438,978.1476440429688,977.0375366210938,978.1476440429688,4353280
2025-09-28 14:45:00+00:00,975.9642333984375,977.7032470703125,975.9642333984375,977.7032470703125,4553472
2025-09-28 15:00:00+00:00,974.29248046875,975.9188232421875,974.193603515625,975.8749389648438,0
2025-09-28 15:15:00+00:00,975.254638671875,975.254638671875,974.34033203125,974.34033203125,0
2025-09-28 15:30:00+00:00,974.9100952148438,976.0047607421875,974.9100952148438,975.9788818359375,0
2025-09-28 15:45:00+00:00,975.7107543945312,975.7107543945312,975.0435180664062,975.0435180664062,0
2025-09-28 16:00:00+00:00,977.9161987304688,979.1270751953125,975.8290405273438,975.8290405273438,14782464
2025-09-28 16:15:00+00:00,977.852294921875,978.279296875,977.6392211914062,977.9020385742188,2409728
2025-09-28 16:30:00+00:00,977.6813354492188,978.114013671875,977.440673828125,978.076416015625,2306304
2025-09-28 16:45:00+00:00,977.259765625,977.8534545898438,977.259765625,977.8452758789062,0
2025-09-28 17:00:00+00:00,978.3731689453125,978.4842529296875,977.291259765625,977.291259765625,0
2025-09-28 17:15:00+00:00,977.3817749023438,978.4890747070312,977.2115478515625,978.4890747070312,0
2025-09-28 17:30:00+00:00,979.5194702148438,979.5194702148438,977.3546752929688,977.3546752929688,941056
2025-09-28 17:45:00+00:00,978.2521362304688,979.5833740234375,978.2167358398438,979.4515991210938,0
2025-09-28 18:00:00+00:00,977.82763671875,978.218994140625,977.82763671875,978.218994140625,284416
2025-09-28 18:15:00+00:00,978.9512939453125,978.9512939453125,977.8741455078125,977.8741455078125,1956352
2025-09-28 18:30:00+00:00,979.011962890625,979.2103881835938,978.9954833984375,979.032470703125,0
2025-09-28 18:45:00+00:00,979.2239379882812,979.271728515625,979.0986938476562,979.1033325195312,0
2025-09-28 19:00:00+00:00,977.8297119140625,979.5278930664062,977.8297119140625,979.2500610351562,1032704
2025-09-28 19:15:00+00:00,976.6967163085938,977.771240234375,976.6967163085938,977.771240234375,2891264
2025-09-28 19:30:00+00:00,976.7799072265625,976.8335571289062,976.4080200195312,976.8178100585938,50999552
2025-09-28 19:45:00+00:00,977.5206909179688,977.5206909179688,976.83203125,976.83203125,730112
2025-09-28 20:00:00+00:00,978.2081298828125,978.5462036132812,978.0797729492188,978.0797729492188,205824
2025-09-28 20:15:00+00:00,980.58203125,980.58203125,978.1183471679688,978.2286376953125,3340800
2025-09-28 20:30:00+00:00,983.2666015625,983.2666015625,980.9490966796875,980.9490966796875,22940928
2025-09-28 20:45:00+00:00,982.5235595703125,983.5581665039062,982.4475708007812,983.1904296875,3986176
2025-09-28 21:00:00+00:00,984.0502319335938,984.0502319335938,982.4977416992188,982.4977416992188,3639296
2025-09-28 21:15:00+00:00,983.3667602539062,983.8557739257812,983.0884399414062,983.8557739257812,1728256
2025-09-28 21:30:00+00:00,981.6640014648438,983.2271118164062,981.6417846679688,983.195556640625,2323456
2025-09-28 21:45:00+00:00,982.1285400390625,982.16650390625,981.677001953125,981.677001953125,0
2025-09-28 22:00:00+00:00,985.7365112304688,987.28076171875,982.3248291015625,982.3248291015625,18038784
2025-09-28 22:15:00+00:00,987.1793823242188,987.9832153320312,986.590087890625,986.590087890625,4158208
2025-09-28 22:30:00+00:00,988.54541015625,988.54541015625,987.2513427734375,987.2513427734375,0
2025-09-28 22:45:00+00:00,989.1888427734375,989.6812133789062,989.0546875,989.0546875,0
2025-09-28 23:00:00+00:00,988.9386596679688,989.7673950195312,988.9386596679688,989.4085693359375,0
2025-09-28 23:15:00+00:00,989.7233276367188,989.7233276367188,988.9325561523438,989.087158203125,0
2025-09-28 23:30:00+00:00,992.7847900390625,992.7847900390625,990.3211059570312,990.40869140625,6420224
2025-09-28 23:45:00+00:00,993.3226318359375,993.3528442382812,992.8660278320312,992.8660278320312,5960960
2025-09-29 00:00:00+00:00,993.9146728515625,993.9520874023438,993.3406372070312,993.3502807617188,643328
2025-09-29 00:15:00+00:00,993.8958740234375,993.956787109375,992.9619750976562,993.451171875,1896704
2025-09-29 00:30:00+00:00,993.3054809570312,993.7433471679688,992.7347412109375,993.7433471679688,297216
2025-09-29 00:45:00+00:00,994.6741333007812,995.1250610351562,993.3875122070312,993.3875122070312,449280
2025-09-29 01:00:00+00:00,997.205322265625,997.5238037109375,994.6900024414062,994.6900024414062,0
2025-09-29 01:15:00+00:00,1000.319091796875,1000.5237426757812,996.8270263671875,997.1607055664062,39225088
2025-09-29 01:30:00+00:00,998.2752685546875,999.6783447265625,998.2752685546875,999.066650390625,12931584
2025-09-29 01:45:00+00:00,994.4127807617188,998.0730590820312,994.4127807617188,998.0730590820312,8265984
2025-09-29 02:00:00+00:00,995.7603149414062,995.7603149414062,993.7409057617188,994.5646362304688,7677696
2025-09-29 02:15:00+00:00,999.6709594726562,999.6819458007812,995.4868774414062,995.4868774414062,9989632
2025-09-29 02:30:00+00:00,997.6171875,999.6134033203125,997.5511474609375,999.6134033203125,3729920
2025-09-29 02:45:00+00:00,999.03173828125,999.03173828125,997.5531005859375,997.5531005859375,45824
2025-09-29 03:00:00+00:00,999.4229125976562,999.4921264648438,998.9430541992188,999.0491333007812,0
2025-09-29 03:15:00+00:00,1006.5260009765625,1006.6448974609375,999.4166259765625,999.4166259765625,37471232
2025-09-29 03:30:00+00:00,1007.0087890625,1007.0087890625,1006.14990234375,1006.37158203125,11358208
2025-09-29 03:45:00+00:00,1010.312744140625,1010.5693969726562,1006.86767578125,1007.0167846679688,28267008
2025-09-29 04:00:00+00:00,1011.5271606445312,1012.3580932617188,1009.99462890625,1009.99462890625,23365120
2025-09-29 04:15:00+00:00,1009.2243041992188,1011.4794921875,1009.2243041992188,1011.4794921875,8457472
2025-09-29 04:30:00+00:00,1009.4298706054688,1009.5628662109375,1008.279296875,1009.2326049804688,8670208
2025-09-29 04:45:00+00:00,1009.0774536132812,1009.8157348632812,1008.8563842773438,1009.4562377929688,5290752
2025-09-29 05:00:00+00:00,1008.5933837890625,1008.9876098632812,1007.7094116210938,1008.9876098632812,9218304
2025-09-29 05:15:00+00:00,1010.9061889648438,1010.9061889648438,1008.607177734375,1008.607177734375,21248256
2025-09-29 05:30:00+00:00,1010.3787231445312,1011.3012084960938,1010.0491333007812,1011.2657470703125,4517632
2025-09-29 05:45:00+00:00,1010.3935546875,1010.6813354492188,1009.9478149414062,1010.6393432617188,7878912
2025-09-29 06:00:00+00:00,1007.9243774414062,1010.6500854492188,1007.9243774414062,1010.6500854492188,10891520
2025-09-29 06:15:00+00:00,1007.0342407226562,1007.8713989257812,1006.8643188476562,1007.8109741210938,5043712
2025-09-29 06:30:00+00:00,1009.892822265625,1009.892822265625,1007.0873413085938,1007.0873413085938,1071616
2025-09-29 06:45:00+00:00,1009.02490234375,1011.1815795898438,1009.02490234375,1009.9400634765625,9175296
2025-09-29 07:00:00+00:00,1009.3911743164062,1010.2508544921875,1009.0319213867188,1009.8435668945312,5712128
2025-09-29 07:15:00+00:00,1008.0308837890625,1009.3887329101562,1008.0308837890625,1009.3887329101562,3180800
2025-09-29 07:30:00+00:00,1009.7122802734375,1010.1478271484375,1007.9349365234375,1008.0244140625,29577984
2025-09-29 07:45:00+00:00,1009.8491821289062,1009.8491821289062,1008.9268798828125,1009.2169799804688,12203776
2025-09-29 08:00:00+00:00,1010.0123901367188,1012.1627197265625,1009.984375,1009.984375,18501888
2025-09-29 08:15:00+00:00,1008.9635620117188,1009.3427734375,1008.652587890625,1009.3427734375,1189632
2025-09-29 08:30:00+00:00,1008.254150390625,1008.9432983398438,1008.254150390625,1008.9432983398438,0
2025-09-29 08:45:00+00:00,1008.1272583007812,1009.0440063476562,1007.9208984375,1008.5272827148438,852224
2025-09-29 09:00:00+00:00,1005.53271484375,1007.4656372070312,1005.53271484375,1007.4656372070312,8099072
2025-09-29 09:15:00+00:00,1005.4685668945312,1005.4685668945312,1004.9406127929688,1005.4608154296875,7210752
2025-09-29 09:30:00+00:00,1003.7745971679688,1005.1998901367188,1003.5742797851562,1005.1998901367188,13625600
2025-09-29 09:45:00+00:00,1005.9136352539062,1005.9136352539062,1003.7521362304688,1003.8822021484375,7809792
2025-09-29 10:00:00+00:00,1009.4403076171875,1009.4403076171875,1006.4932861328125,1006.6253662109375,12869632
2025-09-29 10:15:00+00:00,1009.3789672851562,1009.712890625,1009.286865234375,1009.5379028320312,17995520
2025-09-29 10:30:00+00:00,1007.5328369140625,1009.090576171875,1007.3560791015625,1009.090576171875,6428416
2025-09-29 10:45:00+00:00,1009.5880737304688,1009.5880737304688,1007.6226196289062,1007.6226196289062,7579136
2025-09-29 11:00:00+00:00,1005.4078369140625,1008.5169677734375,1005.4078369140625,1008.450927734375,8441600
2025-09-29 11:15:00+00:00,1007.0856323242188,1007.455810546875,1005.4107055664062,1005.4107055664062,6243072
2025-09-29 11:30:00+00:00,1006.8902587890625,1007.317626953125,1006.7593994140625,1007.058837890625,4560640
2025-09-29 11:45:00+00:00,1005.0237426757812,1006.9973754882812,1005.0237426757812,1006.8746337890625,0
2025-09-29 12:00:00+00:00,1004.052734375,1005.0423583984375,1004.0169677734375,1004.997314453125,0
2025-09-29 12:15:00+00:00,1006.5161743164062,1006.5161743164062,1004.0360107421875,1004.0360107421875,2004736
2025-09-29 12:30:00+00:00,1004.1529541015625,1007.168701171875,1004.0013427734375,1006.4833984375,10331648
2025-09-29 12:45:00+00:00,1001.8936767578125,1004.9171752929688,1001.8936767578125,1004.1083984375,6645760
2025-09-29 13:00:00+00:00,1003.50732421875,1003.50732421875,1001.2965087890625,1001.9854125976562,10846208
2025-09-29 13:15:00+00:00,1003.1661987304688,1004.3427734375,1003.1661987304688,1003.6290893554688,7675392
2025-09-29 13:30:00+00:00,1007.4429931640625,1007.4429931640625,1002.8439331054688,1002.8439331054688,22374912
2025-09-29 13:45:00+00:00,1012.4690551757812,1012.4801635742188,1009.757568359375,1009.9837646484375,30464768
2025-09-29 14:00:00+00:00,1016.4224243164062,1016.4224243164062,1012.2952270507812,1012.2952270507812,58337536
2025-09-29 14:15:00+00:00,1020.2807006835938,1020.3975830078125,1015.5660400390625,1016.5742797851562,46356480
2025-09-29 14:30:00+00:00,1022.0150756835938,1022.138916015625,1020.2029418945312,1020.4801025390625,28940800
2025-09-29 14:45:00+00:00,1019.0679321289062,1021.7115478515625,1019.0679321289062,1021.7115478515625,18218240
2025-09-29 15:00:00+00:00,1017.1549682617188,1019.2230834960938,1017.1549682617188,1019.0487060546875,12132608
2025-09-29 15:15:00+00:00,1012.3087768554688,1017.1512451171875,1012.3087768554688,1017.1512451171875,16366336
2025-09-29 15:30:00+00:00,1011.3778076171875,1012.6854248046875,1011.3375854492188,1011.4979858398438,16883968
2025-09-29 15:45:00+00:00,1010.807373046875,1011.08740234375,1009.7784423828125,1011.08740234375,12088064
2025-09-29 16:00:00+00:00,1013.554443359375,1013.554443359375,1010.8348388671875,1010.8348388671875,0
2025-09-29 16:15:00+00:00,1008.5459594726562,1013.08642578125,1008.342529296875,1013.08642578125,8273408
2025-09-29 16:30:00+00:00,1007.0414428710938,1008.2699584960938,1007.0414428710938,1008.2699584960938,5056256
2025-09-29 16:45:00+00:00,1007.2974853515625,1007.5067138671875,1006.63037109375,1007.0145263671875,14725376
2025-09-29 17:00:00+00:00,1008.4674682617188,1008.4674682617188,1005.1271362304688,1007.17236328125,5176832
2025-09-29 17:15:00+00:00,1008.8579711914062,1008.9453735351562,1008.1228637695312,1008.4545288085938,1376768
2025-09-29 17:30:00+00:00,1009.7971801757812,1009.7971801757812,1007.9379272460938,1008.5123901367188,7889920
2025-09-29 17:45:00+00:00,1012.208984375,1012.4118041992188,1009.6873168945312,1009.7050170898438,22958848
2025-09-29 18:00:00+00:00,1011.7700805664062,1012.4651489257812,1011.7700805664062,1012.4651489257812,882176
2025-09-29 18:15:00+00:00,1012.794921875,1012.794921875,1011.4619140625,1011.73681640625,2659072
2025-09-29 18:30:00+00:00,1015.0151977539062,1015.0651245117188,1012.7861328125,1012.7861328125,17020416
2025-09-29 18:45:00+00:00,1017.0646362304688,1017.0646362304688,1015.041748046875,1015.041748046875,9805824
2025-09-29 19:00:00+00:00,1020.4848022460938,1020.4848022460938,1017.5044555664062,1017.5044555664062,13427968
2025-09-29 19:15:00+00:00,1020.3961181640625,1020.3961181640625,1020.0475463867188,1020.1488037109375,4669440
2025-09-29 19:30:00+00:00,1019.2815551757812,1020.1776733398438,1018.9578857421875,1020.1641845703125,3870976
2025-09-29 19:45:00+00:00,1020.8912963867188,1021.2593994140625,1020.3374633789062,1020.5020751953125,13083648
2025-09-29 20:00:00+00:00,1023.1572265625,1023.1572265625,1020.5633544921875,1020.6892700195312,17153024
2025-09-29 20:15:00+00:00,1023.2554321289062,1024.7724609375,1023.1431884765625,1023.1431884765625,13069312
2025-09-29 20:30:00+00:00,1026.0838623046875,1026.0838623046875,1023.49365234375,1023.49365234375,7809792
2025-09-29 20:45:00+00:00,1028.6322021484375,1028.6322021484375,1026.8138427734375,1026.93798828125,13578496
2025-09-29 21:00:00+00:00,1029.0111083984375,1029.208251953125,1028.28955078125,1028.5694580078125,14375168
2025-09-29 21:15:00+00:00,1027.94873046875,1028.8013916015625,1027.5291748046875,1028.8013916015625,4531712
2025-09-29 21:30:00+00:00,1029.1597900390625,1029.1597900390625,1027.666748046875,1027.666748046875,5006080
2025-09-29 21:45:00+00:00,1030.1492919921875,1030.1492919921875,1028.853515625,1029.15673828125,8336640
2025-09-29 22:00:00+00:00,1031.765869140625,1031.9932861328125,1030.146728515625,1030.146728515625,882176
2025-09-29 22:15:00+00:00,1032.3162841796875,1034.1129150390625,1031.7698974609375,1031.7698974609375,12622080
2025-09-29 22:30:00+00:00,1032.733154296875,1033.7071533203125,1032.7320556640625,1033.4027099609375,6013184
2025-09-29 22:45:00+00:00,1035.5389404296875,1035.6529541015625,1032.906494140625,1032.906494140625,3963136
2025-09-29 23:00:00+00:00,1032.4376220703125,1035.4930419921875,1032.4376220703125,1035.4930419921875,208896
2025-09-29 23:15:00+00:00,1031.5833740234375,1033.0450439453125,1031.5833740234375,1032.27197265625,3607296
2025-09-29 23:30:00+00:00,1030.7437744140625,1032.5072021484375,1030.7437744140625,1031.8818359375,1600000
2025-09-29 23:45:00+00:00,1030.8125,1030.8125,1030.041015625,1030.642333984375,0
2025-09-30 00:00:00+00:00,1032.206298828125,1032.206298828125,1030.6156005859375,1030.627685546875,2550016
2025-09-30 00:15:00+00:00,1030.3509521484375,1032.72509765625,1030.2701416015625,1032.72509765625,2403328
2025-09-30 00:30:00+00:00,1032.2681884765625,1032.2698974609375,1030.3260498046875,1030.3260498046875,5885440
2025-09-30 00:45:00+00:00,1029.112060546875,1032.2003173828125,1029.112060546875,1032.2003173828125,10972416
2025-09-30 01:00:00+00:00,1030.7469482421875,1030.7469482421875,1028.6561279296875,1028.6561279296875,9355776
2025-09-30 01:15:00+00:00,1030.2508544921875,1030.77978515625,1029.6767578125,1030.77978515625,0
2025-09-30 01:30:00+00:00,1026.574951171875,1028.9443359375,1026.574951171875,1028.7557373046875,648960
2025-09-30 01:45:00+00:00,1025.736572265625,1025.9180908203125,1025.2154541015625,1025.8331298828125,488960
2025-09-30 02:00:00+00:00,1026.4996337890625,1027.1376953125,1025.943359375,1025.943359375,845312
2025-09-30 02:15:00+00:00,1026.599365234375,1027.0595703125,1026.1688232421875,1026.47119140625,76800
2025-09-30 02:30:00+00:00,1024.2142333984375,1026.5091552734375,1024.2142333984375,1026.5091552734375,4270848
2025-09-30 02:45:00+00:00,1023.0816040039062,1024.6046142578125,1023.0816040039062,1024.21240234375,9053696
2025-09-30 03:00:00+00:00,1024.1094970703125,1025.021728515625,1022.7709350585938,1022.7709350585938,4461312
2025-09-30 03:15:00+00:00,1026.0677490234375,1026.1705322265625,1024.1998291015625,1024.1998291015625,0
2025-09-30 03:30:00+00:00,1025.2471923828125,1026.261474609375,1025.2471923828125,1026.261474609375,0
2025-09-30 03:45:00+00:00,1024.480224609375,1025.6552734375,1024.4610595703125,1025.2335205078125,0
2025-09-30 04:00:00+00:00,1025.923828125,1025.923828125,1024.17138671875,1024.29150390625,1092864
2025-09-30 04:15:00+00:00,1026.3118896484375,1026.3958740234375,1025.7783203125,1025.7783203125,0
2025-09-30 04:30:00+00:00,1026.80517578125,1026.8148193359375,1026.0291748046875,1026.25244140625,0
2025-09-30 04:45:00+00:00,1026.9569091796875,1027.5340576171875,1026.821044921875,1026.821044921875,464384
2025-09-30 05:00:00+00:00,1025.2218017578125,1026.8387451171875,1025.2218017578125,1026.8387451171875,0
2025-09-30 05:15:00+00:00,1021.5902709960938,1025.295654296875,1021.572998046875,1025.295654296875,0
2025-09-30 05:30:00+00:00,1021.4094848632812,1021.6134033203125,1020.8987426757812,1021.6134033203125,4246016
2025-09-30 05:45:00+00:00,1024.5126953125,1024.63330078125,1021.2277221679688,1021.3827514648438,15891200
2025-09-30 06:00:00+00:00,1025.0028076171875,1025.0028076171875,1023.5577392578125,1024.4390869140625,0
2025-09-30 06:15:00+00:00,1024.623291015625,1025.3131103515625,1024.623291015625,1024.8585205078125,487936
2025-09-30 06:30:00+00:00,1026.1148681640625,1026.1148681640625,1023.9622802734375,1024.5570068359375,6723584
2025-09-30 06:45:00+00:00,1026.7149658203125,1026.7891845703125,1026.168212890625,1026.168212890625,109568
2025-09-30 07:00:00+00:00,1027.54541015625,1027.8883056640625,1026.4251708984375,1026.491943359375,2610432
2025-09-30 07:15:00+00:00,1025.72119140625,1027.4765625,1025.6680908203125,1027.4765625,1354240
2025-09-30 07:30:00+00:00,1019.4376220703125,1025.6956787109375,1019.4376220703125,1025.6956787109375,4416256
2025-09-30 07:45:00+00:00,1019.2192993164062,1019.7781982421875,1018.2188110351562,1019.5272216796875,6941184
2025-09-30 08:00:00+00:00,1020.39599609375,1020.39599609375,1019.2793579101562,1019.2793579101562,0
2025-09-30 08:15:00+00:00,1020.4295654296875,1020.7276611328125,1020.1943359375,1020.639892578125,341504
2025-09-30 08:30:00+00:00,1020.6610717773438,1021.3801879882812,1020.3898315429688,1020.9473876953125,7741184
2025-09-30 08:45:00+00:00,1021.3052978515625,1021.31494140625,1020.6420288085938,1020.6420288085938,2283008
2025-09-30 09:00:00+00:00,1018.9093627929688,1021.2002563476562,1018.8458251953125,1021.2002563476562,0
2025-09-30 09:15:00+00:00,1016.0404052734375,1018.7742919921875,1016.0404052734375,1018.7742919921875,22251776
2025-09-30 09:30:00+00:00,1011.4299926757812,1015.7652587890625,1011.4299926757812,1015.7652587890625,20834304
2025-09-30 09:45:00+00:00,1009.7642211914062,1010.8748168945312,1009.7111206054688,1010.6275024414062,24009216
2025-09-30 10:00:00+00:00,1010.0218505859375,1010.396240234375,1008.7590942382812,1009.1607666015625,38174464
2025-09-30 10:15:00+00:00,1008.2482299804688,1009.7572021484375,1007.60302734375,1009.7572021484375,17139200
2025-09-30 10:30:00+00:00,1009.061279296875,1009.093017578125,1008.2544555664062,1008.2544555664062,13132032
2025-09-30 10:45:00+00:00,1010.13818359375,1010.3968505859375,1009.0001220703125,1009.0001220703125,2883328
2025-09-30 11:00:00+00:00,1009.6026000976562,1010.5634155273438,1009.3068237304688,1010.2659912109375,0
2025-09-30 11:15:00+00:00,1010.7890014648438,1010.7890014648438,1009.5685424804688,1009.5685424804688,0
2025-09-30 11:30:00+00:00,1013.1117553710938,1013.1117553710938,1011.5659790039062,1011.5659790039062,2953984
2025-09-30 11:45:00+00:00,1015.48583984375,1016.44140625,1013.111328125,1013.111328125,12792320
2025-09-30 12:00:00+00:00,1011.8934936523438,1014.695556640625,1011.8934936523438,1014.695556640625,2225920
2025-09-30 12:15:00+00:00,1011.1326293945312,1011.7252807617188,1011.11572265625,1011.7252807617188,410368
2025-09-30 12:30:00+00:00,1010.8595581054688,1011.4931640625,1010.4880981445312,1011.03173828125,0
2025-09-30 12:45:00+00:00,1010.4771728515625,1011.6019897460938,1010.4771728515625,1011.147705078125,0
2025-09-30 13:00:00+00:00,1009.3523559570312,1010.4884643554688,1008.0302124023438,1010.4884643554688,0
2025-09-30 13:15:00+00:00,1010.0731811523438,1010.0750732421875,1009.2920532226562,1009.2920532226562,898048
2025-09-30 13:30:00+00:00,1009.61572265625,1010.4722900390625,1009.1339721679688,1010.1490478515625,0
2025-09-30 13:45:00+00:00,1008.3628540039062,1012.0934448242188,1008.3628540039062,1010.1461181640625,581888
2025-09-30 14:00:00+00:00,1005.8522338867188,1008.819580078125,1005.8522338867188,1008.819580078125,3031552
2025-09-30 14:15:00+00:00,1003.529296875,1005.1019897460938,1003.529296875,1004.7969970703125,3217152
2025-09-30 14:30:00+00:00,1003.9386596679688,1004.3318481445312,1002.9617309570312,1002.9617309570312,1634048
2025-09-30 14:45:00+00:00,1005.8743896484375,1005.9266357421875,1003.9170532226562,1003.9170532226562,0
2025-09-30 15:00:00+00:00,999.916259765625,1006.0638427734375,999.916259765625,1006.0638427734375,8232960
2025-09-30 15:15:00+00:00,994.6546630859375,999.5357666015625,994.56982421875,999.5357666015625,13198336
2025-09-30 15:30:00+00:00,995.7119750976562,996.0070190429688,994.5262451171875,994.5262451171875,4294656
2025-09-30 15:45:00+00:00,997.81982421875,998.1985473632812,995.770751953125,995.770751953125,3300096
2025-09-30 16:00:00+00:00,998.8490600585938,999.1737060546875,998.3003540039062,998.3313598632812,1137664
2025-09-30 16:15:00+00:00,999.1454467773438,999.960693359375,998.4025268554688,999.0543212890625,0
2025-09-30 16:30:00+00:00,1000.1857299804688,1001.1834716796875,999.0599975585938,999.0599975585938,12780288
2025-09-30 16:45:00+00:00,999.52685546875,1000.7205200195312,999.52685546875,1000.5162353515625,2069760
2025-09-30 17:00:00+00:00,999.1603393554688,1000.0932006835938,998.3785400390625,998.721435546875,792320
2025-09-30 17:15:00+00:00,1001.451171875,1001.7427368164062,999.2026977539062,999.2026977539062,7460608
2025-09-30 17:30:00+00:00,1002.9009399414062,1002.9009399414062,1000.7905883789062,1001.6212158203125,6630144
2025-09-30 17:45:00+00:00,1002.015625,1002.521240234375,1001.7835083007812,1002.3674926757812,4213504
2025-09-30 18:00:00+00:00,1002.6580200195312,1002.6580200195312,1001.1175537109375,1001.6710205078125,3239168
2025-09-30 18:15:00+00:00,1003.7175903320312,1003.7175903320312,1002.7095336914062,1002.75537109375,1977088
2025-09-30 18:30:00+00:00,1002.0136108398438,1003.650634765625,1001.96875,1003.650634765625,0
2025-09-30 18:45:00+00:00,1003.1416625976562,1003.1416625976562,1002.073974609375,1002.073974609375,0
2025-09-30 19:00:00+00:00,1004.0493774414062,1004.3043212890625,1003.4510498046875,1003.4510498046875,2414592
2025-09-30 19:15:00+00:00,1004.6868896484375,1004.6868896484375,1003.64013671875,1004.0921020507812,1018368
2025-09-30 19:30:00+00:00,1007.5787353515625,1007.5787353515625,1004.638916015625,1004.638916015625,12736512
2025-09-30 19:45:00+00:00,1008.0308227539062,1008.9422607421875,1007.9483032226562,1007.98095703125,6924800
2025-09-30 20:00:00+00:00,1004.6516723632812,1007.9306640625,1004.6516723632812,1007.9306640625,0
2025-09-30 20:15:00+00:00,1006.7096557617188,1006.71240234375,1004.3753662109375,1004.3753662109375,629504
2025-09-30 20:30:00+00:00,1006.354736328125,1006.5245971679688,1005.96875,1006.5245971679688,0
2025-09-30 20:45:00+00:00,1008.897216796875,1008.9647216796875,1006.5206298828125,1006.5206298828125,1286912
2025-09-30 21:00:00+00:00,1009.8104248046875,1010.279052734375,1008.9302368164062,1008.9302368164062,0
2025-09-30 21:15:00+00:00,1006.9625854492188,1008.5614013671875,1006.9625854492188,1008.5614013671875,0
2025-09-30 21:30:00+00:00,1006.5204467773438,1006.8201904296875,1005.8920288085938,1006.8201904296875,3433216
2025-09-30 21:45:00+00:00,1004.8851928710938,1006.5021362304688,1004.8851928710938,1006.5021362304688,0
2025-09-30 22:00:00+00:00,1003.3629150390625,1004.8005981445312,1003.2083129882812,1003.7005004882812,0
2025-09-30 22:15:00+00:00,1004.7925415039062,1004.7925415039062,1003.4337158203125,1003.4337158203125,0
2025-09-30 22:30:00+00:00,1002.675048828125,1004.9671630859375,1002.675048828125,1004.91162109375,1015552
2025-09-30 22:45:00+00:00,1002.5076293945312,1003.4301147460938,1002.2544555664062,1002.7369995117188,0
2025-09-30 23:00:00+00:00,1003.3135375976562,1003.3135375976562,1002.3369750976562,1002.56298828125,0
2025-09-30 23:15:00+00:00,1005.5204467773438,1005.5204467773438,1003.3475952148438,1003.3475952148438,830464
2025-09-30 23:30:00+00:00,1007.602783203125,1007.602783203125,1005.5509643554688,1005.5509643554688,2769664
2025-09-30 23:45:00+00:00,1008.8028564453125,1008.9093627929688,1007.6983032226562,1007.6983032226562,0
2025-10-01 00:00:00+00:00,1010.7268676757812,1010.7268676757812,1008.5563354492188,1008.5563354492188,1013248
2025-10-01 00:15:00+00:00,1010.86181640625,1012.1296997070312,1010.7369384765625,1010.7369384765625,0
2025-10-01 00:30:00+00:00,1009.9057006835938,1011.6256103515625,1009.9057006835938,1010.626708984375,258304
2025-10-01 00:45:00+00:00,1012.2115478515625,1012.2115478515625,1009.6634521484375,1009.7937622070312,0
2025-10-01 01:00:00+00:00,1013.93701171875,1013.93701171875,1011.876708984375,1012.3734130859375,1590272
2025-10-01 01:15:00+00:00,1013.6044921875,1015.2914428710938,1013.1829833984375,1014.688232421875,13152512
2025-10-01 01:30:00+00:00,1014.8997192382812,1014.8997192382812,1013.0278930664062,1013.6910400390625,331264
2025-10-01 01:45:00+00:00,1014.6677856445312,1014.6677856445312,1014.0401000976562,1014.4530029296875,2477824
2025-10-01 02:00:00+00:00,1014.3379516601562,1014.7178955078125,1014.1961059570312,1014.7178955078125,0
2025-10-01 02:15:00+00:00,1013.951904296875,1014.3101806640625,1013.951904296875,1014.2237548828125,1421824
2025-10-01 02:30:00+00:00,1011.9387817382812,1013.9332885742188,1011.9387817382812,1013.9332885742188,0
2025-10-01 02:45:00+00:00,1009.8234252929688,1011.9048461914062,1009.8234252929688,1011.9048461914062,0
2025-10-01 03:00:00+00:00,1008.2493286132812,1009.8016967773438,1007.91748046875,1009.8016967773438,223232
2025-10-01 03:15:00+00:00,1006.76220703125,1008.1383666992188,1005.843505859375,1008.1383666992188,28851712
2025-10-01 03:30:00+00:00,1005.1345825195312,1006.8278198242188,1005.1345825195312,1006.3963623046875,8085248
2025-10-01 03:45:00+00:00,1005.746826171875,1005.9337158203125,1003.9783935546875,1005.13720703125,4766720
2025-10-01 04:00:00+00:00,1007.19677734375,1007.7634887695312,1005.7523803710938,1005.7523803710938,1817856
2025-10-01 04:15:00+00:00,1010.5306396484375,1010.5435791015625,1007.1947631835938,1007.1947631835938,6874880
2025-10-01 04:30:00+00:00,1011.7951049804688,1012.2832641601562,1010.6435546875,1010.6435546875,15400960
2025-10-01 04:45:00+00:00,1010.1304931640625,1012.0123291015625,1010.1123046875,1011.76953125,1633536
2025-10-01 05:00:00+00:00,1012.4281616210938,1012.4918212890625,1009.9514770507812,1009.9514770507812,1529856
2025-10-01 05:15:00+00:00,1011.1630249023438,1012.3529663085938,1011.1630249023438,1012.3529663085938,0
2025-10-01 05:30:00+00:00,1010.9738159179688,1011.434326171875,1010.914794921875,1011.1019287109375,0
2025-10-01 05:45:00+00:00,1011.29541015625,1011.4403076171875,1010.8604736328125,1010.9620971679688,0
2025-10-01 06:00:00+00:00,1010.4618530273438,1011.3220825195312,1010.4618530273438,1011.3092651367188,5888
2025-10-01 06:15:00+00:00,1009.7621459960938,1010.4721069335938,1009.39697265625,1010.4721069335938,0
2025-10-01 06:30:00+00:00,1010.2233276367188,1010.234619140625,1009.77978515625,1009.8240356445312,789504
2025-10-01 06:45:00+00:00,1008.7966918945312,1010.195068359375,1008.6951904296875,1010.195068359375,3722240
2025-10-01 07:00:00+00:00,1010.6787719726562,1010.793212890625,1008.787841796875,1008.787841796875,2891520
2025-10-01 07:15:00+00:00,1011.02783203125,1011.02783203125,1010.2926025390625,1010.546875,247040
2025-10-01 07:30:00+00:00,1011.631591796875,1012.009521484375,1011.4730224609375,1011.4730224609375,2595584
2025-10-01 07:45:00+00:00,1011.1448974609375,1012.1876831054688,1011.1222534179688,1011.7725219726562,0
2025-10-01 08:00:00+00:00,1010.7933959960938,1011.0015258789062,1010.4380493164062,1011.0015258789062,824064
2025-10-01 08:15:00+00:00,1011.45068359375,1011.45068359375,1010.5345458984375,1010.859375,2489600
2025-10-01 08:30:00+00:00,1021.3037109375,1021.3037109375,1013.7709350585938,1013.7709350585938,51081472
2025-10-01 08:45:00+00:00,1026.9012451171875,1027.659912109375,1021.630615234375,1021.630615234375,104094208
2025-10-01 09:00:00+00:00,1031.2474365234375,1031.68115234375,1027.054443359375,1027.054443359375,40572672
2025-10-01 09:15:00+00:00,1028.979248046875,1030.177734375,1028.1907958984375,1030.0623779296875,11310848
2025-10-01 09:30:00+00:00,1031.5567626953125,1031.5567626953125,1029.5955810546875,1029.5955810546875,7138048
2025-10-01 09:45:00+00:00,1034.37939453125,1034.769775390625,1031.683837890625,1031.683837890625,5779968
2025-10-01 10:00:00+00:00,1028.48828125,1034.31494140625,1028.48828125,1034.31494140625,0
2025-10-01 10:15:00+00:00,1027.935791015625,1028.2513427734375,1027.415283203125,1027.415283203125,0
2025-10-01 10:30:00+00:00,1027.7474365234375,1027.977294921875,1027.4925537109375,1027.93994140625,0
2025-10-01 10:45:00+00:00,1027.94580078125,1028.6905517578125,1027.76416015625,1027.84228515625,2693632
2025-10-01 11:00:00+00:00,1028.5208740234375,1028.5992431640625,1028.0457763671875,1028.3233642578125,0
2025-10-01 11:15:00+00:00,1029.2880859375,1029.871337890625,1028.6087646484375,1028.6087646484375,7063552
2025-10-01 11:30:00+00:00,1025.2130126953125,1028.6348876953125,1025.2130126953125,1028.6348876953125,5980416
2025-10-01 11:45:00+00:00,1023.7074584960938,1024.6922607421875,1022.8897094726562,1024.681396484375,7467264
2025-10-01 12:00:00+00:00,1022.1966552734375,1023.800048828125,1022.1966552734375,1023.7593383789062,7336704
2025-10-01 12:15:00+00:00,1023.8807373046875,1023.8807373046875,1021.0648803710938,1022.1824951171875,20627968
2025-10-01 12:30:00+00:00,1023.2877807617188,1024.8798828125,1023.2877807617188,1024.8433837890625,9378560
2025-10-01 12:45:00+00:00,1018.8021850585938,1023.1151123046875,1018.8021850585938,1023.1151123046875,2539776
2025-10-01 13:00:00+00:00,1020.2579956054688,1020.4895629882812,1018.6952514648438,1018.6952514648438,5464320
2025-10-01 13:15:00+00:00,1024.0589599609375,1024.486328125,1020.4971923828125,1020.4971923828125,14728192
2025-10-01 13:30:00+00:00,1023.6249389648438,1024.238037109375,1023.4961547851562,1024.0863037109375,590080
2025-10-01 13:45:00+00:00,1023.8673095703125,1023.8673095703125,1021.5835571289062,1023.6188354492188,0
2025-10-01 14:00:00+00:00,1025.685302734375,1026.330078125,1023.5305786132812,1023.7550659179688,0
2025-10-01 14:15:00+00:00,1027.4500732421875,1027.4991455078125,1025.791015625,1025.791015625,665856
2025-10-01 14:30:00+00:00,1026.953857421875,1027.712646484375,1026.6982421875,1027.041259765625,2444032
2025-10-01 14:45:00+00:00,1022.873779296875,1026.824462890625,1022.0818481445312,1026.824462890625,7320320
2025-10-01 15:00:00+00:00,1019.3008422851562,1022.9143676757812,1019.3008422851562,1022.9143676757812,0
2025-10-01 15:15:00+00:00,1020.89111328125,1020.972412109375,1019.3759155273438,1019.3759155273438,0
2025-10-01 15:30:00+00:00,1021.1228637695312,1021.4830322265625,1020.4556884765625,1020.7608032226562,3891968
2025-10-01 15:45:00+00:00,1018.7884521484375,1021.1763916015625,1018.7884521484375,1021.1763916015625,6583552
2025-10-01 16:00:00+00:00,1018.7617797851562,1019.994384765625,1018.7617797851562,1019.04052734375,11371520
2025-10-01 16:15:00+00:00,1019.811767578125,1020.6732177734375,1018.8319702148438,1018.8319702148438,13100288
2025-10-01 16:30:00+00:00,1020.5406494140625,1020.5406494140625,1019.209228515625,1020.0625610351562,2742784
2025-10-01 16:45:00+00:00,1021.307861328125,1022.2647094726562,1021.0513916015625,1021.0513916015625,1075968
2025-10-01 17:00:00+00:00,1023.9651489257812,1023.9651489257812,1021.2928466796875,1021.2928466796875,161792
2025-10-01 17:15:00+00:00,1024.0704345703125,1025.339111328125,1023.391845703125,1023.703369140625,1769472
2025-10-01 17:30:00+00:00,1022.4552001953125,1023.8812866210938,1022.4552001953125,1023.8812866210938,874240
2025-10-01 17:45:00+00:00,1021.0892333984375,1022.8199462890625,1020.8375854492188,1022.4467163085938,5899008
2025-10-01 18:00:00+00:00,1022.8743896484375,1023.0550537109375,1020.7021484375,1021.0986938476562,2322432
2025-10-01 18:15:00+00:00,1022.1781616210938,1022.8655395507812,1021.3271484375,1022.8655395507812,3287296
2025-10-01 18:30:00+00:00,1022.2381591796875,1022.2381591796875,1022.0841674804688,1022.2183227539062,5743616
2025-10-01 18:45:00+00:00,1020.8419799804688,1022.3031616210938,1020.8233032226562,1022.3031616210938,1772288
2025-10-01 19:00:00+00:00,1021.321533203125,1021.321533203125,1020.4906005859375,1020.8135375976562,0
2025-10-01 19:15:00+00:00,1022.365478515625,1022.5601806640625,1021.2445068359375,1021.3074340820312,1168128
2025-10-01 19:30:00+00:00,1021.336669921875,1022.5006713867188,1020.8993530273438,1022.5006713867188,0
2025-10-01 19:45:00+00:00,1020.572265625,1021.5604248046875,1020.572265625,1021.1898193359375,0
2025-10-01 20:00:00+00:00,1019.0247192382812,1020.349609375,1019.0247192382812,1020.32470703125,17776896
2025-10-01 20:15:00+00:00,1020.2716674804688,1020.2716674804688,1019.0809326171875,1019.0809326171875,2026752
2025-10-01 20:30:00+00:00,1021.2078247070312,1021.2078247070312,1020.3006591796875,1020.3006591796875,632064
2025-10-01 20:45:00+00:00,1021.807373046875,1021.807373046875,1021.2272338867188,1021.2272338867188,0
2025-10-01 21:00:00+00:00,1021.9854736328125,1022.3271484375,1021.8731689453125,1021.8731689453125,0
2025-10-01 21:15:00+00:00,1021.8670043945312,1022.7179565429688,1021.6117553710938,1022.0313110351562,0
2025-10-01 21:30:00+00:00,1020.9619140625,1022.0536499023438,1020.9161376953125,1021.8428344726562,28416
2025-10-01 21:45:00+00:00,1020.649169921875,1021.2930297851562,1020.5260620117188,1020.9419555664062,4102912
2025-10-01 22:00:00+00:00,1022.304931640625,1022.7445068359375,1020.405517578125,1020.685791015625,5382656
2025-10-01 22:15:00+00:00,1021.7319946289062,1022.4258422851562,1021.4675903320312,1022.2593994140625,2955520
2025-10-01 22:30:00+00:00,1020.6386108398438,1021.7210083007812,1020.6386108398438,1021.7210083007812,0
2025-10-01 22:45:00+00:00,1022.26123046875,1022.4775390625,1020.9151000976562,1020.9151000976562,1714176
2025-10-01 23:00:00+00:00,1023.5523071289062,1024.16552734375,1022.2218017578125,1022.2855224609375,17948416
2025-10-01 23:15:00+00:00,1023.48583984375,1024.16455078125,1023.1216430664062,1023.4482421875,12600064
2025-10-01 23:30:00+00:00,1026.1541748046875,1026.1541748046875,1024.395263671875,1024.4193115234375,7168768
2025-10-01 23:45:00+00:00,1026.072998046875,1026.6634521484375,1026.072998046875,1026.174560546875,3000064
2025-10-02 00:00:00+00:00,1030.1612548828125,1030.1612548828125,1026.187744140625,1026.187744140625,19393280
2025-10-02 00:15:00+00:00,1029.260498046875,1032.0872802734375,1029.260498046875,1030.3204345703125,17521920
2025-10-02 00:30:00+00:00,1025.23681640625,1028.6287841796875,1025.23681640625,1028.5965576171875,5277440
2025-10-02 00:45:00+00:00,1024.3056640625,1025.5433349609375,1024.2137451171875,1025.292724609375,13435392
2025-10-02 01:00:00+00:00,1026.6536865234375,1026.6536865234375,1024.433837890625,1024.433837890625,3657472
2025-10-02 01:15:00+00:00,1028.3729248046875,1028.3729248046875,1026.221923828125,1026.720947265625,0
2025-10-02 01:30:00+00:00,1028.8450927734375,1028.8450927734375,1027.900390625,1028.35791015625,7414784
2025-10-02 01:45:00+00:00,1035.59375,1035.59375,1030.20947265625,1030.20947265625,36836608
2025-10-02 02:00:00+00:00,1033.5670166015625,1036.218505859375,1032.6280517578125,1036.218505859375,21944576
2025-10-02 02:15:00+00:00,1036.2174072265625,1036.2806396484375,1033.4345703125,1033.4345703125,16202240
2025-10-02 02:30:00+00:00,1034.5120849609375,1035.5474853515625,1034.403564453125,1035.5474853515625,13671680
2025-10-02 02:45:00+00:00,1036.1070556640625,1037.3719482421875,1034.500732421875,1034.500732421875,12044288
2025-10-02 03:00:00+00:00,1035.7384033203125,1036.00341796875,1035.473876953125,1036.00341796875,1656576
2025-10-02 03:15:00+00:00,1033.8834228515625,1035.59423828125,1033.5205078125,1035.59423828125,0
2025-10-02 03:30:00+00:00,1033.7960205078125,1033.92138671875,1033.4251708984375,1033.7919921875,2127104
2025-10-02 03:45:00+00:00,1032.1680908203125,1033.8636474609375,1032.1680908203125,1033.783935546875,639744
2025-10-02 04:00:00+00:00,1033.496337890625,1033.6614990234375,1031.6788330078125,1032.0345458984375,961792
2025-10-02 04:15:00+00:00,1031.851806640625,1033.7412109375,1031.851806640625,1033.6572265625,953856
2025-10-02 04:30:00+00:00,1028.6571044921875,1030.822021484375,1028.6571044921875,1030.822021484375,588032
2025-10-02 04:45:00+00:00,1029.959716796875,1029.959716796875,1029.2392578125,1029.40087890625,2747904
2025-10-02 05:00:00+00:00,1030.27392578125,1031.2279052734375,1030.27392578125,1030.749267578125,0
2025-10-02 05:15:00+00:00,1029.749755859375,1030.3326416015625,1029.3311767578125,1030.3326416015625,2221824
2025-10-02 05:30:00+00:00,1031.1224365234375,1031.2550048828125,1030.0968017578125,1030.0968017578125,7248896
2025-10-02 05:45:00+00:00,1031.69140625,1033.419677734375,1031.2734375,1031.2734375,12044544
2025-10-02 06:00:00+00:00,1032.08447265625,1032.3623046875,1031.602783203125,1031.619873046875,1567232
2025-10-02 06:15:00+00:00,1033.9013671875,1033.9013671875,1032.1031494140625,1032.1031494140625,1747456
2025-10-02 06:30:00+00:00,1039.677734375,1039.895751953125,1034.895751953125,1034.895751953125,54492160
2025-10-02 06:45:00+00:00,1037.49072265625,1038.48095703125,1037.49072265625,1038.48095703125,5892864
2025-10-02 07:00:00+00:00,1037.4923095703125,1038.220458984375,1037.1705322265625,1037.26953125,834048
2025-10-02 07:15:00+00:00,1038.841796875,1039.5379638671875,1037.4140625,1037.450439453125,5490688
2025-10-02 07:30:00+00:00,1037.3585205078125,1038.7353515625,1037.3585205078125,1038.7353515625,1178880
2025-10-02 07:45:00+00:00,1036.1058349609375,1037.2720947265625,1036.073974609375,1037.2720947265625,1597952
2025-10-02 08:00:00+00:00,1037.700927734375,1038.174072265625,1036.598876953125,1036.598876953125,783872
2025-10-02 08:15:00+00:00,1037.2593994140625,1037.6092529296875,1037.051513671875,1037.6092529296875,0
2025-10-02 08:30:00+00:00,1035.921142578125,1037.268798828125,1035.921142578125,1037.268798828125,0
2025-10-02 08:45:00+00:00,1034.7760009765625,1036.0213623046875,1034.7252197265625,1035.880615234375,0
2025-10-02 09:00:00+00:00,1036.4029541015625,1036.4029541015625,1034.9273681640625,1034.9388427734375,0
2025-10-02 09:15:00+00:00,1038.2750244140625,1038.2750244140625,1036.31396484375,1036.4068603515625,0
2025-10-02 09:30:00+00:00,1040.304931640625,1040.3065185546875,1038.2855224609375,1038.53515625,5291264
2025-10-02 09:45:00+00:00,1039.7752685546875,1040.4193115234375,1039.641845703125,1040.417236328125,0
2025-10-02 10:00:00+00:00,1040.1787109375,1040.650390625,1039.748291015625,1039.9464111328125,0
2025-10-02 10:15:00+00:00,1039.578857421875,1040.132568359375,1039.5345458984375,1040.132568359375,1308672
2025-10-02 10:30:00+00:00,1044.258056640625,1044.258056640625,1038.927734375,1039.5323486328125,19830016
2025-10-02 10:45:00+00:00,1044.1944580078125,1045.398681640625,1044.1944580078125,1044.4117431640625,8142848
2025-10-02 11:00:00+00:00,1046.37353515625,1046.9337158203125,1044.24755859375,1044.24755859375,21585152
2025-10-02 11:15:00+00:00,1045.716064453125,1047.2293701171875,1045.461181640625,1046.550537109375,5463296
2025-10-02 11:30:00+00:00,1049.42822265625,1049.42822265625,1046.4254150390625,1046.4254150390625,8786432
2025-10-02 11:45:00+00:00,1048.695068359375,1049.5408935546875,1048.6409912109375,1049.4207763671875,0
2025-10-02 12:00:00+00:00,1050.7581787109375,1050.7581787109375,1048.5706787109375,1048.7384033203125,3030272
2025-10-02 12:15:00+00:00,1053.618896484375,1054.6240234375,1051.1265869140625,1051.1265869140625,14120448
2025-10-02 12:30:00+00:00,1062.2099609375,1062.2099609375,1054.0347900390625,1054.3946533203125,61677568
2025-10-02 12:45:00+00:00,1060.5858154296875,1061.820068359375,1060.508056640625,1061.5223388671875,23969792
2025-10-02 13:00:00+00:00,1057.40673828125,1060.8695068359375,1057.40673828125,1060.6121826171875,21728512
2025-10-02 13:15:00+00:00,1057.0595703125,1057.889404296875,1055.22900390625,1057.0386962890625,24143616
2025-10-02 13:30:00+00:00,1055.4332275390625,1058.1905517578125,1055.4332275390625,1057.218994140625,4780288
2025-10-02 13:45:00+00:00,1056.3773193359375,1058.120849609375,1055.550537109375,1055.550537109375,20479488
2025-10-02 14:00:00+00:00,1053.130126953125,1056.28076171875,1053.130126953125,1056.28076171875,4743680
2025-10-02 14:15:00+00:00,1052.6661376953125,1053.1654052734375,1051.3770751953125,1053.1654052734375,3939328
2025-10-02 14:30:00+00:00,1050.7943115234375,1052.9854736328125,1050.7943115234375,1052.6845703125,0
2025-10-02 14:45:00+00:00,1045.9609375,1049.3994140625,1045.9609375,1049.2869873046875,9684224
2025-10-02 15:00:00+00:00,1047.8695068359375,1047.8695068359375,1043.3729248046875,1045.8087158203125,22192640
2025-10-02 15:15:00+00:00,1052.0889892578125,1052.1793212890625,1047.8902587890625,1047.9483642578125,19261952
2025-10-02 15:30:00+00:00,1051.7969970703125,1052.6932373046875,1050.1907958984375,1052.6932373046875,5782016
2025-10-02 15:45:00+00:00,1056.1685791015625,1056.1685791015625,1051.906494140625,1051.906494140625,7695872
2025-10-02 16:00:00+00:00,1060.4339599609375,1060.4339599609375,1056.299560546875,1056.299560546875,8201216
2025-10-02 16:15:00+00:00,1060.8392333984375,1061.56982421875,1060.27099609375,1060.27099609375,6171136
2025-10-02 16:30:00+00:00,1057.69580078125,1061.2891845703125,1057.69580078125,1061.182373046875,8523520
2025-10-02 16:45:00+00:00,1061.1688232421875,1061.272705078125,1057.5654296875,1057.5654296875,13518592
2025-10-02 17:00:00+00:00,1060.68994140625,1061.7303466796875,1060.2452392578125,1061.7303466796875,5142016
2025-10-02 17:15:00+00:00,1061.03955078125,1061.545166015625,1059.568115234375,1061.545166015625,4153856
2025-10-02 17:30:00+00:00,1060.4627685546875,1060.9654541015625,1060.0015869140625,1060.9654541015625,9509120
2025-10-02 17:45:00+00:00,1059.922607421875,1060.0223388671875,1059.6173095703125,1059.9578857421875,972032
2025-10-02 18:00:00+00:00,1063.0927734375,1063.0927734375,1059.927734375,1059.9891357421875,13468416
2025-10-02 18:15:00+00:00,1066.84619140625,1066.84619140625,1065.192626953125,1065.2000732421875,20087296
2025-10-02 18:30:00+00:00,1067.7276611328125,1068.083251953125,1067.08642578125,1067.08642578125,15324416
2025-10-02 18:45:00+00:00,1068.3953857421875,1068.478271484375,1067.8153076171875,1067.8153076171875,6586624
2025-10-02 19:00:00+00:00,1070.7755126953125,1070.7755126953125,1068.1729736328125,1068.4686279296875,16344576
2025-10-02 19:15:00+00:00,1070.7586669921875,1072.3782958984375,1070.153076171875,1071.984375,17403648
2025-10-02 19:30:00+00:00,1072.632568359375,1072.65380859375,1070.3978271484375,1070.931884765625,17909248
2025-10-02 19:45:00+00:00,1074.187255859375,1074.8758544921875,1072.8671875,1072.8671875,20228352
2025-10-02 20:00:00+00:00,1076.958984375,1076.958984375,1074.51416015625,1074.51416015625,13299968
2025-10-02 20:15:00+00:00,1078.4039306640625,1078.4039306640625,1075.3370361328125,1076.837158203125,16404992
2025-10-02 20:30:00+00:00,1083.982666015625,1083.982666015625,1078.8896484375,1078.935791015625,76117248
2025-10-02 20:45:00+00:00,1081.0787353515625,1084.781005859375,1080.773193359375,1083.790771484375,40892928
2025-10-02 21:00:00+00:00,1086.078125,1086.0860595703125,1081.9058837890625,1081.9058837890625,38649088
2025-10-02 21:15:00+00:00,1084.86181640625,1086.5213623046875,1084.86181640625,1085.8839111328125,28576512
2025-10-02 21:30:00+00:00,1083.08740234375,1084.835205078125,1082.6937255859375,1084.835205078125,20429824
2025-10-02 21:45:00+00:00,1081.0093994140625,1083.7652587890625,1080.9090576171875,1083.008056640625,4686848
2025-10-02 22:00:00+00:00,1081.4931640625,1082.5545654296875,1079.9522705078125,1080.5916748046875,8155904
2025-10-02 22:15:00+00:00,1083.3153076171875,1083.909423828125,1081.2447509765625,1081.34912109375,24005120
2025-10-02 22:30:00+00:00,1086.4713134765625,1087.005615234375,1084.1776123046875,1084.1776123046875,14445056
2025-10-02 22:45:00+00:00,1091.5509033203125,1091.5509033203125,1086.69580078125,1086.69580078125,39981056
2025-10-02 23:00:00+00:00,1095.2723388671875,1097.0576171875,1093.3040771484375,1093.3040771484375,59514880
2025-10-02 23:15:00+00:00,1091.49560546875,1094.7406005859375,1091.4105224609375,1094.7406005859375,17278464
2025-10-02 23:30:00+00:00,1088.1082763671875,1091.618896484375,1088.0843505859375,1091.505126953125,18420224
2025-10-02 23:45:00+00:00,1090.5255126953125,1090.5255126953125,1088.3748779296875,1088.3748779296875,19958784
2025-10-03 00:00:00+00:00,1086.4111328125,1091.5518798828125,1086.4041748046875,1091.2471923828125,1128448
2025-10-03 00:15:00+00:00,1087.5003662109375,1087.8505859375,1086.3568115234375,1086.3568115234375,1451008
2025-10-03 00:30:00+00:00,1086.681640625,1088.1048583984375,1086.681640625,1088.1048583984375,0
2025-10-03 00:45:00+00:00,1087.0238037109375,1087.525390625,1086.4969482421875,1086.7132568359375,0
2025-10-03 01:00:00+00:00,1088.851806640625,1089.4381103515625,1087.081298828125,1087.081298828125,12202240
2025-10-03 01:15:00+00:00,1093.5123291015625,1093.5123291015625,1088.7584228515625,1088.7584228515625,25065984
2025-10-03 01:30:00+00:00,1095.3492431640625,1095.8807373046875,1095.047119140625,1095.047119140625,21347328
2025-10-03 01:45:00+00:00,1089.3736572265625,1095.2406005859375,1089.3736572265625,1095.2406005859375,0
2025-10-03 02:00:00+00:00,1090.7564697265625,1090.7564697265625,1088.8280029296875,1089.2528076171875,6190080
2025-10-03 02:15:00+00:00,1094.031005859375,1094.300537109375,1090.962890625,1090.962890625,8656384
2025-10-03 02:30:00+00:00,1093.9349365234375,1095.94189453125,1093.500244140625,1094.01513671875,10445568
2025-10-03 02:45:00+00:00,1097.7747802734375,1097.7747802734375,1093.132080078125,1093.8243408203125,11795456
2025-10-03 03:00:00+00:00,1106.5135498046875,1106.5135498046875,1097.2425537109375,1097.3294677734375,84443648
2025-10-03 03:15:00+00:00,1107.802978515625,1108.1998291015625,1106.20654296875,1106.3231201171875,53870080
2025-10-03 03:30:00+00:00,1111.65185546875,1111.65185546875,1107.8619384765625,1107.8619384765625,76624896
2025-10-03 03:45:00+00:00,1108.065185546875,1111.2506103515625,1108.065185546875,1111.2506103515625,26904832
2025-10-03 04:00:00+00:00,1111.4766845703125,1111.4766845703125,1108.4010009765625,1108.4010009765625,38319616
2025-10-03 04:15:00+00:00,1109.197021484375,1112.523193359375,1108.78759765625,1111.619140625,26335488
2025-10-03 04:30:00+00:00,1100.8365478515625,1109.1837158203125,1100.8365478515625,1109.1837158203125,37276416
2025-10-03 04:45:00+00:00,1099.242919921875,1101.09912109375,1097.8447265625,1101.09912109375,23700736
2025-10-03 05:00:00+00:00,1096.3023681640625,1100.03662109375,1096.3023681640625,1099.365234375,5372160
2025-10-03 05:15:00+00:00,1096.35595703125,1096.35595703125,1095.208740234375,1096.263916015625,18193152
2025-10-03 05:30:00+00:00,1096.4659423828125,1097.9285888671875,1096.4156494140625,1096.4156494140625,13562368
2025-10-03 05:45:00+00:00,1095.4556884765625,1096.310302734375,1095.0799560546875,1096.310302734375,10975232
2025-10-03 06:00:00+00:00,1097.0345458984375,1097.0345458984375,1094.0379638671875,1095.439697265625,25260800
2025-10-03 06:15:00+00:00,1097.831787109375,1098.3140869140625,1097.01611328125,1097.261474609375,21009920
2025-10-03 06:30:00+00:00,1099.146240234375,1099.279541015625,1098.1402587890625,1098.1402587890625,0
2025-10-03 06:45:00+00:00,1092.5079345703125,1098.8299560546875,1092.5079345703125,1098.8299560546875,14788352
2025-10-03 07:00:00+00:00,1089.9512939453125,1092.6285400390625,1089.27783203125,1092.52734375,25057792
2025-10-03 07:15:00+00:00,1087.4339599609375,1091.1077880859375,1087.4339599609375,1089.9681396484375,14631424
2025-10-03 07:30:00+00:00,1087.44580078125,1087.6923828125,1086.578125,1087.1766357421875,17081856
2025-10-03 07:45:00+00:00,1086.381591796875,1087.9637451171875,1086.2861328125,1087.39111328125,8246784
2025-10-03 08:00:00+00:00,1088.45068359375,1088.45068359375,1086.8416748046875,1086.8416748046875,9520640
2025-10-03 08:15:00+00:00,1088.5509033203125,1088.598876953125,1085.631591796875,1088.319580078125,23190016
2025-10-03 08:30:00+00:00,1092.4749755859375,1092.5465087890625,1088.6942138671875,1088.6942138671875,19685888
2025-10-03 08:45:00+00:00,1096.6832275390625,1097.346923828125,1095.671630859375,1095.671630859375,42169856
2025-10-03 09:00:00+00:00,1104.1214599609375,1104.4327392578125,1096.994140625,1096.994140625,37232640
2025-10-03 09:15:00+00:00,1109.9332275390625,1109.9332275390625,1104.1771240234375,1104.1771240234375,61864448
2025-10-03 09:30:00+00:00,1109.38671875,1112.9322509765625,1109.38671875,1112.302978515625,59439616
2025-10-03 09:45:00+00:00,1107.9884033203125,1110.326904296875,1107.9884033203125,1109.38671875,14126080
2025-10-03 10:00:00+00:00,1106.8427734375,1108.9580078125,1106.8427734375,1108.260986328125,5429760
2025-10-03 10:15:00+00:00,1107.3863525390625,1108.375244140625,1106.8310546875,1106.8310546875,6638080
2025-10-03 10:30:00+00:00,1109.924072265625,1109.972412109375,1107.2039794921875,1107.2039794921875,1907200
2025-10-03 10:45:00+00:00,1108.19189453125,1110.0147705078125,1108.19189453125,1110.0147705078125,481792
2025-10-03 11:00:00+00:00,1103.696533203125,1108.155029296875,1103.696533203125,1108.042724609375,985600
2025-10-03 11:15:00+00:00,1105.7808837890625,1105.7808837890625,1103.3736572265625,1103.7742919921875,5246976
2025-10-03 11:30:00+00:00,1105.0963134765625,1106.0081787109375,1104.262939453125,1106.0081787109375,0
2025-10-03 11:45:00+00:00,1106.55224609375,1107.1409912109375,1104.9578857421875,1104.9578857421875,0
2025-10-03 12:00:00+00:00,1108.9327392578125,1108.9327392578125,1106.685546875,1106.685546875,0
2025-10-03 12:15:00+00:00,1110.3084716796875,1110.3084716796875,1109.219970703125,1109.6278076171875,1253888
2025-10-03 12:30:00+00:00,1108.3365478515625,1109.8970947265625,1108.276123046875,1109.8782958984375,0
2025-10-03 12:45:00+00:00,1108.010498046875,1108.137451171875,1107.2781982421875,1108.137451171875,0
2025-10-03 13:00:00+00:00,1105.20068359375,1107.616943359375,1104.1685791015625,1107.5283203125,0
2025-10-03 13:15:00+00:00,1118.9521484375,1118.9521484375,1104.5447998046875,1104.5447998046875,76349440
2025-10-03 13:30:00+00:00,1131.743408203125,1139.06103515625,1120.9122314453125,1120.9122314453125,231176192
2025-10-03 13:45:00+00:00,1134.6531982421875,1134.6531982421875,1131.325439453125,1131.325439453125,54466048
2025-10-03 14:00:00+00:00,1128.1505126953125,1135.6845703125,1128.089599609375,1135.6845703125,52454400
2025-10-03 14:15:00+00:00,1132.6944580078125,1132.6944580078125,1121.7288818359375,1127.3343505859375,70547456
2025-10-03 14:30:00+00:00,1135.0994873046875,1135.2152099609375,1131.8277587890625,1132.56640625,33925632
2025-10-03 14:45:00+00:00,1141.682373046875,1141.682373046875,1135.3065185546875,1135.3065185546875,30842368
2025-10-03 15:00:00+00:00,1139.494140625,1141.681884765625,1139.494140625,1141.681884765625,4444672
2025-10-03 15:15:00+00:00,1145.3546142578125,1145.5286865234375,1140.347412109375,1140.347412109375,42783232
2025-10-03 15:30:00+00:00,1148.3909912109375,1150.112060546875,1145.7318115234375,1145.7318115234375,98039808
2025-10-03 15:45:00+00:00,1160.2276611328125,1160.2276611328125,1145.712890625,1147.8880615234375,107665920
2025-10-03 16:00:00+00:00,1159.4910888671875,1167.0986328125,1157.287841796875,1161.2396240234375,120750080
2025-10-03 16:15:00+00:00,1155.106201171875,1156.550048828125,1151.77587890625,1156.550048828125,49575424
2025-10-03 16:30:00+00:00,1159.2271728515625,1159.2271728515625,1153.585205078125,1154.2841796875,48936960
2025-10-03 16:45:00+00:00,1157.6746826171875,1160.939453125,1155.5447998046875,1160.939453125,47897088
2025-10-03 17:00:00+00:00,1144.7218017578125,1152.588623046875,1141.50537109375,1152.588623046875,157172736
2025-10-03 17:15:00+00:00,1140.099853515625,1146.1546630859375,1139.2044677734375,1145.014892578125,57535488
2025-10-03 17:30:00+00:00,1141.760498046875,1143.0286865234375,1139.212158203125,1139.2701416015625,25651712
2025-10-03 17:45:00+00:00,1138.8448486328125,1143.7108154296875,1138.8448486328125,1142.2225341796875,35294208
2025-10-03 18:00:00+00:00,1142.70458984375,1142.70458984375,1136.718994140625,1138.69921875,22722048
2025-10-03 18:15:00+00:00,1149.3277587890625,1150.09814453125,1143.7481689453125,1143.7481689453125,25923584
2025-10-03 18:30:00+00:00,1156.042236328125,1156.042236328125,1149.0748291015625,1149.2591552734375,26599936
2025-10-03 18:45:00+00:00,1171.15185546875,1171.7593994140625,1155.6123046875,1155.6123046875,148387328
2025-10-03 19:00:00+00:00,1167.195068359375,1171.919189453125,1166.4337158203125,1171.919189453125,35301888
2025-10-03 19:15:00+00:00,1168.490478515625,1170.3658447265625,1166.4635009765625,1167.0133056640625,24304128
2025-10-03 19:30:00+00:00,1170.2681884765625,1170.37451171875,1169.2769775390625,1169.91748046875,9667072
2025-10-03 19:45:00+00:00,1170.1475830078125,1170.2359619140625,1168.0103759765625,1170.2359619140625,3947520
2025-10-03 20:00:00+00:00,1167.329345703125,1170.6807861328125,1167.329345703125,1170.1007080078125,6144
2025-10-03 20:15:00+00:00,1167.22119140625,1170.988525390625,1167.22119140625,1167.671630859375,9353728
2025-10-03 20:30:00+00:00,1168.237548828125,1169.0010986328125,1167.253662109375,1167.343505859375,0
2025-10-03 20:45:00+00:00,1174.385498046875,1174.385498046875,1168.3106689453125,1168.3106689453125,22530560
2025-10-03 21:00:00+00:00,1180.42333984375,1181.3240966796875,1179.51708984375,1179.51708984375,55327232
2025-10-03 21:15:00+00:00,1180.748046875,1181.638916015625,1180.3348388671875,1180.5521240234375,14876672
2025-10-03 21:30:00+00:00,1176.35986328125,1180.951904296875,1176.0657958984375,1180.7728271484375,5445120
2025-10-03 21:45:00+00:00,1178.608642578125,1178.608642578125,1174.700439453125,1176.9195556640625,11308544
2025-10-03 22:00:00+00:00,1179.5189208984375,1179.5189208984375,1178.0816650390625,1178.0816650390625,4486144
2025-10-03 22:15:00+00:00,1181.9730224609375,1183.3121337890625,1179.6224365234375,1179.6224365234375,11556352
2025-10-03 22:30:00+00:00,1181.075439453125,1182.579833984375,1181.0450439453125,1181.947021484375,6695936
2025-10-03 22:45:00+00:00,1184.826171875,1189.9791259765625,1179.861572265625,1180.896240234375,50930176
2025-10-03 23:00:00+00:00,1176.111328125,1183.024169921875,1176.111328125,1183.024169921875,0
2025-10-03 23:15:00+00:00,1180.2449951171875,1180.2449951171875,1176.2540283203125,1176.2540283203125,1998848
2025-10-03 23:30:00+00:00,1184.17626953125,1184.17626953125,1180.4130859375,1180.4130859375,6995456
2025-10-03 23:45:00+00:00,1189.972412109375,1189.972412109375,1184.096435546875,1184.096435546875,19088384
2025-10-04 00:00:00+00:00,1186.8280029296875,1189.717041015625,1186.6483154296875,1189.717041015625,3457536
2025-10-04 00:15:00+00:00,1184.9461669921875,1187.04296875,1184.9461669921875,1186.6212158203125,10588672
2025-10-04 00:30:00+00:00,1179.8409423828125,1184.6328125,1177.5513916015625,1184.6328125,14284288
2025-10-04 00:45:00+00:00,1176.40087890625,1178.243408203125,1175.98291015625,1178.243408203125,21860352
2025-10-04 01:00:00+00:00,1175.4495849609375,1178.9683837890625,1175.4495849609375,1176.910888671875,3804160
2025-10-04 01:15:00+00:00,1169.7625732421875,1175.3807373046875,1169.7625732421875,1175.3807373046875,0
2025-10-04 01:30:00+00:00,1167.41845703125,1171.6192626953125,1167.377685546875,1169.747802734375,10706944
2025-10-04 01:45:00+00:00,1170.63037109375,1170.63037109375,1165.718505859375,1167.2501220703125,24173056
2025-10-04 02:00:00+00:00,1173.02685546875,1173.602294921875,1171.3111572265625,1171.3111572265625,9007104
2025-10-04 02:15:00+00:00,1167.408203125,1172.346435546875,1167.146240234375,1172.346435546875,4610560
2025-10-04 02:30:00+00:00,1168.8570556640625,1168.8570556640625,1167.3597412109375,1167.3597412109375,4241920
2025-10-04 02:45:00+00:00,1176.57470703125,1176.57470703125,1170.41162109375,1170.41162109375,20608000
2025-10-04 03:00:00+00:00,1173.4901123046875,1176.7154541015625,1173.4901123046875,1176.7154541015625,0
2025-10-04 03:15:00+00:00,1173.562744140625,1174.001220703125,1172.0948486328125,1173.5220947265625,0
2025-10-04 03:30:00+00:00,1173.1024169921875,1175.2646484375,1172.9957275390625,1174.5330810546875,0
2025-10-04 03:45:00+00:00,1171.6885986328125,1172.45751953125,1170.5928955078125,1172.45751953125,0
2025-10-04 04:00:00+00:00,1171.9598388671875,1172.3140869140625,1169.39453125,1171.6361083984375,0
2025-10-04 04:15:00+00:00,1170.3375244140625,1171.9781494140625,1170.3375244140625,1171.95654296875,0
2025-10-04 04:30:00+00:00,1172.0703125,1172.0703125,1169.8585205078125,1170.3272705078125,0
2025-10-04 04:45:00+00:00,1174.2269287109375,1174.989501953125,1172.29296875,1172.29296875,347648
2025-10-04 05:00:00+00:00,1179.3148193359375,1179.3148193359375,1174.2547607421875,1174.2547607421875,13349888
2025-10-04 05:15:00+00:00,1181.89990234375,1181.89990234375,1178.9781494140625,1179.572509765625,7081472
2025-10-04 05:30:00+00:00,1178.2247314453125,1181.11474609375,1178.2247314453125,1181.11474609375,3867136
2025-10-04 05:45:00+00:00,1178.1419677734375,1179.13232421875,1177.5576171875,1177.5992431640625,0
2025-10-04 06:00:00+00:00,1174.14599609375,1178.138427734375,1174.14599609375,1178.138427734375,0
2025-10-04 06:15:00+00:00,1172.5841064453125,1174.177978515625,1172.5841064453125,1174.177978515625,4087296
2025-10-04 06:30:00+00:00,1175.7926025390625,1175.7967529296875,1171.874267578125,1171.874267578125,9331712
2025-10-04 06:45:00+00:00,1173.3094482421875,1175.8538818359375,1173.3094482421875,1175.8538818359375,0
2025-10-04 07:00:00+00:00,1173.5921630859375,1173.60693359375,1172.7734375,1173.2611083984375,0
2025-10-04 07:15:00+00:00,1170.976318359375,1173.6776123046875,1170.976318359375,1173.6590576171875,0
2025-10-04 07:30:00+00:00,1171.8896484375,1171.8896484375,1170.370361328125,1170.6661376953125,2048512
2025-10-04 07:45:00+00:00,1167.2021484375,1170.6588134765625,1167.124755859375,1170.6588134765625,5225984
2025-10-04 08:00:00+00:00,1168.0518798828125,1168.1153564453125,1167.0804443359375,1167.3050537109375,7166976
2025-10-04 08:15:00+00:00,1167.0797119140625,1168.1103515625,1166.1412353515625,1168.1103515625,2476032
2025-10-04 08:30:00+00:00,1158.577880859375,1164.4833984375,1158.377197265625,1164.435791015625,17335808
2025-10-04 08:45:00+00:00,1157.0360107421875,1158.1646728515625,1157.0360107421875,1158.0640869140625,20563456
2025-10-04 09:00:00+00:00,1158.74267578125,1158.9755859375,1156.0142822265625,1156.1669921875,2466816
2025-10-04 09:15:00+00:00,1161.6204833984375,1161.6204833984375,1158.6925048828125,1158.6925048828125,0
2025-10-04 09:30:00+00:00,1159.7236328125,1161.768310546875,1159.5325927734375,1161.768310546875,0
2025-10-04 09:45:00+00:00,1151.135009765625,1159.620849609375,1151.070068359375,1159.620849609375,6514176
2025-10-04 10:00:00+00:00,1152.6163330078125,1152.71630859375,1151.2371826171875,1151.2371826171875,1972736
2025-10-04 10:15:00+00:00,1154.820068359375,1154.820068359375,1152.6103515625,1152.6103515625,3581952
2025-10-04 10:30:00+00:00,1149.760498046875,1155.66748046875,1149.6339111328125,1155.5333251953125,755200
2025-10-04 10:45:00+00:00,1149.75927734375,1150.431396484375,1148.861328125,1150.239990234375,5351424
2025-10-04 11:00:00+00:00,1147.6514892578125,1151.2513427734375,1147.6514892578125,1149.737060546875,0
2025-10-04 11:15:00+00:00,1146.6322021484375,1147.9573974609375,1146.1376953125,1146.74169921875,5982208
2025-10-04 11:30:00+00:00,1149.4874267578125,1149.4874267578125,1146.739501953125,1146.739501953125,23606272
2025-10-04 11:45:00+00:00,1152.454833984375,1152.932373046875,1149.3575439453125,1149.3575439453125,18345472
2025-10-04 12:00:00+00:00,1152.695068359375,1152.846435546875,1152.0174560546875,1152.3582763671875,3610112
2025-10-04 12:15:00+00:00,1150.2470703125,1152.1962890625,1150.2158203125,1152.1962890625,0
2025-10-04 12:30:00+00:00,1147.6553955078125,1150.1553955078125,1147.6553955078125,1150.1553955078125,2433536
2025-10-04 12:45:00+00:00,1144.7266845703125,1147.566650390625,1144.7266845703125,1147.566650390625,7459840
2025-10-04 13:00:00+00:00,1149.031005859375,1149.70556640625,1144.734619140625,1144.734619140625,16036864
2025-10-04 13:15:00+00:00,1148.4940185546875,1149.148681640625,1147.5233154296875,1149.148681640625,7062016
2025-10-04 13:30:00+00:00,1149.1854248046875,1149.2567138671875,1147.7515869140625,1148.4725341796875,0
2025-10-04 13:45:00+00:00,1147.6937255859375,1149.1690673828125,1147.55908203125,1149.1690673828125,0
2025-10-04 14:00:00+00:00,1146.7255859375,1147.7818603515625,1146.2796630859375,1147.6695556640625,0
2025-10-04 14:15:00+00:00,1150.521240234375,1152.3787841796875,1148.622802734375,1148.622802734375,0
2025-10-04 14:30:00+00:00,1152.5994873046875,1152.8157958984375,1149.9366455078125,1150.5711669921875,0
2025-10-04 14:45:00+00:00,1148.1654052734375,1151.4833984375,1148.0970458984375,1151.4833984375,0
2025-10-04 15:00:00+00:00,1147.566162109375,1149.0843505859375,1147.18359375,1147.18359375,0
2025-10-04 15:15:00+00:00,1145.3946533203125,1147.665283203125,1145.3946533203125,1147.4647216796875,0
2025-10-04 15:30:00+00:00,1144.2276611328125,1145.091064453125,1142.2928466796875,1145.091064453125,0
2025-10-04 15:45:00+00:00,1145.199462890625,1147.4736328125,1144.34228515625,1144.34228515625,0
2025-10-04 16:00:00+00:00,1143.1494140625,1145.48193359375,1143.1494140625,1145.1107177734375,0
2025-10-04 16:15:00+00:00,1138.55224609375,1142.0833740234375,1138.3480224609375,1142.0833740234375,4313600
2025-10-04 16:30:00+00:00,1144.2301025390625,1145.8084716796875,1138.5604248046875,1138.5604248046875,9424384
2025-10-04 16:45:00+00:00,1142.4539794921875,1144.159423828125,1140.781494140625,1144.159423828125,0
2025-10-04 17:00:00+00:00,1145.186767578125,1145.186767578125,1142.9522705078125,1142.9522705078125,0
2025-10-04 17:15:00+00:00,1148.736083984375,1148.736083984375,1144.9715576171875,1145.078369140625,0
2025-10-04 17:30:00+00:00,1149.046630859375,1154.9349365234375,1149.046630859375,1150.7750244140625,12610048
2025-10-04 17:45:00+00:00,1148.8636474609375,1148.9801025390625,1146.8673095703125,1148.9801025390625,0
2025-10-04 18:00:00+00:00,1148.1114501953125,1149.3966064453125,1147.9356689453125,1148.9354248046875,0
2025-10-04 18:15:00+00:00,1145.7979736328125,1147.9453125,1145.778076171875,1147.9200439453125,0
2025-10-04 18:30:00+00:00,1143.3958740234375,1145.8563232421875,1143.2755126953125,1145.8563232421875,0
2025-10-04 18:45:00+00:00,1143.74462890625,1144.28857421875,1143.4263916015625,1143.4263916015625,0
2025-10-04 19:00:00+00:00,1145.7882080078125,1145.9385986328125,1143.9840087890625,1143.99951171875,0
2025-10-04 19:15:00+00:00,1146.568115234375,1146.568115234375,1145.5169677734375,1145.904052734375,0
2025-10-04 19:30:00+00:00,1145.7098388671875,1146.3359375,1145.7098388671875,1146.3359375,0
2025-10-04 19:45:00+00:00,1146.8663330078125,1146.8699951171875,1144.842041015625,1145.6234130859375,0
2025-10-04 20:00:00+00:00,1148.3238525390625,1148.3238525390625,1146.92724609375,1146.92724609375,0
2025-10-04 20:15:00+00:00,1148.9769287109375,1149.5875244140625,1148.46435546875,1148.46435546875,0
2025-10-04 20:30:00+00:00,1148.7572021484375,1149.2108154296875,1148.655029296875,1149.080078125,2865664
2025-10-04 20:45:00+00:00,1147.3271484375,1149.5130615234375,1147.3271484375,1148.72119140625,0
2025-10-04 21:00:00+00:00,1148.2720947265625,1148.3187255859375,1147.122802734375,1147.2945556640625,0
2025-10-04 21:15:00+00:00,1153.31494140625,1153.349853515625,1148.9598388671875,1148.9598388671875,7197184
2025-10-04 21:30:00+00:00,1152.59619140625,1154.5350341796875,1151.967041015625,1154.5350341796875,854016
2025-10-04 21:45:00+00:00,1152.8349609375,1153.472412109375,1152.7049560546875,1152.8189697265625,0
2025-10-04 22:00:00+00:00,1153.30859375,1153.954345703125,1152.4808349609375,1152.8438720703125,136704
2025-10-04 22:15:00+00:00,1152.1168212890625,1153.2762451171875,1151.7413330078125,1153.2762451171875,0
2025-10-04 22:30:00+00:00,1152.5740966796875,1152.7366943359375,1152.108154296875,1152.108154296875,0
2025-10-04 22:45:00+00:00,1148.9871826171875,1153.2158203125,1148.9871826171875,1152.556640625,0
2025-10-04 23:00:00+00:00,1146.73388671875,1148.059326171875,1146.733642578125,1147.89013671875,0
2025-10-04 23:15:00+00:00,1147.8651123046875,1147.8651123046875,1145.5302734375,1146.6810302734375,0
2025-10-04 23:30:00+00:00,1149.85302734375,1149.923095703125,1147.84912109375,1147.84912109375,0
2025-10-04 23:45:00+00:00,1150.566650390625,1150.566650390625,1149.4537353515625,1150.00048828125,688896
2025-10-05 00:00:00+00:00,1149.59326171875,1151.039306640625,1149.0555419921875,1150.6156005859375,0
2025-10-05 00:15:00+00:00,1152.626953125,1153.5108642578125,1150.0775146484375,1150.0775146484375,0
2025-10-05 00:30:00+00:00,1149.1060791015625,1152.5845947265625,1149.1060791015625,1152.5845947265625,15506688
2025-10-05 00:45:00+00:00,1146.523681640625,1149.056884765625,1146.423095703125,1149.056884765625,3057152
2025-10-05 01:00:00+00:00,1148.3070068359375,1148.7069091796875,1146.467529296875,1146.467529296875,0
2025-10-05 01:15:00+00:00,1145.6541748046875,1148.1678466796875,1145.6541748046875,1148.1678466796875,0
2025-10-05 01:30:00+00:00,1149.561279296875,1149.561279296875,1145.6533203125,1145.6533203125,0
2025-10-05 01:45:00+00:00,1149.4078369140625,1151.08984375,1149.048583984375,1149.5966796875,0
2025-10-05 02:00:00+00:00,1151.707275390625,1151.707275390625,1149.407958984375,1149.407958984375,0
2025-10-05 02:15:00+00:00,1156.6712646484375,1156.6712646484375,1151.7760009765625,1151.7760009765625,1795072
2025-10-05 02:30:00+00:00,1157.087646484375,1163.5142822265625,1156.8345947265625,1156.8345947265625,53233664
2025-10-05 02:45:00+00:00,1162.260986328125,1162.260986328125,1157.46240234375,1157.46240234375,11576832
2025-10-05 03:00:00+00:00,1165.1171875,1165.1171875,1162.44140625,1163.07080078125,9998848
2025-10-05 03:15:00+00:00,1166.70703125,1166.9832763671875,1164.302734375,1164.770751953125,18995712
2025-10-05 03:30:00+00:00,1166.541015625,1168.16943359375,1166.541015625,1166.6671142578125,19288832
2025-10-05 03:45:00+00:00,1163.9388427734375,1166.488525390625,1163.9388427734375,1166.488525390625,3655936
2025-10-05 04:00:00+00:00,1168.2408447265625,1170.462890625,1163.9954833984375,1163.9954833984375,14626048
2025-10-05 04:15:00+00:00,1173.2540283203125,1173.2540283203125,1168.8543701171875,1168.8543701171875,11339520
2025-10-05 04:30:00+00:00,1178.9871826171875,1178.9871826171875,1172.382080078125,1172.87890625,30931968
2025-10-05 04:45:00+00:00,1184.737548828125,1185.1326904296875,1178.540771484375,1178.801513671875,46423808
2025-10-05 05:00:00+00:00,1182.8284912109375,1186.253173828125,1182.8284912109375,1183.22021484375,43086848
2025-10-05 05:15:00+00:00,1178.9583740234375,1183.6993408203125,1178.7357177734375,1182.8179931640625,5057024
2025-10-05 05:30:00+00:00,1180.389892578125,1181.22119140625,1178.02490234375,1178.02490234375,7561984
2025-10-05 05:45:00+00:00,1178.7515869140625,1180.484130859375,1177.7933349609375,1180.484130859375,5849600
2025-10-05 06:00:00+00:00,1176.2113037109375,1178.7989501953125,1176.2113037109375,1178.584228515625,0
2025-10-05 06:15:00+00:00,1173.8663330078125,1176.0079345703125,1173.5753173828125,1176.0079345703125,865792
2025-10-05 06:30:00+00:00,1170.5711669921875,1174.426025390625,1170.5711669921875,1173.591064453125,0
2025-10-05 06:45:00+00:00,1169.440185546875,1171.234130859375,1168.7672119140625,1171.110107421875,10396160
2025-10-05 07:00:00+00:00,1171.6875,1171.6875,1168.6717529296875,1169.5347900390625,34384896
2025-10-05 07:15:00+00:00,1174.8311767578125,1176.39599609375,1171.702392578125,1171.702392578125,24875776
2025-10-05 07:30:00+00:00,1175.485595703125,1175.5008544921875,1172.8897705078125,1172.930419921875,76532992
2025-10-05 07:45:00+00:00,1178.8616943359375,1178.8616943359375,1175.06494140625,1175.5152587890625,7524864
2025-10-05 08:00:00+00:00,1175.6304931640625,1178.878173828125,1175.6304931640625,1178.2393798828125,175360
2025-10-05 08:15:00+00:00,1176.2967529296875,1176.2967529296875,1174.942626953125,1175.0721435546875,170752
2025-10-05 08:30:00+00:00,1175.3033447265625,1176.2801513671875,1175.015869140625,1176.2801513671875,0
2025-10-05 08:45:00+00:00,1173.82958984375,1175.166748046875,1173.82958984375,1175.166748046875,0
2025-10-05 09:00:00+00:00,1170.8594970703125,1174.260009765625,1170.4451904296875,1174.260009765625,0
2025-10-05 09:15:00+00:00,1169.6170654296875,1170.764892578125,1169.159912109375,1170.764892578125,94464
2025-10-05 09:30:00+00:00,1161.809326171875,1168.226806640625,1161.392333984375,1168.226806640625,51606016
2025-10-05 09:45:00+00:00,1162.9840087890625,1163.1705322265625,1160.6177978515625,1161.3067626953125,16352000
2025-10-05 10:00:00+00:00,1156.663818359375,1162.66162109375,1155.757080078125,1162.66162109375,21669120
2025-10-05 10:15:00+00:00,1160.9378662109375,1161.194091796875,1156.4326171875,1156.4326171875,16670976
2025-10-05 10:30:00+00:00,1161.58935546875,1161.58935546875,1159.1849365234375,1160.959716796875,11149824
2025-10-05 10:45:00+00:00,1162.886962890625,1163.2532958984375,1161.84521484375,1161.84521484375,7306752
2025-10-05 11:00:00+00:00,1162.4609375,1164.9390869140625,1162.4609375,1162.9180908203125,6524672
2025-10-05 11:15:00+00:00,1162.226318359375,1162.226318359375,1159.683349609375,1160.75830078125,2919936
2025-10-05 11:30:00+00:00,1162.4842529296875,1162.4842529296875,1161.1190185546875,1162.216064453125,2255872
2025-10-05 11:45:00+00:00,1167.202880859375,1167.202880859375,1162.720703125,1162.720703125,0
2025-10-05 12:00:00+00:00,1163.8509521484375,1167.6219482421875,1163.74267578125,1167.6219482421875,1596672
2025-10-05 12:15:00+00:00,1165.9036865234375,1165.9036865234375,1163.7452392578125,1163.9005126953125,854272
2025-10-05 12:30:00+00:00,1167.6796875,1169.514892578125,1165.8619384765625,1165.8619384765625,4445952
2025-10-05 12:45:00+00:00,1169.3660888671875,1169.947021484375,1167.6927490234375,1167.6927490234375,2137856
2025-10-05 13:00:00+00:00,1165.932373046875,1169.326416015625,1165.8206787109375,1169.326416015625,0
2025-10-05 13:15:00+00:00,1165.607421875,1166.77490234375,1165.607421875,1166.05712890625,0
2025-10-05 13:30:00+00:00,1164.1484375,1165.60302734375,1163.9970703125,1165.60302734375,0
2025-10-05 13:45:00+00:00,1163.5489501953125,1165.0496826171875,1163.2698974609375,1164.06396484375,7768576
2025-10-05 14:00:00+00:00,1166.3251953125,1166.3251953125,1163.77099609375,1163.77099609375,2614272
2025-10-05 14:15:00+00:00,1164.7745361328125,1166.5399169921875,1164.519287109375,1166.4085693359375,0
2025-10-05 14:30:00+00:00,1159.5457763671875,1164.334228515625,1159.5457763671875,1164.334228515625,3544064
2025-10-05 14:45:00+00:00,1161.802001953125,1161.802001953125,1159.689453125,1159.689453125,5876480
2025-10-05 15:00:00+00:00,1161.219970703125,1162.51611328125,1160.949951171875,1161.8231201171875,1686272
2025-10-05 15:15:00+00:00,1161.8748779296875,1163.0943603515625,1161.3310546875,1161.3310546875,0
2025-10-05 15:30:00+00:00,1158.8482666015625,1161.8359375,1158.8482666015625,1161.8359375,0
2025-10-05 15:45:00+00:00,1158.5638427734375,1159.5394287109375,1158.5638427734375,1158.5709228515625,0
2025-10-05 16:00:00+00:00,1159.91015625,1159.9888916015625,1157.474609375,1158.769775390625,870912
2025-10-05 16:15:00+00:00,1160.0093994140625,1160.236328125,1158.7603759765625,1159.8333740234375,0
2025-10-05 16:30:00+00:00,1162.9921875,1162.9921875,1159.5194091796875,1159.5194091796875,288000
2025-10-05 16:45:00+00:00,1163.6929931640625,1163.6929931640625,1158.0902099609375,1162.9971923828125,9788672
2025-10-05 17:00:00+00:00,1166.6663818359375,1167.7554931640625,1164.0223388671875,1164.0223388671875,13161984
2025-10-05 17:15:00+00:00,1164.400390625,1166.6748046875,1164.400390625,1166.6748046875,0
2025-10-05 17:30:00+00:00,1162.568115234375,1164.4599609375,1162.1639404296875,1164.4599609375,0
2025-10-05 17:45:00+00:00,1163.61767578125,1164.5277099609375,1162.9449462890625,1163.72265625,1317376
2025-10-05 18:00:00+00:00,1158.193603515625,1163.9896240234375,1157.90576171875,1163.7567138671875,526848
2025-10-05 18:15:00+00:00,1158.54150390625,1159.677978515625,1158.1180419921875,1158.5262451171875,9454080
2025-10-05 18:30:00+00:00,1160.6978759765625,1161.18603515625,1158.103271484375,1158.43701171875,10463488
2025-10-05 18:45:00+00:00,1159.6864013671875,1161.2884521484375,1159.6864013671875,1160.7049560546875,0
2025-10-05 19:00:00+00:00,1153.229248046875,1159.1832275390625,1153.229248046875,1159.1832275390625,9018368
2025-10-05 19:15:00+00:00,1155.6484375,1155.6484375,1153.2657470703125,1153.737548828125,7919616
2025-10-05 19:30:00+00:00,1152.7679443359375,1155.3646240234375,1152.714599609375,1155.3646240234375,2077184
2025-10-05 19:45:00+00:00,1149.7479248046875,1152.227783203125,1149.7479248046875,1152.086181640625,10139904
2025-10-05 20:00:00+00:00,1152.7159423828125,1152.7159423828125,1149.5982666015625,1149.7200927734375,22232064
2025-10-05 20:15:00+00:00,1154.0225830078125,1154.0225830078125,1152.3935546875,1152.6451416015625,4886784
2025-10-05 20:30:00+00:00,1156.725830078125,1156.725830078125,1153.974365234375,1153.974365234375,4745472
2025-10-05 20:45:00+00:00,1157.4464111328125,1157.4464111328125,1156.30078125,1156.7132568359375,2787328
2025-10-05 21:00:00+00:00,1156.7510986328125,1157.3643798828125,1155.681640625,1157.3643798828125,3197184
2025-10-05 21:15:00+00:00,1158.701904296875,1158.8023681640625,1156.7508544921875,1157.0208740234375,214016
2025-10-05 21:30:00+00:00,1158.9454345703125,1158.9454345703125,1158.0107421875,1158.7791748046875,0
2025-10-05 21:45:00+00:00,1160.1448974609375,1160.1448974609375,1159.1160888671875,1159.1160888671875,199680
2025-10-05 22:00:00+00:00,1161.5455322265625,1163.4144287109375,1161.0145263671875,1161.0145263671875,313856
2025-10-05 22:15:00+00:00,1162.6778564453125,1163.1256103515625,1160.9410400390625,1161.5325927734375,4329216
2025-10-05 22:30:00+00:00,1160.942138671875,1162.6353759765625,1160.9083251953125,1162.6353759765625,8340224
2025-10-05 22:45:00+00:00,1161.5601806640625,1161.719970703125,1161.1112060546875,1161.1112060546875,1483776
2025-10-05 23:00:00+00:00,1161.23388671875,1162.0169677734375,1161.23388671875,1161.63427734375,1831168
2025-10-05 23:15:00+00:00,1160.85546875,1161.2808837890625,1160.56005859375,1161.2808837890625,0
2025-10-05 23:30:00+00:00,1162.9097900390625,1162.9097900390625,1161.8057861328125,1161.8057861328125,432896
2025-10-05 23:45:00+00:00,1165.4993896484375,1165.4993896484375,1162.8837890625,1162.8837890625,6287360
2025-10-06 00:00:00+00:00,1164.5589599609375,1167.05029296875,1164.018310546875,1167.05029296875,6802176
2025-10-06 00:15:00+00:00,1167.825927734375,1171.90869140625,1164.4765625,1164.4765625,49220352
2025-10-06 00:30:00+00:00,1166.3507080078125,1169.173095703125,1165.076416015625,1167.984375,18116864
2025-10-06 00:45:00+00:00,1168.053466796875,1169.648193359375,1166.1490478515625,1166.1490478515625,12035840
2025-10-06 01:00:00+00:00,1170.0419921875,1170.287109375,1167.6051025390625,1168.1455078125,12244480
2025-10-06 01:15:00+00:00,1180.1116943359375,1180.1116943359375,1170.0606689453125,1170.0606689453125,47678464
2025-10-06 01:30:00+00:00,1178.158203125,1181.8717041015625,1178.047607421875,1180.2445068359375,35741696
2025-10-06 01:45:00+00:00,1179.1163330078125,1180.4617919921875,1177.3214111328125,1178.0350341796875,18779904
2025-10-06 02:00:00+00:00,1175.2794189453125,1179.2496337890625,1175.2396240234375,1179.2496337890625,15265024
2025-10-06 02:15:00+00:00,1174.571044921875,1175.536865234375,1173.7340087890625,1175.16845703125,2931712
2025-10-06 02:30:00+00:00,1175.5732421875,1175.5732421875,1173.263427734375,1174.3837890625,0
2025-10-06 02:45:00+00:00,1180.88720703125,1180.88720703125,1177.1900634765625,1177.1900634765625,2136576
2025-10-06 03:00:00+00:00,1181.06982421875,1181.2020263671875,1179.857421875,1180.773681640625,0
2025-10-06 03:15:00+00:00,1178.7513427734375,1181.2176513671875,1178.6806640625,1181.1700439453125,0
2025-10-06 03:30:00+00:00,1179.580810546875,1179.6572265625,1177.9910888671875,1178.624755859375,0
2025-10-06 03:45:00+00:00,1180.9312744140625,1180.9312744140625,1178.83740234375,1179.63818359375,1338368
2025-10-06 04:00:00+00:00,1181.00830078125,1182.5615234375,1180.93896484375,1180.971435546875,0
2025-10-06 04:15:00+00:00,1181.3204345703125,1181.5723876953125,1180.8172607421875,1180.8359375,262912
2025-10-06 04:30:00+00:00,1181.8841552734375,1183.196044921875,1181.2265625,1181.2265625,0
2025-10-06 04:45:00+00:00,1183.351806640625,1183.725830078125,1180.4722900390625,1181.9122314453125,0
2025-10-06 05:00:00+00:00,1181.233642578125,1183.3934326171875,1181.233642578125,1183.3934326171875,0
2025-10-06 05:15:00+00:00,1188.8162841796875,1188.8162841796875,1180.156005859375,1181.0849609375,34944000
2025-10-06 05:30:00+00:00,1189.06982421875,1194.0238037109375,1189.06982421875,1194.0238037109375,41401344
2025-10-06 05:45:00+00:00,1191.5205078125,1192.0560302734375,1189.6488037109375,1189.6488037109375,7029760
2025-10-06 06:00:00+00:00,1196.8817138671875,1196.8817138671875,1190.5609130859375,1191.2366943359375,49172992
2025-10-06 06:15:00+00:00,1210.7225341796875,1210.7225341796875,1197.7655029296875,1197.7655029296875,178806272
2025-10-06 06:30:00+00:00,1219.5521240234375,1220.2783203125,1211.111572265625,1211.111572265625,162175232
2025-10-06 06:45:00+00:00,1209.5504150390625,1219.17041015625,1209.271728515625,1219.1656494140625,59095552
2025-10-06 07:00:00+00:00,1207.8709716796875,1210.4503173828125,1204.848388671875,1209.4505615234375,58205184
2025-10-06 07:15:00+00:00,1212.3338623046875,1212.3338623046875,1208.7215576171875,1208.7215576171875,11415808
2025-10-06 07:30:00+00:00,1204.0091552734375,1214.051513671875,1203.74609375,1212.384765625,36560384
2025-10-06 07:45:00+00:00,1200.777587890625,1204.1153564453125,1200.777587890625,1203.910888671875,33883904
2025-10-06 08:00:00+00:00,1203.462158203125,1203.462158203125,1200.658203125,1200.7965087890625,18835712
2025-10-06 08:15:00+00:00,1206.8404541015625,1206.868408203125,1203.3714599609375,1203.3714599609375,28386048
2025-10-06 08:30:00+00:00,1210.1221923828125,1210.234130859375,1206.9395751953125,1206.9395751953125,37116672
2025-10-06 08:45:00+00:00,1210.6690673828125,1211.3626708984375,1209.56103515625,1209.6915283203125,23911168
2025-10-06 09:00:00+00:00,1213.126953125,1213.126953125,1208.912353515625,1210.3616943359375,22072832
2025-10-06 09:15:00+00:00,1213.8460693359375,1216.307861328125,1212.968505859375,1212.968505859375,24377856
2025-10-06 09:30:00+00:00,1214.2718505859375,1215.1905517578125,1213.549072265625,1213.6768798828125,0
2025-10-06 09:45:00+00:00,1217.80419921875,1217.86181640625,1212.3682861328125,1213.871826171875,20270592
2025-10-06 10:00:00+00:00,1216.234130859375,1218.6685791015625,1215.20703125,1218.4488525390625,1078272
2025-10-06 10:15:00+00:00,1217.3270263671875,1217.3270263671875,1215.97705078125,1216.1568603515625,8197632
2025-10-06 10:30:00+00:00,1217.625,1219.5037841796875,1217.4027099609375,1217.4027099609375,14875136
2025-10-06 10:45:00+00:00,1215.0528564453125,1217.607666015625,1215.0528564453125,1217.607666015625,7683072
2025-10-06 11:00:00+00:00,1218.577392578125,1219.064697265625,1214.58642578125,1215.2210693359375,14763008
2025-10-06 11:15:00+00:00,1218.5975341796875,1219.333251953125,1218.0252685546875,1218.4853515625,4168192
2025-10-06 11:30:00+00:00,1219.36083984375,1219.7110595703125,1217.468017578125,1219.7110595703125,25914880
2025-10-06 11:45:00+00:00,1220.92333984375,1220.962646484375,1218.6915283203125,1219.3050537109375,14024704
2025-10-06 12:00:00+00:00,1231.2984619140625,1231.2984619140625,1220.9033203125,1220.9033203125,95295488
2025-10-06 12:15:00+00:00,1236.024169921875,1236.66552734375,1231.6165771484375,1231.6165771484375,90127360
2025-10-06 12:30:00+00:00,1234.6893310546875,1237.7283935546875,1234.6893310546875,1235.7977294921875,76919296
2025-10-06 12:45:00+00:00,1235.713134765625,1236.7786865234375,1234.4393310546875,1234.78857421875,23636480
2025-10-06 13:00:00+00:00,1233.4451904296875,1236.612548828125,1233.4451904296875,1235.6834716796875,20859904
2025-10-06 13:15:00+00:00,1230.205078125,1233.41162109375,1228.476318359375,1233.41162109375,40363008
2025-10-06 13:30:00+00:00,1228.23876953125,1230.289794921875,1227.6346435546875,1230.2515869140625,55449600
2025-10-06 13:45:00+00:00,1226.780029296875,1229.28076171875,1226.750732421875,1228.1328125,44275712
2025-10-06 14:00:00+00:00,1224.9739990234375,1226.361328125,1223.9920654296875,1226.3096923828125,41881088
2025-10-06 14:15:00+00:00,1214.883544921875,1225.03759765625,1214.5791015625,1225.03759765625,69983744
2025-10-06 14:30:00+00:00,1211.836669921875,1218.8699951171875,1211.5546875,1215.034423828125,71676928
2025-10-06 14:45:00+00:00,1213.82666015625,1213.82666015625,1212.2142333984375,1213.1422119140625,24092672
2025-10-06 15:00:00+00:00,1218.030517578125,1219.68310546875,1214.03076171875,1214.03076171875,35912192
2025-10-06 15:15:00+00:00,1218.927001953125,1218.927001953125,1216.87744140625,1217.8511962890625,32978432
2025-10-06 15:30:00+00:00,1217.9044189453125,1219.12255859375,1217.810791015625,1219.12255859375,29760512
2025-10-06 15:45:00+00:00,1221.9759521484375,1222.894287109375,1217.917236328125,1217.917236328125,36206592
2025-10-06 16:00:00+00:00,1216.1463623046875,1222.1844482421875,1215.9029541015625,1222.1251220703125,14643712
2025-10-06 16:15:00+00:00,1220.7579345703125,1220.812255859375,1216.301513671875,1216.301513671875,30424064
2025-10-06 16:30:00+00:00,1224.15380859375,1225.516845703125,1220.687744140625,1220.687744140625,24527360
2025-10-06 16:45:00+00:00,1223.026123046875,1224.8270263671875,1223.026123046875,1223.942626953125,0
2025-10-06 17:00:00+00:00,1219.2305908203125,1223.0416259765625,1218.741455078125,1223.0416259765625,1976832
2025-10-06 17:15:00+00:00,1219.4603271484375,1222.16650390625,1219.295654296875,1219.295654296875,22374912
2025-10-06 17:30:00+00:00,1220.7777099609375,1220.7777099609375,1217.4949951171875,1219.109130859375,65704960
2025-10-06 17:45:00+00:00,1220.6304931640625,1220.9022216796875,1219.959228515625,1220.66748046875,32398336
2025-10-06 18:00:00+00:00,1219.325439453125,1221.32470703125,1219.325439453125,1220.8206787109375,12241920
2025-10-06 18:15:00+00:00,1218.8629150390625,1219.9417724609375,1218.813720703125,1219.3441162109375,2616832
2025-10-06 18:30:00+00:00,1219.1744384765625,1220.02490234375,1217.932373046875,1218.785888671875,9789952
2025-10-06 18:45:00+00:00,1220.0230712890625,1220.617431640625,1219.7943115234375,1220.3663330078125,11794432
2025-10-06 19:00:00+00:00,1222.9278564453125,1222.9630126953125,1219.9410400390625,1219.9410400390625,22768128
2025-10-06 19:15:00+00:00,1223.4832763671875,1223.681396484375,1222.0084228515625,1222.965576171875,21179904
2025-10-06 19:30:00+00:00,1223.2608642578125,1223.531982421875,1223.0103759765625,1223.46875,21816320
2025-10-06 19:45:00+00:00,1225.199462890625,1226.0614013671875,1223.642333984375,1223.642333984375,17800704
2025-10-06 20:00:00+00:00,1223.273193359375,1225.566650390625,1222.4071044921875,1225.566650390625,932352
2025-10-06 20:15:00+00:00,1223.191650390625,1223.191650390625,1221.345947265625,1223.157958984375,6949376
2025-10-06 20:30:00+00:00,1225.7642822265625,1225.7642822265625,1223.510009765625,1223.582275390625,13249536
2025-10-06 20:45:00+00:00,1222.3193359375,1225.7109375,1222.220703125,1225.7109375,6343168
2025-10-06 21:00:00+00:00,1222.4088134765625,1222.96826171875,1221.1351318359375,1222.553466796875,10839040
2025-10-06 21:15:00+00:00,1223.5631103515625,1223.5631103515625,1221.9437255859375,1222.2139892578125,11419136
2025-10-06 21:30:00+00:00,1227.3724365234375,1227.3759765625,1223.5947265625,1223.5947265625,13997568
2025-10-06 21:45:00+00:00,1226.9207763671875,1227.18310546875,1226.5003662109375,1227.18310546875,24890368
2025-10-06 22:15:00+00:00,1224.66748046875,1224.66748046875,1223.3648681640625,1223.3648681640625,15863808
2025-10-06 22:30:00+00:00,1227.565673828125,1227.565673828125,1224.8507080078125,1224.8507080078125,22891008
2025-10-06 22:45:00+00:00,1226.001708984375,1229.0052490234375,1226.001708984375,1227.7574462890625,14851584
2025-10-06 23:00:00+00:00,1224.142578125,1226.0059814453125,1224.142578125,1225.9300537109375,9171968
2025-10-06 23:15:00+00:00,1219.703857421875,1223.8511962890625,1219.595458984375,1223.8511962890625,19438080
2025-10-06 23:30:00+00:00,1222.0233154296875,1222.0233154296875,1219.642578125,1219.642578125,10440704
2025-10-06 23:45:00+00:00,1223.716552734375,1223.716552734375,1220.8699951171875,1221.8092041015625,9145344
2025-10-07 00:00:00+00:00,1226.8067626953125,1226.8067626953125,1223.528564453125,1223.528564453125,4279808
2025-10-07 00:15:00+00:00,1225.9093017578125,1227.691162109375,1225.9093017578125,1227.041259765625,0
2025-10-07 00:30:00+00:00,1227.55712890625,1228.0953369140625,1225.549072265625,1225.935791015625,1106944
2025-10-07 00:45:00+00:00,1223.4669189453125,1227.55712890625,1223.4669189453125,1227.55712890625,449536
2025-10-07 01:00:00+00:00,1222.17724609375,1224.04931640625,1222.17724609375,1222.909423828125,571392
2025-10-07 01:15:00+00:00,1210.3486328125,1221.900146484375,1209.4306640625,1221.900146484375,30383616
2025-10-07 01:30:00+00:00,1213.2662353515625,1213.2662353515625,1210.441162109375,1210.441162109375,1916416
2025-10-07 01:45:00+00:00,1211.7919921875,1213.0465087890625,1210.2640380859375,1213.0465087890625,0
2025-10-07 02:00:00+00:00,1216.0264892578125,1216.0264892578125,1213.0765380859375,1213.0765380859375,3622400
2025-10-07 02:15:00+00:00,1218.5709228515625,1218.6458740234375,1216.106689453125,1216.221435546875,6842368
2025-10-07 02:30:00+00:00,1219.06494140625,1220.7843017578125,1218.7379150390625,1219.4564208984375,14257152
2025-10-07 02:45:00+00:00,1223.3701171875,1223.3857421875,1219.261474609375,1219.261474609375,5053440
2025-10-07 03:00:00+00:00,1228.5928955078125,1228.5928955078125,1224.1717529296875,1224.1717529296875,34280960
2025-10-07 03:15:00+00:00,1226.3800048828125,1228.5596923828125,1226.13818359375,1228.5596923828125,14086656
2025-10-07 03:30:00+00:00,1226.836181640625,1227.19091796875,1226.4300537109375,1226.47265625,9162752
2025-10-07 03:45:00+00:00,1225.5826416015625,1226.9217529296875,1225.5826416015625,1226.8795166015625,1062400
2025-10-07 04:00:00+00:00,1222.401123046875,1225.4559326171875,1222.401123046875,1225.4559326171875,0
2025-10-07 04:15:00+00:00,1225.8447265625,1225.8447265625,1221.5950927734375,1222.4195556640625,13847552
2025-10-07 04:30:00+00:00,1235.8218994140625,1236.1593017578125,1225.631103515625,1225.631103515625,100808704
2025-10-07 04:45:00+00:00,1243.94775390625,1243.94775390625,1235.5394287109375,1235.5394287109375,91667968
2025-10-07 05:00:00+00:00,1242.8419189453125,1244.3953857421875,1242.8419189453125,1244.1793212890625,33246208
2025-10-07 05:15:00+00:00,1249.8228759765625,1249.8228759765625,1241.2132568359375,1242.48193359375,51462656
2025-10-07 05:30:00+00:00,1255.065185546875,1255.065185546875,1250.7808837890625,1250.7808837890625,93228032
2025-10-07 05:45:00+00:00,1257.65869140625,1259.7889404296875,1255.6854248046875,1255.6854248046875,79236096
2025-10-07 06:00:00+00:00,1254.677978515625,1257.1954345703125,1254.677978515625,1257.1954345703125,9253376
2025-10-07 06:15:00+00:00,1248.0811767578125,1254.7337646484375,1248.0811767578125,1254.7337646484375,0
2025-10-07 06:30:00+00:00,1249.215576171875,1251.6536865234375,1247.4207763671875,1247.8297119140625,0
2025-10-07 06:45:00+00:00,1241.4554443359375,1244.8792724609375,1240.735107421875,1244.8792724609375,118784
2025-10-07 07:00:00+00:00,1246.172119140625,1246.2410888671875,1241.5537109375,1241.5537109375,5947392
2025-10-07 07:15:00+00:00,1251.7847900390625,1251.7847900390625,1246.08056640625,1246.729248046875,20379136
2025-10-07 07:30:00+00:00,1249.7159423828125,1255.312255859375,1249.7159423828125,1252.3907470703125,16155136
2025-10-07 07:45:00+00:00,1248.657958984375,1250.0225830078125,1248.163818359375,1249.573486328125,0
2025-10-07 08:00:00+00:00,1251.174560546875,1251.46533203125,1248.682373046875,1248.682373046875,48427008
2025-10-07 08:15:00+00:00,1242.25634765625,1251.1075439453125,1242.25634765625,1251.1075439453125,58963456
2025-10-07 08:30:00+00:00,1254.1207275390625,1254.1207275390625,1242.426513671875,1242.56591796875,52537856
2025-10-07 08:45:00+00:00,1266.5859375,1266.8494873046875,1256.9468994140625,1256.9468994140625,136862208
2025-10-07 09:00:00+00:00,1269.761474609375,1269.761474609375,1265.572998046875,1266.4432373046875,32440320
2025-10-07 09:15:00+00:00,1276.018310546875,1276.018310546875,1269.719970703125,1270.0224609375,130905600
2025-10-07 09:30:00+00:00,1275.7869873046875,1277.3226318359375,1274.5467529296875,1277.3226318359375,61007872
2025-10-07 09:45:00+00:00,1279.710693359375,1279.710693359375,1273.72216796875,1275.9459228515625,54070272
2025-10-07 10:00:00+00:00,1277.441650390625,1280.0067138671875,1275.4586181640625,1279.5076904296875,60649472
2025-10-07 10:15:00+00:00,1282.377685546875,1282.7232666015625,1277.5645751953125,1277.62255859375,46104064
2025-10-07 10:30:00+00:00,1293.701416015625,1294.4541015625,1281.8499755859375,1282.352783203125,136224768
2025-10-07 10:45:00+00:00,1291.1771240234375,1292.943359375,1290.7806396484375,1292.943359375,67330560
2025-10-07 11:00:00+00:00,1291.0093994140625,1293.4925537109375,1290.328125,1292.8912353515625,39421440
2025-10-07 11:15:00+00:00,1297.13037109375,1298.1011962890625,1292.7001953125,1292.7001953125,108435456
2025-10-07 11:30:00+00:00,1297.042724609375,1299.3509521484375,1295.4837646484375,1295.4837646484375,40458752
2025-10-07 11:45:00+00:00,1313.5389404296875,1313.5389404296875,1297.3193359375,1297.3193359375,220039168
2025-10-07 12:00:00+00:00,1325.810546875,1326.205322265625,1309.455078125,1313.388671875,164819456
2025-10-07 12:15:00+00:00,1321.913330078125,1334.372314453125,1321.8187255859375,1324.8597412109375,255840768
2025-10-07 12:30:00+00:00,1310.7713623046875,1322.19140625,1310.7713623046875,1322.19140625,118761472
2025-10-07 12:45:00+00:00,1320.324951171875,1320.324951171875,1310.9642333984375,1310.9642333984375,94841344
2025-10-07 13:00:00+00:00,1329.2320556640625,1329.2320556640625,1321.0660400390625,1321.0660400390625,109678080
2025-10-07 13:15:00+00:00,1325.476806640625,1330.3131103515625,1325.476806640625,1328.38720703125,65341952
2025-10-07 13:30:00+00:00,1308.4482421875,1325.58740234375,1308.4482421875,1325.58740234375,126930944
2025-10-07 13:45:00+00:00,1312.231201171875,1313.5931396484375,1305.1754150390625,1305.583984375,165916160
2025-10-07 14:00:00+00:00,1306.851806640625,1314.9429931640625,1306.851806640625,1312.9923095703125,68626432
2025-10-07 14:15:00+00:00,1311.8753662109375,1312.199951171875,1302.384033203125,1305.8758544921875,113739776
2025-10-07 14:30:00+00:00,1296.4925537109375,1311.960693359375,1296.4925537109375,1308.453125,66886656
2025-10-07 14:45:00+00:00,1298.5804443359375,1304.2908935546875,1296.53369140625,1296.53369140625,123875328
2025-10-07 15:00:00+00:00,1293.8037109375,1301.4775390625,1288.9749755859375,1298.166748046875,234840064
2025-10-07 15:15:00+00:00,1274.4952392578125,1292.444580078125,1274.4952392578125,1292.444580078125,336388096
2025-10-07 15:30:00+00:00,1276.2750244140625,1278.083251953125,1272.193115234375,1274.8189697265625,131492864
2025-10-07 15:45:00+00:00,1275.2916259765625,1275.2916259765625,1265.139892578125,1274.29345703125,108334080
2025-10-07 16:00:00+00:00,1281.4405517578125,1284.6986083984375,1280.8323974609375,1280.9903564453125,175207424
2025-10-07 16:15:00+00:00,1272.8621826171875,1280.209716796875,1270.5482177734375,1280.209716796875,93727744
2025-10-07 16:30:00+00:00,1293.980712890625,1294.0706787109375,1272.85009765625,1272.85009765625,126168064
2025-10-07 16:45:00+00:00,1289.9525146484375,1298.84423828125,1289.9525146484375,1294.4075927734375,138540032
2025-10-07 17:00:00+00:00,1281.825439453125,1288.06591796875,1281.825439453125,1287.627685546875,44448768
2025-10-07 17:15:00+00:00,1279.1478271484375,1281.9034423828125,1277.609375,1281.9034423828125,53081088
2025-10-07 17:30:00+00:00,1287.2733154296875,1287.2733154296875,1279.5028076171875,1279.5028076171875,12375040
2025-10-07 17:45:00+00:00,1286.7418212890625,1288.7698974609375,1284.2410888671875,1288.6097412109375,23800832
2025-10-07 18:00:00+00:00,1282.8160400390625,1286.6414794921875,1282.7218017578125,1286.6414794921875,24377344
2025-10-07 18:15:00+00:00,1273.6937255859375,1283.4478759765625,1273.6937255859375,1283.0751953125,34453504
2025-10-07 18:30:00+00:00,1274.738037109375,1277.2327880859375,1274.738037109375,1275.51611328125,18259968
2025-10-07 18:45:00+00:00,1279.4345703125,1279.669189453125,1275.1019287109375,1275.1019287109375,34280448
2025-10-07 19:00:00+00:00,1290.848388671875,1291.0179443359375,1278.607666015625,1279.1556396484375,52042752
2025-10-07 19:15:00+00:00,1291.5950927734375,1295.820068359375,1290.376953125,1290.376953125,58243072
2025-10-07 19:30:00+00:00,1296.843994140625,1297.2139892578125,1292.418701171875,1292.418701171875,45133824
2025-10-07 19:45:00+00:00,1297.5849609375,1298.244873046875,1294.9993896484375,1296.8973388671875,30381056
2025-10-07 20:00:00+00:00,1306.77685546875,1306.77685546875,1297.5194091796875,1297.5194091796875,63512576
2025-10-07 20:15:00+00:00,1309.6915283203125,1309.6915283203125,1305.11181640625,1306.7156982421875,65178624
2025-10-07 20:30:00+00:00,1311.2017822265625,1314.500732421875,1309.9478759765625,1309.9478759765625,80247808
2025-10-07 20:45:00+00:00,1314.2010498046875,1314.2010498046875,1309.648193359375,1310.2308349609375,47124480
2025-10-07 21:00:00+00:00,1320.516845703125,1320.516845703125,1312.5299072265625,1312.5799560546875,67597312
2025-10-07 21:15:00+00:00,1324.9892578125,1325.00439453125,1317.952880859375,1319.658447265625,68576256
2025-10-07 21:30:00+00:00,1323.25048828125,1326.193115234375,1323.25048828125,1326.193115234375,37202944
2025-10-07 21:45:00+00:00,1313.2064208984375,1323.3956298828125,1311.823974609375,1323.3956298828125,76371968
2025-10-07 22:00:00+00:00,1315.3115234375,1315.5205078125,1313.278564453125,1313.339599609375,48918528
2025-10-07 22:15:00+00:00,1316.9962158203125,1321.4169921875,1315.467041015625,1315.467041015625,60870656
2025-10-07 22:30:00+00:00,1310.2806396484375,1316.8623046875,1309.8944091796875,1316.8623046875,18872320
2025-10-07 22:45:00+00:00,1308.171142578125,1311.1834716796875,1308.171142578125,1310.23681640625,31744000
2025-10-07 23:00:00+00:00,1307.475341796875,1308.467041015625,1305.77783203125,1308.4010009765625,26177536
2025-10-07 23:15:00+00:00,1310.6055908203125,1310.6055908203125,1306.1170654296875,1307.2100830078125,27560960
2025-10-07 23:30:00+00:00,1309.939453125,1311.87060546875,1309.642578125,1310.7099609375,23525376
2025-10-07 23:45:00+00:00,1310.364501953125,1315.9183349609375,1310.364501953125,1311.2022705078125,59905024
2025-10-08 00:00:00+00:00,1313.5897216796875,1313.5897216796875,1306.3460693359375,1306.3460693359375,29164544
2025-10-08 00:15:00+00:00,1322.66796875,1326.2457275390625,1313.9193115234375,1313.9193115234375,113271808
2025-10-08 00:30:00+00:00,1332.445556640625,1332.694580078125,1318.634033203125,1323.2537841796875,101276672
2025-10-08 00:45:00+00:00,1318.400634765625,1327.8409423828125,1318.400634765625,1327.64599609375,100504576
2025-10-08 01:00:00+00:00,1310.823486328125,1318.236572265625,1310.823486328125,1318.236572265625,70702080
2025-10-08 01:15:00+00:00,1315.3480224609375,1315.3480224609375,1308.9339599609375,1310.955322265625,17001472
2025-10-08 01:30:00+00:00,1314.0345458984375,1316.2376708984375,1309.1416015625,1315.106689453125,50608128
2025-10-08 01:45:00+00:00,1313.575439453125,1314.0299072265625,1311.7261962890625,1314.0299072265625,30722048
2025-10-08 02:00:00+00:00,1289.074462890625,1313.4171142578125,1289.074462890625,1313.4171142578125,67521536
2025-10-08 02:15:00+00:00,1292.548828125,1292.548828125,1286.8079833984375,1288.3968505859375,96012288
2025-10-08 02:30:00+00:00,1290.979248046875,1292.6849365234375,1289.684326171875,1292.6849365234375,37853184
2025-10-08 02:45:00+00:00,1291.1282958984375,1291.1282958984375,1286.908935546875,1288.4239501953125,66336768
2025-10-08 03:00:00+00:00,1285.891357421875,1290.9859619140625,1284.9161376953125,1290.9859619140625,3749888
2025-10-08 03:15:00+00:00,1277.2049560546875,1288.7962646484375,1277.0172119140625,1286.34033203125,66056192
2025-10-08 03:30:00+00:00,1276.1978759765625,1276.7120361328125,1274.70556640625,1276.7120361328125,55690240
2025-10-08 03:45:00+00:00,1276.0380859375,1278.0819091796875,1274.4439697265625,1274.4439697265625,50580480
2025-10-08 04:00:00+00:00,1271.9071044921875,1276.1641845703125,1271.008544921875,1276.1641845703125,73977856
2025-10-08 04:15:00+00:00,1281.7978515625,1285.052978515625,1272.9222412109375,1272.9222412109375,71209984
2025-10-08 04:30:00+00:00,1286.359619140625,1286.7442626953125,1281.885498046875,1281.885498046875,766976
2025-10-08 04:45:00+00:00,1285.1483154296875,1286.367431640625,1284.8502197265625,1286.367431640625,438272
2025-10-08 05:00:00+00:00,1282.0845947265625,1285.479736328125,1282.0845947265625,1285.479736328125,519168
2025-10-08 05:15:00+00:00,1274.047119140625,1282.97509765625,1274.047119140625,1282.4583740234375,0
2025-10-08 05:30:00+00:00,1281.6444091796875,1281.6444091796875,1274.506103515625,1274.506103515625,0
2025-10-08 05:45:00+00:00,1284.154296875,1284.154296875,1280.91455078125,1281.2720947265625,0
2025-10-08 06:00:00+00:00,1286.1279296875,1286.1279296875,1282.588134765625,1284.092041015625,6704128
2025-10-08 06:15:00+00:00,1293.430908203125,1293.5177001953125,1285.9678955078125,1285.9678955078125,17587200
2025-10-08 06:30:00+00:00,1297.7283935546875,1297.7283935546875,1293.558349609375,1293.558349609375,21431296
2025-10-08 06:45:00+00:00,1307.8447265625,1307.9415283203125,1299.7548828125,1299.777099609375,55421952
2025-10-08 07:00:00+00:00,1305.0704345703125,1307.3837890625,1305.005126953125,1306.6669921875,19040256
2025-10-08 07:15:00+00:00,1305.9609375,1305.9609375,1302.300537109375,1305.2291259765625,13793280
2025-10-08 07:30:00+00:00,1304.806640625,1308.0771484375,1304.806640625,1306.3896484375,7657472
2025-10-08 07:45:00+00:00,1308.413330078125,1308.413330078125,1304.4217529296875,1306.549072265625,21429248
2025-10-08 08:00:00+00:00,1312.53662109375,1314.738525390625,1311.620361328125,1311.620361328125,13443072
2025-10-08 08:15:00+00:00,1316.0804443359375,1316.0804443359375,1311.047607421875,1312.5576171875,0
2025-10-08 08:30:00+00:00,1322.8577880859375,1322.8577880859375,1316.6654052734375,1316.853759765625,15891456
2025-10-08 08:45:00+00:00,1321.055908203125,1325.99853515625,1320.8533935546875,1325.99853515625,0
2025-10-08 09:00:00+00:00,1319.788330078125,1323.9368896484375,1319.788330078125,1321.53662109375,0
2025-10-08 09:15:00+00:00,1308.52197265625,1319.794921875,1308.52197265625,1319.794921875,0
2025-10-08 09:30:00+00:00,1312.14599609375,1312.36083984375,1309.1610107421875,1309.3646240234375,0
2025-10-08 09:45:00+00:00,1312.758544921875,1313.30078125,1309.52978515625,1312.527587890625,0
2025-10-08 10:00:00+00:00,1317.2569580078125,1319.5533447265625,1313.25341796875,1313.25341796875,0
2025-10-08 10:15:00+00:00,1321.1414794921875,1321.1414794921875,1317.1019287109375,1317.3258056640625,0
2025-10-08 10:30:00+00:00,1319.0908203125,1321.4859619140625,1318.011962890625,1321.1728515625,0
2025-10-08 10:45:00+00:00,1314.1280517578125,1319.303466796875,1314.000732421875,1319.303466796875,326656
2025-10-08 11:00:00+00:00,1311.2020263671875,1313.783447265625,1311.2020263671875,1313.783447265625,0
2025-10-08 11:15:00+00:00,1312.3370361328125,1312.3370361328125,1307.541015625,1311.3277587890625,0
2025-10-08 11:30:00+00:00,1314.5274658203125,1314.5274658203125,1312.2694091796875,1312.2694091796875,0
2025-10-08 11:45:00+00:00,1314.128173828125,1316.577880859375,1314.128173828125,1314.291259765625,0
2025-10-08 12:00:00+00:00,1317.6541748046875,1317.6541748046875,1314.020263671875,1314.020263671875,0
2025-10-08 12:15:00+00:00,1311.85595703125,1317.343017578125,1311.8419189453125,1317.343017578125,405653504
2025-10-08 12:30:00+00:00,1307.8858642578125,1310.163330078125,1307.265380859375,1310.163330078125,0
2025-10-08 12:45:00+00:00,1306.3970947265625,1308.41845703125,1306.2060546875,1307.896484375,0
2025-10-08 13:00:00+00:00,1301.71484375,1306.38720703125,1299.752685546875,1306.38720703125,638976
2025-10-08 13:15:00+00:00,1300.7611083984375,1304.9459228515625,1300.7611083984375,1301.680419921875,0
2025-10-08 13:30:00+00:00,1302.5234375,1305.5587158203125,1300.8428955078125,1300.8428955078125,0
2025-10-08 13:45:00+00:00,1305.9632568359375,1305.9632568359375,1299.7901611328125,1300.988037109375,0
2025-10-08 14:00:00+00:00,1310.046875,1316.744140625,1309.947021484375,1309.947021484375,2908160
2025-10-08 14:15:00+00:00,1303.612548828125,1307.9083251953125,1303.612548828125,1306.6915283203125,0
2025-10-08 14:30:00+00:00,1307.5928955078125,1307.5928955078125,1302.9912109375,1302.9912109375,0
2025-10-08 14:45:00+00:00,1297.8804931640625,1307.8970947265625,1297.8804931640625,1307.8970947265625,0
2025-10-08 15:00:00+00:00,1301.07275390625,1301.23828125,1298.09228515625,1298.09228515625,0
2025-10-08 15:15:00+00:00,1300.7088623046875,1301.5045166015625,1296.5810546875,1300.8409423828125,0
2025-10-08 15:30:00+00:00,1293.8787841796875,1300.2789306640625,1292.110107421875,1300.2789306640625,0
2025-10-08 15:45:00+00:00,1292.425048828125,1293.4107666015625,1291.192138671875,1293.4107666015625,0
2025-10-08 16:00:00+00:00,1297.65771484375,1297.65771484375,1291.864013671875,1293.52783203125,0
2025-10-08 16:15:00+00:00,1295.503662109375,1297.7674560546875,1294.71533203125,1297.70068359375,0
2025-10-08 16:30:00+00:00,1292.7996826171875,1295.0814208984375,1292.04638671875,1295.0814208984375,0
2025-10-08 16:45:00+00:00,1302.7381591796875,1302.7806396484375,1293.1875,1293.1875,0
2025-10-08 17:00:00+00:00,1304.97802734375,1304.97802734375,1302.3914794921875,1303.5379638671875,0
2025-10-08 17:15:00+00:00,1309.4508056640625,1309.8345947265625,1305.3463134765625,1305.3463134765625,24805376
2025-10-08 17:30:00+00:00,1309.3978271484375,1310.8582763671875,1308.887451171875,1309.6676025390625,0
2025-10-08 17:45:00+00:00,1311.8350830078125,1311.8350830078125,1308.541015625,1309.22900390625,0
2025-10-08 18:00:00+00:00,1318.506103515625,1318.5191650390625,1311.8411865234375,1311.8411865234375,4595712
2025-10-08 18:15:00+00:00,1318.1715087890625,1320.7974853515625,1316.5439453125,1318.0150146484375,20660224
2025-10-08 18:30:00+00:00,1318.39697265625,1318.928955078125,1316.9083251953125,1316.9083251953125,4272128
2025-10-08 18:45:00+00:00,1319.447998046875,1320.732421875,1317.6204833984375,1318.2703857421875,6205440
2025-10-08 19:00:00+00:00,1315.0677490234375,1319.034912109375,1314.8829345703125,1319.010498046875,0
2025-10-08 19:15:00+00:00,1318.2073974609375,1318.3680419921875,1314.92626953125,1314.92626953125,0
2025-10-08 19:30:00+00:00,1318.73095703125,1319.5897216796875,1318.322265625,1318.322265625,0
2025-10-08 19:45:00+00:00,1316.260986328125,1318.8585205078125,1316.260986328125,1318.698486328125,0
2025-10-08 20:00:00+00:00,1317.7078857421875,1317.7078857421875,1316.340087890625,1316.340087890625,0
2025-10-08 20:15:00+00:00,1322.4385986328125,1322.4385986328125,1318.8505859375,1318.8505859375,0
2025-10-08 20:30:00+00:00,1318.5252685546875,1323.1326904296875,1318.5252685546875,1322.4686279296875,0
2025-10-08 20:45:00+00:00,1312.976318359375,1317.0673828125,1311.974609375,1317.0673828125,0
2025-10-08 21:00:00+00:00,1310.7464599609375,1313.4156494140625,1310.6661376953125,1313.0616455078125,0
2025-10-08 21:15:00+00:00,1310.0072021484375,1310.6441650390625,1310.0072021484375,1310.6441650390625,0
2025-10-08 21:30:00+00:00,1309.7642822265625,1309.90966796875,1308.3079833984375,1309.90966796875,0
2025-10-08 21:45:00+00:00,1303.9898681640625,1309.4853515625,1303.6531982421875,1309.4853515625,0
2025-10-08 22:00:00+00:00,1310.0316162109375,1310.91357421875,1306.0323486328125,1306.0323486328125,0
2025-10-08 22:15:00+00:00,1310.630615234375,1311.06298828125,1309.1220703125,1310.299072265625,0
2025-10-08 22:30:00+00:00,1308.7540283203125,1310.2529296875,1308.7540283203125,1310.0987548828125,0
2025-10-08 22:45:00+00:00,1302.966796875,1308.750244140625,1302.966796875,1308.750244140625,0
2025-10-08 23:00:00+00:00,1296.99658203125,1302.1181640625,1296.970458984375,1302.1181640625,16611328
2025-10-08 23:15:00+00:00,1299.8994140625,1299.8994140625,1296.8265380859375,1296.88427734375,1973760
2025-10-08 23:30:00+00:00,1302.8726806640625,1302.8726806640625,1300.141357421875,1300.4647216796875,11627520
2025-10-08 23:45:00+00:00,1306.64794921875,1306.64794921875,1302.6353759765625,1302.865966796875,0
2025-10-09 00:00:00+00:00,1305.78515625,1307.6275634765625,1305.4873046875,1306.6441650390625,0
2025-10-09 00:15:00+00:00,1304.32275390625,1305.754150390625,1304.32275390625,1305.73291015625,0
2025-10-09 00:30:00+00:00,1304.2763671875,1304.359130859375,1300.73583984375,1304.359130859375,0
2025-10-09 00:45:00+00:00,1313.4930419921875,1314.8267822265625,1304.1944580078125,1304.2518310546875,38584320
2025-10-09 01:00:00+00:00,1309.0673828125,1311.9525146484375,1308.5177001953125,1311.9525146484375,0
2025-10-09 01:15:00+00:00,1304.229248046875,1309.4090576171875,1304.229248046875,1309.4090576171875,0
2025-10-09 01:30:00+00:00,1304.48291015625,1304.48291015625,1303.0333251953125,1303.0333251953125,0
2025-10-09 01:45:00+00:00,1308.17724609375,1308.17724609375,1304.1903076171875,1304.1903076171875,0
2025-10-09 02:00:00+00:00,1300.8955078125,1308.10888671875,1300.8955078125,1308.10888671875,0
2025-10-09 02:15:00+00:00,1281.1771240234375,1300.900146484375,1280.13916015625,1300.900146484375,31950848
2025-10-09 02:30:00+00:00,1270.222900390625,1281.344482421875,1270.222900390625,1280.861572265625,86175744
2025-10-09 02:45:00+00:00,1260.7984619140625,1270.2408447265625,1260.2235107421875,1270.2408447265625,75828736
2025-10-09 03:00:00+00:00,1271.1072998046875,1271.1072998046875,1260.3170166015625,1260.3170166015625,56843264
2025-10-09 03:15:00+00:00,1271.6533203125,1272.8883056640625,1270.07568359375,1270.687255859375,5135360
2025-10-09 03:30:00+00:00,1273.2647705078125,1275.0672607421875,1271.673095703125,1271.673095703125,8328704
2025-10-09 03:45:00+00:00,1277.06787109375,1277.06787109375,1272.976318359375,1272.976318359375,0
2025-10-09 04:00:00+00:00,1279.897705078125,1279.897705078125,1277.114013671875,1277.114013671875,0
2025-10-09 04:15:00+00:00,1287.016357421875,1287.016357421875,1279.5274658203125,1279.779052734375,0
2025-10-09 04:30:00+00:00,1277.6287841796875,1287.3089599609375,1277.6287841796875,1287.080810546875,0
2025-10-09 04:45:00+00:00,1275.9940185546875,1277.2237548828125,1275.9940185546875,1277.2237548828125,0
2025-10-09 05:00:00+00:00,1278.3790283203125,1278.3790283203125,1276.174072265625,1276.174072265625,0
2025-10-09 05:15:00+00:00,1279.358642578125,1279.358642578125,1274.47265625,1278.1494140625,2401792
2025-10-09 05:30:00+00:00,1296.0428466796875,1296.0428466796875,1279.6326904296875,1279.6326904296875,34778112
2025-10-09 05:45:00+00:00,1296.733154296875,1298.142578125,1295.53662109375,1296.0462646484375,35586048
2025-10-09 06:00:00+00:00,1303.497802734375,1303.6539306640625,1296.1171875,1296.4921875,49157632
2025-10-09 06:15:00+00:00,1300.43359375,1304.638671875,1300.43359375,1303.724609375,2543104
2025-10-09 06:30:00+00:00,1315.165771484375,1315.299072265625,1300.4447021484375,1300.4447021484375,80836096
2025-10-09 06:45:00+00:00,1309.00732421875,1314.890869140625,1308.8887939453125,1314.890869140625,5354496
2025-10-09 07:00:00+00:00,1314.5885009765625,1314.5885009765625,1309.828857421875,1309.828857421875,38403072
2025-10-09 07:15:00+00:00,1315.4298095703125,1317.989013671875,1314.6181640625,1314.6181640625,55279104
2025-10-09 07:30:00+00:00,1308.755126953125,1315.6029052734375,1308.689453125,1315.334228515625,56837120
2025-10-09 07:45:00+00:00,1310.6063232421875,1315.185302734375,1308.601806640625,1308.601806640625,28310016
2025-10-09 08:00:00+00:00,1303.5086669921875,1310.3316650390625,1303.5086669921875,1309.6279296875,15454720
2025-10-09 08:15:00+00:00,1288.7203369140625,1303.505859375,1288.7203369140625,1303.505859375,60681728
2025-10-09 08:30:00+00:00,1293.8983154296875,1293.8983154296875,1288.8599853515625,1288.8599853515625,47269888
2025-10-09 08:45:00+00:00,1281.5906982421875,1294.8411865234375,1281.5906982421875,1293.113525390625,14705152
2025-10-09 09:00:00+00:00,1283.529052734375,1285.209716796875,1281.489501953125,1281.489501953125,4389888
2025-10-09 09:15:00+00:00,1276.325927734375,1283.4581298828125,1275.7342529296875,1283.4581298828125,8671744
2025-10-09 09:30:00+00:00,1279.4617919921875,1280.5458984375,1276.1956787109375,1276.1956787109375,13285376
2025-10-09 09:45:00+00:00,1282.4620361328125,1283.1470947265625,1278.00390625,1279.1365966796875,15787520
2025-10-09 10:00:00+00:00,1280.0968017578125,1285.5692138671875,1280.0968017578125,1282.4476318359375,0
2025-10-09 10:15:00+00:00,1270.31982421875,1279.4569091796875,1270.31982421875,1279.4215087890625,32767488
2025-10-09 10:30:00+00:00,1276.76513671875,1276.76513671875,1270.259521484375,1270.259521484375,1850368
2025-10-09 10:45:00+00:00,1283.079833984375,1283.4583740234375,1276.96533203125,1276.96533203125,9589248
2025-10-09 11:00:00+00:00,1285.262939453125,1285.64208984375,1282.7470703125,1283.075439453125,6506496
2025-10-09 11:15:00+00:00,1285.601806640625,1287.1053466796875,1283.3763427734375,1285.0760498046875,10354688
2025-10-09 11:30:00+00:00,1282.583984375,1285.601318359375,1279.7587890625,1285.601318359375,13928960
2025-10-09 11:45:00+00:00,1282.9346923828125,1285.6058349609375,1282.884033203125,1282.9827880859375,17827840
2025-10-09 12:00:00+00:00,1285.428466796875,1285.428466796875,1281.468505859375,1282.26904296875,1734656
2025-10-09 12:15:00+00:00,1286.75537109375,1289.0328369140625,1285.2249755859375,1285.2249755859375,10691584
2025-10-09 12:30:00+00:00,1285.515869140625,1286.642333984375,1281.5401611328125,1286.642333984375,19863040
2025-10-09 12:45:00+00:00,1284.2525634765625,1287.9627685546875,1283.3626708984375,1285.845947265625,27756544
2025-10-09 13:00:00+00:00,1271.8922119140625,1284.080810546875,1271.8922119140625,1284.080810546875,7007232
2025-10-09 13:15:00+00:00,1271.919921875,1271.919921875,1267.9681396484375,1270.906982421875,55217664
2025-10-09 13:30:00+00:00,1266.756103515625,1272.7806396484375,1266.756103515625,1272.3780517578125,14820864
2025-10-09 13:45:00+00:00,1262.0347900390625,1267.6785888671875,1262.0347900390625,1266.31201171875,15824896
2025-10-09 14:00:00+00:00,1256.99609375,1257.8865966796875,1249.5933837890625,1257.8865966796875,51789312
2025-10-09 14:15:00+00:00,1248.101318359375,1258.7342529296875,1248.101318359375,1257.67138671875,59064320
2025-10-09 14:30:00+00:00,1237.915283203125,1243.988037109375,1230.9034423828125,1243.988037109375,224300032
2025-10-09 14:45:00+00:00,1239.6636962890625,1239.934814453125,1235.6246337890625,1237.568359375,47015936
2025-10-09 15:00:00+00:00,1242.00244140625,1245.455078125,1240.9842529296875,1241.4576416015625,40958464
2025-10-09 15:15:00+00:00,1237.3135986328125,1243.095458984375,1237.3135986328125,1241.983642578125,0
2025-10-09 15:30:00+00:00,1235.317626953125,1238.0589599609375,1235.317626953125,1235.5396728515625,6645248
2025-10-09 15:45:00+00:00,1239.9073486328125,1241.0072021484375,1234.680419921875,1234.680419921875,18440192
2025-10-09 16:00:00+00:00,1236.575439453125,1241.913818359375,1236.5753173828125,1240.492431640625,5577728
2025-10-09 16:15:00+00:00,1230.8773193359375,1236.0772705078125,1230.654296875,1235.3734130859375,34568192
2025-10-09 16:30:00+00:00,1229.2626953125,1231.504638671875,1228.4053955078125,1231.504638671875,34302464
2025-10-09 16:45:00+00:00,1231.08056640625,1232.904296875,1229.3603515625,1229.3603515625,34420736
2025-10-09 17:00:00+00:00,1241.1827392578125,1241.26416015625,1229.6397705078125,1230.5281982421875,79666176
2025-10-09 17:15:00+00:00,1238.37744140625,1241.07177734375,1238.1767578125,1241.07177734375,0
2025-10-09 17:30:00+00:00,1242.062744140625,1242.062744140625,1238.23828125,1238.23828125,11771904
2025-10-09 17:45:00+00:00,1243.7276611328125,1244.7257080078125,1241.8995361328125,1241.8995361328125,5335040
2025-10-09 18:00:00+00:00,1244.326171875,1245.7840576171875,1243.3084716796875,1245.7840576171875,0
2025-10-09 18:15:00+00:00,1244.971923828125,1245.188720703125,1243.180908203125,1244.19677734375,0
2025-10-09 18:30:00+00:00,1241.1654052734375,1245.060791015625,1241.10107421875,1245.060791015625,9050624
2025-10-09 18:45:00+00:00,1239.55859375,1241.31103515625,1239.1134033203125,1241.31103515625,4193792
2025-10-09 19:00:00+00:00,1242.5489501953125,1243.0001220703125,1239.0089111328125,1239.0089111328125,0
2025-10-09 19:15:00+00:00,1243.0828857421875,1243.1827392578125,1241.054443359375,1242.7088623046875,3622912
2025-10-09 19:30:00+00:00,1239.9632568359375,1243.6302490234375,1239.9632568359375,1243.09716796875,0
2025-10-09 19:45:00+00:00,1240.558349609375,1240.852783203125,1239.7720947265625,1239.8287353515625,2387456
2025-10-09 20:00:00+00:00,1242.8583984375,1243.7137451171875,1241.821044921875,1241.8260498046875,5740032
2025-10-09 20:15:00+00:00,1244.196533203125,1244.196533203125,1241.251708984375,1242.4747314453125,2547712
2025-10-09 20:30:00+00:00,1246.878173828125,1246.878173828125,1244.1903076171875,1244.1903076171875,0
2025-10-09 20:45:00+00:00,1246.9302978515625,1247.571044921875,1246.4259033203125,1247.0302734375,780800
2025-10-09 21:00:00+00:00,1248.283447265625,1248.283447265625,1246.9381103515625,1247.1185302734375,3995648
2025-10-09 21:15:00+00:00,1251.7012939453125,1252.583740234375,1248.9033203125,1248.9033203125,24136704
2025-10-09 21:30:00+00:00,1253.4158935546875,1253.4158935546875,1251.0894775390625,1251.6068115234375,2973184
2025-10-09 21:45:00+00:00,1254.705810546875,1254.705810546875,1252.51513671875,1253.426025390625,0
2025-10-09 22:00:00+00:00,1256.0960693359375,1256.146728515625,1254.328369140625,1254.5159912109375,2538496
2025-10-09 22:15:00+00:00,1258.304931640625,1258.511962890625,1256.0574951171875,1256.0574951171875,9359872
2025-10-09 22:30:00+00:00,1256.833984375,1257.930419921875,1255.9527587890625,1257.930419921875,3547648
2025-10-09 22:45:00+00:00,1258.3424072265625,1258.5872802734375,1257.5091552734375,1257.61376953125,5348352
2025-10-09 23:00:00+00:00,1255.4251708984375,1259.3955078125,1255.4251708984375,1258.5579833984375,0
2025-10-09 23:15:00+00:00,1253.86474609375,1255.1766357421875,1252.9193115234375,1255.1766357421875,1141248
2025-10-09 23:30:00+00:00,1254.3402099609375,1254.509765625,1253.4151611328125,1253.5814208984375,0
2025-10-09 23:45:00+00:00,1255.9927978515625,1255.9927978515625,1254.342041015625,1254.342041015625,1116160
2025-10-10 00:00:00+00:00,1257.2735595703125,1257.614013671875,1256.023681640625,1256.023681640625,8633344
2025-10-10 00:15:00+00:00,1264.7359619140625,1264.7525634765625,1258.6339111328125,1258.6339111328125,32438784
2025-10-10 00:30:00+00:00,1264.5992431640625,1268.3131103515625,1264.5992431640625,1268.3131103515625,17187840
2025-10-10 00:45:00+00:00,1259.072998046875,1264.376953125,1259.0474853515625,1264.376953125,0
2025-10-10 01:00:00+00:00,1259.3822021484375,1260.1319580078125,1258.27099609375,1258.27099609375,3247616
2025-10-10 01:15:00+00:00,1255.553466796875,1259.557861328125,1255.3973388671875,1259.5321044921875,384512
2025-10-10 01:30:00+00:00,1253.6326904296875,1256.9034423828125,1253.512939453125,1256.9034423828125,2783232
2025-10-10 01:45:00+00:00,1250.19140625,1253.583984375,1250.1553955078125,1253.583984375,5659648
2025-10-10 02:00:00+00:00,1247.610595703125,1250.457275390625,1246.286376953125,1250.1226806640625,1787392
2025-10-10 02:15:00+00:00,1252.6517333984375,1253.2432861328125,1247.6646728515625,1247.6646728515625,0
2025-10-10 02:30:00+00:00,1252.2535400390625,1252.98876953125,1251.5308837890625,1252.98876953125,0
2025-10-10 02:45:00+00:00,1247.803955078125,1251.1058349609375,1247.803955078125,1251.1058349609375,0
2025-10-10 03:00:00+00:00,1247.9658203125,1247.9658203125,1247.243408203125,1247.5186767578125,0
2025-10-10 03:15:00+00:00,1253.7783203125,1253.7783203125,1248.0264892578125,1248.0264892578125,0
2025-10-10 03:30:00+00:00,1259.8370361328125,1259.8387451171875,1254.234619140625,1254.234619140625,3348480
2025-10-10 03:45:00+00:00,1260.3770751953125,1264.7611083984375,1260.077880859375,1260.077880859375,46595072
2025-10-10 04:00:00+00:00,1266.6539306640625,1266.6539306640625,1260.2568359375,1260.2568359375,12920320
2025-10-10 04:15:00+00:00,1268.0238037109375,1268.0238037109375,1265.5223388671875,1267.4630126953125,8688128
2025-10-10 04:30:00+00:00,1270.733154296875,1271.92724609375,1268.0980224609375,1268.0980224609375,28135936
2025-10-10 04:45:00+00:00,1265.83837890625,1270.25537109375,1265.6680908203125,1270.25537109375,14689792
2025-10-10 05:00:00+00:00,1262.1986083984375,1265.5997314453125,1261.472900390625,1265.5997314453125,15271936
2025-10-10 05:15:00+00:00,1268.2869873046875,1268.2869873046875,1262.3963623046875,1262.3963623046875,2379776
2025-10-10 05:30:00+00:00,1269.4736328125,1269.4736328125,1267.225341796875,1268.4520263671875,0
2025-10-10 05:45:00+00:00,1271.720458984375,1273.4080810546875,1269.714111328125,1269.714111328125,1327616
2025-10-10 06:00:00+00:00,1274.5989990234375,1275.694580078125,1271.371337890625,1271.7786865234375,0
2025-10-10 06:15:00+00:00,1273.6702880859375,1276.3428955078125,1272.905517578125,1274.7972412109375,0
2025-10-10 06:30:00+00:00,1274.05517578125,1274.1685791015625,1272.496826171875,1273.62353515625,0
2025-10-10 06:45:00+00:00,1270.7799072265625,1275.209716796875,1270.7799072265625,1275.1768798828125,0
2025-10-10 07:00:00+00:00,1269.0457763671875,1270.5006103515625,1267.1929931640625,1270.5006103515625,0
2025-10-10 07:15:00+00:00,1267.65966796875,1271.5477294921875,1267.65966796875,1269.3638916015625,0
2025-10-10 07:30:00+00:00,1265.077392578125,1268.492919921875,1265.077392578125,1267.94677734375,0
2025-10-10 07:45:00+00:00,1265.225341796875,1265.70849609375,1263.9776611328125,1265.1405029296875,0
2025-10-10 08:00:00+00:00,1264.4583740234375,1266.8182373046875,1264.4583740234375,1265.158935546875,0
2025-10-10 08:15:00+00:00,1267.634765625,1269.0728759765625,1264.3907470703125,1264.3907470703125,0
2025-10-10 08:30:00+00:00,1264.8502197265625,1267.5379638671875,1264.6776123046875,1267.5379638671875,0
2025-10-10 08:45:00+00:00,1267.1671142578125,1267.1671142578125,1265.008056640625,1265.008056640625,0
2025-10-10 09:00:00+00:00,1262.0968017578125,1267.044189453125,1262.0968017578125,1267.042724609375,0
2025-10-10 09:15:00+00:00,1258.8250732421875,1260.7841796875,1257.011962890625,1260.7841796875,0
2025-10-10 09:30:00+00:00,1254.44091796875,1259.1094970703125,1254.3345947265625,1259.097412109375,1657856
2025-10-10 09:45:00+00:00,1249.076416015625,1253.3370361328125,1249.076416015625,1253.3370361328125,1379840
2025-10-10 10:00:00+00:00,1251.17529296875,1251.3292236328125,1249.0716552734375,1249.0716552734375,0
2025-10-10 10:15:00+00:00,1247.58056640625,1251.1455078125,1247.58056640625,1251.1455078125,0
2025-10-10 10:30:00+00:00,1249.0677490234375,1249.0677490234375,1247.1407470703125,1247.1407470703125,0
2025-10-10 10:45:00+00:00,1251.3701171875,1251.8865966796875,1249.2325439453125,1249.2325439453125,751616
2025-10-10 11:00:00+00:00,1267.5958251953125,1270.290283203125,1251.631103515625,1251.631103515625,84871680
2025-10-10 11:15:00+00:00,1264.2613525390625,1268.6824951171875,1263.667236328125,1267.1671142578125,12697600
2025-10-10 11:30:00+00:00,1268.920166015625,1268.920166015625,1264.29833984375,1264.29833984375,2322432
2025-10-10 11:45:00+00:00,1271.2086181640625,1271.7655029296875,1268.0555419921875,1269.2666015625,14921728
2025-10-10 12:00:00+00:00,1273.2314453125,1273.318115234375,1270.155517578125,1270.781494140625,0
2025-10-10 12:15:00+00:00,1272.12841796875,1272.9317626953125,1272.115966796875,1272.619873046875,0
2025-10-10 12:30:00+00:00,1270.2901611328125,1272.1700439453125,1269.7470703125,1272.1700439453125,0
2025-10-10 12:45:00+00:00,1271.8626708984375,1272.803466796875,1269.7916259765625,1270.337158203125,0
2025-10-10 13:00:00+00:00,1268.9715576171875,1271.7138671875,1268.9715576171875,1271.1763916015625,0
2025-10-10 13:15:00+00:00,1269.502197265625,1269.502197265625,1268.3848876953125,1268.98486328125,0
2025-10-10 13:30:00+00:00,1262.1575927734375,1269.1046142578125,1262.1575927734375,1269.1046142578125,91302912
2025-10-10 13:45:00+00:00,1250.4705810546875,1261.788818359375,1250.4705810546875,1261.788818359375,15638528
2025-10-10 14:00:00+00:00,1255.1531982421875,1255.6568603515625,1250.7825927734375,1250.7825927734375,0
2025-10-10 14:15:00+00:00,1251.490478515625,1254.8785400390625,1249.724365234375,1254.8785400390625,0
2025-10-10 14:30:00+00:00,1252.5487060546875,1253.266845703125,1250.747314453125,1250.747314453125,0
2025-10-10 14:45:00+00:00,1250.365478515625,1252.6695556640625,1250.365478515625,1252.580078125,0
2025-10-10 15:00:00+00:00,1236.0882568359375,1243.25439453125,1234.6182861328125,1243.25439453125,97463296
2025-10-10 15:15:00+00:00,1222.9427490234375,1235.9215087890625,1222.9427490234375,1235.9215087890625,114591744
2025-10-10 15:30:00+00:00,1218.8642578125,1223.09619140625,1213.0408935546875,1223.09619140625,241838592
2025-10-10 15:45:00+00:00,1216.714111328125,1224.558349609375,1216.3331298828125,1224.3572998046875,59284480
2025-10-10 16:00:00+00:00,1223.1158447265625,1223.808837890625,1215.7135009765625,1216.4161376953125,42229760
2025-10-10 16:15:00+00:00,1232.662109375,1232.662109375,1221.9639892578125,1222.86376953125,21649920
2025-10-10 16:30:00+00:00,1235.7943115234375,1240.5546875,1232.1812744140625,1232.1812744140625,41463296
2025-10-10 16:45:00+00:00,1226.53076171875,1234.2530517578125,1226.53076171875,1233.921142578125,24671744
2025-10-10 17:00:00+00:00,1230.75927734375,1231.6070556640625,1226.744140625,1226.7762451171875,6836736
2025-10-10 17:15:00+00:00,1226.578857421875,1230.2515869140625,1226.1573486328125,1230.2515869140625,7174144
2025-10-10 17:30:00+00:00,1227.265380859375,1228.877685546875,1225.234130859375,1228.877685546875,19313664
2025-10-10 17:45:00+00:00,1228.0662841796875,1228.0662841796875,1226.786865234375,1227.318359375,4794368
2025-10-10 18:00:00+00:00,1228.43505859375,1228.6802978515625,1227.90478515625,1227.90478515625,12086272
2025-10-10 18:15:00+00:00,1232.8663330078125,1232.8663330078125,1228.0780029296875,1228.580078125,12857856
2025-10-10 18:30:00+00:00,1230.57470703125,1232.541748046875,1230.2418212890625,1232.2120361328125,1827840
2025-10-10 18:45:00+00:00,1225.069580078125,1230.570068359375,1224.5584716796875,1230.570068359375,12235264
2025-10-10 19:00:00+00:00,1224.5284423828125,1224.5284423828125,1221.58984375,1224.029052734375,34415104
2025-10-10 19:15:00+00:00,1222.798828125,1227.5806884765625,1222.798828125,1224.2880859375,65475584
2025-10-10 19:30:00+00:00,1219.3392333984375,1219.3392333984375,1215.9443359375,1217.6734619140625,80468992
2025-10-10 19:45:00+00:00,1230.5018310546875,1232.1121826171875,1222.8900146484375,1223.4639892578125,113043456
2025-10-10 20:00:00+00:00,1233.9801025390625,1239.26220703125,1230.6466064453125,1230.6466064453125,138231808
2025-10-10 20:15:00+00:00,1234.43359375,1236.307861328125,1232.5174560546875,1234.3441162109375,52602368
2025-10-10 20:30:00+00:00,1232.2640380859375,1234.4315185546875,1231.166748046875,1234.4315185546875,19815424
2025-10-10 20:45:00+00:00,1209.9085693359375,1234.0186767578125,1209.73046875,1232.7056884765625,146442240
2025-10-10 21:00:00+00:00,1182.1802978515625,1206.3624267578125,1178.7972412109375,1206.3624267578125,304773632
2025-10-10 21:15:00+00:00,1033.30517578125,1181.859130859375,966.0694580078125,1181.859130859375,256204800
2025-10-10 21:30:00+00:00,1077.2725830078125,1077.2725830078125,1007.80126953125,1007.80126953125,713453568
2025-10-10 21:45:00+00:00,1118.1253662109375,1122.9437255859375,1080.4215087890625,1080.4215087890625,386922496
2025-10-10 22:00:00+00:00,1091.7125244140625,1111.0869140625,1069.544921875,1110.0150146484375,319023104
2025-10-10 22:15:00+00:00,1069.13134765625,1096.67919921875,1069.13134765625,1091.001953125,272578560
2025-10-10 22:30:00+00:00,1107.9354248046875,1107.9354248046875,1075.1214599609375,1075.1214599609375,275773440
2025-10-10 22:45:00+00:00,1116.3804931640625,1135.346435546875,1114.607666015625,1114.607666015625,253484032
2025-10-10 23:00:00+00:00,1102.44580078125,1115.6751708984375,1102.1680908203125,1114.8602294921875,106622976
2025-10-10 23:15:00+00:00,1116.07470703125,1116.07470703125,1104.423583984375,1104.423583984375,150067200
2025-10-10 23:30:00+00:00,1131.0885009765625,1131.2088623046875,1116.8621826171875,1116.8621826171875,167001088
2025-10-10 23:45:00+00:00,1115.4114990234375,1135.37353515625,1114.014892578125,1131.6202392578125,119306240
2025-10-11 00:00:00+00:00,1110.820556640625,1112.341552734375,1104.1361083984375,1104.158447265625,53069824
2025-10-11 00:15:00+00:00,1105.5362548828125,1111.5257568359375,1095.390869140625,1111.1485595703125,87218176
2025-10-11 00:30:00+00:00,1113.15478515625,1113.15478515625,1105.5362548828125,1112.7728271484375,66034688
2025-10-11 00:45:00+00:00,1123.419189453125,1128.802001953125,1113.577392578125,1113.577392578125,89339904
2025-10-11 01:00:00+00:00,1113.728515625,1120.24560546875,1112.9332275390625,1120.24560546875,55048192
2025-10-11 01:15:00+00:00,1095.2247314453125,1114.3603515625,1093.2471923828125,1114.3387451171875,60870656
2025-10-11 01:30:00+00:00,1091.5361328125,1098.224609375,1091.5361328125,1093.3758544921875,55351296
2025-10-11 01:45:00+00:00,1086.82373046875,1087.8582763671875,1080.8958740234375,1087.2335205078125,69657600
2025-10-11 02:00:00+00:00,1098.5677490234375,1098.5677490234375,1086.5162353515625,1086.5162353515625,58278912
2025-10-11 02:15:00+00:00,1117.299072265625,1119.681396484375,1106.1600341796875,1106.1600341796875,117377024
2025-10-11 02:30:00+00:00,1128.7144775390625,1128.7144775390625,1116.999267578125,1116.999267578125,99069952
2025-10-11 02:45:00+00:00,1139.4447021484375,1140.30029296875,1129.6495361328125,1129.6495361328125,117458944
2025-10-11 03:00:00+00:00,1127.0130615234375,1141.8431396484375,1127.0130615234375,1141.8431396484375,65777664
2025-10-11 03:15:00+00:00,1127.79345703125,1127.79345703125,1123.9512939453125,1127.465087890625,53620736
2025-10-11 03:30:00+00:00,1131.9979248046875,1136.120849609375,1127.6580810546875,1127.6580810546875,45413376
2025-10-11 03:45:00+00:00,1130.1014404296875,1131.86669921875,1129.026123046875,1131.86669921875,0
2025-10-11 04:00:00+00:00,1137.7813720703125,1138.2315673828125,1129.78662109375,1130.061767578125,7573504
2025-10-11 04:15:00+00:00,1134.4296875,1138.458251953125,1134.071533203125,1137.4454345703125,1645568
2025-10-11 04:30:00+00:00,1134.226318359375,1135.54833984375,1131.677001953125,1134.887451171875,0
2025-10-11 04:45:00+00:00,1139.2413330078125,1139.881591796875,1133.3819580078125,1134.4744873046875,19682304
2025-10-11 05:00:00+00:00,1137.114501953125,1139.1087646484375,1136.58740234375,1139.1055908203125,6225920
2025-10-11 05:15:00+00:00,1123.8001708984375,1137.8023681640625,1123.8001708984375,1137.3421630859375,16395264
2025-10-11 05:30:00+00:00,1113.9241943359375,1120.199951171875,1113.9241943359375,1120.199951171875,34026496
2025-10-11 05:45:00+00:00,1114.066650390625,1115.705322265625,1111.8131103515625,1113.9559326171875,15814656
2025-10-11 06:00:00+00:00,1108.3167724609375,1114.2376708984375,1107.00537109375,1114.2376708984375,2283520
2025-10-11 06:15:00+00:00,1112.3416748046875,1113.0723876953125,1108.8150634765625,1108.8150634765625,13527040
2025-10-11 06:30:00+00:00,1110.026123046875,1115.6168212890625,1110.026123046875,1112.2000732421875,15818752
2025-10-11 06:45:00+00:00,1100.2384033203125,1109.9019775390625,1100.2032470703125,1109.9019775390625,10995712
2025-10-11 07:00:00+00:00,1093.5517578125,1100.0982666015625,1091.39306640625,1099.94580078125,42567680
2025-10-11 07:15:00+00:00,1095.76904296875,1095.76904296875,1089.467041015625,1093.357177734375,60007424
2025-10-11 07:30:00+00:00,1092.4713134765625,1095.2293701171875,1092.26513671875,1095.2293701171875,11933696
2025-10-11 07:45:00+00:00,1094.150634765625,1094.150634765625,1091.0887451171875,1092.6663818359375,22928384
2025-10-11 08:00:00+00:00,1093.067138671875,1094.8787841796875,1092.9013671875,1094.2847900390625,10375168
2025-10-11 08:15:00+00:00,1107.2513427734375,1109.653076171875,1093.0623779296875,1093.0623779296875,81011712
2025-10-11 08:30:00+00:00,1108.001220703125,1108.3321533203125,1101.1717529296875,1107.007568359375,41394176
2025-10-11 08:45:00+00:00,1114.937744140625,1114.96435546875,1107.8248291015625,1107.8248291015625,38091776
2025-10-11 09:00:00+00:00,1127.8004150390625,1128.8587646484375,1114.9385986328125,1114.9385986328125,79758336
2025-10-11 09:15:00+00:00,1129.7239990234375,1130.4022216796875,1125.2200927734375,1127.853759765625,36575232
2025-10-11 09:30:00+00:00,1126.323486328125,1129.531982421875,1125.2486572265625,1129.4884033203125,6370304
2025-10-11 09:45:00+00:00,1124.5440673828125,1127.612060546875,1124.33837890625,1126.304931640625,1170432
2025-10-11 10:00:00+00:00,1129.1517333984375,1129.1517333984375,1124.5753173828125,1124.60595703125,7225344
2025-10-11 10:15:00+00:00,1138.613525390625,1138.613525390625,1129.4163818359375,1129.4163818359375,51622912
2025-10-11 10:30:00+00:00,1133.4957275390625,1140.265380859375,1133.4957275390625,1138.7276611328125,33632256
2025-10-11 10:45:00+00:00,1132.16552734375,1133.8414306640625,1131.79248046875,1133.6568603515625,14936064
2025-10-11 11:00:00+00:00,1130.589599609375,1132.640625,1130.5657958984375,1132.640625,0
2025-10-11 11:15:00+00:00,1133.470703125,1133.470703125,1126.13427734375,1130.5633544921875,17715200
2025-10-11 11:30:00+00:00,1131.1358642578125,1133.5572509765625,1131.0419921875,1133.509521484375,4104192
2025-10-11 11:45:00+00:00,1130.626953125,1131.306396484375,1130.271728515625,1131.1275634765625,0
2025-10-11 12:00:00+00:00,1125.4385986328125,1130.698486328125,1125.384765625,1130.698486328125,0
2025-10-11 12:15:00+00:00,1129.1304931640625,1130.7640380859375,1125.5789794921875,1125.5789794921875,22633472
2025-10-11 12:30:00+00:00,1126.5550537109375,1130.43408203125,1125.992919921875,1129.5284423828125,0
2025-10-11 12:45:00+00:00,1124.878662109375,1127.3154296875,1122.2513427734375,1126.537353515625,19189760
2025-10-11 13:00:00+00:00,1124.64599609375,1127.640380859375,1123.509033203125,1125.47705078125,1527808
2025-10-11 13:15:00+00:00,1124.8173828125,1125.920166015625,1121.51513671875,1124.7896728515625,7919616
2025-10-11 13:30:00+00:00,1124.4407958984375,1125.0174560546875,1120.047607421875,1125.0174560546875,0
2025-10-11 13:45:00+00:00,1132.560546875,1132.560546875,1124.6319580078125,1124.6319580078125,6247424
2025-10-11 14:00:00+00:00,1134.4527587890625,1134.939453125,1132.9063720703125,1132.9063720703125,954368
2025-10-11 14:15:00+00:00,1132.8406982421875,1136.2755126953125,1132.5262451171875,1134.5845947265625,4033536
2025-10-11 14:30:00+00:00,1132.568359375,1133.0303955078125,1131.748046875,1132.6556396484375,6395904
2025-10-11 14:45:00+00:00,1130.6083984375,1132.66650390625,1130.6083984375,1132.66650390625,576512
2025-10-11 15:00:00+00:00,1146.3045654296875,1146.3045654296875,1130.552734375,1130.552734375,10302464
2025-10-11 15:15:00+00:00,1153.123779296875,1153.123779296875,1146.18408203125,1146.18408203125,29517824
2025-10-11 15:30:00+00:00,1146.3724365234375,1153.0882568359375,1146.3724365234375,1153.0882568359375,0
2025-10-11 15:45:00+00:00,1146.13037109375,1147.1328125,1144.587158203125,1146.012451171875,0
2025-10-11 16:00:00+00:00,1145.6011962890625,1145.9285888671875,1141.6119384765625,1145.9285888671875,0
2025-10-11 16:15:00+00:00,1149.38623046875,1149.6524658203125,1145.6302490234375,1145.6302490234375,0
2025-10-11 16:30:00+00:00,1145.7078857421875,1149.0645751953125,1143.23193359375,1149.0645751953125,0
2025-10-11 16:45:00+00:00,1153.0526123046875,1153.1240234375,1145.558837890625,1145.654541015625,0
2025-10-11 17:00:00+00:00,1157.7447509765625,1157.7447509765625,1152.306396484375,1153.3922119140625,14780416
2025-10-11 17:15:00+00:00,1167.777587890625,1167.777587890625,1157.5655517578125,1157.5655517578125,32863232
2025-10-11 17:30:00+00:00,1174.0008544921875,1180.0970458984375,1168.3624267578125,1168.3624267578125,86277120
2025-10-11 17:45:00+00:00,1179.1856689453125,1179.3896484375,1173.717529296875,1174.34912109375,28662784
2025-10-11 18:00:00+00:00,1179.0440673828125,1179.506103515625,1176.224853515625,1179.193603515625,3245056
2025-10-11 18:15:00+00:00,1173.6502685546875,1179.0308837890625,1173.4998779296875,1179.0308837890625,0
2025-10-11 18:30:00+00:00,1175.7037353515625,1176.0076904296875,1173.5458984375,1173.5458984375,17422336
2025-10-11 18:45:00+00:00,1175.605224609375,1175.8450927734375,1173.415283203125,1175.4332275390625,0
2025-10-11 19:00:00+00:00,1167.146484375,1175.4749755859375,1167.146484375,1175.4749755859375,3889152
2025-10-11 19:15:00+00:00,1160.873779296875,1166.9947509765625,1159.802001953125,1166.9947509765625,0
2025-10-11 19:30:00+00:00,1148.4100341796875,1160.8067626953125,1148.36083984375,1160.8067626953125,0
2025-10-11 19:45:00+00:00,1140.865966796875,1147.4072265625,1140.865966796875,1145.8843994140625,8197120
2025-10-11 20:00:00+00:00,1138.951171875,1141.7271728515625,1137.550537109375,1141.3026123046875,0
2025-10-11 20:15:00+00:00,1131.47900390625,1140.615234375,1131.3179931640625,1138.995849609375,8480768
2025-10-11 20:30:00+00:00,1127.5655517578125,1131.4964599609375,1124.41357421875,1131.4593505859375,16290816
2025-10-11 20:45:00+00:00,1122.633056640625,1129.383056640625,1122.1473388671875,1127.42333984375,11598848
2025-10-11 21:00:00+00:00,1110.7020263671875,1124.2303466796875,1110.6201171875,1123.0841064453125,0
2025-10-11 21:15:00+00:00,1133.733642578125,1133.7734375,1110.8953857421875,1110.8953857421875,0
2025-10-11 21:30:00+00:00,1136.005126953125,1137.55126953125,1131.4013671875,1133.3961181640625,0
2025-10-11 21:45:00+00:00,1140.2099609375,1141.327880859375,1135.1204833984375,1135.5477294921875,0
2025-10-11 22:00:00+00:00,1138.1787109375,1140.196533203125,1136.1053466796875,1140.0357666015625,0
2025-10-11 22:15:00+00:00,1139.2659912109375,1139.2659912109375,1134.1356201171875,1138.1837158203125,0
2025-10-11 22:30:00+00:00,1140.3511962890625,1142.1407470703125,1138.4521484375,1139.20654296875,0
2025-10-11 22:45:00+00:00,1146.8299560546875,1146.8299560546875,1140.1593017578125,1140.1593017578125,0
2025-10-11 23:00:00+00:00,1143.27783203125,1147.294677734375,1142.8668212890625,1146.8231201171875,0
2025-10-11 23:15:00+00:00,1143.331787109375,1145.37451171875,1142.656005859375,1143.4520263671875,0
2025-10-11 23:30:00+00:00,1141.2001953125,1143.6280517578125,1141.2001953125,1143.2308349609375,0
2025-10-11 23:45:00+00:00,1137.236328125,1141.1341552734375,1137.236328125,1141.1341552734375,0
2025-10-12 00:00:00+00:00,1133.0252685546875,1137.2125244140625,1132.676513671875,1137.2125244140625,0
2025-10-12 00:15:00+00:00,1125.8028564453125,1134.1754150390625,1125.8028564453125,1132.8519287109375,0
2025-10-12 00:30:00+00:00,1123.74462890625,1131.874267578125,1123.74462890625,1125.68408203125,1401344
2025-10-12 00:45:00+00:00,1115.3896484375,1124.5216064453125,1115.3896484375,1124.5216064453125,0
2025-10-12 01:00:00+00:00,1116.94580078125,1117.06103515625,1113.34716796875,1114.9361572265625,0
2025-10-12 01:15:00+00:00,1114.04541015625,1119.6563720703125,1113.6566162109375,1117.142822265625,0
2025-10-12 01:30:00+00:00,1117.9324951171875,1117.9324951171875,1110.3074951171875,1113.9368896484375,0
2025-10-12 01:45:00+00:00,1113.7581787109375,1119.3768310546875,1113.7581787109375,1117.9407958984375,0
2025-10-12 02:00:00+00:00,1113.278564453125,1114.3138427734375,1111.2186279296875,1114.0006103515625,0
2025-10-12 02:15:00+00:00,1120.66796875,1120.76318359375,1113.6729736328125,1113.6729736328125,0
2025-10-12 02:30:00+00:00,1115.843994140625,1121.7841796875,1115.725341796875,1120.6458740234375,0
2025-10-12 02:45:00+00:00,1113.1058349609375,1116.6585693359375,1112.227294921875,1116.299560546875,0
2025-10-12 03:00:00+00:00,1120.3607177734375,1120.4859619140625,1113.78271484375,1113.78271484375,0
2025-10-12 03:15:00+00:00,1126.3758544921875,1126.3758544921875,1118.7464599609375,1120.0107421875,0
2025-10-12 03:30:00+00:00,1128.8638916015625,1128.8638916015625,1125.6524658203125,1126.1326904296875,626176
2025-10-12 03:45:00+00:00,1122.254638671875,1128.75146484375,1122.254638671875,1128.75146484375,0
2025-10-12 04:00:00+00:00,1126.238525390625,1126.2515869140625,1122.26318359375,1122.26318359375,0
2025-10-12 04:15:00+00:00,1129.023193359375,1131.314697265625,1126.24658203125,1126.24658203125,4015616
2025-10-12 04:30:00+00:00,1128.9505615234375,1130.6038818359375,1128.9505615234375,1129.019775390625,0
2025-10-12 04:45:00+00:00,1131.22998046875,1133.8709716796875,1129.183837890625,1129.183837890625,922112
2025-10-12 05:00:00+00:00,1131.759521484375,1134.0093994140625,1131.447021484375,1131.447021484375,0
2025-10-12 05:15:00+00:00,1138.3460693359375,1138.382568359375,1131.7576904296875,1131.7576904296875,0
2025-10-12 05:30:00+00:00,1141.3179931640625,1141.3179931640625,1138.58544921875,1138.58544921875,0
2025-10-12 05:45:00+00:00,1150.401611328125,1151.230224609375,1141.4443359375,1141.4443359375,24687616
2025-10-12 06:00:00+00:00,1150.051025390625,1150.4638671875,1147.00341796875,1150.35009765625,2155520
2025-10-12 06:15:00+00:00,1149.770263671875,1150.1156005859375,1147.659423828125,1150.01708984375,8636928
2025-10-12 06:30:00+00:00,1150.64111328125,1152.9366455078125,1149.6171875,1150.455322265625,13838336
2025-10-12 06:45:00+00:00,1153.6981201171875,1153.6981201171875,1150.6854248046875,1150.6854248046875,0
2025-10-12 07:00:00+00:00,1160.8212890625,1162.0863037109375,1153.843994140625,1153.843994140625,0
2025-10-12 07:15:00+00:00,1167.2427978515625,1168.12646484375,1161.025146484375,1161.025146484375,1184256
2025-10-12 07:30:00+00:00,1160.0872802734375,1166.8125,1160.0872802734375,1166.8125,21650432
2025-10-12 07:45:00+00:00,1161.5653076171875,1161.5653076171875,1158.0572509765625,1160.1129150390625,0
2025-10-12 08:00:00+00:00,1159.1715087890625,1161.3988037109375,1158.9952392578125,1161.3988037109375,0
2025-10-12 08:15:00+00:00,1163.259765625,1163.259765625,1157.3153076171875,1159.049560546875,0
2025-10-12 08:30:00+00:00,1171.1907958984375,1171.1907958984375,1163.611572265625,1163.611572265625,66445312
2025-10-12 08:45:00+00:00,1178.678955078125,1181.794677734375,1177.1558837890625,1178.36865234375,121788416
2025-10-12 09:00:00+00:00,1171.693603515625,1178.556396484375,1171.133056640625,1178.5281982421875,0
2025-10-12 09:15:00+00:00,1176.5811767578125,1176.5811767578125,1169.7291259765625,1171.5963134765625,8497152
2025-10-12 09:30:00+00:00,1185.8370361328125,1185.8370361328125,1176.5875244140625,1176.5875244140625,41948672
2025-10-12 09:45:00+00:00,1209.7716064453125,1209.7716064453125,1186.0262451171875,1186.0262451171875,186061312
2025-10-12 10:00:00+00:00,1216.053955078125,1218.2960205078125,1209.979248046875,1209.979248046875,193108992
2025-10-12 10:15:00+00:00,1215.310791015625,1217.0322265625,1213.8497314453125,1216.477294921875,23547392
2025-10-12 10:30:00+00:00,1217.6947021484375,1217.6947021484375,1213.1844482421875,1215.0987548828125,20556288
2025-10-12 10:45:00+00:00,1219.8934326171875,1224.5001220703125,1217.7532958984375,1217.7532958984375,95813632
2025-10-12 11:00:00+00:00,1224.5809326171875,1224.705810546875,1217.37109375,1219.524169921875,42277376
2025-10-12 11:15:00+00:00,1225.3455810546875,1225.6446533203125,1222.7269287109375,1224.0899658203125,18530816
2025-10-12 11:30:00+00:00,1221.131103515625,1225.4871826171875,1220.88330078125,1225.4871826171875,5800960
2025-10-12 11:45:00+00:00,1227.634033203125,1228.1859130859375,1219.63916015625,1220.926513671875,57390592
2025-10-12 12:00:00+00:00,1242.3076171875,1242.3076171875,1227.7911376953125,1227.7911376953125,107487744
2025-10-12 12:15:00+00:00,1255.6241455078125,1256.350341796875,1243.643310546875,1243.643310546875,173786624
2025-10-12 12:30:00+00:00,1251.8759765625,1257.6298828125,1251.49267578125,1255.487548828125,145309184
2025-10-12 12:45:00+00:00,1241.5457763671875,1251.81494140625,1241.406005859375,1251.81494140625,58185728
2025-10-12 13:00:00+00:00,1243.2415771484375,1243.2415771484375,1234.833251953125,1241.779296875,49757696
2025-10-12 13:15:00+00:00,1234.7803955078125,1243.8134765625,1234.7803955078125,1243.22607421875,34202112
2025-10-12 13:30:00+00:00,1230.20947265625,1235.471923828125,1228.589599609375,1235.2349853515625,39274496
2025-10-12 13:45:00+00:00,1224.1524658203125,1231.14404296875,1224.0509033203125,1230.2109375,34846720
2025-10-12 14:00:00+00:00,1235.681884765625,1235.681884765625,1223.860595703125,1223.860595703125,53201920
2025-10-12 14:15:00+00:00,1236.7314453125,1237.9876708984375,1235.907470703125,1235.907470703125,43721728
2025-10-12 14:30:00+00:00,1235.9376220703125,1240.2652587890625,1235.9376220703125,1237.4410400390625,20603392
2025-10-12 14:45:00+00:00,1269.80419921875,1271.773193359375,1237.64111328125,1237.64111328125,323874304
2025-10-12 15:00:00+00:00,1264.28564453125,1270.386962890625,1260.226806640625,1260.226806640625,162156544
2025-10-12 15:15:00+00:00,1270.611083984375,1270.6715087890625,1264.5755615234375,1264.5755615234375,43317248
2025-10-12 15:30:00+00:00,1273.4910888671875,1273.57080078125,1267.53125,1271.73046875,151518208
2025-10-12 15:45:00+00:00,1299.121826171875,1299.121826171875,1274.45068359375,1274.45068359375,234345472
2025-10-12 16:00:00+00:00,1294.36279296875,1307.6011962890625,1291.7750244140625,1298.7550048828125,228895744
2025-10-12 16:15:00+00:00,1282.5123291015625,1294.3447265625,1280.181640625,1294.3447265625,199660544
2025-10-12 16:30:00+00:00,1288.24169921875,1288.75048828125,1282.5439453125,1282.5439453125,75672576
2025-10-12 16:45:00+00:00,1295.597412109375,1295.74951171875,1289.384765625,1289.384765625,130526208
2025-10-12 17:00:00+00:00,1298.349365234375,1300.7113037109375,1295.846923828125,1295.846923828125,25809920
2025-10-12 17:15:00+00:00,1295.085693359375,1298.02392578125,1294.7763671875,1298.02392578125,12332032
2025-10-12 17:30:00+00:00,1298.443359375,1299.110107421875,1293.530517578125,1294.9105224609375,0
2025-10-12 17:45:00+00:00,1300.58154296875,1300.8323974609375,1296.2645263671875,1299.8848876953125,60760064
2025-10-12 18:00:00+00:00,1300.5928955078125,1302.102294921875,1299.21484375,1299.350341796875,50094080
2025-10-12 18:15:00+00:00,1299.7835693359375,1301.99560546875,1299.6287841796875,1300.61328125,24586240
2025-10-12 18:30:00+00:00,1292.3701171875,1299.4842529296875,1289.1834716796875,1299.4842529296875,44981248
2025-10-12 18:45:00+00:00,1300.491943359375,1300.491943359375,1291.814453125,1291.9637451171875,49203200
2025-10-12 19:00:00+00:00,1301.3197021484375,1302.174560546875,1299.6766357421875,1300.5091552734375,0
2025-10-12 19:15:00+00:00,1298.0865478515625,1301.2353515625,1297.477783203125,1301.2353515625,0
2025-10-12 19:30:00+00:00,1294.5419921875,1299.45703125,1294.019287109375,1298.6494140625,0
2025-10-12 19:45:00+00:00,1298.4990234375,1299.0953369140625,1294.68505859375,1294.68505859375,0
2025-10-12 20:00:00+00:00,1295.7374267578125,1298.549560546875,1295.5521240234375,1298.549560546875,0
2025-10-12 20:15:00+00:00,1297.18701171875,1297.18701171875,1295.5911865234375,1295.5911865234375,0
2025-10-12 20:30:00+00:00,1305.5867919921875,1305.599365234375,1297.3638916015625,1297.3638916015625,34985984
2025-10-12 20:45:00+00:00,1302.35546875,1319.1607666015625,1302.3489990234375,1305.8890380859375,99027968
2025-10-12 21:00:00+00:00,1306.8465576171875,1308.401123046875,1303.0762939453125,1303.0762939453125,12956672
2025-10-12 21:15:00+00:00,1295.1173095703125,1305.587646484375,1295.1173095703125,1305.587646484375,0
2025-10-12 21:30:00+00:00,1288.013916015625,1295.4461669921875,1287.9090576171875,1295.4461669921875,14575616
2025-10-12 21:45:00+00:00,1293.435791015625,1293.435791015625,1288.2249755859375,1288.2249755859375,11807744
2025-10-12 22:00:00+00:00,1286.7059326171875,1295.99365234375,1286.7059326171875,1295.014892578125,47582208
2025-10-12 22:15:00+00:00,1285.0213623046875,1289.0440673828125,1285.0213623046875,1287.3175048828125,13050880
2025-10-12 22:30:00+00:00,1282.36572265625,1285.3387451171875,1282.36572265625,1284.690673828125,24182784
2025-10-12 22:45:00+00:00,1288.0718994140625,1288.0718994140625,1281.60693359375,1282.4161376953125,64875520
2025-10-12 23:00:00+00:00,1289.5052490234375,1289.5052490234375,1285.28466796875,1288.01904296875,11376640
2025-10-12 23:15:00+00:00,1297.971435546875,1297.971435546875,1289.969970703125,1290.8438720703125,48754688
2025-10-12 23:30:00+00:00,1301.6766357421875,1302.4027099609375,1297.819091796875,1297.819091796875,51586048
2025-10-12 23:45:00+00:00,1302.888427734375,1302.888427734375,1299.3782958984375,1301.522705078125,35760128
2025-10-13 00:00:00+00:00,1309.0830078125,1311.7447509765625,1302.3494873046875,1302.90234375,66783232
2025-10-13 00:15:00+00:00,1316.003173828125,1316.2843017578125,1309.34375,1309.34375,94565376
2025-10-13 00:30:00+00:00,1307.084228515625,1315.901123046875,1306.98876953125,1315.901123046875,18787328
2025-10-13 00:45:00+00:00,1317.6085205078125,1319.0068359375,1306.8961181640625,1306.8961181640625,60966912
2025-10-13 01:00:00+00:00,1307.0550537109375,1317.2373046875,1307.0550537109375,1317.2373046875,29282304
2025-10-13 01:15:00+00:00,1310.063232421875,1310.063232421875,1303.518310546875,1307.0836181640625,49615872
2025-10-13 01:30:00+00:00,1309.0963134765625,1313.479248046875,1309.0963134765625,1310.099365234375,3197952
2025-10-13 01:45:00+00:00,1308.1732177734375,1309.1737060546875,1304.759521484375,1309.1737060546875,0
2025-10-13 02:00:00+00:00,1307.088623046875,1309.6502685546875,1307.08447265625,1309.6502685546875,11247616
2025-10-13 02:15:00+00:00,1295.7747802734375,1306.9090576171875,1295.6346435546875,1306.9090576171875,22088704
2025-10-13 02:30:00+00:00,1300.8331298828125,1301.154296875,1295.705078125,1295.705078125,23945216
2025-10-13 02:45:00+00:00,1303.37548828125,1303.775634765625,1300.708251953125,1300.968994140625,6334464
2025-10-13 03:00:00+00:00,1313.4439697265625,1313.476806640625,1303.4852294921875,1303.4852294921875,25795584
2025-10-13 03:15:00+00:00,1310.156005859375,1314.2901611328125,1309.5638427734375,1313.3612060546875,13516800
2025-10-13 03:30:00+00:00,1306.4080810546875,1310.014404296875,1306.4080810546875,1310.014404296875,19380224
2025-10-13 03:45:00+00:00,1298.4063720703125,1306.2252197265625,1297.697998046875,1306.2252197265625,10259456
2025-10-13 04:00:00+00:00,1295.266845703125,1298.545654296875,1295.266845703125,1298.3475341796875,13336576
2025-10-13 04:15:00+00:00,1287.3426513671875,1293.7943115234375,1287.3426513671875,1293.2908935546875,22656000
2025-10-13 04:30:00+00:00,1291.5538330078125,1292.093505859375,1288.3072509765625,1288.5836181640625,26845184
2025-10-13 04:45:00+00:00,1292.238525390625,1292.238525390625,1286.6947021484375,1291.302490234375,34448384
2025-10-13 05:00:00+00:00,1294.012939453125,1294.012939453125,1292.489013671875,1292.705322265625,21754880
2025-10-13 05:15:00+00:00,1297.850830078125,1297.850830078125,1294.332763671875,1294.332763671875,23516160
2025-10-13 05:30:00+00:00,1296.118896484375,1300.0098876953125,1296.118896484375,1298.12841796875,17047552
2025-10-13 05:45:00+00:00,1296.107177734375,1296.446044921875,1294.8402099609375,1295.6036376953125,0
2025-10-13 06:00:00+00:00,1314.2469482421875,1315.3035888671875,1296.3751220703125,1296.3751220703125,109330432
2025-10-13 06:15:00+00:00,1320.995849609375,1320.995849609375,1314.170166015625,1314.170166015625,84480000
2025-10-13 06:30:00+00:00,1331.853515625,1340.788330078125,1320.5372314453125,1320.5372314453125,235961344
2025-10-13 06:45:00+00:00,1323.0126953125,1323.593994140625,1320.4361572265625,1321.0675048828125,100997120
2025-10-13 07:00:00+00:00,1341.450439453125,1341.450439453125,1323.40185546875,1323.40185546875,117202944
2025-10-13 07:15:00+00:00,1344.2103271484375,1344.2103271484375,1339.961669921875,1341.0587158203125,96172032
2025-10-13 07:30:00+00:00,1353.2335205078125,1353.2335205078125,1344.1558837890625,1344.1558837890625,160288768
2025-10-13 07:45:00+00:00,1347.7938232421875,1353.1826171875,1342.0264892578125,1353.1826171875,119827456
2025-10-13 08:00:00+00:00,1354.79296875,1354.79296875,1346.2838134765625,1347.1368408203125,136844288
2025-10-13 08:15:00+00:00,1353.008056640625,1357.5078125,1352.3089599609375,1355.1068115234375,118457344
2025-10-13 08:30:00+00:00,1369.686279296875,1369.8524169921875,1353.144287109375,1353.144287109375,71214080
2025-10-13 08:45:00+00:00,1370.1473388671875,1370.1473388671875,1367.3538818359375,1369.36572265625,36669440
2025-10-13 09:00:00+00:00,1356.8057861328125,1370.0291748046875,1356.8057861328125,1370.0291748046875,62349312
2025-10-13 09:15:00+00:00,1355.401611328125,1355.4681396484375,1350.5838623046875,1355.4681396484375,114671616
2025-10-13 09:30:00+00:00,1362.5308837890625,1362.646728515625,1355.6732177734375,1355.6732177734375,71472128
2025-10-13 09:45:00+00:00,1353.824462890625,1364.9991455078125,1353.824462890625,1362.7957763671875,20542464
2025-10-13 10:00:00+00:00,1333.12841796875,1353.424560546875,1333.12841796875,1353.424560546875,153849856
2025-10-13 10:15:00+00:00,1323.6292724609375,1332.2479248046875,1323.6292724609375,1332.2264404296875,242492416
2025-10-13 10:30:00+00:00,1314.11669921875,1323.6739501953125,1310.875244140625,1323.5013427734375,178770944
2025-10-13 10:45:00+00:00,1312.879150390625,1318.9373779296875,1312.879150390625,1314.517822265625,27228160
2025-10-13 11:00:00+00:00,1304.355712890625,1313.3636474609375,1302.2135009765625,1313.3636474609375,104372224
2025-10-13 11:15:00+00:00,1293.943115234375,1306.6453857421875,1293.744140625,1306.6453857421875,88666112
2025-10-13 11:30:00+00:00,1294.9786376953125,1295.1956787109375,1283.88427734375,1293.956298828125,194605056
2025-10-13 11:45:00+00:00,1294.3218994140625,1294.3218994140625,1288.768798828125,1293.9803466796875,37901312
2025-10-13 12:00:00+00:00,1298.11669921875,1298.11669921875,1289.98583984375,1294.8934326171875,4825088
2025-10-13 12:15:00+00:00,1294.4376220703125,1298.97607421875,1294.1024169921875,1298.66015625,0
2025-10-13 12:30:00+00:00,1297.63623046875,1303.56689453125,1293.87841796875,1293.87841796875,5913600
2025-10-13 12:45:00+00:00,1287.5859375,1298.0526123046875,1287.5859375,1297.3883056640625,0
2025-10-13 13:00:00+00:00,1285.072509765625,1288.4052734375,1285.072509765625,1287.9276123046875,18384896
2025-10-13 13:15:00+00:00,1280.1815185546875,1288.6162109375,1280.1815185546875,1284.94970703125,13426688
2025-10-13 13:30:00+00:00,1290.687744140625,1303.2060546875,1280.0186767578125,1280.0186767578125,132202496
2025-10-13 13:45:00+00:00,1298.9400634765625,1298.9400634765625,1290.5706787109375,1290.5706787109375,36562944
2025-10-13 14:00:00+00:00,1292.0220947265625,1300.369873046875,1291.91162109375,1299.39697265625,0
2025-10-13 14:15:00+00:00,1276.2843017578125,1292.4986572265625,1276.2349853515625,1292.4986572265625,34286592
2025-10-13 14:30:00+00:00,1268.90087890625,1276.5693359375,1263.1248779296875,1276.5693359375,163158016
2025-10-13 14:45:00+00:00,1257.4814453125,1268.986328125,1257.3775634765625,1268.986328125,0
2025-10-13 15:00:00+00:00,1271.71923828125,1272.3887939453125,1258.0582275390625,1258.0582275390625,0
2025-10-13 15:15:00+00:00,1270.9481201171875,1272.46337890625,1268.2052001953125,1268.2052001953125,0
2025-10-13 15:30:00+00:00,1276.0146484375,1276.06201171875,1270.2220458984375,1270.7972412109375,0
2025-10-13 15:45:00+00:00,1276.15478515625,1279.563720703125,1274.7667236328125,1275.5865478515625,0
2025-10-13 16:00:00+00:00,1283.8001708984375,1285.1719970703125,1275.8565673828125,1275.8565673828125,0
2025-10-13 16:15:00+00:00,1282.5469970703125,1283.998779296875,1277.010498046875,1283.998779296875,0
2025-10-13 16:30:00+00:00,1279.328857421875,1285.4085693359375,1279.328857421875,1282.4375,540672
2025-10-13 16:45:00+00:00,1281.0670166015625,1281.361328125,1277.250244140625,1277.250244140625,0
2025-10-13 17:00:00+00:00,1279.7196044921875,1285.1337890625,1279.637451171875,1279.637451171875,0
2025-10-13 17:15:00+00:00,1276.72021484375,1280.1363525390625,1276.72021484375,1280.1363525390625,540672
2025-10-13 17:30:00+00:00,1274.29052734375,1276.7568359375,1273.8497314453125,1276.6689453125,3420160
2025-10-13 17:45:00+00:00,1278.105224609375,1278.105224609375,1272.2979736328125,1274.436767578125,5849088
2025-10-13 18:00:00+00:00,1276.5460205078125,1285.6748046875,1276.5460205078125,1279.69384765625,0
2025-10-13 18:15:00+00:00,1278.61181640625,1278.61181640625,1273.1622314453125,1276.734375,11245568
2025-10-13 18:30:00+00:00,1273.9224853515625,1279.564208984375,1273.0086669921875,1278.3878173828125,10097664
2025-10-13 18:45:00+00:00,1267.3402099609375,1274.3511962890625,1265.477783203125,1274.3511962890625,3408896
2025-10-13 19:00:00+00:00,1271.0604248046875,1271.0604248046875,1268.2493896484375,1268.2493896484375,15880192
2025-10-13 19:15:00+00:00,1270.8624267578125,1272.9273681640625,1270.1739501953125,1271.677001953125,28394496
2025-10-13 19:30:00+00:00,1277.2911376953125,1277.2911376953125,1270.60205078125,1270.745361328125,11569152
2025-10-13 19:45:00+00:00,1272.296875,1278.4879150390625,1272.296875,1277.4144287109375,16171008
2025-10-13 20:00:00+00:00,1276.139892578125,1276.341552734375,1272.5028076171875,1272.5028076171875,1436672
2025-10-13 20:15:00+00:00,1277.466552734375,1277.466552734375,1275.979248046875,1276.468505859375,6036480
2025-10-13 20:30:00+00:00,1283.289306640625,1283.289306640625,1278.5003662109375,1278.5003662109375,0
2025-10-13 20:45:00+00:00,1286.689697265625,1286.7969970703125,1283.2431640625,1283.2431640625,0
2025-10-13 21:00:00+00:00,1282.0548095703125,1286.7532958984375,1282.0548095703125,1286.7532958984375,0
2025-10-13 21:15:00+00:00,1283.935546875,1283.935546875,1281.78076171875,1282.0845947265625,0
2025-10-13 21:30:00+00:00,1282.020751953125,1283.7357177734375,1281.301513671875,1283.7357177734375,0
2025-10-13 21:45:00+00:00,1286.326904296875,1286.326904296875,1282.188232421875,1282.188232421875,8597504
2025-10-13 22:00:00+00:00,1296.3099365234375,1297.1258544921875,1288.7916259765625,1288.7916259765625,3736576
2025-10-13 22:15:00+00:00,1292.89306640625,1296.645751953125,1292.673828125,1296.0325927734375,4273152
2025-10-13 22:30:00+00:00,1290.5445556640625,1292.674072265625,1289.07373046875,1292.674072265625,1605632
2025-10-13 22:45:00+00:00,1291.9442138671875,1292.10107421875,1289.72021484375,1290.58642578125,0
2025-10-13 23:00:00+00:00,1292.269287109375,1293.2982177734375,1292.217041015625,1292.217041015625,0
2025-10-13 23:15:00+00:00,1298.33447265625,1298.33447265625,1292.50927734375,1292.50927734375,0
2025-10-13 23:30:00+00:00,1293.84521484375,1298.2587890625,1293.7581787109375,1298.2518310546875,0
2025-10-13 23:45:00+00:00,1293.3214111328125,1293.9136962890625,1292.8291015625,1293.845947265625,0
2025-10-14 00:00:00+00:00,1299.30712890625,1299.30712890625,1293.522705078125,1293.522705078125,0
2025-10-14 00:15:00+00:00,1306.80029296875,1306.80029296875,1299.348388671875,1299.348388671875,0
2025-10-14 00:30:00+00:00,1314.165283203125,1316.3935546875,1306.511962890625,1306.511962890625,35674112
2025-10-14 00:45:00+00:00,1305.020751953125,1314.2786865234375,1303.3125,1314.2786865234375,3945472
2025-10-14 01:00:00+00:00,1297.796142578125,1305.083740234375,1297.3367919921875,1305.083740234375,0
2025-10-14 01:15:00+00:00,1294.8807373046875,1298.9759521484375,1294.8807373046875,1297.8988037109375,0
2025-10-14 01:30:00+00:00,1290.078857421875,1296.61767578125,1290.078857421875,1294.972412109375,1363968
2025-10-14 01:45:00+00:00,1288.7391357421875,1291.328857421875,1287.618896484375,1290.4652099609375,4550656
2025-10-14 02:00:00+00:00,1287.0709228515625,1290.8472900390625,1286.90771484375,1290.8472900390625,0
2025-10-14 02:15:00+00:00,1290.643798828125,1290.643798828125,1286.1387939453125,1286.8345947265625,230400
2025-10-14 02:30:00+00:00,1293.58837890625,1294.648681640625,1290.6964111328125,1290.6964111328125,1689600
2025-10-14 02:45:00+00:00,1285.8172607421875,1293.4365234375,1285.8172607421875,1293.4365234375,1793024
2025-10-14 03:00:00+00:00,1279.0556640625,1284.3631591796875,1278.097412109375,1284.3631591796875,7121920
2025-10-14 03:15:00+00:00,1273.964111328125,1279.8250732421875,1273.964111328125,1278.978515625,93184
2025-10-14 03:30:00+00:00,1278.6151123046875,1278.8779296875,1273.8990478515625,1273.8990478515625,13576192
2025-10-14 03:45:00+00:00,1280.1783447265625,1282.837890625,1279.6932373046875,1279.6932373046875,2973696
2025-10-14 04:00:00+00:00,1278.213623046875,1280.2996826171875,1277.1915283203125,1280.0635986328125,2511872
2025-10-14 04:15:00+00:00,1277.584716796875,1278.42041015625,1276.5067138671875,1277.8135986328125,0
2025-10-14 04:30:00+00:00,1269.5994873046875,1277.1585693359375,1269.5994873046875,1277.1585693359375,0
2025-10-14 04:45:00+00:00,1248.194580078125,1270.2490234375,1248.194580078125,1269.7330322265625,111181824
2025-10-14 05:00:00+00:00,1247.88134765625,1248.06494140625,1237.31689453125,1246.7713623046875,193515520
2025-10-14 05:15:00+00:00,1244.7728271484375,1249.179443359375,1244.7728271484375,1247.8948974609375,16571392
2025-10-14 05:30:00+00:00,1238.366455078125,1244.8887939453125,1238.3009033203125,1244.6959228515625,11432960
2025-10-14 05:45:00+00:00,1235.450439453125,1238.3651123046875,1235.450439453125,1238.3048095703125,9997312
2025-10-14 06:00:00+00:00,1241.9002685546875,1242.6966552734375,1235.6165771484375,1235.6165771484375,0
2025-10-14 06:15:00+00:00,1213.0167236328125,1241.6099853515625,1213.0167236328125,1241.6099853515625,59176960
2025-10-14 06:30:00+00:00,1200.7515869140625,1207.6715087890625,1199.7940673828125,1207.5076904296875,0
2025-10-14 06:45:00+00:00,1204.548583984375,1204.869384765625,1189.255615234375,1200.50244140625,51740672
2025-10-14 07:00:00+00:00,1207.56884765625,1210.583984375,1204.6416015625,1204.6416015625,0
2025-10-14 07:15:00+00:00,1212.3450927734375,1216.35546875,1209.19384765625,1211.0821533203125,10582016
2025-10-14 07:30:00+00:00,1198.730712890625,1212.3768310546875,1198.730712890625,1212.3768310546875,0
2025-10-14 07:45:00+00:00,1194.8582763671875,1197.0091552734375,1194.62939453125,1195.87548828125,0
2025-10-14 08:00:00+00:00,1201.24658203125,1201.4798583984375,1193.353515625,1195.229736328125,0
2025-10-14 08:15:00+00:00,1198.8695068359375,1201.4261474609375,1196.96728515625,1201.384765625,0
2025-10-14 08:30:00+00:00,1205.0029296875,1205.6820068359375,1199.58740234375,1199.58740234375,3159040
2025-10-14 08:45:00+00:00,1199.944580078125,1205.44873046875,1199.17041015625,1205.2139892578125,0
2025-10-14 09:00:00+00:00,1202.0367431640625,1203.5076904296875,1199.120849609375,1199.7567138671875,0
2025-10-14 09:15:00+00:00,1208.71630859375,1208.71630859375,1201.32470703125,1201.32470703125,0
2025-10-14 09:30:00+00:00,1208.3001708984375,1211.6121826171875,1208.3001708984375,1208.41015625,0
2025-10-14 09:45:00+00:00,1200.2607421875,1208.2437744140625,1199.5849609375,1208.2437744140625,0
2025-10-14 10:00:00+00:00,1196.163818359375,1200.3448486328125,1194.5458984375,1200.0806884765625,0
2025-10-14 10:15:00+00:00,1187.2039794921875,1195.9688720703125,1187.2039794921875,1195.9688720703125,0
2025-10-14 10:30:00+00:00,1180.29248046875,1186.8365478515625,1170.2764892578125,1186.8365478515625,10166272
2025-10-14 10:45:00+00:00,1183.91162109375,1183.91162109375,1175.8319091796875,1180.2945556640625,2375680
2025-10-14 11:00:00+00:00,1193.5032958984375,1195.853271484375,1183.98583984375,1183.98583984375,0
2025-10-14 11:15:00+00:00,1188.783203125,1193.8258056640625,1188.55859375,1193.8258056640625,0
2025-10-14 11:30:00+00:00,1177.0364990234375,1188.334228515625,1177.0364990234375,1188.334228515625,0
2025-10-14 11:45:00+00:00,1171.42236328125,1177.4759521484375,1171.3988037109375,1177.0694580078125,957440
2025-10-14 12:00:00+00:00,1172.241455078125,1172.241455078125,1167.52685546875,1171.2005615234375,10986496
2025-10-14 12:15:00+00:00,1160.3751220703125,1172.381103515625,1159.70458984375,1172.1937255859375,31562752
2025-10-14 12:30:00+00:00,1161.1982421875,1163.232666015625,1160.6708984375,1160.70703125,0
2025-10-14 12:45:00+00:00,1150.2794189453125,1160.4107666015625,1148.158447265625,1160.4107666015625,61251584
2025-10-14 13:00:00+00:00,1155.460693359375,1159.8072509765625,1151.3282470703125,1151.3282470703125,5239808
2025-10-14 13:15:00+00:00,1162.308349609375,1162.7178955078125,1150.650634765625,1155.8994140625,44840960
2025-10-14 13:30:00+00:00,1159.4798583984375,1166.00927734375,1157.5614013671875,1162.35791015625,0
2025-10-14 13:45:00+00:00,1181.43798828125,1182.627685546875,1160.7017822265625,1160.7017822265625,219158528
2025-10-14 14:00:00+00:00,1183.5687255859375,1183.92041015625,1180.85888671875,1182.22265625,23327744
2025-10-14 14:15:00+00:00,1193.0567626953125,1197.7568359375,1185.447265625,1185.447265625,75309056
2025-10-14 14:30:00+00:00,1188.824462890625,1188.824462890625,1182.2972412109375,1188.32177734375,0
2025-10-14 14:45:00+00:00,1182.99658203125,1191.3780517578125,1182.99658203125,1188.9642333984375,1340416
2025-10-14 15:00:00+00:00,1176.6453857421875,1184.664306640625,1176.58251953125,1182.729736328125,32768
2025-10-14 15:15:00+00:00,1187.4061279296875,1187.78173828125,1176.902587890625,1176.902587890625,33276928
2025-10-14 15:30:00+00:00,1195.4769287109375,1195.4769287109375,1186.044189453125,1187.34619140625,9446400
2025-10-14 15:45:00+00:00,1210.7230224609375,1212.2293701171875,1195.536376953125,1195.536376953125,106907648
2025-10-14 16:00:00+00:00,1222.6153564453125,1222.8837890625,1212.3367919921875,1213.2398681640625,65073152
2025-10-14 16:15:00+00:00,1225.4156494140625,1241.160400390625,1222.9498291015625,1222.9498291015625,178199552
2025-10-14 16:30:00+00:00,1216.4599609375,1224.4705810546875,1214.7158203125,1223.3719482421875,79906816
2025-10-14 16:45:00+00:00,1220.2222900390625,1227.014404296875,1216.67138671875,1216.67138671875,56512512
2025-10-14 17:00:00+00:00,1223.478271484375,1223.548828125,1204.08837890625,1220.334228515625,92619776
2025-10-14 17:15:00+00:00,1219.3199462890625,1222.730224609375,1219.048095703125,1222.730224609375,33895424
2025-10-14 17:30:00+00:00,1213.94189453125,1219.07177734375,1213.842529296875,1218.886474609375,6431744
2025-10-14 17:45:00+00:00,1215.2830810546875,1219.3277587890625,1214.2369384765625,1214.2369384765625,2775040
2025-10-14 18:00:00+00:00,1223.5269775390625,1223.5269775390625,1215.64013671875,1215.64013671875,19725312
2025-10-14 18:15:00+00:00,1223.544677734375,1226.22314453125,1223.5291748046875,1223.6376953125,1081344
2025-10-14 18:30:00+00:00,1217.5589599609375,1225.3607177734375,1217.5589599609375,1223.651123046875,0
2025-10-14 18:45:00+00:00,1213.7298583984375,1216.32275390625,1213.7298583984375,1215.40283203125,0
2025-10-14 19:00:00+00:00,1219.2047119140625,1219.5157470703125,1214.2200927734375,1214.2200927734375,0
2025-10-14 19:15:00+00:00,1221.9927978515625,1223.6776123046875,1219.710205078125,1219.710205078125,0
2025-10-14 19:30:00+00:00,1202.7557373046875,1220.8238525390625,1202.7557373046875,1220.7135009765625,29971456
2025-10-14 19:45:00+00:00,1206.7574462890625,1207.382080078125,1197.905517578125,1197.905517578125,38772736
2025-10-14 20:00:00+00:00,1206.9742431640625,1210.1385498046875,1206.7757568359375,1206.7757568359375,3910656
2025-10-14 20:15:00+00:00,1213.961669921875,1214.4205322265625,1207.167724609375,1207.167724609375,17492992
2025-10-14 20:30:00+00:00,1215.9664306640625,1215.9664306640625,1214.1295166015625,1214.1295166015625,506880
2025-10-14 20:45:00+00:00,1218.7841796875,1218.878173828125,1216.3846435546875,1216.3846435546875,0
2025-10-14 21:00:00+00:00,1217.126708984375,1218.8935546875,1217.126708984375,1218.8935546875,0
2025-10-14 21:15:00+00:00,1220.6015625,1220.6015625,1215.8914794921875,1217.296142578125,4962304
2025-10-14 21:30:00+00:00,1218.7347412109375,1221.14697265625,1218.1212158203125,1220.6766357421875,6672384
2025-10-14 21:45:00+00:00,1219.8167724609375,1219.9915771484375,1218.6019287109375,1218.6839599609375,0
2025-10-14 22:00:00+00:00,1219.5765380859375,1219.6802978515625,1218.9935302734375,1219.6802978515625,0
2025-10-14 22:15:00+00:00,1218.813232421875,1219.389404296875,1217.5164794921875,1219.389404296875,0
2025-10-14 22:30:00+00:00,1217.6640625,1218.716064453125,1215.9500732421875,1218.716064453125,9841664
2025-10-14 22:45:00+00:00,1211.0103759765625,1217.133544921875,1209.166748046875,1217.133544921875,59092992
2025-10-14 23:00:00+00:00,1217.8970947265625,1217.990966796875,1209.6864013671875,1210.7923583984375,35558400
2025-10-14 23:15:00+00:00,1218.277099609375,1218.93310546875,1216.4053955078125,1218.1300048828125,13224960
2025-10-14 23:30:00+00:00,1219.1551513671875,1220.1519775390625,1218.1102294921875,1218.1102294921875,0
2025-10-14 23:45:00+00:00,1211.25927734375,1218.873779296875,1211.25927734375,1218.873779296875,14572544
2025-10-15 00:00:00+00:00,1208.4320068359375,1212.45751953125,1208.4320068359375,1210.9901123046875,0
2025-10-15 00:15:00+00:00,1202.9217529296875,1207.96337890625,1202.9217529296875,1207.96337890625,0
2025-10-15 00:30:00+00:00,1203.658447265625,1204.5614013671875,1202.92529296875,1202.92529296875,0
2025-10-15 00:45:00+00:00,1206.5401611328125,1207.405029296875,1203.7340087890625,1203.7340087890625,0
2025-10-15 01:00:00+00:00,1206.0882568359375,1209.1649169921875,1203.8138427734375,1206.9127197265625,2326528
2025-10-15 01:15:00+00:00,1207.6195068359375,1208.052490234375,1205.22802734375,1205.82666015625,848896
2025-10-15 01:30:00+00:00,1203.37646484375,1206.855712890625,1203.37646484375,1206.855712890625,1062912
2025-10-15 01:45:00+00:00,1206.5185546875,1206.5380859375,1202.7496337890625,1203.56591796875,3241984
2025-10-15 02:00:00+00:00,1210.40869140625,1210.40869140625,1206.556884765625,1206.556884765625,0
2025-10-15 02:15:00+00:00,1219.10107421875,1219.4796142578125,1211.00244140625,1211.00244140625,11978752
2025-10-15 02:30:00+00:00,1219.935791015625,1221.09423828125,1218.08056640625,1220.9027099609375,21991424
2025-10-15 02:45:00+00:00,1218.8408203125,1221.07421875,1218.8408203125,1219.8629150390625,2000896
2025-10-15 03:00:00+00:00,1211.76318359375,1218.8551025390625,1211.76318359375,1218.8551025390625,0
2025-10-15 03:15:00+00:00,1212.8251953125,1213.036376953125,1211.4005126953125,1212.360595703125,1801216
2025-10-15 03:30:00+00:00,1210.214111328125,1214.133056640625,1210.214111328125,1212.9176025390625,0
2025-10-15 03:45:00+00:00,1208.9742431640625,1210.3406982421875,1207.0308837890625,1210.08154296875,2188288
2025-10-15 04:00:00+00:00,1206.010498046875,1208.994873046875,1205.2899169921875,1208.994873046875,0
2025-10-15 04:15:00+00:00,1210.30029296875,1210.551513671875,1205.9893798828125,1205.9893798828125,3702784
2025-10-15 04:30:00+00:00,1210.21142578125,1211.89892578125,1210.07470703125,1210.36767578125,0
2025-10-15 04:45:00+00:00,1213.094970703125,1213.4185791015625,1209.25390625,1210.187744140625,0
2025-10-15 05:00:00+00:00,1210.4642333984375,1212.69140625,1210.4642333984375,1212.5252685546875,0
2025-10-15 05:15:00+00:00,1199.993896484375,1207.7503662109375,1199.993896484375,1207.7503662109375,148480
2025-10-15 05:30:00+00:00,1192.162841796875,1200.2493896484375,1188.5926513671875,1200.2493896484375,54881280
2025-10-15 05:45:00+00:00,1192.474609375,1194.1611328125,1190.7769775390625,1192.329833984375,8692736
2025-10-15 06:00:00+00:00,1187.77734375,1192.9620361328125,1187.77734375,1192.5135498046875,2828288
2025-10-15 06:15:00+00:00,1179.439208984375,1186.638427734375,1179.439208984375,1186.638427734375,0
2025-10-15 06:30:00+00:00,1188.35205078125,1188.59326171875,1179.0587158203125,1179.3721923828125,3713024
2025-10-15 06:45:00+00:00,1189.921142578125,1190.75732421875,1187.2281494140625,1188.1556396484375,0
2025-10-15 07:00:00+00:00,1188.112548828125,1190.596435546875,1186.2135009765625,1190.118896484375,0
2025-10-15 07:15:00+00:00,1185.5689697265625,1190.4176025390625,1185.5689697265625,1188.2728271484375,0
2025-10-15 07:30:00+00:00,1183.8662109375,1184.9439697265625,1183.245849609375,1184.9439697265625,0
2025-10-15 07:45:00+00:00,1189.37646484375,1189.37646484375,1183.977294921875,1183.977294921875,0
2025-10-15 08:00:00+00:00,1192.5291748046875,1192.5291748046875,1189.714599609375,1189.714599609375,0
2025-10-15 08:15:00+00:00,1208.1978759765625,1208.4906005859375,1192.84375,1192.84375,74974208
2025-10-15 08:30:00+00:00,1210.625244140625,1213.087158203125,1208.0404052734375,1208.0404052734375,42777600
2025-10-15 08:45:00+00:00,1203.6290283203125,1210.4766845703125,1203.6290283203125,1210.4766845703125,3743744
2025-10-15 09:00:00+00:00,1198.3760986328125,1203.705078125,1198.3760986328125,1203.705078125,21607424
2025-10-15 09:15:00+00:00,1191.5028076171875,1198.2879638671875,1191.4324951171875,1198.2879638671875,9447424
2025-10-15 09:30:00+00:00,1192.5772705078125,1192.633056640625,1189.771728515625,1191.5028076171875,2938880
2025-10-15 09:45:00+00:00,1190.365966796875,1194.049560546875,1190.24853515625,1192.5540771484375,0
2025-10-15 10:00:00+00:00,1190.8160400390625,1190.8160400390625,1188.5782470703125,1190.159423828125,0
2025-10-15 10:15:00+00:00,1187.9642333984375,1190.8375244140625,1187.770751953125,1190.622802734375,0
2025-10-15 10:30:00+00:00,1184.25537109375,1187.9176025390625,1183.3519287109375,1187.9176025390625,0
2025-10-15 10:45:00+00:00,1183.1929931640625,1185.5198974609375,1183.1553955078125,1184.2548828125,0
2025-10-15 11:00:00+00:00,1185.9112548828125,1186.9771728515625,1183.39404296875,1183.4595947265625,0
2025-10-15 11:15:00+00:00,1184.4339599609375,1185.5455322265625,1182.6119384765625,1185.5455322265625,0
2025-10-15 11:30:00+00:00,1185.0357666015625,1185.0357666015625,1182.444091796875,1184.2529296875,0
2025-10-15 11:45:00+00:00,1186.8236083984375,1186.9869384765625,1184.6258544921875,1185.01806640625,0
2025-10-15 12:00:00+00:00,1189.9825439453125,1190.2987060546875,1185.0277099609375,1186.7672119140625,0
2025-10-15 12:15:00+00:00,1187.807861328125,1190.047119140625,1187.490234375,1190.047119140625,0
2025-10-15 12:30:00+00:00,1181.939697265625,1186.8603515625,1181.939697265625,1186.8603515625,0
2025-10-15 12:45:00+00:00,1180.33837890625,1181.9346923828125,1180.129150390625,1181.9346923828125,0
2025-10-15 13:00:00+00:00,1172.9361572265625,1180.0992431640625,1169.56396484375,1180.0992431640625,6853632
2025-10-15 13:15:00+00:00,1178.06689453125,1178.2303466796875,1172.0341796875,1172.61376953125,0
2025-10-15 13:30:00+00:00,1178.798583984375,1183.23046875,1177.3629150390625,1177.6773681640625,0
2025-10-15 13:45:00+00:00,1175.4415283203125,1178.415283203125,1172.991943359375,1178.415283203125,0
2025-10-15 14:00:00+00:00,1186.85205078125,1186.85205078125,1175.8350830078125,1175.8350830078125,0
2025-10-15 14:15:00+00:00,1182.244384765625,1186.5452880859375,1182.2369384765625,1186.5452880859375,0
2025-10-15 14:30:00+00:00,1178.5843505859375,1182.9925537109375,1178.5843505859375,1182.462158203125,0
2025-10-15 14:45:00+00:00,1168.9373779296875,1178.1566162109375,1168.56103515625,1178.1566162109375,0
2025-10-15 15:00:00+00:00,1173.6844482421875,1176.229248046875,1169.5994873046875,1169.5994873046875,7659008
2025-10-15 15:15:00+00:00,1174.0166015625,1174.482177734375,1170.925048828125,1173.643310546875,0
2025-10-15 15:30:00+00:00,1173.5357666015625,1173.921142578125,1170.295166015625,1173.457763671875,12662272
2025-10-15 15:45:00+00:00,1169.507568359375,1173.4873046875,1168.2506103515625,1173.4873046875,0
2025-10-15 16:00:00+00:00,1163.762451171875,1169.6845703125,1161.242431640625,1169.470947265625,0
2025-10-15 16:15:00+00:00,1172.7852783203125,1172.7852783203125,1162.9736328125,1164.52783203125,0
2025-10-15 16:30:00+00:00,1171.934814453125,1173.399658203125,1171.934814453125,1172.4578857421875,0
2025-10-15 16:45:00+00:00,1184.5919189453125,1186.4427490234375,1171.45068359375,1171.90625,48557568
2025-10-15 17:00:00+00:00,1172.451904296875,1184.6009521484375,1172.451904296875,1184.6009521484375,0
2025-10-15 17:15:00+00:00,1162.964111328125,1171.8953857421875,1162.964111328125,1171.8953857421875,3062272
2025-10-15 17:30:00+00:00,1163.3746337890625,1163.6396484375,1158.839111328125,1162.958984375,0
2025-10-15 17:45:00+00:00,1166.934326171875,1167.4686279296875,1163.60205078125,1163.60205078125,0
2025-10-15 18:00:00+00:00,1165.6014404296875,1167.739501953125,1164.9552001953125,1167.23779296875,0
2025-10-15 18:15:00+00:00,1167.515380859375,1167.94677734375,1165.249755859375,1165.513671875,6910464
2025-10-15 18:30:00+00:00,1167.645263671875,1167.922119140625,1165.975341796875,1167.530029296875,0
2025-10-15 18:45:00+00:00,1172.5565185546875,1172.5565185546875,1167.34228515625,1167.566650390625,0
2025-10-15 19:00:00+00:00,1168.624755859375,1172.404296875,1168.2691650390625,1172.3497314453125,0
2025-10-15 19:15:00+00:00,1170.98486328125,1171.1224365234375,1168.250732421875,1168.51806640625,0
2025-10-15 19:30:00+00:00,1166.681396484375,1171.0159912109375,1166.681396484375,1170.8780517578125,0
2025-10-15 19:45:00+00:00,1165.1082763671875,1167.5643310546875,1165.1082763671875,1166.7081298828125,0
2025-10-15 20:00:00+00:00,1167.47607421875,1167.4921875,1165.1177978515625,1165.1177978515625,0
2025-10-15 20:15:00+00:00,1168.7293701171875,1170.1790771484375,1167.5325927734375,1167.5980224609375,0
2025-10-15 20:30:00+00:00,1161.7822265625,1168.446533203125,1155.8216552734375,1168.446533203125,40696832
2025-10-15 20:45:00+00:00,1157.7752685546875,1162.073974609375,1157.7752685546875,1161.828369140625,0
2025-10-15 21:00:00+00:00,1154.0625,1157.7537841796875,1154.0384521484375,1157.7537841796875,7881216
2025-10-15 21:15:00+00:00,1155.170654296875,1155.170654296875,1151.953125,1153.904296875,6953984
2025-10-15 21:30:00+00:00,1158.251953125,1161.303466796875,1155.3963623046875,1155.3963623046875,9137152
2025-10-15 21:45:00+00:00,1153.9541015625,1158.8326416015625,1153.6741943359375,1158.34912109375,0
2025-10-15 22:00:00+00:00,1158.5853271484375,1158.5853271484375,1153.9979248046875,1153.9979248046875,8352768
2025-10-15 22:15:00+00:00,1160.9154052734375,1163.545654296875,1158.76806640625,1158.76806640625,8656384
2025-10-15 22:30:00+00:00,1161.0205078125,1161.91015625,1160.1654052734375,1160.7724609375,684544
2025-10-15 22:45:00+00:00,1154.6451416015625,1161.0728759765625,1154.2706298828125,1161.0728759765625,0
2025-10-15 23:00:00+00:00,1157.1483154296875,1157.1483154296875,1153.4222412109375,1154.4315185546875,0
2025-10-15 23:15:00+00:00,1160.966796875,1160.966796875,1157.09033203125,1157.09033203125,0
2025-10-15 23:30:00+00:00,1164.033447265625,1164.033447265625,1161.1270751953125,1161.1270751953125,0
2025-10-15 23:45:00+00:00,1162.58251953125,1164.670166015625,1162.58251953125,1164.012939453125,0
2025-10-16 00:00:00+00:00,1162.4754638671875,1163.763427734375,1162.4754638671875,1162.497314453125,1003520
2025-10-16 00:15:00+00:00,1167.18798828125,1167.18798828125,1161.205810546875,1162.3448486328125,2803712
2025-10-16 00:30:00+00:00,1166.26806640625,1168.271240234375,1165.9237060546875,1167.1312255859375,0
2025-10-16 00:45:00+00:00,1170.554443359375,1170.554443359375,1166.06640625,1166.06640625,2989568
2025-10-16 01:00:00+00:00,1180.1141357421875,1180.274658203125,1170.583251953125,1170.583251953125,21486592
2025-10-16 01:15:00+00:00,1178.871826171875,1181.60888671875,1178.4390869140625,1180.03564453125,23503360
2025-10-16 01:30:00+00:00,1182.3736572265625,1182.3736572265625,1178.738037109375,1178.738037109375,12284416
2025-10-16 01:45:00+00:00,1184.1727294921875,1184.7857666015625,1182.086669921875,1182.2864990234375,4669440
2025-10-16 02:00:00+00:00,1186.8427734375,1187.099609375,1183.6898193359375,1183.9981689453125,12255232
2025-10-16 02:15:00+00:00,1192.4903564453125,1192.5213623046875,1186.79638671875,1186.79638671875,23823360
2025-10-16 02:30:00+00:00,1189.240478515625,1192.826416015625,1189.240478515625,1192.334716796875,0
2025-10-16 02:45:00+00:00,1191.146728515625,1191.7557373046875,1188.5965576171875,1189.214111328125,1446912
2025-10-16 03:00:00+00:00,1190.7960205078125,1193.6619873046875,1190.7681884765625,1191.2908935546875,1396736
2025-10-16 03:15:00+00:00,1188.75732421875,1190.5565185546875,1188.75732421875,1190.5565185546875,810496
2025-10-16 03:30:00+00:00,1187.7156982421875,1188.8123779296875,1183.1593017578125,1188.8123779296875,21702144
2025-10-16 03:45:00+00:00,1185.8411865234375,1188.6661376953125,1185.8411865234375,1187.6478271484375,0
2025-10-16 04:00:00+00:00,1188.6959228515625,1188.7181396484375,1184.9317626953125,1185.77001953125,606720
2025-10-16 04:15:00+00:00,1188.419921875,1190.734619140625,1188.268798828125,1188.8935546875,10039296
2025-10-16 04:30:00+00:00,1183.32177734375,1188.365234375,1183.32177734375,1188.365234375,0
2025-10-16 04:45:00+00:00,1180.775146484375,1183.0872802734375,1177.12109375,1183.0872802734375,11959808
2025-10-16 05:00:00+00:00,1178.66796875,1180.3709716796875,1177.8455810546875,1180.3052978515625,0
2025-10-16 05:15:00+00:00,1177.2156982421875,1179.5972900390625,1177.084228515625,1178.5985107421875,0
2025-10-16 05:30:00+00:00,1184.3740234375,1184.3740234375,1177.1053466796875,1177.1856689453125,0
2025-10-16 05:45:00+00:00,1183.6806640625,1186.8876953125,1181.4921875,1184.519775390625,1104896
2025-10-16 06:00:00+00:00,1183.2513427734375,1184.0792236328125,1182.7916259765625,1183.7449951171875,0
2025-10-16 06:15:00+00:00,1188.5557861328125,1188.5557861328125,1181.9925537109375,1183.139892578125,0
2025-10-16 06:30:00+00:00,1188.7044677734375,1189.3720703125,1188.4671630859375,1188.51611328125,0
2025-10-16 06:45:00+00:00,1190.701904296875,1190.7689208984375,1188.6973876953125,1188.8038330078125,4124160
2025-10-16 07:00:00+00:00,1186.1400146484375,1190.69091796875,1186.0526123046875,1190.69091796875,2378752
2025-10-16 07:15:00+00:00,1181.0206298828125,1186.595703125,1180.86083984375,1186.3291015625,0
2025-10-16 07:30:00+00:00,1182.1168212890625,1182.477783203125,1180.3197021484375,1180.834228515625,2185216
2025-10-16 07:45:00+00:00,1182.0220947265625,1182.6617431640625,1181.8955078125,1182.1097412109375,0
2025-10-16 08:00:00+00:00,1182.23681640625,1183.775634765625,1181.6055908203125,1182.66259765625,2287104
2025-10-16 08:15:00+00:00,1183.491943359375,1183.491943359375,1182.40966796875,1182.40966796875,0
2025-10-16 08:30:00+00:00,1186.3648681640625,1186.4979248046875,1183.0860595703125,1183.38427734375,0
2025-10-16 08:45:00+00:00,1188.0654296875,1188.39990234375,1185.2845458984375,1186.316162109375,0
2025-10-16 09:00:00+00:00,1191.778076171875,1191.778076171875,1187.29541015625,1187.9412841796875,4964352
2025-10-16 09:15:00+00:00,1190.4920654296875,1193.156005859375,1190.4920654296875,1191.997314453125,0
2025-10-16 09:30:00+00:00,1176.9683837890625,1190.29638671875,1175.69287109375,1190.29638671875,54962688
2025-10-16 09:45:00+00:00,1183.5638427734375,1187.1033935546875,1180.9031982421875,1180.9031982421875,96591360
2025-10-16 10:00:00+00:00,1181.6248779296875,1183.469970703125,1178.765380859375,1183.469970703125,51475968
2025-10-16 10:15:00+00:00,1181.8856201171875,1187.069091796875,1181.2923583984375,1181.2923583984375,27290624
2025-10-16 10:30:00+00:00,1180.1378173828125,1182.0643310546875,1178.296630859375,1181.7049560546875,5501952
2025-10-16 10:45:00+00:00,1180.7161865234375,1181.571044921875,1179.1964111328125,1179.7279052734375,45568
2025-10-16 11:00:00+00:00,1177.546142578125,1181.3634033203125,1177.546142578125,1180.8524169921875,0
2025-10-16 11:15:00+00:00,1173.276611328125,1178.361328125,1173.276611328125,1177.6806640625,0
2025-10-16 11:30:00+00:00,1175.55908203125,1175.55908203125,1172.6563720703125,1173.213623046875,6328832
2025-10-16 11:45:00+00:00,1182.0325927734375,1182.0325927734375,1175.550537109375,1175.550537109375,12561920
2025-10-16 12:00:00+00:00,1181.6524658203125,1184.740234375,1181.6524658203125,1182.027587890625,0
2025-10-16 12:15:00+00:00,1180.2843017578125,1182.017578125,1180.2843017578125,1181.322509765625,858624
2025-10-16 12:30:00+00:00,1181.7718505859375,1181.7718505859375,1178.9970703125,1180.263427734375,0
2025-10-16 12:45:00+00:00,1187.9945068359375,1188.434814453125,1181.816650390625,1181.816650390625,1337344
2025-10-16 13:00:00+00:00,1185.1527099609375,1187.4058837890625,1185.1527099609375,1187.2801513671875,0
2025-10-16 13:15:00+00:00,1184.1859130859375,1187.22314453125,1184.1859130859375,1185.5653076171875,0
2025-10-16 13:30:00+00:00,1188.960693359375,1190.1142578125,1184.7117919921875,1184.7117919921875,10316288
2025-10-16 13:45:00+00:00,1183.362548828125,1189.89306640625,1183.1971435546875,1188.7657470703125,0
2025-10-16 14:00:00+00:00,1175.0562744140625,1183.5762939453125,1175.0562744140625,1183.5762939453125,0
2025-10-16 14:15:00+00:00,1170.571044921875,1174.922119140625,1168.5223388671875,1174.922119140625,29220352
2025-10-16 14:30:00+00:00,1182.4417724609375,1182.4417724609375,1170.81640625,1170.81640625,21020672
2025-10-16 14:45:00+00:00,1175.4820556640625,1182.667724609375,1175.2666015625,1182.667724609375,129024
2025-10-16 15:00:00+00:00,1174.9083251953125,1174.9083251953125,1171.0677490234375,1173.697021484375,4363776
2025-10-16 15:15:00+00:00,1167.9251708984375,1174.640380859375,1167.9251708984375,1174.640380859375,0
2025-10-16 15:30:00+00:00,1160.01220703125,1167.8179931640625,1160.01220703125,1167.8179931640625,8376832
2025-10-16 15:45:00+00:00,1135.2574462890625,1159.8262939453125,1135.2574462890625,1159.8262939453125,90295808
2025-10-16 16:00:00+00:00,1139.1351318359375,1139.1351318359375,1125.6790771484375,1135.3028564453125,95029760
2025-10-16 16:15:00+00:00,1134.4588623046875,1139.2894287109375,1133.755615234375,1138.618408203125,82751488
2025-10-16 16:30:00+00:00,1143.255859375,1143.255859375,1133.460693359375,1134.0296630859375,84808192
2025-10-16 16:45:00+00:00,1152.000244140625,1152.000244140625,1140.1187744140625,1142.1153564453125,70157312
2025-10-16 17:00:00+00:00,1149.133056640625,1154.7491455078125,1148.32080078125,1153.2838134765625,1314816
2025-10-16 17:15:00+00:00,1151.9384765625,1152.8187255859375,1149.0003662109375,1149.0003662109375,2732032
2025-10-16 17:30:00+00:00,1147.937744140625,1153.5482177734375,1147.937744140625,1151.864013671875,0
2025-10-16 17:45:00+00:00,1151.446044921875,1151.446044921875,1148.0238037109375,1148.0543212890625,15945216
2025-10-16 18:00:00+00:00,1141.1234130859375,1151.1551513671875,1141.1234130859375,1151.1551513671875,9060864
2025-10-16 18:15:00+00:00,1145.1810302734375,1146.81640625,1139.4129638671875,1141.251708984375,25038336
2025-10-16 18:30:00+00:00,1149.4951171875,1149.635986328125,1145.043212890625,1145.11669921875,27564032
2025-10-16 18:45:00+00:00,1150.0245361328125,1150.8065185546875,1147.6507568359375,1148.644287109375,8577536
2025-10-16 19:00:00+00:00,1148.220703125,1151.8023681640625,1148.220703125,1150.0126953125,12162048
2025-10-16 19:15:00+00:00,1145.001708984375,1148.2735595703125,1143.941162109375,1148.2735595703125,12969984
2025-10-16 19:30:00+00:00,1140.023681640625,1144.9598388671875,1139.276611328125,1144.9598388671875,28237824
2025-10-16 19:45:00+00:00,1147.087646484375,1147.9840087890625,1140.1839599609375,1140.1839599609375,24663552
2025-10-16 20:00:00+00:00,1146.746826171875,1147.510009765625,1145.9715576171875,1147.1207275390625,13886464
2025-10-16 20:15:00+00:00,1150.1160888671875,1151.548095703125,1146.626220703125,1146.8837890625,27550720
2025-10-16 20:30:00+00:00,1143.460693359375,1150.4942626953125,1143.460693359375,1150.4942626953125,0
2025-10-16 20:45:00+00:00,1145.45458984375,1148.94775390625,1144.1517333984375,1144.1517333984375,7678976
2025-10-16 21:00:00+00:00,1149.264404296875,1149.2652587890625,1146.627685546875,1146.627685546875,0
2025-10-16 21:15:00+00:00,1154.3416748046875,1154.736083984375,1149.692626953125,1149.692626953125,0
2025-10-16 21:30:00+00:00,1160.4356689453125,1162.1185302734375,1154.420166015625,1154.420166015625,11737088
2025-10-16 21:45:00+00:00,1162.3447265625,1162.4512939453125,1159.35791015625,1160.240234375,5883392
2025-10-16 22:00:00+00:00,1161.027099609375,1163.7017822265625,1161.027099609375,1162.6480712890625,4993024
2025-10-16 22:15:00+00:00,1159.154052734375,1161.361328125,1158.977294921875,1160.9212646484375,0
2025-10-16 22:30:00+00:00,1157.9415283203125,1160.2515869140625,1157.9415283203125,1159.209228515625,354304
2025-10-16 22:45:00+00:00,1153.7479248046875,1157.840087890625,1153.7479248046875,1157.840087890625,0
2025-10-16 23:00:00+00:00,1152.5506591796875,1154.098388671875,1152.5506591796875,1153.21142578125,0
2025-10-16 23:15:00+00:00,1154.2802734375,1157.20703125,1152.733642578125,1152.733642578125,7099904
2025-10-16 23:30:00+00:00,1147.4169921875,1154.359375,1147.3785400390625,1154.356689453125,4504576
2025-10-16 23:45:00+00:00,1145.5611572265625,1147.35791015625,1143.68896484375,1147.35791015625,14936576
2025-10-17 00:00:00+00:00,1146.057861328125,1146.447509765625,1144.655029296875,1145.5711669921875,5306368
2025-10-17 00:15:00+00:00,1149.70458984375,1150.4051513671875,1146.3031005859375,1146.3031005859375,636928
2025-10-17 00:30:00+00:00,1150.6488037109375,1152.3670654296875,1150.23828125,1150.23828125,307712
2025-10-17 00:45:00+00:00,1150.1578369140625,1150.3094482421875,1147.6824951171875,1149.7393798828125,2451968
2025-10-17 01:00:00+00:00,1153.626953125,1154.8026123046875,1149.8597412109375,1150.1422119140625,4382208
2025-10-17 01:15:00+00:00,1153.1485595703125,1154.6373291015625,1151.435791015625,1153.6663818359375,0
2025-10-17 01:30:00+00:00,1147.89111328125,1153.25146484375,1147.89111328125,1153.2220458984375,0
2025-10-17 01:45:00+00:00,1145.373779296875,1148.196044921875,1145.0130615234375,1147.89111328125,0
2025-10-17 02:00:00+00:00,1144.10693359375,1147.822265625,1144.0869140625,1145.7481689453125,0
2025-10-17 02:15:00+00:00,1140.61083984375,1144.1275634765625,1140.61083984375,1144.1275634765625,0
2025-10-17 02:30:00+00:00,1143.210693359375,1143.210693359375,1138.68408203125,1140.6397705078125,0
2025-10-17 02:45:00+00:00,1148.263671875,1148.329345703125,1143.027587890625,1143.027587890625,10954240
2025-10-17 03:00:00+00:00,1148.4193115234375,1151.306640625,1148.1568603515625,1148.2174072265625,0
2025-10-17 03:15:00+00:00,1149.99853515625,1150.539794921875,1148.4857177734375,1148.4857177734375,5568512
2025-10-17 03:30:00+00:00,1147.4796142578125,1149.9683837890625,1147.4796142578125,1149.3929443359375,0
2025-10-17 03:45:00+00:00,1150.1427001953125,1150.1427001953125,1147.4970703125,1147.4970703125,4085248
2025-10-17 04:00:00+00:00,1149.787109375,1153.6512451171875,1149.5416259765625,1150.2001953125,3314688
2025-10-17 04:15:00+00:00,1147.174560546875,1150.03271484375,1146.89794921875,1149.822021484375,2111488
2025-10-17 04:30:00+00:00,1147.3033447265625,1149.6934814453125,1147.1746826171875,1147.1746826171875,85504
2025-10-17 04:45:00+00:00,1145.0140380859375,1147.2447509765625,1144.96923828125,1147.0506591796875,0
2025-10-17 05:00:00+00:00,1145.390869140625,1146.2916259765625,1144.532470703125,1144.953369140625,0
2025-10-17 05:15:00+00:00,1142.310546875,1145.263671875,1140.144775390625,1145.263671875,2542592
2025-10-17 05:30:00+00:00,1138.244140625,1142.289794921875,1138.244140625,1142.289794921875,0
2025-10-17 05:45:00+00:00,1130.1556396484375,1138.1873779296875,1129.105712890625,1138.1873779296875,14000128
2025-10-17 06:00:00+00:00,1129.974609375,1132.7115478515625,1129.232177734375,1130.1302490234375,4664832
2025-10-17 06:15:00+00:00,1125.0379638671875,1130.55810546875,1125.0379638671875,1130.169921875,19804672
2025-10-17 06:30:00+00:00,1109.3148193359375,1124.99365234375,1109.3148193359375,1124.99365234375,129867264
2025-10-17 06:45:00+00:00,1098.9156494140625,1109.5504150390625,1098.9156494140625,1109.5504150390625,106594816
2025-10-17 07:00:00+00:00,1083.775634765625,1097.7911376953125,1083.775634765625,1097.7911376953125,106714624
2025-10-17 07:15:00+00:00,1084.494140625,1086.0025634765625,1082.434814453125,1083.4476318359375,83452928
2025-10-17 07:30:00+00:00,1067.0865478515625,1084.3695068359375,1067.0865478515625,1084.3695068359375,100717568
2025-10-17 07:45:00+00:00,1067.73876953125,1073.983642578125,1067.53125,1067.53125,76572672
2025-10-17 08:00:00+00:00,1033.696533203125,1067.4786376953125,1033.696533203125,1067.4786376953125,226893824
2025-10-17 08:15:00+00:00,1044.4388427734375,1045.262451171875,1024.083251953125,1033.4998779296875,274540032
2025-10-17 08:30:00+00:00,1045.46240234375,1051.6795654296875,1043.1885986328125,1043.1885986328125,106657280
2025-10-17 08:45:00+00:00,1044.1527099609375,1045.395263671875,1039.83349609375,1045.395263671875,59961344
2025-10-17 09:00:00+00:00,1050.1258544921875,1050.1258544921875,1043.746337890625,1044.2579345703125,37513728
2025-10-17 09:15:00+00:00,1042.86962890625,1049.6727294921875,1041.64208984375,1049.6727294921875,24202752
2025-10-17 09:30:00+00:00,1053.191162109375,1059.5360107421875,1046.4615478515625,1046.4615478515625,43717632
2025-10-17 09:45:00+00:00,1039.7664794921875,1053.507568359375,1039.5631103515625,1053.507568359375,6154240
2025-10-17 10:00:00+00:00,1038.309326171875,1041.1085205078125,1038.309326171875,1039.9532470703125,0
2025-10-17 10:15:00+00:00,1032.0821533203125,1038.881591796875,1031.3336181640625,1037.426513671875,35488768
2025-10-17 10:30:00+00:00,1040.2825927734375,1040.2825927734375,1032.984619140625,1032.984619140625,34046464
2025-10-17 10:45:00+00:00,1041.738525390625,1042.9573974609375,1039.9163818359375,1040.1531982421875,34132992
2025-10-17 11:00:00+00:00,1048.77197265625,1048.77197265625,1043.885009765625,1043.9339599609375,63570432
2025-10-17 11:15:00+00:00,1075.563720703125,1075.892578125,1048.9288330078125,1048.9288330078125,175356928
2025-10-17 11:30:00+00:00,1072.9156494140625,1075.679931640625,1072.27783203125,1074.9012451171875,68203520
2025-10-17 11:45:00+00:00,1072.6739501953125,1077.1458740234375,1072.39111328125,1072.8299560546875,30547968
2025-10-17 12:00:00+00:00,1067.44580078125,1073.7213134765625,1067.44580078125,1072.3846435546875,18398720
2025-10-17 12:15:00+00:00,1062.7781982421875,1069.465576171875,1062.412109375,1067.9012451171875,29716992
2025-10-17 12:30:00+00:00,1065.791259765625,1066.5938720703125,1061.45556640625,1062.841064453125,18357760
2025-10-17 12:45:00+00:00,1065.8369140625,1068.4588623046875,1065.7830810546875,1065.7830810546875,11840512
2025-10-17 13:00:00+00:00,1064.2027587890625,1067.5350341796875,1064.2027587890625,1065.803466796875,10676736
2025-10-17 13:15:00+00:00,1067.6878662109375,1069.3111572265625,1061.4588623046875,1064.0125732421875,31464960
2025-10-17 13:30:00+00:00,1068.0606689453125,1074.731689453125,1067.1595458984375,1067.3765869140625,49980416
2025-10-17 13:45:00+00:00,1073.2996826171875,1074.6124267578125,1061.9254150390625,1067.128173828125,60114944
2025-10-17 14:00:00+00:00,1064.2510986328125,1072.789794921875,1063.2445068359375,1072.789794921875,7550976
2025-10-17 14:15:00+00:00,1061.6126708984375,1065.528564453125,1061.22998046875,1064.1922607421875,0
2025-10-17 14:30:00+00:00,1053.6085205078125,1061.5111083984375,1051.43505859375,1061.5111083984375,28824064
2025-10-17 14:45:00+00:00,1055.8897705078125,1063.5247802734375,1052.6171875,1052.6171875,33190400
2025-10-17 15:00:00+00:00,1058.7431640625,1062.7301025390625,1055.8914794921875,1055.8914794921875,15354368
2025-10-17 15:15:00+00:00,1059.13427734375,1062.8114013671875,1057.2969970703125,1058.6004638671875,29071360
2025-10-17 15:30:00+00:00,1061.871826171875,1062.127197265625,1055.119873046875,1059.9888916015625,0
2025-10-17 15:45:00+00:00,1070.8629150390625,1070.8629150390625,1061.865234375,1061.9813232421875,0
2025-10-17 16:00:00+00:00,1086.0965576171875,1086.3502197265625,1073.8868408203125,1073.8868408203125,9817088
2025-10-17 16:15:00+00:00,1083.111083984375,1090.554931640625,1083.111083984375,1085.6727294921875,0
2025-10-17 16:30:00+00:00,1074.402587890625,1083.78564453125,1074.402587890625,1083.185302734375,0
2025-10-17 16:45:00+00:00,1069.6697998046875,1075.7083740234375,1068.991943359375,1074.431640625,0
2025-10-17 17:00:00+00:00,1070.7335205078125,1072.880126953125,1069.931640625,1071.650390625,0
2025-10-17 17:15:00+00:00,1070.061279296875,1071.584716796875,1070.061279296875,1070.580078125,0
2025-10-17 17:30:00+00:00,1072.6829833984375,1073.2132568359375,1069.995849609375,1070.0972900390625,7973376
2025-10-17 17:45:00+00:00,1075.8533935546875,1075.8533935546875,1069.8248291015625,1072.72314453125,2944512
2025-10-17 18:00:00+00:00,1078.30126953125,1079.0538330078125,1075.902587890625,1075.902587890625,633344
2025-10-17 18:15:00+00:00,1080.2152099609375,1080.83642578125,1076.080322265625,1078.278564453125,0
2025-10-17 18:30:00+00:00,1076.149658203125,1080.1241455078125,1076.149658203125,1080.1241455078125,0
2025-10-17 18:45:00+00:00,1071.792236328125,1076.0792236328125,1071.7110595703125,1076.0792236328125,0
2025-10-17 19:00:00+00:00,1075.429443359375,1075.429443359375,1072.8560791015625,1072.8560791015625,2597888
2025-10-17 19:15:00+00:00,1073.13330078125,1075.2606201171875,1073.13330078125,1075.2606201171875,0
2025-10-17 19:30:00+00:00,1067.6337890625,1073.1280517578125,1067.0618896484375,1073.1280517578125,0
2025-10-17 19:45:00+00:00,1067.0291748046875,1067.9925537109375,1065.41796875,1067.56787109375,0
2025-10-17 20:00:00+00:00,1069.0635986328125,1069.0635986328125,1065.816650390625,1066.91552734375,0
2025-10-17 20:15:00+00:00,1076.2508544921875,1076.2508544921875,1068.928466796875,1068.928466796875,0
2025-10-17 20:30:00+00:00,1076.6551513671875,1077.891357421875,1075.965576171875,1076.388427734375,0
2025-10-17 20:45:00+00:00,1078.2930908203125,1078.8775634765625,1076.764404296875,1076.764404296875,0
2025-10-17 21:00:00+00:00,1085.7701416015625,1085.7701416015625,1077.594482421875,1078.2568359375,22931456
2025-10-17 21:15:00+00:00,1087.226806640625,1087.226806640625,1085.7867431640625,1085.9788818359375,3445248
2025-10-17 21:30:00+00:00,1087.711181640625,1089.1209716796875,1086.891357421875,1087.47314453125,3124736
2025-10-17 21:45:00+00:00,1089.1337890625,1089.291015625,1087.5196533203125,1087.7171630859375,4162560
2025-10-17 22:00:00+00:00,1085.474609375,1089.4637451171875,1085.474609375,1089.15478515625,4245504
2025-10-17 22:15:00+00:00,1081.31494140625,1085.5325927734375,1081.31494140625,1085.5325927734375,4217344
2025-10-17 22:30:00+00:00,1077.25,1081.3831787109375,1076.98095703125,1081.3831787109375,92672
2025-10-17 22:45:00+00:00,1078.604736328125,1078.6923828125,1077.089599609375,1077.089599609375,2048
2025-10-17 23:00:00+00:00,1073.6875,1078.5352783203125,1073.5982666015625,1078.5352783203125,6252544
2025-10-17 23:15:00+00:00,1074.5528564453125,1076.1187744140625,1073.769775390625,1073.769775390625,0
2025-10-17 23:30:00+00:00,1074.5565185546875,1074.5565185546875,1072.850830078125,1074.4644775390625,0
2025-10-17 23:45:00+00:00,1072.3465576171875,1074.5421142578125,1072.2938232421875,1074.5018310546875,0
2025-10-18 00:00:00+00:00,1072.721435546875,1072.721435546875,1071.5731201171875,1071.6123046875,4611072
2025-10-18 00:15:00+00:00,1077.3204345703125,1077.3204345703125,1072.4512939453125,1072.6474609375,9628160
2025-10-18 00:30:00+00:00,1079.6300048828125,1079.748046875,1077.112060546875,1077.559326171875,7314432
2025-10-18 00:45:00+00:00,1080.15185546875,1081.6785888671875,1079.809326171875,1079.809326171875,5238272
2025-10-18 01:00:00+00:00,1082.6217041015625,1082.6217041015625,1079.776611328125,1079.9193115234375,0
2025-10-18 01:15:00+00:00,1089.4654541015625,1089.4654541015625,1082.8765869140625,1082.8765869140625,13613056
2025-10-18 01:30:00+00:00,1088.7054443359375,1089.830322265625,1087.45703125,1089.6444091796875,11718144
2025-10-18 01:45:00+00:00,1087.447509765625,1088.7208251953125,1086.5225830078125,1088.7208251953125,7075840
2025-10-18 02:00:00+00:00,1089.01708984375,1092.1214599609375,1087.5098876953125,1087.5098876953125,14297600
2025-10-18 02:15:00+00:00,1092.262451171875,1092.77001953125,1087.7752685546875,1088.968994140625,11557376
2025-10-18 02:30:00+00:00,1088.967041015625,1093.391357421875,1088.967041015625,1092.5302734375,0
2025-10-18 02:45:00+00:00,1084.044189453125,1089.5093994140625,1083.90283203125,1088.952880859375,2111488
2025-10-18 03:00:00+00:00,1088.6131591796875,1088.6131591796875,1084.0931396484375,1084.0931396484375,2044928
2025-10-18 03:15:00+00:00,1091.617431640625,1091.617431640625,1088.6207275390625,1088.6207275390625,1828864
2025-10-18 03:30:00+00:00,1090.5322265625,1092.6505126953125,1090.5322265625,1091.370361328125,2861568
2025-10-18 03:45:00+00:00,1090.4398193359375,1091.552734375,1089.951171875,1090.611328125,3365888
2025-10-18 04:00:00+00:00,1086.43896484375,1090.47216796875,1086.43896484375,1090.47216796875,2056192
2025-10-18 04:15:00+00:00,1087.7236328125,1087.7236328125,1084.9853515625,1086.3734130859375,0
2025-10-18 04:30:00+00:00,1085.8843994140625,1088.04638671875,1085.8843994140625,1087.68896484375,3900416
2025-10-18 04:45:00+00:00,1083.315673828125,1085.7420654296875,1083.315673828125,1085.7420654296875,0
2025-10-18 05:00:00+00:00,1085.001220703125,1085.0704345703125,1083.2869873046875,1083.2869873046875,5863424
2025-10-18 05:15:00+00:00,1085.1749267578125,1085.4942626953125,1084.816162109375,1085.0263671875,771584
2025-10-18 05:30:00+00:00,1083.2296142578125,1085.085205078125,1082.0830078125,1085.085205078125,375296
2025-10-18 05:45:00+00:00,1087.7911376953125,1087.7911376953125,1083.491455078125,1083.491455078125,0
2025-10-18 06:00:00+00:00,1091.9970703125,1092.162109375,1088.13671875,1088.13671875,1967104
2025-10-18 06:15:00+00:00,1097.6549072265625,1097.6549072265625,1091.9954833984375,1091.9954833984375,3034624
2025-10-18 06:30:00+00:00,1097.1502685546875,1100.349365234375,1096.32421875,1097.4385986328125,0
2025-10-18 06:45:00+00:00,1108.596435546875,1108.596435546875,1096.62890625,1097.170166015625,0
2025-10-18 07:00:00+00:00,1126.77392578125,1127.2713623046875,1108.668701171875,1108.668701171875,4912640
2025-10-18 07:15:00+00:00,1118.5333251953125,1126.728759765625,1118.3614501953125,1126.728759765625,0
2025-10-18 07:30:00+00:00,1126.0611572265625,1126.0611572265625,1118.61328125,1118.61328125,229376
2025-10-18 07:45:00+00:00,1123.6617431640625,1128.949462890625,1123.6617431640625,1126.2203369140625,6446592
2025-10-18 08:00:00+00:00,1124.3717041015625,1124.3717041015625,1119.59619140625,1123.1038818359375,0
2025-10-18 08:15:00+00:00,1119.8626708984375,1124.529296875,1119.8626708984375,1124.392333984375,0
2025-10-18 08:30:00+00:00,1120.4461669921875,1121.5013427734375,1118.9425048828125,1119.6947021484375,0
2025-10-18 08:45:00+00:00,1110.584716796875,1120.41357421875,1110.584716796875,1120.41357421875,0
2025-10-18 09:00:00+00:00,1106.713134765625,1110.194580078125,1106.692138671875,1110.194580078125,0
2025-10-18 09:15:00+00:00,1110.871826171875,1110.871826171875,1106.33544921875,1106.350830078125,0
2025-10-18 09:30:00+00:00,1108.66845703125,1111.3011474609375,1107.6097412109375,1111.0224609375,0
2025-10-18 09:45:00+00:00,1109.77783203125,1109.77783203125,1106.330078125,1108.7882080078125,0
2025-10-18 10:00:00+00:00,1107.8819580078125,1109.98828125,1107.8660888671875,1109.4920654296875,0
2025-10-18 10:15:00+00:00,1109.2652587890625,1109.5660400390625,1107.8958740234375,1107.8958740234375,0
2025-10-18 10:30:00+00:00,1112.2392578125,1113.9918212890625,1109.348876953125,1109.348876953125,0
2025-10-18 10:45:00+00:00,1104.9423828125,1112.567626953125,1104.849365234375,1112.567626953125,0
2025-10-18 11:00:00+00:00,1105.3526611328125,1105.3526611328125,1103.6131591796875,1104.5341796875,0
2025-10-18 11:15:00+00:00,1099.8546142578125,1105.889892578125,1099.5263671875,1105.2802734375,0
2025-10-18 11:30:00+00:00,1101.496337890625,1101.5404052734375,1098.4991455078125,1099.76953125,0
2025-10-18 11:45:00+00:00,1103.074951171875,1103.9119873046875,1101.6610107421875,1101.6610107421875,0
2025-10-18 12:00:00+00:00,1102.1268310546875,1103.77685546875,1101.298583984375,1103.429931640625,0
2025-10-18 12:15:00+00:00,1101.03271484375,1105.3333740234375,1100.7745361328125,1101.917724609375,0
2025-10-18 12:30:00+00:00,1098.783935546875,1101.1370849609375,1098.04345703125,1101.089599609375,0
2025-10-18 12:45:00+00:00,1101.0841064453125,1101.2802734375,1098.82958984375,1098.82958984375,0
2025-10-18 13:00:00+00:00,1097.678466796875,1101.2098388671875,1096.039794921875,1101.2098388671875,0
2025-10-18 13:15:00+00:00,1094.31005859375,1097.697509765625,1093.3597412109375,1097.697509765625,0
2025-10-18 13:30:00+00:00,1088.5550537109375,1094.418212890625,1087.2156982421875,1094.418212890625,0
2025-10-18 13:45:00+00:00,1089.728271484375,1090.0367431640625,1087.4510498046875,1088.56689453125,0
2025-10-18 14:00:00+00:00,1085.2252197265625,1089.6295166015625,1084.91064453125,1089.6295166015625,0
2025-10-18 14:15:00+00:00,1088.7401123046875,1088.7401123046875,1085.3515625,1085.3515625,0
2025-10-18 14:30:00+00:00,1095.0386962890625,1095.837646484375,1088.9891357421875,1089.0040283203125,0
2025-10-18 14:45:00+00:00,1094.195068359375,1095.9840087890625,1094.195068359375,1095.000244140625,0
2025-10-18 15:00:00+00:00,1093.2137451171875,1095.3724365234375,1093.1026611328125,1094.1082763671875,0
2025-10-18 15:15:00+00:00,1092.5430908203125,1094.408447265625,1092.4459228515625,1093.1812744140625,0
2025-10-18 15:30:00+00:00,1091.9775390625,1092.404296875,1089.9102783203125,1092.404296875,1138688
2025-10-18 15:45:00+00:00,1092.4683837890625,1093.2044677734375,1092.06494140625,1092.06494140625,0
2025-10-18 16:00:00+00:00,1090.3009033203125,1093.5985107421875,1090.3009033203125,1092.5185546875,0
2025-10-18 16:15:00+00:00,1086.058349609375,1090.270751953125,1086.0289306640625,1090.270751953125,0
2025-10-18 16:30:00+00:00,1084.2310791015625,1086.107177734375,1083.712890625,1086.107177734375,0
2025-10-18 16:45:00+00:00,1089.9493408203125,1089.9493408203125,1084.247314453125,1084.247314453125,0
2025-10-18 17:00:00+00:00,1088.5386962890625,1089.9622802734375,1087.8638916015625,1089.9622802734375,0
2025-10-18 17:15:00+00:00,1095.6171875,1095.8487548828125,1090.4354248046875,1090.4354248046875,6542336
2025-10-18 17:30:00+00:00,1093.8299560546875,1095.75146484375,1093.8299560546875,1095.6912841796875,0
2025-10-18 17:45:00+00:00,1095.0595703125,1095.0595703125,1092.0771484375,1093.6710205078125,0
2025-10-18 18:00:00+00:00,1094.1793212890625,1097.152099609375,1094.1793212890625,1095.6583251953125,0
2025-10-18 18:15:00+00:00,1095.537109375,1096.0323486328125,1094.2017822265625,1094.2017822265625,0
2025-10-18 18:30:00+00:00,1095.9171142578125,1096.5831298828125,1095.74609375,1095.74609375,0
2025-10-18 18:45:00+00:00,1096.9111328125,1097.2320556640625,1095.9912109375,1095.9912109375,0
2025-10-18 19:00:00+00:00,1097.28173828125,1099.0462646484375,1097.13134765625,1097.13134765625,0
2025-10-18 19:15:00+00:00,1100.820556640625,1100.820556640625,1096.8782958984375,1096.8782958984375,7358208
2025-10-18 19:30:00+00:00,1101.422607421875,1101.422607421875,1100.4932861328125,1101.0843505859375,0
2025-10-18 19:45:00+00:00,1102.8646240234375,1103.0609130859375,1101.329833984375,1101.329833984375,125440
2025-10-18 20:00:00+00:00,1102.4075927734375,1104.83447265625,1102.1522216796875,1103.0067138671875,1560064
2025-10-18 20:15:00+00:00,1104.341796875,1104.3450927734375,1101.661376953125,1101.7025146484375,0
2025-10-18 20:30:00+00:00,1102.417236328125,1104.9957275390625,1102.377685546875,1104.56591796875,0
2025-10-18 20:45:00+00:00,1101.144287109375,1103.3189697265625,1101.0999755859375,1103.08837890625,214528
2025-10-18 21:00:00+00:00,1094.6865234375,1101.069091796875,1094.662109375,1101.069091796875,1423872
2025-10-18 21:15:00+00:00,1092.54833984375,1094.567138671875,1087.7738037109375,1094.567138671875,34843648
2025-10-18 21:30:00+00:00,1094.1614990234375,1095.2872314453125,1092.6861572265625,1092.6861572265625,0
2025-10-18 21:45:00+00:00,1094.0926513671875,1094.159912109375,1093.117431640625,1094.09814453125,662784
2025-10-18 22:00:00+00:00,1093.1317138671875,1094.1552734375,1092.93359375,1094.1552734375,0
2025-10-18 22:15:00+00:00,1095.5640869140625,1095.5640869140625,1093.01220703125,1093.1412353515625,0
2025-10-18 22:30:00+00:00,1095.27392578125,1096.4007568359375,1095.27392578125,1095.9652099609375,4514304
2025-10-18 22:45:00+00:00,1093.1876220703125,1095.2652587890625,1092.5186767578125,1095.2652587890625,0
2025-10-18 23:00:00+00:00,1092.3350830078125,1093.1861572265625,1091.675048828125,1093.1861572265625,0
2025-10-18 23:15:00+00:00,1093.471923828125,1093.471923828125,1090.9842529296875,1092.4439697265625,207104
2025-10-18 23:30:00+00:00,1093.218994140625,1094.5640869140625,1093.218994140625,1093.5302734375,0
2025-10-18 23:45:00+00:00,1093.1519775390625,1093.556884765625,1092.5836181640625,1093.2022705078125,0
2025-10-19 00:00:00+00:00,1089.9940185546875,1092.8944091796875,1089.9940185546875,1092.8409423828125,0
2025-10-19 00:15:00+00:00,1090.392578125,1090.4163818359375,1089.044677734375,1089.60546875,0
2025-10-19 00:30:00+00:00,1086.0367431640625,1090.2918701171875,1086.0367431640625,1090.2918701171875,0
2025-10-19 00:45:00+00:00,1081.7425537109375,1086.052978515625,1079.9012451171875,1086.052978515625,12314624
2025-10-19 01:00:00+00:00,1079.3092041015625,1081.816650390625,1079.24951171875,1081.816650390625,1457408
2025-10-19 01:15:00+00:00,1083.6527099609375,1084.3880615234375,1079.348876953125,1079.348876953125,2175488
2025-10-19 01:30:00+00:00,1083.670166015625,1084.4176025390625,1082.5751953125,1083.6798095703125,0
2025-10-19 01:45:00+00:00,1083.6162109375,1085.021728515625,1083.6162109375,1083.7266845703125,379392
2025-10-19 02:00:00+00:00,1082.653076171875,1083.6595458984375,1082.5308837890625,1083.6595458984375,48384
2025-10-19 02:15:00+00:00,1083.6497802734375,1084.183349609375,1081.65771484375,1082.660400390625,226560
2025-10-19 02:30:00+00:00,1082.6964111328125,1083.9605712890625,1082.19287109375,1083.7117919921875,524032
2025-10-19 02:45:00+00:00,1084.2139892578125,1084.2139892578125,1082.7239990234375,1082.7239990234375,149248
2025-10-19 03:00:00+00:00,1084.1361083984375,1084.9676513671875,1083.9805908203125,1084.266845703125,543744
2025-10-19 03:15:00+00:00,1087.7034912109375,1088.88623046875,1084.1026611328125,1084.1026611328125,12249600
2025-10-19 03:30:00+00:00,1092.848388671875,1093.1348876953125,1087.8424072265625,1087.8424072265625,9880064
2025-10-19 03:45:00+00:00,1091.8948974609375,1093.939453125,1091.3961181640625,1092.8800048828125,7845888
2025-10-19 04:00:00+00:00,1087.6385498046875,1092.1229248046875,1087.6385498046875,1091.8519287109375,3050240
2025-10-19 04:15:00+00:00,1087.27392578125,1087.728271484375,1087.27392578125,1087.728271484375,0
