Price,Close,High,Low,Open,Volume
Ticker,BNB-USD,BNB-USD,BNB-USD,BNB-USD,BNB-USD
Datetime,,,,,
2025-09-20 00:00:00+00:00,984.7861328125,984.7861328125,984.1197509765625,984.1197509765625,0
2025-09-20 00:05:00+00:00,986.102294921875,986.1861572265625,985.2108154296875,985.2108154296875,5104128
2025-09-20 00:10:00+00:00,986.9149780273438,986.9149780273438,986.0186767578125,986.0186767578125,7876608
2025-09-20 00:15:00+00:00,987.1975708007812,987.1975708007812,987.0363159179688,987.0363159179688,1442816
2025-09-20 00:20:00+00:00,987.4710693359375,987.6227416992188,987.2353515625,987.2353515625,1008896
2025-09-20 00:25:00+00:00,986.2532958984375,986.960693359375,986.2107543945312,986.960693359375,1107712
2025-09-20 00:30:00+00:00,986.32763671875,986.332763671875,986.26953125,986.332763671875,0
2025-09-20 00:35:00+00:00,986.2129516601562,986.2984619140625,986.1575927734375,986.2984619140625,0
2025-09-20 00:40:00+00:00,987.0502319335938,987.0502319335938,986.660888671875,986.660888671875,0
2025-09-20 00:45:00+00:00,987.2361450195312,987.5519409179688,987.02685546875,987.02685546875,0
2025-09-20 00:50:00+00:00,986.9609985351562,987.1845092773438,986.9425048828125,987.1845092773438,105472
2025-09-20 00:55:00+00:00,986.4343872070312,986.8721313476562,986.41796875,986.8721313476562,184320
2025-09-20 01:00:00+00:00,986.802978515625,986.97119140625,986.5654296875,986.5654296875,0
2025-09-20 01:05:00+00:00,986.2808837890625,986.4144897460938,986.2626953125,986.4144897460938,0
2025-09-20 01:10:00+00:00,985.7669677734375,986.189697265625,985.7669677734375,986.189697265625,0
2025-09-20 01:15:00+00:00,985.67822265625,985.67822265625,985.4825439453125,985.4894409179688,0
2025-09-20 01:20:00+00:00,985.8409423828125,985.8409423828125,985.6832885742188,985.6832885742188,0
2025-09-20 01:25:00+00:00,986.7568359375,986.7568359375,986.306396484375,986.3775634765625,2214656
2025-09-20 01:30:00+00:00,986.4658813476562,986.904296875,986.4658813476562,986.7901000976562,0
2025-09-20 01:35:00+00:00,985.7415771484375,986.4564208984375,985.6109619140625,986.410400390625,1074432
2025-09-20 01:40:00+00:00,985.5859985351562,985.5859985351562,985.3912353515625,985.4500122070312,538112
2025-09-20 01:45:00+00:00,986.27197265625,986.4235229492188,986.27197265625,986.3550415039062,0
2025-09-20 01:50:00+00:00,986.6683349609375,986.7454223632812,986.3029174804688,986.3029174804688,0
2025-09-20 01:55:00+00:00,986.877685546875,986.9237670898438,986.877685546875,986.8831787109375,0
2025-09-20 02:00:00+00:00,986.1181640625,986.870849609375,986.1181640625,986.870849609375,0
2025-09-20 02:05:00+00:00,985.5364990234375,986.0743408203125,985.5364990234375,986.0743408203125,612352
2025-09-20 02:10:00+00:00,984.7918090820312,985.3397827148438,984.7918090820312,985.3397827148438,1263360
2025-09-20 02:15:00+00:00,984.2119140625,984.6140747070312,984.2119140625,984.6140747070312,1046016
2025-09-20 02:20:00+00:00,984.6510009765625,984.6510009765625,984.1444702148438,984.1444702148438,662272
2025-09-20 02:25:00+00:00,986.0885009765625,986.119140625,985.1068725585938,985.1068725585938,2914816
2025-09-20 02:30:00+00:00,985.8339233398438,986.3551635742188,985.8339233398438,986.3551635742188,40704
2025-09-20 02:35:00+00:00,985.6185302734375,985.783203125,985.4973754882812,985.783203125,499200
2025-09-20 02:40:00+00:00,986.2720336914062,986.2720336914062,985.8878173828125,985.8878173828125,0
2025-09-20 02:45:00+00:00,986.5230712890625,986.5230712890625,986.2048950195312,986.2048950195312,0
2025-09-20 02:50:00+00:00,987.6082763671875,987.6456909179688,986.5806884765625,986.5806884765625,4017920
2025-09-20 02:55:00+00:00,990.1118774414062,990.1118774414062,988.8892211914062,988.8892211914062,15506688
2025-09-20 03:00:00+00:00,990.3047485351562,990.7440795898438,990.2546997070312,990.2546997070312,202240
2025-09-20 03:05:00+00:00,989.5643310546875,990.2533569335938,989.548828125,990.2533569335938,0
2025-09-20 03:10:00+00:00,988.9948120117188,989.4169921875,988.91943359375,989.4169921875,0
2025-09-20 03:15:00+00:00,989.6779174804688,989.6779174804688,989.2060546875,989.2060546875,238592
2025-09-20 03:20:00+00:00,989.3799438476562,989.72900390625,989.3799438476562,989.72900390625,0
2025-09-20 03:25:00+00:00,990.3060913085938,990.3060913085938,989.1865844726562,989.1865844726562,5265152
2025-09-20 03:30:00+00:00,991.3035278320312,991.67919921875,990.4509887695312,990.4509887695312,9232896
2025-09-20 03:35:00+00:00,991.5935668945312,991.5935668945312,991.396728515625,991.396728515625,1519872
2025-09-20 03:40:00+00:00,991.6868896484375,991.8455810546875,991.56640625,991.8455810546875,0
2025-09-20 03:45:00+00:00,992.408447265625,992.408447265625,991.7594604492188,991.7594604492188,0
2025-09-20 03:50:00+00:00,992.9439086914062,993.04296875,992.4664916992188,992.504150390625,0
2025-09-20 03:55:00+00:00,992.7076416015625,992.8897094726562,992.6995849609375,992.8897094726562,0
2025-09-20 04:00:00+00:00,992.64501953125,992.6458129882812,992.4317626953125,992.6458129882812,0
2025-09-20 04:05:00+00:00,991.8568725585938,992.6329345703125,991.8171997070312,992.6329345703125,0
2025-09-20 04:10:00+00:00,992.2628173828125,992.2866821289062,992.1305541992188,992.1485595703125,0
2025-09-20 04:15:00+00:00,992.0764770507812,992.3847045898438,992.0764770507812,992.291748046875,0
2025-09-20 04:20:00+00:00,992.6478881835938,992.6478881835938,992.1812133789062,992.1812133789062,0
2025-09-20 04:25:00+00:00,993.5615234375,993.5615234375,993.0048828125,993.0081176757812,0
2025-09-20 04:30:00+00:00,993.533203125,993.53564453125,993.4628295898438,993.53564453125,0
2025-09-20 04:35:00+00:00,994.0692749023438,994.0692749023438,993.5083618164062,993.5083618164062,1641216
2025-09-20 04:40:00+00:00,996.1878051757812,996.1878051757812,995.2601318359375,995.2601318359375,3060224
2025-09-20 04:45:00+00:00,997.07421875,997.07421875,996.3062744140625,996.3062744140625,0
2025-09-20 04:50:00+00:00,998.6231079101562,998.6231079101562,997.5131225585938,997.5131225585938,11000320
2025-09-20 04:55:00+00:00,999.4017333984375,999.410888671875,998.2980346679688,998.4234008789062,175104
2025-09-20 05:00:00+00:00,1000.9496459960938,1000.9496459960938,999.5896606445312,999.5896606445312,9074944
2025-09-20 05:05:00+00:00,998.34326171875,1000.5016479492188,998.34326171875,1000.5016479492188,0
2025-09-20 05:10:00+00:00,998.4330444335938,998.5512084960938,998.3307495117188,998.5512084960938,237312
2025-09-20 05:15:00+00:00,998.3707275390625,998.5282592773438,998.3707275390625,998.5282592773438,0
2025-09-20 05:20:00+00:00,997.6317138671875,998.2927856445312,997.581298828125,998.2927856445312,2045952
2025-09-20 05:25:00+00:00,997.0911865234375,997.2862548828125,997.0399169921875,997.2164916992188,0
2025-09-20 05:30:00+00:00,997.0386352539062,997.15234375,997.0386352539062,997.091552734375,0
2025-09-20 05:35:00+00:00,997.1791381835938,997.1791381835938,996.979248046875,996.979248046875,0
2025-09-20 05:40:00+00:00,996.7378540039062,997.2213134765625,996.7247924804688,997.209228515625,3386624
2025-09-20 05:45:00+00:00,997.2473754882812,997.2473754882812,996.6828002929688,996.7653198242188,0
2025-09-20 05:50:00+00:00,996.9230346679688,997.1600952148438,996.862060546875,997.1439819335938,0
2025-09-20 05:55:00+00:00,997.5029296875,997.5029296875,996.966796875,996.966796875,0
2025-09-20 06:00:00+00:00,997.909912109375,997.909912109375,997.51171875,997.51171875,0
2025-09-20 06:05:00+00:00,997.6023559570312,997.9912719726562,997.5691528320312,997.9912719726562,0
2025-09-20 06:10:00+00:00,997.4315185546875,997.8294067382812,997.4315185546875,997.8294067382812,0
2025-09-20 06:15:00+00:00,997.1504516601562,997.425537109375,997.0567626953125,997.425537109375,0
2025-09-20 06:20:00+00:00,996.9590454101562,997.1119995117188,996.91015625,997.1102294921875,0
2025-09-20 06:25:00+00:00,996.38671875,996.6727905273438,996.3685913085938,996.6727905273438,0
2025-09-20 06:30:00+00:00,996.6282958984375,996.6282958984375,996.2280883789062,996.2280883789062,0
2025-09-20 06:35:00+00:00,996.5375366210938,996.6494750976562,996.5181884765625,996.6494750976562,0
2025-09-20 06:40:00+00:00,996.5299072265625,996.5299072265625,996.4719848632812,996.4719848632812,0
2025-09-20 06:45:00+00:00,996.1795654296875,996.5299072265625,996.1795654296875,996.5299072265625,0
2025-09-20 06:50:00+00:00,996.5897827148438,996.5897827148438,996.3134155273438,996.3134155273438,0
2025-09-20 06:55:00+00:00,997.1392822265625,997.1622314453125,996.8112182617188,996.8112182617188,0
2025-09-20 07:00:00+00:00,997.3453369140625,997.3453369140625,997.1865234375,997.1865234375,0
2025-09-20 07:05:00+00:00,997.1116943359375,997.5820922851562,997.1116943359375,997.3453369140625,0
2025-09-20 07:10:00+00:00,996.7969360351562,996.9964599609375,996.7969360351562,996.9964599609375,0
2025-09-20 07:15:00+00:00,996.3877563476562,996.8045043945312,996.3877563476562,996.8045043945312,0
2025-09-20 07:20:00+00:00,996.1155395507812,996.395751953125,996.031005859375,996.395751953125,0
2025-09-20 07:25:00+00:00,995.980224609375,996.3005981445312,995.980224609375,996.3005981445312,0
2025-09-20 07:30:00+00:00,995.8984375,996.0068359375,995.794189453125,996.0068359375,0
2025-09-20 07:35:00+00:00,995.9091186523438,995.9091186523438,995.9091186523438,995.9091186523438,0
2025-09-20 07:40:00+00:00,997.2314453125,997.2530517578125,995.9091186523438,995.9091186523438,0
2025-09-20 07:45:00+00:00,997.73876953125,997.73876953125,997.09765625,997.2142944335938,0
2025-09-20 07:50:00+00:00,998.2970581054688,998.3925170898438,997.67431640625,997.67431640625,136960
2025-09-20 07:55:00+00:00,999.9365844726562,999.9365844726562,999.281494140625,999.2853393554688,0
2025-09-20 08:00:00+00:00,999.6655883789062,999.9304809570312,999.6655883789062,999.9304809570312,0
2025-09-20 08:05:00+00:00,999.2301635742188,999.5997924804688,999.2301635742188,999.58544921875,0
2025-09-20 08:10:00+00:00,998.4141235351562,998.4141235351562,998.2139892578125,998.2139892578125,0
2025-09-20 08:15:00+00:00,999.8106079101562,999.8106079101562,998.4784545898438,998.4784545898438,0
2025-09-20 08:20:00+00:00,999.9906616210938,999.9906616210938,999.9132080078125,999.9132080078125,0
2025-09-20 08:25:00+00:00,1000.540771484375,1000.5633544921875,1000.3684692382812,1000.3684692382812,0
2025-09-20 08:30:00+00:00,1001.1234130859375,1001.1234130859375,1001.0708618164062,1001.0708618164062,2113536
2025-09-20 08:35:00+00:00,1001.8194580078125,1001.8468627929688,1001.4257202148438,1001.4403076171875,6299648
2025-09-20 08:40:00+00:00,1004.3167724609375,1004.3167724609375,1002.3643188476562,1002.3643188476562,20016128
2025-09-20 08:45:00+00:00,1001.1561889648438,1003.89404296875,1001.1561889648438,1003.89404296875,7450112
2025-09-20 08:50:00+00:00,1000.1627807617188,1001.1358032226562,1000.1627807617188,1001.1358032226562,3541504
2025-09-20 08:55:00+00:00,997.487060546875,999.3023071289062,997.487060546875,999.3023071289062,4629760
2025-09-20 09:00:00+00:00,997.0726318359375,997.2680053710938,997.0726318359375,997.2432861328125,0
2025-09-20 09:05:00+00:00,997.5686645507812,997.59814453125,997.1505737304688,997.1505737304688,0
2025-09-20 09:10:00+00:00,997.9719848632812,997.9719848632812,997.7642211914062,997.8339233398438,0
2025-09-20 09:15:00+00:00,997.6851806640625,998.3076171875,997.6851806640625,997.9534301757812,0
2025-09-20 09:20:00+00:00,997.5779418945312,997.7080688476562,997.5779418945312,997.7080688476562,0
2025-09-20 09:25:00+00:00,997.8015747070312,997.8401489257812,997.6704711914062,997.6994018554688,0
2025-09-20 09:30:00+00:00,997.7115478515625,997.84716796875,997.7115478515625,997.73046875,0
2025-09-20 09:35:00+00:00,996.0031127929688,997.6807250976562,995.9940795898438,997.6807250976562,1529344
2025-09-20 09:40:00+00:00,995.2048950195312,995.362060546875,995.1298828125,995.362060546875,328192
2025-09-20 09:45:00+00:00,995.2169799804688,995.3095092773438,995.2169799804688,995.3095092773438,0
2025-09-20 09:50:00+00:00,995.8660888671875,995.8660888671875,995.3114013671875,995.3114013671875,0
2025-09-20 09:55:00+00:00,996.527587890625,996.5982055664062,996.5017700195312,996.5017700195312,0
2025-09-20 10:00:00+00:00,997.52001953125,997.52001953125,996.5113525390625,996.5498657226562,0
2025-09-20 10:05:00+00:00,997.67578125,997.7576904296875,997.5381469726562,997.5381469726562,0
2025-09-20 10:10:00+00:00,998.6298217773438,998.6298217773438,997.795654296875,997.795654296875,3788032
2025-09-20 10:15:00+00:00,999.6317138671875,999.652587890625,998.7152709960938,998.7152709960938,5066496
2025-09-20 10:20:00+00:00,1000.1966552734375,1000.335205078125,1000.1966552734375,1000.2655029296875,0
2025-09-20 10:25:00+00:00,1000.0404663085938,1000.0404663085938,999.987548828125,999.987548828125,0
2025-09-20 10:30:00+00:00,999.0982055664062,999.9841918945312,999.0982055664062,999.9841918945312,5408768
2025-09-20 10:35:00+00:00,999.0221557617188,999.0875854492188,998.8651123046875,999.0875854492188,0
2025-09-20 10:40:00+00:00,999.387939453125,999.7086791992188,999.387939453125,999.620849609375,0
2025-09-20 10:45:00+00:00,999.1195068359375,999.4224243164062,999.031005859375,999.4224243164062,0
2025-09-20 10:50:00+00:00,998.29736328125,998.974853515625,998.29736328125,998.974853515625,0
2025-09-20 10:55:00+00:00,997.822509765625,997.9430541992188,997.6162719726562,997.9430541992188,0
2025-09-20 11:00:00+00:00,999.6710815429688,999.6710815429688,998.1727294921875,998.1727294921875,0
2025-09-20 11:05:00+00:00,999.9547119140625,999.9547119140625,999.5532836914062,999.5532836914062,0
2025-09-20 11:10:00+00:00,1000.17578125,1000.2583618164062,1000.127685546875,1000.1473388671875,0
2025-09-20 11:15:00+00:00,1000.2994995117188,1000.2994995117188,1000.1592407226562,1000.2093505859375,0
2025-09-20 11:20:00+00:00,1000.6771850585938,1000.6882934570312,1000.3029174804688,1000.3029174804688,0
2025-09-20 11:25:00+00:00,1000.3745727539062,1000.6431884765625,1000.3421630859375,1000.6431884765625,0
2025-09-20 11:30:00+00:00,1000.4209594726562,1000.5602416992188,1000.4209594726562,1000.5415649414062,1815296
2025-09-20 11:35:00+00:00,999.6160278320312,1000.4159545898438,999.5730590820312,1000.4159545898438,4146176
2025-09-20 11:40:00+00:00,1000.2239379882812,1000.2239379882812,999.7044677734375,999.7044677734375,0
2025-09-20 11:45:00+00:00,1001.2606811523438,1001.2606811523438,1000.1476440429688,1000.1476440429688,0
2025-09-20 11:50:00+00:00,1002.1131591796875,1002.1739501953125,1001.3080444335938,1001.3080444335938,3805440
2025-09-20 11:55:00+00:00,1002.1240844726562,1002.7726440429688,1002.1240844726562,1002.7726440429688,0
2025-09-20 12:00:00+00:00,1001.9271240234375,1002.2493286132812,1001.9271240234375,1002.16455078125,0
2025-09-20 12:05:00+00:00,1000.912841796875,1001.9061279296875,1000.912841796875,1001.9061279296875,0
2025-09-20 12:10:00+00:00,1000.5383911132812,1000.7775268554688,1000.5372924804688,1000.60986328125,0
2025-09-20 12:15:00+00:00,1000.4603271484375,1000.5587768554688,1000.3002319335938,1000.5587768554688,2324224
2025-09-20 12:20:00+00:00,999.5260009765625,1000.4396362304688,999.5128784179688,1000.4396362304688,0
2025-09-20 12:25:00+00:00,999.525146484375,999.6148681640625,999.525146484375,999.6067504882812,0
2025-09-20 12:30:00+00:00,1001.1188354492188,1001.1188354492188,999.8828125,999.8828125,4315648
2025-09-20 12:35:00+00:00,1000.1399536132812,1000.9198608398438,1000.1399536132812,1000.9198608398438,0
2025-09-20 12:40:00+00:00,1000.0145263671875,1000.2830200195312,999.9847412109375,1000.2830200195312,0
2025-09-20 12:45:00+00:00,1000.6004028320312,1000.6004028320312,1000.1383056640625,1000.1383056640625,0
2025-09-20 12:50:00+00:00,1000.60888671875,1000.636962890625,1000.543701171875,1000.543701171875,599808
2025-09-20 12:55:00+00:00,1000.6079711914062,1000.6079711914062,1000.5501708984375,1000.5501708984375,0
2025-09-20 13:00:00+00:00,1001.3976440429688,1001.3976440429688,1000.7723388671875,1000.7908325195312,0
2025-09-20 13:05:00+00:00,1001.012939453125,1001.3563842773438,1001.012939453125,1001.3563842773438,0
2025-09-20 13:10:00+00:00,1000.7671508789062,1000.8367919921875,1000.7622680664062,1000.7822875976562,0
2025-09-20 13:15:00+00:00,1000.9151000976562,1000.9151000976562,1000.5682983398438,1000.7626953125,0
2025-09-20 13:20:00+00:00,1001.3333740234375,1001.3333740234375,1000.9063720703125,1000.9063720703125,0
2025-09-20 13:25:00+00:00,1000.5438842773438,1001.7130737304688,1000.5156860351562,1001.7130737304688,0
2025-09-20 13:30:00+00:00,1000.70947265625,1000.70947265625,1000.5685424804688,1000.5685424804688,0
2025-09-20 13:35:00+00:00,1000.5357055664062,1000.6983642578125,1000.5357055664062,1000.685791015625,0
2025-09-20 13:40:00+00:00,1000.4765625,1000.4765625,1000.081298828125,1000.1065063476562,2511104
2025-09-20 13:45:00+00:00,1001.7760620117188,1001.8164672851562,1000.6234741210938,1000.6234741210938,3219456
2025-09-20 13:50:00+00:00,1001.146728515625,1001.7522583007812,1001.146728515625,1001.7522583007812,0
2025-09-20 13:55:00+00:00,1000.965576171875,1000.965576171875,1000.775390625,1000.775390625,0
2025-09-20 14:00:00+00:00,1001.0015869140625,1001.0471801757812,1000.8292236328125,1000.8292236328125,0
2025-09-20 14:05:00+00:00,1001.1742553710938,1001.321044921875,1001.1742553710938,1001.21337890625,0
2025-09-20 14:10:00+00:00,1000.6890258789062,1000.6890258789062,1000.6329956054688,1000.6642456054688,0
2025-09-20 14:15:00+00:00,1001.5031127929688,1001.5031127929688,1000.7372436523438,1000.7372436523438,4126720
2025-09-20 14:20:00+00:00,1002.5659790039062,1002.6104125976562,1001.705322265625,1001.705322265625,2836736
2025-09-20 14:25:00+00:00,1002.3632202148438,1002.6050415039062,1002.3572998046875,1002.6050415039062,0
2025-09-20 14:30:00+00:00,1002.93212890625,1002.93212890625,1002.51318359375,1002.51318359375,2103808
2025-09-20 14:35:00+00:00,1003.0992431640625,1003.0992431640625,1002.9027709960938,1002.9027709960938,2396672
2025-09-20 14:40:00+00:00,1003.6341552734375,1003.6341552734375,1003.0699462890625,1003.0699462890625,4055552
2025-09-20 14:45:00+00:00,1009.9175415039062,1009.9175415039062,1003.697021484375,1003.697021484375,48970496
2025-09-20 14:50:00+00:00,1012.5861206054688,1012.5861206054688,1009.5696411132812,1009.5696411132812,17844480
2025-09-20 14:55:00+00:00,1013.1022338867188,1013.209716796875,1013.1022338867188,1013.209716796875,19407872
2025-09-20 15:00:00+00:00,1015.8468017578125,1015.8468017578125,1013.3920288085938,1013.3920288085938,17117184
2025-09-20 15:05:00+00:00,1018.9354248046875,1018.9354248046875,1016.40625,1016.40625,15854336
2025-09-20 15:10:00+00:00,1025.103759765625,1026.8636474609375,1019.4727783203125,1019.5450439453125,49422336
2025-09-20 15:15:00+00:00,1021.4174194335938,1025.2314453125,1021.4174194335938,1025.2314453125,18387456
2025-09-20 15:20:00+00:00,1021.3359985351562,1021.51611328125,1021.0570678710938,1021.51611328125,9374464
2025-09-20 15:25:00+00:00,1020.9146118164062,1021.3214721679688,1020.9019775390625,1021.0172119140625,4227584
2025-09-20 15:30:00+00:00,1020.0135498046875,1020.9097900390625,1020.0135498046875,1020.9097900390625,19776256
2025-09-20 15:35:00+00:00,1018.472412109375,1020.0505981445312,1018.4066772460938,1020.0505981445312,4453632
2025-09-20 15:40:00+00:00,1019.8294677734375,1019.8294677734375,1018.7582397460938,1018.7582397460938,6672384
2025-09-20 15:45:00+00:00,1021.7127075195312,1021.8676147460938,1019.9082641601562,1019.9082641601562,14071552
2025-09-20 15:50:00+00:00,1021.6180419921875,1021.7868041992188,1021.6180419921875,1021.679443359375,0
2025-09-20 15:55:00+00:00,1021.4129638671875,1021.4129638671875,1021.028564453125,1021.1675415039062,1488384
2025-09-20 16:00:00+00:00,1021.826171875,1021.826171875,1021.3870239257812,1021.3870239257812,4010240
2025-09-20 16:05:00+00:00,1021.1398315429688,1022.1854858398438,1021.1398315429688,1022.1854858398438,3379712
2025-09-20 16:10:00+00:00,1021.1910400390625,1021.292236328125,1021.1910400390625,1021.25439453125,795648
2025-09-20 16:15:00+00:00,1021.4485473632812,1021.4485473632812,1021.177978515625,1021.3140258789062,2893056
2025-09-20 16:20:00+00:00,1020.4107666015625,1021.1423950195312,1020.4107666015625,1021.1423950195312,7564544
2025-09-20 16:25:00+00:00,1020.5524291992188,1020.779296875,1020.5524291992188,1020.7103271484375,10588416
2025-09-20 16:30:00+00:00,1021.4633178710938,1021.4633178710938,1020.6407470703125,1020.6407470703125,8350464
2025-09-20 16:35:00+00:00,1023.5567016601562,1023.5732421875,1021.8649291992188,1021.8649291992188,12675584
2025-09-20 16:40:00+00:00,1023.8837890625,1023.8919677734375,1023.7929077148438,1023.817138671875,9940480
2025-09-20 16:45:00+00:00,1023.0462036132812,1023.6845092773438,1023.0462036132812,1023.6845092773438,3630080
2025-09-20 16:50:00+00:00,1023.2717895507812,1023.2799072265625,1023.0616455078125,1023.1888427734375,2407680
2025-09-20 16:55:00+00:00,1024.2579345703125,1024.2579345703125,1023.4630126953125,1023.4630126953125,7494400
2025-09-20 17:00:00+00:00,1025.340087890625,1025.52783203125,1025.340087890625,1025.482421875,6121472
2025-09-20 17:05:00+00:00,1025.0184326171875,1025.36767578125,1024.9736328125,1025.36767578125,3579904
2025-09-20 17:10:00+00:00,1025.9444580078125,1026.0421142578125,1025.0906982421875,1025.0906982421875,10539264
2025-09-20 17:15:00+00:00,1024.441650390625,1025.78662109375,1024.426025390625,1025.78662109375,7138560
2025-09-20 17:20:00+00:00,1025.640869140625,1025.640869140625,1024.794921875,1024.794921875,4707584
2025-09-20 17:25:00+00:00,1026.467529296875,1026.467529296875,1026.052490234375,1026.0931396484375,5094656
2025-09-20 17:30:00+00:00,1026.8466796875,1026.8466796875,1026.5780029296875,1026.5780029296875,9331968
2025-09-20 17:35:00+00:00,1027.049560546875,1027.049560546875,1026.7064208984375,1026.736328125,11073280
2025-09-20 17:40:00+00:00,1027.306396484375,1028.48486328125,1027.306396484375,1028.303466796875,8429824
2025-09-20 17:45:00+00:00,1026.6435546875,1027.4373779296875,1026.6435546875,1027.4373779296875,1308416
2025-09-20 17:50:00+00:00,1025.915283203125,1026.578369140625,1025.7401123046875,1026.578369140625,6072320
2025-09-20 17:55:00+00:00,1026.1893310546875,1026.30126953125,1025.7435302734375,1025.813232421875,3227904
2025-09-20 18:00:00+00:00,1025.8792724609375,1026.664306640625,1025.8792724609375,1026.2149658203125,236032
2025-09-20 18:05:00+00:00,1024.184326171875,1025.7015380859375,1024.184326171875,1025.7015380859375,8396288
2025-09-20 18:10:00+00:00,1023.611572265625,1023.611572265625,1023.2076416015625,1023.2076416015625,0
2025-09-20 18:15:00+00:00,1022.7485961914062,1023.6614990234375,1022.7485961914062,1023.6614990234375,5348352
2025-09-20 18:20:00+00:00,1023.5239868164062,1023.5239868164062,1022.8505859375,1022.8505859375,2143744
2025-09-20 18:25:00+00:00,1024.9429931640625,1024.9429931640625,1023.697021484375,1023.697021484375,6727680
2025-09-20 18:30:00+00:00,1024.8909912109375,1024.9970703125,1024.8909912109375,1024.9970703125,0
2025-09-20 18:35:00+00:00,1022.5792236328125,1024.08544921875,1022.436767578125,1024.08544921875,0
2025-09-20 18:40:00+00:00,1023.2611083984375,1023.330078125,1022.30078125,1022.30078125,3229696
2025-09-20 18:45:00+00:00,1022.910400390625,1023.3279418945312,1022.910400390625,1023.3102416992188,2712576
2025-09-20 18:50:00+00:00,1022.50146484375,1022.9763793945312,1022.4523315429688,1022.9763793945312,4606464
2025-09-20 18:55:00+00:00,1022.35205078125,1022.5608520507812,1022.35205078125,1022.5608520507812,2265856
2025-09-20 19:00:00+00:00,1021.9569702148438,1022.2941284179688,1021.9569702148438,1022.2941284179688,0
2025-09-20 19:05:00+00:00,1022.6820678710938,1022.6820678710938,1022.033203125,1022.033203125,4145664
2025-09-20 19:10:00+00:00,1023.935791015625,1023.935791015625,1023.4779052734375,1023.4779052734375,5573376
2025-09-20 19:15:00+00:00,1025.0615234375,1025.0615234375,1024.0631103515625,1024.0631103515625,2512896
2025-09-20 19:20:00+00:00,1024.9791259765625,1025.069091796875,1024.896240234375,1024.951904296875,0
2025-09-20 19:25:00+00:00,1024.5960693359375,1025.2298583984375,1024.555419921875,1025.2298583984375,514560
2025-09-20 19:30:00+00:00,1024.32958984375,1024.550537109375,1024.32958984375,1024.550537109375,0
2025-09-20 19:35:00+00:00,1023.5424194335938,1024.1868896484375,1023.5424194335938,1024.1868896484375,610560
2025-09-20 19:40:00+00:00,1021.740966796875,1022.0960083007812,1021.740966796875,1022.0960083007812,0
2025-09-20 19:45:00+00:00,1021.4348754882812,1021.69189453125,1021.4348754882812,1021.69189453125,5086976
2025-09-20 19:50:00+00:00,1020.5346069335938,1021.4623413085938,1020.388671875,1021.4623413085938,11062016
2025-09-20 19:55:00+00:00,1020.6231689453125,1020.6231689453125,1020.1267700195312,1020.1267700195312,9694976
2025-09-20 20:00:00+00:00,1021.0240478515625,1021.0240478515625,1019.8823852539062,1020.5809326171875,4049664
2025-09-20 20:05:00+00:00,1020.87744140625,1021.0159912109375,1020.7955322265625,1020.9508056640625,0
2025-09-20 20:10:00+00:00,1020.6331176757812,1020.8644409179688,1020.6331176757812,1020.8605346679688,287488
2025-09-20 20:15:00+00:00,1021.097412109375,1021.097412109375,1020.6019897460938,1020.699951171875,3088128
2025-09-20 20:20:00+00:00,1020.8038330078125,1020.9729614257812,1020.8038330078125,1020.9729614257812,521472
2025-09-20 20:25:00+00:00,1020.7381591796875,1020.7998657226562,1020.6669311523438,1020.6669311523438,815616
2025-09-20 20:30:00+00:00,1020.663330078125,1020.663330078125,1020.2723999023438,1020.6397094726562,4206592
2025-09-20 20:35:00+00:00,1020.4876098632812,1020.645751953125,1020.4876098632812,1020.645751953125,0
2025-09-20 20:40:00+00:00,1020.9862060546875,1020.9862060546875,1020.666015625,1020.666015625,0
2025-09-20 20:45:00+00:00,1021.4430541992188,1021.4430541992188,1020.9203491210938,1020.9203491210938,0
2025-09-20 20:50:00+00:00,1021.197265625,1021.4503784179688,1021.14990234375,1021.4503784179688,0
2025-09-20 20:55:00+00:00,1020.9525146484375,1021.0359497070312,1020.9295043945312,1021.01123046875,0
2025-09-20 21:00:00+00:00,1021.1815185546875,1021.1815185546875,1020.5074462890625,1020.5074462890625,365824
2025-09-20 21:05:00+00:00,1021.447509765625,1021.466064453125,1021.22021484375,1021.22021484375,750080
2025-09-20 21:10:00+00:00,1022.0662841796875,1022.0662841796875,1021.8021850585938,1021.8021850585938,3811328
2025-09-20 21:15:00+00:00,1021.8897705078125,1022.167236328125,1021.8897705078125,1022.095703125,3114496
2025-09-20 21:20:00+00:00,1022.78076171875,1022.8067626953125,1021.888671875,1021.888671875,875008
2025-09-20 21:25:00+00:00,1023.94384765625,1023.94384765625,1023.4566040039062,1023.5223999023438,2644736
2025-09-20 21:30:00+00:00,1026.358642578125,1026.358642578125,1023.9801635742188,1023.9801635742188,16667136
2025-09-20 21:35:00+00:00,1027.5877685546875,1027.5877685546875,1026.302490234375,1026.302490234375,7353856
2025-09-20 21:40:00+00:00,1037.521240234375,1037.521240234375,1032.5816650390625,1032.5816650390625,90613504
2025-09-20 21:45:00+00:00,1041.621826171875,1041.971923828125,1038.52880859375,1038.52880859375,28155648
2025-09-20 21:50:00+00:00,1040.801025390625,1041.5068359375,1040.801025390625,1041.281005859375,17381888
2025-09-20 21:55:00+00:00,1039.552001953125,1039.773681640625,1039.552001953125,1039.773681640625,6018560
2025-09-20 22:00:00+00:00,1040.1920166015625,1040.53515625,1039.86279296875,1039.86279296875,21063424
2025-09-20 22:05:00+00:00,1040.2874755859375,1040.421142578125,1040.1624755859375,1040.1668701171875,7576832
2025-09-20 22:10:00+00:00,1038.93505859375,1039.7109375,1038.93505859375,1039.7109375,6472192
2025-09-20 22:15:00+00:00,1036.20947265625,1039.08544921875,1036.20947265625,1039.08544921875,8278272
2025-09-20 22:20:00+00:00,1036.7244873046875,1037.1927490234375,1036.6146240234375,1036.6146240234375,10471424
2025-09-20 22:25:00+00:00,1036.171875,1036.3177490234375,1036.145751953125,1036.311767578125,10522624
2025-09-20 22:30:00+00:00,1038.150390625,1038.150390625,1036.538330078125,1036.538330078125,9207808
2025-09-20 22:35:00+00:00,1039.1439208984375,1039.5194091796875,1038.165771484375,1038.165771484375,5971456
2025-09-20 22:40:00+00:00,1038.7857666015625,1038.79345703125,1038.7857666015625,1038.79345703125,8011008
2025-09-20 22:45:00+00:00,1039.552001953125,1039.552001953125,1038.8135986328125,1038.8135986328125,6330880
2025-09-20 22:50:00+00:00,1039.021484375,1039.399658203125,1039.021484375,1039.3502197265625,3557376
2025-09-20 22:55:00+00:00,1039.4039306640625,1039.47119140625,1039.16796875,1039.18310546875,4795392
2025-09-20 23:00:00+00:00,1039.547119140625,1039.8941650390625,1039.547119140625,1039.8419189453125,3507968
2025-09-20 23:05:00+00:00,1039.5631103515625,1039.5784912109375,1039.5103759765625,1039.51513671875,786432
2025-09-20 23:10:00+00:00,1038.665283203125,1039.445556640625,1038.665283203125,1039.445556640625,8687360
2025-09-20 23:15:00+00:00,1037.7786865234375,1038.609619140625,1037.7786865234375,1038.609619140625,12557056
2025-09-20 23:20:00+00:00,1038.8482666015625,1038.8482666015625,1037.8836669921875,1037.8836669921875,5331968
2025-09-20 23:25:00+00:00,1039.9071044921875,1039.9071044921875,1039.0045166015625,1039.054443359375,5609984
2025-09-20 23:30:00+00:00,1041.6802978515625,1041.6802978515625,1040.007568359375,1040.007568359375,0
2025-09-20 23:35:00+00:00,1042.7708740234375,1042.7708740234375,1041.686279296875,1041.686279296875,10533632
2025-09-20 23:40:00+00:00,1042.83740234375,1043.162109375,1042.836669921875,1043.100830078125,9941504
2025-09-20 23:45:00+00:00,1042.3809814453125,1042.839599609375,1042.3809814453125,1042.839599609375,4480512
2025-09-20 23:50:00+00:00,1042.7593994140625,1042.7593994140625,1042.3297119140625,1042.3436279296875,3380224
2025-09-20 23:55:00+00:00,1042.5458984375,1042.5557861328125,1042.51318359375,1042.51318359375,0
2025-09-21 00:00:00+00:00,1043.562255859375,1043.562255859375,1042.66064453125,1042.66064453125,0
2025-09-21 00:05:00+00:00,1042.406982421875,1043.5093994140625,1042.2918701171875,1043.5093994140625,3653888
2025-09-21 00:10:00+00:00,1043.6051025390625,1043.6051025390625,1042.96337890625,1042.96337890625,4356096
2025-09-21 00:15:00+00:00,1045.3623046875,1045.3623046875,1043.9010009765625,1043.9010009765625,6796544
2025-09-21 00:20:00+00:00,1045.4296875,1046.0247802734375,1045.4296875,1045.536865234375,8518144
2025-09-21 00:25:00+00:00,1042.019287109375,1043.9459228515625,1042.019287109375,1043.9459228515625,5757696
2025-09-21 00:30:00+00:00,1041.9461669921875,1041.9461669921875,1041.036376953125,1041.9117431640625,7701504
2025-09-21 00:35:00+00:00,1042.763427734375,1042.763427734375,1042.08447265625,1042.08447265625,10071552
2025-09-21 00:40:00+00:00,1050.24365234375,1050.3541259765625,1044.1417236328125,1044.1417236328125,70594816
2025-09-21 00:45:00+00:00,1059.0733642578125,1059.4801025390625,1050.02294921875,1050.02294921875,84260096
2025-09-21 00:50:00+00:00,1057.6923828125,1058.632080078125,1057.5155029296875,1058.632080078125,22237696
2025-09-21 00:55:00+00:00,1060.6297607421875,1060.6297607421875,1057.8465576171875,1057.8465576171875,40373248
2025-09-21 01:00:00+00:00,1059.6590576171875,1061.1324462890625,1059.6590576171875,1061.1324462890625,21053952
2025-09-21 01:05:00+00:00,1058.0704345703125,1059.63671875,1057.985107421875,1059.63671875,6066432
2025-09-21 01:10:00+00:00,1057.0921630859375,1058.1361083984375,1057.0594482421875,1058.1361083984375,6947584
2025-09-21 01:15:00+00:00,1057.0252685546875,1057.091552734375,1056.974365234375,1057.091552734375,6130176
2025-09-21 01:20:00+00:00,1057.7869873046875,1058.0281982421875,1057.16357421875,1057.16357421875,8861440
2025-09-21 01:25:00+00:00,1056.118408203125,1057.19970703125,1056.118408203125,1057.1915283203125,15567616
2025-09-21 01:30:00+00:00,1058.3475341796875,1058.3475341796875,1056.1038818359375,1056.1038818359375,14744576
2025-09-21 01:35:00+00:00,1059.3265380859375,1059.7413330078125,1058.318603515625,1058.318603515625,11152896
2025-09-21 01:40:00+00:00,1059.0130615234375,1059.0130615234375,1058.5067138671875,1058.5745849609375,9965056
2025-09-21 01:45:00+00:00,1061.2490234375,1061.2490234375,1059.253173828125,1059.253173828125,18322944
2025-09-21 01:50:00+00:00,1063.0633544921875,1063.0633544921875,1061.265869140625,1061.265869140625,36638976
2025-09-21 01:55:00+00:00,1072.269287109375,1072.625,1069.492919921875,1069.492919921875,82197760
2025-09-21 02:00:00+00:00,1078.881103515625,1078.881103515625,1072.7427978515625,1072.7427978515625,57824256
2025-09-21 02:05:00+00:00,1079.4217529296875,1080.3165283203125,1078.8818359375,1078.9439697265625,23822336
2025-09-21 02:10:00+00:00,1078.738037109375,1078.9564208984375,1078.4896240234375,1078.6761474609375,26975232
2025-09-21 02:15:00+00:00,1076.9749755859375,1078.373779296875,1076.881103515625,1078.373779296875,24914944
2025-09-21 02:20:00+00:00,1078.3177490234375,1078.3177490234375,1077.2188720703125,1077.2188720703125,15906816
2025-09-21 02:25:00+00:00,1077.4429931640625,1079.1112060546875,1077.0919189453125,1079.1112060546875,53228544
2025-09-21 02:30:00+00:00,1076.179443359375,1078.1329345703125,1076.179443359375,1077.6558837890625,4967936
2025-09-21 02:35:00+00:00,1077.0728759765625,1077.076171875,1076.585693359375,1076.585693359375,8717312
2025-09-21 02:40:00+00:00,1076.3814697265625,1076.484130859375,1076.3331298828125,1076.3331298828125,26993664
2025-09-21 02:45:00+00:00,1074.9129638671875,1076.6138916015625,1074.9129638671875,1076.3758544921875,15934976
2025-09-21 02:50:00+00:00,1076.0489501953125,1076.106201171875,1075.0546875,1075.0546875,1988096
2025-09-21 02:55:00+00:00,1075.99853515625,1076.0130615234375,1075.577392578125,1075.577392578125,0
2025-09-21 03:00:00+00:00,1073.544677734375,1075.2572021484375,1073.544677734375,1075.2572021484375,2464768
2025-09-21 03:05:00+00:00,1074.2852783203125,1074.2852783203125,1073.4732666015625,1073.4732666015625,9676288
2025-09-21 03:10:00+00:00,1073.1146240234375,1073.9669189453125,1072.884765625,1073.9669189453125,7678976
2025-09-21 03:15:00+00:00,1072.4937744140625,1073.3714599609375,1072.4937744140625,1073.1043701171875,9551872
2025-09-21 03:20:00+00:00,1073.970947265625,1073.98486328125,1072.5863037109375,1072.5863037109375,3682816
2025-09-21 03:25:00+00:00,1074.8619384765625,1074.8619384765625,1074.447998046875,1074.4493408203125,3841024
2025-09-21 03:30:00+00:00,1074.1494140625,1074.8759765625,1074.1494140625,1074.8759765625,0
2025-09-21 03:35:00+00:00,1071.682373046875,1074.29736328125,1071.682373046875,1074.29736328125,7380480
2025-09-21 03:40:00+00:00,1071.87353515625,1071.87353515625,1071.5526123046875,1071.5740966796875,532992
2025-09-21 03:45:00+00:00,1070.9527587890625,1071.910888671875,1070.9527587890625,1071.8389892578125,2801664
2025-09-21 03:50:00+00:00,1070.899658203125,1071.053466796875,1070.899658203125,1071.0277099609375,1832960
2025-09-21 03:55:00+00:00,1069.59716796875,1070.2119140625,1069.59716796875,1070.2119140625,0
2025-09-21 04:00:00+00:00,1069.5303955078125,1070.056884765625,1069.5303955078125,1069.77978515625,1599488
2025-09-21 04:05:00+00:00,1068.0006103515625,1069.5211181640625,1068.0006103515625,1069.5211181640625,4467200
2025-09-21 04:10:00+00:00,1064.9774169921875,1066.100830078125,1064.9468994140625,1066.100830078125,16879104
2025-09-21 04:15:00+00:00,1063.2332763671875,1064.9415283203125,1062.401123046875,1064.9415283203125,16301568
2025-09-21 04:20:00+00:00,1063.521484375,1063.5732421875,1063.43115234375,1063.5732421875,4359680
2025-09-21 04:25:00+00:00,1063.1077880859375,1063.5533447265625,1063.0968017578125,1063.5533447265625,9325056
2025-09-21 04:30:00+00:00,1064.4254150390625,1064.4254150390625,1063.1234130859375,1063.1234130859375,0
2025-09-21 04:35:00+00:00,1064.651123046875,1065.1204833984375,1064.4278564453125,1064.4278564453125,0
2025-09-21 04:40:00+00:00,1065.3944091796875,1065.3944091796875,1064.373046875,1064.373046875,379904
2025-09-21 04:45:00+00:00,1066.821533203125,1066.821533203125,1065.2899169921875,1065.2899169921875,0
2025-09-21 04:50:00+00:00,1066.7705078125,1066.7705078125,1066.5919189453125,1066.7042236328125,0
2025-09-21 04:55:00+00:00,1067.1729736328125,1067.1729736328125,1066.9600830078125,1067.0755615234375,0
2025-09-21 05:00:00+00:00,1067.806884765625,1068.016845703125,1067.806884765625,1068.012939453125,0
2025-09-21 05:05:00+00:00,1066.056640625,1067.6392822265625,1066.009765625,1067.6392822265625,0
2025-09-21 05:10:00+00:00,1065.670166015625,1066.1834716796875,1065.670166015625,1066.0330810546875,0
2025-09-21 05:15:00+00:00,1065.931884765625,1065.931884765625,1065.55810546875,1065.55810546875,0
2025-09-21 05:20:00+00:00,1065.72705078125,1066.010498046875,1065.72705078125,1066.010498046875,0
2025-09-21 05:25:00+00:00,1064.6590576171875,1065.1834716796875,1064.6524658203125,1065.1834716796875,0
2025-09-21 05:30:00+00:00,1064.9820556640625,1064.9820556640625,1064.7288818359375,1064.7288818359375,785408
2025-09-21 05:35:00+00:00,1064.8695068359375,1064.9735107421875,1064.824951171875,1064.9735107421875,0
2025-09-21 05:40:00+00:00,1065.1016845703125,1065.1016845703125,1064.9554443359375,1064.9578857421875,10315264
2025-09-21 05:45:00+00:00,1065.5863037109375,1065.5863037109375,1065.128173828125,1065.128173828125,1852416
2025-09-21 05:50:00+00:00,1066.6900634765625,1066.6900634765625,1065.6190185546875,1065.7216796875,3421696
2025-09-21 05:55:00+00:00,1067.770263671875,1067.770263671875,1067.65576171875,1067.75244140625,6105600
2025-09-21 06:00:00+00:00,1067.7503662109375,1068.1768798828125,1067.7503662109375,1067.9200439453125,2599424
2025-09-21 06:05:00+00:00,1068.564697265625,1068.5849609375,1067.6812744140625,1067.6812744140625,4028416
2025-09-21 06:10:00+00:00,1070.1297607421875,1070.1297607421875,1069.6527099609375,1069.6895751953125,0
2025-09-21 06:15:00+00:00,1072.367919921875,1072.89111328125,1070.2816162109375,1070.2816162109375,17015296
2025-09-21 06:20:00+00:00,1073.1893310546875,1073.1893310546875,1072.629150390625,1072.629150390625,6692864
2025-09-21 06:25:00+00:00,1075.716552734375,1075.716552734375,1074.120361328125,1074.120361328125,18340864
2025-09-21 06:30:00+00:00,1074.8343505859375,1076.983642578125,1074.8343505859375,1075.95654296875,18507776
2025-09-21 06:35:00+00:00,1075.1751708984375,1075.431640625,1074.6890869140625,1074.6890869140625,6751232
2025-09-21 06:40:00+00:00,1074.5780029296875,1074.5780029296875,1073.864013671875,1073.864013671875,8887808
2025-09-21 06:45:00+00:00,1075.2027587890625,1075.9334716796875,1074.6661376953125,1074.6661376953125,10371072
2025-09-21 06:50:00+00:00,1075.8131103515625,1075.8131103515625,1075.305419921875,1075.305419921875,5833728
2025-09-21 06:55:00+00:00,1076.8629150390625,1076.90478515625,1075.756103515625,1075.756103515625,10136576
2025-09-21 07:00:00+00:00,1075.9141845703125,1076.888427734375,1075.9141845703125,1076.888427734375,3023360
2025-09-21 07:05:00+00:00,1074.9993896484375,1076.0390625,1074.9993896484375,1076.0390625,7575552
2025-09-21 07:10:00+00:00,1077.4124755859375,1077.4124755859375,1074.7574462890625,1074.7574462890625,14128640
2025-09-21 07:15:00+00:00,1076.767822265625,1079.795654296875,1076.767822265625,1077.7156982421875,27906048
2025-09-21 07:20:00+00:00,1076.7308349609375,1076.9056396484375,1076.7308349609375,1076.828369140625,2464256
2025-09-21 07:25:00+00:00,1076.5521240234375,1076.775634765625,1076.495849609375,1076.647216796875,5996544
2025-09-21 07:30:00+00:00,1077.603271484375,1077.603271484375,1076.751953125,1076.751953125,4967936
2025-09-21 07:35:00+00:00,1076.775146484375,1077.4873046875,1076.7266845703125,1077.4873046875,7708672
2025-09-21 07:40:00+00:00,1076.7432861328125,1076.7432861328125,1076.471435546875,1076.47412109375,4341248
2025-09-21 07:45:00+00:00,1075.7415771484375,1077.218505859375,1075.7415771484375,1076.71142578125,2342912
2025-09-21 07:50:00+00:00,1075.5,1075.8380126953125,1075.5,1075.7000732421875,1893888
2025-09-21 07:55:00+00:00,1074.4234619140625,1075.072509765625,1074.4234619140625,1075.072509765625,4076032
2025-09-21 08:00:00+00:00,1073.9163818359375,1074.6429443359375,1073.9163818359375,1074.4454345703125,0
2025-09-21 08:05:00+00:00,1074.8448486328125,1074.9444580078125,1074.0511474609375,1074.0511474609375,4687872
2025-09-21 08:10:00+00:00,1074.4288330078125,1074.4288330078125,1074.3123779296875,1074.3321533203125,2375168
2025-09-21 08:15:00+00:00,1072.5213623046875,1074.5318603515625,1072.5213623046875,1074.44384765625,1111552
2025-09-21 08:20:00+00:00,1070.835693359375,1072.377197265625,1070.8001708984375,1072.377197265625,3561472
2025-09-21 08:25:00+00:00,1070.846435546875,1070.9388427734375,1070.846435546875,1070.8746337890625,1535488
2025-09-21 08:30:00+00:00,1070.98974609375,1070.98974609375,1070.447021484375,1070.447021484375,0
2025-09-21 08:35:00+00:00,1070.6649169921875,1070.9892578125,1070.6649169921875,1070.9508056640625,0
2025-09-21 08:40:00+00:00,1069.6529541015625,1069.6529541015625,1069.2252197265625,1069.485595703125,0
2025-09-21 08:45:00+00:00,1072.693359375,1072.693359375,1069.7755126953125,1069.7755126953125,0
2025-09-21 08:50:00+00:00,1072.609130859375,1072.663818359375,1072.591064453125,1072.6478271484375,0
2025-09-21 08:55:00+00:00,1072.423095703125,1072.6243896484375,1072.394775390625,1072.6243896484375,0
2025-09-21 09:00:00+00:00,1072.133056640625,1072.618896484375,1072.133056640625,1072.520263671875,0
2025-09-21 09:05:00+00:00,1072.1943359375,1072.2572021484375,1072.12841796875,1072.12841796875,0
2025-09-21 09:10:00+00:00,1071.8128662109375,1072.087646484375,1071.8128662109375,1072.087646484375,0
2025-09-21 09:15:00+00:00,1069.4031982421875,1071.693115234375,1069.34033203125,1071.693115234375,723456
2025-09-21 09:20:00+00:00,1067.7105712890625,1069.585205078125,1067.7105712890625,1069.585205078125,7382016
2025-09-21 09:25:00+00:00,1063.3272705078125,1066.801513671875,1063.3272705078125,1066.801513671875,9315328
2025-09-21 09:30:00+00:00,1060.6063232421875,1063.3489990234375,1060.6063232421875,1063.3489990234375,33741312
2025-09-21 09:35:00+00:00,1056.8966064453125,1057.7806396484375,1056.8966064453125,1057.7806396484375,17212416
2025-09-21 09:40:00+00:00,1056.9500732421875,1056.9500732421875,1055.6363525390625,1055.6363525390625,16004608
2025-09-21 09:45:00+00:00,1057.6837158203125,1057.6837158203125,1056.666259765625,1057.2244873046875,16889344
2025-09-21 09:50:00+00:00,1058.9302978515625,1059.0615234375,1057.4991455078125,1057.4991455078125,9812480
2025-09-21 09:55:00+00:00,1059.121826171875,1059.1754150390625,1058.9669189453125,1059.08642578125,8214016
2025-09-21 10:00:00+00:00,1059.5675048828125,1059.5675048828125,1058.798095703125,1058.9100341796875,0
2025-09-21 10:05:00+00:00,1060.752197265625,1061.2666015625,1059.7510986328125,1059.7510986328125,10965504
2025-09-21 10:10:00+00:00,1060.8779296875,1060.8779296875,1060.22021484375,1060.22021484375,2296832
2025-09-21 10:15:00+00:00,1061.8377685546875,1061.8377685546875,1060.9010009765625,1060.9010009765625,1624064
2025-09-21 10:20:00+00:00,1061.1328125,1061.5565185546875,1060.9132080078125,1061.5565185546875,0
2025-09-21 10:25:00+00:00,1060.248291015625,1060.935546875,1060.248291015625,1060.908447265625,1281536
2025-09-21 10:30:00+00:00,1060.484375,1060.484375,1060.02197265625,1060.3134765625,1800192
2025-09-21 10:35:00+00:00,1062.6685791015625,1062.6685791015625,1060.950439453125,1060.950439453125,12506112
2025-09-21 10:40:00+00:00,1062.5084228515625,1062.8106689453125,1062.5084228515625,1062.760498046875,3420672
2025-09-21 10:45:00+00:00,1061.185546875,1062.4935302734375,1061.185546875,1062.4935302734375,0
2025-09-21 10:50:00+00:00,1060.9586181640625,1061.2039794921875,1060.9586181640625,1061.196044921875,0
2025-09-21 10:55:00+00:00,1061.255126953125,1061.255126953125,1060.9014892578125,1061.08447265625,0
2025-09-21 11:00:00+00:00,1061.5416259765625,1061.5416259765625,1060.8731689453125,1061.07861328125,0
2025-09-21 11:05:00+00:00,1062.4029541015625,1062.6060791015625,1061.4083251953125,1061.4083251953125,0
2025-09-21 11:10:00+00:00,1063.1842041015625,1063.1842041015625,1062.59375,1062.59375,0
2025-09-21 11:15:00+00:00,1062.7164306640625,1063.3179931640625,1062.7164306640625,1063.185546875,0
2025-09-21 11:20:00+00:00,1062.8145751953125,1062.8145751953125,1062.6431884765625,1062.6431884765625,0
2025-09-21 11:25:00+00:00,1061.541259765625,1062.1180419921875,1061.541259765625,1061.9888916015625,0
2025-09-21 11:30:00+00:00,1059.616455078125,1061.50634765625,1059.616455078125,1061.50634765625,0
2025-09-21 11:35:00+00:00,1059.2015380859375,1059.51025390625,1059.1929931640625,1059.51025390625,0
2025-09-21 11:40:00+00:00,1057.8360595703125,1058.528076171875,1057.8360595703125,1058.528076171875,1037824
2025-09-21 11:45:00+00:00,1056.7767333984375,1057.7376708984375,1056.7767333984375,1057.7376708984375,1613312
2025-09-21 11:50:00+00:00,1054.3817138671875,1056.6370849609375,1054.3817138671875,1056.62841796875,9728
2025-09-21 11:55:00+00:00,1053.1884765625,1053.371337890625,1053.1884765625,1053.312744140625,5244416
2025-09-21 12:00:00+00:00,1052.48681640625,1052.9161376953125,1052.113037109375,1052.9161376953125,1598464
2025-09-21 12:05:00+00:00,1055.669189453125,1055.8720703125,1053.9638671875,1053.9638671875,8599040
2025-09-21 12:10:00+00:00,1054.84228515625,1055.583740234375,1054.84228515625,1055.583740234375,3230208
2025-09-21 12:15:00+00:00,1055.775634765625,1055.775634765625,1054.427490234375,1054.80224609375,215552
2025-09-21 12:20:00+00:00,1056.7298583984375,1056.8720703125,1055.9036865234375,1055.9500732421875,1251328
2025-09-21 12:25:00+00:00,1056.6304931640625,1056.6304931640625,1056.3446044921875,1056.345458984375,1277952
2025-09-21 12:30:00+00:00,1057.1239013671875,1057.1239013671875,1056.4263916015625,1056.4263916015625,0
2025-09-21 12:35:00+00:00,1056.659912109375,1057.1409912109375,1056.541748046875,1057.1409912109375,6850560
2025-09-21 12:40:00+00:00,1052.430419921875,1054.3870849609375,1052.430419921875,1054.3870849609375,8061952
2025-09-21 12:45:00+00:00,1047.807861328125,1052.1722412109375,1047.807861328125,1052.1722412109375,19885568
2025-09-21 12:50:00+00:00,1047.875244140625,1047.9736328125,1047.7291259765625,1047.7291259765625,5563904
2025-09-21 12:55:00+00:00,1046.4873046875,1046.8492431640625,1046.353515625,1046.845703125,9493504
2025-09-21 13:00:00+00:00,1048.697509765625,1048.697509765625,1046.6190185546875,1046.6190185546875,6092288
2025-09-21 13:05:00+00:00,1049.8658447265625,1049.8658447265625,1048.6971435546875,1048.6971435546875,6932480
2025-09-21 13:10:00+00:00,1050.49072265625,1050.5479736328125,1050.0914306640625,1050.0914306640625,4090368
2025-09-21 13:15:00+00:00,1050.4273681640625,1050.702392578125,1050.4273681640625,1050.673095703125,3947008
2025-09-21 13:20:00+00:00,1050.3302001953125,1050.4366455078125,1050.2408447265625,1050.320068359375,2276864
2025-09-21 13:25:00+00:00,1049.43310546875,1050.095458984375,1049.3419189453125,1050.095458984375,3159040
2025-09-21 13:30:00+00:00,1051.48583984375,1051.48583984375,1049.616455078125,1049.616455078125,6189568
2025-09-21 13:35:00+00:00,1052.383544921875,1052.4361572265625,1051.5780029296875,1051.5780029296875,3772416
2025-09-21 13:40:00+00:00,1052.144287109375,1052.378662109375,1051.9730224609375,1052.378662109375,0
2025-09-21 13:45:00+00:00,1053.4361572265625,1053.4361572265625,1052.1348876953125,1052.1348876953125,2906112
2025-09-21 13:50:00+00:00,1053.7877197265625,1053.7877197265625,1053.4371337890625,1053.4888916015625,388096
2025-09-21 13:55:00+00:00,1053.89501953125,1054.4537353515625,1053.89501953125,1054.4537353515625,3238912
2025-09-21 14:00:00+00:00,1054.13427734375,1054.13427734375,1053.2568359375,1053.874755859375,0
2025-09-21 14:05:00+00:00,1053.0726318359375,1054.0416259765625,1053.041015625,1054.0416259765625,880640
2025-09-21 14:10:00+00:00,1051.820068359375,1051.907958984375,1051.7991943359375,1051.907958984375,3129344
2025-09-21 14:15:00+00:00,1050.9619140625,1051.80078125,1050.9619140625,1051.80078125,0
2025-09-21 14:20:00+00:00,1050.0101318359375,1050.999755859375,1049.9622802734375,1050.93310546875,0
2025-09-21 14:25:00+00:00,1049.8616943359375,1050.0277099609375,1049.8616943359375,1050.0277099609375,1902080
2025-09-21 14:30:00+00:00,1049.8223876953125,1050.0068359375,1049.8223876953125,1049.8477783203125,0
2025-09-21 14:35:00+00:00,1051.0357666015625,1051.0357666015625,1049.921630859375,1049.94970703125,0
2025-09-21 14:40:00+00:00,1052.0306396484375,1052.0306396484375,1051.807373046875,1051.884033203125,838144
2025-09-21 14:45:00+00:00,1056.6104736328125,1056.6104736328125,1052.4244384765625,1052.4244384765625,0
2025-09-21 14:50:00+00:00,1052.71826171875,1056.4495849609375,1052.71826171875,1056.4495849609375,0
2025-09-21 14:55:00+00:00,1051.3363037109375,1052.3431396484375,1051.3363037109375,1052.3431396484375,0
2025-09-21 15:00:00+00:00,1051.0875244140625,1051.384521484375,1050.8817138671875,1051.384521484375,0
2025-09-21 15:05:00+00:00,1052.259765625,1052.259765625,1051.208251953125,1051.208251953125,0
2025-09-21 15:10:00+00:00,1053.904052734375,1053.904052734375,1053.2303466796875,1053.3138427734375,0
2025-09-21 15:15:00+00:00,1052.9117431640625,1054.14990234375,1052.9117431640625,1053.902099609375,0
2025-09-21 15:20:00+00:00,1053.3214111328125,1053.5762939453125,1052.9305419921875,1052.9305419921875,0
2025-09-21 15:25:00+00:00,1054.2081298828125,1054.2081298828125,1053.5987548828125,1053.5987548828125,0
2025-09-21 15:30:00+00:00,1054.21240234375,1054.267822265625,1054.19970703125,1054.232177734375,0
2025-09-21 15:35:00+00:00,1053.2518310546875,1054.01171875,1053.2518310546875,1054.01171875,0
2025-09-21 15:40:00+00:00,1053.7578125,1053.7578125,1053.106201171875,1053.106201171875,0
2025-09-21 15:45:00+00:00,1055.6173095703125,1055.6173095703125,1053.8817138671875,1053.8817138671875,0
2025-09-21 15:50:00+00:00,1056.0869140625,1056.0869140625,1055.554931640625,1055.554931640625,0
2025-09-21 15:55:00+00:00,1056.133544921875,1056.133544921875,1055.8973388671875,1056.0323486328125,0
2025-09-21 16:00:00+00:00,1057.16015625,1057.16015625,1056.140869140625,1056.140869140625,0
2025-09-21 16:05:00+00:00,1055.3251953125,1057.017822265625,1055.206298828125,1057.017822265625,0
2025-09-21 16:10:00+00:00,1053.7197265625,1054.5181884765625,1053.7197265625,1054.5181884765625,0
2025-09-21 16:15:00+00:00,1051.6973876953125,1053.6112060546875,1051.6973876953125,1053.6112060546875,0
2025-09-21 16:20:00+00:00,1050.459228515625,1051.6329345703125,1050.459228515625,1051.6329345703125,0
2025-09-21 16:25:00+00:00,1048.61572265625,1049.8416748046875,1048.493408203125,1049.7037353515625,955904
2025-09-21 16:30:00+00:00,1046.657470703125,1048.66552734375,1046.657470703125,1048.66552734375,0
2025-09-21 16:35:00+00:00,1045.500244140625,1046.807861328125,1045.410400390625,1046.807861328125,0
2025-09-21 16:40:00+00:00,1043.8250732421875,1044.4757080078125,1043.54736328125,1044.30224609375,0
2025-09-21 16:45:00+00:00,1043.140380859375,1044.122802734375,1043.140380859375,1044.0001220703125,3617280
2025-09-21 16:50:00+00:00,1043.12255859375,1043.27685546875,1043.115234375,1043.197998046875,2664960
2025-09-21 16:55:00+00:00,1042.2921142578125,1042.2921142578125,1041.8660888671875,1041.8660888671875,7680000
2025-09-21 17:00:00+00:00,1042.8466796875,1043.4793701171875,1042.4713134765625,1042.4713134765625,0
2025-09-21 17:05:00+00:00,1042.8056640625,1042.84375,1042.6580810546875,1042.84375,569344
2025-09-21 17:10:00+00:00,1043.4755859375,1043.4803466796875,1043.2025146484375,1043.2369384765625,0
2025-09-21 17:15:00+00:00,1044.2767333984375,1044.2767333984375,1043.167724609375,1043.3863525390625,0
2025-09-21 17:20:00+00:00,1044.521728515625,1044.6904296875,1044.136962890625,1044.306640625,0
2025-09-21 17:25:00+00:00,1044.639892578125,1044.6790771484375,1044.5711669921875,1044.5711669921875,0
2025-09-21 17:30:00+00:00,1045.364990234375,1045.364990234375,1044.5203857421875,1044.6998291015625,0
2025-09-21 17:35:00+00:00,1045.81103515625,1046.566650390625,1045.3798828125,1045.3798828125,0
2025-09-21 17:40:00+00:00,1045.75244140625,1045.75244140625,1045.0576171875,1045.0576171875,0
2025-09-21 17:45:00+00:00,1047.169921875,1047.169921875,1045.8245849609375,1045.8245849609375,201728
2025-09-21 17:50:00+00:00,1048.15283203125,1048.15283203125,1047.36572265625,1047.3951416015625,0
2025-09-21 17:55:00+00:00,1049.1064453125,1049.2001953125,1048.9632568359375,1049.2001953125,728576
2025-09-21 18:00:00+00:00,1049.0697021484375,1049.404296875,1049.0697021484375,1049.1383056640625,0
2025-09-21 18:05:00+00:00,1049.8067626953125,1049.87548828125,1049.2484130859375,1049.2484130859375,0
2025-09-21 18:10:00+00:00,1050.366943359375,1050.366943359375,1049.39013671875,1049.39013671875,352256
2025-09-21 18:15:00+00:00,1049.276611328125,1050.499755859375,1049.276611328125,1050.499755859375,1469440
2025-09-21 18:20:00+00:00,1049.5963134765625,1049.7310791015625,1049.33837890625,1049.33837890625,1786880
2025-09-21 18:25:00+00:00,1049.3372802734375,1049.5731201171875,1049.220703125,1049.5731201171875,0
2025-09-21 18:30:00+00:00,1051.397216796875,1051.397216796875,1049.345458984375,1049.345458984375,2564608
2025-09-21 18:35:00+00:00,1052.4228515625,1052.536865234375,1051.34814453125,1051.42333984375,0
2025-09-21 18:40:00+00:00,1051.739013671875,1052.2159423828125,1051.7197265625,1052.2159423828125,0
2025-09-21 18:45:00+00:00,1051.8861083984375,1051.8953857421875,1051.796142578125,1051.796142578125,0
2025-09-21 18:50:00+00:00,1051.944580078125,1051.944580078125,1051.8238525390625,1051.8238525390625,0
2025-09-21 18:55:00+00:00,1052.218017578125,1052.3914794921875,1052.1754150390625,1052.35009765625,0
2025-09-21 19:00:00+00:00,1052.18603515625,1052.33984375,1052.1690673828125,1052.1845703125,0
2025-09-21 19:05:00+00:00,1051.002197265625,1051.629150390625,1051.002197265625,1051.629150390625,0
2025-09-21 19:10:00+00:00,1048.8505859375,1049.442138671875,1048.8505859375,1049.442138671875,0
2025-09-21 19:15:00+00:00,1047.8505859375,1048.8251953125,1047.8505859375,1048.8251953125,0
2025-09-21 19:20:00+00:00,1047.479248046875,1047.9698486328125,1047.479248046875,1047.9698486328125,237568
2025-09-21 19:25:00+00:00,1047.3338623046875,1047.46044921875,1047.2662353515625,1047.39892578125,881152
2025-09-21 19:30:00+00:00,1047.416015625,1047.4647216796875,1047.351318359375,1047.351318359375,1147904
2025-09-21 19:35:00+00:00,1047.4451904296875,1047.5860595703125,1047.4451904296875,1047.445556640625,0
2025-09-21 19:40:00+00:00,1046.9959716796875,1047.01611328125,1046.90283203125,1046.9208984375,0
2025-09-21 19:45:00+00:00,1046.4595947265625,1046.9656982421875,1046.4595947265625,1046.9656982421875,0
2025-09-21 19:50:00+00:00,1046.6064453125,1046.6326904296875,1046.3931884765625,1046.3931884765625,0
2025-09-21 19:55:00+00:00,1046.875732421875,1046.875732421875,1046.5257568359375,1046.5257568359375,0
2025-09-21 20:00:00+00:00,1047.4764404296875,1047.967041015625,1047.0517578125,1047.0517578125,0
2025-09-21 20:05:00+00:00,1045.4488525390625,1047.350830078125,1045.4488525390625,1047.2978515625,709120
2025-09-21 20:10:00+00:00,1043.459228515625,1044.380126953125,1043.459228515625,1044.380126953125,6636032
2025-09-21 20:15:00+00:00,1043.209228515625,1043.5203857421875,1042.940673828125,1043.5203857421875,6625792
2025-09-21 20:20:00+00:00,1044.1060791015625,1044.1060791015625,1043.1934814453125,1043.1934814453125,2424320
2025-09-21 20:25:00+00:00,1045.6942138671875,1045.6942138671875,1044.9031982421875,1044.9031982421875,3115520
2025-09-21 20:30:00+00:00,1045.70458984375,1045.97509765625,1045.70458984375,1045.735107421875,0
2025-09-21 20:35:00+00:00,1045.3175048828125,1045.6463623046875,1045.25048828125,1045.6463623046875,0
2025-09-21 20:40:00+00:00,1045.4332275390625,1045.4910888671875,1045.3974609375,1045.4388427734375,0
2025-09-21 20:45:00+00:00,1045.5982666015625,1045.5982666015625,1045.3409423828125,1045.3409423828125,2546176
2025-09-21 20:50:00+00:00,1045.512451171875,1045.685791015625,1045.512451171875,1045.685791015625,0
2025-09-21 20:55:00+00:00,1045.7103271484375,1045.71484375,1045.357421875,1045.357421875,0
2025-09-21 21:00:00+00:00,1045.714111328125,1045.826171875,1045.6834716796875,1045.6834716796875,0
2025-09-21 21:05:00+00:00,1045.499267578125,1045.677734375,1045.488525390625,1045.677734375,0
2025-09-21 21:10:00+00:00,1046.08154296875,1046.08154296875,1045.5875244140625,1045.5875244140625,463872
2025-09-21 21:15:00+00:00,1046.166015625,1046.5382080078125,1046.166015625,1046.2440185546875,0
2025-09-21 21:20:00+00:00,1045.8994140625,1046.1729736328125,1045.7572021484375,1046.1729736328125,0
2025-09-21 21:25:00+00:00,1046.3330078125,1046.3330078125,1046.11279296875,1046.11767578125,0
2025-09-21 21:30:00+00:00,1047.3331298828125,1047.3331298828125,1046.0882568359375,1046.0882568359375,0
2025-09-21 21:35:00+00:00,1048.918701171875,1049.0015869140625,1047.497802734375,1047.497802734375,0
2025-09-21 21:40:00+00:00,1051.8270263671875,1051.8359375,1050.317138671875,1050.317138671875,0
2025-09-21 21:45:00+00:00,1051.3028564453125,1051.681884765625,1051.2479248046875,1051.681884765625,0
2025-09-21 21:50:00+00:00,1050.72265625,1051.2445068359375,1050.6356201171875,1051.2076416015625,0
2025-09-21 21:55:00+00:00,1050.3660888671875,1050.5023193359375,1050.3267822265625,1050.5023193359375,0
2025-09-21 22:00:00+00:00,1050.4892578125,1050.4892578125,1050.044189453125,1050.32958984375,0
2025-09-21 22:05:00+00:00,1051.205322265625,1051.403564453125,1051.205322265625,1051.3138427734375,0
2025-09-21 22:10:00+00:00,1049.357421875,1050.1759033203125,1049.3177490234375,1050.1759033203125,0
2025-09-21 22:15:00+00:00,1049.5146484375,1049.5146484375,1049.2147216796875,1049.377685546875,0
2025-09-21 22:20:00+00:00,1048.58251953125,1049.4066162109375,1048.57568359375,1049.4066162109375,0
2025-09-21 22:25:00+00:00,1050.7789306640625,1050.8031005859375,1049.0904541015625,1049.0904541015625,0
2025-09-21 22:30:00+00:00,1051.671142578125,1051.671142578125,1051.0498046875,1051.0498046875,0
2025-09-21 22:35:00+00:00,1052.650390625,1052.650390625,1051.6893310546875,1051.736572265625,4451840
2025-09-21 22:40:00+00:00,1052.9781494140625,1053.2681884765625,1052.9781494140625,1053.265380859375,1260032
2025-09-21 22:45:00+00:00,1052.168701171875,1052.9947509765625,1052.168701171875,1052.9947509765625,0
2025-09-21 22:50:00+00:00,1051.9329833984375,1052.1361083984375,1051.880126953125,1052.1220703125,0
2025-09-21 22:55:00+00:00,1053.0816650390625,1053.1658935546875,1052.3223876953125,1052.3223876953125,4633600
2025-09-21 23:00:00+00:00,1052.792724609375,1053.0009765625,1052.7608642578125,1053.0009765625,0
2025-09-21 23:05:00+00:00,1051.622802734375,1052.7005615234375,1051.622802734375,1052.7005615234375,0
2025-09-21 23:10:00+00:00,1049.9825439453125,1050.8807373046875,1049.9327392578125,1050.8807373046875,0
2025-09-21 23:15:00+00:00,1049.181396484375,1049.9525146484375,1049.181396484375,1049.9525146484375,0
2025-09-21 23:20:00+00:00,1048.429931640625,1049.0994873046875,1048.429931640625,1049.0994873046875,0
2025-09-21 23:25:00+00:00,1047.760498046875,1047.9334716796875,1047.7291259765625,1047.8856201171875,0
2025-09-21 23:30:00+00:00,1046.862060546875,1047.6878662109375,1046.862060546875,1047.6878662109375,0
2025-09-21 23:35:00+00:00,1047.24462890625,1047.24462890625,1046.829345703125,1046.829345703125,0
2025-09-21 23:40:00+00:00,1048.8260498046875,1048.8260498046875,1047.8599853515625,1047.8599853515625,0
2025-09-21 23:45:00+00:00,1048.7904052734375,1049.18115234375,1048.7904052734375,1048.8258056640625,0
2025-09-21 23:50:00+00:00,1048.843994140625,1048.88037109375,1048.7706298828125,1048.7706298828125,0
2025-09-21 23:55:00+00:00,1048.6351318359375,1048.8560791015625,1048.6351318359375,1048.8560791015625,0
2025-09-22 00:00:00+00:00,1048.1832275390625,1048.5897216796875,1048.1478271484375,1048.5897216796875,0
2025-09-22 00:05:00+00:00,1048.674560546875,1048.674560546875,1047.82373046875,1047.82373046875,0
2025-09-22 00:10:00+00:00,1050.0682373046875,1050.24267578125,1049.361083984375,1049.361083984375,0
2025-09-22 00:15:00+00:00,1047.61865234375,1049.528076171875,1047.61865234375,1049.528076171875,0
2025-09-22 00:20:00+00:00,1046.15966796875,1047.6295166015625,1046.15966796875,1047.614990234375,0
2025-09-22 00:25:00+00:00,1043.2423095703125,1045.0946044921875,1043.2423095703125,1044.851318359375,0
2025-09-22 00:30:00+00:00,1034.145751953125,1043.275634765625,1034.145751953125,1043.275634765625,16666112
2025-09-22 00:35:00+00:00,1036.1805419921875,1036.1805419921875,1034.4976806640625,1034.4976806640625,30599936
2025-09-22 00:40:00+00:00,1037.0166015625,1037.06396484375,1036.499267578125,1036.499267578125,0
2025-09-22 00:45:00+00:00,1033.46923828125,1036.994384765625,1033.46923828125,1036.994384765625,0
2025-09-22 00:50:00+00:00,1030.0240478515625,1032.974365234375,1029.1632080078125,1032.974365234375,21135616
2025-09-22 00:55:00+00:00,1030.981201171875,1030.981201171875,1030.2039794921875,1030.6728515625,4680704
2025-09-22 01:00:00+00:00,1030.884033203125,1030.884033203125,1030.758544921875,1030.7589111328125,0
2025-09-22 01:05:00+00:00,1032.5438232421875,1033.564697265625,1031.2275390625,1031.3525390625,6935040
2025-09-22 01:10:00+00:00,1029.251953125,1030.352783203125,1029.251953125,1030.3514404296875,2108416
2025-09-22 01:15:00+00:00,1032.5826416015625,1032.5826416015625,1029.73291015625,1029.73291015625,10780672
2025-09-22 01:20:00+00:00,1032.5142822265625,1032.5982666015625,1032.3519287109375,1032.3519287109375,0
2025-09-22 01:25:00+00:00,1035.8834228515625,1035.8834228515625,1031.4771728515625,1031.4771728515625,2871296
2025-09-22 01:30:00+00:00,1039.6363525390625,1039.6363525390625,1035.9488525390625,1035.9488525390625,6112256
2025-09-22 01:35:00+00:00,1040.77734375,1040.8887939453125,1039.5238037109375,1039.5238037109375,3959808
2025-09-22 01:40:00+00:00,1043.480224609375,1043.819091796875,1040.9442138671875,1040.9442138671875,11452416
2025-09-22 01:45:00+00:00,1042.5765380859375,1043.458740234375,1042.5765380859375,1043.458740234375,0
2025-09-22 01:50:00+00:00,1040.6771240234375,1042.1181640625,1040.6771240234375,1042.1181640625,0
2025-09-22 01:55:00+00:00,1036.9007568359375,1039.4144287109375,1036.9007568359375,1039.4144287109375,0
2025-09-22 02:00:00+00:00,1036.8773193359375,1037.7147216796875,1036.8773193359375,1036.9776611328125,0
2025-09-22 02:05:00+00:00,1037.237548828125,1037.237548828125,1036.965087890625,1037.145751953125,0
2025-09-22 02:10:00+00:00,1036.7529296875,1037.4793701171875,1036.7529296875,1037.4793701171875,0
2025-09-22 02:15:00+00:00,1037.650390625,1037.650390625,1036.9263916015625,1036.9263916015625,0
2025-09-22 02:20:00+00:00,1034.6622314453125,1037.2054443359375,1034.6622314453125,1037.2054443359375,0
2025-09-22 02:25:00+00:00,1033.4296875,1034.9375,1033.4296875,1034.3209228515625,0
2025-09-22 02:30:00+00:00,1030.9158935546875,1033.5740966796875,1030.9158935546875,1033.5740966796875,0
2025-09-22 02:35:00+00:00,1030.31982421875,1031.0341796875,1030.31982421875,1031.0341796875,2405888
2025-09-22 02:40:00+00:00,1031.3638916015625,1031.4989013671875,1029.816162109375,1029.816162109375,0
2025-09-22 02:45:00+00:00,1033.515625,1033.515625,1031.8837890625,1031.8837890625,0
2025-09-22 02:50:00+00:00,1033.515625,1033.515625,1033.515625,1033.515625,0
2025-09-22 02:55:00+00:00,1033.288330078125,1033.3074951171875,1032.6700439453125,1032.6700439453125,0
2025-09-22 03:00:00+00:00,1033.614990234375,1033.614990234375,1033.268798828125,1033.268798828125,0
2025-09-22 03:05:00+00:00,1033.9881591796875,1034.015625,1033.5831298828125,1033.8570556640625,0
2025-09-22 03:10:00+00:00,1033.4698486328125,1033.927490234375,1033.4464111328125,1033.927490234375,0
2025-09-22 03:15:00+00:00,1032.5025634765625,1033.280029296875,1031.9775390625,1033.280029296875,0
2025-09-22 03:20:00+00:00,1032.365966796875,1032.603515625,1031.9781494140625,1032.603515625,0
2025-09-22 03:25:00+00:00,1031.9549560546875,1032.4759521484375,1031.9549560546875,1032.4759521484375,0
2025-09-22 03:30:00+00:00,1031.384521484375,1031.961669921875,1031.384521484375,1031.961669921875,0
2025-09-22 03:35:00+00:00,1029.8411865234375,1031.277587890625,1029.7677001953125,1031.277587890625,0
2025-09-22 03:40:00+00:00,1027.563720703125,1029.35498046875,1027.563720703125,1029.35498046875,20031744
2025-09-22 03:45:00+00:00,1028.6109619140625,1028.6109619140625,1027.6839599609375,1027.6839599609375,9404928
2025-09-22 03:50:00+00:00,1029.76123046875,1029.8983154296875,1028.9468994140625,1028.954833984375,2092032
2025-09-22 03:55:00+00:00,1030.09375,1030.0955810546875,1029.916015625,1029.9371337890625,0
2025-09-22 04:00:00+00:00,1030.1519775390625,1030.1524658203125,1030.0765380859375,1030.1524658203125,0
2025-09-22 04:05:00+00:00,1029.9427490234375,1030.07080078125,1029.9427490234375,1030.07080078125,0
2025-09-22 04:10:00+00:00,1029.2823486328125,1031.5450439453125,1029.2823486328125,1031.5450439453125,0
2025-09-22 04:15:00+00:00,1033.714111328125,1033.714111328125,1029.00439453125,1029.1824951171875,28936448
2025-09-22 04:20:00+00:00,1034.73193359375,1035.11376953125,1033.964111328125,1033.964111328125,8859648
2025-09-22 04:25:00+00:00,1035.684326171875,1035.684326171875,1034.3450927734375,1034.3450927734375,3422464
2025-09-22 04:30:00+00:00,1037.264892578125,1037.264892578125,1035.72509765625,1035.72509765625,2781440
2025-09-22 04:35:00+00:00,1037.4854736328125,1037.4898681640625,1037.1995849609375,1037.1995849609375,762112
2025-09-22 04:40:00+00:00,1038.045166015625,1038.226318359375,1037.4840087890625,1037.4840087890625,6603520
2025-09-22 04:45:00+00:00,1035.9007568359375,1037.8338623046875,1035.9007568359375,1037.8338623046875,0
2025-09-22 04:50:00+00:00,1034.8377685546875,1035.9085693359375,1034.8377685546875,1035.9085693359375,0
2025-09-22 04:55:00+00:00,1033.3115234375,1034.217041015625,1033.3115234375,1034.217041015625,0
2025-09-22 05:00:00+00:00,1033.15234375,1033.4700927734375,1033.15234375,1033.4700927734375,0
2025-09-22 05:05:00+00:00,1032.5714111328125,1033.037353515625,1032.513916015625,1033.037353515625,0
2025-09-22 05:10:00+00:00,1032.22900390625,1032.282958984375,1031.9849853515625,1032.2099609375,0
2025-09-22 05:15:00+00:00,1032.179931640625,1032.5335693359375,1032.179931640625,1032.2200927734375,546048
2025-09-22 05:20:00+00:00,1032.2080078125,1032.2080078125,1031.9439697265625,1032.166015625,1034752
2025-09-22 05:25:00+00:00,1034.0567626953125,1034.0567626953125,1032.817138671875,1032.817138671875,5125376
2025-09-22 05:30:00+00:00,1032.22607421875,1033.931884765625,1032.22607421875,1033.931884765625,1889024
2025-09-22 05:35:00+00:00,1030.5599365234375,1032.2012939453125,1030.5599365234375,1032.2012939453125,3258880
2025-09-22 05:40:00+00:00,1029.3863525390625,1029.6339111328125,1029.2745361328125,1029.610595703125,5060096
2025-09-22 05:45:00+00:00,1029.3228759765625,1029.3228759765625,1028.6549072265625,1029.1104736328125,276224
2025-09-22 05:50:00+00:00,1028.640625,1029.218505859375,1028.640625,1029.1307373046875,0
2025-09-22 05:55:00+00:00,1026.7337646484375,1028.1324462890625,1026.7337646484375,1028.1324462890625,6034944
2025-09-22 06:00:00+00:00,1027.3013916015625,1027.3013916015625,1026.6558837890625,1026.7030029296875,40389632
2025-09-22 06:05:00+00:00,1014.1240234375,1014.4574584960938,1011.3797607421875,1011.3797607421875,86327040
2025-09-22 06:10:00+00:00,1014.6380615234375,1014.6380615234375,1013.9808349609375,1014.139404296875,58217728
2025-09-22 06:15:00+00:00,1015.4700927734375,1015.4700927734375,1013.67529296875,1014.947509765625,26737408
2025-09-22 06:20:00+00:00,1014.1241455078125,1016.1747436523438,1013.6207885742188,1016.1747436523438,22625280
2025-09-22 06:25:00+00:00,1012.5864868164062,1013.9268798828125,1012.513916015625,1013.6314086914062,22607360
2025-09-22 06:30:00+00:00,1015.54833984375,1015.54833984375,1013.1290893554688,1013.1290893554688,16713216
2025-09-22 06:35:00+00:00,1018.3199462890625,1018.3199462890625,1015.7250366210938,1015.7250366210938,8876288
2025-09-22 06:40:00+00:00,1018.8895874023438,1019.3199462890625,1018.5474243164062,1019.3199462890625,12113408
2025-09-22 06:45:00+00:00,1019.87646484375,1021.16357421875,1019.0426635742188,1019.0426635742188,15880960
2025-09-22 06:50:00+00:00,1020.3516845703125,1020.7114868164062,1019.8034057617188,1019.8034057617188,4466688
2025-09-22 06:55:00+00:00,1021.618408203125,1021.618408203125,1020.116455078125,1020.116455078125,7011328
2025-09-22 07:00:00+00:00,1023.0521240234375,1023.2560424804688,1021.6883544921875,1021.6883544921875,3426816
2025-09-22 07:05:00+00:00,1023.2750244140625,1023.2750244140625,1022.7412109375,1023.02685546875,8100352
2025-09-22 07:10:00+00:00,1024.974853515625,1025.8865966796875,1024.974853515625,1025.8865966796875,5521408
2025-09-22 07:15:00+00:00,1025.392822265625,1025.56787109375,1024.99951171875,1024.99951171875,0
2025-09-22 07:20:00+00:00,1024.2060546875,1025.16796875,1024.2060546875,1025.16796875,7211520
2025-09-22 07:25:00+00:00,1025.2244873046875,1025.2244873046875,1023.7677001953125,1023.7677001953125,5001728
2025-09-22 07:30:00+00:00,1026.399169921875,1026.399169921875,1025.0869140625,1025.0869140625,28285440
2025-09-22 07:35:00+00:00,1025.55712890625,1026.768310546875,1025.55712890625,1026.768310546875,12546048
2025-09-22 07:40:00+00:00,1024.253662109375,1024.584716796875,1024.1793212890625,1024.453857421875,5392896
2025-09-22 07:45:00+00:00,1026.1416015625,1026.1416015625,1024.4005126953125,1024.4005126953125,7684096
2025-09-22 07:50:00+00:00,1024.7705078125,1026.0892333984375,1024.7705078125,1026.0892333984375,0
2025-09-22 07:55:00+00:00,1024.0379638671875,1024.2398681640625,1024.0379638671875,1024.1986083984375,27648
2025-09-22 08:00:00+00:00,1024.2435302734375,1024.3018798828125,1023.8721923828125,1023.8721923828125,0
2025-09-22 08:05:00+00:00,1026.5816650390625,1026.5816650390625,1024.8321533203125,1024.8321533203125,9991168
2025-09-22 08:10:00+00:00,1032.9931640625,1032.9993896484375,1029.1986083984375,1029.1986083984375,17227776
2025-09-22 08:15:00+00:00,1033.1968994140625,1033.1968994140625,1032.565673828125,1032.971923828125,4237312
2025-09-22 08:20:00+00:00,1034.8572998046875,1035.3028564453125,1033.7489013671875,1033.7489013671875,6136320
2025-09-22 08:25:00+00:00,1032.9052734375,1033.9974365234375,1032.9052734375,1033.9578857421875,2253824
2025-09-22 08:30:00+00:00,1032.2806396484375,1032.9647216796875,1032.2806396484375,1032.9647216796875,11681792
2025-09-22 08:35:00+00:00,1032.0240478515625,1032.26708984375,1032.0240478515625,1032.26708984375,0
2025-09-22 08:40:00+00:00,1029.781005859375,1031.0428466796875,1029.7415771484375,1030.9949951171875,12392448
2025-09-22 08:45:00+00:00,1029.3126220703125,1029.7314453125,1029.3126220703125,1029.7314453125,0
2025-09-22 08:50:00+00:00,1030.6624755859375,1030.6624755859375,1029.6746826171875,1029.70166015625,3584512
2025-09-22 08:55:00+00:00,1030.0606689453125,1031.332763671875,1029.873779296875,1031.2645263671875,6193664
2025-09-22 09:00:00+00:00,1029.3814697265625,1030.0517578125,1029.363037109375,1030.0517578125,0
2025-09-22 09:05:00+00:00,1027.8609619140625,1028.8466796875,1027.5477294921875,1028.8466796875,1782272
2025-09-22 09:10:00+00:00,1026.912109375,1027.93359375,1026.912109375,1027.93359375,4328960
2025-09-22 09:15:00+00:00,1027.3355712890625,1027.3355712890625,1026.630615234375,1026.8929443359375,0
2025-09-22 09:20:00+00:00,1026.498046875,1027.3641357421875,1026.498046875,1027.3641357421875,0
2025-09-22 09:25:00+00:00,1026.8221435546875,1026.8221435546875,1026.220947265625,1026.220947265625,0
2025-09-22 09:30:00+00:00,1026.9942626953125,1027.1356201171875,1026.9942626953125,1027.1356201171875,0
2025-09-22 09:35:00+00:00,1026.378662109375,1027.1375732421875,1026.3662109375,1027.1375732421875,0
2025-09-22 09:40:00+00:00,1024.2799072265625,1025.7999267578125,1024.2457275390625,1025.7999267578125,0
2025-09-22 09:45:00+00:00,1020.3870849609375,1024.0325927734375,1020.3870849609375,1024.0325927734375,2427904
2025-09-22 09:50:00+00:00,1018.5660400390625,1020.4367065429688,1018.5660400390625,1020.4367065429688,2711552
2025-09-22 09:55:00+00:00,1018.72607421875,1019.0228271484375,1017.5502319335938,1017.5502319335938,12934656
2025-09-22 10:00:00+00:00,1018.2940673828125,1018.6783447265625,1018.0164794921875,1018.6783447265625,0
2025-09-22 10:05:00+00:00,1019.0714721679688,1019.0714721679688,1017.3887329101562,1017.3887329101562,2047488
2025-09-22 10:10:00+00:00,1020.2440185546875,1020.2794799804688,1019.6177368164062,1019.6177368164062,2031104
2025-09-22 10:15:00+00:00,1020.187744140625,1020.353759765625,1020.1611328125,1020.1909790039062,1537536
2025-09-22 10:20:00+00:00,1020.979248046875,1021.1664428710938,1020.2728271484375,1020.2728271484375,1184768
2025-09-22 10:25:00+00:00,1022.1527709960938,1022.1527709960938,1021.7251586914062,1021.7251586914062,3094016
2025-09-22 10:30:00+00:00,1020.5217895507812,1022.1548461914062,1020.5217895507812,1022.0464477539062,0
2025-09-22 10:35:00+00:00,1020.259033203125,1020.5927124023438,1020.259033203125,1020.486328125,0
2025-09-22 10:40:00+00:00,1018.9409790039062,1019.9302978515625,1018.9409790039062,1019.9302978515625,0
2025-09-22 10:45:00+00:00,1020.540283203125,1020.540283203125,1018.821044921875,1018.9546508789062,4366848
2025-09-22 10:50:00+00:00,1022.9832153320312,1022.9868774414062,1020.7144775390625,1020.7178344726562,6909952
2025-09-22 10:55:00+00:00,1024.115966796875,1024.397705078125,1024.115966796875,1024.397705078125,4087808
2025-09-22 11:00:00+00:00,1023.6389770507812,1024.0107421875,1023.574951171875,1024.0107421875,0
2025-09-22 11:05:00+00:00,1022.2247314453125,1023.5171508789062,1022.1473388671875,1023.5171508789062,0
2025-09-22 11:10:00+00:00,1022.5778198242188,1022.9869384765625,1022.5778198242188,1022.9652099609375,3185664
2025-09-22 11:15:00+00:00,1020.5856323242188,1022.5145874023438,1020.5856323242188,1022.5145874023438,15650816
2025-09-22 11:20:00+00:00,1020.9459838867188,1020.9459838867188,1020.427734375,1020.5551147460938,9824256
2025-09-22 11:25:00+00:00,1020.70166015625,1021.4830932617188,1020.6846923828125,1021.4830932617188,7581184
2025-09-22 11:30:00+00:00,1020.9877319335938,1020.9877319335938,1020.5142211914062,1020.6650390625,0
2025-09-22 11:35:00+00:00,1020.9126586914062,1021.0133056640625,1020.8632202148438,1020.9739990234375,0
2025-09-22 11:40:00+00:00,1020.1238403320312,1020.5899047851562,1020.1238403320312,1020.5899047851562,0
2025-09-22 11:45:00+00:00,1020.0866088867188,1020.779296875,1020.0866088867188,1020.1312866210938,0
2025-09-22 11:50:00+00:00,1019.6990356445312,1020.1566162109375,1019.6103515625,1020.1566162109375,0
2025-09-22 11:55:00+00:00,1019.0208129882812,1019.5252075195312,1019.0208129882812,1019.5252075195312,0
2025-09-22 12:00:00+00:00,1018.527587890625,1019.308349609375,1018.527587890625,1019.1144409179688,0
2025-09-22 12:05:00+00:00,1019.1884765625,1019.1884765625,1018.5724487304688,1018.6472778320312,0
2025-09-22 12:10:00+00:00,1020.7162475585938,1020.7162475585938,1020.1375122070312,1020.171875,320000
2025-09-22 12:15:00+00:00,1023.0174560546875,1023.0174560546875,1020.8338623046875,1020.8338623046875,9889792
2025-09-22 12:20:00+00:00,1022.2838745117188,1023.0259399414062,1022.1723022460938,1023.0259399414062,707584
2025-09-22 12:25:00+00:00,1023.4498291015625,1023.4498291015625,1021.84716796875,1021.84716796875,1720320
2025-09-22 12:30:00+00:00,1023.0285034179688,1023.635986328125,1023.0285034179688,1023.4910278320312,6447616
2025-09-22 12:35:00+00:00,1021.6029052734375,1022.972900390625,1021.6029052734375,1022.972900390625,0
2025-09-22 12:40:00+00:00,1020.427490234375,1020.5361328125,1020.349609375,1020.406494140625,0
2025-09-22 12:45:00+00:00,1019.9361572265625,1020.1912231445312,1019.9361572265625,1020.1912231445312,0
2025-09-22 12:50:00+00:00,1020.6231079101562,1020.6231079101562,1020.0534057617188,1020.0534057617188,0
2025-09-22 12:55:00+00:00,1022.1719970703125,1022.3068237304688,1021.3233642578125,1021.3233642578125,0
2025-09-22 13:00:00+00:00,1022.5960083007812,1022.5960083007812,1021.734130859375,1022.320068359375,0
2025-09-22 13:05:00+00:00,1023.3678588867188,1023.3678588867188,1022.586669921875,1022.6099243164062,0
2025-09-22 13:10:00+00:00,1023.974853515625,1023.974853515625,1023.3231811523438,1023.3584594726562,395776
2025-09-22 13:15:00+00:00,1025.190185546875,1026.065185546875,1024.15283203125,1024.15283203125,9404416
2025-09-22 13:20:00+00:00,1025.1927490234375,1025.240478515625,1024.931396484375,1025.16162109375,0
2025-09-22 13:25:00+00:00,1026.9454345703125,1026.9454345703125,1026.236572265625,1026.236572265625,2153472
2025-09-22 13:30:00+00:00,1025.8804931640625,1026.975341796875,1025.8804931640625,1026.975341796875,757248
2025-09-22 13:35:00+00:00,1023.189208984375,1025.58251953125,1023.189208984375,1025.58251953125,9904640
2025-09-22 13:40:00+00:00,1017.3219604492188,1020.0407104492188,1017.3219604492188,1020.0407104492188,12321792
2025-09-22 13:45:00+00:00,1016.9373168945312,1017.2897338867188,1016.9373168945312,1017.1151733398438,2566144
2025-09-22 13:50:00+00:00,1016.9361572265625,1016.9361572265625,1016.7225952148438,1016.9049682617188,4417536
2025-09-22 13:55:00+00:00,1020.1588745117188,1020.1588745117188,1018.2578125,1018.2578125,13860864
2025-09-22 14:00:00+00:00,1021.7235717773438,1021.7235717773438,1020.6483764648438,1020.6483764648438,11145216
2025-09-22 14:05:00+00:00,1020.9417724609375,1021.8585205078125,1020.9417724609375,1021.8585205078125,2492928
2025-09-22 14:10:00+00:00,1019.1541137695312,1020.364990234375,1019.1541137695312,1020.364990234375,3981312
2025-09-22 14:15:00+00:00,1018.531494140625,1018.9151611328125,1017.9674072265625,1018.9151611328125,9379840
2025-09-22 14:20:00+00:00,1017.6549072265625,1018.2379760742188,1017.3262329101562,1018.2379760742188,15641600
2025-09-22 14:25:00+00:00,1009.5084228515625,1014.400634765625,1009.4600830078125,1014.400634765625,24611840
2025-09-22 14:30:00+00:00,1010.8875732421875,1011.017578125,1009.625244140625,1009.625244140625,16600064
2025-09-22 14:35:00+00:00,1009.85302734375,1009.9191284179688,1009.7843017578125,1009.7843017578125,19231744
2025-09-22 14:40:00+00:00,1009.7860107421875,1010.0091552734375,1009.4081420898438,1009.4081420898438,4044288
2025-09-22 14:45:00+00:00,1006.9769287109375,1009.510986328125,1006.9769287109375,1009.510986328125,0
2025-09-22 14:50:00+00:00,1004.9885864257812,1006.6963500976562,1004.5531005859375,1006.6963500976562,1505792
2025-09-22 14:55:00+00:00,1005.5015869140625,1005.66015625,1005.4080810546875,1005.5875244140625,9014784
2025-09-22 15:00:00+00:00,1002.8242797851562,1005.3536987304688,1002.8242797851562,1005.3536987304688,6795264
2025-09-22 15:05:00+00:00,1002.623779296875,1002.8912353515625,1002.2557373046875,1002.8912353515625,9509888
2025-09-22 15:10:00+00:00,1003.8483276367188,1003.8483276367188,1002.97265625,1003.399169921875,15890432
2025-09-22 15:15:00+00:00,1004.3519897460938,1005.0452880859375,1003.9404907226562,1003.9404907226562,5658112
2025-09-22 15:20:00+00:00,1003.1857299804688,1004.2655029296875,1003.1857299804688,1004.2655029296875,3398144
2025-09-22 15:25:00+00:00,1004.3018188476562,1004.3018188476562,1002.8824462890625,1002.8824462890625,4313600
2025-09-22 15:30:00+00:00,1004.400634765625,1004.5473022460938,1004.3671264648438,1004.3671264648438,3061760
2025-09-22 15:35:00+00:00,1003.1577758789062,1004.2361450195312,1003.0974731445312,1004.2361450195312,2385408
2025-09-22 15:40:00+00:00,1001.9846801757812,1002.5164184570312,1001.9103393554688,1002.5164184570312,5608960
2025-09-22 15:45:00+00:00,998.0771484375,1001.824462890625,998.0771484375,1001.824462890625,34422784
2025-09-22 15:50:00+00:00,1000.8135986328125,1001.4068603515625,998.858154296875,998.858154296875,10417664
2025-09-22 15:55:00+00:00,999.3841552734375,999.6680908203125,999.3841552734375,999.6680908203125,4573696
2025-09-22 16:00:00+00:00,997.2225952148438,999.0908813476562,997.2225952148438,999.0908813476562,1964032
2025-09-22 16:05:00+00:00,997.2836303710938,997.4080810546875,997.0737915039062,997.4080810546875,5010944
2025-09-22 16:10:00+00:00,997.6427612304688,997.6427612304688,996.9881591796875,996.9881591796875,8692736
2025-09-22 16:15:00+00:00,996.5916748046875,997.879638671875,996.5916748046875,997.6007690429688,1751040
2025-09-22 16:20:00+00:00,996.3126220703125,996.777099609375,996.1638793945312,996.332763671875,2238464
2025-09-22 16:25:00+00:00,996.4373779296875,996.4373779296875,995.8794555664062,995.8794555664062,0
2025-09-22 16:30:00+00:00,996.80224609375,996.80224609375,995.7936401367188,996.32861328125,1755648
2025-09-22 16:35:00+00:00,994.663330078125,996.5804443359375,994.4559936523438,996.5804443359375,13368832
2025-09-22 16:40:00+00:00,994.723388671875,994.723388671875,994.0138549804688,994.5289306640625,30128128
2025-09-22 16:45:00+00:00,995.2015380859375,995.2015380859375,994.6876220703125,994.741943359375,1104896
2025-09-22 16:50:00+00:00,995.244873046875,995.4156494140625,995.06640625,995.06640625,2132480
2025-09-22 16:55:00+00:00,994.3525390625,994.6397705078125,994.3525390625,994.6365966796875,0
2025-09-22 17:00:00+00:00,992.07275390625,994.279296875,992.07275390625,994.279296875,0
2025-09-22 17:05:00+00:00,989.8447875976562,991.9766235351562,989.8447875976562,991.8277587890625,13568512
2025-09-22 17:10:00+00:00,986.5177001953125,987.2752685546875,986.47998046875,987.2752685546875,23919616
2025-09-22 17:15:00+00:00,986.976318359375,986.976318359375,986.2095336914062,986.2095336914062,11790336
2025-09-22 17:20:00+00:00,988.5294189453125,988.5294189453125,986.8340454101562,986.8340454101562,10986496
2025-09-22 17:25:00+00:00,992.2772827148438,992.2919311523438,990.9591674804688,990.9591674804688,14647296
2025-09-22 17:30:00+00:00,992.8407592773438,992.8407592773438,991.6650390625,992.1762084960938,13524480
2025-09-22 17:35:00+00:00,990.7927856445312,992.1348876953125,990.2105102539062,992.1348876953125,1336320
2025-09-22 17:40:00+00:00,993.3267822265625,993.3267822265625,991.6238403320312,991.6238403320312,14823936
2025-09-22 17:45:00+00:00,993.8629150390625,994.377197265625,993.2875366210938,993.2875366210938,8350720
2025-09-22 17:50:00+00:00,993.5120239257812,993.8223876953125,993.5048217773438,993.819091796875,1054208
2025-09-22 17:55:00+00:00,993.7300415039062,993.7300415039062,993.258544921875,993.258544921875,1349120
2025-09-22 18:00:00+00:00,992.802001953125,994.0862426757812,992.802001953125,994.0862426757812,0
2025-09-22 18:05:00+00:00,993.9036254882812,993.9036254882812,992.8434448242188,992.8434448242188,2418176
2025-09-22 18:10:00+00:00,993.888671875,994.4723510742188,993.888671875,994.456787109375,500224
2025-09-22 18:15:00+00:00,992.9227905273438,993.8176879882812,992.9227905273438,993.8176879882812,0
2025-09-22 18:20:00+00:00,992.3806762695312,992.9277954101562,992.167724609375,992.9277954101562,0
2025-09-22 18:25:00+00:00,992.0591430664062,992.3671264648438,992.0591430664062,992.3671264648438,1015808
2025-09-22 18:30:00+00:00,992.0831909179688,992.645263671875,992.0831909179688,992.1735229492188,0
2025-09-22 18:35:00+00:00,991.3593139648438,991.9998779296875,991.3593139648438,991.9998779296875,551936
2025-09-22 18:40:00+00:00,990.7086791992188,990.8582153320312,990.7086791992188,990.735107421875,620032
2025-09-22 18:45:00+00:00,989.66845703125,990.7152709960938,989.66845703125,990.7152709960938,1619968
2025-09-22 18:50:00+00:00,987.8551025390625,989.4968872070312,987.8075561523438,989.4968872070312,1441792
2025-09-22 18:55:00+00:00,987.4354248046875,987.6053466796875,987.3771362304688,987.6053466796875,2825728
2025-09-22 19:00:00+00:00,987.0511474609375,987.9392700195312,987.0511474609375,987.4759521484375,692736
2025-09-22 19:05:00+00:00,986.4879150390625,986.9432983398438,986.4879150390625,986.9432983398438,0
2025-09-22 19:10:00+00:00,986.4259033203125,986.4985961914062,986.352783203125,986.352783203125,1293312
2025-09-22 19:15:00+00:00,987.3001098632812,987.3001098632812,986.5008544921875,986.5008544921875,1399808
2025-09-22 19:20:00+00:00,987.470947265625,987.7394409179688,987.354248046875,987.354248046875,0
2025-09-22 19:25:00+00:00,986.5797729492188,986.9093017578125,986.5797729492188,986.8446655273438,4438016
2025-09-22 19:30:00+00:00,986.4493408203125,986.5752563476562,986.1576538085938,986.5752563476562,0
2025-09-22 19:35:00+00:00,984.5750122070312,986.3612060546875,984.4011840820312,986.3612060546875,21410816
2025-09-22 19:40:00+00:00,983.4866333007812,984.1260986328125,983.4553833007812,984.1260986328125,21565440
2025-09-22 19:45:00+00:00,982.2479248046875,983.3724975585938,982.2479248046875,983.3724975585938,6778880
2025-09-22 19:50:00+00:00,982.1564331054688,982.3641967773438,982.1524047851562,982.3069458007812,6111744
2025-09-22 19:55:00+00:00,978.8985595703125,981.4751586914062,978.8287353515625,981.4751586914062,16167936
2025-09-22 20:00:00+00:00,980.3187866210938,981.1064453125,979.4412841796875,979.4412841796875,6343168
2025-09-22 20:05:00+00:00,981.67919921875,981.67919921875,980.4806518554688,980.4806518554688,1202688
2025-09-22 20:10:00+00:00,983.1505737304688,983.2200927734375,982.03369140625,982.03369140625,0
2025-09-22 20:15:00+00:00,982.8716430664062,983.05078125,982.7730712890625,983.05078125,0
2025-09-22 20:20:00+00:00,983.3602294921875,983.365478515625,983.0127563476562,983.0127563476562,0
2025-09-22 20:25:00+00:00,983.4232177734375,983.4232177734375,983.3037719726562,983.3924560546875,0
2025-09-22 20:30:00+00:00,987.8679809570312,987.8679809570312,983.409423828125,983.409423828125,12638720
2025-09-22 20:35:00+00:00,988.4467163085938,988.7738647460938,987.739013671875,987.739013671875,7224320
2025-09-22 20:40:00+00:00,988.2673950195312,988.4952392578125,988.0914306640625,988.0914306640625,6723072
2025-09-22 20:45:00+00:00,987.3641357421875,988.3191528320312,987.3641357421875,988.3191528320312,1324032
2025-09-22 20:50:00+00:00,987.486083984375,987.486083984375,987.2313842773438,987.3627319335938,1418240
2025-09-22 20:55:00+00:00,989.0914306640625,989.118896484375,988.0208129882812,988.0208129882812,13278720
2025-09-22 21:00:00+00:00,988.0928955078125,989.0,988.0928955078125,989.0,2147840
2025-09-22 21:05:00+00:00,988.1046752929688,988.2725830078125,988.1046752929688,988.1967163085938,2734592
2025-09-22 21:10:00+00:00,986.259033203125,987.406982421875,986.2527465820312,987.4022216796875,260608
2025-09-22 21:15:00+00:00,987.5514526367188,987.5514526367188,986.105712890625,986.1742553710938,5118976
2025-09-22 21:20:00+00:00,987.5677490234375,987.5677490234375,987.407470703125,987.5112915039062,1324032
2025-09-22 21:25:00+00:00,988.0811767578125,988.0811767578125,987.7876586914062,987.8251342773438,2235904
2025-09-22 21:30:00+00:00,988.046875,988.5670776367188,988.046875,988.0751342773438,0
2025-09-22 21:35:00+00:00,989.262451171875,989.262451171875,988.0486450195312,988.0486450195312,0
2025-09-22 21:40:00+00:00,990.5283813476562,990.562255859375,990.366455078125,990.562255859375,3793408
2025-09-22 21:45:00+00:00,990.5206298828125,990.7836303710938,990.4591064453125,990.4591064453125,1666048
2025-09-22 21:50:00+00:00,990.69384765625,990.7760620117188,990.4863891601562,990.4863891601562,9150464
2025-09-22 21:55:00+00:00,992.4849243164062,992.4849243164062,992.2667236328125,992.2667236328125,6391296
2025-09-22 22:00:00+00:00,991.3898315429688,992.5123901367188,991.3898315429688,992.5123901367188,26085888
2025-09-22 22:05:00+00:00,991.426025390625,991.489990234375,991.3405151367188,991.3405151367188,89600
2025-09-22 22:10:00+00:00,991.2308349609375,991.3839721679688,991.2308349609375,991.3839721679688,0
2025-09-22 22:15:00+00:00,990.942626953125,991.1841430664062,990.7506713867188,991.1841430664062,0
2025-09-22 22:20:00+00:00,990.8060302734375,990.8196411132812,990.694091796875,990.8153686523438,328704
2025-09-22 22:25:00+00:00,991.5585327148438,991.5585327148438,991.1751098632812,991.1751098632812,0
2025-09-22 22:30:00+00:00,992.177490234375,992.177490234375,991.5070190429688,991.5070190429688,0
2025-09-22 22:35:00+00:00,992.2136840820312,992.2433471679688,992.1228637695312,992.1736450195312,0
2025-09-22 22:40:00+00:00,992.4511108398438,992.4866943359375,992.3488159179688,992.4866943359375,0
2025-09-22 22:45:00+00:00,992.85107421875,993.2803344726562,992.658203125,992.658203125,2652160
2025-09-22 22:50:00+00:00,992.2614135742188,992.76025390625,992.2500610351562,992.76025390625,0
2025-09-22 22:55:00+00:00,992.780517578125,992.780517578125,992.377197265625,992.377197265625,0
2025-09-22 23:00:00+00:00,992.7886352539062,992.8460083007812,992.7322998046875,992.799072265625,0
2025-09-22 23:05:00+00:00,992.4114990234375,992.4114990234375,992.0963745117188,992.0963745117188,0
2025-09-22 23:10:00+00:00,992.3884887695312,992.643310546875,992.3153686523438,992.643310546875,0
2025-09-22 23:15:00+00:00,991.4662475585938,992.3694458007812,991.4662475585938,992.3495483398438,0
2025-09-22 23:20:00+00:00,992.153564453125,992.2191162109375,991.4791259765625,991.4791259765625,807936
2025-09-22 23:25:00+00:00,993.48095703125,993.48095703125,992.7332763671875,992.7332763671875,0
2025-09-22 23:30:00+00:00,994.3270263671875,994.3270263671875,993.4766235351562,993.4766235351562,2711040
2025-09-22 23:35:00+00:00,994.7828979492188,994.8287353515625,994.4518432617188,994.4518432617188,652800
2025-09-22 23:40:00+00:00,993.8096313476562,994.5159301757812,993.8096313476562,994.5159301757812,2850304
2025-09-22 23:45:00+00:00,992.5468139648438,993.8709716796875,992.5468139648438,993.8709716796875,399360
2025-09-22 23:50:00+00:00,992.4666748046875,992.5267333984375,992.3702392578125,992.5267333984375,207872
2025-09-22 23:55:00+00:00,992.86865234375,992.86865234375,992.4761352539062,992.5741577148438,317952
2025-09-23 00:00:00+00:00,993.49658203125,993.5277099609375,993.00048828125,993.00048828125,0
2025-09-23 00:05:00+00:00,993.063720703125,993.6753540039062,992.9744873046875,993.6753540039062,505856
2025-09-23 00:10:00+00:00,993.0140991210938,993.0140991210938,992.7020874023438,992.8497924804688,0
2025-09-23 00:15:00+00:00,995.4649047851562,995.4649047851562,993.1174926757812,993.1174926757812,3315712
2025-09-23 00:20:00+00:00,996.2755737304688,996.3318481445312,995.6340942382812,995.6340942382812,0
2025-09-23 00:25:00+00:00,997.325927734375,997.6278076171875,997.325927734375,997.6278076171875,0
2025-09-23 00:30:00+00:00,996.6475830078125,997.4634399414062,996.6475830078125,997.3787231445312,0
2025-09-23 00:35:00+00:00,996.6874389648438,996.7911376953125,996.6304321289062,996.727294921875,0
2025-09-23 00:40:00+00:00,996.4916381835938,996.862060546875,996.475341796875,996.837646484375,0
2025-09-23 00:45:00+00:00,996.0079345703125,996.499755859375,996.0050048828125,996.499755859375,0
2025-09-23 00:50:00+00:00,994.7652587890625,996.03369140625,994.7652587890625,995.9545288085938,0
2025-09-23 00:55:00+00:00,992.9380493164062,993.73095703125,992.8900756835938,993.73095703125,0
2025-09-23 01:00:00+00:00,992.146240234375,992.8801879882812,992.146240234375,992.8801879882812,0
2025-09-23 01:05:00+00:00,989.8605346679688,991.0009765625,989.7291870117188,991.0009765625,0
2025-09-23 01:10:00+00:00,988.7158813476562,989.9552001953125,988.6519165039062,989.9552001953125,0
2025-09-23 01:15:00+00:00,990.1677856445312,990.1677856445312,988.7254638671875,988.728515625,0
2025-09-23 01:20:00+00:00,990.9708251953125,991.037353515625,990.1908569335938,990.1908569335938,0
2025-09-23 01:25:00+00:00,991.4661865234375,991.5171508789062,991.3712768554688,991.5171508789062,0
2025-09-23 01:30:00+00:00,991.3931274414062,992.1141357421875,991.3931274414062,991.5634765625,0
2025-09-23 01:35:00+00:00,990.2471313476562,991.3759765625,990.2177734375,991.3759765625,0
2025-09-23 01:40:00+00:00,989.6220703125,990.397705078125,989.6220703125,990.33740234375,0
2025-09-23 01:45:00+00:00,989.4856567382812,989.6088256835938,989.20263671875,989.6088256835938,0
2025-09-23 01:50:00+00:00,988.9797973632812,989.5991821289062,988.9395751953125,989.5991821289062,0
2025-09-23 01:55:00+00:00,985.8406372070312,987.4258422851562,985.8406372070312,987.4258422851562,0
2025-09-23 02:00:00+00:00,985.2987670898438,985.4827880859375,985.1351318359375,985.4827880859375,0
2025-09-23 02:05:00+00:00,983.9315185546875,984.9164428710938,983.7437133789062,984.908203125,0
2025-09-23 02:10:00+00:00,986.6990966796875,986.9012451171875,984.0081787109375,984.0081787109375,2405376
2025-09-23 02:15:00+00:00,985.7392578125,986.9442138671875,985.7392578125,986.7052001953125,0
2025-09-23 02:20:00+00:00,985.164306640625,985.8292846679688,985.164306640625,985.7471923828125,0
2025-09-23 02:25:00+00:00,982.6568603515625,983.962646484375,982.6568603515625,983.962646484375,0
2025-09-23 02:30:00+00:00,980.9000854492188,982.5872192382812,980.9000854492188,982.5872192382812,0
2025-09-23 02:35:00+00:00,980.6889038085938,981.1419067382812,980.6889038085938,980.8919067382812,365568
2025-09-23 02:40:00+00:00,979.5499877929688,980.2425537109375,979.5499877929688,980.119140625,0
2025-09-23 02:45:00+00:00,977.5801391601562,979.378662109375,977.5801391601562,979.378662109375,0
2025-09-23 02:50:00+00:00,976.897705078125,977.5289916992188,976.897705078125,977.4204711914062,10490880
2025-09-23 02:55:00+00:00,973.7549438476562,974.890380859375,973.7549438476562,974.760009765625,12952064
2025-09-23 03:00:00+00:00,969.4986572265625,973.3867797851562,969.4986572265625,973.3867797851562,12237824
2025-09-23 03:05:00+00:00,967.5017700195312,969.3785400390625,967.5017700195312,969.3785400390625,11678720
2025-09-23 03:10:00+00:00,964.9254150390625,965.8599243164062,964.8151245117188,965.8599243164062,10950656
2025-09-23 03:15:00+00:00,972.6583862304688,972.6583862304688,965.8482055664062,965.8482055664062,22900224
2025-09-23 03:20:00+00:00,975.5718383789062,975.6957397460938,972.6348266601562,972.6348266601562,28577280
2025-09-23 03:25:00+00:00,979.4451293945312,979.4451293945312,975.8893432617188,975.8893432617188,16781824
2025-09-23 03:30:00+00:00,981.43896484375,981.43896484375,979.6475830078125,979.6475830078125,15171072
2025-09-23 03:35:00+00:00,983.095703125,983.1346435546875,981.6665649414062,981.94482421875,6713856
2025-09-23 03:40:00+00:00,981.6091918945312,981.939208984375,981.5162353515625,981.830322265625,0
2025-09-23 03:45:00+00:00,983.6317749023438,983.6317749023438,981.4271850585938,981.4271850585938,0
2025-09-23 03:50:00+00:00,983.6911010742188,983.7496337890625,983.5624389648438,983.6073608398438,0
2025-09-23 03:55:00+00:00,983.5549926757812,983.6678466796875,983.4789428710938,983.4789428710938,0
2025-09-23 04:00:00+00:00,983.938720703125,983.938720703125,983.6754760742188,983.6754760742188,0
2025-09-23 04:05:00+00:00,984.920654296875,985.4879150390625,984.8545532226562,985.326904296875,618496
2025-09-23 04:10:00+00:00,981.8377075195312,984.1090087890625,981.8377075195312,984.1090087890625,0
2025-09-23 04:15:00+00:00,982.0162963867188,982.0162963867188,981.770751953125,981.8573608398438,0
2025-09-23 04:20:00+00:00,981.7340087890625,982.1469116210938,981.7340087890625,982.1469116210938,0
2025-09-23 04:25:00+00:00,980.8915405273438,981.4777221679688,980.8915405273438,981.4505004882812,0
2025-09-23 04:30:00+00:00,979.03759765625,980.920654296875,979.03759765625,980.920654296875,0
2025-09-23 04:35:00+00:00,979.7369995117188,979.7369995117188,979.2893676757812,979.2893676757812,472064
2025-09-23 04:40:00+00:00,983.0460205078125,983.110595703125,981.426025390625,981.4395751953125,0
2025-09-23 04:45:00+00:00,981.4816284179688,983.086669921875,981.4816284179688,983.086669921875,0
2025-09-23 04:50:00+00:00,982.1441650390625,982.2276611328125,981.5393676757812,981.5393676757812,1638400
2025-09-23 04:55:00+00:00,982.2734375,982.2734375,982.0319213867188,982.1033935546875,0
2025-09-23 05:00:00+00:00,983.7376098632812,983.7376098632812,982.2583618164062,982.2583618164062,0
2025-09-23 05:05:00+00:00,981.5342407226562,983.486083984375,981.5342407226562,983.486083984375,0
2025-09-23 05:10:00+00:00,982.610107421875,982.6839599609375,981.5240478515625,981.5240478515625,4024320
2025-09-23 05:15:00+00:00,984.7416381835938,985.5537719726562,982.5200805664062,982.5200805664062,4070912
2025-09-23 05:20:00+00:00,985.0270385742188,985.188232421875,984.7061157226562,984.7061157226562,2770944
2025-09-23 05:25:00+00:00,985.3095092773438,985.3095092773438,984.83349609375,984.83349609375,1972224
2025-09-23 05:30:00+00:00,987.7923583984375,987.7923583984375,985.3380737304688,985.3380737304688,2463744
2025-09-23 05:35:00+00:00,988.2666015625,988.2666015625,987.7125854492188,987.9066162109375,1085952
2025-09-23 05:40:00+00:00,989.2349243164062,989.2349243164062,988.7898559570312,988.7898559570312,0
2025-09-23 05:45:00+00:00,988.7626342773438,989.2225952148438,988.7626342773438,989.2225952148438,0
2025-09-23 05:50:00+00:00,988.2241821289062,988.7239379882812,988.2241821289062,988.65966796875,2273280
2025-09-23 05:55:00+00:00,988.36279296875,988.36279296875,987.9706420898438,987.9953002929688,0
2025-09-23 06:00:00+00:00,989.10498046875,989.4805908203125,988.4097290039062,988.4097290039062,0
2025-09-23 06:05:00+00:00,990.1503295898438,990.1503295898438,989.2941284179688,989.2941284179688,0
2025-09-23 06:10:00+00:00,994.7537841796875,994.8339233398438,993.7630004882812,993.7630004882812,0
2025-09-23 06:15:00+00:00,992.8585205078125,994.662109375,992.8585205078125,994.662109375,0
2025-09-23 06:20:00+00:00,993.2233276367188,993.2233276367188,992.885498046875,992.9107055664062,0
2025-09-23 06:25:00+00:00,993.4852294921875,993.9483642578125,993.3507690429688,993.9483642578125,0
2025-09-23 06:30:00+00:00,994.4774780273438,994.4774780273438,993.4805297851562,993.4805297851562,0
2025-09-23 06:35:00+00:00,995.6866455078125,995.883544921875,994.5581665039062,994.6452026367188,0
2025-09-23 06:40:00+00:00,995.0338745117188,995.3340454101562,994.8486938476562,995.3340454101562,0
2025-09-23 06:45:00+00:00,995.2615356445312,995.2615356445312,994.4816284179688,995.0946655273438,0
2025-09-23 06:50:00+00:00,996.37255859375,996.37255859375,995.3636474609375,995.3636474609375,2814976
2025-09-23 06:55:00+00:00,997.736083984375,997.8301391601562,996.6887817382812,996.6887817382812,6107904
2025-09-23 07:00:00+00:00,997.0047607421875,997.0047607421875,996.9664306640625,996.9732055664062,0
2025-09-23 07:05:00+00:00,996.8596801757812,996.8596801757812,996.4586791992188,996.4586791992188,1907200
2025-09-23 07:10:00+00:00,998.4740600585938,998.4740600585938,997.8825073242188,997.8825073242188,1347328
2025-09-23 07:15:00+00:00,999.264892578125,999.5835571289062,998.5718994140625,998.5718994140625,3507968
2025-09-23 07:20:00+00:00,1002.8096923828125,1002.8096923828125,999.523681640625,999.712158203125,15151360
2025-09-23 07:25:00+00:00,999.791259765625,1004.3558349609375,999.7259521484375,1004.3558349609375,17556992
2025-09-23 07:30:00+00:00,1002.71826171875,1002.71826171875,1000.31494140625,1000.31494140625,0
2025-09-23 07:35:00+00:00,1004.8965454101562,1005.13720703125,1002.8497314453125,1002.8497314453125,4634112
2025-09-23 07:40:00+00:00,1003.2034301757812,1004.2984619140625,1002.7510986328125,1004.2984619140625,11368960
2025-09-23 07:45:00+00:00,1003.4418334960938,1003.6087646484375,1002.9309692382812,1002.9309692382812,3276800
2025-09-23 07:50:00+00:00,1003.7560424804688,1003.7727661132812,1003.3716430664062,1003.3716430664062,3966464
2025-09-23 07:55:00+00:00,1003.0543212890625,1003.4000854492188,1003.0543212890625,1003.3297729492188,0
2025-09-23 08:00:00+00:00,1004.3700561523438,1004.3700561523438,1002.7102661132812,1002.7102661132812,0
2025-09-23 08:05:00+00:00,1004.339599609375,1004.3700561523438,1003.7857666015625,1004.3700561523438,4250624
2025-09-23 08:10:00+00:00,1007.232421875,1007.232421875,1005.59521484375,1005.59521484375,12484608
2025-09-23 08:15:00+00:00,1010.643798828125,1010.643798828125,1007.2581176757812,1007.2581176757812,1537024
2025-09-23 08:20:00+00:00,1012.035400390625,1012.732666015625,1010.7318115234375,1010.76123046875,16205824
2025-09-23 08:25:00+00:00,1010.1124877929688,1011.0520629882812,1010.1124877929688,1011.0520629882812,6934016
2025-09-23 08:30:00+00:00,1008.0607299804688,1010.0100708007812,1008.0607299804688,1010.0100708007812,0
2025-09-23 08:35:00+00:00,1008.3033447265625,1008.3033447265625,1007.9006958007812,1007.9191284179688,211456
2025-09-23 08:40:00+00:00,1008.4707641601562,1008.6566162109375,1008.4707641601562,1008.6566162109375,0
2025-09-23 08:45:00+00:00,1006.2760620117188,1008.1027221679688,1006.2760620117188,1008.1027221679688,6917120
2025-09-23 08:50:00+00:00,1005.3901977539062,1006.2588500976562,1005.2389526367188,1006.2588500976562,0
2025-09-23 08:55:00+00:00,1004.8969116210938,1005.2733154296875,1004.8969116210938,1005.2557983398438,0
2025-09-23 09:00:00+00:00,1004.0426635742188,1004.895751953125,1004.0426635742188,1004.895751953125,0
2025-09-23 09:05:00+00:00,1005.0846557617188,1005.0846557617188,1004.0225830078125,1004.0225830078125,2331136
2025-09-23 09:10:00+00:00,1007.5459594726562,1007.7476806640625,1006.43603515625,1006.43603515625,5293056
2025-09-23 09:15:00+00:00,1006.8250732421875,1007.983154296875,1006.8250732421875,1007.7100219726562,0
2025-09-23 09:20:00+00:00,1005.9544677734375,1006.6264038085938,1005.9544677734375,1006.6264038085938,0
2025-09-23 09:25:00+00:00,1003.7455444335938,1005.0455932617188,1003.7455444335938,1005.0455932617188,0
2025-09-23 09:30:00+00:00,1003.45947265625,1004.1351318359375,1003.45947265625,1003.9039306640625,0
2025-09-23 09:35:00+00:00,1003.6491088867188,1003.660400390625,1003.4213256835938,1003.606689453125,448512
2025-09-23 09:40:00+00:00,1003.837158203125,1003.84619140625,1003.7347412109375,1003.84619140625,0
2025-09-23 09:45:00+00:00,1001.1954345703125,1004.0167846679688,1001.1954345703125,1003.84033203125,0
2025-09-23 09:50:00+00:00,1000.3992919921875,1001.039794921875,1000.2227783203125,1001.039794921875,0
2025-09-23 09:55:00+00:00,1001.2717895507812,1001.4374389648438,1001.2717895507812,1001.43017578125,0
2025-09-23 10:00:00+00:00,1000.2765502929688,1001.2194213867188,999.958251953125,1001.2194213867188,0
2025-09-23 10:05:00+00:00,999.1651000976562,1000.083984375,999.0989990234375,1000.083984375,0
2025-09-23 10:10:00+00:00,999.5921020507812,999.695068359375,999.1159057617188,999.1159057617188,0
2025-09-23 10:15:00+00:00,1001.7073974609375,1001.7073974609375,999.68798828125,999.68798828125,0
2025-09-23 10:20:00+00:00,1001.248046875,1001.6181030273438,1000.5983276367188,1001.6181030273438,710400
2025-09-23 10:25:00+00:00,1002.5567626953125,1002.7658081054688,1002.5347290039062,1002.7044677734375,2302976
2025-09-23 10:30:00+00:00,1003.5029907226562,1003.5029907226562,1002.420166015625,1002.5202026367188,854272
2025-09-23 10:35:00+00:00,1004.7281494140625,1004.9049682617188,1003.6815795898438,1003.6815795898438,4416256
2025-09-23 10:40:00+00:00,1004.2918090820312,1004.8228149414062,1004.1405029296875,1004.8228149414062,5352448
2025-09-23 10:45:00+00:00,1005.8107299804688,1005.8107299804688,1004.3919067382812,1004.3919067382812,0
2025-09-23 10:50:00+00:00,1005.7116088867188,1006.0123901367188,1005.7116088867188,1005.8125610351562,0
2025-09-23 10:55:00+00:00,1005.4725341796875,1005.5859375,1005.4725341796875,1005.5859375,0
2025-09-23 11:00:00+00:00,1004.8448486328125,1005.45068359375,1004.8448486328125,1005.45068359375,0
2025-09-23 11:05:00+00:00,1004.0960693359375,1004.751708984375,1004.0960693359375,1004.720947265625,718592
2025-09-23 11:10:00+00:00,1003.5982055664062,1003.600830078125,1003.347412109375,1003.5789184570312,0
2025-09-23 11:15:00+00:00,1004.7620849609375,1004.7620849609375,1003.6453247070312,1003.6453247070312,0
2025-09-23 11:20:00+00:00,1004.4876098632812,1004.785888671875,1004.4876098632812,1004.785888671875,0
2025-09-23 11:25:00+00:00,1003.7735595703125,1003.8146362304688,1003.7093505859375,1003.8146362304688,0
2025-09-23 11:30:00+00:00,1004.4755859375,1004.4755859375,1003.5199584960938,1003.7941284179688,0
2025-09-23 11:35:00+00:00,1005.4630737304688,1005.4630737304688,1004.4398803710938,1004.4675903320312,0
2025-09-23 11:40:00+00:00,1008.177001953125,1008.177001953125,1006.784912109375,1006.784912109375,5582592
2025-09-23 11:45:00+00:00,1010.058349609375,1010.0817260742188,1008.4088745117188,1008.4088745117188,3987200
2025-09-23 11:50:00+00:00,1009.3771362304688,1010.0048828125,1009.0286865234375,1010.0048828125,0
2025-09-23 11:55:00+00:00,1009.6322021484375,1009.8869018554688,1009.5662841796875,1009.8869018554688,4667392
2025-09-23 12:00:00+00:00,1011.3135375976562,1011.3135375976562,1009.6217651367188,1009.6217651367188,0
2025-09-23 12:05:00+00:00,1012.5687255859375,1012.5687255859375,1011.5543212890625,1011.5543212890625,15754752
2025-09-23 12:10:00+00:00,1013.1362915039062,1013.1362915039062,1012.5905151367188,1012.8226318359375,8894976
2025-09-23 12:15:00+00:00,1015.0985107421875,1015.0985107421875,1013.2686767578125,1013.2686767578125,0
2025-09-23 12:20:00+00:00,1013.4157104492188,1014.9970092773438,1013.4157104492188,1014.9970092773438,2542336
2025-09-23 12:25:00+00:00,1012.1360473632812,1012.411865234375,1012.1360473632812,1012.2747192382812,102656
2025-09-23 12:30:00+00:00,1013.3556518554688,1013.3556518554688,1011.8016967773438,1011.8016967773438,5070080
2025-09-23 12:35:00+00:00,1014.064453125,1014.064453125,1013.3231201171875,1013.3231201171875,858624
2025-09-23 12:40:00+00:00,1015.453125,1015.453125,1014.6796875,1014.6796875,9865472
2025-09-23 12:45:00+00:00,1020.893798828125,1020.893798828125,1015.4927368164062,1015.4927368164062,36747264
2025-09-23 12:50:00+00:00,1021.3970947265625,1021.3970947265625,1020.9942016601562,1021.03466796875,19420160
2025-09-23 12:55:00+00:00,1019.4122314453125,1020.328125,1019.4122314453125,1020.328125,11573248
2025-09-23 13:00:00+00:00,1019.0322875976562,1019.51123046875,1019.0046997070312,1019.51123046875,0
2025-09-23 13:05:00+00:00,1017.1866455078125,1017.7425537109375,1016.5050659179688,1017.7425537109375,2614784
2025-09-23 13:10:00+00:00,1019.4735717773438,1019.4735717773438,1018.0139770507812,1018.0139770507812,13697024
2025-09-23 13:15:00+00:00,1018.2545166015625,1019.9473266601562,1018.2545166015625,1019.5031127929688,6193152
2025-09-23 13:20:00+00:00,1019.2384033203125,1019.2384033203125,1018.2899780273438,1018.2899780273438,4740096
2025-09-23 13:25:00+00:00,1020.7219848632812,1020.7219848632812,1020.2379150390625,1020.2379150390625,7509504
2025-09-23 13:30:00+00:00,1020.5297241210938,1021.232666015625,1020.5297241210938,1020.5704345703125,8217088
2025-09-23 13:35:00+00:00,1021.0188598632812,1021.782470703125,1020.9496459960938,1020.9496459960938,0
2025-09-23 13:40:00+00:00,1017.9710693359375,1019.7923583984375,1017.9710693359375,1019.7923583984375,0
2025-09-23 13:45:00+00:00,1018.7811889648438,1018.7811889648438,1018.1531982421875,1018.1531982421875,278016
2025-09-23 13:50:00+00:00,1017.6458740234375,1018.7744140625,1017.6458740234375,1018.7744140625,141824
2025-09-23 13:55:00+00:00,1017.0859375,1017.1827392578125,1016.9097900390625,1016.9097900390625,2889728
2025-09-23 14:00:00+00:00,1017.7920532226562,1017.7920532226562,1017.3304443359375,1017.3304443359375,0
2025-09-23 14:05:00+00:00,1020.033203125,1020.033203125,1019.0054321289062,1019.0054321289062,5189120
2025-09-23 14:10:00+00:00,1020.9531860351562,1021.0593872070312,1020.3909912109375,1020.4642944335938,2573824
2025-09-23 14:15:00+00:00,1020.4421997070312,1020.9483032226562,1020.4421997070312,1020.9483032226562,0
2025-09-23 14:20:00+00:00,1019.7767333984375,1020.5155029296875,1019.7162475585938,1020.5155029296875,0
2025-09-23 14:25:00+00:00,1018.139892578125,1018.5944213867188,1018.0936889648438,1018.5944213867188,0
2025-09-23 14:30:00+00:00,1018.3788452148438,1018.5320434570312,1018.2080688476562,1018.2080688476562,5758464
2025-09-23 14:35:00+00:00,1015.3118286132812,1018.2929077148438,1015.2388305664062,1018.2929077148438,4405248
2025-09-23 14:40:00+00:00,1016.607666015625,1016.7440185546875,1015.3861083984375,1015.3861083984375,9487360
2025-09-23 14:45:00+00:00,1015.2096557617188,1016.5346069335938,1015.2096557617188,1016.5346069335938,0
2025-09-23 14:50:00+00:00,1014.8844604492188,1015.6595458984375,1014.8309936523438,1015.6595458984375,0
2025-09-23 14:55:00+00:00,1015.2442626953125,1015.391845703125,1014.5748901367188,1014.5748901367188,3993088
2025-09-23 15:00:00+00:00,1013.177490234375,1015.0272827148438,1013.177490234375,1015.0272827148438,0
2025-09-23 15:05:00+00:00,1012.802490234375,1012.9838256835938,1011.4011840820312,1011.4011840820312,0
2025-09-23 15:10:00+00:00,1017.8655395507812,1017.9030151367188,1013.8215942382812,1013.8215942382812,5855744
2025-09-23 15:15:00+00:00,1019.618408203125,1019.618408203125,1017.8776245117188,1017.8776245117188,6298112
2025-09-23 15:20:00+00:00,1020.0360717773438,1020.0360717773438,1019.3836059570312,1019.4059448242188,3126272
2025-09-23 15:25:00+00:00,1024.953125,1024.970947265625,1022.1659545898438,1022.2665405273438,24011776
2025-09-23 15:30:00+00:00,1022.9497680664062,1024.9049072265625,1022.9497680664062,1024.9049072265625,0
2025-09-23 15:35:00+00:00,1022.8660888671875,1023.1517333984375,1022.8377685546875,1023.0723266601562,0
2025-09-23 15:40:00+00:00,1022.9464111328125,1023.0330810546875,1022.78466796875,1022.820556640625,1360384
2025-09-23 15:45:00+00:00,1023.935546875,1023.935546875,1023.02392578125,1023.02392578125,0
2025-09-23 15:50:00+00:00,1025.2271728515625,1025.79052734375,1024.0120849609375,1024.0120849609375,2459136
2025-09-23 15:55:00+00:00,1022.8701171875,1023.4583129882812,1022.7456665039062,1023.4583129882812,0
2025-09-23 16:00:00+00:00,1023.0662841796875,1023.6366577148438,1022.8929443359375,1022.8929443359375,0
2025-09-23 16:05:00+00:00,1023.2826538085938,1023.5069580078125,1023.1279296875,1023.2431640625,0
2025-09-23 16:10:00+00:00,1021.3082885742188,1021.6805419921875,1021.2896118164062,1021.58251953125,0
2025-09-23 16:15:00+00:00,1023.374755859375,1023.374755859375,1021.9097290039062,1021.9097290039062,0
2025-09-23 16:20:00+00:00,1023.4759521484375,1023.8447265625,1023.4402465820312,1023.4402465820312,113920
2025-09-23 16:25:00+00:00,1023.406982421875,1023.4415283203125,1022.9207153320312,1022.9207153320312,0
2025-09-23 16:30:00+00:00,1021.832763671875,1023.357421875,1021.832763671875,1023.357421875,0
2025-09-23 16:35:00+00:00,1021.7298583984375,1022.0415649414062,1021.1668701171875,1022.0415649414062,0
2025-09-23 16:40:00+00:00,1020.1533813476562,1021.3209838867188,1020.1533813476562,1021.3209838867188,0
2025-09-23 16:45:00+00:00,1022.8538818359375,1022.8538818359375,1020.2232666015625,1020.2232666015625,0
2025-09-23 16:50:00+00:00,1023.76171875,1023.975830078125,1022.8710327148438,1022.8710327148438,294400
2025-09-23 16:55:00+00:00,1025.8402099609375,1026.2174072265625,1025.8402099609375,1026.2174072265625,3078400
2025-09-23 17:00:00+00:00,1022.0802001953125,1025.70458984375,1022.0802001953125,1025.70458984375,0
2025-09-23 17:05:00+00:00,1021.502197265625,1022.3460083007812,1021.502197265625,1021.9857788085938,0
2025-09-23 17:10:00+00:00,1020.4278564453125,1020.6709594726562,1020.4278564453125,1020.6709594726562,0
2025-09-23 17:15:00+00:00,1020.7261352539062,1020.7261352539062,1020.0254516601562,1020.3126831054688,0
2025-09-23 17:20:00+00:00,1021.537353515625,1021.537353515625,1020.7103271484375,1020.7103271484375,0
2025-09-23 17:25:00+00:00,1021.2628173828125,1022.6689453125,1021.2628173828125,1022.6689453125,0
2025-09-23 17:30:00+00:00,1020.9564208984375,1020.9564208984375,1020.5862426757812,1020.5912475585938,0
2025-09-23 17:35:00+00:00,1020.4526977539062,1020.7537841796875,1020.3240356445312,1020.7537841796875,0
2025-09-23 17:40:00+00:00,1017.8352661132812,1019.021240234375,1017.8352661132812,1019.021240234375,0
2025-09-23 17:45:00+00:00,1019.2498168945312,1019.2498168945312,1017.2718505859375,1017.7657470703125,1800960
2025-09-23 17:50:00+00:00,1018.1480712890625,1019.2659301757812,1018.1480712890625,1019.2659301757812,2843136
2025-09-23 17:55:00+00:00,1014.0154418945312,1016.4437255859375,1014.0154418945312,1016.4437255859375,4148480
2025-09-23 18:00:00+00:00,1015.2498168945312,1015.2498168945312,1014.0537719726562,1014.0537719726562,104704
2025-09-23 18:05:00+00:00,1014.4114990234375,1015.0231323242188,1014.1992797851562,1014.8214111328125,2891776
2025-09-23 18:10:00+00:00,1014.8924560546875,1014.8924560546875,1014.4653930664062,1014.794189453125,4603904
2025-09-23 18:15:00+00:00,1015.2990112304688,1016.0912475585938,1015.0052490234375,1015.0052490234375,3743232
2025-09-23 18:20:00+00:00,1014.3314208984375,1015.1243896484375,1014.2913818359375,1015.1243896484375,0
2025-09-23 18:25:00+00:00,1013.9528198242188,1014.069580078125,1013.7579956054688,1013.7579956054688,3656704
2025-09-23 18:30:00+00:00,1013.1032104492188,1013.8028564453125,1012.9396362304688,1013.8028564453125,1050112
2025-09-23 18:35:00+00:00,1011.994873046875,1013.0375366210938,1011.9644775390625,1013.0375366210938,0
2025-09-23 18:40:00+00:00,1011.3330688476562,1011.5748291015625,1011.282470703125,1011.282470703125,212224
2025-09-23 18:45:00+00:00,1009.8853759765625,1011.2354736328125,1009.8853759765625,1011.2354736328125,8857344
2025-09-23 18:50:00+00:00,1008.8446655273438,1009.7639770507812,1008.8446655273438,1009.7639770507812,1981184
2025-09-23 18:55:00+00:00,1010.0584716796875,1010.0584716796875,1009.0347900390625,1009.0347900390625,6471936
2025-09-23 19:00:00+00:00,1011.8907470703125,1011.8907470703125,1010.0709228515625,1010.0709228515625,328192
2025-09-23 19:05:00+00:00,1014.19873046875,1014.2490234375,1013.3331909179688,1013.3331909179688,0
2025-09-23 19:10:00+00:00,1014.8209838867188,1014.8209838867188,1013.7774047851562,1013.7774047851562,2663424
2025-09-23 19:15:00+00:00,1015.0743408203125,1015.3312377929688,1015.001953125,1015.001953125,1252864
2025-09-23 19:20:00+00:00,1014.5958251953125,1014.88671875,1014.5317993164062,1014.88671875,720128
2025-09-23 19:25:00+00:00,1013.8572998046875,1014.0736694335938,1013.8271484375,1013.9362182617188,1976832
2025-09-23 19:30:00+00:00,1012.764404296875,1013.9063720703125,1012.764404296875,1013.9063720703125,0
2025-09-23 19:35:00+00:00,1010.98095703125,1012.6780395507812,1010.9323120117188,1012.6780395507812,0
2025-09-23 19:40:00+00:00,1010.7469482421875,1010.84521484375,1010.7469482421875,1010.84521484375,0
2025-09-23 19:45:00+00:00,1009.0398559570312,1010.6878662109375,1009.0398559570312,1010.6878662109375,0
2025-09-23 19:50:00+00:00,1008.2640380859375,1008.8065185546875,1007.8626098632812,1008.8065185546875,0
2025-09-23 19:55:00+00:00,1008.6568603515625,1008.6568603515625,1008.4163818359375,1008.5580444335938,0
2025-09-23 20:00:00+00:00,1011.3047485351562,1011.3047485351562,1009.3362426757812,1009.3362426757812,0
2025-09-23 20:05:00+00:00,1011.0714111328125,1011.4491577148438,1011.0714111328125,1011.3668212890625,0
2025-09-23 20:10:00+00:00,1011.6617431640625,1011.809326171875,1010.664306640625,1010.664306640625,272128
2025-09-23 20:15:00+00:00,1011.6753540039062,1011.6753540039062,1011.5125732421875,1011.5148315429688,0
2025-09-23 20:20:00+00:00,1010.70751953125,1011.5750122070312,1010.70751953125,1011.5750122070312,0
2025-09-23 20:25:00+00:00,1009.785400390625,1010.0609130859375,1009.785400390625,1010.0260620117188,783872
2025-09-23 20:30:00+00:00,1010.1826782226562,1010.1826782226562,1009.3609619140625,1009.3609619140625,0
2025-09-23 20:35:00+00:00,1010.3548583984375,1010.3548583984375,1009.8373413085938,1010.02294921875,0
2025-09-23 20:40:00+00:00,1012.66259765625,1012.66259765625,1011.8638305664062,1011.9069213867188,209920
2025-09-23 20:45:00+00:00,1013.0134887695312,1013.817626953125,1012.7587890625,1012.7587890625,0
2025-09-23 20:50:00+00:00,1013.2261352539062,1013.2996826171875,1012.779052734375,1012.779052734375,1269760
2025-09-23 20:55:00+00:00,1013.6079711914062,1013.6079711914062,1013.2001953125,1013.2001953125,0
2025-09-23 21:00:00+00:00,1014.1399536132812,1014.1399536132812,1013.7338256835938,1013.7338256835938,0
2025-09-23 21:05:00+00:00,1014.7819213867188,1014.9264526367188,1014.0513305664062,1014.0513305664062,0
2025-09-23 21:10:00+00:00,1015.0901489257812,1015.0901489257812,1014.9794921875,1015.0856323242188,0
2025-09-23 21:15:00+00:00,1015.0634765625,1015.0634765625,1014.2120361328125,1014.9251708984375,0
2025-09-23 21:20:00+00:00,1014.0733032226562,1014.8043212890625,1014.0733032226562,1014.8043212890625,0
2025-09-23 21:25:00+00:00,1016.1415405273438,1016.1415405273438,1013.8956298828125,1013.8956298828125,2757120
2025-09-23 21:30:00+00:00,1018.1060791015625,1018.1060791015625,1017.2862548828125,1017.2978515625,0
2025-09-23 21:35:00+00:00,1019.3858642578125,1019.6531372070312,1018.2734375,1018.2734375,3959040
2025-09-23 21:40:00+00:00,1019.2005004882812,1019.3470458984375,1018.770263671875,1018.770263671875,0
2025-09-23 21:45:00+00:00,1018.5494384765625,1019.1392822265625,1018.5067749023438,1019.1392822265625,0
2025-09-23 21:50:00+00:00,1017.911376953125,1018.450439453125,1017.8839111328125,1018.4364624023438,0
2025-09-23 21:55:00+00:00,1019.6027221679688,1019.6027221679688,1018.9880981445312,1018.9880981445312,0
2025-09-23 22:00:00+00:00,1018.5556640625,1020.3187866210938,1018.5556640625,1019.790283203125,0
2025-09-23 22:05:00+00:00,1018.989501953125,1019.0989990234375,1018.7205810546875,1018.7205810546875,2322176
2025-09-23 22:10:00+00:00,1019.1700439453125,1019.2453002929688,1018.738525390625,1018.738525390625,3650816
2025-09-23 22:15:00+00:00,1018.6288452148438,1019.143798828125,1018.6288452148438,1019.143798828125,391680
2025-09-23 22:20:00+00:00,1018.8079223632812,1018.8242797851562,1018.6043090820312,1018.6043090820312,200704
2025-09-23 22:25:00+00:00,1017.2289428710938,1018.364990234375,1017.2289428710938,1018.364990234375,428544
2025-09-23 22:30:00+00:00,1017.3008422851562,1017.3008422851562,1016.1085815429688,1017.1478881835938,266496
2025-09-23 22:35:00+00:00,1017.2705688476562,1017.41650390625,1017.2612915039062,1017.3585205078125,0
2025-09-23 22:40:00+00:00,1018.18408203125,1018.18408203125,1017.2973022460938,1017.3358154296875,759808
2025-09-23 22:45:00+00:00,1018.0755615234375,1019.0488891601562,1018.0755615234375,1018.19091796875,0
2025-09-23 22:50:00+00:00,1017.8804321289062,1018.136962890625,1017.8804321289062,1018.136962890625,0
2025-09-23 22:55:00+00:00,1017.2174072265625,1017.4230346679688,1017.2174072265625,1017.3173828125,0
2025-09-23 23:00:00+00:00,1016.4110107421875,1017.2203979492188,1016.4110107421875,1017.2203979492188,0
2025-09-23 23:05:00+00:00,1017.1702270507812,1017.1702270507812,1016.517578125,1016.517578125,2032896
2025-09-23 23:10:00+00:00,1017.7758178710938,1018.2359619140625,1017.7758178710938,1018.2359619140625,2063616
2025-09-23 23:15:00+00:00,1017.693115234375,1017.9072875976562,1017.6409912109375,1017.7394409179688,0
2025-09-23 23:20:00+00:00,1016.07568359375,1017.6090087890625,1016.07568359375,1017.6090087890625,635904
2025-09-23 23:25:00+00:00,1013.8614501953125,1015.3714599609375,1013.8614501953125,1015.3714599609375,0
2025-09-23 23:30:00+00:00,1014.039306640625,1014.039306640625,1013.0469970703125,1013.6356811523438,0
2025-09-23 23:35:00+00:00,1015.3058471679688,1015.3058471679688,1014.152587890625,1014.1812744140625,0
2025-09-23 23:40:00+00:00,1015.927001953125,1016.1821899414062,1015.7869873046875,1016.0662231445312,48640
2025-09-23 23:45:00+00:00,1017.124267578125,1017.124267578125,1015.927490234375,1015.927490234375,1078272
2025-09-23 23:50:00+00:00,1017.8021240234375,1017.906982421875,1017.1376342773438,1017.1376342773438,876288
2025-09-23 23:55:00+00:00,1016.998291015625,1017.250732421875,1016.998291015625,1017.22998046875,243712
2025-09-24 00:00:00+00:00,1017.6217041015625,1017.6217041015625,1016.7796020507812,1017.0181274414062,0
2025-09-24 00:05:00+00:00,1016.7283325195312,1017.5159301757812,1016.7283325195312,1017.5159301757812,0
2025-09-24 00:10:00+00:00,1016.38818359375,1016.3883056640625,1015.81787109375,1015.9111328125,8732160
2025-09-24 00:15:00+00:00,1017.8115234375,1017.8115234375,1016.4956665039062,1016.4956665039062,6352128
2025-09-24 00:20:00+00:00,1020.6119384765625,1020.6119384765625,1017.8718872070312,1017.8718872070312,14357760
2025-09-24 00:25:00+00:00,1021.6981811523438,1023.6394653320312,1021.6981811523438,1023.6394653320312,7881984
2025-09-24 00:30:00+00:00,1020.932373046875,1021.653076171875,1020.932373046875,1021.653076171875,85504
2025-09-24 00:35:00+00:00,1020.0400390625,1020.9124755859375,1019.8584594726562,1020.850830078125,148992
2025-09-24 00:40:00+00:00,1020.3042602539062,1020.5298461914062,1020.2957763671875,1020.4168090820312,0
2025-09-24 00:45:00+00:00,1020.791748046875,1021.1707153320312,1020.3626098632812,1020.3626098632812,0
2025-09-24 00:50:00+00:00,1019.6903686523438,1020.8892822265625,1019.6903686523438,1020.8892822265625,0
2025-09-24 00:55:00+00:00,1017.6903076171875,1019.1417236328125,1017.6903076171875,1019.1417236328125,1608704
2025-09-24 01:00:00+00:00,1017.0712890625,1017.6697387695312,1017.0712890625,1017.6697387695312,546816
2025-09-24 01:05:00+00:00,1018.8087158203125,1018.8087158203125,1016.9747924804688,1016.9747924804688,2278400
2025-09-24 01:10:00+00:00,1020.1176147460938,1020.2822265625,1019.8545532226562,1019.8545532226562,1101568
2025-09-24 01:15:00+00:00,1021.1123046875,1021.1123046875,1020.2025756835938,1020.2025756835938,0
2025-09-24 01:20:00+00:00,1021.5717163085938,1021.5717163085938,1021.064453125,1021.066162109375,178688
2025-09-24 01:25:00+00:00,1022.61572265625,1022.61572265625,1021.6318359375,1021.6318359375,3314688
2025-09-24 01:30:00+00:00,1023.0230102539062,1023.0230102539062,1022.573486328125,1022.573486328125,0
2025-09-24 01:35:00+00:00,1023.9915161132812,1023.9915161132812,1022.898681640625,1022.898681640625,2996736
2025-09-24 01:40:00+00:00,1024.9185791015625,1025.455322265625,1024.9185791015625,1025.455322265625,13424128
2025-09-24 01:45:00+00:00,1025.2633056640625,1025.2633056640625,1024.05126953125,1024.8319091796875,1735936
2025-09-24 01:50:00+00:00,1025.3072509765625,1025.34326171875,1025.2667236328125,1025.281982421875,42752
2025-09-24 01:55:00+00:00,1024.769287109375,1025.2489013671875,1024.769287109375,1025.2489013671875,0
2025-09-24 02:00:00+00:00,1023.9921875,1024.7001953125,1023.9921875,1024.7001953125,0
2025-09-24 02:05:00+00:00,1023.74658203125,1023.9763793945312,1023.74658203125,1023.9763793945312,0
2025-09-24 02:10:00+00:00,1022.0949096679688,1023.3216552734375,1022.0949096679688,1023.3216552734375,0
2025-09-24 02:15:00+00:00,1017.717041015625,1021.929443359375,1017.717041015625,1021.929443359375,0
2025-09-24 02:20:00+00:00,1017.7684326171875,1017.8905029296875,1017.2133178710938,1017.8905029296875,3696384
2025-09-24 02:25:00+00:00,1019.3187866210938,1019.39892578125,1018.8621215820312,1018.8665771484375,3743488
2025-09-24 02:30:00+00:00,1018.96533203125,1019.5958251953125,1018.96533203125,1019.3890380859375,0
2025-09-24 02:35:00+00:00,1018.0635375976562,1018.80615234375,1017.8215942382812,1018.80615234375,0
2025-09-24 02:40:00+00:00,1018.4346923828125,1018.4579467773438,1018.271484375,1018.3493041992188,0
2025-09-24 02:45:00+00:00,1019.218505859375,1019.218505859375,1018.4327392578125,1018.4327392578125,0
2025-09-24 02:50:00+00:00,1018.72021484375,1019.0596313476562,1018.72021484375,1019.0596313476562,22350848
2025-09-24 02:55:00+00:00,1018.5083618164062,1018.6057739257812,1017.7451782226562,1017.7451782226562,0
2025-09-24 03:00:00+00:00,1020.6466674804688,1020.6466674804688,1018.4080200195312,1018.4080200195312,0
2025-09-24 03:05:00+00:00,1020.5803833007812,1021.1361083984375,1020.4595947265625,1020.7208251953125,0
2025-09-24 03:10:00+00:00,1018.9609375,1019.261962890625,1018.7579956054688,1019.239990234375,0
2025-09-24 03:15:00+00:00,1019.3243408203125,1019.934814453125,1018.9492797851562,1018.9492797851562,0
2025-09-24 03:20:00+00:00,1018.0643310546875,1019.304443359375,1018.038330078125,1019.304443359375,0
2025-09-24 03:25:00+00:00,1016.7811279296875,1018.1622924804688,1016.7811279296875,1017.736083984375,0
2025-09-24 03:30:00+00:00,1014.185546875,1016.3052368164062,1014.1683349609375,1016.3052368164062,5759744
2025-09-24 03:35:00+00:00,1012.0848999023438,1013.7125854492188,1012.0848999023438,1013.7125854492188,3300608
2025-09-24 03:40:00+00:00,1011.3977661132812,1011.7069091796875,1011.3074951171875,1011.7069091796875,6034688
2025-09-24 03:45:00+00:00,1006.3989868164062,1011.314697265625,1006.3989868164062,1011.314697265625,13550848
2025-09-24 03:50:00+00:00,1004.8935546875,1006.0128784179688,1004.4325561523438,1006.0128784179688,5888000
2025-09-24 03:55:00+00:00,1003.9528198242188,1005.3817749023438,1003.9528198242188,1005.3817749023438,8346624
2025-09-24 04:00:00+00:00,1002.754638671875,1003.9779663085938,1002.754638671875,1003.9779663085938,0
2025-09-24 04:05:00+00:00,998.1270141601562,1002.71630859375,998.1270141601562,1002.7139892578125,10869760
2025-09-24 04:10:00+00:00,996.14697265625,997.6143188476562,995.7184448242188,997.45654296875,27460352
2025-09-24 04:15:00+00:00,999.3220825195312,999.3220825195312,996.3531494140625,996.3531494140625,23917824
2025-09-24 04:20:00+00:00,997.385986328125,998.8851928710938,997.385986328125,998.8851928710938,5965056
2025-09-24 04:25:00+00:00,1000.396484375,1000.396484375,996.72119140625,996.72119140625,14595584
2025-09-24 04:30:00+00:00,1007.8818359375,1007.8818359375,1006.9049682617188,1007.4547119140625,24858880
2025-09-24 04:35:00+00:00,1008.9412231445312,1008.9598388671875,1007.8258056640625,1007.8258056640625,4158464
2025-09-24 04:40:00+00:00,1010.6386108398438,1010.6386108398438,1009.792724609375,1010.0980834960938,5683456
2025-09-24 04:45:00+00:00,1009.069580078125,1010.369384765625,1009.069580078125,1010.369384765625,3687424
2025-09-24 04:50:00+00:00,1008.001220703125,1008.9680786132812,1008.001220703125,1008.9373779296875,270336
2025-09-24 04:55:00+00:00,1007.9195556640625,1007.9296875,1007.7100830078125,1007.7100830078125,371200
2025-09-24 05:00:00+00:00,1010.467529296875,1010.467529296875,1008.1068725585938,1008.1068725585938,0
2025-09-24 05:05:00+00:00,1010.386474609375,1010.386474609375,1010.312744140625,1010.3311157226562,9148928
2025-09-24 05:10:00+00:00,1010.1890869140625,1010.1890869140625,1009.8831176757812,1010.1189575195312,0
2025-09-24 05:15:00+00:00,1010.0210571289062,1010.6864624023438,1010.0210571289062,1010.193359375,0
2025-09-24 05:20:00+00:00,1010.7539672851562,1010.7972412109375,1010.0811157226562,1010.0811157226562,0
2025-09-24 05:25:00+00:00,1015.4577026367188,1015.4625244140625,1013.546875,1013.546875,11113984
2025-09-24 05:30:00+00:00,1013.40087890625,1015.3192749023438,1013.40087890625,1015.3192749023438,6553856
2025-09-24 05:35:00+00:00,1013.6441650390625,1013.8290405273438,1013.3614501953125,1013.3614501953125,2728448
2025-09-24 05:40:00+00:00,1011.8856201171875,1013.2100219726562,1011.8856201171875,1013.2100219726562,6029056
2025-09-24 05:45:00+00:00,1012.9292602539062,1012.9292602539062,1011.1204833984375,1011.8428344726562,7658752
2025-09-24 05:50:00+00:00,1013.93017578125,1013.93017578125,1012.9674682617188,1013.1365966796875,175616
2025-09-24 05:55:00+00:00,1014.4581909179688,1014.482421875,1014.0637817382812,1014.12255859375,2583808
2025-09-24 06:00:00+00:00,1014.6387329101562,1014.6387329101562,1014.3223266601562,1014.4611206054688,0
2025-09-24 06:05:00+00:00,1014.8087768554688,1014.8087768554688,1014.6510620117188,1014.6841430664062,0
2025-09-24 06:10:00+00:00,1015.9439086914062,1016.0586547851562,1015.2724609375,1015.287841796875,0
2025-09-24 06:15:00+00:00,1015.1060791015625,1015.969482421875,1015.1044921875,1015.969482421875,0
2025-09-24 06:20:00+00:00,1013.8029174804688,1015.0452880859375,1013.8029174804688,1015.0452880859375,0
2025-09-24 06:25:00+00:00,1012.899658203125,1012.9715576171875,1012.2730102539062,1012.2730102539062,0
2025-09-24 06:30:00+00:00,1013.467041015625,1013.4743041992188,1012.9807739257812,1012.9807739257812,0
2025-09-24 06:35:00+00:00,1014.508056640625,1014.5217895507812,1013.549560546875,1013.549560546875,0
2025-09-24 06:40:00+00:00,1014.7650146484375,1015.02880859375,1014.6994018554688,1015.02880859375,0
2025-09-24 06:45:00+00:00,1016.3167114257812,1016.3167114257812,1014.857177734375,1014.857177734375,1134080
2025-09-24 06:50:00+00:00,1017.3607177734375,1017.3607177734375,1016.2301025390625,1016.2301025390625,0
2025-09-24 06:55:00+00:00,1017.3258666992188,1018.047607421875,1017.3258666992188,1018.047607421875,0
2025-09-24 07:00:00+00:00,1017.528076171875,1017.8764038085938,1017.528076171875,1017.8764038085938,0
2025-09-24 07:05:00+00:00,1016.8716430664062,1017.4320678710938,1016.8598022460938,1017.4320678710938,0
2025-09-24 07:10:00+00:00,1016.7697143554688,1016.9619750976562,1016.35791015625,1016.3738403320312,0
2025-09-24 07:15:00+00:00,1016.5586547851562,1016.7254028320312,1016.5586547851562,1016.7247314453125,0
2025-09-24 07:20:00+00:00,1017.1962280273438,1017.4338989257812,1016.6513061523438,1016.6513061523438,0
2025-09-24 07:25:00+00:00,1016.099609375,1017.325439453125,1016.099609375,1017.325439453125,0
2025-09-24 07:30:00+00:00,1016.94189453125,1016.94189453125,1016.0596923828125,1016.1084594726562,0
2025-09-24 07:35:00+00:00,1016.596923828125,1016.8799438476562,1016.596923828125,1016.8799438476562,0
2025-09-24 07:40:00+00:00,1017.7133178710938,1017.7593383789062,1016.1039428710938,1016.1220703125,0
2025-09-24 07:45:00+00:00,1018.4395141601562,1018.4395141601562,1017.6369018554688,1017.6859741210938,0
2025-09-24 07:50:00+00:00,1017.8399047851562,1018.4490356445312,1017.8353271484375,1018.4490356445312,0
2025-09-24 07:55:00+00:00,1017.5906982421875,1017.597412109375,1017.3787231445312,1017.3787231445312,0
2025-09-24 08:00:00+00:00,1018.99560546875,1018.99560546875,1018.1366577148438,1018.1487426757812,0
2025-09-24 08:05:00+00:00,1019.2180786132812,1019.2679443359375,1019.0880126953125,1019.0880126953125,0
2025-09-24 08:10:00+00:00,1019.0023803710938,1019.3847045898438,1018.9769897460938,1019.3847045898438,0
2025-09-24 08:15:00+00:00,1019.6414794921875,1019.9996337890625,1019.130126953125,1019.130126953125,0
2025-09-24 08:20:00+00:00,1019.0903930664062,1019.5997924804688,1018.858154296875,1019.5997924804688,0
2025-09-24 08:25:00+00:00,1019.1741333007812,1019.31103515625,1019.162353515625,1019.2498779296875,0
2025-09-24 08:30:00+00:00,1019.9508666992188,1019.9508666992188,1019.31396484375,1019.319580078125,0
2025-09-24 08:35:00+00:00,1019.7620239257812,1019.8271484375,1019.7135009765625,1019.8271484375,0
2025-09-24 08:40:00+00:00,1020.52587890625,1020.52587890625,1019.9326782226562,1019.9326782226562,0
2025-09-24 08:45:00+00:00,1022.4534301757812,1022.4534301757812,1020.8341674804688,1020.8341674804688,0
2025-09-24 08:50:00+00:00,1024.50341796875,1024.61669921875,1022.5647583007812,1022.5647583007812,17788160
2025-09-24 08:55:00+00:00,1026.3023681640625,1026.3023681640625,1025.1719970703125,1025.1719970703125,10176000
2025-09-24 09:00:00+00:00,1025.0238037109375,1026.2225341796875,1025.0238037109375,1026.059326171875,0
2025-09-24 09:05:00+00:00,1024.5628662109375,1025.0997314453125,1024.5628662109375,1025.0489501953125,1980160
2025-09-24 09:10:00+00:00,1023.746826171875,1023.8707275390625,1023.5162353515625,1023.827880859375,1736704
2025-09-24 09:15:00+00:00,1025.550048828125,1025.550048828125,1023.86669921875,1023.86669921875,0
2025-09-24 09:20:00+00:00,1025.06884765625,1025.6107177734375,1025.024169921875,1025.6107177734375,1986560
2025-09-24 09:25:00+00:00,1026.3651123046875,1026.3651123046875,1025.29052734375,1025.29052734375,2149632
2025-09-24 09:30:00+00:00,1031.257568359375,1031.257568359375,1026.44775390625,1026.44775390625,16084736
2025-09-24 09:35:00+00:00,1032.3388671875,1032.341552734375,1031.2269287109375,1031.2269287109375,8953088
2025-09-24 09:40:00+00:00,1033.8272705078125,1033.8653564453125,1032.721435546875,1032.7486572265625,14909184
2025-09-24 09:45:00+00:00,1032.82275390625,1033.8468017578125,1032.82275390625,1033.8468017578125,0
2025-09-24 09:50:00+00:00,1033.43798828125,1034.0010986328125,1032.91455078125,1032.91455078125,2655488
2025-09-24 09:55:00+00:00,1032.01513671875,1032.01513671875,1031.326416015625,1031.4683837890625,8584704
2025-09-24 10:00:00+00:00,1029.509765625,1032.3599853515625,1029.509765625,1032.0362548828125,12588288
2025-09-24 10:05:00+00:00,1028.1787109375,1029.487548828125,1028.1787109375,1029.487548828125,14103296
2025-09-24 10:10:00+00:00,1026.411865234375,1027.2005615234375,1026.411865234375,1027.2005615234375,12190208
2025-09-24 10:15:00+00:00,1026.690185546875,1026.690185546875,1026.4183349609375,1026.4183349609375,8014592
2025-09-24 10:20:00+00:00,1025.93408203125,1026.533935546875,1025.862060546875,1026.533935546875,10589696
2025-09-24 10:25:00+00:00,1021.5664672851562,1024.671630859375,1021.5664672851562,1024.671630859375,1825792
2025-09-24 10:30:00+00:00,1022.1918334960938,1022.1918334960938,1021.6793823242188,1021.7718505859375,1370368
2025-09-24 10:35:00+00:00,1023.1862182617188,1023.2322387695312,1022.2716064453125,1022.2716064453125,4988416
2025-09-24 10:40:00+00:00,1023.3057250976562,1024.001220703125,1023.3057250976562,1024.001220703125,0
2025-09-24 10:45:00+00:00,1023.6549682617188,1023.6549682617188,1022.9043579101562,1023.3118896484375,245504
2025-09-24 10:50:00+00:00,1023.9249267578125,1023.9249267578125,1023.5227661132812,1023.6720581054688,454144
2025-09-24 10:55:00+00:00,1024.227294921875,1024.357666015625,1024.2216796875,1024.357666015625,1994752
2025-09-24 11:00:00+00:00,1023.0318603515625,1024.0792236328125,1023.0318603515625,1024.0792236328125,1278208
2025-09-24 11:05:00+00:00,1023.0552368164062,1023.1345825195312,1022.968505859375,1022.968505859375,0
2025-09-24 11:10:00+00:00,1022.419677734375,1022.8941040039062,1022.419677734375,1022.8941040039062,1968128
2025-09-24 11:15:00+00:00,1021.1283569335938,1022.7275390625,1021.1283569335938,1022.4066162109375,5946112
2025-09-24 11:20:00+00:00,1019.5330810546875,1020.9166259765625,1019.4107055664062,1020.9166259765625,3229696
2025-09-24 11:25:00+00:00,1019.29443359375,1019.8590087890625,1019.29443359375,1019.8590087890625,3714816
2025-09-24 11:30:00+00:00,1017.7030029296875,1019.311767578125,1017.7030029296875,1019.311767578125,9358592
2025-09-24 11:35:00+00:00,1016.6405639648438,1017.6746826171875,1016.6405639648438,1017.6746826171875,6652928
2025-09-24 11:40:00+00:00,1014.21533203125,1014.4778442382812,1014.21533203125,1014.4778442382812,9617664
2025-09-24 11:45:00+00:00,1013.93017578125,1014.4371948242188,1013.93017578125,1014.2440795898438,1145344
2025-09-24 11:50:00+00:00,1014.11767578125,1014.212158203125,1013.9675903320312,1013.9675903320312,6095104
2025-09-24 11:55:00+00:00,1014.4622802734375,1014.4622802734375,1013.5767822265625,1013.5767822265625,0
2025-09-24 12:00:00+00:00,1017.9468994140625,1017.9468994140625,1014.5458984375,1014.5458984375,0
2025-09-24 12:05:00+00:00,1016.9945678710938,1017.9195556640625,1016.9945678710938,1017.9195556640625,0
2025-09-24 12:10:00+00:00,1016.7572631835938,1016.7908935546875,1016.472900390625,1016.472900390625,0
2025-09-24 12:15:00+00:00,1015.7183227539062,1016.6737060546875,1015.7183227539062,1016.6737060546875,0
2025-09-24 12:20:00+00:00,1016.2031860351562,1016.3270874023438,1015.7656860351562,1015.7656860351562,0
2025-09-24 12:25:00+00:00,1016.7673950195312,1016.7673950195312,1016.3768310546875,1016.3768310546875,0
2025-09-24 12:30:00+00:00,1017.8411865234375,1017.8411865234375,1016.7383422851562,1016.7383422851562,0
2025-09-24 12:35:00+00:00,1017.7930908203125,1018.30419921875,1017.7930908203125,1017.8886108398438,0
2025-09-24 12:40:00+00:00,1018.2293090820312,1018.2293090820312,1017.0840454101562,1017.0840454101562,0
2025-09-24 12:45:00+00:00,1018.1571655273438,1018.281494140625,1018.1571655273438,1018.1906127929688,0
2025-09-24 12:50:00+00:00,1017.8336791992188,1018.2060546875,1017.8336791992188,1018.2060546875,0
2025-09-24 12:55:00+00:00,1017.4562377929688,1017.4562377929688,1016.9242553710938,1016.9242553710938,0
2025-09-24 13:00:00+00:00,1017.3392944335938,1017.3556518554688,1017.3380126953125,1017.3410034179688,0
2025-09-24 13:05:00+00:00,1017.8672485351562,1017.8946533203125,1017.3342895507812,1017.3556518554688,0
2025-09-24 13:10:00+00:00,1017.304443359375,1017.9517822265625,1017.304443359375,1017.9517822265625,0
2025-09-24 13:15:00+00:00,1016.2645263671875,1017.302734375,1016.2645263671875,1017.302734375,0
2025-09-24 13:20:00+00:00,1016.3135375976562,1016.3135375976562,1015.8734741210938,1015.97021484375,0
2025-09-24 13:25:00+00:00,1017.235595703125,1017.235595703125,1017.0357055664062,1017.1254272460938,0
2025-09-24 13:30:00+00:00,1016.3709106445312,1017.0414428710938,1016.3709106445312,1017.0414428710938,0
2025-09-24 13:35:00+00:00,1016.3547973632812,1016.4856567382812,1016.3547973632812,1016.3915405273438,0
2025-09-24 13:40:00+00:00,1017.0291137695312,1017.0291137695312,1015.5503540039062,1015.5503540039062,0
2025-09-24 13:45:00+00:00,1015.9645385742188,1016.8888549804688,1015.9645385742188,1016.8049926757812,0
2025-09-24 13:50:00+00:00,1013.6019897460938,1015.7881469726562,1013.5702514648438,1015.7881469726562,5039616
2025-09-24 13:55:00+00:00,1010.8911743164062,1012.616943359375,1010.8911743164062,1012.616943359375,7538688
2025-09-24 14:00:00+00:00,1010.857666015625,1010.857666015625,1010.027099609375,1010.027099609375,10719232
2025-09-24 14:05:00+00:00,1010.6183471679688,1010.9292602539062,1010.5563354492188,1010.9292602539062,0
2025-09-24 14:10:00+00:00,1011.925048828125,1012.2425537109375,1010.8543090820312,1010.8543090820312,0
2025-09-24 14:15:00+00:00,1014.4724731445312,1014.4724731445312,1012.14794921875,1012.14794921875,6597120
2025-09-24 14:20:00+00:00,1013.7772216796875,1014.56884765625,1013.6234741210938,1014.56884765625,0
2025-09-24 14:25:00+00:00,1013.5266723632812,1013.5266723632812,1013.2307739257812,1013.2307739257812,0
2025-09-24 14:30:00+00:00,1014.1155395507812,1014.4577026367188,1013.6350708007812,1013.6350708007812,0
2025-09-24 14:35:00+00:00,1014.898681640625,1014.898681640625,1014.10986328125,1014.10986328125,0
2025-09-24 14:40:00+00:00,1015.8471069335938,1015.8471069335938,1015.4588012695312,1015.5272216796875,0
2025-09-24 14:45:00+00:00,1016.5248413085938,1016.5248413085938,1015.9549560546875,1015.9549560546875,0
2025-09-24 14:50:00+00:00,1018.427001953125,1018.427001953125,1016.6483154296875,1016.6483154296875,14839808
2025-09-24 14:55:00+00:00,1018.9137573242188,1020.042724609375,1018.9137573242188,1020.042724609375,9088256
2025-09-24 15:00:00+00:00,1018.562744140625,1018.7042846679688,1018.3719482421875,1018.7042846679688,0
2025-09-24 15:05:00+00:00,1015.7789306640625,1018.2990112304688,1015.7789306640625,1018.2990112304688,2728448
2025-09-24 15:10:00+00:00,1015.0830688476562,1015.5868530273438,1015.0830688476562,1015.4562377929688,0
2025-09-24 15:15:00+00:00,1015.8578491210938,1015.8578491210938,1015.1397094726562,1015.1397094726562,0
2025-09-24 15:20:00+00:00,1016.6382446289062,1016.6382446289062,1015.8775024414062,1015.8775024414062,0
2025-09-24 15:25:00+00:00,1016.5934448242188,1017.1597900390625,1016.4705810546875,1017.1597900390625,0
2025-09-24 15:30:00+00:00,1015.9689331054688,1016.5568237304688,1015.9689331054688,1016.5568237304688,0
2025-09-24 15:35:00+00:00,1015.786376953125,1015.9412841796875,1015.786376953125,1015.812255859375,0
2025-09-24 15:40:00+00:00,1014.9962158203125,1015.1947021484375,1014.9962158203125,1015.1947021484375,0
2025-09-24 15:45:00+00:00,1014.431884765625,1015.1072387695312,1014.431884765625,1015.0082397460938,0
2025-09-24 15:50:00+00:00,1013.2102661132812,1014.3175659179688,1013.0233764648438,1014.3175659179688,0
2025-09-24 15:55:00+00:00,1011.3314208984375,1012.4349975585938,1011.317626953125,1012.4349975585938,0
2025-09-24 16:00:00+00:00,1010.1906127929688,1010.25927734375,1010.0655517578125,1010.0655517578125,0
2025-09-24 16:05:00+00:00,1011.1043090820312,1011.1043090820312,1010.2425537109375,1010.2425537109375,428032
2025-09-24 16:10:00+00:00,1010.879638671875,1010.91455078125,1010.755859375,1010.755859375,0
2025-09-24 16:15:00+00:00,1012.720703125,1012.720703125,1011.02001953125,1011.02001953125,0
2025-09-24 16:20:00+00:00,1012.8218383789062,1012.8218383789062,1012.6461791992188,1012.6461791992188,0
2025-09-24 16:25:00+00:00,1013.1484985351562,1013.1956176757812,1013.0536499023438,1013.1189575195312,8976896
2025-09-24 16:30:00+00:00,1013.6026611328125,1013.6502075195312,1013.1575927734375,1013.1575927734375,0
2025-09-24 16:35:00+00:00,1014.7205810546875,1014.7205810546875,1013.6632690429688,1013.6632690429688,0
2025-09-24 16:40:00+00:00,1015.2651977539062,1015.4322509765625,1015.2651977539062,1015.312255859375,0
2025-09-24 16:45:00+00:00,1014.6851806640625,1015.1975708007812,1014.5408935546875,1015.1975708007812,5294592
2025-09-24 16:50:00+00:00,1013.58935546875,1014.6864624023438,1013.58935546875,1014.6864624023438,0
2025-09-24 16:55:00+00:00,1013.4353637695312,1013.7134399414062,1013.3527221679688,1013.6322021484375,0
2025-09-24 17:00:00+00:00,1014.0377197265625,1014.0377197265625,1013.551513671875,1013.551513671875,0
2025-09-24 17:05:00+00:00,1015.234375,1015.2693481445312,1014.2284545898438,1014.2284545898438,0
2025-09-24 17:10:00+00:00,1016.8443603515625,1016.8443603515625,1016.1557006835938,1016.1557006835938,2390528
2025-09-24 17:15:00+00:00,1017.5283813476562,1017.6521606445312,1017.1092529296875,1017.1092529296875,0
2025-09-24 17:20:00+00:00,1018.150634765625,1018.1611328125,1017.5738525390625,1017.5738525390625,2892288
2025-09-24 17:25:00+00:00,1018.4564819335938,1018.4564819335938,1018.031494140625,1018.031494140625,2702336
2025-09-24 17:30:00+00:00,1019.42138671875,1019.42138671875,1018.4990234375,1018.4990234375,0
2025-09-24 17:35:00+00:00,1019.0591430664062,1019.3296508789062,1018.9564819335938,1019.2953491210938,0
2025-09-24 17:40:00+00:00,1019.07666015625,1019.53173828125,1019.07666015625,1019.53173828125,0
2025-09-24 17:45:00+00:00,1016.651123046875,1019.0200805664062,1016.651123046875,1019.0200805664062,0
2025-09-24 17:50:00+00:00,1016.8615112304688,1016.8615112304688,1016.6690063476562,1016.6690063476562,0
2025-09-24 17:55:00+00:00,1017.2384033203125,1017.3607177734375,1017.0355834960938,1017.1719970703125,0
2025-09-24 18:00:00+00:00,1017.0755004882812,1017.2621459960938,1017.0755004882812,1017.2525024414062,0
2025-09-24 18:05:00+00:00,1017.4459838867188,1017.5125122070312,1017.2018432617188,1017.2018432617188,0
2025-09-24 18:10:00+00:00,1016.5215454101562,1017.2559814453125,1016.5215454101562,1017.2559814453125,0
2025-09-24 18:15:00+00:00,1015.4747924804688,1016.6068115234375,1015.4747924804688,1016.6017456054688,0
2025-09-24 18:20:00+00:00,1015.9207763671875,1015.9207763671875,1015.4453735351562,1015.4453735351562,0
2025-09-24 18:25:00+00:00,1015.8850708007812,1016.8508911132812,1015.8850708007812,1016.8508911132812,0
2025-09-24 18:30:00+00:00,1014.8677978515625,1015.7604370117188,1014.8677978515625,1015.7604370117188,0
2025-09-24 18:35:00+00:00,1014.9275512695312,1014.9275512695312,1014.7725219726562,1014.7725219726562,0
2025-09-24 18:40:00+00:00,1015.0131225585938,1015.0660400390625,1014.9342651367188,1015.0267944335938,0
2025-09-24 18:45:00+00:00,1015.1819458007812,1015.3156127929688,1015.0924072265625,1015.0924072265625,0
2025-09-24 18:50:00+00:00,1015.3419189453125,1015.3419189453125,1015.076904296875,1015.1705322265625,0
2025-09-24 18:55:00+00:00,1016.2268676757812,1016.2268676757812,1015.9617919921875,1015.9617919921875,0
2025-09-24 19:00:00+00:00,1015.987060546875,1016.2091674804688,1015.987060546875,1016.2091674804688,0
2025-09-24 19:05:00+00:00,1016.16796875,1016.3272705078125,1015.9267578125,1015.9267578125,0
2025-09-24 19:10:00+00:00,1015.698974609375,1016.0336303710938,1015.698974609375,1016.0065307617188,0
2025-09-24 19:15:00+00:00,1014.9188232421875,1015.6771850585938,1014.9188232421875,1015.6771850585938,0
2025-09-24 19:20:00+00:00,1015.11962890625,1015.1641235351562,1014.8873291015625,1014.8873291015625,0
2025-09-24 19:25:00+00:00,1015.8824462890625,1015.8824462890625,1015.43603515625,1015.43603515625,0
2025-09-24 19:30:00+00:00,1015.4349365234375,1015.8065185546875,1015.4349365234375,1015.7252807617188,0
2025-09-24 19:35:00+00:00,1015.6109008789062,1015.8088989257812,1015.502685546875,1015.5808715820312,0
2025-09-24 19:40:00+00:00,1015.296875,1015.3463745117188,1015.232421875,1015.3463745117188,0
2025-09-24 19:45:00+00:00,1016.0344848632812,1016.0344848632812,1015.4241333007812,1015.4241333007812,0
2025-09-24 19:50:00+00:00,1016.9526977539062,1017.0651245117188,1015.9580688476562,1015.9580688476562,0
2025-09-24 19:55:00+00:00,1016.7767944335938,1016.9627075195312,1016.7767944335938,1016.9627075195312,0
2025-09-24 20:00:00+00:00,1015.7821044921875,1016.5804443359375,1015.7821044921875,1016.5804443359375,0
2025-09-24 20:05:00+00:00,1015.0849609375,1015.8557739257812,1015.0115356445312,1015.8557739257812,0
2025-09-24 20:10:00+00:00,1015.6649780273438,1015.6649780273438,1015.2422485351562,1015.2422485351562,0
2025-09-24 20:15:00+00:00,1016.4580688476562,1016.4580688476562,1015.7105102539062,1015.7105102539062,0
2025-09-24 20:20:00+00:00,1017.3892822265625,1017.4037475585938,1016.602783203125,1016.602783203125,0
2025-09-24 20:25:00+00:00,1018.160888671875,1018.160888671875,1017.7918090820312,1017.7918090820312,508160
2025-09-24 20:30:00+00:00,1016.9085693359375,1018.04541015625,1016.9085693359375,1018.04541015625,0
2025-09-24 20:35:00+00:00,1016.754638671875,1017.025146484375,1016.754638671875,1016.9093627929688,0
2025-09-24 20:40:00+00:00,1016.577392578125,1016.577392578125,1016.3931274414062,1016.3931274414062,0
2025-09-24 20:45:00+00:00,1017.4248046875,1017.4248046875,1016.6234130859375,1016.6234130859375,0
2025-09-24 20:50:00+00:00,1017.7640380859375,1017.7640380859375,1017.5731201171875,1017.5731201171875,0
2025-09-24 20:55:00+00:00,1018.5361938476562,1018.55615234375,1018.2489624023438,1018.2489624023438,103424
2025-09-24 21:00:00+00:00,1018.1285400390625,1018.4877319335938,1018.1285400390625,1018.4674072265625,0
2025-09-24 21:05:00+00:00,1018.1322021484375,1018.2149047851562,1018.1322021484375,1018.1353759765625,0
2025-09-24 21:10:00+00:00,1018.2293090820312,1018.2293090820312,1017.8477783203125,1017.8477783203125,0
2025-09-24 21:15:00+00:00,1018.2059936523438,1018.4003295898438,1018.2059936523438,1018.2454833984375,0
2025-09-24 21:20:00+00:00,1018.2741088867188,1018.3209228515625,1018.2741088867188,1018.307861328125,0
2025-09-24 21:25:00+00:00,1017.4745483398438,1018.0680541992188,1017.4745483398438,1018.0680541992188,0
2025-09-24 21:30:00+00:00,1017.097412109375,1017.4686279296875,1017.097412109375,1017.4686279296875,0
2025-09-24 21:35:00+00:00,1016.3429565429688,1017.045166015625,1016.3429565429688,1017.045166015625,0
2025-09-24 21:40:00+00:00,1016.17431640625,1016.21240234375,1015.8551635742188,1015.868408203125,0
2025-09-24 21:45:00+00:00,1016.2879638671875,1016.3541870117188,1016.1767578125,1016.1767578125,0
2025-09-24 21:50:00+00:00,1016.2095336914062,1016.3412475585938,1016.2095336914062,1016.2835083007812,123904
2025-09-24 21:55:00+00:00,1015.5628051757812,1015.9600830078125,1015.5628051757812,1015.9600830078125,1792
2025-09-24 22:00:00+00:00,1016.1434326171875,1016.1434326171875,1014.5922241210938,1014.5922241210938,0
2025-09-24 22:05:00+00:00,1015.5307006835938,1015.9622192382812,1015.2261962890625,1015.9622192382812,0
2025-09-24 22:10:00+00:00,1017.1738891601562,1017.1738891601562,1016.013916015625,1016.013916015625,4378368
2025-09-24 22:15:00+00:00,1017.286376953125,1017.5259399414062,1017.1454467773438,1017.1454467773438,0
2025-09-24 22:20:00+00:00,1016.6531372070312,1017.1530151367188,1016.496826171875,1017.1109008789062,1454080
2025-09-24 22:25:00+00:00,1016.6409301757812,1016.7818603515625,1016.527099609375,1016.7408447265625,199168
2025-09-24 22:30:00+00:00,1017.428955078125,1017.428955078125,1016.779541015625,1016.779541015625,0
2025-09-24 22:35:00+00:00,1017.3722534179688,1017.5526733398438,1017.2989501953125,1017.5526733398438,838912
2025-09-24 22:40:00+00:00,1018.4942626953125,1018.4942626953125,1017.8745727539062,1017.92041015625,2445312
2025-09-24 22:45:00+00:00,1019.281005859375,1019.281005859375,1018.4021606445312,1018.4021606445312,3382784
2025-09-24 22:50:00+00:00,1017.94921875,1018.959228515625,1017.9425048828125,1018.959228515625,3477248
2025-09-24 22:55:00+00:00,1018.0127563476562,1018.0127563476562,1017.5109252929688,1017.5109252929688,3445760
2025-09-24 23:00:00+00:00,1019.0323486328125,1019.3307495117188,1018.1695556640625,1018.1695556640625,4243712
2025-09-24 23:05:00+00:00,1018.5695190429688,1019.1693115234375,1018.5695190429688,1019.1309204101562,0
2025-09-24 23:10:00+00:00,1018.0496215820312,1018.0496215820312,1017.5753173828125,1017.5753173828125,288768
2025-09-24 23:15:00+00:00,1018.0015258789062,1018.4306030273438,1018.0015258789062,1018.1229248046875,878080
2025-09-24 23:20:00+00:00,1017.4293823242188,1017.8665771484375,1017.4293823242188,1017.8665771484375,0
2025-09-24 23:25:00+00:00,1017.4927978515625,1017.5938720703125,1017.251220703125,1017.3433227539062,0
2025-09-24 23:30:00+00:00,1017.000732421875,1017.6173095703125,1017.000732421875,1017.4581298828125,0
2025-09-24 23:35:00+00:00,1017.1128540039062,1017.1128540039062,1016.8947143554688,1017.0076293945312,0
2025-09-24 23:40:00+00:00,1017.3440551757812,1017.5247802734375,1017.3440551757812,1017.514892578125,0
2025-09-24 23:45:00+00:00,1016.8761596679688,1017.3502807617188,1016.8761596679688,1017.3502807617188,0
2025-09-24 23:50:00+00:00,1016.9108276367188,1017.0098876953125,1016.814453125,1017.0098876953125,4543488
2025-09-24 23:55:00+00:00,1018.7796630859375,1018.7796630859375,1017.406494140625,1017.406494140625,7812608
2025-09-25 00:00:00+00:00,1018.9025268554688,1018.9025268554688,1018.6843872070312,1018.8875122070312,0
2025-09-25 00:05:00+00:00,1018.9606323242188,1018.9606323242188,1018.9126586914062,1018.9150390625,879872
2025-09-25 00:10:00+00:00,1019.8106689453125,1019.8106689453125,1019.3277587890625,1019.3638305664062,0
2025-09-25 00:15:00+00:00,1018.557373046875,1019.7940063476562,1018.557373046875,1019.7940063476562,0
2025-09-25 00:20:00+00:00,1017.673583984375,1018.5164184570312,1017.673583984375,1018.5164184570312,0
2025-09-25 00:25:00+00:00,1016.8424682617188,1017.294189453125,1016.7100830078125,1017.294189453125,0
2025-09-25 00:30:00+00:00,1017.8496704101562,1017.8496704101562,1016.585205078125,1016.6953735351562,242944
2025-09-25 00:35:00+00:00,1018.4268798828125,1018.4268798828125,1017.9266357421875,1017.9266357421875,1762816
2025-09-25 00:40:00+00:00,1018.4803466796875,1018.5457763671875,1018.0765380859375,1018.0765380859375,2664448
2025-09-25 00:45:00+00:00,1016.73779296875,1018.3699951171875,1016.73779296875,1018.3699951171875,2370816
2025-09-25 00:50:00+00:00,1017.3654174804688,1017.3796997070312,1016.8845825195312,1016.8845825195312,354560
2025-09-25 00:55:00+00:00,1017.475341796875,1017.6810302734375,1017.4359741210938,1017.4505004882812,1721088
2025-09-25 01:00:00+00:00,1016.728271484375,1017.3616333007812,1016.728271484375,1017.3616333007812,0
2025-09-25 01:05:00+00:00,1015.5802612304688,1016.3614501953125,1015.5467529296875,1016.3614501953125,1495808
2025-09-25 01:10:00+00:00,1015.143310546875,1015.1502685546875,1014.5286865234375,1014.5286865234375,2478592
2025-09-25 01:15:00+00:00,1013.1340942382812,1014.9217529296875,1013.1340942382812,1014.9217529296875,883456
2025-09-25 01:20:00+00:00,1012.4600219726562,1013.1021118164062,1012.4600219726562,1013.1021118164062,2481408
2025-09-25 01:25:00+00:00,1010.8798217773438,1011.7992553710938,1010.8798217773438,1011.7694702148438,7353088
2025-09-25 01:30:00+00:00,1009.2521362304688,1010.9522094726562,1009.2521362304688,1010.9522094726562,16941056
2025-09-25 01:35:00+00:00,1007.34912109375,1009.1376342773438,1007.34912109375,1009.1376342773438,18802432
2025-09-25 01:40:00+00:00,1004.8732299804688,1006.1433715820312,1004.7608032226562,1006.1433715820312,8551936
2025-09-25 01:45:00+00:00,1007.2199096679688,1007.2199096679688,1006.2609252929688,1006.2609252929688,10662912
2025-09-25 01:50:00+00:00,1005.6007080078125,1007.2323608398438,1005.44384765625,1007.2323608398438,4624384
2025-09-25 01:55:00+00:00,1004.9995727539062,1005.2679443359375,1004.9242553710938,1005.2679443359375,6804736
2025-09-25 02:00:00+00:00,1007.5470581054688,1007.5470581054688,1005.31884765625,1005.31884765625,4051456
2025-09-25 02:05:00+00:00,1008.65478515625,1009.1212158203125,1008.0188598632812,1008.0188598632812,6415616
2025-09-25 02:10:00+00:00,1008.83154296875,1008.93896484375,1008.212890625,1008.3452758789062,3126528
2025-09-25 02:15:00+00:00,1006.985595703125,1009.2575073242188,1006.985595703125,1008.806884765625,567808
2025-09-25 02:20:00+00:00,1005.0725708007812,1006.7897338867188,1005.0725708007812,1006.7897338867188,517888
2025-09-25 02:25:00+00:00,1007.2034912109375,1007.2034912109375,1005.3248901367188,1005.3248901367188,7029504
2025-09-25 02:30:00+00:00,1013.5430908203125,1013.5430908203125,1007.0515747070312,1007.0515747070312,14714112
2025-09-25 02:35:00+00:00,1011.5023193359375,1013.3228149414062,1011.5023193359375,1013.3228149414062,2384128
2025-09-25 02:40:00+00:00,1010.501708984375,1011.3521728515625,1010.4717407226562,1011.3521728515625,5776640
2025-09-25 02:45:00+00:00,1010.4926147460938,1010.4926147460938,1010.2091674804688,1010.48876953125,0
2025-09-25 02:50:00+00:00,1011.4713134765625,1011.5101928710938,1010.6762084960938,1010.6762084960938,0
2025-09-25 02:55:00+00:00,1010.6432495117188,1010.9390869140625,1010.6432495117188,1010.901123046875,0
2025-09-25 03:00:00+00:00,1007.6962890625,1010.5422973632812,1007.6962890625,1010.5422973632812,0
2025-09-25 03:05:00+00:00,1006.6014404296875,1007.667236328125,1006.6014404296875,1007.6444091796875,0
2025-09-25 03:10:00+00:00,1004.923583984375,1005.6614379882812,1004.923583984375,1005.6614379882812,0
2025-09-25 03:15:00+00:00,1004.3366088867188,1005.0045166015625,1004.3366088867188,1005.0045166015625,324352
2025-09-25 03:20:00+00:00,1003.1566772460938,1004.128173828125,1003.1566772460938,1004.128173828125,7022336
2025-09-25 03:25:00+00:00,1001.1792602539062,1003.1566772460938,1001.1792602539062,1003.1566772460938,4888320
2025-09-25 03:30:00+00:00,999.4555053710938,1001.0326538085938,999.3575439453125,1001.0326538085938,0
2025-09-25 03:35:00+00:00,999.3330078125,999.6395874023438,999.1661376953125,999.6395874023438,0
2025-09-25 03:40:00+00:00,999.181640625,999.4246826171875,999.181640625,999.4246826171875,0
2025-09-25 03:45:00+00:00,998.4789428710938,999.2206420898438,997.6792602539062,999.2206420898438,0
2025-09-25 03:50:00+00:00,999.0293579101562,999.0960083007812,998.4351196289062,998.4356079101562,0
2025-09-25 03:55:00+00:00,999.3428955078125,999.3428955078125,999.1590576171875,999.2196044921875,0
2025-09-25 04:00:00+00:00,999.4664916992188,999.6395874023438,999.4664916992188,999.6395874023438,0
2025-09-25 04:05:00+00:00,999.4906005859375,999.614501953125,999.37744140625,999.37744140625,0
2025-09-25 04:10:00+00:00,997.2991333007812,999.3973388671875,997.2991333007812,999.3973388671875,0
2025-09-25 04:15:00+00:00,994.2467651367188,997.310546875,994.2467651367188,997.310546875,0
2025-09-25 04:20:00+00:00,993.7060546875,994.2219848632812,993.4861450195312,994.2219848632812,10348032
2025-09-25 04:25:00+00:00,994.67822265625,994.67822265625,993.7911987304688,994.2373657226562,4520448
2025-09-25 04:30:00+00:00,991.483642578125,994.5006103515625,991.483642578125,994.48974609375,0
2025-09-25 04:35:00+00:00,990.3936157226562,991.5189819335938,990.3936157226562,991.5189819335938,751872
2025-09-25 04:40:00+00:00,988.9244995117188,989.5982055664062,988.83349609375,989.5870361328125,0
2025-09-25 04:45:00+00:00,992.2782592773438,992.2782592773438,989.4287719726562,989.4287719726562,14457600
2025-09-25 04:50:00+00:00,990.131591796875,992.0391235351562,990.131591796875,992.0391235351562,2767872
2025-09-25 04:55:00+00:00,988.8359985351562,988.8359985351562,987.9530029296875,988.5526733398438,9779456
2025-09-25 05:00:00+00:00,989.4127197265625,990.5711059570312,989.0343627929688,989.0343627929688,2090752
2025-09-25 05:05:00+00:00,992.054443359375,992.054443359375,989.9998779296875,989.9998779296875,10181632
2025-09-25 05:10:00+00:00,994.3421020507812,994.439453125,993.3522338867188,993.3522338867188,6177536
2025-09-25 05:15:00+00:00,995.1514892578125,995.1514892578125,994.157470703125,994.3060913085938,4234240
2025-09-25 05:20:00+00:00,996.2142944335938,996.2142944335938,994.96826171875,995.0540771484375,3096576
2025-09-25 05:25:00+00:00,996.8507690429688,997.3013916015625,996.8507690429688,997.24267578125,0
2025-09-25 05:30:00+00:00,995.3367919921875,995.6329956054688,995.3367919921875,995.5631103515625,0
2025-09-25 05:35:00+00:00,994.858154296875,995.345703125,994.720458984375,995.345703125,0
2025-09-25 05:40:00+00:00,995.4118041992188,995.4185180664062,995.0698852539062,995.0698852539062,0
2025-09-25 05:45:00+00:00,994.91455078125,995.4112548828125,994.91455078125,995.4094848632812,0
2025-09-25 05:50:00+00:00,996.380859375,996.5238037109375,995.104736328125,995.104736328125,0
2025-09-25 05:55:00+00:00,997.3733520507812,997.4237060546875,996.8312377929688,996.8312377929688,0
2025-09-25 06:00:00+00:00,996.3104858398438,997.3140869140625,996.3104858398438,997.3140869140625,0
2025-09-25 06:05:00+00:00,994.6536865234375,996.1417236328125,994.6536865234375,996.0593872070312,0
2025-09-25 06:10:00+00:00,993.3480224609375,993.9281005859375,993.3480224609375,993.9281005859375,0
2025-09-25 06:15:00+00:00,991.3766479492188,993.2306518554688,991.3766479492188,993.2306518554688,0
2025-09-25 06:20:00+00:00,993.5126342773438,993.8412475585938,992.1735229492188,992.1735229492188,9798400
2025-09-25 06:25:00+00:00,992.8035888671875,993.909423828125,992.8035888671875,993.909423828125,930048
2025-09-25 06:30:00+00:00,994.0032348632812,994.0032348632812,992.9440307617188,992.9440307617188,0
2025-09-25 06:35:00+00:00,993.70361328125,994.1203002929688,993.483154296875,994.1203002929688,0
2025-09-25 06:40:00+00:00,992.514404296875,994.361328125,992.514404296875,994.361328125,0
2025-09-25 06:45:00+00:00,991.4119262695312,992.2745971679688,991.2879028320312,992.2745971679688,42752
2025-09-25 06:50:00+00:00,991.1443481445312,991.3466796875,991.1443481445312,991.3466796875,0
2025-09-25 06:55:00+00:00,989.5624389648438,990.9449462890625,989.5624389648438,990.8934326171875,0
2025-09-25 07:00:00+00:00,988.2025146484375,989.5277099609375,988.2025146484375,989.5277099609375,0
2025-09-25 07:05:00+00:00,989.5595703125,989.8607177734375,988.3128051757812,988.3128051757812,8530944
2025-09-25 07:10:00+00:00,989.8414306640625,989.8414306640625,989.5950927734375,989.7186889648438,5426688
2025-09-25 07:15:00+00:00,992.07958984375,992.07958984375,989.708251953125,989.708251953125,3771648
2025-09-25 07:20:00+00:00,991.822021484375,991.9949340820312,991.6857299804688,991.9205322265625,2287360
2025-09-25 07:25:00+00:00,991.7942504882812,992.0570068359375,991.5939331054688,992.0570068359375,0
2025-09-25 07:30:00+00:00,992.0123901367188,992.1098022460938,991.7725219726562,991.7725219726562,1511424
2025-09-25 07:35:00+00:00,992.1414794921875,992.1414794921875,991.798583984375,991.798583984375,246784
2025-09-25 07:40:00+00:00,993.2011108398438,993.23291015625,992.7891845703125,992.7891845703125,1255424
2025-09-25 07:45:00+00:00,993.470947265625,993.5718383789062,993.2481079101562,993.2481079101562,1355008
2025-09-25 07:50:00+00:00,993.1011352539062,993.41357421875,993.1011352539062,993.4130249023438,1613056
2025-09-25 07:55:00+00:00,992.4522094726562,992.8855590820312,992.4522094726562,992.8855590820312,0
2025-09-25 08:00:00+00:00,993.5919799804688,993.5919799804688,992.5640258789062,992.5640258789062,0
2025-09-25 08:05:00+00:00,994.3654174804688,994.6830444335938,993.72216796875,993.72216796875,0
2025-09-25 08:10:00+00:00,994.3359985351562,994.3359985351562,993.8807983398438,993.8807983398438,295424
2025-09-25 08:15:00+00:00,995.0558471679688,995.0558471679688,994.8892822265625,994.8892822265625,0
2025-09-25 08:20:00+00:00,994.6348266601562,994.9985961914062,994.6065063476562,994.9556274414062,0
2025-09-25 08:25:00+00:00,995.1280517578125,995.1280517578125,994.3599243164062,994.4674682617188,0
2025-09-25 08:30:00+00:00,995.4218139648438,995.9264526367188,995.4218139648438,995.9264526367188,0
2025-09-25 08:35:00+00:00,995.1189575195312,995.4808349609375,995.1189575195312,995.4808349609375,0
2025-09-25 08:40:00+00:00,993.0355834960938,993.9002075195312,993.0355834960938,993.8184204101562,0
2025-09-25 08:45:00+00:00,991.50390625,993.1237182617188,991.50390625,993.1237182617188,0
2025-09-25 08:50:00+00:00,991.1765747070312,991.5565185546875,991.1765747070312,991.5565185546875,0
2025-09-25 08:55:00+00:00,989.8154296875,989.8735961914062,989.7123413085938,989.7129516601562,0
2025-09-25 09:00:00+00:00,991.9935302734375,991.9935302734375,989.974365234375,989.974365234375,0
2025-09-25 09:05:00+00:00,992.2499389648438,992.325439453125,991.5714111328125,991.7022094726562,0
2025-09-25 09:10:00+00:00,993.4303588867188,993.4303588867188,992.9397583007812,992.9397583007812,0
2025-09-25 09:15:00+00:00,995.5123291015625,995.5123291015625,993.4698486328125,993.4698486328125,1452544
2025-09-25 09:20:00+00:00,995.0173950195312,995.2756958007812,994.82666015625,995.2756958007812,0
2025-09-25 09:25:00+00:00,995.106689453125,995.3362426757812,995.106689453125,995.1182250976562,246784
2025-09-25 09:30:00+00:00,994.5997314453125,994.5997314453125,994.4703979492188,994.4703979492188,0
2025-09-25 09:35:00+00:00,995.3333129882812,995.4854736328125,995.3333129882812,995.4854736328125,0
2025-09-25 09:40:00+00:00,993.4356079101562,994.8681640625,993.4356079101562,994.8681640625,0
2025-09-25 09:45:00+00:00,991.5785522460938,993.394287109375,991.5785522460938,993.394287109375,0
2025-09-25 09:50:00+00:00,990.3927001953125,991.5278930664062,990.3927001953125,991.5278930664062,0
2025-09-25 09:55:00+00:00,989.9596557617188,990.2400512695312,989.9596557617188,990.225341796875,0
2025-09-25 10:00:00+00:00,989.917236328125,990.0254516601562,989.719482421875,990.0254516601562,0
2025-09-25 10:05:00+00:00,989.1920776367188,989.713134765625,989.04248046875,989.713134765625,0
2025-09-25 10:10:00+00:00,989.4160766601562,989.4467163085938,989.4160766601562,989.4241333007812,0
2025-09-25 10:15:00+00:00,989.2902221679688,989.9850463867188,989.2902221679688,989.9017333984375,0
2025-09-25 10:20:00+00:00,989.3557739257812,989.3841552734375,988.9901123046875,989.361328125,0
2025-09-25 10:25:00+00:00,988.9141845703125,989.935546875,988.9141845703125,989.935546875,0
2025-09-25 10:30:00+00:00,987.2525024414062,988.7710571289062,987.2525024414062,988.7710571289062,0
2025-09-25 10:35:00+00:00,987.1624755859375,987.368408203125,987.0387573242188,987.2789306640625,0
2025-09-25 10:40:00+00:00,986.4222412109375,986.8484497070312,986.4185180664062,986.8484497070312,0
2025-09-25 10:45:00+00:00,984.5999145507812,986.0427856445312,984.5999145507812,986.0427856445312,3184640
2025-09-25 10:50:00+00:00,983.40625,984.4931030273438,983.38818359375,984.4931030273438,2049536
2025-09-25 10:55:00+00:00,983.7427978515625,983.8314208984375,983.7047729492188,983.7969360351562,1905408
2025-09-25 11:00:00+00:00,984.5675048828125,984.5675048828125,983.6985473632812,983.6985473632812,0
2025-09-25 11:05:00+00:00,984.4946899414062,984.9124145507812,984.4830322265625,984.4830322265625,0
2025-09-25 11:10:00+00:00,982.6488647460938,983.7947998046875,982.6488647460938,983.6685180664062,0
2025-09-25 11:15:00+00:00,982.3745727539062,982.7107543945312,982.3086547851562,982.7107543945312,0
2025-09-25 11:20:00+00:00,982.7507934570312,982.7507934570312,982.4796142578125,982.4796142578125,2374656
2025-09-25 11:25:00+00:00,984.4229125976562,984.4229125976562,983.3589477539062,983.3589477539062,3289856
2025-09-25 11:30:00+00:00,986.355224609375,986.355224609375,984.6400146484375,984.6400146484375,0
2025-09-25 11:35:00+00:00,986.8289794921875,986.8289794921875,986.281005859375,986.281005859375,0
2025-09-25 11:40:00+00:00,987.1984252929688,987.1984252929688,986.6702270507812,986.6702270507812,0
2025-09-25 11:45:00+00:00,984.807861328125,986.4959716796875,984.807861328125,986.4959716796875,0
2025-09-25 11:50:00+00:00,985.0576171875,985.0576171875,984.6525268554688,984.6525268554688,0
2025-09-25 11:55:00+00:00,985.404296875,985.443115234375,985.404296875,985.4144287109375,0
2025-09-25 12:00:00+00:00,986.271240234375,986.271240234375,985.5568237304688,985.5568237304688,0
2025-09-25 12:05:00+00:00,986.4818725585938,986.4818725585938,986.1387939453125,986.3512573242188,0
2025-09-25 12:10:00+00:00,988.0167236328125,988.0167236328125,987.6222534179688,987.6622314453125,0
2025-09-25 12:15:00+00:00,987.6126708984375,988.4732055664062,987.6126708984375,988.2073974609375,25344
2025-09-25 12:20:00+00:00,987.8191528320312,987.8191528320312,987.39892578125,987.53466796875,0
2025-09-25 12:25:00+00:00,987.8572387695312,988.163330078125,987.8572387695312,988.163330078125,6449920
2025-09-25 12:30:00+00:00,984.975830078125,987.813232421875,984.5693359375,987.813232421875,28481024
2025-09-25 12:35:00+00:00,988.8710327148438,989.1702880859375,987.8045654296875,987.8045654296875,20457728
2025-09-25 12:40:00+00:00,988.2918701171875,988.2918701171875,987.2442626953125,987.2442626953125,5011456
2025-09-25 12:45:00+00:00,990.761474609375,990.761474609375,989.2243041992188,989.2243041992188,7748352
2025-09-25 12:50:00+00:00,992.447509765625,992.447509765625,991.0755004882812,991.0755004882812,23617792
2025-09-25 12:55:00+00:00,990.4951171875,992.3268432617188,990.4951171875,992.3268432617188,6701312
2025-09-25 13:00:00+00:00,989.781494140625,990.41748046875,989.781494140625,990.41748046875,599296
2025-09-25 13:05:00+00:00,987.4296875,988.4759521484375,987.4296875,988.4759521484375,15605504
2025-09-25 13:10:00+00:00,987.9131469726562,987.9131469726562,987.0198974609375,987.0198974609375,7610880
2025-09-25 13:15:00+00:00,993.4256591796875,993.4256591796875,990.07080078125,990.07080078125,17161472
2025-09-25 13:20:00+00:00,993.7803344726562,993.8350830078125,993.2540283203125,993.2540283203125,6046720
2025-09-25 13:25:00+00:00,993.6455078125,993.6930541992188,993.6455078125,993.6644287109375,6055424
2025-09-25 13:30:00+00:00,993.7223510742188,993.7223510742188,993.0933837890625,993.6695556640625,5413376
2025-09-25 13:35:00+00:00,992.5798950195312,994.4027099609375,992.5798950195312,994.4027099609375,8490752
2025-09-25 13:40:00+00:00,989.382080078125,991.0187377929688,989.382080078125,991.0187377929688,2155776
2025-09-25 13:45:00+00:00,989.6575317382812,989.6575317382812,988.6115112304688,988.6115112304688,28343808
2025-09-25 13:50:00+00:00,991.5215454101562,991.5215454101562,989.5515747070312,989.5515747070312,6912
2025-09-25 13:55:00+00:00,990.1353759765625,990.29736328125,990.0865478515625,990.2904052734375,0
2025-09-25 14:00:00+00:00,991.6905517578125,991.6905517578125,990.2489013671875,990.2489013671875,0
2025-09-25 14:05:00+00:00,994.2194213867188,994.4041748046875,991.8973388671875,991.8973388671875,6109952
2025-09-25 14:10:00+00:00,994.610595703125,995.0079345703125,994.5599365234375,995.0079345703125,2929920
2025-09-25 14:15:00+00:00,999.0489501953125,999.0489501953125,995.9179077148438,995.9179077148438,15347456
2025-09-25 14:20:00+00:00,999.5046997070312,999.8232421875,999.304931640625,999.304931640625,3520000
2025-09-25 14:25:00+00:00,998.5394897460938,998.9605102539062,998.5394897460938,998.9605102539062,2843648
2025-09-25 14:30:00+00:00,998.3215942382812,998.5382080078125,998.14794921875,998.5382080078125,6870272
2025-09-25 14:35:00+00:00,998.3353881835938,998.5958251953125,998.3353881835938,998.4927368164062,180480
2025-09-25 14:40:00+00:00,996.40771484375,997.247802734375,996.40771484375,997.247802734375,0
2025-09-25 14:45:00+00:00,997.3245239257812,997.3245239257812,996.4365234375,996.4365234375,0
2025-09-25 14:50:00+00:00,996.3820190429688,996.94873046875,996.2933959960938,996.94873046875,0
2025-09-25 14:55:00+00:00,996.1600341796875,996.2335815429688,995.7906494140625,995.7906494140625,0
2025-09-25 15:00:00+00:00,995.7151489257812,996.3487548828125,995.7151489257812,996.2058715820312,0
2025-09-25 15:05:00+00:00,995.3451538085938,995.7927856445312,995.3451538085938,995.7927856445312,0
2025-09-25 15:10:00+00:00,993.7691650390625,994.059326171875,993.660400390625,993.7949829101562,0
2025-09-25 15:15:00+00:00,993.8786010742188,993.8786010742188,993.2418823242188,993.645263671875,2890752
2025-09-25 15:20:00+00:00,992.3931274414062,993.7600708007812,992.3931274414062,993.7600708007812,0
2025-09-25 15:25:00+00:00,989.796630859375,991.3805541992188,989.796630859375,991.3805541992188,2387456
2025-09-25 15:30:00+00:00,991.1896362304688,991.1896362304688,989.92578125,989.92578125,1758208
2025-09-25 15:35:00+00:00,993.3353271484375,993.5966796875,991.1911010742188,991.1911010742188,9653760
2025-09-25 15:40:00+00:00,994.4192504882812,994.4192504882812,993.6626586914062,993.6626586914062,6734592
2025-09-25 15:45:00+00:00,994.886962890625,994.886962890625,994.3826904296875,994.4571533203125,3930880
2025-09-25 15:50:00+00:00,995.525634765625,996.0234375,994.8892822265625,994.8892822265625,3590400
2025-09-25 15:55:00+00:00,994.1337280273438,994.5030517578125,993.8146362304688,994.5030517578125,0
2025-09-25 16:00:00+00:00,996.1320190429688,996.1320190429688,994.3880615234375,994.3880615234375,0
2025-09-25 16:05:00+00:00,995.963134765625,996.0492553710938,995.8363037109375,996.0492553710938,0
2025-09-25 16:10:00+00:00,995.7893676757812,996.6068725585938,995.7893676757812,996.6068725585938,7451904
2025-09-25 16:15:00+00:00,992.43701171875,994.8165893554688,992.43701171875,994.8165893554688,0
2025-09-25 16:20:00+00:00,993.4663696289062,993.4857788085938,992.4564208984375,992.4564208984375,691968
2025-09-25 16:25:00+00:00,992.539794921875,993.8037719726562,992.4601440429688,993.8037719726562,0
2025-09-25 16:30:00+00:00,992.539306640625,992.539306640625,991.6495361328125,992.266357421875,708352
2025-09-25 16:35:00+00:00,992.7311401367188,992.7311401367188,992.5100708007812,992.5100708007812,10012928
2025-09-25 16:40:00+00:00,990.4568481445312,992.6903076171875,990.4568481445312,992.6903076171875,13235712
2025-09-25 16:45:00+00:00,988.1754760742188,990.5994873046875,988.1754760742188,990.4598999023438,6311424
2025-09-25 16:50:00+00:00,986.65673828125,988.0682373046875,986.65673828125,988.0682373046875,13866496
2025-09-25 16:55:00+00:00,981.0648803710938,985.5637817382812,980.8323364257812,985.5637817382812,43840512
2025-09-25 17:00:00+00:00,978.5286865234375,981.379150390625,978.5286865234375,981.379150390625,21051136
2025-09-25 17:05:00+00:00,976.8139038085938,978.8192138671875,976.8139038085938,978.8192138671875,22921216
2025-09-25 17:10:00+00:00,971.5726928710938,974.0858764648438,971.5726928710938,974.0858764648438,49763072
2025-09-25 17:15:00+00:00,968.9984130859375,971.448486328125,968.928466796875,971.448486328125,80440832
2025-09-25 17:20:00+00:00,967.2706298828125,968.7578125,966.53759765625,968.7578125,53092352
2025-09-25 17:25:00+00:00,969.284912109375,970.3599853515625,969.284912109375,969.6654052734375,100527104
2025-09-25 17:30:00+00:00,967.4971313476562,967.9627075195312,967.4971313476562,967.9627075195312,31100672
2025-09-25 17:35:00+00:00,964.0411376953125,965.9076538085938,963.9539184570312,965.7596435546875,60783104
2025-09-25 17:40:00+00:00,961.4711303710938,961.802490234375,961.4711303710938,961.6995239257812,30115840
2025-09-25 17:45:00+00:00,956.6561889648438,960.3283081054688,956.6561889648438,960.3283081054688,85061376
2025-09-25 17:50:00+00:00,957.377685546875,957.4329223632812,956.5285034179688,956.5285034179688,13636096
2025-09-25 17:55:00+00:00,955.1180419921875,955.9629516601562,955.1180419921875,955.9629516601562,36227328
2025-09-25 18:00:00+00:00,958.0745239257812,958.0745239257812,955.620849609375,955.620849609375,41637888
2025-09-25 18:05:00+00:00,959.772216796875,959.772216796875,957.9520263671875,957.9520263671875,16637696
2025-09-25 18:10:00+00:00,958.3759155273438,959.6755981445312,958.0406494140625,959.6755981445312,8418048
2025-09-25 18:15:00+00:00,961.1923828125,961.9120483398438,959.1578369140625,959.1578369140625,16393216
2025-09-25 18:20:00+00:00,963.824951171875,964.3511352539062,961.5062866210938,961.5062866210938,16871936
2025-09-25 18:25:00+00:00,964.9724731445312,964.9724731445312,964.3753662109375,964.399169921875,15299072
2025-09-25 18:30:00+00:00,964.4544067382812,964.9338989257812,964.4544067382812,964.9338989257812,8365568
2025-09-25 18:35:00+00:00,964.32958984375,964.5426025390625,964.228759765625,964.5426025390625,4853504
2025-09-25 18:40:00+00:00,966.376953125,966.376953125,964.7760620117188,964.7760620117188,13191168
2025-09-25 18:45:00+00:00,965.4588623046875,966.1968994140625,965.4588623046875,966.1968994140625,8782336
2025-09-25 18:50:00+00:00,966.341552734375,966.341552734375,965.6015014648438,965.6015014648438,7219200
2025-09-25 18:55:00+00:00,967.7837524414062,967.7837524414062,967.2708740234375,967.2813720703125,10596352
2025-09-25 19:00:00+00:00,967.8453369140625,968.4077758789062,967.7256469726562,967.7256469726562,5728256
2025-09-25 19:05:00+00:00,967.3422241210938,967.938720703125,967.3422241210938,967.938720703125,4096000
2025-09-25 19:10:00+00:00,965.9796752929688,966.4310302734375,965.9796752929688,966.4310302734375,428032
2025-09-25 19:15:00+00:00,965.7062377929688,965.7062377929688,965.1400146484375,965.1400146484375,3402752
2025-09-25 19:20:00+00:00,967.0408325195312,967.061767578125,965.9496459960938,965.9496459960938,4290560
2025-09-25 19:25:00+00:00,966.9078979492188,967.0347290039062,966.7496337890625,966.9166870117188,4614656
2025-09-25 19:30:00+00:00,966.5999145507812,967.1240234375,966.5999145507812,966.9591674804688,7057920
2025-09-25 19:35:00+00:00,966.2742309570312,966.4716186523438,966.2742309570312,966.4716186523438,3960320
2025-09-25 19:40:00+00:00,964.43408203125,965.7832641601562,964.1624145507812,965.7832641601562,1618944
2025-09-25 19:45:00+00:00,963.2608642578125,963.994140625,963.2608642578125,963.994140625,2330112
2025-09-25 19:50:00+00:00,961.2461547851562,963.2747192382812,961.1787109375,963.2747192382812,7030784
2025-09-25 19:55:00+00:00,959.2763061523438,960.0465698242188,959.2763061523438,960.0465698242188,15094272
2025-09-25 20:00:00+00:00,957.3456420898438,959.2301025390625,957.3456420898438,959.2301025390625,8669184
2025-09-25 20:05:00+00:00,957.8981323242188,958.00244140625,957.5732421875,957.5732421875,4815872
2025-09-25 20:10:00+00:00,956.7570190429688,957.3450927734375,956.755126953125,957.3450927734375,3454976
2025-09-25 20:15:00+00:00,957.9658203125,957.9658203125,956.5294799804688,956.5294799804688,11750400
2025-09-25 20:20:00+00:00,960.7691040039062,960.7691040039062,958.270263671875,958.270263671875,7469056
2025-09-25 20:25:00+00:00,959.5418090820312,960.1351318359375,959.4531860351562,960.1351318359375,1202688
2025-09-25 20:30:00+00:00,957.6596069335938,959.5252075195312,957.6596069335938,959.5252075195312,3540480
2025-09-25 20:35:00+00:00,956.74560546875,957.3356323242188,956.74560546875,957.3356323242188,2439680
2025-09-25 20:40:00+00:00,955.8298950195312,955.990478515625,955.8298950195312,955.990478515625,3974144
2025-09-25 20:45:00+00:00,957.8209838867188,957.8209838867188,955.9862060546875,955.9862060546875,8153088
2025-09-25 20:50:00+00:00,955.4473876953125,957.3466796875,955.3638305664062,957.3466796875,6455296
2025-09-25 20:55:00+00:00,953.7957763671875,954.6451416015625,953.7957763671875,954.6451416015625,4257792
2025-09-25 21:00:00+00:00,953.5595092773438,953.8067016601562,953.5595092773438,953.702392578125,5957120
2025-09-25 21:05:00+00:00,955.20166015625,955.20166015625,953.4772338867188,953.4772338867188,8444416
2025-09-25 21:10:00+00:00,958.2737426757812,958.2737426757812,957.3978881835938,957.439453125,8710144
2025-09-25 21:15:00+00:00,956.7857666015625,957.9097900390625,956.7857666015625,957.5150146484375,2781696
2025-09-25 21:20:00+00:00,957.9392700195312,958.0367431640625,956.9530029296875,956.9530029296875,6295040
2025-09-25 21:25:00+00:00,956.4129028320312,957.7887573242188,956.4129028320312,957.7887573242188,1242112
2025-09-25 21:30:00+00:00,954.7584228515625,956.300048828125,954.7584228515625,956.300048828125,1304576
2025-09-25 21:35:00+00:00,951.02880859375,953.116455078125,950.7684326171875,953.116455078125,14840832
2025-09-25 21:40:00+00:00,950.0462036132812,950.1372680664062,950.000732421875,950.1346435546875,6668288
2025-09-25 21:45:00+00:00,950.717529296875,951.3165893554688,950.2879028320312,950.2879028320312,4102144
2025-09-25 21:50:00+00:00,952.0702514648438,952.0702514648438,950.92626953125,950.92626953125,1893376
2025-09-25 21:55:00+00:00,954.3921508789062,954.7659301757812,953.6898803710938,953.6898803710938,3407360
2025-09-25 22:00:00+00:00,954.001953125,954.5399780273438,953.94921875,954.5399780273438,0
2025-09-25 22:05:00+00:00,951.4093627929688,953.3565063476562,951.0020751953125,953.3565063476562,0
2025-09-25 22:10:00+00:00,954.3956909179688,954.5639038085938,952.4466552734375,952.4466552734375,7404544
2025-09-25 22:15:00+00:00,957.2388916015625,957.2388916015625,954.8478393554688,954.8478393554688,5014528
2025-09-25 22:20:00+00:00,955.9627685546875,956.974365234375,955.9627685546875,956.974365234375,0
2025-09-25 22:25:00+00:00,954.97900390625,955.5965576171875,954.97900390625,955.5965576171875,0
2025-09-25 22:30:00+00:00,954.8992919921875,954.8992919921875,954.1477661132812,954.2415161132812,9544192
2025-09-25 22:35:00+00:00,954.5007934570312,955.0090942382812,954.5007934570312,954.9763793945312,3551232
2025-09-25 22:40:00+00:00,953.5475463867188,953.6541748046875,953.5475463867188,953.6541748046875,0
2025-09-25 22:45:00+00:00,949.7317504882812,953.54931640625,949.7317504882812,953.54931640625,5837824
2025-09-25 22:50:00+00:00,948.73828125,949.6361694335938,948.73828125,949.6361694335938,2537472
2025-09-25 22:55:00+00:00,947.6905517578125,948.4345703125,947.6905517578125,948.43310546875,15062528
2025-09-25 23:00:00+00:00,946.5721435546875,947.51708984375,946.5721435546875,947.51708984375,7196672
2025-09-25 23:05:00+00:00,950.0516967773438,950.1026611328125,947.483154296875,947.483154296875,11526656
2025-09-25 23:10:00+00:00,949.634521484375,950.2300415039062,949.634521484375,950.2300415039062,8057344
2025-09-25 23:15:00+00:00,946.8413696289062,949.6156616210938,946.8413696289062,949.6156616210938,10092544
2025-09-25 23:20:00+00:00,945.9700317382812,946.5623779296875,945.8939819335938,946.5623779296875,4703744
2025-09-25 23:25:00+00:00,945.5985717773438,946.4402465820312,945.2008666992188,946.4402465820312,12947456
2025-09-25 23:30:00+00:00,945.2449340820312,946.3212280273438,945.2449340820312,945.7137451171875,23109632
2025-09-25 23:35:00+00:00,943.5916748046875,945.1243896484375,943.3347778320312,945.1243896484375,13559296
2025-09-25 23:40:00+00:00,944.1093139648438,944.3448486328125,943.33544921875,943.433349609375,17820160
2025-09-25 23:45:00+00:00,945.8262939453125,945.8262939453125,944.44970703125,944.6513061523438,20298752
2025-09-25 23:50:00+00:00,946.0610961914062,946.1032104492188,945.8753051757812,945.8753051757812,1650688
2025-09-25 23:55:00+00:00,945.662353515625,945.662353515625,945.5325317382812,945.5325317382812,2543104
2025-09-26 00:00:00+00:00,948.3970947265625,948.3970947265625,945.754638671875,945.754638671875,0
2025-09-26 00:05:00+00:00,950.1429443359375,950.238525390625,948.43505859375,948.43505859375,9441280
2025-09-26 00:10:00+00:00,951.8489990234375,951.8919067382812,951.7457275390625,951.7822265625,9596416
2025-09-26 00:15:00+00:00,951.1928100585938,951.1928100585938,950.991943359375,951.0258178710938,14937088
2025-09-26 00:20:00+00:00,951.7543334960938,951.8583374023438,951.064453125,951.064453125,1688064
2025-09-26 00:25:00+00:00,952.8418579101562,952.8418579101562,951.3224487304688,951.3224487304688,5036032
2025-09-26 00:30:00+00:00,950.90087890625,952.648681640625,950.90087890625,952.6286010742188,1183232
2025-09-26 00:35:00+00:00,949.5984497070312,950.8939208984375,949.5984497070312,950.8939208984375,1119232
2025-09-26 00:40:00+00:00,948.645751953125,949.1119995117188,948.645751953125,949.1119995117188,0
2025-09-26 00:45:00+00:00,946.2257690429688,948.609130859375,946.2257690429688,948.609130859375,0
2025-09-26 00:50:00+00:00,949.4523315429688,949.4523315429688,947.3004760742188,947.3004760742188,8635392
2025-09-26 00:55:00+00:00,954.7911987304688,954.9186401367188,953.2193603515625,953.2193603515625,7900672
2025-09-26 01:00:00+00:00,955.2673950195312,955.66552734375,954.7935180664062,954.7935180664062,0
2025-09-26 01:05:00+00:00,955.7344360351562,956.0279541015625,955.1513671875,955.1513671875,1557504
2025-09-26 01:10:00+00:00,955.2869873046875,955.2869873046875,954.4918212890625,954.65380859375,1565184
2025-09-26 01:15:00+00:00,957.7202758789062,957.7202758789062,956.9872436523438,957.34423828125,8904192
2025-09-26 01:20:00+00:00,957.7113037109375,957.8203125,957.541015625,957.6557006835938,2280448
2025-09-26 01:25:00+00:00,957.0645751953125,957.8967895507812,956.96533203125,957.8967895507812,0
2025-09-26 01:30:00+00:00,957.1588745117188,957.1588745117188,956.0092163085938,956.9793701171875,0
2025-09-26 01:35:00+00:00,956.5177612304688,957.255859375,956.5177612304688,956.993896484375,0
2025-09-26 01:40:00+00:00,954.3380737304688,955.5457153320312,954.2608032226562,955.5457153320312,0
2025-09-26 01:45:00+00:00,955.7100830078125,955.7100830078125,954.0033569335938,954.3453369140625,0
2025-09-26 01:50:00+00:00,953.72021484375,955.3912963867188,953.407470703125,955.3912963867188,0
2025-09-26 01:55:00+00:00,952.5902709960938,953.76416015625,952.5468139648438,953.76416015625,0
2025-09-26 02:00:00+00:00,954.2454833984375,954.2454833984375,952.7351684570312,952.7351684570312,0
2025-09-26 02:05:00+00:00,954.878173828125,955.1931762695312,954.699951171875,954.699951171875,0
2025-09-26 02:10:00+00:00,951.821044921875,954.0164184570312,951.7611083984375,954.0164184570312,552448
2025-09-26 02:15:00+00:00,951.3226928710938,951.879150390625,951.2716064453125,951.879150390625,660992
2025-09-26 02:20:00+00:00,951.5928955078125,951.8880004882812,951.5928955078125,951.7304077148438,0
2025-09-26 02:25:00+00:00,949.922119140625,951.5841674804688,949.922119140625,951.5841674804688,0
2025-09-26 02:30:00+00:00,949.6486206054688,949.8681640625,948.9815063476562,949.8681640625,0
2025-09-26 02:35:00+00:00,950.2706909179688,950.2727661132812,949.5829467773438,949.6491088867188,0
2025-09-26 02:40:00+00:00,949.4854736328125,950.57763671875,949.4854736328125,950.57763671875,252416
2025-09-26 02:45:00+00:00,952.3656616210938,952.3656616210938,949.7982788085938,949.7982788085938,2016256
2025-09-26 02:50:00+00:00,951.7405395507812,952.9056396484375,951.7405395507812,952.4103393554688,10304000
2025-09-26 02:55:00+00:00,946.3944091796875,948.666259765625,946.3944091796875,948.666259765625,34526720
2025-09-26 03:00:00+00:00,942.9370727539062,945.512939453125,942.9370727539062,945.3491821289062,1632768
2025-09-26 03:05:00+00:00,942.3182983398438,943.1964111328125,942.1875,943.1964111328125,2370048
2025-09-26 03:10:00+00:00,943.4735717773438,943.4735717773438,942.443359375,942.443359375,3396608
2025-09-26 03:15:00+00:00,946.4514770507812,946.4514770507812,943.4915771484375,943.4915771484375,5584896
2025-09-26 03:20:00+00:00,946.68359375,947.1204223632812,946.3242797851562,946.3242797851562,4441600
2025-09-26 03:25:00+00:00,945.1739501953125,946.0232543945312,945.1739501953125,946.0104370117188,0
2025-09-26 03:30:00+00:00,944.0728149414062,945.1590576171875,944.0728149414062,945.1590576171875,0
2025-09-26 03:35:00+00:00,944.0885620117188,944.167236328125,943.9712524414062,943.9712524414062,0
2025-09-26 03:40:00+00:00,944.6766967773438,944.6766967773438,943.8085327148438,943.8085327148438,0
2025-09-26 03:45:00+00:00,944.3931274414062,944.9780883789062,944.3931274414062,944.7413330078125,0
2025-09-26 03:50:00+00:00,944.8482666015625,944.8482666015625,944.462890625,944.462890625,0
2025-09-26 03:55:00+00:00,946.1485595703125,946.1485595703125,945.6028442382812,945.6028442382812,51200
2025-09-26 04:00:00+00:00,946.1115112304688,946.1115112304688,946.013671875,946.0756225585938,0
2025-09-26 04:05:00+00:00,944.9112548828125,946.1176147460938,944.9112548828125,946.1176147460938,5919744
2025-09-26 04:10:00+00:00,945.1962280273438,945.3434448242188,944.153076171875,944.153076171875,0
2025-09-26 04:15:00+00:00,944.5890502929688,944.5890502929688,944.4754638671875,944.5170288085938,0
2025-09-26 04:20:00+00:00,946.7896728515625,946.7896728515625,944.5380859375,944.5380859375,0
2025-09-26 04:25:00+00:00,945.2095947265625,945.7959594726562,945.1361694335938,945.7959594726562,0
2025-09-26 04:30:00+00:00,942.7864990234375,944.9835205078125,942.7864990234375,944.9835205078125,0
2025-09-26 04:35:00+00:00,940.3489990234375,942.6591796875,940.3489990234375,942.6591796875,4088320
2025-09-26 04:40:00+00:00,937.870361328125,938.0425415039062,937.870361328125,938.0364379882812,0
2025-09-26 04:45:00+00:00,938.339111328125,938.5587768554688,938.0230712890625,938.0230712890625,0
2025-09-26 04:50:00+00:00,939.1505737304688,939.1810302734375,938.3294677734375,938.3294677734375,0
2025-09-26 04:55:00+00:00,938.7254028320312,938.8159790039062,938.7254028320312,938.810791015625,0
2025-09-26 05:00:00+00:00,938.75048828125,938.75048828125,938.6968383789062,938.741455078125,0
2025-09-26 05:05:00+00:00,940.2809448242188,940.2809448242188,938.8402099609375,938.8402099609375,0
2025-09-26 05:10:00+00:00,941.1975708007812,941.2052001953125,940.9896240234375,941.0882568359375,3078144
2025-09-26 05:15:00+00:00,942.445068359375,942.445068359375,941.11328125,941.11328125,0
2025-09-26 05:20:00+00:00,943.2122802734375,943.2122802734375,942.503662109375,942.53271484375,635904
2025-09-26 05:25:00+00:00,942.72021484375,943.5657348632812,942.5604858398438,943.5657348632812,884736
2025-09-26 05:30:00+00:00,942.6085205078125,942.8827514648438,942.6085205078125,942.7130737304688,0
2025-09-26 05:35:00+00:00,941.4313354492188,942.67333984375,941.4313354492188,942.67333984375,0
2025-09-26 05:40:00+00:00,940.2246704101562,940.470458984375,940.2246704101562,940.4620361328125,561152
2025-09-26 05:45:00+00:00,940.0630493164062,940.8475341796875,940.0630493164062,940.2500610351562,1713152
2025-09-26 05:50:00+00:00,938.4337768554688,939.9317016601562,938.4337768554688,939.9317016601562,728576
2025-09-26 05:55:00+00:00,940.0997924804688,940.0997924804688,938.3555297851562,938.3555297851562,6825472
2025-09-26 06:00:00+00:00,939.9436645507812,940.0693359375,939.9436645507812,940.0693359375,2662912
2025-09-26 06:05:00+00:00,939.3330688476562,939.6869506835938,939.3330688476562,939.4155883789062,4724224
2025-09-26 06:10:00+00:00,938.1622314453125,939.1016845703125,938.024169921875,939.0744018554688,2082304
2025-09-26 06:15:00+00:00,942.3090209960938,942.3090209960938,938.7841796875,938.7841796875,4867072
2025-09-26 06:20:00+00:00,943.998779296875,944.3403930664062,942.4310913085938,942.4310913085938,0
2025-09-26 06:25:00+00:00,945.0640258789062,945.0640258789062,944.3294067382812,944.3294067382812,1602048
2025-09-26 06:30:00+00:00,943.88037109375,944.8052978515625,943.88037109375,944.8052978515625,965120
2025-09-26 06:35:00+00:00,944.576416015625,944.6051025390625,943.85595703125,943.85595703125,0
2025-09-26 06:40:00+00:00,946.4710693359375,946.4710693359375,945.2396240234375,945.2396240234375,4653568
2025-09-26 06:45:00+00:00,945.0916137695312,946.584716796875,945.0916137695312,946.2960815429688,0
2025-09-26 06:50:00+00:00,945.0460815429688,945.3797607421875,945.0460815429688,945.0719604492188,3346944
2025-09-26 06:55:00+00:00,944.4977416992188,944.4977416992188,944.2677612304688,944.2677612304688,0
2025-09-26 07:00:00+00:00,944.3490600585938,944.4954223632812,944.3334350585938,944.4954223632812,0
2025-09-26 07:05:00+00:00,945.145263671875,945.2171630859375,944.3973999023438,944.3973999023438,0
2025-09-26 07:10:00+00:00,947.8377685546875,947.8377685546875,946.333984375,946.333984375,4529152
2025-09-26 07:15:00+00:00,949.0281982421875,949.0281982421875,947.864990234375,947.864990234375,1290240
2025-09-26 07:20:00+00:00,949.2383422851562,949.2383422851562,949.011474609375,949.0701904296875,0
2025-09-26 07:25:00+00:00,948.3048095703125,949.7066040039062,948.2936401367188,949.7066040039062,549376
2025-09-26 07:30:00+00:00,945.0945434570312,948.2886962890625,945.0945434570312,948.2886962890625,0
2025-09-26 07:35:00+00:00,945.8590698242188,945.8590698242188,945.1369018554688,945.1369018554688,3288576
2025-09-26 07:40:00+00:00,946.4002685546875,946.4635620117188,946.2715454101562,946.2793579101562,2760192
2025-09-26 07:45:00+00:00,947.6119384765625,947.6119384765625,946.4063720703125,946.4520263671875,7085056
2025-09-26 07:50:00+00:00,949.1559448242188,949.1559448242188,947.8824462890625,947.8824462890625,5985792
2025-09-26 07:55:00+00:00,948.8108520507812,949.1436767578125,948.5758056640625,949.1004638671875,5220864
2025-09-26 08:00:00+00:00,949.735595703125,949.9857177734375,948.7622680664062,948.7622680664062,1594368
2025-09-26 08:05:00+00:00,950.4888305664062,950.5083618164062,949.6932373046875,949.6932373046875,3684864
2025-09-26 08:10:00+00:00,950.0957641601562,950.4798583984375,950.0535888671875,950.4798583984375,0
2025-09-26 08:15:00+00:00,950.5201416015625,950.5201416015625,950.2455444335938,950.2455444335938,0
2025-09-26 08:20:00+00:00,950.4071655273438,950.5721435546875,950.4071655273438,950.5721435546875,799744
2025-09-26 08:25:00+00:00,949.4202270507812,949.7891845703125,949.263671875,949.75390625,596992
2025-09-26 08:30:00+00:00,950.5618286132812,950.5618286132812,949.6305541992188,949.6305541992188,3439616
2025-09-26 08:35:00+00:00,949.6254272460938,950.3269653320312,949.6254272460938,950.3269653320312,0
2025-09-26 08:40:00+00:00,948.704345703125,949.4263305664062,948.619384765625,949.41748046875,0
2025-09-26 08:45:00+00:00,948.8829345703125,949.1589965820312,948.8829345703125,948.9658813476562,5008384
2025-09-26 08:50:00+00:00,948.7679443359375,948.8287353515625,948.7666015625,948.7667236328125,1193984
2025-09-26 08:55:00+00:00,948.86181640625,948.86181640625,948.6414794921875,948.7086791992188,1760768
2025-09-26 09:00:00+00:00,947.6821899414062,948.7489013671875,947.6821899414062,948.7489013671875,0
2025-09-26 09:05:00+00:00,948.0670166015625,948.0670166015625,947.6422729492188,947.6422729492188,1579008
2025-09-26 09:10:00+00:00,948.345458984375,948.345458984375,948.1836547851562,948.2721557617188,1506304
2025-09-26 09:15:00+00:00,949.2408447265625,949.6241455078125,948.5210571289062,948.5210571289062,3094528
2025-09-26 09:20:00+00:00,948.0291137695312,949.1864013671875,948.0291137695312,949.178955078125,3086848
2025-09-26 09:25:00+00:00,945.6666870117188,946.8336791992188,945.6666870117188,946.8114624023438,602624
2025-09-26 09:30:00+00:00,944.0875854492188,945.758544921875,944.0875854492188,945.758544921875,89600
2025-09-26 09:35:00+00:00,941.9024658203125,943.9448852539062,941.9024658203125,943.9448852539062,10356224
2025-09-26 09:40:00+00:00,940.4509887695312,940.8750610351562,940.4224853515625,940.873779296875,15942144
2025-09-26 09:45:00+00:00,941.8505859375,941.8505859375,940.5471801757812,940.5471801757812,8046080
2025-09-26 09:50:00+00:00,943.6953735351562,943.6953735351562,941.8834228515625,941.8834228515625,10900992
2025-09-26 09:55:00+00:00,944.6631469726562,944.72314453125,943.901123046875,943.901123046875,11570176
2025-09-26 10:00:00+00:00,943.4497680664062,945.0931396484375,943.4497680664062,945.0931396484375,1652736
2025-09-26 10:05:00+00:00,942.3875122070312,943.451171875,942.3875122070312,943.451171875,0
2025-09-26 10:10:00+00:00,940.8850708007812,941.6112670898438,940.8850708007812,941.6112670898438,8987136
2025-09-26 10:15:00+00:00,939.5300903320312,940.9730224609375,939.5300903320312,940.9730224609375,4051968
2025-09-26 10:20:00+00:00,939.8938598632812,939.8938598632812,939.6597900390625,939.6597900390625,2706432
2025-09-26 10:25:00+00:00,939.1035766601562,939.4971313476562,939.1035766601562,939.3846435546875,0
2025-09-26 10:30:00+00:00,937.7589111328125,938.6132202148438,937.7589111328125,938.6132202148438,0
2025-09-26 10:35:00+00:00,939.1193237304688,939.1193237304688,937.9964599609375,937.9964599609375,2080256
2025-09-26 10:40:00+00:00,938.9990844726562,938.9990844726562,938.9122314453125,938.9548950195312,390144
2025-09-26 10:45:00+00:00,937.2127075195312,938.855224609375,937.2127075195312,938.855224609375,0
2025-09-26 10:50:00+00:00,937.3859252929688,937.4227294921875,937.18212890625,937.4227294921875,2237952
2025-09-26 10:55:00+00:00,938.5718994140625,938.6107788085938,938.3985595703125,938.3985595703125,3874304
2025-09-26 11:00:00+00:00,938.4444580078125,938.4783325195312,938.4444580078125,938.4783325195312,0
2025-09-26 11:05:00+00:00,936.6574096679688,938.2418212890625,936.6574096679688,938.2418212890625,1866240
2025-09-26 11:10:00+00:00,933.7276000976562,935.0982666015625,933.7276000976562,935.0982666015625,7614976
2025-09-26 11:15:00+00:00,934.4398803710938,934.4398803710938,933.7462158203125,933.7572631835938,2956800
2025-09-26 11:20:00+00:00,935.7151489257812,935.9263305664062,934.6669311523438,934.6669311523438,1805312
2025-09-26 11:25:00+00:00,936.1000366210938,936.1000366210938,934.5830688476562,934.5830688476562,1121792
2025-09-26 11:30:00+00:00,937.7539672851562,937.7539672851562,936.0935668945312,936.0935668945312,0
2025-09-26 11:35:00+00:00,938.4403686523438,938.4403686523438,937.7686157226562,937.7686157226562,674816
2025-09-26 11:40:00+00:00,940.0791625976562,940.1444091796875,938.80078125,938.80078125,4352512
2025-09-26 11:45:00+00:00,940.8285522460938,940.8285522460938,939.6301879882812,939.9149169921875,0
2025-09-26 11:50:00+00:00,940.376220703125,940.6896362304688,940.376220703125,940.6121215820312,0
2025-09-26 11:55:00+00:00,938.9556884765625,939.5497436523438,938.9556884765625,939.5497436523438,1725952
2025-09-26 12:00:00+00:00,938.2483520507812,938.9202270507812,938.1972045898438,938.9202270507812,0
2025-09-26 12:05:00+00:00,938.2659301757812,938.4161987304688,938.1372680664062,938.1372680664062,4637696
2025-09-26 12:10:00+00:00,934.4042358398438,937.9434204101562,934.4042358398438,937.9434204101562,2201600
2025-09-26 12:15:00+00:00,935.4771118164062,935.4771118164062,933.6514282226562,934.3271484375,3469312
2025-09-26 12:20:00+00:00,934.1441650390625,935.170654296875,934.1441650390625,935.170654296875,4337664
2025-09-26 12:25:00+00:00,936.1983642578125,936.1983642578125,934.5025634765625,934.5025634765625,2312704
2025-09-26 12:30:00+00:00,943.5199584960938,943.5199584960938,937.5135498046875,937.5135498046875,0
2025-09-26 12:35:00+00:00,944.8890380859375,945.0152587890625,943.586669921875,943.586669921875,12459008
2025-09-26 12:40:00+00:00,946.441650390625,947.054931640625,946.296142578125,947.0313720703125,11978752
2025-09-26 12:45:00+00:00,947.6605834960938,947.6605834960938,947.3073120117188,947.3073120117188,10146816
2025-09-26 12:50:00+00:00,947.7403564453125,948.1494750976562,947.5763549804688,947.5763549804688,0
2025-09-26 12:55:00+00:00,947.8173828125,947.8463134765625,946.661376953125,946.661376953125,465408
2025-09-26 13:00:00+00:00,947.2486572265625,947.9876708984375,947.2486572265625,947.5422973632812,0
2025-09-26 13:05:00+00:00,947.2820434570312,947.355224609375,947.1646118164062,947.2343139648438,0
2025-09-26 13:10:00+00:00,946.1902465820312,946.94677734375,946.1800537109375,946.94677734375,0
2025-09-26 13:15:00+00:00,944.7943115234375,946.2376708984375,944.7943115234375,946.2376708984375,0
2025-09-26 13:20:00+00:00,946.8997802734375,947.1275024414062,945.1659545898438,945.1659545898438,50176
2025-09-26 13:25:00+00:00,945.19140625,946.2291870117188,945.19140625,946.2291870117188,0
2025-09-26 13:30:00+00:00,945.755615234375,945.755615234375,944.2171020507812,945.2048950195312,55808
2025-09-26 13:35:00+00:00,946.477783203125,946.477783203125,945.71142578125,945.71142578125,1678848
2025-09-26 13:40:00+00:00,947.61181640625,947.9415893554688,947.4389038085938,947.9415893554688,2570240
2025-09-26 13:45:00+00:00,948.5096435546875,948.5096435546875,947.2022705078125,947.5300903320312,0
2025-09-26 13:50:00+00:00,948.726318359375,948.9444580078125,948.0429077148438,948.7045288085938,4664320
2025-09-26 13:55:00+00:00,950.4522094726562,950.5889892578125,948.8473510742188,948.8473510742188,20909568
2025-09-26 14:00:00+00:00,948.1218872070312,950.4176025390625,948.1218872070312,950.4176025390625,1799680
2025-09-26 14:05:00+00:00,947.41162109375,948.0499877929688,947.08935546875,948.0499877929688,0
2025-09-26 14:10:00+00:00,945.8782958984375,947.512451171875,945.8782958984375,947.512451171875,22528
2025-09-26 14:15:00+00:00,944.6947021484375,945.7486572265625,943.688720703125,945.7486572265625,0
2025-09-26 14:20:00+00:00,944.0255126953125,944.7207641601562,943.9832153320312,944.7207641601562,0
2025-09-26 14:25:00+00:00,939.8994750976562,942.5086059570312,939.6915283203125,942.5086059570312,0
2025-09-26 14:30:00+00:00,937.9563598632812,940.1046142578125,937.9563598632812,940.1046142578125,4209664
2025-09-26 14:35:00+00:00,938.3467407226562,938.3467407226562,937.8469848632812,937.8469848632812,2810880
2025-09-26 14:40:00+00:00,939.4181518554688,939.50439453125,939.1119995117188,939.1303100585938,2996736
2025-09-26 14:45:00+00:00,939.0678100585938,939.261474609375,939.0314331054688,939.261474609375,0
2025-09-26 14:50:00+00:00,939.3504638671875,939.4842529296875,939.09423828125,939.173828125,2695680
2025-09-26 14:55:00+00:00,939.5870361328125,939.8365478515625,939.5364990234375,939.700439453125,526336
2025-09-26 15:00:00+00:00,939.2807006835938,939.2807006835938,938.7499389648438,938.7499389648438,0
2025-09-26 15:05:00+00:00,942.14013671875,942.14013671875,940.544677734375,940.740234375,1425408
2025-09-26 15:10:00+00:00,940.5319213867188,942.0576171875,940.4678344726562,942.0576171875,2380800
2025-09-26 15:15:00+00:00,943.221923828125,943.221923828125,940.5538940429688,940.5538940429688,4898304
2025-09-26 15:20:00+00:00,941.99072265625,943.531982421875,941.99072265625,943.531982421875,4477952
2025-09-26 15:25:00+00:00,941.9542846679688,941.9772338867188,940.0018310546875,940.0018310546875,3517952
2025-09-26 15:30:00+00:00,942.3494873046875,942.6945190429688,942.3092651367188,942.3092651367188,5750784
2025-09-26 15:35:00+00:00,942.7783203125,943.2710571289062,942.4136962890625,942.4136962890625,0
2025-09-26 15:40:00+00:00,943.5689086914062,943.5689086914062,941.9717407226562,941.9717407226562,0
2025-09-26 15:45:00+00:00,943.8799438476562,943.9886474609375,943.64453125,943.64453125,0
2025-09-26 15:50:00+00:00,942.739013671875,943.9047241210938,942.739013671875,943.9047241210938,0
2025-09-26 15:55:00+00:00,942.8157348632812,942.842041015625,942.630615234375,942.630615234375,0
2025-09-26 16:00:00+00:00,943.0474853515625,943.0474853515625,942.6607666015625,942.908203125,0
2025-09-26 16:05:00+00:00,945.8019409179688,945.8587036132812,944.2207641601562,944.2207641601562,4005888
2025-09-26 16:10:00+00:00,946.885009765625,946.885009765625,945.7467041015625,945.74755859375,222208
2025-09-26 16:15:00+00:00,948.2970581054688,948.2970581054688,946.6287841796875,946.792236328125,90112
2025-09-26 16:20:00+00:00,949.7084350585938,949.7084350585938,948.374267578125,948.374267578125,4967424
2025-09-26 16:25:00+00:00,950.1756591796875,951.2490234375,950.1756591796875,950.8682250976562,10514944
2025-09-26 16:30:00+00:00,949.2100830078125,950.1934204101562,949.2100830078125,950.1934204101562,676352
2025-09-26 16:35:00+00:00,949.4212646484375,949.4531860351562,949.1946411132812,949.1946411132812,0
2025-09-26 16:40:00+00:00,950.0272827148438,950.0272827148438,949.6969604492188,949.6969604492188,0
2025-09-26 16:45:00+00:00,952.0046997070312,952.0046997070312,950.85888671875,950.85888671875,0
2025-09-26 16:50:00+00:00,952.6322021484375,952.6322021484375,952.2777709960938,952.2828369140625,0
2025-09-26 16:55:00+00:00,953.2658081054688,953.2868041992188,952.5968017578125,952.5968017578125,0
2025-09-26 17:00:00+00:00,955.3147583007812,955.3147583007812,954.86181640625,954.86181640625,0
2025-09-26 17:05:00+00:00,955.3387451171875,956.2138061523438,955.3387451171875,956.2138061523438,0
2025-09-26 17:10:00+00:00,955.69091796875,955.69091796875,955.0786743164062,955.0786743164062,0
2025-09-26 17:15:00+00:00,956.9624633789062,956.9624633789062,955.7752075195312,955.7752075195312,0
2025-09-26 17:20:00+00:00,956.9462280273438,956.9855346679688,956.7555541992188,956.9855346679688,0
2025-09-26 17:25:00+00:00,960.8956909179688,960.8956909179688,958.009765625,958.009765625,0
2025-09-26 17:30:00+00:00,959.331298828125,960.8013305664062,959.331298828125,960.8013305664062,0
2025-09-26 17:35:00+00:00,959.9195556640625,960.1683349609375,959.3209838867188,959.3209838867188,0
2025-09-26 17:40:00+00:00,960.3787841796875,960.3787841796875,960.1319580078125,960.18994140625,0
2025-09-26 17:45:00+00:00,961.8607177734375,961.8607177734375,960.0829467773438,960.2892456054688,0
2025-09-26 17:50:00+00:00,963.6144409179688,963.6360473632812,962.0542602539062,962.0542602539062,0
2025-09-26 17:55:00+00:00,963.4824829101562,963.8572387695312,963.3848876953125,963.8572387695312,0
2025-09-26 18:00:00+00:00,964.2653198242188,964.6322631835938,963.6062622070312,963.6062622070312,0
2025-09-26 18:05:00+00:00,964.0833129882812,964.5709228515625,963.9052124023438,964.5709228515625,0
2025-09-26 18:10:00+00:00,963.6353759765625,963.76513671875,963.6353759765625,963.76513671875,0
2025-09-26 18:15:00+00:00,964.5804443359375,964.5804443359375,963.607421875,963.607421875,0
2025-09-26 18:20:00+00:00,964.490234375,964.5584716796875,964.2188110351562,964.5584716796875,0
2025-09-26 18:25:00+00:00,963.172119140625,964.237060546875,963.0466918945312,964.080322265625,424448
2025-09-26 18:30:00+00:00,961.7493896484375,963.2203369140625,961.7493896484375,963.2203369140625,13489920
2025-09-26 18:35:00+00:00,961.5042724609375,961.8178100585938,961.5042724609375,961.7557373046875,66816
2025-09-26 18:40:00+00:00,959.6884155273438,961.1492309570312,959.4537353515625,961.1492309570312,0
2025-09-26 18:45:00+00:00,959.5958251953125,959.5958251953125,959.4034423828125,959.488037109375,0
2025-09-26 18:50:00+00:00,960.4217529296875,960.591552734375,960.4217529296875,960.591552734375,0
2025-09-26 18:55:00+00:00,960.6094360351562,960.6094360351562,960.423583984375,960.423583984375,0
2025-09-26 19:00:00+00:00,960.2655639648438,960.591552734375,960.2655639648438,960.591552734375,0
2025-09-26 19:05:00+00:00,957.17236328125,958.7069091796875,957.17236328125,958.7069091796875,0
2025-09-26 19:10:00+00:00,956.24853515625,956.4992065429688,956.24853515625,956.4992065429688,400896
2025-09-26 19:15:00+00:00,956.8924560546875,956.8924560546875,956.2335205078125,956.2335205078125,0
2025-09-26 19:20:00+00:00,957.0718383789062,957.0718383789062,956.8869018554688,956.9576416015625,1443328
2025-09-26 19:25:00+00:00,956.1490478515625,957.6819458007812,956.1490478515625,957.6819458007812,0
2025-09-26 19:30:00+00:00,954.135009765625,955.9391479492188,954.135009765625,955.9391479492188,0
2025-09-26 19:35:00+00:00,953.46240234375,953.91357421875,953.46240234375,953.91357421875,1512704
2025-09-26 19:40:00+00:00,952.8049926757812,953.3911743164062,952.8049926757812,953.3911743164062,0
2025-09-26 19:45:00+00:00,952.7591552734375,952.8139038085938,952.7357788085938,952.7481079101562,0
2025-09-26 19:50:00+00:00,954.0280151367188,954.0280151367188,953.2330322265625,953.2330322265625,0
2025-09-26 19:55:00+00:00,955.0516357421875,955.0516357421875,954.4567260742188,954.5931396484375,0
2025-09-26 20:00:00+00:00,954.7734985351562,954.9661865234375,954.7734985351562,954.900634765625,0
2025-09-26 20:05:00+00:00,954.1734619140625,954.2041625976562,954.0336303710938,954.2041625976562,0
2025-09-26 20:10:00+00:00,955.5790405273438,955.5790405273438,955.169921875,955.2965087890625,65024
2025-09-26 20:15:00+00:00,955.6636962890625,956.4234619140625,955.6636962890625,955.7493286132812,0
2025-09-26 20:20:00+00:00,955.1911010742188,955.1911010742188,955.1270751953125,955.1270751953125,0
2025-09-26 20:25:00+00:00,955.1196899414062,955.1196899414062,954.5861206054688,954.5861206054688,0
2025-09-26 20:30:00+00:00,955.0523071289062,955.1713256835938,954.9984130859375,954.9984130859375,0
2025-09-26 20:35:00+00:00,955.1099853515625,955.1610107421875,955.0775146484375,955.0792236328125,0
2025-09-26 20:40:00+00:00,954.5621948242188,954.8688354492188,954.5621948242188,954.834716796875,0
2025-09-26 20:45:00+00:00,953.4857788085938,954.5946655273438,953.4857788085938,954.5946655273438,1680384
2025-09-26 20:50:00+00:00,954.8252563476562,955.0015258789062,953.571044921875,953.571044921875,0
2025-09-26 20:55:00+00:00,954.626953125,954.65380859375,954.6126708984375,954.6126708984375,0
2025-09-26 21:00:00+00:00,954.21875,954.4490356445312,954.21875,954.361572265625,0
2025-09-26 21:05:00+00:00,953.60595703125,954.1124267578125,953.5971069335938,954.1124267578125,0
2025-09-26 21:10:00+00:00,952.8253784179688,953.119873046875,952.760009765625,953.119873046875,0
2025-09-26 21:15:00+00:00,954.2804565429688,954.7931518554688,953.6103515625,953.6103515625,0
2025-09-26 21:20:00+00:00,953.8382568359375,954.2149658203125,953.7535400390625,954.2149658203125,0
2025-09-26 21:25:00+00:00,954.8194580078125,954.8194580078125,954.15625,954.15625,1224448
2025-09-26 21:30:00+00:00,954.28759765625,954.9296264648438,954.28759765625,954.9296264648438,0
2025-09-26 21:35:00+00:00,955.08154296875,955.08154296875,954.2987060546875,954.3184814453125,0
2025-09-26 21:40:00+00:00,954.9529418945312,955.6803588867188,954.9529418945312,955.6803588867188,0
2025-09-26 21:45:00+00:00,954.5074462890625,954.5074462890625,954.4560546875,954.4560546875,0
2025-09-26 21:50:00+00:00,955.7364501953125,955.8196411132812,954.7091064453125,954.7091064453125,0
2025-09-26 21:55:00+00:00,956.3104858398438,956.3104858398438,955.62744140625,955.62744140625,0
2025-09-26 22:00:00+00:00,956.2473754882812,956.4579467773438,956.2473754882812,956.25537109375,0
2025-09-26 22:05:00+00:00,955.7510375976562,956.2206420898438,955.710693359375,956.2206420898438,0
2025-09-26 22:10:00+00:00,956.8897705078125,956.8897705078125,956.0108032226562,956.0853271484375,0
2025-09-26 22:15:00+00:00,957.9353637695312,957.9353637695312,956.9630126953125,956.9630126953125,0
2025-09-26 22:20:00+00:00,958.2145385742188,958.2145385742188,958.074951171875,958.1596069335938,0
2025-09-26 22:25:00+00:00,957.6712646484375,958.1799926757812,957.6712646484375,958.1799926757812,0
2025-09-26 22:30:00+00:00,957.462158203125,957.61865234375,957.462158203125,957.61865234375,0
2025-09-26 22:35:00+00:00,958.0977172851562,958.0977172851562,957.4828491210938,957.4828491210938,0
2025-09-26 22:40:00+00:00,958.8623657226562,958.8623657226562,958.4549560546875,958.47265625,0
2025-09-26 22:45:00+00:00,959.483642578125,959.483642578125,959.0140991210938,959.0140991210938,0
2025-09-26 22:50:00+00:00,959.7687377929688,959.7687377929688,959.5148315429688,959.5429077148438,0
2025-09-26 22:55:00+00:00,958.2844848632812,959.1546020507812,958.2844848632812,959.1546020507812,0
2025-09-26 23:00:00+00:00,956.5634765625,958.2384033203125,956.5634765625,958.2384033203125,0
2025-09-26 23:05:00+00:00,955.8197631835938,956.5242919921875,955.7779541015625,956.5242919921875,0
2025-09-26 23:10:00+00:00,956.1984252929688,956.1984252929688,955.9757080078125,955.9757080078125,0
2025-09-26 23:15:00+00:00,955.9228515625,956.1867065429688,955.6265258789062,956.1867065429688,0
2025-09-26 23:20:00+00:00,957.093017578125,957.1082763671875,956.078125,956.078125,0
2025-09-26 23:25:00+00:00,957.9486694335938,957.9486694335938,957.621826171875,957.621826171875,0
2025-09-26 23:30:00+00:00,959.236328125,959.236328125,958.0670776367188,958.0670776367188,0
2025-09-26 23:35:00+00:00,959.544189453125,959.544189453125,959.2225952148438,959.2225952148438,0
2025-09-26 23:40:00+00:00,959.763916015625,959.763916015625,959.6698608398438,959.6698608398438,0
2025-09-26 23:45:00+00:00,959.6571044921875,959.7486572265625,959.6449584960938,959.7486572265625,0
2025-09-26 23:50:00+00:00,959.9244384765625,959.9244384765625,959.6544189453125,959.6589965820312,0
2025-09-26 23:55:00+00:00,960.9699096679688,960.9699096679688,960.3741455078125,960.3741455078125,0
2025-09-27 00:00:00+00:00,960.8762817382812,961.0131225585938,960.8135986328125,961.0131225585938,0
2025-09-27 00:05:00+00:00,960.4279174804688,960.5227661132812,960.2852172851562,960.5227661132812,0
2025-09-27 00:10:00+00:00,960.2574462890625,960.6061401367188,960.2574462890625,960.5743408203125,0
2025-09-27 00:15:00+00:00,959.9938354492188,960.25634765625,959.9938354492188,960.25634765625,0
2025-09-27 00:20:00+00:00,960.144287109375,960.162109375,960.144287109375,960.1529541015625,0
2025-09-27 00:25:00+00:00,959.5299682617188,959.5299682617188,959.4318237304688,959.4359130859375,0
2025-09-27 00:30:00+00:00,960.1222534179688,960.1222534179688,959.837158203125,959.8768920898438,0
2025-09-27 00:35:00+00:00,959.9918823242188,959.9950561523438,959.8572387695312,959.9950561523438,0
2025-09-27 00:40:00+00:00,960.4805297851562,960.4873046875,960.3890991210938,960.3890991210938,0
2025-09-27 00:45:00+00:00,960.0890502929688,960.525146484375,960.0890502929688,960.5049438476562,0
2025-09-27 00:50:00+00:00,960.39990234375,960.4436645507812,960.1864624023438,960.1864624023438,0
2025-09-27 00:55:00+00:00,961.9268798828125,961.9268798828125,961.234375,961.234375,325120
2025-09-27 01:00:00+00:00,962.7230834960938,962.8610229492188,962.0046997070312,962.0046997070312,0
2025-09-27 01:05:00+00:00,962.4526977539062,962.7369384765625,962.4526977539062,962.7369384765625,0
2025-09-27 01:10:00+00:00,960.7451782226562,962.2333374023438,960.7451782226562,962.2333374023438,0
2025-09-27 01:15:00+00:00,960.0846557617188,960.77001953125,960.0846557617188,960.77001953125,0
2025-09-27 01:20:00+00:00,959.2134399414062,960.0515747070312,959.2134399414062,960.0073852539062,0
2025-09-27 01:25:00+00:00,957.637939453125,958.9933471679688,957.5631713867188,958.9933471679688,0
2025-09-27 01:30:00+00:00,957.663330078125,957.7953491210938,957.6068725585938,957.6068725585938,0
2025-09-27 01:35:00+00:00,958.1270141601562,958.1270141601562,957.7392578125,957.7392578125,0
2025-09-27 01:40:00+00:00,957.46826171875,958.0431518554688,957.4290161132812,958.0072021484375,0
2025-09-27 01:45:00+00:00,957.7869262695312,957.7869262695312,957.5029907226562,957.506591796875,0
2025-09-27 01:50:00+00:00,958.3615112304688,958.3615112304688,957.8702392578125,957.8702392578125,0
2025-09-27 01:55:00+00:00,959.09228515625,959.09228515625,958.6536254882812,958.6536254882812,0
2025-09-27 02:00:00+00:00,959.4609985351562,959.4609985351562,959.0816040039062,959.0816040039062,0
2025-09-27 02:05:00+00:00,959.6719360351562,959.6719360351562,959.5746459960938,959.5746459960938,0
2025-09-27 02:10:00+00:00,959.8368530273438,959.8368530273438,959.6925659179688,959.6925659179688,0
2025-09-27 02:15:00+00:00,961.7276000976562,961.7276000976562,960.0323486328125,960.0323486328125,0
2025-09-27 02:20:00+00:00,960.612548828125,960.6885375976562,960.612548828125,960.6885375976562,0
2025-09-27 02:25:00+00:00,960.927490234375,960.927490234375,960.3624877929688,960.3624877929688,3912448
2025-09-27 02:30:00+00:00,960.998291015625,961.3607788085938,960.998291015625,961.0336303710938,0
2025-09-27 02:35:00+00:00,961.5335083007812,961.5335083007812,961.006591796875,961.006591796875,0
2025-09-27 02:40:00+00:00,962.9385375976562,962.9419555664062,962.220458984375,962.232177734375,1376512
2025-09-27 02:45:00+00:00,962.8762817382812,963.4403686523438,962.8762817382812,963.0173950195312,0
2025-09-27 02:50:00+00:00,962.8135986328125,962.85595703125,962.7685546875,962.7685546875,0
2025-09-27 02:55:00+00:00,962.9964599609375,963.1102905273438,962.9964599609375,963.06103515625,0
2025-09-27 03:00:00+00:00,963.3658447265625,963.3658447265625,962.7692260742188,963.0059814453125,0
2025-09-27 03:05:00+00:00,962.6663818359375,963.2481689453125,962.6663818359375,963.2481689453125,0
2025-09-27 03:10:00+00:00,961.7877807617188,962.2435913085938,961.7877807617188,962.1964111328125,0
2025-09-27 03:15:00+00:00,962.5828247070312,962.5828247070312,961.6119995117188,961.8653564453125,0
2025-09-27 03:20:00+00:00,963.1908569335938,963.2149658203125,962.6781005859375,962.6781005859375,0
2025-09-27 03:25:00+00:00,965.0133666992188,965.1557006835938,963.4049072265625,963.4049072265625,0
2025-09-27 03:30:00+00:00,965.5430297851562,965.5430297851562,965.0346069335938,965.0346069335938,0
2025-09-27 03:35:00+00:00,964.8342895507812,966.0444946289062,964.782470703125,966.0444946289062,0
2025-09-27 03:40:00+00:00,965.5859375,965.6377563476562,964.8179321289062,964.8179321289062,157440
2025-09-27 03:45:00+00:00,966.1749267578125,966.1749267578125,965.8679809570312,965.8679809570312,0
2025-09-27 03:50:00+00:00,966.2774658203125,966.2774658203125,966.1116943359375,966.1116943359375,0
2025-09-27 03:55:00+00:00,967.0784301757812,967.0895385742188,967.044189453125,967.044189453125,2257920
2025-09-27 04:00:00+00:00,966.367919921875,967.0870361328125,966.367919921875,967.0870361328125,0
2025-09-27 04:05:00+00:00,967.5599975585938,967.561767578125,966.5376586914062,966.5376586914062,1680384
2025-09-27 04:10:00+00:00,967.960205078125,967.9813842773438,967.7949829101562,967.826416015625,4583168
2025-09-27 04:15:00+00:00,968.6771850585938,968.6771850585938,968.0236206054688,968.0236206054688,0
2025-09-27 04:20:00+00:00,968.993408203125,968.993408203125,968.6942138671875,968.6942138671875,0
2025-09-27 04:25:00+00:00,970.6879272460938,970.6879272460938,969.8360595703125,969.8360595703125,4679936
2025-09-27 04:30:00+00:00,971.5226440429688,972.0653686523438,970.8226928710938,970.8226928710938,6439936
2025-09-27 04:35:00+00:00,971.5958862304688,971.7950439453125,971.5890502929688,971.7950439453125,0
2025-09-27 04:40:00+00:00,970.924560546875,970.9517211914062,970.924560546875,970.929443359375,0
2025-09-27 04:45:00+00:00,970.1358032226562,970.9013061523438,970.1358032226562,970.9013061523438,0
2025-09-27 04:50:00+00:00,970.7200927734375,970.7200927734375,970.2341918945312,970.2341918945312,0
2025-09-27 04:55:00+00:00,972.2203979492188,972.2203979492188,970.9904174804688,970.9904174804688,0
2025-09-27 05:00:00+00:00,972.0975341796875,972.5476684570312,972.0975341796875,972.5476684570312,0
2025-09-27 05:05:00+00:00,970.7008056640625,971.9017944335938,970.7008056640625,971.9017944335938,0
2025-09-27 05:10:00+00:00,970.4642944335938,970.539306640625,970.4642944335938,970.5113525390625,734976
2025-09-27 05:15:00+00:00,970.3824462890625,970.9722290039062,970.3824462890625,970.6492919921875,0
2025-09-27 05:20:00+00:00,970.4408569335938,970.5428466796875,970.372314453125,970.372314453125,0
2025-09-27 05:25:00+00:00,969.4671020507812,970.0870361328125,969.4463500976562,970.0870361328125,0
2025-09-27 05:30:00+00:00,968.923583984375,969.3081665039062,968.923583984375,969.232177734375,2829312
2025-09-27 05:35:00+00:00,968.9625244140625,969.044921875,968.9236450195312,968.93701171875,0
2025-09-27 05:40:00+00:00,968.5965576171875,968.8532104492188,968.5965576171875,968.8532104492188,0
2025-09-27 05:45:00+00:00,969.285400390625,969.285400390625,968.7386474609375,968.7386474609375,156416
2025-09-27 05:50:00+00:00,970.82568359375,970.82568359375,969.6387329101562,969.6387329101562,7540224
2025-09-27 05:55:00+00:00,970.3056030273438,971.3812255859375,970.3056030273438,971.3812255859375,0
2025-09-27 06:00:00+00:00,969.2589111328125,969.7605590820312,969.2589111328125,969.7605590820312,0
2025-09-27 06:05:00+00:00,967.669677734375,969.1361083984375,967.6494140625,969.1273803710938,66304
2025-09-27 06:10:00+00:00,967.4398193359375,967.5173950195312,967.4024047851562,967.5173950195312,0
2025-09-27 06:15:00+00:00,967.5540771484375,967.555908203125,967.3745727539062,967.3745727539062,0
2025-09-27 06:20:00+00:00,967.86083984375,967.86083984375,967.5468139648438,967.5468139648438,0
2025-09-27 06:25:00+00:00,968.3777465820312,968.4284057617188,968.160888671875,968.2193603515625,0
2025-09-27 06:30:00+00:00,968.7903442382812,968.7903442382812,968.118408203125,968.38623046875,0
2025-09-27 06:35:00+00:00,969.2559204101562,969.2559204101562,968.7672729492188,968.7672729492188,2138624
2025-09-27 06:40:00+00:00,969.5806274414062,969.7380981445312,969.38720703125,969.7210693359375,0
2025-09-27 06:45:00+00:00,969.6484985351562,969.9336547851562,969.6484985351562,969.9021606445312,0
2025-09-27 06:50:00+00:00,969.3383178710938,969.5868530273438,969.3383178710938,969.5868530273438,0
2025-09-27 06:55:00+00:00,968.9639892578125,969.0419921875,968.7412719726562,968.745361328125,0
2025-09-27 07:00:00+00:00,969.4566650390625,969.4566650390625,969.2996215820312,969.2996215820312,0
2025-09-27 07:05:00+00:00,970.3964233398438,970.6148071289062,970.2363891601562,970.2363891601562,0
2025-09-27 07:10:00+00:00,970.2353515625,970.2698974609375,970.2255859375,970.2698974609375,0
2025-09-27 07:15:00+00:00,969.984375,970.1515502929688,969.984375,970.1515502929688,0
2025-09-27 07:20:00+00:00,970.8224487304688,970.8884887695312,970.1967163085938,970.1967163085938,1707520
2025-09-27 07:25:00+00:00,971.260009765625,971.6838989257812,971.260009765625,971.6838989257812,0
2025-09-27 07:30:00+00:00,971.7378540039062,971.74609375,971.7378540039062,971.7459716796875,0
2025-09-27 07:35:00+00:00,971.4625854492188,971.7183837890625,971.4614868164062,971.7183837890625,0
2025-09-27 07:40:00+00:00,971.2740478515625,971.2984619140625,970.5731811523438,970.5731811523438,2880512
2025-09-27 07:45:00+00:00,971.2120361328125,971.4303588867188,971.1976318359375,971.4303588867188,0
2025-09-27 07:50:00+00:00,971.1340942382812,971.1340942382812,970.8793334960938,970.9454345703125,0
2025-09-27 07:55:00+00:00,972.893798828125,972.9683837890625,971.8944702148438,971.8944702148438,3910912
2025-09-27 08:00:00+00:00,971.3004760742188,972.4345703125,971.3004760742188,972.4345703125,0
2025-09-27 08:05:00+00:00,969.6651611328125,971.1285400390625,969.6651611328125,971.1285400390625,0
2025-09-27 08:10:00+00:00,969.40234375,969.40234375,969.3047485351562,969.3047485351562,2343168
2025-09-27 08:15:00+00:00,970.48681640625,970.48681640625,969.7024536132812,969.7024536132812,3055616
2025-09-27 08:20:00+00:00,969.7733764648438,970.4107055664062,969.7509765625,970.4107055664062,1485312
2025-09-27 08:25:00+00:00,970.8624267578125,970.8624267578125,970.244384765625,970.244384765625,2675712
2025-09-27 08:30:00+00:00,970.7467651367188,970.8634033203125,970.7467651367188,970.8514404296875,6473984
2025-09-27 08:35:00+00:00,970.6681518554688,970.7318115234375,970.6681518554688,970.693115234375,184064
2025-09-27 08:40:00+00:00,970.3546752929688,970.3546752929688,970.2909545898438,970.2909545898438,63744
2025-09-27 08:45:00+00:00,970.358154296875,970.8408203125,970.358154296875,970.528076171875,679936
2025-09-27 08:50:00+00:00,969.1793823242188,970.3876342773438,969.1275634765625,970.3173828125,0
2025-09-27 08:55:00+00:00,967.5022583007812,968.8764038085938,967.5022583007812,968.8764038085938,2523136
2025-09-27 09:00:00+00:00,968.3080444335938,968.3080444335938,967.577392578125,967.577392578125,108544
2025-09-27 09:05:00+00:00,967.6329345703125,968.5935668945312,967.4554443359375,968.5935668945312,0
2025-09-27 09:10:00+00:00,966.6666870117188,967.69921875,966.6666870117188,967.69921875,7872512
2025-09-27 09:15:00+00:00,967.5095825195312,967.5095825195312,966.5440673828125,966.5440673828125,0
2025-09-27 09:20:00+00:00,966.9552612304688,967.4591674804688,966.9552612304688,967.414794921875,0
2025-09-27 09:25:00+00:00,967.3847045898438,967.3847045898438,967.2193603515625,967.2193603515625,0
2025-09-27 09:30:00+00:00,967.8051147460938,967.8051147460938,967.4639282226562,967.4639282226562,0
2025-09-27 09:35:00+00:00,969.3643188476562,969.3643188476562,968.5115966796875,968.5115966796875,0
2025-09-27 09:40:00+00:00,971.0077514648438,971.0601806640625,970.8641967773438,970.8641967773438,0
2025-09-27 09:45:00+00:00,970.7612915039062,971.023193359375,970.6453857421875,971.023193359375,0
2025-09-27 09:50:00+00:00,969.665771484375,970.5283203125,969.6060180664062,970.5283203125,0
2025-09-27 09:55:00+00:00,969.7556762695312,969.9223022460938,969.7556762695312,969.8696899414062,0
2025-09-27 10:00:00+00:00,969.244384765625,969.7090454101562,969.244384765625,969.7090454101562,0
2025-09-27 10:05:00+00:00,968.5844116210938,968.9652709960938,968.5844116210938,968.9427490234375,0
2025-09-27 10:10:00+00:00,968.1033935546875,968.1969604492188,968.0907592773438,968.1969604492188,0
2025-09-27 10:15:00+00:00,967.9515991210938,968.0098266601562,967.9071044921875,968.0098266601562,0
2025-09-27 10:20:00+00:00,967.564453125,967.9381713867188,967.4658813476562,967.9381713867188,0
2025-09-27 10:25:00+00:00,967.3582763671875,967.386474609375,967.3502807617188,967.386474609375,0
2025-09-27 10:30:00+00:00,968.0897216796875,968.0897216796875,967.3967895507812,967.3967895507812,0
2025-09-27 10:35:00+00:00,969.3999633789062,969.4375610351562,968.21826171875,968.21826171875,0
2025-09-27 10:40:00+00:00,970.4099731445312,970.5109252929688,970.1156616210938,970.1807250976562,525312
2025-09-27 10:45:00+00:00,972.2666015625,972.2666015625,970.5497436523438,970.5497436523438,6606848
2025-09-27 10:50:00+00:00,974.0059814453125,974.109375,972.5684814453125,972.5684814453125,5536768
2025-09-27 10:55:00+00:00,973.9014892578125,974.1841430664062,973.9014892578125,974.1841430664062,0
2025-09-27 11:00:00+00:00,973.2015380859375,973.9424438476562,973.2015380859375,973.9424438476562,0
2025-09-27 11:05:00+00:00,972.8587036132812,973.1483764648438,972.8587036132812,973.1483764648438,0
2025-09-27 11:10:00+00:00,971.6546020507812,971.8949584960938,971.6546020507812,971.8949584960938,0
2025-09-27 11:15:00+00:00,971.7223510742188,971.7223510742188,971.32666015625,971.5780639648438,0
2025-09-27 11:20:00+00:00,972.7268676757812,972.852294921875,971.766845703125,971.766845703125,2075136
2025-09-27 11:25:00+00:00,972.2698364257812,972.4593505859375,972.2698364257812,972.4593505859375,0
2025-09-27 11:30:00+00:00,972.7010498046875,972.7010498046875,972.2661743164062,972.2661743164062,0
2025-09-27 11:35:00+00:00,972.4602661132812,972.7802734375,972.4602661132812,972.7802734375,0
2025-09-27 11:40:00+00:00,971.7283935546875,972.0440063476562,971.7283935546875,972.0440063476562,0
2025-09-27 11:45:00+00:00,971.4309692382812,971.7188720703125,971.4309692382812,971.7119750976562,0
2025-09-27 11:50:00+00:00,971.132080078125,971.43505859375,971.132080078125,971.43505859375,0
2025-09-27 11:55:00+00:00,970.8727416992188,970.9547729492188,970.8727416992188,970.9547729492188,0
2025-09-27 12:00:00+00:00,970.4013061523438,970.8746337890625,970.4013061523438,970.8316650390625,0
2025-09-27 12:05:00+00:00,970.3294677734375,970.4761352539062,970.3294677734375,970.4761352539062,0
2025-09-27 12:10:00+00:00,969.7041625976562,970.0693359375,969.7041625976562,970.0693359375,0
2025-09-27 12:15:00+00:00,970.029541015625,970.029541015625,969.7697143554688,969.7697143554688,0
2025-09-27 12:20:00+00:00,969.8814086914062,969.9910278320312,969.870361328125,969.9910278320312,0
2025-09-27 12:25:00+00:00,969.8341674804688,969.9430541992188,969.8082885742188,969.9253540039062,0
2025-09-27 12:30:00+00:00,970.305908203125,970.3809204101562,970.2369384765625,970.2369384765625,0
2025-09-27 12:35:00+00:00,970.5713500976562,970.6747436523438,970.4732055664062,970.628662109375,0
2025-09-27 12:40:00+00:00,972.5428466796875,972.5428466796875,971.6356811523438,971.6578369140625,0
2025-09-27 12:45:00+00:00,973.593017578125,973.593017578125,972.7301025390625,972.7301025390625,2272000
2025-09-27 12:50:00+00:00,972.9614868164062,973.5984497070312,972.951171875,973.5706176757812,0
2025-09-27 12:55:00+00:00,972.8203125,972.8203125,972.4580688476562,972.538330078125,1928704
2025-09-27 13:00:00+00:00,973.3386840820312,973.3386840820312,973.09326171875,973.1375732421875,0
2025-09-27 13:05:00+00:00,973.9219970703125,973.9219970703125,973.28955078125,973.28955078125,0
2025-09-27 13:10:00+00:00,974.283935546875,974.4321899414062,974.2213134765625,974.4321899414062,0
2025-09-27 13:15:00+00:00,974.314453125,974.314453125,973.4158325195312,974.0459594726562,0
2025-09-27 13:20:00+00:00,974.5552978515625,974.5982055664062,974.4218139648438,974.4218139648438,5424640
2025-09-27 13:25:00+00:00,974.5843505859375,974.6884155273438,974.5843505859375,974.6450805664062,0
2025-09-27 13:30:00+00:00,974.3361206054688,974.425048828125,974.3361206054688,974.4134521484375,0
2025-09-27 13:35:00+00:00,975.1207275390625,975.1207275390625,974.4047241210938,974.4047241210938,0
2025-09-27 13:40:00+00:00,975.4808959960938,975.4906616210938,975.374267578125,975.374267578125,0
2025-09-27 13:45:00+00:00,977.1890869140625,977.1890869140625,975.5177612304688,975.5177612304688,0
2025-09-27 13:50:00+00:00,978.8151245117188,978.8151245117188,977.2166137695312,977.2166137695312,0
2025-09-27 13:55:00+00:00,978.8101196289062,979.0639038085938,978.8101196289062,979.0639038085938,0
2025-09-27 14:00:00+00:00,979.2114868164062,979.2114868164062,978.875732421875,978.875732421875,0
2025-09-27 14:05:00+00:00,979.281982421875,979.2880249023438,979.1917724609375,979.1917724609375,0
2025-09-27 14:10:00+00:00,979.4530029296875,979.4530029296875,979.3804931640625,979.3881225585938,0
2025-09-27 14:15:00+00:00,978.9527587890625,979.4315185546875,978.9527587890625,979.4315185546875,0
2025-09-27 14:20:00+00:00,979.0859375,979.1115112304688,979.0350952148438,979.0350952148438,0
2025-09-27 14:25:00+00:00,979.5531005859375,979.5531005859375,979.0556640625,979.0556640625,0
2025-09-27 14:30:00+00:00,980.1732177734375,980.1732177734375,979.5647583007812,979.5647583007812,0
2025-09-27 14:35:00+00:00,981.6767578125,981.6767578125,980.3882446289062,980.3882446289062,7699200
2025-09-27 14:40:00+00:00,983.7490844726562,983.7835693359375,983.4757690429688,983.7835693359375,20300800
2025-09-27 14:45:00+00:00,982.2030639648438,983.830078125,982.2030639648438,983.830078125,4277248
2025-09-27 14:50:00+00:00,982.4344482421875,982.4520263671875,982.2059936523438,982.2059936523438,0
2025-09-27 14:55:00+00:00,981.98046875,982.150146484375,981.8788452148438,981.9718627929688,2443520
2025-09-27 15:00:00+00:00,980.3809814453125,982.0122680664062,980.3809814453125,982.0122680664062,0
2025-09-27 15:05:00+00:00,979.2172241210938,980.2003173828125,979.2172241210938,980.2003173828125,0
2025-09-27 15:10:00+00:00,979.8212890625,979.8212890625,978.9737548828125,978.9737548828125,0
2025-09-27 15:15:00+00:00,980.7965087890625,980.7965087890625,980.0479125976562,980.0479125976562,0
2025-09-27 15:20:00+00:00,981.5706176757812,981.7310791015625,980.9988403320312,980.9988403320312,0
2025-09-27 15:25:00+00:00,980.1936645507812,981.0288696289062,980.1769409179688,981.0145263671875,0
2025-09-27 15:30:00+00:00,979.5843505859375,980.125244140625,979.5843505859375,980.125244140625,0
2025-09-27 15:35:00+00:00,980.3841552734375,980.4656372070312,979.6900024414062,979.6900024414062,373504
2025-09-27 15:40:00+00:00,979.1426391601562,979.1842041015625,979.0477294921875,979.0477294921875,5501696
2025-09-27 15:45:00+00:00,978.2073974609375,979.0363159179688,978.2073974609375,979.0363159179688,0
2025-09-27 15:50:00+00:00,978.0509033203125,978.3226928710938,978.042724609375,978.3226928710938,1047296
2025-09-27 15:55:00+00:00,977.4786987304688,977.8233032226562,977.4786987304688,977.8233032226562,0
2025-09-27 16:00:00+00:00,976.9569091796875,977.4140625,976.9569091796875,977.4140625,0
2025-09-27 16:05:00+00:00,976.1919555664062,976.91552734375,976.1553344726562,976.91552734375,0
2025-09-27 16:10:00+00:00,975.7711791992188,976.0560913085938,975.5523681640625,976.0463256835938,0
2025-09-27 16:15:00+00:00,975.7442626953125,976.0430908203125,975.5819091796875,975.5819091796875,0
2025-09-27 16:20:00+00:00,976.6934814453125,976.6934814453125,975.9678955078125,975.9678955078125,0
2025-09-27 16:25:00+00:00,975.6437377929688,976.2140502929688,975.6437377929688,976.2140502929688,0
2025-09-27 16:30:00+00:00,974.0612182617188,974.8016357421875,974.0612182617188,974.8016357421875,0
2025-09-27 16:35:00+00:00,974.7728271484375,975.0267333984375,974.243896484375,974.243896484375,0
2025-09-27 16:40:00+00:00,975.0253295898438,975.0406494140625,974.6055908203125,974.6055908203125,0
2025-09-27 16:45:00+00:00,975.1985473632812,975.1985473632812,974.7498168945312,974.971435546875,0
2025-09-27 16:50:00+00:00,974.5645751953125,975.1861572265625,974.5645751953125,975.1861572265625,0
2025-09-27 16:55:00+00:00,973.52294921875,973.9273071289062,973.52294921875,973.9273071289062,0
2025-09-27 17:00:00+00:00,973.160888671875,973.5958862304688,973.160888671875,973.56103515625,0
2025-09-27 17:05:00+00:00,972.8646850585938,973.03759765625,972.8646850585938,973.0107421875,0
2025-09-27 17:10:00+00:00,971.3875122070312,972.1061401367188,971.3591918945312,972.1061401367188,0
2025-09-27 17:15:00+00:00,967.8788452148438,969.7303466796875,967.8788452148438,969.7303466796875,477184
2025-09-27 17:20:00+00:00,967.2830200195312,967.743408203125,966.9111328125,967.743408203125,1315840
2025-09-27 17:25:00+00:00,967.2395629882812,967.7576904296875,967.1497802734375,967.5066528320312,0
2025-09-27 17:30:00+00:00,969.485107421875,969.485107421875,967.2493286132812,967.2493286132812,0
2025-09-27 17:35:00+00:00,969.7848510742188,969.8281860351562,969.4456176757812,969.4456176757812,0
2025-09-27 17:40:00+00:00,969.2314453125,969.484375,969.2314453125,969.484375,0
2025-09-27 17:45:00+00:00,968.90576171875,969.2769165039062,968.90576171875,969.2769165039062,0
2025-09-27 17:50:00+00:00,969.4202270507812,969.4202270507812,969.01953125,969.01953125,0
2025-09-27 17:55:00+00:00,970.745849609375,970.8102416992188,969.86865234375,969.86865234375,0
2025-09-27 18:00:00+00:00,971.3367919921875,971.3367919921875,970.9567260742188,970.9567260742188,0
2025-09-27 18:05:00+00:00,969.5458984375,970.7077026367188,969.480712890625,970.7077026367188,0
2025-09-27 18:10:00+00:00,969.5203247070312,969.614990234375,969.4949340820312,969.4949340820312,0
2025-09-27 18:15:00+00:00,969.1240844726562,969.344482421875,969.1240844726562,969.344482421875,0
2025-09-27 18:20:00+00:00,969.4246826171875,969.4246826171875,969.1358642578125,969.1358642578125,0
2025-09-27 18:25:00+00:00,969.10205078125,969.5974731445312,968.998291015625,969.5974731445312,0
2025-09-27 18:30:00+00:00,968.6300048828125,969.4874267578125,968.6300048828125,969.4874267578125,0
2025-09-27 18:35:00+00:00,968.388427734375,968.5946044921875,968.388427734375,968.5946044921875,0
2025-09-27 18:40:00+00:00,967.30126953125,968.0582275390625,967.2780151367188,968.0389404296875,0
2025-09-27 18:45:00+00:00,967.9468383789062,967.9468383789062,967.3063354492188,967.3386840820312,0
2025-09-27 18:50:00+00:00,968.6956787109375,968.6956787109375,967.9738159179688,967.9815063476562,0
2025-09-27 18:55:00+00:00,969.0339965820312,969.0374145507812,968.8958129882812,968.8958129882812,0
2025-09-27 19:00:00+00:00,968.7388916015625,969.1404418945312,968.7388916015625,969.0657958984375,0
2025-09-27 19:05:00+00:00,968.2970581054688,968.7308349609375,968.2044067382812,968.7308349609375,0
2025-09-27 19:10:00+00:00,968.0344848632812,968.2750854492188,967.967529296875,968.2750854492188,0
2025-09-27 19:15:00+00:00,968.47802734375,968.47802734375,967.9557495117188,967.9557495117188,0
2025-09-27 19:20:00+00:00,969.0287475585938,969.0287475585938,968.5437622070312,968.5747680664062,0
2025-09-27 19:25:00+00:00,969.8248291015625,969.8248291015625,969.5172119140625,969.52685546875,0
2025-09-27 19:30:00+00:00,970.2848510742188,970.4050903320312,970.2848510742188,970.4050903320312,0
2025-09-27 19:35:00+00:00,970.0574340820312,970.23095703125,970.0076293945312,970.23095703125,0
2025-09-27 19:40:00+00:00,969.8776245117188,969.8776245117188,969.7415161132812,969.7676391601562,0
2025-09-27 19:45:00+00:00,970.439208984375,970.439208984375,969.8782348632812,969.8782348632812,0
2025-09-27 19:50:00+00:00,970.4119873046875,970.4678955078125,970.3959350585938,970.3959350585938,0
2025-09-27 19:55:00+00:00,970.2576904296875,970.2730102539062,970.1913452148438,970.2084350585938,0
2025-09-27 20:00:00+00:00,970.1334228515625,970.27734375,970.1334228515625,970.27734375,0
2025-09-27 20:05:00+00:00,970.1539916992188,970.1539916992188,969.9996948242188,969.9996948242188,0
2025-09-27 20:10:00+00:00,970.2462768554688,970.2725219726562,970.2271728515625,970.2271728515625,0
2025-09-27 20:15:00+00:00,969.4688720703125,970.231201171875,969.4688720703125,970.231201171875,0
2025-09-27 20:20:00+00:00,969.2269897460938,969.4188842773438,969.1151733398438,969.4188842773438,0
2025-09-27 20:25:00+00:00,969.2073364257812,969.2073364257812,969.0647583007812,969.0718994140625,0
2025-09-27 20:30:00+00:00,969.1838989257812,969.347412109375,969.1838989257812,969.24169921875,0
2025-09-27 20:35:00+00:00,969.6517944335938,969.6517944335938,969.2384643554688,969.3131103515625,0
2025-09-27 20:40:00+00:00,969.8450317382812,969.9761962890625,969.8450317382812,969.9761962890625,0
2025-09-27 20:45:00+00:00,969.2728271484375,969.8511962890625,969.2728271484375,969.8511962890625,0
2025-09-27 20:50:00+00:00,969.2665405273438,969.3329467773438,969.2665405273438,969.3329467773438,0
2025-09-27 20:55:00+00:00,968.7378540039062,969.1290893554688,968.7335205078125,969.1290893554688,1450240
2025-09-27 21:00:00+00:00,968.2050170898438,968.7706298828125,968.2050170898438,968.6860961914062,2846464
2025-09-27 21:05:00+00:00,968.13720703125,968.2162475585938,968.0693969726562,968.2037353515625,10752
2025-09-27 21:10:00+00:00,968.5862426757812,968.5862426757812,968.4139404296875,968.4531860351562,0
2025-09-27 21:15:00+00:00,969.6619873046875,969.7715454101562,968.86767578125,968.86767578125,0
2025-09-27 21:20:00+00:00,969.7024536132812,969.7266235351562,969.5830688476562,969.5830688476562,0
2025-09-27 21:25:00+00:00,969.4837646484375,969.5753173828125,969.4837646484375,969.4893798828125,0
2025-09-27 21:30:00+00:00,969.6607055664062,969.6607055664062,969.3358764648438,969.3358764648438,1044480
2025-09-27 21:35:00+00:00,970.185302734375,970.185302734375,969.6768798828125,969.6768798828125,0
2025-09-27 21:40:00+00:00,971.7507934570312,971.7507934570312,970.6181640625,970.6181640625,1441280
2025-09-27 21:45:00+00:00,972.5980224609375,972.5980224609375,972.0963134765625,972.108154296875,948736
2025-09-27 21:50:00+00:00,972.6827392578125,972.6827392578125,972.5739135742188,972.5907592773438,0
2025-09-27 21:55:00+00:00,972.9163818359375,972.9163818359375,972.7533569335938,972.7533569335938,0
2025-09-27 22:00:00+00:00,972.8157348632812,972.8451538085938,972.8157348632812,972.8451538085938,0
2025-09-27 22:05:00+00:00,973.2634887695312,973.2634887695312,972.9601440429688,972.9601440429688,1194240
2025-09-27 22:10:00+00:00,973.8297729492188,973.8297729492188,973.1821899414062,973.1821899414062,0
2025-09-27 22:15:00+00:00,975.2609252929688,975.2609252929688,974.4564819335938,974.4564819335938,0
2025-09-27 22:20:00+00:00,975.3942260742188,975.3942260742188,975.224609375,975.331298828125,2318080
2025-09-27 22:25:00+00:00,977.2974853515625,977.2974853515625,976.3097534179688,976.3271484375,10541824
2025-09-27 22:30:00+00:00,976.3225708007812,977.7240600585938,976.3225708007812,977.3099365234375,4691456
2025-09-27 22:35:00+00:00,974.5509643554688,976.1134033203125,974.5509643554688,976.0718994140625,2124032
2025-09-27 22:40:00+00:00,973.4373779296875,974.2312622070312,973.4373779296875,974.2312622070312,9778432
2025-09-27 22:45:00+00:00,971.8380126953125,973.281982421875,971.8380126953125,973.281982421875,1994752
2025-09-27 22:50:00+00:00,972.2744140625,972.3078002929688,971.7882690429688,971.7882690429688,855040
2025-09-27 22:55:00+00:00,972.328857421875,972.5804443359375,972.2877197265625,972.5804443359375,2182656
2025-09-27 23:00:00+00:00,972.652587890625,972.652587890625,972.302978515625,972.302978515625,2310144
2025-09-27 23:05:00+00:00,972.9557495117188,973.1534423828125,972.9557495117188,973.0868530273438,3575296
2025-09-27 23:10:00+00:00,971.6991577148438,972.6810302734375,971.6991577148438,972.6810302734375,5774848
2025-09-27 23:15:00+00:00,970.0531616210938,971.7240600585938,970.0531616210938,971.7240600585938,4241408
2025-09-27 23:20:00+00:00,969.5475463867188,970.03125,969.5475463867188,970.03125,3185664
2025-09-27 23:25:00+00:00,969.1430053710938,969.3878784179688,969.1430053710938,969.2230834960938,4227328
2025-09-27 23:30:00+00:00,969.492431640625,969.492431640625,969.0218505859375,969.0218505859375,0
2025-09-27 23:35:00+00:00,969.4695434570312,969.6010131835938,969.4341430664062,969.4341430664062,1443584
2025-09-27 23:40:00+00:00,968.9321899414062,969.4729614257812,968.8599853515625,969.4729614257812,2476800
2025-09-27 23:45:00+00:00,968.9749145507812,968.9749145507812,968.924072265625,968.9660034179688,3919616
2025-09-27 23:50:00+00:00,969.0250854492188,969.1117553710938,968.9813842773438,968.9813842773438,1019904
2025-09-27 23:55:00+00:00,968.7294311523438,968.8681030273438,968.7294311523438,968.857666015625,1683200
2025-09-28 00:00:00+00:00,968.5042114257812,968.9395141601562,968.5042114257812,968.8019409179688,0
2025-09-28 00:05:00+00:00,968.3323364257812,968.6409912109375,968.3323364257812,968.6409912109375,1947904
2025-09-28 00:10:00+00:00,966.9847412109375,967.6088256835938,966.9847412109375,967.6088256835938,4139264
2025-09-28 00:15:00+00:00,967.2625732421875,967.2625732421875,967.0650024414062,967.0650024414062,3770368
2025-09-28 00:20:00+00:00,967.5877075195312,967.6353759765625,967.2811279296875,967.451171875,1333504
2025-09-28 00:25:00+00:00,969.9490356445312,969.9490356445312,968.3443603515625,968.3443603515625,4931072
2025-09-28 00:30:00+00:00,970.39111328125,970.7545776367188,969.9531860351562,969.9531860351562,2583552
2025-09-28 00:35:00+00:00,968.8820190429688,970.2776489257812,968.8820190429688,970.2776489257812,0
2025-09-28 00:40:00+00:00,968.8814086914062,968.8814086914062,968.0599365234375,968.0599365234375,1370112
2025-09-28 00:45:00+00:00,968.4629516601562,968.9918823242188,968.4629516601562,968.78173828125,2462976
2025-09-28 00:50:00+00:00,968.8236083984375,968.8338012695312,968.5689697265625,968.5689697265625,0
2025-09-28 00:55:00+00:00,968.037109375,968.4647216796875,968.037109375,968.4647216796875,0
2025-09-28 01:00:00+00:00,968.2940063476562,968.357666015625,968.0737915039062,968.0737915039062,0
2025-09-28 01:05:00+00:00,969.801025390625,969.801025390625,969.2892456054688,969.2892456054688,9079552
2025-09-28 01:10:00+00:00,969.9042358398438,969.9042358398438,969.337646484375,969.337646484375,474368
2025-09-28 01:15:00+00:00,970.2841186523438,970.59716796875,969.9039916992188,969.9039916992188,5819136
2025-09-28 01:20:00+00:00,970.6276245117188,970.6276245117188,970.328857421875,970.328857421875,390656
2025-09-28 01:25:00+00:00,970.8736572265625,970.9682006835938,970.8736572265625,970.9682006835938,2750720
2025-09-28 01:30:00+00:00,970.9249267578125,971.0043334960938,970.9249267578125,971.0043334960938,896256
2025-09-28 01:35:00+00:00,969.531982421875,970.4087524414062,969.531982421875,970.4087524414062,1029120
2025-09-28 01:40:00+00:00,968.52978515625,968.6575317382812,968.52978515625,968.6370239257812,0
2025-09-28 01:45:00+00:00,968.5525512695312,968.5525512695312,968.3302612304688,968.5127563476562,0
2025-09-28 01:50:00+00:00,968.3655395507812,968.4454956054688,968.2943725585938,968.4454956054688,0
2025-09-28 01:55:00+00:00,967.7920532226562,968.1151733398438,967.7920532226562,968.0945434570312,0
2025-09-28 02:00:00+00:00,968.122314453125,968.122314453125,967.7694702148438,967.8051147460938,0
2025-09-28 02:05:00+00:00,968.4207153320312,968.4251708984375,968.1485595703125,968.1485595703125,195584
2025-09-28 02:10:00+00:00,968.9578247070312,968.9578247070312,968.8281860351562,968.8281860351562,897536
2025-09-28 02:15:00+00:00,968.7337646484375,968.8213500976562,968.5062866210938,968.8213500976562,0
2025-09-28 02:20:00+00:00,969.3074340820312,969.3074340820312,968.8317260742188,968.8317260742188,0
2025-09-28 02:25:00+00:00,970.4819946289062,970.5635986328125,969.7667846679688,969.7667846679688,0
2025-09-28 02:30:00+00:00,970.5037231445312,970.54150390625,970.3901977539062,970.54150390625,0
2025-09-28 02:35:00+00:00,972.4585571289062,972.4585571289062,970.9152221679688,970.9152221679688,3171328
2025-09-28 02:40:00+00:00,972.3514404296875,973.287353515625,972.3514404296875,973.287353515625,0
2025-09-28 02:45:00+00:00,970.9876708984375,971.7940063476562,970.9876708984375,971.7940063476562,930560
2025-09-28 02:50:00+00:00,970.5458374023438,970.9468994140625,970.5458374023438,970.9468994140625,3552512
2025-09-28 02:55:00+00:00,971.3995361328125,971.3995361328125,970.7337646484375,970.7337646484375,1025280
2025-09-28 03:00:00+00:00,972.6178588867188,972.6178588867188,971.43310546875,971.43310546875,2425856
2025-09-28 03:05:00+00:00,974.6644287109375,974.7689208984375,974.1624145507812,974.1624145507812,2985216
2025-09-28 03:10:00+00:00,974.7459716796875,974.755615234375,974.6234130859375,974.6234130859375,2967040
2025-09-28 03:15:00+00:00,974.312744140625,974.8344116210938,974.312744140625,974.8344116210938,1461504
2025-09-28 03:20:00+00:00,974.1697998046875,974.3055419921875,974.11669921875,974.2659912109375,272896
2025-09-28 03:25:00+00:00,974.3526611328125,974.395263671875,974.1677856445312,974.1756591796875,0
2025-09-28 03:30:00+00:00,974.2183837890625,974.3460693359375,974.2183837890625,974.3460693359375,0
2025-09-28 03:35:00+00:00,973.3928833007812,974.0997924804688,973.3928833007812,974.0997924804688,0
2025-09-28 03:40:00+00:00,973.3313598632812,973.3313598632812,973.2709350585938,973.2709350585938,0
2025-09-28 03:45:00+00:00,973.0425415039062,973.3662109375,973.0425415039062,973.3662109375,0
2025-09-28 03:50:00+00:00,972.8487548828125,972.8856811523438,972.587158203125,972.587158203125,0
2025-09-28 03:55:00+00:00,974.03955078125,974.03955078125,973.2359008789062,973.2359008789062,0
2025-09-28 04:00:00+00:00,974.2468872070312,974.427490234375,974.2468872070312,974.427490234375,0
2025-09-28 04:05:00+00:00,974.4705810546875,974.4705810546875,974.283203125,974.283203125,0
2025-09-28 04:10:00+00:00,975.0103759765625,975.0103759765625,974.68359375,974.68359375,0
2025-09-28 04:15:00+00:00,974.765625,975.0343627929688,974.765625,975.0343627929688,0
2025-09-28 04:20:00+00:00,973.1907348632812,974.4937133789062,973.1907348632812,974.4937133789062,0
2025-09-28 04:25:00+00:00,972.3578491210938,972.6668090820312,972.3578491210938,972.6668090820312,0
2025-09-28 04:30:00+00:00,973.100341796875,973.100341796875,972.0330810546875,972.2654418945312,0
2025-09-28 04:35:00+00:00,973.5389404296875,973.5389404296875,973.1588134765625,973.1588134765625,0
2025-09-28 04:40:00+00:00,974.2612915039062,974.2725219726562,973.883544921875,973.883544921875,234507264
2025-09-28 04:45:00+00:00,973.7544555664062,974.236083984375,973.7544555664062,974.236083984375,0
2025-09-28 04:50:00+00:00,973.5082397460938,973.7943115234375,973.5082397460938,973.7943115234375,0
2025-09-28 04:55:00+00:00,973.333251953125,973.3970336914062,973.3213500976562,973.3970336914062,0
2025-09-28 05:00:00+00:00,973.8056030273438,973.8056030273438,973.431396484375,973.4408569335938,0
2025-09-28 05:05:00+00:00,973.5048217773438,973.85791015625,973.5048217773438,973.85791015625,0
2025-09-28 05:10:00+00:00,972.1694946289062,972.7553100585938,972.1694946289062,972.7553100585938,0
2025-09-28 05:15:00+00:00,972.7066650390625,972.7066650390625,972.1943969726562,972.1943969726562,0
2025-09-28 05:20:00+00:00,972.9132080078125,972.925048828125,972.8526611328125,972.8526611328125,0
2025-09-28 05:25:00+00:00,973.5276489257812,973.5436401367188,973.1177978515625,973.1177978515625,0
2025-09-28 05:30:00+00:00,973.6517944335938,973.6517944335938,973.3799438476562,973.3799438476562,0
2025-09-28 05:35:00+00:00,973.2077026367188,973.501953125,973.2048950195312,973.501953125,0
2025-09-28 05:40:00+00:00,972.820068359375,973.0535888671875,972.8091430664062,973.0535888671875,128000
2025-09-28 05:45:00+00:00,972.6199951171875,972.8123779296875,972.6179809570312,972.8123779296875,0
2025-09-28 05:50:00+00:00,972.3201293945312,972.3201293945312,972.259521484375,972.259521484375,0
2025-09-28 05:55:00+00:00,972.1635131835938,972.1903076171875,972.0556030273438,972.0556030273438,0
2025-09-28 06:00:00+00:00,972.4618530273438,972.4618530273438,972.1139526367188,972.2111206054688,0
2025-09-28 06:05:00+00:00,973.1781616210938,973.1781616210938,972.4828491210938,972.4828491210938,0
2025-09-28 06:10:00+00:00,973.1574096679688,973.5436401367188,973.1517944335938,973.5436401367188,0
2025-09-28 06:15:00+00:00,972.3961791992188,972.554443359375,972.3961791992188,972.554443359375,0
2025-09-28 06:20:00+00:00,972.9126586914062,973.0117797851562,972.4224243164062,972.4224243164062,0
2025-09-28 06:25:00+00:00,971.7637939453125,972.7100219726562,971.7637939453125,972.6533203125,0
2025-09-28 06:30:00+00:00,970.3817749023438,971.64111328125,970.3817749023438,971.64111328125,0
2025-09-28 06:35:00+00:00,970.939208984375,970.939208984375,970.5587158203125,970.5587158203125,242176
2025-09-28 06:40:00+00:00,970.9547119140625,971.33447265625,970.9547119140625,971.2477416992188,750592
2025-09-28 06:45:00+00:00,970.9049072265625,971.0162353515625,970.9049072265625,970.9828491210938,0
2025-09-28 06:50:00+00:00,970.8939208984375,970.9158935546875,970.789794921875,970.9158935546875,1104640
2025-09-28 06:55:00+00:00,971.2767944335938,971.2767944335938,971.0203247070312,971.0203247070312,0
2025-09-28 07:00:00+00:00,972.4735107421875,972.4735107421875,971.4014892578125,971.4014892578125,0
2025-09-28 07:05:00+00:00,971.5459594726562,972.28662109375,971.5459594726562,972.28662109375,0
2025-09-28 07:10:00+00:00,970.5863037109375,970.5972900390625,970.5364379882812,970.5972900390625,1892096
2025-09-28 07:15:00+00:00,971.1771240234375,971.1771240234375,970.5618896484375,970.5618896484375,913408
2025-09-28 07:20:00+00:00,970.9889526367188,971.1936645507812,970.9889526367188,971.1936645507812,0
2025-09-28 07:25:00+00:00,970.8577880859375,970.8577880859375,970.7346801757812,970.8062744140625,0
2025-09-28 07:30:00+00:00,970.849609375,970.849609375,970.6373291015625,970.7247924804688,0
2025-09-28 07:35:00+00:00,971.0604248046875,971.2876586914062,971.0604248046875,971.1842651367188,1451008
2025-09-28 07:40:00+00:00,970.2920532226562,970.8511352539062,970.2920532226562,970.8511352539062,0
2025-09-28 07:45:00+00:00,969.7449340820312,970.3244018554688,969.7449340820312,970.3244018554688,0
2025-09-28 07:50:00+00:00,970.0671997070312,970.1011352539062,969.8091430664062,969.8091430664062,0
2025-09-28 07:55:00+00:00,970.3145751953125,970.3145751953125,970.14013671875,970.14013671875,0
2025-09-28 08:00:00+00:00,970.6748046875,970.6748046875,970.07080078125,970.07080078125,0
2025-09-28 08:05:00+00:00,969.947998046875,970.4249267578125,969.947998046875,970.4249267578125,0
2025-09-28 08:10:00+00:00,969.1331787109375,969.6080322265625,969.1331787109375,969.6080322265625,0
2025-09-28 08:15:00+00:00,968.4380493164062,969.1265869140625,968.4380493164062,969.1265869140625,0
2025-09-28 08:20:00+00:00,967.6953125,968.3246459960938,967.6953125,968.3246459960938,0
2025-09-28 08:25:00+00:00,966.9675903320312,967.0569458007812,966.9341430664062,967.0569458007812,423936
2025-09-28 08:30:00+00:00,966.0025634765625,966.942138671875,966.0025634765625,966.942138671875,6166784
2025-09-28 08:35:00+00:00,965.0821533203125,965.8445434570312,965.0821533203125,965.8445434570312,3072256
2025-09-28 08:40:00+00:00,964.6640014648438,964.6640014648438,964.4658203125,964.4766845703125,11485440
2025-09-28 08:45:00+00:00,965.5687866210938,965.5687866210938,964.4464111328125,964.4464111328125,1501184
2025-09-28 08:50:00+00:00,965.4934692382812,965.70947265625,965.4400024414062,965.70947265625,2958336
2025-09-28 08:55:00+00:00,965.1754150390625,965.2613525390625,965.0900268554688,965.2613525390625,0
2025-09-28 09:00:00+00:00,965.228759765625,965.2760009765625,965.1586303710938,965.1586303710938,0
2025-09-28 09:05:00+00:00,964.8248901367188,965.2149047851562,964.818603515625,965.197509765625,0
2025-09-28 09:10:00+00:00,964.9392700195312,965.0191040039062,964.80517578125,964.8053588867188,0
2025-09-28 09:15:00+00:00,964.4871826171875,964.9597778320312,964.4871826171875,964.9597778320312,0
2025-09-28 09:20:00+00:00,964.5477905273438,964.6011352539062,964.2875366210938,964.3672485351562,327424
2025-09-28 09:25:00+00:00,964.845458984375,964.845458984375,964.5233154296875,964.5233154296875,0
2025-09-28 09:30:00+00:00,966.48193359375,966.48193359375,965.04248046875,965.04248046875,0
2025-09-28 09:35:00+00:00,967.1227416992188,967.1227416992188,966.4456176757812,966.4456176757812,0
2025-09-28 09:40:00+00:00,967.5761108398438,967.5761108398438,967.372314453125,967.372314453125,0
2025-09-28 09:45:00+00:00,966.9095458984375,967.5857543945312,966.9095458984375,967.5857543945312,0
2025-09-28 09:50:00+00:00,967.05078125,967.05078125,966.9317016601562,966.9317016601562,0
2025-09-28 09:55:00+00:00,967.7015991210938,967.7015991210938,967.320556640625,967.320556640625,1073152
2025-09-28 10:00:00+00:00,967.1919555664062,968.2069702148438,967.1919555664062,967.6785888671875,714240
2025-09-28 10:05:00+00:00,966.5277099609375,967.1336669921875,966.2156982421875,967.1336669921875,19712
2025-09-28 10:10:00+00:00,966.8021240234375,967.1851806640625,966.8021240234375,967.11572265625,1203968
2025-09-28 10:15:00+00:00,967.315185546875,967.315185546875,966.9451293945312,966.9451293945312,0
2025-09-28 10:20:00+00:00,968.8789672851562,968.8789672851562,967.4823608398438,967.4823608398438,1448448
2025-09-28 10:25:00+00:00,968.0079956054688,968.6798706054688,968.0079956054688,968.6798706054688,0
2025-09-28 10:30:00+00:00,968.020263671875,968.020263671875,967.9000854492188,967.9000854492188,0
2025-09-28 10:35:00+00:00,968.4443359375,968.4443359375,968.2527465820312,968.2527465820312,0
2025-09-28 10:40:00+00:00,969.3126220703125,969.3126220703125,968.9518432617188,968.965576171875,0
2025-09-28 10:45:00+00:00,970.20947265625,970.20947265625,969.9323120117188,970.0902099609375,0
2025-09-28 10:50:00+00:00,970.3762817382812,970.3762817382812,970.222412109375,970.2415771484375,0
2025-09-28 10:55:00+00:00,970.6460571289062,970.6906127929688,970.6112060546875,970.6891479492188,0
2025-09-28 11:00:00+00:00,970.1259765625,970.6000366210938,970.1259765625,970.6000366210938,0
2025-09-28 11:05:00+00:00,970.5770263671875,970.5770263671875,970.3238525390625,970.3238525390625,828416
2025-09-28 11:10:00+00:00,970.0830688476562,970.4727172851562,970.0830688476562,970.4352416992188,3798784
2025-09-28 11:15:00+00:00,969.7249755859375,970.04052734375,969.7249755859375,970.04052734375,1155840
2025-09-28 11:20:00+00:00,969.7611694335938,969.9363403320312,969.6598510742188,969.9363403320312,1960448
2025-09-28 11:25:00+00:00,969.0806274414062,969.4652709960938,969.0806274414062,969.4652709960938,4325632
2025-09-28 11:30:00+00:00,970.09619140625,970.09619140625,968.8062744140625,968.8062744140625,4894976
2025-09-28 11:35:00+00:00,969.95458984375,970.0492553710938,969.95458984375,970.0492553710938,2866944
2025-09-28 11:40:00+00:00,970.30029296875,970.30029296875,970.14404296875,970.14404296875,3740160
2025-09-28 11:45:00+00:00,969.29736328125,970.2532348632812,969.29736328125,970.2532348632812,0
2025-09-28 11:50:00+00:00,969.905517578125,969.9457397460938,969.3854370117188,969.3854370117188,1169920
2025-09-28 11:55:00+00:00,971.4813842773438,971.4813842773438,970.0283813476562,970.0283813476562,4968704
2025-09-28 12:00:00+00:00,972.9451904296875,972.9451904296875,971.5442504882812,971.5442504882812,1780224
2025-09-28 12:05:00+00:00,972.4065551757812,973.059326171875,972.2998046875,973.059326171875,4892416
2025-09-28 12:10:00+00:00,973.8233032226562,973.8233032226562,972.791259765625,972.791259765625,7208448
2025-09-28 12:15:00+00:00,971.6641235351562,973.64208984375,971.6641235351562,973.64208984375,6272256
2025-09-28 12:20:00+00:00,970.3623046875,971.5140380859375,970.3623046875,971.5140380859375,1940480
2025-09-28 12:25:00+00:00,970.8085327148438,970.8085327148438,970.5399780273438,970.5399780273438,3784448
2025-09-28 12:30:00+00:00,970.8406372070312,970.9461059570312,970.8406372070312,970.8424682617188,819200
2025-09-28 12:35:00+00:00,969.7435913085938,970.2264404296875,969.7435913085938,970.2264404296875,473344
2025-09-28 12:40:00+00:00,968.6424560546875,969.2374877929688,968.5990600585938,969.2374877929688,0
2025-09-28 12:45:00+00:00,967.4398193359375,968.4713134765625,967.4398193359375,968.4713134765625,0
2025-09-28 12:50:00+00:00,968.3704223632812,968.3712158203125,967.481201171875,967.481201171875,0
2025-09-28 12:55:00+00:00,968.94970703125,968.94970703125,968.7662963867188,968.7662963867188,0
2025-09-28 13:00:00+00:00,969.4812622070312,969.4812622070312,968.95849609375,968.95849609375,0
2025-09-28 13:05:00+00:00,970.3154907226562,970.3154907226562,969.7213745117188,969.7213745117188,0
2025-09-28 13:10:00+00:00,971.0905151367188,971.0905151367188,970.9658203125,970.9774169921875,0
2025-09-28 13:15:00+00:00,971.19189453125,971.19189453125,970.6533203125,971.0994873046875,0
2025-09-28 13:20:00+00:00,972.1142578125,972.1142578125,971.3382568359375,971.3382568359375,0
2025-09-28 13:25:00+00:00,972.1951293945312,972.1951293945312,972.0462036132812,972.1780395507812,0
2025-09-28 13:30:00+00:00,972.6609497070312,972.6609497070312,972.1770629882812,972.1770629882812,0
2025-09-28 13:35:00+00:00,974.0537719726562,974.1836547851562,973.248291015625,973.248291015625,1817344
2025-09-28 13:40:00+00:00,974.1158447265625,974.1158447265625,973.652587890625,973.652587890625,921600
2025-09-28 13:45:00+00:00,973.3970336914062,974.0051879882812,973.3970336914062,974.0051879882812,1265408
2025-09-28 13:50:00+00:00,973.3089599609375,973.3883056640625,973.3089599609375,973.3883056640625,0
2025-09-28 13:55:00+00:00,975.06982421875,975.06982421875,973.4282836914062,973.4282836914062,0
2025-09-28 14:00:00+00:00,974.3763427734375,974.8941650390625,974.3763427734375,974.8941650390625,0
2025-09-28 14:05:00+00:00,973.9451904296875,974.0030517578125,973.9450073242188,973.9854125976562,0
2025-09-28 14:10:00+00:00,973.7330932617188,973.8085327148438,973.7330932617188,973.8085327148438,0
2025-09-28 14:15:00+00:00,974.2310180664062,974.2310180664062,973.5980834960938,973.5980834960938,0
2025-09-28 14:20:00+00:00,974.8490600585938,974.8490600585938,974.38037109375,974.38037109375,0
2025-09-28 14:25:00+00:00,977.078125,977.078125,975.7944946289062,975.7944946289062,6052608
2025-09-28 14:30:00+00:00,978.02392578125,978.1476440429688,978.02392578125,978.1476440429688,4353280
2025-09-28 14:35:00+00:00,977.3135986328125,977.7453002929688,977.0375366210938,977.7453002929688,0
2025-09-28 14:40:00+00:00,977.7645874023438,977.8357543945312,977.5745849609375,977.5745849609375,0
2025-09-28 14:45:00+00:00,977.1365356445312,977.7032470703125,977.1365356445312,977.7032470703125,0
2025-09-28 14:50:00+00:00,976.9061889648438,977.1747436523438,976.9061889648438,977.1747436523438,4553472
2025-09-28 14:55:00+00:00,975.9642333984375,976.6837768554688,975.9642333984375,976.6837768554688,0
2025-09-28 15:00:00+00:00,975.6043701171875,975.9188232421875,975.6043701171875,975.8749389648438,0
2025-09-28 15:05:00+00:00,975.0511474609375,975.6034545898438,975.0511474609375,975.6034545898438,0
2025-09-28 15:10:00+00:00,974.29248046875,974.7679443359375,974.193603515625,974.7679443359375,0
2025-09-28 15:15:00+00:00,974.8681030273438,974.8681030273438,974.34033203125,974.34033203125,0
2025-09-28 15:20:00+00:00,974.8563232421875,974.90771484375,974.8277587890625,974.8277587890625,0
2025-09-28 15:25:00+00:00,975.254638671875,975.254638671875,974.9020385742188,974.9020385742188,0
2025-09-28 15:30:00+00:00,976.0047607421875,976.0047607421875,975.910400390625,975.9788818359375,0
2025-09-28 15:35:00+00:00,975.4110717773438,975.9205932617188,975.4110717773438,975.9205932617188,0
2025-09-28 15:40:00+00:00,974.9100952148438,975.1533813476562,974.9100952148438,975.1533813476562,0
2025-09-28 15:45:00+00:00,975.439453125,975.439453125,975.0435180664062,975.0435180664062,0
2025-09-28 15:50:00+00:00,975.3949584960938,975.4229125976562,975.3598022460938,975.4229125976562,0
2025-09-28 15:55:00+00:00,975.7107543945312,975.7107543945312,975.5765380859375,975.5765380859375,0
2025-09-28 16:00:00+00:00,976.2680053710938,976.2680053710938,975.8290405273438,975.8290405273438,0
2025-09-28 16:05:00+00:00,978.1680908203125,978.1680908203125,976.9517211914062,976.9517211914062,2460160
2025-09-28 16:10:00+00:00,977.9161987304688,979.1270751953125,977.7852783203125,979.1270751953125,12322304
2025-09-28 16:15:00+00:00,977.6392211914062,978.1134033203125,977.6392211914062,977.9020385742188,2227200
2025-09-28 16:20:00+00:00,978.0524291992188,978.0524291992188,977.7403564453125,977.7403564453125,182528
2025-09-28 16:25:00+00:00,977.852294921875,978.279296875,977.852294921875,978.279296875,0
2025-09-28 16:30:00+00:00,977.83544921875,978.114013671875,977.83544921875,978.076416015625,0
2025-09-28 16:35:00+00:00,977.5191650390625,977.87353515625,977.5191650390625,977.87353515625,0
2025-09-28 16:40:00+00:00,977.6813354492188,977.6813354492188,977.440673828125,977.440673828125,2306304
2025-09-28 16:45:00+00:00,977.7584228515625,977.8534545898438,977.7584228515625,977.8452758789062,0
2025-09-28 16:50:00+00:00,977.3192138671875,977.707275390625,977.2902221679688,977.707275390625,0
2025-09-28 16:55:00+00:00,977.259765625,977.3329467773438,977.259765625,977.2783813476562,0
2025-09-28 17:00:00+00:00,977.7039794921875,977.7039794921875,977.291259765625,977.291259765625,0
2025-09-28 17:05:00+00:00,978.3490600585938,978.4058227539062,977.7490234375,977.7490234375,0
2025-09-28 17:10:00+00:00,978.3731689453125,978.4842529296875,978.2559204101562,978.2559204101562,0
2025-09-28 17:15:00+00:00,977.9890747070312,978.4890747070312,977.9890747070312,978.4890747070312,0
2025-09-28 17:20:00+00:00,977.7001342773438,978.0236206054688,977.7001342773438,978.0236206054688,0
2025-09-28 17:25:00+00:00,977.3817749023438,977.3817749023438,977.2115478515625,977.2115478515625,0
2025-09-28 17:30:00+00:00,977.8584594726562,977.9138793945312,977.3546752929688,977.3546752929688,0
2025-09-28 17:35:00+00:00,978.8178100585938,978.82470703125,977.9069213867188,977.9069213867188,0
2025-09-28 17:40:00+00:00,979.5194702148438,979.5194702148438,979.2066040039062,979.2066040039062,941056
2025-09-28 17:45:00+00:00,979.5833740234375,979.5833740234375,979.25927734375,979.4515991210938,0
2025-09-28 17:50:00+00:00,978.788818359375,979.4658203125,978.788818359375,979.4658203125,0
2025-09-28 17:55:00+00:00,978.2521362304688,978.4623413085938,978.2167358398438,978.4623413085938,0
2025-09-28 18:00:00+00:00,978.1992797851562,978.218994140625,978.090576171875,978.218994140625,0
2025-09-28 18:05:00+00:00,978.1531982421875,978.2047729492188,978.1531982421875,978.1597290039062,0
2025-09-28 18:10:00+00:00,977.82763671875,977.8759765625,977.82763671875,977.8759765625,284416
2025-09-28 18:15:00+00:00,978.3182983398438,978.3182983398438,977.8741455078125,977.8741455078125,0
2025-09-28 18:20:00+00:00,978.5166625976562,978.5166625976562,978.3135986328125,978.3446655273438,0
2025-09-28 18:25:00+00:00,978.9512939453125,978.9512939453125,978.875244140625,978.875244140625,1956352
2025-09-28 18:30:00+00:00,979.083251953125,979.083251953125,979.032470703125,979.032470703125,0
2025-09-28 18:35:00+00:00,978.9954833984375,979.2103881835938,978.9954833984375,979.2103881835938,0
2025-09-28 18:40:00+00:00,979.011962890625,979.0782470703125,979.011962890625,979.0640258789062,0
2025-09-28 18:45:00+00:00,979.271728515625,979.271728515625,979.1033325195312,979.1033325195312,0
2025-09-28 18:50:00+00:00,979.10888671875,979.1915893554688,979.0986938476562,979.1915893554688,0
2025-09-28 18:55:00+00:00,979.2239379882812,979.2249755859375,979.186279296875,979.2249755859375,0
2025-09-28 19:00:00+00:00,979.2974243164062,979.2974243164062,979.2500610351562,979.2500610351562,0
2025-09-28 19:05:00+00:00,979.4656982421875,979.5278930664062,979.3191528320312,979.3191528320312,882176
2025-09-28 19:10:00+00:00,977.8297119140625,979.05029296875,977.8297119140625,979.05029296875,150528
2025-09-28 19:15:00+00:00,977.1909790039062,977.771240234375,977.1846923828125,977.771240234375,443904
2025-09-28 19:20:00+00:00,977.1544189453125,977.2980346679688,977.1544189453125,977.2540893554688,438784
2025-09-28 19:25:00+00:00,976.6967163085938,977.1609497070312,976.6967163085938,976.9739379882812,2008576
2025-09-28 19:30:00+00:00,976.4080200195312,976.8178100585938,976.4080200195312,976.8178100585938,49968384
2025-09-28 19:35:00+00:00,976.5676879882812,976.60546875,976.46630859375,976.5742797851562,1031168
2025-09-28 19:40:00+00:00,976.7799072265625,976.8335571289062,976.6930541992188,976.6930541992188,0
2025-09-28 19:45:00+00:00,977.0816040039062,977.0816040039062,976.83203125,976.83203125,546048
2025-09-28 19:50:00+00:00,977.1828002929688,977.2116088867188,977.0894775390625,977.0894775390625,184064
2025-09-28 19:55:00+00:00,977.5206909179688,977.5206909179688,977.224853515625,977.224853515625,0
2025-09-28 20:00:00+00:00,978.1751708984375,978.1751708984375,978.0797729492188,978.0797729492188,0
2025-09-28 20:05:00+00:00,978.2905883789062,978.5462036132812,978.2905883789062,978.5462036132812,205824
2025-09-28 20:10:00+00:00,978.2081298828125,978.3067626953125,978.2081298828125,978.296142578125,0
2025-09-28 20:15:00+00:00,978.2033081054688,978.2286376953125,978.1183471679688,978.2286376953125,0
2025-09-28 20:20:00+00:00,979.5453491210938,979.5453491210938,978.66064453125,978.66064453125,1011968
2025-09-28 20:25:00+00:00,980.58203125,980.58203125,980.0462646484375,980.0462646484375,2328832
2025-09-28 20:30:00+00:00,981.629638671875,981.629638671875,980.9490966796875,980.9490966796875,7883264
2025-09-28 20:35:00+00:00,982.6315307617188,982.6318969726562,981.7098999023438,981.7098999023438,7590656
2025-09-28 20:40:00+00:00,983.2666015625,983.2666015625,983.0816650390625,983.0816650390625,7467008
2025-09-28 20:45:00+00:00,983.5581665039062,983.5581665039062,983.1904296875,983.1904296875,2877696
2025-09-28 20:50:00+00:00,983.1124267578125,983.4909057617188,982.9024047851562,983.4909057617188,1108480
2025-09-28 20:55:00+00:00,982.5235595703125,983.5425415039062,982.4475708007812,983.5425415039062,0
2025-09-28 21:00:00+00:00,982.6709594726562,982.6709594726562,982.4977416992188,982.4977416992188,978176
2025-09-28 21:05:00+00:00,983.1945190429688,983.1945190429688,982.7461547851562,982.7461547851562,0
2025-09-28 21:10:00+00:00,984.0502319335938,984.0502319335938,983.7796630859375,983.7796630859375,2661120
2025-09-28 21:15:00+00:00,983.0914306640625,983.8557739257812,983.0914306640625,983.8557739257812,83200
2025-09-28 21:20:00+00:00,983.2618408203125,983.2618408203125,983.0884399414062,983.0884399414062,1124864
2025-09-28 21:25:00+00:00,983.3667602539062,983.3765258789062,983.2820434570312,983.2820434570312,520192
2025-09-28 21:30:00+00:00,982.2307739257812,983.2271118164062,982.2307739257812,983.195556640625,2323456
2025-09-28 21:35:00+00:00,981.8833618164062,982.21826171875,981.8833618164062,982.21826171875,0
2025-09-28 21:40:00+00:00,981.6640014648438,981.6640014648438,981.6417846679688,981.6417846679688,0
2025-09-28 21:45:00+00:00,982.16650390625,982.16650390625,981.677001953125,981.677001953125,0
2025-09-28 21:50:00+00:00,982.0089111328125,982.072509765625,982.0089111328125,982.072509765625,0
2025-09-28 21:55:00+00:00,982.1285400390625,982.1433715820312,981.9464111328125,981.9464111328125,0
2025-09-28 22:00:00+00:00,982.5028076171875,982.5028076171875,982.3248291015625,982.3248291015625,0
2025-09-28 22:05:00+00:00,984.947021484375,984.947021484375,982.6036987304688,982.6036987304688,8647680
2025-09-28 22:10:00+00:00,985.7365112304688,987.28076171875,985.7365112304688,987.28076171875,9391104
2025-09-28 22:15:00+00:00,987.9832153320312,987.9832153320312,986.590087890625,986.590087890625,3378432
2025-09-28 22:20:00+00:00,987.4264526367188,987.904052734375,987.4264526367188,987.7437133789062,779776
2025-09-28 22:25:00+00:00,987.1793823242188,987.8775634765625,987.1185302734375,987.8775634765625,0
2025-09-28 22:30:00+00:00,987.8703002929688,987.8703002929688,987.2513427734375,987.2513427734375,0
2025-09-28 22:35:00+00:00,987.7601928710938,987.931640625,987.7035522460938,987.931640625,0
2025-09-28 22:40:00+00:00,988.54541015625,988.54541015625,988.1580810546875,988.22216796875,0
2025-09-28 22:45:00+00:00,989.4931030273438,989.4931030273438,989.0546875,989.0546875,0
2025-09-28 22:50:00+00:00,989.48828125,989.6812133789062,989.48828125,989.6193237304688,0
2025-09-28 22:55:00+00:00,989.1888427734375,989.265380859375,989.15771484375,989.265380859375,0
2025-09-28 23:00:00+00:00,989.4368896484375,989.4368896484375,989.4085693359375,989.4085693359375,0
2025-09-28 23:05:00+00:00,989.5023193359375,989.5023193359375,989.378173828125,989.3993530273438,0
2025-09-28 23:10:00+00:00,988.9386596679688,989.7673950195312,988.9386596679688,989.7673950195312,0
2025-09-28 23:15:00+00:00,989.043701171875,989.174560546875,989.043701171875,989.087158203125,0
2025-09-28 23:20:00+00:00,988.9856567382812,989.1026000976562,988.9325561523438,989.0122680664062,0
2025-09-28 23:25:00+00:00,989.7233276367188,989.7233276367188,988.9871826171875,988.9871826171875,0
2025-09-28 23:30:00+00:00,990.365234375,990.40869140625,990.3211059570312,990.40869140625,2432000
2025-09-28 23:35:00+00:00,991.2725219726562,991.2725219726562,990.445068359375,990.445068359375,1126400
2025-09-28 23:40:00+00:00,992.7847900390625,992.7847900390625,991.9003295898438,991.9003295898438,2861824
2025-09-28 23:45:00+00:00,993.3528442382812,993.3528442382812,992.8660278320312,992.8660278320312,2283264
2025-09-28 23:50:00+00:00,993.2001342773438,993.3076782226562,993.2001342773438,993.3076782226562,1483008
2025-09-28 23:55:00+00:00,993.3226318359375,993.3226318359375,993.2777099609375,993.2777099609375,2194688
2025-09-29 00:00:00+00:00,993.3786010742188,993.3786010742188,993.3406372070312,993.3502807617188,643328
2025-09-29 00:05:00+00:00,993.9033203125,993.9194946289062,993.9033203125,993.9194946289062,0
2025-09-29 00:10:00+00:00,993.9146728515625,993.9520874023438,993.581787109375,993.581787109375,0
2025-09-29 00:15:00+00:00,992.9619750976562,993.451171875,992.9619750976562,993.451171875,0
2025-09-29 00:20:00+00:00,993.2526245117188,993.3599243164062,992.9796142578125,992.9796142578125,1062400
2025-09-29 00:25:00+00:00,993.8958740234375,993.956787109375,993.6709594726562,993.6709594726562,834304
2025-09-29 00:30:00+00:00,992.8451538085938,993.7433471679688,992.8451538085938,993.7433471679688,0
2025-09-29 00:35:00+00:00,992.7347412109375,992.832763671875,992.7347412109375,992.8013916015625,0
2025-09-29 00:40:00+00:00,993.3054809570312,993.3054809570312,992.7637329101562,992.7637329101562,297216
2025-09-29 00:45:00+00:00,994.7271118164062,994.7271118164062,993.3875122070312,993.3875122070312,247040
2025-09-29 00:50:00+00:00,994.9614868164062,994.9614868164062,994.75048828125,994.7698974609375,202240
2025-09-29 00:55:00+00:00,994.6741333007812,995.1250610351562,994.6129150390625,995.1250610351562,0
2025-09-29 01:00:00+00:00,994.9918212890625,994.9918212890625,994.6900024414062,994.6900024414062,0
2025-09-29 01:05:00+00:00,995.6395874023438,995.6395874023438,994.8883056640625,994.8883056640625,0
2025-09-29 01:10:00+00:00,997.205322265625,997.5238037109375,996.3311157226562,996.3311157226562,0
2025-09-29 01:15:00+00:00,998.600341796875,998.600341796875,996.8270263671875,997.1607055664062,13511424
2025-09-29 01:20:00+00:00,999.2747192382812,999.2747192382812,998.72265625,998.8250732421875,10822912
2025-09-29 01:25:00+00:00,1000.319091796875,1000.5237426757812,1000.319091796875,1000.4732666015625,14890752
2025-09-29 01:30:00+00:00,999.2105712890625,999.2105712890625,999.066650390625,999.066650390625,6740224
2025-09-29 01:35:00+00:00,999.0381469726562,999.6783447265625,999.0381469726562,999.6527709960938,2247680
2025-09-29 01:40:00+00:00,998.2752685546875,998.7264404296875,998.2752685546875,998.7264404296875,3943680
2025-09-29 01:45:00+00:00,997.3707275390625,998.0730590820312,997.3707275390625,998.0730590820312,1159424
2025-09-29 01:50:00+00:00,995.94970703125,997.2098999023438,995.9373168945312,997.2098999023438,2682368
2025-09-29 01:55:00+00:00,994.4127807617188,995.5191650390625,994.4127807617188,995.5191650390625,4424192
2025-09-29 02:00:00+00:00,994.4191284179688,994.5646362304688,994.4191284179688,994.5646362304688,265472
2025-09-29 02:05:00+00:00,994.20849609375,994.20849609375,993.7409057617188,993.7409057617188,3371776
2025-09-29 02:10:00+00:00,995.7603149414062,995.7603149414062,995.2607421875,995.2803344726562,4040448
2025-09-29 02:15:00+00:00,996.0098876953125,996.0098876953125,995.4868774414062,995.4868774414062,0
2025-09-29 02:20:00+00:00,996.9874877929688,996.9874877929688,995.9755859375,995.9755859375,4195072
2025-09-29 02:25:00+00:00,999.6709594726562,999.6819458007812,999.0623779296875,999.0623779296875,5794560
2025-09-29 02:30:00+00:00,999.5033569335938,999.6134033203125,999.5033569335938,999.6134033203125,3729920
2025-09-29 02:35:00+00:00,998.4175415039062,999.1514892578125,998.4175415039062,999.1514892578125,0
2025-09-29 02:40:00+00:00,997.6171875,997.6171875,997.5511474609375,997.5511474609375,0
2025-09-29 02:45:00+00:00,998.0316162109375,998.0316162109375,997.5531005859375,997.5531005859375,0
2025-09-29 02:50:00+00:00,997.8515625,998.0321655273438,997.8202514648438,998.0321655273438,0
2025-09-29 02:55:00+00:00,999.03173828125,999.03173828125,998.5076904296875,998.5076904296875,45824
2025-09-29 03:00:00+00:00,999.2264404296875,999.4921264648438,999.0491333007812,999.0491333007812,0
2025-09-29 03:05:00+00:00,999.0506591796875,999.39990234375,998.9430541992188,999.39990234375,0
2025-09-29 03:10:00+00:00,999.4229125976562,999.4434204101562,999.336669921875,999.336669921875,0
2025-09-29 03:15:00+00:00,1000.5604858398438,1000.5604858398438,999.4166259765625,999.4166259765625,2278400
2025-09-29 03:20:00+00:00,1002.2754516601562,1002.2754516601562,1001.0385131835938,1001.0385131835938,9099520
2025-09-29 03:25:00+00:00,1006.5260009765625,1006.6448974609375,1003.4172973632812,1003.4172973632812,26093312
2025-09-29 03:30:00+00:00,1006.3878784179688,1006.3878784179688,1006.14990234375,1006.37158203125,2002176
2025-09-29 03:35:00+00:00,1006.8110961914062,1006.9130249023438,1006.4635009765625,1006.4635009765625,5417216
2025-09-29 03:40:00+00:00,1007.0087890625,1007.0087890625,1006.5741577148438,1006.5741577148438,3938816
2025-09-29 03:45:00+00:00,1007.3591918945312,1007.3591918945312,1006.86767578125,1007.0167846679688,1629184
2025-09-29 03:50:00+00:00,1009.7076416015625,1009.7076416015625,1007.6920166015625,1007.6920166015625,16908032
2025-09-29 03:55:00+00:00,1010.312744140625,1010.5693969726562,1010.312744140625,1010.4052734375,9729792
2025-09-29 04:00:00+00:00,1010.2144165039062,1010.2144165039062,1009.99462890625,1009.99462890625,4681728
2025-09-29 04:05:00+00:00,1012.0037841796875,1012.0809326171875,1011.4393310546875,1011.4393310546875,13684992
2025-09-29 04:10:00+00:00,1011.5271606445312,1012.3580932617188,1011.5271606445312,1012.2887573242188,4998400
2025-09-29 04:15:00+00:00,1010.2456665039062,1011.4794921875,1010.2456665039062,1011.4794921875,3319040
2025-09-29 04:20:00+00:00,1010.2012329101562,1010.4016723632812,1010.2012329101562,1010.4016723632812,3633408
2025-09-29 04:25:00+00:00,1009.2243041992188,1009.4468383789062,1009.2243041992188,1009.3910522460938,1505024
2025-09-29 04:30:00+00:00,1008.279296875,1009.2326049804688,1008.279296875,1009.2326049804688,2196736
2025-09-29 04:35:00+00:00,1009.1714477539062,1009.5628662109375,1008.3455810546875,1008.3455810546875,3179264
2025-09-29 04:40:00+00:00,1009.4298706054688,1009.4298706054688,1008.6912231445312,1008.6912231445312,3294208
2025-09-29 04:45:00+00:00,1009.3906860351562,1009.8157348632812,1009.3906860351562,1009.4562377929688,2589184
2025-09-29 04:50:00+00:00,1009.0618896484375,1009.3486938476562,1009.0618896484375,1009.3486938476562,1239040
2025-09-29 04:55:00+00:00,1009.0774536132812,1009.0774536132812,1008.8563842773438,1008.8563842773438,1462528
2025-09-29 05:00:00+00:00,1008.7113647460938,1008.9876098632812,1008.6754150390625,1008.9876098632812,0
2025-09-29 05:05:00+00:00,1007.8786010742188,1008.5942993164062,1007.77978515625,1008.5942993164062,4293120
2025-09-29 05:10:00+00:00,1008.5933837890625,1008.5933837890625,1007.7094116210938,1007.7094116210938,4925184
2025-09-29 05:15:00+00:00,1008.9864501953125,1008.9864501953125,1008.607177734375,1008.607177734375,4292096
2025-09-29 05:20:00+00:00,1009.5498046875,1009.5498046875,1008.96240234375,1008.96240234375,5121280
2025-09-29 05:25:00+00:00,1010.9061889648438,1010.9061889648438,1010.1100463867188,1010.1100463867188,11834880
2025-09-29 05:30:00+00:00,1010.5576171875,1011.3012084960938,1010.5576171875,1011.2657470703125,1648128
2025-09-29 05:35:00+00:00,1010.254150390625,1010.3878173828125,1010.0491333007812,1010.3878173828125,2236928
2025-09-29 05:40:00+00:00,1010.3787231445312,1010.642578125,1010.3787231445312,1010.642578125,632576
2025-09-29 05:45:00+00:00,1010.6414794921875,1010.6813354492188,1010.6393432617188,1010.6393432617188,3505408
2025-09-29 05:50:00+00:00,1010.0406494140625,1010.4674682617188,1009.9478149414062,1010.4674682617188,1611520
2025-09-29 05:55:00+00:00,1010.3935546875,1010.3935546875,1010.1337890625,1010.1337890625,2761984
2025-09-29 06:00:00+00:00,1010.4862060546875,1010.6500854492188,1010.4862060546875,1010.6500854492188,137472
2025-09-29 06:05:00+00:00,1009.5362548828125,1010.0050048828125,1009.5362548828125,1009.9984741210938,8445696
2025-09-29 06:10:00+00:00,1007.9243774414062,1008.8264770507812,1007.9243774414062,1008.8264770507812,2308352
2025-09-29 06:15:00+00:00,1007.75830078125,1007.8109741210938,1007.4411010742188,1007.8109741210938,1771008
2025-09-29 06:20:00+00:00,1007.8112182617188,1007.8713989257812,1007.8112182617188,1007.8713989257812,2391552
2025-09-29 06:25:00+00:00,1007.0342407226562,1007.3528442382812,1006.8643188476562,1007.333984375,881152
2025-09-29 06:30:00+00:00,1008.7398071289062,1008.7398071289062,1007.0873413085938,1007.0873413085938,0
2025-09-29 06:35:00+00:00,1009.0723876953125,1009.0723876953125,1008.7353515625,1008.7353515625,92416
2025-09-29 06:40:00+00:00,1009.892822265625,1009.892822265625,1009.2272338867188,1009.2272338867188,979200
2025-09-29 06:45:00+00:00,1011.126953125,1011.126953125,1009.9400634765625,1009.9400634765625,3973376
2025-09-29 06:50:00+00:00,1010.5924682617188,1011.1815795898438,1010.5924682617188,1011.1815795898438,2641920
2025-09-29 06:55:00+00:00,1009.02490234375,1009.4564819335938,1009.02490234375,1009.4564819335938,2560000
2025-09-29 07:00:00+00:00,1009.7977294921875,1009.8575439453125,1009.7977294921875,1009.8435668945312,2312448
2025-09-29 07:05:00+00:00,1009.2662353515625,1010.2508544921875,1009.2662353515625,1010.2508544921875,3399680
2025-09-29 07:10:00+00:00,1009.3911743164062,1009.5615234375,1009.0319213867188,1009.0319213867188,0
2025-09-29 07:15:00+00:00,1008.8217163085938,1009.3887329101562,1008.8217163085938,1009.3887329101562,0
2025-09-29 07:20:00+00:00,1008.5879516601562,1008.660888671875,1008.4723510742188,1008.4723510742188,2442496
2025-09-29 07:25:00+00:00,1008.0308837890625,1008.1079711914062,1008.0308837890625,1008.1079711914062,738304
2025-09-29 07:30:00+00:00,1008.5032348632812,1008.5032348632812,1007.9349365234375,1008.0244140625,5243136
2025-09-29 07:35:00+00:00,1009.5238037109375,1009.5238037109375,1008.64453125,1008.64453125,23487744
2025-09-29 07:40:00+00:00,1009.7122802734375,1010.1478271484375,1009.7122802734375,1010.1478271484375,847104
2025-09-29 07:45:00+00:00,1009.0775756835938,1009.2500610351562,1009.0775756835938,1009.2169799804688,665600
2025-09-29 07:50:00+00:00,1009.0991821289062,1009.0991821289062,1008.9268798828125,1009.00390625,2349824
2025-09-29 07:55:00+00:00,1009.8491821289062,1009.8491821289062,1009.558837890625,1009.558837890625,9188352
2025-09-29 08:00:00+00:00,1012.1627197265625,1012.1627197265625,1009.984375,1009.984375,13408000
2025-09-29 08:05:00+00:00,1010.5819091796875,1011.890380859375,1010.5819091796875,1011.890380859375,3675136
2025-09-29 08:10:00+00:00,1010.0123901367188,1010.1869506835938,1010.0123901367188,1010.1869506835938,1418752
2025-09-29 08:15:00+00:00,1008.7472534179688,1009.3427734375,1008.652587890625,1009.3427734375,1189632
2025-09-29 08:20:00+00:00,1008.794921875,1008.794921875,1008.6589965820312,1008.6846923828125,0
2025-09-29 08:25:00+00:00,1008.9635620117188,1008.9635620117188,1008.6570434570312,1008.8447265625,0
2025-09-29 08:30:00+00:00,1008.673828125,1008.9432983398438,1008.673828125,1008.9432983398438,0
2025-09-29 08:35:00+00:00,1008.7590942382812,1008.9378662109375,1008.6588134765625,1008.6588134765625,0
2025-09-29 08:40:00+00:00,1008.254150390625,1008.3067016601562,1008.254150390625,1008.2948608398438,0
2025-09-29 08:45:00+00:00,1008.8724365234375,1009.0440063476562,1008.5272827148438,1008.5272827148438,439808
2025-09-29 08:50:00+00:00,1008.317626953125,1008.8414306640625,1008.2247924804688,1008.8414306640625,0
2025-09-29 08:55:00+00:00,1008.1272583007812,1008.1272583007812,1007.9208984375,1007.9208984375,412416
2025-09-29 09:00:00+00:00,1007.3949584960938,1007.4656372070312,1007.3949584960938,1007.4656372070312,0
2025-09-29 09:05:00+00:00,1006.0552978515625,1006.8504638671875,1006.0552978515625,1006.8504638671875,3726592
2025-09-29 09:10:00+00:00,1005.53271484375,1005.6871337890625,1005.53271484375,1005.6047973632812,4372480
2025-09-29 09:15:00+00:00,1004.9632568359375,1005.4608154296875,1004.9406127929688,1005.4608154296875,1188864
2025-09-29 09:20:00+00:00,1005.4420166015625,1005.4485473632812,1005.0357055664062,1005.0357055664062,1051392
2025-09-29 09:25:00+00:00,1005.4685668945312,1005.4685668945312,1005.4173583984375,1005.4173583984375,4970496
2025-09-29 09:30:00+00:00,1004.9644165039062,1005.1998901367188,1004.8802490234375,1005.1998901367188,3425792
2025-09-29 09:35:00+00:00,1003.7868041992188,1004.3002319335938,1003.5742797851562,1004.3002319335938,6540032
2025-09-29 09:40:00+00:00,1003.7745971679688,1003.7825927734375,1003.6404418945312,1003.6404418945312,3659776
2025-09-29 09:45:00+00:00,1003.9580688476562,1003.9580688476562,1003.7521362304688,1003.8822021484375,1364224
2025-09-29 09:50:00+00:00,1004.2285766601562,1004.2285766601562,1003.950927734375,1003.950927734375,836352
2025-09-29 09:55:00+00:00,1005.9136352539062,1005.9136352539062,1004.7654418945312,1004.7654418945312,5609216
2025-09-29 10:00:00+00:00,1006.4932861328125,1006.6253662109375,1006.4932861328125,1006.6253662109375,0
2025-09-29 10:05:00+00:00,1008.5057983398438,1008.5057983398438,1006.6261596679688,1006.6261596679688,5712128
2025-09-29 10:10:00+00:00,1009.4403076171875,1009.4403076171875,1009.2020874023438,1009.2020874023438,7157504
2025-09-29 10:15:00+00:00,1009.712890625,1009.712890625,1009.5379028320312,1009.5379028320312,4259328
2025-09-29 10:20:00+00:00,1009.333251953125,1009.66259765625,1009.333251953125,1009.66259765625,2828800
2025-09-29 10:25:00+00:00,1009.3789672851562,1009.3789672851562,1009.286865234375,1009.3518676757812,10907392
2025-09-29 10:30:00+00:00,1009.0216674804688,1009.090576171875,1009.0216674804688,1009.090576171875,3196672
2025-09-29 10:35:00+00:00,1007.8234252929688,1008.8809204101562,1007.8234252929688,1008.8809204101562,2248448
2025-09-29 10:40:00+00:00,1007.5328369140625,1007.9176635742188,1007.3560791015625,1007.8714599609375,983296
2025-09-29 10:45:00+00:00,1008.7449951171875,1008.7449951171875,1007.6226196289062,1007.6226196289062,0
2025-09-29 10:50:00+00:00,1009.3392333984375,1009.3427124023438,1008.8527221679688,1008.8527221679688,3363072
2025-09-29 10:55:00+00:00,1009.5880737304688,1009.5880737304688,1009.4197387695312,1009.4197387695312,4216064
2025-09-29 11:00:00+00:00,1008.2349853515625,1008.5169677734375,1008.2349853515625,1008.450927734375,247808
2025-09-29 11:05:00+00:00,1005.9228515625,1006.9645385742188,1005.9228515625,1006.9645385742188,5872896
2025-09-29 11:10:00+00:00,1005.4078369140625,1005.7142333984375,1005.4078369140625,1005.5921020507812,2320896
2025-09-29 11:15:00+00:00,1007.1865234375,1007.1865234375,1005.4107055664062,1005.4107055664062,4707072
2025-09-29 11:20:00+00:00,1007.18115234375,1007.455810546875,1007.18115234375,1007.3255615234375,1536000
2025-09-29 11:25:00+00:00,1007.0856323242188,1007.0856323242188,1006.5972290039062,1006.5972290039062,0
2025-09-29 11:30:00+00:00,1007.0222778320312,1007.1436157226562,1006.9666748046875,1007.058837890625,4560640
2025-09-29 11:35:00+00:00,1007.3150634765625,1007.317626953125,1007.0510864257812,1007.0709838867188,0
2025-09-29 11:40:00+00:00,1006.8902587890625,1007.2578125,1006.7593994140625,1007.2509765625,0
2025-09-29 11:45:00+00:00,1006.3255004882812,1006.9973754882812,1006.3255004882812,1006.8746337890625,0
2025-09-29 11:50:00+00:00,1005.86572265625,1006.3031005859375,1005.8125610351562,1006.3031005859375,0
2025-09-29 11:55:00+00:00,1005.0237426757812,1005.0860595703125,1005.0237426757812,1005.0860595703125,0
2025-09-29 12:00:00+00:00,1004.6133422851562,1005.0423583984375,1004.6133422851562,1004.997314453125,0
2025-09-29 12:05:00+00:00,1004.1297607421875,1004.5586547851562,1004.1297607421875,1004.5331420898438,0
2025-09-29 12:10:00+00:00,1004.052734375,1004.15478515625,1004.0169677734375,1004.15478515625,0
2025-09-29 12:15:00+00:00,1004.2477416992188,1004.2477416992188,1004.0360107421875,1004.0360107421875,0
2025-09-29 12:20:00+00:00,1004.6286010742188,1004.6286010742188,1004.2891235351562,1004.2891235351562,0
2025-09-29 12:25:00+00:00,1006.5161743164062,1006.5161743164062,1005.3541259765625,1005.3541259765625,2004736
2025-09-29 12:30:00+00:00,1007.0481567382812,1007.0481567382812,1006.2373046875,1006.4833984375,3520256
2025-09-29 12:35:00+00:00,1006.7177734375,1007.168701171875,1006.7177734375,1007.0537109375,6584832
2025-09-29 12:40:00+00:00,1004.1529541015625,1005.4140625,1004.0013427734375,1005.4140625,226560
2025-09-29 12:45:00+00:00,1004.9171752929688,1004.9171752929688,1004.1083984375,1004.1083984375,1812736
2025-09-29 12:50:00+00:00,1004.1376342773438,1004.7733764648438,1004.1106567382812,1004.7488403320312,1043456
2025-09-29 12:55:00+00:00,1001.8936767578125,1002.6968383789062,1001.8936767578125,1002.4987182617188,3789568
2025-09-29 13:00:00+00:00,1001.4572143554688,1002.2606811523438,1001.4572143554688,1001.9854125976562,2391808
2025-09-29 13:05:00+00:00,1001.4388427734375,1001.462158203125,1001.2965087890625,1001.322509765625,2331136
2025-09-29 13:10:00+00:00,1003.50732421875,1003.50732421875,1001.87451171875,1001.87451171875,6123264
2025-09-29 13:15:00+00:00,1003.9640502929688,1004.3427734375,1003.6290893554688,1003.6290893554688,3046656
2025-09-29 13:20:00+00:00,1004.0389404296875,1004.0389404296875,1003.8480224609375,1003.8480224609375,2303232
2025-09-29 13:25:00+00:00,1003.1661987304688,1003.6224365234375,1003.1661987304688,1003.6224365234375,2325504
2025-09-29 13:30:00+00:00,1004.2791748046875,1004.2791748046875,1002.8439331054688,1002.8439331054688,7722496
2025-09-29 13:35:00+00:00,1004.8402709960938,1004.8685913085938,1004.3084106445312,1004.3084106445312,5891328
2025-09-29 13:40:00+00:00,1007.4429931640625,1007.4429931640625,1006.0808715820312,1006.0808715820312,8761088
2025-09-29 13:45:00+00:00,1010.0567626953125,1010.0567626953125,1009.757568359375,1009.9837646484375,10488576
2025-09-29 13:50:00+00:00,1010.9703979492188,1010.995361328125,1010.5982055664062,1010.5982055664062,9677056
2025-09-29 13:55:00+00:00,1012.4690551757812,1012.4801635742188,1011.914794921875,1012.0166625976562,10299136
2025-09-29 14:00:00+00:00,1014.4891967773438,1014.4891967773438,1012.2952270507812,1012.2952270507812,14039808
2025-09-29 14:05:00+00:00,1016.2671508789062,1016.2671508789062,1014.754638671875,1014.754638671875,20031488
2025-09-29 14:10:00+00:00,1016.4224243164062,1016.4224243164062,1015.9564819335938,1016.1067504882812,24266240
2025-09-29 14:15:00+00:00,1015.5660400390625,1016.6548461914062,1015.5660400390625,1016.5742797851562,12474880
2025-09-29 14:20:00+00:00,1018.6281127929688,1018.875732421875,1016.6227416992188,1016.6227416992188,22498560
2025-09-29 14:25:00+00:00,1020.2807006835938,1020.3975830078125,1019.0642700195312,1019.0642700195312,11383040
2025-09-29 14:30:00+00:00,1021.3277587890625,1021.3277587890625,1020.4801025390625,1020.4801025390625,21013248
2025-09-29 14:35:00+00:00,1020.7674560546875,1021.310302734375,1020.2029418945312,1021.310302734375,1376256
2025-09-29 14:40:00+00:00,1022.0150756835938,1022.138916015625,1021.6200561523438,1021.7202758789062,6551296
2025-09-29 14:45:00+00:00,1019.955810546875,1021.7115478515625,1019.955810546875,1021.7115478515625,9182720
2025-09-29 14:50:00+00:00,1019.8924560546875,1019.9160766601562,1019.8756103515625,1019.9160766601562,2669312
2025-09-29 14:55:00+00:00,1019.0679321289062,1019.5562133789062,1019.0679321289062,1019.4473266601562,6366208
2025-09-29 15:00:00+00:00,1018.7151489257812,1019.0487060546875,1018.7151489257812,1019.0487060546875,7655680
2025-09-29 15:05:00+00:00,1018.9574584960938,1019.2230834960938,1018.7227783203125,1018.7227783203125,1365504
2025-09-29 15:10:00+00:00,1017.1549682617188,1018.0421142578125,1017.1549682617188,1018.0421142578125,3111424
2025-09-29 15:15:00+00:00,1015.4765014648438,1017.1512451171875,1015.4765014648438,1017.1512451171875,6822400
2025-09-29 15:20:00+00:00,1014.2365112304688,1015.4733276367188,1014.2365112304688,1015.4733276367188,3823360
2025-09-29 15:25:00+00:00,1012.3087768554688,1013.35888671875,1012.3087768554688,1013.35888671875,5720576
2025-09-29 15:30:00+00:00,1011.3690185546875,1011.4979858398438,1011.3375854492188,1011.4979858398438,5840896
2025-09-29 15:35:00+00:00,1012.5026245117188,1012.6854248046875,1011.434814453125,1011.434814453125,6123520
2025-09-29 15:40:00+00:00,1011.3778076171875,1011.6950073242188,1011.3778076171875,1011.6950073242188,4919552
2025-09-29 15:45:00+00:00,1009.8623046875,1011.08740234375,1009.8623046875,1011.08740234375,4103424
2025-09-29 15:50:00+00:00,1009.814453125,1009.9801635742188,1009.7784423828125,1009.7784423828125,4409088
2025-09-29 15:55:00+00:00,1010.807373046875,1010.807373046875,1010.213623046875,1010.28076171875,3575552
2025-09-29 16:00:00+00:00,1011.04736328125,1011.4983520507812,1010.8348388671875,1010.8348388671875,0
2025-09-29 16:05:00+00:00,1012.1506958007812,1012.1702880859375,1011.0991821289062,1011.109375,0
2025-09-29 16:10:00+00:00,1013.554443359375,1013.554443359375,1012.7550048828125,1012.7838745117188,0
2025-09-29 16:15:00+00:00,1011.2881469726562,1013.08642578125,1011.2881469726562,1013.08642578125,0
2025-09-29 16:20:00+00:00,1010.7804565429688,1011.3273315429688,1010.7359008789062,1011.3043212890625,3043328
2025-09-29 16:25:00+00:00,1008.5459594726562,1009.494140625,1008.342529296875,1009.494140625,5230080
2025-09-29 16:30:00+00:00,1008.146484375,1008.2699584960938,1007.82666015625,1008.2699584960938,0
2025-09-29 16:35:00+00:00,1008.0757446289062,1008.2095947265625,1008.0543212890625,1008.1583862304688,1741568
2025-09-29 16:40:00+00:00,1007.0414428710938,1007.6240844726562,1007.0414428710938,1007.6240844726562,3314688
2025-09-29 16:45:00+00:00,1006.955810546875,1007.0145263671875,1006.63037109375,1007.0145263671875,7179008
2025-09-29 16:50:00+00:00,1007.3421020507812,1007.4788208007812,1006.8958740234375,1006.8958740234375,3368704
2025-09-29 16:55:00+00:00,1007.2974853515625,1007.5067138671875,1007.2974853515625,1007.5067138671875,4177664
2025-09-29 17:00:00+00:00,1005.1271362304688,1007.17236328125,1005.1271362304688,1007.17236328125,0
2025-09-29 17:05:00+00:00,1006.7974243164062,1006.7974243164062,1005.4114990234375,1005.4114990234375,5176832
2025-09-29 17:10:00+00:00,1008.4674682617188,1008.4674682617188,1007.9295043945312,1007.9295043945312,0
2025-09-29 17:15:00+00:00,1008.4113159179688,1008.4545288085938,1008.1228637695312,1008.4545288085938,852224
2025-09-29 17:20:00+00:00,1008.2374267578125,1008.4661865234375,1008.2374267578125,1008.4661865234375,524544
2025-09-29 17:25:00+00:00,1008.8579711914062,1008.9453735351562,1008.7282104492188,1008.7282104492188,0
2025-09-29 17:30:00+00:00,1008.3412475585938,1008.5816650390625,1008.3412475585938,1008.5123901367188,0
2025-09-29 17:35:00+00:00,1008.1053466796875,1008.1890869140625,1007.9379272460938,1008.1890869140625,1553664
2025-09-29 17:40:00+00:00,1009.7971801757812,1009.7971801757812,1008.7899169921875,1008.7899169921875,6336256
2025-09-29 17:45:00+00:00,1010.1135864257812,1010.1135864257812,1009.6873168945312,1009.7050170898438,1718016
2025-09-29 17:50:00+00:00,1011.3549194335938,1011.3549194335938,1010.3117065429688,1010.3117065429688,15215360
2025-09-29 17:55:00+00:00,1012.208984375,1012.4118041992188,1012.0851440429688,1012.4118041992188,6025472
2025-09-29 18:00:00+00:00,1012.1939086914062,1012.4651489257812,1012.1939086914062,1012.4651489257812,868096
2025-09-29 18:05:00+00:00,1012.2329711914062,1012.3670654296875,1012.1978759765625,1012.1978759765625,14080
2025-09-29 18:10:00+00:00,1011.7700805664062,1012.0064086914062,1011.7700805664062,1011.78076171875,0
2025-09-29 18:15:00+00:00,1011.697998046875,1011.73681640625,1011.4619140625,1011.73681640625,0
2025-09-29 18:20:00+00:00,1012.6640014648438,1012.7487182617188,1011.7588500976562,1011.7588500976562,2257920
2025-09-29 18:25:00+00:00,1012.794921875,1012.794921875,1012.660400390625,1012.704833984375,401152
2025-09-29 18:30:00+00:00,1013.5949096679688,1013.5949096679688,1012.7861328125,1012.7861328125,5017856
2025-09-29 18:35:00+00:00,1014.6217651367188,1014.6347045898438,1013.7308959960938,1013.7308959960938,6884352
2025-09-29 18:40:00+00:00,1015.0151977539062,1015.0651245117188,1015.0151977539062,1015.0651245117188,5118208
2025-09-29 18:45:00+00:00,1016.9027099609375,1016.9027099609375,1015.041748046875,1015.041748046875,4861184
2025-09-29 18:50:00+00:00,1016.7237548828125,1016.896240234375,1016.7237548828125,1016.896240234375,2373888
2025-09-29 18:55:00+00:00,1017.0646362304688,1017.0646362304688,1016.6983032226562,1016.6983032226562,2570752
2025-09-29 19:00:00+00:00,1017.8703002929688,1017.8703002929688,1017.5044555664062,1017.5044555664062,3636480
2025-09-29 19:05:00+00:00,1018.5967407226562,1018.6520385742188,1018.0248413085938,1018.0248413085938,2242048
2025-09-29 19:10:00+00:00,1020.4848022460938,1020.4848022460938,1019.0726318359375,1019.0726318359375,7549440
2025-09-29 19:15:00+00:00,1020.0908203125,1020.2523193359375,1020.0908203125,1020.1488037109375,3647232
2025-09-29 19:20:00+00:00,1020.147216796875,1020.1708374023438,1020.0475463867188,1020.1708374023438,967424
2025-09-29 19:25:00+00:00,1020.3961181640625,1020.3961181640625,1020.1837768554688,1020.1837768554688,54784
2025-09-29 19:30:00+00:00,1019.4268798828125,1020.1776733398438,1019.4268798828125,1020.1641845703125,0
2025-09-29 19:35:00+00:00,1019.0701904296875,1019.49853515625,1018.9578857421875,1019.49853515625,372224
2025-09-29 19:40:00+00:00,1019.2815551757812,1019.2815551757812,1018.9967651367188,1018.9967651367188,3498752
2025-09-29 19:45:00+00:00,1021.2593994140625,1021.2593994140625,1020.4345703125,1020.5020751953125,6310912
2025-09-29 19:50:00+00:00,1020.621337890625,1021.2513427734375,1020.621337890625,1021.2513427734375,2732032
2025-09-29 19:55:00+00:00,1020.8912963867188,1020.8912963867188,1020.3374633789062,1020.4342041015625,4040704
2025-09-29 20:00:00+00:00,1020.6380615234375,1020.6892700195312,1020.5633544921875,1020.6892700195312,1799680
2025-09-29 20:05:00+00:00,1021.895263671875,1021.94580078125,1020.8472900390625,1020.8472900390625,5195264
2025-09-29 20:10:00+00:00,1023.1572265625,1023.1572265625,1022.3167724609375,1022.3186645507812,10158080
2025-09-29 20:15:00+00:00,1024.7724609375,1024.7724609375,1023.1431884765625,1023.1431884765625,9229568
2025-09-29 20:20:00+00:00,1023.45849609375,1024.53076171875,1023.4205932617188,1024.53076171875,1959168
2025-09-29 20:25:00+00:00,1023.2554321289062,1023.2554321289062,1023.1806640625,1023.1806640625,1880576
2025-09-29 20:30:00+00:00,1024.1478271484375,1024.1478271484375,1023.49365234375,1023.49365234375,5697792
2025-09-29 20:35:00+00:00,1025.963134765625,1025.963134765625,1024.346435546875,1024.346435546875,2112000
2025-09-29 20:40:00+00:00,1026.0838623046875,1026.0838623046875,1025.9600830078125,1026.003173828125,0
2025-09-29 20:45:00+00:00,1027.052734375,1027.052734375,1026.8138427734375,1026.93798828125,4975360
2025-09-29 20:50:00+00:00,1027.793212890625,1027.793212890625,1027.222900390625,1027.222900390625,4257792
2025-09-29 20:55:00+00:00,1028.6322021484375,1028.6322021484375,1028.0804443359375,1028.1182861328125,4345344
2025-09-29 21:00:00+00:00,1028.37841796875,1028.5694580078125,1028.28955078125,1028.5694580078125,1694208
2025-09-29 21:05:00+00:00,1028.6253662109375,1028.794921875,1028.4024658203125,1028.761962890625,8257024
2025-09-29 21:10:00+00:00,1029.0111083984375,1029.208251953125,1029.0111083984375,1029.192626953125,4423936
2025-09-29 21:15:00+00:00,1027.802001953125,1028.8013916015625,1027.5380859375,1028.8013916015625,1112832
2025-09-29 21:20:00+00:00,1027.5445556640625,1027.7042236328125,1027.5291748046875,1027.65771484375,1677568
2025-09-29 21:25:00+00:00,1027.94873046875,1028.184326171875,1027.94873046875,1028.184326171875,1741312
2025-09-29 21:30:00+00:00,1027.804931640625,1027.97265625,1027.666748046875,1027.666748046875,0
2025-09-29 21:35:00+00:00,1027.92236328125,1027.92236328125,1027.8170166015625,1027.8223876953125,1323264
2025-09-29 21:40:00+00:00,1029.1597900390625,1029.1597900390625,1028.6973876953125,1028.75732421875,3682816
2025-09-29 21:45:00+00:00,1029.2467041015625,1029.412353515625,1029.15673828125,1029.15673828125,4013824
2025-09-29 21:50:00+00:00,1028.97802734375,1029.2149658203125,1028.952880859375,1029.2149658203125,462080
2025-09-29 21:55:00+00:00,1030.1492919921875,1030.1492919921875,1028.853515625,1028.935546875,3860736
2025-09-29 22:00:00+00:00,1030.5145263671875,1030.8814697265625,1030.146728515625,1030.146728515625,0
2025-09-29 22:05:00+00:00,1031.58251953125,1031.58251953125,1030.775146484375,1030.775146484375,0
2025-09-29 22:10:00+00:00,1031.765869140625,1031.9932861328125,1031.7479248046875,1031.9932861328125,882176
2025-09-29 22:15:00+00:00,1033.090087890625,1033.090087890625,1031.7698974609375,1031.7698974609375,3951872
2025-09-29 22:20:00+00:00,1034.0291748046875,1034.1129150390625,1033.2286376953125,1033.2286376953125,4017920
2025-09-29 22:25:00+00:00,1032.3162841796875,1033.087158203125,1032.2744140625,1033.087158203125,4652288
2025-09-29 22:30:00+00:00,1033.7071533203125,1033.7071533203125,1033.4027099609375,1033.4027099609375,4076544
2025-09-29 22:35:00+00:00,1032.9854736328125,1033.6912841796875,1032.9854736328125,1033.6912841796875,650240
2025-09-29 22:40:00+00:00,1032.733154296875,1032.7672119140625,1032.7320556640625,1032.74755859375,1286400
2025-09-29 22:45:00+00:00,1034.7093505859375,1034.7093505859375,1032.906494140625,1032.906494140625,529664
2025-09-29 22:50:00+00:00,1034.927001953125,1035.1912841796875,1034.66796875,1034.6749267578125,1267968
2025-09-29 22:55:00+00:00,1035.5389404296875,1035.6529541015625,1035.0987548828125,1035.0987548828125,2165504
2025-09-29 23:00:00+00:00,1034.6051025390625,1035.4930419921875,1034.6051025390625,1035.4930419921875,0
2025-09-29 23:05:00+00:00,1033.16064453125,1034.5394287109375,1033.1221923828125,1034.5394287109375,0
2025-09-29 23:10:00+00:00,1032.4376220703125,1033.1563720703125,1032.4376220703125,1033.1563720703125,208896
2025-09-29 23:15:00+00:00,1032.5137939453125,1032.5137939453125,1032.27197265625,1032.27197265625,2630656
2025-09-29 23:20:00+00:00,1032.9910888671875,1033.0450439453125,1032.78662109375,1032.78662109375,873728
2025-09-29 23:25:00+00:00,1031.5833740234375,1032.7861328125,1031.5833740234375,1032.7861328125,102912
2025-09-29 23:30:00+00:00,1031.922119140625,1031.922119140625,1031.810791015625,1031.8818359375,0
2025-09-29 23:35:00+00:00,1032.447998046875,1032.5072021484375,1032.3206787109375,1032.3206787109375,1600000
2025-09-29 23:40:00+00:00,1030.7437744140625,1032.02294921875,1030.7437744140625,1032.02294921875,0
2025-09-29 23:45:00+00:00,1030.3909912109375,1030.642333984375,1030.3909912109375,1030.642333984375,0
2025-09-29 23:50:00+00:00,1030.153076171875,1030.3385009765625,1030.12646484375,1030.2686767578125,0
2025-09-29 23:55:00+00:00,1030.8125,1030.8125,1030.041015625,1030.041015625,0
2025-09-30 00:00:00+00:00,1030.6634521484375,1030.6634521484375,1030.6156005859375,1030.627685546875,0
2025-09-30 00:05:00+00:00,1030.8480224609375,1030.9854736328125,1030.7913818359375,1030.7913818359375,0
2025-09-30 00:10:00+00:00,1032.206298828125,1032.206298828125,1031.1639404296875,1031.1639404296875,2550016
2025-09-30 00:15:00+00:00,1031.9351806640625,1032.72509765625,1031.9351806640625,1032.72509765625,1364224
2025-09-30 00:20:00+00:00,1030.8690185546875,1031.7301025390625,1030.8690185546875,1031.6690673828125,792064
2025-09-30 00:25:00+00:00,1030.3509521484375,1030.3509521484375,1030.2701416015625,1030.2701416015625,247040
2025-09-30 00:30:00+00:00,1031.01904296875,1031.01904296875,1030.3260498046875,1030.3260498046875,236800
2025-09-30 00:35:00+00:00,1032.2698974609375,1032.2698974609375,1031.1746826171875,1031.1746826171875,4438784
2025-09-30 00:40:00+00:00,1032.2681884765625,1032.2681884765625,1031.989990234375,1031.989990234375,1209856
2025-09-30 00:45:00+00:00,1031.0557861328125,1032.2003173828125,1031.0557861328125,1032.2003173828125,1107968
2025-09-30 00:50:00+00:00,1031.57470703125,1031.57470703125,1031.3485107421875,1031.3485107421875,4312832
2025-09-30 00:55:00+00:00,1029.112060546875,1029.9586181640625,1029.112060546875,1029.9586181640625,5551616
2025-09-30 01:00:00+00:00,1028.8929443359375,1028.8929443359375,1028.6561279296875,1028.6561279296875,0
2025-09-30 01:05:00+00:00,1029.5267333984375,1029.5267333984375,1028.989013671875,1028.989013671875,7183104
2025-09-30 01:10:00+00:00,1030.7469482421875,1030.7469482421875,1029.854736328125,1029.854736328125,2172672
2025-09-30 01:15:00+00:00,1029.6767578125,1030.77978515625,1029.6767578125,1030.77978515625,0
2025-09-30 01:20:00+00:00,1029.8272705078125,1029.92724609375,1029.78466796875,1029.78466796875,0
2025-09-30 01:25:00+00:00,1030.2508544921875,1030.2508544921875,1030.029296875,1030.0411376953125,0
2025-09-30 01:30:00+00:00,1026.9920654296875,1028.9443359375,1026.9920654296875,1028.7557373046875,0
2025-09-30 01:35:00+00:00,1026.6490478515625,1026.970703125,1026.6217041015625,1026.970703125,648960
2025-09-30 01:40:00+00:00,1026.574951171875,1027.27783203125,1026.574951171875,1027.27783203125,0
2025-09-30 01:45:00+00:00,1025.2333984375,1025.8331298828125,1025.2333984375,1025.8331298828125,488960
2025-09-30 01:50:00+00:00,1025.9180908203125,1025.9180908203125,1025.41943359375,1025.41943359375,0
2025-09-30 01:55:00+00:00,1025.736572265625,1025.736572265625,1025.2154541015625,1025.2154541015625,0
2025-09-30 02:00:00+00:00,1026.3070068359375,1026.3070068359375,1025.943359375,1025.943359375,0
2025-09-30 02:05:00+00:00,1027.0986328125,1027.1376953125,1026.54833984375,1026.54833984375,845312
2025-09-30 02:10:00+00:00,1026.4996337890625,1026.8873291015625,1026.4996337890625,1026.8873291015625,0
2025-09-30 02:15:00+00:00,1026.2073974609375,1026.47119140625,1026.1688232421875,1026.47119140625,0
2025-09-30 02:20:00+00:00,1026.64208984375,1026.64208984375,1026.4390869140625,1026.4390869140625,0
2025-09-30 02:25:00+00:00,1026.599365234375,1027.0595703125,1026.599365234375,1027.0052490234375,76800
2025-09-30 02:30:00+00:00,1024.584716796875,1026.5091552734375,1024.584716796875,1026.5091552734375,411392
2025-09-30 02:35:00+00:00,1024.2723388671875,1024.58935546875,1024.2528076171875,1024.58935546875,0
2025-09-30 02:40:00+00:00,1024.2142333984375,1024.365234375,1024.2142333984375,1024.365234375,3859456
2025-09-30 02:45:00+00:00,1024.6046142578125,1024.6046142578125,1024.21240234375,1024.21240234375,3431424
2025-09-30 02:50:00+00:00,1023.8335571289062,1024.26904296875,1023.6920166015625,1024.26904296875,2509568
2025-09-30 02:55:00+00:00,1023.0816040039062,1023.8861694335938,1023.0816040039062,1023.8204956054688,3112704
2025-09-30 03:00:00+00:00,1024.1864013671875,1024.1864013671875,1022.7709350585938,1022.7709350585938,3647232
2025-09-30 03:05:00+00:00,1024.945556640625,1025.021728515625,1024.3145751953125,1024.3145751953125,814080
2025-09-30 03:10:00+00:00,1024.1094970703125,1024.632568359375,1023.9215087890625,1024.632568359375,0
2025-09-30 03:15:00+00:00,1025.4779052734375,1025.4779052734375,1024.1998291015625,1024.1998291015625,0
2025-09-30 03:20:00+00:00,1025.80859375,1025.80859375,1025.31201171875,1025.4725341796875,0
2025-09-30 03:25:00+00:00,1026.0677490234375,1026.1705322265625,1025.418701171875,1025.418701171875,0
2025-09-30 03:30:00+00:00,1025.899658203125,1026.261474609375,1025.899658203125,1026.261474609375,0
2025-09-30 03:35:00+00:00,1025.9580078125,1026.0201416015625,1025.822265625,1025.8282470703125,0
2025-09-30 03:40:00+00:00,1025.2471923828125,1025.678955078125,1025.2471923828125,1025.657958984375,0
2025-09-30 03:45:00+00:00,1025.6480712890625,1025.6552734375,1025.2335205078125,1025.2335205078125,0
2025-09-30 03:50:00+00:00,1025.376953125,1025.5701904296875,1025.376953125,1025.5701904296875,0
2025-09-30 03:55:00+00:00,1024.480224609375,1024.9742431640625,1024.4610595703125,1024.9742431640625,0
2025-09-30 04:00:00+00:00,1024.17138671875,1024.29541015625,1024.17138671875,1024.29150390625,0
2025-09-30 04:05:00+00:00,1025.05712890625,1025.05712890625,1024.439697265625,1024.439697265625,1092864
2025-09-30 04:10:00+00:00,1025.923828125,1025.923828125,1025.35595703125,1025.35595703125,0
2025-09-30 04:15:00+00:00,1026.2913818359375,1026.2913818359375,1025.7783203125,1025.7783203125,0
2025-09-30 04:20:00+00:00,1026.177978515625,1026.345458984375,1026.177978515625,1026.345458984375,0
2025-09-30 04:25:00+00:00,1026.3118896484375,1026.3958740234375,1026.28955078125,1026.3204345703125,0
2025-09-30 04:30:00+00:00,1026.0291748046875,1026.25244140625,1026.0291748046875,1026.25244140625,0
2025-09-30 04:35:00+00:00,1026.5677490234375,1026.5677490234375,1026.063720703125,1026.063720703125,0
2025-09-30 04:40:00+00:00,1026.80517578125,1026.8148193359375,1026.80517578125,1026.8121337890625,0
2025-09-30 04:45:00+00:00,1027.389892578125,1027.389892578125,1026.821044921875,1026.821044921875,464384
2025-09-30 04:50:00+00:00,1027.5234375,1027.5340576171875,1027.3228759765625,1027.3228759765625,0
2025-09-30 04:55:00+00:00,1026.9569091796875,1027.4556884765625,1026.9569091796875,1027.4556884765625,0
2025-09-30 05:00:00+00:00,1025.603515625,1026.8387451171875,1025.603515625,1026.8387451171875,0
2025-09-30 05:05:00+00:00,1025.5887451171875,1025.6380615234375,1025.5887451171875,1025.6380615234375,0
2025-09-30 05:10:00+00:00,1025.2218017578125,1025.6275634765625,1025.2218017578125,1025.6275634765625,0
2025-09-30 05:15:00+00:00,1023.2289428710938,1025.295654296875,1023.2289428710938,1025.295654296875,0
2025-09-30 05:20:00+00:00,1022.5997924804688,1023.1619873046875,1022.5997924804688,1023.1619873046875,0
2025-09-30 05:25:00+00:00,1021.5902709960938,1022.4404296875,1021.572998046875,1022.4404296875,0
2025-09-30 05:30:00+00:00,1021.2957763671875,1021.6134033203125,1021.2957763671875,1021.6134033203125,0
2025-09-30 05:35:00+00:00,1020.9608154296875,1021.2644653320312,1020.9450073242188,1021.2644653320312,2888448
2025-09-30 05:40:00+00:00,1021.4094848632812,1021.4094848632812,1020.8987426757812,1020.8987426757812,1357568
2025-09-30 05:45:00+00:00,1022.080810546875,1022.080810546875,1021.2277221679688,1021.3827514648438,1128960
2025-09-30 05:50:00+00:00,1023.187255859375,1023.380615234375,1022.22216796875,1022.22216796875,5627648
2025-09-30 05:55:00+00:00,1024.5126953125,1024.63330078125,1023.6688842773438,1023.71923828125,9134592
2025-09-30 06:00:00+00:00,1024.404052734375,1024.54248046875,1024.404052734375,1024.4390869140625,0
2025-09-30 06:05:00+00:00,1023.8751831054688,1024.2882080078125,1023.5577392578125,1024.2882080078125,0
2025-09-30 06:10:00+00:00,1025.0028076171875,1025.0028076171875,1024.325927734375,1024.325927734375,0
2025-09-30 06:15:00+00:00,1025.082275390625,1025.3131103515625,1024.8585205078125,1024.8585205078125,0
2025-09-30 06:20:00+00:00,1024.7164306640625,1025.0926513671875,1024.6566162109375,1025.0926513671875,487936
2025-09-30 06:25:00+00:00,1024.623291015625,1024.890869140625,1024.623291015625,1024.7430419921875,0
2025-09-30 06:30:00+00:00,1024.0933837890625,1024.5570068359375,1023.9622802734375,1024.5570068359375,2352640
2025-09-30 06:35:00+00:00,1024.9439697265625,1024.9439697265625,1024.18505859375,1024.18505859375,0
2025-09-30 06:40:00+00:00,1026.1148681640625,1026.1148681640625,1025.383056640625,1025.383056640625,4370944
2025-09-30 06:45:00+00:00,1026.31884765625,1026.6907958984375,1026.168212890625,1026.168212890625,0
2025-09-30 06:50:00+00:00,1026.56982421875,1026.65380859375,1026.4013671875,1026.4013671875,0
2025-09-30 06:55:00+00:00,1026.7149658203125,1026.7891845703125,1026.7076416015625,1026.732177734375,109568
2025-09-30 07:00:00+00:00,1026.4251708984375,1026.5224609375,1026.4251708984375,1026.491943359375,0
2025-09-30 07:05:00+00:00,1027.4364013671875,1027.4364013671875,1026.7408447265625,1026.7408447265625,663552
2025-09-30 07:10:00+00:00,1027.54541015625,1027.8883056640625,1027.54541015625,1027.720947265625,1946880
2025-09-30 07:15:00+00:00,1026.300048828125,1027.4765625,1026.300048828125,1027.4765625,0
2025-09-30 07:20:00+00:00,1026.0391845703125,1026.2510986328125,1025.9150390625,1026.2510986328125,1354240
2025-09-30 07:25:00+00:00,1025.72119140625,1025.7431640625,1025.6680908203125,1025.7147216796875,0
2025-09-30 07:30:00+00:00,1024.6993408203125,1025.6956787109375,1024.6993408203125,1025.6956787109375,0
2025-09-30 07:35:00+00:00,1023.8251953125,1024.60400390625,1023.8251953125,1024.60400390625,0
2025-09-30 07:40:00+00:00,1019.4376220703125,1022.2013549804688,1019.4376220703125,1022.2013549804688,4416256
2025-09-30 07:45:00+00:00,1018.5972290039062,1019.5272216796875,1018.2188110351562,1019.5272216796875,4072448
2025-09-30 07:50:00+00:00,1019.5342407226562,1019.7781982421875,1018.622314453125,1018.622314453125,2868736
2025-09-30 07:55:00+00:00,1019.2192993164062,1019.2192993164062,1018.9555053710938,1018.9874877929688,0
2025-09-30 08:00:00+00:00,1019.9004516601562,1019.9004516601562,1019.2793579101562,1019.2793579101562,0
2025-09-30 08:05:00+00:00,1019.948974609375,1019.948974609375,1019.831298828125,1019.831298828125,0
2025-09-30 08:10:00+00:00,1020.39599609375,1020.39599609375,1020.0137329101562,1020.0137329101562,0
2025-09-30 08:15:00+00:00,1020.7276611328125,1020.7276611328125,1020.6104125976562,1020.639892578125,0
2025-09-30 08:20:00+00:00,1020.6333618164062,1020.7046508789062,1020.6333618164062,1020.6749877929688,341504
2025-09-30 08:25:00+00:00,1020.4295654296875,1020.4295654296875,1020.1943359375,1020.2385864257812,0
2025-09-30 08:30:00+00:00,1020.8143920898438,1020.9473876953125,1020.8143920898438,1020.9473876953125,2908416
2025-09-30 08:35:00+00:00,1020.9835205078125,1021.3801879882812,1020.53466796875,1020.53466796875,3910144
2025-09-30 08:40:00+00:00,1020.6610717773438,1020.6610717773438,1020.3898315429688,1020.3898315429688,922624
2025-09-30 08:45:00+00:00,1020.9220581054688,1020.9220581054688,1020.6420288085938,1020.6420288085938,0
2025-09-30 08:50:00+00:00,1021.1065673828125,1021.1065673828125,1020.8004150390625,1020.8004150390625,711680
2025-09-30 08:55:00+00:00,1021.3052978515625,1021.31494140625,1021.0960083007812,1021.0960083007812,1571328
2025-09-30 09:00:00+00:00,1019.5504150390625,1021.2002563476562,1019.5504150390625,1021.2002563476562,0
2025-09-30 09:05:00+00:00,1019.583740234375,1019.7203369140625,1019.583740234375,1019.6031494140625,0
2025-09-30 09:10:00+00:00,1018.9093627929688,1019.3314208984375,1018.8458251953125,1019.3314208984375,0
2025-09-30 09:15:00+00:00,1016.75439453125,1018.7742919921875,1016.6127319335938,1018.7742919921875,3626240
2025-09-30 09:20:00+00:00,1018.0491333007812,1018.105224609375,1017.2001953125,1017.2001953125,3088640
2025-09-30 09:25:00+00:00,1016.0404052734375,1018.3666381835938,1016.0404052734375,1018.3666381835938,15536896
2025-09-30 09:30:00+00:00,1015.6207885742188,1015.7652587890625,1015.6207885742188,1015.7652587890625,0
2025-09-30 09:35:00+00:00,1013.2581176757812,1015.2095336914062,1013.2581176757812,1015.2095336914062,0
2025-09-30 09:40:00+00:00,1011.4299926757812,1011.992431640625,1011.4299926757812,1011.992431640625,20834304
2025-09-30 09:45:00+00:00,1010.8748168945312,1010.8748168945312,1010.6275024414062,1010.6275024414062,12878848
2025-09-30 09:50:00+00:00,1009.757080078125,1009.757080078125,1009.7111206054688,1009.7111206054688,8587776
2025-09-30 09:55:00+00:00,1009.7642211914062,1010.0518798828125,1009.7272338867188,1010.0393676757812,2542592
2025-09-30 10:00:00+00:00,1009.0165405273438,1009.1607666015625,1009.0165405273438,1009.1607666015625,3488512
2025-09-30 10:05:00+00:00,1009.8987426757812,1009.8987426757812,1008.7590942382812,1008.7590942382812,7833856
2025-09-30 10:10:00+00:00,1010.0218505859375,1010.396240234375,1009.956298828125,1010.396240234375,26852096
2025-09-30 10:15:00+00:00,1008.3275756835938,1009.7572021484375,1008.3275756835938,1009.7572021484375,8103936
2025-09-30 10:20:00+00:00,1007.9367065429688,1008.28955078125,1007.9367065429688,1008.28955078125,9035264
2025-09-30 10:25:00+00:00,1008.2482299804688,1008.2591552734375,1007.60302734375,1007.60302734375,0
2025-09-30 10:30:00+00:00,1008.3272094726562,1008.4909057617188,1008.2544555664062,1008.2544555664062,2803712
2025-09-30 10:35:00+00:00,1008.8582153320312,1008.9323120117188,1008.60986328125,1008.60986328125,6945792
2025-09-30 10:40:00+00:00,1009.061279296875,1009.093017578125,1009.048095703125,1009.048095703125,3382528
2025-09-30 10:45:00+00:00,1009.6954345703125,1009.6954345703125,1009.0001220703125,1009.0001220703125,1607936
2025-09-30 10:50:00+00:00,1009.7360229492188,1009.7926635742188,1009.6280517578125,1009.7926635742188,1275392
2025-09-30 10:55:00+00:00,1010.13818359375,1010.3968505859375,1010.13818359375,1010.3968505859375,0
2025-09-30 11:00:00+00:00,1010.5634155273438,1010.5634155273438,1010.2659912109375,1010.2659912109375,0
2025-09-30 11:05:00+00:00,1009.681396484375,1010.33056640625,1009.6152954101562,1010.33056640625,0
2025-09-30 11:10:00+00:00,1009.6026000976562,1009.6026000976562,1009.3068237304688,1009.3068237304688,0
2025-09-30 11:15:00+00:00,1009.787353515625,1009.88671875,1009.5685424804688,1009.5685424804688,0
2025-09-30 11:20:00+00:00,1009.9608154296875,1009.9608154296875,1009.7622680664062,1009.7622680664062,0
2025-09-30 11:25:00+00:00,1010.7890014648438,1010.7890014648438,1010.2874755859375,1010.2874755859375,0
2025-09-30 11:30:00+00:00,1011.6004028320312,1011.6573486328125,1011.5659790039062,1011.5659790039062,0
2025-09-30 11:35:00+00:00,1012.1333618164062,1012.1600952148438,1011.7117919921875,1011.7117919921875,0
2025-09-30 11:40:00+00:00,1013.1117553710938,1013.1117553710938,1012.4345703125,1012.5543823242188,2953984
2025-09-30 11:45:00+00:00,1015.9398193359375,1015.9398193359375,1013.111328125,1013.111328125,7879424
2025-09-30 11:50:00+00:00,1016.44140625,1016.44140625,1015.882568359375,1015.882568359375,4912896
2025-09-30 11:55:00+00:00,1015.48583984375,1015.7929077148438,1015.48583984375,1015.781494140625,0
2025-09-30 12:00:00+00:00,1014.6397094726562,1014.695556640625,1014.5527954101562,1014.695556640625,802560
2025-09-30 12:05:00+00:00,1013.355224609375,1014.00927734375,1013.355224609375,1014.00927734375,0
2025-09-30 12:10:00+00:00,1011.8934936523438,1012.7709350585938,1011.8934936523438,1012.7620239257812,1423360
2025-09-30 12:15:00+00:00,1011.2019653320312,1011.7252807617188,1011.2019653320312,1011.7252807617188,0
2025-09-30 12:20:00+00:00,1011.1439819335938,1011.3442993164062,1011.11572265625,1011.11572265625,410368
2025-09-30 12:25:00+00:00,1011.1326293945312,1011.3656005859375,1011.1326293945312,1011.1868896484375,0
2025-09-30 12:30:00+00:00,1011.4931640625,1011.4931640625,1011.03173828125,1011.03173828125,0
2025-09-30 12:35:00+00:00,1010.572998046875,1011.2305297851562,1010.4880981445312,1011.2305297851562,0
2025-09-30 12:40:00+00:00,1010.8595581054688,1010.8595581054688,1010.7750244140625,1010.7750244140625,0
2025-09-30 12:45:00+00:00,1011.6019897460938,1011.6019897460938,1011.147705078125,1011.147705078125,0
2025-09-30 12:50:00+00:00,1011.1630859375,1011.1630859375,1011.1177368164062,1011.1538696289062,0
2025-09-30 12:55:00+00:00,1010.4771728515625,1010.9456176757812,1010.4771728515625,1010.9456176757812,0
2025-09-30 13:00:00+00:00,1008.9035034179688,1010.4884643554688,1008.9035034179688,1010.4884643554688,0
2025-09-30 13:05:00+00:00,1008.0302124023438,1008.60595703125,1008.0302124023438,1008.60595703125,0
2025-09-30 13:10:00+00:00,1009.3523559570312,1009.3523559570312,1008.470947265625,1008.470947265625,0
2025-09-30 13:15:00+00:00,1009.5182495117188,1009.5182495117188,1009.2920532226562,1009.2920532226562,0
2025-09-30 13:20:00+00:00,1010.0634155273438,1010.0634155273438,1009.8230590820312,1009.8230590820312,130560
2025-09-30 13:25:00+00:00,1010.0731811523438,1010.0750732421875,1009.9134521484375,1009.9134521484375,767488
2025-09-30 13:30:00+00:00,1010.276123046875,1010.4722900390625,1010.1490478515625,1010.1490478515625,0
2025-09-30 13:35:00+00:00,1009.1433715820312,1009.435546875,1009.1339721679688,1009.3947143554688,0
2025-09-30 13:40:00+00:00,1009.61572265625,1009.61572265625,1009.359375,1009.359375,0
2025-09-30 13:45:00+00:00,1011.558837890625,1012.0934448242188,1010.1461181640625,1010.1461181640625,0
2025-09-30 13:50:00+00:00,1009.9664916992188,1011.1676635742188,1009.9664916992188,1011.1676635742188,0
2025-09-30 13:55:00+00:00,1008.3628540039062,1008.7023315429688,1008.3628540039062,1008.68896484375,581888
2025-09-30 14:00:00+00:00,1008.74560546875,1008.819580078125,1008.671630859375,1008.819580078125,0
2025-09-30 14:05:00+00:00,1006.4343872070312,1008.2711181640625,1006.4343872070312,1008.2711181640625,0
2025-09-30 14:10:00+00:00,1005.8522338867188,1006.2678833007812,1005.8522338867188,1006.2678833007812,3031552
2025-09-30 14:15:00+00:00,1004.9070434570312,1004.925537109375,1004.7969970703125,1004.7969970703125,3217152
2025-09-30 14:20:00+00:00,1004.5899047851562,1004.7603149414062,1004.4853515625,1004.700439453125,0
2025-09-30 14:25:00+00:00,1003.529296875,1005.1019897460938,1003.529296875,1005.1019897460938,0
2025-09-30 14:30:00+00:00,1003.3313598632812,1003.3313598632812,1002.9617309570312,1002.9617309570312,0
2025-09-30 14:35:00+00:00,1003.974609375,1004.3318481445312,1003.7847290039062,1003.7847290039062,0
2025-09-30 14:40:00+00:00,1003.9386596679688,1003.9386596679688,1003.4071044921875,1003.4071044921875,1634048
2025-09-30 14:45:00+00:00,1004.4764404296875,1004.4764404296875,1003.9170532226562,1003.9170532226562,0
2025-09-30 14:50:00+00:00,1005.1737060546875,1005.1737060546875,1004.4332885742188,1004.4332885742188,0
2025-09-30 14:55:00+00:00,1005.8743896484375,1005.9266357421875,1004.9003295898438,1004.9003295898438,0
2025-09-30 15:00:00+00:00,1005.5541381835938,1006.0638427734375,1005.5541381835938,1006.0638427734375,0
2025-09-30 15:05:00+00:00,1003.5575561523438,1004.88623046875,1003.5575561523438,1004.88623046875,0
2025-09-30 15:10:00+00:00,999.916259765625,1002.4262084960938,999.916259765625,1002.4262084960938,8232960
2025-09-30 15:15:00+00:00,998.3797607421875,999.5357666015625,998.373291015625,999.5357666015625,5865984
2025-09-30 15:20:00+00:00,996.002197265625,998.2235717773438,996.002197265625,998.2235717773438,1652736
2025-09-30 15:25:00+00:00,994.6546630859375,995.3302612304688,994.56982421875,995.3302612304688,5679616
2025-09-30 15:30:00+00:00,995.5568237304688,995.5568237304688,994.5262451171875,994.5262451171875,94208
2025-09-30 15:35:00+00:00,995.9345703125,996.0070190429688,995.919921875,996.0070190429688,2365184
2025-09-30 15:40:00+00:00,995.7119750976562,995.7119750976562,995.6272583007812,995.641357421875,1835264
2025-09-30 15:45:00+00:00,996.4815063476562,996.4815063476562,995.770751953125,995.770751953125,0
2025-09-30 15:50:00+00:00,998.1835327148438,998.1985473632812,996.8469848632812,996.8469848632812,2606592
2025-09-30 15:55:00+00:00,997.81982421875,997.81982421875,997.67529296875,997.67529296875,693504
2025-09-30 16:00:00+00:00,998.962890625,998.962890625,998.3003540039062,998.3313598632812,0
2025-09-30 16:05:00+00:00,998.9598388671875,999.1737060546875,998.913330078125,999.034912109375,1137664
2025-09-30 16:10:00+00:00,998.8490600585938,998.9945068359375,998.6537475585938,998.6537475585938,0
2025-09-30 16:15:00+00:00,998.4025268554688,999.0543212890625,998.4025268554688,999.0543212890625,0
2025-09-30 16:20:00+00:00,999.3079833984375,999.33056640625,998.5475463867188,998.5475463867188,0
2025-09-30 16:25:00+00:00,999.1454467773438,999.960693359375,998.9179077148438,999.960693359375,0
2025-09-30 16:30:00+00:00,999.961181640625,999.961181640625,999.0599975585938,999.0599975585938,2043136
2025-09-30 16:35:00+00:00,1001.1713256835938,1001.1834716796875,1000.1779174804688,1000.1779174804688,8578304
2025-09-30 16:40:00+00:00,1000.1857299804688,1001.0650634765625,1000.1857299804688,1001.0650634765625,2158848
2025-09-30 16:45:00+00:00,999.9679565429688,1000.7205200195312,999.9679565429688,1000.5162353515625,2032384
2025-09-30 16:50:00+00:00,1000.3723754882812,1000.3723754882812,1000.1492309570312,1000.1492309570312,0
2025-09-30 16:55:00+00:00,999.52685546875,1000.391357421875,999.52685546875,1000.391357421875,37376
2025-09-30 17:00:00+00:00,998.3785400390625,998.721435546875,998.3785400390625,998.721435546875,0
2025-09-30 17:05:00+00:00,999.7418212890625,999.7418212890625,998.38623046875,998.38623046875,207616
2025-09-30 17:10:00+00:00,999.1603393554688,1000.0932006835938,999.1603393554688,1000.0211181640625,584704
2025-09-30 17:15:00+00:00,999.615966796875,999.615966796875,999.2026977539062,999.2026977539062,77568
2025-09-30 17:20:00+00:00,1001.5845336914062,1001.7427368164062,1000.3958129882812,1000.3958129882812,5456128
2025-09-30 17:25:00+00:00,1001.451171875,1001.5570678710938,1001.1119995117188,1001.145263671875,1926912
2025-09-30 17:30:00+00:00,1000.9051513671875,1001.6212158203125,1000.9051513671875,1001.6212158203125,2686464
2025-09-30 17:35:00+00:00,1001.454345703125,1001.454345703125,1000.7905883789062,1000.7905883789062,2742784
2025-09-30 17:40:00+00:00,1002.9009399414062,1002.9009399414062,1002.122314453125,1002.122314453125,1200896
2025-09-30 17:45:00+00:00,1001.9620361328125,1002.3674926757812,1001.7835083007812,1002.3674926757812,4213504
2025-09-30 17:50:00+00:00,1002.3023071289062,1002.3023071289062,1002.1464233398438,1002.1464233398438,0
2025-09-30 17:55:00+00:00,1002.015625,1002.521240234375,1002.015625,1002.521240234375,0
2025-09-30 18:00:00+00:00,1001.1175537109375,1001.7616577148438,1001.1175537109375,1001.6710205078125,0
2025-09-30 18:05:00+00:00,1001.3773193359375,1001.4109497070312,1001.1661376953125,1001.1661376953125,1303040
2025-09-30 18:10:00+00:00,1002.6580200195312,1002.6580200195312,1001.8758544921875,1001.8758544921875,1936128
2025-09-30 18:15:00+00:00,1003.165771484375,1003.2584838867188,1002.75537109375,1002.75537109375,622336
2025-09-30 18:20:00+00:00,1002.760498046875,1002.955078125,1002.7095336914062,1002.955078125,130816
2025-09-30 18:25:00+00:00,1003.7175903320312,1003.7175903320312,1003.09814453125,1003.09814453125,1223936
2025-09-30 18:30:00+00:00,1002.6314697265625,1003.650634765625,1002.6314697265625,1003.650634765625,0
2025-09-30 18:35:00+00:00,1002.1500244140625,1002.5520629882812,1002.1500244140625,1002.5520629882812,0
2025-09-30 18:40:00+00:00,1002.0136108398438,1002.2120971679688,1001.96875,1002.2120971679688,0
2025-09-30 18:45:00+00:00,1002.6903686523438,1002.6903686523438,1002.073974609375,1002.073974609375,0
2025-09-30 18:50:00+00:00,1002.9249267578125,1002.9249267578125,1002.8388671875,1002.8394775390625,0
2025-09-30 18:55:00+00:00,1003.1416625976562,1003.1416625976562,1002.9312744140625,1002.9312744140625,0
2025-09-30 19:00:00+00:00,1004.09814453125,1004.09814453125,1003.4510498046875,1003.4510498046875,0
2025-09-30 19:05:00+00:00,1004.3043212890625,1004.3043212890625,1004.1490478515625,1004.1490478515625,2414592
2025-09-30 19:10:00+00:00,1004.0493774414062,1004.1560668945312,1004.0278930664062,1004.1560668945312,0
2025-09-30 19:15:00+00:00,1003.64013671875,1004.0921020507812,1003.64013671875,1004.0921020507812,0
2025-09-30 19:20:00+00:00,1004.3782348632812,1004.3782348632812,1003.8728637695312,1003.8728637695312,0
2025-09-30 19:25:00+00:00,1004.6868896484375,1004.6868896484375,1004.1492919921875,1004.2200317382812,1018368
2025-09-30 19:30:00+00:00,1005.2349243164062,1005.2349243164062,1004.638916015625,1004.638916015625,1795840
2025-09-30 19:35:00+00:00,1007.0343017578125,1007.1146850585938,1006.221923828125,1006.221923828125,4960512
2025-09-30 19:40:00+00:00,1007.5787353515625,1007.5787353515625,1006.9049682617188,1006.989501953125,5980160
2025-09-30 19:45:00+00:00,1008.1004638671875,1008.1004638671875,1007.9483032226562,1007.98095703125,943872
2025-09-30 19:50:00+00:00,1008.775146484375,1008.8170166015625,1008.123779296875,1008.123779296875,2893824
2025-09-30 19:55:00+00:00,1008.0308227539062,1008.9422607421875,1008.0308227539062,1008.9422607421875,3087104
2025-09-30 20:00:00+00:00,1006.5682983398438,1007.9306640625,1006.5682983398438,1007.9306640625,0
2025-09-30 20:05:00+00:00,1006.0485229492188,1006.5449829101562,1006.0485229492188,1006.5449829101562,0
2025-09-30 20:10:00+00:00,1004.6516723632812,1006.067626953125,1004.6516723632812,1006.067626953125,0
2025-09-30 20:15:00+00:00,1004.48583984375,1004.48583984375,1004.3753662109375,1004.3753662109375,0
2025-09-30 20:20:00+00:00,1005.4131469726562,1005.4131469726562,1004.4730224609375,1004.4730224609375,0
2025-09-30 20:25:00+00:00,1006.7096557617188,1006.71240234375,1006.2447509765625,1006.2447509765625,629504
2025-09-30 20:30:00+00:00,1006.1156005859375,1006.5245971679688,1006.1156005859375,1006.5245971679688,0
2025-09-30 20:35:00+00:00,1006.1641845703125,1006.2689208984375,1006.0275268554688,1006.071044921875,0
2025-09-30 20:40:00+00:00,1006.354736328125,1006.354736328125,1005.96875,1005.9935913085938,0
2025-09-30 20:45:00+00:00,1007.9183959960938,1007.9183959960938,1006.5206298828125,1006.5206298828125,0
2025-09-30 20:50:00+00:00,1008.1338500976562,1008.1338500976562,1007.8952026367188,1007.9146728515625,0
2025-09-30 20:55:00+00:00,1008.897216796875,1008.9647216796875,1008.5305786132812,1008.5305786132812,1286912
2025-09-30 21:00:00+00:00,1009.1438598632812,1009.1438598632812,1008.9302368164062,1008.9302368164062,0
2025-09-30 21:05:00+00:00,1009.8477783203125,1009.8477783203125,1009.5991821289062,1009.6731567382812,0
2025-09-30 21:10:00+00:00,1009.8104248046875,1010.279052734375,1009.8104248046875,1010.279052734375,0
2025-09-30 21:15:00+00:00,1007.825927734375,1008.5614013671875,1007.825927734375,1008.5614013671875,0
2025-09-30 21:20:00+00:00,1007.58056640625,1007.7194213867188,1007.5194091796875,1007.6425170898438,0
2025-09-30 21:25:00+00:00,1006.9625854492188,1007.5582275390625,1006.9625854492188,1007.5582275390625,0
2025-09-30 21:30:00+00:00,1005.937255859375,1006.8201904296875,1005.8920288085938,1006.8201904296875,2383616
2025-09-30 21:35:00+00:00,1006.1773681640625,1006.1773681640625,1005.9020385742188,1005.9020385742188,1049600
2025-09-30 21:40:00+00:00,1006.5204467773438,1006.5618286132812,1006.5204467773438,1006.5618286132812,0
2025-09-30 21:45:00+00:00,1005.9902954101562,1006.5021362304688,1005.9902954101562,1006.5021362304688,0
2025-09-30 21:50:00+00:00,1005.976318359375,1006.0189208984375,1005.9094848632812,1006.0189208984375,0
2025-09-30 21:55:00+00:00,1004.8851928710938,1005.9675903320312,1004.8851928710938,1005.9675903320312,0
2025-09-30 22:00:00+00:00,1004.8005981445312,1004.8005981445312,1003.7005004882812,1003.7005004882812,0
2025-09-30 22:05:00+00:00,1003.9464721679688,1004.7822875976562,1003.9464721679688,1004.7822875976562,0
2025-09-30 22:10:00+00:00,1003.3629150390625,1003.63232421875,1003.2083129882812,1003.63232421875,0
2025-09-30 22:15:00+00:00,1004.2049560546875,1004.2049560546875,1003.4337158203125,1003.4337158203125,0
2025-09-30 22:20:00+00:00,1004.5321655273438,1004.603515625,1004.240478515625,1004.240478515625,0
2025-09-30 22:25:00+00:00,1004.7925415039062,1004.7925415039062,1004.4620971679688,1004.4620971679688,0
2025-09-30 22:30:00+00:00,1004.7621459960938,1004.9671630859375,1004.7621459960938,1004.91162109375,0
2025-09-30 22:35:00+00:00,1003.6038818359375,1004.641845703125,1003.6038818359375,1004.641845703125,1015552
2025-09-30 22:40:00+00:00,1002.675048828125,1003.3209838867188,1002.675048828125,1003.3209838867188,0
2025-09-30 22:45:00+00:00,1003.0624389648438,1003.0624389648438,1002.5765991210938,1002.7369995117188,0
2025-09-30 22:50:00+00:00,1003.3191528320312,1003.4301147460938,1003.23828125,1003.23828125,0
2025-09-30 22:55:00+00:00,1002.5076293945312,1002.992919921875,1002.2544555664062,1002.992919921875,0
2025-09-30 23:00:00+00:00,1002.4480590820312,1003.0889892578125,1002.4480590820312,1002.56298828125,0
2025-09-30 23:05:00+00:00,1002.6881713867188,1002.6881713867188,1002.3369750976562,1002.3369750976562,0
2025-09-30 23:10:00+00:00,1003.3135375976562,1003.3135375976562,1003.04052734375,1003.0594482421875,0
2025-09-30 23:15:00+00:00,1003.8966064453125,1003.8966064453125,1003.3475952148438,1003.3475952148438,0
2025-09-30 23:20:00+00:00,1004.507568359375,1004.54541015625,1003.9365234375,1003.9365234375,0
2025-09-30 23:25:00+00:00,1005.5204467773438,1005.5204467773438,1005.1028442382812,1005.136474609375,830464
2025-09-30 23:30:00+00:00,1006.5499267578125,1006.5499267578125,1005.5509643554688,1005.5509643554688,2769664
2025-09-30 23:35:00+00:00,1006.760009765625,1006.760009765625,1006.57861328125,1006.5816040039062,0
2025-09-30 23:40:00+00:00,1007.602783203125,1007.602783203125,1007.0965576171875,1007.0965576171875,0
2025-09-30 23:45:00+00:00,1008.4032592773438,1008.4032592773438,1007.6983032226562,1007.6983032226562,0
2025-09-30 23:50:00+00:00,1008.854248046875,1008.854248046875,1008.6539306640625,1008.6539306640625,0
2025-09-30 23:55:00+00:00,1008.8028564453125,1008.9093627929688,1008.8028564453125,1008.9093627929688,0
2025-10-01 00:00:00+00:00,1008.8617553710938,1008.8617553710938,1008.5563354492188,1008.5563354492188,0
2025-10-01 00:05:00+00:00,1010.6177978515625,1010.6177978515625,1009.5167846679688,1009.5167846679688,0
2025-10-01 00:10:00+00:00,1010.7268676757812,1010.7268676757812,1010.6454467773438,1010.6454467773438,1013248
2025-10-01 00:15:00+00:00,1011.3936767578125,1011.5121459960938,1010.7369384765625,1010.7369384765625,0
2025-10-01 00:20:00+00:00,1011.9276733398438,1012.1296997070312,1011.5753173828125,1011.5753173828125,0
2025-10-01 00:25:00+00:00,1010.86181640625,1011.2020874023438,1010.8051147460938,1011.2020874023438,0
2025-10-01 00:30:00+00:00,1011.0341186523438,1011.0341186523438,1010.626708984375,1010.626708984375,0
2025-10-01 00:35:00+00:00,1011.4650268554688,1011.6256103515625,1011.20068359375,1011.20068359375,258304
2025-10-01 00:40:00+00:00,1009.9057006835938,1010.616943359375,1009.9057006835938,1010.616943359375,0
2025-10-01 00:45:00+00:00,1009.79443359375,1009.79443359375,1009.7937622070312,1009.7937622070312,0
2025-10-01 00:50:00+00:00,1009.8551025390625,1009.8551025390625,1009.6634521484375,1009.6634521484375,0
2025-10-01 00:55:00+00:00,1012.2115478515625,1012.2115478515625,1010.5316772460938,1010.5316772460938,0
2025-10-01 01:00:00+00:00,1011.876708984375,1012.3734130859375,1011.876708984375,1012.3734130859375,0
2025-10-01 01:05:00+00:00,1012.9080810546875,1012.9080810546875,1011.9932250976562,1011.9932250976562,233728
2025-10-01 01:10:00+00:00,1013.93701171875,1013.93701171875,1013.0439453125,1013.0439453125,1356544
2025-10-01 01:15:00+00:00,1015.2914428710938,1015.2914428710938,1014.688232421875,1014.688232421875,4053760
2025-10-01 01:20:00+00:00,1014.0263061523438,1014.9907836914062,1014.0263061523438,1014.9141845703125,4124160
2025-10-01 01:25:00+00:00,1013.6044921875,1013.6044921875,1013.1829833984375,1013.414794921875,4974592
2025-10-01 01:30:00+00:00,1013.128662109375,1013.8590698242188,1013.128662109375,1013.6910400390625,0
2025-10-01 01:35:00+00:00,1013.3077392578125,1013.3077392578125,1013.0278930664062,1013.0669555664062,0
2025-10-01 01:40:00+00:00,1014.8997192382812,1014.8997192382812,1013.842529296875,1013.842529296875,331264
2025-10-01 01:45:00+00:00,1014.195556640625,1014.4530029296875,1014.195556640625,1014.4530029296875,0
2025-10-01 01:50:00+00:00,1014.1749267578125,1014.1749267578125,1014.0401000976562,1014.1380615234375,0
2025-10-01 01:55:00+00:00,1014.6677856445312,1014.6677856445312,1014.4430541992188,1014.4555053710938,2477824
2025-10-01 02:00:00+00:00,1014.5126342773438,1014.7178955078125,1014.5126342773438,1014.7178955078125,0
2025-10-01 02:05:00+00:00,1014.4457397460938,1014.4457397460938,1014.1961059570312,1014.1984252929688,0
2025-10-01 02:10:00+00:00,1014.3379516601562,1014.578857421875,1014.3379516601562,1014.578857421875,0
2025-10-01 02:15:00+00:00,1014.2987670898438,1014.2987670898438,1014.2022094726562,1014.2237548828125,0
2025-10-01 02:20:00+00:00,1014.3101806640625,1014.3101806640625,1014.279296875,1014.279296875,1421824
2025-10-01 02:25:00+00:00,1013.951904296875,1014.2203369140625,1013.951904296875,1014.2203369140625,0
2025-10-01 02:30:00+00:00,1012.8679809570312,1013.9332885742188,1012.8679809570312,1013.9332885742188,0
2025-10-01 02:35:00+00:00,1012.8770751953125,1012.8770751953125,1012.813232421875,1012.813232421875,0
2025-10-01 02:40:00+00:00,1011.9387817382812,1012.7862548828125,1011.9387817382812,1012.7730102539062,0
2025-10-01 02:45:00+00:00,1011.1942138671875,1011.9048461914062,1011.1942138671875,1011.9048461914062,0
2025-10-01 02:50:00+00:00,1010.45263671875,1011.1830444335938,1010.4208374023438,1011.1830444335938,0
2025-10-01 02:55:00+00:00,1009.8234252929688,1010.2054443359375,1009.8234252929688,1010.2054443359375,0
2025-10-01 03:00:00+00:00,1008.7919921875,1009.8016967773438,1008.7919921875,1009.8016967773438,0
2025-10-01 03:05:00+00:00,1008.1713256835938,1008.707763671875,1008.0787353515625,1008.707763671875,0
2025-10-01 03:10:00+00:00,1008.2493286132812,1008.2493286132812,1007.91748046875,1007.91748046875,223232
2025-10-01 03:15:00+00:00,1006.9414672851562,1008.1383666992188,1006.9414672851562,1008.1383666992188,0
2025-10-01 03:20:00+00:00,1006.142822265625,1006.9937133789062,1005.95947265625,1006.9937133789062,11940608
2025-10-01 03:25:00+00:00,1006.76220703125,1007.086669921875,1005.843505859375,1005.843505859375,16911104
2025-10-01 03:30:00+00:00,1006.5244750976562,1006.5244750976562,1006.3348388671875,1006.3963623046875,7855360
2025-10-01 03:35:00+00:00,1006.6593627929688,1006.8278198242188,1006.560302734375,1006.560302734375,229888
2025-10-01 03:40:00+00:00,1005.1345825195312,1005.8980712890625,1005.1345825195312,1005.8980712890625,0
2025-10-01 03:45:00+00:00,1003.9783935546875,1005.13720703125,1003.9783935546875,1005.13720703125,762880
2025-10-01 03:50:00+00:00,1005.1689453125,1005.20751953125,1004.0377807617188,1004.0377807617188,2117888
2025-10-01 03:55:00+00:00,1005.746826171875,1005.9337158203125,1005.4114379882812,1005.4114379882812,1885952
2025-10-01 04:00:00+00:00,1007.5996704101562,1007.5996704101562,1005.7523803710938,1005.7523803710938,0
2025-10-01 04:05:00+00:00,1007.64013671875,1007.6680908203125,1007.6293334960938,1007.6652221679688,0
2025-10-01 04:10:00+00:00,1007.19677734375,1007.7634887695312,1007.19677734375,1007.7634887695312,1817856
2025-10-01 04:15:00+00:00,1008.2109985351562,1008.2109985351562,1007.1947631835938,1007.1947631835938,231936
2025-10-01 04:20:00+00:00,1009.0847778320312,1009.0847778320312,1008.3283081054688,1008.3283081054688,3431680
2025-10-01 04:25:00+00:00,1010.5306396484375,1010.5435791015625,1009.5087890625,1009.5087890625,3211264
2025-10-01 04:30:00+00:00,1012.2832641601562,1012.2832641601562,1010.6435546875,1010.6435546875,6351104
2025-10-01 04:35:00+00:00,1011.4801635742188,1012.0328369140625,1011.332275390625,1012.0328369140625,6350336
2025-10-01 04:40:00+00:00,1011.7951049804688,1011.8167114257812,1011.7951049804688,1011.8167114257812,2699520
2025-10-01 04:45:00+00:00,1012.0123291015625,1012.0123291015625,1011.76953125,1011.76953125,1100544
2025-10-01 04:50:00+00:00,1011.532958984375,1012.0066528320312,1011.532958984375,1012.0066528320312,532992
2025-10-01 04:55:00+00:00,1010.1304931640625,1010.8908081054688,1010.1123046875,1010.8908081054688,0
2025-10-01 05:00:00+00:00,1010.1357421875,1010.1357421875,1009.9514770507812,1009.9514770507812,0
2025-10-01 05:05:00+00:00,1010.6139526367188,1010.6139526367188,1010.1157836914062,1010.1157836914062,0
2025-10-01 05:10:00+00:00,1012.4281616210938,1012.4918212890625,1011.3158569335938,1011.3158569335938,1529856
2025-10-01 05:15:00+00:00,1011.9846801757812,1012.3529663085938,1011.9846801757812,1012.3529663085938,0
2025-10-01 05:20:00+00:00,1012.208251953125,1012.2357788085938,1011.970947265625,1011.970947265625,0
2025-10-01 05:25:00+00:00,1011.1630249023438,1011.8655395507812,1011.1630249023438,1011.8655395507812,0
2025-10-01 05:30:00+00:00,1010.914794921875,1011.1019287109375,1010.914794921875,1011.1019287109375,0
2025-10-01 05:35:00+00:00,1011.2401733398438,1011.2401733398438,1011.0224609375,1011.0277099609375,0
2025-10-01 05:40:00+00:00,1010.9738159179688,1011.434326171875,1010.9738159179688,1011.434326171875,0
2025-10-01 05:45:00+00:00,1011.1093139648438,1011.1093139648438,1010.8604736328125,1010.9620971679688,0
2025-10-01 05:50:00+00:00,1011.345947265625,1011.345947265625,1011.1119995117188,1011.1119995117188,0
2025-10-01 05:55:00+00:00,1011.29541015625,1011.4403076171875,1011.29541015625,1011.4403076171875,0
2025-10-01 06:00:00+00:00,1011.322021484375,1011.3220825195312,1011.169677734375,1011.3092651367188,0
2025-10-01 06:05:00+00:00,1011.1309204101562,1011.2608032226562,1011.1309204101562,1011.2608032226562,0
2025-10-01 06:10:00+00:00,1010.4618530273438,1010.7197265625,1010.4618530273438,1010.7197265625,5888
2025-10-01 06:15:00+00:00,1010.3553466796875,1010.4721069335938,1010.272705078125,1010.4721069335938,0
2025-10-01 06:20:00+00:00,1009.6924438476562,1010.2134399414062,1009.6924438476562,1010.2134399414062,0
2025-10-01 06:25:00+00:00,1009.7621459960938,1009.7621459960938,1009.39697265625,1009.39697265625,0
2025-10-01 06:30:00+00:00,1010.2337036132812,1010.2337036132812,1009.7816162109375,1009.8240356445312,421376
2025-10-01 06:35:00+00:00,1009.7884521484375,1010.1002807617188,1009.77978515625,1010.1002807617188,0
2025-10-01 06:40:00+00:00,1010.2233276367188,1010.234619140625,1010.162841796875,1010.162841796875,368128
2025-10-01 06:45:00+00:00,1009.3642578125,1010.195068359375,1009.3642578125,1010.195068359375,0
2025-10-01 06:50:00+00:00,1009.5137329101562,1009.5256958007812,1009.3770141601562,1009.4446411132812,1177600
2025-10-01 06:55:00+00:00,1008.7966918945312,1009.1236572265625,1008.6951904296875,1009.1236572265625,2544640
2025-10-01 07:00:00+00:00,1009.894775390625,1009.894775390625,1008.787841796875,1008.787841796875,0
2025-10-01 07:05:00+00:00,1010.6797485351562,1010.6797485351562,1009.919921875,1009.919921875,2891520
2025-10-01 07:10:00+00:00,1010.6787719726562,1010.793212890625,1010.6787719726562,1010.7587280273438,0
2025-10-01 07:15:00+00:00,1010.8843994140625,1010.8843994140625,1010.2926025390625,1010.546875,0
2025-10-01 07:20:00+00:00,1010.6153564453125,1010.7713012695312,1010.582763671875,1010.7713012695312,0
2025-10-01 07:25:00+00:00,1011.02783203125,1011.02783203125,1010.7652587890625,1010.7652587890625,247040
2025-10-01 07:30:00+00:00,1012.009521484375,1012.009521484375,1011.4730224609375,1011.4730224609375,2595584
2025-10-01 07:35:00+00:00,1011.6513061523438,1011.994140625,1011.6513061523438,1011.9835205078125,0
2025-10-01 07:40:00+00:00,1011.631591796875,1011.631591796875,1011.5783081054688,1011.5974731445312,0
2025-10-01 07:45:00+00:00,1011.4609985351562,1011.7725219726562,1011.4609985351562,1011.7725219726562,0
2025-10-01 07:50:00+00:00,1011.8728637695312,1012.1876831054688,1011.5171508789062,1011.5171508789062,0
2025-10-01 07:55:00+00:00,1011.1448974609375,1011.2247314453125,1011.1222534179688,1011.2247314453125,0
2025-10-01 08:00:00+00:00,1010.5614624023438,1011.0015258789062,1010.4380493164062,1011.0015258789062,0
2025-10-01 08:05:00+00:00,1010.8146362304688,1010.8146362304688,1010.5316162109375,1010.6011352539062,0
2025-10-01 08:10:00+00:00,1010.7933959960938,1010.9351196289062,1010.7933959960938,1010.9351196289062,824064
2025-10-01 08:15:00+00:00,1010.6791381835938,1010.9866943359375,1010.6791381835938,1010.859375,0
2025-10-01 08:20:00+00:00,1011.2522583007812,1011.3529663085938,1010.8500366210938,1010.8500366210938,2256384
2025-10-01 08:25:00+00:00,1011.45068359375,1011.45068359375,1010.5345458984375,1010.5345458984375,233216
2025-10-01 08:30:00+00:00,1014.276123046875,1014.276123046875,1013.7709350585938,1013.7709350585938,11045120
2025-10-01 08:35:00+00:00,1018.6326293945312,1018.6617431640625,1017.2982177734375,1017.3006591796875,20349952
2025-10-01 08:40:00+00:00,1021.3037109375,1021.3037109375,1019.3838500976562,1019.3838500976562,19686400
2025-10-01 08:45:00+00:00,1024.3734130859375,1024.3734130859375,1021.630615234375,1021.630615234375,44797952
2025-10-01 08:50:00+00:00,1027.369873046875,1027.659912109375,1025.4444580078125,1025.4444580078125,39584256
2025-10-01 08:55:00+00:00,1026.9012451171875,1026.9012451171875,1026.4091796875,1026.482177734375,19712000
2025-10-01 09:00:00+00:00,1027.957763671875,1027.957763671875,1027.054443359375,1027.054443359375,9181440
2025-10-01 09:05:00+00:00,1027.8941650390625,1027.987060546875,1027.8326416015625,1027.987060546875,7867392
2025-10-01 09:10:00+00:00,1031.2474365234375,1031.68115234375,1030.320068359375,1030.320068359375,23523840
2025-10-01 09:15:00+00:00,1030.177734375,1030.177734375,1030.0623779296875,1030.0623779296875,381184
2025-10-01 09:20:00+00:00,1028.5501708984375,1029.621826171875,1028.1907958984375,1029.621826171875,10929664
2025-10-01 09:25:00+00:00,1028.979248046875,1029.0706787109375,1028.979248046875,1029.0023193359375,0
2025-10-01 09:30:00+00:00,1030.14013671875,1030.14013671875,1029.5955810546875,1029.5955810546875,7138048
2025-10-01 09:35:00+00:00,1030.5203857421875,1030.5203857421875,1030.1505126953125,1030.1505126953125,0
2025-10-01 09:40:00+00:00,1031.5567626953125,1031.5567626953125,1031.2064208984375,1031.2064208984375,0
2025-10-01 09:45:00+00:00,1033.18896484375,1033.18896484375,1031.683837890625,1031.683837890625,0
2025-10-01 09:50:00+00:00,1034.0015869140625,1034.0015869140625,1033.2725830078125,1033.2725830078125,0
2025-10-01 09:55:00+00:00,1034.37939453125,1034.769775390625,1034.37939453125,1034.769775390625,5779968
2025-10-01 10:00:00+00:00,1033.5380859375,1034.31494140625,1033.5380859375,1034.31494140625,0
2025-10-01 10:05:00+00:00,1032.5555419921875,1033.405029296875,1032.2803955078125,1033.3924560546875,0
2025-10-01 10:10:00+00:00,1028.48828125,1030.23876953125,1028.48828125,1030.23876953125,0
2025-10-01 10:15:00+00:00,1028.1246337890625,1028.1246337890625,1027.415283203125,1027.415283203125,0
2025-10-01 10:20:00+00:00,1028.0546875,1028.2513427734375,1028.0546875,1028.2186279296875,0
2025-10-01 10:25:00+00:00,1027.935791015625,1028.0103759765625,1027.935791015625,1027.9595947265625,0
2025-10-01 10:30:00+00:00,1027.4925537109375,1027.93994140625,1027.4925537109375,1027.93994140625,0
2025-10-01 10:35:00+00:00,1027.857666015625,1027.977294921875,1027.567138671875,1027.567138671875,0
2025-10-01 10:40:00+00:00,1027.7474365234375,1027.8426513671875,1027.5277099609375,1027.5277099609375,0
2025-10-01 10:45:00+00:00,1028.1246337890625,1028.1246337890625,1027.76416015625,1027.84228515625,2693632
2025-10-01 10:50:00+00:00,1028.6373291015625,1028.6905517578125,1028.1572265625,1028.1572265625,0
2025-10-01 10:55:00+00:00,1027.94580078125,1028.512451171875,1027.886474609375,1028.512451171875,0
2025-10-01 11:00:00+00:00,1028.5992431640625,1028.5992431640625,1028.3233642578125,1028.3233642578125,0
2025-10-01 11:05:00+00:00,1028.270263671875,1028.53515625,1028.2227783203125,1028.53515625,0
2025-10-01 11:10:00+00:00,1028.5208740234375,1028.5208740234375,1028.0457763671875,1028.0457763671875,0
2025-10-01 11:15:00+00:00,1028.8614501953125,1028.9564208984375,1028.6087646484375,1028.6087646484375,0
2025-10-01 11:20:00+00:00,1029.8104248046875,1029.8555908203125,1028.9373779296875,1028.9373779296875,3290880
2025-10-01 11:25:00+00:00,1029.2880859375,1029.871337890625,1029.2713623046875,1029.871337890625,3772672
2025-10-01 11:30:00+00:00,1028.56103515625,1028.6348876953125,1028.56103515625,1028.6348876953125,0
2025-10-01 11:35:00+00:00,1027.8253173828125,1027.889892578125,1027.805419921875,1027.8062744140625,1421312
2025-10-01 11:40:00+00:00,1025.2130126953125,1025.903564453125,1025.2130126953125,1025.8951416015625,4559104
2025-10-01 11:45:00+00:00,1023.938232421875,1024.6922607421875,1023.938232421875,1024.681396484375,0
2025-10-01 11:50:00+00:00,1022.8897094726562,1023.8226318359375,1022.8897094726562,1023.8226318359375,2274304
2025-10-01 11:55:00+00:00,1023.7074584960938,1023.7074584960938,1022.8909912109375,1022.9807739257812,5192960
2025-10-01 12:00:00+00:00,1023.704345703125,1023.800048828125,1023.704345703125,1023.7593383789062,893952
2025-10-01 12:05:00+00:00,1022.6972045898438,1023.5953979492188,1022.6972045898438,1023.5953979492188,3021568
2025-10-01 12:10:00+00:00,1022.1966552734375,1022.2962036132812,1022.1966552734375,1022.283935546875,3421184
2025-10-01 12:15:00+00:00,1021.0648803710938,1022.1824951171875,1021.0648803710938,1022.1824951171875,6359040
2025-10-01 12:20:00+00:00,1021.8410034179688,1021.8410034179688,1021.2945556640625,1021.2945556640625,4351744
2025-10-01 12:25:00+00:00,1023.8807373046875,1023.8807373046875,1022.4217529296875,1022.4217529296875,9917184
2025-10-01 12:30:00+00:00,1023.9658813476562,1024.8798828125,1023.9658813476562,1024.8433837890625,6835200
2025-10-01 12:35:00+00:00,1024.1468505859375,1024.25537109375,1024.1468505859375,1024.1702880859375,812032
2025-10-01 12:40:00+00:00,1023.2877807617188,1023.8369140625,1023.2877807617188,1023.8369140625,1731328
2025-10-01 12:45:00+00:00,1020.7100830078125,1023.1151123046875,1020.7100830078125,1023.1151123046875,0
2025-10-01 12:50:00+00:00,1020.6443481445312,1020.8760986328125,1020.6443481445312,1020.6691284179688,0
2025-10-01 12:55:00+00:00,1018.8021850585938,1020.0228271484375,1018.8021850585938,1020.0228271484375,2539776
2025-10-01 13:00:00+00:00,1019.097900390625,1019.097900390625,1018.6952514648438,1018.6952514648438,5464320
2025-10-01 13:05:00+00:00,1020.2874755859375,1020.4895629882812,1020.0601806640625,1020.0601806640625,0
2025-10-01 13:10:00+00:00,1020.2579956054688,1020.2579956054688,1019.986572265625,1020.0034790039062,0
2025-10-01 13:15:00+00:00,1023.3429565429688,1023.3429565429688,1020.4971923828125,1020.4971923828125,10531840
2025-10-01 13:20:00+00:00,1024.196044921875,1024.400634765625,1023.3167114257812,1023.3167114257812,4191744
2025-10-01 13:25:00+00:00,1024.0589599609375,1024.486328125,1024.0589599609375,1024.486328125,4608
2025-10-01 13:30:00+00:00,1023.796875,1024.238037109375,1023.796875,1024.0863037109375,0
2025-10-01 13:35:00+00:00,1023.7583618164062,1023.8706665039062,1023.699462890625,1023.8706665039062,0
2025-10-01 13:40:00+00:00,1023.6249389648438,1023.794921875,1023.4961547851562,1023.794921875,590080
2025-10-01 13:45:00+00:00,1023.3065185546875,1023.6719970703125,1023.3065185546875,1023.6188354492188,0
2025-10-01 13:50:00+00:00,1021.7571411132812,1023.0968627929688,1021.5835571289062,1023.0968627929688,0
2025-10-01 13:55:00+00:00,1023.8673095703125,1023.8673095703125,1022.5955810546875,1022.5955810546875,0
2025-10-01 14:00:00+00:00,1024.714599609375,1024.714599609375,1023.5305786132812,1023.7550659179688,0
2025-10-01 14:05:00+00:00,1025.94580078125,1026.330078125,1025.14453125,1025.14453125,0
2025-10-01 14:10:00+00:00,1025.685302734375,1025.8367919921875,1025.663330078125,1025.6959228515625,0
2025-10-01 14:15:00+00:00,1026.7210693359375,1026.7210693359375,1025.791015625,1025.791015625,0
2025-10-01 14:20:00+00:00,1027.367919921875,1027.4991455078125,1026.891357421875,1026.891357421875,665856
2025-10-01 14:25:00+00:00,1027.4500732421875,1027.4500732421875,1027.1005859375,1027.1005859375,0
2025-10-01 14:30:00+00:00,1026.7933349609375,1027.041259765625,1026.7933349609375,1027.041259765625,241152
2025-10-01 14:35:00+00:00,1027.01318359375,1027.01318359375,1026.6982421875,1026.769287109375,0
2025-10-01 14:40:00+00:00,1026.953857421875,1027.712646484375,1026.953857421875,1027.712646484375,2202880
2025-10-01 14:45:00+00:00,1023.2294921875,1026.824462890625,1023.2294921875,1026.824462890625,3119360
2025-10-01 14:50:00+00:00,1022.0818481445312,1023.2595825195312,1022.0818481445312,1023.0597534179688,2841600
2025-10-01 14:55:00+00:00,1022.873779296875,1022.873779296875,1022.622314453125,1022.622314453125,1359360
2025-10-01 15:00:00+00:00,1022.3079223632812,1022.9143676757812,1022.3079223632812,1022.9143676757812,0
2025-10-01 15:05:00+00:00,1021.54638671875,1022.2930297851562,1021.54638671875,1022.2930297851562,0
2025-10-01 15:10:00+00:00,1019.3008422851562,1020.2716064453125,1019.3008422851562,1020.2716064453125,0
2025-10-01 15:15:00+00:00,1020.645263671875,1020.645263671875,1019.3759155273438,1019.3759155273438,0
2025-10-01 15:20:00+00:00,1020.940185546875,1020.972412109375,1020.708984375,1020.708984375,0
2025-10-01 15:25:00+00:00,1020.89111328125,1020.9536743164062,1020.7686767578125,1020.9536743164062,0
2025-10-01 15:30:00+00:00,1020.4736938476562,1020.7608032226562,1020.4736938476562,1020.7608032226562,0
2025-10-01 15:35:00+00:00,1020.7864379882812,1020.7864379882812,1020.4556884765625,1020.4556884765625,3891968
2025-10-01 15:40:00+00:00,1021.1228637695312,1021.4830322265625,1021.1228637695312,1021.4830322265625,0
2025-10-01 15:45:00+00:00,1020.14453125,1021.1763916015625,1020.14453125,1021.1763916015625,0
2025-10-01 15:50:00+00:00,1019.1267700195312,1019.1267700195312,1018.9854736328125,1018.9854736328125,1613056
2025-10-01 15:55:00+00:00,1018.7884521484375,1019.402099609375,1018.7884521484375,1019.402099609375,4970496
2025-10-01 16:00:00+00:00,1019.6741333007812,1019.7479248046875,1019.04052734375,1019.04052734375,0
2025-10-01 16:05:00+00:00,1019.8890991210938,1019.994384765625,1019.6988525390625,1019.6988525390625,4347904
2025-10-01 16:10:00+00:00,1018.7617797851562,1019.4725952148438,1018.7617797851562,1019.4725952148438,7023616
2025-10-01 16:15:00+00:00,1019.8243408203125,1019.8243408203125,1018.8319702148438,1018.8319702148438,3388672
2025-10-01 16:20:00+00:00,1020.6732177734375,1020.6732177734375,1020.076171875,1020.076171875,5176576
2025-10-01 16:25:00+00:00,1019.811767578125,1020.2408447265625,1019.811767578125,1020.2408447265625,4535040
2025-10-01 16:30:00+00:00,1019.7855224609375,1020.3456420898438,1019.7855224609375,1020.0625610351562,0
2025-10-01 16:35:00+00:00,1019.520751953125,1019.6219482421875,1019.209228515625,1019.6219482421875,0
2025-10-01 16:40:00+00:00,1020.5406494140625,1020.5406494140625,1020.18212890625,1020.18212890625,2742784
2025-10-01 16:45:00+00:00,1021.92041015625,1021.92041015625,1021.0513916015625,1021.0513916015625,1075968
2025-10-01 16:50:00+00:00,1021.453369140625,1021.5191650390625,1021.2816772460938,1021.5191650390625,0
2025-10-01 16:55:00+00:00,1021.307861328125,1022.2647094726562,1021.307861328125,1022.2647094726562,0
2025-10-01 17:00:00+00:00,1021.9166259765625,1021.9166259765625,1021.2928466796875,1021.2928466796875,0
2025-10-01 17:05:00+00:00,1023.603759765625,1023.603759765625,1022.5318603515625,1022.5318603515625,0
2025-10-01 17:10:00+00:00,1023.9651489257812,1023.9651489257812,1023.7479858398438,1023.8190307617188,161792
2025-10-01 17:15:00+00:00,1024.1639404296875,1024.1639404296875,1023.391845703125,1023.703369140625,887552
2025-10-01 17:20:00+00:00,1025.06884765625,1025.339111328125,1024.308349609375,1024.308349609375,881920
2025-10-01 17:25:00+00:00,1024.0704345703125,1024.388916015625,1024.0704345703125,1024.388916015625,0
2025-10-01 17:30:00+00:00,1023.4071044921875,1023.8812866210938,1023.2162475585938,1023.8812866210938,874240
2025-10-01 17:35:00+00:00,1022.980712890625,1023.3330688476562,1022.980712890625,1023.3330688476562,0
2025-10-01 17:40:00+00:00,1022.4552001953125,1022.6339721679688,1022.4552001953125,1022.6339721679688,0
2025-10-01 17:45:00+00:00,1022.4290771484375,1022.8199462890625,1022.4290771484375,1022.4467163085938,0
2025-10-01 17:50:00+00:00,1021.4854736328125,1022.2926025390625,1021.4854736328125,1022.2926025390625,0
2025-10-01 17:55:00+00:00,1021.0892333984375,1021.0899047851562,1020.8375854492188,1020.8375854492188,5899008
2025-10-01 18:00:00+00:00,1020.7021484375,1021.0986938476562,1020.7021484375,1021.0986938476562,0
2025-10-01 18:05:00+00:00,1022.0479125976562,1022.0479125976562,1020.8114624023438,1020.8114624023438,1869568
2025-10-01 18:10:00+00:00,1022.8743896484375,1023.0550537109375,1022.8743896484375,1023.0235595703125,452864
2025-10-01 18:15:00+00:00,1021.8154296875,1022.8655395507812,1021.8154296875,1022.8655395507812,0
2025-10-01 18:20:00+00:00,1021.7064208984375,1021.8296508789062,1021.7064208984375,1021.8296508789062,378880
2025-10-01 18:25:00+00:00,1022.1781616210938,1022.1781616210938,1021.3271484375,1021.3271484375,2908416
2025-10-01 18:30:00+00:00,1022.2122192382812,1022.2183227539062,1022.211181640625,1022.2183227539062,4087808
2025-10-01 18:35:00+00:00,1022.0986328125,1022.177734375,1022.0841674804688,1022.144775390625,873472
2025-10-01 18:40:00+00:00,1022.2381591796875,1022.2381591796875,1022.169921875,1022.169921875,782336
2025-10-01 18:45:00+00:00,1021.60498046875,1022.3031616210938,1021.5060424804688,1022.3031616210938,0
2025-10-01 18:50:00+00:00,1021.3187866210938,1021.5631713867188,1021.1183471679688,1021.5631713867188,1187072
2025-10-01 18:55:00+00:00,1020.8419799804688,1021.412353515625,1020.8233032226562,1021.412353515625,585216
2025-10-01 19:00:00+00:00,1020.505859375,1020.8135375976562,1020.505859375,1020.8135375976562,0
2025-10-01 19:05:00+00:00,1020.8348999023438,1020.845703125,1020.4906005859375,1020.4906005859375,0
2025-10-01 19:10:00+00:00,1021.321533203125,1021.321533203125,1020.987060546875,1020.987060546875,0
2025-10-01 19:15:00+00:00,1021.2445068359375,1021.366455078125,1021.2445068359375,1021.3074340820312,0
2025-10-01 19:20:00+00:00,1022.2084350585938,1022.2084350585938,1021.2991333007812,1021.2991333007812,1168128
2025-10-01 19:25:00+00:00,1022.365478515625,1022.5601806640625,1022.365478515625,1022.4818725585938,0
2025-10-01 19:30:00+00:00,1021.6987915039062,1022.5006713867188,1021.6987915039062,1022.5006713867188,0
2025-10-01 19:35:00+00:00,1020.9801635742188,1021.6970825195312,1020.9495849609375,1021.6970825195312,0
2025-10-01 19:40:00+00:00,1021.336669921875,1021.4072265625,1020.8993530273438,1020.8993530273438,0
2025-10-01 19:45:00+00:00,1021.5604248046875,1021.5604248046875,1021.000732421875,1021.1898193359375,0
2025-10-01 19:50:00+00:00,1021.1209716796875,1021.2855834960938,1021.1209716796875,1021.2855834960938,0
2025-10-01 19:55:00+00:00,1020.572265625,1021.0477905273438,1020.572265625,1021.0477905273438,0
2025-10-01 20:00:00+00:00,1020.28515625,1020.349609375,1020.28515625,1020.32470703125,0
2025-10-01 20:05:00+00:00,1019.8929443359375,1019.9674682617188,1019.8305053710938,1019.8305053710938,17776896
2025-10-01 20:10:00+00:00,1019.0247192382812,1019.5811157226562,1019.0247192382812,1019.5811157226562,0
2025-10-01 20:15:00+00:00,1019.3568725585938,1019.3568725585938,1019.0809326171875,1019.0809326171875,525312
2025-10-01 20:20:00+00:00,1019.3162841796875,1019.3162841796875,1019.2357177734375,1019.2357177734375,994560
2025-10-01 20:25:00+00:00,1020.2716674804688,1020.2716674804688,1019.7395629882812,1019.7395629882812,506880
2025-10-01 20:30:00+00:00,1020.7933959960938,1020.9351196289062,1020.3006591796875,1020.3006591796875,0
2025-10-01 20:35:00+00:00,1020.7916870117188,1020.8050537109375,1020.7381591796875,1020.8050537109375,0
2025-10-01 20:40:00+00:00,1021.2078247070312,1021.2078247070312,1020.9213256835938,1020.9213256835938,632064
2025-10-01 20:45:00+00:00,1021.5903930664062,1021.5903930664062,1021.2272338867188,1021.2272338867188,0
2025-10-01 20:50:00+00:00,1021.7509765625,1021.7509765625,1021.5738525390625,1021.5738525390625,0
2025-10-01 20:55:00+00:00,1021.807373046875,1021.807373046875,1021.7463989257812,1021.7486572265625,0
2025-10-01 21:00:00+00:00,1021.991943359375,1022.2938232421875,1021.8731689453125,1021.8731689453125,0
2025-10-01 21:05:00+00:00,1022.2899780273438,1022.2968139648438,1022.0286865234375,1022.0468139648438,0
2025-10-01 21:10:00+00:00,1021.9854736328125,1022.3271484375,1021.9854736328125,1022.3271484375,0
2025-10-01 21:15:00+00:00,1022.7179565429688,1022.7179565429688,1022.0313110351562,1022.0313110351562,0
2025-10-01 21:20:00+00:00,1022.0689086914062,1022.6448974609375,1022.0689086914062,1022.6448974609375,0
2025-10-01 21:25:00+00:00,1021.8670043945312,1021.8670043945312,1021.6117553710938,1021.6117553710938,0
2025-10-01 21:30:00+00:00,1021.479736328125,1022.0536499023438,1021.479736328125,1021.8428344726562,0
2025-10-01 21:35:00+00:00,1021.1466064453125,1021.4263305664062,1021.1466064453125,1021.4263305664062,0
2025-10-01 21:40:00+00:00,1020.9619140625,1020.9827880859375,1020.9161376953125,1020.9827880859375,28416
2025-10-01 21:45:00+00:00,1021.2930297851562,1021.2930297851562,1020.9419555664062,1020.9419555664062,1196800
2025-10-01 21:50:00+00:00,1020.8504638671875,1020.8504638671875,1020.7998657226562,1020.7998657226562,2906112
2025-10-01 21:55:00+00:00,1020.649169921875,1020.83349609375,1020.5260620117188,1020.83349609375,0
2025-10-01 22:00:00+00:00,1020.8140258789062,1020.8140258789062,1020.405517578125,1020.685791015625,123904
2025-10-01 22:05:00+00:00,1021.7129516601562,1021.7129516601562,1020.8370971679688,1020.8370971679688,2404608
2025-10-01 22:10:00+00:00,1022.304931640625,1022.7445068359375,1022.304931640625,1022.7445068359375,2854144
2025-10-01 22:15:00+00:00,1022.15771484375,1022.4258422851562,1022.15771484375,1022.2593994140625,2955520
2025-10-01 22:20:00+00:00,1021.4978637695312,1021.9176025390625,1021.4675903320312,1021.9176025390625,0
2025-10-01 22:25:00+00:00,1021.7319946289062,1021.7631225585938,1021.60595703125,1021.7044677734375,0
2025-10-01 22:30:00+00:00,1021.45947265625,1021.7210083007812,1021.4165649414062,1021.7210083007812,0
2025-10-01 22:35:00+00:00,1021.2227172851562,1021.4429931640625,1021.2227172851562,1021.4429931640625,0
2025-10-01 22:40:00+00:00,1020.6386108398438,1020.6727294921875,1020.6386108398438,1020.6651000976562,0
2025-10-01 22:45:00+00:00,1021.8560791015625,1021.8560791015625,1020.9151000976562,1020.9151000976562,0
2025-10-01 22:50:00+00:00,1022.3793334960938,1022.4775390625,1021.939208984375,1021.939208984375,1714176
2025-10-01 22:55:00+00:00,1022.26123046875,1022.281982421875,1022.228271484375,1022.2589111328125,0
2025-10-01 23:00:00+00:00,1022.2422485351562,1022.2855224609375,1022.2218017578125,1022.2855224609375,0
2025-10-01 23:05:00+00:00,1023.5980224609375,1023.5980224609375,1022.271484375,1022.271484375,1165824
2025-10-01 23:10:00+00:00,1023.5523071289062,1024.16552734375,1023.3130493164062,1024.16552734375,16782592
2025-10-01 23:15:00+00:00,1023.4036865234375,1023.4482421875,1023.1216430664062,1023.4482421875,7921664
2025-10-01 23:20:00+00:00,1024.16455078125,1024.16455078125,1023.50146484375,1023.50146484375,4678400
2025-10-01 23:25:00+00:00,1023.48583984375,1023.9257202148438,1023.4818115234375,1023.9257202148438,0
2025-10-01 23:30:00+00:00,1024.7557373046875,1024.7557373046875,1024.395263671875,1024.4193115234375,3357696
2025-10-01 23:35:00+00:00,1025.043701171875,1025.043701171875,1024.6414794921875,1024.6414794921875,459520
2025-10-01 23:40:00+00:00,1026.1541748046875,1026.1541748046875,1025.8983154296875,1025.8983154296875,3351552
2025-10-01 23:45:00+00:00,1026.296630859375,1026.296630859375,1026.095703125,1026.174560546875,1329664
2025-10-01 23:50:00+00:00,1026.5250244140625,1026.6634521484375,1026.40771484375,1026.40771484375,390912
2025-10-01 23:55:00+00:00,1026.072998046875,1026.2813720703125,1026.072998046875,1026.2813720703125,1279488
2025-10-02 00:00:00+00:00,1028.401611328125,1028.401611328125,1026.187744140625,1026.187744140625,0
2025-10-02 00:05:00+00:00,1029.1513671875,1029.3668212890625,1028.458251953125,1028.458251953125,8985856
2025-10-02 00:10:00+00:00,1030.1612548828125,1030.1612548828125,1029.870361328125,1029.870361328125,10407424
2025-10-02 00:15:00+00:00,1032.0872802734375,1032.0872802734375,1030.3204345703125,1030.3204345703125,10957568
2025-10-02 00:20:00+00:00,1030.1495361328125,1030.1495361328125,1030.0030517578125,1030.0030517578125,3579648
2025-10-02 00:25:00+00:00,1029.260498046875,1030.4302978515625,1029.260498046875,1030.4302978515625,2984704
2025-10-02 00:30:00+00:00,1027.438232421875,1028.6287841796875,1027.438232421875,1028.5965576171875,2248448
2025-10-02 00:35:00+00:00,1025.87353515625,1027.432373046875,1025.602783203125,1027.432373046875,0
2025-10-02 00:40:00+00:00,1025.23681640625,1026.13525390625,1025.23681640625,1026.13525390625,3028992
2025-10-02 00:45:00+00:00,1025.0888671875,1025.5433349609375,1025.0888671875,1025.292724609375,3598080
2025-10-02 00:50:00+00:00,1024.333740234375,1025.2052001953125,1024.26416015625,1025.2052001953125,6770944
2025-10-02 00:55:00+00:00,1024.3056640625,1024.3387451171875,1024.2137451171875,1024.2137451171875,3066368
2025-10-02 01:00:00+00:00,1024.8870849609375,1024.9405517578125,1024.433837890625,1024.433837890625,0
2025-10-02 01:05:00+00:00,1025.183349609375,1025.183349609375,1024.8017578125,1024.8017578125,2427392
2025-10-02 01:10:00+00:00,1026.6536865234375,1026.6536865234375,1025.675537109375,1025.675537109375,1230080
2025-10-02 01:15:00+00:00,1026.542236328125,1027.0445556640625,1026.542236328125,1026.720947265625,0
2025-10-02 01:20:00+00:00,1026.26806640625,1026.437744140625,1026.221923828125,1026.437744140625,0
2025-10-02 01:25:00+00:00,1028.3729248046875,1028.3729248046875,1027.704345703125,1027.704345703125,0
2025-10-02 01:30:00+00:00,1028.4398193359375,1028.4398193359375,1028.20556640625,1028.35791015625,3247616
2025-10-02 01:35:00+00:00,1027.900390625,1028.38525390625,1027.900390625,1028.38525390625,1329920
2025-10-02 01:40:00+00:00,1028.8450927734375,1028.8450927734375,1028.26513671875,1028.2760009765625,2837248
2025-10-02 01:45:00+00:00,1032.0574951171875,1032.0574951171875,1030.20947265625,1030.20947265625,10482688
2025-10-02 01:50:00+00:00,1031.875,1031.89599609375,1031.875,1031.89599609375,11000064
2025-10-02 01:55:00+00:00,1035.59375,1035.59375,1032.94189453125,1032.94189453125,15353856
2025-10-02 02:00:00+00:00,1033.7540283203125,1036.218505859375,1033.7540283203125,1036.218505859375,14603776
2025-10-02 02:05:00+00:00,1032.6280517578125,1033.4427490234375,1032.6280517578125,1033.4427490234375,3409152
2025-10-02 02:10:00+00:00,1033.5670166015625,1033.8416748046875,1032.6395263671875,1032.82470703125,3931648
2025-10-02 02:15:00+00:00,1034.4608154296875,1034.4608154296875,1033.4345703125,1033.4345703125,8071680
2025-10-02 02:20:00+00:00,1034.1103515625,1034.6202392578125,1034.1103515625,1034.6202392578125,0
2025-10-02 02:25:00+00:00,1036.2174072265625,1036.2806396484375,1034.5272216796875,1034.5272216796875,8130560
2025-10-02 02:30:00+00:00,1035.429443359375,1035.5474853515625,1035.429443359375,1035.5474853515625,0
2025-10-02 02:35:00+00:00,1034.87646484375,1034.9747314453125,1034.403564453125,1034.403564453125,7287040
2025-10-02 02:40:00+00:00,1034.5120849609375,1035.119873046875,1034.5120849609375,1035.119873046875,6384640
2025-10-02 02:45:00+00:00,1035.0447998046875,1035.0447998046875,1034.500732421875,1034.500732421875,3368192
2025-10-02 02:50:00+00:00,1037.0780029296875,1037.3719482421875,1036.5313720703125,1036.533447265625,6106112
2025-10-02 02:55:00+00:00,1036.1070556640625,1036.306396484375,1035.9708251953125,1036.306396484375,2569984
2025-10-02 03:00:00+00:00,1035.53515625,1036.00341796875,1035.53515625,1036.00341796875,0
2025-10-02 03:05:00+00:00,1035.5267333984375,1035.549072265625,1035.473876953125,1035.549072265625,0
2025-10-02 03:10:00+00:00,1035.7384033203125,1035.7384033203125,1035.54296875,1035.54296875,1656576
2025-10-02 03:15:00+00:00,1034.988525390625,1035.59423828125,1034.9580078125,1035.59423828125,0
2025-10-02 03:20:00+00:00,1033.731689453125,1034.1768798828125,1033.731689453125,1034.00390625,0
2025-10-02 03:25:00+00:00,1033.8834228515625,1033.8834228515625,1033.5205078125,1033.5205078125,0
2025-10-02 03:30:00+00:00,1033.9140625,1033.92138671875,1033.7216796875,1033.7919921875,935680
2025-10-02 03:35:00+00:00,1033.789794921875,1033.87255859375,1033.789794921875,1033.87255859375,36608
2025-10-02 03:40:00+00:00,1033.7960205078125,1033.7960205078125,1033.4251708984375,1033.42919921875,1154816
2025-10-02 03:45:00+00:00,1033.641357421875,1033.8636474609375,1033.641357421875,1033.783935546875,0
2025-10-02 03:50:00+00:00,1033.3143310546875,1033.60107421875,1033.3143310546875,1033.60107421875,0
2025-10-02 03:55:00+00:00,1032.1680908203125,1032.561279296875,1032.1680908203125,1032.4833984375,639744
2025-10-02 04:00:00+00:00,1031.771728515625,1032.0345458984375,1031.6788330078125,1032.0345458984375,0
2025-10-02 04:05:00+00:00,1033.5125732421875,1033.5125732421875,1032.110107421875,1032.110107421875,961792
2025-10-02 04:10:00+00:00,1033.496337890625,1033.6614990234375,1033.377685546875,1033.6614990234375,0
2025-10-02 04:15:00+00:00,1033.7412109375,1033.7412109375,1033.6572265625,1033.6572265625,953856
2025-10-02 04:20:00+00:00,1032.93017578125,1033.6287841796875,1032.93017578125,1033.6287841796875,0
2025-10-02 04:25:00+00:00,1031.851806640625,1032.554443359375,1031.851806640625,1032.554443359375,0
2025-10-02 04:30:00+00:00,1030.7884521484375,1030.822021484375,1030.775390625,1030.822021484375,0
2025-10-02 04:35:00+00:00,1029.6419677734375,1030.36767578125,1029.6044921875,1030.36767578125,0
2025-10-02 04:40:00+00:00,1028.6571044921875,1029.3709716796875,1028.6571044921875,1029.3709716796875,588032
2025-10-02 04:45:00+00:00,1029.2392578125,1029.40087890625,1029.2392578125,1029.40087890625,798208
2025-10-02 04:50:00+00:00,1029.871826171875,1029.871826171875,1029.379150390625,1029.379150390625,1949696
2025-10-02 04:55:00+00:00,1029.959716796875,1029.959716796875,1029.88134765625,1029.8880615234375,0
2025-10-02 05:00:00+00:00,1031.16943359375,1031.16943359375,1030.726318359375,1030.749267578125,0
2025-10-02 05:05:00+00:00,1030.74072265625,1031.2279052734375,1030.74072265625,1031.2279052734375,0
2025-10-02 05:10:00+00:00,1030.27392578125,1030.3724365234375,1030.27392578125,1030.3724365234375,0
2025-10-02 05:15:00+00:00,1029.3311767578125,1030.3326416015625,1029.3311767578125,1030.3326416015625,0
2025-10-02 05:20:00+00:00,1029.479248046875,1029.5035400390625,1029.43701171875,1029.43701171875,316672
2025-10-02 05:25:00+00:00,1029.749755859375,1029.749755859375,1029.3546142578125,1029.3546142578125,1905152
2025-10-02 05:30:00+00:00,1030.77880859375,1030.8966064453125,1030.0968017578125,1030.0968017578125,4860416
2025-10-02 05:35:00+00:00,1031.2550048828125,1031.2550048828125,1030.7279052734375,1030.7279052734375,2366976
2025-10-02 05:40:00+00:00,1031.1224365234375,1031.1224365234375,1030.9202880859375,1030.9202880859375,21504
2025-10-02 05:45:00+00:00,1033.059326171875,1033.059326171875,1031.2734375,1031.2734375,7601920
2025-10-02 05:50:00+00:00,1033.3604736328125,1033.419677734375,1033.0831298828125,1033.0831298828125,3666944
2025-10-02 05:55:00+00:00,1031.69140625,1032.0513916015625,1031.69140625,1032.0513916015625,775680
2025-10-02 06:00:00+00:00,1031.759765625,1031.759765625,1031.602783203125,1031.619873046875,0
2025-10-02 06:05:00+00:00,1032.2745361328125,1032.2745361328125,1031.789794921875,1031.789794921875,1567232
2025-10-02 06:10:00+00:00,1032.08447265625,1032.3623046875,1032.07666015625,1032.3599853515625,0
2025-10-02 06:15:00+00:00,1032.4443359375,1032.4443359375,1032.1031494140625,1032.1031494140625,466688
2025-10-02 06:20:00+00:00,1033.1712646484375,1033.2122802734375,1033.0496826171875,1033.0496826171875,0
2025-10-02 06:25:00+00:00,1033.9013671875,1033.9013671875,1033.229248046875,1033.229248046875,1280768
2025-10-02 06:30:00+00:00,1036.224365234375,1036.224365234375,1034.895751953125,1034.895751953125,11873536
2025-10-02 06:35:00+00:00,1038.4068603515625,1038.4068603515625,1036.57421875,1036.57421875,19252224
2025-10-02 06:40:00+00:00,1039.677734375,1039.895751953125,1039.2071533203125,1039.2071533203125,23366400
2025-10-02 06:45:00+00:00,1038.0711669921875,1038.48095703125,1038.0711669921875,1038.48095703125,4617984
2025-10-02 06:50:00+00:00,1038.283203125,1038.302001953125,1038.1522216796875,1038.1522216796875,0
2025-10-02 06:55:00+00:00,1037.49072265625,1038.26318359375,1037.49072265625,1038.26318359375,1274880
2025-10-02 07:00:00+00:00,1037.9295654296875,1037.9295654296875,1037.1705322265625,1037.26953125,93440
2025-10-02 07:05:00+00:00,1037.9920654296875,1038.220458984375,1037.9920654296875,1038.00244140625,265472
2025-10-02 07:10:00+00:00,1037.4923095703125,1037.7774658203125,1037.3939208984375,1037.7774658203125,475136
2025-10-02 07:15:00+00:00,1038.47412109375,1038.47412109375,1037.4140625,1037.450439453125,692480
2025-10-02 07:20:00+00:00,1039.5379638671875,1039.5379638671875,1038.5537109375,1038.5537109375,2436096
2025-10-02 07:25:00+00:00,1038.841796875,1039.3955078125,1038.6859130859375,1039.3955078125,2362112
2025-10-02 07:30:00+00:00,1038.021484375,1038.7353515625,1038.021484375,1038.7353515625,109568
2025-10-02 07:35:00+00:00,1037.8863525390625,1037.9873046875,1037.8294677734375,1037.9873046875,105728
2025-10-02 07:40:00+00:00,1037.3585205078125,1037.7734375,1037.3585205078125,1037.7734375,963584
2025-10-02 07:45:00+00:00,1037.1187744140625,1037.2720947265625,1036.865234375,1037.2720947265625,1393152
2025-10-02 07:50:00+00:00,1036.65966796875,1036.990966796875,1036.65966796875,1036.990966796875,0
2025-10-02 07:55:00+00:00,1036.1058349609375,1036.1395263671875,1036.073974609375,1036.1395263671875,204800
2025-10-02 08:00:00+00:00,1037.6705322265625,1037.6705322265625,1036.598876953125,1036.598876953125,0
2025-10-02 08:05:00+00:00,1037.72119140625,1037.7340087890625,1037.6630859375,1037.7340087890625,615936
2025-10-02 08:10:00+00:00,1037.700927734375,1038.174072265625,1037.700927734375,1038.174072265625,167936
2025-10-02 08:15:00+00:00,1037.34619140625,1037.6092529296875,1037.1158447265625,1037.6092529296875,0
2025-10-02 08:20:00+00:00,1037.0751953125,1037.3729248046875,1037.051513671875,1037.3729248046875,0
2025-10-02 08:25:00+00:00,1037.2593994140625,1037.2593994140625,1037.1470947265625,1037.1470947265625,0
2025-10-02 08:30:00+00:00,1037.258544921875,1037.268798828125,1037.2257080078125,1037.268798828125,0
2025-10-02 08:35:00+00:00,1036.625244140625,1037.2608642578125,1036.4620361328125,1037.2608642578125,0
2025-10-02 08:40:00+00:00,1035.921142578125,1036.392822265625,1035.921142578125,1036.392822265625,0
2025-10-02 08:45:00+00:00,1036.0213623046875,1036.0213623046875,1035.874267578125,1035.880615234375,0
2025-10-02 08:50:00+00:00,1035.1875,1035.976806640625,1035.1875,1035.976806640625,0
2025-10-02 08:55:00+00:00,1034.7760009765625,1034.848876953125,1034.7252197265625,1034.848876953125,0
2025-10-02 09:00:00+00:00,1035.0311279296875,1035.0311279296875,1034.9273681640625,1034.9388427734375,0
2025-10-02 09:05:00+00:00,1036.207275390625,1036.207275390625,1035.42041015625,1035.471923828125,0
2025-10-02 09:10:00+00:00,1036.4029541015625,1036.4029541015625,1036.35302734375,1036.35302734375,0
2025-10-02 09:15:00+00:00,1036.315185546875,1036.4068603515625,1036.31396484375,1036.4068603515625,0
2025-10-02 09:20:00+00:00,1036.6605224609375,1036.6605224609375,1036.5362548828125,1036.5362548828125,0
2025-10-02 09:25:00+00:00,1038.2750244140625,1038.2750244140625,1037.505859375,1037.505859375,0
2025-10-02 09:30:00+00:00,1038.4447021484375,1038.53515625,1038.2855224609375,1038.53515625,0
2025-10-02 09:35:00+00:00,1039.54150390625,1039.54150390625,1038.479736328125,1038.4927978515625,0
2025-10-02 09:40:00+00:00,1040.304931640625,1040.3065185546875,1039.9774169921875,1040.0201416015625,5291264
2025-10-02 09:45:00+00:00,1039.7930908203125,1040.4193115234375,1039.7930908203125,1040.417236328125,0
2025-10-02 09:50:00+00:00,1039.7320556640625,1039.796142578125,1039.7275390625,1039.749267578125,0
2025-10-02 09:55:00+00:00,1039.7752685546875,1039.7752685546875,1039.641845703125,1039.641845703125,0
2025-10-02 10:00:00+00:00,1040.650390625,1040.650390625,1039.9464111328125,1039.9464111328125,0
2025-10-02 10:05:00+00:00,1040.1900634765625,1040.616943359375,1040.1900634765625,1040.6036376953125,0
2025-10-02 10:10:00+00:00,1040.1787109375,1040.1787109375,1039.748291015625,1039.748291015625,0
2025-10-02 10:15:00+00:00,1039.7974853515625,1040.132568359375,1039.78271484375,1040.132568359375,0
2025-10-02 10:20:00+00:00,1039.683837890625,1039.7860107421875,1039.5345458984375,1039.7860107421875,0
2025-10-02 10:25:00+00:00,1039.578857421875,1039.982421875,1039.578857421875,1039.982421875,1308672
2025-10-02 10:30:00+00:00,1040.260498046875,1040.260498046875,1038.927734375,1039.5323486328125,2654976
2025-10-02 10:35:00+00:00,1041.8944091796875,1041.8944091796875,1040.25048828125,1040.25048828125,3683328
2025-10-02 10:40:00+00:00,1044.258056640625,1044.258056640625,1043.899658203125,1043.899658203125,13491712
2025-10-02 10:45:00+00:00,1045.17724609375,1045.2630615234375,1044.4117431640625,1044.4117431640625,0
2025-10-02 10:50:00+00:00,1045.0782470703125,1045.120849609375,1045.0528564453125,1045.120849609375,5253632
2025-10-02 10:55:00+00:00,1044.1944580078125,1045.398681640625,1044.1944580078125,1045.398681640625,2889216
2025-10-02 11:00:00+00:00,1045.6773681640625,1045.6773681640625,1044.24755859375,1044.24755859375,8178944
2025-10-02 11:05:00+00:00,1046.373291015625,1046.9337158203125,1045.695556640625,1045.695556640625,5705728
2025-10-02 11:10:00+00:00,1046.37353515625,1046.37353515625,1046.17578125,1046.317626953125,7700480
2025-10-02 11:15:00+00:00,1045.7235107421875,1047.2293701171875,1045.7235107421875,1046.550537109375,5463296
2025-10-02 11:20:00+00:00,1045.584228515625,1045.7437744140625,1045.461181640625,1045.7437744140625,0
2025-10-02 11:25:00+00:00,1045.716064453125,1045.716064453125,1045.5390625,1045.5390625,0
2025-10-02 11:30:00+00:00,1046.6142578125,1046.6142578125,1046.4254150390625,1046.4254150390625,952320
2025-10-02 11:35:00+00:00,1048.2266845703125,1048.2266845703125,1047.3104248046875,1047.3104248046875,4944640
2025-10-02 11:40:00+00:00,1049.42822265625,1049.42822265625,1048.5570068359375,1048.5570068359375,2889472
2025-10-02 11:45:00+00:00,1049.5408935546875,1049.5408935546875,1049.3446044921875,1049.4207763671875,0
2025-10-02 11:50:00+00:00,1048.7259521484375,1049.52294921875,1048.6409912109375,1049.52294921875,0
2025-10-02 11:55:00+00:00,1048.695068359375,1049.29443359375,1048.695068359375,1049.29443359375,0
2025-10-02 12:00:00+00:00,1049.251953125,1049.251953125,1048.5706787109375,1048.7384033203125,0
2025-10-02 12:05:00+00:00,1049.2237548828125,1049.2237548828125,1048.9066162109375,1049.1505126953125,83712
2025-10-02 12:10:00+00:00,1050.7581787109375,1050.7581787109375,1050.165771484375,1050.165771484375,2946560
2025-10-02 12:15:00+00:00,1053.81298828125,1053.81298828125,1051.1265869140625,1051.1265869140625,5552640
2025-10-02 12:20:00+00:00,1054.6240234375,1054.6240234375,1054.0625,1054.0625,8124416
2025-10-02 12:25:00+00:00,1053.618896484375,1053.8551025390625,1053.4964599609375,1053.8551025390625,443392
2025-10-02 12:30:00+00:00,1054.0347900390625,1054.3946533203125,1054.0347900390625,1054.3946533203125,14080
2025-10-02 12:35:00+00:00,1054.9710693359375,1054.9710693359375,1054.1295166015625,1054.1295166015625,14947328
2025-10-02 12:40:00+00:00,1062.2099609375,1062.2099609375,1060.054443359375,1060.054443359375,46716160
2025-10-02 12:45:00+00:00,1061.6097412109375,1061.820068359375,1061.5223388671875,1061.5223388671875,11313920
2025-10-02 12:50:00+00:00,1060.508056640625,1060.56298828125,1060.508056640625,1060.5218505859375,9627648
2025-10-02 12:55:00+00:00,1060.5858154296875,1060.8638916015625,1060.5733642578125,1060.8638916015625,3028224
2025-10-02 13:00:00+00:00,1060.401123046875,1060.8695068359375,1060.401123046875,1060.6121826171875,0
2025-10-02 13:05:00+00:00,1058.7073974609375,1060.099853515625,1058.7073974609375,1060.099853515625,13678080
2025-10-02 13:10:00+00:00,1057.40673828125,1057.6787109375,1057.40673828125,1057.6787109375,8050432
2025-10-02 13:15:00+00:00,1055.22900390625,1057.0386962890625,1055.22900390625,1057.0386962890625,11098880
2025-10-02 13:20:00+00:00,1057.76708984375,1057.889404296875,1056.196044921875,1056.196044921875,7676928
2025-10-02 13:25:00+00:00,1057.0595703125,1057.769287109375,1056.815673828125,1057.769287109375,5367808
2025-10-02 13:30:00+00:00,1058.1905517578125,1058.1905517578125,1057.218994140625,1057.218994140625,0
2025-10-02 13:35:00+00:00,1057.0814208984375,1057.75048828125,1057.0814208984375,1057.75048828125,3737856
2025-10-02 13:40:00+00:00,1055.4332275390625,1056.125244140625,1055.4332275390625,1056.125244140625,1042432
2025-10-02 13:45:00+00:00,1057.402099609375,1057.402099609375,1055.550537109375,1055.550537109375,8171520
2025-10-02 13:50:00+00:00,1057.7591552734375,1058.120849609375,1057.39111328125,1057.39111328125,5420288
2025-10-02 13:55:00+00:00,1056.3773193359375,1057.5616455078125,1056.3773193359375,1057.5465087890625,6887680
2025-10-02 14:00:00+00:00,1055.7222900390625,1056.28076171875,1055.5941162109375,1056.28076171875,2847232
2025-10-02 14:05:00+00:00,1055.9017333984375,1056.1441650390625,1055.9017333984375,1056.1441650390625,0
2025-10-02 14:10:00+00:00,1053.130126953125,1054.9456787109375,1053.130126953125,1054.9456787109375,1896448
2025-10-02 14:15:00+00:00,1052.7662353515625,1053.1654052734375,1052.6749267578125,1053.1654052734375,1147136
2025-10-02 14:20:00+00:00,1051.37890625,1052.4384765625,1051.3770751953125,1052.4384765625,0
2025-10-02 14:25:00+00:00,1052.6661376953125,1052.826416015625,1052.22119140625,1052.22119140625,2792192
2025-10-02 14:30:00+00:00,1052.8345947265625,1052.9854736328125,1052.6845703125,1052.6845703125,0
2025-10-02 14:35:00+00:00,1052.2938232421875,1052.78466796875,1052.2352294921875,1052.78466796875,0
2025-10-02 14:40:00+00:00,1050.7943115234375,1052.1146240234375,1050.7943115234375,1052.1146240234375,0
2025-10-02 14:45:00+00:00,1048.3870849609375,1049.3994140625,1048.3870849609375,1049.2869873046875,0
2025-10-02 14:50:00+00:00,1047.705810546875,1048.0087890625,1047.4969482421875,1048.0087890625,4288000
2025-10-02 14:55:00+00:00,1045.9609375,1047.8531494140625,1045.9609375,1047.8531494140625,5396224
2025-10-02 15:00:00+00:00,1045.7340087890625,1045.8087158203125,1045.7340087890625,1045.8087158203125,0
2025-10-02 15:05:00+00:00,1043.9613037109375,1044.935302734375,1043.3729248046875,1044.935302734375,14246400
2025-10-02 15:10:00+00:00,1047.8695068359375,1047.8695068359375,1045.8126220703125,1045.8760986328125,7946240
2025-10-02 15:15:00+00:00,1048.4610595703125,1048.5377197265625,1047.9483642578125,1047.9483642578125,4128256
2025-10-02 15:20:00+00:00,1048.3525390625,1048.3525390625,1047.8902587890625,1047.8902587890625,2366208
2025-10-02 15:25:00+00:00,1052.0889892578125,1052.1793212890625,1050.0523681640625,1050.0523681640625,12767488
2025-10-02 15:30:00+00:00,1050.7713623046875,1052.6932373046875,1050.7713623046875,1052.6932373046875,2470656
2025-10-02 15:35:00+00:00,1050.4072265625,1050.8094482421875,1050.333984375,1050.8094482421875,0
2025-10-02 15:40:00+00:00,1051.7969970703125,1051.853515625,1050.1907958984375,1050.1907958984375,3311360
2025-10-02 15:45:00+00:00,1053.5389404296875,1053.5389404296875,1051.906494140625,1051.906494140625,1527040
2025-10-02 15:50:00+00:00,1053.40966796875,1053.5499267578125,1053.3536376953125,1053.5499267578125,0
2025-10-02 15:55:00+00:00,1056.1685791015625,1056.1685791015625,1052.8837890625,1052.999755859375,6168832
2025-10-02 16:00:00+00:00,1057.496826171875,1057.496826171875,1056.299560546875,1056.299560546875,1897728
2025-10-02 16:05:00+00:00,1057.53271484375,1057.53271484375,1057.3607177734375,1057.3607177734375,87040
2025-10-02 16:10:00+00:00,1060.4339599609375,1060.4339599609375,1058.537353515625,1058.537353515625,6216448
2025-10-02 16:15:00+00:00,1061.56982421875,1061.56982421875,1060.27099609375,1060.27099609375,6171136
2025-10-02 16:20:00+00:00,1060.388427734375,1061.4544677734375,1060.372802734375,1061.4544677734375,0
2025-10-02 16:25:00+00:00,1060.8392333984375,1060.8800048828125,1060.524658203125,1060.595458984375,0
2025-10-02 16:30:00+00:00,1061.2666015625,1061.2666015625,1061.15673828125,1061.182373046875,4431872
2025-10-02 16:35:00+00:00,1059.7391357421875,1061.2891845703125,1059.7391357421875,1061.2891845703125,937728
2025-10-02 16:40:00+00:00,1057.69580078125,1058.9266357421875,1057.69580078125,1058.9266357421875,3153920
2025-10-02 16:45:00+00:00,1058.548828125,1058.548828125,1057.5654296875,1057.5654296875,3359232
2025-10-02 16:50:00+00:00,1059.953125,1059.953125,1059.7152099609375,1059.7152099609375,3815424
2025-10-02 16:55:00+00:00,1061.1688232421875,1061.272705078125,1061.0731201171875,1061.272705078125,6343936
2025-10-02 17:00:00+00:00,1060.3448486328125,1061.7303466796875,1060.3448486328125,1061.7303466796875,803840
2025-10-02 17:05:00+00:00,1060.55029296875,1060.55029296875,1060.2452392578125,1060.2464599609375,852224
2025-10-02 17:10:00+00:00,1060.68994140625,1060.9871826171875,1060.68994140625,1060.9871826171875,3485952
2025-10-02 17:15:00+00:00,1060.5205078125,1061.545166015625,1060.5205078125,1061.545166015625,610816
2025-10-02 17:20:00+00:00,1059.568115234375,1060.3629150390625,1059.568115234375,1060.3629150390625,0
2025-10-02 17:25:00+00:00,1061.03955078125,1061.03955078125,1060.2099609375,1060.2099609375,3543040
2025-10-02 17:30:00+00:00,1060.1641845703125,1060.9654541015625,1060.1641845703125,1060.9654541015625,0
2025-10-02 17:35:00+00:00,1060.2274169921875,1060.334716796875,1060.2274169921875,1060.334716796875,6680832
2025-10-02 17:40:00+00:00,1060.4627685546875,1060.616455078125,1060.0015869140625,1060.0015869140625,2828288
2025-10-02 17:45:00+00:00,1059.7254638671875,1059.9578857421875,1059.7254638671875,1059.9578857421875,0
2025-10-02 17:50:00+00:00,1059.9483642578125,1060.0223388671875,1059.7318115234375,1059.7318115234375,972032
2025-10-02 17:55:00+00:00,1059.922607421875,1059.9654541015625,1059.6173095703125,1059.6173095703125,0
2025-10-02 18:00:00+00:00,1061.0621337890625,1061.0621337890625,1059.927734375,1059.9891357421875,0
2025-10-02 18:05:00+00:00,1062.6741943359375,1062.6993408203125,1061.2003173828125,1061.2003173828125,6990592
2025-10-02 18:10:00+00:00,1063.0927734375,1063.0927734375,1062.898193359375,1063.003173828125,6477824
2025-10-02 18:15:00+00:00,1065.233642578125,1065.233642578125,1065.192626953125,1065.2000732421875,10766592
2025-10-02 18:20:00+00:00,1065.26611328125,1065.7135009765625,1065.26611328125,1065.7135009765625,5145600
2025-10-02 18:25:00+00:00,1066.84619140625,1066.84619140625,1065.6995849609375,1065.6995849609375,4175104
2025-10-02 18:30:00+00:00,1067.352294921875,1067.6201171875,1067.08642578125,1067.08642578125,7520256
2025-10-02 18:35:00+00:00,1067.7125244140625,1067.7125244140625,1067.2618408203125,1067.2618408203125,3197952
2025-10-02 18:40:00+00:00,1067.7276611328125,1068.083251953125,1067.725341796875,1068.019775390625,4606208
2025-10-02 18:45:00+00:00,1068.15087890625,1068.15087890625,1067.8153076171875,1067.8153076171875,2652928
2025-10-02 18:50:00+00:00,1068.0494384765625,1068.115966796875,1067.8704833984375,1068.115966796875,39168
2025-10-02 18:55:00+00:00,1068.3953857421875,1068.478271484375,1068.0577392578125,1068.0577392578125,3894528
2025-10-02 19:00:00+00:00,1068.1787109375,1068.4686279296875,1068.1787109375,1068.4686279296875,1318144
2025-10-02 19:05:00+00:00,1068.6796875,1068.6796875,1068.1729736328125,1068.1729736328125,4239360
2025-10-02 19:10:00+00:00,1070.7755126953125,1070.7755126953125,1069.1331787109375,1069.1331787109375,10787072
2025-10-02 19:15:00+00:00,1071.372802734375,1072.3782958984375,1071.372802734375,1071.984375,8994560
2025-10-02 19:20:00+00:00,1070.757568359375,1070.9346923828125,1070.757568359375,1070.9346923828125,4870144
2025-10-02 19:25:00+00:00,1070.7586669921875,1070.7586669921875,1070.153076171875,1070.153076171875,3538944
2025-10-02 19:30:00+00:00,1070.3978271484375,1071.612548828125,1070.3978271484375,1070.931884765625,10656256
2025-10-02 19:35:00+00:00,1070.8526611328125,1070.8526611328125,1070.8045654296875,1070.8045654296875,1299456
2025-10-02 19:40:00+00:00,1072.632568359375,1072.65380859375,1071.11962890625,1071.11962890625,5953536
2025-10-02 19:45:00+00:00,1074.571044921875,1074.571044921875,1072.8671875,1072.8671875,5667072
2025-10-02 19:50:00+00:00,1074.381103515625,1074.8758544921875,1074.23486328125,1074.8758544921875,10074880
2025-10-02 19:55:00+00:00,1074.187255859375,1074.46484375,1074.187255859375,1074.46484375,4486400
2025-10-02 20:00:00+00:00,1075.4329833984375,1075.4329833984375,1074.51416015625,1074.51416015625,5669888
2025-10-02 20:05:00+00:00,1075.1575927734375,1075.46240234375,1075.068115234375,1075.46240234375,1652480
2025-10-02 20:10:00+00:00,1076.958984375,1076.958984375,1076.5994873046875,1076.5994873046875,5977600
2025-10-02 20:15:00+00:00,1075.3370361328125,1076.837158203125,1075.3370361328125,1076.837158203125,1360896
2025-10-02 20:20:00+00:00,1076.8897705078125,1076.8897705078125,1075.8388671875,1075.8388671875,4112128
2025-10-02 20:25:00+00:00,1078.4039306640625,1078.4039306640625,1077.376708984375,1077.376708984375,10931968
2025-10-02 20:30:00+00:00,1079.9422607421875,1079.9422607421875,1078.8896484375,1078.935791015625,15032576
2025-10-02 20:35:00+00:00,1082.373779296875,1082.373779296875,1080.4498291015625,1080.4498291015625,23187456
2025-10-02 20:40:00+00:00,1083.982666015625,1083.982666015625,1082.5048828125,1082.5048828125,37897216
2025-10-02 20:45:00+00:00,1083.5164794921875,1084.781005859375,1083.5164794921875,1083.790771484375,22878208
2025-10-02 20:50:00+00:00,1082.500244140625,1082.7484130859375,1082.500244140625,1082.7484130859375,9712384
2025-10-02 20:55:00+00:00,1081.0787353515625,1081.4764404296875,1080.773193359375,1081.4764404296875,8302336
2025-10-02 21:00:00+00:00,1083.906005859375,1083.906005859375,1081.9058837890625,1081.9058837890625,14455808
2025-10-02 21:05:00+00:00,1084.1859130859375,1084.1859130859375,1083.5665283203125,1083.5665283203125,5544704
2025-10-02 21:10:00+00:00,1086.078125,1086.0860595703125,1085.46240234375,1085.46240234375,18648576
2025-10-02 21:15:00+00:00,1086.27197265625,1086.27197265625,1085.8839111328125,1085.8839111328125,19604736
2025-10-02 21:20:00+00:00,1086.2728271484375,1086.5213623046875,1086.075439453125,1086.075439453125,4559104
2025-10-02 21:25:00+00:00,1084.86181640625,1085.8760986328125,1084.86181640625,1085.8760986328125,4412672
2025-10-02 21:30:00+00:00,1083.1942138671875,1084.835205078125,1083.1942138671875,1084.835205078125,13369088
2025-10-02 21:35:00+00:00,1083.0977783203125,1083.0977783203125,1082.6937255859375,1082.9586181640625,3316736
2025-10-02 21:40:00+00:00,1083.08740234375,1084.1624755859375,1083.08740234375,1084.1575927734375,3744000
2025-10-02 21:45:00+00:00,1083.7264404296875,1083.7264404296875,1082.3499755859375,1083.008056640625,2026496
2025-10-02 21:50:00+00:00,1083.5430908203125,1083.7652587890625,1083.5430908203125,1083.7652587890625,0
2025-10-02 21:55:00+00:00,1081.0093994140625,1083.0120849609375,1080.9090576171875,1083.0120849609375,2660352
2025-10-02 22:00:00+00:00,1080.389892578125,1080.5916748046875,1079.9522705078125,1080.5916748046875,2777856
2025-10-02 22:05:00+00:00,1082.501708984375,1082.5545654296875,1080.7998046875,1080.7998046875,3794176
2025-10-02 22:10:00+00:00,1081.4931640625,1082.01220703125,1081.4931640625,1082.01220703125,1583872
2025-10-02 22:15:00+00:00,1081.300537109375,1081.34912109375,1081.300537109375,1081.34912109375,0
2025-10-02 22:20:00+00:00,1081.8968505859375,1081.8968505859375,1081.2447509765625,1081.2447509765625,6395904
2025-10-02 22:25:00+00:00,1083.3153076171875,1083.909423828125,1083.13134765625,1083.909423828125,17609216
2025-10-02 22:30:00+00:00,1085.99609375,1085.99609375,1084.1776123046875,1084.1776123046875,1815296
2025-10-02 22:35:00+00:00,1086.405517578125,1086.405517578125,1085.955322265625,1085.955322265625,6657280
2025-10-02 22:40:00+00:00,1086.4713134765625,1087.005615234375,1086.4713134765625,1087.005615234375,5972480
2025-10-02 22:45:00+00:00,1088.007080078125,1088.007080078125,1086.69580078125,1086.69580078125,9155328
2025-10-02 22:50:00+00:00,1089.9759521484375,1090.293212890625,1088.41796875,1088.41796875,14583040
2025-10-02 22:55:00+00:00,1091.5509033203125,1091.5509033203125,1089.514892578125,1089.514892578125,16242688
2025-10-02 23:00:00+00:00,1096.609619140625,1096.609619140625,1093.3040771484375,1093.3040771484375,37868288
2025-10-02 23:05:00+00:00,1097.0576171875,1097.0576171875,1096.2705078125,1096.2705078125,16258048
2025-10-02 23:10:00+00:00,1095.2723388671875,1096.07080078125,1095.2723388671875,1096.07080078125,5388544
2025-10-02 23:15:00+00:00,1092.8497314453125,1094.7406005859375,1092.8497314453125,1094.7406005859375,6231040
2025-10-02 23:20:00+00:00,1092.8126220703125,1093.0323486328125,1092.8126220703125,1093.0323486328125,4343808
2025-10-02 23:25:00+00:00,1091.49560546875,1091.6610107421875,1091.4105224609375,1091.6610107421875,6703616
2025-10-02 23:30:00+00:00,1091.5743408203125,1091.5743408203125,1091.3896484375,1091.505126953125,4088320
2025-10-02 23:35:00+00:00,1089.8778076171875,1091.618896484375,1089.8778076171875,1091.618896484375,4547840
2025-10-02 23:40:00+00:00,1088.1082763671875,1088.4134521484375,1088.0843505859375,1088.4134521484375,9784064
2025-10-02 23:45:00+00:00,1088.65234375,1088.8009033203125,1088.3748779296875,1088.3748779296875,3525632
2025-10-02 23:50:00+00:00,1089.69091796875,1089.69091796875,1089.32177734375,1089.37548828125,9369344
2025-10-02 23:55:00+00:00,1090.5255126953125,1090.5255126953125,1089.774658203125,1089.8448486328125,7063808
2025-10-03 00:00:00+00:00,1091.1904296875,1091.332763671875,1091.1904296875,1091.2471923828125,0
2025-10-03 00:05:00+00:00,1090.513916015625,1091.5518798828125,1090.513916015625,1091.5518798828125,0
2025-10-03 00:10:00+00:00,1086.4111328125,1088.224365234375,1086.4041748046875,1088.224365234375,1128448
2025-10-03 00:15:00+00:00,1087.8505859375,1087.8505859375,1086.3568115234375,1086.3568115234375,1451008
2025-10-03 00:20:00+00:00,1086.8359375,1087.5604248046875,1086.772216796875,1087.5604248046875,0
2025-10-03 00:25:00+00:00,1087.5003662109375,1087.51318359375,1086.875244140625,1086.875244140625,0
2025-10-03 00:30:00+00:00,1087.86767578125,1088.1048583984375,1087.86767578125,1088.1048583984375,0
2025-10-03 00:35:00+00:00,1087.6197509765625,1087.8251953125,1087.6197509765625,1087.7613525390625,0
2025-10-03 00:40:00+00:00,1086.681640625,1087.0770263671875,1086.681640625,1087.0416259765625,0
2025-10-03 00:45:00+00:00,1086.885009765625,1086.885009765625,1086.4969482421875,1086.7132568359375,0
2025-10-03 00:50:00+00:00,1087.3372802734375,1087.525390625,1087.3372802734375,1087.5029296875,0
2025-10-03 00:55:00+00:00,1087.0238037109375,1087.2060546875,1087.0238037109375,1087.1754150390625,0
2025-10-03 01:00:00+00:00,1089.041015625,1089.041015625,1087.081298828125,1087.081298828125,3315200
2025-10-03 01:05:00+00:00,1089.4381103515625,1089.4381103515625,1089.1939697265625,1089.1939697265625,5368320
2025-10-03 01:10:00+00:00,1088.851806640625,1088.851806640625,1087.861083984375,1087.861083984375,3518720
2025-10-03 01:15:00+00:00,1091.21484375,1091.21484375,1088.7584228515625,1088.7584228515625,6466048
2025-10-03 01:20:00+00:00,1092.7408447265625,1092.9329833984375,1091.4041748046875,1091.4041748046875,8600832
2025-10-03 01:25:00+00:00,1093.5123291015625,1093.5123291015625,1092.1632080078125,1092.1632080078125,9999104
2025-10-03 01:30:00+00:00,1095.0755615234375,1095.0755615234375,1095.047119140625,1095.047119140625,5720064
2025-10-03 01:35:00+00:00,1095.2303466796875,1095.8807373046875,1095.114501953125,1095.8807373046875,10350848
2025-10-03 01:40:00+00:00,1095.3492431640625,1095.779052734375,1095.3492431640625,1095.779052734375,5276416
2025-10-03 01:45:00+00:00,1093.504638671875,1095.2406005859375,1093.504638671875,1095.2406005859375,0
2025-10-03 01:50:00+00:00,1092.65283203125,1093.3355712890625,1092.6385498046875,1093.3355712890625,0
2025-10-03 01:55:00+00:00,1089.3736572265625,1091.0430908203125,1089.3736572265625,1090.8975830078125,0
2025-10-03 02:00:00+00:00,1089.2149658203125,1089.287109375,1089.2149658203125,1089.2528076171875,0
2025-10-03 02:05:00+00:00,1088.96337890625,1089.0223388671875,1088.8280029296875,1089.0223388671875,0
2025-10-03 02:10:00+00:00,1090.7564697265625,1090.7564697265625,1089.12548828125,1089.12548828125,6190080
2025-10-03 02:15:00+00:00,1094.2677001953125,1094.2677001953125,1090.962890625,1090.962890625,6085120
2025-10-03 02:20:00+00:00,1093.109375,1094.300537109375,1093.109375,1094.300537109375,1347840
2025-10-03 02:25:00+00:00,1094.031005859375,1094.031005859375,1092.6282958984375,1092.6282958984375,1223424
2025-10-03 02:30:00+00:00,1093.500244140625,1094.01513671875,1093.500244140625,1094.01513671875,755456
2025-10-03 02:35:00+00:00,1095.0765380859375,1095.0765380859375,1094.412353515625,1094.412353515625,0
2025-10-03 02:40:00+00:00,1093.9349365234375,1095.94189453125,1093.9349365234375,1095.94189453125,9690112
2025-10-03 02:45:00+00:00,1093.132080078125,1093.8243408203125,1093.132080078125,1093.8243408203125,2060800
2025-10-03 02:50:00+00:00,1095.2554931640625,1095.2554931640625,1093.454833984375,1093.454833984375,2747904
2025-10-03 02:55:00+00:00,1097.7747802734375,1097.7747802734375,1096.5484619140625,1096.5484619140625,6986752
2025-10-03 03:00:00+00:00,1097.490966796875,1097.490966796875,1097.2425537109375,1097.3294677734375,0
2025-10-03 03:05:00+00:00,1099.9287109375,1099.98876953125,1098.0992431640625,1098.0992431640625,25738240
2025-10-03 03:10:00+00:00,1106.5135498046875,1106.5135498046875,1101.7913818359375,1101.7913818359375,58705408
2025-10-03 03:15:00+00:00,1106.869873046875,1106.869873046875,1106.20654296875,1106.3231201171875,24482816
2025-10-03 03:20:00+00:00,1107.98583984375,1108.1998291015625,1107.204833984375,1107.204833984375,11338240
2025-10-03 03:25:00+00:00,1107.802978515625,1108.1739501953125,1107.802978515625,1108.1739501953125,18049024
2025-10-03 03:30:00+00:00,1109.0673828125,1109.0673828125,1107.8619384765625,1107.8619384765625,26537472
2025-10-03 03:35:00+00:00,1108.9891357421875,1109.4365234375,1108.9891357421875,1109.0660400390625,15015680
2025-10-03 03:40:00+00:00,1111.65185546875,1111.65185546875,1108.5010986328125,1108.5010986328125,35071744
2025-10-03 03:45:00+00:00,1110.205322265625,1111.2506103515625,1110.205322265625,1111.2506103515625,13226496
2025-10-03 03:50:00+00:00,1109.198486328125,1110.2344970703125,1109.198486328125,1110.2344970703125,4723712
2025-10-03 03:55:00+00:00,1108.065185546875,1109.266357421875,1108.065185546875,1109.266357421875,8954624
2025-10-03 04:00:00+00:00,1109.3408203125,1109.3408203125,1108.4010009765625,1108.4010009765625,9889536
2025-10-03 04:05:00+00:00,1108.7763671875,1109.1654052734375,1108.711669921875,1109.1654052734375,7599104
2025-10-03 04:10:00+00:00,1111.4766845703125,1111.4766845703125,1110.5675048828125,1110.596923828125,20830976
2025-10-03 04:15:00+00:00,1110.861572265625,1112.523193359375,1110.861572265625,1111.619140625,9027072
2025-10-03 04:20:00+00:00,1109.749267578125,1110.649169921875,1109.749267578125,1110.649169921875,2366720
2025-10-03 04:25:00+00:00,1109.197021484375,1109.78759765625,1108.78759765625,1109.78759765625,14941696
2025-10-03 04:30:00+00:00,1108.702392578125,1109.1837158203125,1108.702392578125,1109.1837158203125,4225280
2025-10-03 04:35:00+00:00,1106.1619873046875,1107.0701904296875,1106.1619873046875,1107.0701904296875,9614592
2025-10-03 04:40:00+00:00,1100.8365478515625,1103.6759033203125,1100.8365478515625,1103.6759033203125,23436544
2025-10-03 04:45:00+00:00,1097.8447265625,1101.09912109375,1097.8447265625,1101.09912109375,9932288
2025-10-03 04:50:00+00:00,1098.4886474609375,1098.4886474609375,1097.8548583984375,1097.8548583984375,4290304
2025-10-03 04:55:00+00:00,1099.242919921875,1099.7679443359375,1099.242919921875,1099.7205810546875,9478144
2025-10-03 05:00:00+00:00,1099.5185546875,1100.03662109375,1099.365234375,1099.365234375,544000
2025-10-03 05:05:00+00:00,1098.3349609375,1099.4173583984375,1098.3349609375,1099.4173583984375,2629632
2025-10-03 05:10:00+00:00,1096.3023681640625,1097.0894775390625,1096.3023681640625,1097.0894775390625,2198528
2025-10-03 05:15:00+00:00,1095.432861328125,1096.263916015625,1095.432861328125,1096.263916015625,10775040
2025-10-03 05:20:00+00:00,1095.208740234375,1095.354736328125,1095.208740234375,1095.354736328125,3749376
2025-10-03 05:25:00+00:00,1096.35595703125,1096.35595703125,1095.3460693359375,1095.3460693359375,3668736
2025-10-03 05:30:00+00:00,1097.4139404296875,1097.4139404296875,1096.4156494140625,1096.4156494140625,2329600
2025-10-03 05:35:00+00:00,1097.6484375,1097.9285888671875,1097.4517822265625,1097.4688720703125,1753600
2025-10-03 05:40:00+00:00,1096.4659423828125,1097.3082275390625,1096.4659423828125,1097.3082275390625,9479168
2025-10-03 05:45:00+00:00,1095.3470458984375,1096.310302734375,1095.0799560546875,1096.310302734375,6738688
2025-10-03 05:50:00+00:00,1095.8101806640625,1095.8101806640625,1095.3997802734375,1095.3997802734375,1552128
2025-10-03 05:55:00+00:00,1095.4556884765625,1095.882080078125,1095.4556884765625,1095.87890625,2684416
2025-10-03 06:00:00+00:00,1094.4429931640625,1095.439697265625,1094.4429931640625,1095.439697265625,590080
2025-10-03 06:05:00+00:00,1094.16259765625,1094.499755859375,1094.0379638671875,1094.4876708984375,12906240
2025-10-03 06:10:00+00:00,1097.0345458984375,1097.0345458984375,1095.182861328125,1095.182861328125,11764480
2025-10-03 06:15:00+00:00,1097.9962158203125,1098.3140869140625,1097.261474609375,1097.261474609375,8368640
2025-10-03 06:20:00+00:00,1097.9635009765625,1098.154052734375,1097.596923828125,1097.596923828125,3735040
2025-10-03 06:25:00+00:00,1097.831787109375,1097.831787109375,1097.01611328125,1097.01611328125,8906240
2025-10-03 06:30:00+00:00,1098.2396240234375,1098.2396240234375,1098.1402587890625,1098.1402587890625,0
2025-10-03 06:35:00+00:00,1099.0001220703125,1099.0001220703125,1098.5882568359375,1098.5882568359375,0
2025-10-03 06:40:00+00:00,1099.146240234375,1099.279541015625,1099.146240234375,1099.27783203125,0
2025-10-03 06:45:00+00:00,1094.3978271484375,1098.8299560546875,1094.3978271484375,1098.8299560546875,0
2025-10-03 06:50:00+00:00,1093.89599609375,1094.5064697265625,1093.8685302734375,1094.5064697265625,4814848
2025-10-03 06:55:00+00:00,1092.5079345703125,1093.177490234375,1092.5079345703125,1093.148193359375,9973504
2025-10-03 07:00:00+00:00,1092.3740234375,1092.6285400390625,1092.3740234375,1092.52734375,2542592
2025-10-03 07:05:00+00:00,1090.469482421875,1091.765625,1090.469482421875,1091.765625,6934272
2025-10-03 07:10:00+00:00,1089.9512939453125,1089.9512939453125,1089.27783203125,1089.27783203125,15580928
2025-10-03 07:15:00+00:00,1091.1077880859375,1091.1077880859375,1089.9681396484375,1089.9681396484375,5087744
2025-10-03 07:20:00+00:00,1089.3585205078125,1090.8653564453125,1089.3585205078125,1090.8653564453125,2722816
2025-10-03 07:25:00+00:00,1087.4339599609375,1088.3248291015625,1087.4339599609375,1088.3248291015625,6820864
2025-10-03 07:30:00+00:00,1086.8323974609375,1087.1766357421875,1086.578125,1087.1766357421875,5690880
2025-10-03 07:35:00+00:00,1087.6636962890625,1087.6923828125,1087.61181640625,1087.61181640625,5577728
2025-10-03 07:40:00+00:00,1087.44580078125,1087.5616455078125,1087.44580078125,1087.5257568359375,5813248
2025-10-03 07:45:00+00:00,1087.703125,1087.703125,1086.433837890625,1087.39111328125,4870656
2025-10-03 07:50:00+00:00,1087.8380126953125,1087.9637451171875,1087.78662109375,1087.78662109375,2060288
2025-10-03 07:55:00+00:00,1086.381591796875,1087.2764892578125,1086.2861328125,1087.2764892578125,1315840
2025-10-03 08:00:00+00:00,1087.403076171875,1087.403076171875,1086.8416748046875,1086.8416748046875,3277824
2025-10-03 08:05:00+00:00,1087.77001953125,1087.8984375,1087.6151123046875,1087.6151123046875,2942464
2025-10-03 08:10:00+00:00,1088.45068359375,1088.45068359375,1088.04638671875,1088.04638671875,3300352
2025-10-03 08:15:00+00:00,1085.631591796875,1088.319580078125,1085.631591796875,1088.319580078125,10255872
2025-10-03 08:20:00+00:00,1086.986328125,1087.14013671875,1086.092529296875,1086.092529296875,5148672
2025-10-03 08:25:00+00:00,1088.5509033203125,1088.598876953125,1087.4935302734375,1087.4935302734375,7785472
2025-10-03 08:30:00+00:00,1090.2578125,1090.2578125,1088.6942138671875,1088.6942138671875,7495168
2025-10-03 08:35:00+00:00,1091.9620361328125,1091.9620361328125,1090.3282470703125,1090.3282470703125,5129216
2025-10-03 08:40:00+00:00,1092.4749755859375,1092.5465087890625,1092.20556640625,1092.5284423828125,7061504
2025-10-03 08:45:00+00:00,1097.258056640625,1097.258056640625,1095.671630859375,1095.671630859375,28795904
2025-10-03 08:50:00+00:00,1096.950927734375,1097.012451171875,1096.8704833984375,1097.012451171875,5300736
2025-10-03 08:55:00+00:00,1096.6832275390625,1097.346923828125,1096.4703369140625,1097.346923828125,8073216
2025-10-03 09:00:00+00:00,1097.181640625,1097.181640625,1096.994140625,1096.994140625,4116992
2025-10-03 09:05:00+00:00,1101.21484375,1101.21484375,1098.786865234375,1098.786865234375,12854272
2025-10-03 09:10:00+00:00,1104.1214599609375,1104.4327392578125,1103.205810546875,1103.3074951171875,20261376
2025-10-03 09:15:00+00:00,1104.2581787109375,1105.0711669921875,1104.1771240234375,1104.1771240234375,24986624
2025-10-03 09:20:00+00:00,1105.1514892578125,1105.1514892578125,1104.57861328125,1104.57861328125,10866688
2025-10-03 09:25:00+00:00,1109.9332275390625,1109.9332275390625,1107.1502685546875,1107.1502685546875,26011136
2025-10-03 09:30:00+00:00,1112.9322509765625,1112.9322509765625,1112.25390625,1112.302978515625,30488576
2025-10-03 09:35:00+00:00,1111.7080078125,1112.7545166015625,1111.7080078125,1112.7545166015625,14938112
2025-10-03 09:40:00+00:00,1109.38671875,1110.6900634765625,1109.38671875,1110.6900634765625,14012928
2025-10-03 09:45:00+00:00,1110.2667236328125,1110.2667236328125,1109.38671875,1109.38671875,4550144
2025-10-03 09:50:00+00:00,1109.5889892578125,1110.326904296875,1109.536376953125,1110.326904296875,4837376
2025-10-03 09:55:00+00:00,1107.9884033203125,1108.8504638671875,1107.9884033203125,1108.8504638671875,4738560
2025-10-03 10:00:00+00:00,1108.7874755859375,1108.9580078125,1108.260986328125,1108.260986328125,1415168
2025-10-03 10:05:00+00:00,1107.9176025390625,1108.3758544921875,1107.9176025390625,1108.27978515625,1288704
2025-10-03 10:10:00+00:00,1106.8427734375,1107.1741943359375,1106.8427734375,1107.0556640625,2725888
2025-10-03 10:15:00+00:00,1107.7476806640625,1107.7476806640625,1106.8310546875,1106.8310546875,3173888
2025-10-03 10:20:00+00:00,1108.375244140625,1108.375244140625,1107.829345703125,1107.829345703125,3464192
2025-10-03 10:25:00+00:00,1107.3863525390625,1107.5760498046875,1107.3863525390625,1107.50048828125,0
2025-10-03 10:30:00+00:00,1108.4718017578125,1108.4718017578125,1107.2039794921875,1107.2039794921875,1907200
2025-10-03 10:35:00+00:00,1109.0078125,1109.0078125,1108.433349609375,1108.433349609375,0
2025-10-03 10:40:00+00:00,1109.924072265625,1109.972412109375,1109.32763671875,1109.32763671875,0
2025-10-03 10:45:00+00:00,1108.94970703125,1110.0147705078125,1108.94970703125,1110.0147705078125,481792
2025-10-03 10:50:00+00:00,1108.6722412109375,1109.0030517578125,1108.6722412109375,1109.0030517578125,0
2025-10-03 10:55:00+00:00,1108.19189453125,1108.5118408203125,1108.19189453125,1108.5118408203125,0
2025-10-03 11:00:00+00:00,1107.771240234375,1108.155029296875,1107.771240234375,1108.042724609375,0
2025-10-03 11:05:00+00:00,1107.1175537109375,1107.7874755859375,1107.1175537109375,1107.7874755859375,985600
2025-10-03 11:10:00+00:00,1103.696533203125,1105.6409912109375,1103.696533203125,1105.621826171875,0
2025-10-03 11:15:00+00:00,1103.3736572265625,1103.79833984375,1103.3736572265625,1103.7742919921875,0
2025-10-03 11:20:00+00:00,1104.4815673828125,1104.4815673828125,1103.779296875,1103.779296875,3488768
2025-10-03 11:25:00+00:00,1105.7808837890625,1105.7808837890625,1105.1533203125,1105.2918701171875,1758208
2025-10-03 11:30:00+00:00,1105.9478759765625,1106.0081787109375,1105.9478759765625,1106.0081787109375,0
2025-10-03 11:35:00+00:00,1104.32763671875,1105.0816650390625,1104.32763671875,1105.0816650390625,0
2025-10-03 11:40:00+00:00,1105.0963134765625,1105.0963134765625,1104.262939453125,1104.262939453125,0
2025-10-03 11:45:00+00:00,1105.6182861328125,1105.6182861328125,1104.9578857421875,1104.9578857421875,0
2025-10-03 11:50:00+00:00,1107.030029296875,1107.1409912109375,1105.728515625,1105.728515625,0
2025-10-03 11:55:00+00:00,1106.55224609375,1106.8406982421875,1106.55224609375,1106.6922607421875,0
2025-10-03 12:00:00+00:00,1107.341064453125,1107.341064453125,1106.685546875,1106.685546875,0
2025-10-03 12:05:00+00:00,1107.3548583984375,1107.3548583984375,1107.26611328125,1107.26611328125,0
2025-10-03 12:10:00+00:00,1108.9327392578125,1108.9327392578125,1107.5732421875,1107.5732421875,0
2025-10-03 12:15:00+00:00,1109.7606201171875,1109.7606201171875,1109.6278076171875,1109.6278076171875,0
2025-10-03 12:20:00+00:00,1109.3077392578125,1109.98291015625,1109.219970703125,1109.98291015625,0
2025-10-03 12:25:00+00:00,1110.3084716796875,1110.3084716796875,1109.4315185546875,1109.4315185546875,1253888
2025-10-03 12:30:00+00:00,1109.8970947265625,1109.8970947265625,1109.8721923828125,1109.8782958984375,0
2025-10-03 12:35:00+00:00,1108.8271484375,1109.84814453125,1108.5406494140625,1109.84814453125,0
2025-10-03 12:40:00+00:00,1108.3365478515625,1109.1446533203125,1108.276123046875,1109.1446533203125,0
2025-10-03 12:45:00+00:00,1107.7587890625,1108.137451171875,1107.2781982421875,1108.137451171875,0
2025-10-03 12:50:00+00:00,1107.8736572265625,1107.8736572265625,1107.7999267578125,1107.7999267578125,0
2025-10-03 12:55:00+00:00,1108.010498046875,1108.0731201171875,1107.7742919921875,1107.85888671875,0
2025-10-03 13:00:00+00:00,1105.2509765625,1107.616943359375,1105.2509765625,1107.5283203125,0
2025-10-03 13:05:00+00:00,1104.1685791015625,1104.41552734375,1104.1685791015625,1104.27490234375,0
2025-10-03 13:10:00+00:00,1105.20068359375,1105.20068359375,1104.5115966796875,1104.5115966796875,0
2025-10-03 13:15:00+00:00,1106.0997314453125,1106.0997314453125,1104.5447998046875,1104.5447998046875,0
2025-10-03 13:20:00+00:00,1109.8853759765625,1109.8853759765625,1106.648681640625,1106.648681640625,9863680
2025-10-03 13:25:00+00:00,1118.9521484375,1118.9521484375,1113.1878662109375,1113.1878662109375,66485760
2025-10-03 13:30:00+00:00,1132.79931640625,1132.79931640625,1120.9122314453125,1120.9122314453125,81986560
2025-10-03 13:35:00+00:00,1133.842041015625,1139.06103515625,1132.906982421875,1139.06103515625,110309376
2025-10-03 13:40:00+00:00,1131.743408203125,1135.32080078125,1131.743408203125,1135.32080078125,38880256
2025-10-03 13:45:00+00:00,1132.1846923828125,1132.1846923828125,1131.325439453125,1131.325439453125,23892992
2025-10-03 13:50:00+00:00,1131.74072265625,1132.32666015625,1131.74072265625,1132.1163330078125,6089728
2025-10-03 13:55:00+00:00,1134.6531982421875,1134.6531982421875,1132.665771484375,1132.665771484375,24483328
2025-10-03 14:00:00+00:00,1134.8629150390625,1135.6845703125,1134.8629150390625,1135.6845703125,18414592
2025-10-03 14:05:00+00:00,1132.4111328125,1132.4111328125,1131.601806640625,1132.0589599609375,21594624
2025-10-03 14:10:00+00:00,1128.1505126953125,1131.484130859375,1128.089599609375,1131.484130859375,12445184
2025-10-03 14:15:00+00:00,1122.3148193359375,1127.3343505859375,1122.3148193359375,1127.3343505859375,10455040
2025-10-03 14:20:00+00:00,1124.1326904296875,1124.1326904296875,1121.7288818359375,1122.307861328125,17135616
2025-10-03 14:25:00+00:00,1132.6944580078125,1132.6944580078125,1128.6788330078125,1128.6788330078125,42956800
2025-10-03 14:30:00+00:00,1131.8277587890625,1132.56640625,1131.8277587890625,1132.56640625,12739584
2025-10-03 14:35:00+00:00,1133.7635498046875,1133.8848876953125,1132.0718994140625,1132.0718994140625,9128448
2025-10-03 14:40:00+00:00,1135.0994873046875,1135.2152099609375,1135.0908203125,1135.2152099609375,12057600
2025-10-03 14:45:00+00:00,1137.65087890625,1137.65087890625,1135.3065185546875,1135.3065185546875,11927552
2025-10-03 14:50:00+00:00,1137.9915771484375,1137.9915771484375,1137.1531982421875,1137.408935546875,786432
2025-10-03 14:55:00+00:00,1141.682373046875,1141.682373046875,1140.62890625,1140.62890625,18128384
2025-10-03 15:00:00+00:00,1141.2373046875,1141.681884765625,1141.2373046875,1141.681884765625,1775104
2025-10-03 15:05:00+00:00,1140.7354736328125,1140.7354736328125,1140.0233154296875,1140.0233154296875,2669568
2025-10-03 15:10:00+00:00,1139.494140625,1140.464599609375,1139.494140625,1140.464599609375,0
2025-10-03 15:15:00+00:00,1141.5538330078125,1141.9171142578125,1140.347412109375,1140.347412109375,8904704
2025-10-03 15:20:00+00:00,1144.6392822265625,1144.7144775390625,1141.9185791015625,1141.9185791015625,13378560
2025-10-03 15:25:00+00:00,1145.3546142578125,1145.5286865234375,1144.9388427734375,1144.9388427734375,20499968
2025-10-03 15:30:00+00:00,1147.457763671875,1147.457763671875,1145.7318115234375,1145.7318115234375,16188928
2025-10-03 15:35:00+00:00,1149.1451416015625,1150.112060546875,1149.1451416015625,1150.112060546875,50334208
2025-10-03 15:40:00+00:00,1148.3909912109375,1148.755615234375,1148.3909912109375,1148.755615234375,31516672
2025-10-03 15:45:00+00:00,1145.712890625,1147.8880615234375,1145.712890625,1147.8880615234375,27421184
2025-10-03 15:50:00+00:00,1148.9091796875,1148.9091796875,1146.0618896484375,1146.0618896484375,20899328
2025-10-03 15:55:00+00:00,1160.2276611328125,1160.2276611328125,1154.2593994140625,1154.2593994140625,59345408
2025-10-03 16:00:00+00:00,1166.2412109375,1167.0986328125,1161.2396240234375,1161.2396240234375,72674816
2025-10-03 16:05:00+00:00,1157.465087890625,1165.0255126953125,1157.465087890625,1165.0255126953125,21337600
2025-10-03 16:10:00+00:00,1159.4910888671875,1159.78369140625,1157.287841796875,1157.287841796875,26737664
2025-10-03 16:15:00+00:00,1152.201171875,1156.550048828125,1152.201171875,1156.550048828125,14375936
2025-10-03 16:20:00+00:00,1152.2042236328125,1152.2042236328125,1151.77587890625,1151.8072509765625,14593024
2025-10-03 16:25:00+00:00,1155.106201171875,1155.106201171875,1153.6568603515625,1153.6568603515625,20606464
2025-10-03 16:30:00+00:00,1156.0341796875,1156.0341796875,1153.585205078125,1154.2841796875,17477632
2025-10-03 16:35:00+00:00,1157.7509765625,1158.319091796875,1155.880126953125,1155.880126953125,15689216
2025-10-03 16:40:00+00:00,1159.2271728515625,1159.2271728515625,1158.715576171875,1158.7294921875,15770112
2025-10-03 16:45:00+00:00,1156.0677490234375,1160.939453125,1156.0677490234375,1160.939453125,14729216
2025-10-03 16:50:00+00:00,1155.857421875,1156.0655517578125,1155.5447998046875,1155.86376953125,15282176
2025-10-03 16:55:00+00:00,1157.6746826171875,1157.9180908203125,1155.990234375,1155.990234375,17885696
2025-10-03 17:00:00+00:00,1141.798583984375,1152.588623046875,1141.798583984375,1152.588623046875,63989248
2025-10-03 17:05:00+00:00,1141.5401611328125,1141.9908447265625,1141.50537109375,1141.9908447265625,46479360
2025-10-03 17:10:00+00:00,1144.7218017578125,1145.16552734375,1144.355224609375,1145.16552734375,46704128
2025-10-03 17:15:00+00:00,1143.458251953125,1146.1546630859375,1143.458251953125,1145.014892578125,23615488
2025-10-03 17:20:00+00:00,1139.34716796875,1142.10009765625,1139.34716796875,1142.10009765625,21457920
2025-10-03 17:25:00+00:00,1140.099853515625,1140.099853515625,1139.2044677734375,1139.2044677734375,12462080
2025-10-03 17:30:00+00:00,1139.3968505859375,1139.3968505859375,1139.212158203125,1139.2701416015625,0
2025-10-03 17:35:00+00:00,1142.2947998046875,1142.2947998046875,1140.06396484375,1140.06396484375,16371712
2025-10-03 17:40:00+00:00,1141.760498046875,1143.0286865234375,1141.615966796875,1143.0286865234375,9280000
2025-10-03 17:45:00+00:00,1143.1690673828125,1143.1690673828125,1142.114501953125,1142.2225341796875,12267520
2025-10-03 17:50:00+00:00,1143.3631591796875,1143.7108154296875,1142.999755859375,1142.999755859375,4368384
2025-10-03 17:55:00+00:00,1138.8448486328125,1140.0849609375,1138.8448486328125,1139.9605712890625,18658304
2025-10-03 18:00:00+00:00,1137.5108642578125,1138.69921875,1136.718994140625,1138.69921875,1852416
2025-10-03 18:05:00+00:00,1138.4783935546875,1138.4783935546875,1137.578857421875,1138.0179443359375,7055872
2025-10-03 18:10:00+00:00,1142.70458984375,1142.70458984375,1140.5562744140625,1140.5562744140625,13813760
2025-10-03 18:15:00+00:00,1145.33447265625,1145.33447265625,1143.7481689453125,1143.7481689453125,0
2025-10-03 18:20:00+00:00,1147.7471923828125,1147.93017578125,1145.69189453125,1145.69189453125,13337088
2025-10-03 18:25:00+00:00,1149.3277587890625,1150.09814453125,1149.3277587890625,1149.955078125,12586496
2025-10-03 18:30:00+00:00,1149.0914306640625,1149.2591552734375,1149.0748291015625,1149.2591552734375,2476544
2025-10-03 18:35:00+00:00,1152.7259521484375,1152.7259521484375,1149.4676513671875,1149.4676513671875,13378560
2025-10-03 18:40:00+00:00,1156.042236328125,1156.042236328125,1153.945556640625,1153.945556640625,10744832
2025-10-03 18:45:00+00:00,1166.680908203125,1166.680908203125,1155.6123046875,1155.6123046875,62927360
2025-10-03 18:50:00+00:00,1171.212890625,1171.7593994140625,1168.1622314453125,1168.1622314453125,62972928
2025-10-03 18:55:00+00:00,1171.15185546875,1171.50537109375,1171.1484375,1171.50537109375,22487040
2025-10-03 19:00:00+00:00,1166.6986083984375,1171.919189453125,1166.6986083984375,1171.919189453125,22837760
2025-10-03 19:05:00+00:00,1166.4337158203125,1166.783203125,1166.4337158203125,1166.594482421875,8027648
2025-10-03 19:10:00+00:00,1167.195068359375,1167.5828857421875,1167.195068359375,1167.3548583984375,4436480
2025-10-03 19:15:00+00:00,1170.1162109375,1170.1162109375,1166.4635009765625,1167.0133056640625,7953920
2025-10-03 19:20:00+00:00,1169.2152099609375,1170.3658447265625,1169.2152099609375,1170.3658447265625,8122368
2025-10-03 19:25:00+00:00,1168.490478515625,1168.490478515625,1167.1829833984375,1167.1829833984375,8227840
2025-10-03 19:30:00+00:00,1169.84814453125,1169.91748046875,1169.701171875,1169.91748046875,8159232
2025-10-03 19:35:00+00:00,1169.6209716796875,1169.9163818359375,1169.6209716796875,1169.7166748046875,1507840
2025-10-03 19:40:00+00:00,1170.2681884765625,1170.37451171875,1169.2769775390625,1169.2769775390625,0
2025-10-03 19:45:00+00:00,1169.893310546875,1170.2359619140625,1169.893310546875,1170.2359619140625,0
2025-10-03 19:50:00+00:00,1168.2322998046875,1169.2569580078125,1168.0103759765625,1169.2569580078125,0
2025-10-03 19:55:00+00:00,1170.1475830078125,1170.1475830078125,1168.547607421875,1168.547607421875,3947520
2025-10-03 20:00:00+00:00,1169.194091796875,1170.6807861328125,1169.194091796875,1170.1007080078125,0
2025-10-03 20:05:00+00:00,1168.120849609375,1169.1619873046875,1168.120849609375,1169.1619873046875,0
2025-10-03 20:10:00+00:00,1167.329345703125,1168.07177734375,1167.329345703125,1167.9881591796875,6144
2025-10-03 20:15:00+00:00,1170.6029052734375,1170.6029052734375,1167.671630859375,1167.671630859375,6280704
2025-10-03 20:20:00+00:00,1170.864013671875,1170.988525390625,1170.4947509765625,1170.4947509765625,3073024
2025-10-03 20:25:00+00:00,1167.22119140625,1169.0308837890625,1167.22119140625,1169.0308837890625,0
2025-10-03 20:30:00+00:00,1169.0010986328125,1169.0010986328125,1167.343505859375,1167.343505859375,0
2025-10-03 20:35:00+00:00,1167.4541015625,1168.7001953125,1167.253662109375,1168.7001953125,0
2025-10-03 20:40:00+00:00,1168.237548828125,1168.237548828125,1167.8233642578125,1167.8233642578125,0
2025-10-03 20:45:00+00:00,1170.5850830078125,1170.5850830078125,1168.3106689453125,1168.3106689453125,0
2025-10-03 20:50:00+00:00,1170.4293212890625,1170.691162109375,1170.4293212890625,1170.691162109375,0
2025-10-03 20:55:00+00:00,1174.385498046875,1174.385498046875,1170.027587890625,1170.027587890625,22530560
2025-10-03 21:00:00+00:00,1179.8162841796875,1179.8162841796875,1179.51708984375,1179.51708984375,32034304
2025-10-03 21:05:00+00:00,1180.8392333984375,1181.3240966796875,1180.8392333984375,1181.05322265625,16088576
2025-10-03 21:10:00+00:00,1180.42333984375,1180.42333984375,1179.627197265625,1179.627197265625,7204352
2025-10-03 21:15:00+00:00,1180.8704833984375,1181.638916015625,1180.5521240234375,1180.5521240234375,0
2025-10-03 21:20:00+00:00,1180.483642578125,1180.6522216796875,1180.483642578125,1180.5745849609375,7976960
2025-10-03 21:25:00+00:00,1180.748046875,1180.748046875,1180.3348388671875,1180.3348388671875,6899712
2025-10-03 21:30:00+00:00,1180.87255859375,1180.951904296875,1180.7728271484375,1180.7728271484375,2057728
2025-10-03 21:35:00+00:00,1178.9383544921875,1180.1243896484375,1178.9383544921875,1180.1243896484375,249344
2025-10-03 21:40:00+00:00,1176.35986328125,1178.1663818359375,1176.0657958984375,1178.1663818359375,3138048
2025-10-03 21:45:00+00:00,1176.507568359375,1176.97705078125,1176.507568359375,1176.9195556640625,2680320
2025-10-03 21:50:00+00:00,1175.5509033203125,1176.3209228515625,1174.700439453125,1176.3209228515625,2405888
2025-10-03 21:55:00+00:00,1178.608642578125,1178.608642578125,1176.5604248046875,1176.5604248046875,6222336
2025-10-03 22:00:00+00:00,1179.2274169921875,1179.2274169921875,1178.0816650390625,1178.0816650390625,0
2025-10-03 22:05:00+00:00,1179.1380615234375,1179.2099609375,1179.0693359375,1179.18798828125,0
2025-10-03 22:10:00+00:00,1179.5189208984375,1179.5189208984375,1179.0361328125,1179.1865234375,4486144
2025-10-03 22:15:00+00:00,1182.454833984375,1182.454833984375,1179.6224365234375,1179.6224365234375,11556352
2025-10-03 22:20:00+00:00,1183.2467041015625,1183.3121337890625,1182.6082763671875,1182.6082763671875,0
2025-10-03 22:25:00+00:00,1181.9730224609375,1182.8931884765625,1181.9730224609375,1182.8931884765625,0
2025-10-03 22:30:00+00:00,1182.5257568359375,1182.579833984375,1181.947021484375,1181.947021484375,0
2025-10-03 22:35:00+00:00,1181.533447265625,1182.3643798828125,1181.533447265625,1182.3643798828125,5516800
2025-10-03 22:40:00+00:00,1181.075439453125,1181.7127685546875,1181.0450439453125,1181.7127685546875,1179136
2025-10-03 22:45:00+00:00,1181.841064453125,1181.841064453125,1179.861572265625,1180.896240234375,2989568
2025-10-03 22:50:00+00:00,1188.0699462890625,1188.464599609375,1183.7523193359375,1183.7523193359375,36609024
2025-10-03 22:55:00+00:00,1184.826171875,1189.9791259765625,1184.826171875,1189.9791259765625,11331584
2025-10-03 23:00:00+00:00,1180.7843017578125,1183.024169921875,1180.7843017578125,1183.024169921875,0
2025-10-03 23:05:00+00:00,1176.978515625,1180.3702392578125,1176.5609130859375,1180.3702392578125,0
2025-10-03 23:10:00+00:00,1176.111328125,1176.8011474609375,1176.111328125,1176.8011474609375,0
2025-10-03 23:15:00+00:00,1177.614990234375,1177.614990234375,1176.2540283203125,1176.2540283203125,0
2025-10-03 23:20:00+00:00,1178.844970703125,1178.9222412109375,1177.7156982421875,1177.7156982421875,1276416
2025-10-03 23:25:00+00:00,1180.2449951171875,1180.2449951171875,1179.3494873046875,1179.4725341796875,722432
2025-10-03 23:30:00+00:00,1180.8037109375,1180.8037109375,1180.4130859375,1180.4130859375,0
2025-10-03 23:35:00+00:00,1182.476806640625,1182.476806640625,1180.89794921875,1180.9609375,2282496
2025-10-03 23:40:00+00:00,1184.17626953125,1184.17626953125,1183.9849853515625,1183.9849853515625,4712960
2025-10-03 23:45:00+00:00,1184.465087890625,1184.465087890625,1184.096435546875,1184.096435546875,0
2025-10-03 23:50:00+00:00,1185.7742919921875,1185.7742919921875,1184.3760986328125,1184.3760986328125,6044160
2025-10-03 23:55:00+00:00,1189.972412109375,1189.972412109375,1188.3369140625,1188.3369140625,13044224
2025-10-04 00:00:00+00:00,1187.89794921875,1189.717041015625,1187.89794921875,1189.717041015625,0
2025-10-04 00:05:00+00:00,1188.55078125,1188.74267578125,1187.6712646484375,1187.6712646484375,1786368
2025-10-04 00:10:00+00:00,1186.8280029296875,1188.0111083984375,1186.6483154296875,1188.0111083984375,1671168
2025-10-04 00:15:00+00:00,1185.8323974609375,1186.914306640625,1185.8323974609375,1186.6212158203125,4063232
2025-10-04 00:20:00+00:00,1185.4771728515625,1185.602294921875,1185.096435546875,1185.602294921875,261632
2025-10-04 00:25:00+00:00,1184.9461669921875,1187.04296875,1184.9461669921875,1187.04296875,6263808
2025-10-04 00:30:00+00:00,1180.4534912109375,1184.6328125,1180.4534912109375,1184.6328125,1626624
2025-10-04 00:35:00+00:00,1178.6983642578125,1180.2542724609375,1178.6983642578125,1180.2542724609375,0
2025-10-04 00:40:00+00:00,1179.8409423828125,1180.016845703125,1177.5513916015625,1177.5513916015625,12657664
2025-10-04 00:45:00+00:00,1176.7659912109375,1178.243408203125,1176.7659912109375,1178.243408203125,4058624
2025-10-04 00:50:00+00:00,1176.34423828125,1176.658203125,1176.2618408203125,1176.658203125,9268736
2025-10-04 00:55:00+00:00,1176.40087890625,1176.40087890625,1175.98291015625,1175.98291015625,8532992
2025-10-04 01:00:00+00:00,1178.9630126953125,1178.9630126953125,1176.910888671875,1176.910888671875,0
2025-10-04 01:05:00+00:00,1178.0374755859375,1178.9683837890625,1177.9251708984375,1178.9683837890625,0
2025-10-04 01:10:00+00:00,1175.4495849609375,1177.7630615234375,1175.4495849609375,1177.7630615234375,3804160
2025-10-04 01:15:00+00:00,1172.889404296875,1175.3807373046875,1172.889404296875,1175.3807373046875,0
2025-10-04 01:20:00+00:00,1172.8902587890625,1173.0670166015625,1172.8902587890625,1173.0670166015625,0
2025-10-04 01:25:00+00:00,1169.7625732421875,1171.5911865234375,1169.7625732421875,1171.5911865234375,0
2025-10-04 01:30:00+00:00,1171.4044189453125,1171.4044189453125,1169.747802734375,1169.747802734375,5719552
2025-10-04 01:35:00+00:00,1170.1119384765625,1171.6192626953125,1170.0809326171875,1171.6192626953125,256512
2025-10-04 01:40:00+00:00,1167.41845703125,1169.4971923828125,1167.377685546875,1169.4971923828125,4730880
2025-10-04 01:45:00+00:00,1166.343994140625,1167.2501220703125,1166.1292724609375,1167.2501220703125,8505856
2025-10-04 01:50:00+00:00,1165.9644775390625,1166.258056640625,1165.718505859375,1166.258056640625,3751936
2025-10-04 01:55:00+00:00,1170.63037109375,1170.63037109375,1167.828369140625,1167.828369140625,11915264
2025-10-04 02:00:00+00:00,1172.7781982421875,1172.7781982421875,1171.3111572265625,1171.3111572265625,0
2025-10-04 02:05:00+00:00,1173.4581298828125,1173.602294921875,1172.5528564453125,1172.5528564453125,7140352
2025-10-04 02:10:00+00:00,1173.02685546875,1173.4583740234375,1173.02685546875,1173.4583740234375,1866752
2025-10-04 02:15:00+00:00,1168.15576171875,1172.346435546875,1168.15576171875,1172.346435546875,1591296
2025-10-04 02:20:00+00:00,1168.0948486328125,1168.206787109375,1168.0399169921875,1168.137939453125,449536
2025-10-04 02:25:00+00:00,1167.408203125,1167.408203125,1167.146240234375,1167.2406005859375,2569728
2025-10-04 02:30:00+00:00,1168.5264892578125,1168.552734375,1167.3597412109375,1167.3597412109375,4241920
2025-10-04 02:35:00+00:00,1167.8388671875,1168.0216064453125,1167.6136474609375,1167.91259765625,0
2025-10-04 02:40:00+00:00,1168.8570556640625,1168.8570556640625,1167.7960205078125,1167.7960205078125,0
2025-10-04 02:45:00+00:00,1173.0538330078125,1173.0538330078125,1170.41162109375,1170.41162109375,8561152
2025-10-04 02:50:00+00:00,1175.408935546875,1175.408935546875,1173.2105712890625,1173.2105712890625,9477632
2025-10-04 02:55:00+00:00,1176.57470703125,1176.57470703125,1175.590087890625,1175.590087890625,2569216
2025-10-04 03:00:00+00:00,1176.1890869140625,1176.7154541015625,1176.1890869140625,1176.7154541015625,0
2025-10-04 03:05:00+00:00,1175.7490234375,1176.0909423828125,1175.71484375,1176.0909423828125,0
2025-10-04 03:10:00+00:00,1173.4901123046875,1174.9951171875,1173.4901123046875,1174.9951171875,0
2025-10-04 03:15:00+00:00,1172.870361328125,1173.5220947265625,1172.0948486328125,1173.5220947265625,0
2025-10-04 03:20:00+00:00,1173.723388671875,1174.001220703125,1172.9608154296875,1172.9608154296875,0
2025-10-04 03:25:00+00:00,1173.562744140625,1173.562744140625,1173.2813720703125,1173.2813720703125,0
2025-10-04 03:30:00+00:00,1174.96142578125,1174.96142578125,1174.3829345703125,1174.5330810546875,0
2025-10-04 03:35:00+00:00,1174.77197265625,1175.2646484375,1174.77197265625,1174.9886474609375,0
2025-10-04 03:40:00+00:00,1173.1024169921875,1173.57861328125,1172.9957275390625,1173.57861328125,0
2025-10-04 03:45:00+00:00,1171.4329833984375,1172.45751953125,1171.4329833984375,1172.45751953125,0
2025-10-04 03:50:00+00:00,1171.062255859375,1171.486572265625,1171.062255859375,1171.486572265625,0
2025-10-04 03:55:00+00:00,1171.6885986328125,1171.99365234375,1170.5928955078125,1170.5928955078125,0
2025-10-04 04:00:00+00:00,1169.6038818359375,1171.6361083984375,1169.6038818359375,1171.6361083984375,0
2025-10-04 04:05:00+00:00,1170.311279296875,1170.311279296875,1169.39453125,1169.5594482421875,0
2025-10-04 04:10:00+00:00,1171.9598388671875,1172.3140869140625,1171.9598388671875,1172.3140869140625,0
2025-10-04 04:15:00+00:00,1171.840576171875,1171.9781494140625,1171.840576171875,1171.95654296875,0
2025-10-04 04:20:00+00:00,1171.054931640625,1171.7637939453125,1171.054931640625,1171.7637939453125,0
2025-10-04 04:25:00+00:00,1170.3375244140625,1170.98876953125,1170.3375244140625,1170.98876953125,0
2025-10-04 04:30:00+00:00,1170.3677978515625,1170.3677978515625,1169.8585205078125,1170.3272705078125,0
2025-10-04 04:35:00+00:00,1170.4345703125,1170.4658203125,1170.24951171875,1170.343505859375,0
2025-10-04 04:40:00+00:00,1172.0703125,1172.0703125,1170.5244140625,1170.5244140625,0
2025-10-04 04:45:00+00:00,1174.5035400390625,1174.5035400390625,1172.29296875,1172.29296875,0
2025-10-04 04:50:00+00:00,1174.9857177734375,1174.989501953125,1174.564697265625,1174.564697265625,347648
2025-10-04 04:55:00+00:00,1174.2269287109375,1174.313232421875,1174.0706787109375,1174.2708740234375,0
2025-10-04 05:00:00+00:00,1176.0374755859375,1176.0374755859375,1174.2547607421875,1174.2547607421875,0
2025-10-04 05:05:00+00:00,1176.76318359375,1176.76318359375,1176.0965576171875,1176.0965576171875,3426304
2025-10-04 05:10:00+00:00,1179.3148193359375,1179.3148193359375,1178.3233642578125,1178.3233642578125,9923584
2025-10-04 05:15:00+00:00,1178.9781494140625,1180.860595703125,1178.9781494140625,1179.572509765625,0
2025-10-04 05:20:00+00:00,1180.783203125,1180.783203125,1179.7144775390625,1179.7144775390625,2727936
2025-10-04 05:25:00+00:00,1181.89990234375,1181.89990234375,1181.3165283203125,1181.3165283203125,4353536
2025-10-04 05:30:00+00:00,1179.3424072265625,1181.11474609375,1179.3424072265625,1181.11474609375,982528
2025-10-04 05:35:00+00:00,1179.916748046875,1179.916748046875,1179.203125,1179.203125,2884608
2025-10-04 05:40:00+00:00,1178.2247314453125,1179.203369140625,1178.2247314453125,1179.203369140625,0
2025-10-04 05:45:00+00:00,1178.0333251953125,1178.0333251953125,1177.5576171875,1177.5992431640625,0
2025-10-04 05:50:00+00:00,1178.986328125,1179.13232421875,1178.3714599609375,1178.3714599609375,0
2025-10-04 05:55:00+00:00,1178.1419677734375,1178.94873046875,1178.1085205078125,1178.94873046875,0
2025-10-04 06:00:00+00:00,1177.4605712890625,1178.138427734375,1177.4605712890625,1178.138427734375,0
2025-10-04 06:05:00+00:00,1175.754150390625,1177.4150390625,1175.754150390625,1177.4150390625,0
2025-10-04 06:10:00+00:00,1174.14599609375,1174.98291015625,1174.14599609375,1174.9677734375,0
2025-10-04 06:15:00+00:00,1173.554443359375,1174.177978515625,1173.554443359375,1174.177978515625,0
2025-10-04 06:20:00+00:00,1173.0760498046875,1173.4932861328125,1173.0760498046875,1173.4932861328125,0
2025-10-04 06:25:00+00:00,1172.5841064453125,1172.8486328125,1172.5841064453125,1172.64453125,4087296
2025-10-04 06:30:00+00:00,1173.285888671875,1173.285888671875,1171.874267578125,1171.874267578125,0
2025-10-04 06:35:00+00:00,1175.5865478515625,1175.5865478515625,1173.447509765625,1173.447509765625,5412352
2025-10-04 06:40:00+00:00,1175.7926025390625,1175.7967529296875,1175.689697265625,1175.689697265625,3919360
2025-10-04 06:45:00+00:00,1174.5919189453125,1175.8538818359375,1174.5919189453125,1175.8538818359375,0
2025-10-04 06:50:00+00:00,1174.022216796875,1174.4383544921875,1174.022216796875,1174.4383544921875,0
2025-10-04 06:55:00+00:00,1173.3094482421875,1174.1204833984375,1173.3094482421875,1174.1048583984375,0
2025-10-04 07:00:00+00:00,1172.9608154296875,1173.2611083984375,1172.7734375,1173.2611083984375,0
2025-10-04 07:05:00+00:00,1173.5863037109375,1173.60693359375,1173.15185546875,1173.15185546875,0
2025-10-04 07:10:00+00:00,1173.5921630859375,1173.5921630859375,1173.3492431640625,1173.380859375,0
2025-10-04 07:15:00+00:00,1172.56982421875,1173.6776123046875,1172.56982421875,1173.6590576171875,0
2025-10-04 07:20:00+00:00,1171.941650390625,1172.646240234375,1171.941650390625,1172.646240234375,0
2025-10-04 07:25:00+00:00,1170.976318359375,1171.737060546875,1170.976318359375,1171.737060546875,0
2025-10-04 07:30:00+00:00,1170.370361328125,1170.6661376953125,1170.370361328125,1170.6661376953125,0
2025-10-04 07:35:00+00:00,1170.8765869140625,1170.8765869140625,1170.4063720703125,1170.4063720703125,2048512
2025-10-04 07:40:00+00:00,1171.8896484375,1171.8896484375,1171.501220703125,1171.501220703125,0
2025-10-04 07:45:00+00:00,1169.9615478515625,1170.6588134765625,1169.9615478515625,1170.6588134765625,0
2025-10-04 07:50:00+00:00,1168.8052978515625,1169.81201171875,1168.8052978515625,1169.81201171875,0
2025-10-04 07:55:00+00:00,1167.2021484375,1167.8311767578125,1167.124755859375,1167.8311767578125,5225984
2025-10-04 08:00:00+00:00,1167.0804443359375,1167.3050537109375,1167.0804443359375,1167.3050537109375,0
2025-10-04 08:05:00+00:00,1168.1153564453125,1168.1153564453125,1167.447021484375,1167.447021484375,6645760
2025-10-04 08:10:00+00:00,1168.0518798828125,1168.0709228515625,1167.9703369140625,1168.0504150390625,521216
2025-10-04 08:15:00+00:00,1166.3902587890625,1168.1103515625,1166.3902587890625,1168.1103515625,0
2025-10-04 08:20:00+00:00,1166.4410400390625,1166.4410400390625,1166.1412353515625,1166.3843994140625,0
2025-10-04 08:25:00+00:00,1167.0797119140625,1167.0797119140625,1166.969482421875,1166.969482421875,2476032
2025-10-04 08:30:00+00:00,1163.8077392578125,1164.4833984375,1163.8077392578125,1164.435791015625,6343680
2025-10-04 08:35:00+00:00,1163.3131103515625,1163.8580322265625,1163.3131103515625,1163.8580322265625,0
2025-10-04 08:40:00+00:00,1158.577880859375,1161.286865234375,1158.377197265625,1161.286865234375,10992128
2025-10-04 08:45:00+00:00,1157.76904296875,1158.0640869140625,1157.76904296875,1158.0640869140625,0
2025-10-04 08:50:00+00:00,1158.1646728515625,1158.1646728515625,1157.899169921875,1157.899169921875,14448640
2025-10-04 08:55:00+00:00,1157.0360107421875,1157.5418701171875,1157.0360107421875,1157.5418701171875,6114816
2025-10-04 09:00:00+00:00,1156.0142822265625,1156.237060546875,1156.0142822265625,1156.1669921875,0
2025-10-04 09:05:00+00:00,1158.785888671875,1158.9755859375,1156.7686767578125,1156.7686767578125,2466816
2025-10-04 09:10:00+00:00,1158.74267578125,1158.95947265625,1158.74267578125,1158.95947265625,0
2025-10-04 09:15:00+00:00,1158.9307861328125,1158.94384765625,1158.6925048828125,1158.6925048828125,0
2025-10-04 09:20:00+00:00,1160.0635986328125,1160.0875244140625,1159.036865234375,1159.036865234375,0
2025-10-04 09:25:00+00:00,1161.6204833984375,1161.6204833984375,1160.7115478515625,1160.7115478515625,0
2025-10-04 09:30:00+00:00,1160.63623046875,1161.768310546875,1160.63623046875,1161.768310546875,0
2025-10-04 09:35:00+00:00,1159.5325927734375,1160.4534912109375,1159.5325927734375,1160.4534912109375,0
2025-10-04 09:40:00+00:00,1159.7236328125,1159.7236328125,1159.5589599609375,1159.5589599609375,0
2025-10-04 09:45:00+00:00,1155.788330078125,1159.620849609375,1155.788330078125,1159.620849609375,0
2025-10-04 09:50:00+00:00,1153.2861328125,1155.701416015625,1153.2861328125,1155.701416015625,1453056
2025-10-04 09:55:00+00:00,1151.135009765625,1151.774658203125,1151.070068359375,1151.7083740234375,5061120
2025-10-04 10:00:00+00:00,1151.6552734375,1151.6552734375,1151.2371826171875,1151.2371826171875,0
2025-10-04 10:05:00+00:00,1152.4564208984375,1152.4564208984375,1151.7000732421875,1151.7000732421875,1972736
2025-10-04 10:10:00+00:00,1152.6163330078125,1152.71630859375,1152.548095703125,1152.548095703125,0
2025-10-04 10:15:00+00:00,1153.1884765625,1153.1884765625,1152.6103515625,1152.6103515625,0
2025-10-04 10:20:00+00:00,1153.3465576171875,1153.3465576171875,1153.0426025390625,1153.0426025390625,0
2025-10-04 10:25:00+00:00,1154.820068359375,1154.820068359375,1153.7735595703125,1153.9063720703125,3581952
2025-10-04 10:30:00+00:00,1155.5391845703125,1155.66748046875,1155.5333251953125,1155.5333251953125,0
2025-10-04 10:35:00+00:00,1152.852294921875,1155.307861328125,1152.852294921875,1155.307861328125,0
2025-10-04 10:40:00+00:00,1149.760498046875,1151.786865234375,1149.6339111328125,1151.786865234375,755200
2025-10-04 10:45:00+00:00,1150.431396484375,1150.431396484375,1150.239990234375,1150.239990234375,0
2025-10-04 10:50:00+00:00,1149.4068603515625,1149.59326171875,1149.4068603515625,1149.59326171875,915456
2025-10-04 10:55:00+00:00,1149.75927734375,1149.75927734375,1148.861328125,1148.861328125,4435968
2025-10-04 11:00:00+00:00,1150.2635498046875,1150.2635498046875,1149.333740234375,1149.737060546875,0
2025-10-04 11:05:00+00:00,1151.01513671875,1151.2513427734375,1150.427978515625,1150.427978515625,0
2025-10-04 11:10:00+00:00,1147.6514892578125,1150.202392578125,1147.6514892578125,1150.202392578125,0
2025-10-04 11:15:00+00:00,1147.9573974609375,1147.9573974609375,1146.74169921875,1146.74169921875,3288064
2025-10-04 11:20:00+00:00,1147.645263671875,1147.645263671875,1147.591552734375,1147.591552734375,0
2025-10-04 11:25:00+00:00,1146.6322021484375,1146.99609375,1146.1376953125,1146.9814453125,2694144
2025-10-04 11:30:00+00:00,1149.420654296875,1149.420654296875,1146.739501953125,1146.739501953125,3223040
2025-10-04 11:35:00+00:00,1148.81787109375,1149.3636474609375,1148.81787109375,1149.21142578125,3716608
2025-10-04 11:40:00+00:00,1149.4874267578125,1149.4874267578125,1148.0731201171875,1148.0731201171875,16666624
2025-10-04 11:45:00+00:00,1151.4215087890625,1151.4215087890625,1149.3575439453125,1149.3575439453125,5061120
2025-10-04 11:50:00+00:00,1152.32080078125,1152.32080078125,1151.7025146484375,1151.7025146484375,6062080
2025-10-04 11:55:00+00:00,1152.454833984375,1152.932373046875,1152.3311767578125,1152.932373046875,7222272
2025-10-04 12:00:00+00:00,1152.0174560546875,1152.3582763671875,1152.0174560546875,1152.3582763671875,0
2025-10-04 12:05:00+00:00,1152.671630859375,1152.846435546875,1152.2354736328125,1152.2354736328125,3010048
2025-10-04 12:10:00+00:00,1152.695068359375,1152.695068359375,1152.3660888671875,1152.3660888671875,600064
2025-10-04 12:15:00+00:00,1151.653564453125,1152.1962890625,1151.653564453125,1152.1962890625,0
2025-10-04 12:20:00+00:00,1150.72216796875,1151.542236328125,1150.72216796875,1151.542236328125,0
2025-10-04 12:25:00+00:00,1150.2470703125,1150.625244140625,1150.2158203125,1150.625244140625,0
2025-10-04 12:30:00+00:00,1149.8441162109375,1150.1553955078125,1149.8441162109375,1150.1553955078125,2433536
2025-10-04 12:35:00+00:00,1148.95361328125,1149.6796875,1148.95361328125,1149.6796875,0
2025-10-04 12:40:00+00:00,1147.6553955078125,1148.5023193359375,1147.6553955078125,1148.5023193359375,0
2025-10-04 12:45:00+00:00,1146.47412109375,1147.566650390625,1146.47412109375,1147.566650390625,0
2025-10-04 12:50:00+00:00,1145.8392333984375,1146.3416748046875,1145.7647705078125,1146.136474609375,4823552
2025-10-04 12:55:00+00:00,1144.7266845703125,1145.201171875,1144.7266845703125,1145.201171875,2636288
2025-10-04 13:00:00+00:00,1146.8414306640625,1146.8414306640625,1144.734619140625,1144.734619140625,0
2025-10-04 13:05:00+00:00,1149.29443359375,1149.3077392578125,1147.026611328125,1147.026611328125,10980352
2025-10-04 13:10:00+00:00,1149.031005859375,1149.70556640625,1149.031005859375,1149.587646484375,5056512
2025-10-04 13:15:00+00:00,1148.3507080078125,1149.148681640625,1148.3507080078125,1149.148681640625,7062016
2025-10-04 13:20:00+00:00,1147.6019287109375,1148.1785888671875,1147.5233154296875,1148.1785888671875,0
2025-10-04 13:25:00+00:00,1148.4940185546875,1148.4940185546875,1147.841796875,1147.841796875,0
2025-10-04 13:30:00+00:00,1147.8851318359375,1148.8060302734375,1147.8851318359375,1148.4725341796875,0
2025-10-04 13:35:00+00:00,1148.575439453125,1148.6468505859375,1147.7515869140625,1147.7515869140625,0
2025-10-04 13:40:00+00:00,1149.1854248046875,1149.2567138671875,1149.084228515625,1149.2437744140625,0
2025-10-04 13:45:00+00:00,1148.5667724609375,1149.1690673828125,1148.5667724609375,1149.1690673828125,0
2025-10-04 13:50:00+00:00,1147.6368408203125,1148.1639404296875,1147.55908203125,1148.1639404296875,0
2025-10-04 13:55:00+00:00,1147.6937255859375,1148.1441650390625,1147.6094970703125,1148.1441650390625,0
2025-10-04 14:00:00+00:00,1146.9248046875,1147.7818603515625,1146.9248046875,1147.6695556640625,0
2025-10-04 14:05:00+00:00,1146.2796630859375,1146.7781982421875,1146.2796630859375,1146.7781982421875,0
2025-10-04 14:10:00+00:00,1146.7255859375,1146.7255859375,1146.285400390625,1146.3111572265625,0
2025-10-04 14:15:00+00:00,1151.1427001953125,1151.1427001953125,1148.622802734375,1148.622802734375,0
2025-10-04 14:20:00+00:00,1151.361328125,1151.418701171875,1151.181884765625,1151.2269287109375,0
2025-10-04 14:25:00+00:00,1150.521240234375,1152.3787841796875,1150.521240234375,1152.3787841796875,0
2025-10-04 14:30:00+00:00,1149.9608154296875,1150.5711669921875,1149.9608154296875,1150.5711669921875,0
2025-10-04 14:35:00+00:00,1150.373046875,1150.373046875,1149.9366455078125,1149.9366455078125,0
2025-10-04 14:40:00+00:00,1152.5994873046875,1152.8157958984375,1151.0521240234375,1151.0521240234375,0
2025-10-04 14:45:00+00:00,1151.19580078125,1151.4833984375,1151.19580078125,1151.4833984375,0
2025-10-04 14:50:00+00:00,1149.4149169921875,1151.1124267578125,1149.3468017578125,1151.1124267578125,0
2025-10-04 14:55:00+00:00,1148.1654052734375,1149.187255859375,1148.0970458984375,1149.187255859375,0
2025-10-04 15:00:00+00:00,1149.0843505859375,1149.0843505859375,1147.18359375,1147.18359375,0
2025-10-04 15:05:00+00:00,1148.1412353515625,1148.8843994140625,1148.1412353515625,1148.8843994140625,0
2025-10-04 15:10:00+00:00,1147.566162109375,1147.734130859375,1147.566162109375,1147.7159423828125,0
2025-10-04 15:15:00+00:00,1147.665283203125,1147.665283203125,1147.0145263671875,1147.4647216796875,0
2025-10-04 15:20:00+00:00,1147.42724609375,1147.6048583984375,1147.42724609375,1147.5230712890625,0
2025-10-04 15:25:00+00:00,1145.3946533203125,1145.9954833984375,1145.3946533203125,1145.910888671875,0
2025-10-04 15:30:00+00:00,1143.034423828125,1145.091064453125,1143.034423828125,1145.091064453125,0
2025-10-04 15:35:00+00:00,1142.2928466796875,1142.6763916015625,1142.2928466796875,1142.6763916015625,0
2025-10-04 15:40:00+00:00,1144.2276611328125,1144.2276611328125,1142.31298828125,1142.31298828125,0
2025-10-04 15:45:00+00:00,1147.453125,1147.453125,1144.34228515625,1144.34228515625,0
2025-10-04 15:50:00+00:00,1146.978515625,1147.4736328125,1146.720947265625,1147.4736328125,0
2025-10-04 15:55:00+00:00,1145.199462890625,1146.839599609375,1145.199462890625,1146.839599609375,0
2025-10-04 16:00:00+00:00,1144.7821044921875,1145.48193359375,1144.7821044921875,1145.1107177734375,0
2025-10-04 16:05:00+00:00,1144.420166015625,1144.7694091796875,1144.3306884765625,1144.7010498046875,0
2025-10-04 16:10:00+00:00,1143.1494140625,1143.943359375,1143.1494140625,1143.9149169921875,0
2025-10-04 16:15:00+00:00,1140.2191162109375,1142.0833740234375,1140.2191162109375,1142.0833740234375,4313600
2025-10-04 16:20:00+00:00,1139.3660888671875,1140.29443359375,1139.3660888671875,1140.29443359375,0
2025-10-04 16:25:00+00:00,1138.55224609375,1138.55224609375,1138.3480224609375,1138.3934326171875,0
2025-10-04 16:30:00+00:00,1145.8084716796875,1145.8084716796875,1138.5604248046875,1138.5604248046875,9424384
2025-10-04 16:35:00+00:00,1143.943603515625,1145.739501953125,1143.943603515625,1145.739501953125,0
2025-10-04 16:40:00+00:00,1144.2301025390625,1144.438232421875,1144.1409912109375,1144.1409912109375,0
2025-10-04 16:45:00+00:00,1141.8125,1144.159423828125,1141.8125,1144.159423828125,0
2025-10-04 16:50:00+00:00,1140.82421875,1141.731689453125,1140.781494140625,1141.731689453125,0
2025-10-04 16:55:00+00:00,1142.4539794921875,1142.4539794921875,1140.9857177734375,1140.9857177734375,0
2025-10-04 17:00:00+00:00,1143.951416015625,1143.951416015625,1142.9522705078125,1142.9522705078125,0
2025-10-04 17:05:00+00:00,1144.246826171875,1144.3603515625,1144.1326904296875,1144.1326904296875,0
2025-10-04 17:10:00+00:00,1145.186767578125,1145.186767578125,1144.9033203125,1144.967041015625,0
2025-10-04 17:15:00+00:00,1145.716552734375,1145.716552734375,1144.9715576171875,1145.078369140625,0
2025-10-04 17:20:00+00:00,1145.9075927734375,1145.9075927734375,1145.60498046875,1145.619140625,0
2025-10-04 17:25:00+00:00,1148.736083984375,1148.736083984375,1146.3851318359375,1146.3851318359375,0
2025-10-04 17:30:00+00:00,1154.9349365234375,1154.9349365234375,1150.7750244140625,1150.7750244140625,9239552
2025-10-04 17:35:00+00:00,1153.810546875,1154.828125,1153.810546875,1154.828125,3249664
2025-10-04 17:40:00+00:00,1149.046630859375,1152.6517333984375,1149.046630859375,1152.615478515625,120832
2025-10-04 17:45:00+00:00,1146.968994140625,1148.9801025390625,1146.8673095703125,1148.9801025390625,0
2025-10-04 17:50:00+00:00,1147.4302978515625,1147.5108642578125,1147.1614990234375,1147.1614990234375,0
2025-10-04 17:55:00+00:00,1148.8636474609375,1148.8636474609375,1147.7723388671875,1147.7723388671875,0
2025-10-04 18:00:00+00:00,1148.8353271484375,1149.3966064453125,1148.8353271484375,1148.9354248046875,0
2025-10-04 18:05:00+00:00,1148.8045654296875,1148.904052734375,1148.6290283203125,1148.8026123046875,0
2025-10-04 18:10:00+00:00,1148.1114501953125,1148.806884765625,1147.9356689453125,1148.806884765625,0
2025-10-04 18:15:00+00:00,1147.717529296875,1147.9453125,1147.717529296875,1147.9200439453125,0
2025-10-04 18:20:00+00:00,1146.1610107421875,1147.3114013671875,1146.0076904296875,1147.3114013671875,0
2025-10-04 18:25:00+00:00,1145.7979736328125,1146.0880126953125,1145.778076171875,1146.0723876953125,0
2025-10-04 18:30:00+00:00,1145.37841796875,1145.8563232421875,1145.37841796875,1145.8563232421875,0
2025-10-04 18:35:00+00:00,1143.6961669921875,1145.2828369140625,1143.6759033203125,1145.2828369140625,0
2025-10-04 18:40:00+00:00,1143.3958740234375,1143.403564453125,1143.2755126953125,1143.403564453125,0
2025-10-04 18:45:00+00:00,1143.7811279296875,1143.7811279296875,1143.4263916015625,1143.4263916015625,0
2025-10-04 18:50:00+00:00,1144.2315673828125,1144.28857421875,1143.794677734375,1143.794677734375,0
2025-10-04 18:55:00+00:00,1143.74462890625,1144.06591796875,1143.7271728515625,1144.06591796875,0
2025-10-04 19:00:00+00:00,1144.96875,1144.96875,1143.9840087890625,1143.99951171875,0
2025-10-04 19:05:00+00:00,1145.3291015625,1145.3956298828125,1145.0361328125,1145.1453857421875,0
2025-10-04 19:10:00+00:00,1145.7882080078125,1145.9385986328125,1145.387939453125,1145.387939453125,0
2025-10-04 19:15:00+00:00,1145.6209716796875,1146.338134765625,1145.6209716796875,1145.904052734375,0
2025-10-04 19:20:00+00:00,1145.8350830078125,1145.8350830078125,1145.5169677734375,1145.5169677734375,0
2025-10-04 19:25:00+00:00,1146.568115234375,1146.568115234375,1145.740478515625,1145.740478515625,0
2025-10-04 19:30:00+00:00,1146.27880859375,1146.3359375,1146.1925048828125,1146.3359375,0
2025-10-04 19:35:00+00:00,1145.826904296875,1146.2247314453125,1145.7374267578125,1146.2247314453125,0
2025-10-04 19:40:00+00:00,1145.7098388671875,1145.9405517578125,1145.7098388671875,1145.8408203125,0
2025-10-04 19:45:00+00:00,1145.22900390625,1145.6234130859375,1144.842041015625,1145.6234130859375,0
2025-10-04 19:50:00+00:00,1146.7142333984375,1146.7142333984375,1145.50244140625,1145.50244140625,0
2025-10-04 19:55:00+00:00,1146.8663330078125,1146.8699951171875,1146.826171875,1146.826171875,0
2025-10-04 20:00:00+00:00,1147.9666748046875,1147.9666748046875,1146.92724609375,1146.92724609375,0
2025-10-04 20:05:00+00:00,1147.7440185546875,1147.8984375,1147.6812744140625,1147.8243408203125,0
2025-10-04 20:10:00+00:00,1148.3238525390625,1148.3238525390625,1147.68017578125,1147.68017578125,0
2025-10-04 20:15:00+00:00,1149.387939453125,1149.5875244140625,1148.46435546875,1148.46435546875,0
2025-10-04 20:20:00+00:00,1148.8250732421875,1149.1815185546875,1148.8250732421875,1149.1815185546875,0
2025-10-04 20:25:00+00:00,1148.9769287109375,1148.9769287109375,1148.46533203125,1148.4664306640625,0
2025-10-04 20:30:00+00:00,1149.068359375,1149.080078125,1149.00439453125,1149.080078125,0
2025-10-04 20:35:00+00:00,1149.03076171875,1149.2108154296875,1148.946044921875,1149.2108154296875,2865664
2025-10-04 20:40:00+00:00,1148.7572021484375,1148.854248046875,1148.655029296875,1148.854248046875,0
2025-10-04 20:45:00+00:00,1149.3253173828125,1149.5130615234375,1148.72119140625,1148.72119140625,0
2025-10-04 20:50:00+00:00,1148.0113525390625,1149.20654296875,1147.9842529296875,1149.20654296875,0
2025-10-04 20:55:00+00:00,1147.3271484375,1147.6993408203125,1147.3271484375,1147.6993408203125,0
2025-10-04 21:00:00+00:00,1147.6785888671875,1147.6785888671875,1147.122802734375,1147.2945556640625,0
2025-10-04 21:05:00+00:00,1148.0972900390625,1148.0972900390625,1147.7464599609375,1147.7464599609375,0
2025-10-04 21:10:00+00:00,1148.2720947265625,1148.3187255859375,1148.2720947265625,1148.3187255859375,0
2025-10-04 21:15:00+00:00,1149.197509765625,1149.197509765625,1148.9598388671875,1148.9598388671875,0
2025-10-04 21:20:00+00:00,1149.9169921875,1149.9169921875,1149.3153076171875,1149.3153076171875,0
2025-10-04 21:25:00+00:00,1153.31494140625,1153.349853515625,1150.7225341796875,1150.7225341796875,7197184
2025-10-04 21:30:00+00:00,1152.8975830078125,1154.5350341796875,1152.8975830078125,1154.5350341796875,854016
2025-10-04 21:35:00+00:00,1152.531005859375,1152.7747802734375,1152.497314453125,1152.64111328125,0
2025-10-04 21:40:00+00:00,1152.59619140625,1152.59619140625,1151.967041015625,1151.967041015625,0
2025-10-04 21:45:00+00:00,1152.8990478515625,1153.472412109375,1152.8189697265625,1152.8189697265625,0
2025-10-04 21:50:00+00:00,1152.7723388671875,1152.9228515625,1152.7723388671875,1152.8126220703125,0
2025-10-04 21:55:00+00:00,1152.8349609375,1152.8697509765625,1152.7049560546875,1152.7049560546875,0
2025-10-04 22:00:00+00:00,1152.4808349609375,1152.8438720703125,1152.4808349609375,1152.8438720703125,0
2025-10-04 22:05:00+00:00,1153.589111328125,1153.589111328125,1152.6898193359375,1152.7237548828125,136704
2025-10-04 22:10:00+00:00,1153.30859375,1153.954345703125,1153.30859375,1153.9168701171875,0
2025-10-04 22:15:00+00:00,1152.4703369140625,1153.2762451171875,1152.4703369140625,1153.2762451171875,0
2025-10-04 22:20:00+00:00,1152.0419921875,1152.39111328125,1151.97216796875,1152.39111328125,0
2025-10-04 22:25:00+00:00,1152.1168212890625,1152.1168212890625,1151.7413330078125,1151.7413330078125,0
2025-10-04 22:30:00+00:00,1152.209716796875,1152.4520263671875,1152.108154296875,1152.108154296875,0
2025-10-04 22:35:00+00:00,1152.7366943359375,1152.7366943359375,1152.3388671875,1152.3763427734375,0
2025-10-04 22:40:00+00:00,1152.5740966796875,1152.6700439453125,1152.567626953125,1152.6700439453125,0
2025-10-04 22:45:00+00:00,1153.212890625,1153.212890625,1152.556640625,1152.556640625,0
2025-10-04 22:50:00+00:00,1152.8592529296875,1153.2158203125,1152.8592529296875,1153.2158203125,0
2025-10-04 22:55:00+00:00,1148.9871826171875,1150.5042724609375,1148.9871826171875,1150.4556884765625,0
2025-10-04 23:00:00+00:00,1148.0115966796875,1148.0115966796875,1147.8524169921875,1147.89013671875,0
2025-10-04 23:05:00+00:00,1148.059326171875,1148.059326171875,1147.930908203125,1147.930908203125,0
2025-10-04 23:10:00+00:00,1146.73388671875,1147.9384765625,1146.733642578125,1147.9384765625,0
2025-10-04 23:15:00+00:00,1145.5302734375,1146.6810302734375,1145.5302734375,1146.6810302734375,0
2025-10-04 23:20:00+00:00,1146.5252685546875,1146.54052734375,1145.5831298828125,1145.5831298828125,0
2025-10-04 23:25:00+00:00,1147.8651123046875,1147.8651123046875,1146.6751708984375,1146.7222900390625,0
2025-10-04 23:30:00+00:00,1149.4339599609375,1149.4339599609375,1147.84912109375,1147.84912109375,0
2025-10-04 23:35:00+00:00,1149.34326171875,1149.3673095703125,1149.2232666015625,1149.3673095703125,0
2025-10-04 23:40:00+00:00,1149.85302734375,1149.923095703125,1149.8128662109375,1149.8128662109375,0
2025-10-04 23:45:00+00:00,1150.0753173828125,1150.0753173828125,1149.7996826171875,1150.00048828125,688896
2025-10-04 23:50:00+00:00,1149.471435546875,1149.9853515625,1149.4537353515625,1149.9853515625,0
2025-10-04 23:55:00+00:00,1150.566650390625,1150.566650390625,1149.8170166015625,1149.8170166015625,0
2025-10-05 00:00:00+00:00,1151.0047607421875,1151.039306640625,1150.6156005859375,1150.6156005859375,0
2025-10-05 00:05:00+00:00,1149.0927734375,1150.856201171875,1149.0927734375,1150.856201171875,0
2025-10-05 00:10:00+00:00,1149.59326171875,1149.59326171875,1149.0555419921875,1149.0555419921875,0
2025-10-05 00:15:00+00:00,1151.6981201171875,1151.6981201171875,1150.0775146484375,1150.0775146484375,0
2025-10-05 00:20:00+00:00,1153.16015625,1153.175537109375,1151.8177490234375,1151.8177490234375,0
2025-10-05 00:25:00+00:00,1152.626953125,1153.5108642578125,1152.626953125,1153.5108642578125,0
2025-10-05 00:30:00+00:00,1151.7509765625,1152.5845947265625,1151.7509765625,1152.5845947265625,15506688
2025-10-05 00:35:00+00:00,1151.993408203125,1152.3782958984375,1151.929443359375,1152.01806640625,0
2025-10-05 00:40:00+00:00,1149.1060791015625,1151.151611328125,1149.1060791015625,1151.151611328125,0
2025-10-05 00:45:00+00:00,1148.4754638671875,1149.056884765625,1148.185791015625,1149.056884765625,0
2025-10-05 00:50:00+00:00,1147.875,1148.236083984375,1147.875,1148.236083984375,0
2025-10-05 00:55:00+00:00,1146.523681640625,1147.8681640625,1146.423095703125,1147.8681640625,3057152
2025-10-05 01:00:00+00:00,1147.7008056640625,1147.7008056640625,1146.467529296875,1146.467529296875,0
2025-10-05 01:05:00+00:00,1148.040771484375,1148.040771484375,1147.836181640625,1147.836181640625,0
2025-10-05 01:10:00+00:00,1148.3070068359375,1148.7069091796875,1148.3070068359375,1148.6890869140625,0
2025-10-05 01:15:00+00:00,1148.0797119140625,1148.1678466796875,1148.0382080078125,1148.1678466796875,0
2025-10-05 01:20:00+00:00,1146.2440185546875,1146.6212158203125,1145.92431640625,1146.6212158203125,0
2025-10-05 01:25:00+00:00,1145.6541748046875,1146.0225830078125,1145.6541748046875,1146.0225830078125,0
2025-10-05 01:30:00+00:00,1146.5472412109375,1146.5472412109375,1145.6533203125,1145.6533203125,0
2025-10-05 01:35:00+00:00,1148.142822265625,1148.142822265625,1146.577392578125,1146.577392578125,0
2025-10-05 01:40:00+00:00,1149.561279296875,1149.561279296875,1149.349609375,1149.349609375,0
2025-10-05 01:45:00+00:00,1149.993408203125,1149.993408203125,1149.5966796875,1149.5966796875,0
2025-10-05 01:50:00+00:00,1150.8568115234375,1151.08984375,1150.0556640625,1150.0556640625,0
2025-10-05 01:55:00+00:00,1149.4078369140625,1150.4658203125,1149.048583984375,1150.4658203125,0
2025-10-05 02:00:00+00:00,1149.520263671875,1149.7015380859375,1149.407958984375,1149.407958984375,0
2025-10-05 02:05:00+00:00,1150.323974609375,1150.323974609375,1149.594970703125,1149.594970703125,0
2025-10-05 02:10:00+00:00,1151.707275390625,1151.707275390625,1151.0758056640625,1151.0758056640625,0
2025-10-05 02:15:00+00:00,1153.9677734375,1153.9677734375,1151.7760009765625,1151.7760009765625,0
2025-10-05 02:20:00+00:00,1155.289306640625,1155.289306640625,1154.2935791015625,1154.2935791015625,0
2025-10-05 02:25:00+00:00,1156.6712646484375,1156.6712646484375,1155.7376708984375,1155.7376708984375,1795072
2025-10-05 02:30:00+00:00,1162.0711669921875,1162.0711669921875,1156.8345947265625,1156.8345947265625,19192064
2025-10-05 02:35:00+00:00,1162.8802490234375,1163.5142822265625,1161.790283203125,1162.1297607421875,18208512
2025-10-05 02:40:00+00:00,1157.087646484375,1161.039306640625,1157.087646484375,1161.039306640625,15833088
2025-10-05 02:45:00+00:00,1159.0938720703125,1159.0938720703125,1157.46240234375,1157.46240234375,4705792
2025-10-05 02:50:00+00:00,1159.05078125,1159.3419189453125,1159.05078125,1159.3419189453125,0
2025-10-05 02:55:00+00:00,1162.260986328125,1162.260986328125,1159.272216796875,1159.272216796875,6871040
2025-10-05 03:00:00+00:00,1162.44140625,1163.07080078125,1162.44140625,1163.07080078125,0
2025-10-05 03:05:00+00:00,1163.48583984375,1163.48583984375,1162.6688232421875,1162.6688232421875,2473216
2025-10-05 03:10:00+00:00,1165.1171875,1165.1171875,1164.98583984375,1165.0765380859375,7525632
2025-10-05 03:15:00+00:00,1164.46728515625,1164.770751953125,1164.302734375,1164.770751953125,10380032
2025-10-05 03:20:00+00:00,1165.5074462890625,1165.5074462890625,1165.115234375,1165.115234375,4268032
2025-10-05 03:25:00+00:00,1166.70703125,1166.9832763671875,1166.2891845703125,1166.2891845703125,4347648
2025-10-05 03:30:00+00:00,1168.16943359375,1168.16943359375,1166.657470703125,1166.6671142578125,4318464
2025-10-05 03:35:00+00:00,1167.527099609375,1168.1573486328125,1167.52392578125,1168.1573486328125,8670208
2025-10-05 03:40:00+00:00,1166.541015625,1166.97509765625,1166.541015625,1166.97509765625,6300160
2025-10-05 03:45:00+00:00,1165.323974609375,1166.488525390625,1165.323974609375,1166.488525390625,1339904
2025-10-05 03:50:00+00:00,1165.3785400390625,1165.3785400390625,1165.272705078125,1165.272705078125,2316032
2025-10-05 03:55:00+00:00,1163.9388427734375,1164.546142578125,1163.9388427734375,1164.480224609375,0
2025-10-05 04:00:00+00:00,1167.1492919921875,1167.1492919921875,1163.9954833984375,1163.9954833984375,1234432
2025-10-05 04:05:00+00:00,1170.462890625,1170.462890625,1167.31298828125,1167.31298828125,13391616
2025-10-05 04:10:00+00:00,1168.2408447265625,1169.4278564453125,1168.2408447265625,1169.32177734375,0
2025-10-05 04:15:00+00:00,1169.027099609375,1169.0460205078125,1168.8543701171875,1168.8543701171875,494336
2025-10-05 04:20:00+00:00,1170.6090087890625,1170.6090087890625,1170.3509521484375,1170.3509521484375,4547328
2025-10-05 04:25:00+00:00,1173.2540283203125,1173.2540283203125,1170.889404296875,1170.889404296875,6297856
2025-10-05 04:30:00+00:00,1173.2847900390625,1173.2847900390625,1172.382080078125,1172.87890625,3648256
2025-10-05 04:35:00+00:00,1176.181884765625,1176.181884765625,1173.8392333984375,1173.8392333984375,9978880
2025-10-05 04:40:00+00:00,1178.9871826171875,1178.9871826171875,1177.6783447265625,1177.6783447265625,17304832
2025-10-05 04:45:00+00:00,1181.3961181640625,1181.3961181640625,1178.540771484375,1178.801513671875,11929856
2025-10-05 04:50:00+00:00,1182.9326171875,1182.9326171875,1181.5084228515625,1181.5084228515625,16757504
2025-10-05 04:55:00+00:00,1184.737548828125,1185.1326904296875,1183.8948974609375,1184.1422119140625,17736448
2025-10-05 05:00:00+00:00,1183.1895751953125,1183.51708984375,1183.1895751953125,1183.22021484375,9521408
2025-10-05 05:05:00+00:00,1186.1146240234375,1186.253173828125,1184.47802734375,1184.47802734375,25679104
2025-10-05 05:10:00+00:00,1182.8284912109375,1184.0826416015625,1182.8284912109375,1184.0826416015625,7886336
2025-10-05 05:15:00+00:00,1181.869384765625,1183.6993408203125,1181.869384765625,1182.8179931640625,1618944
2025-10-05 05:20:00+00:00,1180.3436279296875,1181.8673095703125,1180.3436279296875,1181.8673095703125,2739200
2025-10-05 05:25:00+00:00,1178.9583740234375,1179.04296875,1178.7357177734375,1179.04296875,698880
2025-10-05 05:30:00+00:00,1178.0880126953125,1178.0880126953125,1178.02490234375,1178.02490234375,3923712
2025-10-05 05:35:00+00:00,1180.385986328125,1180.385986328125,1178.5128173828125,1178.5128173828125,1739776
2025-10-05 05:40:00+00:00,1180.389892578125,1181.22119140625,1180.389892578125,1181.22119140625,1898496
2025-10-05 05:45:00+00:00,1178.851806640625,1180.484130859375,1178.851806640625,1180.484130859375,1790208
2025-10-05 05:50:00+00:00,1177.8359375,1178.7198486328125,1177.8359375,1178.7198486328125,0
2025-10-05 05:55:00+00:00,1178.7515869140625,1178.756591796875,1177.7933349609375,1177.7933349609375,4059392
2025-10-05 06:00:00+00:00,1178.59521484375,1178.7989501953125,1178.584228515625,1178.584228515625,0
2025-10-05 06:05:00+00:00,1176.45751953125,1178.197509765625,1176.430419921875,1178.197509765625,0
2025-10-05 06:10:00+00:00,1176.2113037109375,1176.450439453125,1176.2113037109375,1176.3233642578125,0
2025-10-05 06:15:00+00:00,1175.0067138671875,1176.0079345703125,1174.6024169921875,1176.0079345703125,865792
2025-10-05 06:20:00+00:00,1174.2216796875,1174.765625,1174.185791015625,1174.765625,0
2025-10-05 06:25:00+00:00,1173.8663330078125,1173.8663330078125,1173.5753173828125,1173.5753173828125,0
2025-10-05 06:30:00+00:00,1173.7940673828125,1174.02099609375,1173.591064453125,1173.591064453125,0
2025-10-05 06:35:00+00:00,1173.608642578125,1174.426025390625,1173.608642578125,1174.426025390625,0
2025-10-05 06:40:00+00:00,1170.5711669921875,1172.0286865234375,1170.5711669921875,1172.0286865234375,0
2025-10-05 06:45:00+00:00,1170.835693359375,1171.234130859375,1170.835693359375,1171.110107421875,592128
2025-10-05 06:50:00+00:00,1169.634765625,1170.7025146484375,1169.572509765625,1170.7025146484375,4359936
2025-10-05 06:55:00+00:00,1169.440185546875,1169.4573974609375,1168.7672119140625,1168.7672119140625,5444096
2025-10-05 07:00:00+00:00,1168.6717529296875,1169.5347900390625,1168.6717529296875,1169.5347900390625,0
2025-10-05 07:05:00+00:00,1169.0576171875,1169.0576171875,1168.7545166015625,1168.848876953125,22851328
2025-10-05 07:10:00+00:00,1171.6875,1171.6875,1169.9906005859375,1170.0433349609375,11533568
2025-10-05 07:15:00+00:00,1176.39599609375,1176.39599609375,1171.702392578125,1171.702392578125,21647360
2025-10-05 07:20:00+00:00,1175.1397705078125,1176.072021484375,1175.1397705078125,1176.072021484375,3228416
2025-10-05 07:25:00+00:00,1174.8311767578125,1175.131103515625,1174.8311767578125,1174.99072265625,0
2025-10-05 07:30:00+00:00,1173.295654296875,1173.295654296875,1172.8897705078125,1172.930419921875,1555456
2025-10-05 07:35:00+00:00,1173.6859130859375,1173.6859130859375,1173.478759765625,1173.52978515625,4747008
2025-10-05 07:40:00+00:00,1175.485595703125,1175.5008544921875,1174.8662109375,1174.8662109375,70230528
2025-10-05 07:45:00+00:00,1175.06494140625,1175.5447998046875,1175.06494140625,1175.5152587890625,1489664
2025-10-05 07:50:00+00:00,1175.5765380859375,1175.5765380859375,1175.2442626953125,1175.2442626953125,0
2025-10-05 07:55:00+00:00,1178.8616943359375,1178.8616943359375,1177.0911865234375,1177.0911865234375,6035200
2025-10-05 08:00:00+00:00,1178.6231689453125,1178.878173828125,1178.2393798828125,1178.2393798828125,0
2025-10-05 08:05:00+00:00,1177.793212890625,1178.696044921875,1177.793212890625,1178.5692138671875,0
2025-10-05 08:10:00+00:00,1175.6304931640625,1176.919189453125,1175.6304931640625,1176.919189453125,175360
2025-10-05 08:15:00+00:00,1174.942626953125,1175.0721435546875,1174.942626953125,1175.0721435546875,0
2025-10-05 08:20:00+00:00,1175.592529296875,1175.6253662109375,1175.024169921875,1175.024169921875,0
2025-10-05 08:25:00+00:00,1176.2967529296875,1176.2967529296875,1175.4739990234375,1175.4739990234375,170752
2025-10-05 08:30:00+00:00,1175.015869140625,1176.2801513671875,1175.015869140625,1176.2801513671875,0
2025-10-05 08:35:00+00:00,1175.2579345703125,1175.322021484375,1175.0169677734375,1175.0169677734375,0
2025-10-05 08:40:00+00:00,1175.3033447265625,1175.3033447265625,1175.193115234375,1175.193115234375,0
2025-10-05 08:45:00+00:00,1174.6171875,1175.166748046875,1174.6171875,1175.166748046875,0
2025-10-05 08:50:00+00:00,1174.9876708984375,1174.9876708984375,1174.6688232421875,1174.6688232421875,0
2025-10-05 08:55:00+00:00,1173.82958984375,1174.7130126953125,1173.82958984375,1174.7130126953125,0
2025-10-05 09:00:00+00:00,1173.536865234375,1174.260009765625,1173.536865234375,1174.260009765625,0
2025-10-05 09:05:00+00:00,1170.6241455078125,1172.18310546875,1170.6241455078125,1172.18310546875,0
2025-10-05 09:10:00+00:00,1170.8594970703125,1170.8594970703125,1170.4451904296875,1170.4451904296875,0
2025-10-05 09:15:00+00:00,1170.3099365234375,1170.764892578125,1170.1883544921875,1170.764892578125,78848
2025-10-05 09:20:00+00:00,1169.159912109375,1170.2313232421875,1169.159912109375,1170.2313232421875,15616
2025-10-05 09:25:00+00:00,1169.6170654296875,1169.6170654296875,1169.2420654296875,1169.2420654296875,0
2025-10-05 09:30:00+00:00,1164.41455078125,1168.226806640625,1164.41455078125,1168.226806640625,18395648
2025-10-05 09:35:00+00:00,1161.872802734375,1162.0006103515625,1161.5396728515625,1161.5635986328125,18620160
2025-10-05 09:40:00+00:00,1161.809326171875,1161.809326171875,1161.392333984375,1161.392333984375,14590208
2025-10-05 09:45:00+00:00,1161.2340087890625,1161.3067626953125,1160.6177978515625,1161.3067626953125,12551424
2025-10-05 09:50:00+00:00,1163.1705322265625,1163.1705322265625,1161.5870361328125,1161.5870361328125,3800576
2025-10-05 09:55:00+00:00,1162.9840087890625,1162.9906005859375,1162.641357421875,1162.641357421875,0
2025-10-05 10:00:00+00:00,1160.40380859375,1162.66162109375,1160.40380859375,1162.66162109375,0
2025-10-05 10:05:00+00:00,1157.2734375,1158.024658203125,1157.2734375,1158.024658203125,14344704
2025-10-05 10:10:00+00:00,1156.663818359375,1156.663818359375,1155.757080078125,1155.757080078125,7324416
2025-10-05 10:15:00+00:00,1158.80517578125,1158.80517578125,1156.4326171875,1156.4326171875,5140224
2025-10-05 10:20:00+00:00,1160.56591796875,1160.56591796875,1158.7237548828125,1158.7237548828125,6464256
2025-10-05 10:25:00+00:00,1160.9378662109375,1161.194091796875,1160.782470703125,1161.194091796875,5066496
2025-10-05 10:30:00+00:00,1159.6273193359375,1160.959716796875,1159.6273193359375,1160.959716796875,9593856
2025-10-05 10:35:00+00:00,1159.4735107421875,1159.4735107421875,1159.1849365234375,1159.469482421875,417024
2025-10-05 10:40:00+00:00,1161.58935546875,1161.58935546875,1160.478759765625,1160.478759765625,1138944
2025-10-05 10:45:00+00:00,1162.34033203125,1163.1173095703125,1161.84521484375,1161.84521484375,6395904
2025-10-05 10:50:00+00:00,1162.90625,1163.2532958984375,1162.3492431640625,1162.3492431640625,910848
2025-10-05 10:55:00+00:00,1162.886962890625,1162.886962890625,1162.3450927734375,1162.3450927734375,0
2025-10-05 11:00:00+00:00,1163.135498046875,1163.135498046875,1162.9180908203125,1162.9180908203125,0
2025-10-05 11:05:00+00:00,1164.3863525390625,1164.9390869140625,1164.3353271484375,1164.3353271484375,6524672
2025-10-05 11:10:00+00:00,1162.4609375,1163.2261962890625,1162.4609375,1163.1741943359375,0
2025-10-05 11:15:00+00:00,1160.4664306640625,1160.857421875,1160.4664306640625,1160.75830078125,0
2025-10-05 11:20:00+00:00,1159.9437255859375,1160.3807373046875,1159.683349609375,1160.3807373046875,623872
2025-10-05 11:25:00+00:00,1162.226318359375,1162.226318359375,1160.520263671875,1160.520263671875,2296064
2025-10-05 11:30:00+00:00,1162.3551025390625,1162.3551025390625,1162.216064453125,1162.216064453125,2255872
2025-10-05 11:35:00+00:00,1161.260986328125,1162.025390625,1161.1190185546875,1162.025390625,0
2025-10-05 11:40:00+00:00,1162.4842529296875,1162.4842529296875,1161.8052978515625,1161.8265380859375,0
2025-10-05 11:45:00+00:00,1164.340087890625,1164.340087890625,1162.720703125,1162.720703125,0
2025-10-05 11:50:00+00:00,1165.7523193359375,1165.7523193359375,1164.5872802734375,1164.5872802734375,0
2025-10-05 11:55:00+00:00,1167.202880859375,1167.202880859375,1165.95361328125,1165.95361328125,0
2025-10-05 12:00:00+00:00,1165.982421875,1167.6219482421875,1165.982421875,1167.6219482421875,0
2025-10-05 12:05:00+00:00,1165.1436767578125,1165.946533203125,1165.1436767578125,1165.9425048828125,0
2025-10-05 12:10:00+00:00,1163.8509521484375,1164.5023193359375,1163.74267578125,1164.4129638671875,1596672
2025-10-05 12:15:00+00:00,1164.40283203125,1164.40283203125,1163.7452392578125,1163.9005126953125,790528
2025-10-05 12:20:00+00:00,1165.023681640625,1165.3909912109375,1164.6348876953125,1164.6348876953125,0
2025-10-05 12:25:00+00:00,1165.9036865234375,1165.9036865234375,1165.513671875,1165.513671875,63744
2025-10-05 12:30:00+00:00,1165.9488525390625,1166.024658203125,1165.8619384765625,1165.8619384765625,0
2025-10-05 12:35:00+00:00,1168.4898681640625,1169.514892578125,1167.755615234375,1167.755615234375,4121088
2025-10-05 12:40:00+00:00,1167.6796875,1167.8194580078125,1167.4981689453125,1167.6710205078125,324864
2025-10-05 12:45:00+00:00,1169.475341796875,1169.475341796875,1167.6927490234375,1167.6927490234375,1944320
2025-10-05 12:50:00+00:00,1169.737548828125,1169.947021484375,1169.57568359375,1169.57568359375,0
2025-10-05 12:55:00+00:00,1169.3660888671875,1169.4951171875,1169.2171630859375,1169.2828369140625,193536
2025-10-05 13:00:00+00:00,1167.2117919921875,1169.326416015625,1167.2117919921875,1169.326416015625,0
2025-10-05 13:05:00+00:00,1167.0692138671875,1167.2369384765625,1166.877685546875,1167.2369384765625,0
2025-10-05 13:10:00+00:00,1165.932373046875,1167.11865234375,1165.8206787109375,1167.11865234375,0
2025-10-05 13:15:00+00:00,1166.5972900390625,1166.5972900390625,1166.05712890625,1166.05712890625,0
2025-10-05 13:20:00+00:00,1166.5634765625,1166.77490234375,1166.5634765625,1166.77490234375,0
2025-10-05 13:25:00+00:00,1165.607421875,1165.8548583984375,1165.607421875,1165.791259765625,0
2025-10-05 13:30:00+00:00,1163.9970703125,1165.60302734375,1163.9970703125,1165.60302734375,0
2025-10-05 13:35:00+00:00,1164.1318359375,1164.2333984375,1164.033935546875,1164.033935546875,0
2025-10-05 13:40:00+00:00,1164.1484375,1164.7318115234375,1164.1484375,1164.7318115234375,0
2025-10-05 13:45:00+00:00,1163.684814453125,1164.06396484375,1163.2698974609375,1164.06396484375,4456448
2025-10-05 13:50:00+00:00,1164.842041015625,1165.0496826171875,1164.069580078125,1164.069580078125,2720256
2025-10-05 13:55:00+00:00,1163.5489501953125,1163.9593505859375,1163.5489501953125,1163.9593505859375,591872
2025-10-05 14:00:00+00:00,1164.4207763671875,1164.4207763671875,1163.77099609375,1163.77099609375,0
2025-10-05 14:05:00+00:00,1164.77001953125,1164.77001953125,1164.3546142578125,1164.3546142578125,1462528
2025-10-05 14:10:00+00:00,1166.3251953125,1166.3251953125,1164.9437255859375,1164.9437255859375,1151744
2025-10-05 14:15:00+00:00,1165.3646240234375,1166.5399169921875,1165.3646240234375,1166.4085693359375,0
2025-10-05 14:20:00+00:00,1164.835205078125,1165.514404296875,1164.835205078125,1165.514404296875,0
2025-10-05 14:25:00+00:00,1164.7745361328125,1164.7745361328125,1164.519287109375,1164.519287109375,0
2025-10-05 14:30:00+00:00,1164.0032958984375,1164.334228515625,1164.0032958984375,1164.334228515625,1134848
2025-10-05 14:35:00+00:00,1161.504150390625,1164.0169677734375,1161.504150390625,1164.0169677734375,1404928
2025-10-05 14:40:00+00:00,1159.5457763671875,1160.2054443359375,1159.5457763671875,1160.1871337890625,1004288
2025-10-05 14:45:00+00:00,1160.385009765625,1160.385009765625,1159.689453125,1159.689453125,3582720
2025-10-05 14:50:00+00:00,1160.46875,1160.6800537109375,1160.2286376953125,1160.2286376953125,0
2025-10-05 14:55:00+00:00,1161.802001953125,1161.802001953125,1160.3359375,1160.3359375,2293760
2025-10-05 15:00:00+00:00,1161.8619384765625,1161.8797607421875,1161.8231201171875,1161.8231201171875,0
2025-10-05 15:05:00+00:00,1161.630615234375,1162.51611328125,1161.630615234375,1162.51611328125,0
2025-10-05 15:10:00+00:00,1161.219970703125,1161.219970703125,1160.949951171875,1160.949951171875,1686272
2025-10-05 15:15:00+00:00,1161.87646484375,1161.87646484375,1161.3310546875,1161.3310546875,0
2025-10-05 15:20:00+00:00,1163.01513671875,1163.0943603515625,1162.4647216796875,1162.4866943359375,0
2025-10-05 15:25:00+00:00,1161.8748779296875,1162.399658203125,1161.8748779296875,1162.399658203125,0
2025-10-05 15:30:00+00:00,1161.6998291015625,1161.8359375,1161.6248779296875,1161.8359375,0
2025-10-05 15:35:00+00:00,1160.5592041015625,1161.6490478515625,1160.5592041015625,1161.6490478515625,0
2025-10-05 15:40:00+00:00,1158.8482666015625,1159.9100341796875,1158.8482666015625,1159.9100341796875,0
2025-10-05 15:45:00+00:00,1158.894287109375,1158.894287109375,1158.5709228515625,1158.5709228515625,0
2025-10-05 15:50:00+00:00,1158.908447265625,1159.5394287109375,1158.908447265625,1159.5394287109375,0
2025-10-05 15:55:00+00:00,1158.5638427734375,1158.7313232421875,1158.5638427734375,1158.6693115234375,0
2025-10-05 16:00:00+00:00,1158.0518798828125,1158.769775390625,1158.0518798828125,1158.769775390625,0
2025-10-05 16:05:00+00:00,1157.6607666015625,1157.9830322265625,1157.474609375,1157.9830322265625,0
2025-10-05 16:10:00+00:00,1159.91015625,1159.9888916015625,1158.76171875,1158.76171875,870912
2025-10-05 16:15:00+00:00,1159.5543212890625,1159.8333740234375,1159.5543212890625,1159.8333740234375,0
2025-10-05 16:20:00+00:00,1159.35009765625,1159.35009765625,1158.7603759765625,1158.7603759765625,0
2025-10-05 16:25:00+00:00,1160.0093994140625,1160.236328125,1160.0093994140625,1160.236328125,0
2025-10-05 16:30:00+00:00,1160.7125244140625,1160.7125244140625,1159.5194091796875,1159.5194091796875,0
2025-10-05 16:35:00+00:00,1161.7611083984375,1161.7611083984375,1160.8011474609375,1160.8203125,0
2025-10-05 16:40:00+00:00,1162.9921875,1162.9921875,1162.6932373046875,1162.6932373046875,288000
2025-10-05 16:45:00+00:00,1159.3243408203125,1162.9971923828125,1159.3243408203125,1162.9971923828125,0
2025-10-05 16:50:00+00:00,1158.9361572265625,1159.2236328125,1158.0902099609375,1159.2236328125,0
2025-10-05 16:55:00+00:00,1163.6929931640625,1163.6929931640625,1160.8046875,1160.8046875,9788672
2025-10-05 17:00:00+00:00,1167.75439453125,1167.75439453125,1164.0223388671875,1164.0223388671875,4309760
2025-10-05 17:05:00+00:00,1167.5966796875,1167.7554931640625,1167.518798828125,1167.518798828125,1923840
2025-10-05 17:10:00+00:00,1166.6663818359375,1167.1168212890625,1166.474853515625,1167.1168212890625,6928384
2025-10-05 17:15:00+00:00,1166.4844970703125,1166.6748046875,1166.4521484375,1166.6748046875,0
2025-10-05 17:20:00+00:00,1165.0699462890625,1165.9166259765625,1165.0587158203125,1165.9166259765625,0
2025-10-05 17:25:00+00:00,1164.400390625,1165.4005126953125,1164.400390625,1165.4005126953125,0
2025-10-05 17:30:00+00:00,1164.0518798828125,1164.4599609375,1164.0518798828125,1164.4599609375,0
2025-10-05 17:35:00+00:00,1162.3455810546875,1164.011474609375,1162.1639404296875,1163.92919921875,0
2025-10-05 17:40:00+00:00,1162.568115234375,1162.568115234375,1162.41748046875,1162.4461669921875,0
2025-10-05 17:45:00+00:00,1163.89794921875,1163.89794921875,1163.72265625,1163.72265625,0
2025-10-05 17:50:00+00:00,1164.2679443359375,1164.5277099609375,1164.1497802734375,1164.1497802734375,0
2025-10-05 17:55:00+00:00,1163.61767578125,1163.64013671875,1162.9449462890625,1162.9449462890625,1317376
2025-10-05 18:00:00+00:00,1163.8594970703125,1163.9896240234375,1163.7567138671875,1163.7567138671875,0
2025-10-05 18:05:00+00:00,1162.307373046875,1163.3896484375,1162.307373046875,1163.3896484375,2304
2025-10-05 18:10:00+00:00,1158.193603515625,1160.699462890625,1157.90576171875,1160.699462890625,524544
2025-10-05 18:15:00+00:00,1159.6668701171875,1159.6668701171875,1158.5262451171875,1158.5262451171875,4582656
2025-10-05 18:20:00+00:00,1158.9747314453125,1159.677978515625,1158.9747314453125,1159.677978515625,136448
2025-10-05 18:25:00+00:00,1158.54150390625,1158.572998046875,1158.1180419921875,1158.1180419921875,4734976
2025-10-05 18:30:00+00:00,1158.3023681640625,1158.43701171875,1158.103271484375,1158.43701171875,3688704
2025-10-05 18:35:00+00:00,1161.18603515625,1161.18603515625,1158.582275390625,1158.582275390625,6774784
2025-10-05 18:40:00+00:00,1160.6978759765625,1160.989990234375,1160.6978759765625,1160.824462890625,0
2025-10-05 18:45:00+00:00,1160.6412353515625,1160.7049560546875,1160.5877685546875,1160.7049560546875,0
2025-10-05 18:50:00+00:00,1160.7760009765625,1161.2884521484375,1160.6298828125,1160.6298828125,0
2025-10-05 18:55:00+00:00,1159.6864013671875,1160.01171875,1159.6864013671875,1160.01171875,0
2025-10-05 19:00:00+00:00,1158.9873046875,1159.1832275390625,1158.9873046875,1159.1832275390625,0
2025-10-05 19:05:00+00:00,1157.9139404296875,1158.546875,1157.9139404296875,1158.546875,1878272
2025-10-05 19:10:00+00:00,1153.229248046875,1156.0731201171875,1153.229248046875,1156.0731201171875,7140096
2025-10-05 19:15:00+00:00,1153.766357421875,1153.8154296875,1153.54345703125,1153.737548828125,1161216
2025-10-05 19:20:00+00:00,1154.2220458984375,1154.2220458984375,1153.2657470703125,1153.2657470703125,3210240
2025-10-05 19:25:00+00:00,1155.6484375,1155.6484375,1155.259033203125,1155.3367919921875,3548160
2025-10-05 19:30:00+00:00,1154.7509765625,1155.3646240234375,1154.7509765625,1155.3646240234375,0
2025-10-05 19:35:00+00:00,1154.1763916015625,1154.396240234375,1154.14794921875,1154.396240234375,1689088
2025-10-05 19:40:00+00:00,1152.7679443359375,1152.9642333984375,1152.714599609375,1152.714599609375,388096
2025-10-05 19:45:00+00:00,1152.227783203125,1152.227783203125,1152.086181640625,1152.086181640625,61440
2025-10-05 19:50:00+00:00,1150.942626953125,1152.01513671875,1150.6285400390625,1152.01513671875,6643968
2025-10-05 19:55:00+00:00,1149.7479248046875,1150.703125,1149.7479248046875,1150.6329345703125,3434496
2025-10-05 20:00:00+00:00,1149.890869140625,1149.890869140625,1149.633544921875,1149.7200927734375,8667648
2025-10-05 20:05:00+00:00,1149.99267578125,1149.99267578125,1149.5982666015625,1149.9786376953125,5949184
2025-10-05 20:10:00+00:00,1152.7159423828125,1152.7159423828125,1151.3795166015625,1151.3795166015625,7615232
2025-10-05 20:15:00+00:00,1152.3935546875,1153.1763916015625,1152.3935546875,1152.6451416015625,183040
2025-10-05 20:20:00+00:00,1153.4716796875,1153.4925537109375,1152.56005859375,1152.56005859375,2893824
2025-10-05 20:25:00+00:00,1154.0225830078125,1154.0225830078125,1153.468994140625,1153.468994140625,1809920
2025-10-05 20:30:00+00:00,1154.812255859375,1154.812255859375,1153.974365234375,1153.974365234375,2627072
2025-10-05 20:35:00+00:00,1155.780517578125,1155.875732421875,1154.8260498046875,1154.8260498046875,0
2025-10-05 20:40:00+00:00,1156.725830078125,1156.725830078125,1156.5338134765625,1156.5338134765625,2118400
2025-10-05 20:45:00+00:00,1156.375,1156.7132568359375,1156.375,1156.7132568359375,664064
2025-10-05 20:50:00+00:00,1156.46728515625,1156.46728515625,1156.30078125,1156.3631591796875,566272
2025-10-05 20:55:00+00:00,1157.4464111328125,1157.4464111328125,1157.05322265625,1157.05322265625,1556992
2025-10-05 21:00:00+00:00,1156.591796875,1157.3643798828125,1156.591796875,1157.3643798828125,0
2025-10-05 21:05:00+00:00,1156.03515625,1156.5782470703125,1156.03515625,1156.5782470703125,1451264
2025-10-05 21:10:00+00:00,1156.7510986328125,1156.76904296875,1155.681640625,1155.681640625,1745920
2025-10-05 21:15:00+00:00,1156.7508544921875,1157.281494140625,1156.7508544921875,1157.0208740234375,0
2025-10-05 21:20:00+00:00,1157.87060546875,1157.87060546875,1156.990234375,1156.990234375,214016
2025-10-05 21:25:00+00:00,1158.701904296875,1158.8023681640625,1158.701904296875,1158.794921875,0
2025-10-05 21:30:00+00:00,1158.4468994140625,1158.93359375,1158.4468994140625,1158.7791748046875,0
2025-10-05 21:35:00+00:00,1158.12548828125,1158.504638671875,1158.12548828125,1158.504638671875,0
2025-10-05 21:40:00+00:00,1158.9454345703125,1158.9454345703125,1158.0107421875,1158.0107421875,0
2025-10-05 21:45:00+00:00,1159.9451904296875,1159.9451904296875,1159.1160888671875,1159.1160888671875,199680
2025-10-05 21:50:00+00:00,1159.9766845703125,1160.06787109375,1159.9766845703125,1159.9786376953125,0
2025-10-05 21:55:00+00:00,1160.1448974609375,1160.1448974609375,1160.0400390625,1160.0400390625,0
2025-10-05 22:00:00+00:00,1161.37841796875,1161.37841796875,1161.0145263671875,1161.0145263671875,0
2025-10-05 22:05:00+00:00,1162.8714599609375,1163.4144287109375,1162.6427001953125,1162.6724853515625,0
2025-10-05 22:10:00+00:00,1161.5455322265625,1162.806396484375,1161.5455322265625,1162.806396484375,313856
2025-10-05 22:15:00+00:00,1161.6427001953125,1161.6427001953125,1160.9410400390625,1161.5325927734375,1289984
2025-10-05 22:20:00+00:00,1162.2303466796875,1162.2303466796875,1161.7398681640625,1161.7398681640625,1418752
2025-10-05 22:25:00+00:00,1162.6778564453125,1163.1256103515625,1162.6778564453125,1163.1256103515625,1620480
2025-10-05 22:30:00+00:00,1161.569580078125,1162.6353759765625,1161.569580078125,1162.6353759765625,7166720
2025-10-05 22:35:00+00:00,1161.030029296875,1161.6134033203125,1161.0037841796875,1161.6134033203125,0
2025-10-05 22:40:00+00:00,1160.942138671875,1160.95947265625,1160.9083251953125,1160.9083251953125,1173504
2025-10-05 22:45:00+00:00,1161.6102294921875,1161.719970703125,1161.1112060546875,1161.1112060546875,1483776
2025-10-05 22:50:00+00:00,1161.3436279296875,1161.500732421875,1161.2216796875,1161.500732421875,0
2025-10-05 22:55:00+00:00,1161.5601806640625,1161.58642578125,1161.4154052734375,1161.5758056640625,0
2025-10-05 23:00:00+00:00,1161.440185546875,1161.8922119140625,1161.440185546875,1161.63427734375,0
2025-10-05 23:05:00+00:00,1161.8621826171875,1161.8621826171875,1161.5665283203125,1161.5665283203125,462080
2025-10-05 23:10:00+00:00,1161.23388671875,1162.0169677734375,1161.23388671875,1162.0169677734375,1369088
2025-10-05 23:15:00+00:00,1160.981201171875,1161.2808837890625,1160.981201171875,1161.2808837890625,0
2025-10-05 23:20:00+00:00,1160.7625732421875,1161.0023193359375,1160.7469482421875,1161.0023193359375,0
2025-10-05 23:25:00+00:00,1160.85546875,1160.85546875,1160.56005859375,1160.56005859375,0
2025-10-05 23:30:00+00:00,1162.5,1162.5,1161.8057861328125,1161.8057861328125,0
2025-10-05 23:35:00+00:00,1162.1197509765625,1162.4002685546875,1162.1048583984375,1162.4002685546875,432896
2025-10-05 23:40:00+00:00,1162.9097900390625,1162.9097900390625,1162.4315185546875,1162.4315185546875,0
2025-10-05 23:45:00+00:00,1164.7589111328125,1164.7589111328125,1162.8837890625,1162.8837890625,0
2025-10-05 23:50:00+00:00,1165.00439453125,1165.044921875,1164.799072265625,1164.799072265625,2110464
2025-10-05 23:55:00+00:00,1165.4993896484375,1165.4993896484375,1164.2303466796875,1164.2303466796875,4176896
2025-10-06 00:00:00+00:00,1165.486328125,1167.05029296875,1165.486328125,1167.05029296875,0
2025-10-06 00:05:00+00:00,1164.833251953125,1165.615966796875,1164.831787109375,1165.615966796875,2699008
2025-10-06 00:10:00+00:00,1164.5589599609375,1164.5589599609375,1164.018310546875,1164.294921875,4103168
2025-10-06 00:15:00+00:00,1169.2081298828125,1169.2081298828125,1164.4765625,1164.4765625,16050432
2025-10-06 00:20:00+00:00,1171.2939453125,1171.90869140625,1170.0789794921875,1170.0789794921875,21670656
2025-10-06 00:25:00+00:00,1167.825927734375,1169.3604736328125,1167.825927734375,1169.3604736328125,11499264
2025-10-06 00:30:00+00:00,1168.815185546875,1169.173095703125,1167.984375,1167.984375,11274496
2025-10-06 00:35:00+00:00,1165.8388671875,1168.7606201171875,1165.8388671875,1168.7606201171875,3661056
2025-10-06 00:40:00+00:00,1166.3507080078125,1166.3507080078125,1165.076416015625,1165.076416015625,3181312
2025-10-06 00:45:00+00:00,1169.3814697265625,1169.3814697265625,1166.1490478515625,1166.1490478515625,8482304
2025-10-06 00:50:00+00:00,1168.559814453125,1169.648193359375,1168.306396484375,1169.648193359375,3553536
2025-10-06 00:55:00+00:00,1168.053466796875,1168.3509521484375,1167.3563232421875,1167.3563232421875,0
2025-10-06 01:00:00+00:00,1167.6051025390625,1168.1455078125,1167.6051025390625,1168.1455078125,0
2025-10-06 01:05:00+00:00,1169.610595703125,1169.745849609375,1167.903564453125,1167.903564453125,6553856
2025-10-06 01:10:00+00:00,1170.0419921875,1170.287109375,1170.0419921875,1170.287109375,5690624
2025-10-06 01:15:00+00:00,1171.6759033203125,1171.6759033203125,1170.0606689453125,1170.0606689453125,3591936
2025-10-06 01:20:00+00:00,1175.2236328125,1175.2236328125,1172.085693359375,1172.085693359375,13292800
2025-10-06 01:25:00+00:00,1180.1116943359375,1180.1116943359375,1176.97802734375,1176.97802734375,30793728
2025-10-06 01:30:00+00:00,1180.169921875,1181.8717041015625,1180.169921875,1180.2445068359375,20774144
2025-10-06 01:35:00+00:00,1178.7801513671875,1180.11328125,1178.6710205078125,1180.11328125,6537728
2025-10-06 01:40:00+00:00,1178.158203125,1178.158203125,1178.047607421875,1178.047607421875,8429824
2025-10-06 01:45:00+00:00,1179.8203125,1179.8203125,1177.3214111328125,1178.0350341796875,14685184
2025-10-06 01:50:00+00:00,1179.8031005859375,1180.4617919921875,1179.8031005859375,1180.4617919921875,4094720
2025-10-06 01:55:00+00:00,1179.1163330078125,1179.120849609375,1178.833251953125,1178.833251953125,0
2025-10-06 02:00:00+00:00,1178.139404296875,1179.2496337890625,1178.139404296875,1179.2496337890625,0
2025-10-06 02:05:00+00:00,1176.576904296875,1178.03515625,1176.576904296875,1178.03515625,3234304
2025-10-06 02:10:00+00:00,1175.2794189453125,1176.1307373046875,1175.2396240234375,1176.1307373046875,12030720
2025-10-06 02:15:00+00:00,1174.278564453125,1175.16845703125,1174.0308837890625,1175.16845703125,2656768
2025-10-06 02:20:00+00:00,1174.1160888671875,1174.1597900390625,1173.7340087890625,1174.1597900390625,0
2025-10-06 02:25:00+00:00,1174.571044921875,1175.536865234375,1174.5426025390625,1175.536865234375,274944
2025-10-06 02:30:00+00:00,1173.263427734375,1174.3837890625,1173.263427734375,1174.3837890625,0
2025-10-06 02:35:00+00:00,1173.661865234375,1173.6688232421875,1173.282470703125,1173.282470703125,0
2025-10-06 02:40:00+00:00,1175.5732421875,1175.5732421875,1173.9017333984375,1173.9017333984375,0
2025-10-06 02:45:00+00:00,1179.28466796875,1179.28466796875,1177.1900634765625,1177.1900634765625,0
2025-10-06 02:50:00+00:00,1180.1634521484375,1180.3885498046875,1179.3612060546875,1179.3612060546875,2136576
2025-10-06 02:55:00+00:00,1180.88720703125,1180.88720703125,1180.64404296875,1180.795166015625,0
2025-10-06 03:00:00+00:00,1180.032958984375,1180.8408203125,1180.032958984375,1180.773681640625,0
2025-10-06 03:05:00+00:00,1180.251708984375,1180.251708984375,1179.857421875,1179.857421875,0
2025-10-06 03:10:00+00:00,1181.06982421875,1181.2020263671875,1181.06982421875,1181.2020263671875,0
2025-10-06 03:15:00+00:00,1179.8995361328125,1181.2176513671875,1179.8995361328125,1181.1700439453125,0
2025-10-06 03:20:00+00:00,1179.5455322265625,1179.9232177734375,1179.5455322265625,1179.9232177734375,0
2025-10-06 03:25:00+00:00,1178.7513427734375,1178.9556884765625,1178.6806640625,1178.6806640625,0
2025-10-06 03:30:00+00:00,1178.4815673828125,1178.624755859375,1177.9910888671875,1178.624755859375,0
2025-10-06 03:35:00+00:00,1178.6297607421875,1178.6297607421875,1178.221435546875,1178.54052734375,0
2025-10-06 03:40:00+00:00,1179.580810546875,1179.6572265625,1179.5294189453125,1179.6572265625,0
2025-10-06 03:45:00+00:00,1178.83740234375,1179.63818359375,1178.83740234375,1179.63818359375,0
2025-10-06 03:50:00+00:00,1179.1402587890625,1179.1402587890625,1178.868896484375,1178.868896484375,0
2025-10-06 03:55:00+00:00,1180.9312744140625,1180.9312744140625,1180.26171875,1180.3583984375,1338368
2025-10-06 04:00:00+00:00,1181.96337890625,1182.144287109375,1180.971435546875,1180.971435546875,0
2025-10-06 04:05:00+00:00,1181.8353271484375,1182.5615234375,1181.8353271484375,1182.3221435546875,0
2025-10-06 04:10:00+00:00,1181.00830078125,1181.0267333984375,1180.93896484375,1181.0267333984375,0
2025-10-06 04:15:00+00:00,1181.5723876953125,1181.5723876953125,1180.8359375,1180.8359375,0
2025-10-06 04:20:00+00:00,1180.9482421875,1181.376953125,1180.8172607421875,1181.3292236328125,262912
2025-10-06 04:25:00+00:00,1181.3204345703125,1181.3204345703125,1181.0938720703125,1181.1185302734375,0
2025-10-06 04:30:00+00:00,1182.4461669921875,1183.196044921875,1181.2265625,1181.2265625,0
2025-10-06 04:35:00+00:00,1181.4007568359375,1182.5347900390625,1181.4007568359375,1182.5347900390625,0
2025-10-06 04:40:00+00:00,1181.8841552734375,1181.8841552734375,1181.3319091796875,1181.3319091796875,0
2025-10-06 04:45:00+00:00,1180.4722900390625,1181.9122314453125,1180.4722900390625,1181.9122314453125,0
2025-10-06 04:50:00+00:00,1182.32568359375,1182.4400634765625,1180.7225341796875,1180.7225341796875,0
2025-10-06 04:55:00+00:00,1183.351806640625,1183.725830078125,1183.2672119140625,1183.725830078125,0
2025-10-06 05:00:00+00:00,1183.1312255859375,1183.3934326171875,1183.1312255859375,1183.3934326171875,0
2025-10-06 05:05:00+00:00,1182.342041015625,1183.129150390625,1182.342041015625,1183.1259765625,0
2025-10-06 05:10:00+00:00,1181.233642578125,1181.720947265625,1181.233642578125,1181.570556640625,0
2025-10-06 05:15:00+00:00,1181.1551513671875,1181.1551513671875,1180.156005859375,1181.0849609375,0
2025-10-06 05:20:00+00:00,1182.246826171875,1182.246826171875,1181.2232666015625,1181.2232666015625,0
2025-10-06 05:25:00+00:00,1188.8162841796875,1188.8162841796875,1183.1649169921875,1183.1649169921875,34944000
2025-10-06 05:30:00+00:00,1191.83740234375,1194.0238037109375,1191.83740234375,1194.0238037109375,28640000
2025-10-06 05:35:00+00:00,1190.0809326171875,1192.0919189453125,1190.0809326171875,1192.0919189453125,6798592
2025-10-06 05:40:00+00:00,1189.06982421875,1189.5318603515625,1189.06982421875,1189.5318603515625,5962752
2025-10-06 05:45:00+00:00,1190.79931640625,1190.79931640625,1189.6488037109375,1189.6488037109375,0
2025-10-06 05:50:00+00:00,1191.7694091796875,1191.8304443359375,1190.8895263671875,1190.8895263671875,4045568
2025-10-06 05:55:00+00:00,1191.5205078125,1192.0560302734375,1191.5205078125,1192.0560302734375,2984192
2025-10-06 06:00:00+00:00,1191.2542724609375,1191.2542724609375,1190.5609130859375,1191.2366943359375,0
2025-10-06 06:05:00+00:00,1191.6287841796875,1191.7764892578125,1191.2127685546875,1191.2315673828125,2824960
2025-10-06 06:10:00+00:00,1196.8817138671875,1196.8817138671875,1192.9464111328125,1192.9464111328125,46348032
2025-10-06 06:15:00+00:00,1201.5076904296875,1202.04248046875,1197.7655029296875,1197.7655029296875,59813888
2025-10-06 06:20:00+00:00,1204.89453125,1204.89453125,1202.10888671875,1202.10888671875,61186560
2025-10-06 06:25:00+00:00,1210.7225341796875,1210.7225341796875,1206.0968017578125,1206.0968017578125,57805824
2025-10-06 06:30:00+00:00,1215.1934814453125,1215.1934814453125,1211.111572265625,1211.111572265625,51066112
2025-10-06 06:35:00+00:00,1216.67333984375,1216.694091796875,1214.2281494140625,1214.2281494140625,43383552
2025-10-06 06:40:00+00:00,1219.5521240234375,1220.2783203125,1219.2652587890625,1220.2783203125,67725568
2025-10-06 06:45:00+00:00,1216.539306640625,1219.17041015625,1216.539306640625,1219.1656494140625,29608192
2025-10-06 06:50:00+00:00,1215.3160400390625,1216.9658203125,1215.3160400390625,1216.9658203125,8876800
2025-10-06 06:55:00+00:00,1209.5504150390625,1210.4140625,1209.271728515625,1210.4140625,20610560
2025-10-06 07:00:00+00:00,1210.4503173828125,1210.4503173828125,1209.4505615234375,1209.4505615234375,34541312
2025-10-06 07:05:00+00:00,1205.5587158203125,1210.2423095703125,1204.848388671875,1210.2423095703125,12815616
2025-10-06 07:10:00+00:00,1207.8709716796875,1207.8709716796875,1206.467041015625,1206.467041015625,10848256
2025-10-06 07:15:00+00:00,1209.0645751953125,1209.0645751953125,1208.7215576171875,1208.7215576171875,0
2025-10-06 07:20:00+00:00,1209.8587646484375,1209.8587646484375,1208.9429931640625,1208.9429931640625,569600
2025-10-06 07:25:00+00:00,1212.3338623046875,1212.3338623046875,1211.370849609375,1211.41015625,10846208
2025-10-06 07:30:00+00:00,1214.051513671875,1214.051513671875,1212.384765625,1212.384765625,0
2025-10-06 07:35:00+00:00,1211.8638916015625,1213.869873046875,1211.8638916015625,1213.869873046875,8733696
2025-10-06 07:40:00+00:00,1204.0091552734375,1209.3658447265625,1203.74609375,1209.3658447265625,27826688
2025-10-06 07:45:00+00:00,1203.7891845703125,1203.910888671875,1203.1636962890625,1203.910888671875,14567680
2025-10-06 07:50:00+00:00,1204.1153564453125,1204.1153564453125,1203.79443359375,1203.953125,12522240
2025-10-06 07:55:00+00:00,1200.777587890625,1201.5665283203125,1200.777587890625,1201.1478271484375,6793984
2025-10-06 08:00:00+00:00,1201.9749755859375,1201.9749755859375,1200.658203125,1200.7965087890625,7643648
2025-10-06 08:05:00+00:00,1201.8739013671875,1202.01171875,1201.5628662109375,1201.5628662109375,5376
2025-10-06 08:10:00+00:00,1203.462158203125,1203.462158203125,1201.8314208984375,1201.8314208984375,11186688
2025-10-06 08:15:00+00:00,1205.23046875,1205.23046875,1203.3714599609375,1203.3714599609375,15330816
2025-10-06 08:20:00+00:00,1206.320068359375,1206.3743896484375,1204.989501953125,1204.989501953125,6633728
2025-10-06 08:25:00+00:00,1206.8404541015625,1206.868408203125,1205.94580078125,1205.94580078125,6421504
2025-10-06 08:30:00+00:00,1208.8477783203125,1208.8477783203125,1206.9395751953125,1206.9395751953125,17356288
2025-10-06 08:35:00+00:00,1209.32421875,1209.3912353515625,1208.8927001953125,1208.9207763671875,7409920
2025-10-06 08:40:00+00:00,1210.1221923828125,1210.234130859375,1209.7730712890625,1210.234130859375,12350464
2025-10-06 08:45:00+00:00,1210.16357421875,1210.16357421875,1209.56103515625,1209.6915283203125,12287232
2025-10-06 08:50:00+00:00,1210.7371826171875,1210.7371826171875,1210.22509765625,1210.22509765625,6649856
2025-10-06 08:55:00+00:00,1210.6690673828125,1211.3626708984375,1210.6690673828125,1211.2069091796875,4974080
2025-10-06 09:00:00+00:00,1210.2425537109375,1210.3616943359375,1208.912353515625,1210.3616943359375,9937408
2025-10-06 09:05:00+00:00,1211.3306884765625,1211.412841796875,1210.243896484375,1210.243896484375,3335168
2025-10-06 09:10:00+00:00,1213.126953125,1213.126953125,1210.7021484375,1210.7021484375,8800256
2025-10-06 09:15:00+00:00,1216.307861328125,1216.307861328125,1212.968505859375,1212.968505859375,10299392
2025-10-06 09:20:00+00:00,1215.07421875,1216.2952880859375,1214.882080078125,1216.2952880859375,6327296
2025-10-06 09:25:00+00:00,1213.8460693359375,1214.1602783203125,1213.8460693359375,1214.1602783203125,7751168
2025-10-06 09:30:00+00:00,1214.47119140625,1214.47119140625,1213.549072265625,1213.6768798828125,0
2025-10-06 09:35:00+00:00,1215.0504150390625,1215.1905517578125,1214.4620361328125,1214.4620361328125,0
2025-10-06 09:40:00+00:00,1214.2718505859375,1214.6929931640625,1214.2718505859375,1214.6038818359375,0
2025-10-06 09:45:00+00:00,1214.1376953125,1214.1376953125,1212.3682861328125,1213.871826171875,0
2025-10-06 09:50:00+00:00,1214.211669921875,1214.211669921875,1214.14453125,1214.1768798828125,0
2025-10-06 09:55:00+00:00,1217.80419921875,1217.86181640625,1214.4315185546875,1214.4315185546875,20270592
2025-10-06 10:00:00+00:00,1218.3702392578125,1218.6685791015625,1218.3702392578125,1218.4488525390625,0
2025-10-06 10:05:00+00:00,1216.783935546875,1218.302978515625,1216.783935546875,1218.302978515625,0
2025-10-06 10:10:00+00:00,1216.234130859375,1216.234130859375,1215.20703125,1215.25146484375,1078272
2025-10-06 10:15:00+00:00,1215.97705078125,1216.656982421875,1215.97705078125,1216.1568603515625,3886592
2025-10-06 10:20:00+00:00,1216.9454345703125,1217.0308837890625,1216.0440673828125,1216.0440673828125,4311040
2025-10-06 10:25:00+00:00,1217.3270263671875,1217.3270263671875,1216.541259765625,1216.541259765625,0
2025-10-06 10:30:00+00:00,1219.5037841796875,1219.5037841796875,1217.4027099609375,1217.4027099609375,11480576
2025-10-06 10:35:00+00:00,1218.9674072265625,1219.4886474609375,1218.9674072265625,1219.4202880859375,3394560
2025-10-06 10:40:00+00:00,1217.625,1218.6044921875,1217.625,1218.6044921875,0
2025-10-06 10:45:00+00:00,1216.9400634765625,1217.607666015625,1216.9400634765625,1217.607666015625,0
2025-10-06 10:50:00+00:00,1216.3038330078125,1216.8397216796875,1216.3038330078125,1216.8397216796875,2391552
2025-10-06 10:55:00+00:00,1215.0528564453125,1215.3812255859375,1215.0528564453125,1215.3812255859375,5291520
2025-10-06 11:00:00+00:00,1214.58642578125,1215.336669921875,1214.58642578125,1215.2210693359375,0
2025-10-06 11:05:00+00:00,1215.80419921875,1215.828125,1215.2293701171875,1215.2293701171875,5542400
2025-10-06 11:10:00+00:00,1218.577392578125,1219.064697265625,1218.577392578125,1218.870361328125,9220608
2025-10-06 11:15:00+00:00,1219.0904541015625,1219.0904541015625,1218.0252685546875,1218.4853515625,1638400
2025-10-06 11:20:00+00:00,1219.303466796875,1219.333251953125,1218.9571533203125,1219.0599365234375,1933824
2025-10-06 11:25:00+00:00,1218.5975341796875,1218.9833984375,1218.5975341796875,1218.9080810546875,595968
2025-10-06 11:30:00+00:00,1218.75634765625,1219.7110595703125,1218.75634765625,1219.7110595703125,0
2025-10-06 11:35:00+00:00,1218.033935546875,1218.32861328125,1217.4954833984375,1217.4954833984375,11386368
2025-10-06 11:40:00+00:00,1219.36083984375,1219.36083984375,1217.468017578125,1217.468017578125,14528512
2025-10-06 11:45:00+00:00,1219.9676513671875,1220.05126953125,1219.3050537109375,1219.3050537109375,6536192
2025-10-06 11:50:00+00:00,1218.7364501953125,1219.5767822265625,1218.6915283203125,1219.5767822265625,176128
2025-10-06 11:55:00+00:00,1220.92333984375,1220.962646484375,1219.3436279296875,1219.3436279296875,7312384
2025-10-06 12:00:00+00:00,1222.4925537109375,1222.4925537109375,1220.9033203125,1220.9033203125,0
2025-10-06 12:05:00+00:00,1230.3568115234375,1230.5064697265625,1223.05615234375,1223.05615234375,65375744
2025-10-06 12:10:00+00:00,1231.2984619140625,1231.2984619140625,1230.3900146484375,1230.3900146484375,29919744
2025-10-06 12:15:00+00:00,1236.041259765625,1236.041259765625,1231.6165771484375,1231.6165771484375,48302592
2025-10-06 12:20:00+00:00,1236.222412109375,1236.66552734375,1236.222412109375,1236.5181884765625,19884544
2025-10-06 12:25:00+00:00,1236.024169921875,1236.024169921875,1235.82568359375,1235.82568359375,21940224
2025-10-06 12:30:00+00:00,1235.8143310546875,1235.8143310546875,1235.1331787109375,1235.7977294921875,42709504
2025-10-06 12:35:00+00:00,1237.4774169921875,1237.7283935546875,1235.912109375,1235.912109375,12293632
2025-10-06 12:40:00+00:00,1234.6893310546875,1236.1217041015625,1234.6893310546875,1236.1217041015625,21916160
2025-10-06 12:45:00+00:00,1236.66162109375,1236.66162109375,1234.4393310546875,1234.78857421875,9913856
2025-10-06 12:50:00+00:00,1236.4183349609375,1236.7786865234375,1236.4183349609375,1236.7037353515625,5434368
2025-10-06 12:55:00+00:00,1235.713134765625,1236.5133056640625,1235.713134765625,1236.5133056640625,8288256
2025-10-06 13:00:00+00:00,1236.3170166015625,1236.612548828125,1235.6834716796875,1235.6834716796875,4456448
2025-10-06 13:05:00+00:00,1235.8162841796875,1236.234130859375,1235.8162841796875,1236.0450439453125,3173376
2025-10-06 13:10:00+00:00,1233.4451904296875,1234.459716796875,1233.4451904296875,1234.31005859375,13230080
2025-10-06 13:15:00+00:00,1228.751220703125,1233.41162109375,1228.751220703125,1233.41162109375,18447360
2025-10-06 13:20:00+00:00,1228.9222412109375,1228.931640625,1228.672119140625,1228.672119140625,7348736
2025-10-06 13:25:00+00:00,1230.205078125,1230.205078125,1228.476318359375,1228.476318359375,14566912
2025-10-06 13:30:00+00:00,1227.6346435546875,1230.289794921875,1227.6346435546875,1230.2515869140625,18059264
2025-10-06 13:35:00+00:00,1228.8944091796875,1228.8944091796875,1228.040283203125,1228.0509033203125,13546496
2025-10-06 13:40:00+00:00,1228.23876953125,1229.570068359375,1228.23876953125,1229.570068359375,23843840
2025-10-06 13:45:00+00:00,1227.954833984375,1228.1328125,1227.2886962890625,1228.1328125,9142272
2025-10-06 13:50:00+00:00,1228.9461669921875,1228.9461669921875,1228.1414794921875,1228.1414794921875,11829248
2025-10-06 13:55:00+00:00,1226.780029296875,1229.28076171875,1226.750732421875,1229.28076171875,23304192
2025-10-06 14:00:00+00:00,1226.26123046875,1226.361328125,1226.0733642578125,1226.3096923828125,12990464
2025-10-06 14:05:00+00:00,1224.3455810546875,1225.80419921875,1223.9920654296875,1225.80419921875,15864320
2025-10-06 14:10:00+00:00,1224.9739990234375,1225.7822265625,1224.9739990234375,1225.627197265625,13026304
2025-10-06 14:15:00+00:00,1224.1768798828125,1225.03759765625,1224.1768798828125,1225.03759765625,10214400
2025-10-06 14:20:00+00:00,1221.4931640625,1224.019775390625,1221.4931640625,1224.019775390625,21574656
2025-10-06 14:25:00+00:00,1214.883544921875,1219.07470703125,1214.5791015625,1219.07470703125,38194688
2025-10-06 14:30:00+00:00,1218.8699951171875,1218.8699951171875,1215.034423828125,1215.034423828125,33595392
2025-10-06 14:35:00+00:00,1216.3946533203125,1218.750732421875,1216.3946533203125,1218.750732421875,13538304
2025-10-06 14:40:00+00:00,1211.836669921875,1214.0601806640625,1211.5546875,1214.0601806640625,24543232
2025-10-06 14:45:00+00:00,1212.3546142578125,1213.1422119140625,1212.3546142578125,1213.1422119140625,9894912
2025-10-06 14:50:00+00:00,1212.9197998046875,1212.9197998046875,1212.2142333984375,1212.5146484375,5616640
2025-10-06 14:55:00+00:00,1213.82666015625,1213.82666015625,1213.1334228515625,1213.5286865234375,8581120
2025-10-06 15:00:00+00:00,1219.0712890625,1219.0712890625,1214.03076171875,1214.03076171875,29246976
2025-10-06 15:05:00+00:00,1219.3427734375,1219.68310546875,1218.9539794921875,1218.9539794921875,4904448
2025-10-06 15:10:00+00:00,1218.030517578125,1219.2568359375,1218.030517578125,1219.2523193359375,1760768
2025-10-06 15:15:00+00:00,1217.4603271484375,1217.8511962890625,1216.87744140625,1217.8511962890625,9026048
2025-10-06 15:20:00+00:00,1218.2235107421875,1218.35595703125,1217.3262939453125,1217.3262939453125,12661248
2025-10-06 15:25:00+00:00,1218.927001953125,1218.927001953125,1218.1181640625,1218.1181640625,11291136
2025-10-06 15:30:00+00:00,1217.90380859375,1219.12255859375,1217.90380859375,1219.12255859375,14633984
2025-10-06 15:35:00+00:00,1217.9417724609375,1218.1600341796875,1217.849365234375,1217.849365234375,8804864
2025-10-06 15:40:00+00:00,1217.9044189453125,1217.9044189453125,1217.810791015625,1217.810791015625,6321664
2025-10-06 15:45:00+00:00,1220.814453125,1220.814453125,1217.917236328125,1217.917236328125,14290432
2025-10-06 15:50:00+00:00,1222.54443359375,1222.8077392578125,1221.140869140625,1221.140869140625,11677696
2025-10-06 15:55:00+00:00,1221.9759521484375,1222.894287109375,1221.9759521484375,1222.894287109375,10238464
2025-10-06 16:00:00+00:00,1221.0291748046875,1222.1844482421875,1221.0291748046875,1222.1251220703125,1330176
2025-10-06 16:05:00+00:00,1218.0142822265625,1220.7265625,1218.0142822265625,1220.7265625,5268480
2025-10-06 16:10:00+00:00,1216.1463623046875,1216.401611328125,1215.9029541015625,1216.363525390625,8045056
2025-10-06 16:15:00+00:00,1218.4722900390625,1218.4722900390625,1216.301513671875,1216.301513671875,12083200
2025-10-06 16:20:00+00:00,1220.035400390625,1220.2918701171875,1218.7724609375,1218.7724609375,9112064
2025-10-06 16:25:00+00:00,1220.7579345703125,1220.812255859375,1219.819091796875,1219.9349365234375,9228800
2025-10-06 16:30:00+00:00,1223.73291015625,1223.73291015625,1220.687744140625,1220.687744140625,9673216
2025-10-06 16:35:00+00:00,1224.729736328125,1224.729736328125,1223.8118896484375,1223.8118896484375,11998208
2025-10-06 16:40:00+00:00,1224.15380859375,1225.516845703125,1224.15380859375,1225.516845703125,2855936
2025-10-06 16:45:00+00:00,1223.634765625,1223.942626953125,1223.4578857421875,1223.942626953125,0
2025-10-06 16:50:00+00:00,1224.8270263671875,1224.8270263671875,1223.7701416015625,1223.7701416015625,0
2025-10-06 16:55:00+00:00,1223.026123046875,1223.896240234375,1223.026123046875,1223.8951416015625,0
2025-10-06 17:00:00+00:00,1221.8155517578125,1223.0416259765625,1221.720703125,1223.0416259765625,0
2025-10-06 17:05:00+00:00,1218.9317626953125,1220.2620849609375,1218.741455078125,1220.2620849609375,0
2025-10-06 17:10:00+00:00,1219.2305908203125,1219.3931884765625,1219.2015380859375,1219.327880859375,1976832
2025-10-06 17:15:00+00:00,1220.0679931640625,1220.406494140625,1219.295654296875,1219.295654296875,3614208
2025-10-06 17:20:00+00:00,1221.282958984375,1221.368408203125,1219.69091796875,1219.69091796875,10993664
2025-10-06 17:25:00+00:00,1219.4603271484375,1222.16650390625,1219.4603271484375,1222.16650390625,7767040
2025-10-06 17:30:00+00:00,1217.4949951171875,1219.109130859375,1217.4949951171875,1219.109130859375,33067520
2025-10-06 17:35:00+00:00,1218.5516357421875,1218.5516357421875,1217.6639404296875,1217.6639404296875,8675328
2025-10-06 17:40:00+00:00,1220.7777099609375,1220.7777099609375,1219.51904296875,1219.51904296875,23962112
2025-10-06 17:45:00+00:00,1219.959228515625,1220.66748046875,1219.959228515625,1220.66748046875,20182528
2025-10-06 17:50:00+00:00,1220.67578125,1220.67578125,1220.319091796875,1220.319091796875,5623296
2025-10-06 17:55:00+00:00,1220.6304931640625,1220.9022216796875,1220.6304931640625,1220.9022216796875,6592512
2025-10-06 18:00:00+00:00,1221.32470703125,1221.32470703125,1220.8206787109375,1220.8206787109375,1426432
2025-10-06 18:05:00+00:00,1220.86376953125,1221.284912109375,1220.6824951171875,1221.1910400390625,10815488
2025-10-06 18:10:00+00:00,1219.325439453125,1220.636962890625,1219.325439453125,1220.636962890625,0
2025-10-06 18:15:00+00:00,1219.8131103515625,1219.8131103515625,1219.3441162109375,1219.3441162109375,0
2025-10-06 18:20:00+00:00,1219.754638671875,1219.800537109375,1219.732666015625,1219.732666015625,0
2025-10-06 18:25:00+00:00,1218.8629150390625,1219.9417724609375,1218.813720703125,1219.9417724609375,2616832
2025-10-06 18:30:00+00:00,1218.392578125,1218.785888671875,1217.932373046875,1218.785888671875,4817920
2025-10-06 18:35:00+00:00,1219.182861328125,1219.182861328125,1218.4287109375,1218.4287109375,0
2025-10-06 18:40:00+00:00,1219.1744384765625,1220.02490234375,1219.0450439453125,1220.02490234375,4972032
2025-10-06 18:45:00+00:00,1220.617431640625,1220.617431640625,1220.3663330078125,1220.3663330078125,5189120
2025-10-06 18:50:00+00:00,1220.1895751953125,1220.6011962890625,1220.1895751953125,1220.6011962890625,2266112
2025-10-06 18:55:00+00:00,1220.0230712890625,1220.0230712890625,1219.7943115234375,1219.7943115234375,4339200
2025-10-06 19:00:00+00:00,1220.4810791015625,1220.4810791015625,1219.9410400390625,1219.9410400390625,5257728
2025-10-06 19:05:00+00:00,1221.7159423828125,1221.7159423828125,1221.1473388671875,1221.1473388671875,12524032
2025-10-06 19:10:00+00:00,1222.9278564453125,1222.9630126953125,1222.815185546875,1222.815185546875,4986368
2025-10-06 19:15:00+00:00,1222.0084228515625,1223.0213623046875,1222.0084228515625,1222.965576171875,2162688
2025-10-06 19:20:00+00:00,1222.520263671875,1222.5977783203125,1222.0084228515625,1222.0084228515625,3800576
2025-10-06 19:25:00+00:00,1223.4832763671875,1223.681396484375,1222.7452392578125,1222.7452392578125,15216640
2025-10-06 19:30:00+00:00,1223.0103759765625,1223.46875,1223.0103759765625,1223.46875,0
2025-10-06 19:35:00+00:00,1223.531982421875,1223.531982421875,1223.152099609375,1223.152099609375,10382848
2025-10-06 19:40:00+00:00,1223.2608642578125,1223.5301513671875,1223.2608642578125,1223.5301513671875,11433472
2025-10-06 19:45:00+00:00,1224.7489013671875,1224.7489013671875,1223.642333984375,1223.642333984375,8679936
2025-10-06 19:50:00+00:00,1225.9842529296875,1225.9842529296875,1225.1688232421875,1225.1688232421875,5640704
2025-10-06 19:55:00+00:00,1225.199462890625,1226.0614013671875,1224.841796875,1226.0614013671875,3480064
2025-10-06 20:00:00+00:00,1223.534912109375,1225.566650390625,1223.534912109375,1225.566650390625,0
2025-10-06 20:05:00+00:00,1222.4656982421875,1223.349853515625,1222.4071044921875,1223.349853515625,932352
2025-10-06 20:10:00+00:00,1223.273193359375,1223.273193359375,1223.1494140625,1223.1517333984375,0
2025-10-06 20:15:00+00:00,1221.9205322265625,1223.157958984375,1221.9205322265625,1223.157958984375,0
2025-10-06 20:20:00+00:00,1221.345947265625,1221.783203125,1221.345947265625,1221.783203125,3154432
2025-10-06 20:25:00+00:00,1223.191650390625,1223.191650390625,1222.1370849609375,1222.1370849609375,3794944
2025-10-06 20:30:00+00:00,1223.510009765625,1223.7237548828125,1223.510009765625,1223.582275390625,7101952
2025-10-06 20:35:00+00:00,1224.6409912109375,1224.641357421875,1223.619384765625,1223.619384765625,502784
2025-10-06 20:40:00+00:00,1225.7642822265625,1225.7642822265625,1225.406494140625,1225.4627685546875,5644800
2025-10-06 20:45:00+00:00,1224.87939453125,1225.7109375,1224.87939453125,1225.7109375,424448
2025-10-06 20:50:00+00:00,1224.0869140625,1224.8363037109375,1224.0869140625,1224.8363037109375,556544
2025-10-06 20:55:00+00:00,1222.3193359375,1223.204833984375,1222.220703125,1223.204833984375,5362176
2025-10-06 21:00:00+00:00,1222.5068359375,1222.553466796875,1222.5068359375,1222.553466796875,0
2025-10-06 21:05:00+00:00,1221.434326171875,1221.7333984375,1221.1351318359375,1221.7333984375,4418560
2025-10-06 21:10:00+00:00,1222.4088134765625,1222.96826171875,1222.290771484375,1222.8612060546875,6420480
2025-10-06 21:15:00+00:00,1223.4283447265625,1223.4283447265625,1221.9437255859375,1222.2139892578125,2146304
2025-10-06 21:20:00+00:00,1222.1842041015625,1223.151123046875,1222.1842041015625,1223.151123046875,175616
2025-10-06 21:25:00+00:00,1223.5631103515625,1223.5631103515625,1222.247314453125,1222.247314453125,9097216
2025-10-06 21:30:00+00:00,1224.7572021484375,1224.7572021484375,1223.5947265625,1223.5947265625,9683456
2025-10-06 21:35:00+00:00,1225.80322265625,1225.80322265625,1224.936767578125,1224.936767578125,4314112
2025-10-06 21:40:00+00:00,1227.3724365234375,1227.3759765625,1226.9578857421875,1227.0062255859375,0
2025-10-06 21:45:00+00:00,1226.9149169921875,1227.18310546875,1226.5003662109375,1227.18310546875,23787520
2025-10-06 21:50:00+00:00,1226.9207763671875,1226.9207763671875,1226.815185546875,1226.815185546875,1102848
2025-10-06 22:25:00+00:00,1224.66748046875,1224.66748046875,1223.3648681640625,1223.3648681640625,15863808
2025-10-06 22:30:00+00:00,1226.4320068359375,1226.4320068359375,1224.8507080078125,1224.8507080078125,8638464
2025-10-06 22:35:00+00:00,1227.1627197265625,1227.1627197265625,1226.4632568359375,1226.4632568359375,3851264
2025-10-06 22:40:00+00:00,1227.565673828125,1227.565673828125,1227.1566162109375,1227.329345703125,10401280
2025-10-06 22:45:00+00:00,1229.0052490234375,1229.0052490234375,1227.7574462890625,1227.7574462890625,7690752
2025-10-06 22:50:00+00:00,1228.0020751953125,1228.795166015625,1227.843505859375,1228.795166015625,2714112
2025-10-06 22:55:00+00:00,1226.001708984375,1227.6676025390625,1226.001708984375,1227.6676025390625,4446720
2025-10-06 23:00:00+00:00,1225.822998046875,1226.0059814453125,1225.822998046875,1225.9300537109375,274432
2025-10-06 23:05:00+00:00,1224.2744140625,1225.678466796875,1224.2744140625,1225.678466796875,4316160
2025-10-06 23:10:00+00:00,1224.142578125,1224.57666015625,1224.142578125,1224.57666015625,4581376
2025-10-06 23:15:00+00:00,1222.4019775390625,1223.8511962890625,1222.4019775390625,1223.8511962890625,3739648
2025-10-06 23:20:00+00:00,1220.455810546875,1222.051025390625,1220.455810546875,1222.051025390625,6268928
2025-10-06 23:25:00+00:00,1219.703857421875,1219.8416748046875,1219.595458984375,1219.6724853515625,9429504
2025-10-06 23:30:00+00:00,1220.626953125,1220.626953125,1219.642578125,1219.642578125,4305408
2025-10-06 23:35:00+00:00,1220.90673828125,1220.935546875,1220.5472412109375,1220.5472412109375,2104320
2025-10-06 23:40:00+00:00,1222.0233154296875,1222.0233154296875,1221.600341796875,1221.600341796875,4030976
2025-10-06 23:45:00+00:00,1221.73193359375,1221.8092041015625,1221.662353515625,1221.8092041015625,0
2025-10-06 23:50:00+00:00,1220.8699951171875,1221.568359375,1220.8699951171875,1221.568359375,0
2025-10-06 23:55:00+00:00,1223.716552734375,1223.716552734375,1222.2579345703125,1222.2579345703125,9145344
2025-10-07 00:00:00+00:00,1224.7381591796875,1224.7381591796875,1223.528564453125,1223.528564453125,0
2025-10-07 00:05:00+00:00,1225.834716796875,1225.9296875,1224.563720703125,1224.563720703125,2676736
2025-10-07 00:10:00+00:00,1226.8067626953125,1226.8067626953125,1225.859375,1225.859375,1603072
2025-10-07 00:15:00+00:00,1226.63525390625,1227.691162109375,1226.63525390625,1227.041259765625,0
2025-10-07 00:20:00+00:00,1227.453857421875,1227.5245361328125,1227.070068359375,1227.070068359375,0
2025-10-07 00:25:00+00:00,1225.9093017578125,1227.2359619140625,1225.9093017578125,1227.2359619140625,0
2025-10-07 00:30:00+00:00,1227.2198486328125,1227.2198486328125,1225.549072265625,1225.935791015625,0
2025-10-07 00:35:00+00:00,1228.0201416015625,1228.0953369140625,1227.3319091796875,1227.3319091796875,0
2025-10-07 00:40:00+00:00,1227.55712890625,1227.7735595703125,1227.55712890625,1227.7735595703125,1106944
2025-10-07 00:45:00+00:00,1226.203857421875,1227.55712890625,1226.203857421875,1227.55712890625,0
2025-10-07 00:50:00+00:00,1224.56591796875,1226.2127685546875,1224.56591796875,1226.1390380859375,0
2025-10-07 00:55:00+00:00,1223.4669189453125,1223.9698486328125,1223.4669189453125,1223.9454345703125,449536
2025-10-07 01:00:00+00:00,1224.04931640625,1224.04931640625,1222.909423828125,1222.909423828125,0
2025-10-07 01:05:00+00:00,1222.723876953125,1223.8677978515625,1222.6861572265625,1223.8677978515625,0
2025-10-07 01:10:00+00:00,1222.17724609375,1222.491455078125,1222.17724609375,1222.376708984375,571392
2025-10-07 01:15:00+00:00,1218.984130859375,1221.900146484375,1218.984130859375,1221.900146484375,368128
2025-10-07 01:20:00+00:00,1212.308349609375,1218.7501220703125,1212.308349609375,1218.7501220703125,29808128
2025-10-07 01:25:00+00:00,1210.3486328125,1210.3486328125,1209.4306640625,1209.572265625,207360
2025-10-07 01:30:00+00:00,1210.6502685546875,1211.0914306640625,1210.441162109375,1210.441162109375,0
2025-10-07 01:35:00+00:00,1211.8837890625,1211.8837890625,1210.79931640625,1210.79931640625,0
2025-10-07 01:40:00+00:00,1213.2662353515625,1213.2662353515625,1212.546875,1212.546875,1916416
2025-10-07 01:45:00+00:00,1211.22607421875,1213.0465087890625,1211.22607421875,1213.0465087890625,0
2025-10-07 01:50:00+00:00,1210.30126953125,1211.1473388671875,1210.2640380859375,1211.1473388671875,0
2025-10-07 01:55:00+00:00,1211.7919921875,1211.7919921875,1211.0078125,1211.0078125,0
2025-10-07 02:00:00+00:00,1214.6246337890625,1214.6246337890625,1213.0765380859375,1213.0765380859375,0
2025-10-07 02:05:00+00:00,1215.0709228515625,1215.1474609375,1214.6177978515625,1214.6177978515625,2447360
2025-10-07 02:10:00+00:00,1216.0264892578125,1216.0264892578125,1215.091552734375,1215.091552734375,1175040
2025-10-07 02:15:00+00:00,1217.0965576171875,1217.0965576171875,1216.1500244140625,1216.221435546875,0
2025-10-07 02:20:00+00:00,1216.44091796875,1217.0435791015625,1216.106689453125,1217.0435791015625,0
2025-10-07 02:25:00+00:00,1218.5709228515625,1218.6458740234375,1217.587890625,1217.587890625,6842368
2025-10-07 02:30:00+00:00,1220.7843017578125,1220.7843017578125,1219.418701171875,1219.4564208984375,10264576
2025-10-07 02:35:00+00:00,1219.31494140625,1220.337646484375,1219.31494140625,1220.337646484375,0
2025-10-07 02:40:00+00:00,1219.06494140625,1219.06494140625,1218.7379150390625,1218.7379150390625,3992576
2025-10-07 02:45:00+00:00,1221.5257568359375,1221.5257568359375,1219.261474609375,1219.261474609375,796160
2025-10-07 02:50:00+00:00,1222.284912109375,1222.352294921875,1221.500244140625,1221.500244140625,0
2025-10-07 02:55:00+00:00,1223.3701171875,1223.3857421875,1223.318359375,1223.318359375,4257280
2025-10-07 03:00:00+00:00,1225.302001953125,1225.302001953125,1224.1717529296875,1224.1717529296875,6132224
2025-10-07 03:05:00+00:00,1227.2850341796875,1227.2850341796875,1225.507568359375,1225.507568359375,11768832
2025-10-07 03:10:00+00:00,1228.5928955078125,1228.5928955078125,1228.195556640625,1228.195556640625,16379904
2025-10-07 03:15:00+00:00,1226.8018798828125,1228.5596923828125,1226.8018798828125,1228.5596923828125,7385088
2025-10-07 03:20:00+00:00,1226.32177734375,1226.864501953125,1226.32177734375,1226.8597412109375,3089408
2025-10-07 03:25:00+00:00,1226.3800048828125,1226.3800048828125,1226.13818359375,1226.13818359375,3612160
2025-10-07 03:30:00+00:00,1226.902587890625,1226.902587890625,1226.4300537109375,1226.47265625,107008
2025-10-07 03:35:00+00:00,1227.0933837890625,1227.19091796875,1226.6866455078125,1226.6866455078125,3958784
2025-10-07 03:40:00+00:00,1226.836181640625,1226.910888671875,1226.7425537109375,1226.910888671875,5096960
2025-10-07 03:45:00+00:00,1226.9217529296875,1226.9217529296875,1226.8795166015625,1226.8795166015625,0
2025-10-07 03:50:00+00:00,1226.187255859375,1226.83447265625,1226.187255859375,1226.83447265625,1062400
2025-10-07 03:55:00+00:00,1225.5826416015625,1225.9620361328125,1225.5826416015625,1225.9620361328125,0
2025-10-07 04:00:00+00:00,1224.057373046875,1225.4559326171875,1224.057373046875,1225.4559326171875,0
2025-10-07 04:05:00+00:00,1222.8323974609375,1224.072998046875,1222.8323974609375,1224.0662841796875,0
2025-10-07 04:10:00+00:00,1222.401123046875,1222.4478759765625,1222.401123046875,1222.4349365234375,0
2025-10-07 04:15:00+00:00,1223.596435546875,1223.596435546875,1221.5950927734375,1222.4195556640625,581632
2025-10-07 04:20:00+00:00,1223.2886962890625,1223.4310302734375,1223.1365966796875,1223.4310302734375,978432
2025-10-07 04:25:00+00:00,1225.8447265625,1225.8447265625,1224.5240478515625,1224.5240478515625,12287488
2025-10-07 04:30:00+00:00,1227.0751953125,1227.0751953125,1225.631103515625,1225.631103515625,19368448
2025-10-07 04:35:00+00:00,1229.088623046875,1229.088623046875,1227.144287109375,1227.144287109375,33727488
2025-10-07 04:40:00+00:00,1235.8218994140625,1236.1593017578125,1235.7724609375,1236.1593017578125,47712768
2025-10-07 04:45:00+00:00,1240.34716796875,1240.34716796875,1235.5394287109375,1235.5394287109375,46388736
2025-10-07 04:50:00+00:00,1241.73583984375,1241.73583984375,1240.4642333984375,1240.4642333984375,15916032
2025-10-07 04:55:00+00:00,1243.94775390625,1243.94775390625,1242.2471923828125,1242.2471923828125,29363200
2025-10-07 05:00:00+00:00,1243.7884521484375,1244.3953857421875,1243.7884521484375,1244.1793212890625,12149760
2025-10-07 05:05:00+00:00,1243.4677734375,1243.6263427734375,1243.3289794921875,1243.6263427734375,7602688
2025-10-07 05:10:00+00:00,1242.8419189453125,1243.73876953125,1242.8419189453125,1243.6932373046875,13493760
2025-10-07 05:15:00+00:00,1241.9127197265625,1242.48193359375,1241.2132568359375,1242.48193359375,14907904
2025-10-07 05:20:00+00:00,1245.239501953125,1245.406982421875,1241.9752197265625,1241.9752197265625,23161856
2025-10-07 05:25:00+00:00,1249.8228759765625,1249.8228759765625,1247.93115234375,1247.93115234375,13392896
2025-10-07 05:30:00+00:00,1251.15087890625,1251.1661376953125,1250.7808837890625,1250.7808837890625,23287296
2025-10-07 05:35:00+00:00,1252.6680908203125,1252.67041015625,1251.489501953125,1251.489501953125,6762496
2025-10-07 05:40:00+00:00,1255.065185546875,1255.065185546875,1253.586669921875,1253.586669921875,63178240
2025-10-07 05:45:00+00:00,1258.0892333984375,1258.0892333984375,1255.6854248046875,1255.6854248046875,39008768
2025-10-07 05:50:00+00:00,1259.5338134765625,1259.7889404296875,1258.28515625,1258.28515625,17589760
2025-10-07 05:55:00+00:00,1257.65869140625,1258.8707275390625,1257.416748046875,1258.8509521484375,22637568
2025-10-07 06:00:00+00:00,1256.3134765625,1257.1954345703125,1256.3134765625,1257.1954345703125,0
2025-10-07 06:05:00+00:00,1255.49560546875,1256.261962890625,1255.2691650390625,1256.261962890625,9253376
2025-10-07 06:10:00+00:00,1254.677978515625,1256.5423583984375,1254.677978515625,1256.5423583984375,0
2025-10-07 06:15:00+00:00,1253.61767578125,1254.7337646484375,1253.61767578125,1254.7337646484375,0
2025-10-07 06:20:00+00:00,1253.0911865234375,1253.7159423828125,1253.0911865234375,1253.7159423828125,0
2025-10-07 06:25:00+00:00,1248.0811767578125,1251.042724609375,1248.0811767578125,1251.042724609375,0
2025-10-07 06:30:00+00:00,1249.8936767578125,1249.8936767578125,1247.4207763671875,1247.8297119140625,0
2025-10-07 06:35:00+00:00,1251.0003662109375,1251.6536865234375,1250.290771484375,1250.290771484375,0
2025-10-07 06:40:00+00:00,1249.215576171875,1250.119384765625,1249.187744140625,1250.119384765625,0
2025-10-07 06:45:00+00:00,1240.9534912109375,1244.8792724609375,1240.9534912109375,1244.8792724609375,0
2025-10-07 06:50:00+00:00,1241.5072021484375,1241.6285400390625,1241.4246826171875,1241.4246826171875,118784
2025-10-07 06:55:00+00:00,1241.4554443359375,1241.4554443359375,1240.735107421875,1240.9185791015625,0
2025-10-07 07:00:00+00:00,1242.64892578125,1242.6561279296875,1241.5537109375,1241.5537109375,0
2025-10-07 07:05:00+00:00,1244.254150390625,1244.254150390625,1242.6578369140625,1242.75341796875,0
2025-10-07 07:10:00+00:00,1246.172119140625,1246.2410888671875,1246.172119140625,1246.2410888671875,5947392
2025-10-07 07:15:00+00:00,1246.08056640625,1247.0718994140625,1246.08056640625,1246.729248046875,0
2025-10-07 07:20:00+00:00,1250.2869873046875,1250.2869873046875,1246.5509033203125,1246.5509033203125,11172352
2025-10-07 07:25:00+00:00,1251.7847900390625,1251.7847900390625,1250.6895751953125,1250.6895751953125,9206784
2025-10-07 07:30:00+00:00,1254.4542236328125,1255.312255859375,1252.3907470703125,1252.3907470703125,16155136
2025-10-07 07:35:00+00:00,1252.8671875,1254.663818359375,1252.8671875,1254.663818359375,0
2025-10-07 07:40:00+00:00,1249.7159423828125,1250.8428955078125,1249.7159423828125,1250.8428955078125,0
2025-10-07 07:45:00+00:00,1248.638427734375,1250.0225830078125,1248.638427734375,1249.573486328125,0
2025-10-07 07:50:00+00:00,1248.483154296875,1248.7738037109375,1248.163818359375,1248.616455078125,0
2025-10-07 07:55:00+00:00,1248.657958984375,1248.657958984375,1248.3631591796875,1248.52880859375,0
2025-10-07 08:00:00+00:00,1250.241455078125,1250.241455078125,1248.682373046875,1248.682373046875,0
2025-10-07 08:05:00+00:00,1250.576171875,1250.6632080078125,1250.5516357421875,1250.5516357421875,11823616
2025-10-07 08:10:00+00:00,1251.174560546875,1251.46533203125,1249.4967041015625,1249.4967041015625,36603392
2025-10-07 08:15:00+00:00,1248.6864013671875,1251.1075439453125,1248.6864013671875,1251.1075439453125,1052160
2025-10-07 08:20:00+00:00,1248.269775390625,1248.497802734375,1248.269775390625,1248.497802734375,8294912
2025-10-07 08:25:00+00:00,1242.25634765625,1248.09375,1242.25634765625,1248.09375,49616384
2025-10-07 08:30:00+00:00,1243.862060546875,1243.862060546875,1242.426513671875,1242.56591796875,8169984
2025-10-07 08:35:00+00:00,1245.823974609375,1245.823974609375,1243.948974609375,1243.948974609375,8979968
2025-10-07 08:40:00+00:00,1254.1207275390625,1254.1207275390625,1249.1993408203125,1249.1993408203125,35387904
2025-10-07 08:45:00+00:00,1257.63037109375,1257.63037109375,1256.9468994140625,1256.9468994140625,30859264
2025-10-07 08:50:00+00:00,1258.3699951171875,1259.236083984375,1257.378662109375,1257.378662109375,35719680
2025-10-07 08:55:00+00:00,1266.5859375,1266.8494873046875,1265.4482421875,1265.790283203125,70283264
2025-10-07 09:00:00+00:00,1267.2750244140625,1267.2750244140625,1265.572998046875,1266.4432373046875,0
2025-10-07 09:05:00+00:00,1266.535888671875,1266.9029541015625,1266.4793701171875,1266.9029541015625,16906240
2025-10-07 09:10:00+00:00,1269.761474609375,1269.761474609375,1267.5205078125,1267.5205078125,15534080
2025-10-07 09:15:00+00:00,1271.5380859375,1271.5380859375,1269.719970703125,1270.0224609375,38236160
2025-10-07 09:20:00+00:00,1273.27197265625,1273.27197265625,1271.4556884765625,1271.4556884765625,50652160
2025-10-07 09:25:00+00:00,1276.018310546875,1276.018310546875,1274.4732666015625,1274.4732666015625,42017280
2025-10-07 09:30:00+00:00,1275.2421875,1277.3226318359375,1275.2421875,1277.3226318359375,10841600
2025-10-07 09:35:00+00:00,1275.291259765625,1275.291259765625,1274.5467529296875,1275.154052734375,32982016
2025-10-07 09:40:00+00:00,1275.7869873046875,1276.8341064453125,1275.7869873046875,1276.8341064453125,17184256
2025-10-07 09:45:00+00:00,1273.72216796875,1276.31591796875,1273.72216796875,1275.9459228515625,20837888
2025-10-07 09:50:00+00:00,1276.155517578125,1276.21630859375,1274.246337890625,1274.246337890625,13236224
2025-10-07 09:55:00+00:00,1279.710693359375,1279.710693359375,1276.2578125,1276.2578125,19996160
2025-10-07 10:00:00+00:00,1279.0902099609375,1280.0067138671875,1279.0902099609375,1279.5076904296875,8675840
2025-10-07 10:05:00+00:00,1276.0498046875,1277.198486328125,1275.4586181640625,1277.198486328125,27527168
2025-10-07 10:10:00+00:00,1277.441650390625,1277.5782470703125,1276.2347412109375,1276.28955078125,24446464
2025-10-07 10:15:00+00:00,1279.3492431640625,1279.3492431640625,1277.5645751953125,1277.62255859375,13179904
2025-10-07 10:20:00+00:00,1281.4222412109375,1281.4222412109375,1279.4755859375,1279.4755859375,13029888
2025-10-07 10:25:00+00:00,1282.377685546875,1282.7232666015625,1281.5576171875,1281.5576171875,19894272
2025-10-07 10:30:00+00:00,1283.318603515625,1283.318603515625,1281.8499755859375,1282.352783203125,12830720
2025-10-07 10:35:00+00:00,1291.8812255859375,1292.04052734375,1285.820068359375,1285.820068359375,72751104
2025-10-07 10:40:00+00:00,1293.701416015625,1294.4541015625,1293.1614990234375,1294.4541015625,50642944
2025-10-07 10:45:00+00:00,1290.7806396484375,1292.943359375,1290.7806396484375,1292.943359375,32112640
2025-10-07 10:50:00+00:00,1292.7371826171875,1292.7371826171875,1291.6903076171875,1291.6903076171875,23583232
2025-10-07 10:55:00+00:00,1291.1771240234375,1292.370361328125,1291.1771240234375,1292.370361328125,11634688
2025-10-07 11:00:00+00:00,1293.2122802734375,1293.2122802734375,1292.8912353515625,1292.8912353515625,14566400
2025-10-07 11:05:00+00:00,1291.1192626953125,1293.4925537109375,1291.1192626953125,1293.4925537109375,10114048
2025-10-07 11:10:00+00:00,1291.0093994140625,1291.0093994140625,1290.328125,1290.37060546875,14740992
2025-10-07 11:15:00+00:00,1294.6614990234375,1294.6614990234375,1292.7001953125,1292.7001953125,20193792
2025-10-07 11:20:00+00:00,1298.0279541015625,1298.0279541015625,1295.1846923828125,1295.1846923828125,45728768
2025-10-07 11:25:00+00:00,1297.13037109375,1298.1011962890625,1297.13037109375,1297.2630615234375,42512896
2025-10-07 11:30:00+00:00,1298.4508056640625,1298.4508056640625,1295.4837646484375,1295.4837646484375,18544640
2025-10-07 11:35:00+00:00,1299.1307373046875,1299.3509521484375,1298.60546875,1298.60546875,8146944
2025-10-07 11:40:00+00:00,1297.042724609375,1298.0758056640625,1297.042724609375,1298.03955078125,13767168
2025-10-07 11:45:00+00:00,1300.527099609375,1300.527099609375,1297.3193359375,1297.3193359375,44761088
2025-10-07 11:50:00+00:00,1308.4029541015625,1308.4029541015625,1301.2618408203125,1301.936767578125,91853312
2025-10-07 11:55:00+00:00,1313.5389404296875,1313.5389404296875,1312.3929443359375,1312.3929443359375,83424768
2025-10-07 12:00:00+00:00,1312.779541015625,1313.388671875,1312.779541015625,1313.388671875,24536064
2025-10-07 12:05:00+00:00,1310.5816650390625,1311.6676025390625,1309.455078125,1311.6676025390625,0
2025-10-07 12:10:00+00:00,1325.810546875,1326.205322265625,1312.1839599609375,1312.342041015625,140283392
2025-10-07 12:15:00+00:00,1326.0240478515625,1334.372314453125,1324.8597412109375,1324.8597412109375,175553024
2025-10-07 12:20:00+00:00,1324.921630859375,1325.8797607421875,1324.921630859375,1325.8797607421875,41502208
2025-10-07 12:25:00+00:00,1321.913330078125,1323.0509033203125,1321.8187255859375,1323.0509033203125,38785536
2025-10-07 12:30:00+00:00,1312.8892822265625,1322.19140625,1312.8892822265625,1322.19140625,39011840
2025-10-07 12:35:00+00:00,1311.669677734375,1312.3671875,1311.669677734375,1312.24951171875,36836352
2025-10-07 12:40:00+00:00,1310.7713623046875,1312.872802734375,1310.7713623046875,1312.872802734375,42913280
2025-10-07 12:45:00+00:00,1314.6776123046875,1314.6776123046875,1310.9642333984375,1310.9642333984375,37416448
2025-10-07 12:50:00+00:00,1316.821044921875,1316.821044921875,1315.11962890625,1315.11962890625,25714176
2025-10-07 12:55:00+00:00,1320.324951171875,1320.324951171875,1318.8372802734375,1318.8372802734375,31710720
2025-10-07 13:00:00+00:00,1323.105224609375,1323.105224609375,1321.0660400390625,1321.0660400390625,32580096
2025-10-07 13:05:00+00:00,1327.165771484375,1327.165771484375,1323.7005615234375,1323.7005615234375,35872256
2025-10-07 13:10:00+00:00,1329.2320556640625,1329.2320556640625,1328.162109375,1328.1890869140625,41225728
2025-10-07 13:15:00+00:00,1328.407958984375,1328.407958984375,1326.462158203125,1328.38720703125,8065536
2025-10-07 13:20:00+00:00,1329.4375,1329.4375,1328.7508544921875,1328.7508544921875,9406464
2025-10-07 13:25:00+00:00,1325.476806640625,1330.3131103515625,1325.476806640625,1330.3131103515625,47869952
2025-10-07 13:30:00+00:00,1319.983642578125,1325.58740234375,1319.983642578125,1325.58740234375,24713728
2025-10-07 13:35:00+00:00,1312.7235107421875,1317.28857421875,1312.7235107421875,1317.28857421875,59127808
2025-10-07 13:40:00+00:00,1308.4482421875,1309.693115234375,1308.4482421875,1309.149658203125,43089408
2025-10-07 13:45:00+00:00,1305.1754150390625,1306.1776123046875,1305.1754150390625,1305.583984375,104265216
2025-10-07 13:50:00+00:00,1312.4014892578125,1313.5931396484375,1306.5284423828125,1306.5284423828125,45195776
2025-10-07 13:55:00+00:00,1312.231201171875,1312.231201171875,1311.140625,1311.140625,16455168
2025-10-07 14:00:00+00:00,1312.892578125,1314.9429931640625,1312.892578125,1312.9923095703125,10895360
2025-10-07 14:05:00+00:00,1313.06982421875,1313.972412109375,1313.06787109375,1313.06787109375,17461760
2025-10-07 14:10:00+00:00,1306.851806640625,1311.836181640625,1306.851806640625,1311.824951171875,40269312
2025-10-07 14:15:00+00:00,1303.9505615234375,1305.8758544921875,1302.384033203125,1305.8758544921875,62749184
2025-10-07 14:20:00+00:00,1307.72265625,1307.8543701171875,1304.15673828125,1304.15673828125,34487808
2025-10-07 14:25:00+00:00,1311.8753662109375,1312.199951171875,1311.5369873046875,1312.199951171875,16502784
2025-10-07 14:30:00+00:00,1311.8883056640625,1311.8883056640625,1308.453125,1308.453125,16263680
2025-10-07 14:35:00+00:00,1308.9200439453125,1311.960693359375,1308.9200439453125,1311.960693359375,5790208
2025-10-07 14:40:00+00:00,1296.4925537109375,1304.7105712890625,1296.4925537109375,1304.7105712890625,44832768
2025-10-07 14:45:00+00:00,1304.2908935546875,1304.2908935546875,1296.53369140625,1296.53369140625,56803840
2025-10-07 14:50:00+00:00,1303.3699951171875,1303.7904052734375,1303.3699951171875,1303.7904052734375,37245440
2025-10-07 14:55:00+00:00,1298.5804443359375,1302.99853515625,1298.5003662109375,1302.99853515625,29826048
2025-10-07 15:00:00+00:00,1300.9573974609375,1300.9573974609375,1298.166748046875,1298.166748046875,35020800
2025-10-07 15:05:00+00:00,1295.49951171875,1301.4775390625,1295.49951171875,1301.4775390625,58134528
2025-10-07 15:10:00+00:00,1293.8037109375,1294.0867919921875,1288.9749755859375,1288.9749755859375,141684736
2025-10-07 15:15:00+00:00,1284.8365478515625,1292.444580078125,1284.8365478515625,1292.444580078125,180339712
2025-10-07 15:20:00+00:00,1277.721923828125,1285.3651123046875,1277.108642578125,1285.3651123046875,82682880
2025-10-07 15:25:00+00:00,1274.4952392578125,1274.9661865234375,1274.4952392578125,1274.9661865234375,73365504
2025-10-07 15:30:00+00:00,1276.6572265625,1276.6572265625,1274.8189697265625,1274.8189697265625,19530752
2025-10-07 15:35:00+00:00,1276.0850830078125,1278.083251953125,1276.0850830078125,1276.4693603515625,29605888
2025-10-07 15:40:00+00:00,1276.2750244140625,1276.2750244140625,1272.193115234375,1272.193115234375,82356224
2025-10-07 15:45:00+00:00,1265.853271484375,1274.29345703125,1265.853271484375,1274.29345703125,25567232
2025-10-07 15:50:00+00:00,1266.642333984375,1266.642333984375,1265.139892578125,1266.0909423828125,28009472
2025-10-07 15:55:00+00:00,1275.2916259765625,1275.2916259765625,1269.068603515625,1269.068603515625,54757376
2025-10-07 16:00:00+00:00,1281.28173828125,1281.28173828125,1280.8323974609375,1280.9903564453125,61213696
2025-10-07 16:05:00+00:00,1284.6986083984375,1284.6986083984375,1283.2259521484375,1283.416259765625,81070080
2025-10-07 16:10:00+00:00,1281.4405517578125,1283.79052734375,1281.4405517578125,1283.79052734375,32923648
2025-10-07 16:15:00+00:00,1279.0211181640625,1280.209716796875,1276.314208984375,1280.209716796875,31143936
2025-10-07 16:20:00+00:00,1274.7265625,1278.2642822265625,1274.7265625,1278.2642822265625,14633984
2025-10-07 16:25:00+00:00,1272.8621826171875,1272.8621826171875,1270.5482177734375,1270.7689208984375,47949824
2025-10-07 16:30:00+00:00,1279.4296875,1279.4296875,1272.85009765625,1272.85009765625,31760384
2025-10-07 16:35:00+00:00,1284.1463623046875,1284.1463623046875,1278.9013671875,1278.9013671875,21917696
2025-10-07 16:40:00+00:00,1293.980712890625,1294.0706787109375,1292.3046875,1292.3046875,72489984
2025-10-07 16:45:00+00:00,1297.691650390625,1297.691650390625,1294.4075927734375,1294.4075927734375,59304960
2025-10-07 16:50:00+00:00,1298.2169189453125,1298.84423828125,1298.20947265625,1298.20947265625,42823680
2025-10-07 16:55:00+00:00,1289.9525146484375,1296.362060546875,1289.9525146484375,1296.362060546875,36411392
2025-10-07 17:00:00+00:00,1287.5252685546875,1288.06591796875,1287.5252685546875,1287.627685546875,18813952
2025-10-07 17:05:00+00:00,1285.7589111328125,1286.9644775390625,1285.7589111328125,1286.9644775390625,11786240
2025-10-07 17:10:00+00:00,1281.825439453125,1285.468017578125,1281.825439453125,1285.468017578125,13848576
2025-10-07 17:15:00+00:00,1277.609375,1281.9034423828125,1277.609375,1281.9034423828125,29137920
2025-10-07 17:20:00+00:00,1279.8983154296875,1280.321044921875,1277.7935791015625,1277.7935791015625,9837568
2025-10-07 17:25:00+00:00,1279.1478271484375,1279.869140625,1279.1478271484375,1279.83154296875,14105600
2025-10-07 17:30:00+00:00,1281.0877685546875,1281.0877685546875,1279.5028076171875,1279.5028076171875,0
2025-10-07 17:35:00+00:00,1283.449462890625,1283.449462890625,1281.2396240234375,1281.2396240234375,338944
2025-10-07 17:40:00+00:00,1287.2733154296875,1287.2733154296875,1286.20703125,1286.20703125,12036096
2025-10-07 17:45:00+00:00,1288.54296875,1288.7698974609375,1288.4251708984375,1288.6097412109375,0
2025-10-07 17:50:00+00:00,1284.65380859375,1288.12939453125,1284.2410888671875,1288.12939453125,2769920
2025-10-07 17:55:00+00:00,1286.7418212890625,1287.19287109375,1284.604248046875,1285.2064208984375,21030912
2025-10-07 18:00:00+00:00,1285.9022216796875,1286.6414794921875,1285.9022216796875,1286.6414794921875,2789376
2025-10-07 18:05:00+00:00,1283.970458984375,1284.441162109375,1283.8507080078125,1284.441162109375,2152448
2025-10-07 18:10:00+00:00,1282.8160400390625,1282.8375244140625,1282.7218017578125,1282.7218017578125,19435520
2025-10-07 18:15:00+00:00,1280.53271484375,1283.4478759765625,1280.53271484375,1283.0751953125,11940864
2025-10-07 18:20:00+00:00,1275.9300537109375,1280.6236572265625,1275.9300537109375,1280.6236572265625,9772032
2025-10-07 18:25:00+00:00,1273.6937255859375,1274.770751953125,1273.6937255859375,1274.770751953125,12740608
2025-10-07 18:30:00+00:00,1277.2327880859375,1277.2327880859375,1275.51611328125,1275.51611328125,11799552
2025-10-07 18:35:00+00:00,1275.0753173828125,1276.6199951171875,1275.033203125,1276.6199951171875,4509696
2025-10-07 18:40:00+00:00,1274.738037109375,1275.2535400390625,1274.738037109375,1275.2535400390625,1950720
2025-10-07 18:45:00+00:00,1275.749267578125,1275.9410400390625,1275.1019287109375,1275.1019287109375,5244928
2025-10-07 18:50:00+00:00,1278.043701171875,1278.043701171875,1276.0328369140625,1276.0328369140625,15880192
2025-10-07 18:55:00+00:00,1279.4345703125,1279.669189453125,1277.94482421875,1277.94482421875,13155328
2025-10-07 19:00:00+00:00,1282.33935546875,1282.33935546875,1278.607666015625,1279.1556396484375,4398080
2025-10-07 19:05:00+00:00,1287.38330078125,1287.38330078125,1283.076904296875,1283.076904296875,20163584
2025-10-07 19:10:00+00:00,1290.848388671875,1291.0179443359375,1290.6895751953125,1291.0179443359375,27481088
2025-10-07 19:15:00+00:00,1295.0897216796875,1295.0897216796875,1290.376953125,1290.376953125,32378880
2025-10-07 19:20:00+00:00,1295.564208984375,1295.820068359375,1295.1907958984375,1295.1907958984375,20106240
2025-10-07 19:25:00+00:00,1291.5950927734375,1294.7423095703125,1291.5950927734375,1294.7423095703125,5757952
2025-10-07 19:30:00+00:00,1294.2880859375,1294.2880859375,1292.418701171875,1292.418701171875,19246080
2025-10-07 19:35:00+00:00,1296.2720947265625,1296.2720947265625,1294.4635009765625,1294.601318359375,10941440
2025-10-07 19:40:00+00:00,1296.843994140625,1297.2139892578125,1296.843994140625,1297.2139892578125,14946304
2025-10-07 19:45:00+00:00,1294.9993896484375,1296.8973388671875,1294.9993896484375,1296.8973388671875,10698752
2025-10-07 19:50:00+00:00,1297.0533447265625,1297.379638671875,1295.3450927734375,1295.3450927734375,8876032
2025-10-07 19:55:00+00:00,1297.5849609375,1298.244873046875,1297.5849609375,1297.8284912109375,10806272
2025-10-07 20:00:00+00:00,1298.1466064453125,1298.1466064453125,1297.5194091796875,1297.5194091796875,4129792
2025-10-07 20:05:00+00:00,1302.673583984375,1302.673583984375,1301.572998046875,1301.8795166015625,35129344
2025-10-07 20:10:00+00:00,1306.77685546875,1306.77685546875,1303.466552734375,1303.466552734375,24253440
2025-10-07 20:15:00+00:00,1306.089111328125,1306.7156982421875,1306.089111328125,1306.7156982421875,19106816
2025-10-07 20:20:00+00:00,1307.2681884765625,1307.2769775390625,1305.11181640625,1305.11181640625,22594560
2025-10-07 20:25:00+00:00,1309.6915283203125,1309.6915283203125,1306.963134765625,1306.963134765625,23477248
2025-10-07 20:30:00+00:00,1314.2626953125,1314.2626953125,1309.9478759765625,1309.9478759765625,37579776
2025-10-07 20:35:00+00:00,1314.271484375,1314.500732421875,1314.271484375,1314.4527587890625,18189312
2025-10-07 20:40:00+00:00,1311.2017822265625,1312.6575927734375,1311.0062255859375,1312.5806884765625,24478720
2025-10-07 20:45:00+00:00,1309.648193359375,1310.2308349609375,1309.648193359375,1310.2308349609375,10414080
2025-10-07 20:50:00+00:00,1311.4444580078125,1311.6143798828125,1310.0811767578125,1310.0811767578125,11551744
2025-10-07 20:55:00+00:00,1314.2010498046875,1314.2010498046875,1313.607666015625,1313.607666015625,25158656
2025-10-07 21:00:00+00:00,1313.1864013671875,1313.1864013671875,1312.5299072265625,1312.5799560546875,6294528
2025-10-07 21:05:00+00:00,1317.98388671875,1317.98388671875,1314.562744140625,1314.562744140625,25531392
2025-10-07 21:10:00+00:00,1320.516845703125,1320.516845703125,1319.8216552734375,1319.8216552734375,35771392
2025-10-07 21:15:00+00:00,1322.196044921875,1322.196044921875,1317.952880859375,1319.658447265625,20507648
2025-10-07 21:20:00+00:00,1323.2017822265625,1323.2017822265625,1321.959716796875,1321.959716796875,17965056
2025-10-07 21:25:00+00:00,1324.9892578125,1325.00439453125,1324.7440185546875,1325.00439453125,30103552
2025-10-07 21:30:00+00:00,1324.49609375,1326.193115234375,1324.49609375,1326.193115234375,25290752
2025-10-07 21:35:00+00:00,1325.3941650390625,1325.3941650390625,1324.7303466796875,1325.0802001953125,3543040
2025-10-07 21:40:00+00:00,1323.25048828125,1325.6173095703125,1323.25048828125,1325.6173095703125,8369152
2025-10-07 21:45:00+00:00,1316.9661865234375,1323.3956298828125,1316.9661865234375,1323.3956298828125,33308672
2025-10-07 21:50:00+00:00,1313.63671875,1316.5587158203125,1313.4132080078125,1316.5587158203125,16424960
2025-10-07 21:55:00+00:00,1313.2064208984375,1313.40625,1311.823974609375,1311.823974609375,26638336
2025-10-07 22:00:00+00:00,1314.9752197265625,1314.9752197265625,1313.278564453125,1313.339599609375,15861760
2025-10-07 22:05:00+00:00,1315.2567138671875,1315.5205078125,1314.9322509765625,1314.9322509765625,12596224
2025-10-07 22:10:00+00:00,1315.3115234375,1315.3115234375,1313.8328857421875,1313.8328857421875,20460544
2025-10-07 22:15:00+00:00,1320.24755859375,1320.24755859375,1315.467041015625,1315.467041015625,32094208
2025-10-07 22:20:00+00:00,1320.90673828125,1321.4169921875,1320.1732177734375,1320.52783203125,14787584
2025-10-07 22:25:00+00:00,1316.9962158203125,1319.4578857421875,1316.9962158203125,1319.4578857421875,13988864
2025-10-07 22:30:00+00:00,1314.891845703125,1316.8623046875,1314.8238525390625,1316.8623046875,2333696
2025-10-07 22:35:00+00:00,1314.554931640625,1315.7607421875,1314.39404296875,1315.7607421875,15502336
2025-10-07 22:40:00+00:00,1310.2806396484375,1311.75537109375,1309.8944091796875,1311.75537109375,1036288
2025-10-07 22:45:00+00:00,1309.857177734375,1311.1834716796875,1309.857177734375,1310.23681640625,17175552
2025-10-07 22:50:00+00:00,1310.4071044921875,1311.1251220703125,1309.917724609375,1309.917724609375,8667136
2025-10-07 22:55:00+00:00,1308.171142578125,1309.376220703125,1308.171142578125,1309.376220703125,5901312
2025-10-07 23:00:00+00:00,1305.77783203125,1308.467041015625,1305.77783203125,1308.4010009765625,2202624
2025-10-07 23:05:00+00:00,1306.625732421875,1306.625732421875,1305.98046875,1306.0780029296875,8536064
2025-10-07 23:10:00+00:00,1307.475341796875,1307.6707763671875,1307.423583984375,1307.6707763671875,15438848
2025-10-07 23:15:00+00:00,1306.79638671875,1307.2100830078125,1306.1170654296875,1307.2100830078125,7401472
2025-10-07 23:20:00+00:00,1307.9639892578125,1307.9639892578125,1306.7344970703125,1306.7344970703125,3549184
2025-10-07 23:25:00+00:00,1310.6055908203125,1310.6055908203125,1310.4671630859375,1310.483642578125,16610304
2025-10-07 23:30:00+00:00,1309.642578125,1310.9202880859375,1309.642578125,1310.7099609375,4142080
2025-10-07 23:35:00+00:00,1310.85546875,1310.85546875,1309.7188720703125,1309.719970703125,5646336
2025-10-07 23:40:00+00:00,1309.939453125,1311.87060546875,1309.939453125,1311.87060546875,13736960
2025-10-07 23:45:00+00:00,1315.9183349609375,1315.9183349609375,1311.2022705078125,1311.2022705078125,24638464
2025-10-07 23:50:00+00:00,1311.1717529296875,1313.297607421875,1310.7611083984375,1313.297607421875,26041344
2025-10-07 23:55:00+00:00,1310.364501953125,1311.260986328125,1310.364501953125,1310.955078125,9225216
2025-10-08 00:00:00+00:00,1306.829833984375,1306.829833984375,1306.3460693359375,1306.3460693359375,7187456
2025-10-08 00:05:00+00:00,1311.3218994140625,1311.3218994140625,1307.850341796875,1307.850341796875,0
2025-10-08 00:10:00+00:00,1313.5897216796875,1313.5897216796875,1311.107421875,1311.107421875,21977088
2025-10-08 00:15:00+00:00,1320.689697265625,1320.689697265625,1313.9193115234375,1313.9193115234375,53686272
2025-10-08 00:20:00+00:00,1326.087646484375,1326.2457275390625,1320.41064453125,1320.41064453125,43300864
2025-10-08 00:25:00+00:00,1322.66796875,1325.0146484375,1322.66796875,1325.0146484375,16284672
2025-10-08 00:30:00+00:00,1320.1650390625,1323.2537841796875,1320.1650390625,1323.2537841796875,25327616
2025-10-08 00:35:00+00:00,1319.5592041015625,1320.33203125,1318.634033203125,1320.33203125,13168640
2025-10-08 00:40:00+00:00,1332.445556640625,1332.694580078125,1322.0855712890625,1322.0855712890625,62780416
2025-10-08 00:45:00+00:00,1322.4239501953125,1327.8409423828125,1322.4239501953125,1327.64599609375,73757696
2025-10-08 00:50:00+00:00,1320.173828125,1321.89208984375,1320.173828125,1321.89208984375,18781184
2025-10-08 00:55:00+00:00,1318.400634765625,1319.2880859375,1318.400634765625,1319.1431884765625,7965696
2025-10-08 01:00:00+00:00,1312.2501220703125,1318.236572265625,1312.2501220703125,1318.236572265625,18043904
2025-10-08 01:05:00+00:00,1312.5430908203125,1312.5657958984375,1312.3603515625,1312.5657958984375,35830784
2025-10-08 01:10:00+00:00,1310.823486328125,1313.0399169921875,1310.823486328125,1313.0399169921875,16827392
2025-10-08 01:15:00+00:00,1311.46240234375,1311.46240234375,1308.9339599609375,1310.955322265625,8662016
2025-10-08 01:20:00+00:00,1313.4642333984375,1313.847900390625,1311.7584228515625,1311.7584228515625,0
2025-10-08 01:25:00+00:00,1315.3480224609375,1315.3480224609375,1313.144775390625,1313.144775390625,8339456
2025-10-08 01:30:00+00:00,1310.473876953125,1315.106689453125,1309.1416015625,1315.106689453125,16674816
2025-10-08 01:35:00+00:00,1314.2763671875,1314.2763671875,1310.4844970703125,1310.4844970703125,19653632
2025-10-08 01:40:00+00:00,1314.0345458984375,1316.2376708984375,1313.675537109375,1316.2376708984375,14279680
2025-10-08 01:45:00+00:00,1311.787353515625,1314.0299072265625,1311.787353515625,1314.0299072265625,14355456
2025-10-08 01:50:00+00:00,1312.12060546875,1312.12060546875,1311.7261962890625,1311.8271484375,3801088
2025-10-08 01:55:00+00:00,1313.575439453125,1313.575439453125,1313.1153564453125,1313.1153564453125,12565504
2025-10-08 02:00:00+00:00,1310.665771484375,1313.4171142578125,1310.665771484375,1313.4171142578125,0
2025-10-08 02:05:00+00:00,1301.0692138671875,1310.3193359375,1301.0692138671875,1310.3193359375,33523712
2025-10-08 02:10:00+00:00,1289.074462890625,1295.198486328125,1289.074462890625,1295.198486328125,33997824
2025-10-08 02:15:00+00:00,1286.8079833984375,1288.3968505859375,1286.8079833984375,1288.3968505859375,44788736
2025-10-08 02:20:00+00:00,1287.86328125,1287.86328125,1287.03271484375,1287.03271484375,17001472
2025-10-08 02:25:00+00:00,1292.548828125,1292.548828125,1291.9368896484375,1291.9434814453125,34222080
2025-10-08 02:30:00+00:00,1289.9539794921875,1292.6849365234375,1289.9539794921875,1292.6849365234375,17395712
2025-10-08 02:35:00+00:00,1290.0513916015625,1290.0513916015625,1289.684326171875,1289.952392578125,4353024
2025-10-08 02:40:00+00:00,1290.979248046875,1291.357177734375,1290.979248046875,1291.357177734375,16104448
2025-10-08 02:45:00+00:00,1286.908935546875,1288.4239501953125,1286.908935546875,1288.4239501953125,19091456
2025-10-08 02:50:00+00:00,1289.143310546875,1289.143310546875,1287.164794921875,1287.164794921875,25022464
2025-10-08 02:55:00+00:00,1291.1282958984375,1291.1282958984375,1290.0352783203125,1290.0352783203125,22222848
2025-10-08 03:00:00+00:00,1288.10986328125,1290.9859619140625,1288.10986328125,1290.9859619140625,0
2025-10-08 03:05:00+00:00,1286.186767578125,1287.931884765625,1286.186767578125,1287.931884765625,3749888
2025-10-08 03:10:00+00:00,1285.891357421875,1285.892578125,1284.9161376953125,1284.943359375,0
2025-10-08 03:15:00+00:00,1288.7962646484375,1288.7962646484375,1286.34033203125,1286.34033203125,4842496
2025-10-08 03:20:00+00:00,1284.4945068359375,1288.5380859375,1284.4945068359375,1288.5380859375,28981248
2025-10-08 03:25:00+00:00,1277.2049560546875,1280.1038818359375,1277.0172119140625,1280.00830078125,32232448
2025-10-08 03:30:00+00:00,1274.953857421875,1276.7120361328125,1274.953857421875,1276.7120361328125,24549376
2025-10-08 03:35:00+00:00,1275.5240478515625,1275.8033447265625,1275.0206298828125,1275.0206298828125,10728448
2025-10-08 03:40:00+00:00,1276.1978759765625,1276.6185302734375,1274.70556640625,1274.70556640625,20412416
2025-10-08 03:45:00+00:00,1277.2987060546875,1277.2987060546875,1274.4439697265625,1274.4439697265625,23954432
2025-10-08 03:50:00+00:00,1277.7354736328125,1278.0819091796875,1277.1396484375,1277.1396484375,16345088
2025-10-08 03:55:00+00:00,1276.0380859375,1277.087890625,1275.699462890625,1277.087890625,10280960
2025-10-08 04:00:00+00:00,1273.9359130859375,1276.1641845703125,1273.9359130859375,1276.1641845703125,10164224
2025-10-08 04:05:00+00:00,1274.1517333984375,1275.693359375,1273.9566650390625,1273.9566650390625,19827712
2025-10-08 04:10:00+00:00,1271.9071044921875,1271.9071044921875,1271.008544921875,1271.25048828125,43985920
2025-10-08 04:15:00+00:00,1283.9605712890625,1283.9605712890625,1272.9222412109375,1272.9222412109375,57304064
2025-10-08 04:20:00+00:00,1284.933349609375,1285.052978515625,1284.2869873046875,1284.2869873046875,8742912
2025-10-08 04:25:00+00:00,1281.7978515625,1284.1319580078125,1281.61181640625,1284.1319580078125,5163008
2025-10-08 04:30:00+00:00,1282.24169921875,1282.56689453125,1281.885498046875,1281.885498046875,0
2025-10-08 04:35:00+00:00,1284.9942626953125,1285.172119140625,1282.1441650390625,1282.1441650390625,0
2025-10-08 04:40:00+00:00,1286.359619140625,1286.7442626953125,1286.359619140625,1286.7442626953125,766976
2025-10-08 04:45:00+00:00,1284.94970703125,1286.367431640625,1284.94970703125,1286.367431640625,0
2025-10-08 04:50:00+00:00,1285.2125244140625,1285.4224853515625,1284.97314453125,1284.97314453125,0
2025-10-08 04:55:00+00:00,1285.1483154296875,1285.1790771484375,1284.8502197265625,1284.8502197265625,438272
2025-10-08 05:00:00+00:00,1284.453857421875,1285.479736328125,1284.453857421875,1285.479736328125,0
2025-10-08 05:05:00+00:00,1283.9822998046875,1284.401611328125,1283.9822998046875,1284.401611328125,519168
2025-10-08 05:10:00+00:00,1282.0845947265625,1282.673583984375,1282.0845947265625,1282.673583984375,0
2025-10-08 05:15:00+00:00,1281.8243408203125,1282.97509765625,1281.8243408203125,1282.4583740234375,0
2025-10-08 05:20:00+00:00,1278.7193603515625,1281.936279296875,1278.7193603515625,1281.936279296875,0
2025-10-08 05:25:00+00:00,1274.047119140625,1277.46142578125,1274.047119140625,1277.46142578125,0
2025-10-08 05:30:00+00:00,1277.883056640625,1277.883056640625,1274.506103515625,1274.506103515625,0
2025-10-08 05:35:00+00:00,1278.2972412109375,1278.2972412109375,1277.95849609375,1277.95849609375,0
2025-10-08 05:40:00+00:00,1281.6444091796875,1281.6444091796875,1279.63818359375,1279.63818359375,0
2025-10-08 05:45:00+00:00,1282.2239990234375,1282.2239990234375,1280.91455078125,1281.2720947265625,0
2025-10-08 05:50:00+00:00,1283.2470703125,1283.7421875,1282.0242919921875,1282.0242919921875,0
2025-10-08 05:55:00+00:00,1284.154296875,1284.154296875,1282.625244140625,1282.625244140625,0
2025-10-08 06:00:00+00:00,1283.244873046875,1284.092041015625,1283.244873046875,1284.092041015625,0
2025-10-08 06:05:00+00:00,1282.6304931640625,1283.219482421875,1282.588134765625,1283.219482421875,0
2025-10-08 06:10:00+00:00,1286.1279296875,1286.1279296875,1283.82421875,1283.82421875,6704128
2025-10-08 06:15:00+00:00,1289.736083984375,1289.736083984375,1285.9678955078125,1285.9678955078125,7197696
2025-10-08 06:20:00+00:00,1292.7552490234375,1292.994140625,1290.8319091796875,1290.8319091796875,10365952
2025-10-08 06:25:00+00:00,1293.430908203125,1293.5177001953125,1292.3909912109375,1292.3909912109375,23552
2025-10-08 06:30:00+00:00,1293.730712890625,1294.1815185546875,1293.558349609375,1293.558349609375,6778880
2025-10-08 06:35:00+00:00,1294.6202392578125,1294.6202392578125,1293.6461181640625,1293.9427490234375,5724160
2025-10-08 06:40:00+00:00,1297.7283935546875,1297.7283935546875,1297.3564453125,1297.676025390625,8928256
2025-10-08 06:45:00+00:00,1306.8157958984375,1306.8157958984375,1299.7548828125,1299.777099609375,17200128
2025-10-08 06:50:00+00:00,1307.2486572265625,1307.9415283203125,1306.5496826171875,1306.5496826171875,22507520
2025-10-08 06:55:00+00:00,1307.8447265625,1307.8447265625,1307.1583251953125,1307.20068359375,15714304
2025-10-08 07:00:00+00:00,1305.005126953125,1306.6669921875,1305.005126953125,1306.6669921875,6822912
2025-10-08 07:05:00+00:00,1306.186279296875,1306.186279296875,1305.3214111328125,1305.3214111328125,10843136
2025-10-08 07:10:00+00:00,1305.0704345703125,1307.3837890625,1305.0704345703125,1307.3837890625,1374208
2025-10-08 07:15:00+00:00,1305.0777587890625,1305.2496337890625,1305.0777587890625,1305.2291259765625,4063232
2025-10-08 07:20:00+00:00,1302.300537109375,1303.4287109375,1302.300537109375,1303.4287109375,0
2025-10-08 07:25:00+00:00,1305.9609375,1305.9609375,1304.2708740234375,1304.40087890625,9730048
2025-10-08 07:30:00+00:00,1307.18603515625,1308.0771484375,1306.3896484375,1306.3896484375,7657472
2025-10-08 07:35:00+00:00,1306.806640625,1307.2801513671875,1306.7274169921875,1307.2801513671875,0
2025-10-08 07:40:00+00:00,1304.806640625,1305.270263671875,1304.806640625,1305.270263671875,0
2025-10-08 07:45:00+00:00,1305.9896240234375,1306.549072265625,1305.9896240234375,1306.549072265625,3512320
2025-10-08 07:50:00+00:00,1304.7679443359375,1305.6109619140625,1304.4217529296875,1305.6109619140625,3740672
2025-10-08 07:55:00+00:00,1308.413330078125,1308.413330078125,1306.1392822265625,1306.1392822265625,14176256
2025-10-08 08:00:00+00:00,1314.5458984375,1314.5458984375,1311.620361328125,1311.620361328125,13443072
2025-10-08 08:05:00+00:00,1314.447265625,1314.738525390625,1314.447265625,1314.65673828125,0
2025-10-08 08:10:00+00:00,1312.53662109375,1314.447265625,1312.53662109375,1314.447265625,0
2025-10-08 08:15:00+00:00,1311.9281005859375,1312.5576171875,1311.047607421875,1312.5576171875,0
2025-10-08 08:20:00+00:00,1312.9869384765625,1313.1192626953125,1311.8682861328125,1311.8682861328125,0
2025-10-08 08:25:00+00:00,1316.0804443359375,1316.0804443359375,1313.9261474609375,1314.0496826171875,0
2025-10-08 08:30:00+00:00,1317.2979736328125,1317.2979736328125,1316.6654052734375,1316.853759765625,0
2025-10-08 08:35:00+00:00,1321.29638671875,1321.389892578125,1317.32470703125,1317.32470703125,15891456
2025-10-08 08:40:00+00:00,1322.8577880859375,1322.8577880859375,1321.545654296875,1322.0843505859375,0
2025-10-08 08:45:00+00:00,1324.1024169921875,1325.99853515625,1324.1024169921875,1325.99853515625,0
2025-10-08 08:50:00+00:00,1321.260009765625,1323.5780029296875,1321.208251953125,1323.5780029296875,0
2025-10-08 08:55:00+00:00,1321.055908203125,1321.5565185546875,1320.8533935546875,1321.5565185546875,0
2025-10-08 09:00:00+00:00,1323.9368896484375,1323.9368896484375,1321.53662109375,1321.53662109375,0
2025-10-08 09:05:00+00:00,1322.268798828125,1323.7855224609375,1321.9749755859375,1323.7855224609375,0
2025-10-08 09:10:00+00:00,1319.788330078125,1320.9793701171875,1319.788330078125,1320.9793701171875,0
2025-10-08 09:15:00+00:00,1314.1368408203125,1319.794921875,1314.1368408203125,1319.794921875,0
2025-10-08 09:20:00+00:00,1312.027587890625,1313.762451171875,1312.027587890625,1313.7578125,0
2025-10-08 09:25:00+00:00,1308.52197265625,1310.2723388671875,1308.52197265625,1310.2723388671875,0
2025-10-08 09:30:00+00:00,1309.680419921875,1309.680419921875,1309.3646240234375,1309.3646240234375,0
2025-10-08 09:35:00+00:00,1310.69873046875,1310.69873046875,1309.1610107421875,1309.1610107421875,0
2025-10-08 09:40:00+00:00,1312.14599609375,1312.36083984375,1312.14599609375,1312.3507080078125,0
2025-10-08 09:45:00+00:00,1312.2939453125,1313.30078125,1312.2939453125,1312.527587890625,0
2025-10-08 09:50:00+00:00,1310.0384521484375,1312.0799560546875,1309.52978515625,1312.0799560546875,0
2025-10-08 09:55:00+00:00,1312.758544921875,1312.7977294921875,1311.9544677734375,1311.9544677734375,0
2025-10-08 10:00:00+00:00,1317.867431640625,1317.867431640625,1313.25341796875,1313.25341796875,0
2025-10-08 10:05:00+00:00,1319.458740234375,1319.458740234375,1317.8421630859375,1318.036865234375,0
2025-10-08 10:10:00+00:00,1317.2569580078125,1319.5533447265625,1317.2569580078125,1319.5533447265625,0
2025-10-08 10:15:00+00:00,1317.67333984375,1317.67333984375,1317.1019287109375,1317.3258056640625,0
2025-10-08 10:20:00+00:00,1318.632080078125,1318.632080078125,1317.64697265625,1317.939208984375,0
2025-10-08 10:25:00+00:00,1321.1414794921875,1321.1414794921875,1319.747314453125,1319.747314453125,0
2025-10-08 10:30:00+00:00,1321.3819580078125,1321.3819580078125,1320.8543701171875,1321.1728515625,0
2025-10-08 10:35:00+00:00,1321.166259765625,1321.4859619140625,1321.083251953125,1321.1961669921875,0
2025-10-08 10:40:00+00:00,1319.0908203125,1319.3323974609375,1318.011962890625,1318.011962890625,0
2025-10-08 10:45:00+00:00,1317.518798828125,1319.303466796875,1317.518798828125,1319.303466796875,0
2025-10-08 10:50:00+00:00,1316.9305419921875,1317.4951171875,1316.9305419921875,1317.46923828125,0
2025-10-08 10:55:00+00:00,1314.1280517578125,1314.66357421875,1314.000732421875,1314.66357421875,326656
2025-10-08 11:00:00+00:00,1313.05078125,1313.783447265625,1313.05078125,1313.783447265625,0
2025-10-08 11:05:00+00:00,1311.464599609375,1312.43798828125,1311.2412109375,1312.43798828125,0
2025-10-08 11:10:00+00:00,1311.2020263671875,1312.23583984375,1311.2020263671875,1312.147705078125,0
2025-10-08 11:15:00+00:00,1307.541015625,1311.3277587890625,1307.541015625,1311.3277587890625,0
2025-10-08 11:20:00+00:00,1309.0009765625,1309.0009765625,1307.6995849609375,1307.6995849609375,0
2025-10-08 11:25:00+00:00,1312.3370361328125,1312.3370361328125,1310.663818359375,1310.663818359375,0
2025-10-08 11:30:00+00:00,1313.0625,1313.0625,1312.2694091796875,1312.2694091796875,0
2025-10-08 11:35:00+00:00,1313.935791015625,1314.21240234375,1313.165771484375,1313.165771484375,0
2025-10-08 11:40:00+00:00,1314.5274658203125,1314.5274658203125,1313.7315673828125,1314.033203125,0
2025-10-08 11:45:00+00:00,1314.4781494140625,1314.576904296875,1314.291259765625,1314.291259765625,0
2025-10-08 11:50:00+00:00,1316.4405517578125,1316.577880859375,1314.66552734375,1314.66552734375,0
2025-10-08 11:55:00+00:00,1314.128173828125,1316.0579833984375,1314.128173828125,1316.0579833984375,0
2025-10-08 12:00:00+00:00,1315.4132080078125,1315.4132080078125,1314.020263671875,1314.020263671875,0
2025-10-08 12:05:00+00:00,1314.53466796875,1314.74072265625,1314.2412109375,1314.74072265625,0
2025-10-08 12:10:00+00:00,1317.6541748046875,1317.6541748046875,1315.3118896484375,1315.3118896484375,0
2025-10-08 12:15:00+00:00,1316.0733642578125,1317.343017578125,1316.0733642578125,1317.343017578125,0
2025-10-08 12:20:00+00:00,1314.38720703125,1315.5587158203125,1314.38720703125,1315.5587158203125,0
2025-10-08 12:25:00+00:00,1311.85595703125,1313.7694091796875,1311.8419189453125,1313.7694091796875,405653504
2025-10-08 12:30:00+00:00,1308.7047119140625,1310.163330078125,1308.7047119140625,1310.163330078125,0
2025-10-08 12:35:00+00:00,1308.8626708984375,1309.080078125,1308.8626708984375,1308.8638916015625,0
2025-10-08 12:40:00+00:00,1307.8858642578125,1307.8858642578125,1307.265380859375,1307.265380859375,0
2025-10-08 12:45:00+00:00,1308.31884765625,1308.41845703125,1307.896484375,1307.896484375,0
2025-10-08 12:50:00+00:00,1307.76123046875,1308.2767333984375,1307.76123046875,1308.2354736328125,0
2025-10-08 12:55:00+00:00,1306.3970947265625,1306.8731689453125,1306.2060546875,1306.830078125,0
2025-10-08 13:00:00+00:00,1305.8209228515625,1306.38720703125,1305.8209228515625,1306.38720703125,0
2025-10-08 13:05:00+00:00,1302.360595703125,1305.2816162109375,1302.360595703125,1305.2816162109375,0
2025-10-08 13:10:00+00:00,1301.71484375,1301.71484375,1299.752685546875,1299.752685546875,638976
2025-10-08 13:15:00+00:00,1303.7047119140625,1304.9459228515625,1301.680419921875,1301.680419921875,0
2025-10-08 13:20:00+00:00,1303.6104736328125,1303.828857421875,1303.6060791015625,1303.67138671875,0
2025-10-08 13:25:00+00:00,1300.7611083984375,1301.782470703125,1300.7611083984375,1301.782470703125,0
2025-10-08 13:30:00+00:00,1301.9166259765625,1301.9166259765625,1300.8428955078125,1300.8428955078125,0
2025-10-08 13:35:00+00:00,1304.399658203125,1305.5587158203125,1304.296630859375,1304.4542236328125,0
2025-10-08 13:40:00+00:00,1302.5234375,1303.9769287109375,1302.5234375,1303.9769287109375,0
2025-10-08 13:45:00+00:00,1299.7901611328125,1300.988037109375,1299.7901611328125,1300.988037109375,0
2025-10-08 13:50:00+00:00,1303.685546875,1303.685546875,1300.594482421875,1300.594482421875,0
2025-10-08 13:55:00+00:00,1305.9632568359375,1305.9632568359375,1304.646728515625,1304.646728515625,0
2025-10-08 14:00:00+00:00,1313.1746826171875,1313.1746826171875,1309.947021484375,1309.947021484375,0
2025-10-08 14:05:00+00:00,1314.9681396484375,1315.348388671875,1313.4945068359375,1313.4945068359375,2908160
2025-10-08 14:10:00+00:00,1310.046875,1316.744140625,1310.046875,1316.744140625,0
2025-10-08 14:15:00+00:00,1307.72998046875,1307.72998046875,1306.6915283203125,1306.6915283203125,0
2025-10-08 14:20:00+00:00,1306.0435791015625,1307.9083251953125,1306.0435791015625,1307.9083251953125,0
2025-10-08 14:25:00+00:00,1303.612548828125,1304.2872314453125,1303.612548828125,1304.2872314453125,0
2025-10-08 14:30:00+00:00,1305.568115234375,1305.568115234375,1302.9912109375,1302.9912109375,0
2025-10-08 14:35:00+00:00,1304.2530517578125,1304.9481201171875,1303.64013671875,1304.9481201171875,0
2025-10-08 14:40:00+00:00,1307.5928955078125,1307.5928955078125,1306.1002197265625,1306.1002197265625,0
2025-10-08 14:45:00+00:00,1306.1356201171875,1307.8970947265625,1306.1356201171875,1307.8970947265625,0
2025-10-08 14:50:00+00:00,1303.87744140625,1306.0294189453125,1303.87744140625,1306.0294189453125,0
2025-10-08 14:55:00+00:00,1297.8804931640625,1302.0032958984375,1297.8804931640625,1302.0032958984375,0
2025-10-08 15:00:00+00:00,1299.7535400390625,1299.7535400390625,1298.09228515625,1298.09228515625,0
2025-10-08 15:05:00+00:00,1300.357666015625,1300.357666015625,1299.6705322265625,1299.6705322265625,0
2025-10-08 15:10:00+00:00,1301.07275390625,1301.23828125,1300.497314453125,1300.497314453125,0
2025-10-08 15:15:00+00:00,1297.79931640625,1300.8409423828125,1297.79931640625,1300.8409423828125,0
2025-10-08 15:20:00+00:00,1297.066162109375,1297.1422119140625,1296.5810546875,1297.1422119140625,0
2025-10-08 15:25:00+00:00,1300.7088623046875,1301.5045166015625,1300.2864990234375,1300.2864990234375,0
2025-10-08 15:30:00+00:00,1293.93701171875,1300.2789306640625,1293.93701171875,1300.2789306640625,0
2025-10-08 15:35:00+00:00,1292.131591796875,1293.3743896484375,1292.110107421875,1293.3743896484375,0
2025-10-08 15:40:00+00:00,1293.8787841796875,1293.8787841796875,1292.2183837890625,1292.2183837890625,0
2025-10-08 15:45:00+00:00,1291.192138671875,1293.4107666015625,1291.192138671875,1293.4107666015625,0
2025-10-08 15:50:00+00:00,1292.250732421875,1292.617431640625,1291.321044921875,1291.321044921875,0
2025-10-08 15:55:00+00:00,1292.425048828125,1292.5172119140625,1291.4620361328125,1291.4620361328125,0
2025-10-08 16:00:00+00:00,1291.9044189453125,1293.52783203125,1291.9044189453125,1293.52783203125,0
2025-10-08 16:05:00+00:00,1293.002197265625,1293.002197265625,1291.864013671875,1291.864013671875,0
2025-10-08 16:10:00+00:00,1297.65771484375,1297.65771484375,1296.2095947265625,1296.2095947265625,0
2025-10-08 16:15:00+00:00,1295.916015625,1297.7674560546875,1295.916015625,1297.70068359375,0
2025-10-08 16:20:00+00:00,1295.0848388671875,1295.809814453125,1295.0848388671875,1295.809814453125,0
2025-10-08 16:25:00+00:00,1295.503662109375,1295.54052734375,1294.71533203125,1294.86962890625,0
2025-10-08 16:30:00+00:00,1293.543212890625,1295.0814208984375,1293.543212890625,1295.0814208984375,0
2025-10-08 16:35:00+00:00,1292.369140625,1293.379638671875,1292.04638671875,1293.379638671875,0
2025-10-08 16:40:00+00:00,1292.7996826171875,1292.8165283203125,1292.7513427734375,1292.7513427734375,0
2025-10-08 16:45:00+00:00,1295.614013671875,1295.614013671875,1293.1875,1293.1875,0
2025-10-08 16:50:00+00:00,1299.283203125,1299.283203125,1296.591552734375,1296.591552734375,0
2025-10-08 16:55:00+00:00,1302.7381591796875,1302.7806396484375,1302.7376708984375,1302.766357421875,0
2025-10-08 17:00:00+00:00,1302.683349609375,1303.5379638671875,1302.683349609375,1303.5379638671875,0
2025-10-08 17:05:00+00:00,1302.46142578125,1302.818359375,1302.3914794921875,1302.818359375,0
2025-10-08 17:10:00+00:00,1304.97802734375,1304.97802734375,1302.4779052734375,1302.4779052734375,0
2025-10-08 17:15:00+00:00,1308.329345703125,1308.329345703125,1305.3463134765625,1305.3463134765625,0
2025-10-08 17:20:00+00:00,1307.85791015625,1308.0771484375,1306.817626953125,1308.0771484375,6484992
2025-10-08 17:25:00+00:00,1309.4508056640625,1309.8345947265625,1309.4508056640625,1309.8345947265625,18320384
2025-10-08 17:30:00+00:00,1309.9229736328125,1309.9229736328125,1309.6676025390625,1309.6676025390625,0
2025-10-08 17:35:00+00:00,1309.1820068359375,1310.8582763671875,1309.1820068359375,1310.8582763671875,0
2025-10-08 17:40:00+00:00,1309.3978271484375,1309.3978271484375,1308.887451171875,1308.97021484375,0
2025-10-08 17:45:00+00:00,1308.5679931640625,1309.3585205078125,1308.5679931640625,1309.22900390625,0
2025-10-08 17:50:00+00:00,1309.9134521484375,1310.1060791015625,1308.541015625,1308.541015625,0
2025-10-08 17:55:00+00:00,1311.8350830078125,1311.8350830078125,1310.3558349609375,1310.3558349609375,0
2025-10-08 18:00:00+00:00,1313.5723876953125,1313.9097900390625,1311.8411865234375,1311.8411865234375,0
2025-10-08 18:05:00+00:00,1314.5994873046875,1314.5994873046875,1313.6246337890625,1313.9354248046875,0
2025-10-08 18:10:00+00:00,1318.506103515625,1318.5191650390625,1316.2491455078125,1316.2838134765625,4595712
2025-10-08 18:15:00+00:00,1317.5404052734375,1318.0150146484375,1316.5439453125,1318.0150146484375,0
2025-10-08 18:20:00+00:00,1318.9659423828125,1318.9957275390625,1317.6064453125,1317.6064453125,878592
2025-10-08 18:25:00+00:00,1318.1715087890625,1320.7974853515625,1318.1715087890625,1320.7974853515625,19781632
2025-10-08 18:30:00+00:00,1317.2105712890625,1317.6695556640625,1316.9083251953125,1316.9083251953125,0
2025-10-08 18:35:00+00:00,1317.858154296875,1317.858154296875,1316.9395751953125,1317.1575927734375,439296
2025-10-08 18:40:00+00:00,1318.39697265625,1318.928955078125,1318.39697265625,1318.928955078125,3832832
2025-10-08 18:45:00+00:00,1318.1002197265625,1318.2703857421875,1317.6204833984375,1318.2703857421875,0
2025-10-08 18:50:00+00:00,1320.5301513671875,1320.732421875,1318.5081787109375,1318.5081787109375,6205440
2025-10-08 18:55:00+00:00,1319.447998046875,1320.11083984375,1319.447998046875,1320.11083984375,0
2025-10-08 19:00:00+00:00,1317.1318359375,1319.034912109375,1317.1318359375,1319.010498046875,0
2025-10-08 19:05:00+00:00,1316.0587158203125,1317.0484619140625,1315.7667236328125,1317.0484619140625,0
2025-10-08 19:10:00+00:00,1315.0677490234375,1315.3665771484375,1314.8829345703125,1315.3665771484375,0
2025-10-08 19:15:00+00:00,1315.568359375,1315.568359375,1314.92626953125,1314.92626953125,0
2025-10-08 19:20:00+00:00,1316.701904296875,1316.701904296875,1315.489501953125,1315.489501953125,0
2025-10-08 19:25:00+00:00,1318.2073974609375,1318.3680419921875,1317.8779296875,1318.0299072265625,0
2025-10-08 19:30:00+00:00,1318.959228515625,1319.0074462890625,1318.322265625,1318.322265625,0
2025-10-08 19:35:00+00:00,1319.27685546875,1319.27685546875,1318.7266845703125,1318.7266845703125,0
2025-10-08 19:40:00+00:00,1318.73095703125,1319.5897216796875,1318.4921875,1319.5897216796875,0
2025-10-08 19:45:00+00:00,1318.0281982421875,1318.8585205078125,1318.0281982421875,1318.698486328125,0
2025-10-08 19:50:00+00:00,1318.3011474609375,1318.5362548828125,1318.02001953125,1318.02001953125,0
2025-10-08 19:55:00+00:00,1316.260986328125,1317.9832763671875,1316.260986328125,1317.9832763671875,0
2025-10-08 20:00:00+00:00,1317.6495361328125,1317.6495361328125,1316.340087890625,1316.340087890625,0
2025-10-08 20:05:00+00:00,1317.201171875,1317.4560546875,1317.170166015625,1317.4560546875,0
2025-10-08 20:10:00+00:00,1317.7078857421875,1317.7078857421875,1317.03515625,1317.03515625,0
2025-10-08 20:15:00+00:00,1320.62744140625,1320.62744140625,1318.8505859375,1318.8505859375,0
2025-10-08 20:20:00+00:00,1320.4254150390625,1320.736572265625,1320.369384765625,1320.736572265625,0
2025-10-08 20:25:00+00:00,1322.4385986328125,1322.4385986328125,1320.1298828125,1320.1298828125,0
2025-10-08 20:30:00+00:00,1319.719482421875,1323.1326904296875,1319.719482421875,1322.4686279296875,0
2025-10-08 20:35:00+00:00,1319.1702880859375,1319.306640625,1319.1702880859375,1319.2542724609375,0
2025-10-08 20:40:00+00:00,1318.5252685546875,1319.353271484375,1318.5252685546875,1319.353271484375,0
2025-10-08 20:45:00+00:00,1313.544921875,1317.0673828125,1313.544921875,1317.0673828125,0
2025-10-08 20:50:00+00:00,1312.391357421875,1313.6114501953125,1311.974609375,1313.6114501953125,0
2025-10-08 20:55:00+00:00,1312.976318359375,1313.1038818359375,1312.9700927734375,1313.1038818359375,0
2025-10-08 21:00:00+00:00,1313.3382568359375,1313.4156494140625,1313.0616455078125,1313.0616455078125,0
2025-10-08 21:05:00+00:00,1312.79345703125,1313.1895751953125,1312.7266845703125,1313.1895751953125,0
2025-10-08 21:10:00+00:00,1310.7464599609375,1312.1815185546875,1310.6661376953125,1312.1815185546875,0
2025-10-08 21:15:00+00:00,1310.3612060546875,1310.6441650390625,1310.2344970703125,1310.6441650390625,0
2025-10-08 21:20:00+00:00,1310.2698974609375,1310.2698974609375,1310.1400146484375,1310.1400146484375,0
2025-10-08 21:25:00+00:00,1310.0072021484375,1310.2369384765625,1310.0072021484375,1310.2369384765625,0
2025-10-08 21:30:00+00:00,1309.2366943359375,1309.90966796875,1309.2366943359375,1309.90966796875,0
2025-10-08 21:35:00+00:00,1308.65283203125,1309.106689453125,1308.3079833984375,1309.106689453125,0
2025-10-08 21:40:00+00:00,1309.7642822265625,1309.7642822265625,1309.4615478515625,1309.4615478515625,0
2025-10-08 21:45:00+00:00,1307.3656005859375,1309.4853515625,1307.3656005859375,1309.4853515625,0
2025-10-08 21:50:00+00:00,1304.7772216796875,1306.97802734375,1304.69873046875,1306.97802734375,0
2025-10-08 21:55:00+00:00,1303.9898681640625,1303.9898681640625,1303.6531982421875,1303.6531982421875,0
2025-10-08 22:00:00+00:00,1308.6466064453125,1308.6466064453125,1306.0323486328125,1306.0323486328125,0
2025-10-08 22:05:00+00:00,1310.8375244140625,1310.91357421875,1308.6444091796875,1308.6444091796875,0
2025-10-08 22:10:00+00:00,1310.0316162109375,1310.798583984375,1310.0316162109375,1310.798583984375,0
2025-10-08 22:15:00+00:00,1309.1220703125,1310.299072265625,1309.1220703125,1310.299072265625,0
2025-10-08 22:20:00+00:00,1309.3560791015625,1309.3560791015625,1309.1539306640625,1309.1539306640625,0
2025-10-08 22:25:00+00:00,1310.630615234375,1311.06298828125,1310.630615234375,1311.06298828125,0
2025-10-08 22:30:00+00:00,1309.582763671875,1310.0987548828125,1309.582763671875,1310.0987548828125,0
2025-10-08 22:35:00+00:00,1310.2529296875,1310.2529296875,1309.886474609375,1309.886474609375,0
2025-10-08 22:40:00+00:00,1308.7540283203125,1309.87646484375,1308.7540283203125,1309.87646484375,0
2025-10-08 22:45:00+00:00,1305.719970703125,1308.750244140625,1305.719970703125,1308.750244140625,0
2025-10-08 22:50:00+00:00,1305.0076904296875,1305.5985107421875,1304.984619140625,1305.5985107421875,0
2025-10-08 22:55:00+00:00,1302.966796875,1304.943359375,1302.966796875,1304.943359375,0
2025-10-08 23:00:00+00:00,1301.9156494140625,1302.1181640625,1301.790283203125,1302.1181640625,0
2025-10-08 23:05:00+00:00,1300.1275634765625,1301.728271484375,1300.1275634765625,1301.728271484375,6571008
2025-10-08 23:10:00+00:00,1296.99658203125,1298.284423828125,1296.970458984375,1297.7886962890625,10040320
2025-10-08 23:15:00+00:00,1297.7269287109375,1297.7269287109375,1296.88427734375,1296.88427734375,0
2025-10-08 23:20:00+00:00,1296.8265380859375,1297.285400390625,1296.8265380859375,1297.285400390625,0
2025-10-08 23:25:00+00:00,1299.8994140625,1299.8994140625,1298.72705078125,1298.72705078125,1973760
2025-10-08 23:30:00+00:00,1300.141357421875,1300.4647216796875,1300.141357421875,1300.4647216796875,0
2025-10-08 23:35:00+00:00,1302.4171142578125,1302.8564453125,1300.765625,1300.765625,11627520
2025-10-08 23:40:00+00:00,1302.8726806640625,1302.8726806640625,1302.44775390625,1302.44775390625,0
2025-10-08 23:45:00+00:00,1303.6165771484375,1303.6165771484375,1302.6353759765625,1302.865966796875,0
2025-10-08 23:50:00+00:00,1305.5089111328125,1305.5089111328125,1303.6959228515625,1303.6959228515625,0
2025-10-08 23:55:00+00:00,1306.64794921875,1306.64794921875,1306.0655517578125,1306.0655517578125,0
2025-10-09 00:00:00+00:00,1307.1878662109375,1307.1878662109375,1306.6441650390625,1306.6441650390625,0
2025-10-09 00:05:00+00:00,1305.9901123046875,1307.6275634765625,1305.9622802734375,1307.6275634765625,0
2025-10-09 00:10:00+00:00,1305.78515625,1305.78515625,1305.4873046875,1305.4873046875,0
2025-10-09 00:15:00+00:00,1304.442626953125,1305.73291015625,1304.442626953125,1305.73291015625,0
2025-10-09 00:20:00+00:00,1305.754150390625,1305.754150390625,1304.3873291015625,1304.3873291015625,0
2025-10-09 00:25:00+00:00,1304.32275390625,1305.6422119140625,1304.32275390625,1305.6422119140625,0
2025-10-09 00:30:00+00:00,1300.73583984375,1304.359130859375,1300.73583984375,1304.359130859375,0
2025-10-09 00:35:00+00:00,1301.4722900390625,1301.4722900390625,1300.9066162109375,1301.0880126953125,0
2025-10-09 00:40:00+00:00,1304.2763671875,1304.287109375,1302.736328125,1302.736328125,0
2025-10-09 00:45:00+00:00,1307.336669921875,1307.336669921875,1304.1944580078125,1304.2518310546875,0
2025-10-09 00:50:00+00:00,1310.372802734375,1310.372802734375,1307.79052734375,1307.79052734375,8042496
2025-10-09 00:55:00+00:00,1313.4930419921875,1314.8267822265625,1313.4930419921875,1314.6470947265625,30541824
2025-10-09 01:00:00+00:00,1310.8343505859375,1311.9525146484375,1310.8343505859375,1311.9525146484375,0
2025-10-09 01:05:00+00:00,1308.5177001953125,1309.1044921875,1308.5177001953125,1309.1044921875,0
2025-10-09 01:10:00+00:00,1309.0673828125,1309.0673828125,1308.684814453125,1308.684814453125,0
2025-10-09 01:15:00+00:00,1309.341064453125,1309.4090576171875,1308.8408203125,1309.4090576171875,0
2025-10-09 01:20:00+00:00,1308.0435791015625,1309.3856201171875,1308.0435791015625,1308.792724609375,0
2025-10-09 01:25:00+00:00,1304.229248046875,1305.3375244140625,1304.229248046875,1305.3375244140625,0
2025-10-09 01:30:00+00:00,1303.541748046875,1303.541748046875,1303.0333251953125,1303.0333251953125,0
2025-10-09 01:35:00+00:00,1303.47021484375,1303.650634765625,1303.37451171875,1303.37451171875,0
2025-10-09 01:40:00+00:00,1304.48291015625,1304.48291015625,1303.1627197265625,1303.1627197265625,0
2025-10-09 01:45:00+00:00,1306.3455810546875,1306.3455810546875,1304.1903076171875,1304.1903076171875,0
2025-10-09 01:50:00+00:00,1306.8931884765625,1306.8931884765625,1306.3883056640625,1306.3883056640625,0
2025-10-09 01:55:00+00:00,1308.17724609375,1308.17724609375,1307.7249755859375,1307.7249755859375,0
2025-10-09 02:00:00+00:00,1306.123046875,1308.10888671875,1306.123046875,1308.10888671875,0
2025-10-09 02:05:00+00:00,1304.60986328125,1306.0787353515625,1304.60986328125,1306.0787353515625,0
2025-10-09 02:10:00+00:00,1300.8955078125,1302.160888671875,1300.8955078125,1302.160888671875,0
2025-10-09 02:15:00+00:00,1294.288330078125,1300.900146484375,1294.288330078125,1300.900146484375,0
2025-10-09 02:20:00+00:00,1291.764892578125,1294.257080078125,1291.764892578125,1294.257080078125,12127744
2025-10-09 02:25:00+00:00,1281.1771240234375,1287.454345703125,1280.13916015625,1287.454345703125,19823104
2025-10-09 02:30:00+00:00,1281.344482421875,1281.344482421875,1280.861572265625,1280.861572265625,19159552
2025-10-09 02:35:00+00:00,1276.25439453125,1280.6815185546875,1276.2384033203125,1280.6815185546875,25071104
2025-10-09 02:40:00+00:00,1270.222900390625,1272.29541015625,1270.222900390625,1272.29541015625,41945088
2025-10-09 02:45:00+00:00,1265.345947265625,1270.2408447265625,1265.345947265625,1270.2408447265625,3810816
2025-10-09 02:50:00+00:00,1267.7093505859375,1267.7093505859375,1265.205322265625,1265.205322265625,19889152
2025-10-09 02:55:00+00:00,1260.7984619140625,1266.2105712890625,1260.2235107421875,1266.2105712890625,52128768
2025-10-09 03:00:00+00:00,1266.4542236328125,1266.4542236328125,1260.3170166015625,1260.3170166015625,11689472
2025-10-09 03:05:00+00:00,1268.9671630859375,1268.9671630859375,1267.149169921875,1267.149169921875,28073472
2025-10-09 03:10:00+00:00,1271.1072998046875,1271.1072998046875,1269.3968505859375,1269.3968505859375,17080320
2025-10-09 03:15:00+00:00,1272.8543701171875,1272.8543701171875,1270.07568359375,1270.687255859375,5135360
2025-10-09 03:20:00+00:00,1271.755615234375,1272.125244140625,1271.3055419921875,1272.125244140625,0
2025-10-09 03:25:00+00:00,1271.6533203125,1272.8883056640625,1271.41650390625,1272.8883056640625,0
2025-10-09 03:30:00+00:00,1272.5814208984375,1272.5814208984375,1271.673095703125,1271.673095703125,0
2025-10-09 03:35:00+00:00,1274.9002685546875,1275.0672607421875,1273.5029296875,1273.660400390625,8328704
2025-10-09 03:40:00+00:00,1273.2647705078125,1274.6973876953125,1273.2647705078125,1274.6973876953125,0
2025-10-09 03:45:00+00:00,1274.842041015625,1274.842041015625,1272.976318359375,1272.976318359375,0
2025-10-09 03:50:00+00:00,1275.23974609375,1275.3299560546875,1275.120361328125,1275.120361328125,0
2025-10-09 03:55:00+00:00,1277.06787109375,1277.06787109375,1274.64599609375,1274.757080078125,0
2025-10-09 04:00:00+00:00,1278.923583984375,1278.923583984375,1277.114013671875,1277.114013671875,0
2025-10-09 04:05:00+00:00,1279.36328125,1279.658447265625,1278.9971923828125,1278.9971923828125,0
2025-10-09 04:10:00+00:00,1279.897705078125,1279.897705078125,1278.8671875,1278.8671875,0
2025-10-09 04:15:00+00:00,1280.9427490234375,1280.9427490234375,1279.5274658203125,1279.779052734375,0
2025-10-09 04:20:00+00:00,1282.9974365234375,1282.9974365234375,1281.072021484375,1281.072021484375,0
2025-10-09 04:25:00+00:00,1287.016357421875,1287.016357421875,1284.42333984375,1284.42333984375,0
2025-10-09 04:30:00+00:00,1284.35107421875,1287.3089599609375,1284.35107421875,1287.080810546875,0
2025-10-09 04:35:00+00:00,1282.65966796875,1284.451171875,1282.65966796875,1284.451171875,0
2025-10-09 04:40:00+00:00,1277.6287841796875,1279.8319091796875,1277.6287841796875,1279.8319091796875,0
2025-10-09 04:45:00+00:00,1276.8994140625,1277.2237548828125,1276.750244140625,1277.2237548828125,0
2025-10-09 04:50:00+00:00,1276.6513671875,1277.0338134765625,1276.6513671875,1277.0338134765625,0
2025-10-09 04:55:00+00:00,1275.9940185546875,1276.6160888671875,1275.9940185546875,1276.6160888671875,0
2025-10-09 05:00:00+00:00,1277.689697265625,1277.689697265625,1276.174072265625,1276.174072265625,0
2025-10-09 05:05:00+00:00,1278.2852783203125,1278.2852783203125,1277.6925048828125,1277.6925048828125,0
2025-10-09 05:10:00+00:00,1278.3790283203125,1278.3790283203125,1278.31689453125,1278.342529296875,0
2025-10-09 05:15:00+00:00,1276.38134765625,1278.1494140625,1276.38134765625,1278.1494140625,0
2025-10-09 05:20:00+00:00,1275.0938720703125,1276.317626953125,1274.47265625,1276.317626953125,0
2025-10-09 05:25:00+00:00,1279.358642578125,1279.358642578125,1275.6009521484375,1275.6009521484375,2401792
2025-10-09 05:30:00+00:00,1283.22607421875,1283.22607421875,1279.6326904296875,1279.6326904296875,0
2025-10-09 05:35:00+00:00,1286.93115234375,1286.94921875,1286.5650634765625,1286.5650634765625,7801344
2025-10-09 05:40:00+00:00,1296.0428466796875,1296.0428466796875,1288.4444580078125,1288.4444580078125,26976768
2025-10-09 05:45:00+00:00,1298.142578125,1298.142578125,1296.0462646484375,1296.0462646484375,32792576
2025-10-09 05:50:00+00:00,1296.6466064453125,1297.9036865234375,1296.6466064453125,1297.8895263671875,0
2025-10-09 05:55:00+00:00,1296.733154296875,1296.757080078125,1295.53662109375,1295.53662109375,2793472
2025-10-09 06:00:00+00:00,1296.5390625,1296.5390625,1296.1171875,1296.4921875,0
2025-10-09 06:05:00+00:00,1301.7401123046875,1301.7401123046875,1297.8646240234375,1298.3275146484375,23173120
2025-10-09 06:10:00+00:00,1303.497802734375,1303.6539306640625,1303.3997802734375,1303.3997802734375,25984512
2025-10-09 06:15:00+00:00,1303.8037109375,1304.638671875,1303.724609375,1303.724609375,0
2025-10-09 06:20:00+00:00,1301.85595703125,1303.0694580078125,1301.5294189453125,1303.0694580078125,0
2025-10-09 06:25:00+00:00,1300.43359375,1302.5118408203125,1300.43359375,1302.5118408203125,2543104
2025-10-09 06:30:00+00:00,1306.751953125,1306.751953125,1300.4447021484375,1300.4447021484375,15251456
2025-10-09 06:35:00+00:00,1312.5634765625,1312.5634765625,1307.0091552734375,1307.0091552734375,43540480
2025-10-09 06:40:00+00:00,1315.165771484375,1315.299072265625,1313.4090576171875,1313.4090576171875,22044160
2025-10-09 06:45:00+00:00,1314.00390625,1314.890869140625,1314.00390625,1314.890869140625,0
2025-10-09 06:50:00+00:00,1313.8468017578125,1314.620849609375,1313.8468017578125,1314.402587890625,0
2025-10-09 06:55:00+00:00,1309.00732421875,1311.077880859375,1308.8887939453125,1311.077880859375,5354496
2025-10-09 07:00:00+00:00,1310.4095458984375,1310.4095458984375,1309.828857421875,1309.828857421875,0
2025-10-09 07:05:00+00:00,1311.8712158203125,1311.9630126953125,1310.37451171875,1310.37451171875,14671872
2025-10-09 07:10:00+00:00,1314.5885009765625,1314.5885009765625,1312.8912353515625,1312.8912353515625,23731200
2025-10-09 07:15:00+00:00,1316.6707763671875,1316.6707763671875,1314.6181640625,1314.6181640625,19069952
2025-10-09 07:20:00+00:00,1317.6175537109375,1317.989013671875,1316.9639892578125,1316.9639892578125,15487488
2025-10-09 07:25:00+00:00,1315.4298095703125,1316.8553466796875,1315.4298095703125,1316.8553466796875,20721664
2025-10-09 07:30:00+00:00,1315.2039794921875,1315.334228515625,1315.2039794921875,1315.334228515625,5147136
2025-10-09 07:35:00+00:00,1314.24462890625,1315.6029052734375,1314.24462890625,1315.6029052734375,15458816
2025-10-09 07:40:00+00:00,1308.755126953125,1311.0787353515625,1308.689453125,1311.0787353515625,36231168
2025-10-09 07:45:00+00:00,1310.5423583984375,1310.5423583984375,1308.601806640625,1308.601806640625,8866304
2025-10-09 07:50:00+00:00,1314.1759033203125,1315.185302734375,1311.6541748046875,1311.6541748046875,14653440
2025-10-09 07:55:00+00:00,1310.6063232421875,1311.688232421875,1310.6063232421875,1311.688232421875,4790272
2025-10-09 08:00:00+00:00,1310.3316650390625,1310.3316650390625,1309.6279296875,1309.6279296875,0
2025-10-09 08:05:00+00:00,1307.5306396484375,1310.05419921875,1307.5306396484375,1310.05419921875,0
2025-10-09 08:10:00+00:00,1303.5086669921875,1304.5989990234375,1303.5086669921875,1304.5989990234375,15454720
2025-10-09 08:15:00+00:00,1297.911376953125,1303.505859375,1297.911376953125,1303.505859375,26319872
2025-10-09 08:20:00+00:00,1290.8253173828125,1298.0899658203125,1290.8253173828125,1298.0899658203125,19778048
2025-10-09 08:25:00+00:00,1288.7203369140625,1290.0379638671875,1288.7203369140625,1290.0379638671875,14583808
2025-10-09 08:30:00+00:00,1291.682373046875,1291.682373046875,1288.8599853515625,1288.8599853515625,18217472
2025-10-09 08:35:00+00:00,1292.41552734375,1292.5633544921875,1291.5853271484375,1291.5853271484375,12623872
2025-10-09 08:40:00+00:00,1293.8983154296875,1293.8983154296875,1292.81591796875,1292.81591796875,16428544
2025-10-09 08:45:00+00:00,1294.8411865234375,1294.8411865234375,1291.819091796875,1293.113525390625,0
2025-10-09 08:50:00+00:00,1287.8946533203125,1293.282470703125,1287.8946533203125,1293.282470703125,4019712
2025-10-09 08:55:00+00:00,1281.5906982421875,1283.6943359375,1281.5906982421875,1283.6943359375,10685440
2025-10-09 09:00:00+00:00,1284.8262939453125,1284.8262939453125,1281.489501953125,1281.489501953125,0
2025-10-09 09:05:00+00:00,1285.07666015625,1285.209716796875,1284.5516357421875,1284.5516357421875,2348544
2025-10-09 09:10:00+00:00,1283.529052734375,1284.56884765625,1283.40380859375,1284.56884765625,2041344
2025-10-09 09:15:00+00:00,1275.91796875,1283.4581298828125,1275.91796875,1283.4581298828125,0
2025-10-09 09:20:00+00:00,1275.9464111328125,1276.661376953125,1275.9149169921875,1275.9149169921875,8671744
2025-10-09 09:25:00+00:00,1276.325927734375,1276.325927734375,1275.7342529296875,1275.7469482421875,0
2025-10-09 09:30:00+00:00,1279.619873046875,1279.619873046875,1276.1956787109375,1276.1956787109375,5974016
2025-10-09 09:35:00+00:00,1280.5458984375,1280.5458984375,1279.9180908203125,1279.9180908203125,1476096
2025-10-09 09:40:00+00:00,1279.4617919921875,1279.9124755859375,1279.4410400390625,1279.9124755859375,5835264
2025-10-09 09:45:00+00:00,1280.2279052734375,1280.2279052734375,1278.00390625,1279.1365966796875,1586688
2025-10-09 09:50:00+00:00,1283.1470947265625,1283.1470947265625,1280.5714111328125,1280.5714111328125,11589632
2025-10-09 09:55:00+00:00,1282.4620361328125,1282.977783203125,1282.4620361328125,1282.977783203125,2611200
2025-10-09 10:00:00+00:00,1282.9444580078125,1282.9444580078125,1282.0955810546875,1282.4476318359375,0
2025-10-09 10:05:00+00:00,1285.5692138671875,1285.5692138671875,1284.5865478515625,1284.8284912109375,0
2025-10-09 10:10:00+00:00,1280.0968017578125,1284.57470703125,1280.0968017578125,1284.57470703125,0
2025-10-09 10:15:00+00:00,1276.4190673828125,1279.4569091796875,1276.4190673828125,1279.4215087890625,9642496
2025-10-09 10:20:00+00:00,1272.9912109375,1276.12548828125,1272.9912109375,1276.12548828125,6269440
2025-10-09 10:25:00+00:00,1270.31982421875,1271.3955078125,1270.31982421875,1271.3955078125,16855552
2025-10-09 10:30:00+00:00,1274.4423828125,1274.4423828125,1270.259521484375,1270.259521484375,1850368
2025-10-09 10:35:00+00:00,1275.580810546875,1275.580810546875,1274.0777587890625,1274.0777587890625,0
2025-10-09 10:40:00+00:00,1276.76513671875,1276.76513671875,1274.642578125,1274.642578125,0
2025-10-09 10:45:00+00:00,1279.8826904296875,1279.8826904296875,1276.96533203125,1276.96533203125,6476800
2025-10-09 10:50:00+00:00,1278.697509765625,1279.36865234375,1278.4493408203125,1279.36865234375,770560
2025-10-09 10:55:00+00:00,1283.079833984375,1283.4583740234375,1280.5897216796875,1280.5897216796875,2341888
2025-10-09 11:00:00+00:00,1283.9171142578125,1283.9171142578125,1282.7470703125,1283.075439453125,0
2025-10-09 11:05:00+00:00,1285.48388671875,1285.64208984375,1284.2288818359375,1284.2288818359375,6506496
2025-10-09 11:10:00+00:00,1285.262939453125,1285.371337890625,1285.262939453125,1285.355712890625,0
2025-10-09 11:15:00+00:00,1283.3763427734375,1285.0760498046875,1283.3763427734375,1285.0760498046875,0
2025-10-09 11:20:00+00:00,1286.1976318359375,1286.1976318359375,1283.6328125,1283.6328125,10354688
2025-10-09 11:25:00+00:00,1285.601806640625,1287.1053466796875,1285.601806640625,1287.1053466796875,0
2025-10-09 11:30:00+00:00,1283.6513671875,1285.601318359375,1283.6513671875,1285.601318359375,0
2025-10-09 11:35:00+00:00,1280.092529296875,1281.644287109375,1279.7587890625,1281.644287109375,5547520
2025-10-09 11:40:00+00:00,1282.583984375,1282.583984375,1280.7314453125,1280.7314453125,8381440
2025-10-09 11:45:00+00:00,1283.49365234375,1285.6058349609375,1282.9827880859375,1282.9827880859375,12055552
2025-10-09 11:50:00+00:00,1283.5916748046875,1283.5916748046875,1283.1279296875,1283.4405517578125,4684288
2025-10-09 11:55:00+00:00,1282.9346923828125,1283.50048828125,1282.884033203125,1283.40380859375,1088000
2025-10-09 12:00:00+00:00,1281.468505859375,1282.26904296875,1281.468505859375,1282.26904296875,0
2025-10-09 12:05:00+00:00,1283.9412841796875,1283.9425048828125,1282.1651611328125,1282.1651611328125,1734656
2025-10-09 12:10:00+00:00,1285.428466796875,1285.428466796875,1284.1468505859375,1284.1468505859375,0
2025-10-09 12:15:00+00:00,1286.0810546875,1287.169189453125,1285.2249755859375,1285.2249755859375,1554432
2025-10-09 12:20:00+00:00,1288.827392578125,1289.0328369140625,1286.4571533203125,1286.4571533203125,9137152
2025-10-09 12:25:00+00:00,1286.75537109375,1288.97509765625,1286.75537109375,1288.97509765625,0
2025-10-09 12:30:00+00:00,1282.215576171875,1286.642333984375,1282.215576171875,1286.642333984375,3657728
2025-10-09 12:35:00+00:00,1282.4376220703125,1282.4407958984375,1281.5401611328125,1282.4407958984375,3611136
2025-10-09 12:40:00+00:00,1285.515869140625,1285.7249755859375,1283.584716796875,1283.584716796875,12594176
2025-10-09 12:45:00+00:00,1284.919921875,1287.9627685546875,1284.919921875,1285.845947265625,10785792
2025-10-09 12:50:00+00:00,1284.1361083984375,1284.7559814453125,1284.11767578125,1284.7559814453125,9809920
2025-10-09 12:55:00+00:00,1284.2525634765625,1284.2525634765625,1283.3626708984375,1283.3626708984375,7160832
2025-10-09 13:00:00+00:00,1282.4000244140625,1284.080810546875,1282.4000244140625,1284.080810546875,0
2025-10-09 13:05:00+00:00,1280.575439453125,1282.2901611328125,1280.19970703125,1282.2901611328125,0
2025-10-09 13:10:00+00:00,1271.8922119140625,1276.7205810546875,1271.8922119140625,1276.7205810546875,7007232
2025-10-09 13:15:00+00:00,1269.0673828125,1270.906982421875,1267.9681396484375,1270.906982421875,44496896
2025-10-09 13:20:00+00:00,1268.51123046875,1268.8701171875,1268.334228515625,1268.8701171875,2963456
2025-10-09 13:25:00+00:00,1271.919921875,1271.919921875,1270.3162841796875,1270.4129638671875,7757312
2025-10-09 13:30:00+00:00,1271.87255859375,1272.7806396484375,1271.87255859375,1272.3780517578125,10347520
2025-10-09 13:35:00+00:00,1269.22998046875,1271.96630859375,1269.22998046875,1271.96630859375,0
2025-10-09 13:40:00+00:00,1266.756103515625,1269.348876953125,1266.756103515625,1269.348876953125,4473344
2025-10-09 13:45:00+00:00,1264.379150390625,1266.31201171875,1264.379150390625,1266.31201171875,0
2025-10-09 13:50:00+00:00,1266.226806640625,1267.6785888671875,1265.227783203125,1265.227783203125,6274560
2025-10-09 13:55:00+00:00,1262.0347900390625,1264.0577392578125,1262.0347900390625,1264.0577392578125,9550336
2025-10-09 14:00:00+00:00,1257.6575927734375,1257.8865966796875,1257.6561279296875,1257.8865966796875,15030784
2025-10-09 14:05:00+00:00,1249.5933837890625,1254.227783203125,1249.5933837890625,1254.227783203125,0
2025-10-09 14:10:00+00:00,1256.99609375,1256.99609375,1252.8587646484375,1252.8587646484375,36758528
2025-10-09 14:15:00+00:00,1258.7342529296875,1258.7342529296875,1257.516357421875,1257.67138671875,12079104
2025-10-09 14:20:00+00:00,1257.836181640625,1258.3504638671875,1256.8262939453125,1258.3504638671875,16645120
2025-10-09 14:25:00+00:00,1248.101318359375,1250.5296630859375,1248.101318359375,1250.5296630859375,30340096
2025-10-09 14:30:00+00:00,1243.1195068359375,1243.988037109375,1243.1195068359375,1243.988037109375,53019136
2025-10-09 14:35:00+00:00,1232.7449951171875,1235.4166259765625,1230.9034423828125,1235.4166259765625,89997312
2025-10-09 14:40:00+00:00,1237.915283203125,1238.802734375,1232.7449951171875,1232.7449951171875,81283584
2025-10-09 14:45:00+00:00,1236.1837158203125,1237.568359375,1235.6246337890625,1237.568359375,27205120
2025-10-09 14:50:00+00:00,1238.598388671875,1238.9725341796875,1237.1357421875,1237.1357421875,13742080
2025-10-09 14:55:00+00:00,1239.6636962890625,1239.934814453125,1239.615234375,1239.6514892578125,6068736
2025-10-09 15:00:00+00:00,1243.1348876953125,1243.1348876953125,1240.9842529296875,1241.4576416015625,17441280
2025-10-09 15:05:00+00:00,1245.1845703125,1245.455078125,1243.904296875,1243.904296875,16719360
2025-10-09 15:10:00+00:00,1242.00244140625,1243.6197509765625,1241.7503662109375,1243.6197509765625,6797824
2025-10-09 15:15:00+00:00,1243.095458984375,1243.095458984375,1241.983642578125,1241.983642578125,0
2025-10-09 15:20:00+00:00,1240.7611083984375,1242.2149658203125,1240.7611083984375,1242.2149658203125,0
2025-10-09 15:25:00+00:00,1237.3135986328125,1239.7860107421875,1237.3135986328125,1239.726318359375,0
2025-10-09 15:30:00+00:00,1238.0589599609375,1238.0589599609375,1235.5396728515625,1235.5396728515625,0
2025-10-09 15:35:00+00:00,1237.0556640625,1237.7242431640625,1236.9462890625,1237.4046630859375,0
2025-10-09 15:40:00+00:00,1235.317626953125,1236.681640625,1235.317626953125,1236.681640625,6645248
2025-10-09 15:45:00+00:00,1236.54248046875,1236.54248046875,1234.680419921875,1234.680419921875,3022336
2025-10-09 15:50:00+00:00,1238.285888671875,1238.285888671875,1236.319580078125,1236.319580078125,7646208
2025-10-09 15:55:00+00:00,1239.9073486328125,1241.0072021484375,1239.9073486328125,1241.0072021484375,7771648
2025-10-09 16:00:00+00:00,1241.7626953125,1241.7626953125,1240.492431640625,1240.492431640625,0
2025-10-09 16:05:00+00:00,1240.6702880859375,1241.913818359375,1240.6702880859375,1241.913818359375,5577728
2025-10-09 16:10:00+00:00,1236.575439453125,1238.162109375,1236.5753173828125,1238.162109375,0
2025-10-09 16:15:00+00:00,1236.0772705078125,1236.0772705078125,1235.3734130859375,1235.3734130859375,0
2025-10-09 16:20:00+00:00,1231.6998291015625,1235.677734375,1231.523681640625,1235.677734375,8443392
2025-10-09 16:25:00+00:00,1230.8773193359375,1230.9278564453125,1230.654296875,1230.654296875,26124800
2025-10-09 16:30:00+00:00,1228.4461669921875,1231.504638671875,1228.4461669921875,1231.504638671875,14848000
2025-10-09 16:35:00+00:00,1228.5185546875,1228.611328125,1228.4053955078125,1228.5302734375,5948416
2025-10-09 16:40:00+00:00,1229.2626953125,1229.3956298828125,1228.4127197265625,1229.3956298828125,13506048
2025-10-09 16:45:00+00:00,1232.904296875,1232.904296875,1229.3603515625,1229.3603515625,16870912
2025-10-09 16:50:00+00:00,1232.5234375,1232.89453125,1232.5234375,1232.8426513671875,0
2025-10-09 16:55:00+00:00,1231.08056640625,1231.8883056640625,1231.08056640625,1231.8883056640625,17549824
2025-10-09 17:00:00+00:00,1232.013671875,1232.013671875,1229.6397705078125,1230.5281982421875,19588608
2025-10-09 17:05:00+00:00,1235.9300537109375,1235.9300537109375,1232.70068359375,1232.70068359375,26445824
2025-10-09 17:10:00+00:00,1241.1827392578125,1241.26416015625,1239.132568359375,1239.132568359375,33631744
2025-10-09 17:15:00+00:00,1238.3397216796875,1241.07177734375,1238.3397216796875,1241.07177734375,0
2025-10-09 17:20:00+00:00,1240.301513671875,1240.301513671875,1238.3695068359375,1238.3695068359375,0
2025-10-09 17:25:00+00:00,1238.37744140625,1240.594970703125,1238.1767578125,1240.594970703125,0
2025-10-09 17:30:00+00:00,1239.657958984375,1239.657958984375,1238.23828125,1238.23828125,0
2025-10-09 17:35:00+00:00,1240.8917236328125,1240.8917236328125,1239.6651611328125,1240.010009765625,6876672
2025-10-09 17:40:00+00:00,1242.062744140625,1242.062744140625,1241.4833984375,1241.513427734375,4895232
2025-10-09 17:45:00+00:00,1243.4996337890625,1243.4996337890625,1241.8995361328125,1241.8995361328125,2496000
2025-10-09 17:50:00+00:00,1244.3975830078125,1244.7257080078125,1243.644775390625,1243.644775390625,2839040
2025-10-09 17:55:00+00:00,1243.7276611328125,1243.7276611328125,1242.80810546875,1242.8564453125,0
2025-10-09 18:00:00+00:00,1244.286376953125,1245.7840576171875,1244.286376953125,1245.7840576171875,0
2025-10-09 18:05:00+00:00,1243.8106689453125,1243.8724365234375,1243.5916748046875,1243.8724365234375,0
2025-10-09 18:10:00+00:00,1244.326171875,1244.326171875,1243.3084716796875,1243.3084716796875,0
2025-10-09 18:15:00+00:00,1245.0244140625,1245.15625,1244.19677734375,1244.19677734375,0
2025-10-09 18:20:00+00:00,1243.180908203125,1244.660888671875,1243.180908203125,1244.660888671875,0
2025-10-09 18:25:00+00:00,1244.971923828125,1245.188720703125,1243.8604736328125,1243.8604736328125,0
2025-10-09 18:30:00+00:00,1244.19091796875,1245.060791015625,1244.19091796875,1245.060791015625,0
2025-10-09 18:35:00+00:00,1244.396240234375,1244.51318359375,1244.396240234375,1244.4849853515625,0
2025-10-09 18:40:00+00:00,1241.1654052734375,1242.9525146484375,1241.10107421875,1242.9525146484375,9050624
2025-10-09 18:45:00+00:00,1240.3563232421875,1241.31103515625,1240.3563232421875,1241.31103515625,0
2025-10-09 18:50:00+00:00,1239.8714599609375,1239.9879150390625,1239.78759765625,1239.9879150390625,0
2025-10-09 18:55:00+00:00,1239.55859375,1239.8367919921875,1239.1134033203125,1239.368896484375,4193792
2025-10-09 19:00:00+00:00,1241.1884765625,1241.1884765625,1239.0089111328125,1239.0089111328125,0
2025-10-09 19:05:00+00:00,1242.8828125,1243.0001220703125,1241.4376220703125,1241.4376220703125,0
2025-10-09 19:10:00+00:00,1242.5489501953125,1242.5489501953125,1242.2176513671875,1242.349853515625,0
2025-10-09 19:15:00+00:00,1241.1661376953125,1243.1827392578125,1241.1661376953125,1242.7088623046875,0
2025-10-09 19:20:00+00:00,1241.6927490234375,1241.6927490234375,1241.054443359375,1241.054443359375,854528
2025-10-09 19:25:00+00:00,1243.0828857421875,1243.0828857421875,1241.7398681640625,1241.7398681640625,2768384
2025-10-09 19:30:00+00:00,1243.163818359375,1243.6302490234375,1243.09716796875,1243.09716796875,0
2025-10-09 19:35:00+00:00,1241.461669921875,1242.9925537109375,1241.1929931640625,1242.9925537109375,0
2025-10-09 19:40:00+00:00,1239.9632568359375,1241.0325927734375,1239.9632568359375,1241.0325927734375,0
2025-10-09 19:45:00+00:00,1239.93505859375,1239.93505859375,1239.7720947265625,1239.8287353515625,0
2025-10-09 19:50:00+00:00,1240.249267578125,1240.249267578125,1239.8009033203125,1239.8009033203125,1238016
2025-10-09 19:55:00+00:00,1240.558349609375,1240.852783203125,1240.466064453125,1240.6656494140625,1149440
2025-10-09 20:00:00+00:00,1243.7137451171875,1243.7137451171875,1241.821044921875,1241.8260498046875,0
2025-10-09 20:05:00+00:00,1242.894775390625,1243.6085205078125,1242.6708984375,1243.6085205078125,0
2025-10-09 20:10:00+00:00,1242.8583984375,1243.526611328125,1242.8583984375,1243.526611328125,5740032
2025-10-09 20:15:00+00:00,1241.4796142578125,1242.4747314453125,1241.251708984375,1242.4747314453125,0
2025-10-09 20:20:00+00:00,1242.3885498046875,1242.4381103515625,1241.6285400390625,1241.6285400390625,2547712
2025-10-09 20:25:00+00:00,1244.196533203125,1244.196533203125,1243.1015625,1243.1015625,0
2025-10-09 20:30:00+00:00,1245.0400390625,1245.0400390625,1244.1903076171875,1244.1903076171875,0
2025-10-09 20:35:00+00:00,1245.9820556640625,1246.5418701171875,1245.8505859375,1246.49853515625,0
2025-10-09 20:40:00+00:00,1246.878173828125,1246.878173828125,1246.260009765625,1246.260009765625,0
2025-10-09 20:45:00+00:00,1247.281982421875,1247.571044921875,1247.0302734375,1247.0302734375,0
2025-10-09 20:50:00+00:00,1246.4259033203125,1247.1280517578125,1246.4259033203125,1247.1280517578125,0
2025-10-09 20:55:00+00:00,1246.9302978515625,1246.9302978515625,1246.78515625,1246.8560791015625,780800
2025-10-09 21:00:00+00:00,1246.95654296875,1247.54638671875,1246.95654296875,1247.1185302734375,0
2025-10-09 21:05:00+00:00,1247.1357421875,1247.169921875,1246.9381103515625,1246.9381103515625,711168
2025-10-09 21:10:00+00:00,1248.283447265625,1248.283447265625,1247.2646484375,1247.2646484375,3284480
2025-10-09 21:15:00+00:00,1251.6275634765625,1251.6275634765625,1248.9033203125,1248.9033203125,10919936
2025-10-09 21:20:00+00:00,1252.17919921875,1252.2540283203125,1251.5015869140625,1251.7037353515625,7251456
2025-10-09 21:25:00+00:00,1251.7012939453125,1252.583740234375,1251.7012939453125,1252.583740234375,5965312
2025-10-09 21:30:00+00:00,1251.0894775390625,1251.6068115234375,1251.0894775390625,1251.6068115234375,0
2025-10-09 21:35:00+00:00,1253.0616455078125,1253.0616455078125,1251.2657470703125,1251.2657470703125,2753024
2025-10-09 21:40:00+00:00,1253.4158935546875,1253.4158935546875,1252.9755859375,1253.21484375,220160
2025-10-09 21:45:00+00:00,1252.5445556640625,1253.426025390625,1252.5445556640625,1253.426025390625,0
2025-10-09 21:50:00+00:00,1253.004638671875,1253.004638671875,1252.51513671875,1252.51513671875,0
2025-10-09 21:55:00+00:00,1254.705810546875,1254.705810546875,1253.5203857421875,1253.5203857421875,0
2025-10-09 22:00:00+00:00,1254.5728759765625,1254.5728759765625,1254.328369140625,1254.5159912109375,0
2025-10-09 22:05:00+00:00,1255.9678955078125,1255.9678955078125,1254.489501953125,1254.489501953125,1807360
2025-10-09 22:10:00+00:00,1256.0960693359375,1256.146728515625,1256.0960693359375,1256.146728515625,731136
2025-10-09 22:15:00+00:00,1257.76806640625,1257.76806640625,1256.0574951171875,1256.0574951171875,7156736
2025-10-09 22:20:00+00:00,1258.0753173828125,1258.1033935546875,1257.776123046875,1257.776123046875,2203136
2025-10-09 22:25:00+00:00,1258.304931640625,1258.511962890625,1258.304931640625,1258.3585205078125,0
2025-10-09 22:30:00+00:00,1256.64599609375,1257.930419921875,1256.64599609375,1257.930419921875,0
2025-10-09 22:35:00+00:00,1255.9691162109375,1256.6650390625,1255.9527587890625,1256.6650390625,0
2025-10-09 22:40:00+00:00,1256.833984375,1256.8812255859375,1256.1923828125,1256.1923828125,3547648
2025-10-09 22:45:00+00:00,1258.5321044921875,1258.5321044921875,1257.552490234375,1257.61376953125,0
2025-10-09 22:50:00+00:00,1258.358642578125,1258.5872802734375,1258.3568115234375,1258.3568115234375,2336256
2025-10-09 22:55:00+00:00,1258.3424072265625,1258.3424072265625,1257.5091552734375,1257.5091552734375,3012096
2025-10-09 23:00:00+00:00,1257.5877685546875,1259.3955078125,1257.5877685546875,1258.5579833984375,0
2025-10-09 23:05:00+00:00,1256.7420654296875,1257.7008056640625,1256.7420654296875,1257.7008056640625,0
2025-10-09 23:10:00+00:00,1255.4251708984375,1256.1629638671875,1255.4251708984375,1256.1629638671875,0
2025-10-09 23:15:00+00:00,1252.9193115234375,1255.1766357421875,1252.9193115234375,1255.1766357421875,0
2025-10-09 23:20:00+00:00,1253.8592529296875,1253.8592529296875,1253.0469970703125,1253.0469970703125,1141248
2025-10-09 23:25:00+00:00,1253.86474609375,1254.1966552734375,1253.779052734375,1253.9373779296875,0
2025-10-09 23:30:00+00:00,1253.44677734375,1253.5814208984375,1253.4151611328125,1253.5814208984375,0
2025-10-09 23:35:00+00:00,1253.8739013671875,1253.8739013671875,1253.43701171875,1253.43701171875,0
2025-10-09 23:40:00+00:00,1254.3402099609375,1254.509765625,1254.206298828125,1254.50927734375,0
2025-10-09 23:45:00+00:00,1255.0545654296875,1255.0545654296875,1254.342041015625,1254.342041015625,42496
2025-10-09 23:50:00+00:00,1255.5042724609375,1255.5042724609375,1255.09619140625,1255.09619140625,0
2025-10-09 23:55:00+00:00,1255.9927978515625,1255.9927978515625,1255.987548828125,1255.987548828125,1073664
2025-10-10 00:00:00+00:00,1257.3438720703125,1257.3438720703125,1256.023681640625,1256.023681640625,0
2025-10-10 00:05:00+00:00,1257.3306884765625,1257.614013671875,1257.175537109375,1257.175537109375,4362240
2025-10-10 00:10:00+00:00,1257.2735595703125,1257.2735595703125,1256.7291259765625,1256.8426513671875,4271104
2025-10-10 00:15:00+00:00,1260.614990234375,1260.614990234375,1258.6339111328125,1258.6339111328125,5196800
2025-10-10 00:20:00+00:00,1261.9451904296875,1261.9451904296875,1260.65283203125,1260.65283203125,6380032
2025-10-10 00:25:00+00:00,1264.7359619140625,1264.7525634765625,1261.93310546875,1261.93310546875,20861952
2025-10-10 00:30:00+00:00,1266.6014404296875,1268.3131103515625,1266.6014404296875,1268.3131103515625,13183488
2025-10-10 00:35:00+00:00,1265.924560546875,1266.48291015625,1265.924560546875,1266.48291015625,3105792
2025-10-10 00:40:00+00:00,1264.5992431640625,1265.277587890625,1264.5992431640625,1265.277587890625,898560
2025-10-10 00:45:00+00:00,1262.8331298828125,1264.376953125,1262.8331298828125,1264.376953125,0
2025-10-10 00:50:00+00:00,1260.6551513671875,1262.4970703125,1260.48388671875,1262.4970703125,0
2025-10-10 00:55:00+00:00,1259.072998046875,1260.7939453125,1259.0474853515625,1260.756103515625,0
2025-10-10 01:00:00+00:00,1259.7847900390625,1259.7847900390625,1258.27099609375,1258.27099609375,0
2025-10-10 01:05:00+00:00,1259.802734375,1260.1319580078125,1259.6866455078125,1259.6866455078125,3247616
2025-10-10 01:10:00+00:00,1259.3822021484375,1259.405517578125,1259.3115234375,1259.3115234375,0
2025-10-10 01:15:00+00:00,1259.0958251953125,1259.557861328125,1259.0958251953125,1259.5321044921875,0
2025-10-10 01:20:00+00:00,1258.7845458984375,1259.2017822265625,1258.718994140625,1259.2017822265625,0
2025-10-10 01:25:00+00:00,1255.553466796875,1256.4544677734375,1255.3973388671875,1256.4544677734375,384512
2025-10-10 01:30:00+00:00,1256.77001953125,1256.9034423828125,1256.4786376953125,1256.9034423828125,1955328
2025-10-10 01:35:00+00:00,1255.1949462890625,1256.77490234375,1255.1949462890625,1256.77490234375,728576
2025-10-10 01:40:00+00:00,1253.6326904296875,1254.5789794921875,1253.512939453125,1254.5789794921875,99328
2025-10-10 01:45:00+00:00,1252.57470703125,1253.583984375,1252.57470703125,1253.583984375,0
2025-10-10 01:50:00+00:00,1251.2236328125,1251.2236328125,1250.80712890625,1250.80712890625,3515392
2025-10-10 01:55:00+00:00,1250.19140625,1250.23486328125,1250.1553955078125,1250.23486328125,2144256
2025-10-10 02:00:00+00:00,1249.8394775390625,1250.457275390625,1249.8394775390625,1250.1226806640625,0
2025-10-10 02:05:00+00:00,1247.55322265625,1249.81982421875,1247.55322265625,1249.7587890625,1787392
2025-10-10 02:10:00+00:00,1247.610595703125,1247.610595703125,1246.286376953125,1246.286376953125,0
2025-10-10 02:15:00+00:00,1249.6676025390625,1249.6676025390625,1247.6646728515625,1247.6646728515625,0
2025-10-10 02:20:00+00:00,1253.0994873046875,1253.2432861328125,1250.2457275390625,1250.2457275390625,0
2025-10-10 02:25:00+00:00,1252.6517333984375,1252.6517333984375,1252.54150390625,1252.54150390625,0
2025-10-10 02:30:00+00:00,1251.8487548828125,1252.98876953125,1251.8487548828125,1252.98876953125,0
2025-10-10 02:35:00+00:00,1251.5308837890625,1251.942626953125,1251.5308837890625,1251.9237060546875,0
2025-10-10 02:40:00+00:00,1252.2535400390625,1252.3673095703125,1251.652099609375,1251.652099609375,0
2025-10-10 02:45:00+00:00,1250.4180908203125,1251.1058349609375,1250.4180908203125,1251.1058349609375,0
2025-10-10 02:50:00+00:00,1250.0245361328125,1250.5325927734375,1250.0245361328125,1250.442626953125,0
2025-10-10 02:55:00+00:00,1247.803955078125,1248.7679443359375,1247.803955078125,1248.7679443359375,0
2025-10-10 03:00:00+00:00,1247.243408203125,1247.5186767578125,1247.243408203125,1247.5186767578125,0
2025-10-10 03:05:00+00:00,1247.4720458984375,1247.6217041015625,1247.364501953125,1247.364501953125,0
2025-10-10 03:10:00+00:00,1247.9658203125,1247.9658203125,1247.3101806640625,1247.3101806640625,0
2025-10-10 03:15:00+00:00,1249.7662353515625,1249.7662353515625,1248.0264892578125,1248.0264892578125,0
2025-10-10 03:20:00+00:00,1252.2735595703125,1252.34521484375,1249.95556640625,1249.95556640625,0
2025-10-10 03:25:00+00:00,1253.7783203125,1253.7783203125,1252.447998046875,1252.447998046875,0
2025-10-10 03:30:00+00:00,1259.4530029296875,1259.4530029296875,1254.234619140625,1254.234619140625,0
2025-10-10 03:35:00+00:00,1259.45263671875,1259.6807861328125,1259.45263671875,1259.5469970703125,2217984
2025-10-10 03:40:00+00:00,1259.8370361328125,1259.8387451171875,1259.585205078125,1259.585205078125,1130496
2025-10-10 03:45:00+00:00,1262.344970703125,1262.344970703125,1260.077880859375,1260.077880859375,6862848
2025-10-10 03:50:00+00:00,1264.7611083984375,1264.7611083984375,1262.839111328125,1262.839111328125,14097920
2025-10-10 03:55:00+00:00,1260.3770751953125,1264.1978759765625,1260.3770751953125,1264.1978759765625,25634304
2025-10-10 04:00:00+00:00,1261.0791015625,1261.1146240234375,1260.2568359375,1260.2568359375,0
2025-10-10 04:05:00+00:00,1263.3095703125,1263.3095703125,1261.1639404296875,1261.1639404296875,2885632
2025-10-10 04:10:00+00:00,1266.6539306640625,1266.6539306640625,1264.5599365234375,1264.5599365234375,10034688
2025-10-10 04:15:00+00:00,1265.616943359375,1267.4630126953125,1265.616943359375,1267.4630126953125,814592
2025-10-10 04:20:00+00:00,1265.66748046875,1265.66748046875,1265.5223388671875,1265.6043701171875,0
2025-10-10 04:25:00+00:00,1268.0238037109375,1268.0238037109375,1266.1484375,1266.1484375,7873536
2025-10-10 04:30:00+00:00,1271.92724609375,1271.92724609375,1268.0980224609375,1268.0980224609375,7968256
2025-10-10 04:35:00+00:00,1271.4595947265625,1271.873046875,1271.310546875,1271.873046875,9757696
2025-10-10 04:40:00+00:00,1270.733154296875,1270.815673828125,1270.5584716796875,1270.815673828125,10409984
2025-10-10 04:45:00+00:00,1267.2362060546875,1270.25537109375,1267.2362060546875,1270.25537109375,949248
2025-10-10 04:50:00+00:00,1266.7159423828125,1267.13427734375,1266.7159423828125,1267.1094970703125,10105344
2025-10-10 04:55:00+00:00,1265.83837890625,1266.607177734375,1265.6680908203125,1266.607177734375,3635200
2025-10-10 05:00:00+00:00,1264.3629150390625,1265.5997314453125,1264.3629150390625,1265.5997314453125,0
2025-10-10 05:05:00+00:00,1262.3865966796875,1264.180908203125,1262.0565185546875,1264.180908203125,7148544
2025-10-10 05:10:00+00:00,1262.1986083984375,1262.1986083984375,1261.472900390625,1261.472900390625,8123392
2025-10-10 05:15:00+00:00,1264.99072265625,1264.99072265625,1262.3963623046875,1262.3963623046875,0
2025-10-10 05:20:00+00:00,1266.859375,1266.859375,1265.179443359375,1265.179443359375,225792
2025-10-10 05:25:00+00:00,1268.2869873046875,1268.2869873046875,1267.877197265625,1267.877197265625,2153984
2025-10-10 05:30:00+00:00,1267.8765869140625,1269.2867431640625,1267.8765869140625,1268.4520263671875,0
2025-10-10 05:35:00+00:00,1267.4781494140625,1267.8614501953125,1267.225341796875,1267.8614501953125,0
2025-10-10 05:40:00+00:00,1269.4736328125,1269.4736328125,1268.31298828125,1268.31298828125,0
2025-10-10 05:45:00+00:00,1272.0872802734375,1272.0872802734375,1269.714111328125,1269.714111328125,0
2025-10-10 05:50:00+00:00,1273.3680419921875,1273.4080810546875,1272.10400390625,1272.10400390625,1327616
2025-10-10 05:55:00+00:00,1271.720458984375,1272.952392578125,1271.720458984375,1272.952392578125,0
2025-10-10 06:00:00+00:00,1272.3162841796875,1272.3162841796875,1271.371337890625,1271.7786865234375,0
2025-10-10 06:05:00+00:00,1274.2244873046875,1274.2244873046875,1272.3765869140625,1272.3765869140625,0
2025-10-10 06:10:00+00:00,1274.5989990234375,1275.694580078125,1274.5989990234375,1275.694580078125,0
2025-10-10 06:15:00+00:00,1275.6204833984375,1276.3428955078125,1274.7972412109375,1274.7972412109375,0
2025-10-10 06:20:00+00:00,1273.7197265625,1275.20361328125,1273.7197265625,1275.20361328125,0
2025-10-10 06:25:00+00:00,1273.6702880859375,1273.888916015625,1272.905517578125,1272.905517578125,0
2025-10-10 06:30:00+00:00,1272.496826171875,1273.62353515625,1272.496826171875,1273.62353515625,0
2025-10-10 06:35:00+00:00,1273.81494140625,1273.869140625,1272.87939453125,1272.87939453125,0
2025-10-10 06:40:00+00:00,1274.05517578125,1274.1685791015625,1272.771728515625,1272.771728515625,0
2025-10-10 06:45:00+00:00,1274.7333984375,1275.209716796875,1274.7333984375,1275.1768798828125,0
2025-10-10 06:50:00+00:00,1272.8206787109375,1274.7493896484375,1272.7708740234375,1274.7493896484375,0
2025-10-10 06:55:00+00:00,1270.7799072265625,1272.2010498046875,1270.7799072265625,1272.2010498046875,0
2025-10-10 07:00:00+00:00,1268.129638671875,1270.5006103515625,1268.129638671875,1270.5006103515625,0
2025-10-10 07:05:00+00:00,1267.83251953125,1268.0531005859375,1267.83251953125,1268.0531005859375,0
2025-10-10 07:10:00+00:00,1269.0457763671875,1269.0457763671875,1267.1929931640625,1267.1929931640625,0
2025-10-10 07:15:00+00:00,1269.8951416015625,1271.5477294921875,1269.3638916015625,1269.3638916015625,0
2025-10-10 07:20:00+00:00,1269.6370849609375,1270.3260498046875,1269.6370849609375,1270.3260498046875,0
2025-10-10 07:25:00+00:00,1267.65966796875,1268.1405029296875,1267.65966796875,1268.1405029296875,0
2025-10-10 07:30:00+00:00,1267.9605712890625,1268.492919921875,1267.94677734375,1267.94677734375,0
2025-10-10 07:35:00+00:00,1266.3095703125,1266.95751953125,1266.3095703125,1266.8916015625,0
2025-10-10 07:40:00+00:00,1265.077392578125,1265.4068603515625,1265.077392578125,1265.4068603515625,0
2025-10-10 07:45:00+00:00,1264.05810546875,1265.2041015625,1264.05810546875,1265.1405029296875,0
2025-10-10 07:50:00+00:00,1264.4281005859375,1264.4281005859375,1263.9776611328125,1263.98583984375,0
2025-10-10 07:55:00+00:00,1265.225341796875,1265.70849609375,1265.225341796875,1265.6173095703125,0
2025-10-10 08:00:00+00:00,1266.8182373046875,1266.8182373046875,1265.10986328125,1265.158935546875,0
2025-10-10 08:05:00+00:00,1265.3448486328125,1266.6962890625,1265.3031005859375,1266.6962890625,0
2025-10-10 08:10:00+00:00,1264.4583740234375,1265.3101806640625,1264.4583740234375,1265.3099365234375,0
2025-10-10 08:15:00+00:00,1267.57080078125,1267.57080078125,1264.3907470703125,1264.3907470703125,0
2025-10-10 08:20:00+00:00,1269.0728759765625,1269.0728759765625,1267.4100341796875,1267.4197998046875,0
2025-10-10 08:25:00+00:00,1267.634765625,1268.5255126953125,1267.634765625,1268.470703125,0
2025-10-10 08:30:00+00:00,1265.9512939453125,1267.5379638671875,1265.9512939453125,1267.5379638671875,0
2025-10-10 08:35:00+00:00,1265.6072998046875,1265.968017578125,1265.4669189453125,1265.9552001953125,0
2025-10-10 08:40:00+00:00,1264.8502197265625,1265.76904296875,1264.6776123046875,1265.76904296875,0
2025-10-10 08:45:00+00:00,1265.802001953125,1266.0821533203125,1265.008056640625,1265.008056640625,0
2025-10-10 08:50:00+00:00,1266.5640869140625,1266.5855712890625,1265.998779296875,1265.998779296875,0
2025-10-10 08:55:00+00:00,1267.1671142578125,1267.1671142578125,1266.5545654296875,1266.5545654296875,0
2025-10-10 09:00:00+00:00,1265.8072509765625,1267.044189453125,1265.8072509765625,1267.042724609375,0
2025-10-10 09:05:00+00:00,1264.0653076171875,1265.5262451171875,1264.0653076171875,1265.5262451171875,0
2025-10-10 09:10:00+00:00,1262.0968017578125,1263.2166748046875,1262.0968017578125,1263.2166748046875,0
2025-10-10 09:15:00+00:00,1259.29541015625,1260.7841796875,1259.29541015625,1260.7841796875,0
2025-10-10 09:20:00+00:00,1257.5675048828125,1259.1141357421875,1257.5675048828125,1259.1141357421875,0
2025-10-10 09:25:00+00:00,1258.8250732421875,1258.8250732421875,1257.011962890625,1257.011962890625,0
2025-10-10 09:30:00+00:00,1258.97509765625,1259.1094970703125,1258.97509765625,1259.097412109375,0
2025-10-10 09:35:00+00:00,1258.2242431640625,1258.739990234375,1258.2242431640625,1258.739990234375,0
2025-10-10 09:40:00+00:00,1254.44091796875,1257.9559326171875,1254.3345947265625,1257.9559326171875,1657856
2025-10-10 09:45:00+00:00,1252.6029052734375,1253.3370361328125,1252.6029052734375,1253.3370361328125,0
2025-10-10 09:50:00+00:00,1250.89208984375,1252.5968017578125,1250.89208984375,1252.5968017578125,0
2025-10-10 09:55:00+00:00,1249.076416015625,1249.7939453125,1249.076416015625,1249.7939453125,1379840
2025-10-10 10:00:00+00:00,1249.6348876953125,1249.6348876953125,1249.0716552734375,1249.0716552734375,0
2025-10-10 10:05:00+00:00,1251.03271484375,1251.0701904296875,1250.1590576171875,1250.1590576171875,0
2025-10-10 10:10:00+00:00,1251.17529296875,1251.3292236328125,1250.9278564453125,1250.9278564453125,0
2025-10-10 10:15:00+00:00,1250.626953125,1251.1455078125,1250.625244140625,1251.1455078125,0
2025-10-10 10:20:00+00:00,1249.55322265625,1250.4925537109375,1249.5496826171875,1250.4925537109375,0
2025-10-10 10:25:00+00:00,1247.58056640625,1248.468017578125,1247.58056640625,1248.468017578125,0
2025-10-10 10:30:00+00:00,1248.1488037109375,1248.1488037109375,1247.1407470703125,1247.1407470703125,0
2025-10-10 10:35:00+00:00,1248.40283203125,1248.4228515625,1248.1351318359375,1248.1351318359375,0
2025-10-10 10:40:00+00:00,1249.0677490234375,1249.0677490234375,1248.553466796875,1248.553466796875,0
2025-10-10 10:45:00+00:00,1250.1048583984375,1250.1048583984375,1249.2325439453125,1249.2325439453125,0
2025-10-10 10:50:00+00:00,1251.8167724609375,1251.824951171875,1250.3934326171875,1250.3934326171875,751616
2025-10-10 10:55:00+00:00,1251.3701171875,1251.8865966796875,1251.3701171875,1251.5166015625,0
2025-10-10 11:00:00+00:00,1251.8951416015625,1251.8974609375,1251.631103515625,1251.631103515625,0
2025-10-10 11:05:00+00:00,1260.4368896484375,1260.4368896484375,1252.952392578125,1252.952392578125,16561152
2025-10-10 11:10:00+00:00,1267.5958251953125,1270.290283203125,1267.5958251953125,1269.3544921875,68310528
2025-10-10 11:15:00+00:00,1268.6824951171875,1268.6824951171875,1266.8345947265625,1267.1671142578125,12550656
2025-10-10 11:20:00+00:00,1265.2816162109375,1268.2740478515625,1265.2816162109375,1268.2740478515625,146944
2025-10-10 11:25:00+00:00,1264.2613525390625,1264.2613525390625,1263.667236328125,1263.667236328125,0
2025-10-10 11:30:00+00:00,1266.978271484375,1266.978271484375,1264.29833984375,1264.29833984375,0
2025-10-10 11:35:00+00:00,1268.02783203125,1268.1304931640625,1266.9189453125,1266.9189453125,1509888
2025-10-10 11:40:00+00:00,1268.920166015625,1268.920166015625,1268.173828125,1268.18212890625,812544
2025-10-10 11:45:00+00:00,1268.0555419921875,1269.2666015625,1268.0555419921875,1269.2666015625,0
2025-10-10 11:50:00+00:00,1269.833251953125,1269.833251953125,1268.104736328125,1268.104736328125,0
2025-10-10 11:55:00+00:00,1271.2086181640625,1271.7655029296875,1271.2086181640625,1271.7655029296875,14921728
2025-10-10 12:00:00+00:00,1270.155517578125,1270.8760986328125,1270.155517578125,1270.781494140625,0
2025-10-10 12:05:00+00:00,1272.125,1272.125,1270.3184814453125,1270.3184814453125,0
2025-10-10 12:10:00+00:00,1273.2314453125,1273.318115234375,1273.1383056640625,1273.318115234375,0
2025-10-10 12:15:00+00:00,1272.366943359375,1272.619873046875,1272.366943359375,1272.619873046875,0
2025-10-10 12:20:00+00:00,1272.600341796875,1272.9317626953125,1272.4783935546875,1272.4783935546875,0
2025-10-10 12:25:00+00:00,1272.12841796875,1272.3363037109375,1272.115966796875,1272.3363037109375,0
2025-10-10 12:30:00+00:00,1269.7470703125,1272.1700439453125,1269.7470703125,1272.1700439453125,0
2025-10-10 12:35:00+00:00,1270.100830078125,1270.144287109375,1269.89306640625,1269.89306640625,0
2025-10-10 12:40:00+00:00,1270.2901611328125,1270.2901611328125,1270.19091796875,1270.25244140625,0
2025-10-10 12:45:00+00:00,1270.114501953125,1270.337158203125,1269.7916259765625,1270.337158203125,0
2025-10-10 12:50:00+00:00,1272.803466796875,1272.803466796875,1270.3148193359375,1270.3148193359375,0
2025-10-10 12:55:00+00:00,1271.8626708984375,1272.3228759765625,1271.8626708984375,1272.3228759765625,0
2025-10-10 13:00:00+00:00,1271.56494140625,1271.56494140625,1271.144287109375,1271.1763916015625,0
2025-10-10 13:05:00+00:00,1270.96728515625,1271.7138671875,1270.9151611328125,1271.7138671875,0
2025-10-10 13:10:00+00:00,1268.9715576171875,1270.883544921875,1268.9715576171875,1270.883544921875,0
2025-10-10 13:15:00+00:00,1268.3848876953125,1269.2156982421875,1268.3848876953125,1268.98486328125,0
2025-10-10 13:20:00+00:00,1269.3065185546875,1269.3336181640625,1268.7706298828125,1268.7706298828125,0
2025-10-10 13:25:00+00:00,1269.502197265625,1269.502197265625,1269.0985107421875,1269.0985107421875,0
2025-10-10 13:30:00+00:00,1264.175048828125,1269.1046142578125,1264.175048828125,1269.1046142578125,8841216
2025-10-10 13:35:00+00:00,1263.552490234375,1264.5323486328125,1262.1768798828125,1264.5323486328125,75186176
2025-10-10 13:40:00+00:00,1262.1575927734375,1265.048095703125,1262.1575927734375,1265.048095703125,7275520
2025-10-10 13:45:00+00:00,1258.11669921875,1261.788818359375,1258.11669921875,1261.788818359375,0
2025-10-10 13:50:00+00:00,1255.2816162109375,1257.6378173828125,1255.2816162109375,1257.6378173828125,6092288
2025-10-10 13:55:00+00:00,1250.4705810546875,1252.0455322265625,1250.4705810546875,1252.0455322265625,9546240
2025-10-10 14:00:00+00:00,1253.7916259765625,1253.7916259765625,1250.7825927734375,1250.7825927734375,0
2025-10-10 14:05:00+00:00,1255.021484375,1255.25537109375,1254.1307373046875,1254.1307373046875,0
2025-10-10 14:10:00+00:00,1255.1531982421875,1255.6568603515625,1255.1531982421875,1255.26806640625,0
2025-10-10 14:15:00+00:00,1250.9207763671875,1254.8785400390625,1250.9207763671875,1254.8785400390625,0
2025-10-10 14:20:00+00:00,1249.724365234375,1250.8009033203125,1249.724365234375,1250.8009033203125,0
2025-10-10 14:25:00+00:00,1251.490478515625,1251.5302734375,1249.916259765625,1249.916259765625,0
2025-10-10 14:30:00+00:00,1251.8885498046875,1251.8885498046875,1250.747314453125,1250.747314453125,0
2025-10-10 14:35:00+00:00,1252.6910400390625,1252.6910400390625,1252.1759033203125,1252.177734375,0
2025-10-10 14:40:00+00:00,1252.5487060546875,1253.266845703125,1252.5487060546875,1253.2537841796875,0
2025-10-10 14:45:00+00:00,1252.05078125,1252.580078125,1251.6099853515625,1252.580078125,0
2025-10-10 14:50:00+00:00,1252.6695556640625,1252.6695556640625,1252.1591796875,1252.1654052734375,0
2025-10-10 14:55:00+00:00,1250.365478515625,1251.60791015625,1250.365478515625,1251.5023193359375,0
2025-10-10 15:00:00+00:00,1237.2318115234375,1243.25439453125,1237.2318115234375,1243.25439453125,35241984
2025-10-10 15:05:00+00:00,1234.9176025390625,1235.976318359375,1234.9176025390625,1235.976318359375,27240960
2025-10-10 15:10:00+00:00,1236.0882568359375,1236.0882568359375,1234.6182861328125,1234.6182861328125,34980352
2025-10-10 15:15:00+00:00,1232.5557861328125,1235.9215087890625,1232.5557861328125,1235.9215087890625,13726208
2025-10-10 15:20:00+00:00,1225.9698486328125,1232.68212890625,1225.5765380859375,1232.68212890625,34295296
2025-10-10 15:25:00+00:00,1222.9427490234375,1225.624755859375,1222.9427490234375,1225.624755859375,66570240
2025-10-10 15:30:00+00:00,1222.951416015625,1223.09619140625,1222.951416015625,1223.09619140625,71326208
2025-10-10 15:35:00+00:00,1214.5345458984375,1215.4874267578125,1213.0408935546875,1215.0487060546875,93449728
2025-10-10 15:40:00+00:00,1218.8642578125,1218.8642578125,1215.7574462890625,1215.8011474609375,77062656
2025-10-10 15:45:00+00:00,1221.7867431640625,1224.558349609375,1221.7867431640625,1224.3572998046875,33437184
2025-10-10 15:50:00+00:00,1218.7523193359375,1221.265869140625,1218.7523193359375,1221.265869140625,8284160
2025-10-10 15:55:00+00:00,1216.714111328125,1218.3062744140625,1216.3331298828125,1218.3062744140625,17563136
2025-10-10 16:00:00+00:00,1215.94482421875,1216.4161376953125,1215.7135009765625,1216.4161376953125,0
2025-10-10 16:05:00+00:00,1220.72216796875,1220.72216796875,1216.095703125,1216.095703125,20833280
2025-10-10 16:10:00+00:00,1223.1158447265625,1223.808837890625,1222.5904541015625,1223.808837890625,21396480
2025-10-10 16:15:00+00:00,1221.9639892578125,1223.5447998046875,1221.9639892578125,1222.86376953125,10135552
2025-10-10 16:20:00+00:00,1225.5760498046875,1225.5760498046875,1222.5731201171875,1222.5731201171875,5750784
2025-10-10 16:25:00+00:00,1232.662109375,1232.662109375,1230.1513671875,1230.19921875,5763584
2025-10-10 16:30:00+00:00,1235.437255859375,1235.437255859375,1232.1812744140625,1232.1812744140625,0
2025-10-10 16:35:00+00:00,1237.982666015625,1237.982666015625,1235.818359375,1235.818359375,17194496
2025-10-10 16:40:00+00:00,1235.7943115234375,1240.5546875,1235.7943115234375,1240.5546875,24268800
2025-10-10 16:45:00+00:00,1232.3814697265625,1234.2530517578125,1232.3814697265625,1233.921142578125,1534976
2025-10-10 16:50:00+00:00,1230.0906982421875,1232.6092529296875,1229.850341796875,1232.6092529296875,23136768
2025-10-10 16:55:00+00:00,1226.53076171875,1227.4560546875,1226.53076171875,1227.4560546875,0
2025-10-10 17:00:00+00:00,1227.0657958984375,1227.079345703125,1226.7762451171875,1226.7762451171875,0
2025-10-10 17:05:00+00:00,1228.373291015625,1228.373291015625,1226.744140625,1226.744140625,0
2025-10-10 17:10:00+00:00,1230.75927734375,1231.6070556640625,1230.72900390625,1231.188720703125,6836736
2025-10-10 17:15:00+00:00,1230.0626220703125,1230.2515869140625,1229.5130615234375,1230.2515869140625,0
2025-10-10 17:20:00+00:00,1226.87060546875,1229.7593994140625,1226.4495849609375,1229.7593994140625,2034176
2025-10-10 17:25:00+00:00,1226.578857421875,1228.4185791015625,1226.1573486328125,1228.4185791015625,5139968
2025-10-10 17:30:00+00:00,1227.705322265625,1228.877685546875,1227.705322265625,1228.877685546875,2185216
2025-10-10 17:35:00+00:00,1226.3931884765625,1227.5135498046875,1226.3931884765625,1227.5135498046875,2729984
2025-10-10 17:40:00+00:00,1227.265380859375,1227.265380859375,1225.234130859375,1225.234130859375,14398464
2025-10-10 17:45:00+00:00,1227.131103515625,1227.318359375,1226.786865234375,1227.318359375,528896
2025-10-10 17:50:00+00:00,1227.51416015625,1227.623291015625,1226.8865966796875,1226.8865966796875,1246720
2025-10-10 17:55:00+00:00,1228.0662841796875,1228.0662841796875,1227.740478515625,1227.8841552734375,3018752
2025-10-10 18:00:00+00:00,1228.6802978515625,1228.6802978515625,1227.90478515625,1227.90478515625,0
2025-10-10 18:05:00+00:00,1228.0950927734375,1228.19287109375,1227.9990234375,1228.19287109375,5608960
2025-10-10 18:10:00+00:00,1228.43505859375,1228.43505859375,1228.2022705078125,1228.2022705078125,6477312
2025-10-10 18:15:00+00:00,1228.0780029296875,1228.5997314453125,1228.0780029296875,1228.580078125,0
2025-10-10 18:20:00+00:00,1229.4676513671875,1229.4676513671875,1228.12158203125,1228.12158203125,2283520
2025-10-10 18:25:00+00:00,1232.8663330078125,1232.8663330078125,1231.8494873046875,1231.8724365234375,10574336
2025-10-10 18:30:00+00:00,1232.2099609375,1232.2120361328125,1232.2099609375,1232.2120361328125,0
2025-10-10 18:35:00+00:00,1232.2264404296875,1232.541748046875,1232.2264404296875,1232.541748046875,1827840
2025-10-10 18:40:00+00:00,1230.57470703125,1231.243896484375,1230.2418212890625,1231.243896484375,0
2025-10-10 18:45:00+00:00,1227.2998046875,1230.570068359375,1227.2998046875,1230.570068359375,0
2025-10-10 18:50:00+00:00,1225.519287109375,1227.266845703125,1225.519287109375,1227.266845703125,4132352
2025-10-10 18:55:00+00:00,1225.069580078125,1225.2747802734375,1224.5584716796875,1224.5584716796875,8102912
2025-10-10 19:00:00+00:00,1223.86328125,1224.029052734375,1223.86328125,1224.029052734375,0
2025-10-10 19:05:00+00:00,1222.213623046875,1223.8427734375,1222.213623046875,1223.8427734375,11753984
2025-10-10 19:10:00+00:00,1224.5284423828125,1224.5284423828125,1221.58984375,1221.58984375,22661120
2025-10-10 19:15:00+00:00,1227.5806884765625,1227.5806884765625,1224.2880859375,1224.2880859375,10900992
2025-10-10 19:20:00+00:00,1225.8001708984375,1227.5457763671875,1225.8001708984375,1227.5457763671875,22574080
2025-10-10 19:25:00+00:00,1222.798828125,1223.5260009765625,1222.798828125,1223.5260009765625,32000512
2025-10-10 19:30:00+00:00,1215.9443359375,1217.7474365234375,1215.9443359375,1217.6734619140625,34092032
2025-10-10 19:35:00+00:00,1217.2620849609375,1217.2620849609375,1215.9443359375,1216.074951171875,19462144
2025-10-10 19:40:00+00:00,1219.3392333984375,1219.3392333984375,1218.01904296875,1218.01904296875,26914816
2025-10-10 19:45:00+00:00,1225.117919921875,1225.117919921875,1222.8900146484375,1223.4639892578125,21170688
2025-10-10 19:50:00+00:00,1224.675048828125,1225.2061767578125,1224.6146240234375,1225.2061767578125,13360128
2025-10-10 19:55:00+00:00,1230.5018310546875,1232.1121826171875,1223.3916015625,1223.5205078125,78512640
2025-10-10 20:00:00+00:00,1238.7633056640625,1238.7633056640625,1230.6466064453125,1230.6466064453125,92994560
2025-10-10 20:05:00+00:00,1236.5179443359375,1239.26220703125,1236.5179443359375,1239.26220703125,23751168
2025-10-10 20:10:00+00:00,1233.9801025390625,1235.1749267578125,1233.6126708984375,1235.1749267578125,21486080
2025-10-10 20:15:00+00:00,1234.3707275390625,1236.307861328125,1234.3441162109375,1234.3441162109375,28025856
2025-10-10 20:20:00+00:00,1233.01123046875,1234.252197265625,1232.5174560546875,1234.252197265625,10850816
2025-10-10 20:25:00+00:00,1234.43359375,1234.43359375,1234.038330078125,1234.038330078125,13725696
2025-10-10 20:30:00+00:00,1234.1529541015625,1234.4315185546875,1234.1529541015625,1234.4315185546875,4161024
2025-10-10 20:35:00+00:00,1231.2213134765625,1232.54541015625,1231.2213134765625,1232.54541015625,2144768
2025-10-10 20:40:00+00:00,1232.2640380859375,1232.2640380859375,1231.166748046875,1231.166748046875,13509632
2025-10-10 20:45:00+00:00,1233.3653564453125,1234.0186767578125,1232.7056884765625,1232.7056884765625,11588608
2025-10-10 20:50:00+00:00,1228.17822265625,1233.4281005859375,1228.17822265625,1233.4281005859375,40398336
2025-10-10 20:55:00+00:00,1209.9085693359375,1217.9013671875,1209.73046875,1217.9013671875,94455296
2025-10-10 21:00:00+00:00,1201.7481689453125,1206.3624267578125,1201.7481689453125,1206.3624267578125,89462784
2025-10-10 21:05:00+00:00,1191.6556396484375,1196.26123046875,1191.6556396484375,1196.12890625,90768384
2025-10-10 21:10:00+00:00,1182.1802978515625,1191.2005615234375,1178.7972412109375,1191.2005615234375,124542464
2025-10-10 21:15:00+00:00,1008.8276977539062,1181.859130859375,1008.8276977539062,1181.859130859375,206452224
2025-10-10 21:20:00+00:00,1001.164794921875,1001.164794921875,966.0694580078125,971.3175048828125,49752576
2025-10-10 21:25:00+00:00,1033.30517578125,1050.4093017578125,1033.30517578125,1050.4093017578125,0
2025-10-10 21:30:00+00:00,1051.5111083984375,1051.5111083984375,1007.80126953125,1007.80126953125,209075712
2025-10-10 21:35:00+00:00,1060.39013671875,1064.2650146484375,1053.0418701171875,1053.0418701171875,391201792
2025-10-10 21:40:00+00:00,1077.2725830078125,1077.2725830078125,1043.125732421875,1043.125732421875,113176064
2025-10-10 21:45:00+00:00,1122.3668212890625,1122.3668212890625,1080.4215087890625,1080.4215087890625,175157248
2025-10-10 21:50:00+00:00,1114.6217041015625,1122.9437255859375,1114.6217041015625,1120.350830078125,79544832
2025-10-10 21:55:00+00:00,1118.1253662109375,1118.4117431640625,1107.4063720703125,1107.4063720703125,132220416
2025-10-10 22:00:00+00:00,1111.028564453125,1111.0869140625,1110.0150146484375,1110.0150146484375,109109248
2025-10-10 22:05:00+00:00,1070.079833984375,1086.770751953125,1069.544921875,1086.770751953125,95273984
2025-10-10 22:10:00+00:00,1091.7125244140625,1091.7125244140625,1080.687744140625,1080.687744140625,114639872
2025-10-10 22:15:00+00:00,1095.9442138671875,1096.67919921875,1091.001953125,1091.001953125,123547648
2025-10-10 22:20:00+00:00,1078.5555419921875,1092.0458984375,1078.4139404296875,1092.0458984375,58231808
2025-10-10 22:25:00+00:00,1069.13134765625,1074.3109130859375,1069.13134765625,1074.3109130859375,90799104
2025-10-10 22:30:00+00:00,1085.33642578125,1085.33642578125,1075.1214599609375,1075.1214599609375,83858432
2025-10-10 22:35:00+00:00,1092.0682373046875,1092.0682373046875,1087.249755859375,1087.249755859375,52486144
2025-10-10 22:40:00+00:00,1107.9354248046875,1107.9354248046875,1098.0269775390625,1098.0269775390625,139428864
2025-10-10 22:45:00+00:00,1135.346435546875,1135.346435546875,1114.607666015625,1114.607666015625,143515648
2025-10-10 22:50:00+00:00,1130.8916015625,1134.5482177734375,1130.8916015625,1133.9547119140625,59166720
2025-10-10 22:55:00+00:00,1116.3804931640625,1125.058837890625,1116.3804931640625,1125.058837890625,50801664
2025-10-10 23:00:00+00:00,1115.6751708984375,1115.6751708984375,1114.8602294921875,1114.8602294921875,14837760
2025-10-10 23:05:00+00:00,1104.6973876953125,1108.159912109375,1104.4521484375,1108.159912109375,39702528
2025-10-10 23:10:00+00:00,1102.44580078125,1104.5755615234375,1102.1680908203125,1104.4013671875,52082688
2025-10-10 23:15:00+00:00,1106.7027587890625,1110.49853515625,1104.423583984375,1104.423583984375,68699136
2025-10-10 23:20:00+00:00,1108.335205078125,1108.335205078125,1106.8197021484375,1106.8197021484375,20648960
2025-10-10 23:25:00+00:00,1116.07470703125,1116.07470703125,1108.605712890625,1108.605712890625,60719104
2025-10-10 23:30:00+00:00,1121.9305419921875,1122.2607421875,1116.8621826171875,1116.8621826171875,83159040
2025-10-10 23:35:00+00:00,1126.624267578125,1126.8033447265625,1122.247802734375,1122.247802734375,34257920
2025-10-10 23:40:00+00:00,1131.0885009765625,1131.2088623046875,1128.7666015625,1128.7666015625,49584128
2025-10-10 23:45:00+00:00,1128.6614990234375,1135.37353515625,1128.6614990234375,1131.6202392578125,74932224
2025-10-10 23:50:00+00:00,1118.6661376953125,1127.032958984375,1118.58349609375,1127.032958984375,25203712
2025-10-10 23:55:00+00:00,1115.4114990234375,1115.4114990234375,1114.014892578125,1114.014892578125,19170304
2025-10-11 00:00:00+00:00,1106.8360595703125,1106.8360595703125,1104.1361083984375,1104.158447265625,0
2025-10-11 00:05:00+00:00,1110.2879638671875,1110.4737548828125,1107.674072265625,1107.674072265625,25521152
2025-10-11 00:10:00+00:00,1110.820556640625,1112.341552734375,1110.820556640625,1112.341552734375,27548672
2025-10-11 00:15:00+00:00,1099.638671875,1111.5257568359375,1099.638671875,1111.1485595703125,21630976
2025-10-11 00:20:00+00:00,1099.1444091796875,1099.1444091796875,1095.390869140625,1098.529296875,40276992
2025-10-11 00:25:00+00:00,1105.5362548828125,1105.5362548828125,1104.2357177734375,1104.568359375,25310208
2025-10-11 00:30:00+00:00,1106.388916015625,1112.7728271484375,1106.388916015625,1112.7728271484375,37691392
2025-10-11 00:35:00+00:00,1106.57275390625,1106.57275390625,1105.5362548828125,1105.7203369140625,4292608
2025-10-11 00:40:00+00:00,1113.15478515625,1113.15478515625,1109.3580322265625,1109.3580322265625,24050688
2025-10-11 00:45:00+00:00,1128.802001953125,1128.802001953125,1113.577392578125,1113.577392578125,58093568
2025-10-11 00:50:00+00:00,1128.4044189453125,1128.5467529296875,1128.4044189453125,1128.5467529296875,18191360
2025-10-11 00:55:00+00:00,1123.419189453125,1124.7520751953125,1123.419189453125,1124.5264892578125,13054976
2025-10-11 01:00:00+00:00,1116.2818603515625,1120.24560546875,1116.2818603515625,1120.24560546875,13589504
2025-10-11 01:05:00+00:00,1113.0667724609375,1115.7421875,1112.9332275390625,1115.7274169921875,19997696
2025-10-11 01:10:00+00:00,1113.728515625,1113.728515625,1113.238525390625,1113.6678466796875,21460992
2025-10-11 01:15:00+00:00,1108.153564453125,1114.3603515625,1108.153564453125,1114.3387451171875,14598144
2025-10-11 01:20:00+00:00,1101.1107177734375,1108.83203125,1101.1107177734375,1108.83203125,19361792
2025-10-11 01:25:00+00:00,1095.2247314453125,1095.2247314453125,1093.2471923828125,1093.2471923828125,26910720
2025-10-11 01:30:00+00:00,1094.3248291015625,1094.3248291015625,1092.99560546875,1093.3758544921875,26211328
2025-10-11 01:35:00+00:00,1098.1116943359375,1098.224609375,1095.184814453125,1095.184814453125,12636160
2025-10-11 01:40:00+00:00,1091.5361328125,1097.946533203125,1091.5361328125,1097.946533203125,16503808
2025-10-11 01:45:00+00:00,1087.39501953125,1087.8582763671875,1087.2335205078125,1087.2335205078125,21387264
2025-10-11 01:50:00+00:00,1084.3414306640625,1087.25634765625,1084.3326416015625,1087.25634765625,16412672
2025-10-11 01:55:00+00:00,1086.82373046875,1086.82373046875,1080.8958740234375,1080.8958740234375,31857664
2025-10-11 02:00:00+00:00,1088.49658203125,1088.49658203125,1086.5162353515625,1086.5162353515625,7606272
2025-10-11 02:05:00+00:00,1095.875244140625,1097.413330078125,1095.4176025390625,1097.413330078125,25925632
2025-10-11 02:10:00+00:00,1098.5677490234375,1098.5677490234375,1096.9732666015625,1097.103271484375,24747008
2025-10-11 02:15:00+00:00,1110.630126953125,1110.630126953125,1106.1600341796875,1106.1600341796875,56122368
2025-10-11 02:20:00+00:00,1112.6036376953125,1112.6036376953125,1110.587646484375,1110.587646484375,24973312
2025-10-11 02:25:00+00:00,1117.299072265625,1119.681396484375,1116.8740234375,1119.681396484375,36281344
2025-10-11 02:30:00+00:00,1120.104248046875,1120.104248046875,1116.999267578125,1116.999267578125,35783680
2025-10-11 02:35:00+00:00,1126.5947265625,1126.5947265625,1121.0067138671875,1121.0067138671875,34970624
2025-10-11 02:40:00+00:00,1128.7144775390625,1128.7144775390625,1127.7977294921875,1127.7977294921875,28315648
2025-10-11 02:45:00+00:00,1133.9478759765625,1135.9105224609375,1129.6495361328125,1129.6495361328125,59850752
2025-10-11 02:50:00+00:00,1139.5491943359375,1139.5491943359375,1134.3338623046875,1134.7138671875,30149632
2025-10-11 02:55:00+00:00,1139.4447021484375,1140.30029296875,1139.4447021484375,1140.30029296875,27458560
2025-10-11 03:00:00+00:00,1140.6724853515625,1141.8431396484375,1140.6724853515625,1141.8431396484375,22672384
2025-10-11 03:05:00+00:00,1133.6514892578125,1140.1376953125,1133.6514892578125,1140.1376953125,22104064
2025-10-11 03:10:00+00:00,1127.0130615234375,1129.2822265625,1127.0130615234375,1129.2315673828125,21001216
2025-10-11 03:15:00+00:00,1127.010009765625,1127.7691650390625,1127.010009765625,1127.465087890625,22461440
2025-10-11 03:20:00+00:00,1124.4779052734375,1126.9375,1123.9512939453125,1126.9375,9601024
2025-10-11 03:25:00+00:00,1127.79345703125,1127.79345703125,1126.4495849609375,1126.9000244140625,21558272
2025-10-11 03:30:00+00:00,1134.9530029296875,1134.9530029296875,1127.6580810546875,1127.6580810546875,25332736
2025-10-11 03:35:00+00:00,1135.491455078125,1136.120849609375,1135.2867431640625,1135.2867431640625,11830272
2025-10-11 03:40:00+00:00,1131.9979248046875,1132.900146484375,1131.66796875,1131.66796875,8250368
2025-10-11 03:45:00+00:00,1129.026123046875,1131.86669921875,1129.026123046875,1131.86669921875,0
2025-10-11 03:50:00+00:00,1130.1246337890625,1130.177001953125,1129.6419677734375,1129.6419677734375,0
2025-10-11 03:55:00+00:00,1130.1014404296875,1130.1014404296875,1129.281982421875,1129.3419189453125,0
2025-10-11 04:00:00+00:00,1129.8275146484375,1130.55908203125,1129.78662109375,1130.061767578125,0
2025-10-11 04:05:00+00:00,1133.961669921875,1133.9635009765625,1130.6763916015625,1130.6763916015625,7573504
2025-10-11 04:10:00+00:00,1137.7813720703125,1138.2315673828125,1135.6524658203125,1135.6524658203125,0
2025-10-11 04:15:00+00:00,1137.053466796875,1137.4454345703125,1135.468505859375,1137.4454345703125,1645568
2025-10-11 04:20:00+00:00,1136.538330078125,1137.2830810546875,1136.5015869140625,1137.2830810546875,0
2025-10-11 04:25:00+00:00,1134.4296875,1138.458251953125,1134.071533203125,1138.458251953125,0
2025-10-11 04:30:00+00:00,1134.13330078125,1135.54833984375,1134.13330078125,1134.887451171875,0
2025-10-11 04:35:00+00:00,1132.26708984375,1134.02587890625,1132.26708984375,1134.02587890625,0
2025-10-11 04:40:00+00:00,1134.226318359375,1134.226318359375,1131.677001953125,1131.70166015625,0
2025-10-11 04:45:00+00:00,1134.7113037109375,1136.85888671875,1134.4744873046875,1134.4744873046875,0
2025-10-11 04:50:00+00:00,1134.7930908203125,1134.7930908203125,1133.3819580078125,1134.778564453125,0
2025-10-11 04:55:00+00:00,1139.2413330078125,1139.881591796875,1139.2413330078125,1139.5361328125,19682304
2025-10-11 05:00:00+00:00,1138.107177734375,1139.1087646484375,1138.107177734375,1139.1055908203125,0
2025-10-11 05:05:00+00:00,1136.58740234375,1138.1221923828125,1136.58740234375,1138.1221923828125,0
2025-10-11 05:10:00+00:00,1137.114501953125,1137.2159423828125,1136.7933349609375,1137.13720703125,6225920
2025-10-11 05:15:00+00:00,1135.56982421875,1137.8023681640625,1135.56982421875,1137.3421630859375,3125248
2025-10-11 05:20:00+00:00,1133.004638671875,1135.39599609375,1132.7666015625,1135.39599609375,0
2025-10-11 05:25:00+00:00,1123.8001708984375,1130.573486328125,1123.8001708984375,1130.2669677734375,13270016
2025-10-11 05:30:00+00:00,1116.4066162109375,1120.199951171875,1116.4066162109375,1120.199951171875,15645696
2025-10-11 05:35:00+00:00,1116.4794921875,1117.1104736328125,1116.2110595703125,1116.26708984375,8478720
2025-10-11 05:40:00+00:00,1113.9241943359375,1115.2882080078125,1113.9241943359375,1115.2882080078125,9902080
2025-10-11 05:45:00+00:00,1114.3387451171875,1114.3387451171875,1111.8131103515625,1113.9559326171875,10181632
2025-10-11 05:50:00+00:00,1114.6484375,1114.6484375,1113.9844970703125,1114.0633544921875,5633024
2025-10-11 05:55:00+00:00,1114.066650390625,1115.705322265625,1114.066650390625,1115.3223876953125,0
2025-10-11 06:00:00+00:00,1114.095703125,1114.2376708984375,1111.9639892578125,1114.2376708984375,0
2025-10-11 06:05:00+00:00,1108.5697021484375,1114.021240234375,1108.5697021484375,1113.993408203125,872448
2025-10-11 06:10:00+00:00,1108.3167724609375,1108.3167724609375,1107.00537109375,1107.00537109375,1411072
2025-10-11 06:15:00+00:00,1110.0931396484375,1112.106201171875,1108.8150634765625,1108.8150634765625,9574400
2025-10-11 06:20:00+00:00,1111.5535888671875,1111.5535888671875,1110.1253662109375,1110.1253662109375,384000
2025-10-11 06:25:00+00:00,1112.3416748046875,1113.0723876953125,1111.8492431640625,1113.0723876953125,3568640
2025-10-11 06:30:00+00:00,1113.6893310546875,1113.792724609375,1112.2000732421875,1112.2000732421875,3234816
2025-10-11 06:35:00+00:00,1113.5009765625,1115.6168212890625,1113.5009765625,1114.8382568359375,8977408
2025-10-11 06:40:00+00:00,1110.026123046875,1111.95849609375,1110.026123046875,1111.86376953125,3606528
2025-10-11 06:45:00+00:00,1107.76806640625,1109.9019775390625,1107.76806640625,1109.9019775390625,2542592
2025-10-11 06:50:00+00:00,1105.0146484375,1107.388427734375,1104.873291015625,1107.388427734375,0
2025-10-11 06:55:00+00:00,1100.2384033203125,1103.3914794921875,1100.2032470703125,1103.2879638671875,8453120
2025-10-11 07:00:00+00:00,1096.8160400390625,1100.0982666015625,1096.8160400390625,1099.94580078125,1529856
2025-10-11 07:05:00+00:00,1093.4344482421875,1096.5997314453125,1093.4239501953125,1096.5997314453125,26109952
2025-10-11 07:10:00+00:00,1093.5517578125,1093.76171875,1091.39306640625,1091.39306640625,14927872
2025-10-11 07:15:00+00:00,1092.1597900390625,1093.357177734375,1092.1597900390625,1093.357177734375,21511168
2025-10-11 07:20:00+00:00,1090.54443359375,1092.3111572265625,1089.467041015625,1092.3111572265625,12079104
2025-10-11 07:25:00+00:00,1095.76904296875,1095.76904296875,1094.610595703125,1095.162353515625,26417152
2025-10-11 07:30:00+00:00,1093.96484375,1095.2293701171875,1093.466552734375,1095.2293701171875,4361216
2025-10-11 07:35:00+00:00,1092.6141357421875,1093.80859375,1092.4803466796875,1093.80859375,0
2025-10-11 07:40:00+00:00,1092.4713134765625,1092.5709228515625,1092.26513671875,1092.26513671875,7572480
2025-10-11 07:45:00+00:00,1092.8720703125,1092.8720703125,1092.6663818359375,1092.6663818359375,3019776
2025-10-11 07:50:00+00:00,1091.2479248046875,1092.842041015625,1091.0887451171875,1092.7435302734375,5001216
2025-10-11 07:55:00+00:00,1094.150634765625,1094.150634765625,1092.796630859375,1092.796630859375,14907392
2025-10-11 08:00:00+00:00,1093.6910400390625,1094.8787841796875,1093.6910400390625,1094.2847900390625,3785728
2025-10-11 08:05:00+00:00,1093.7923583984375,1094.04931640625,1093.656494140625,1093.674072265625,2950144
2025-10-11 08:10:00+00:00,1093.067138671875,1093.5404052734375,1092.9013671875,1093.5404052734375,3639296
2025-10-11 08:15:00+00:00,1101.06494140625,1101.06494140625,1093.0623779296875,1093.0623779296875,28819456
2025-10-11 08:20:00+00:00,1107.551513671875,1107.551513671875,1101.46484375,1101.46484375,24509440
2025-10-11 08:25:00+00:00,1107.2513427734375,1109.653076171875,1107.1607666015625,1109.421875,27682816
2025-10-11 08:30:00+00:00,1101.5478515625,1107.007568359375,1101.5478515625,1107.007568359375,17048576
2025-10-11 08:35:00+00:00,1102.6014404296875,1103.11376953125,1101.737060546875,1101.737060546875,7954432
2025-10-11 08:40:00+00:00,1108.001220703125,1108.3321533203125,1101.1717529296875,1101.1717529296875,16391168
2025-10-11 08:45:00+00:00,1111.5142822265625,1111.5142822265625,1107.8248291015625,1107.8248291015625,15483904
2025-10-11 08:50:00+00:00,1112.9849853515625,1113.0382080078125,1111.5711669921875,1111.5711669921875,8489984
2025-10-11 08:55:00+00:00,1114.937744140625,1114.96435546875,1113.336181640625,1113.336181640625,14117888
2025-10-11 09:00:00+00:00,1121.306884765625,1121.306884765625,1114.9385986328125,1114.9385986328125,33661952
2025-10-11 09:05:00+00:00,1128.38525390625,1128.8587646484375,1120.9930419921875,1121.0567626953125,26457088
2025-10-11 09:10:00+00:00,1127.8004150390625,1128.1014404296875,1127.7578125,1127.7578125,19639296
2025-10-11 09:15:00+00:00,1125.2200927734375,1127.853759765625,1125.2200927734375,1127.853759765625,9069568
2025-10-11 09:20:00+00:00,1129.072509765625,1129.072509765625,1125.913330078125,1125.913330078125,12285952
2025-10-11 09:25:00+00:00,1129.7239990234375,1130.4022216796875,1129.451171875,1130.4022216796875,15219712
2025-10-11 09:30:00+00:00,1127.05810546875,1129.531982421875,1127.05810546875,1129.4884033203125,2557952
2025-10-11 09:35:00+00:00,1125.8480224609375,1127.3287353515625,1125.2486572265625,1127.3287353515625,3812352
2025-10-11 09:40:00+00:00,1126.323486328125,1126.6163330078125,1126.1373291015625,1126.6163330078125,0
2025-10-11 09:45:00+00:00,1127.366455078125,1127.366455078125,1126.304931640625,1126.304931640625,1170432
2025-10-11 09:50:00+00:00,1125.2572021484375,1127.612060546875,1125.2572021484375,1127.612060546875,0
2025-10-11 09:55:00+00:00,1124.5440673828125,1124.6217041015625,1124.33837890625,1124.3409423828125,0
2025-10-11 10:00:00+00:00,1125.922119140625,1125.922119140625,1124.5753173828125,1124.60595703125,699392
2025-10-11 10:05:00+00:00,1126.7213134765625,1126.8646240234375,1125.7689208984375,1126.024658203125,3791872
2025-10-11 10:10:00+00:00,1129.1517333984375,1129.1517333984375,1126.775634765625,1126.885986328125,2734080
2025-10-11 10:15:00+00:00,1132.185546875,1132.185546875,1129.4163818359375,1129.4163818359375,13853696
2025-10-11 10:20:00+00:00,1134.1185302734375,1134.3956298828125,1131.9815673828125,1131.9815673828125,9610240
2025-10-11 10:25:00+00:00,1138.613525390625,1138.613525390625,1134.480712890625,1134.480712890625,28158976
2025-10-11 10:30:00+00:00,1137.7076416015625,1140.265380859375,1137.7076416015625,1138.7276611328125,10457088
2025-10-11 10:35:00+00:00,1136.449951171875,1137.7197265625,1136.449951171875,1137.7197265625,10202112
2025-10-11 10:40:00+00:00,1133.4957275390625,1135.773193359375,1133.4957275390625,1135.773193359375,12973056
2025-10-11 10:45:00+00:00,1132.6895751953125,1133.8414306640625,1132.6895751953125,1133.6568603515625,6565888
2025-10-11 10:50:00+00:00,1133.2908935546875,1133.58642578125,1133.0447998046875,1133.0447998046875,5456896
2025-10-11 10:55:00+00:00,1132.16552734375,1132.3428955078125,1131.79248046875,1132.3170166015625,2913280
2025-10-11 11:00:00+00:00,1131.9656982421875,1132.640625,1131.9656982421875,1132.640625,0
2025-10-11 11:05:00+00:00,1131.380126953125,1131.929931640625,1131.380126953125,1131.7615966796875,0
2025-10-11 11:10:00+00:00,1130.589599609375,1131.5213623046875,1130.5657958984375,1131.4671630859375,0
2025-10-11 11:15:00+00:00,1126.73681640625,1130.5633544921875,1126.73681640625,1130.5633544921875,0
2025-10-11 11:20:00+00:00,1127.2509765625,1127.2509765625,1126.13427734375,1127.03369140625,0
2025-10-11 11:25:00+00:00,1133.470703125,1133.470703125,1131.002197265625,1131.002197265625,17715200
2025-10-11 11:30:00+00:00,1131.96728515625,1133.5572509765625,1131.96728515625,1133.509521484375,0
2025-10-11 11:35:00+00:00,1132.083984375,1132.3594970703125,1132.083984375,1132.2928466796875,4104192
2025-10-11 11:40:00+00:00,1131.1358642578125,1131.2508544921875,1131.0419921875,1131.240234375,0
2025-10-11 11:45:00+00:00,1130.9169921875,1131.306396484375,1130.9169921875,1131.1275634765625,0
2025-10-11 11:50:00+00:00,1130.3189697265625,1130.8360595703125,1130.2822265625,1130.8360595703125,0
2025-10-11 11:55:00+00:00,1130.626953125,1130.8143310546875,1130.271728515625,1130.271728515625,0
2025-10-11 12:00:00+00:00,1128.9344482421875,1130.698486328125,1128.9344482421875,1130.698486328125,0
2025-10-11 12:05:00+00:00,1129.274658203125,1129.5135498046875,1128.837158203125,1128.837158203125,0
2025-10-11 12:10:00+00:00,1125.4385986328125,1127.2041015625,1125.384765625,1127.1854248046875,0
2025-10-11 12:15:00+00:00,1128.036865234375,1128.036865234375,1125.5789794921875,1125.5789794921875,5242880
2025-10-11 12:20:00+00:00,1129.941650390625,1129.941650390625,1127.805419921875,1128.0997314453125,17390592
2025-10-11 12:25:00+00:00,1129.1304931640625,1130.7640380859375,1129.1304931640625,1130.7640380859375,0
2025-10-11 12:30:00+00:00,1128.73193359375,1130.43408203125,1128.73193359375,1129.5284423828125,0
2025-10-11 12:35:00+00:00,1126.8795166015625,1128.783935546875,1126.8795166015625,1128.783935546875,0
2025-10-11 12:40:00+00:00,1126.5550537109375,1126.5550537109375,1125.992919921875,1126.138427734375,0
2025-10-11 12:45:00+00:00,1124.9058837890625,1127.3154296875,1124.9058837890625,1126.537353515625,6799360
2025-10-11 12:50:00+00:00,1122.2513427734375,1124.502685546875,1122.2513427734375,1124.502685546875,0
2025-10-11 12:55:00+00:00,1124.878662109375,1124.878662109375,1122.3759765625,1122.4100341796875,12390400
2025-10-11 13:00:00+00:00,1127.640380859375,1127.640380859375,1125.47705078125,1125.47705078125,728064
2025-10-11 13:05:00+00:00,1123.970703125,1127.2091064453125,1123.970703125,1127.2091064453125,0
2025-10-11 13:10:00+00:00,1124.64599609375,1124.64599609375,1123.509033203125,1123.509033203125,799744
2025-10-11 13:15:00+00:00,1123.95849609375,1125.920166015625,1123.95849609375,1124.7896728515625,0
2025-10-11 13:20:00+00:00,1122.859375,1123.9620361328125,1122.859375,1123.9620361328125,164864
2025-10-11 13:25:00+00:00,1124.8173828125,1124.8173828125,1121.51513671875,1121.51513671875,7754752
2025-10-11 13:30:00+00:00,1120.72119140625,1125.0174560546875,1120.72119140625,1125.0174560546875,0
2025-10-11 13:35:00+00:00,1120.3970947265625,1120.998046875,1120.047607421875,1120.998046875,0
2025-10-11 13:40:00+00:00,1124.4407958984375,1124.4407958984375,1121.7515869140625,1121.7515869140625,0
2025-10-11 13:45:00+00:00,1129.681640625,1129.681640625,1124.6319580078125,1124.6319580078125,6247424
2025-10-11 13:50:00+00:00,1131.471435546875,1131.471435546875,1129.6427001953125,1129.6427001953125,0
2025-10-11 13:55:00+00:00,1132.560546875,1132.560546875,1131.183837890625,1131.1929931640625,0
2025-10-11 14:00:00+00:00,1133.7735595703125,1134.939453125,1132.9063720703125,1132.9063720703125,0
2025-10-11 14:05:00+00:00,1134.487548828125,1134.71533203125,1133.958251953125,1134.00634765625,954368
2025-10-11 14:10:00+00:00,1134.4527587890625,1134.4527587890625,1133.888916015625,1134.050048828125,0
2025-10-11 14:15:00+00:00,1134.3792724609375,1135.3804931640625,1134.3792724609375,1134.5845947265625,0
2025-10-11 14:20:00+00:00,1135.783203125,1136.2755126953125,1134.88623046875,1134.88623046875,4033536
2025-10-11 14:25:00+00:00,1132.8406982421875,1134.2994384765625,1132.5262451171875,1134.2994384765625,0
2025-10-11 14:30:00+00:00,1131.748046875,1133.0303955078125,1131.748046875,1132.6556396484375,268288
2025-10-11 14:35:00+00:00,1132.426513671875,1132.513427734375,1131.8778076171875,1131.8778076171875,0
2025-10-11 14:40:00+00:00,1132.568359375,1132.755126953125,1132.0118408203125,1132.0118408203125,6127616
2025-10-11 14:45:00+00:00,1132.1610107421875,1132.66650390625,1131.6201171875,1132.66650390625,0
2025-10-11 14:50:00+00:00,1131.5069580078125,1132.0845947265625,1131.5069580078125,1132.0845947265625,576512
2025-10-11 14:55:00+00:00,1130.6083984375,1131.2158203125,1130.6083984375,1130.94970703125,0
2025-10-11 15:00:00+00:00,1132.7598876953125,1132.7598876953125,1130.552734375,1130.552734375,0
2025-10-11 15:05:00+00:00,1137.630126953125,1137.8289794921875,1133.3958740234375,1133.3958740234375,0
2025-10-11 15:10:00+00:00,1146.3045654296875,1146.3045654296875,1136.669677734375,1137.111572265625,10302464
2025-10-11 15:15:00+00:00,1146.789794921875,1148.0078125,1146.18408203125,1146.18408203125,29517824
2025-10-11 15:20:00+00:00,1152.1063232421875,1152.4022216796875,1147.3612060546875,1147.4923095703125,0
2025-10-11 15:25:00+00:00,1153.123779296875,1153.123779296875,1152.5260009765625,1152.5260009765625,0
2025-10-11 15:30:00+00:00,1150.0185546875,1153.0882568359375,1150.0185546875,1153.0882568359375,0
2025-10-11 15:35:00+00:00,1147.27783203125,1149.6104736328125,1147.27783203125,1149.6104736328125,0
2025-10-11 15:40:00+00:00,1146.3724365234375,1146.5574951171875,1146.3724365234375,1146.395263671875,0
2025-10-11 15:45:00+00:00,1146.3538818359375,1146.3538818359375,1144.587158203125,1146.012451171875,0
2025-10-11 15:50:00+00:00,1146.5731201171875,1146.6983642578125,1146.337890625,1146.337890625,0
2025-10-11 15:55:00+00:00,1146.13037109375,1147.1328125,1146.13037109375,1147.1328125,0
2025-10-11 16:00:00+00:00,1144.0526123046875,1145.9285888671875,1144.0526123046875,1145.9285888671875,0
2025-10-11 16:05:00+00:00,1141.880615234375,1144.0299072265625,1141.6119384765625,1144.0299072265625,0
2025-10-11 16:10:00+00:00,1145.6011962890625,1145.6011962890625,1141.7833251953125,1141.7833251953125,0
2025-10-11 16:15:00+00:00,1147.149169921875,1147.238525390625,1145.6302490234375,1145.6302490234375,0
2025-10-11 16:20:00+00:00,1147.733154296875,1147.733154296875,1147.2293701171875,1147.2293701171875,0
2025-10-11 16:25:00+00:00,1149.38623046875,1149.6524658203125,1148.2391357421875,1148.385009765625,0
2025-10-11 16:30:00+00:00,1145.66259765625,1149.0645751953125,1145.66259765625,1149.0645751953125,0
2025-10-11 16:35:00+00:00,1143.368896484375,1145.65087890625,1143.23193359375,1145.65087890625,0
2025-10-11 16:40:00+00:00,1145.7078857421875,1145.7078857421875,1143.256591796875,1143.256591796875,0
2025-10-11 16:45:00+00:00,1146.888916015625,1146.888916015625,1145.558837890625,1145.654541015625,0
2025-10-11 16:50:00+00:00,1148.318603515625,1148.318603515625,1147.0916748046875,1147.0916748046875,0
2025-10-11 16:55:00+00:00,1153.0526123046875,1153.1240234375,1149.8658447265625,1149.8658447265625,0
2025-10-11 17:00:00+00:00,1152.84375,1154.56591796875,1152.84375,1153.3922119140625,0
2025-10-11 17:05:00+00:00,1152.559326171875,1153.06591796875,1152.306396484375,1152.606201171875,0
2025-10-11 17:10:00+00:00,1157.7447509765625,1157.7447509765625,1154.25146484375,1154.25146484375,14780416
2025-10-11 17:15:00+00:00,1161.39111328125,1161.61962890625,1157.5655517578125,1157.5655517578125,10109952
2025-10-11 17:20:00+00:00,1163.3526611328125,1163.3526611328125,1161.1744384765625,1161.1744384765625,8715264
2025-10-11 17:25:00+00:00,1167.777587890625,1167.777587890625,1164.581787109375,1164.581787109375,14038016
2025-10-11 17:30:00+00:00,1172.5401611328125,1172.5401611328125,1168.3624267578125,1168.3624267578125,26233856
2025-10-11 17:35:00+00:00,1176.7196044921875,1180.0970458984375,1176.7196044921875,1179.980224609375,54933504
2025-10-11 17:40:00+00:00,1174.0008544921875,1175.276123046875,1174.0008544921875,1175.276123046875,5109760
2025-10-11 17:45:00+00:00,1173.717529296875,1176.5186767578125,1173.717529296875,1174.34912109375,5570560
2025-10-11 17:50:00+00:00,1177.1009521484375,1177.1009521484375,1174.023681640625,1174.023681640625,12094464
2025-10-11 17:55:00+00:00,1179.1856689453125,1179.3896484375,1178.991455078125,1179.3896484375,10997760
2025-10-11 18:00:00+00:00,1177.6273193359375,1179.506103515625,1177.6273193359375,1179.193603515625,0
2025-10-11 18:05:00+00:00,1176.72705078125,1177.5828857421875,1176.224853515625,1177.5828857421875,0
2025-10-11 18:10:00+00:00,1179.0440673828125,1179.3447265625,1178.3809814453125,1178.5887451171875,3245056
2025-10-11 18:15:00+00:00,1177.1043701171875,1179.0308837890625,1177.1043701171875,1179.0308837890625,0
2025-10-11 18:20:00+00:00,1173.4998779296875,1175.01708984375,1173.4998779296875,1175.01708984375,0
2025-10-11 18:25:00+00:00,1173.6502685546875,1173.76123046875,1173.6502685546875,1173.76123046875,0
2025-10-11 18:30:00+00:00,1174.67236328125,1174.67236328125,1173.5458984375,1173.5458984375,12576768
2025-10-11 18:35:00+00:00,1174.1588134765625,1174.6138916015625,1173.885009765625,1174.6138916015625,4845568
2025-10-11 18:40:00+00:00,1175.7037353515625,1176.0076904296875,1175.1527099609375,1175.1844482421875,0
2025-10-11 18:45:00+00:00,1174.357421875,1175.4332275390625,1174.357421875,1175.4332275390625,0
2025-10-11 18:50:00+00:00,1174.759521484375,1174.759521484375,1173.415283203125,1173.415283203125,0
2025-10-11 18:55:00+00:00,1175.605224609375,1175.8450927734375,1175.605224609375,1175.8450927734375,0
2025-10-11 19:00:00+00:00,1174.4486083984375,1175.4749755859375,1174.4486083984375,1175.4749755859375,0
2025-10-11 19:05:00+00:00,1173.9669189453125,1173.9962158203125,1172.78759765625,1172.78759765625,3889152
2025-10-11 19:10:00+00:00,1167.146484375,1169.556640625,1167.146484375,1169.358154296875,0
2025-10-11 19:15:00+00:00,1163.8536376953125,1166.9947509765625,1163.8536376953125,1166.9947509765625,0
2025-10-11 19:20:00+00:00,1160.07861328125,1164.0299072265625,1160.07861328125,1163.8741455078125,0
2025-10-11 19:25:00+00:00,1160.873779296875,1160.873779296875,1159.802001953125,1159.826416015625,0
2025-10-11 19:30:00+00:00,1155.25439453125,1160.8067626953125,1155.25439453125,1160.8067626953125,0
2025-10-11 19:35:00+00:00,1152.0399169921875,1155.3602294921875,1152.0399169921875,1154.94091796875,0
2025-10-11 19:40:00+00:00,1148.4100341796875,1149.1661376953125,1148.36083984375,1149.1661376953125,0
2025-10-11 19:45:00+00:00,1146.5894775390625,1146.5894775390625,1145.8843994140625,1145.8843994140625,2167808
2025-10-11 19:50:00+00:00,1147.01171875,1147.4072265625,1146.3494873046875,1146.3494873046875,6029312
2025-10-11 19:55:00+00:00,1140.865966796875,1142.9703369140625,1140.865966796875,1142.7554931640625,0
2025-10-11 20:00:00+00:00,1139.1934814453125,1141.7271728515625,1139.1934814453125,1141.3026123046875,0
2025-10-11 20:05:00+00:00,1138.098876953125,1139.0821533203125,1137.550537109375,1139.0821533203125,0
2025-10-11 20:10:00+00:00,1138.951171875,1138.951171875,1138.1363525390625,1138.1363525390625,0
2025-10-11 20:15:00+00:00,1137.2508544921875,1140.615234375,1137.2508544921875,1138.995849609375,0
2025-10-11 20:20:00+00:00,1133.9921875,1137.3515625,1133.280029296875,1137.3515625,4026368
2025-10-11 20:25:00+00:00,1131.47900390625,1133.236572265625,1131.3179931640625,1133.236572265625,4454400
2025-10-11 20:30:00+00:00,1128.104248046875,1131.4964599609375,1128.104248046875,1131.4593505859375,6706176
2025-10-11 20:35:00+00:00,1126.6829833984375,1128.134765625,1126.6829833984375,1128.134765625,3365888
2025-10-11 20:40:00+00:00,1127.5655517578125,1127.5655517578125,1124.41357421875,1124.41357421875,6218752
2025-10-11 20:45:00+00:00,1129.3133544921875,1129.3133544921875,1126.50341796875,1127.42333984375,11598848
2025-10-11 20:50:00+00:00,1129.025390625,1129.383056640625,1128.929931640625,1128.929931640625,0
2025-10-11 20:55:00+00:00,1122.633056640625,1128.0733642578125,1122.1473388671875,1127.904052734375,0
2025-10-11 21:00:00+00:00,1123.7393798828125,1124.2303466796875,1123.0841064453125,1123.0841064453125,0
2025-10-11 21:05:00+00:00,1116.2530517578125,1123.6531982421875,1116.2530517578125,1123.0428466796875,0
2025-10-11 21:10:00+00:00,1110.7020263671875,1114.661376953125,1110.6201171875,1114.60888671875,0
2025-10-11 21:15:00+00:00,1124.50390625,1124.50390625,1110.8953857421875,1110.8953857421875,0
2025-10-11 21:20:00+00:00,1125.217041015625,1125.217041015625,1123.83984375,1124.4119873046875,0
2025-10-11 21:25:00+00:00,1133.733642578125,1133.7734375,1130.139404296875,1130.7105712890625,0
2025-10-11 21:30:00+00:00,1131.4013671875,1133.3961181640625,1131.4013671875,1133.3961181640625,0
2025-10-11 21:35:00+00:00,1135.6805419921875,1136.0074462890625,1131.8232421875,1131.8232421875,0
2025-10-11 21:40:00+00:00,1136.005126953125,1137.55126953125,1135.8751220703125,1137.55126953125,0
2025-10-11 21:45:00+00:00,1141.327880859375,1141.327880859375,1135.1204833984375,1135.5477294921875,0
2025-10-11 21:50:00+00:00,1139.7435302734375,1140.96923828125,1139.7435302734375,1140.96923828125,0
2025-10-11 21:55:00+00:00,1140.2099609375,1140.2099609375,1139.66796875,1139.66796875,0
2025-10-11 22:00:00+00:00,1140.196533203125,1140.196533203125,1139.361083984375,1140.0357666015625,0
2025-10-11 22:05:00+00:00,1136.7755126953125,1139.7999267578125,1136.1053466796875,1139.7999267578125,0
2025-10-11 22:10:00+00:00,1138.1787109375,1139.5003662109375,1138.1787109375,1139.5003662109375,0
2025-10-11 22:15:00+00:00,1137.5423583984375,1138.1837158203125,1137.5423583984375,1138.1837158203125,0
2025-10-11 22:20:00+00:00,1134.2227783203125,1136.0826416015625,1134.1356201171875,1135.927978515625,0
2025-10-11 22:25:00+00:00,1139.2659912109375,1139.2659912109375,1135.158203125,1135.158203125,0
2025-10-11 22:30:00+00:00,1138.4521484375,1140.0631103515625,1138.4521484375,1139.20654296875,0
2025-10-11 22:35:00+00:00,1140.6375732421875,1140.6375732421875,1138.587158203125,1138.587158203125,0
2025-10-11 22:40:00+00:00,1140.3511962890625,1142.1407470703125,1140.0623779296875,1142.1407470703125,0
2025-10-11 22:45:00+00:00,1143.161376953125,1143.161376953125,1140.1593017578125,1140.1593017578125,0
2025-10-11 22:50:00+00:00,1144.5111083984375,1144.559814453125,1143.0970458984375,1143.0970458984375,0
2025-10-11 22:55:00+00:00,1146.8299560546875,1146.8299560546875,1145.688720703125,1145.688720703125,0
2025-10-11 23:00:00+00:00,1145.497802734375,1147.294677734375,1145.497802734375,1146.8231201171875,0
2025-10-11 23:05:00+00:00,1143.1015625,1145.52099609375,1142.9627685546875,1145.52099609375,0
2025-10-11 23:10:00+00:00,1143.27783203125,1143.326416015625,1142.8668212890625,1142.8668212890625,0
2025-10-11 23:15:00+00:00,1143.6837158203125,1143.6837158203125,1142.656005859375,1143.4520263671875,0
2025-10-11 23:20:00+00:00,1145.201904296875,1145.37451171875,1143.8626708984375,1143.8626708984375,0
2025-10-11 23:25:00+00:00,1143.331787109375,1144.3101806640625,1143.331787109375,1144.3101806640625,0
2025-10-11 23:30:00+00:00,1142.505859375,1143.6280517578125,1142.505859375,1143.2308349609375,0
2025-10-11 23:35:00+00:00,1142.215087890625,1142.5347900390625,1142.215087890625,1142.2691650390625,0
2025-10-11 23:40:00+00:00,1141.2001953125,1142.5018310546875,1141.2001953125,1142.5018310546875,0
2025-10-11 23:45:00+00:00,1138.8446044921875,1141.1341552734375,1138.8446044921875,1141.1341552734375,0
2025-10-11 23:50:00+00:00,1138.97021484375,1139.4412841796875,1138.8319091796875,1138.8319091796875,0
2025-10-11 23:55:00+00:00,1137.236328125,1138.135009765625,1137.236328125,1138.135009765625,0
2025-10-12 00:00:00+00:00,1135.6912841796875,1137.2125244140625,1135.6912841796875,1137.2125244140625,0
2025-10-12 00:05:00+00:00,1134.4505615234375,1135.6903076171875,1134.4505615234375,1135.6322021484375,0
2025-10-12 00:10:00+00:00,1133.0252685546875,1133.0252685546875,1132.676513671875,1132.83251953125,0
2025-10-12 00:15:00+00:00,1134.1754150390625,1134.1754150390625,1132.8519287109375,1132.8519287109375,0
2025-10-12 00:20:00+00:00,1129.7852783203125,1133.696533203125,1129.7852783203125,1133.696533203125,0
2025-10-12 00:25:00+00:00,1125.8028564453125,1127.6510009765625,1125.8028564453125,1127.612548828125,0
2025-10-12 00:30:00+00:00,1128.1678466796875,1128.1678466796875,1123.9901123046875,1125.68408203125,0
2025-10-12 00:35:00+00:00,1129.7464599609375,1131.874267578125,1128.795654296875,1128.804931640625,1401344
2025-10-12 00:40:00+00:00,1123.74462890625,1127.047607421875,1123.74462890625,1127.047607421875,0
2025-10-12 00:45:00+00:00,1122.42138671875,1124.5216064453125,1122.42138671875,1124.5216064453125,0
2025-10-12 00:50:00+00:00,1120.0928955078125,1122.2718505859375,1120.090087890625,1122.2718505859375,0
2025-10-12 00:55:00+00:00,1115.3896484375,1118.224365234375,1115.3896484375,1118.224365234375,0
2025-10-12 01:00:00+00:00,1113.34716796875,1114.9361572265625,1113.34716796875,1114.9361572265625,0
2025-10-12 01:05:00+00:00,1116.6171875,1117.06103515625,1115.2608642578125,1115.2608642578125,0
2025-10-12 01:10:00+00:00,1116.94580078125,1116.94580078125,1116.589599609375,1116.8721923828125,0
2025-10-12 01:15:00+00:00,1118.2335205078125,1119.6563720703125,1117.142822265625,1117.142822265625,0
2025-10-12 01:20:00+00:00,1114.9249267578125,1118.4710693359375,1114.9249267578125,1118.4136962890625,0
2025-10-12 01:25:00+00:00,1114.04541015625,1114.349853515625,1113.6566162109375,1113.6566162109375,0
2025-10-12 01:30:00+00:00,1110.3074951171875,1113.9368896484375,1110.3074951171875,1113.9368896484375,0
2025-10-12 01:35:00+00:00,1114.5103759765625,1115.5791015625,1110.55078125,1110.55078125,0
2025-10-12 01:40:00+00:00,1117.9324951171875,1117.9324951171875,1116.5213623046875,1116.5213623046875,0
2025-10-12 01:45:00+00:00,1119.0621337890625,1119.2349853515625,1117.9407958984375,1117.9407958984375,0
2025-10-12 01:50:00+00:00,1116.404052734375,1119.3768310546875,1116.25390625,1119.3768310546875,0
2025-10-12 01:55:00+00:00,1113.7581787109375,1116.2659912109375,1113.7581787109375,1116.19384765625,0
2025-10-12 02:00:00+00:00,1114.17529296875,1114.17529296875,1111.2186279296875,1114.0006103515625,0
2025-10-12 02:05:00+00:00,1114.1209716796875,1114.1209716796875,1113.486328125,1113.947509765625,0
2025-10-12 02:10:00+00:00,1113.278564453125,1114.3138427734375,1113.1163330078125,1114.3138427734375,0
2025-10-12 02:15:00+00:00,1116.975341796875,1116.975341796875,1113.6729736328125,1113.6729736328125,0
2025-10-12 02:20:00+00:00,1117.5662841796875,1118.0340576171875,1116.9984130859375,1116.9984130859375,0
2025-10-12 02:25:00+00:00,1120.66796875,1120.76318359375,1117.464599609375,1117.464599609375,0
2025-10-12 02:30:00+00:00,1121.5115966796875,1121.7841796875,1120.6458740234375,1120.6458740234375,0
2025-10-12 02:35:00+00:00,1119.3472900390625,1121.1976318359375,1119.3472900390625,1121.1976318359375,0
2025-10-12 02:40:00+00:00,1115.843994140625,1118.046142578125,1115.725341796875,1118.046142578125,0
2025-10-12 02:45:00+00:00,1116.61962890625,1116.6585693359375,1116.299560546875,1116.299560546875,0
2025-10-12 02:50:00+00:00,1113.5794677734375,1116.291259765625,1113.4273681640625,1116.291259765625,0
2025-10-12 02:55:00+00:00,1113.1058349609375,1113.1058349609375,1112.227294921875,1112.9989013671875,0
2025-10-12 03:00:00+00:00,1114.130126953125,1114.80810546875,1113.78271484375,1113.78271484375,0
2025-10-12 03:05:00+00:00,1117.190185546875,1117.190185546875,1114.5634765625,1114.5634765625,0
2025-10-12 03:10:00+00:00,1120.3607177734375,1120.4859619140625,1118.2039794921875,1118.41259765625,0
2025-10-12 03:15:00+00:00,1118.7464599609375,1120.0107421875,1118.7464599609375,1120.0107421875,0
2025-10-12 03:20:00+00:00,1122.8526611328125,1122.8526611328125,1119.051513671875,1119.051513671875,0
2025-10-12 03:25:00+00:00,1126.3758544921875,1126.3758544921875,1125.67529296875,1126.2392578125,0
2025-10-12 03:30:00+00:00,1126.894775390625,1126.894775390625,1125.6524658203125,1126.1326904296875,0
2025-10-12 03:35:00+00:00,1127.2706298828125,1127.2706298828125,1126.879150390625,1127.0140380859375,626176
2025-10-12 03:40:00+00:00,1128.8638916015625,1128.8638916015625,1127.9241943359375,1127.9241943359375,0
2025-10-12 03:45:00+00:00,1127.51318359375,1128.75146484375,1127.51318359375,1128.75146484375,0
2025-10-12 03:50:00+00:00,1124.7191162109375,1127.3768310546875,1124.6678466796875,1127.3768310546875,0
2025-10-12 03:55:00+00:00,1122.254638671875,1123.396728515625,1122.254638671875,1123.396728515625,0
2025-10-12 04:00:00+00:00,1122.43310546875,1122.4945068359375,1122.26318359375,1122.26318359375,0
2025-10-12 04:05:00+00:00,1124.7650146484375,1124.7650146484375,1122.5830078125,1122.5830078125,0
2025-10-12 04:10:00+00:00,1126.238525390625,1126.2515869140625,1126.047607421875,1126.102783203125,0
2025-10-12 04:15:00+00:00,1128.6309814453125,1128.6309814453125,1126.24658203125,1126.24658203125,0
2025-10-12 04:20:00+00:00,1130.072509765625,1130.072509765625,1128.6361083984375,1128.6361083984375,4015616
2025-10-12 04:25:00+00:00,1129.023193359375,1131.314697265625,1129.023193359375,1131.221435546875,0
2025-10-12 04:30:00+00:00,1130.6038818359375,1130.6038818359375,1129.019775390625,1129.019775390625,0
2025-10-12 04:35:00+00:00,1129.6510009765625,1130.4400634765625,1129.5965576171875,1130.4400634765625,0
2025-10-12 04:40:00+00:00,1128.9505615234375,1129.611083984375,1128.9505615234375,1129.595703125,0
2025-10-12 04:45:00+00:00,1133.8709716796875,1133.8709716796875,1129.183837890625,1129.183837890625,922112
2025-10-12 04:50:00+00:00,1131.7532958984375,1133.277587890625,1131.54345703125,1133.277587890625,0
2025-10-12 04:55:00+00:00,1131.22998046875,1131.22998046875,1131.152587890625,1131.152587890625,0
2025-10-12 05:00:00+00:00,1134.0093994140625,1134.0093994140625,1131.447021484375,1131.447021484375,0
2025-10-12 05:05:00+00:00,1132.733154296875,1133.7999267578125,1132.52734375,1133.7999267578125,0
2025-10-12 05:10:00+00:00,1131.759521484375,1132.3603515625,1131.72119140625,1132.2513427734375,0
2025-10-12 05:15:00+00:00,1133.8509521484375,1133.8509521484375,1131.7576904296875,1131.7576904296875,0
2025-10-12 05:20:00+00:00,1134.4954833984375,1134.4954833984375,1133.59814453125,1133.59814453125,0
2025-10-12 05:25:00+00:00,1138.3460693359375,1138.382568359375,1135.97900390625,1135.97900390625,0
2025-10-12 05:30:00+00:00,1139.59326171875,1139.59326171875,1138.58544921875,1138.58544921875,0
2025-10-12 05:35:00+00:00,1140.005615234375,1140.2279052734375,1139.6422119140625,1139.6422119140625,0
2025-10-12 05:40:00+00:00,1141.3179931640625,1141.3179931640625,1140.2933349609375,1140.344970703125,0
2025-10-12 05:45:00+00:00,1145.839599609375,1145.839599609375,1141.4443359375,1141.4443359375,0
2025-10-12 05:50:00+00:00,1147.48974609375,1147.48974609375,1145.837890625,1146.038330078125,5868544
2025-10-12 05:55:00+00:00,1150.401611328125,1151.230224609375,1148.5809326171875,1148.5809326171875,18819072
2025-10-12 06:00:00+00:00,1148.17529296875,1150.35009765625,1147.00341796875,1150.35009765625,0
2025-10-12 06:05:00+00:00,1148.4407958984375,1148.4407958984375,1147.8427734375,1148.386962890625,0
2025-10-12 06:10:00+00:00,1150.051025390625,1150.4638671875,1149.3536376953125,1149.3536376953125,2155520
2025-10-12 06:15:00+00:00,1149.604248046875,1150.01708984375,1149.604248046875,1150.01708984375,0
2025-10-12 06:20:00+00:00,1147.9835205078125,1149.0882568359375,1147.949462890625,1149.0882568359375,0
2025-10-12 06:25:00+00:00,1149.770263671875,1150.1156005859375,1147.659423828125,1147.67236328125,8636928
2025-10-12 06:30:00+00:00,1151.7208251953125,1152.9366455078125,1150.455322265625,1150.455322265625,11368960
2025-10-12 06:35:00+00:00,1149.7337646484375,1151.525390625,1149.7069091796875,1151.525390625,2469376
2025-10-12 06:40:00+00:00,1150.64111328125,1150.64111328125,1149.6171875,1149.6171875,0
2025-10-12 06:45:00+00:00,1151.720458984375,1151.720458984375,1150.6854248046875,1150.6854248046875,0
2025-10-12 06:50:00+00:00,1151.3807373046875,1151.8060302734375,1151.28564453125,1151.742431640625,0
2025-10-12 06:55:00+00:00,1153.6981201171875,1153.6981201171875,1151.8721923828125,1151.8721923828125,0
2025-10-12 07:00:00+00:00,1154.2176513671875,1154.2176513671875,1153.843994140625,1153.843994140625,0
2025-10-12 07:05:00+00:00,1159.2554931640625,1159.2554931640625,1156.724365234375,1156.724365234375,0
2025-10-12 07:10:00+00:00,1160.8212890625,1162.0863037109375,1160.7530517578125,1162.0863037109375,0
2025-10-12 07:15:00+00:00,1162.8861083984375,1162.8861083984375,1161.025146484375,1161.025146484375,0
2025-10-12 07:20:00+00:00,1167.2086181640625,1167.2086181640625,1163.1932373046875,1163.1932373046875,0
2025-10-12 07:25:00+00:00,1167.2427978515625,1168.12646484375,1167.06640625,1168.12646484375,1184256
2025-10-12 07:30:00+00:00,1163.6375732421875,1166.8125,1163.6375732421875,1166.8125,19699200
2025-10-12 07:35:00+00:00,1163.127197265625,1163.955322265625,1163.127197265625,1163.955322265625,0
2025-10-12 07:40:00+00:00,1160.0872802734375,1162.1932373046875,1160.0872802734375,1161.982177734375,1951232
2025-10-12 07:45:00+00:00,1158.0572509765625,1160.1129150390625,1158.0572509765625,1160.1129150390625,0
2025-10-12 07:50:00+00:00,1159.73388671875,1159.7515869140625,1158.4844970703125,1158.4844970703125,0
2025-10-12 07:55:00+00:00,1161.5653076171875,1161.5653076171875,1160.010498046875,1160.010498046875,0
2025-10-12 08:00:00+00:00,1159.49560546875,1161.3988037109375,1159.49560546875,1161.3988037109375,0
2025-10-12 08:05:00+00:00,1160.00537109375,1160.00537109375,1159.617431640625,1159.617431640625,0
2025-10-12 08:10:00+00:00,1159.1715087890625,1159.4471435546875,1158.9952392578125,1158.9952392578125,0
2025-10-12 08:15:00+00:00,1158.0062255859375,1159.049560546875,1157.63037109375,1159.049560546875,0
2025-10-12 08:20:00+00:00,1157.64794921875,1157.874755859375,1157.3153076171875,1157.7799072265625,0
2025-10-12 08:25:00+00:00,1163.259765625,1163.259765625,1158.9443359375,1158.9443359375,0
2025-10-12 08:30:00+00:00,1165.0985107421875,1165.0985107421875,1163.611572265625,1163.611572265625,0
2025-10-12 08:35:00+00:00,1167.2972412109375,1167.4935302734375,1165.3240966796875,1165.3240966796875,4237824
2025-10-12 08:40:00+00:00,1171.1907958984375,1171.1907958984375,1169.4329833984375,1169.4329833984375,62207488
2025-10-12 08:45:00+00:00,1181.794677734375,1181.794677734375,1178.36865234375,1178.36865234375,74949632
2025-10-12 08:50:00+00:00,1177.617919921875,1179.9486083984375,1177.1558837890625,1179.9486083984375,38662144
2025-10-12 08:55:00+00:00,1178.678955078125,1179.132080078125,1178.24169921875,1179.132080078125,8176640
2025-10-12 09:00:00+00:00,1175.28662109375,1178.556396484375,1175.28662109375,1178.5281982421875,0
2025-10-12 09:05:00+00:00,1173.89404296875,1175.140869140625,1173.89404296875,1175.038330078125,0
2025-10-12 09:10:00+00:00,1171.693603515625,1171.8001708984375,1171.133056640625,1171.133056640625,0
2025-10-12 09:15:00+00:00,1170.4007568359375,1171.5963134765625,1169.7291259765625,1171.5963134765625,0
2025-10-12 09:20:00+00:00,1174.5545654296875,1174.7833251953125,1172.490234375,1172.490234375,1947136
2025-10-12 09:25:00+00:00,1176.5811767578125,1176.5811767578125,1175.9521484375,1175.9521484375,6550016
2025-10-12 09:30:00+00:00,1179.804931640625,1179.804931640625,1176.5875244140625,1176.5875244140625,4341760
2025-10-12 09:35:00+00:00,1181.191650390625,1181.191650390625,1179.6007080078125,1179.6007080078125,15031808
2025-10-12 09:40:00+00:00,1185.8370361328125,1185.8370361328125,1182.59033203125,1182.59033203125,22575104
2025-10-12 09:45:00+00:00,1190.52685546875,1190.52685546875,1186.0262451171875,1186.0262451171875,49395712
2025-10-12 09:50:00+00:00,1191.9622802734375,1191.9622802734375,1190.601806640625,1190.601806640625,30827520
2025-10-12 09:55:00+00:00,1209.7716064453125,1209.7716064453125,1199.955078125,1199.955078125,105838080
2025-10-12 10:00:00+00:00,1217.5303955078125,1217.5303955078125,1209.979248046875,1209.979248046875,91424256
2025-10-12 10:05:00+00:00,1216.5465087890625,1218.2960205078125,1216.275390625,1218.2960205078125,57867776
2025-10-12 10:10:00+00:00,1216.053955078125,1216.9873046875,1216.053955078125,1216.9873046875,43816960
2025-10-12 10:15:00+00:00,1216.9749755859375,1217.0322265625,1216.477294921875,1216.477294921875,20670976
2025-10-12 10:20:00+00:00,1214.2882080078125,1216.8870849609375,1213.8497314453125,1216.8870849609375,2876416
2025-10-12 10:25:00+00:00,1215.310791015625,1215.8924560546875,1214.5799560546875,1214.7261962890625,0
2025-10-12 10:30:00+00:00,1213.393798828125,1215.0987548828125,1213.1844482421875,1215.0987548828125,11954688
2025-10-12 10:35:00+00:00,1215.7325439453125,1216.0404052734375,1213.6446533203125,1213.6446533203125,8601600
2025-10-12 10:40:00+00:00,1217.6947021484375,1217.6947021484375,1215.469482421875,1215.469482421875,0
2025-10-12 10:45:00+00:00,1218.0689697265625,1218.6561279296875,1217.7532958984375,1217.7532958984375,18662912
2025-10-12 10:50:00+00:00,1224.1656494140625,1224.5001220703125,1219.4791259765625,1219.4791259765625,56024064
2025-10-12 10:55:00+00:00,1219.8934326171875,1222.5045166015625,1219.8934326171875,1222.3992919921875,21126656
2025-10-12 11:00:00+00:00,1217.37109375,1219.524169921875,1217.37109375,1219.524169921875,17259008
2025-10-12 11:05:00+00:00,1220.1724853515625,1220.1724853515625,1217.9615478515625,1217.9615478515625,9153024
2025-10-12 11:10:00+00:00,1224.5809326171875,1224.705810546875,1223.556396484375,1223.9832763671875,15865344
2025-10-12 11:15:00+00:00,1223.700927734375,1225.6446533203125,1223.700927734375,1224.0899658203125,16259072
2025-10-12 11:20:00+00:00,1223.1341552734375,1223.9827880859375,1222.7269287109375,1223.9827880859375,2271744
2025-10-12 11:25:00+00:00,1225.3455810546875,1225.399169921875,1224.297607421875,1224.297607421875,0
2025-10-12 11:30:00+00:00,1223.435791015625,1225.4871826171875,1223.435791015625,1225.4871826171875,0
2025-10-12 11:35:00+00:00,1223.0767822265625,1223.7249755859375,1222.9012451171875,1223.70166015625,4311552
2025-10-12 11:40:00+00:00,1221.131103515625,1221.131103515625,1220.88330078125,1220.9600830078125,1489408
2025-10-12 11:45:00+00:00,1223.2681884765625,1223.2681884765625,1219.63916015625,1220.926513671875,19073536
2025-10-12 11:50:00+00:00,1226.7586669921875,1226.7586669921875,1223.8211669921875,1223.8211669921875,19178496
2025-10-12 11:55:00+00:00,1227.634033203125,1228.1859130859375,1227.634033203125,1228.1859130859375,19138560
2025-10-12 12:00:00+00:00,1232.834228515625,1232.834228515625,1227.7911376953125,1227.7911376953125,28921344
2025-10-12 12:05:00+00:00,1235.8868408203125,1236.035888671875,1233.0418701171875,1233.0418701171875,44857856
2025-10-12 12:10:00+00:00,1242.3076171875,1242.3076171875,1235.4649658203125,1235.4649658203125,33708544
2025-10-12 12:15:00+00:00,1246.927001953125,1246.927001953125,1243.643310546875,1243.643310546875,53874688
2025-10-12 12:20:00+00:00,1251.542724609375,1251.542724609375,1247.1666259765625,1247.1666259765625,52267008
2025-10-12 12:25:00+00:00,1255.6241455078125,1256.350341796875,1255.427001953125,1256.350341796875,67644928
2025-10-12 12:30:00+00:00,1257.4923095703125,1257.6298828125,1255.487548828125,1255.487548828125,91898880
2025-10-12 12:35:00+00:00,1252.208984375,1255.4088134765625,1251.8565673828125,1255.4088134765625,19226112
2025-10-12 12:40:00+00:00,1251.8759765625,1254.7247314453125,1251.49267578125,1254.7247314453125,34184192
2025-10-12 12:45:00+00:00,1244.28369140625,1251.81494140625,1244.28369140625,1251.81494140625,43647488
2025-10-12 12:50:00+00:00,1245.6273193359375,1246.0252685546875,1244.97802734375,1245.0816650390625,6005760
2025-10-12 12:55:00+00:00,1241.5457763671875,1243.77392578125,1241.406005859375,1243.77392578125,8532480
2025-10-12 13:00:00+00:00,1238.7984619140625,1242.0263671875,1238.7984619140625,1241.779296875,0
2025-10-12 13:05:00+00:00,1236.099853515625,1238.705078125,1236.099853515625,1238.705078125,12683264
2025-10-12 13:10:00+00:00,1243.2415771484375,1243.2415771484375,1234.833251953125,1234.833251953125,37074432
2025-10-12 13:15:00+00:00,1243.8134765625,1243.8134765625,1243.22607421875,1243.22607421875,21553664
2025-10-12 13:20:00+00:00,1238.6763916015625,1243.3095703125,1238.6763916015625,1243.3095703125,8083456
2025-10-12 13:25:00+00:00,1234.7803955078125,1236.0975341796875,1234.7803955078125,1236.0975341796875,4564992
2025-10-12 13:30:00+00:00,1231.694091796875,1235.471923828125,1231.694091796875,1235.2349853515625,6681088
2025-10-12 13:35:00+00:00,1230.3294677734375,1231.5694580078125,1230.3294677734375,1231.5694580078125,10326528
2025-10-12 13:40:00+00:00,1230.20947265625,1230.2098388671875,1228.589599609375,1228.6820068359375,22266880
2025-10-12 13:45:00+00:00,1231.14404296875,1231.14404296875,1230.2109375,1230.2109375,8189952
2025-10-12 13:50:00+00:00,1225.469482421875,1225.469482421875,1224.467529296875,1225.1512451171875,9187840
2025-10-12 13:55:00+00:00,1224.1524658203125,1226.41064453125,1224.0509033203125,1226.41064453125,17468928
2025-10-12 14:00:00+00:00,1230.45458984375,1230.45458984375,1223.860595703125,1223.860595703125,13931008
2025-10-12 14:05:00+00:00,1233.4844970703125,1233.4844970703125,1230.0599365234375,1230.0599365234375,17547264
2025-10-12 14:10:00+00:00,1235.681884765625,1235.681884765625,1233.9051513671875,1233.9051513671875,21723648
2025-10-12 14:15:00+00:00,1237.8321533203125,1237.9876708984375,1235.907470703125,1235.907470703125,36878336
2025-10-12 14:20:00+00:00,1236.5689697265625,1237.372314453125,1236.2276611328125,1237.372314453125,6843392
2025-10-12 14:25:00+00:00,1236.7314453125,1237.538330078125,1236.69580078125,1237.538330078125,0
2025-10-12 14:30:00+00:00,1238.722900390625,1240.2652587890625,1237.4410400390625,1237.4410400390625,9695232
2025-10-12 14:35:00+00:00,1238.27685546875,1239.1300048828125,1238.27685546875,1238.9803466796875,4971520
2025-10-12 14:40:00+00:00,1235.9376220703125,1236.7486572265625,1235.9376220703125,1236.7486572265625,5936640
2025-10-12 14:45:00+00:00,1243.64208984375,1243.64208984375,1237.64111328125,1237.64111328125,34030592
2025-10-12 14:50:00+00:00,1259.2108154296875,1260.052490234375,1250.1961669921875,1250.8511962890625,142078976
2025-10-12 14:55:00+00:00,1269.80419921875,1271.773193359375,1266.64208984375,1266.64208984375,147764736
2025-10-12 15:00:00+00:00,1265.4815673828125,1265.4815673828125,1260.226806640625,1260.226806640625,93425664
2025-10-12 15:05:00+00:00,1269.1075439453125,1270.386962890625,1266.06005859375,1266.06005859375,60509184
2025-10-12 15:10:00+00:00,1264.28564453125,1266.09326171875,1263.9071044921875,1266.09326171875,8221696
2025-10-12 15:15:00+00:00,1269.954345703125,1269.954345703125,1264.5755615234375,1264.5755615234375,0
2025-10-12 15:20:00+00:00,1270.6715087890625,1270.6715087890625,1269.9705810546875,1270.2679443359375,25363456
2025-10-12 15:25:00+00:00,1270.611083984375,1270.611083984375,1270.1854248046875,1270.538330078125,17953792
2025-10-12 15:30:00+00:00,1273.57080078125,1273.57080078125,1271.73046875,1271.73046875,77324288
2025-10-12 15:35:00+00:00,1268.0078125,1272.8719482421875,1267.53125,1272.8719482421875,24237056
2025-10-12 15:40:00+00:00,1273.4910888671875,1273.4910888671875,1272.027587890625,1272.033447265625,49956864
2025-10-12 15:45:00+00:00,1286.4952392578125,1286.4952392578125,1274.45068359375,1274.45068359375,57079808
2025-10-12 15:50:00+00:00,1294.6337890625,1295.6881103515625,1287.431884765625,1287.431884765625,85459968
2025-10-12 15:55:00+00:00,1299.121826171875,1299.121826171875,1295.6773681640625,1295.6773681640625,91805696
2025-10-12 16:00:00+00:00,1307.6011962890625,1307.6011962890625,1298.7550048828125,1298.7550048828125,114476032
2025-10-12 16:05:00+00:00,1302.49072265625,1306.8660888671875,1302.49072265625,1306.8660888671875,68621312
2025-10-12 16:10:00+00:00,1294.36279296875,1299.7802734375,1291.7750244140625,1299.7802734375,45798400
2025-10-12 16:15:00+00:00,1289.5313720703125,1294.3447265625,1289.5313720703125,1294.3447265625,72498176
2025-10-12 16:20:00+00:00,1287.324462890625,1289.900634765625,1287.1837158203125,1289.3614501953125,54470656
2025-10-12 16:25:00+00:00,1282.5123291015625,1282.5123291015625,1280.181640625,1280.181640625,72691712
2025-10-12 16:30:00+00:00,1288.2161865234375,1288.2161865234375,1282.5439453125,1282.5439453125,38560768
2025-10-12 16:35:00+00:00,1287.8114013671875,1288.75048828125,1287.8114013671875,1288.715087890625,18825216
2025-10-12 16:40:00+00:00,1288.24169921875,1288.24169921875,1286.6737060546875,1286.6737060546875,18286592
2025-10-12 16:45:00+00:00,1292.1439208984375,1294.268310546875,1289.384765625,1289.384765625,68135936
2025-10-12 16:50:00+00:00,1294.96728515625,1294.96728515625,1292.6279296875,1292.6279296875,47755264
2025-10-12 16:55:00+00:00,1295.597412109375,1295.74951171875,1294.7728271484375,1295.3768310546875,14635008
2025-10-12 17:00:00+00:00,1297.5277099609375,1297.5277099609375,1295.846923828125,1295.846923828125,543744
2025-10-12 17:05:00+00:00,1300.650634765625,1300.7113037109375,1299.0736083984375,1299.0736083984375,22972416
2025-10-12 17:10:00+00:00,1298.349365234375,1299.2017822265625,1298.349365234375,1299.2017822265625,2293760
2025-10-12 17:15:00+00:00,1297.6595458984375,1298.02392578125,1297.6595458984375,1298.02392578125,0
2025-10-12 17:20:00+00:00,1295.81982421875,1295.81982421875,1295.6444091796875,1295.6444091796875,12332032
2025-10-12 17:25:00+00:00,1295.085693359375,1297.116455078125,1294.7763671875,1297.116455078125,0
2025-10-12 17:30:00+00:00,1293.530517578125,1295.2552490234375,1293.530517578125,1294.9105224609375,0
2025-10-12 17:35:00+00:00,1298.2725830078125,1298.2725830078125,1294.3819580078125,1294.3819580078125,0
2025-10-12 17:40:00+00:00,1298.443359375,1299.110107421875,1298.443359375,1298.618408203125,0
2025-10-12 17:45:00+00:00,1300.8323974609375,1300.8323974609375,1299.8848876953125,1299.8848876953125,28413952
2025-10-12 17:50:00+00:00,1296.7567138671875,1300.7835693359375,1296.2645263671875,1300.7835693359375,13995008
2025-10-12 17:55:00+00:00,1300.58154296875,1300.58154296875,1297.8763427734375,1297.8763427734375,18351104
2025-10-12 18:00:00+00:00,1299.54248046875,1299.54248046875,1299.21484375,1299.350341796875,3517440
2025-10-12 18:05:00+00:00,1301.2674560546875,1302.102294921875,1299.9036865234375,1300.0426025390625,32757760
2025-10-12 18:10:00+00:00,1300.5928955078125,1301.182861328125,1300.522705078125,1301.12548828125,13818880
2025-10-12 18:15:00+00:00,1300.110595703125,1300.61328125,1299.6287841796875,1300.61328125,2055168
2025-10-12 18:20:00+00:00,1301.7745361328125,1301.7745361328125,1300.0556640625,1300.0556640625,16414720
2025-10-12 18:25:00+00:00,1299.7835693359375,1301.99560546875,1299.7835693359375,1301.99560546875,6116352
2025-10-12 18:30:00+00:00,1297.1307373046875,1299.4842529296875,1297.1307373046875,1299.4842529296875,0
2025-10-12 18:35:00+00:00,1293.19580078125,1297.2833251953125,1293.19580078125,1296.9381103515625,21071872
2025-10-12 18:40:00+00:00,1292.3701171875,1292.3701171875,1289.1834716796875,1289.1834716796875,23909376
2025-10-12 18:45:00+00:00,1292.3670654296875,1292.3670654296875,1291.814453125,1291.9637451171875,14069760
2025-10-12 18:50:00+00:00,1294.8817138671875,1294.8817138671875,1292.507568359375,1292.507568359375,9601024
2025-10-12 18:55:00+00:00,1300.491943359375,1300.491943359375,1299.5999755859375,1299.6011962890625,25532416
2025-10-12 19:00:00+00:00,1300.6639404296875,1300.6639404296875,1299.6766357421875,1300.5091552734375,0
2025-10-12 19:05:00+00:00,1301.3753662109375,1301.3753662109375,1300.790771484375,1300.790771484375,0
2025-10-12 19:10:00+00:00,1301.3197021484375,1302.174560546875,1301.3197021484375,1302.174560546875,0
2025-10-12 19:15:00+00:00,1299.379638671875,1301.2353515625,1299.379638671875,1301.2353515625,0
2025-10-12 19:20:00+00:00,1297.477783203125,1299.4598388671875,1297.477783203125,1299.4598388671875,0
2025-10-12 19:25:00+00:00,1298.0865478515625,1298.22705078125,1297.6732177734375,1297.6732177734375,0
2025-10-12 19:30:00+00:00,1298.254150390625,1299.45703125,1298.254150390625,1298.6494140625,0
2025-10-12 19:35:00+00:00,1296.7039794921875,1298.068359375,1296.7039794921875,1298.068359375,0
2025-10-12 19:40:00+00:00,1294.5419921875,1295.0699462890625,1294.019287109375,1295.0699462890625,0
2025-10-12 19:45:00+00:00,1297.0283203125,1297.0283203125,1294.68505859375,1294.68505859375,0
2025-10-12 19:50:00+00:00,1297.052734375,1297.052734375,1296.802734375,1296.923828125,0
2025-10-12 19:55:00+00:00,1298.4990234375,1299.0953369140625,1298.3572998046875,1298.4105224609375,0
2025-10-12 20:00:00+00:00,1296.5107421875,1298.549560546875,1296.5107421875,1298.549560546875,0
2025-10-12 20:05:00+00:00,1296.113037109375,1296.6297607421875,1296.015625,1296.6297607421875,0
2025-10-12 20:10:00+00:00,1295.7374267578125,1295.745849609375,1295.5521240234375,1295.745849609375,0
2025-10-12 20:15:00+00:00,1295.888916015625,1295.982177734375,1295.5911865234375,1295.5911865234375,0
2025-10-12 20:20:00+00:00,1297.0931396484375,1297.0931396484375,1296.1990966796875,1296.1990966796875,0
2025-10-12 20:25:00+00:00,1297.18701171875,1297.18701171875,1296.6961669921875,1296.766357421875,0
2025-10-12 20:30:00+00:00,1301.3597412109375,1301.3597412109375,1297.3638916015625,1297.3638916015625,12803072
2025-10-12 20:35:00+00:00,1302.196533203125,1302.2364501953125,1301.112548828125,1301.1339111328125,2308096
2025-10-12 20:40:00+00:00,1305.5867919921875,1305.599365234375,1301.827880859375,1301.827880859375,19874816
2025-10-12 20:45:00+00:00,1315.33203125,1315.33203125,1305.8890380859375,1305.8890380859375,53303296
2025-10-12 20:50:00+00:00,1317.33544921875,1319.1607666015625,1315.19677734375,1315.19677734375,32494592
2025-10-12 20:55:00+00:00,1302.35546875,1313.709228515625,1302.3489990234375,1313.709228515625,13230080
2025-10-12 21:00:00+00:00,1304.9156494140625,1304.9156494140625,1303.0762939453125,1303.0762939453125,12956672
2025-10-12 21:05:00+00:00,1307.5902099609375,1307.6678466796875,1306.647705078125,1307.1026611328125,0
2025-10-12 21:10:00+00:00,1306.8465576171875,1308.401123046875,1305.9915771484375,1308.401123046875,0
2025-10-12 21:15:00+00:00,1303.1356201171875,1305.587646484375,1303.1356201171875,1305.587646484375,0
2025-10-12 21:20:00+00:00,1301.0577392578125,1303.0302734375,1301.0577392578125,1303.0302734375,0
2025-10-12 21:25:00+00:00,1295.1173095703125,1298.3551025390625,1295.1173095703125,1298.273681640625,0
2025-10-12 21:30:00+00:00,1292.637939453125,1295.4461669921875,1292.637939453125,1295.4461669921875,799744
2025-10-12 21:35:00+00:00,1288.9090576171875,1292.9117431640625,1288.9090576171875,1292.9117431640625,12053504
2025-10-12 21:40:00+00:00,1288.013916015625,1288.84716796875,1287.9090576171875,1288.84716796875,1722368
2025-10-12 21:45:00+00:00,1289.77587890625,1289.77587890625,1288.2249755859375,1288.2249755859375,0
2025-10-12 21:50:00+00:00,1289.2108154296875,1289.6806640625,1289.2108154296875,1289.53369140625,0
2025-10-12 21:55:00+00:00,1293.435791015625,1293.435791015625,1288.880859375,1288.880859375,11807744
2025-10-12 22:00:00+00:00,1295.99365234375,1295.99365234375,1294.964599609375,1295.014892578125,29272064
2025-10-12 22:05:00+00:00,1290.5198974609375,1295.0179443359375,1290.4228515625,1295.0179443359375,0
2025-10-12 22:10:00+00:00,1286.7059326171875,1289.76708984375,1286.7059326171875,1289.76708984375,18310144
2025-10-12 22:15:00+00:00,1287.8631591796875,1289.0440673828125,1287.3175048828125,1287.3175048828125,11789312
2025-10-12 22:20:00+00:00,1287.417236328125,1287.818359375,1287.417236328125,1287.543701171875,0
2025-10-12 22:25:00+00:00,1285.0213623046875,1286.5321044921875,1285.0213623046875,1286.502685546875,1261568
2025-10-12 22:30:00+00:00,1285.3387451171875,1285.3387451171875,1284.690673828125,1284.690673828125,8729600
2025-10-12 22:35:00+00:00,1284.3681640625,1284.907470703125,1284.1998291015625,1284.83447265625,8262656
2025-10-12 22:40:00+00:00,1282.36572265625,1283.835693359375,1282.36572265625,1283.835693359375,7190528
2025-10-12 22:45:00+00:00,1282.9044189453125,1282.9044189453125,1281.60693359375,1282.4161376953125,17957888
2025-10-12 22:50:00+00:00,1285.5279541015625,1285.5279541015625,1284.7281494140625,1284.7281494140625,25245696
2025-10-12 22:55:00+00:00,1288.0718994140625,1288.0718994140625,1287.31982421875,1287.31982421875,21671936
2025-10-12 23:00:00+00:00,1287.520751953125,1288.0242919921875,1287.520751953125,1288.01904296875,0
2025-10-12 23:05:00+00:00,1285.5843505859375,1285.8768310546875,1285.28466796875,1285.8768310546875,0
2025-10-12 23:10:00+00:00,1289.5052490234375,1289.5052490234375,1288.9197998046875,1288.9197998046875,11376640
2025-10-12 23:15:00+00:00,1289.969970703125,1290.9052734375,1289.969970703125,1290.8438720703125,8704000
2025-10-12 23:20:00+00:00,1293.1246337890625,1293.1246337890625,1290.2633056640625,1290.2633056640625,15201280
2025-10-12 23:25:00+00:00,1297.971435546875,1297.971435546875,1295.2081298828125,1295.2081298828125,24849408
2025-10-12 23:30:00+00:00,1302.4027099609375,1302.4027099609375,1297.819091796875,1297.819091796875,24712192
2025-10-12 23:35:00+00:00,1301.4700927734375,1302.1455078125,1301.10595703125,1302.1455078125,15074304
2025-10-12 23:40:00+00:00,1301.6766357421875,1301.804931640625,1301.049560546875,1301.049560546875,11799552
2025-10-12 23:45:00+00:00,1300.8231201171875,1301.522705078125,1300.540283203125,1301.522705078125,8523776
2025-10-12 23:50:00+00:00,1299.7454833984375,1300.486328125,1299.3782958984375,1300.486328125,11090944
2025-10-12 23:55:00+00:00,1302.888427734375,1302.888427734375,1299.38818359375,1299.5673828125,16145408
2025-10-13 00:00:00+00:00,1303.8162841796875,1303.8162841796875,1302.3494873046875,1302.90234375,0
2025-10-13 00:05:00+00:00,1308.091552734375,1308.091552734375,1304.15234375,1304.15234375,30425088
2025-10-13 00:10:00+00:00,1309.0830078125,1311.7447509765625,1309.0830078125,1311.7447509765625,36358144
2025-10-13 00:15:00+00:00,1312.306396484375,1313.801025390625,1309.34375,1309.34375,48984064
2025-10-13 00:20:00+00:00,1315.2005615234375,1315.2005615234375,1313.6546630859375,1313.6546630859375,29110272
2025-10-13 00:25:00+00:00,1316.003173828125,1316.2843017578125,1315.8756103515625,1316.1024169921875,16471040
2025-10-13 00:30:00+00:00,1314.08154296875,1315.901123046875,1314.08154296875,1315.901123046875,14392320
2025-10-13 00:35:00+00:00,1309.615234375,1311.4739990234375,1309.5498046875,1311.4739990234375,4129792
2025-10-13 00:40:00+00:00,1307.084228515625,1307.084228515625,1306.98876953125,1307.0662841796875,265216
2025-10-13 00:45:00+00:00,1308.2930908203125,1308.599365234375,1306.8961181640625,1306.8961181640625,3257344
2025-10-13 00:50:00+00:00,1312.99560546875,1312.99560546875,1308.425537109375,1308.425537109375,19543040
2025-10-13 00:55:00+00:00,1317.6085205078125,1319.0068359375,1314.4742431640625,1314.4742431640625,38166528
2025-10-13 01:00:00+00:00,1310.7059326171875,1317.2373046875,1310.7059326171875,1317.2373046875,9508864
2025-10-13 01:05:00+00:00,1309.8857421875,1310.6400146484375,1309.8150634765625,1310.6400146484375,11983872
2025-10-13 01:10:00+00:00,1307.0550537109375,1308.582275390625,1307.0550537109375,1308.582275390625,7789568
2025-10-13 01:15:00+00:00,1304.0235595703125,1307.0836181640625,1304.0235595703125,1307.0836181640625,7675904
2025-10-13 01:20:00+00:00,1308.680908203125,1308.680908203125,1303.518310546875,1303.518310546875,20370432
2025-10-13 01:25:00+00:00,1310.063232421875,1310.063232421875,1309.208251953125,1309.6773681640625,21569536
2025-10-13 01:30:00+00:00,1313.479248046875,1313.479248046875,1310.099365234375,1310.099365234375,3197952
2025-10-13 01:35:00+00:00,1311.0482177734375,1313.0855712890625,1311.0482177734375,1313.0855712890625,0
2025-10-13 01:40:00+00:00,1309.0963134765625,1310.099853515625,1309.0963134765625,1309.978759765625,0
2025-10-13 01:45:00+00:00,1305.0400390625,1309.1737060546875,1304.759521484375,1309.1737060546875,0
2025-10-13 01:50:00+00:00,1306.4942626953125,1306.4942626953125,1305.416015625,1305.7637939453125,0
2025-10-13 01:55:00+00:00,1308.1732177734375,1308.29296875,1306.50439453125,1306.50439453125,0
2025-10-13 02:00:00+00:00,1307.15869140625,1309.6502685546875,1307.15869140625,1309.6502685546875,0
2025-10-13 02:05:00+00:00,1308.5311279296875,1308.849365234375,1307.08447265625,1307.08447265625,7941120
2025-10-13 02:10:00+00:00,1307.088623046875,1308.852294921875,1307.088623046875,1308.852294921875,3306496
2025-10-13 02:15:00+00:00,1303.2174072265625,1306.9090576171875,1303.2174072265625,1306.9090576171875,9531392
2025-10-13 02:20:00+00:00,1299.7054443359375,1302.9287109375,1299.7054443359375,1302.9287109375,5787648
2025-10-13 02:25:00+00:00,1295.7747802734375,1299.365234375,1295.6346435546875,1299.365234375,6769664
2025-10-13 02:30:00+00:00,1297.255615234375,1297.255615234375,1295.705078125,1295.705078125,12422144
2025-10-13 02:35:00+00:00,1298.3673095703125,1298.5457763671875,1297.20361328125,1297.3193359375,9501696
2025-10-13 02:40:00+00:00,1300.8331298828125,1301.154296875,1298.4554443359375,1298.4554443359375,2021376
2025-10-13 02:45:00+00:00,1302.0955810546875,1302.0955810546875,1300.708251953125,1300.968994140625,5917696
2025-10-13 02:50:00+00:00,1302.615478515625,1302.615478515625,1302.149658203125,1302.149658203125,0
2025-10-13 02:55:00+00:00,1303.37548828125,1303.775634765625,1303.37548828125,1303.6929931640625,416768
2025-10-13 03:00:00+00:00,1306.1328125,1306.1328125,1303.4852294921875,1303.4852294921875,9472000
2025-10-13 03:05:00+00:00,1308.3531494140625,1308.3531494140625,1306.04150390625,1306.04150390625,7225344
2025-10-13 03:10:00+00:00,1313.4439697265625,1313.476806640625,1311.243896484375,1311.243896484375,9098240
2025-10-13 03:15:00+00:00,1314.2901611328125,1314.2901611328125,1313.04443359375,1313.3612060546875,10932224
2025-10-13 03:20:00+00:00,1311.8392333984375,1314.11962890625,1311.8392333984375,1314.1085205078125,2584576
2025-10-13 03:25:00+00:00,1310.156005859375,1310.156005859375,1309.5638427734375,1309.6563720703125,0
2025-10-13 03:30:00+00:00,1309.326416015625,1310.014404296875,1309.326416015625,1310.014404296875,2141184
2025-10-13 03:35:00+00:00,1308.5,1308.5,1307.9755859375,1307.9755859375,11586560
2025-10-13 03:40:00+00:00,1306.4080810546875,1307.5548095703125,1306.4080810546875,1307.45703125,5652480
2025-10-13 03:45:00+00:00,1301.2747802734375,1306.2252197265625,1301.2747802734375,1306.2252197265625,4580352
2025-10-13 03:50:00+00:00,1298.66015625,1301.215576171875,1298.66015625,1301.215576171875,4116480
2025-10-13 03:55:00+00:00,1298.4063720703125,1298.7373046875,1297.697998046875,1297.697998046875,1562624
2025-10-13 04:00:00+00:00,1297.6175537109375,1298.545654296875,1297.6175537109375,1298.3475341796875,5314560
2025-10-13 04:05:00+00:00,1297.5887451171875,1298.0303955078125,1297.5887451171875,1298.0303955078125,5921792
2025-10-13 04:10:00+00:00,1295.266845703125,1296.5577392578125,1295.266845703125,1296.5577392578125,2100224
2025-10-13 04:15:00+00:00,1293.7943115234375,1293.7943115234375,1293.0966796875,1293.2908935546875,8351744
2025-10-13 04:20:00+00:00,1290.2606201171875,1293.45458984375,1290.2606201171875,1293.45458984375,1506304
2025-10-13 04:25:00+00:00,1287.3426513671875,1288.1524658203125,1287.3426513671875,1287.87353515625,12797952
2025-10-13 04:30:00+00:00,1288.69287109375,1288.69287109375,1288.3072509765625,1288.5836181640625,10400768
2025-10-13 04:35:00+00:00,1291.5987548828125,1292.093505859375,1289.05517578125,1289.05517578125,7894016
2025-10-13 04:40:00+00:00,1291.5538330078125,1291.5538330078125,1290.6759033203125,1290.6759033203125,8550400
2025-10-13 04:45:00+00:00,1286.6947021484375,1291.302490234375,1286.6947021484375,1291.302490234375,10915840
2025-10-13 04:50:00+00:00,1286.98876953125,1287.120361328125,1286.940673828125,1286.940673828125,11186176
2025-10-13 04:55:00+00:00,1292.238525390625,1292.238525390625,1288.82177734375,1288.82177734375,12346368
2025-10-13 05:00:00+00:00,1292.597900390625,1293.077392578125,1292.597900390625,1292.705322265625,9184256
2025-10-13 05:05:00+00:00,1293.1617431640625,1293.1617431640625,1292.489013671875,1292.489013671875,4617216
2025-10-13 05:10:00+00:00,1294.012939453125,1294.012939453125,1293.8565673828125,1293.931396484375,7953408
2025-10-13 05:15:00+00:00,1295.82177734375,1295.82177734375,1294.332763671875,1294.332763671875,17354752
2025-10-13 05:20:00+00:00,1296.211669921875,1296.703369140625,1296.0263671875,1296.0263671875,640000
2025-10-13 05:25:00+00:00,1297.850830078125,1297.850830078125,1295.664306640625,1295.664306640625,5521408
2025-10-13 05:30:00+00:00,1299.9342041015625,1300.0098876953125,1298.12841796875,1298.12841796875,12579840
2025-10-13 05:35:00+00:00,1297.951904296875,1299.544189453125,1297.6514892578125,1299.544189453125,0
2025-10-13 05:40:00+00:00,1296.118896484375,1298.6600341796875,1296.118896484375,1298.6600341796875,4467712
2025-10-13 05:45:00+00:00,1294.8402099609375,1295.6036376953125,1294.8402099609375,1295.6036376953125,0
2025-10-13 05:50:00+00:00,1296.113525390625,1296.446044921875,1295.5345458984375,1295.5345458984375,0
2025-10-13 05:55:00+00:00,1296.107177734375,1296.107177734375,1295.8609619140625,1295.8609619140625,0
2025-10-13 06:00:00+00:00,1300.0908203125,1300.0908203125,1296.3751220703125,1296.3751220703125,0
2025-10-13 06:05:00+00:00,1309.9176025390625,1309.9176025390625,1300.642822265625,1300.642822265625,54312960
2025-10-13 06:10:00+00:00,1314.2469482421875,1315.3035888671875,1313.8939208984375,1315.1187744140625,55017472
2025-10-13 06:15:00+00:00,1318.0263671875,1318.0263671875,1314.170166015625,1314.170166015625,36229120
2025-10-13 06:20:00+00:00,1320.054443359375,1320.054443359375,1317.6832275390625,1317.6832275390625,12320768
2025-10-13 06:25:00+00:00,1320.995849609375,1320.995849609375,1320.221923828125,1320.221923828125,35930112
2025-10-13 06:30:00+00:00,1329.6966552734375,1329.6966552734375,1320.5372314453125,1320.5372314453125,56827904
2025-10-13 06:35:00+00:00,1339.8692626953125,1340.788330078125,1334.6943359375,1334.6943359375,108982272
2025-10-13 06:40:00+00:00,1331.853515625,1338.9779052734375,1331.853515625,1338.9779052734375,70151168
2025-10-13 06:45:00+00:00,1323.0457763671875,1323.593994140625,1321.0675048828125,1321.0675048828125,32330752
2025-10-13 06:50:00+00:00,1320.9266357421875,1321.2281494140625,1320.4361572265625,1321.2281494140625,48984064
2025-10-13 06:55:00+00:00,1323.0126953125,1323.5380859375,1322.5966796875,1323.5380859375,19682304
2025-10-13 07:00:00+00:00,1333.0150146484375,1333.0150146484375,1323.40185546875,1323.40185546875,38752256
2025-10-13 07:05:00+00:00,1336.2266845703125,1336.2266845703125,1333.738037109375,1334.0792236328125,20558848
2025-10-13 07:10:00+00:00,1341.450439453125,1341.450439453125,1339.651123046875,1339.651123046875,57891840
2025-10-13 07:15:00+00:00,1340.405029296875,1341.0587158203125,1339.961669921875,1341.0587158203125,24868864
2025-10-13 07:20:00+00:00,1341.0067138671875,1341.2867431640625,1340.2642822265625,1340.2642822265625,20616192
2025-10-13 07:25:00+00:00,1344.2103271484375,1344.2103271484375,1343.1773681640625,1343.635986328125,50686976
2025-10-13 07:30:00+00:00,1347.991943359375,1349.24658203125,1344.1558837890625,1344.1558837890625,46150656
2025-10-13 07:35:00+00:00,1349.8367919921875,1349.8367919921875,1347.4114990234375,1347.4114990234375,50873344
2025-10-13 07:40:00+00:00,1353.2335205078125,1353.2335205078125,1352.291748046875,1352.291748046875,63264768
2025-10-13 07:45:00+00:00,1342.0264892578125,1353.1826171875,1342.0264892578125,1353.1826171875,67351552
2025-10-13 07:50:00+00:00,1347.67041015625,1347.67041015625,1342.7119140625,1342.7119140625,13543424
2025-10-13 07:55:00+00:00,1347.7938232421875,1347.7938232421875,1346.7401123046875,1346.7401123046875,38932480
2025-10-13 08:00:00+00:00,1346.2838134765625,1347.1658935546875,1346.2838134765625,1347.1368408203125,26137600
2025-10-13 08:05:00+00:00,1349.44189453125,1349.44189453125,1347.1619873046875,1347.1619873046875,30364672
2025-10-13 08:10:00+00:00,1354.79296875,1354.79296875,1351.8111572265625,1351.8111572265625,80342016
2025-10-13 08:15:00+00:00,1357.001708984375,1357.5078125,1355.1068115234375,1355.1068115234375,28654592
2025-10-13 08:20:00+00:00,1354.3760986328125,1355.1080322265625,1353.9776611328125,1353.9776611328125,72041472
2025-10-13 08:25:00+00:00,1353.008056640625,1353.1805419921875,1352.3089599609375,1352.3089599609375,17761280
2025-10-13 08:30:00+00:00,1353.6839599609375,1353.6839599609375,1353.144287109375,1353.144287109375,21273600
2025-10-13 08:35:00+00:00,1361.401611328125,1361.401611328125,1356.3009033203125,1356.3486328125,49940480
2025-10-13 08:40:00+00:00,1369.686279296875,1369.8524169921875,1368.882080078125,1368.882080078125,0
2025-10-13 08:45:00+00:00,1367.3538818359375,1369.5347900390625,1367.3538818359375,1369.36572265625,0
2025-10-13 08:50:00+00:00,1367.912353515625,1367.912353515625,1367.5714111328125,1367.6365966796875,3002368
2025-10-13 08:55:00+00:00,1370.1473388671875,1370.1473388671875,1368.4478759765625,1368.603271484375,33667072
2025-10-13 09:00:00+00:00,1369.29443359375,1370.0291748046875,1369.29443359375,1370.0291748046875,21661696
2025-10-13 09:05:00+00:00,1368.1124267578125,1368.1124267578125,1367.247802734375,1367.247802734375,883712
2025-10-13 09:10:00+00:00,1356.8057861328125,1361.9970703125,1356.8057861328125,1361.873046875,39803904
2025-10-13 09:15:00+00:00,1351.6656494140625,1355.4681396484375,1350.5838623046875,1355.4681396484375,53321728
2025-10-13 09:20:00+00:00,1353.8421630859375,1354.3128662109375,1351.834228515625,1351.834228515625,27557888
2025-10-13 09:25:00+00:00,1355.401611328125,1355.401611328125,1353.507568359375,1353.507568359375,33792000
2025-10-13 09:30:00+00:00,1356.6024169921875,1356.641845703125,1355.6732177734375,1355.6732177734375,14501888
2025-10-13 09:35:00+00:00,1361.833984375,1361.833984375,1357.8817138671875,1357.8817138671875,30711808
2025-10-13 09:40:00+00:00,1362.5308837890625,1362.646728515625,1361.22607421875,1361.22607421875,26258432
2025-10-13 09:45:00+00:00,1364.4974365234375,1364.6109619140625,1362.7957763671875,1362.7957763671875,231424
2025-10-13 09:50:00+00:00,1363.491455078125,1364.9991455078125,1363.491455078125,1364.8895263671875,19343360
2025-10-13 09:55:00+00:00,1353.824462890625,1360.44580078125,1353.824462890625,1360.44580078125,967680
2025-10-13 10:00:00+00:00,1351.521728515625,1353.424560546875,1351.521728515625,1353.424560546875,0
2025-10-13 10:05:00+00:00,1338.9749755859375,1350.1112060546875,1338.9749755859375,1350.0697021484375,17192960
2025-10-13 10:10:00+00:00,1333.12841796875,1341.99951171875,1333.12841796875,1341.99951171875,136656896
2025-10-13 10:15:00+00:00,1323.8779296875,1332.2479248046875,1323.8779296875,1332.2264404296875,115385344
2025-10-13 10:20:00+00:00,1325.937744140625,1325.937744140625,1323.736328125,1324.1719970703125,52726784
2025-10-13 10:25:00+00:00,1323.6292724609375,1328.0174560546875,1323.6292724609375,1328.0174560546875,74380288
2025-10-13 10:30:00+00:00,1323.6739501953125,1323.6739501953125,1323.5013427734375,1323.5013427734375,52286464
2025-10-13 10:35:00+00:00,1310.875244140625,1316.1236572265625,1310.875244140625,1316.1236572265625,65876992
2025-10-13 10:40:00+00:00,1314.11669921875,1314.4781494140625,1312.14794921875,1312.14794921875,60607488
2025-10-13 10:45:00+00:00,1317.790283203125,1317.790283203125,1314.517822265625,1314.517822265625,27228160
2025-10-13 10:50:00+00:00,1318.65673828125,1318.9373779296875,1318.65673828125,1318.9373779296875,0
2025-10-13 10:55:00+00:00,1312.879150390625,1314.601806640625,1312.879150390625,1314.601806640625,0
2025-10-13 11:00:00+00:00,1311.8629150390625,1313.3636474609375,1311.8629150390625,1313.3636474609375,20945920
2025-10-13 11:05:00+00:00,1303.1600341796875,1311.1275634765625,1303.0216064453125,1311.1275634765625,33465344
2025-10-13 11:10:00+00:00,1304.355712890625,1304.355712890625,1302.2135009765625,1302.98291015625,49960960
2025-10-13 11:15:00+00:00,1305.7313232421875,1306.6453857421875,1305.7313232421875,1306.6453857421875,6756352
2025-10-13 11:20:00+00:00,1299.13134765625,1303.5404052734375,1299.13134765625,1303.5404052734375,46159872
2025-10-13 11:25:00+00:00,1293.943115234375,1296.18115234375,1293.744140625,1295.7447509765625,35749888
2025-10-13 11:30:00+00:00,1290.1351318359375,1293.956298828125,1283.88427734375,1293.956298828125,108644352
2025-10-13 11:35:00+00:00,1290.57275390625,1290.9456787109375,1290.57275390625,1290.78173828125,37161984
2025-10-13 11:40:00+00:00,1294.9786376953125,1295.1956787109375,1291.50634765625,1291.50634765625,48798720
2025-10-13 11:45:00+00:00,1289.612060546875,1294.0987548828125,1289.612060546875,1293.9803466796875,16965632
2025-10-13 11:50:00+00:00,1291.60205078125,1291.60205078125,1288.768798828125,1289.4451904296875,15385600
2025-10-13 11:55:00+00:00,1294.3218994140625,1294.3218994140625,1293.110107421875,1293.1727294921875,5550080
2025-10-13 12:00:00+00:00,1290.2369384765625,1294.8934326171875,1290.2369384765625,1294.8934326171875,0
2025-10-13 12:05:00+00:00,1292.7303466796875,1292.7303466796875,1289.98583984375,1289.98583984375,0
2025-10-13 12:10:00+00:00,1298.11669921875,1298.11669921875,1294.323974609375,1294.323974609375,4825088
2025-10-13 12:15:00+00:00,1296.215087890625,1298.97607421875,1296.215087890625,1298.66015625,0
2025-10-13 12:20:00+00:00,1295.3675537109375,1296.3966064453125,1295.143310546875,1296.3966064453125,0
2025-10-13 12:25:00+00:00,1294.4376220703125,1296.24462890625,1294.1024169921875,1296.1051025390625,0
2025-10-13 12:30:00+00:00,1299.9010009765625,1299.9010009765625,1293.87841796875,1293.87841796875,0
2025-10-13 12:35:00+00:00,1301.7198486328125,1303.56689453125,1301.7198486328125,1302.0797119140625,5913600
2025-10-13 12:40:00+00:00,1297.63623046875,1300.06884765625,1297.63623046875,1300.06884765625,0
2025-10-13 12:45:00+00:00,1298.0526123046875,1298.0526123046875,1297.3883056640625,1297.3883056640625,0
2025-10-13 12:50:00+00:00,1291.738525390625,1297.6759033203125,1291.738525390625,1297.6759033203125,0
2025-10-13 12:55:00+00:00,1287.5859375,1289.1536865234375,1287.5859375,1289.1536865234375,0
2025-10-13 13:00:00+00:00,1286.469970703125,1287.9276123046875,1286.3919677734375,1287.9276123046875,18384896
2025-10-13 13:05:00+00:00,1288.4052734375,1288.4052734375,1286.8465576171875,1286.8465576171875,0
2025-10-13 13:10:00+00:00,1285.072509765625,1287.1865234375,1285.072509765625,1287.1865234375,0
2025-10-13 13:15:00+00:00,1288.6162109375,1288.6162109375,1283.9437255859375,1284.94970703125,6670336
2025-10-13 13:20:00+00:00,1284.7415771484375,1288.2088623046875,1284.7415771484375,1288.2088623046875,0
2025-10-13 13:25:00+00:00,1280.1815185546875,1281.5595703125,1280.1815185546875,1281.0577392578125,6756352
2025-10-13 13:30:00+00:00,1303.2060546875,1303.2060546875,1280.0186767578125,1280.0186767578125,75385856
2025-10-13 13:35:00+00:00,1292.9356689453125,1302.44921875,1292.9356689453125,1302.44921875,32503808
2025-10-13 13:40:00+00:00,1290.687744140625,1291.998046875,1289.26416015625,1291.998046875,24312832
2025-10-13 13:45:00+00:00,1290.8216552734375,1291.8157958984375,1290.5706787109375,1290.5706787109375,10139648
2025-10-13 13:50:00+00:00,1292.7996826171875,1292.7996826171875,1290.8836669921875,1290.8836669921875,3134464
2025-10-13 13:55:00+00:00,1298.9400634765625,1298.9400634765625,1295.6004638671875,1295.6004638671875,23288832
2025-10-13 14:00:00+00:00,1295.911376953125,1300.369873046875,1295.911376953125,1299.39697265625,0
2025-10-13 14:05:00+00:00,1294.1141357421875,1295.288330078125,1294.1141357421875,1295.288330078125,0
2025-10-13 14:10:00+00:00,1292.0220947265625,1293.260498046875,1291.91162109375,1293.260498046875,0
2025-10-13 14:15:00+00:00,1290.1278076171875,1292.4986572265625,1290.1278076171875,1292.4986572265625,0
2025-10-13 14:20:00+00:00,1286.1197509765625,1290.305419921875,1286.1197509765625,1290.1048583984375,6343680
2025-10-13 14:25:00+00:00,1276.2843017578125,1283.176025390625,1276.2349853515625,1283.176025390625,27942912
2025-10-13 14:30:00+00:00,1263.1248779296875,1276.5693359375,1263.1248779296875,1276.5693359375,79497216
2025-10-13 14:35:00+00:00,1272.011474609375,1272.17919921875,1265.1832275390625,1265.1832275390625,43640832
2025-10-13 14:40:00+00:00,1268.90087890625,1272.677001953125,1268.5364990234375,1272.677001953125,40019968
2025-10-13 14:45:00+00:00,1267.9666748046875,1268.986328125,1267.9666748046875,1268.986328125,0
2025-10-13 14:50:00+00:00,1261.75,1266.2723388671875,1261.031005859375,1265.73095703125,0
2025-10-13 14:55:00+00:00,1257.4814453125,1260.4207763671875,1257.3775634765625,1260.4207763671875,0
2025-10-13 15:00:00+00:00,1262.982177734375,1262.982177734375,1258.0582275390625,1258.0582275390625,0
2025-10-13 15:05:00+00:00,1267.262451171875,1267.262451171875,1263.59130859375,1263.59130859375,0
2025-10-13 15:10:00+00:00,1271.71923828125,1272.3887939453125,1267.708984375,1267.708984375,0
2025-10-13 15:15:00+00:00,1272.46337890625,1272.46337890625,1268.2052001953125,1268.2052001953125,0
2025-10-13 15:20:00+00:00,1269.5076904296875,1271.7783203125,1269.5076904296875,1271.7783203125,0
2025-10-13 15:25:00+00:00,1270.9481201171875,1271.407470703125,1269.0887451171875,1269.0887451171875,0
2025-10-13 15:30:00+00:00,1271.906005859375,1271.906005859375,1270.2220458984375,1270.7972412109375,0
2025-10-13 15:35:00+00:00,1272.7158203125,1272.830322265625,1272.06494140625,1272.0660400390625,0
2025-10-13 15:40:00+00:00,1276.0146484375,1276.06201171875,1274.2598876953125,1274.2598876953125,0
2025-10-13 15:45:00+00:00,1278.68017578125,1278.68017578125,1274.7667236328125,1275.5865478515625,0
2025-10-13 15:50:00+00:00,1278.926513671875,1279.563720703125,1278.8565673828125,1278.8565673828125,0
2025-10-13 15:55:00+00:00,1276.15478515625,1276.84521484375,1276.15478515625,1276.84521484375,0
2025-10-13 16:00:00+00:00,1276.9425048828125,1276.9425048828125,1275.8565673828125,1275.8565673828125,0
2025-10-13 16:05:00+00:00,1281.97607421875,1281.97607421875,1278.6451416015625,1278.6451416015625,0
2025-10-13 16:10:00+00:00,1283.8001708984375,1285.1719970703125,1283.8001708984375,1285.0570068359375,0
2025-10-13 16:15:00+00:00,1279.1258544921875,1283.998779296875,1279.1258544921875,1283.998779296875,0
2025-10-13 16:20:00+00:00,1277.3494873046875,1278.50634765625,1277.010498046875,1278.50634765625,0
2025-10-13 16:25:00+00:00,1282.5469970703125,1282.5469970703125,1278.9954833984375,1278.9954833984375,0
2025-10-13 16:30:00+00:00,1285.4085693359375,1285.4085693359375,1282.4375,1282.4375,0
2025-10-13 16:35:00+00:00,1283.858642578125,1284.9586181640625,1283.344970703125,1284.9586181640625,0
2025-10-13 16:40:00+00:00,1279.328857421875,1282.8370361328125,1279.328857421875,1282.8370361328125,540672
2025-10-13 16:45:00+00:00,1278.051513671875,1278.051513671875,1277.250244140625,1277.250244140625,0
2025-10-13 16:50:00+00:00,1279.5797119140625,1279.6204833984375,1278.3199462890625,1278.3199462890625,0
2025-10-13 16:55:00+00:00,1281.0670166015625,1281.361328125,1280.4141845703125,1280.4141845703125,0
2025-10-13 17:00:00+00:00,1283.1324462890625,1283.1324462890625,1279.637451171875,1279.637451171875,0
2025-10-13 17:05:00+00:00,1284.4852294921875,1285.1337890625,1283.2645263671875,1283.2645263671875,0
2025-10-13 17:10:00+00:00,1279.7196044921875,1282.902587890625,1279.7196044921875,1282.902587890625,0
2025-10-13 17:15:00+00:00,1278.4500732421875,1280.1363525390625,1278.4500732421875,1280.1363525390625,0
2025-10-13 17:20:00+00:00,1278.77783203125,1278.77783203125,1278.2918701171875,1278.4757080078125,0
2025-10-13 17:25:00+00:00,1276.72021484375,1279.51953125,1276.72021484375,1279.51953125,540672
2025-10-13 17:30:00+00:00,1273.8497314453125,1276.6689453125,1273.8497314453125,1276.6689453125,3420160
2025-10-13 17:35:00+00:00,1276.2816162109375,1276.2816162109375,1274.1285400390625,1274.1285400390625,0
2025-10-13 17:40:00+00:00,1274.29052734375,1276.7568359375,1274.29052734375,1276.7568359375,0
2025-10-13 17:45:00+00:00,1273.0206298828125,1274.436767578125,1273.0206298828125,1274.436767578125,0
2025-10-13 17:50:00+00:00,1272.605224609375,1272.80859375,1272.2979736328125,1272.80859375,0
2025-10-13 17:55:00+00:00,1278.105224609375,1278.105224609375,1275.0526123046875,1275.0526123046875,5849088
2025-10-13 18:00:00+00:00,1283.714111328125,1285.6748046875,1279.69384765625,1279.69384765625,0
2025-10-13 18:05:00+00:00,1280.525634765625,1282.8831787109375,1280.37939453125,1282.8831787109375,0
2025-10-13 18:10:00+00:00,1276.5460205078125,1279.60498046875,1276.5460205078125,1279.60498046875,0
2025-10-13 18:15:00+00:00,1273.5743408203125,1276.734375,1273.5743408203125,1276.734375,0
2025-10-13 18:20:00+00:00,1274.7958984375,1274.7958984375,1273.1622314453125,1273.392333984375,2488320
2025-10-13 18:25:00+00:00,1278.61181640625,1278.61181640625,1277.6939697265625,1277.6939697265625,8757248
2025-10-13 18:30:00+00:00,1278.839111328125,1279.564208984375,1278.3878173828125,1278.3878173828125,10097664
2025-10-13 18:35:00+00:00,1275.2767333984375,1278.8038330078125,1275.2767333984375,1278.8038330078125,0
2025-10-13 18:40:00+00:00,1273.9224853515625,1273.9224853515625,1273.0086669921875,1273.0086669921875,0
2025-10-13 18:45:00+00:00,1274.0308837890625,1274.3511962890625,1274.0308837890625,1274.3511962890625,2030592
2025-10-13 18:50:00+00:00,1267.0067138671875,1270.417236328125,1267.0067138671875,1270.417236328125,0
2025-10-13 18:55:00+00:00,1267.3402099609375,1267.3402099609375,1265.477783203125,1265.477783203125,1378304
2025-10-13 19:00:00+00:00,1268.4229736328125,1268.4229736328125,1268.2493896484375,1268.2493896484375,6929408
2025-10-13 19:05:00+00:00,1269.7196044921875,1269.96728515625,1269.341552734375,1269.341552734375,3893248
2025-10-13 19:10:00+00:00,1271.0604248046875,1271.0604248046875,1270.52685546875,1270.52685546875,5057536
2025-10-13 19:15:00+00:00,1272.1788330078125,1272.9273681640625,1271.677001953125,1271.677001953125,7746560
2025-10-13 19:20:00+00:00,1271.077392578125,1272.1934814453125,1270.1739501953125,1272.1934814453125,12190720
2025-10-13 19:25:00+00:00,1270.8624267578125,1272.00390625,1270.8624267578125,1272.00390625,8457216
2025-10-13 19:30:00+00:00,1272.227783203125,1272.227783203125,1270.60205078125,1270.745361328125,8570880
2025-10-13 19:35:00+00:00,1274.4927978515625,1274.4927978515625,1272.8624267578125,1272.8624267578125,0
2025-10-13 19:40:00+00:00,1277.2911376953125,1277.2911376953125,1275.7568359375,1275.7568359375,2998272
2025-10-13 19:45:00+00:00,1278.4879150390625,1278.4879150390625,1277.4144287109375,1277.4144287109375,12590080
2025-10-13 19:50:00+00:00,1276.14990234375,1277.828125,1275.747802734375,1277.8223876953125,608256
2025-10-13 19:55:00+00:00,1272.296875,1275.3829345703125,1272.296875,1275.3829345703125,2972672
2025-10-13 20:00:00+00:00,1273.4652099609375,1273.4652099609375,1272.5028076171875,1272.5028076171875,0
2025-10-13 20:05:00+00:00,1275.718017578125,1275.801513671875,1275.0675048828125,1275.14453125,0
2025-10-13 20:10:00+00:00,1276.139892578125,1276.341552734375,1276.1268310546875,1276.2176513671875,1436672
2025-10-13 20:15:00+00:00,1276.2222900390625,1276.468505859375,1276.2222900390625,1276.468505859375,6036480
2025-10-13 20:20:00+00:00,1276.88525390625,1276.88525390625,1275.979248046875,1275.979248046875,0
2025-10-13 20:25:00+00:00,1277.466552734375,1277.466552734375,1277.07568359375,1277.21875,0
2025-10-13 20:30:00+00:00,1279.3173828125,1279.3173828125,1278.5003662109375,1278.5003662109375,0
2025-10-13 20:35:00+00:00,1280.657470703125,1280.657470703125,1279.4422607421875,1279.57177734375,0
2025-10-13 20:40:00+00:00,1283.289306640625,1283.289306640625,1282.7818603515625,1282.7818603515625,0
2025-10-13 20:45:00+00:00,1285.284423828125,1285.284423828125,1283.2431640625,1283.2431640625,0
2025-10-13 20:50:00+00:00,1286.1456298828125,1286.1456298828125,1285.4267578125,1285.4267578125,0
2025-10-13 20:55:00+00:00,1286.689697265625,1286.7969970703125,1286.6414794921875,1286.7969970703125,0
2025-10-13 21:00:00+00:00,1282.58544921875,1286.7532958984375,1282.58544921875,1286.7532958984375,0
2025-10-13 21:05:00+00:00,1282.2718505859375,1282.7210693359375,1282.0714111328125,1282.7210693359375,0
2025-10-13 21:10:00+00:00,1282.0548095703125,1283.1981201171875,1282.0548095703125,1282.9671630859375,0
2025-10-13 21:15:00+00:00,1283.426513671875,1283.426513671875,1281.78076171875,1282.0845947265625,0
2025-10-13 21:20:00+00:00,1283.3260498046875,1283.4327392578125,1283.2166748046875,1283.314697265625,0
2025-10-13 21:25:00+00:00,1283.935546875,1283.935546875,1283.5194091796875,1283.5194091796875,0
2025-10-13 21:30:00+00:00,1281.7950439453125,1283.7357177734375,1281.7950439453125,1283.7357177734375,0
2025-10-13 21:35:00+00:00,1281.428466796875,1281.6546630859375,1281.301513671875,1281.6546630859375,0
2025-10-13 21:40:00+00:00,1282.020751953125,1282.112548828125,1281.6829833984375,1281.7689208984375,0
2025-10-13 21:45:00+00:00,1283.344482421875,1283.344482421875,1282.188232421875,1282.188232421875,1895424
2025-10-13 21:50:00+00:00,1283.0689697265625,1283.0762939453125,1282.834716796875,1283.0762939453125,1605632
2025-10-13 21:55:00+00:00,1286.326904296875,1286.326904296875,1284.0771484375,1284.0771484375,5096448
2025-10-13 22:00:00+00:00,1292.7750244140625,1292.7750244140625,1288.7916259765625,1288.7916259765625,0
2025-10-13 22:05:00+00:00,1295.3104248046875,1295.3104248046875,1292.6309814453125,1292.6309814453125,0
2025-10-13 22:10:00+00:00,1296.3099365234375,1297.1258544921875,1295.6766357421875,1297.1258544921875,3736576
2025-10-13 22:15:00+00:00,1296.645751953125,1296.645751953125,1296.0325927734375,1296.0325927734375,4273152
2025-10-13 22:20:00+00:00,1295.906982421875,1296.3726806640625,1295.8720703125,1296.3726806640625,0
2025-10-13 22:25:00+00:00,1292.89306640625,1295.0218505859375,1292.673828125,1295.0218505859375,0
2025-10-13 22:30:00+00:00,1289.07373046875,1292.674072265625,1289.07373046875,1292.674072265625,1605632
2025-10-13 22:35:00+00:00,1289.839599609375,1289.839599609375,1289.244873046875,1289.244873046875,0
2025-10-13 22:40:00+00:00,1290.5445556640625,1290.678466796875,1290.5445556640625,1290.5931396484375,0
2025-10-13 22:45:00+00:00,1289.88037109375,1290.58642578125,1289.72021484375,1290.58642578125,0
2025-10-13 22:50:00+00:00,1291.9962158203125,1291.9962158203125,1290.5057373046875,1290.5057373046875,0
2025-10-13 22:55:00+00:00,1291.9442138671875,1292.10107421875,1291.768798828125,1292.10107421875,0
2025-10-13 23:00:00+00:00,1292.9149169921875,1293.2982177734375,1292.217041015625,1292.217041015625,0
2025-10-13 23:05:00+00:00,1292.7908935546875,1292.7908935546875,1292.2183837890625,1292.2183837890625,0
2025-10-13 23:10:00+00:00,1292.269287109375,1293.26123046875,1292.239990234375,1293.26123046875,0
2025-10-13 23:15:00+00:00,1296.09423828125,1296.09423828125,1292.50927734375,1292.50927734375,0
2025-10-13 23:20:00+00:00,1295.773193359375,1295.773193359375,1295.3463134765625,1295.630126953125,0
2025-10-13 23:25:00+00:00,1298.33447265625,1298.33447265625,1297.111328125,1297.111328125,0
2025-10-13 23:30:00+00:00,1297.702880859375,1298.2587890625,1297.702880859375,1298.2518310546875,0
2025-10-13 23:35:00+00:00,1295.078857421875,1297.65380859375,1294.9361572265625,1297.65380859375,0
2025-10-13 23:40:00+00:00,1293.84521484375,1295.3575439453125,1293.7581787109375,1295.3575439453125,0
2025-10-13 23:45:00+00:00,1292.8291015625,1293.845947265625,1292.8291015625,1293.845947265625,0
2025-10-13 23:50:00+00:00,1293.905029296875,1293.9136962890625,1293.129638671875,1293.129638671875,0
2025-10-13 23:55:00+00:00,1293.3214111328125,1293.3214111328125,1293.2037353515625,1293.302734375,0
2025-10-14 00:00:00+00:00,1295.7078857421875,1295.7078857421875,1293.522705078125,1293.522705078125,0
2025-10-14 00:05:00+00:00,1297.3822021484375,1297.6102294921875,1295.8958740234375,1295.8958740234375,0
2025-10-14 00:10:00+00:00,1299.30712890625,1299.30712890625,1298.0343017578125,1298.046875,0
2025-10-14 00:15:00+00:00,1302.703125,1302.703125,1299.348388671875,1299.348388671875,0
2025-10-14 00:20:00+00:00,1303.17822265625,1303.17822265625,1302.595458984375,1302.595458984375,0
2025-10-14 00:25:00+00:00,1306.80029296875,1306.80029296875,1304.26953125,1304.26953125,0
2025-10-14 00:30:00+00:00,1314.2786865234375,1314.2786865234375,1306.511962890625,1306.511962890625,14013440
2025-10-14 00:35:00+00:00,1316.172607421875,1316.3935546875,1314.2974853515625,1314.5509033203125,16583680
2025-10-14 00:40:00+00:00,1314.165283203125,1315.10302734375,1314.165283203125,1315.10302734375,5076992
2025-10-14 00:45:00+00:00,1309.8902587890625,1314.2786865234375,1309.8902587890625,1314.2786865234375,3945472
2025-10-14 00:50:00+00:00,1305.7462158203125,1309.6812744140625,1305.7462158203125,1309.6812744140625,0
2025-10-14 00:55:00+00:00,1305.020751953125,1305.020751953125,1303.3125,1303.3125,0
2025-10-14 01:00:00+00:00,1301.815185546875,1305.083740234375,1301.815185546875,1305.083740234375,0
2025-10-14 01:05:00+00:00,1297.64501953125,1301.5369873046875,1297.3367919921875,1301.5369873046875,0
2025-10-14 01:10:00+00:00,1297.796142578125,1297.92919921875,1297.612060546875,1297.8316650390625,0
2025-10-14 01:15:00+00:00,1297.888427734375,1298.9759521484375,1297.888427734375,1297.8988037109375,0
2025-10-14 01:20:00+00:00,1298.4884033203125,1298.5997314453125,1297.9185791015625,1297.9185791015625,0
2025-10-14 01:25:00+00:00,1294.8807373046875,1296.7537841796875,1294.8807373046875,1296.7537841796875,0
2025-10-14 01:30:00+00:00,1295.671630859375,1295.9796142578125,1294.972412109375,1294.972412109375,0
2025-10-14 01:35:00+00:00,1295.9376220703125,1296.61767578125,1295.9376220703125,1296.572265625,0
2025-10-14 01:40:00+00:00,1290.078857421875,1293.5162353515625,1290.078857421875,1293.5162353515625,1363968
2025-10-14 01:45:00+00:00,1290.6788330078125,1291.328857421875,1290.4652099609375,1290.4652099609375,0
2025-10-14 01:50:00+00:00,1288.45751953125,1289.3177490234375,1288.45751953125,1289.280029296875,0
2025-10-14 01:55:00+00:00,1288.7391357421875,1288.7391357421875,1287.618896484375,1287.707763671875,4550656
2025-10-14 02:00:00+00:00,1289.3665771484375,1290.8472900390625,1289.3665771484375,1290.8472900390625,0
2025-10-14 02:05:00+00:00,1287.28076171875,1288.9815673828125,1286.90771484375,1288.9815673828125,0
2025-10-14 02:10:00+00:00,1287.0709228515625,1287.5557861328125,1286.933349609375,1287.5557861328125,0
2025-10-14 02:15:00+00:00,1286.8609619140625,1286.8609619140625,1286.1387939453125,1286.8345947265625,0
2025-10-14 02:20:00+00:00,1286.8067626953125,1287.212158203125,1286.8067626953125,1287.212158203125,0
2025-10-14 02:25:00+00:00,1290.643798828125,1290.643798828125,1287.357421875,1287.357421875,230400
2025-10-14 02:30:00+00:00,1293.65185546875,1293.65185546875,1290.6964111328125,1290.6964111328125,0
2025-10-14 02:35:00+00:00,1294.1978759765625,1294.648681640625,1293.6956787109375,1293.6956787109375,1689600
2025-10-14 02:40:00+00:00,1293.58837890625,1293.874267578125,1293.1627197265625,1293.368408203125,0
2025-10-14 02:45:00+00:00,1291.1461181640625,1293.4365234375,1291.1461181640625,1293.4365234375,1793024
2025-10-14 02:50:00+00:00,1289.9654541015625,1291.3038330078125,1289.9654541015625,1291.3038330078125,0
2025-10-14 02:55:00+00:00,1285.8172607421875,1287.500244140625,1285.8172607421875,1287.500244140625,0
2025-10-14 03:00:00+00:00,1279.1915283203125,1284.3631591796875,1279.1915283203125,1284.3631591796875,0
2025-10-14 03:05:00+00:00,1279.013916015625,1279.283203125,1278.7105712890625,1279.18798828125,7121920
2025-10-14 03:10:00+00:00,1279.0556640625,1279.5198974609375,1278.097412109375,1278.097412109375,0
2025-10-14 03:15:00+00:00,1279.8250732421875,1279.8250732421875,1278.5467529296875,1278.978515625,0
2025-10-14 03:20:00+00:00,1277.1043701171875,1279.3321533203125,1277.1043701171875,1279.3321533203125,93184
2025-10-14 03:25:00+00:00,1273.964111328125,1275.540771484375,1273.964111328125,1275.540771484375,0
2025-10-14 03:30:00+00:00,1275.8857421875,1275.8857421875,1273.8990478515625,1273.8990478515625,13576192
2025-10-14 03:35:00+00:00,1277.5548095703125,1277.5548095703125,1275.7801513671875,1275.7801513671875,0
2025-10-14 03:40:00+00:00,1278.6151123046875,1278.8779296875,1278.51025390625,1278.8779296875,0
2025-10-14 03:45:00+00:00,1281.783935546875,1281.783935546875,1279.6932373046875,1279.6932373046875,0
2025-10-14 03:50:00+00:00,1282.741943359375,1282.837890625,1282.1907958984375,1282.355224609375,2973696
2025-10-14 03:55:00+00:00,1280.1783447265625,1282.0557861328125,1280.1783447265625,1282.0557861328125,0
2025-10-14 04:00:00+00:00,1280.2996826171875,1280.2996826171875,1279.5467529296875,1280.0635986328125,0
2025-10-14 04:05:00+00:00,1278.6536865234375,1280.294189453125,1278.6536865234375,1280.294189453125,0
2025-10-14 04:10:00+00:00,1278.213623046875,1278.213623046875,1277.1915283203125,1277.3201904296875,2511872
2025-10-14 04:15:00+00:00,1277.647216796875,1278.42041015625,1277.647216796875,1277.8135986328125,0
2025-10-14 04:20:00+00:00,1276.7669677734375,1277.729736328125,1276.5067138671875,1277.729736328125,0
2025-10-14 04:25:00+00:00,1277.584716796875,1277.802001953125,1277.584716796875,1277.68701171875,0
2025-10-14 04:30:00+00:00,1274.9171142578125,1277.1585693359375,1274.9171142578125,1277.1585693359375,0
2025-10-14 04:35:00+00:00,1274.6422119140625,1275.149169921875,1274.6422119140625,1275.0548095703125,0
2025-10-14 04:40:00+00:00,1269.5994873046875,1270.9913330078125,1269.5994873046875,1270.9913330078125,0
2025-10-14 04:45:00+00:00,1268.346435546875,1270.2490234375,1268.346435546875,1269.7330322265625,0
2025-10-14 04:50:00+00:00,1263.7562255859375,1264.08544921875,1263.7562255859375,1264.08544921875,3970048
2025-10-14 04:55:00+00:00,1248.194580078125,1260.1640625,1248.194580078125,1260.1640625,107211776
2025-10-14 05:00:00+00:00,1237.31689453125,1246.7713623046875,1237.31689453125,1246.7713623046875,108248064
2025-10-14 05:05:00+00:00,1240.91357421875,1240.91357421875,1237.470458984375,1238.7576904296875,55656448
2025-10-14 05:10:00+00:00,1247.88134765625,1248.06494140625,1244.259521484375,1244.259521484375,29611008
2025-10-14 05:15:00+00:00,1249.179443359375,1249.179443359375,1247.8948974609375,1247.8948974609375,12808192
2025-10-14 05:20:00+00:00,1247.2838134765625,1249.008544921875,1247.2838134765625,1249.008544921875,0
2025-10-14 05:25:00+00:00,1244.7728271484375,1246.173583984375,1244.7728271484375,1246.173583984375,3763200
2025-10-14 05:30:00+00:00,1244.1185302734375,1244.8887939453125,1244.1185302734375,1244.6959228515625,1502208
2025-10-14 05:35:00+00:00,1239.938232421875,1244.0869140625,1239.938232421875,1244.0869140625,5312512
2025-10-14 05:40:00+00:00,1238.366455078125,1239.707763671875,1238.3009033203125,1239.707763671875,4618240
2025-10-14 05:45:00+00:00,1237.7247314453125,1238.3048095703125,1237.4622802734375,1238.3048095703125,0
2025-10-14 05:50:00+00:00,1236.64453125,1238.3651123046875,1236.6304931640625,1238.2523193359375,5724160
2025-10-14 05:55:00+00:00,1235.450439453125,1236.6654052734375,1235.450439453125,1236.4483642578125,4273152
2025-10-14 06:00:00+00:00,1241.1915283203125,1241.1915283203125,1235.6165771484375,1235.6165771484375,0
2025-10-14 06:05:00+00:00,1242.57763671875,1242.6966552734375,1241.192626953125,1241.192626953125,0
2025-10-14 06:10:00+00:00,1241.9002685546875,1242.12744140625,1241.9002685546875,1242.12744140625,0
2025-10-14 06:15:00+00:00,1229.9276123046875,1241.6099853515625,1229.9276123046875,1241.6099853515625,12203008
2025-10-14 06:20:00+00:00,1224.7066650390625,1230.5048828125,1224.7066650390625,1230.5048828125,14576640
2025-10-14 06:25:00+00:00,1213.0167236328125,1215.1578369140625,1213.0167236328125,1214.056640625,32397312
2025-10-14 06:30:00+00:00,1202.0423583984375,1207.6715087890625,1202.0423583984375,1207.5076904296875,0
2025-10-14 06:35:00+00:00,1200.4256591796875,1203.49169921875,1199.7940673828125,1203.49169921875,0
2025-10-14 06:40:00+00:00,1200.7515869140625,1201.3543701171875,1200.7515869140625,1201.0660400390625,0
2025-10-14 06:45:00+00:00,1189.255615234375,1200.50244140625,1189.255615234375,1200.50244140625,0
2025-10-14 06:50:00+00:00,1195.0899658203125,1195.0899658203125,1189.8905029296875,1190.594970703125,12045312
2025-10-14 06:55:00+00:00,1204.548583984375,1204.869384765625,1202.0693359375,1202.5791015625,39695360
2025-10-14 07:00:00+00:00,1210.583984375,1210.583984375,1204.6416015625,1204.6416015625,0
2025-10-14 07:05:00+00:00,1207.3809814453125,1209.0941162109375,1206.677734375,1208.945556640625,0
2025-10-14 07:10:00+00:00,1207.56884765625,1207.56884765625,1205.121826171875,1205.121826171875,0
2025-10-14 07:15:00+00:00,1215.8690185546875,1215.8690185546875,1211.0821533203125,1211.0821533203125,10582016
2025-10-14 07:20:00+00:00,1211.6075439453125,1216.35546875,1211.6075439453125,1216.35546875,0
2025-10-14 07:25:00+00:00,1212.3450927734375,1212.462890625,1209.19384765625,1209.270263671875,0
2025-10-14 07:30:00+00:00,1210.01953125,1212.3768310546875,1210.01953125,1212.3768310546875,0
2025-10-14 07:35:00+00:00,1209.1473388671875,1210.391845703125,1209.12744140625,1210.2862548828125,0
2025-10-14 07:40:00+00:00,1198.730712890625,1207.529296875,1198.730712890625,1207.529296875,0
2025-10-14 07:45:00+00:00,1196.65478515625,1196.65478515625,1195.87548828125,1195.87548828125,0
2025-10-14 07:50:00+00:00,1196.1419677734375,1197.0091552734375,1195.8399658203125,1196.069091796875,0
2025-10-14 07:55:00+00:00,1194.8582763671875,1196.374267578125,1194.62939453125,1195.9732666015625,0
2025-10-14 08:00:00+00:00,1193.353515625,1196.20361328125,1193.353515625,1195.229736328125,0
2025-10-14 08:05:00+00:00,1198.710693359375,1198.710693359375,1193.613037109375,1193.613037109375,0
2025-10-14 08:10:00+00:00,1201.24658203125,1201.4798583984375,1200.4385986328125,1200.4385986328125,0
2025-10-14 08:15:00+00:00,1198.5858154296875,1201.4261474609375,1198.5858154296875,1201.384765625,0
2025-10-14 08:20:00+00:00,1197.589111328125,1198.4088134765625,1197.589111328125,1198.00439453125,0
2025-10-14 08:25:00+00:00,1198.8695068359375,1198.8695068359375,1196.96728515625,1196.96728515625,0
2025-10-14 08:30:00+00:00,1204.420166015625,1205.6820068359375,1199.58740234375,1199.58740234375,3159040
2025-10-14 08:35:00+00:00,1203.787109375,1204.6082763671875,1203.74658203125,1204.6082763671875,0
2025-10-14 08:40:00+00:00,1205.0029296875,1205.1622314453125,1204.453369140625,1204.75,0
2025-10-14 08:45:00+00:00,1201.425537109375,1205.44873046875,1201.425537109375,1205.2139892578125,0
2025-10-14 08:50:00+00:00,1199.256103515625,1200.9971923828125,1199.17041015625,1200.9202880859375,0
2025-10-14 08:55:00+00:00,1199.944580078125,1199.944580078125,1199.34619140625,1199.34619140625,0
2025-10-14 09:00:00+00:00,1202.842041015625,1202.842041015625,1199.120849609375,1199.7567138671875,0
2025-10-14 09:05:00+00:00,1203.1324462890625,1203.5076904296875,1203.0162353515625,1203.1627197265625,0
2025-10-14 09:10:00+00:00,1202.0367431640625,1203.31103515625,1202.0367431640625,1203.31103515625,0
2025-10-14 09:15:00+00:00,1201.596435546875,1201.596435546875,1201.32470703125,1201.32470703125,0
2025-10-14 09:20:00+00:00,1204.322998046875,1204.322998046875,1202.83642578125,1202.83642578125,0
2025-10-14 09:25:00+00:00,1208.71630859375,1208.71630859375,1206.01025390625,1206.01025390625,0
2025-10-14 09:30:00+00:00,1211.6121826171875,1211.6121826171875,1208.41015625,1208.41015625,0
2025-10-14 09:35:00+00:00,1208.647705078125,1211.1971435546875,1208.572265625,1211.1971435546875,0
2025-10-14 09:40:00+00:00,1208.3001708984375,1208.6243896484375,1208.3001708984375,1208.608154296875,0
2025-10-14 09:45:00+00:00,1201.28857421875,1208.2437744140625,1201.28857421875,1208.2437744140625,0
2025-10-14 09:50:00+00:00,1201.2940673828125,1201.7542724609375,1201.2940673828125,1201.3651123046875,0
2025-10-14 09:55:00+00:00,1200.2607421875,1200.2607421875,1199.5849609375,1199.5849609375,0
2025-10-14 10:00:00+00:00,1197.01171875,1200.3448486328125,1197.01171875,1200.0806884765625,0
2025-10-14 10:05:00+00:00,1194.9093017578125,1196.9505615234375,1194.7701416015625,1196.9505615234375,0
2025-10-14 10:10:00+00:00,1196.163818359375,1196.163818359375,1194.5458984375,1194.5458984375,0
2025-10-14 10:15:00+00:00,1193.0128173828125,1195.9688720703125,1193.0128173828125,1195.9688720703125,0
2025-10-14 10:20:00+00:00,1191.982177734375,1194.0419921875,1191.982177734375,1192.5233154296875,0
2025-10-14 10:25:00+00:00,1187.2039794921875,1189.539794921875,1187.2039794921875,1189.539794921875,0
2025-10-14 10:30:00+00:00,1177.8096923828125,1186.8365478515625,1177.8096923828125,1186.8365478515625,0
2025-10-14 10:35:00+00:00,1171.5006103515625,1176.6669921875,1170.2764892578125,1176.5443115234375,5417984
2025-10-14 10:40:00+00:00,1180.29248046875,1180.29248046875,1176.22802734375,1176.6036376953125,4748288
2025-10-14 10:45:00+00:00,1175.8319091796875,1180.2945556640625,1175.8319091796875,1180.2945556640625,0
2025-10-14 10:50:00+00:00,1181.279296875,1181.279296875,1176.0126953125,1176.0126953125,2375680
2025-10-14 10:55:00+00:00,1183.91162109375,1183.91162109375,1182.5054931640625,1182.5660400390625,0
2025-10-14 11:00:00+00:00,1188.4091796875,1188.4091796875,1183.98583984375,1183.98583984375,0
2025-10-14 11:05:00+00:00,1193.3262939453125,1193.3262939453125,1189.028076171875,1189.028076171875,0
2025-10-14 11:10:00+00:00,1193.5032958984375,1195.853271484375,1193.5032958984375,1195.853271484375,0
2025-10-14 11:15:00+00:00,1192.194580078125,1193.8258056640625,1192.194580078125,1193.8258056640625,0
2025-10-14 11:20:00+00:00,1189.316162109375,1189.6104736328125,1188.55859375,1189.584716796875,0
2025-10-14 11:25:00+00:00,1188.783203125,1190.0516357421875,1188.783203125,1189.4632568359375,0
2025-10-14 11:30:00+00:00,1186.1612548828125,1188.334228515625,1186.1448974609375,1188.334228515625,0
2025-10-14 11:35:00+00:00,1183.304931640625,1185.8302001953125,1183.304931640625,1185.8302001953125,0
2025-10-14 11:40:00+00:00,1177.0364990234375,1182.2965087890625,1177.0364990234375,1182.2965087890625,0
2025-10-14 11:45:00+00:00,1177.4759521484375,1177.4759521484375,1175.4530029296875,1177.0694580078125,0
2025-10-14 11:50:00+00:00,1174.6376953125,1176.544677734375,1174.6376953125,1176.544677734375,957440
2025-10-14 11:55:00+00:00,1171.42236328125,1171.9373779296875,1171.3988037109375,1171.65771484375,0
2025-10-14 12:00:00+00:00,1171.51708984375,1171.664306640625,1171.2005615234375,1171.2005615234375,0
2025-10-14 12:05:00+00:00,1168.5430908203125,1171.2596435546875,1168.5430908203125,1171.2596435546875,3712000
2025-10-14 12:10:00+00:00,1172.241455078125,1172.241455078125,1167.52685546875,1167.52685546875,7274496
2025-10-14 12:15:00+00:00,1166.3563232421875,1172.381103515625,1166.3563232421875,1172.1937255859375,0
2025-10-14 12:20:00+00:00,1164.9364013671875,1166.564697265625,1164.9364013671875,1166.564697265625,20608000
2025-10-14 12:25:00+00:00,1160.3751220703125,1161.0980224609375,1159.70458984375,1160.60986328125,10954752
2025-10-14 12:30:00+00:00,1160.6708984375,1161.8995361328125,1160.6708984375,1160.70703125,0
2025-10-14 12:35:00+00:00,1163.1915283203125,1163.1915283203125,1161.111328125,1161.111328125,0
2025-10-14 12:40:00+00:00,1161.1982421875,1163.232666015625,1161.1982421875,1163.232666015625,0
2025-10-14 12:45:00+00:00,1153.052978515625,1160.4107666015625,1153.052978515625,1160.4107666015625,29828096
2025-10-14 12:50:00+00:00,1150.169189453125,1152.4315185546875,1148.158447265625,1152.4315185546875,31423488
2025-10-14 12:55:00+00:00,1150.2794189453125,1154.258544921875,1150.2794189453125,1154.258544921875,0
2025-10-14 13:00:00+00:00,1152.03515625,1152.03515625,1151.3282470703125,1151.3282470703125,0
2025-10-14 13:05:00+00:00,1159.8072509765625,1159.8072509765625,1156.1314697265625,1156.1314697265625,5239808
2025-10-14 13:10:00+00:00,1155.460693359375,1159.2861328125,1155.460693359375,1159.2861328125,0
2025-10-14 13:15:00+00:00,1153.7972412109375,1155.8994140625,1153.7972412109375,1155.8994140625,19449856
2025-10-14 13:20:00+00:00,1151.4039306640625,1153.0970458984375,1150.650634765625,1153.0970458984375,12132352
2025-10-14 13:25:00+00:00,1162.308349609375,1162.7178955078125,1154.18359375,1154.18359375,13258752
2025-10-14 13:30:00+00:00,1166.00927734375,1166.00927734375,1162.35791015625,1162.35791015625,0
2025-10-14 13:35:00+00:00,1158.5408935546875,1165.644775390625,1158.0281982421875,1165.644775390625,0
2025-10-14 13:40:00+00:00,1159.4798583984375,1159.7154541015625,1157.5614013671875,1157.8331298828125,0
2025-10-14 13:45:00+00:00,1167.4097900390625,1167.4097900390625,1160.7017822265625,1160.7017822265625,16879616
2025-10-14 13:50:00+00:00,1175.1829833984375,1175.1829833984375,1171.80224609375,1171.80224609375,144708608
2025-10-14 13:55:00+00:00,1181.43798828125,1182.627685546875,1181.43798828125,1182.394287109375,57570304
2025-10-14 14:00:00+00:00,1181.964599609375,1182.22265625,1180.85888671875,1182.22265625,799744
2025-10-14 14:05:00+00:00,1183.1326904296875,1183.92041015625,1182.6383056640625,1183.92041015625,4817920
2025-10-14 14:10:00+00:00,1183.5687255859375,1183.9200439453125,1182.65087890625,1183.9200439453125,17710080
2025-10-14 14:15:00+00:00,1197.348876953125,1197.348876953125,1185.447265625,1185.447265625,64505856
2025-10-14 14:20:00+00:00,1196.165771484375,1197.7568359375,1195.4635009765625,1197.7568359375,10803200
2025-10-14 14:25:00+00:00,1193.0567626953125,1195.627197265625,1193.0567626953125,1195.627197265625,0
2025-10-14 14:30:00+00:00,1182.53173828125,1188.32177734375,1182.53173828125,1188.32177734375,0
2025-10-14 14:35:00+00:00,1182.788818359375,1182.788818359375,1182.2972412109375,1182.4998779296875,0
2025-10-14 14:40:00+00:00,1188.824462890625,1188.824462890625,1183.936767578125,1183.936767578125,0
2025-10-14 14:45:00+00:00,1190.7388916015625,1191.3780517578125,1188.9642333984375,1188.9642333984375,1340416
2025-10-14 14:50:00+00:00,1185.9556884765625,1191.213623046875,1185.9556884765625,1191.213623046875,0
2025-10-14 14:55:00+00:00,1182.99658203125,1183.3023681640625,1182.99658203125,1183.3023681640625,0
2025-10-14 15:00:00+00:00,1183.431396484375,1183.431396484375,1182.729736328125,1182.729736328125,0
2025-10-14 15:05:00+00:00,1184.510009765625,1184.664306640625,1183.52099609375,1183.52099609375,32768
2025-10-14 15:10:00+00:00,1176.6453857421875,1178.721435546875,1176.58251953125,1178.721435546875,0
2025-10-14 15:15:00+00:00,1181.568359375,1181.568359375,1176.902587890625,1176.902587890625,8605696
2025-10-14 15:20:00+00:00,1185.1851806640625,1185.1851806640625,1181.707763671875,1181.707763671875,12968960
2025-10-14 15:25:00+00:00,1187.4061279296875,1187.78173828125,1186.9010009765625,1186.9010009765625,11702272
2025-10-14 15:30:00+00:00,1186.4830322265625,1187.34619140625,1186.044189453125,1187.34619140625,0
2025-10-14 15:35:00+00:00,1189.27587890625,1189.3857421875,1186.35302734375,1186.35302734375,0
2025-10-14 15:40:00+00:00,1195.4769287109375,1195.4769287109375,1190.608642578125,1190.608642578125,9446400
2025-10-14 15:45:00+00:00,1203.4774169921875,1203.4774169921875,1195.536376953125,1195.536376953125,44945408
2025-10-14 15:50:00+00:00,1208.874267578125,1208.874267578125,1204.3428955078125,1204.3428955078125,19594240
2025-10-14 15:55:00+00:00,1210.7230224609375,1212.2293701171875,1209.8580322265625,1212.2293701171875,42368000
2025-10-14 16:00:00+00:00,1212.3367919921875,1213.2398681640625,1212.3367919921875,1213.2398681640625,33513472
2025-10-14 16:05:00+00:00,1214.5299072265625,1214.6873779296875,1212.4410400390625,1212.4410400390625,3165184
2025-10-14 16:10:00+00:00,1222.6153564453125,1222.8837890625,1215.9056396484375,1215.9056396484375,28394496
2025-10-14 16:15:00+00:00,1233.710693359375,1233.710693359375,1222.9498291015625,1222.9498291015625,58209280
2025-10-14 16:20:00+00:00,1237.9432373046875,1241.160400390625,1234.7000732421875,1234.7000732421875,68194304
2025-10-14 16:25:00+00:00,1225.4156494140625,1233.9232177734375,1224.721923828125,1233.9232177734375,51795968
2025-10-14 16:30:00+00:00,1224.1002197265625,1224.1002197265625,1223.3719482421875,1223.3719482421875,45675520
2025-10-14 16:35:00+00:00,1223.830078125,1224.4705810546875,1223.830078125,1223.98486328125,25990144
2025-10-14 16:40:00+00:00,1216.4599609375,1217.717041015625,1214.7158203125,1217.717041015625,8241152
2025-10-14 16:45:00+00:00,1222.12744140625,1222.12744140625,1216.67138671875,1216.67138671875,23569408
2025-10-14 16:50:00+00:00,1226.6717529296875,1227.014404296875,1223.3790283203125,1223.3790283203125,17686528
2025-10-14 16:55:00+00:00,1220.2222900390625,1226.156494140625,1220.2222900390625,1226.156494140625,15256576
2025-10-14 17:00:00+00:00,1204.08837890625,1220.334228515625,1204.08837890625,1220.334228515625,41773056
2025-10-14 17:05:00+00:00,1219.5770263671875,1219.5770263671875,1206.54296875,1206.54296875,34215936
2025-10-14 17:10:00+00:00,1223.478271484375,1223.548828125,1221.1363525390625,1221.1363525390625,16630784
2025-10-14 17:15:00+00:00,1222.1102294921875,1222.730224609375,1221.4803466796875,1222.730224609375,16439296
2025-10-14 17:20:00+00:00,1221.8902587890625,1222.2164306640625,1221.48193359375,1221.48193359375,6498304
2025-10-14 17:25:00+00:00,1219.3199462890625,1222.63330078125,1219.048095703125,1222.63330078125,10957824
2025-10-14 17:30:00+00:00,1218.123291015625,1219.07177734375,1218.123291015625,1218.886474609375,2523136
2025-10-14 17:35:00+00:00,1214.202392578125,1217.3004150390625,1214.202392578125,1217.3004150390625,0
2025-10-14 17:40:00+00:00,1213.94189453125,1214.128662109375,1213.842529296875,1214.128662109375,3908608
2025-10-14 17:45:00+00:00,1215.568603515625,1215.568603515625,1214.2369384765625,1214.2369384765625,0
2025-10-14 17:50:00+00:00,1218.0853271484375,1219.3277587890625,1216.365966796875,1216.365966796875,2775040
2025-10-14 17:55:00+00:00,1215.2830810546875,1216.4073486328125,1215.2830810546875,1216.4073486328125,0
2025-10-14 18:00:00+00:00,1217.240234375,1217.240234375,1215.64013671875,1215.64013671875,0
2025-10-14 18:05:00+00:00,1219.970947265625,1220.0029296875,1217.70068359375,1217.70068359375,4768768
2025-10-14 18:10:00+00:00,1223.5269775390625,1223.5269775390625,1221.708251953125,1221.708251953125,14956544
2025-10-14 18:15:00+00:00,1224.78369140625,1226.22314453125,1223.6376953125,1223.6376953125,1081344
2025-10-14 18:20:00+00:00,1224.4256591796875,1224.4610595703125,1223.5291748046875,1224.4610595703125,0
2025-10-14 18:25:00+00:00,1223.544677734375,1225.5284423828125,1223.544677734375,1225.5284423828125,0
2025-10-14 18:30:00+00:00,1225.3607177734375,1225.3607177734375,1223.651123046875,1223.651123046875,0
2025-10-14 18:35:00+00:00,1222.3909912109375,1224.97509765625,1222.2803955078125,1224.97509765625,0
2025-10-14 18:40:00+00:00,1217.5589599609375,1221.340087890625,1217.5589599609375,1221.340087890625,0
2025-10-14 18:45:00+00:00,1216.158203125,1216.32275390625,1215.40283203125,1215.40283203125,0
2025-10-14 18:50:00+00:00,1215.7086181640625,1216.2188720703125,1215.7086181640625,1216.2188720703125,0
2025-10-14 18:55:00+00:00,1213.7298583984375,1214.854248046875,1213.7298583984375,1214.854248046875,0
2025-10-14 19:00:00+00:00,1214.994140625,1215.1036376953125,1214.2200927734375,1214.2200927734375,0
2025-10-14 19:05:00+00:00,1217.41455078125,1217.9854736328125,1216.023681640625,1216.023681640625,0
2025-10-14 19:10:00+00:00,1219.2047119140625,1219.5157470703125,1217.4246826171875,1217.4246826171875,0
2025-10-14 19:15:00+00:00,1221.217041015625,1221.217041015625,1219.710205078125,1219.710205078125,0
2025-10-14 19:20:00+00:00,1222.664794921875,1222.664794921875,1221.361328125,1221.361328125,0
2025-10-14 19:25:00+00:00,1221.9927978515625,1223.6776123046875,1221.9927978515625,1223.6776123046875,0
2025-10-14 19:30:00+00:00,1220.6622314453125,1220.8238525390625,1220.6622314453125,1220.7135009765625,0
2025-10-14 19:35:00+00:00,1214.3768310546875,1219.764404296875,1214.3768310546875,1219.764404296875,11732992
2025-10-14 19:40:00+00:00,1202.7557373046875,1204.8775634765625,1202.7557373046875,1204.8775634765625,18238464
2025-10-14 19:45:00+00:00,1202.4017333984375,1202.4017333984375,1197.905517578125,1197.905517578125,24278016
2025-10-14 19:50:00+00:00,1204.8297119140625,1204.8297119140625,1203.2027587890625,1203.2027587890625,3569664
2025-10-14 19:55:00+00:00,1206.7574462890625,1207.382080078125,1206.5635986328125,1207.382080078125,10925056
2025-10-14 20:00:00+00:00,1208.4417724609375,1208.4417724609375,1206.7757568359375,1206.7757568359375,0
2025-10-14 20:05:00+00:00,1208.352783203125,1210.1385498046875,1208.352783203125,1210.1385498046875,3910656
2025-10-14 20:10:00+00:00,1206.9742431640625,1206.9742431640625,1206.80859375,1206.9715576171875,0
2025-10-14 20:15:00+00:00,1211.191162109375,1211.191162109375,1207.167724609375,1207.167724609375,10040320
2025-10-14 20:20:00+00:00,1213.6434326171875,1213.6434326171875,1211.37451171875,1211.37451171875,1984512
2025-10-14 20:25:00+00:00,1213.961669921875,1214.4205322265625,1213.899658203125,1214.130859375,5468160
2025-10-14 20:30:00+00:00,1214.5533447265625,1214.5533447265625,1214.1295166015625,1214.1295166015625,506880
2025-10-14 20:35:00+00:00,1214.967041015625,1215.1058349609375,1214.740966796875,1214.740966796875,0
2025-10-14 20:40:00+00:00,1215.9664306640625,1215.9664306640625,1215.162353515625,1215.162353515625,0
2025-10-14 20:45:00+00:00,1216.6470947265625,1217.2528076171875,1216.3846435546875,1216.3846435546875,0
2025-10-14 20:50:00+00:00,1217.307373046875,1217.5357666015625,1216.5264892578125,1216.5264892578125,0
2025-10-14 20:55:00+00:00,1218.7841796875,1218.878173828125,1217.7718505859375,1217.7718505859375,0
2025-10-14 21:00:00+00:00,1217.7833251953125,1218.8935546875,1217.7833251953125,1218.8935546875,0
2025-10-14 21:05:00+00:00,1217.279296875,1217.7655029296875,1217.1990966796875,1217.739501953125,0
2025-10-14 21:10:00+00:00,1217.126708984375,1217.7528076171875,1217.126708984375,1217.744873046875,0
2025-10-14 21:15:00+00:00,1217.347900390625,1217.347900390625,1215.8914794921875,1217.296142578125,0
2025-10-14 21:20:00+00:00,1217.081298828125,1217.281494140625,1216.7606201171875,1217.281494140625,0
2025-10-14 21:25:00+00:00,1220.6015625,1220.6015625,1218.466796875,1218.466796875,4962304
2025-10-14 21:30:00+00:00,1220.71533203125,1221.14697265625,1220.6766357421875,1220.6766357421875,5159936
2025-10-14 21:35:00+00:00,1220.213623046875,1220.575927734375,1220.213623046875,1220.575927734375,1512448
2025-10-14 21:40:00+00:00,1218.7347412109375,1218.7347412109375,1218.1212158203125,1218.1212158203125,0
2025-10-14 21:45:00+00:00,1218.7994384765625,1219.1112060546875,1218.6839599609375,1218.6839599609375,0
2025-10-14 21:50:00+00:00,1218.655029296875,1218.6708984375,1218.6019287109375,1218.6019287109375,0
2025-10-14 21:55:00+00:00,1219.8167724609375,1219.9915771484375,1219.002197265625,1219.04736328125,0
2025-10-14 22:00:00+00:00,1219.4951171875,1219.6802978515625,1219.1727294921875,1219.6802978515625,0
2025-10-14 22:05:00+00:00,1219.2904052734375,1219.4520263671875,1218.9935302734375,1219.4520263671875,0
2025-10-14 22:10:00+00:00,1219.5765380859375,1219.6729736328125,1219.1033935546875,1219.1033935546875,0
2025-10-14 22:15:00+00:00,1217.5164794921875,1219.389404296875,1217.5164794921875,1219.389404296875,0
2025-10-14 22:20:00+00:00,1218.00732421875,1218.033203125,1217.6781005859375,1217.6781005859375,0
2025-10-14 22:25:00+00:00,1218.813232421875,1218.933837890625,1218.6627197265625,1218.735595703125,0
2025-10-14 22:30:00+00:00,1215.9500732421875,1218.716064453125,1215.9500732421875,1218.716064453125,0
2025-10-14 22:35:00+00:00,1216.5679931640625,1216.5679931640625,1216.0509033203125,1216.0509033203125,0
2025-10-14 22:40:00+00:00,1217.6640625,1217.7940673828125,1216.3358154296875,1216.3358154296875,9841664
2025-10-14 22:45:00+00:00,1209.625732421875,1217.133544921875,1209.625732421875,1217.133544921875,22653952
2025-10-14 22:50:00+00:00,1209.283203125,1209.64697265625,1209.166748046875,1209.64697265625,11498496
2025-10-14 22:55:00+00:00,1211.0103759765625,1211.07080078125,1209.705078125,1209.705078125,24940544
2025-10-14 23:00:00+00:00,1211.6319580078125,1211.6319580078125,1209.6864013671875,1210.7923583984375,0
2025-10-14 23:05:00+00:00,1213.2845458984375,1213.2845458984375,1211.265869140625,1211.265869140625,10602496
2025-10-14 23:10:00+00:00,1217.8970947265625,1217.990966796875,1215.56103515625,1215.56103515625,24955904
2025-10-14 23:15:00+00:00,1217.3818359375,1218.93310546875,1217.3818359375,1218.1300048828125,53248
2025-10-14 23:20:00+00:00,1217.3922119140625,1217.82958984375,1217.3922119140625,1217.4896240234375,13171712
2025-10-14 23:25:00+00:00,1218.277099609375,1218.277099609375,1216.4053955078125,1216.4053955078125,0
2025-10-14 23:30:00+00:00,1219.4547119140625,1219.4547119140625,1218.1102294921875,1218.1102294921875,0
2025-10-14 23:35:00+00:00,1219.8045654296875,1219.8045654296875,1219.4779052734375,1219.5595703125,0
2025-10-14 23:40:00+00:00,1219.1551513671875,1220.1519775390625,1219.0880126953125,1220.1519775390625,0
2025-10-14 23:45:00+00:00,1218.2830810546875,1218.873779296875,1217.9434814453125,1218.873779296875,11682816
2025-10-14 23:50:00+00:00,1216.10888671875,1218.2513427734375,1216.10888671875,1218.2513427734375,0
2025-10-14 23:55:00+00:00,1211.25927734375,1213.910400390625,1211.25927734375,1213.910400390625,2889728
2025-10-15 00:00:00+00:00,1212.0230712890625,1212.0230712890625,1209.7138671875,1210.9901123046875,0
2025-10-15 00:05:00+00:00,1212.3126220703125,1212.45751953125,1212.1710205078125,1212.45751953125,0
2025-10-15 00:10:00+00:00,1208.4320068359375,1212.448974609375,1208.4320068359375,1212.448974609375,0
2025-10-15 00:15:00+00:00,1204.90869140625,1207.96337890625,1204.90869140625,1207.96337890625,0
2025-10-15 00:20:00+00:00,1203.8203125,1204.6903076171875,1203.696533203125,1204.6903076171875,0
2025-10-15 00:25:00+00:00,1202.9217529296875,1203.5010986328125,1202.9217529296875,1203.3734130859375,0
2025-10-15 00:30:00+00:00,1204.510498046875,1204.510498046875,1202.92529296875,1202.92529296875,0
2025-10-15 00:35:00+00:00,1203.225341796875,1204.5614013671875,1203.225341796875,1204.5614013671875,0
2025-10-15 00:40:00+00:00,1203.658447265625,1203.78271484375,1203.20458984375,1203.379638671875,0
2025-10-15 00:45:00+00:00,1207.405029296875,1207.405029296875,1203.7340087890625,1203.7340087890625,0
2025-10-15 00:50:00+00:00,1205.72412109375,1206.49609375,1205.6153564453125,1206.49609375,0
2025-10-15 00:55:00+00:00,1206.5401611328125,1206.5401611328125,1206.3963623046875,1206.3963623046875,0
2025-10-15 01:00:00+00:00,1207.337890625,1209.1649169921875,1206.9127197265625,1206.9127197265625,2326528
2025-10-15 01:05:00+00:00,1204.6092529296875,1207.5679931640625,1204.55615234375,1207.5679931640625,0
2025-10-15 01:10:00+00:00,1206.0882568359375,1206.107421875,1203.8138427734375,1203.8138427734375,0
2025-10-15 01:15:00+00:00,1206.142822265625,1206.1920166015625,1205.82666015625,1205.82666015625,0
2025-10-15 01:20:00+00:00,1206.369384765625,1206.369384765625,1205.22802734375,1205.22802734375,0
2025-10-15 01:25:00+00:00,1207.6195068359375,1208.052490234375,1207.6195068359375,1207.860107421875,848896
2025-10-15 01:30:00+00:00,1203.946044921875,1206.855712890625,1203.946044921875,1206.855712890625,0
2025-10-15 01:35:00+00:00,1203.4534912109375,1204.0018310546875,1203.4534912109375,1204.0018310546875,1062912
2025-10-15 01:40:00+00:00,1203.37646484375,1203.86767578125,1203.37646484375,1203.707275390625,0
2025-10-15 01:45:00+00:00,1202.7496337890625,1203.56591796875,1202.7496337890625,1203.56591796875,0
2025-10-15 01:50:00+00:00,1206.2496337890625,1206.32080078125,1202.837646484375,1202.837646484375,3241984
2025-10-15 01:55:00+00:00,1206.5185546875,1206.5380859375,1206.0438232421875,1206.0438232421875,0
2025-10-15 02:00:00+00:00,1207.21484375,1207.21484375,1206.556884765625,1206.556884765625,0
2025-10-15 02:05:00+00:00,1209.71484375,1209.8155517578125,1208.099609375,1208.099609375,0
2025-10-15 02:10:00+00:00,1210.40869140625,1210.40869140625,1209.38232421875,1209.38232421875,0
2025-10-15 02:15:00+00:00,1215.113037109375,1215.113037109375,1211.00244140625,1211.00244140625,4489216
2025-10-15 02:20:00+00:00,1218.785400390625,1218.785400390625,1216.06494140625,1216.06494140625,5969920
2025-10-15 02:25:00+00:00,1219.10107421875,1219.4796142578125,1219.10107421875,1219.4796142578125,1519616
2025-10-15 02:30:00+00:00,1220.296630859375,1221.09423828125,1220.296630859375,1220.9027099609375,13859840
2025-10-15 02:35:00+00:00,1218.2357177734375,1219.9429931640625,1218.08056640625,1219.9429931640625,752640
2025-10-15 02:40:00+00:00,1219.935791015625,1220.1522216796875,1218.4603271484375,1218.4603271484375,7378944
2025-10-15 02:45:00+00:00,1219.89892578125,1219.89892578125,1219.8629150390625,1219.8629150390625,0
2025-10-15 02:50:00+00:00,1221.07421875,1221.07421875,1220.5787353515625,1220.5787353515625,2000896
2025-10-15 02:55:00+00:00,1218.8408203125,1220.822265625,1218.8408203125,1220.822265625,0
2025-10-15 03:00:00+00:00,1217.2667236328125,1218.8551025390625,1217.2667236328125,1218.8551025390625,0
2025-10-15 03:05:00+00:00,1214.4193115234375,1217.010986328125,1214.40869140625,1217.010986328125,0
2025-10-15 03:10:00+00:00,1211.76318359375,1213.3399658203125,1211.76318359375,1213.3399658203125,0
2025-10-15 03:15:00+00:00,1212.79248046875,1213.036376953125,1212.360595703125,1212.360595703125,1801216
2025-10-15 03:20:00+00:00,1211.4005126953125,1211.7451171875,1211.4005126953125,1211.7451171875,0
2025-10-15 03:25:00+00:00,1212.8251953125,1212.8251953125,1212.185546875,1212.26904296875,0
2025-10-15 03:30:00+00:00,1214.06103515625,1214.06103515625,1212.9176025390625,1212.9176025390625,0
2025-10-15 03:35:00+00:00,1213.8572998046875,1214.133056640625,1213.8572998046875,1214.133056640625,0
2025-10-15 03:40:00+00:00,1210.214111328125,1212.931396484375,1210.214111328125,1212.931396484375,0
2025-10-15 03:45:00+00:00,1207.0308837890625,1210.08154296875,1207.0308837890625,1210.08154296875,1287168
2025-10-15 03:50:00+00:00,1209.7535400390625,1209.7535400390625,1207.37890625,1207.37890625,901120
2025-10-15 03:55:00+00:00,1208.9742431640625,1210.3406982421875,1208.9263916015625,1210.073486328125,0
2025-10-15 04:00:00+00:00,1206.9393310546875,1208.994873046875,1206.9393310546875,1208.994873046875,0
2025-10-15 04:05:00+00:00,1205.7861328125,1206.912109375,1205.7861328125,1206.912109375,0
2025-10-15 04:10:00+00:00,1206.010498046875,1206.010498046875,1205.2899169921875,1205.2899169921875,0
2025-10-15 04:15:00+00:00,1207.363037109375,1207.363037109375,1205.9893798828125,1205.9893798828125,0
2025-10-15 04:20:00+00:00,1209.46728515625,1209.8958740234375,1207.541015625,1207.541015625,3702784
2025-10-15 04:25:00+00:00,1210.30029296875,1210.551513671875,1210.30029296875,1210.4010009765625,0
2025-10-15 04:30:00+00:00,1211.6776123046875,1211.6776123046875,1210.36767578125,1210.36767578125,0
2025-10-15 04:35:00+00:00,1211.660400390625,1211.89892578125,1211.62646484375,1211.62646484375,0
2025-10-15 04:40:00+00:00,1210.21142578125,1210.816650390625,1210.07470703125,1210.816650390625,0
2025-10-15 04:45:00+00:00,1209.25390625,1210.187744140625,1209.25390625,1210.187744140625,0
2025-10-15 04:50:00+00:00,1212.4813232421875,1212.5411376953125,1209.5006103515625,1209.5006103515625,0
2025-10-15 04:55:00+00:00,1213.094970703125,1213.4185791015625,1213.094970703125,1213.4185791015625,0
2025-10-15 05:00:00+00:00,1212.521728515625,1212.69140625,1212.521728515625,1212.5252685546875,0
2025-10-15 05:05:00+00:00,1212.3372802734375,1212.5306396484375,1212.3372802734375,1212.5306396484375,0
2025-10-15 05:10:00+00:00,1210.4642333984375,1212.246826171875,1210.4642333984375,1212.246826171875,0
2025-10-15 05:15:00+00:00,1206.10205078125,1207.7503662109375,1206.10205078125,1207.7503662109375,0
2025-10-15 05:20:00+00:00,1205.0050048828125,1205.5400390625,1205.0050048828125,1205.5400390625,148480
2025-10-15 05:25:00+00:00,1199.993896484375,1203.0672607421875,1199.993896484375,1203.0672607421875,0
2025-10-15 05:30:00+00:00,1188.5926513671875,1200.2493896484375,1188.5926513671875,1200.2493896484375,47905792
2025-10-15 05:35:00+00:00,1189.7725830078125,1189.7725830078125,1189.23046875,1189.23046875,0
2025-10-15 05:40:00+00:00,1192.162841796875,1192.162841796875,1190.2818603515625,1190.2818603515625,6975488
2025-10-15 05:45:00+00:00,1192.290283203125,1194.1611328125,1192.290283203125,1192.329833984375,4729856
2025-10-15 05:50:00+00:00,1190.97314453125,1192.08251953125,1190.7769775390625,1192.08251953125,0
2025-10-15 05:55:00+00:00,1192.474609375,1192.5225830078125,1191.6890869140625,1191.6890869140625,3962880
2025-10-15 06:00:00+00:00,1192.61083984375,1192.9620361328125,1192.5135498046875,1192.5135498046875,0
2025-10-15 06:05:00+00:00,1192.015380859375,1192.467041015625,1191.9788818359375,1192.467041015625,0
2025-10-15 06:10:00+00:00,1187.77734375,1189.3875732421875,1187.77734375,1189.3875732421875,2828288
2025-10-15 06:15:00+00:00,1184.727783203125,1186.638427734375,1184.727783203125,1186.638427734375,0
2025-10-15 06:20:00+00:00,1183.583740234375,1184.682373046875,1183.583740234375,1184.682373046875,0
2025-10-15 06:25:00+00:00,1179.439208984375,1181.6644287109375,1179.439208984375,1181.6644287109375,0
2025-10-15 06:30:00+00:00,1179.347900390625,1179.3721923828125,1179.0587158203125,1179.3721923828125,0
2025-10-15 06:35:00+00:00,1180.8011474609375,1181.0281982421875,1180.5264892578125,1181.0281982421875,0
2025-10-15 06:40:00+00:00,1188.35205078125,1188.59326171875,1180.7799072265625,1180.7799072265625,3713024
2025-10-15 06:45:00+00:00,1189.79443359375,1189.79443359375,1187.2281494140625,1188.1556396484375,0
2025-10-15 06:50:00+00:00,1190.5665283203125,1190.7069091796875,1189.6800537109375,1189.6800537109375,0
2025-10-15 06:55:00+00:00,1189.921142578125,1190.75732421875,1189.921142578125,1190.75732421875,0
2025-10-15 07:00:00+00:00,1189.1561279296875,1190.596435546875,1189.1561279296875,1190.118896484375,0
2025-10-15 07:05:00+00:00,1187.16943359375,1189.090087890625,1187.16943359375,1189.090087890625,0
2025-10-15 07:10:00+00:00,1188.112548828125,1188.112548828125,1186.2135009765625,1186.2135009765625,0
2025-10-15 07:15:00+00:00,1190.4176025390625,1190.4176025390625,1188.2728271484375,1188.2728271484375,0
2025-10-15 07:20:00+00:00,1187.4078369140625,1189.8006591796875,1187.4078369140625,1189.8006591796875,0
2025-10-15 07:25:00+00:00,1185.5689697265625,1187.1500244140625,1185.5689697265625,1187.1500244140625,0
2025-10-15 07:30:00+00:00,1184.78125,1184.9439697265625,1184.78125,1184.9439697265625,0
2025-10-15 07:35:00+00:00,1183.606201171875,1184.7413330078125,1183.245849609375,1184.727783203125,0
2025-10-15 07:40:00+00:00,1183.8662109375,1184.572021484375,1183.8253173828125,1184.296875,0
2025-10-15 07:45:00+00:00,1185.8931884765625,1185.8931884765625,1183.977294921875,1183.977294921875,0
2025-10-15 07:50:00+00:00,1186.71435546875,1186.71435546875,1185.9793701171875,1185.9793701171875,0
2025-10-15 07:55:00+00:00,1189.37646484375,1189.37646484375,1187.9315185546875,1187.9315185546875,0
2025-10-15 08:00:00+00:00,1190.1961669921875,1190.257568359375,1189.714599609375,1189.714599609375,0
2025-10-15 08:05:00+00:00,1190.82470703125,1190.93701171875,1190.373046875,1190.4566650390625,0
2025-10-15 08:10:00+00:00,1192.5291748046875,1192.5291748046875,1190.2919921875,1190.2919921875,0
2025-10-15 08:15:00+00:00,1196.888916015625,1196.888916015625,1192.84375,1192.84375,14502912
2025-10-15 08:20:00+00:00,1205.6656494140625,1205.864990234375,1200.746826171875,1200.746826171875,35816448
2025-10-15 08:25:00+00:00,1208.1978759765625,1208.4906005859375,1207.61962890625,1207.8790283203125,24654848
2025-10-15 08:30:00+00:00,1213.087158203125,1213.087158203125,1208.0404052734375,1208.0404052734375,24771584
2025-10-15 08:35:00+00:00,1212.1005859375,1212.9052734375,1212.1005859375,1212.9052734375,18006016
2025-10-15 08:40:00+00:00,1210.625244140625,1211.57470703125,1210.625244140625,1211.57470703125,0
2025-10-15 08:45:00+00:00,1207.5867919921875,1210.4766845703125,1207.5867919921875,1210.4766845703125,0
2025-10-15 08:50:00+00:00,1206.76171875,1207.7474365234375,1206.6966552734375,1207.4970703125,1891328
2025-10-15 08:55:00+00:00,1203.6290283203125,1205.6829833984375,1203.6290283203125,1205.6829833984375,1852416
2025-10-15 09:00:00+00:00,1201.2122802734375,1203.705078125,1201.2122802734375,1203.705078125,6349824
2025-10-15 09:05:00+00:00,1200.076416015625,1201.4189453125,1200.076416015625,1201.4189453125,11104256
2025-10-15 09:10:00+00:00,1198.3760986328125,1199.0714111328125,1198.3760986328125,1199.0714111328125,4153344
2025-10-15 09:15:00+00:00,1191.6849365234375,1198.2879638671875,1191.6849365234375,1198.2879638671875,3055616
2025-10-15 09:20:00+00:00,1192.44140625,1192.98193359375,1192.440673828125,1192.5858154296875,6391808
2025-10-15 09:25:00+00:00,1191.5028076171875,1191.7227783203125,1191.4324951171875,1191.4324951171875,0
2025-10-15 09:30:00+00:00,1189.771728515625,1191.5028076171875,1189.771728515625,1191.5028076171875,0
2025-10-15 09:35:00+00:00,1191.4560546875,1191.4560546875,1190.0684814453125,1190.0684814453125,672768
2025-10-15 09:40:00+00:00,1192.5772705078125,1192.633056640625,1192.0889892578125,1192.138671875,2266112
2025-10-15 09:45:00+00:00,1193.14501953125,1194.049560546875,1192.5540771484375,1192.5540771484375,0
2025-10-15 09:50:00+00:00,1192.4053955078125,1193.0863037109375,1192.4053955078125,1193.0863037109375,0
2025-10-15 09:55:00+00:00,1190.365966796875,1190.724853515625,1190.24853515625,1190.5831298828125,0
2025-10-15 10:00:00+00:00,1188.5782470703125,1190.159423828125,1188.5782470703125,1190.159423828125,0
2025-10-15 10:05:00+00:00,1189.132080078125,1189.132080078125,1188.7276611328125,1188.7276611328125,0
2025-10-15 10:10:00+00:00,1190.8160400390625,1190.8160400390625,1189.864990234375,1190.105224609375,0
2025-10-15 10:15:00+00:00,1190.0113525390625,1190.8375244140625,1190.0113525390625,1190.622802734375,0
2025-10-15 10:20:00+00:00,1189.90576171875,1190.085205078125,1189.6292724609375,1190.0567626953125,0
2025-10-15 10:25:00+00:00,1187.9642333984375,1189.5211181640625,1187.770751953125,1189.5076904296875,0
2025-10-15 10:30:00+00:00,1184.7864990234375,1187.9176025390625,1184.7864990234375,1187.9176025390625,0
2025-10-15 10:35:00+00:00,1184.21826171875,1184.781982421875,1184.21826171875,1184.6263427734375,0
2025-10-15 10:40:00+00:00,1184.25537109375,1184.25537109375,1183.3519287109375,1183.589111328125,0
2025-10-15 10:45:00+00:00,1184.870361328125,1184.870361328125,1184.2548828125,1184.2548828125,0
2025-10-15 10:50:00+00:00,1185.0980224609375,1185.5198974609375,1185.0980224609375,1185.44921875,0
2025-10-15 10:55:00+00:00,1183.1929931640625,1183.63818359375,1183.1553955078125,1183.623291015625,0
2025-10-15 11:00:00+00:00,1184.5445556640625,1184.5445556640625,1183.39404296875,1183.4595947265625,0
2025-10-15 11:05:00+00:00,1185.487060546875,1185.487060546875,1184.1912841796875,1184.3914794921875,0
2025-10-15 11:10:00+00:00,1185.9112548828125,1186.9771728515625,1185.643310546875,1186.9771728515625,0
2025-10-15 11:15:00+00:00,1185.005126953125,1185.5455322265625,1185.005126953125,1185.5455322265625,0
2025-10-15 11:20:00+00:00,1183.4921875,1183.4921875,1182.6119384765625,1182.6119384765625,0
2025-10-15 11:25:00+00:00,1184.4339599609375,1184.4339599609375,1183.9071044921875,1183.9071044921875,0
2025-10-15 11:30:00+00:00,1182.4951171875,1184.2529296875,1182.4951171875,1184.2529296875,0
2025-10-15 11:35:00+00:00,1183.193603515625,1183.193603515625,1182.444091796875,1182.444091796875,0
2025-10-15 11:40:00+00:00,1185.0357666015625,1185.0357666015625,1184.1640625,1184.1640625,0
2025-10-15 11:45:00+00:00,1184.6258544921875,1185.40380859375,1184.6258544921875,1185.01806640625,0
2025-10-15 11:50:00+00:00,1185.1319580078125,1185.1319580078125,1184.705322265625,1184.7691650390625,0
2025-10-15 11:55:00+00:00,1186.8236083984375,1186.9869384765625,1185.6820068359375,1185.6820068359375,0
2025-10-15 12:00:00+00:00,1185.1463623046875,1186.7672119140625,1185.1463623046875,1186.7672119140625,0
2025-10-15 12:05:00+00:00,1188.769775390625,1188.769775390625,1185.0277099609375,1185.0277099609375,0
2025-10-15 12:10:00+00:00,1189.9825439453125,1190.2987060546875,1189.6005859375,1190.29150390625,0
2025-10-15 12:15:00+00:00,1189.5111083984375,1190.047119140625,1189.5111083984375,1190.047119140625,0
2025-10-15 12:20:00+00:00,1187.8370361328125,1188.937255859375,1187.490234375,1188.937255859375,0
2025-10-15 12:25:00+00:00,1187.807861328125,1188.9327392578125,1187.807861328125,1188.9327392578125,0
2025-10-15 12:30:00+00:00,1185.874755859375,1186.8603515625,1184.799560546875,1186.8603515625,0
2025-10-15 12:35:00+00:00,1181.9925537109375,1185.494140625,1181.9749755859375,1185.494140625,0
2025-10-15 12:40:00+00:00,1181.939697265625,1182.6884765625,1181.939697265625,1182.6884765625,0
2025-10-15 12:45:00+00:00,1180.958251953125,1181.9346923828125,1180.958251953125,1181.9346923828125,0
2025-10-15 12:50:00+00:00,1181.4644775390625,1181.685302734375,1180.8736572265625,1180.8736572265625,0
2025-10-15 12:55:00+00:00,1180.33837890625,1180.8140869140625,1180.129150390625,1180.8140869140625,0
2025-10-15 13:00:00+00:00,1176.226318359375,1180.0992431640625,1176.226318359375,1180.0992431640625,0
2025-10-15 13:05:00+00:00,1169.9560546875,1175.4051513671875,1169.56396484375,1175.4051513671875,6853632
2025-10-15 13:10:00+00:00,1172.9361572265625,1172.9361572265625,1170.862060546875,1170.862060546875,0
2025-10-15 13:15:00+00:00,1173.3934326171875,1173.3934326171875,1172.0341796875,1172.61376953125,0
2025-10-15 13:20:00+00:00,1174.4150390625,1174.4881591796875,1173.4527587890625,1173.58935546875,0
2025-10-15 13:25:00+00:00,1178.06689453125,1178.2303466796875,1176.361572265625,1176.4368896484375,0
2025-10-15 13:30:00+00:00,1181.9425048828125,1181.9425048828125,1177.3629150390625,1177.6773681640625,0
2025-10-15 13:35:00+00:00,1182.563720703125,1183.23046875,1181.4674072265625,1181.4674072265625,0
2025-10-15 13:40:00+00:00,1178.798583984375,1179.9061279296875,1178.798583984375,1179.9061279296875,0
2025-10-15 13:45:00+00:00,1173.2158203125,1178.415283203125,1173.2158203125,1178.415283203125,0
2025-10-15 13:50:00+00:00,1173.1947021484375,1173.5455322265625,1172.991943359375,1173.5455322265625,0
2025-10-15 13:55:00+00:00,1175.4415283203125,1175.5123291015625,1174.7705078125,1174.947265625,0
2025-10-15 14:00:00+00:00,1178.2879638671875,1178.2879638671875,1175.8350830078125,1175.8350830078125,0
2025-10-15 14:05:00+00:00,1180.774169921875,1180.774169921875,1178.2891845703125,1178.2891845703125,0
2025-10-15 14:10:00+00:00,1186.85205078125,1186.85205078125,1185.9254150390625,1185.9254150390625,0
2025-10-15 14:15:00+00:00,1185.344970703125,1186.5452880859375,1185.26025390625,1186.5452880859375,0
2025-10-15 14:20:00+00:00,1182.900634765625,1185.0582275390625,1182.2369384765625,1185.0582275390625,0
2025-10-15 14:25:00+00:00,1182.244384765625,1182.836669921875,1182.244384765625,1182.836669921875,0
2025-10-15 14:30:00+00:00,1181.0997314453125,1182.9925537109375,1181.0997314453125,1182.462158203125,0
2025-10-15 14:35:00+00:00,1180.435302734375,1181.18017578125,1180.1494140625,1181.18017578125,0
2025-10-15 14:40:00+00:00,1178.5843505859375,1181.8492431640625,1178.5843505859375,1181.8492431640625,0
2025-10-15 14:45:00+00:00,1175.3184814453125,1178.1566162109375,1175.3184814453125,1178.1566162109375,0
2025-10-15 14:50:00+00:00,1173.55126953125,1175.4967041015625,1173.55126953125,1175.4420166015625,0
2025-10-15 14:55:00+00:00,1168.9373779296875,1169.5450439453125,1168.56103515625,1169.48291015625,0
2025-10-15 15:00:00+00:00,1171.3377685546875,1171.84130859375,1169.5994873046875,1169.5994873046875,0
2025-10-15 15:05:00+00:00,1173.3804931640625,1173.39501953125,1170.4957275390625,1170.4957275390625,7659008
2025-10-15 15:10:00+00:00,1173.6844482421875,1176.229248046875,1173.6844482421875,1176.229248046875,0
2025-10-15 15:15:00+00:00,1172.5848388671875,1173.643310546875,1172.5848388671875,1173.643310546875,0
2025-10-15 15:20:00+00:00,1171.3421630859375,1172.4036865234375,1170.925048828125,1172.4036865234375,0
2025-10-15 15:25:00+00:00,1174.0166015625,1174.482177734375,1171.28125,1171.28125,0
2025-10-15 15:30:00+00:00,1171.8453369140625,1173.457763671875,1171.8453369140625,1173.457763671875,0
2025-10-15 15:35:00+00:00,1171.9833984375,1171.9833984375,1170.295166015625,1171.6881103515625,6472192
2025-10-15 15:40:00+00:00,1173.5357666015625,1173.921142578125,1173.3043212890625,1173.921142578125,6190080
2025-10-15 15:45:00+00:00,1173.4432373046875,1173.4873046875,1172.99560546875,1173.4873046875,0
2025-10-15 15:50:00+00:00,1169.27490234375,1173.4560546875,1169.27490234375,1173.4560546875,0
2025-10-15 15:55:00+00:00,1169.507568359375,1169.86962890625,1168.2506103515625,1168.2506103515625,0
2025-10-15 16:00:00+00:00,1169.2662353515625,1169.6845703125,1169.2662353515625,1169.470947265625,0
2025-10-15 16:05:00+00:00,1164.079345703125,1169.000732421875,1161.242431640625,1169.000732421875,0
2025-10-15 16:10:00+00:00,1163.762451171875,1166.287353515625,1163.762451171875,1166.287353515625,0
2025-10-15 16:15:00+00:00,1162.9736328125,1165.1348876953125,1162.9736328125,1164.52783203125,0
2025-10-15 16:20:00+00:00,1167.5404052734375,1167.5404052734375,1163.5068359375,1163.5068359375,0
2025-10-15 16:25:00+00:00,1172.7852783203125,1172.7852783203125,1169.0504150390625,1169.0504150390625,0
2025-10-15 16:30:00+00:00,1173.0703125,1173.399658203125,1172.4578857421875,1172.4578857421875,0
2025-10-15 16:35:00+00:00,1172.2108154296875,1172.977783203125,1172.1337890625,1172.977783203125,0
2025-10-15 16:40:00+00:00,1171.934814453125,1172.2142333984375,1171.934814453125,1172.0045166015625,0
2025-10-15 16:45:00+00:00,1181.0025634765625,1181.0025634765625,1171.45068359375,1171.90625,39509504
2025-10-15 16:50:00+00:00,1183.937744140625,1183.937744140625,1180.56396484375,1180.56396484375,9048064
2025-10-15 16:55:00+00:00,1184.5919189453125,1186.4427490234375,1184.5919189453125,1186.4427490234375,0
2025-10-15 17:00:00+00:00,1180.589111328125,1184.6009521484375,1180.589111328125,1184.6009521484375,0
2025-10-15 17:05:00+00:00,1179.5853271484375,1180.776123046875,1179.5853271484375,1180.776123046875,0
2025-10-15 17:10:00+00:00,1172.451904296875,1178.4228515625,1172.451904296875,1178.4228515625,0
2025-10-15 17:15:00+00:00,1167.2708740234375,1171.8953857421875,1166.483642578125,1171.8953857421875,0
2025-10-15 17:20:00+00:00,1164.0384521484375,1166.3233642578125,1164.0384521484375,1166.3233642578125,3062272
2025-10-15 17:25:00+00:00,1162.964111328125,1165.1683349609375,1162.964111328125,1165.1683349609375,0
2025-10-15 17:30:00+00:00,1158.839111328125,1162.958984375,1158.839111328125,1162.958984375,0
2025-10-15 17:35:00+00:00,1162.2427978515625,1162.3101806640625,1159.154052734375,1159.154052734375,0
2025-10-15 17:40:00+00:00,1163.3746337890625,1163.6396484375,1162.6826171875,1162.8153076171875,0
2025-10-15 17:45:00+00:00,1166.2017822265625,1166.2017822265625,1163.60205078125,1163.60205078125,0
2025-10-15 17:50:00+00:00,1167.1732177734375,1167.1732177734375,1166.03564453125,1166.03564453125,0
2025-10-15 17:55:00+00:00,1166.934326171875,1167.4686279296875,1166.934326171875,1167.4686279296875,0
2025-10-15 18:00:00+00:00,1165.0284423828125,1167.739501953125,1165.0284423828125,1167.23779296875,0
2025-10-15 18:05:00+00:00,1165.915771484375,1165.915771484375,1164.9552001953125,1164.9552001953125,0
2025-10-15 18:10:00+00:00,1165.6014404296875,1166.9144287109375,1165.57470703125,1166.8448486328125,0
2025-10-15 18:15:00+00:00,1167.277587890625,1167.277587890625,1165.513671875,1165.513671875,0
2025-10-15 18:20:00+00:00,1165.8157958984375,1166.8370361328125,1165.249755859375,1166.8370361328125,0
2025-10-15 18:25:00+00:00,1167.515380859375,1167.94677734375,1166.1986083984375,1166.1986083984375,6910464
2025-10-15 18:30:00+00:00,1167.922119140625,1167.922119140625,1167.3013916015625,1167.530029296875,0
2025-10-15 18:35:00+00:00,1166.3795166015625,1167.755615234375,1165.975341796875,1167.755615234375,0
2025-10-15 18:40:00+00:00,1167.645263671875,1167.681396484375,1166.8587646484375,1166.8587646484375,0
2025-10-15 18:45:00+00:00,1167.508544921875,1167.566650390625,1167.34228515625,1167.566650390625,0
2025-10-15 18:50:00+00:00,1169.469970703125,1169.469970703125,1167.63134765625,1167.63134765625,0
2025-10-15 18:55:00+00:00,1172.5565185546875,1172.5565185546875,1171.273193359375,1171.336181640625,0
2025-10-15 19:00:00+00:00,1170.426025390625,1172.404296875,1170.426025390625,1172.3497314453125,0
2025-10-15 19:05:00+00:00,1168.9764404296875,1170.436767578125,1168.947998046875,1170.436767578125,0
2025-10-15 19:10:00+00:00,1168.624755859375,1168.65283203125,1168.2691650390625,1168.6312255859375,0
2025-10-15 19:15:00+00:00,1168.834716796875,1168.834716796875,1168.250732421875,1168.51806640625,0
2025-10-15 19:20:00+00:00,1169.451171875,1169.6522216796875,1168.772705078125,1168.772705078125,0
2025-10-15 19:25:00+00:00,1170.98486328125,1171.1224365234375,1169.882080078125,1169.882080078125,0
2025-10-15 19:30:00+00:00,1171.0125732421875,1171.0159912109375,1170.788818359375,1170.8780517578125,0
2025-10-15 19:35:00+00:00,1168.591064453125,1170.8670654296875,1168.591064453125,1170.8670654296875,0
2025-10-15 19:40:00+00:00,1166.681396484375,1167.3299560546875,1166.681396484375,1167.3299560546875,0
2025-10-15 19:45:00+00:00,1167.5643310546875,1167.5643310546875,1166.7081298828125,1166.7081298828125,0
2025-10-15 19:50:00+00:00,1166.668212890625,1167.4561767578125,1166.53662109375,1167.4561767578125,0
2025-10-15 19:55:00+00:00,1165.1082763671875,1165.690673828125,1165.1082763671875,1165.6864013671875,0
2025-10-15 20:00:00+00:00,1167.4921875,1167.4921875,1165.1177978515625,1165.1177978515625,0
2025-10-15 20:05:00+00:00,1167.299072265625,1167.4576416015625,1167.106201171875,1167.4576416015625,0
2025-10-15 20:10:00+00:00,1167.47607421875,1167.47607421875,1167.301513671875,1167.301513671875,0
2025-10-15 20:15:00+00:00,1167.8421630859375,1167.8421630859375,1167.5325927734375,1167.5980224609375,0
2025-10-15 20:20:00+00:00,1170.01123046875,1170.1790771484375,1168.7420654296875,1168.7420654296875,0
2025-10-15 20:25:00+00:00,1168.7293701171875,1169.6627197265625,1168.7293701171875,1169.6627197265625,0
2025-10-15 20:30:00+00:00,1160.2010498046875,1168.446533203125,1160.2010498046875,1168.446533203125,6819328
2025-10-15 20:35:00+00:00,1156.34033203125,1159.7640380859375,1155.8216552734375,1159.7640380859375,18114560
2025-10-15 20:40:00+00:00,1161.7822265625,1162.0343017578125,1158.5986328125,1158.5986328125,15762944
2025-10-15 20:45:00+00:00,1160.2696533203125,1162.073974609375,1160.2696533203125,1161.828369140625,0
2025-10-15 20:50:00+00:00,1160.3084716796875,1160.912841796875,1160.3084716796875,1160.74169921875,0
2025-10-15 20:55:00+00:00,1157.7752685546875,1159.4609375,1157.7752685546875,1159.4609375,0
2025-10-15 21:00:00+00:00,1156.7012939453125,1157.7537841796875,1156.7012939453125,1157.7537841796875,0
2025-10-15 21:05:00+00:00,1156.77490234375,1157.52783203125,1156.4017333984375,1156.516357421875,1524224
2025-10-15 21:10:00+00:00,1154.0625,1157.3016357421875,1154.0384521484375,1157.3016357421875,6356992
2025-10-15 21:15:00+00:00,1151.953125,1154.1575927734375,1151.953125,1153.904296875,3632128
2025-10-15 21:20:00+00:00,1152.625732421875,1152.752685546875,1151.9658203125,1151.9658203125,791552
2025-10-15 21:25:00+00:00,1155.170654296875,1155.170654296875,1153.3831787109375,1153.3831787109375,2530304
2025-10-15 21:30:00+00:00,1158.9625244140625,1158.9625244140625,1155.3963623046875,1155.3963623046875,0
2025-10-15 21:35:00+00:00,1161.1416015625,1161.303466796875,1158.9451904296875,1158.9451904296875,8291328
2025-10-15 21:40:00+00:00,1158.251953125,1160.1563720703125,1158.235107421875,1159.8170166015625,845824
2025-10-15 21:45:00+00:00,1157.0579833984375,1158.8326416015625,1157.0579833984375,1158.34912109375,0
2025-10-15 21:50:00+00:00,1155.3126220703125,1156.8880615234375,1155.3126220703125,1156.8323974609375,0
2025-10-15 21:55:00+00:00,1153.9541015625,1154.162109375,1153.6741943359375,1153.8865966796875,0
2025-10-15 22:00:00+00:00,1155.123291015625,1155.123291015625,1153.9979248046875,1153.9979248046875,0
2025-10-15 22:05:00+00:00,1154.7386474609375,1155.2127685546875,1154.4798583984375,1155.2127685546875,3635712
2025-10-15 22:10:00+00:00,1158.5853271484375,1158.5853271484375,1156.6275634765625,1156.6275634765625,4717056
2025-10-15 22:15:00+00:00,1160.36865234375,1160.36865234375,1158.76806640625,1158.76806640625,0
2025-10-15 22:20:00+00:00,1162.8651123046875,1163.545654296875,1160.514404296875,1160.514404296875,8656384
2025-10-15 22:25:00+00:00,1160.9154052734375,1162.172607421875,1160.9154052734375,1161.68359375,0
2025-10-15 22:30:00+00:00,1160.6480712890625,1160.7724609375,1160.1654052734375,1160.7724609375,0
2025-10-15 22:35:00+00:00,1161.8695068359375,1161.91015625,1160.8880615234375,1160.8880615234375,684544
2025-10-15 22:40:00+00:00,1161.0205078125,1161.2833251953125,1161.0205078125,1161.2833251953125,0
2025-10-15 22:45:00+00:00,1158.841064453125,1161.0728759765625,1158.841064453125,1161.0728759765625,0
2025-10-15 22:50:00+00:00,1155.9295654296875,1158.7265625,1155.9295654296875,1158.7265625,0
2025-10-15 22:55:00+00:00,1154.6451416015625,1154.6451416015625,1154.2706298828125,1154.318603515625,0
2025-10-15 23:00:00+00:00,1154.466552734375,1154.8038330078125,1154.3701171875,1154.4315185546875,0
2025-10-15 23:05:00+00:00,1153.7242431640625,1154.3739013671875,1153.4222412109375,1154.3739013671875,0
2025-10-15 23:10:00+00:00,1157.1483154296875,1157.1483154296875,1155.3509521484375,1155.4320068359375,0
2025-10-15 23:15:00+00:00,1158.071533203125,1158.071533203125,1157.09033203125,1157.09033203125,0
2025-10-15 23:20:00+00:00,1159.0050048828125,1159.0050048828125,1158.1314697265625,1158.157470703125,0
2025-10-15 23:25:00+00:00,1160.966796875,1160.966796875,1159.9730224609375,1159.9730224609375,0
2025-10-15 23:30:00+00:00,1162.6856689453125,1162.6856689453125,1161.1270751953125,1161.1270751953125,0
2025-10-15 23:35:00+00:00,1163.0489501953125,1163.2347412109375,1162.645751953125,1162.645751953125,0
2025-10-15 23:40:00+00:00,1164.033447265625,1164.033447265625,1163.3116455078125,1163.44970703125,0
2025-10-15 23:45:00+00:00,1164.2213134765625,1164.670166015625,1164.012939453125,1164.012939453125,0
2025-10-15 23:50:00+00:00,1163.155517578125,1164.12548828125,1163.1424560546875,1164.12548828125,0
2025-10-15 23:55:00+00:00,1162.58251953125,1162.6671142578125,1162.58251953125,1162.582763671875,0
2025-10-16 00:00:00+00:00,1163.329833984375,1163.329833984375,1162.497314453125,1162.497314453125,0
2025-10-16 00:05:00+00:00,1163.4481201171875,1163.763427734375,1163.282470703125,1163.282470703125,1003520
2025-10-16 00:10:00+00:00,1162.4754638671875,1163.0655517578125,1162.4754638671875,1163.0655517578125,0
2025-10-16 00:15:00+00:00,1161.669677734375,1162.3448486328125,1161.205810546875,1162.3448486328125,0
2025-10-16 00:20:00+00:00,1163.9237060546875,1164.1234130859375,1162.5860595703125,1162.5860595703125,0
2025-10-16 00:25:00+00:00,1167.18798828125,1167.18798828125,1164.369140625,1164.369140625,2803712
2025-10-16 00:30:00+00:00,1166.608154296875,1168.271240234375,1166.608154296875,1167.1312255859375,0
2025-10-16 00:35:00+00:00,1167.0587158203125,1167.965087890625,1166.959228515625,1166.959228515625,0
2025-10-16 00:40:00+00:00,1166.26806640625,1166.4779052734375,1165.9237060546875,1166.4779052734375,0
2025-10-16 00:45:00+00:00,1166.6845703125,1166.6845703125,1166.06640625,1166.06640625,0
2025-10-16 00:50:00+00:00,1168.09326171875,1168.09326171875,1166.8424072265625,1167.0074462890625,0
2025-10-16 00:55:00+00:00,1170.554443359375,1170.554443359375,1170.2137451171875,1170.411376953125,2989568
2025-10-16 01:00:00+00:00,1173.3516845703125,1173.3516845703125,1170.583251953125,1170.583251953125,0
2025-10-16 01:05:00+00:00,1175.296142578125,1175.600830078125,1173.806396484375,1173.8109130859375,6642176
2025-10-16 01:10:00+00:00,1180.1141357421875,1180.274658203125,1176.7281494140625,1176.7281494140625,14844416
2025-10-16 01:15:00+00:00,1180.5596923828125,1180.5596923828125,1180.03564453125,1180.03564453125,7611904
2025-10-16 01:20:00+00:00,1179.3709716796875,1181.60888671875,1179.3709716796875,1181.60888671875,12539904
2025-10-16 01:25:00+00:00,1178.871826171875,1179.0865478515625,1178.4390869140625,1178.484130859375,3351552
2025-10-16 01:30:00+00:00,1180.819091796875,1180.819091796875,1178.738037109375,1178.738037109375,9373696
2025-10-16 01:35:00+00:00,1180.3211669921875,1180.3778076171875,1180.0523681640625,1180.3778076171875,0
2025-10-16 01:40:00+00:00,1182.3736572265625,1182.3736572265625,1181.4884033203125,1181.4884033203125,2910720
2025-10-16 01:45:00+00:00,1182.408447265625,1182.408447265625,1182.086669921875,1182.2864990234375,0
2025-10-16 01:50:00+00:00,1184.3936767578125,1184.7857666015625,1182.597900390625,1182.597900390625,1172480
2025-10-16 01:55:00+00:00,1184.1727294921875,1184.52685546875,1184.1087646484375,1184.3255615234375,3496960
2025-10-16 02:00:00+00:00,1183.6954345703125,1183.9981689453125,1183.6898193359375,1183.9981689453125,0
2025-10-16 02:05:00+00:00,1186.046142578125,1186.046142578125,1183.76953125,1183.76953125,6607872
2025-10-16 02:10:00+00:00,1186.8427734375,1187.099609375,1186.6741943359375,1187.099609375,5647360
2025-10-16 02:15:00+00:00,1187.32275390625,1187.7183837890625,1186.79638671875,1186.79638671875,0
2025-10-16 02:20:00+00:00,1190.3157958984375,1190.7259521484375,1187.975341796875,1187.975341796875,10691072
2025-10-16 02:25:00+00:00,1192.4903564453125,1192.5213623046875,1190.6002197265625,1190.6883544921875,13132288
2025-10-16 02:30:00+00:00,1192.826416015625,1192.826416015625,1191.895263671875,1192.334716796875,0
2025-10-16 02:35:00+00:00,1191.999267578125,1192.6322021484375,1191.999267578125,1192.4949951171875,0
2025-10-16 02:40:00+00:00,1189.240478515625,1191.2174072265625,1189.240478515625,1191.2174072265625,0
2025-10-16 02:45:00+00:00,1190.9844970703125,1190.9844970703125,1188.5965576171875,1189.214111328125,1446912
2025-10-16 02:50:00+00:00,1191.5391845703125,1191.7557373046875,1190.8531494140625,1190.8531494140625,0
2025-10-16 02:55:00+00:00,1191.146728515625,1191.3443603515625,1191.127685546875,1191.1522216796875,0
2025-10-16 03:00:00+00:00,1193.6619873046875,1193.6619873046875,1191.2908935546875,1191.2908935546875,0
2025-10-16 03:05:00+00:00,1192.693115234375,1193.625,1192.3543701171875,1193.625,1396736
2025-10-16 03:10:00+00:00,1190.7960205078125,1192.475341796875,1190.7681884765625,1192.475341796875,0
2025-10-16 03:15:00+00:00,1189.4669189453125,1190.5565185546875,1189.4669189453125,1190.5565185546875,0
2025-10-16 03:20:00+00:00,1189.6187744140625,1189.8536376953125,1189.4700927734375,1189.5711669921875,0
2025-10-16 03:25:00+00:00,1188.75732421875,1189.961181640625,1188.75732421875,1189.961181640625,810496
2025-10-16 03:30:00+00:00,1184.48876953125,1188.8123779296875,1184.48876953125,1188.8123779296875,5903872
2025-10-16 03:35:00+00:00,1184.646728515625,1184.646728515625,1183.1593017578125,1184.3934326171875,6288384
2025-10-16 03:40:00+00:00,1187.7156982421875,1187.7156982421875,1185.702880859375,1185.702880859375,9509888
2025-10-16 03:45:00+00:00,1187.9075927734375,1188.6661376953125,1187.6478271484375,1187.6478271484375,0
2025-10-16 03:50:00+00:00,1186.7984619140625,1187.8330078125,1186.7039794921875,1187.750732421875,0
2025-10-16 03:55:00+00:00,1185.8411865234375,1186.8575439453125,1185.8411865234375,1186.8575439453125,0
2025-10-16 04:00:00+00:00,1187.6612548828125,1187.6612548828125,1184.9317626953125,1185.77001953125,0
2025-10-16 04:05:00+00:00,1186.9580078125,1187.5177001953125,1186.9580078125,1187.5177001953125,0
2025-10-16 04:10:00+00:00,1188.6959228515625,1188.7181396484375,1186.4139404296875,1186.4139404296875,606720
2025-10-16 04:15:00+00:00,1190.4781494140625,1190.4781494140625,1188.8935546875,1188.8935546875,7610880
2025-10-16 04:20:00+00:00,1189.2950439453125,1190.734619140625,1189.2950439453125,1190.734619140625,2428416
2025-10-16 04:25:00+00:00,1188.419921875,1188.4813232421875,1188.268798828125,1188.3165283203125,0
2025-10-16 04:30:00+00:00,1187.544677734375,1188.365234375,1187.544677734375,1188.365234375,0
2025-10-16 04:35:00+00:00,1186.489013671875,1187.5400390625,1186.489013671875,1187.5400390625,0
2025-10-16 04:40:00+00:00,1183.32177734375,1185.7379150390625,1183.32177734375,1185.7379150390625,0
2025-10-16 04:45:00+00:00,1177.12109375,1183.0872802734375,1177.12109375,1183.0872802734375,651264
2025-10-16 04:50:00+00:00,1179.7435302734375,1180.0782470703125,1177.4140625,1177.4140625,5875712
2025-10-16 04:55:00+00:00,1180.775146484375,1181.516845703125,1179.2130126953125,1179.311767578125,5432832
2025-10-16 05:00:00+00:00,1179.1343994140625,1180.3709716796875,1179.1343994140625,1180.3052978515625,0
2025-10-16 05:05:00+00:00,1178.299072265625,1179.3448486328125,1177.8455810546875,1179.3448486328125,0
2025-10-16 05:10:00+00:00,1178.66796875,1178.8455810546875,1178.281982421875,1178.6373291015625,0
2025-10-16 05:15:00+00:00,1178.151123046875,1179.5972900390625,1178.151123046875,1178.5985107421875,0
2025-10-16 05:20:00+00:00,1178.89501953125,1178.89501953125,1178.3587646484375,1178.3587646484375,0
2025-10-16 05:25:00+00:00,1177.2156982421875,1178.6669921875,1177.084228515625,1178.539794921875,0
2025-10-16 05:30:00+00:00,1178.29248046875,1178.29248046875,1177.1053466796875,1177.1856689453125,0
2025-10-16 05:35:00+00:00,1181.4603271484375,1181.6025390625,1178.6414794921875,1178.6414794921875,0
2025-10-16 05:40:00+00:00,1184.3740234375,1184.3740234375,1182.5106201171875,1182.5106201171875,0
2025-10-16 05:45:00+00:00,1186.8876953125,1186.8876953125,1184.519775390625,1184.519775390625,0
2025-10-16 05:50:00+00:00,1183.5791015625,1186.7957763671875,1183.49365234375,1186.7957763671875,0
2025-10-16 05:55:00+00:00,1183.6806640625,1183.6806640625,1181.4921875,1181.4921875,1104896
2025-10-16 06:00:00+00:00,1182.7916259765625,1183.7449951171875,1182.7916259765625,1183.7449951171875,0
2025-10-16 06:05:00+00:00,1183.45703125,1183.5205078125,1182.8046875,1182.911376953125,0
2025-10-16 06:10:00+00:00,1183.2513427734375,1184.0792236328125,1183.2513427734375,1183.9771728515625,0
2025-10-16 06:15:00+00:00,1181.9925537109375,1183.139892578125,1181.9925537109375,1183.139892578125,0
2025-10-16 06:20:00+00:00,1184.696044921875,1184.696044921875,1182.22900390625,1182.22900390625,0
2025-10-16 06:25:00+00:00,1188.5557861328125,1188.5557861328125,1185.91552734375,1185.91552734375,0
2025-10-16 06:30:00+00:00,1189.2821044921875,1189.2821044921875,1188.51611328125,1188.51611328125,0
2025-10-16 06:35:00+00:00,1188.5069580078125,1189.3720703125,1188.4671630859375,1189.3720703125,0
2025-10-16 06:40:00+00:00,1188.7044677734375,1188.8544921875,1188.6676025390625,1188.6685791015625,0
2025-10-16 06:45:00+00:00,1189.3895263671875,1189.3895263671875,1188.6973876953125,1188.8038330078125,0
2025-10-16 06:50:00+00:00,1189.525146484375,1189.7008056640625,1189.400634765625,1189.400634765625,2722816
2025-10-16 06:55:00+00:00,1190.701904296875,1190.7689208984375,1190.012451171875,1190.012451171875,1401344
2025-10-16 07:00:00+00:00,1188.19775390625,1190.69091796875,1188.19775390625,1190.69091796875,0
2025-10-16 07:05:00+00:00,1188.065673828125,1188.3355712890625,1188.03564453125,1188.24951171875,2378752
2025-10-16 07:10:00+00:00,1186.1400146484375,1187.672607421875,1186.0526123046875,1187.672607421875,0
2025-10-16 07:15:00+00:00,1186.190673828125,1186.595703125,1186.190673828125,1186.3291015625,0
2025-10-16 07:20:00+00:00,1183.104736328125,1185.03662109375,1183.104736328125,1185.03662109375,0
2025-10-16 07:25:00+00:00,1181.0206298828125,1181.026611328125,1180.86083984375,1180.867919921875,0
2025-10-16 07:30:00+00:00,1181.706787109375,1181.706787109375,1180.3197021484375,1180.834228515625,0
2025-10-16 07:35:00+00:00,1182.167724609375,1182.167724609375,1181.6234130859375,1181.6234130859375,0
2025-10-16 07:40:00+00:00,1182.1168212890625,1182.477783203125,1181.9390869140625,1182.477783203125,2185216
2025-10-16 07:45:00+00:00,1182.2735595703125,1182.2735595703125,1182.1097412109375,1182.1097412109375,0
2025-10-16 07:50:00+00:00,1182.606689453125,1182.6617431640625,1182.042236328125,1182.0819091796875,0
2025-10-16 07:55:00+00:00,1182.0220947265625,1182.1590576171875,1181.8955078125,1182.043212890625,0
2025-10-16 08:00:00+00:00,1183.161376953125,1183.775634765625,1182.66259765625,1182.66259765625,2287104
2025-10-16 08:05:00+00:00,1181.7015380859375,1182.8701171875,1181.6055908203125,1182.8701171875,0
2025-10-16 08:10:00+00:00,1182.23681640625,1182.23681640625,1182.0506591796875,1182.15234375,0
2025-10-16 08:15:00+00:00,1182.97705078125,1183.16455078125,1182.40966796875,1182.40966796875,0
2025-10-16 08:20:00+00:00,1183.163330078125,1183.163330078125,1182.7874755859375,1182.8406982421875,0
2025-10-16 08:25:00+00:00,1183.491943359375,1183.491943359375,1183.2039794921875,1183.2039794921875,0
2025-10-16 08:30:00+00:00,1183.8031005859375,1183.8031005859375,1183.0860595703125,1183.38427734375,0
2025-10-16 08:35:00+00:00,1184.1876220703125,1184.6783447265625,1183.72509765625,1183.72509765625,0
2025-10-16 08:40:00+00:00,1186.3648681640625,1186.4979248046875,1183.09814453125,1183.09814453125,0
2025-10-16 08:45:00+00:00,1185.728759765625,1186.316162109375,1185.728759765625,1186.316162109375,0
2025-10-16 08:50:00+00:00,1185.571533203125,1185.727294921875,1185.2845458984375,1185.727294921875,0
2025-10-16 08:55:00+00:00,1188.0654296875,1188.39990234375,1187.5892333984375,1187.5892333984375,0
2025-10-16 09:00:00+00:00,1188.634033203125,1188.634033203125,1187.29541015625,1187.9412841796875,0
2025-10-16 09:05:00+00:00,1189.1241455078125,1189.1241455078125,1188.5198974609375,1188.5198974609375,0
2025-10-16 09:10:00+00:00,1191.778076171875,1191.778076171875,1190.557373046875,1190.557373046875,4964352
2025-10-16 09:15:00+00:00,1193.0281982421875,1193.0281982421875,1191.997314453125,1191.997314453125,0
2025-10-16 09:20:00+00:00,1192.8138427734375,1193.156005859375,1192.5277099609375,1192.5277099609375,0
2025-10-16 09:25:00+00:00,1190.4920654296875,1192.5159912109375,1190.4920654296875,1192.4951171875,0
2025-10-16 09:30:00+00:00,1188.01953125,1190.29638671875,1188.01953125,1190.29638671875,0
2025-10-16 09:35:00+00:00,1180.078125,1188.32666015625,1179.33935546875,1188.01953125,33030656
2025-10-16 09:40:00+00:00,1176.9683837890625,1176.9683837890625,1175.69287109375,1175.69287109375,21932032
2025-10-16 09:45:00+00:00,1186.3001708984375,1186.3001708984375,1180.9031982421875,1180.9031982421875,44685824
2025-10-16 09:50:00+00:00,1185.8863525390625,1187.1033935546875,1185.75,1187.1033935546875,28201984
2025-10-16 09:55:00+00:00,1183.5638427734375,1186.2139892578125,1183.5638427734375,1186.2139892578125,23703552
2025-10-16 10:00:00+00:00,1180.8431396484375,1183.469970703125,1180.461669921875,1183.469970703125,0
2025-10-16 10:05:00+00:00,1180.5028076171875,1180.69677734375,1178.765380859375,1179.0447998046875,26055168
2025-10-16 10:10:00+00:00,1181.6248779296875,1181.6248779296875,1180.2520751953125,1180.8006591796875,25420800
2025-10-16 10:15:00+00:00,1186.5269775390625,1186.5269775390625,1181.2923583984375,1181.2923583984375,13579264
2025-10-16 10:20:00+00:00,1184.7236328125,1187.069091796875,1184.7236328125,1187.069091796875,13382144
2025-10-16 10:25:00+00:00,1181.8856201171875,1183.5096435546875,1181.8856201171875,1183.5096435546875,329216
2025-10-16 10:30:00+00:00,1181.3494873046875,1182.0643310546875,1181.3494873046875,1181.7049560546875,0
2025-10-16 10:35:00+00:00,1180.2618408203125,1181.3853759765625,1180.239013671875,1181.3853759765625,5501952
2025-10-16 10:40:00+00:00,1180.1378173828125,1180.1378173828125,1178.296630859375,1178.296630859375,0
2025-10-16 10:45:00+00:00,1180.1494140625,1180.1494140625,1179.1964111328125,1179.7279052734375,0
2025-10-16 10:50:00+00:00,1181.484619140625,1181.484619140625,1180.37744140625,1180.37744140625,0
2025-10-16 10:55:00+00:00,1180.7161865234375,1181.571044921875,1180.7161865234375,1181.571044921875,45568
2025-10-16 11:00:00+00:00,1181.293212890625,1181.293212890625,1180.35498046875,1180.8524169921875,0
2025-10-16 11:05:00+00:00,1181.0789794921875,1181.3634033203125,1181.029296875,1181.029296875,0
2025-10-16 11:10:00+00:00,1177.546142578125,1177.995849609375,1177.546142578125,1177.9388427734375,0
2025-10-16 11:15:00+00:00,1176.6251220703125,1178.361328125,1176.6251220703125,1177.6806640625,0
2025-10-16 11:20:00+00:00,1175.04150390625,1176.4197998046875,1175.04150390625,1176.4197998046875,0
2025-10-16 11:25:00+00:00,1173.276611328125,1174.8807373046875,1173.276611328125,1174.8807373046875,0
2025-10-16 11:30:00+00:00,1174.04638671875,1174.04638671875,1172.6563720703125,1173.213623046875,1408512
2025-10-16 11:35:00+00:00,1174.10107421875,1174.2978515625,1174.08154296875,1174.2978515625,3366912
2025-10-16 11:40:00+00:00,1175.55908203125,1175.55908203125,1174.2552490234375,1174.394775390625,1553408
2025-10-16 11:45:00+00:00,1178.4251708984375,1178.4251708984375,1175.550537109375,1175.550537109375,4641792
2025-10-16 11:50:00+00:00,1179.657958984375,1179.84423828125,1178.58154296875,1178.58154296875,6467072
2025-10-16 11:55:00+00:00,1182.0325927734375,1182.0325927734375,1180.0748291015625,1180.10009765625,1453056
2025-10-16 12:00:00+00:00,1184.482421875,1184.482421875,1182.027587890625,1182.027587890625,0
2025-10-16 12:05:00+00:00,1182.9178466796875,1184.740234375,1182.9178466796875,1184.740234375,0
2025-10-16 12:10:00+00:00,1181.6524658203125,1182.3653564453125,1181.6524658203125,1182.3148193359375,0
2025-10-16 12:15:00+00:00,1182.017578125,1182.017578125,1180.781982421875,1181.322509765625,858624
2025-10-16 12:20:00+00:00,1180.5313720703125,1181.7840576171875,1180.3419189453125,1181.7840576171875,0
2025-10-16 12:25:00+00:00,1180.2843017578125,1181.16552734375,1180.2843017578125,1181.16552734375,0
2025-10-16 12:30:00+00:00,1178.9970703125,1180.263427734375,1178.9970703125,1180.263427734375,0
2025-10-16 12:35:00+00:00,1179.5001220703125,1179.5284423828125,1179.2550048828125,1179.5284423828125,0
2025-10-16 12:40:00+00:00,1181.7718505859375,1181.7718505859375,1179.9505615234375,1179.9505615234375,0
2025-10-16 12:45:00+00:00,1184.4488525390625,1184.4488525390625,1181.816650390625,1181.816650390625,0
2025-10-16 12:50:00+00:00,1186.5833740234375,1186.5833740234375,1184.403564453125,1184.403564453125,0
2025-10-16 12:55:00+00:00,1187.9945068359375,1188.434814453125,1187.8775634765625,1188.434814453125,1337344
2025-10-16 13:00:00+00:00,1187.4058837890625,1187.4058837890625,1187.0765380859375,1187.2801513671875,0
2025-10-16 13:05:00+00:00,1186.1256103515625,1186.875,1186.0943603515625,1186.875,0
2025-10-16 13:10:00+00:00,1185.1527099609375,1186.8258056640625,1185.1527099609375,1186.8258056640625,0
2025-10-16 13:15:00+00:00,1186.911376953125,1186.911376953125,1185.5653076171875,1185.5653076171875,0
2025-10-16 13:20:00+00:00,1185.4237060546875,1187.22314453125,1185.4237060546875,1187.22314453125,0
2025-10-16 13:25:00+00:00,1184.1859130859375,1184.621337890625,1184.1859130859375,1184.621337890625,0
2025-10-16 13:30:00+00:00,1185.3984375,1185.5052490234375,1184.7117919921875,1184.7117919921875,0
2025-10-16 13:35:00+00:00,1189.46337890625,1189.46337890625,1186.760498046875,1186.760498046875,10316288
2025-10-16 13:40:00+00:00,1188.960693359375,1190.1142578125,1188.960693359375,1190.1142578125,0
2025-10-16 13:45:00+00:00,1189.2578125,1189.89306640625,1188.7657470703125,1188.7657470703125,0
2025-10-16 13:50:00+00:00,1183.9354248046875,1186.96142578125,1183.9354248046875,1186.96142578125,0
2025-10-16 13:55:00+00:00,1183.362548828125,1183.4998779296875,1183.1971435546875,1183.2337646484375,0
2025-10-16 14:00:00+00:00,1180.0042724609375,1183.5762939453125,1180.0042724609375,1183.5762939453125,0
2025-10-16 14:05:00+00:00,1178.9261474609375,1180.006103515625,1178.9261474609375,1180.006103515625,0
2025-10-16 14:10:00+00:00,1175.0562744140625,1176.9954833984375,1175.0562744140625,1176.9954833984375,0
2025-10-16 14:15:00+00:00,1172.42529296875,1174.922119140625,1172.42529296875,1174.922119140625,6908928
2025-10-16 14:20:00+00:00,1169.983154296875,1169.983154296875,1168.5223388671875,1169.822265625,15397376
2025-10-16 14:25:00+00:00,1170.571044921875,1172.48193359375,1170.571044921875,1172.3189697265625,6914048
2025-10-16 14:30:00+00:00,1172.64697265625,1172.7099609375,1170.81640625,1170.81640625,0
2025-10-16 14:35:00+00:00,1173.81884765625,1173.81884765625,1172.5765380859375,1172.5765380859375,5313024
2025-10-16 14:40:00+00:00,1182.4417724609375,1182.4417724609375,1175.78271484375,1175.78271484375,15707648
2025-10-16 14:45:00+00:00,1181.241455078125,1182.667724609375,1181.241455078125,1182.667724609375,129024
2025-10-16 14:50:00+00:00,1175.4742431640625,1180.8487548828125,1175.4742431640625,1180.8487548828125,0
2025-10-16 14:55:00+00:00,1175.4820556640625,1175.4820556640625,1175.2666015625,1175.2666015625,0
2025-10-16 15:00:00+00:00,1173.87353515625,1173.87353515625,1173.697021484375,1173.697021484375,0
2025-10-16 15:05:00+00:00,1171.60009765625,1173.062744140625,1171.0677490234375,1173.0595703125,0
2025-10-16 15:10:00+00:00,1174.9083251953125,1174.9083251953125,1172.5814208984375,1172.5814208984375,4363776
2025-10-16 15:15:00+00:00,1174.422607421875,1174.640380859375,1174.422607421875,1174.640380859375,0
2025-10-16 15:20:00+00:00,1172.8798828125,1173.7957763671875,1172.8798828125,1173.7957763671875,0
2025-10-16 15:25:00+00:00,1167.9251708984375,1171.9683837890625,1167.9251708984375,1171.9683837890625,0
2025-10-16 15:30:00+00:00,1166.501220703125,1167.8179931640625,1166.4013671875,1167.8179931640625,0
2025-10-16 15:35:00+00:00,1161.5780029296875,1165.337890625,1161.5780029296875,1165.337890625,8376832
2025-10-16 15:40:00+00:00,1160.01220703125,1163.565185546875,1160.01220703125,1163.565185546875,0
2025-10-16 15:45:00+00:00,1158.0570068359375,1159.8262939453125,1157.9442138671875,1159.8262939453125,4876288
2025-10-16 15:50:00+00:00,1149.6820068359375,1153.6500244140625,1149.6820068359375,1153.6500244140625,34552320
2025-10-16 15:55:00+00:00,1135.2574462890625,1147.085693359375,1135.2574462890625,1147.0162353515625,50867200
2025-10-16 16:00:00+00:00,1135.435546875,1135.47216796875,1135.3028564453125,1135.3028564453125,19753984
2025-10-16 16:05:00+00:00,1131.030517578125,1131.324951171875,1125.6790771484375,1125.6790771484375,50702336
2025-10-16 16:10:00+00:00,1139.1351318359375,1139.1351318359375,1136.8277587890625,1136.8277587890625,24573440
2025-10-16 16:15:00+00:00,1138.7945556640625,1139.2894287109375,1138.618408203125,1138.618408203125,17268224
2025-10-16 16:20:00+00:00,1133.755615234375,1138.8968505859375,1133.755615234375,1138.54931640625,37227008
2025-10-16 16:25:00+00:00,1134.4588623046875,1134.70751953125,1134.121826171875,1134.70751953125,28256256
2025-10-16 16:30:00+00:00,1136.69970703125,1136.87109375,1134.0296630859375,1134.0296630859375,32443392
2025-10-16 16:35:00+00:00,1135.19873046875,1135.19873046875,1133.460693359375,1133.460693359375,23476736
2025-10-16 16:40:00+00:00,1143.255859375,1143.255859375,1136.9783935546875,1136.9783935546875,28888064
2025-10-16 16:45:00+00:00,1144.2816162109375,1144.2816162109375,1140.1187744140625,1142.1153564453125,0
2025-10-16 16:50:00+00:00,1148.610107421875,1148.88330078125,1145.305419921875,1145.305419921875,6785536
2025-10-16 16:55:00+00:00,1152.000244140625,1152.000244140625,1149.221435546875,1149.221435546875,63371776
2025-10-16 17:00:00+00:00,1153.8243408203125,1154.7491455078125,1153.2838134765625,1153.2838134765625,0
2025-10-16 17:05:00+00:00,1148.7535400390625,1150.020751953125,1148.32080078125,1149.8441162109375,1314816
2025-10-16 17:10:00+00:00,1149.133056640625,1149.659912109375,1149.133056640625,1149.659912109375,0
2025-10-16 17:15:00+00:00,1149.75146484375,1149.75146484375,1149.0003662109375,1149.0003662109375,0
2025-10-16 17:20:00+00:00,1152.099609375,1152.8187255859375,1152.02685546875,1152.8187255859375,0
2025-10-16 17:25:00+00:00,1151.9384765625,1151.9384765625,1150.3902587890625,1150.767333984375,2732032
2025-10-16 17:30:00+00:00,1153.0838623046875,1153.3924560546875,1151.864013671875,1151.864013671875,0
2025-10-16 17:35:00+00:00,1150.974365234375,1153.5482177734375,1150.588134765625,1153.5482177734375,0
2025-10-16 17:40:00+00:00,1147.937744140625,1150.9569091796875,1147.937744140625,1150.9569091796875,0
2025-10-16 17:45:00+00:00,1149.4052734375,1149.4052734375,1148.0238037109375,1148.0543212890625,0
2025-10-16 17:50:00+00:00,1150.7950439453125,1150.7950439453125,1149.5423583984375,1149.6378173828125,11301888
2025-10-16 17:55:00+00:00,1151.446044921875,1151.446044921875,1150.5030517578125,1150.5030517578125,4643328
2025-10-16 18:00:00+00:00,1149.850341796875,1151.1551513671875,1149.850341796875,1151.1551513671875,0
2025-10-16 18:05:00+00:00,1143.337158203125,1146.95263671875,1143.179931640625,1146.95263671875,0
2025-10-16 18:10:00+00:00,1141.1234130859375,1143.542724609375,1141.1234130859375,1143.542724609375,9060864
2025-10-16 18:15:00+00:00,1140.466552734375,1141.251708984375,1139.4129638671875,1141.251708984375,0
2025-10-16 18:20:00+00:00,1143.0401611328125,1143.0401611328125,1141.215087890625,1141.215087890625,12095488
2025-10-16 18:25:00+00:00,1145.1810302734375,1146.81640625,1145.1810302734375,1146.4361572265625,12942848
2025-10-16 18:30:00+00:00,1145.2642822265625,1145.2642822265625,1145.043212890625,1145.11669921875,0
2025-10-16 18:35:00+00:00,1149.5281982421875,1149.635986328125,1145.886474609375,1145.886474609375,14906368
2025-10-16 18:40:00+00:00,1149.4951171875,1149.4951171875,1148.5089111328125,1148.5089111328125,12657664
2025-10-16 18:45:00+00:00,1150.8065185546875,1150.8065185546875,1148.644287109375,1148.644287109375,5915136
2025-10-16 18:50:00+00:00,1148.2003173828125,1150.5458984375,1147.6507568359375,1150.5458984375,0
2025-10-16 18:55:00+00:00,1150.0245361328125,1150.0245361328125,1148.794677734375,1148.794677734375,2662400
2025-10-16 19:00:00+00:00,1148.78857421875,1151.8023681640625,1148.78857421875,1150.0126953125,0
2025-10-16 19:05:00+00:00,1149.7742919921875,1150.1611328125,1149.4215087890625,1149.4215087890625,6372864
2025-10-16 19:10:00+00:00,1148.220703125,1149.7557373046875,1148.220703125,1149.4127197265625,5789184
2025-10-16 19:15:00+00:00,1147.806396484375,1148.2735595703125,1147.1951904296875,1148.2735595703125,0
2025-10-16 19:20:00+00:00,1145.3046875,1147.6810302734375,1143.941162109375,1147.6810302734375,3677696
2025-10-16 19:25:00+00:00,1145.001708984375,1147.514892578125,1145.001708984375,1147.514892578125,9292288
2025-10-16 19:30:00+00:00,1141.316162109375,1144.9598388671875,1141.316162109375,1144.9598388671875,11409408
2025-10-16 19:35:00+00:00,1139.6761474609375,1141.330810546875,1139.6761474609375,1141.262939453125,5357056
2025-10-16 19:40:00+00:00,1140.023681640625,1140.090576171875,1139.276611328125,1139.2783203125,11471360
2025-10-16 19:45:00+00:00,1140.46240234375,1141.343017578125,1140.1839599609375,1140.1839599609375,2429440
2025-10-16 19:50:00+00:00,1147.9534912109375,1147.9534912109375,1141.6416015625,1141.781494140625,20520448
2025-10-16 19:55:00+00:00,1147.087646484375,1147.9840087890625,1147.087646484375,1147.9840087890625,1713664
2025-10-16 20:00:00+00:00,1147.208984375,1147.208984375,1146.9466552734375,1147.1207275390625,1413632
2025-10-16 20:05:00+00:00,1146.3668212890625,1147.130859375,1145.9715576171875,1147.130859375,1076736
2025-10-16 20:10:00+00:00,1146.746826171875,1147.510009765625,1146.746826171875,1147.510009765625,11396096
2025-10-16 20:15:00+00:00,1147.0341796875,1147.126953125,1146.626220703125,1146.8837890625,5256192
2025-10-16 20:20:00+00:00,1151.34619140625,1151.548095703125,1149.7462158203125,1149.7462158203125,14396928
2025-10-16 20:25:00+00:00,1150.1160888671875,1150.7022705078125,1150.1160888671875,1150.4969482421875,7897600
2025-10-16 20:30:00+00:00,1146.2806396484375,1150.4942626953125,1146.2806396484375,1150.4942626953125,0
2025-10-16 20:35:00+00:00,1145.7796630859375,1146.3680419921875,1145.470458984375,1146.3680419921875,0
2025-10-16 20:40:00+00:00,1143.460693359375,1147.669677734375,1143.460693359375,1147.669677734375,0
2025-10-16 20:45:00+00:00,1148.94775390625,1148.94775390625,1144.1517333984375,1144.1517333984375,6502912
2025-10-16 20:50:00+00:00,1147.4837646484375,1148.5906982421875,1147.3060302734375,1148.5906982421875,1176064
2025-10-16 20:55:00+00:00,1145.45458984375,1148.1514892578125,1145.0347900390625,1148.1514892578125,0
2025-10-16 21:00:00+00:00,1147.816650390625,1147.816650390625,1146.627685546875,1146.627685546875,0
2025-10-16 21:05:00+00:00,1148.51806640625,1148.7760009765625,1147.8226318359375,1147.8226318359375,0
2025-10-16 21:10:00+00:00,1149.264404296875,1149.2652587890625,1148.19775390625,1148.2257080078125,0
2025-10-16 21:15:00+00:00,1154.736083984375,1154.736083984375,1149.692626953125,1149.692626953125,0
2025-10-16 21:20:00+00:00,1153.01708984375,1154.56298828125,1152.9248046875,1154.56298828125,0
2025-10-16 21:25:00+00:00,1154.3416748046875,1154.3538818359375,1153.3348388671875,1153.493408203125,0
2025-10-16 21:30:00+00:00,1159.59375,1159.59375,1154.420166015625,1154.420166015625,7685632
2025-10-16 21:35:00+00:00,1161.6134033203125,1161.6995849609375,1159.8841552734375,1159.8841552734375,4051456
2025-10-16 21:40:00+00:00,1160.4356689453125,1162.1185302734375,1160.4356689453125,1162.1185302734375,0
2025-10-16 21:45:00+00:00,1161.08544921875,1161.08544921875,1159.35791015625,1160.240234375,0
2025-10-16 21:50:00+00:00,1162.408203125,1162.4512939453125,1161.189208984375,1161.189208984375,5883392
2025-10-16 21:55:00+00:00,1162.3447265625,1162.370849609375,1161.934326171875,1161.934326171875,0
2025-10-16 22:00:00+00:00,1162.1060791015625,1163.7017822265625,1162.1060791015625,1162.6480712890625,4092416
2025-10-16 22:05:00+00:00,1162.0655517578125,1162.4609375,1162.0655517578125,1162.4609375,0
2025-10-16 22:10:00+00:00,1161.027099609375,1161.9736328125,1161.027099609375,1161.9736328125,900608
2025-10-16 22:15:00+00:00,1161.361328125,1161.361328125,1160.4989013671875,1160.9212646484375,0
2025-10-16 22:20:00+00:00,1159.9295654296875,1161.18701171875,1159.9295654296875,1161.1038818359375,0
2025-10-16 22:25:00+00:00,1159.154052734375,1159.345458984375,1158.977294921875,1158.9954833984375,0
2025-10-16 22:30:00+00:00,1159.1986083984375,1159.209228515625,1158.870849609375,1159.209228515625,0
2025-10-16 22:35:00+00:00,1159.2196044921875,1159.2196044921875,1158.727783203125,1158.9561767578125,0
2025-10-16 22:40:00+00:00,1157.9415283203125,1160.2515869140625,1157.9415283203125,1160.2515869140625,354304
2025-10-16 22:45:00+00:00,1156.4434814453125,1157.840087890625,1155.91943359375,1157.840087890625,0
2025-10-16 22:50:00+00:00,1157.7010498046875,1157.7010498046875,1156.3975830078125,1156.3975830078125,0
2025-10-16 22:55:00+00:00,1153.7479248046875,1157.6937255859375,1153.7479248046875,1157.6937255859375,0
2025-10-16 23:00:00+00:00,1154.098388671875,1154.098388671875,1152.7274169921875,1153.21142578125,0
2025-10-16 23:05:00+00:00,1152.7840576171875,1153.8822021484375,1152.57080078125,1153.8822021484375,0
2025-10-16 23:10:00+00:00,1152.5506591796875,1153.387451171875,1152.5506591796875,1153.387451171875,0
2025-10-16 23:15:00+00:00,1153.6021728515625,1153.6021728515625,1152.733642578125,1152.733642578125,0
2025-10-16 23:20:00+00:00,1157.0394287109375,1157.20703125,1155.0230712890625,1155.0230712890625,6137344
2025-10-16 23:25:00+00:00,1154.2802734375,1157.1085205078125,1154.2802734375,1157.1085205078125,962560
2025-10-16 23:30:00+00:00,1151.7921142578125,1154.359375,1151.7921142578125,1154.356689453125,0
2025-10-16 23:35:00+00:00,1151.38818359375,1151.599609375,1151.37744140625,1151.599609375,2543616
2025-10-16 23:40:00+00:00,1147.4169921875,1148.005859375,1147.3785400390625,1147.855224609375,1960960
2025-10-16 23:45:00+00:00,1144.94287109375,1147.35791015625,1144.94287109375,1147.35791015625,5989888
2025-10-16 23:50:00+00:00,1143.727294921875,1144.8421630859375,1143.68896484375,1144.794921875,401920
2025-10-16 23:55:00+00:00,1145.5611572265625,1145.5611572265625,1144.0457763671875,1144.0457763671875,8544768
2025-10-17 00:00:00+00:00,1145.5386962890625,1145.5711669921875,1145.166015625,1145.5711669921875,0
2025-10-17 00:05:00+00:00,1144.6607666015625,1145.5228271484375,1144.655029296875,1145.5228271484375,1290240
2025-10-17 00:10:00+00:00,1146.057861328125,1146.447509765625,1146.0146484375,1146.298828125,4016128
2025-10-17 00:15:00+00:00,1148.7916259765625,1148.7916259765625,1146.3031005859375,1146.3031005859375,187392
2025-10-17 00:20:00+00:00,1149.50048828125,1149.50048828125,1148.670654296875,1148.7041015625,449536
2025-10-17 00:25:00+00:00,1149.70458984375,1150.4051513671875,1149.6719970703125,1150.4051513671875,0
2025-10-17 00:30:00+00:00,1150.4447021484375,1151.51123046875,1150.23828125,1150.23828125,0
2025-10-17 00:35:00+00:00,1152.022216796875,1152.3670654296875,1150.5718994140625,1150.5718994140625,0
2025-10-17 00:40:00+00:00,1150.6488037109375,1151.163818359375,1150.3916015625,1150.3916015625,307712
2025-10-17 00:45:00+00:00,1148.5404052734375,1149.7393798828125,1148.5404052734375,1149.7393798828125,2203136
2025-10-17 00:50:00+00:00,1147.7655029296875,1148.527587890625,1147.6824951171875,1148.5186767578125,248832
2025-10-17 00:55:00+00:00,1150.1578369140625,1150.3094482421875,1147.9239501953125,1147.9239501953125,0
2025-10-17 01:00:00+00:00,1150.0584716796875,1150.14453125,1149.8597412109375,1150.1422119140625,0
2025-10-17 01:05:00+00:00,1152.9566650390625,1153.1422119140625,1150.656005859375,1150.656005859375,4382208
2025-10-17 01:10:00+00:00,1153.626953125,1154.8026123046875,1152.9566650390625,1152.9566650390625,0
2025-10-17 01:15:00+00:00,1154.5533447265625,1154.6373291015625,1153.6663818359375,1153.6663818359375,0
2025-10-17 01:20:00+00:00,1151.815185546875,1154.23583984375,1151.435791015625,1154.23583984375,0
2025-10-17 01:25:00+00:00,1153.1485595703125,1153.2769775390625,1152.8062744140625,1153.2425537109375,0
2025-10-17 01:30:00+00:00,1151.9302978515625,1153.25146484375,1151.9302978515625,1153.2220458984375,0
2025-10-17 01:35:00+00:00,1149.779052734375,1151.9832763671875,1149.779052734375,1151.9832763671875,0
2025-10-17 01:40:00+00:00,1147.89111328125,1149.0924072265625,1147.89111328125,1149.0924072265625,0
2025-10-17 01:45:00+00:00,1147.814453125,1147.89111328125,1147.5267333984375,1147.89111328125,0
2025-10-17 01:50:00+00:00,1147.75830078125,1148.196044921875,1147.75830078125,1148.196044921875,0
2025-10-17 01:55:00+00:00,1145.373779296875,1146.0150146484375,1145.0130615234375,1146.0150146484375,0
2025-10-17 02:00:00+00:00,1147.822265625,1147.822265625,1145.7481689453125,1145.7481689453125,0
2025-10-17 02:05:00+00:00,1145.4403076171875,1147.620361328125,1145.4403076171875,1147.620361328125,0
2025-10-17 02:10:00+00:00,1144.10693359375,1145.2786865234375,1144.0869140625,1145.2786865234375,0
2025-10-17 02:15:00+00:00,1142.172119140625,1144.1275634765625,1142.172119140625,1144.1275634765625,0
2025-10-17 02:20:00+00:00,1142.1341552734375,1142.3309326171875,1142.1341552734375,1142.2506103515625,0
2025-10-17 02:25:00+00:00,1140.61083984375,1142.317138671875,1140.61083984375,1142.317138671875,0
2025-10-17 02:30:00+00:00,1140.1158447265625,1140.6397705078125,1138.68408203125,1140.6397705078125,0
2025-10-17 02:35:00+00:00,1141.2423095703125,1141.3218994140625,1139.8494873046875,1139.8494873046875,0
2025-10-17 02:40:00+00:00,1143.210693359375,1143.210693359375,1141.3160400390625,1141.3160400390625,0
2025-10-17 02:45:00+00:00,1145.3948974609375,1145.3948974609375,1143.027587890625,1143.027587890625,0
2025-10-17 02:50:00+00:00,1143.88037109375,1145.294189453125,1143.8153076171875,1145.294189453125,0
2025-10-17 02:55:00+00:00,1148.263671875,1148.329345703125,1143.34814453125,1143.34814453125,10954240
2025-10-17 03:00:00+00:00,1151.306640625,1151.306640625,1148.2174072265625,1148.2174072265625,0
2025-10-17 03:05:00+00:00,1149.61328125,1151.284423828125,1149.401123046875,1151.284423828125,0
2025-10-17 03:10:00+00:00,1148.4193115234375,1149.271484375,1148.1568603515625,1149.271484375,0
2025-10-17 03:15:00+00:00,1150.2933349609375,1150.539794921875,1148.4857177734375,1148.4857177734375,4484608
2025-10-17 03:20:00+00:00,1149.7191162109375,1150.2728271484375,1149.5552978515625,1150.2728271484375,1083904
2025-10-17 03:25:00+00:00,1149.99853515625,1150.38916015625,1149.99853515625,1150.3460693359375,0
2025-10-17 03:30:00+00:00,1149.1024169921875,1149.3929443359375,1149.02783203125,1149.3929443359375,0
2025-10-17 03:35:00+00:00,1149.8612060546875,1149.9683837890625,1149.0611572265625,1149.0611572265625,0
2025-10-17 03:40:00+00:00,1147.4796142578125,1148.55712890625,1147.4796142578125,1148.55712890625,0
2025-10-17 03:45:00+00:00,1149.121337890625,1149.121337890625,1147.4970703125,1147.4970703125,0
2025-10-17 03:50:00+00:00,1148.6715087890625,1149.249755859375,1148.6715087890625,1149.249755859375,0
2025-10-17 03:55:00+00:00,1150.1427001953125,1150.1427001953125,1148.410888671875,1148.410888671875,4085248
2025-10-17 04:00:00+00:00,1153.6512451171875,1153.6512451171875,1150.2001953125,1150.2001953125,2114048
2025-10-17 04:05:00+00:00,1152.462890625,1153.3348388671875,1152.462890625,1153.246826171875,1200640
2025-10-17 04:10:00+00:00,1149.787109375,1150.7440185546875,1149.5416259765625,1150.7440185546875,0
2025-10-17 04:15:00+00:00,1149.83154296875,1150.03271484375,1149.822021484375,1149.822021484375,0
2025-10-17 04:20:00+00:00,1149.3780517578125,1149.6318359375,1149.3780517578125,1149.5885009765625,0
2025-10-17 04:25:00+00:00,1147.174560546875,1147.22607421875,1146.89794921875,1146.914306640625,2111488
2025-10-17 04:30:00+00:00,1149.6934814453125,1149.6934814453125,1147.1746826171875,1147.1746826171875,85504
2025-10-17 04:35:00+00:00,1148.58544921875,1149.4951171875,1148.58544921875,1149.4951171875,0
2025-10-17 04:40:00+00:00,1147.3033447265625,1147.5106201171875,1147.301025390625,1147.3360595703125,0
2025-10-17 04:45:00+00:00,1146.861572265625,1147.0506591796875,1145.7064208984375,1147.0506591796875,0
2025-10-17 04:50:00+00:00,1146.8453369140625,1147.2447509765625,1146.58544921875,1146.58544921875,0
2025-10-17 04:55:00+00:00,1145.0140380859375,1145.19189453125,1144.96923828125,1145.19189453125,0
2025-10-17 05:00:00+00:00,1145.17138671875,1145.17138671875,1144.9415283203125,1144.953369140625,0
2025-10-17 05:05:00+00:00,1146.0538330078125,1146.2916259765625,1145.1116943359375,1145.1116943359375,0
2025-10-17 05:10:00+00:00,1145.390869140625,1145.4329833984375,1144.532470703125,1144.532470703125,0
2025-10-17 05:15:00+00:00,1144.042236328125,1145.263671875,1144.0421142578125,1145.263671875,0
2025-10-17 05:20:00+00:00,1140.2501220703125,1141.8154296875,1140.144775390625,1141.7822265625,694272
2025-10-17 05:25:00+00:00,1142.310546875,1142.310546875,1141.4129638671875,1141.4129638671875,1848320
2025-10-17 05:30:00+00:00,1141.89111328125,1142.289794921875,1141.89111328125,1142.289794921875,0
2025-10-17 05:35:00+00:00,1140.526123046875,1141.676025390625,1140.526123046875,1141.676025390625,0
2025-10-17 05:40:00+00:00,1138.244140625,1139.9046630859375,1138.244140625,1139.9046630859375,0
2025-10-17 05:45:00+00:00,1134.99951171875,1138.1873779296875,1134.99951171875,1138.1873779296875,0
2025-10-17 05:50:00+00:00,1129.123046875,1134.986083984375,1129.105712890625,1134.92822265625,11622400
2025-10-17 05:55:00+00:00,1130.1556396484375,1130.43359375,1130.1556396484375,1130.43359375,2377728
2025-10-17 06:00:00+00:00,1132.39892578125,1132.39892578125,1129.232177734375,1130.1302490234375,0
2025-10-17 06:05:00+00:00,1132.55224609375,1132.55224609375,1132.37451171875,1132.5145263671875,2670592
2025-10-17 06:10:00+00:00,1129.974609375,1132.7115478515625,1129.88671875,1132.7115478515625,1994240
2025-10-17 06:15:00+00:00,1130.3035888671875,1130.55810546875,1130.169921875,1130.169921875,2893312
2025-10-17 06:20:00+00:00,1125.9813232421875,1129.909423828125,1125.9813232421875,1129.827880859375,13641728
2025-10-17 06:25:00+00:00,1125.0379638671875,1126.643798828125,1125.0379638671875,1126.643798828125,3269632
2025-10-17 06:30:00+00:00,1116.8184814453125,1124.99365234375,1116.8184814453125,1124.99365234375,56582656
2025-10-17 06:35:00+00:00,1113.806884765625,1117.045166015625,1113.6666259765625,1117.045166015625,25101312
2025-10-17 06:40:00+00:00,1109.3148193359375,1113.0887451171875,1109.3148193359375,1113.0887451171875,48183296
2025-10-17 06:45:00+00:00,1109.063720703125,1109.5504150390625,1109.063720703125,1109.5504150390625,22238720
2025-10-17 06:50:00+00:00,1101.372314453125,1103.881103515625,1101.3687744140625,1103.881103515625,57174528
2025-10-17 06:55:00+00:00,1098.9156494140625,1101.8612060546875,1098.9156494140625,1101.8612060546875,27181568
2025-10-17 07:00:00+00:00,1096.4093017578125,1097.7911376953125,1095.39306640625,1097.7911376953125,24501248
2025-10-17 07:05:00+00:00,1092.7056884765625,1096.6044921875,1092.1572265625,1096.6044921875,26937344
2025-10-17 07:10:00+00:00,1083.775634765625,1084.4891357421875,1083.775634765625,1083.9752197265625,55276032
2025-10-17 07:15:00+00:00,1086.0025634765625,1086.0025634765625,1082.845703125,1083.4476318359375,36407808
2025-10-17 07:20:00+00:00,1082.4830322265625,1085.608154296875,1082.434814453125,1085.608154296875,16156672
2025-10-17 07:25:00+00:00,1084.494140625,1084.494140625,1083.1556396484375,1083.1556396484375,30888448
2025-10-17 07:30:00+00:00,1069.5162353515625,1084.3695068359375,1069.5162353515625,1084.3695068359375,37539328
2025-10-17 07:35:00+00:00,1069.6033935546875,1069.7142333984375,1069.34228515625,1069.34228515625,33564672
2025-10-17 07:40:00+00:00,1067.0865478515625,1070.1722412109375,1067.0865478515625,1070.1722412109375,29613568
2025-10-17 07:45:00+00:00,1070.9208984375,1070.9208984375,1067.53125,1067.53125,34673152
2025-10-17 07:50:00+00:00,1073.5255126953125,1073.983642578125,1070.5084228515625,1070.5084228515625,25500672
2025-10-17 07:55:00+00:00,1067.73876953125,1071.294189453125,1067.73876953125,1071.0601806640625,16398848
2025-10-17 08:00:00+00:00,1052.483642578125,1067.4786376953125,1052.483642578125,1067.4786376953125,59321344
2025-10-17 08:05:00+00:00,1043.67529296875,1045.5677490234375,1043.67529296875,1044.9189453125,84235776
2025-10-17 08:10:00+00:00,1033.696533203125,1043.719482421875,1033.696533203125,1042.6080322265625,83336704
2025-10-17 08:15:00+00:00,1026.9256591796875,1033.4998779296875,1024.083251953125,1033.4998779296875,91613696
2025-10-17 08:20:00+00:00,1041.60498046875,1041.60498046875,1035.1485595703125,1035.1485595703125,127160320
2025-10-17 08:25:00+00:00,1044.4388427734375,1045.262451171875,1042.103515625,1042.103515625,55766016
2025-10-17 08:30:00+00:00,1048.75732421875,1048.75732421875,1043.1885986328125,1043.1885986328125,49402880
2025-10-17 08:35:00+00:00,1050.2996826171875,1051.6795654296875,1048.8785400390625,1048.8785400390625,30634496
2025-10-17 08:40:00+00:00,1045.46240234375,1047.3922119140625,1045.46240234375,1047.3922119140625,26619904
2025-10-17 08:45:00+00:00,1042.7596435546875,1045.395263671875,1042.74951171875,1045.395263671875,19793408
2025-10-17 08:50:00+00:00,1040.6810302734375,1042.533447265625,1039.83349609375,1042.533447265625,11889152
2025-10-17 08:55:00+00:00,1044.1527099609375,1044.1527099609375,1043.3321533203125,1043.3848876953125,28278784
2025-10-17 09:00:00+00:00,1045.634765625,1045.634765625,1043.746337890625,1044.2579345703125,11540992
2025-10-17 09:05:00+00:00,1049.338134765625,1049.338134765625,1045.5850830078125,1045.5850830078125,18884608
2025-10-17 09:10:00+00:00,1050.1258544921875,1050.1258544921875,1049.7294921875,1049.7294921875,7088128
2025-10-17 09:15:00+00:00,1047.6240234375,1049.6727294921875,1047.6240234375,1049.6727294921875,0
2025-10-17 09:20:00+00:00,1046.385009765625,1046.9483642578125,1046.385009765625,1046.9483642578125,5075456
2025-10-17 09:25:00+00:00,1042.86962890625,1042.86962890625,1041.64208984375,1041.64208984375,19127296
2025-10-17 09:30:00+00:00,1052.20458984375,1052.20458984375,1046.4615478515625,1046.4615478515625,43717632
2025-10-17 09:35:00+00:00,1056.641357421875,1056.641357421875,1052.65576171875,1052.65576171875,0
2025-10-17 09:40:00+00:00,1053.191162109375,1059.5360107421875,1053.191162109375,1059.5360107421875,0
2025-10-17 09:45:00+00:00,1046.738037109375,1053.507568359375,1046.738037109375,1053.507568359375,0
2025-10-17 09:50:00+00:00,1044.421142578125,1046.637451171875,1044.3831787109375,1046.617431640625,0
2025-10-17 09:55:00+00:00,1039.7664794921875,1043.93994140625,1039.5631103515625,1043.86767578125,6154240
2025-10-17 10:00:00+00:00,1040.3887939453125,1040.3887939453125,1039.875732421875,1039.9532470703125,0
2025-10-17 10:05:00+00:00,1040.781494140625,1040.781494140625,1040.3486328125,1040.3486328125,0
2025-10-17 10:10:00+00:00,1038.309326171875,1041.1085205078125,1038.309326171875,1041.046875,0
2025-10-17 10:15:00+00:00,1038.881591796875,1038.881591796875,1037.426513671875,1037.426513671875,0
2025-10-17 10:20:00+00:00,1037.700439453125,1038.472412109375,1037.700439453125,1038.2747802734375,8563200
2025-10-17 10:25:00+00:00,1032.0821533203125,1032.0821533203125,1031.3336181640625,1031.3336181640625,26925568
2025-10-17 10:30:00+00:00,1033.3603515625,1033.4022216796875,1032.984619140625,1032.984619140625,3827712
2025-10-17 10:35:00+00:00,1036.567626953125,1036.567626953125,1033.500244140625,1033.500244140625,6458368
2025-10-17 10:40:00+00:00,1040.2825927734375,1040.2825927734375,1039.4788818359375,1040.1273193359375,23760384
2025-10-17 10:45:00+00:00,1040.919921875,1040.919921875,1039.9163818359375,1040.1531982421875,7320576
2025-10-17 10:50:00+00:00,1041.687255859375,1041.687255859375,1041.101806640625,1041.1746826171875,10345472
2025-10-17 10:55:00+00:00,1041.738525390625,1042.9573974609375,1041.738525390625,1042.9573974609375,16466944
2025-10-17 11:00:00+00:00,1046.676025390625,1046.676025390625,1043.885009765625,1043.9339599609375,20048896
2025-10-17 11:05:00+00:00,1045.1824951171875,1046.8094482421875,1045.1824951171875,1046.8094482421875,9196032
2025-10-17 11:10:00+00:00,1048.77197265625,1048.77197265625,1044.7349853515625,1044.8685302734375,34325504
2025-10-17 11:15:00+00:00,1061.9306640625,1061.9844970703125,1048.9288330078125,1048.9288330078125,56434688
2025-10-17 11:20:00+00:00,1069.3555908203125,1070.445556640625,1068.146240234375,1070.445556640625,67040768
2025-10-17 11:25:00+00:00,1075.563720703125,1075.892578125,1071.53759765625,1071.53759765625,51881472
2025-10-17 11:30:00+00:00,1072.4783935546875,1074.9012451171875,1072.4783935546875,1074.9012451171875,27654656
2025-10-17 11:35:00+00:00,1075.230712890625,1075.679931640625,1072.8250732421875,1072.8250732421875,19967488
2025-10-17 11:40:00+00:00,1072.9156494140625,1072.9483642578125,1072.27783203125,1072.9483642578125,20581376
2025-10-17 11:45:00+00:00,1077.1458740234375,1077.1458740234375,1072.8299560546875,1072.8299560546875,14644736
2025-10-17 11:50:00+00:00,1076.8350830078125,1077.0799560546875,1076.729248046875,1077.0799560546875,10112512
2025-10-17 11:55:00+00:00,1072.6739501953125,1074.7196044921875,1072.39111328125,1074.7196044921875,5790720
2025-10-17 12:00:00+00:00,1073.33740234375,1073.33740234375,1072.26025390625,1072.3846435546875,0
2025-10-17 12:05:00+00:00,1072.6607666015625,1073.7213134765625,1072.6607666015625,1073.025390625,11547136
2025-10-17 12:10:00+00:00,1067.44580078125,1072.8843994140625,1067.44580078125,1072.8843994140625,6851584
2025-10-17 12:15:00+00:00,1068.349365234375,1068.5140380859375,1067.9012451171875,1067.9012451171875,2671104
2025-10-17 12:20:00+00:00,1069.430419921875,1069.4385986328125,1068.37451171875,1068.37451171875,15678464
2025-10-17 12:25:00+00:00,1062.7781982421875,1069.465576171875,1062.412109375,1069.465576171875,11367424
2025-10-17 12:30:00+00:00,1061.45556640625,1063.253662109375,1061.45556640625,1062.841064453125,280064
2025-10-17 12:35:00+00:00,1066.307373046875,1066.5379638671875,1062.453125,1062.453125,15340032
2025-10-17 12:40:00+00:00,1065.791259765625,1066.5938720703125,1065.788330078125,1066.5938720703125,2737664
2025-10-17 12:45:00+00:00,1068.384765625,1068.384765625,1065.7830810546875,1065.7830810546875,11840512
2025-10-17 12:50:00+00:00,1067.91748046875,1068.4588623046875,1067.91748046875,1068.4588623046875,0
2025-10-17 12:55:00+00:00,1065.8369140625,1067.3460693359375,1065.8209228515625,1067.3460693359375,0
2025-10-17 13:00:00+00:00,1067.44287109375,1067.44287109375,1065.6810302734375,1065.803466796875,2394624
2025-10-17 13:05:00+00:00,1066.6749267578125,1067.5350341796875,1066.6378173828125,1067.5350341796875,4731904
2025-10-17 13:10:00+00:00,1064.2027587890625,1066.689453125,1064.2027587890625,1066.689453125,3550208
2025-10-17 13:15:00+00:00,1063.744384765625,1064.0125732421875,1061.4588623046875,1064.0125732421875,8233472
2025-10-17 13:20:00+00:00,1067.06005859375,1067.0789794921875,1063.618408203125,1063.618408203125,12887040
2025-10-17 13:25:00+00:00,1067.6878662109375,1069.3111572265625,1067.256591796875,1069.3111572265625,10344448
2025-10-17 13:30:00+00:00,1069.814208984375,1069.814208984375,1067.1595458984375,1067.3765869140625,11658240
2025-10-17 13:35:00+00:00,1074.347900390625,1074.731689453125,1070.9364013671875,1070.9364013671875,13655552
2025-10-17 13:40:00+00:00,1068.0606689453125,1072.97216796875,1068.0606689453125,1072.97216796875,24666624
2025-10-17 13:45:00+00:00,1062.234619140625,1067.128173828125,1061.9254150390625,1067.128173828125,16810496
2025-10-17 13:50:00+00:00,1067.6014404296875,1067.6014404296875,1062.04833984375,1062.04833984375,20667392
2025-10-17 13:55:00+00:00,1073.2996826171875,1074.6124267578125,1067.5921630859375,1067.5921630859375,22637056
2025-10-17 14:00:00+00:00,1069.2701416015625,1072.789794921875,1069.2701416015625,1072.789794921875,0
2025-10-17 14:05:00+00:00,1065.499755859375,1069.451416015625,1065.3570556640625,1069.451416015625,0
2025-10-17 14:10:00+00:00,1064.2510986328125,1064.2510986328125,1063.2445068359375,1063.4161376953125,7550976
2025-10-17 14:15:00+00:00,1062.665283203125,1065.528564453125,1062.665283203125,1064.1922607421875,0
2025-10-17 14:20:00+00:00,1062.4178466796875,1062.9776611328125,1062.292724609375,1062.88037109375,0
2025-10-17 14:25:00+00:00,1061.6126708984375,1061.8011474609375,1061.22998046875,1061.4736328125,0
2025-10-17 14:30:00+00:00,1060.1417236328125,1061.5111083984375,1060.030029296875,1061.5111083984375,0
2025-10-17 14:35:00+00:00,1051.79833984375,1054.1572265625,1051.43505859375,1054.1337890625,20142080
2025-10-17 14:40:00+00:00,1053.6085205078125,1053.6085205078125,1051.5838623046875,1051.8623046875,8681984
2025-10-17 14:45:00+00:00,1058.5858154296875,1058.5858154296875,1052.6171875,1052.6171875,18309632
2025-10-17 14:50:00+00:00,1062.6605224609375,1063.5247802734375,1060.359130859375,1060.359130859375,14880768
2025-10-17 14:55:00+00:00,1055.8897705078125,1060.245849609375,1055.8897705078125,1060.1683349609375,0
2025-10-17 15:00:00+00:00,1058.8612060546875,1058.8612060546875,1055.8914794921875,1055.8914794921875,0
2025-10-17 15:05:00+00:00,1060.890625,1060.9620361328125,1058.776123046875,1059.060302734375,5688320
2025-10-17 15:10:00+00:00,1058.7431640625,1062.7301025390625,1058.634033203125,1062.34423828125,9666048
2025-10-17 15:15:00+00:00,1062.8114013671875,1062.8114013671875,1057.2969970703125,1058.6004638671875,14384640
2025-10-17 15:20:00+00:00,1058.9791259765625,1062.2508544921875,1058.9791259765625,1062.2508544921875,6611456
2025-10-17 15:25:00+00:00,1059.13427734375,1059.13427734375,1058.6732177734375,1058.798583984375,8075264
2025-10-17 15:30:00+00:00,1058.2939453125,1060.03173828125,1058.2939453125,1059.9888916015625,0
2025-10-17 15:35:00+00:00,1058.397216796875,1058.4432373046875,1058.3529052734375,1058.3529052734375,0
2025-10-17 15:40:00+00:00,1061.871826171875,1062.127197265625,1055.119873046875,1055.119873046875,0
2025-10-17 15:45:00+00:00,1064.2490234375,1064.2490234375,1061.865234375,1061.9813232421875,0
2025-10-17 15:50:00+00:00,1067.5426025390625,1067.5426025390625,1064.529541015625,1064.5670166015625,0
2025-10-17 15:55:00+00:00,1070.8629150390625,1070.8629150390625,1069.4412841796875,1069.798583984375,0
2025-10-17 16:00:00+00:00,1081.9970703125,1081.9970703125,1073.8868408203125,1073.8868408203125,0
2025-10-17 16:05:00+00:00,1085.3040771484375,1085.367919921875,1081.746826171875,1082.623291015625,9817088
2025-10-17 16:10:00+00:00,1086.0965576171875,1086.3502197265625,1086.0872802734375,1086.3026123046875,0
2025-10-17 16:15:00+00:00,1087.933349609375,1087.933349609375,1085.6727294921875,1085.6727294921875,0
2025-10-17 16:20:00+00:00,1088.2738037109375,1089.718017578125,1087.541015625,1089.3428955078125,0
2025-10-17 16:25:00+00:00,1083.111083984375,1090.554931640625,1083.111083984375,1090.554931640625,0
2025-10-17 16:30:00+00:00,1078.62939453125,1083.78564453125,1078.62939453125,1083.185302734375,0
2025-10-17 16:35:00+00:00,1074.9134521484375,1078.4075927734375,1074.4847412109375,1078.4075927734375,0
2025-10-17 16:40:00+00:00,1074.402587890625,1076.714111328125,1074.402587890625,1076.714111328125,0
2025-10-17 16:45:00+00:00,1074.389404296875,1074.431640625,1074.045654296875,1074.431640625,0
2025-10-17 16:50:00+00:00,1075.4656982421875,1075.7083740234375,1075.322509765625,1075.4400634765625,0
2025-10-17 16:55:00+00:00,1069.6697998046875,1070.2420654296875,1068.991943359375,1070.2420654296875,0
2025-10-17 17:00:00+00:00,1071.2279052734375,1071.650390625,1071.0841064453125,1071.650390625,0
2025-10-17 17:05:00+00:00,1072.46630859375,1072.880126953125,1071.2752685546875,1071.2752685546875,0
2025-10-17 17:10:00+00:00,1070.7335205078125,1072.40087890625,1069.931640625,1072.40087890625,0
2025-10-17 17:15:00+00:00,1070.68359375,1071.584716796875,1070.580078125,1070.580078125,0
2025-10-17 17:20:00+00:00,1071.35498046875,1071.35498046875,1070.683837890625,1070.683837890625,0
2025-10-17 17:25:00+00:00,1070.061279296875,1071.246337890625,1070.061279296875,1071.246337890625,0
2025-10-17 17:30:00+00:00,1070.1644287109375,1070.1644287109375,1069.995849609375,1070.0972900390625,1968640
2025-10-17 17:35:00+00:00,1072.910888671875,1073.1756591796875,1070.66552734375,1070.66552734375,6004736
2025-10-17 17:40:00+00:00,1072.6829833984375,1073.2132568359375,1072.6829833984375,1072.905029296875,0
2025-10-17 17:45:00+00:00,1069.8248291015625,1072.72314453125,1069.8248291015625,1072.72314453125,0
2025-10-17 17:50:00+00:00,1074.9793701171875,1074.9793701171875,1070.1966552734375,1070.1966552734375,2268160
2025-10-17 17:55:00+00:00,1075.8533935546875,1075.8533935546875,1075.7119140625,1075.80224609375,676352
2025-10-17 18:00:00+00:00,1077.8006591796875,1077.8006591796875,1075.902587890625,1075.902587890625,0
2025-10-17 18:05:00+00:00,1078.02587890625,1078.300048828125,1077.8997802734375,1077.8997802734375,0
2025-10-17 18:10:00+00:00,1078.30126953125,1079.0538330078125,1076.93798828125,1076.93798828125,633344
2025-10-17 18:15:00+00:00,1076.080322265625,1078.278564453125,1076.080322265625,1078.278564453125,0
2025-10-17 18:20:00+00:00,1078.8326416015625,1078.8326416015625,1076.4583740234375,1076.4583740234375,0
2025-10-17 18:25:00+00:00,1080.2152099609375,1080.83642578125,1080.2152099609375,1080.71826171875,0
2025-10-17 18:30:00+00:00,1077.6719970703125,1080.1241455078125,1077.6719970703125,1080.1241455078125,0
2025-10-17 18:35:00+00:00,1077.389892578125,1077.7255859375,1077.389892578125,1077.5438232421875,0
2025-10-17 18:40:00+00:00,1076.149658203125,1077.7230224609375,1076.149658203125,1077.720947265625,0
2025-10-17 18:45:00+00:00,1073.227294921875,1076.0792236328125,1073.227294921875,1076.0792236328125,0
2025-10-17 18:50:00+00:00,1072.2689208984375,1073.2420654296875,1072.2113037109375,1073.2420654296875,0
2025-10-17 18:55:00+00:00,1071.792236328125,1072.4539794921875,1071.7110595703125,1072.4400634765625,0
2025-10-17 19:00:00+00:00,1073.030029296875,1073.073486328125,1072.8560791015625,1072.8560791015625,0
2025-10-17 19:05:00+00:00,1073.743896484375,1074.00732421875,1073.735595703125,1074.00732421875,0
2025-10-17 19:10:00+00:00,1075.429443359375,1075.429443359375,1072.95947265625,1072.961669921875,2597888
2025-10-17 19:15:00+00:00,1074.03515625,1075.2606201171875,1074.03515625,1075.2606201171875,0
2025-10-17 19:20:00+00:00,1074.9105224609375,1074.99609375,1074.30712890625,1074.30712890625,0
2025-10-17 19:25:00+00:00,1073.13330078125,1074.7252197265625,1073.13330078125,1074.7252197265625,0
2025-10-17 19:30:00+00:00,1072.9395751953125,1073.1280517578125,1072.9395751953125,1073.1280517578125,0
2025-10-17 19:35:00+00:00,1067.23681640625,1070.384033203125,1067.0618896484375,1070.384033203125,0
2025-10-17 19:40:00+00:00,1067.6337890625,1067.6337890625,1067.2947998046875,1067.2947998046875,0
2025-10-17 19:45:00+00:00,1065.7642822265625,1067.56787109375,1065.58544921875,1067.56787109375,0
2025-10-17 19:50:00+00:00,1066.365966796875,1066.365966796875,1065.41796875,1065.41796875,0
2025-10-17 19:55:00+00:00,1067.0291748046875,1067.9925537109375,1066.9765625,1067.9925537109375,0
2025-10-17 20:00:00+00:00,1065.9541015625,1066.91552734375,1065.9541015625,1066.91552734375,0
2025-10-17 20:05:00+00:00,1066.4560546875,1066.59814453125,1065.816650390625,1065.816650390625,0
2025-10-17 20:10:00+00:00,1069.0635986328125,1069.0635986328125,1066.8599853515625,1066.880615234375,0
2025-10-17 20:15:00+00:00,1071.381103515625,1071.381103515625,1068.928466796875,1068.928466796875,0
2025-10-17 20:20:00+00:00,1074.5294189453125,1074.5294189453125,1072.529052734375,1072.529052734375,0
2025-10-17 20:25:00+00:00,1076.2508544921875,1076.2508544921875,1074.8702392578125,1074.8702392578125,0
2025-10-17 20:30:00+00:00,1076.822998046875,1076.8529052734375,1076.388427734375,1076.388427734375,0
2025-10-17 20:35:00+00:00,1076.908935546875,1076.908935546875,1075.965576171875,1075.965576171875,0
2025-10-17 20:40:00+00:00,1076.6551513671875,1077.891357421875,1076.6551513671875,1077.891357421875,0
2025-10-17 20:45:00+00:00,1077.7822265625,1077.7822265625,1076.764404296875,1076.764404296875,0
2025-10-17 20:50:00+00:00,1078.57568359375,1078.57568359375,1077.967041015625,1077.967041015625,0
2025-10-17 20:55:00+00:00,1078.2930908203125,1078.8775634765625,1078.2930908203125,1078.8775634765625,0
2025-10-17 21:00:00+00:00,1077.792724609375,1078.2926025390625,1077.594482421875,1078.2568359375,0
2025-10-17 21:05:00+00:00,1081.7021484375,1081.7021484375,1077.9927978515625,1077.9927978515625,8556032
2025-10-17 21:10:00+00:00,1085.7701416015625,1085.7701416015625,1083.2822265625,1083.2822265625,14375424
2025-10-17 21:15:00+00:00,1085.814453125,1086.4349365234375,1085.814453125,1085.9788818359375,0
2025-10-17 21:20:00+00:00,1086.142822265625,1086.142822265625,1085.7867431640625,1085.7867431640625,184832
2025-10-17 21:25:00+00:00,1087.226806640625,1087.226806640625,1086.275634765625,1086.31201171875,3260416
2025-10-17 21:30:00+00:00,1087.96044921875,1089.1209716796875,1087.47314453125,1087.47314453125,0
2025-10-17 21:35:00+00:00,1087.433837890625,1087.8858642578125,1086.891357421875,1087.8858642578125,0
2025-10-17 21:40:00+00:00,1087.711181640625,1088.9354248046875,1087.6976318359375,1088.9354248046875,3124736
2025-10-17 21:45:00+00:00,1087.6240234375,1088.218017578125,1087.6240234375,1087.7171630859375,0
2025-10-17 21:50:00+00:00,1087.84228515625,1087.84228515625,1087.5196533203125,1087.5196533203125,0
2025-10-17 21:55:00+00:00,1089.1337890625,1089.291015625,1088.4447021484375,1088.4447021484375,4162560
2025-10-17 22:00:00+00:00,1089.2928466796875,1089.2928466796875,1088.50390625,1089.15478515625,0
2025-10-17 22:05:00+00:00,1089.2237548828125,1089.4637451171875,1089.2147216796875,1089.4637451171875,4245504
2025-10-17 22:10:00+00:00,1085.474609375,1087.72314453125,1085.474609375,1087.72314453125,0
2025-10-17 22:15:00+00:00,1083.335693359375,1085.5325927734375,1083.2374267578125,1085.5325927734375,0
2025-10-17 22:20:00+00:00,1083.7125244140625,1083.7711181640625,1083.6431884765625,1083.734619140625,3364352
2025-10-17 22:25:00+00:00,1081.31494140625,1081.688720703125,1081.31494140625,1081.63720703125,852992
2025-10-17 22:30:00+00:00,1078.677734375,1081.3831787109375,1078.677734375,1081.3831787109375,92672
2025-10-17 22:35:00+00:00,1077.061279296875,1078.568603515625,1077.061279296875,1078.568603515625,0
2025-10-17 22:40:00+00:00,1077.25,1077.25,1076.98095703125,1077.0618896484375,0
2025-10-17 22:45:00+00:00,1078.1536865234375,1078.1536865234375,1077.089599609375,1077.089599609375,0
2025-10-17 22:50:00+00:00,1078.1297607421875,1078.368408203125,1078.1297607421875,1078.2081298828125,2048
2025-10-17 22:55:00+00:00,1078.604736328125,1078.6923828125,1077.8992919921875,1077.8992919921875,0
2025-10-17 23:00:00+00:00,1077.560546875,1078.5352783203125,1077.3721923828125,1078.5352783203125,0
2025-10-17 23:05:00+00:00,1076.2315673828125,1077.3692626953125,1076.2315673828125,1077.3692626953125,3013632
2025-10-17 23:10:00+00:00,1073.6875,1075.06494140625,1073.5982666015625,1075.06494140625,3238912
2025-10-17 23:15:00+00:00,1074.8533935546875,1074.8533935546875,1073.769775390625,1073.769775390625,0
2025-10-17 23:20:00+00:00,1075.6934814453125,1076.1187744140625,1075.6934814453125,1076.1187744140625,0
2025-10-17 23:25:00+00:00,1074.5528564453125,1074.5528564453125,1073.9227294921875,1073.9227294921875,0
2025-10-17 23:30:00+00:00,1072.850830078125,1074.4644775390625,1072.850830078125,1074.4644775390625,0
2025-10-17 23:35:00+00:00,1073.17138671875,1073.2618408203125,1073.0072021484375,1073.0072021484375,0
2025-10-17 23:40:00+00:00,1074.5565185546875,1074.5565185546875,1073.269775390625,1073.5172119140625,0
2025-10-17 23:45:00+00:00,1073.760498046875,1074.5421142578125,1073.760498046875,1074.5018310546875,0
2025-10-17 23:50:00+00:00,1073.216796875,1073.6905517578125,1073.216796875,1073.6905517578125,0
2025-10-17 23:55:00+00:00,1072.3465576171875,1072.41162109375,1072.2938232421875,1072.41162109375,0
2025-10-18 00:00:00+00:00,1071.828857421875,1071.9007568359375,1071.6123046875,1071.6123046875,0
2025-10-18 00:05:00+00:00,1071.5731201171875,1071.986572265625,1071.5731201171875,1071.849609375,0
2025-10-18 00:10:00+00:00,1072.721435546875,1072.721435546875,1071.7242431640625,1071.7242431640625,4611072
2025-10-18 00:15:00+00:00,1074.6285400390625,1074.6285400390625,1072.4512939453125,1072.6474609375,3589120
2025-10-18 00:20:00+00:00,1075.8072509765625,1076.2386474609375,1075.0496826171875,1075.0496826171875,3375104
2025-10-18 00:25:00+00:00,1077.3204345703125,1077.3204345703125,1075.7906494140625,1075.7906494140625,2663936
2025-10-18 00:30:00+00:00,1077.5145263671875,1078.9693603515625,1077.5145263671875,1077.559326171875,5751296
2025-10-18 00:35:00+00:00,1077.2689208984375,1077.45751953125,1077.112060546875,1077.3568115234375,0
2025-10-18 00:40:00+00:00,1079.6300048828125,1079.748046875,1079.1170654296875,1079.1170654296875,1563136
2025-10-18 00:45:00+00:00,1081.552490234375,1081.6785888671875,1079.809326171875,1079.809326171875,2007040
2025-10-18 00:50:00+00:00,1080.334228515625,1081.4818115234375,1080.334228515625,1081.4818115234375,0
2025-10-18 00:55:00+00:00,1080.15185546875,1080.66650390625,1080.120361328125,1080.615478515625,3231232
2025-10-18 01:00:00+00:00,1079.776611328125,1079.9193115234375,1079.776611328125,1079.9193115234375,0
2025-10-18 01:05:00+00:00,1081.719482421875,1081.719482421875,1080.9202880859375,1080.961669921875,0
2025-10-18 01:10:00+00:00,1082.6217041015625,1082.6217041015625,1081.9210205078125,1081.9210205078125,0
2025-10-18 01:15:00+00:00,1083.836181640625,1083.9129638671875,1082.8765869140625,1082.8765869140625,266240
2025-10-18 01:20:00+00:00,1085.3209228515625,1085.3209228515625,1083.76171875,1083.76171875,750592
2025-10-18 01:25:00+00:00,1089.4654541015625,1089.4654541015625,1085.458740234375,1085.458740234375,12596224
2025-10-18 01:30:00+00:00,1089.67578125,1089.830322265625,1089.6444091796875,1089.6444091796875,3264000
2025-10-18 01:35:00+00:00,1088.08984375,1089.344482421875,1087.45703125,1089.344482421875,8454144
2025-10-18 01:40:00+00:00,1088.7054443359375,1089.318603515625,1088.7054443359375,1089.318603515625,0
2025-10-18 01:45:00+00:00,1088.5308837890625,1088.7208251953125,1088.5308837890625,1088.7208251953125,0
2025-10-18 01:50:00+00:00,1086.6146240234375,1087.4957275390625,1086.5225830078125,1087.4957275390625,4363264
2025-10-18 01:55:00+00:00,1087.447509765625,1087.447509765625,1087.064453125,1087.064453125,2712576
2025-10-18 02:00:00+00:00,1087.8671875,1087.8671875,1087.5098876953125,1087.5098876953125,0
2025-10-18 02:05:00+00:00,1090.3740234375,1090.3740234375,1089.166259765625,1089.166259765625,4837376
2025-10-18 02:10:00+00:00,1089.01708984375,1092.1214599609375,1089.01708984375,1091.6705322265625,9460224
2025-10-18 02:15:00+00:00,1088.6710205078125,1088.968994140625,1088.6710205078125,1088.968994140625,0
2025-10-18 02:20:00+00:00,1088.071044921875,1088.071044921875,1087.7752685546875,1088.056396484375,0
2025-10-18 02:25:00+00:00,1092.262451171875,1092.77001953125,1088.4617919921875,1088.4617919921875,11557376
2025-10-18 02:30:00+00:00,1093.0660400390625,1093.1260986328125,1092.5302734375,1092.5302734375,0
2025-10-18 02:35:00+00:00,1090.2642822265625,1093.391357421875,1090.2642822265625,1093.391357421875,0
2025-10-18 02:40:00+00:00,1088.967041015625,1089.9307861328125,1088.967041015625,1089.9307861328125,0
2025-10-18 02:45:00+00:00,1089.3948974609375,1089.5093994140625,1088.952880859375,1088.952880859375,2106880
2025-10-18 02:50:00+00:00,1086.4228515625,1086.8096923828125,1086.4228515625,1086.8096923828125,4608
2025-10-18 02:55:00+00:00,1084.044189453125,1084.878662109375,1083.90283203125,1084.878662109375,0
2025-10-18 03:00:00+00:00,1085.5284423828125,1085.5284423828125,1084.0931396484375,1084.0931396484375,0
2025-10-18 03:05:00+00:00,1087.302490234375,1087.302490234375,1086.433349609375,1086.4769287109375,1143808
2025-10-18 03:10:00+00:00,1088.6131591796875,1088.6131591796875,1088.260009765625,1088.3524169921875,901120
2025-10-18 03:15:00+00:00,1090.63671875,1090.63671875,1088.6207275390625,1088.6207275390625,0
2025-10-18 03:20:00+00:00,1090.5186767578125,1090.6033935546875,1090.5186767578125,1090.5931396484375,0
2025-10-18 03:25:00+00:00,1091.617431640625,1091.617431640625,1091.115966796875,1091.115966796875,1828864
2025-10-18 03:30:00+00:00,1091.51025390625,1091.558349609375,1091.370361328125,1091.370361328125,0
2025-10-18 03:35:00+00:00,1092.6505126953125,1092.6505126953125,1092.21630859375,1092.21630859375,2861568
2025-10-18 03:40:00+00:00,1090.5322265625,1091.7276611328125,1090.5322265625,1091.7276611328125,0
2025-10-18 03:45:00+00:00,1090.1690673828125,1090.611328125,1089.951171875,1090.611328125,32768
2025-10-18 03:50:00+00:00,1091.552734375,1091.552734375,1090.7154541015625,1090.7154541015625,3333120
2025-10-18 03:55:00+00:00,1090.4398193359375,1091.2926025390625,1090.4398193359375,1091.157958984375,0
2025-10-18 04:00:00+00:00,1090.1405029296875,1090.47216796875,1090.1405029296875,1090.47216796875,0
2025-10-18 04:05:00+00:00,1087.0516357421875,1088.4898681640625,1087.0516357421875,1088.4898681640625,1656320
2025-10-18 04:10:00+00:00,1086.43896484375,1086.7071533203125,1086.43896484375,1086.7071533203125,399872
2025-10-18 04:15:00+00:00,1086.0909423828125,1086.3734130859375,1086.0643310546875,1086.3734130859375,0
2025-10-18 04:20:00+00:00,1085.9891357421875,1085.9891357421875,1084.9853515625,1085.15283203125,0
2025-10-18 04:25:00+00:00,1087.7236328125,1087.7236328125,1086.0572509765625,1086.0572509765625,0
2025-10-18 04:30:00+00:00,1087.721435546875,1087.8197021484375,1087.68896484375,1087.68896484375,0
2025-10-18 04:35:00+00:00,1087.931396484375,1088.04638671875,1087.931396484375,1088.04638671875,2295808
2025-10-18 04:40:00+00:00,1085.8843994140625,1087.0296630859375,1085.8843994140625,1087.0296630859375,1604608
2025-10-18 04:45:00+00:00,1085.209228515625,1085.7420654296875,1084.9796142578125,1085.7420654296875,0
2025-10-18 04:50:00+00:00,1084.1453857421875,1085.431640625,1084.1453857421875,1085.4300537109375,0
2025-10-18 04:55:00+00:00,1083.315673828125,1083.5814208984375,1083.315673828125,1083.5814208984375,0
2025-10-18 05:00:00+00:00,1083.7369384765625,1083.7369384765625,1083.2869873046875,1083.2869873046875,0
2025-10-18 05:05:00+00:00,1084.8790283203125,1085.0704345703125,1084.8626708984375,1084.8626708984375,2956288
2025-10-18 05:10:00+00:00,1085.001220703125,1085.02197265625,1084.9849853515625,1084.9849853515625,2907136
2025-10-18 05:15:00+00:00,1085.130615234375,1085.174072265625,1085.0263671875,1085.0263671875,0
2025-10-18 05:20:00+00:00,1084.93701171875,1084.93701171875,1084.816162109375,1084.816162109375,0
2025-10-18 05:25:00+00:00,1085.1749267578125,1085.4942626953125,1085.1749267578125,1085.4942626953125,771584
2025-10-18 05:30:00+00:00,1083.5069580078125,1085.085205078125,1083.5069580078125,1085.085205078125,0
2025-10-18 05:35:00+00:00,1082.0830078125,1082.147705078125,1082.0830078125,1082.1185302734375,375296
2025-10-18 05:40:00+00:00,1083.2296142578125,1083.2296142578125,1082.4530029296875,1082.7320556640625,0
2025-10-18 05:45:00+00:00,1084.9239501953125,1084.9239501953125,1083.491455078125,1083.491455078125,0
2025-10-18 05:50:00+00:00,1086.640625,1086.640625,1086.4583740234375,1086.574951171875,0
2025-10-18 05:55:00+00:00,1087.7911376953125,1087.7911376953125,1086.86279296875,1086.86279296875,0
2025-10-18 06:00:00+00:00,1088.3665771484375,1088.3665771484375,1088.13671875,1088.13671875,0
2025-10-18 06:05:00+00:00,1091.24462890625,1091.24462890625,1090.0828857421875,1090.0828857421875,0
2025-10-18 06:10:00+00:00,1091.9970703125,1092.162109375,1091.136474609375,1091.136474609375,1967104
2025-10-18 06:15:00+00:00,1092.6400146484375,1092.765625,1091.9954833984375,1091.9954833984375,0
2025-10-18 06:20:00+00:00,1093.3814697265625,1093.404052734375,1092.4342041015625,1092.4342041015625,0
2025-10-18 06:25:00+00:00,1097.6549072265625,1097.6549072265625,1093.5478515625,1093.5478515625,3034624
2025-10-18 06:30:00+00:00,1099.3125,1099.7977294921875,1097.4385986328125,1097.4385986328125,0
2025-10-18 06:35:00+00:00,1097.6923828125,1100.349365234375,1097.6923828125,1100.349365234375,0
2025-10-18 06:40:00+00:00,1097.1502685546875,1097.1502685546875,1096.32421875,1096.32421875,0
2025-10-18 06:45:00+00:00,1097.607666015625,1097.607666015625,1096.62890625,1097.170166015625,0
2025-10-18 06:50:00+00:00,1104.8670654296875,1104.8670654296875,1101.1427001953125,1101.1427001953125,0
2025-10-18 06:55:00+00:00,1108.596435546875,1108.596435546875,1107.04052734375,1107.0609130859375,0
2025-10-18 07:00:00+00:00,1110.273193359375,1110.273193359375,1108.668701171875,1108.668701171875,0
2025-10-18 07:05:00+00:00,1125.0142822265625,1125.0142822265625,1116.5302734375,1116.5302734375,4912640
2025-10-18 07:10:00+00:00,1126.77392578125,1127.2713623046875,1126.77392578125,1127.2713623046875,0
2025-10-18 07:15:00+00:00,1122.580078125,1126.728759765625,1122.39453125,1126.728759765625,0
2025-10-18 07:20:00+00:00,1118.362060546875,1121.0552978515625,1118.362060546875,1121.0552978515625,0
2025-10-18 07:25:00+00:00,1118.5333251953125,1118.7996826171875,1118.3614501953125,1118.3614501953125,0
2025-10-18 07:30:00+00:00,1119.9124755859375,1120.2698974609375,1118.61328125,1118.61328125,0
2025-10-18 07:35:00+00:00,1120.354736328125,1120.9339599609375,1120.2998046875,1120.2998046875,0
2025-10-18 07:40:00+00:00,1126.0611572265625,1126.0611572265625,1120.5074462890625,1120.5074462890625,229376
2025-10-18 07:45:00+00:00,1125.5640869140625,1126.2203369140625,1124.919677734375,1126.2203369140625,0
2025-10-18 07:50:00+00:00,1128.949462890625,1128.949462890625,1127.571533203125,1127.79150390625,6446592
2025-10-18 07:55:00+00:00,1123.6617431640625,1128.5587158203125,1123.6617431640625,1128.5587158203125,0
2025-10-18 08:00:00+00:00,1119.841796875,1123.1038818359375,1119.59619140625,1123.1038818359375,0
2025-10-18 08:05:00+00:00,1124.302978515625,1124.302978515625,1120.682861328125,1120.682861328125,0
2025-10-18 08:10:00+00:00,1124.3717041015625,1124.3717041015625,1122.99609375,1122.9990234375,0
2025-10-18 08:15:00+00:00,1124.494384765625,1124.529296875,1124.392333984375,1124.392333984375,0
2025-10-18 08:20:00+00:00,1122.2303466796875,1122.934814453125,1122.2303466796875,1122.934814453125,0
2025-10-18 08:25:00+00:00,1119.8626708984375,1121.5491943359375,1119.8626708984375,1121.5491943359375,0
2025-10-18 08:30:00+00:00,1119.089111328125,1119.6947021484375,1118.9425048828125,1119.6947021484375,0
2025-10-18 08:35:00+00:00,1121.5013427734375,1121.5013427734375,1119.847412109375,1119.847412109375,0
2025-10-18 08:40:00+00:00,1120.4461669921875,1121.127685546875,1120.4461669921875,1121.103515625,0
2025-10-18 08:45:00+00:00,1119.459716796875,1120.41357421875,1119.3238525390625,1120.41357421875,0
2025-10-18 08:50:00+00:00,1114.97802734375,1115.420654296875,1114.97802734375,1115.3836669921875,0
2025-10-18 08:55:00+00:00,1110.584716796875,1112.8248291015625,1110.584716796875,1112.8248291015625,0
2025-10-18 09:00:00+00:00,1107.4466552734375,1110.194580078125,1107.4466552734375,1110.194580078125,0
2025-10-18 09:05:00+00:00,1107.6732177734375,1108.51416015625,1107.6732177734375,1108.128662109375,0
2025-10-18 09:10:00+00:00,1106.713134765625,1107.51611328125,1106.692138671875,1107.2344970703125,0
2025-10-18 09:15:00+00:00,1106.5255126953125,1106.5255126953125,1106.33544921875,1106.350830078125,0
2025-10-18 09:20:00+00:00,1110.08154296875,1110.17431640625,1107.967041015625,1107.967041015625,0
2025-10-18 09:25:00+00:00,1110.871826171875,1110.871826171875,1110.257080078125,1110.456787109375,0
2025-10-18 09:30:00+00:00,1110.92626953125,1111.3011474609375,1110.92626953125,1111.0224609375,0
2025-10-18 09:35:00+00:00,1107.8997802734375,1109.385986328125,1107.885009765625,1109.385986328125,0
2025-10-18 09:40:00+00:00,1108.66845703125,1108.8037109375,1107.6097412109375,1107.6573486328125,0
2025-10-18 09:45:00+00:00,1108.7763671875,1108.881103515625,1108.7740478515625,1108.7882080078125,0
2025-10-18 09:50:00+00:00,1107.067138671875,1107.45166015625,1106.330078125,1107.45166015625,0
2025-10-18 09:55:00+00:00,1109.77783203125,1109.77783203125,1108.4583740234375,1108.527099609375,0
2025-10-18 10:00:00+00:00,1109.8360595703125,1109.9630126953125,1109.4920654296875,1109.4920654296875,0
2025-10-18 10:05:00+00:00,1109.7847900390625,1109.98828125,1109.7847900390625,1109.7861328125,0
2025-10-18 10:10:00+00:00,1107.8819580078125,1109.2564697265625,1107.8660888671875,1109.2564697265625,0
2025-10-18 10:15:00+00:00,1107.9700927734375,1108.399658203125,1107.8958740234375,1107.8958740234375,0
2025-10-18 10:20:00+00:00,1109.482421875,1109.5660400390625,1108.2083740234375,1108.2083740234375,0
2025-10-18 10:25:00+00:00,1109.2652587890625,1109.3568115234375,1108.6097412109375,1108.6097412109375,0
2025-10-18 10:30:00+00:00,1113.7955322265625,1113.7955322265625,1109.348876953125,1109.348876953125,0
2025-10-18 10:35:00+00:00,1113.2215576171875,1113.9918212890625,1113.1029052734375,1113.9918212890625,0
2025-10-18 10:40:00+00:00,1112.2392578125,1113.0296630859375,1112.2392578125,1113.0296630859375,0
2025-10-18 10:45:00+00:00,1108.9891357421875,1112.567626953125,1108.9891357421875,1112.567626953125,0
2025-10-18 10:50:00+00:00,1109.1873779296875,1109.2578125,1109.162353515625,1109.162353515625,0
2025-10-18 10:55:00+00:00,1104.9423828125,1107.880859375,1104.849365234375,1107.880859375,0
2025-10-18 11:00:00+00:00,1104.3585205078125,1104.5341796875,1104.3585205078125,1104.5341796875,0
2025-10-18 11:05:00+00:00,1103.6875,1103.902587890625,1103.6131591796875,1103.902587890625,0
2025-10-18 11:10:00+00:00,1105.3526611328125,1105.3526611328125,1104.829833984375,1104.829833984375,0
2025-10-18 11:15:00+00:00,1105.6536865234375,1105.889892578125,1105.2802734375,1105.2802734375,0
2025-10-18 11:20:00+00:00,1102.5943603515625,1104.33251953125,1102.5943603515625,1104.33251953125,0
2025-10-18 11:25:00+00:00,1099.8546142578125,1099.8546142578125,1099.5263671875,1099.5263671875,0
2025-10-18 11:30:00+00:00,1098.4991455078125,1099.76953125,1098.4991455078125,1099.76953125,0
2025-10-18 11:35:00+00:00,1099.7708740234375,1099.7918701171875,1098.7305908203125,1098.7305908203125,0
2025-10-18 11:40:00+00:00,1101.496337890625,1101.5404052734375,1100.1650390625,1100.1650390625,0
2025-10-18 11:45:00+00:00,1102.802978515625,1102.802978515625,1101.6610107421875,1101.6610107421875,0
2025-10-18 11:50:00+00:00,1103.1475830078125,1103.189697265625,1102.7626953125,1103.189697265625,0
2025-10-18 11:55:00+00:00,1103.074951171875,1103.9119873046875,1102.9410400390625,1103.9119873046875,0
2025-10-18 12:00:00+00:00,1103.6614990234375,1103.77685546875,1103.429931640625,1103.429931640625,0
2025-10-18 12:05:00+00:00,1101.9453125,1101.9453125,1101.807373046875,1101.807373046875,0
2025-10-18 12:10:00+00:00,1102.1268310546875,1102.1268310546875,1101.298583984375,1101.298583984375,0
2025-10-18 12:15:00+00:00,1105.3333740234375,1105.3333740234375,1101.917724609375,1101.917724609375,0
2025-10-18 12:20:00+00:00,1104.1475830078125,1105.1258544921875,1104.1475830078125,1105.1258544921875,0
2025-10-18 12:25:00+00:00,1101.03271484375,1102.673095703125,1100.7745361328125,1102.673095703125,0
2025-10-18 12:30:00+00:00,1100.978759765625,1101.1370849609375,1100.978759765625,1101.089599609375,0
2025-10-18 12:35:00+00:00,1099.1329345703125,1100.7540283203125,1099.1329345703125,1100.752197265625,0
2025-10-18 12:40:00+00:00,1098.783935546875,1098.783935546875,1098.04345703125,1098.1666259765625,0
2025-10-18 12:45:00+00:00,1099.8431396484375,1099.99609375,1098.82958984375,1098.82958984375,0
2025-10-18 12:50:00+00:00,1100.2034912109375,1100.2034912109375,1099.18408203125,1099.18408203125,0
2025-10-18 12:55:00+00:00,1101.0841064453125,1101.2802734375,1100.011962890625,1100.011962890625,0
2025-10-18 13:00:00+00:00,1098.64697265625,1101.2098388671875,1098.64697265625,1101.2098388671875,0
2025-10-18 13:05:00+00:00,1096.8170166015625,1098.6273193359375,1096.8170166015625,1098.5806884765625,0
2025-10-18 13:10:00+00:00,1097.678466796875,1097.7830810546875,1096.039794921875,1096.039794921875,0
2025-10-18 13:15:00+00:00,1095.0172119140625,1097.697509765625,1095.0172119140625,1097.697509765625,0
2025-10-18 13:20:00+00:00,1093.8394775390625,1095.0333251953125,1093.3597412109375,1095.0333251953125,0
2025-10-18 13:25:00+00:00,1094.31005859375,1095.7843017578125,1094.2965087890625,1095.7843017578125,0
2025-10-18 13:30:00+00:00,1094.273681640625,1094.418212890625,1094.1798095703125,1094.418212890625,0
2025-10-18 13:35:00+00:00,1089.6309814453125,1091.8753662109375,1089.576171875,1091.8753662109375,0
2025-10-18 13:40:00+00:00,1088.5550537109375,1089.62158203125,1087.2156982421875,1089.62158203125,0
2025-10-18 13:45:00+00:00,1087.534912109375,1088.845947265625,1087.534912109375,1088.56689453125,0
2025-10-18 13:50:00+00:00,1088.84814453125,1088.84814453125,1087.4510498046875,1087.4510498046875,0
2025-10-18 13:55:00+00:00,1089.728271484375,1090.0367431640625,1089.728271484375,1089.968017578125,0
2025-10-18 14:00:00+00:00,1088.768310546875,1089.6295166015625,1087.714111328125,1089.6295166015625,0
2025-10-18 14:05:00+00:00,1088.5369873046875,1088.86328125,1088.5369873046875,1088.73486328125,0
2025-10-18 14:10:00+00:00,1085.2252197265625,1085.2252197265625,1084.91064453125,1085.0186767578125,0
2025-10-18 14:15:00+00:00,1086.69482421875,1086.69482421875,1085.3515625,1085.3515625,0
2025-10-18 14:20:00+00:00,1088.1678466796875,1088.205322265625,1086.8935546875,1086.9847412109375,0
2025-10-18 14:25:00+00:00,1088.7401123046875,1088.7401123046875,1088.0699462890625,1088.0699462890625,0
2025-10-18 14:30:00+00:00,1093.018310546875,1093.018310546875,1088.9891357421875,1089.0040283203125,0
2025-10-18 14:35:00+00:00,1094.2635498046875,1094.2635498046875,1093.1201171875,1093.2330322265625,0
2025-10-18 14:40:00+00:00,1095.0386962890625,1095.837646484375,1095.0386962890625,1095.837646484375,0
2025-10-18 14:45:00+00:00,1095.9840087890625,1095.9840087890625,1094.7288818359375,1095.000244140625,0
2025-10-18 14:50:00+00:00,1095.5218505859375,1095.828369140625,1095.4805908203125,1095.828369140625,0
2025-10-18 14:55:00+00:00,1094.195068359375,1094.67529296875,1094.195068359375,1094.67529296875,0
2025-10-18 15:00:00+00:00,1095.3724365234375,1095.3724365234375,1094.1082763671875,1094.1082763671875,0
2025-10-18 15:05:00+00:00,1094.6490478515625,1095.036376953125,1094.6490478515625,1095.036376953125,0
2025-10-18 15:10:00+00:00,1093.2137451171875,1093.806396484375,1093.1026611328125,1093.759765625,0
2025-10-18 15:15:00+00:00,1094.408447265625,1094.408447265625,1093.1812744140625,1093.1812744140625,0
2025-10-18 15:20:00+00:00,1093.304443359375,1094.2847900390625,1093.304443359375,1094.2847900390625,0
2025-10-18 15:25:00+00:00,1092.5430908203125,1092.819580078125,1092.4459228515625,1092.6519775390625,0
2025-10-18 15:30:00+00:00,1090.3985595703125,1092.404296875,1090.3985595703125,1092.404296875,0
2025-10-18 15:35:00+00:00,1089.9102783203125,1090.4130859375,1089.9102783203125,1090.4130859375,0
2025-10-18 15:40:00+00:00,1091.9775390625,1091.9775390625,1090.0667724609375,1090.0667724609375,1138688
2025-10-18 15:45:00+00:00,1093.2044677734375,1093.2044677734375,1092.06494140625,1092.06494140625,0
2025-10-18 15:50:00+00:00,1092.894775390625,1093.109130859375,1092.894775390625,1093.109130859375,0
2025-10-18 15:55:00+00:00,1092.4683837890625,1092.810791015625,1092.4683837890625,1092.785400390625,0
2025-10-18 16:00:00+00:00,1093.5985107421875,1093.5985107421875,1091.8724365234375,1092.5185546875,0
2025-10-18 16:05:00+00:00,1092.6658935546875,1093.3895263671875,1092.6258544921875,1093.3895263671875,0
2025-10-18 16:10:00+00:00,1090.3009033203125,1091.1044921875,1090.3009033203125,1090.895263671875,0
2025-10-18 16:15:00+00:00,1089.79443359375,1090.270751953125,1089.79443359375,1090.270751953125,0
2025-10-18 16:20:00+00:00,1088.1707763671875,1089.252197265625,1088.1707763671875,1089.252197265625,0
2025-10-18 16:25:00+00:00,1086.058349609375,1086.64892578125,1086.0289306640625,1086.5604248046875,0
2025-10-18 16:30:00+00:00,1084.3475341796875,1086.107177734375,1084.3475341796875,1086.107177734375,0
2025-10-18 16:35:00+00:00,1084.677490234375,1084.677490234375,1084.3231201171875,1084.3231201171875,0
2025-10-18 16:40:00+00:00,1084.2310791015625,1084.2310791015625,1083.712890625,1083.712890625,0
2025-10-18 16:45:00+00:00,1087.97509765625,1087.97509765625,1084.247314453125,1084.247314453125,0
2025-10-18 16:50:00+00:00,1087.7545166015625,1087.7545166015625,1087.4979248046875,1087.4979248046875,0
2025-10-18 16:55:00+00:00,1089.9493408203125,1089.9493408203125,1088.35498046875,1088.3614501953125,0
2025-10-18 17:00:00+00:00,1088.6976318359375,1089.9622802734375,1088.6976318359375,1089.9622802734375,0
2025-10-18 17:05:00+00:00,1088.1195068359375,1088.735107421875,1087.8638916015625,1088.735107421875,0
2025-10-18 17:10:00+00:00,1088.5386962890625,1088.9993896484375,1088.5386962890625,1088.9993896484375,0
2025-10-18 17:15:00+00:00,1090.9024658203125,1090.9024658203125,1090.4354248046875,1090.4354248046875,0
2025-10-18 17:20:00+00:00,1092.529296875,1092.5994873046875,1092.42431640625,1092.5994873046875,0
2025-10-18 17:25:00+00:00,1095.6171875,1095.8487548828125,1093.078857421875,1093.078857421875,6542336
2025-10-18 17:30:00+00:00,1093.8931884765625,1095.6912841796875,1093.8931884765625,1095.6912841796875,0
2025-10-18 17:35:00+00:00,1094.625732421875,1094.625732421875,1093.8380126953125,1093.8516845703125,0
2025-10-18 17:40:00+00:00,1093.8299560546875,1095.75146484375,1093.8299560546875,1095.75146484375,0
2025-10-18 17:45:00+00:00,1092.4300537109375,1093.6710205078125,1092.0771484375,1093.6710205078125,0
2025-10-18 17:50:00+00:00,1093.24169921875,1093.24169921875,1092.8773193359375,1092.94580078125,0
2025-10-18 17:55:00+00:00,1095.0595703125,1095.0595703125,1094.217041015625,1094.217041015625,0
2025-10-18 18:00:00+00:00,1096.873291015625,1097.152099609375,1095.6583251953125,1095.6583251953125,0
2025-10-18 18:05:00+00:00,1095.1065673828125,1096.6009521484375,1095.1065673828125,1096.6009521484375,0
2025-10-18 18:10:00+00:00,1094.1793212890625,1094.7822265625,1094.1793212890625,1094.7822265625,0
2025-10-18 18:15:00+00:00,1094.94482421875,1094.94482421875,1094.2017822265625,1094.2017822265625,0
2025-10-18 18:20:00+00:00,1095.3919677734375,1096.0323486328125,1095.3919677734375,1096.0323486328125,0
2025-10-18 18:25:00+00:00,1095.537109375,1095.537109375,1094.97412109375,1094.97412109375,0
2025-10-18 18:30:00+00:00,1096.5831298828125,1096.5831298828125,1095.74609375,1095.74609375,0
2025-10-18 18:35:00+00:00,1096.4244384765625,1096.4971923828125,1096.4244384765625,1096.4971923828125,0
2025-10-18 18:40:00+00:00,1095.9171142578125,1096.2449951171875,1095.9171142578125,1096.2449951171875,0
2025-10-18 18:45:00+00:00,1096.184326171875,1096.184326171875,1095.9912109375,1095.9912109375,0
2025-10-18 18:50:00+00:00,1096.486328125,1096.486328125,1096.2174072265625,1096.2974853515625,0
2025-10-18 18:55:00+00:00,1096.9111328125,1097.2320556640625,1096.9111328125,1097.2320556640625,0
2025-10-18 19:00:00+00:00,1098.690185546875,1099.0462646484375,1097.13134765625,1097.13134765625,0
2025-10-18 19:05:00+00:00,1097.1409912109375,1098.5186767578125,1097.1409912109375,1098.5186767578125,0
2025-10-18 19:10:00+00:00,1097.28173828125,1098.1666259765625,1097.28173828125,1098.1666259765625,0
2025-10-18 19:15:00+00:00,1097.491943359375,1097.491943359375,1096.8782958984375,1096.8782958984375,0
2025-10-18 19:20:00+00:00,1100.128173828125,1100.3314208984375,1099.2431640625,1099.2431640625,6309888
2025-10-18 19:25:00+00:00,1100.820556640625,1100.820556640625,1099.542236328125,1099.542236328125,1048320
2025-10-18 19:30:00+00:00,1100.7359619140625,1101.0843505859375,1100.7359619140625,1101.0843505859375,0
2025-10-18 19:35:00+00:00,1100.4932861328125,1100.615478515625,1100.4932861328125,1100.615478515625,0
2025-10-18 19:40:00+00:00,1101.422607421875,1101.422607421875,1101.0706787109375,1101.0706787109375,0
2025-10-18 19:45:00+00:00,1102.9285888671875,1102.9285888671875,1101.329833984375,1101.329833984375,0
2025-10-18 19:50:00+00:00,1102.9283447265625,1103.0609130859375,1102.9268798828125,1102.9268798828125,0
2025-10-18 19:55:00+00:00,1102.8646240234375,1102.8646240234375,1102.2215576171875,1102.2215576171875,125440
2025-10-18 20:00:00+00:00,1102.154541015625,1103.0067138671875,1102.154541015625,1103.0067138671875,0
2025-10-18 20:05:00+00:00,1103.2669677734375,1103.2669677734375,1102.1522216796875,1102.1522216796875,410880
2025-10-18 20:10:00+00:00,1102.4075927734375,1104.83447265625,1102.4075927734375,1104.83447265625,1149184
2025-10-18 20:15:00+00:00,1102.88037109375,1102.88037109375,1101.661376953125,1101.7025146484375,0
2025-10-18 20:20:00+00:00,1103.2742919921875,1103.3646240234375,1102.6470947265625,1102.6470947265625,0
2025-10-18 20:25:00+00:00,1104.341796875,1104.3450927734375,1103.6160888671875,1103.6160888671875,0
2025-10-18 20:30:00+00:00,1103.3106689453125,1104.9957275390625,1103.3106689453125,1104.56591796875,0
2025-10-18 20:35:00+00:00,1103.496337890625,1103.496337890625,1103.3424072265625,1103.4527587890625,0
2025-10-18 20:40:00+00:00,1102.417236328125,1103.0440673828125,1102.377685546875,1103.0283203125,0
2025-10-18 20:45:00+00:00,1102.8350830078125,1103.3189697265625,1102.8350830078125,1103.08837890625,214528
2025-10-18 20:50:00+00:00,1101.3968505859375,1102.80810546875,1101.3968505859375,1102.80810546875,0
2025-10-18 20:55:00+00:00,1101.144287109375,1101.241943359375,1101.0999755859375,1101.1778564453125,0
2025-10-18 21:00:00+00:00,1101.0325927734375,1101.069091796875,1100.4022216796875,1101.069091796875,0
2025-10-18 21:05:00+00:00,1100.2552490234375,1100.9195556640625,1100.118896484375,1100.9195556640625,0
2025-10-18 21:10:00+00:00,1094.6865234375,1096.211181640625,1094.662109375,1096.211181640625,1423872
2025-10-18 21:15:00+00:00,1093.182373046875,1094.567138671875,1093.0037841796875,1094.567138671875,17100544
2025-10-18 21:20:00+00:00,1089.737548828125,1089.737548828125,1087.7738037109375,1087.7738037109375,13106688
2025-10-18 21:25:00+00:00,1092.54833984375,1092.54833984375,1091.1441650390625,1091.1441650390625,4636416
2025-10-18 21:30:00+00:00,1094.947265625,1094.947265625,1092.6861572265625,1092.6861572265625,0
2025-10-18 21:35:00+00:00,1094.3438720703125,1094.71533203125,1094.0731201171875,1094.71533203125,0
2025-10-18 21:40:00+00:00,1094.1614990234375,1095.2872314453125,1094.1614990234375,1095.2872314453125,0
2025-10-18 21:45:00+00:00,1094.011474609375,1094.159912109375,1094.011474609375,1094.09814453125,0
2025-10-18 21:50:00+00:00,1093.2880859375,1093.3941650390625,1093.117431640625,1093.3941650390625,0
2025-10-18 21:55:00+00:00,1094.0926513671875,1094.0926513671875,1093.2421875,1093.2421875,662784
2025-10-18 22:00:00+00:00,1092.93359375,1094.1552734375,1092.93359375,1094.1552734375,0
2025-10-18 22:05:00+00:00,1093.124267578125,1093.24951171875,1093.0233154296875,1093.0233154296875,0
2025-10-18 22:10:00+00:00,1093.1317138671875,1093.550537109375,1093.1317138671875,1093.550537109375,0
2025-10-18 22:15:00+00:00,1093.06591796875,1093.1412353515625,1093.01220703125,1093.1412353515625,0
2025-10-18 22:20:00+00:00,1094.05615234375,1094.05615234375,1093.4208984375,1093.4208984375,0
2025-10-18 22:25:00+00:00,1095.5640869140625,1095.5640869140625,1094.679931640625,1094.8125,0
2025-10-18 22:30:00+00:00,1095.4244384765625,1096.4007568359375,1095.4244384765625,1095.9652099609375,4514304
2025-10-18 22:35:00+00:00,1095.6246337890625,1095.6531982421875,1095.5074462890625,1095.5621337890625,0
2025-10-18 22:40:00+00:00,1095.27392578125,1095.5345458984375,1095.27392578125,1095.470947265625,0
2025-10-18 22:45:00+00:00,1093.8994140625,1095.2652587890625,1093.8994140625,1095.2652587890625,0
2025-10-18 22:50:00+00:00,1092.7386474609375,1093.2281494140625,1092.7386474609375,1093.2281494140625,0
2025-10-18 22:55:00+00:00,1093.1876220703125,1093.2210693359375,1092.5186767578125,1092.5186767578125,0
2025-10-18 23:00:00+00:00,1091.675048828125,1093.1861572265625,1091.675048828125,1093.1861572265625,0
2025-10-18 23:05:00+00:00,1092.5894775390625,1092.5894775390625,1091.8045654296875,1091.8045654296875,0
2025-10-18 23:10:00+00:00,1092.3350830078125,1093.1461181640625,1092.3350830078125,1093.1461181640625,0
2025-10-18 23:15:00+00:00,1092.9034423828125,1093.1407470703125,1092.4439697265625,1092.4439697265625,0
2025-10-18 23:20:00+00:00,1091.145751953125,1091.8260498046875,1090.9842529296875,1091.8260498046875,0
2025-10-18 23:25:00+00:00,1093.471923828125,1093.471923828125,1091.9580078125,1091.9580078125,207104
2025-10-18 23:30:00+00:00,1094.0513916015625,1094.400634765625,1093.5302734375,1093.5302734375,0
2025-10-18 23:35:00+00:00,1093.9310302734375,1094.0274658203125,1093.708740234375,1094.0274658203125,0
2025-10-18 23:40:00+00:00,1093.218994140625,1094.5640869140625,1093.218994140625,1094.5640869140625,0
2025-10-18 23:45:00+00:00,1093.5291748046875,1093.5291748046875,1093.2022705078125,1093.2022705078125,0
2025-10-18 23:50:00+00:00,1092.5836181640625,1093.556884765625,1092.5836181640625,1093.556884765625,0
2025-10-18 23:55:00+00:00,1093.1519775390625,1093.1519775390625,1092.698974609375,1092.698974609375,0
2025-10-19 00:00:00+00:00,1092.66796875,1092.8944091796875,1092.66796875,1092.8409423828125,0
2025-10-19 00:05:00+00:00,1091.5252685546875,1092.5574951171875,1091.5252685546875,1092.5574951171875,0
2025-10-19 00:10:00+00:00,1089.9940185546875,1090.5130615234375,1089.9940185546875,1090.5130615234375,0
2025-10-19 00:15:00+00:00,1089.199951171875,1089.60546875,1089.199951171875,1089.60546875,0
2025-10-19 00:20:00+00:00,1089.46435546875,1089.46435546875,1089.044677734375,1089.044677734375,0
2025-10-19 00:25:00+00:00,1090.392578125,1090.4163818359375,1090.3797607421875,1090.3817138671875,0
2025-10-19 00:30:00+00:00,1087.3104248046875,1090.2918701171875,1087.3104248046875,1090.2918701171875,0
2025-10-19 00:35:00+00:00,1086.5877685546875,1087.2852783203125,1086.5877685546875,1087.2852783203125,0
2025-10-19 00:40:00+00:00,1086.0367431640625,1086.5877685546875,1086.0367431640625,1086.5877685546875,0
2025-10-19 00:45:00+00:00,1081.197265625,1086.052978515625,1081.197265625,1086.052978515625,7712256
2025-10-19 00:50:00+00:00,1079.9034423828125,1081.2120361328125,1079.9012451171875,1081.2120361328125,4278784
2025-10-19 00:55:00+00:00,1081.7425537109375,1081.7462158203125,1080.840576171875,1080.840576171875,323584
2025-10-19 01:00:00+00:00,1080.7008056640625,1081.816650390625,1080.7008056640625,1081.816650390625,0
2025-10-19 01:05:00+00:00,1080.6370849609375,1080.870361328125,1080.559326171875,1080.7655029296875,0
2025-10-19 01:10:00+00:00,1079.3092041015625,1079.3092041015625,1079.24951171875,1079.2501220703125,1457408
2025-10-19 01:15:00+00:00,1080.2572021484375,1080.2572021484375,1079.348876953125,1079.348876953125,0
2025-10-19 01:20:00+00:00,1083.6611328125,1083.6611328125,1081.3394775390625,1081.3394775390625,2175488
2025-10-19 01:25:00+00:00,1083.6527099609375,1084.3880615234375,1083.6527099609375,1084.3642578125,0
2025-10-19 01:30:00+00:00,1083.1549072265625,1084.4176025390625,1083.1549072265625,1083.6798095703125,0
2025-10-19 01:35:00+00:00,1082.7305908203125,1083.15185546875,1082.5751953125,1083.15185546875,0
2025-10-19 01:40:00+00:00,1083.670166015625,1083.670166015625,1083.3502197265625,1083.3502197265625,0
2025-10-19 01:45:00+00:00,1085.021728515625,1085.021728515625,1083.7266845703125,1083.7266845703125,0
2025-10-19 01:50:00+00:00,1084.525390625,1084.9239501953125,1084.3709716796875,1084.9239501953125,0
2025-10-19 01:55:00+00:00,1083.6162109375,1084.7041015625,1083.6162109375,1084.7041015625,379392
2025-10-19 02:00:00+00:00,1083.1234130859375,1083.6595458984375,1083.1234130859375,1083.6595458984375,48384
2025-10-19 02:05:00+00:00,1083.0223388671875,1083.1651611328125,1083.0223388671875,1083.1651611328125,0
2025-10-19 02:10:00+00:00,1082.653076171875,1082.780029296875,1082.5308837890625,1082.5308837890625,0
2025-10-19 02:15:00+00:00,1081.871826171875,1082.660400390625,1081.65771484375,1082.660400390625,0
2025-10-19 02:20:00+00:00,1083.9486083984375,1084.183349609375,1082.195556640625,1082.195556640625,0
2025-10-19 02:25:00+00:00,1083.6497802734375,1083.7510986328125,1083.6329345703125,1083.6329345703125,226560
2025-10-19 02:30:00+00:00,1083.9605712890625,1083.9605712890625,1083.505859375,1083.7117919921875,524032
2025-10-19 02:35:00+00:00,1082.25634765625,1083.7369384765625,1082.19287109375,1083.7369384765625,0
2025-10-19 02:40:00+00:00,1082.6964111328125,1082.6964111328125,1082.316162109375,1082.3175048828125,0
2025-10-19 02:45:00+00:00,1083.0875244140625,1083.0875244140625,1082.7239990234375,1082.7239990234375,0
2025-10-19 02:50:00+00:00,1083.517822265625,1083.517822265625,1083.1129150390625,1083.1129150390625,118784
2025-10-19 02:55:00+00:00,1084.2139892578125,1084.2139892578125,1083.53125,1083.5323486328125,30464
2025-10-19 03:00:00+00:00,1084.9676513671875,1084.9676513671875,1084.266845703125,1084.266845703125,543744
2025-10-19 03:05:00+00:00,1083.9805908203125,1084.8026123046875,1083.9805908203125,1084.7835693359375,0
2025-10-19 03:10:00+00:00,1084.1361083984375,1084.1534423828125,1084.0872802734375,1084.0872802734375,0
2025-10-19 03:15:00+00:00,1085.900634765625,1085.900634765625,1084.1026611328125,1084.1026611328125,1478144
2025-10-19 03:20:00+00:00,1088.37255859375,1088.447021484375,1086.09619140625,1086.1014404296875,7089664
2025-10-19 03:25:00+00:00,1087.7034912109375,1088.88623046875,1087.7034912109375,1088.88623046875,3681792
2025-10-19 03:30:00+00:00,1089.3795166015625,1089.3795166015625,1087.8424072265625,1087.8424072265625,991232
2025-10-19 03:35:00+00:00,1090.033447265625,1090.033447265625,1089.411865234375,1089.411865234375,34560
2025-10-19 03:40:00+00:00,1092.848388671875,1093.1348876953125,1090.4835205078125,1090.4835205078125,8854272
2025-10-19 03:45:00+00:00,1093.902587890625,1093.902587890625,1092.8800048828125,1092.8800048828125,2643200
2025-10-19 03:50:00+00:00,1093.2347412109375,1093.939453125,1093.1298828125,1093.939453125,1669632
2025-10-19 03:55:00+00:00,1091.8948974609375,1091.8948974609375,1091.3961181640625,1091.3961181640625,3533056
2025-10-19 04:00:00+00:00,1090.7188720703125,1092.1229248046875,1090.7188720703125,1091.8519287109375,1076736
2025-10-19 04:05:00+00:00,1090.498291015625,1090.8099365234375,1090.4803466796875,1090.8099365234375,711936
2025-10-19 04:10:00+00:00,1087.6385498046875,1088.822021484375,1087.6385498046875,1088.822021484375,1261568
2025-10-19 04:15:00+00:00,1087.27392578125,1087.728271484375,1087.27392578125,1087.728271484375,0
