Datetime,Open,High,Low,Close,Volume
2025-08-21 00:00:00+00:00,869.05,869.35,867.22,867.86,2188.718
2025-08-21 00:15:00+00:00,867.87,872.48,867.45,872.47,3732.389
2025-08-21 00:30:00+00:00,872.48,876.25,872.09,874.64,4885.728
2025-08-21 00:45:00+00:00,874.64,875.14,872.07,874.76,3307.136
2025-08-21 01:00:00+00:00,874.77,876.55,873.07,874.02,2007.59
2025-08-21 01:15:00+00:00,874.01,874.37,870.35,872.34,2377.353
2025-08-21 01:30:00+00:00,872.35,878.0,872.34,877.89,3221.971
2025-08-21 01:45:00+00:00,877.89,883.86,877.6,882.63,11599.276
2025-08-21 02:00:00+00:00,882.62,882.97,874.8,875.1,4702.274
2025-08-21 02:15:00+00:00,875.1,875.2,870.73,870.87,3119.121
2025-08-21 02:30:00+00:00,870.88,871.0,866.8,867.69,6621.026
2025-08-21 02:45:00+00:00,867.7,870.23,867.46,869.04,2666.207
2025-08-21 03:00:00+00:00,869.03,873.61,869.03,870.75,3204.026
2025-08-21 03:15:00+00:00,870.75,871.35,867.2,867.51,2401.132
2025-08-21 03:30:00+00:00,867.51,869.24,866.73,868.62,2875.672
2025-08-21 03:45:00+00:00,868.62,869.0,866.11,866.21,1870.451
2025-08-21 04:00:00+00:00,866.21,866.43,863.61,863.77,4548.674
2025-08-21 04:15:00+00:00,863.78,864.19,862.74,863.92,1524.73
2025-08-21 04:30:00+00:00,863.92,865.45,863.24,864.37,1733.308
2025-08-21 04:45:00+00:00,864.4,865.29,863.74,863.78,1005.077
2025-08-21 05:00:00+00:00,863.79,864.65,860.27,861.14,2564.38
2025-08-21 05:15:00+00:00,861.14,862.01,858.04,860.14,4810.596
2025-08-21 05:30:00+00:00,860.13,861.98,860.01,861.41,2252.302
2025-08-21 05:45:00+00:00,861.42,863.38,860.89,863.37,2039.664
2025-08-21 06:00:00+00:00,863.38,863.99,861.3,862.55,1490.131
2025-08-21 06:15:00+00:00,862.56,866.21,861.51,862.8,3702.783
2025-08-21 06:30:00+00:00,862.81,866.59,862.81,866.51,3396.464
2025-08-21 06:45:00+00:00,866.5,866.5,864.3,864.77,1696.272
2025-08-21 07:00:00+00:00,864.77,864.8,861.9,861.91,1582.023
2025-08-21 07:15:00+00:00,861.91,862.4,858.03,858.44,5364.761
2025-08-21 07:30:00+00:00,858.44,862.3,858.21,861.18,3012.97
2025-08-21 07:45:00+00:00,861.17,862.9,860.32,862.48,2677.077
2025-08-21 08:00:00+00:00,862.48,864.34,861.22,861.97,3942.337
2025-08-21 08:15:00+00:00,861.96,861.96,857.83,858.4,5127.896
2025-08-21 08:30:00+00:00,858.41,859.51,856.86,859.2,3667.979
2025-08-21 08:45:00+00:00,859.19,859.83,856.72,856.73,2717.452
2025-08-21 09:00:00+00:00,856.73,856.84,850.13,851.5,20237.934
2025-08-21 09:15:00+00:00,851.5,851.51,849.02,851.0,9246.263
2025-08-21 09:30:00+00:00,851.0,853.88,850.49,853.79,1724.996
2025-08-21 09:45:00+00:00,853.78,854.18,851.3,851.47,1229.807
2025-08-21 10:00:00+00:00,851.47,852.05,849.63,851.58,2950.005
2025-08-21 10:15:00+00:00,851.58,851.91,849.72,850.78,2124.866
2025-08-21 10:30:00+00:00,850.79,852.0,850.01,851.45,1240.761
2025-08-21 10:45:00+00:00,851.46,851.46,850.01,850.6,5011.004
2025-08-21 11:00:00+00:00,850.6,854.99,850.33,853.41,3940.212
2025-08-21 11:15:00+00:00,853.42,853.95,852.12,853.15,1164.793
2025-08-21 11:30:00+00:00,853.14,854.72,850.72,851.2,2780.029
2025-08-21 11:45:00+00:00,851.2,851.8,850.01,851.24,6674.738
2025-08-21 12:00:00+00:00,851.24,851.72,850.01,850.3,2712.054
2025-08-21 12:15:00+00:00,850.3,852.0,848.71,850.67,4245.123
2025-08-21 12:30:00+00:00,850.68,853.68,850.5,851.56,1791.799
2025-08-21 12:45:00+00:00,851.56,851.7,846.51,848.04,2974.501
2025-08-21 13:00:00+00:00,848.03,850.9,847.25,850.0,1853.176
2025-08-21 13:15:00+00:00,850.01,850.92,849.52,850.92,1661.78
2025-08-21 13:30:00+00:00,850.93,853.51,848.44,852.89,4075.219
2025-08-21 13:45:00+00:00,852.89,853.87,848.42,850.66,3470.348
2025-08-21 14:00:00+00:00,850.66,855.45,849.77,854.17,2708.913
2025-08-21 14:15:00+00:00,854.16,856.88,853.3,855.29,6110.624
2025-08-21 14:30:00+00:00,855.3,855.53,847.18,849.8,3687.453
2025-08-21 14:45:00+00:00,849.79,852.0,847.9,850.38,2919.476
2025-08-21 15:00:00+00:00,850.38,850.9,845.0,845.07,3622.016
2025-08-21 15:15:00+00:00,845.06,848.47,844.24,846.75,3152.547
2025-08-21 15:30:00+00:00,846.76,846.92,842.56,844.81,3712.987
2025-08-21 15:45:00+00:00,844.81,844.81,841.1,841.85,2986.41
2025-08-21 16:00:00+00:00,841.84,844.33,840.91,843.61,1693.789
2025-08-21 16:15:00+00:00,843.61,844.68,841.77,842.79,989.472
2025-08-21 16:30:00+00:00,842.8,843.93,840.0,841.13,2054.993
2025-08-21 16:45:00+00:00,841.13,841.6,838.38,838.46,2556.006
2025-08-21 17:00:00+00:00,838.45,839.62,837.96,839.41,1686.804
2025-08-21 17:15:00+00:00,839.4,840.29,838.82,839.31,1126.106
2025-08-21 17:30:00+00:00,839.31,842.98,839.3,842.27,1194.523
2025-08-21 17:45:00+00:00,842.28,843.5,841.6,842.08,746.007
2025-08-21 18:00:00+00:00,842.1,842.5,840.6,841.16,666.957
2025-08-21 18:15:00+00:00,841.15,842.76,840.63,841.31,977.584
2025-08-21 18:30:00+00:00,841.31,841.64,839.54,839.6,1265.786
2025-08-21 18:45:00+00:00,839.6,841.2,836.8,840.12,2673.736
2025-08-21 19:00:00+00:00,840.11,841.9,839.73,840.51,1725.63
2025-08-21 19:15:00+00:00,840.5,841.07,835.94,836.89,5641.878
2025-08-21 19:30:00+00:00,836.88,837.16,835.56,835.8,1461.099
2025-08-21 19:45:00+00:00,835.8,836.81,834.52,836.4,1584.369
2025-08-21 20:00:00+00:00,836.4,836.81,835.32,836.55,1000.099
2025-08-21 20:15:00+00:00,836.55,837.51,835.84,835.85,1323.951
2025-08-21 20:30:00+00:00,835.85,837.83,833.46,837.57,2102.804
2025-08-21 20:45:00+00:00,837.57,841.06,837.5,838.51,1714.994
2025-08-21 21:00:00+00:00,838.5,840.75,835.48,839.86,2464.631
2025-08-21 21:15:00+00:00,839.85,840.26,837.55,839.71,1038.963
2025-08-21 21:30:00+00:00,839.72,840.56,838.07,838.42,1228.037
2025-08-21 21:45:00+00:00,838.42,840.25,838.3,839.6,449.733
2025-08-21 22:00:00+00:00,839.6,841.11,838.7,840.79,1026.367
2025-08-21 22:15:00+00:00,840.79,841.32,839.91,840.7,687.422
2025-08-21 22:30:00+00:00,840.7,841.3,840.08,840.97,740.062
2025-08-21 22:45:00+00:00,840.97,842.83,840.73,842.13,1769.223
2025-08-21 23:00:00+00:00,842.14,842.14,840.0,840.24,779.308
2025-08-21 23:15:00+00:00,840.25,841.05,839.71,841.0,1078.856
2025-08-21 23:30:00+00:00,841.0,841.04,838.1,838.1,799.628
2025-08-21 23:45:00+00:00,838.11,839.79,837.53,839.49,1994.079
2025-08-22 00:00:00+00:00,839.49,843.07,839.43,841.72,1215.953
2025-08-22 00:15:00+00:00,841.72,842.99,841.1,842.21,929.637
2025-08-22 00:30:00+00:00,842.2,843.99,842.14,843.1,1274.32
2025-08-22 00:45:00+00:00,843.12,843.13,840.72,842.15,643.944
2025-08-22 01:00:00+00:00,842.16,842.9,839.23,840.23,1545.62
2025-08-22 01:15:00+00:00,840.23,843.0,840.14,842.09,1402.121
2025-08-22 01:30:00+00:00,842.1,844.26,841.5,844.1,2153.032
2025-08-22 01:45:00+00:00,844.11,846.3,843.91,846.29,2572.585
2025-08-22 02:00:00+00:00,846.3,850.49,845.94,848.99,9088.405
2025-08-22 02:15:00+00:00,849.0,853.34,848.4,852.43,4449.616
2025-08-22 02:30:00+00:00,852.44,852.44,850.01,850.06,2624.378
2025-08-22 02:45:00+00:00,850.07,850.44,848.22,849.01,1811.594
2025-08-22 03:00:00+00:00,849.0,851.4,848.48,850.3,1645.582
2025-08-22 03:15:00+00:00,850.31,850.34,847.23,847.46,1086.993
2025-08-22 03:30:00+00:00,847.46,847.65,844.91,845.36,1952.298
2025-08-22 03:45:00+00:00,845.37,846.68,844.9,845.69,620.911
2025-08-22 04:00:00+00:00,845.7,849.2,845.66,848.6,928.055
2025-08-22 04:15:00+00:00,848.6,850.59,848.49,849.39,772.019
2025-08-22 04:30:00+00:00,849.4,850.55,848.99,849.64,2879.086
2025-08-22 04:45:00+00:00,849.64,850.93,848.4,849.34,1101.674
2025-08-22 05:00:00+00:00,849.34,851.9,848.8,850.48,1539.811
2025-08-22 05:15:00+00:00,850.49,851.01,849.63,850.79,1190.622
2025-08-22 05:30:00+00:00,850.79,852.0,849.12,850.24,983.001
2025-08-22 05:45:00+00:00,850.24,851.29,850.0,850.21,998.025
2025-08-22 06:00:00+00:00,850.2,850.52,848.51,850.31,1425.846
2025-08-22 06:15:00+00:00,850.3,850.93,848.93,849.59,2370.714
2025-08-22 06:30:00+00:00,849.6,850.1,845.69,847.19,1382.052
2025-08-22 06:45:00+00:00,847.21,850.9,847.21,850.16,3167.722
2025-08-22 07:00:00+00:00,850.18,852.72,849.61,852.11,1748.469
2025-08-22 07:15:00+00:00,852.1,854.35,851.16,854.29,1993.349
2025-08-22 07:30:00+00:00,854.28,854.45,851.51,851.54,2920.832
2025-08-22 07:45:00+00:00,851.52,852.38,849.06,851.02,2809.999
2025-08-22 08:00:00+00:00,851.02,854.95,851.01,854.32,1644.052
2025-08-22 08:15:00+00:00,854.31,855.18,853.59,853.73,3084.926
2025-08-22 08:30:00+00:00,853.73,854.14,852.04,852.9,1022.528
2025-08-22 08:45:00+00:00,852.9,852.9,851.21,851.67,958.933
2025-08-22 09:00:00+00:00,851.67,852.77,849.81,850.42,2717.772
2025-08-22 09:15:00+00:00,850.42,851.51,850.14,851.2,2615.188
2025-08-22 09:30:00+00:00,851.21,852.11,847.32,847.6,7594.284
2025-08-22 09:45:00+00:00,847.6,849.41,846.64,848.89,5475.219
2025-08-22 10:00:00+00:00,848.89,848.97,846.47,846.47,989.093
2025-08-22 10:15:00+00:00,846.47,846.48,844.24,845.89,2145.124
2025-08-22 10:30:00+00:00,845.9,846.99,844.6,846.31,2058.296
2025-08-22 10:45:00+00:00,846.31,847.5,845.56,847.1,1740.902
2025-08-22 11:00:00+00:00,847.1,847.93,844.29,845.74,2622.488
2025-08-22 11:15:00+00:00,845.73,847.29,845.17,846.2,2021.804
2025-08-22 11:30:00+00:00,846.21,848.5,845.56,848.15,2427.682
2025-08-22 11:45:00+00:00,848.15,850.32,848.11,848.99,2616.689
2025-08-22 12:00:00+00:00,849.0,850.1,844.69,846.17,4822.189
2025-08-22 12:15:00+00:00,846.16,848.62,845.0,847.88,3399.812
2025-08-22 12:30:00+00:00,847.88,848.17,842.7,848.01,5302.609
2025-08-22 12:45:00+00:00,848.0,850.45,847.1,848.55,4174.356
2025-08-22 13:00:00+00:00,848.55,851.77,847.92,849.15,3745.23
2025-08-22 13:15:00+00:00,849.16,849.55,846.16,847.92,2369.228
2025-08-22 13:30:00+00:00,847.92,854.38,846.51,851.45,5626.824
2025-08-22 13:45:00+00:00,851.45,854.3,849.85,850.51,5531.477
2025-08-22 14:00:00+00:00,850.51,869.37,850.51,869.17,33923.812
2025-08-22 14:15:00+00:00,869.17,872.48,860.01,865.93,21547.971
2025-08-22 14:30:00+00:00,865.92,871.62,865.57,869.52,10796.243
2025-08-22 14:45:00+00:00,869.52,874.88,869.16,872.33,13178.348
2025-08-22 15:00:00+00:00,872.33,879.63,872.26,875.62,11251.828
2025-08-22 15:15:00+00:00,875.62,879.99,875.62,878.4,8160.53
2025-08-22 15:30:00+00:00,878.41,879.99,878.14,879.95,11069.166
2025-08-22 15:45:00+00:00,879.95,882.0,876.21,876.22,13197.222
2025-08-22 16:00:00+00:00,876.22,885.81,876.22,885.71,9902.618
2025-08-22 16:15:00+00:00,885.72,885.72,881.17,882.16,5828.142
2025-08-22 16:30:00+00:00,882.16,885.8,881.35,884.63,6758.676
2025-08-22 16:45:00+00:00,884.64,884.86,881.84,884.55,3806.87
2025-08-22 17:00:00+00:00,884.55,889.56,884.55,889.36,15174.6083
2025-08-22 17:15:00+00:00,889.36,894.42,889.36,894.0,15935.6998
2025-08-22 17:30:00+00:00,894.0,896.0,890.81,895.66,9995.9788
2025-08-22 17:45:00+00:00,895.67,897.99,892.41,894.73,6645.227
2025-08-22 18:00:00+00:00,894.73,898.0,893.66,898.0,4808.221
2025-08-22 18:15:00+00:00,897.99,898.54,890.16,892.29,7451.849
2025-08-22 18:30:00+00:00,892.29,894.8,892.17,894.68,2558.285
2025-08-22 18:45:00+00:00,894.68,895.5,890.93,892.69,4236.136
2025-08-22 19:00:00+00:00,892.68,895.22,891.5,895.2,3502.627
2025-08-22 19:15:00+00:00,895.2,895.78,894.3,894.86,2088.278
2025-08-22 19:30:00+00:00,894.86,895.93,894.1,895.89,1578.163
2025-08-22 19:45:00+00:00,895.89,896.94,893.84,894.6,8285.111
2025-08-22 20:00:00+00:00,894.6,895.64,893.85,894.08,2333.585
2025-08-22 20:15:00+00:00,894.09,895.0,892.66,893.0,1913.82
2025-08-22 20:30:00+00:00,893.01,895.11,892.69,894.72,3234.138
2025-08-22 20:45:00+00:00,894.71,896.0,893.79,896.0,2604.607
2025-08-22 21:00:00+00:00,896.0,899.8,895.56,898.65,8336.8384
2025-08-22 21:15:00+00:00,898.64,899.47,897.5,898.57,1915.856
2025-08-22 21:30:00+00:00,898.58,900.0,898.32,898.91,9166.449
2025-08-22 21:45:00+00:00,898.91,899.15,897.0,897.32,2409.036
2025-08-22 22:00:00+00:00,897.32,898.12,894.16,894.29,3764.539
2025-08-22 22:15:00+00:00,894.29,896.25,894.0,894.12,4173.003
2025-08-22 22:30:00+00:00,894.13,895.59,894.0,895.37,1676.814
2025-08-22 22:45:00+00:00,895.37,896.93,895.11,896.02,1477.261
2025-08-22 23:00:00+00:00,896.02,898.3,895.96,896.88,1739.352
2025-08-22 23:15:00+00:00,896.88,899.3,896.87,899.2,1460.794
2025-08-22 23:30:00+00:00,899.2,900.71,899.08,899.99,9782.5324
2025-08-22 23:45:00+00:00,899.98,900.26,898.26,900.21,3237.327
2025-08-23 00:00:00+00:00,900.2,900.21,894.7,894.7,2906.059
2025-08-23 00:15:00+00:00,894.71,897.32,894.53,895.4,1915.749
2025-08-23 00:30:00+00:00,895.4,896.2,890.23,891.71,8125.687
2025-08-23 00:45:00+00:00,891.72,893.4,890.52,890.52,2320.622
2025-08-23 01:00:00+00:00,890.53,891.0,886.62,887.0,4633.734
2025-08-23 01:15:00+00:00,886.99,887.05,883.54,883.58,4724.925
2025-08-23 01:30:00+00:00,883.59,884.89,881.42,882.93,2915.789
2025-08-23 01:45:00+00:00,882.93,888.74,882.93,888.33,2557.865
2025-08-23 02:00:00+00:00,888.33,888.96,884.24,885.28,2054.85
2025-08-23 02:15:00+00:00,885.27,886.33,880.29,880.43,4596.982
2025-08-23 02:30:00+00:00,880.43,882.0,875.71,879.34,6626.886
2025-08-23 02:45:00+00:00,879.35,884.74,877.78,884.03,2271.284
2025-08-23 03:00:00+00:00,884.03,884.5,881.8,883.9,2688.008
2025-08-23 03:15:00+00:00,883.9,884.28,882.26,884.11,1235.324
2025-08-23 03:30:00+00:00,884.11,884.11,880.02,880.02,1319.801
2025-08-23 03:45:00+00:00,880.03,884.73,879.78,882.78,1543.914
2025-08-23 04:00:00+00:00,882.77,885.4,882.57,884.36,2097.678
2025-08-23 04:15:00+00:00,884.37,885.12,882.58,884.0,1436.019
2025-08-23 04:30:00+00:00,884.0,887.65,883.99,886.09,3125.566
2025-08-23 04:45:00+00:00,886.1,887.41,885.55,887.41,1591.809
2025-08-23 05:00:00+00:00,887.41,888.52,886.51,888.26,2072.865
2025-08-23 05:15:00+00:00,888.25,890.61,888.16,889.85,3536.627
2025-08-23 05:30:00+00:00,889.84,893.23,889.73,892.13,6215.453
2025-08-23 05:45:00+00:00,892.13,893.1,890.63,891.13,2033.94
2025-08-23 06:00:00+00:00,891.13,891.74,888.27,888.34,1965.133
2025-08-23 06:15:00+00:00,888.34,889.6,887.91,889.07,1372.447
2025-08-23 06:30:00+00:00,889.07,889.95,888.7,889.65,924.343
2025-08-23 06:45:00+00:00,889.66,890.58,888.33,889.42,1188.377
2025-08-23 07:00:00+00:00,889.42,891.75,888.85,891.21,1103.092
2025-08-23 07:15:00+00:00,891.2,891.31,889.0,889.14,1714.968
2025-08-23 07:30:00+00:00,889.14,890.48,888.0,889.31,852.296
2025-08-23 07:45:00+00:00,889.3,889.3,886.69,887.32,1764.525
2025-08-23 08:00:00+00:00,887.33,889.4,887.33,888.33,1193.629
2025-08-23 08:15:00+00:00,888.33,889.19,884.3,884.71,3472.698
2025-08-23 08:30:00+00:00,884.71,888.22,884.47,887.93,2075.988
2025-08-23 08:45:00+00:00,887.93,891.53,887.89,890.32,3229.139
2025-08-23 09:00:00+00:00,890.31,890.41,888.46,889.96,2333.83
2025-08-23 09:15:00+00:00,889.96,890.34,888.35,889.62,2712.568
2025-08-23 09:30:00+00:00,889.62,897.11,889.4,895.88,12794.723
2025-08-23 09:45:00+00:00,895.87,896.06,893.08,893.63,3015.365
2025-08-23 10:00:00+00:00,893.64,893.64,891.35,891.41,1492.169
2025-08-23 10:15:00+00:00,891.4,891.4,888.88,889.38,2246.75
2025-08-23 10:30:00+00:00,889.39,889.6,887.0,888.0,2267.819
2025-08-23 10:45:00+00:00,888.0,889.0,885.97,886.61,1711.548
2025-08-23 11:00:00+00:00,886.61,888.71,885.89,888.6,1706.143
2025-08-23 11:15:00+00:00,888.61,891.94,888.61,889.72,2713.271
2025-08-23 11:30:00+00:00,889.73,890.03,887.63,888.87,2028.46
2025-08-23 11:45:00+00:00,888.86,889.65,887.02,888.41,1534.719
2025-08-23 12:00:00+00:00,888.42,890.14,885.32,889.89,3476.45
2025-08-23 12:15:00+00:00,889.88,891.9,889.61,890.53,1465.579
2025-08-23 12:30:00+00:00,890.53,891.69,890.23,891.13,1047.843
2025-08-23 12:45:00+00:00,891.13,891.88,890.13,890.84,1606.993
2025-08-23 13:00:00+00:00,890.83,891.76,890.24,891.66,1007.457
2025-08-23 13:15:00+00:00,891.66,892.9,890.41,891.68,1962.848
2025-08-23 13:30:00+00:00,891.68,891.68,889.1,891.16,2055.124
2025-08-23 13:45:00+00:00,891.17,894.12,890.76,892.41,1959.501
2025-08-23 14:00:00+00:00,892.4,892.54,890.0,890.2,1411.173
2025-08-23 14:15:00+00:00,890.21,891.95,889.24,891.9,1336.899
2025-08-23 14:30:00+00:00,891.9,893.12,888.54,889.97,1954.299
2025-08-23 14:45:00+00:00,889.96,890.06,887.51,888.7,3743.892
2025-08-23 15:00:00+00:00,888.7,890.9,888.23,889.1,1790.03
2025-08-23 15:15:00+00:00,889.1,890.45,888.99,889.61,1074.627
2025-08-23 15:30:00+00:00,889.61,890.21,888.4,888.86,961.35
2025-08-23 15:45:00+00:00,888.86,889.66,888.39,888.64,1347.171
2025-08-23 16:00:00+00:00,888.64,889.65,888.13,888.81,2180.99
2025-08-23 16:15:00+00:00,888.8,889.77,882.24,883.11,4762.444
2025-08-23 16:30:00+00:00,883.12,884.19,881.82,882.23,2538.37
2025-08-23 16:45:00+00:00,882.23,884.23,882.11,883.95,1309.223
2025-08-23 17:00:00+00:00,883.94,885.25,882.68,882.79,1177.681
2025-08-23 17:15:00+00:00,882.8,882.8,879.75,879.88,2439.025
2025-08-23 17:30:00+00:00,879.89,881.26,879.1,880.17,1542.508
2025-08-23 17:45:00+00:00,880.17,881.47,880.02,881.12,600.671
2025-08-23 18:00:00+00:00,881.12,882.74,881.11,882.09,1189.764
2025-08-23 18:15:00+00:00,882.09,882.28,880.81,881.53,872.299
2025-08-23 18:30:00+00:00,881.53,882.45,881.4,882.45,742.743
2025-08-23 18:45:00+00:00,882.45,882.57,881.0,881.96,710.307
2025-08-23 19:00:00+00:00,881.96,883.54,881.51,882.1,601.206
2025-08-23 19:15:00+00:00,882.1,883.51,881.58,883.51,1234.718
2025-08-23 19:30:00+00:00,883.51,884.12,883.16,883.61,852.371
2025-08-23 19:45:00+00:00,883.6,883.74,882.99,883.38,678.967
2025-08-23 20:00:00+00:00,883.37,883.37,882.0,882.0,399.711
2025-08-23 20:15:00+00:00,882.0,882.52,881.47,881.91,769.986
2025-08-23 20:30:00+00:00,881.91,882.65,880.82,881.55,848.908
2025-08-23 20:45:00+00:00,881.55,882.46,881.54,882.16,390.759
2025-08-23 21:00:00+00:00,882.16,882.23,875.55,880.15,7903.15
2025-08-23 21:15:00+00:00,880.15,880.52,880.0,880.37,2280.867
2025-08-23 21:30:00+00:00,880.36,880.83,880.0,880.24,1951.114
2025-08-23 21:45:00+00:00,880.25,880.69,880.16,880.26,264.947
2025-08-23 22:00:00+00:00,880.26,881.22,880.08,880.52,517.412
2025-08-23 22:15:00+00:00,880.51,881.41,880.0,880.39,1179.473
2025-08-23 22:30:00+00:00,880.4,881.21,880.06,881.15,435.116
2025-08-23 22:45:00+00:00,881.15,882.81,880.44,882.32,1574.838
2025-08-23 23:00:00+00:00,882.32,883.42,881.51,882.01,1985.236
2025-08-23 23:15:00+00:00,882.0,883.93,881.25,883.18,1803.413
2025-08-23 23:30:00+00:00,883.18,883.18,881.51,881.51,793.484
2025-08-23 23:45:00+00:00,881.52,881.64,880.0,880.42,2585.499
2025-08-24 00:00:00+00:00,880.42,881.62,880.3,881.62,850.199
2025-08-24 00:15:00+00:00,881.61,884.29,880.83,883.97,1818.057
2025-08-24 00:30:00+00:00,883.97,886.66,883.42,886.37,3001.194
2025-08-24 00:45:00+00:00,886.37,886.37,885.09,885.59,1380.512
2025-08-24 01:00:00+00:00,885.58,885.59,883.0,883.95,1233.15
2025-08-24 01:15:00+00:00,883.94,884.88,880.51,881.83,1341.852
2025-08-24 01:30:00+00:00,881.83,884.22,880.9,883.57,1608.526
2025-08-24 01:45:00+00:00,883.57,884.32,881.69,882.27,3816.382
2025-08-24 02:00:00+00:00,882.28,884.02,880.98,881.6,6079.011
2025-08-24 02:15:00+00:00,881.6,882.48,880.2,882.39,2373.572
2025-08-24 02:30:00+00:00,882.39,882.64,880.21,880.27,1253.908
2025-08-24 02:45:00+00:00,880.28,880.28,876.3,877.09,8922.576
2025-08-24 03:00:00+00:00,877.08,877.18,874.51,875.67,5654.09
2025-08-24 03:15:00+00:00,875.67,876.55,874.62,875.11,1517.398
2025-08-24 03:30:00+00:00,875.11,877.3,874.9,877.24,1691.115
2025-08-24 03:45:00+00:00,877.25,879.44,877.15,878.64,943.577
2025-08-24 04:00:00+00:00,878.64,881.44,878.64,880.76,1430.38
2025-08-24 04:15:00+00:00,880.76,881.85,880.5,881.25,690.442
2025-08-24 04:30:00+00:00,881.26,882.22,879.71,879.71,657.605
2025-08-24 04:45:00+00:00,879.72,880.83,879.1,880.82,991.391
2025-08-24 05:00:00+00:00,880.83,881.15,878.88,879.17,1145.361
2025-08-24 05:15:00+00:00,879.18,879.61,878.56,878.8,1434.908
2025-08-24 05:30:00+00:00,878.81,880.0,877.78,879.25,1151.141
2025-08-24 05:45:00+00:00,879.26,879.33,875.36,877.93,9872.83
2025-08-24 06:00:00+00:00,877.93,877.93,875.12,875.13,2812.216
2025-08-24 06:15:00+00:00,875.13,875.5,872.24,873.16,4896.615
2025-08-24 06:30:00+00:00,873.16,873.66,871.29,872.91,2369.92
2025-08-24 06:45:00+00:00,872.91,872.91,870.66,871.26,2039.718
2025-08-24 07:00:00+00:00,871.26,873.66,871.0,873.3,1084.474
2025-08-24 07:15:00+00:00,873.29,873.62,871.8,873.61,1423.3
2025-08-24 07:30:00+00:00,873.62,874.56,872.26,872.72,1850.253
2025-08-24 07:45:00+00:00,872.72,873.59,870.24,870.36,1825.404
2025-08-24 08:00:00+00:00,870.36,872.05,870.0,871.61,2227.948
2025-08-24 08:15:00+00:00,871.62,872.06,870.32,870.58,1980.297
2025-08-24 08:30:00+00:00,870.58,870.88,868.0,868.41,4610.588
2025-08-24 08:45:00+00:00,868.4,870.62,867.91,869.47,1717.818
2025-08-24 09:00:00+00:00,869.48,870.0,868.11,868.3,1550.099
2025-08-24 09:15:00+00:00,868.3,869.5,868.3,869.11,1158.49
2025-08-24 09:30:00+00:00,869.11,871.28,869.01,869.91,2291.139
2025-08-24 09:45:00+00:00,869.9,869.9,868.34,868.71,1867.759
2025-08-24 10:00:00+00:00,868.7,868.71,865.0,865.0,8277.72
2025-08-24 10:15:00+00:00,865.01,865.14,862.32,863.55,4020.77
2025-08-24 10:30:00+00:00,863.56,863.8,861.64,862.8,2123.519
2025-08-24 10:45:00+00:00,862.8,864.39,861.97,862.41,3841.3
2025-08-24 11:00:00+00:00,862.41,863.92,860.6,862.37,3989.73
2025-08-24 11:15:00+00:00,862.37,863.18,860.49,862.96,3017.984
2025-08-24 11:30:00+00:00,862.96,863.82,861.75,861.76,1736.099
2025-08-24 11:45:00+00:00,861.77,862.82,861.22,861.5,1408.523
2025-08-24 12:00:00+00:00,861.49,862.3,860.7,861.8,1168.394
2025-08-24 12:15:00+00:00,861.8,862.16,860.6,861.28,930.738
2025-08-24 12:30:00+00:00,861.29,861.81,860.22,860.8,933.107
2025-08-24 12:45:00+00:00,860.8,861.47,860.0,861.2,3429.106
2025-08-24 13:00:00+00:00,861.2,863.12,861.01,862.65,1569.206
2025-08-24 13:15:00+00:00,862.65,864.33,862.47,864.05,2859.721
2025-08-24 13:30:00+00:00,864.05,865.67,863.62,864.04,3560.027
2025-08-24 13:45:00+00:00,864.05,864.94,863.07,863.09,1317.164
2025-08-24 14:00:00+00:00,863.08,863.37,861.33,862.2,4395.781
2025-08-24 14:15:00+00:00,862.2,864.76,862.1,863.9,1915.384
2025-08-24 14:30:00+00:00,863.9,865.37,863.25,864.9,2021.142
2025-08-24 14:45:00+00:00,864.91,869.0,864.87,868.34,4379.241
2025-08-24 15:00:00+00:00,868.34,871.63,867.42,870.29,5208.799
2025-08-24 15:15:00+00:00,870.29,872.37,869.42,870.05,4778.742
2025-08-24 15:30:00+00:00,870.05,870.89,867.8,868.21,2937.742
2025-08-24 15:45:00+00:00,868.22,868.31,865.42,867.43,2054.172
2025-08-24 16:00:00+00:00,867.43,869.14,865.97,868.39,3752.032
2025-08-24 16:15:00+00:00,868.39,868.76,866.0,866.29,2167.261
2025-08-24 16:30:00+00:00,866.29,868.37,866.0,867.77,1451.586
2025-08-24 16:45:00+00:00,867.76,868.35,867.01,867.37,1476.0
2025-08-24 17:00:00+00:00,867.37,873.1,867.36,873.09,4926.217
2025-08-24 17:15:00+00:00,873.09,873.58,870.13,871.6,2398.294
2025-08-24 17:30:00+00:00,871.6,875.79,870.11,875.78,3945.715
2025-08-24 17:45:00+00:00,875.78,876.0,872.25,873.97,3690.524
2025-08-24 18:00:00+00:00,873.97,876.02,872.39,875.63,2846.964
2025-08-24 18:15:00+00:00,875.62,879.86,875.39,878.69,3044.988
2025-08-24 18:30:00+00:00,878.69,883.46,878.05,881.72,4978.824
2025-08-24 18:45:00+00:00,881.71,882.38,878.14,879.71,2347.245
2025-08-24 19:00:00+00:00,879.71,881.61,878.39,879.59,2008.696
2025-08-24 19:15:00+00:00,879.58,881.41,878.92,879.95,2455.878
2025-08-24 19:30:00+00:00,879.95,880.01,859.34,871.56,24132.839
2025-08-24 19:45:00+00:00,871.56,871.81,862.24,869.52,10838.424
2025-08-24 20:00:00+00:00,869.51,869.73,860.35,864.32,10008.957
2025-08-24 20:15:00+00:00,864.32,872.33,863.91,870.36,6217.396
2025-08-24 20:30:00+00:00,870.37,871.86,867.63,871.68,3162.296
2025-08-24 20:45:00+00:00,871.68,871.68,868.14,868.98,1560.616
2025-08-24 21:00:00+00:00,868.97,871.4,866.39,870.67,3414.782
2025-08-24 21:15:00+00:00,870.67,871.52,868.87,869.63,1420.441
2025-08-24 21:30:00+00:00,869.63,877.14,869.33,874.73,3315.604
2025-08-24 21:45:00+00:00,874.73,878.99,874.36,876.07,3073.366
2025-08-24 22:00:00+00:00,876.08,878.8,873.71,877.35,1763.132
2025-08-24 22:15:00+00:00,877.35,878.6,872.34,872.35,2145.59
2025-08-24 22:30:00+00:00,872.35,876.16,871.78,875.85,1656.61
2025-08-24 22:45:00+00:00,875.86,878.4,875.0,877.61,1136.945
2025-08-24 23:00:00+00:00,877.6,880.24,876.48,878.51,1862.845
2025-08-24 23:15:00+00:00,878.52,879.25,877.51,878.69,1017.667
2025-08-24 23:30:00+00:00,878.69,878.98,876.35,877.08,1289.877
2025-08-24 23:45:00+00:00,877.08,877.86,875.46,876.51,1545.38
2025-08-25 00:00:00+00:00,876.51,878.37,876.01,877.12,2483.19
2025-08-25 00:15:00+00:00,877.13,878.11,873.01,873.16,3907.723
2025-08-25 00:30:00+00:00,873.17,873.2,865.73,867.48,5325.554
2025-08-25 00:45:00+00:00,867.48,874.15,867.13,873.11,3296.739
2025-08-25 01:00:00+00:00,873.11,875.29,872.58,875.05,1877.026
2025-08-25 01:15:00+00:00,875.05,877.38,871.84,875.93,2374.195
2025-08-25 01:30:00+00:00,875.94,876.45,873.92,873.95,1167.095
2025-08-25 01:45:00+00:00,873.95,877.0,873.75,874.93,1426.483
2025-08-25 02:00:00+00:00,874.93,878.27,874.8,877.69,3595.76
2025-08-25 02:15:00+00:00,877.7,879.2,876.72,877.48,1891.654
2025-08-25 02:30:00+00:00,877.49,878.96,877.3,877.55,1402.089
2025-08-25 02:45:00+00:00,877.55,879.65,877.48,879.01,1272.38
2025-08-25 03:00:00+00:00,879.0,880.72,878.28,878.51,2989.898
2025-08-25 03:15:00+00:00,878.52,880.75,875.04,876.51,2949.789
2025-08-25 03:30:00+00:00,876.52,878.46,875.28,877.73,1332.167
2025-08-25 03:45:00+00:00,877.74,878.32,875.74,876.2,755.587
2025-08-25 04:00:00+00:00,876.2,877.64,874.47,874.65,1806.321
2025-08-25 04:15:00+00:00,874.65,876.64,874.28,875.44,1631.201
2025-08-25 04:30:00+00:00,875.43,876.15,874.14,875.95,1483.907
2025-08-25 04:45:00+00:00,875.94,877.98,875.62,877.32,1998.952
2025-08-25 05:00:00+00:00,877.33,878.6,875.95,876.77,2314.41
2025-08-25 05:15:00+00:00,876.77,880.0,876.19,878.78,4998.031
2025-08-25 05:30:00+00:00,878.78,880.0,877.24,878.67,3832.677
2025-08-25 05:45:00+00:00,878.68,879.26,874.01,874.38,1624.946
2025-08-25 06:00:00+00:00,874.38,875.08,870.75,871.87,5493.462
2025-08-25 06:15:00+00:00,871.87,873.61,869.14,871.12,3170.406
2025-08-25 06:30:00+00:00,871.12,871.83,867.11,867.11,3985.568
2025-08-25 06:45:00+00:00,867.11,867.17,863.0,863.53,5973.864
2025-08-25 07:00:00+00:00,863.53,867.3,863.3,866.58,5334.768
2025-08-25 07:15:00+00:00,866.59,867.88,864.2,864.21,2015.963
2025-08-25 07:30:00+00:00,864.21,864.81,860.82,862.99,4268.12
2025-08-25 07:45:00+00:00,863.0,863.17,857.0,858.54,7398.545
2025-08-25 08:00:00+00:00,858.53,859.06,853.9,858.46,7961.76
2025-08-25 08:15:00+00:00,858.46,862.86,858.3,861.25,2965.213
2025-08-25 08:30:00+00:00,861.25,864.0,860.17,861.45,3320.471
2025-08-25 08:45:00+00:00,861.45,863.0,860.61,860.64,2088.389
2025-08-25 09:00:00+00:00,860.63,861.1,857.42,859.82,1955.287
2025-08-25 09:15:00+00:00,859.82,860.93,858.1,858.11,1285.328
2025-08-25 09:30:00+00:00,858.12,860.1,857.7,859.79,1396.807
2025-08-25 09:45:00+00:00,859.79,861.07,858.32,860.99,1201.919
2025-08-25 10:00:00+00:00,860.99,860.99,857.78,858.3,2808.517
2025-08-25 10:15:00+00:00,858.3,858.3,852.09,852.69,4046.84
2025-08-25 10:30:00+00:00,852.7,853.43,850.58,851.92,4263.028
2025-08-25 10:45:00+00:00,851.91,854.25,851.0,851.83,3143.082
2025-08-25 11:00:00+00:00,851.82,853.16,850.92,853.05,3954.753
2025-08-25 11:15:00+00:00,853.05,854.49,852.7,854.04,1391.255
2025-08-25 11:30:00+00:00,854.04,855.96,853.3,854.09,1787.731
2025-08-25 11:45:00+00:00,854.09,854.99,853.7,854.52,2075.992
2025-08-25 12:00:00+00:00,854.53,856.77,854.0,856.32,2313.545
2025-08-25 12:15:00+00:00,856.32,858.22,855.6,858.08,1945.037
2025-08-25 12:30:00+00:00,858.08,864.46,856.43,861.23,10306.241
2025-08-25 12:45:00+00:00,861.23,863.26,860.0,862.95,2553.712
2025-08-25 13:00:00+00:00,862.95,862.95,859.77,860.51,1848.964
2025-08-25 13:15:00+00:00,860.51,863.04,858.85,862.11,1747.477
2025-08-25 13:30:00+00:00,862.11,862.48,858.23,858.24,3656.458
2025-08-25 13:45:00+00:00,858.24,861.99,854.51,860.53,5075.914
2025-08-25 14:00:00+00:00,860.54,867.31,859.15,865.81,4480.342
2025-08-25 14:15:00+00:00,865.8,868.97,865.24,866.39,4993.522
2025-08-25 14:30:00+00:00,866.39,869.82,865.38,867.39,2828.03
2025-08-25 14:45:00+00:00,867.39,871.72,866.96,870.46,5557.71
2025-08-25 15:00:00+00:00,870.46,871.11,865.91,866.14,3080.88
2025-08-25 15:15:00+00:00,866.15,868.91,865.86,866.61,2025.995
2025-08-25 15:30:00+00:00,866.61,867.58,863.37,864.53,1745.299
2025-08-25 15:45:00+00:00,864.52,864.52,862.2,863.52,1069.913
2025-08-25 16:00:00+00:00,863.52,866.84,861.24,866.81,2035.249
2025-08-25 16:15:00+00:00,866.81,868.52,866.06,867.17,1247.529
2025-08-25 16:30:00+00:00,867.16,869.85,865.57,869.35,2136.655
2025-08-25 16:45:00+00:00,869.35,870.25,866.09,866.12,1979.566
2025-08-25 17:00:00+00:00,866.12,866.29,862.25,863.86,2813.879
2025-08-25 17:15:00+00:00,863.86,867.0,861.79,866.38,2142.859
2025-08-25 17:30:00+00:00,866.38,867.0,862.52,863.38,1275.682
2025-08-25 17:45:00+00:00,863.39,865.33,862.62,863.96,1327.54
2025-08-25 18:00:00+00:00,863.96,867.21,862.71,866.09,1520.634
2025-08-25 18:15:00+00:00,866.1,866.6,865.22,866.04,1213.627
2025-08-25 18:30:00+00:00,866.04,866.56,863.81,864.6,1692.405
2025-08-25 18:45:00+00:00,864.6,866.39,864.41,865.35,988.306
2025-08-25 19:00:00+00:00,865.35,865.96,863.66,864.29,1725.018
2025-08-25 19:15:00+00:00,864.3,864.6,860.0,862.81,3604.574
2025-08-25 19:30:00+00:00,862.8,863.48,858.87,859.79,7213.956
2025-08-25 19:45:00+00:00,859.8,860.4,853.08,853.88,4255.708
2025-08-25 20:00:00+00:00,853.88,857.5,850.0,852.06,7559.241
2025-08-25 20:15:00+00:00,852.06,856.0,851.5,854.56,2478.71
2025-08-25 20:30:00+00:00,854.56,854.71,845.57,847.89,15449.522
2025-08-25 20:45:00+00:00,847.89,848.88,837.77,837.87,11851.899
2025-08-25 21:00:00+00:00,837.9,841.2,832.76,834.18,17922.203
2025-08-25 21:15:00+00:00,834.18,839.35,833.46,835.75,4854.053
2025-08-25 21:30:00+00:00,835.76,841.01,834.21,838.3,4112.33
2025-08-25 21:45:00+00:00,838.3,843.16,838.29,838.76,2378.053
2025-08-25 22:00:00+00:00,838.76,842.1,838.22,840.98,3480.746
2025-08-25 22:15:00+00:00,840.98,843.9,839.27,843.4,2743.848
2025-08-25 22:30:00+00:00,843.41,846.1,842.18,845.84,3337.776
2025-08-25 22:45:00+00:00,845.84,845.86,841.88,842.13,1591.416
2025-08-25 23:00:00+00:00,842.13,842.13,838.49,840.15,2843.202
2025-08-25 23:15:00+00:00,840.15,841.18,836.87,838.8,2044.663
2025-08-25 23:30:00+00:00,838.8,840.54,837.72,840.38,2550.929
2025-08-25 23:45:00+00:00,840.4,841.45,838.77,839.32,1944.496
2025-08-26 00:00:00+00:00,839.32,839.64,836.4,839.39,3218.56
2025-08-26 00:15:00+00:00,839.39,841.7,837.7,840.14,2435.903
2025-08-26 00:30:00+00:00,840.14,842.23,834.63,834.96,5770.496
2025-08-26 00:45:00+00:00,834.97,835.59,829.59,833.05,20760.258
2025-08-26 01:00:00+00:00,833.05,838.41,831.04,835.69,4680.352
2025-08-26 01:15:00+00:00,835.7,840.79,835.7,840.76,1702.311
2025-08-26 01:30:00+00:00,840.76,843.06,839.55,842.8,2455.337
2025-08-26 01:45:00+00:00,842.8,845.44,842.47,844.96,2541.225
2025-08-26 02:00:00+00:00,844.95,848.66,844.08,848.5,5062.164
2025-08-26 02:15:00+00:00,848.5,848.67,844.92,847.2,3317.685
2025-08-26 02:30:00+00:00,847.2,848.3,845.06,848.22,3150.13
2025-08-26 02:45:00+00:00,848.22,849.71,846.61,847.21,2786.919
2025-08-26 03:00:00+00:00,847.21,848.0,844.16,844.17,1491.223
2025-08-26 03:15:00+00:00,844.17,846.64,843.12,844.87,1186.045
2025-08-26 03:30:00+00:00,844.87,846.2,844.7,845.6,648.792
2025-08-26 03:45:00+00:00,845.6,845.7,844.2,844.58,632.82
2025-08-26 04:00:00+00:00,844.58,846.16,844.48,846.01,912.177
2025-08-26 04:15:00+00:00,846.01,847.7,845.1,845.35,1118.053
2025-08-26 04:30:00+00:00,845.36,846.75,845.2,846.11,889.494
2025-08-26 04:45:00+00:00,846.11,847.61,845.62,845.81,1782.307
2025-08-26 05:00:00+00:00,845.81,846.06,844.42,845.42,2350.213
2025-08-26 05:15:00+00:00,845.42,845.44,843.89,844.31,1373.113
2025-08-26 05:30:00+00:00,844.31,846.8,843.72,846.8,1095.232
2025-08-26 05:45:00+00:00,846.8,847.38,845.02,845.02,1758.547
2025-08-26 06:00:00+00:00,845.02,846.83,844.6,845.6,1514.581
2025-08-26 06:15:00+00:00,845.6,846.16,841.96,842.91,1166.571
2025-08-26 06:30:00+00:00,842.9,843.68,842.1,842.11,1175.413
2025-08-26 06:45:00+00:00,842.1,842.88,840.31,841.26,1362.724
2025-08-26 07:00:00+00:00,841.26,842.08,839.54,840.41,2821.167
2025-08-26 07:15:00+00:00,840.41,841.77,839.16,840.29,2263.343
2025-08-26 07:30:00+00:00,840.29,846.64,839.97,843.29,2265.281
2025-08-26 07:45:00+00:00,843.29,844.24,842.13,842.73,2607.082
2025-08-26 08:00:00+00:00,842.72,845.1,841.66,843.36,2637.348
2025-08-26 08:15:00+00:00,843.37,845.0,841.54,842.01,1442.896
2025-08-26 08:30:00+00:00,842.01,842.4,841.03,842.4,982.977
2025-08-26 08:45:00+00:00,842.4,843.7,842.0,842.91,768.712
2025-08-26 09:00:00+00:00,842.91,843.39,841.31,843.05,752.306
2025-08-26 09:15:00+00:00,843.06,844.34,842.85,843.99,880.181
2025-08-26 09:30:00+00:00,843.98,844.39,842.1,842.1,736.064
2025-08-26 09:45:00+00:00,842.11,844.1,841.6,844.1,775.522
2025-08-26 10:00:00+00:00,844.1,844.83,844.0,844.31,955.134
2025-08-26 10:15:00+00:00,844.31,844.7,843.72,844.19,984.271
2025-08-26 10:30:00+00:00,844.19,844.28,842.9,843.77,1108.416
2025-08-26 10:45:00+00:00,843.77,844.28,842.22,843.01,1606.81
2025-08-26 11:00:00+00:00,843.01,844.57,842.38,844.13,1262.991
2025-08-26 11:15:00+00:00,844.12,844.12,841.36,841.53,840.179
2025-08-26 11:30:00+00:00,841.53,841.53,839.39,840.36,1913.112
2025-08-26 11:45:00+00:00,840.37,841.7,839.44,841.7,909.825
2025-08-26 12:00:00+00:00,841.7,841.84,839.04,839.11,1465.812
2025-08-26 12:15:00+00:00,839.11,840.28,839.0,839.77,729.984
2025-08-26 12:30:00+00:00,839.78,850.86,839.77,848.08,8890.363
2025-08-26 12:45:00+00:00,848.07,849.94,841.67,847.07,4474.109
2025-08-26 13:00:00+00:00,847.06,847.06,844.07,844.6,2904.38
2025-08-26 13:15:00+00:00,844.6,845.72,843.9,844.83,1519.717
2025-08-26 13:30:00+00:00,844.84,849.1,844.03,845.64,4039.04
2025-08-26 13:45:00+00:00,845.65,846.55,839.01,846.3,5451.654
2025-08-26 14:00:00+00:00,846.3,847.16,843.63,844.7,1920.801
2025-08-26 14:15:00+00:00,844.69,849.49,844.3,848.08,1634.93
2025-08-26 14:30:00+00:00,848.08,850.83,847.9,850.29,2870.534
2025-08-26 14:45:00+00:00,850.29,853.3,848.79,852.32,3838.97
2025-08-26 15:00:00+00:00,852.32,853.84,850.0,850.31,2686.374
2025-08-26 15:15:00+00:00,850.31,852.3,849.44,850.41,1502.777
2025-08-26 15:30:00+00:00,850.41,850.59,848.21,848.39,3191.722
2025-08-26 15:45:00+00:00,848.39,850.1,848.21,849.67,1234.55
2025-08-26 16:00:00+00:00,849.67,851.79,849.5,849.61,1325.743
2025-08-26 16:15:00+00:00,849.61,852.1,849.25,851.6,1239.147
2025-08-26 16:30:00+00:00,851.6,852.8,851.0,852.53,1400.97
2025-08-26 16:45:00+00:00,852.53,857.0,852.31,855.92,4788.336
2025-08-26 17:00:00+00:00,855.91,856.29,852.73,853.7,2007.707
2025-08-26 17:15:00+00:00,853.7,854.5,852.64,852.65,917.137
2025-08-26 17:30:00+00:00,852.65,852.76,850.6,851.19,1071.077
2025-08-26 17:45:00+00:00,851.2,851.7,850.11,851.7,975.018
2025-08-26 18:00:00+00:00,851.7,853.01,851.22,852.56,711.733
2025-08-26 18:15:00+00:00,852.56,854.43,852.28,854.09,587.564
2025-08-26 18:30:00+00:00,854.08,856.77,853.6,855.85,1322.002
2025-08-26 18:45:00+00:00,855.84,856.18,855.04,855.33,729.135
2025-08-26 19:00:00+00:00,855.32,855.36,853.7,855.19,557.984
2025-08-26 19:15:00+00:00,855.19,857.91,854.81,857.84,997.368
2025-08-26 19:30:00+00:00,857.83,859.28,857.13,857.66,2044.15
2025-08-26 19:45:00+00:00,857.67,861.13,857.66,860.72,1552.69
2025-08-26 20:00:00+00:00,860.72,862.3,859.83,862.3,1543.163
2025-08-26 20:15:00+00:00,862.29,862.5,861.31,862.33,1069.026
2025-08-26 20:30:00+00:00,862.33,862.46,860.81,861.11,824.978
2025-08-26 20:45:00+00:00,861.11,863.76,860.75,863.75,868.174
2025-08-26 21:00:00+00:00,863.76,863.76,861.06,861.26,924.679
2025-08-26 21:15:00+00:00,861.26,862.56,861.26,861.54,916.383
2025-08-26 21:30:00+00:00,861.54,863.32,861.1,861.32,1160.543
2025-08-26 21:45:00+00:00,861.31,862.69,861.04,862.63,485.276
2025-08-26 22:00:00+00:00,862.63,863.57,862.02,863.43,1254.281
2025-08-26 22:15:00+00:00,863.42,865.05,863.42,864.0,1341.808
2025-08-26 22:30:00+00:00,864.0,865.28,863.24,863.67,1489.92
2025-08-26 22:45:00+00:00,863.67,865.0,863.16,865.0,595.522
2025-08-26 23:00:00+00:00,865.0,868.0,864.23,867.67,2031.609
2025-08-26 23:15:00+00:00,867.66,867.66,864.97,865.15,572.37
2025-08-26 23:30:00+00:00,865.16,865.61,864.04,865.29,1417.106
2025-08-26 23:45:00+00:00,865.29,865.3,862.53,863.7,951.511
2025-08-27 00:00:00+00:00,863.7,863.7,862.19,862.66,1024.517
2025-08-27 00:15:00+00:00,862.66,863.26,861.48,862.95,881.43
2025-08-27 00:30:00+00:00,862.95,864.0,862.53,862.59,744.589
2025-08-27 00:45:00+00:00,862.6,862.65,859.76,860.83,1834.092
2025-08-27 01:00:00+00:00,860.83,861.78,859.6,861.28,1011.704
2025-08-27 01:15:00+00:00,861.28,861.44,859.64,859.64,849.285
2025-08-27 01:30:00+00:00,859.64,861.0,858.03,858.84,2187.161
2025-08-27 01:45:00+00:00,858.84,861.46,858.64,860.86,1148.635
2025-08-27 02:00:00+00:00,860.87,861.31,858.68,859.88,990.041
2025-08-27 02:15:00+00:00,859.89,863.29,859.87,861.47,953.572
2025-08-27 02:30:00+00:00,861.47,864.0,861.4,863.48,866.028
2025-08-27 02:45:00+00:00,863.49,864.37,862.67,862.86,1158.183
2025-08-27 03:00:00+00:00,862.86,863.91,861.69,861.98,943.627
2025-08-27 03:15:00+00:00,861.99,861.99,857.35,857.91,2953.387
2025-08-27 03:30:00+00:00,857.9,859.6,857.9,858.65,896.461
2025-08-27 03:45:00+00:00,858.65,864.5,858.65,862.13,2764.613
2025-08-27 04:00:00+00:00,862.14,866.84,861.68,864.64,3293.157
2025-08-27 04:15:00+00:00,864.63,865.95,863.12,863.58,1620.662
2025-08-27 04:30:00+00:00,863.58,865.59,863.28,864.83,1160.474
2025-08-27 04:45:00+00:00,864.83,866.18,864.0,864.22,1240.844
2025-08-27 05:00:00+00:00,864.23,864.57,861.42,864.11,851.927
2025-08-27 05:15:00+00:00,864.11,864.84,861.42,861.94,1278.105
2025-08-27 05:30:00+00:00,861.94,862.3,860.65,861.88,865.268
2025-08-27 05:45:00+00:00,861.89,861.98,861.23,861.24,459.749
2025-08-27 06:00:00+00:00,861.24,861.5,859.2,859.38,1021.411
2025-08-27 06:15:00+00:00,859.38,859.9,858.18,859.36,810.11
2025-08-27 06:30:00+00:00,859.35,860.36,859.13,859.71,997.69
2025-08-27 06:45:00+00:00,859.7,859.71,858.18,858.76,858.404
2025-08-27 07:00:00+00:00,858.77,859.5,858.42,859.2,1066.993
2025-08-27 07:15:00+00:00,859.2,859.28,857.12,857.73,805.378
2025-08-27 07:30:00+00:00,857.73,858.59,856.88,857.3,1202.097
2025-08-27 07:45:00+00:00,857.3,858.5,856.4,857.32,1098.18
2025-08-27 08:00:00+00:00,857.33,858.6,855.0,856.19,1629.854
2025-08-27 08:15:00+00:00,856.18,856.6,854.03,855.54,1902.855
2025-08-27 08:30:00+00:00,855.55,856.2,853.76,853.97,2947.665
2025-08-27 08:45:00+00:00,853.97,857.33,852.9,857.23,1456.027
2025-08-27 09:00:00+00:00,857.22,858.24,856.7,857.11,777.505
2025-08-27 09:15:00+00:00,857.12,859.11,857.02,859.0,782.834
2025-08-27 09:30:00+00:00,858.99,860.0,858.0,858.06,1045.655
2025-08-27 09:45:00+00:00,858.05,858.4,857.49,857.61,461.742
2025-08-27 10:00:00+00:00,857.6,858.68,857.26,858.68,556.508
2025-08-27 10:15:00+00:00,858.67,859.5,857.3,857.95,996.382
2025-08-27 10:30:00+00:00,857.95,858.8,856.32,857.51,1127.366
2025-08-27 10:45:00+00:00,857.5,858.0,856.65,856.76,916.345
2025-08-27 11:00:00+00:00,856.76,857.74,856.51,857.71,1025.481
2025-08-27 11:15:00+00:00,857.7,858.28,856.56,856.94,1734.344
2025-08-27 11:30:00+00:00,856.94,858.2,856.48,857.91,1492.92
2025-08-27 11:45:00+00:00,857.9,860.0,857.9,859.31,634.27
2025-08-27 12:00:00+00:00,859.31,860.73,857.54,859.35,1164.944
2025-08-27 12:15:00+00:00,859.36,859.7,857.22,857.4,1076.368
2025-08-27 12:30:00+00:00,857.4,858.3,856.23,856.57,1075.154
2025-08-27 12:45:00+00:00,856.56,859.77,856.45,859.5,866.056
2025-08-27 13:00:00+00:00,859.5,859.51,857.2,857.68,1012.973
2025-08-27 13:15:00+00:00,857.68,859.39,857.3,858.76,818.939
2025-08-27 13:30:00+00:00,858.75,862.34,856.08,859.69,2658.7
2025-08-27 13:45:00+00:00,859.69,861.09,858.57,859.17,2898.28
2025-08-27 14:00:00+00:00,859.17,860.95,857.61,859.66,1963.258
2025-08-27 14:15:00+00:00,859.67,862.2,858.8,861.83,1784.397
2025-08-27 14:30:00+00:00,861.84,865.67,861.83,862.61,4224.193
2025-08-27 14:45:00+00:00,862.6,864.6,859.95,862.33,3320.627
2025-08-27 15:00:00+00:00,862.33,865.2,861.29,864.81,1469.321
2025-08-27 15:15:00+00:00,864.82,866.0,862.77,863.91,1823.766
2025-08-27 15:30:00+00:00,863.92,864.39,861.69,863.34,1661.731
2025-08-27 15:45:00+00:00,863.35,865.12,863.11,864.83,1233.732
2025-08-27 16:00:00+00:00,864.83,865.13,863.76,864.63,1062.927
2025-08-27 16:15:00+00:00,864.63,866.42,862.0,863.22,1471.354
2025-08-27 16:30:00+00:00,863.21,863.48,861.13,863.12,1171.021
2025-08-27 16:45:00+00:00,863.11,865.46,862.65,864.26,944.163
2025-08-27 17:00:00+00:00,864.25,864.26,862.51,862.62,1015.795
2025-08-27 17:15:00+00:00,862.62,865.51,862.03,865.1,795.593
2025-08-27 17:30:00+00:00,865.1,866.0,864.18,865.67,679.615
2025-08-27 17:45:00+00:00,865.67,866.86,865.21,866.09,742.536
2025-08-27 18:00:00+00:00,866.09,866.92,865.95,866.4,750.936
2025-08-27 18:15:00+00:00,866.4,867.1,865.25,866.22,903.724
2025-08-27 18:30:00+00:00,866.22,866.3,865.0,865.64,1053.865
2025-08-27 18:45:00+00:00,865.64,866.69,862.95,862.95,892.246
2025-08-27 19:00:00+00:00,862.96,864.13,858.5,859.7,2480.374
2025-08-27 19:15:00+00:00,859.71,862.08,859.25,861.52,953.418
2025-08-27 19:30:00+00:00,861.52,863.11,861.44,861.77,737.048
2025-08-27 19:45:00+00:00,861.77,861.88,860.5,860.71,583.012
2025-08-27 20:00:00+00:00,860.71,860.9,856.77,860.09,2094.819
2025-08-27 20:15:00+00:00,860.1,865.45,855.42,863.25,7452.394
2025-08-27 20:30:00+00:00,863.24,865.14,861.81,864.96,2966.878
2025-08-27 20:45:00+00:00,864.95,865.29,862.69,864.84,1010.412
2025-08-27 21:00:00+00:00,864.84,865.86,863.7,864.3,1071.254
2025-08-27 21:15:00+00:00,864.29,864.64,861.82,862.84,809.966
2025-08-27 21:30:00+00:00,862.84,863.64,860.62,861.78,802.275
2025-08-27 21:45:00+00:00,861.77,862.13,858.11,860.0,3597.641
2025-08-27 22:00:00+00:00,860.0,860.15,854.02,855.56,4611.312
2025-08-27 22:15:00+00:00,855.57,857.15,855.12,856.29,2026.414
2025-08-27 22:30:00+00:00,856.3,859.43,856.2,859.43,744.519
2025-08-27 22:45:00+00:00,859.42,859.47,857.43,857.92,487.664
2025-08-27 23:00:00+00:00,857.92,859.49,857.4,858.41,344.571
2025-08-27 23:15:00+00:00,858.4,858.6,856.0,857.93,704.54
2025-08-27 23:30:00+00:00,857.93,858.66,855.33,855.44,698.998
2025-08-27 23:45:00+00:00,855.44,856.3,854.85,855.18,1204.207
2025-08-28 00:00:00+00:00,855.18,858.31,855.01,857.97,3537.278
2025-08-28 00:15:00+00:00,857.96,858.8,852.3,854.29,2596.276
2025-08-28 00:30:00+00:00,854.3,854.3,850.85,852.84,3491.132
2025-08-28 00:45:00+00:00,852.84,855.4,851.64,853.87,1911.725
2025-08-28 01:00:00+00:00,853.87,856.4,853.76,855.4,1174.004
2025-08-28 01:15:00+00:00,855.39,857.05,854.72,855.08,1234.508
2025-08-28 01:30:00+00:00,855.08,857.44,855.03,855.9,1333.97
2025-08-28 01:45:00+00:00,855.9,857.4,855.28,856.38,2412.431
2025-08-28 02:00:00+00:00,856.38,856.64,854.91,855.13,1757.746
2025-08-28 02:15:00+00:00,855.12,857.84,855.0,857.36,1491.327
2025-08-28 02:30:00+00:00,857.35,857.94,856.61,857.01,1100.947
2025-08-28 02:45:00+00:00,857.01,857.29,856.09,856.62,922.663
2025-08-28 03:00:00+00:00,856.62,859.5,856.23,859.26,862.024
2025-08-28 03:15:00+00:00,859.26,860.4,858.8,860.37,2388.583
2025-08-28 03:30:00+00:00,860.38,862.24,860.34,861.61,1438.078
2025-08-28 03:45:00+00:00,861.6,865.0,860.02,864.32,9021.412
2025-08-28 04:00:00+00:00,864.32,865.38,862.91,864.83,1599.313
2025-08-28 04:15:00+00:00,864.83,865.69,864.16,865.04,1114.158
2025-08-28 04:30:00+00:00,865.05,866.92,864.02,866.17,2531.014
2025-08-28 04:45:00+00:00,866.17,868.85,865.88,868.66,2756.224
2025-08-28 05:00:00+00:00,868.66,872.37,868.01,870.49,5624.74
2025-08-28 05:15:00+00:00,870.5,872.81,868.36,868.71,2542.758
2025-08-28 05:30:00+00:00,868.71,870.0,868.1,868.29,925.171
2025-08-28 05:45:00+00:00,868.29,869.27,866.83,868.62,1526.123
2025-08-28 06:00:00+00:00,868.61,870.75,868.4,869.61,1913.184
2025-08-28 06:15:00+00:00,869.61,871.04,869.0,870.69,1346.679
2025-08-28 06:30:00+00:00,870.69,871.37,869.56,870.99,2336.478
2025-08-28 06:45:00+00:00,870.98,871.65,870.2,871.42,1273.67
2025-08-28 07:00:00+00:00,871.43,872.5,870.47,871.63,1679.257
2025-08-28 07:15:00+00:00,871.63,871.75,869.44,870.67,2402.371
2025-08-28 07:30:00+00:00,870.67,870.77,868.57,868.82,1032.275
2025-08-28 07:45:00+00:00,868.82,869.59,868.39,869.25,940.606
2025-08-28 08:00:00+00:00,869.25,873.03,869.24,871.5,2882.008
2025-08-28 08:15:00+00:00,871.5,871.98,870.23,871.3,1400.741
2025-08-28 08:30:00+00:00,871.31,871.95,870.4,870.4,1190.675
2025-08-28 08:45:00+00:00,870.4,870.4,869.03,869.95,1542.939
2025-08-28 09:00:00+00:00,869.94,869.94,867.61,867.78,1764.663
2025-08-28 09:15:00+00:00,867.78,868.79,867.77,868.36,864.529
2025-08-28 09:30:00+00:00,868.36,868.36,866.86,867.09,2114.298
2025-08-28 09:45:00+00:00,867.1,867.39,865.59,865.95,1326.061
2025-08-28 10:00:00+00:00,865.95,867.63,865.25,867.62,1528.407
2025-08-28 10:15:00+00:00,867.62,868.63,866.74,868.63,955.686
2025-08-28 10:30:00+00:00,868.63,870.25,868.49,869.86,2127.179
2025-08-28 10:45:00+00:00,869.87,870.68,869.4,870.65,1037.935
2025-08-28 11:00:00+00:00,870.66,870.71,869.3,869.69,1247.66
2025-08-28 11:15:00+00:00,869.69,870.58,869.66,870.28,1487.508
2025-08-28 11:30:00+00:00,870.28,871.94,870.1,871.49,2129.185
2025-08-28 11:45:00+00:00,871.48,874.37,871.04,874.27,3177.159
2025-08-28 12:00:00+00:00,874.27,874.85,873.2,874.53,3295.171
2025-08-28 12:15:00+00:00,874.53,874.85,872.84,873.4,2395.136
2025-08-28 12:30:00+00:00,873.4,876.55,871.44,876.5,3764.997
2025-08-28 12:45:00+00:00,876.49,877.2,875.4,876.87,2337.693
2025-08-28 13:00:00+00:00,876.88,878.31,876.14,877.69,2785.398
2025-08-28 13:15:00+00:00,877.69,878.26,875.72,877.22,4195.338
2025-08-28 13:30:00+00:00,877.22,879.32,876.61,878.98,5437.255
2025-08-28 13:45:00+00:00,878.98,879.26,872.88,874.13,7693.206
2025-08-28 14:00:00+00:00,874.14,874.51,871.08,871.71,11260.344
2025-08-28 14:15:00+00:00,871.7,871.81,867.74,868.85,6081.301
2025-08-28 14:30:00+00:00,868.86,873.63,868.42,871.99,3994.446
2025-08-28 14:45:00+00:00,871.99,875.5,871.83,874.49,3654.215
2025-08-28 15:00:00+00:00,874.48,874.48,872.08,872.64,1745.991
2025-08-28 15:15:00+00:00,872.64,874.59,868.9,869.85,3686.746
2025-08-28 15:30:00+00:00,869.85,871.18,868.33,868.8,2367.216
2025-08-28 15:45:00+00:00,868.81,870.0,866.56,869.67,2420.183
2025-08-28 16:00:00+00:00,869.66,871.15,869.66,870.8,1182.658
2025-08-28 16:15:00+00:00,870.8,871.9,868.32,868.9,1240.02
2025-08-28 16:30:00+00:00,868.91,869.79,867.88,869.21,767.952
2025-08-28 16:45:00+00:00,869.21,869.43,863.48,864.72,2499.969
2025-08-28 17:00:00+00:00,864.72,881.36,864.13,874.87,26382.023
2025-08-28 17:15:00+00:00,874.89,878.13,870.55,878.09,4281.859
2025-08-28 17:30:00+00:00,878.1,879.06,875.6,875.77,2515.998
2025-08-28 17:45:00+00:00,875.78,876.52,875.31,875.8,1673.138
2025-08-28 18:00:00+00:00,875.79,876.97,875.43,875.58,2057.37
2025-08-28 18:15:00+00:00,875.58,878.65,874.12,877.96,3316.178
2025-08-28 18:30:00+00:00,877.97,878.56,873.87,873.88,1787.176
2025-08-28 18:45:00+00:00,873.88,874.7,869.06,870.48,4838.764
2025-08-28 19:00:00+00:00,870.48,873.12,870.29,871.05,1476.034
2025-08-28 19:15:00+00:00,871.05,872.75,870.2,872.74,829.653
2025-08-28 19:30:00+00:00,872.74,872.92,868.95,869.64,916.324
2025-08-28 19:45:00+00:00,869.65,870.7,868.37,868.69,1076.579
2025-08-28 20:00:00+00:00,868.69,870.83,868.0,869.7,999.346
2025-08-28 20:15:00+00:00,869.69,870.51,869.34,869.9,440.228
2025-08-28 20:30:00+00:00,869.91,870.14,868.55,869.27,690.932
2025-08-28 20:45:00+00:00,869.26,869.84,868.4,869.62,556.892
2025-08-28 21:00:00+00:00,869.61,872.43,869.3,872.42,1074.187
2025-08-28 21:15:00+00:00,872.43,872.67,871.25,871.74,867.667
2025-08-28 21:30:00+00:00,871.74,872.13,870.45,872.13,603.04
2025-08-28 21:45:00+00:00,872.12,873.83,872.12,873.54,738.244
2025-08-28 22:00:00+00:00,873.54,874.69,873.54,874.58,781.429
2025-08-28 22:15:00+00:00,874.58,875.85,874.57,875.67,762.825
2025-08-28 22:30:00+00:00,875.67,877.07,875.3,876.52,1485.942
2025-08-28 22:45:00+00:00,876.52,877.11,875.93,877.04,434.576
2025-08-28 23:00:00+00:00,877.04,877.15,874.51,875.16,660.302
2025-08-28 23:15:00+00:00,875.17,876.09,874.09,876.01,599.744
2025-08-28 23:30:00+00:00,876.01,876.01,873.41,875.01,1625.607
2025-08-28 23:45:00+00:00,875.01,875.31,873.45,873.47,1142.872
2025-08-29 00:00:00+00:00,873.48,875.32,873.39,874.84,1393.576
2025-08-29 00:15:00+00:00,874.84,878.0,874.31,877.58,1213.988
2025-08-29 00:30:00+00:00,877.57,877.59,874.88,875.38,1074.583
2025-08-29 00:45:00+00:00,875.37,876.2,874.42,875.15,788.635
2025-08-29 01:00:00+00:00,875.15,876.9,873.56,873.81,2588.315
2025-08-29 01:15:00+00:00,873.8,874.32,872.03,873.18,2139.904
2025-08-29 01:30:00+00:00,873.18,876.42,873.18,875.35,1518.072
2025-08-29 01:45:00+00:00,875.34,875.63,873.79,873.83,920.182
2025-08-29 02:00:00+00:00,873.83,875.39,872.32,874.99,1189.894
2025-08-29 02:15:00+00:00,874.98,876.47,874.02,875.75,1644.975
2025-08-29 02:30:00+00:00,875.76,876.62,873.7,874.19,2581.267
2025-08-29 02:45:00+00:00,874.2,874.61,872.74,872.97,1072.158
2025-08-29 03:00:00+00:00,872.96,874.64,872.26,872.48,1173.849
2025-08-29 03:15:00+00:00,872.48,873.9,872.21,873.52,539.852
2025-08-29 03:30:00+00:00,873.52,874.12,872.35,873.73,823.182
2025-08-29 03:45:00+00:00,873.73,874.32,873.23,873.25,2051.603
2025-08-29 04:00:00+00:00,873.25,873.77,871.81,872.01,1114.101
2025-08-29 04:15:00+00:00,872.01,872.11,871.42,871.79,462.332
2025-08-29 04:30:00+00:00,871.79,872.83,871.39,871.92,674.12
2025-08-29 04:45:00+00:00,871.93,871.95,870.02,870.08,1101.64
2025-08-29 05:00:00+00:00,870.09,870.99,869.7,870.18,1412.548
2025-08-29 05:15:00+00:00,870.18,870.19,868.25,869.19,1037.312
2025-08-29 05:30:00+00:00,869.2,870.0,868.76,869.65,664.756
2025-08-29 05:45:00+00:00,869.65,870.62,869.26,870.46,620.596
2025-08-29 06:00:00+00:00,870.45,871.24,869.33,869.33,1048.865
2025-08-29 06:15:00+00:00,869.33,869.35,867.47,867.62,2292.037
2025-08-29 06:30:00+00:00,867.63,868.93,865.21,868.55,5213.1
2025-08-29 06:45:00+00:00,868.55,868.89,864.48,865.8,3564.898
2025-08-29 07:00:00+00:00,865.8,865.8,860.5,860.5,5196.35
2025-08-29 07:15:00+00:00,860.51,861.71,857.65,858.82,4633.289
2025-08-29 07:30:00+00:00,858.82,861.42,858.6,858.81,3929.061
2025-08-29 07:45:00+00:00,858.81,859.74,856.0,857.2,2903.328
2025-08-29 08:00:00+00:00,857.19,860.61,857.04,857.65,3259.06
2025-08-29 08:15:00+00:00,857.65,858.02,855.41,857.96,4246.012
2025-08-29 08:30:00+00:00,857.96,858.22,855.41,856.9,2437.075
2025-08-29 08:45:00+00:00,856.9,857.49,852.6,852.87,3288.913
2025-08-29 09:00:00+00:00,852.87,853.55,850.19,852.52,4040.003
2025-08-29 09:15:00+00:00,852.52,856.19,852.34,855.98,1636.179
2025-08-29 09:30:00+00:00,855.98,856.53,854.4,854.94,1338.903
2025-08-29 09:45:00+00:00,854.94,856.53,854.7,856.2,1086.403
2025-08-29 10:00:00+00:00,856.2,857.96,855.9,857.4,1142.446
2025-08-29 10:15:00+00:00,857.4,858.7,856.72,857.89,1273.654
2025-08-29 10:30:00+00:00,857.9,858.32,856.0,856.26,1797.521
2025-08-29 10:45:00+00:00,856.25,856.62,855.4,855.63,930.542
2025-08-29 11:00:00+00:00,855.63,857.9,854.38,857.69,1918.349
2025-08-29 11:15:00+00:00,857.7,857.7,854.73,855.0,883.072
2025-08-29 11:30:00+00:00,855.0,855.1,853.63,853.71,1114.9
2025-08-29 11:45:00+00:00,853.7,855.33,853.7,854.61,842.949
2025-08-29 12:00:00+00:00,854.62,856.68,854.61,856.66,721.224
2025-08-29 12:15:00+00:00,856.65,857.81,855.52,857.64,1214.181
2025-08-29 12:30:00+00:00,857.64,865.32,857.64,860.89,8353.38
2025-08-29 12:45:00+00:00,860.89,864.38,860.2,864.37,3252.862
2025-08-29 13:00:00+00:00,864.37,865.01,862.35,863.83,3122.043
2025-08-29 13:15:00+00:00,863.83,863.98,861.73,861.91,1206.712
2025-08-29 13:30:00+00:00,861.91,862.22,857.1,859.09,3391.371
2025-08-29 13:45:00+00:00,859.1,859.35,855.04,857.23,5158.344
2025-08-29 14:00:00+00:00,857.23,860.03,852.13,857.42,6982.141
2025-08-29 14:15:00+00:00,857.42,860.63,854.76,859.75,3506.973
2025-08-29 14:30:00+00:00,859.76,862.22,858.63,860.82,2268.414
2025-08-29 14:45:00+00:00,860.81,862.69,857.13,857.95,1621.322
2025-08-29 15:00:00+00:00,857.95,860.3,857.63,859.11,1861.479
2025-08-29 15:15:00+00:00,859.11,861.75,859.1,859.11,2460.568
2025-08-29 15:30:00+00:00,859.11,860.5,858.3,860.5,2077.725
2025-08-29 15:45:00+00:00,860.5,861.13,857.17,858.32,3038.18
2025-08-29 16:00:00+00:00,858.32,858.73,854.18,858.48,5188.347
2025-08-29 16:15:00+00:00,858.48,859.77,856.97,858.39,1251.322
2025-08-29 16:30:00+00:00,858.39,860.1,858.3,858.47,1060.483
2025-08-29 16:45:00+00:00,858.47,858.81,856.8,858.71,1161.511
2025-08-29 17:00:00+00:00,858.7,858.9,854.37,854.51,1923.814
2025-08-29 17:15:00+00:00,854.51,857.42,853.9,855.17,1415.183
2025-08-29 17:30:00+00:00,855.18,857.0,854.95,857.0,924.136
2025-08-29 17:45:00+00:00,857.0,857.9,856.1,856.3,922.654
2025-08-29 18:00:00+00:00,856.29,858.22,855.05,857.4,1541.035
2025-08-29 18:15:00+00:00,857.4,857.9,853.69,854.76,3406.414
2025-08-29 18:30:00+00:00,854.76,855.4,854.08,854.65,2687.949
2025-08-29 18:45:00+00:00,854.66,855.7,853.6,854.34,582.616
2025-08-29 19:00:00+00:00,854.33,857.0,852.86,856.88,1277.366
2025-08-29 19:15:00+00:00,856.87,859.8,856.7,859.4,835.883
2025-08-29 19:30:00+00:00,859.4,860.0,857.3,859.46,807.882
2025-08-29 19:45:00+00:00,859.46,861.03,858.0,858.27,1248.015
2025-08-29 20:00:00+00:00,858.27,858.65,856.32,857.65,962.258
2025-08-29 20:15:00+00:00,857.65,858.7,857.28,858.05,442.29
2025-08-29 20:30:00+00:00,858.06,858.06,855.8,856.38,1165.606
2025-08-29 20:45:00+00:00,856.38,857.17,854.82,855.77,1439.105
2025-08-29 21:00:00+00:00,855.77,856.96,853.28,856.6,2330.865
2025-08-29 21:15:00+00:00,856.6,857.74,856.01,857.49,634.627
2025-08-29 21:30:00+00:00,857.5,859.6,857.5,859.47,916.152
2025-08-29 21:45:00+00:00,859.47,859.56,858.58,859.03,419.034
2025-08-29 22:00:00+00:00,859.03,859.33,856.99,857.0,386.01
2025-08-29 22:15:00+00:00,857.0,858.5,856.96,858.49,743.68
2025-08-29 22:30:00+00:00,858.5,859.37,858.3,858.77,297.83
2025-08-29 22:45:00+00:00,858.77,859.57,858.31,859.45,301.282
2025-08-29 23:00:00+00:00,859.45,859.64,859.03,859.57,660.76
2025-08-29 23:15:00+00:00,859.58,862.0,859.57,862.0,1634.141
2025-08-29 23:30:00+00:00,861.99,863.75,861.99,863.74,860.219
2025-08-29 23:45:00+00:00,863.74,864.0,862.23,862.3,1040.482
2025-08-30 00:00:00+00:00,862.3,862.32,858.31,858.6,3043.324
2025-08-30 00:15:00+00:00,858.6,858.79,857.64,857.82,1409.094
2025-08-30 00:30:00+00:00,857.83,858.1,857.06,857.72,886.045
2025-08-30 00:45:00+00:00,857.72,860.01,857.72,859.45,2051.464
2025-08-30 01:00:00+00:00,859.45,860.54,859.36,859.96,758.609
2025-08-30 01:15:00+00:00,859.95,859.96,857.85,858.0,519.365
2025-08-30 01:30:00+00:00,858.0,858.6,857.3,857.3,946.927
2025-08-30 01:45:00+00:00,857.3,857.31,852.39,852.88,2447.708
2025-08-30 02:00:00+00:00,852.88,856.95,852.27,856.89,2384.528
2025-08-30 02:15:00+00:00,856.9,858.16,856.53,857.73,1567.755
2025-08-30 02:30:00+00:00,857.73,859.4,857.73,858.69,1654.571
2025-08-30 02:45:00+00:00,858.69,858.69,856.46,856.54,770.073
2025-08-30 03:00:00+00:00,856.55,858.5,856.4,858.27,1330.42
2025-08-30 03:15:00+00:00,858.27,861.62,858.27,861.31,2298.198
2025-08-30 03:30:00+00:00,861.31,861.78,860.0,860.59,1082.061
2025-08-30 03:45:00+00:00,860.6,861.58,860.41,860.48,1025.144
2025-08-30 04:00:00+00:00,860.48,860.81,859.93,860.04,633.458
2025-08-30 04:15:00+00:00,860.03,861.54,859.91,861.25,584.115
2025-08-30 04:30:00+00:00,861.25,861.3,857.77,858.45,2603.632
2025-08-30 04:45:00+00:00,858.44,858.48,857.28,857.66,844.685
2025-08-30 05:00:00+00:00,857.65,858.48,857.14,858.01,663.113
2025-08-30 05:15:00+00:00,858.01,858.69,858.0,858.21,735.938
2025-08-30 05:30:00+00:00,858.2,860.05,857.99,859.8,975.76
2025-08-30 05:45:00+00:00,859.81,859.94,858.32,858.67,894.406
2025-08-30 06:00:00+00:00,858.68,860.26,858.68,859.17,735.273
2025-08-30 06:15:00+00:00,859.16,860.3,858.99,860.19,770.204
2025-08-30 06:30:00+00:00,860.18,861.53,860.18,861.22,953.077
2025-08-30 06:45:00+00:00,861.22,862.36,860.2,860.92,1780.041
2025-08-30 07:00:00+00:00,860.91,861.4,860.0,860.86,759.994
2025-08-30 07:15:00+00:00,860.87,861.05,859.9,860.32,559.131
2025-08-30 07:30:00+00:00,860.34,861.18,860.01,861.17,1115.443
2025-08-30 07:45:00+00:00,861.18,861.3,860.22,860.35,863.892
2025-08-30 08:00:00+00:00,860.36,861.1,860.29,860.58,514.049
2025-08-30 08:15:00+00:00,860.57,860.92,860.11,860.91,715.025
2025-08-30 08:30:00+00:00,860.91,861.01,860.0,860.59,831.607
2025-08-30 08:45:00+00:00,860.59,860.59,859.39,859.42,555.081
2025-08-30 09:00:00+00:00,859.42,859.68,858.91,858.91,615.531
2025-08-30 09:15:00+00:00,858.91,860.0,858.91,859.71,380.675
2025-08-30 09:30:00+00:00,859.71,859.71,858.15,858.77,993.164
2025-08-30 09:45:00+00:00,858.77,860.1,858.42,859.33,669.373
2025-08-30 10:00:00+00:00,859.34,860.09,859.0,859.81,400.053
2025-08-30 10:15:00+00:00,859.81,861.0,859.8,860.89,900.273
2025-08-30 10:30:00+00:00,860.89,860.89,859.13,859.46,915.31
2025-08-30 10:45:00+00:00,859.45,860.22,859.25,860.11,447.009
2025-08-30 11:00:00+00:00,860.11,861.36,859.84,861.13,1495.816
2025-08-30 11:15:00+00:00,861.14,861.14,860.4,860.41,440.4
2025-08-30 11:30:00+00:00,860.41,860.41,859.0,859.51,489.075
2025-08-30 11:45:00+00:00,859.51,860.69,859.5,860.3,1143.84
2025-08-30 12:00:00+00:00,860.3,860.37,859.23,859.25,1094.442
2025-08-30 12:15:00+00:00,859.25,859.25,857.2,857.4,807.076
2025-08-30 12:30:00+00:00,857.41,857.5,852.7,853.71,3924.632
2025-08-30 12:45:00+00:00,853.71,855.79,853.54,855.03,1652.261
2025-08-30 13:00:00+00:00,855.02,855.19,852.3,852.36,1764.536
2025-08-30 13:15:00+00:00,852.36,853.48,851.61,852.87,2016.196
2025-08-30 13:30:00+00:00,852.88,854.41,852.54,852.8,1013.139
2025-08-30 13:45:00+00:00,852.79,855.62,852.31,855.13,1668.691
2025-08-30 14:00:00+00:00,855.13,855.14,853.7,853.88,887.456
2025-08-30 14:15:00+00:00,853.89,854.5,853.01,854.5,848.114
2025-08-30 14:30:00+00:00,854.5,856.44,854.5,856.01,1743.369
2025-08-30 14:45:00+00:00,856.01,857.6,856.01,857.1,1341.564
2025-08-30 15:00:00+00:00,857.1,857.21,855.79,857.17,1834.508
2025-08-30 15:15:00+00:00,857.17,859.0,857.17,858.51,1528.504
2025-08-30 15:30:00+00:00,858.5,859.53,857.55,859.53,1181.927
2025-08-30 15:45:00+00:00,859.52,859.7,858.39,859.2,1077.23
2025-08-30 16:00:00+00:00,859.2,859.2,856.31,856.46,1834.389
2025-08-30 16:15:00+00:00,856.47,857.65,856.25,857.23,1069.824
2025-08-30 16:30:00+00:00,857.23,858.36,856.82,858.07,827.944
2025-08-30 16:45:00+00:00,858.06,858.57,857.55,857.56,617.492
2025-08-30 17:00:00+00:00,857.56,858.99,857.43,858.98,671.235
2025-08-30 17:15:00+00:00,858.99,859.0,858.04,858.14,894.088
2025-08-30 17:30:00+00:00,858.13,858.6,857.33,857.52,859.988
2025-08-30 17:45:00+00:00,857.52,858.44,856.9,858.29,749.929
2025-08-30 18:00:00+00:00,858.28,859.17,858.12,858.36,737.666
2025-08-30 18:15:00+00:00,858.36,858.36,857.31,858.13,809.543
2025-08-30 18:30:00+00:00,858.13,858.68,857.48,858.58,763.167
2025-08-30 18:45:00+00:00,858.58,859.29,858.57,858.88,565.728
2025-08-30 19:00:00+00:00,858.87,858.94,857.6,857.9,766.548
2025-08-30 19:15:00+00:00,857.9,858.4,857.07,858.1,1423.321
2025-08-30 19:30:00+00:00,858.1,858.89,857.72,858.86,502.566
2025-08-30 19:45:00+00:00,858.86,858.95,858.27,858.95,329.633
2025-08-30 20:00:00+00:00,858.95,858.97,857.5,857.67,447.068
2025-08-30 20:15:00+00:00,857.68,858.28,857.06,858.28,595.753
2025-08-30 20:30:00+00:00,858.27,858.27,857.08,858.14,641.303
2025-08-30 20:45:00+00:00,858.15,858.99,857.7,858.99,398.934
2025-08-30 21:00:00+00:00,858.99,860.07,858.8,860.07,1258.726
2025-08-30 21:15:00+00:00,860.07,860.07,858.48,859.42,518.78
2025-08-30 21:30:00+00:00,859.41,859.7,858.52,859.69,866.79
2025-08-30 21:45:00+00:00,859.7,860.75,859.2,860.58,544.264
2025-08-30 22:00:00+00:00,860.58,860.98,859.64,859.88,949.05
2025-08-30 22:15:00+00:00,859.88,860.9,859.88,860.88,865.822
2025-08-30 22:30:00+00:00,860.88,861.32,860.62,861.23,464.589
2025-08-30 22:45:00+00:00,861.23,861.77,861.0,861.69,463.706
2025-08-30 23:00:00+00:00,861.69,863.68,861.69,863.29,1692.445
2025-08-30 23:15:00+00:00,863.29,864.0,862.63,863.71,1051.244
2025-08-30 23:30:00+00:00,863.7,863.92,862.11,862.48,901.082
2025-08-30 23:45:00+00:00,862.47,862.48,861.72,862.0,419.99
2025-08-31 00:00:00+00:00,862.0,862.82,860.47,860.52,1393.506
2025-08-31 00:15:00+00:00,860.52,860.52,859.39,860.3,925.705
2025-08-31 00:30:00+00:00,860.29,862.87,860.29,862.73,1503.855
2025-08-31 00:45:00+00:00,862.72,863.85,861.92,863.35,1913.98
2025-08-31 01:00:00+00:00,863.35,863.48,861.0,861.3,1141.179
2025-08-31 01:15:00+00:00,861.31,862.0,861.11,861.79,897.544
2025-08-31 01:30:00+00:00,861.79,863.28,861.61,862.95,1052.175
2025-08-31 01:45:00+00:00,862.95,863.61,862.37,862.91,976.662
2025-08-31 02:00:00+00:00,862.91,863.21,862.6,862.91,487.02
2025-08-31 02:15:00+00:00,862.91,863.84,862.6,863.11,2186.743
2025-08-31 02:30:00+00:00,863.11,863.12,862.43,862.44,607.288
2025-08-31 02:45:00+00:00,862.43,862.7,862.3,862.68,323.275
2025-08-31 03:00:00+00:00,862.68,862.78,862.05,862.2,844.156
2025-08-31 03:15:00+00:00,862.2,863.1,861.83,862.35,537.124
2025-08-31 03:30:00+00:00,862.34,863.1,861.95,862.47,476.561
2025-08-31 03:45:00+00:00,862.46,864.5,862.4,863.12,1573.627
2025-08-31 04:00:00+00:00,863.11,863.31,861.69,862.0,1184.063
2025-08-31 04:15:00+00:00,862.0,862.0,860.36,860.36,744.871
2025-08-31 04:30:00+00:00,860.37,860.82,859.5,859.72,695.544
2025-08-31 04:45:00+00:00,859.72,860.17,859.23,860.04,466.301
2025-08-31 05:00:00+00:00,860.04,860.53,859.0,859.37,1067.553
2025-08-31 05:15:00+00:00,859.37,859.83,858.88,858.88,813.643
2025-08-31 05:30:00+00:00,858.88,860.2,858.88,860.03,720.749
2025-08-31 05:45:00+00:00,860.03,860.53,859.78,860.53,954.161
2025-08-31 06:00:00+00:00,860.53,860.74,859.86,860.2,1232.836
2025-08-31 06:15:00+00:00,860.19,860.48,859.4,859.63,1778.938
2025-08-31 06:30:00+00:00,859.63,860.1,859.22,859.22,1552.796
2025-08-31 06:45:00+00:00,859.23,859.46,857.99,858.03,1849.297
2025-08-31 07:00:00+00:00,858.03,859.24,857.91,858.97,495.496
2025-08-31 07:15:00+00:00,858.97,859.24,858.4,858.58,457.23
2025-08-31 07:30:00+00:00,858.58,859.17,858.43,859.11,567.519
2025-08-31 07:45:00+00:00,859.11,859.11,858.6,858.6,819.111
2025-08-31 08:00:00+00:00,858.6,859.48,858.4,859.33,897.679
2025-08-31 08:15:00+00:00,859.34,860.2,859.33,859.73,1190.738
2025-08-31 08:30:00+00:00,859.74,860.56,859.51,860.54,868.588
2025-08-31 08:45:00+00:00,860.55,861.13,860.0,861.1,970.717
2025-08-31 09:00:00+00:00,861.1,861.2,860.6,860.96,506.12
2025-08-31 09:15:00+00:00,860.96,861.4,860.41,860.47,545.214
2025-08-31 09:30:00+00:00,860.47,860.73,860.06,860.4,859.153
2025-08-31 09:45:00+00:00,860.4,860.78,859.45,859.54,2601.836
2025-08-31 10:15:00+00:00,858.47,858.6,857.19,858.01,1087.096
2025-08-31 10:30:00+00:00,858.02,858.58,857.14,857.56,1270.261
2025-08-31 10:45:00+00:00,857.56,859.02,857.0,858.6,728.313
2025-08-31 11:00:00+00:00,858.6,859.47,858.24,859.47,772.25
2025-08-31 11:15:00+00:00,859.47,860.03,858.5,860.03,1010.935
2025-08-31 11:30:00+00:00,860.03,860.31,859.36,859.5,532.51
2025-08-31 11:45:00+00:00,859.49,860.25,859.2,860.07,848.328
2025-08-31 12:00:00+00:00,860.06,860.2,859.12,859.77,771.531
2025-08-31 12:15:00+00:00,859.77,860.34,859.53,859.69,435.67
2025-08-31 12:30:00+00:00,859.7,860.16,859.11,859.56,1004.137
2025-08-31 12:45:00+00:00,859.55,860.88,859.12,860.47,469.725
2025-08-31 13:00:00+00:00,860.47,860.88,859.83,860.2,763.342
2025-08-31 13:15:00+00:00,860.2,861.2,860.16,860.84,681.694
2025-08-31 13:30:00+00:00,860.84,861.4,859.9,860.83,932.07
2025-08-31 13:45:00+00:00,860.83,861.04,859.58,860.6,1481.37
2025-08-31 14:00:00+00:00,860.6,861.9,859.22,859.9,1178.284
2025-08-31 14:15:00+00:00,859.9,860.7,859.26,860.58,853.38
2025-08-31 14:30:00+00:00,860.58,861.49,860.32,860.52,826.578
2025-08-31 14:45:00+00:00,860.52,860.68,859.62,860.04,783.412
2025-08-31 15:00:00+00:00,860.04,861.59,859.78,860.42,1101.97
2025-08-31 15:15:00+00:00,860.43,861.0,860.41,860.83,554.216
2025-08-31 15:30:00+00:00,860.83,861.58,860.6,861.58,599.811
2025-08-31 15:45:00+00:00,861.57,862.12,861.2,861.91,785.547
2025-08-31 16:00:00+00:00,861.91,863.58,861.2,863.56,2023.589
2025-08-31 16:15:00+00:00,863.56,866.2,862.33,864.73,4124.369
2025-08-31 16:30:00+00:00,864.73,866.86,864.43,866.44,1829.125
2025-08-31 16:45:00+00:00,866.45,867.19,864.04,865.78,2901.021
2025-08-31 17:00:00+00:00,865.79,866.0,864.9,865.14,1481.404
2025-08-31 17:15:00+00:00,865.14,866.2,864.14,865.73,989.544
2025-08-31 17:30:00+00:00,865.73,865.83,865.0,865.44,612.219
2025-08-31 17:45:00+00:00,865.45,865.6,864.68,864.68,325.373
2025-08-31 18:00:00+00:00,864.67,865.15,864.33,864.55,378.781
2025-08-31 18:15:00+00:00,864.54,864.9,864.2,864.43,691.624
2025-08-31 18:30:00+00:00,864.42,865.08,864.42,864.62,316.728
2025-08-31 18:45:00+00:00,864.62,865.65,864.61,865.57,394.563
2025-08-31 19:00:00+00:00,865.56,866.09,865.3,865.68,588.344
2025-08-31 19:15:00+00:00,865.68,865.68,864.52,864.85,569.53
2025-08-31 19:30:00+00:00,864.85,865.6,864.53,865.41,311.586
2025-08-31 19:45:00+00:00,865.4,865.41,864.76,864.77,1410.524
2025-08-31 20:00:00+00:00,864.78,866.59,864.6,866.36,721.82
2025-08-31 20:15:00+00:00,866.36,866.5,865.73,866.35,294.892
2025-08-31 20:30:00+00:00,866.34,867.16,865.99,866.27,613.461
2025-08-31 20:45:00+00:00,866.26,866.91,866.01,866.91,340.053
2025-08-31 21:00:00+00:00,866.9,867.26,866.46,867.26,957.601
2025-08-31 21:15:00+00:00,867.25,867.56,866.75,867.13,565.317
2025-08-31 21:30:00+00:00,867.13,867.7,866.91,867.67,718.594
2025-08-31 21:45:00+00:00,867.67,867.67,867.18,867.2,177.916
2025-08-31 22:00:00+00:00,867.21,867.3,866.19,866.97,527.753
2025-08-31 22:15:00+00:00,866.97,867.3,866.76,866.77,268.289
2025-08-31 22:30:00+00:00,866.76,866.77,863.59,863.6,669.388
2025-08-31 22:45:00+00:00,863.6,864.35,862.68,864.2,1047.584
2025-08-31 23:00:00+00:00,864.19,864.2,861.32,861.66,1115.725
2025-08-31 23:15:00+00:00,861.65,861.66,859.2,859.5,2057.562
2025-08-31 23:30:00+00:00,859.5,859.69,857.3,857.6,1828.133
2025-08-31 23:45:00+00:00,857.6,858.69,857.26,857.65,1942.899
2025-09-01 00:00:00+00:00,857.66,858.25,855.27,856.11,3022.057
2025-09-01 00:15:00+00:00,856.11,857.69,854.2,857.28,3184.028
2025-09-01 00:30:00+00:00,857.27,860.34,854.69,860.13,2511.19
2025-09-01 00:45:00+00:00,860.12,862.43,859.43,861.18,2216.39
2025-09-01 01:00:00+00:00,861.18,862.84,859.29,861.0,1637.449
2025-09-01 01:15:00+00:00,860.99,865.01,860.18,864.49,2408.888
2025-09-01 01:30:00+00:00,864.5,866.01,863.8,864.49,2521.73
2025-09-01 01:45:00+00:00,864.48,864.61,861.6,861.61,2670.445
2025-09-01 02:00:00+00:00,861.61,862.65,860.3,861.36,2313.751
2025-09-01 02:15:00+00:00,861.36,861.39,857.0,858.37,3398.118
2025-09-01 02:30:00+00:00,858.37,858.48,855.76,857.01,2286.902
2025-09-01 02:45:00+00:00,857.01,857.21,854.4,856.18,3004.75
2025-09-01 03:00:00+00:00,856.17,857.09,854.13,854.16,1938.317
2025-09-01 03:15:00+00:00,854.17,854.9,853.77,854.43,2251.35
2025-09-01 03:30:00+00:00,854.43,856.29,854.15,855.2,1516.751
2025-09-01 03:45:00+00:00,855.2,857.07,854.3,856.58,1612.912
2025-09-01 04:00:00+00:00,856.57,856.57,854.6,855.45,1383.441
2025-09-01 04:15:00+00:00,855.45,855.76,851.55,852.42,3711.526
2025-09-01 04:30:00+00:00,852.42,852.42,850.04,850.36,2636.094
2025-09-01 04:45:00+00:00,850.35,852.04,849.38,851.99,3011.47
2025-09-01 05:00:00+00:00,851.99,852.93,849.57,850.9,2020.263
2025-09-01 05:15:00+00:00,850.9,852.94,849.37,852.88,1732.808
2025-09-01 05:30:00+00:00,852.89,854.92,851.68,854.52,2187.277
2025-09-01 05:45:00+00:00,854.52,854.72,853.2,853.27,1705.799
2025-09-01 06:00:00+00:00,853.27,853.48,850.44,851.69,2431.193
2025-09-01 06:15:00+00:00,851.69,853.5,850.54,852.35,1540.946
2025-09-01 06:30:00+00:00,852.36,854.66,851.35,854.65,3020.969
2025-09-01 06:45:00+00:00,854.65,855.04,854.19,854.71,2048.784
2025-09-01 07:00:00+00:00,854.71,856.16,854.5,854.88,2802.625
2025-09-01 07:15:00+00:00,854.89,861.49,854.88,861.32,3541.524
2025-09-01 07:30:00+00:00,861.32,863.5,860.61,863.5,3924.503
2025-09-01 07:45:00+00:00,863.5,867.24,863.5,865.56,6679.261
2025-09-01 08:00:00+00:00,865.57,869.15,864.27,865.24,8171.474
2025-09-01 08:15:00+00:00,865.23,866.64,863.26,864.04,9725.386
2025-09-01 08:30:00+00:00,864.04,866.24,863.7,865.53,4546.955
2025-09-01 08:45:00+00:00,865.53,866.14,862.81,863.41,5108.714
2025-09-01 09:00:00+00:00,863.41,864.47,862.4,862.79,4108.623
2025-09-01 09:15:00+00:00,862.79,863.45,860.51,861.3,4014.909
2025-09-01 09:30:00+00:00,861.3,862.0,860.79,861.5,2171.225
2025-09-01 09:45:00+00:00,861.5,861.56,858.09,858.19,4965.379
2025-09-01 10:00:00+00:00,858.19,858.23,856.52,856.59,5924.115
2025-09-01 10:15:00+00:00,856.59,856.7,852.98,853.23,4746.946
2025-09-01 10:30:00+00:00,853.23,853.6,851.0,853.56,4269.522
2025-09-01 10:45:00+00:00,853.56,854.24,852.0,853.78,1898.784
2025-09-01 11:00:00+00:00,853.78,856.03,853.3,854.12,2982.971
2025-09-01 11:15:00+00:00,854.12,855.38,853.6,854.31,1531.114
2025-09-01 11:30:00+00:00,854.31,854.31,851.66,851.67,2183.411
2025-09-01 11:45:00+00:00,851.67,853.59,851.67,852.2,2345.617
2025-09-01 12:00:00+00:00,852.2,853.12,851.21,852.5,1784.521
2025-09-01 12:15:00+00:00,852.5,853.39,851.7,852.58,1915.087
2025-09-01 12:30:00+00:00,852.57,853.72,851.87,851.9,2077.639
2025-09-01 12:45:00+00:00,851.9,853.4,851.58,853.06,1945.545
2025-09-01 13:00:00+00:00,853.05,854.18,852.53,853.4,1841.548
2025-09-01 13:15:00+00:00,853.39,855.18,852.49,854.44,2951.343
2025-09-01 13:30:00+00:00,854.45,854.6,852.55,852.57,1761.042
2025-09-01 13:45:00+00:00,852.56,853.1,851.12,852.09,1955.421
2025-09-01 14:00:00+00:00,852.09,854.07,851.9,853.01,1486.911
2025-09-01 14:15:00+00:00,853.0,853.67,851.89,852.51,2590.382
2025-09-01 14:30:00+00:00,852.52,852.77,850.74,851.99,1781.925
2025-09-01 14:45:00+00:00,851.98,853.39,850.99,852.48,1812.431
2025-09-01 15:00:00+00:00,852.47,852.5,847.58,850.5,11216.04
2025-09-01 15:15:00+00:00,850.5,851.13,849.15,849.8,1849.365
2025-09-01 15:30:00+00:00,849.81,850.4,849.16,849.34,1999.629
2025-09-01 15:45:00+00:00,849.34,849.61,844.22,847.2,4616.065
2025-09-01 16:00:00+00:00,847.19,848.1,845.52,848.09,1585.37
2025-09-01 16:15:00+00:00,848.09,848.55,846.76,847.81,725.175
2025-09-01 16:30:00+00:00,847.81,848.5,846.57,847.78,1179.784
2025-09-01 16:45:00+00:00,847.77,849.03,846.71,847.88,1437.457
2025-09-01 17:00:00+00:00,847.88,847.99,845.25,845.96,1461.609
2025-09-01 17:15:00+00:00,845.96,846.54,844.54,845.64,3301.868
2025-09-01 17:30:00+00:00,845.64,845.77,844.08,845.4,1407.138
2025-09-01 17:45:00+00:00,845.39,846.07,843.82,845.76,1919.5
2025-09-01 18:00:00+00:00,845.76,847.1,845.24,846.61,1192.675
2025-09-01 18:15:00+00:00,846.61,847.0,845.5,845.85,952.677
2025-09-01 18:30:00+00:00,845.85,846.94,845.52,846.6,587.717
2025-09-01 18:45:00+00:00,846.61,847.57,846.37,847.41,579.553
2025-09-01 19:00:00+00:00,847.41,848.19,846.97,847.9,1118.905
2025-09-01 19:15:00+00:00,847.89,848.5,847.12,847.27,1462.807
2025-09-01 19:30:00+00:00,847.27,848.8,847.17,848.6,675.763
2025-09-01 19:45:00+00:00,848.6,849.4,848.0,849.38,350.337
2025-09-01 20:00:00+00:00,849.39,849.44,848.19,848.2,929.131
2025-09-01 20:15:00+00:00,848.2,848.3,847.21,847.91,548.3
2025-09-01 20:30:00+00:00,847.91,847.91,840.23,840.24,4550.563
2025-09-01 20:45:00+00:00,840.24,845.73,840.0,845.67,7225.261
2025-09-01 21:00:00+00:00,845.68,846.09,842.49,843.36,2749.907
2025-09-01 21:15:00+00:00,843.35,844.28,841.88,843.45,2360.112
2025-09-01 21:30:00+00:00,843.45,843.64,840.0,840.49,2488.115
2025-09-01 21:45:00+00:00,840.49,845.88,840.19,843.9,3883.178
2025-09-01 22:00:00+00:00,843.9,844.0,841.6,843.71,2793.221
2025-09-01 22:15:00+00:00,843.71,845.79,842.63,843.13,2128.406
2025-09-01 22:30:00+00:00,843.13,844.96,842.3,842.31,1428.137
2025-09-01 22:45:00+00:00,842.3,844.94,841.91,844.67,1071.291
2025-09-01 23:00:00+00:00,844.66,846.38,844.44,846.16,1219.712
2025-09-01 23:15:00+00:00,846.16,846.16,844.5,845.69,817.7
2025-09-01 23:30:00+00:00,845.69,847.24,844.27,845.23,2811.912
2025-09-01 23:45:00+00:00,845.23,847.61,845.15,845.68,2088.884
2025-09-02 00:00:00+00:00,845.68,845.96,844.11,844.7,3596.805
2025-09-02 00:15:00+00:00,844.7,846.02,843.7,844.3,3579.544
2025-09-02 00:30:00+00:00,844.3,845.22,843.29,843.64,1401.115
2025-09-02 00:45:00+00:00,843.64,845.58,843.41,845.58,515.941
2025-09-02 01:00:00+00:00,845.58,847.81,845.48,847.3,991.797
2025-09-02 01:15:00+00:00,847.31,848.74,846.1,848.41,1422.514
2025-09-02 01:30:00+00:00,848.42,849.69,846.85,849.34,1178.484
2025-09-02 01:45:00+00:00,849.34,850.31,848.8,848.86,1058.128
2025-09-02 02:00:00+00:00,848.87,850.59,848.72,849.75,809.549
2025-09-02 02:15:00+00:00,849.74,851.0,848.53,850.28,655.984
2025-09-02 02:30:00+00:00,850.29,852.46,850.0,852.04,1484.18
2025-09-02 02:45:00+00:00,852.04,853.79,850.47,853.63,2105.651
2025-09-02 03:00:00+00:00,853.64,854.0,852.18,853.86,2540.633
2025-09-02 03:15:00+00:00,853.86,854.28,851.37,851.76,1341.526
2025-09-02 03:30:00+00:00,851.77,851.98,850.29,851.69,1488.847
2025-09-02 03:45:00+00:00,851.7,852.8,851.69,852.4,784.8
2025-09-02 04:00:00+00:00,852.41,852.43,850.61,850.76,1596.534
2025-09-02 04:15:00+00:00,850.75,852.43,850.75,852.01,1055.614
2025-09-02 04:30:00+00:00,852.01,852.8,852.0,852.79,1042.429
2025-09-02 04:45:00+00:00,852.8,853.55,852.0,853.55,773.938
2025-09-02 05:00:00+00:00,853.55,853.88,851.4,852.54,1054.808
2025-09-02 05:15:00+00:00,852.54,852.89,851.91,852.86,702.86
2025-09-02 05:30:00+00:00,852.86,853.0,852.01,852.08,1042.655
2025-09-02 05:45:00+00:00,852.08,852.39,851.26,852.38,1443.973
2025-09-02 06:00:00+00:00,852.39,853.3,852.04,852.95,1095.572
2025-09-02 06:15:00+00:00,852.95,853.77,852.4,853.3,873.257
2025-09-02 06:30:00+00:00,853.31,854.58,852.76,854.11,1334.354
2025-09-02 06:45:00+00:00,854.11,855.76,854.06,855.1,1426.626
2025-09-02 07:00:00+00:00,855.1,855.36,854.1,854.15,1498.244
2025-09-02 07:15:00+00:00,854.14,855.0,853.46,854.77,2810.111
2025-09-02 07:30:00+00:00,854.77,855.81,854.5,855.31,2131.116
2025-09-02 07:45:00+00:00,855.31,855.8,853.2,855.2,2415.699
2025-09-02 08:00:00+00:00,855.2,856.68,854.5,855.07,3130.276
2025-09-02 08:15:00+00:00,855.07,856.63,855.06,856.09,2246.297
2025-09-02 08:30:00+00:00,856.1,856.46,854.7,856.2,2332.818
2025-09-02 08:45:00+00:00,856.19,856.64,855.3,855.31,1797.919
2025-09-02 09:00:00+00:00,855.31,855.93,853.0,855.22,3317.399
2025-09-02 09:15:00+00:00,855.22,855.6,853.74,854.11,2349.648
2025-09-02 09:30:00+00:00,854.12,854.51,853.52,854.23,2337.71
2025-09-02 09:45:00+00:00,854.24,854.24,851.31,852.14,4756.562
2025-09-02 10:00:00+00:00,852.14,852.6,848.49,849.84,6785.406
2025-09-02 10:15:00+00:00,849.85,850.02,848.48,849.45,2229.015
2025-09-02 10:30:00+00:00,849.45,851.97,849.41,851.54,2308.704
2025-09-02 10:45:00+00:00,851.55,851.7,850.51,851.46,1533.31
2025-09-02 11:00:00+00:00,851.45,851.7,850.1,850.26,845.771
2025-09-02 11:15:00+00:00,850.26,850.96,849.59,849.6,1989.51
2025-09-02 11:30:00+00:00,849.6,850.72,848.86,848.93,1577.305
2025-09-02 11:45:00+00:00,848.93,849.8,846.72,847.71,2160.177
2025-09-02 12:00:00+00:00,847.7,848.35,845.0,845.64,3258.622
2025-09-02 12:15:00+00:00,845.64,847.02,845.2,846.97,1148.131
2025-09-02 12:30:00+00:00,846.97,847.54,842.51,843.82,3447.824
2025-09-02 12:45:00+00:00,843.81,843.95,840.77,841.36,4851.542
2025-09-02 13:00:00+00:00,841.36,844.17,840.71,843.14,4143.377
2025-09-02 13:15:00+00:00,843.14,845.72,843.14,844.27,1508.118
2025-09-02 13:30:00+00:00,844.28,848.89,842.95,848.62,5548.633
2025-09-02 13:45:00+00:00,848.61,851.75,848.0,850.89,4594.352
2025-09-02 14:00:00+00:00,850.9,852.58,847.59,849.48,5043.333
2025-09-02 14:15:00+00:00,849.47,851.36,847.68,850.89,2239.98
2025-09-02 14:30:00+00:00,850.88,851.89,850.0,850.58,1969.654
2025-09-02 14:45:00+00:00,850.6,850.88,848.8,850.31,2099.078
2025-09-02 15:00:00+00:00,850.3,850.65,847.3,850.0,1601.114
2025-09-02 15:15:00+00:00,850.0,850.95,848.75,849.88,1929.877
2025-09-02 15:30:00+00:00,849.88,849.88,847.64,847.71,1168.789
2025-09-02 15:45:00+00:00,847.7,848.4,845.3,846.84,1947.342
2025-09-02 16:00:00+00:00,846.84,849.1,846.8,848.32,1077.717
2025-09-02 16:15:00+00:00,848.32,849.16,845.72,846.0,1151.92
2025-09-02 16:30:00+00:00,846.0,848.56,845.99,847.99,1028.181
2025-09-02 16:45:00+00:00,848.0,849.77,846.8,846.97,2106.82
2025-09-02 17:00:00+00:00,846.97,849.0,846.9,848.39,1059.12
2025-09-02 17:15:00+00:00,848.39,849.88,848.31,849.71,785.269
2025-09-02 17:30:00+00:00,849.71,850.0,849.44,849.75,3646.232
2025-09-02 17:45:00+00:00,849.75,851.0,849.11,850.92,1051.156
2025-09-02 18:00:00+00:00,850.91,851.0,849.3,849.77,597.355
2025-09-02 18:15:00+00:00,849.76,850.0,848.8,849.26,565.661
2025-09-02 18:30:00+00:00,849.26,849.8,848.28,848.39,499.555
2025-09-02 18:45:00+00:00,848.4,850.89,846.84,849.84,775.34
2025-09-02 19:00:00+00:00,849.84,851.35,848.73,848.8,970.811
2025-09-02 19:15:00+00:00,848.8,850.08,848.4,848.71,612.578
2025-09-02 19:30:00+00:00,848.71,849.8,848.0,849.48,928.182
2025-09-02 19:45:00+00:00,849.48,850.1,849.25,849.84,376.806
2025-09-02 20:00:00+00:00,849.84,851.1,849.4,851.1,778.871
2025-09-02 20:15:00+00:00,851.1,853.96,851.09,852.13,1221.937
2025-09-02 20:30:00+00:00,852.13,853.39,851.4,852.58,512.411
2025-09-02 20:45:00+00:00,852.57,852.6,850.65,851.81,929.506
2025-09-02 21:00:00+00:00,851.81,852.92,851.6,852.81,744.109
2025-09-02 21:15:00+00:00,852.8,852.95,851.58,852.24,940.415
2025-09-02 21:30:00+00:00,852.25,853.32,852.13,852.8,613.014
2025-09-02 21:45:00+00:00,852.81,853.7,852.51,853.51,866.39
2025-09-02 22:00:00+00:00,853.5,853.5,851.47,852.91,804.424
2025-09-02 22:15:00+00:00,852.91,853.3,850.4,851.1,1254.212
2025-09-02 22:30:00+00:00,851.1,852.2,850.6,852.08,706.593
2025-09-02 22:45:00+00:00,852.09,852.69,851.7,852.62,447.078
2025-09-02 23:00:00+00:00,852.62,853.11,851.58,852.71,552.039
2025-09-02 23:15:00+00:00,852.71,852.8,851.58,851.73,432.728
2025-09-02 23:30:00+00:00,851.73,852.0,851.18,851.71,384.359
2025-09-02 23:45:00+00:00,851.71,852.0,851.53,851.8,461.499
2025-09-03 00:00:00+00:00,851.8,852.68,851.26,852.65,1277.328
2025-09-03 00:15:00+00:00,852.66,854.0,852.49,853.55,1899.839
2025-09-03 00:30:00+00:00,853.54,853.67,851.06,851.33,1025.748
2025-09-03 00:45:00+00:00,851.33,851.33,850.0,850.68,804.534
2025-09-03 01:00:00+00:00,850.68,850.69,849.42,849.62,934.209
2025-09-03 01:15:00+00:00,849.61,850.27,849.22,849.32,585.397
2025-09-03 01:30:00+00:00,849.33,850.02,849.21,849.25,857.749
2025-09-03 01:45:00+00:00,849.26,852.16,848.91,852.1,1632.115
2025-09-03 02:00:00+00:00,852.1,852.96,850.75,851.65,974.243
2025-09-03 02:15:00+00:00,851.64,853.33,851.55,852.9,732.218
2025-09-03 02:30:00+00:00,852.9,852.91,851.94,852.63,732.085
2025-09-03 02:45:00+00:00,852.63,853.63,852.6,853.1,1006.834
2025-09-03 03:00:00+00:00,853.1,853.7,852.23,852.4,745.933
2025-09-03 03:15:00+00:00,852.4,852.8,852.03,852.26,684.804
2025-09-03 03:30:00+00:00,852.26,852.28,851.12,851.67,520.646
2025-09-03 03:45:00+00:00,851.67,852.18,851.33,851.57,505.452
2025-09-03 04:00:00+00:00,851.56,852.47,851.28,851.33,536.885
2025-09-03 04:15:00+00:00,851.32,852.15,851.03,851.83,533.05
2025-09-03 04:30:00+00:00,851.83,852.5,851.82,852.49,511.284
2025-09-03 04:45:00+00:00,852.48,852.8,852.29,852.49,1212.819
2025-09-03 05:00:00+00:00,852.5,852.5,851.08,851.36,609.113
2025-09-03 05:15:00+00:00,851.35,851.38,850.56,851.17,579.304
2025-09-03 05:30:00+00:00,851.17,851.4,850.7,850.79,407.656
2025-09-03 05:45:00+00:00,850.8,850.97,850.4,850.61,303.228
2025-09-03 06:00:00+00:00,850.61,851.04,849.45,851.0,1205.63
2025-09-03 06:15:00+00:00,851.0,851.69,850.79,851.68,697.556
2025-09-03 06:30:00+00:00,851.69,852.56,851.68,851.94,928.242
2025-09-03 06:45:00+00:00,851.93,852.3,851.48,851.9,595.888
2025-09-03 07:00:00+00:00,851.9,852.38,850.96,851.34,810.035
2025-09-03 07:15:00+00:00,851.34,852.3,850.84,852.23,1166.572
2025-09-03 07:30:00+00:00,852.23,854.06,852.23,854.06,1359.787
2025-09-03 07:45:00+00:00,854.05,854.69,853.52,854.65,1430.142
2025-09-03 08:00:00+00:00,854.64,855.21,853.95,854.54,1457.425
2025-09-03 08:15:00+00:00,854.53,855.0,853.4,853.71,1058.126
2025-09-03 08:30:00+00:00,853.71,854.0,852.9,853.29,866.946
2025-09-03 08:45:00+00:00,853.29,853.36,853.0,853.35,525.987
2025-09-03 09:00:00+00:00,853.35,853.68,852.07,852.1,876.728
2025-09-03 09:15:00+00:00,852.11,853.56,852.1,853.19,1041.182
2025-09-03 09:30:00+00:00,853.2,854.03,852.88,853.8,685.799
2025-09-03 09:45:00+00:00,853.8,854.5,853.6,854.31,821.649
2025-09-03 10:00:00+00:00,854.32,854.5,853.23,853.87,1176.251
2025-09-03 10:15:00+00:00,853.88,854.57,853.72,854.1,1346.942
2025-09-03 10:30:00+00:00,854.1,854.35,853.64,853.98,694.342
2025-09-03 10:45:00+00:00,853.98,853.98,853.3,853.63,900.37
2025-09-03 11:00:00+00:00,853.63,854.89,853.4,854.6,1256.678
2025-09-03 11:15:00+00:00,854.61,855.0,854.08,854.57,1198.484
2025-09-03 11:30:00+00:00,854.57,854.78,853.8,854.78,596.332
2025-09-03 11:45:00+00:00,854.78,854.78,853.96,854.01,582.185
2025-09-03 12:00:00+00:00,854.01,854.44,853.4,853.76,1611.805
2025-09-03 12:15:00+00:00,853.77,854.19,853.47,853.62,695.297
2025-09-03 12:30:00+00:00,853.62,854.31,852.9,852.91,2653.566
2025-09-03 12:45:00+00:00,852.92,853.36,852.1,852.27,1065.535
2025-09-03 13:00:00+00:00,852.27,854.1,852.27,854.1,1458.442
2025-09-03 13:15:00+00:00,854.1,855.27,853.96,854.7,1897.487
2025-09-03 13:30:00+00:00,854.71,857.15,853.84,857.03,2471.023
2025-09-03 13:45:00+00:00,857.04,858.1,856.6,856.96,2894.076
2025-09-03 14:00:00+00:00,856.96,858.18,856.45,856.57,2144.271
2025-09-03 14:15:00+00:00,856.58,859.49,856.57,859.25,2450.808
2025-09-03 14:30:00+00:00,859.25,862.83,859.24,862.69,5515.181
2025-09-03 14:45:00+00:00,862.69,864.06,861.08,861.24,3845.708
2025-09-03 15:00:00+00:00,861.24,862.0,859.02,859.89,4037.752
2025-09-03 15:15:00+00:00,859.89,860.1,858.43,858.7,790.403
2025-09-03 15:30:00+00:00,858.7,861.04,858.69,860.98,960.418
2025-09-03 15:45:00+00:00,860.97,861.31,860.29,860.31,2402.258
2025-09-03 16:00:00+00:00,860.3,861.44,859.87,860.59,1422.502
2025-09-03 16:15:00+00:00,860.6,860.68,859.01,859.08,584.665
2025-09-03 16:30:00+00:00,859.08,859.36,857.77,857.78,830.177
2025-09-03 16:45:00+00:00,857.78,858.68,857.59,858.67,628.203
2025-09-03 17:00:00+00:00,858.68,862.36,858.68,861.95,2214.04
2025-09-03 17:15:00+00:00,861.94,861.94,860.56,861.13,1460.537
2025-09-03 17:30:00+00:00,861.13,861.55,860.2,860.2,1110.852
2025-09-03 17:45:00+00:00,860.2,860.87,859.56,860.1,1043.846
2025-09-03 18:00:00+00:00,860.1,860.68,859.63,860.65,802.882
2025-09-03 18:15:00+00:00,860.65,860.65,860.01,860.3,444.184
2025-09-03 18:30:00+00:00,860.3,861.18,859.49,859.62,1743.95
2025-09-03 18:45:00+00:00,859.62,859.62,858.49,858.49,712.563
2025-09-03 19:00:00+00:00,858.48,861.0,858.3,858.36,1624.007
2025-09-03 19:15:00+00:00,858.36,859.18,858.1,858.77,956.375
2025-09-03 19:30:00+00:00,858.78,858.78,857.74,857.75,1842.933
2025-09-03 19:45:00+00:00,857.75,858.23,856.62,857.01,1998.469
2025-09-03 20:00:00+00:00,857.01,857.22,855.01,855.18,2522.724
2025-09-03 20:15:00+00:00,855.18,855.19,852.4,853.44,3896.023
2025-09-03 20:30:00+00:00,853.44,854.83,852.84,853.67,2401.042
2025-09-03 20:45:00+00:00,853.67,854.62,853.31,854.47,681.128
2025-09-03 21:00:00+00:00,854.47,855.51,853.68,855.48,1382.575
2025-09-03 21:15:00+00:00,855.47,856.17,855.01,855.74,1071.157
2025-09-03 21:30:00+00:00,855.74,855.74,854.0,854.15,452.01
2025-09-03 21:45:00+00:00,854.15,854.8,853.3,854.63,447.147
2025-09-03 22:00:00+00:00,854.62,855.61,853.71,855.01,925.142
2025-09-03 22:15:00+00:00,855.01,855.48,854.71,854.76,338.305
2025-09-03 22:30:00+00:00,854.76,854.76,854.02,854.6,572.414
2025-09-03 22:45:00+00:00,854.6,855.47,854.32,855.47,510.068
2025-09-03 23:00:00+00:00,855.47,855.66,854.43,854.56,583.546
2025-09-03 23:15:00+00:00,854.55,855.1,854.32,855.0,246.767
2025-09-03 23:30:00+00:00,855.0,855.3,853.96,854.03,951.554
2025-09-03 23:45:00+00:00,854.03,855.14,854.03,854.76,265.454
2025-09-04 00:00:00+00:00,854.76,855.91,854.68,854.96,1133.945
2025-09-04 00:15:00+00:00,854.97,856.52,854.31,856.33,661.743
2025-09-04 00:30:00+00:00,856.33,856.56,855.87,856.29,460.272
2025-09-04 00:45:00+00:00,856.28,856.72,856.08,856.33,375.296
2025-09-04 01:00:00+00:00,856.33,856.44,854.43,854.57,945.982
2025-09-04 01:15:00+00:00,854.57,855.0,854.04,854.74,376.998
2025-09-04 01:30:00+00:00,854.74,855.5,854.52,854.53,441.399
2025-09-04 01:45:00+00:00,854.52,855.0,854.41,855.0,438.738
2025-09-04 02:00:00+00:00,855.0,855.38,853.75,854.03,1422.069
2025-09-04 02:15:00+00:00,854.03,854.04,852.5,852.51,758.19
2025-09-04 02:30:00+00:00,852.5,852.59,850.85,851.12,1323.851
2025-09-04 02:45:00+00:00,851.12,851.36,850.5,850.6,1853.611
2025-09-04 03:00:00+00:00,850.6,851.0,849.44,850.44,1763.614
2025-09-04 03:15:00+00:00,850.44,851.83,849.91,850.55,1220.634
2025-09-04 03:30:00+00:00,850.56,850.7,848.74,848.75,1332.415
2025-09-04 03:45:00+00:00,848.75,849.29,848.01,848.68,1758.631
2025-09-04 04:00:00+00:00,848.68,848.9,845.08,848.52,3878.647
2025-09-04 04:15:00+00:00,848.52,849.43,848.16,848.45,780.368
2025-09-04 04:30:00+00:00,848.46,849.74,848.08,848.8,965.563
2025-09-04 04:45:00+00:00,848.81,849.16,847.07,847.28,906.795
2025-09-04 05:00:00+00:00,847.28,848.03,846.2,847.36,1759.929
2025-09-04 05:15:00+00:00,847.36,847.64,844.36,845.76,2524.442
2025-09-04 05:30:00+00:00,845.76,847.19,845.68,846.0,1907.254
2025-09-04 05:45:00+00:00,846.01,846.95,845.7,846.95,1649.184
2025-09-04 06:00:00+00:00,846.95,848.11,846.16,847.92,852.431
2025-09-04 06:15:00+00:00,847.91,847.92,846.01,847.19,752.444
2025-09-04 06:30:00+00:00,847.2,847.69,846.6,847.34,1163.614
2025-09-04 06:45:00+00:00,847.35,847.53,845.83,846.88,956.043
2025-09-04 07:00:00+00:00,846.88,848.32,846.56,848.31,1477.519
2025-09-04 07:15:00+00:00,848.31,848.5,847.0,847.61,777.258
2025-09-04 07:30:00+00:00,847.61,847.89,846.7,846.87,1768.984
2025-09-04 07:45:00+00:00,846.88,848.19,846.88,847.71,618.245
2025-09-04 08:00:00+00:00,847.7,849.37,847.24,848.2,1453.507
2025-09-04 08:15:00+00:00,848.21,849.0,848.18,848.9,585.897
2025-09-04 08:30:00+00:00,848.91,849.0,847.8,848.28,1386.578
2025-09-04 08:45:00+00:00,848.29,848.4,847.15,847.75,961.42
2025-09-04 09:00:00+00:00,847.75,849.12,847.74,848.49,950.992
2025-09-04 09:15:00+00:00,848.5,848.5,847.6,847.6,493.792
2025-09-04 09:30:00+00:00,847.6,847.9,847.24,847.52,615.023
2025-09-04 09:45:00+00:00,847.53,848.1,847.11,847.84,2202.906
2025-09-04 10:00:00+00:00,847.84,848.5,847.0,848.06,1429.431
2025-09-04 10:15:00+00:00,848.06,848.49,847.41,848.49,1559.301
2025-09-04 10:30:00+00:00,848.49,849.33,847.95,849.03,1115.91
2025-09-04 10:45:00+00:00,849.03,849.52,848.0,848.0,991.48
2025-09-04 11:00:00+00:00,848.0,849.7,847.32,849.51,1062.047
2025-09-04 11:15:00+00:00,849.5,849.84,848.65,848.66,726.279
2025-09-04 11:30:00+00:00,848.66,849.15,848.08,849.03,551.612
2025-09-04 11:45:00+00:00,849.03,849.08,847.76,847.78,1299.573
2025-09-04 12:00:00+00:00,847.78,849.04,847.28,848.9,1502.26
2025-09-04 12:15:00+00:00,848.9,849.79,848.2,848.5,873.799
2025-09-04 12:30:00+00:00,848.5,849.22,846.67,846.97,842.239
2025-09-04 12:45:00+00:00,846.96,848.8,846.86,848.79,609.187
2025-09-04 13:00:00+00:00,848.8,848.97,848.22,848.38,1325.758
2025-09-04 13:15:00+00:00,848.38,849.0,848.2,848.59,965.055
2025-09-04 13:30:00+00:00,848.6,849.35,847.31,848.19,2209.843
2025-09-04 13:45:00+00:00,848.19,848.34,846.63,847.85,1028.725
2025-09-04 14:00:00+00:00,847.84,848.4,844.5,845.35,3475.257
2025-09-04 14:15:00+00:00,845.35,847.4,844.7,846.8,987.753
2025-09-04 14:30:00+00:00,846.8,847.92,846.6,847.11,887.52
2025-09-04 14:45:00+00:00,847.1,847.6,846.21,846.33,1322.292
2025-09-04 15:00:00+00:00,846.33,846.33,843.26,843.6,2804.8
2025-09-04 15:15:00+00:00,843.6,845.1,842.81,844.63,3147.534
2025-09-04 15:30:00+00:00,844.64,844.9,843.65,844.17,985.071
2025-09-04 15:45:00+00:00,844.17,844.87,843.79,844.26,789.126
2025-09-04 16:00:00+00:00,844.25,845.33,843.75,845.17,2036.86
2025-09-04 16:15:00+00:00,845.18,845.65,844.03,844.25,1000.853
2025-09-04 16:30:00+00:00,844.25,844.76,843.5,844.61,865.263
2025-09-04 16:45:00+00:00,844.6,845.63,844.6,845.0,907.882
2025-09-04 17:00:00+00:00,845.0,846.75,844.83,846.16,797.014
2025-09-04 17:15:00+00:00,846.15,846.36,844.56,846.06,1236.667
2025-09-04 17:30:00+00:00,846.06,846.16,844.21,844.22,781.369
2025-09-04 17:45:00+00:00,844.21,845.17,844.15,844.6,952.432
2025-09-04 18:00:00+00:00,844.6,846.39,844.56,845.21,699.19
2025-09-04 18:15:00+00:00,845.21,845.77,843.3,843.3,1083.299
2025-09-04 18:30:00+00:00,843.31,844.2,841.1,843.44,2202.332
2025-09-04 18:45:00+00:00,843.44,843.78,841.36,841.85,1636.598
2025-09-04 19:00:00+00:00,841.85,843.4,841.1,843.39,1307.043
2025-09-04 19:15:00+00:00,843.4,844.3,843.11,844.17,1115.066
2025-09-04 19:30:00+00:00,844.17,844.6,843.63,843.87,680.822
2025-09-04 19:45:00+00:00,843.85,843.98,842.79,843.53,502.524
2025-09-04 20:00:00+00:00,843.54,845.05,843.3,844.72,753.395
2025-09-04 20:15:00+00:00,844.72,846.48,844.31,846.23,663.949
2025-09-04 20:30:00+00:00,846.22,846.31,845.37,845.41,911.016
2025-09-04 20:45:00+00:00,845.41,845.9,844.92,845.73,603.581
2025-09-04 21:00:00+00:00,845.73,846.8,845.31,846.71,1112.924
2025-09-04 21:15:00+00:00,846.72,847.12,846.38,846.67,687.08
2025-09-04 21:30:00+00:00,846.68,847.76,846.46,847.76,598.249
2025-09-04 21:45:00+00:00,847.75,848.15,847.7,848.03,223.285
2025-09-04 22:00:00+00:00,848.04,848.14,847.37,847.53,401.17
2025-09-04 22:15:00+00:00,847.53,848.36,847.3,848.13,385.054
2025-09-04 22:30:00+00:00,848.12,848.4,847.3,847.31,526.526
2025-09-04 22:45:00+00:00,847.3,849.47,847.3,848.94,732.411
2025-09-04 23:00:00+00:00,848.93,849.73,848.36,848.46,566.047
2025-09-04 23:15:00+00:00,848.47,848.49,847.36,847.56,364.749
2025-09-04 23:30:00+00:00,847.57,847.57,845.6,845.87,500.448
2025-09-04 23:45:00+00:00,845.88,845.9,843.24,843.63,1212.729
2025-09-05 00:00:00+00:00,843.62,845.3,843.01,843.43,1506.659
2025-09-05 00:15:00+00:00,843.42,844.8,842.22,844.71,1079.086
2025-09-05 00:30:00+00:00,844.71,845.32,844.24,844.88,422.089
2025-09-05 00:45:00+00:00,844.88,844.88,843.68,844.0,694.995
2025-09-05 01:00:00+00:00,844.0,845.36,843.56,844.85,563.446
2025-09-05 01:15:00+00:00,844.84,845.76,844.32,845.76,759.643
2025-09-05 01:30:00+00:00,845.76,846.73,845.68,846.73,502.791
2025-09-05 01:45:00+00:00,846.73,846.93,846.31,846.56,425.454
2025-09-05 02:00:00+00:00,846.56,847.75,846.3,847.05,933.609
2025-09-05 02:15:00+00:00,847.04,847.36,845.44,847.04,600.783
2025-09-05 02:30:00+00:00,847.04,847.72,846.4,846.41,740.748
2025-09-05 02:45:00+00:00,846.41,847.58,846.4,847.34,892.714
2025-09-05 03:00:00+00:00,847.34,847.34,845.73,845.74,531.085
2025-09-05 03:15:00+00:00,845.74,845.83,844.83,845.0,636.19
2025-09-05 03:30:00+00:00,844.99,845.2,844.6,844.77,349.623
2025-09-05 03:45:00+00:00,844.77,845.78,844.48,845.78,587.873
2025-09-05 04:00:00+00:00,845.78,845.92,844.4,844.41,1567.806
2025-09-05 04:15:00+00:00,844.4,844.41,843.61,843.8,541.995
2025-09-05 04:30:00+00:00,843.79,845.4,843.79,845.25,562.07
2025-09-05 04:45:00+00:00,845.25,846.36,844.96,846.01,439.431
2025-09-05 05:00:00+00:00,846.0,846.3,845.35,846.22,568.023
2025-09-05 05:15:00+00:00,846.23,847.53,846.04,847.01,1721.285
2025-09-05 05:30:00+00:00,847.01,847.24,846.41,847.0,452.729
2025-09-05 05:45:00+00:00,847.0,847.1,846.64,846.76,326.088
2025-09-05 06:00:00+00:00,846.77,847.02,846.39,846.5,520.629
2025-09-05 06:15:00+00:00,846.5,846.68,845.1,845.55,1339.791
2025-09-05 06:30:00+00:00,845.56,846.09,845.55,845.99,342.018
2025-09-05 06:45:00+00:00,845.99,846.7,845.81,846.7,684.226
2025-09-05 07:00:00+00:00,846.7,848.74,846.69,847.73,1547.2
2025-09-05 07:15:00+00:00,847.73,849.5,847.64,849.04,1641.065
2025-09-05 07:30:00+00:00,849.04,850.81,848.6,850.42,2411.77
2025-09-05 07:45:00+00:00,850.42,851.17,850.08,850.68,3112.768
2025-09-05 08:00:00+00:00,850.67,850.92,848.34,848.66,2314.057
2025-09-05 08:15:00+00:00,848.67,848.9,847.53,848.44,1022.744
2025-09-05 08:30:00+00:00,848.44,848.83,848.09,848.72,762.653
2025-09-05 08:45:00+00:00,848.72,849.6,848.71,849.6,1226.924
2025-09-05 09:00:00+00:00,849.6,850.34,848.97,850.25,616.98
2025-09-05 09:15:00+00:00,850.24,850.24,847.71,847.73,1672.639
2025-09-05 09:30:00+00:00,847.72,849.3,847.56,848.97,624.556
2025-09-05 09:45:00+00:00,848.96,849.6,848.96,849.6,504.356
2025-09-05 10:00:00+00:00,849.59,850.1,849.0,849.0,971.242
2025-09-05 10:15:00+00:00,849.0,849.6,848.8,849.6,523.568
2025-09-05 10:30:00+00:00,849.6,850.53,849.59,849.8,969.924
2025-09-05 10:45:00+00:00,849.8,850.54,849.5,850.15,983.595
2025-09-05 11:00:00+00:00,850.14,850.62,849.72,850.15,645.658
2025-09-05 11:15:00+00:00,850.16,850.5,849.46,850.32,712.0
2025-09-05 11:30:00+00:00,850.32,850.76,850.01,850.73,502.563
2025-09-05 11:45:00+00:00,850.72,851.0,850.3,850.9,493.347
2025-09-05 12:00:00+00:00,850.89,851.23,850.52,850.64,965.837
2025-09-05 12:15:00+00:00,850.64,852.0,850.63,852.0,1000.152
2025-09-05 12:30:00+00:00,851.99,854.62,849.15,852.03,9310.47
2025-09-05 12:45:00+00:00,852.02,854.45,851.2,854.41,2457.741
2025-09-05 13:00:00+00:00,854.41,855.62,854.1,854.55,3083.4
2025-09-05 13:15:00+00:00,854.54,856.7,853.77,856.44,1750.372
2025-09-05 13:30:00+00:00,856.45,857.73,855.3,856.41,3259.1
2025-09-05 13:45:00+00:00,856.41,856.9,855.12,856.12,2883.277
2025-09-05 14:00:00+00:00,856.12,856.12,851.76,852.08,3054.596
2025-09-05 14:15:00+00:00,852.08,852.2,846.2,847.49,7654.154
2025-09-05 14:30:00+00:00,847.49,848.56,844.71,847.13,6001.409
2025-09-05 14:45:00+00:00,847.12,850.04,845.6,847.91,8482.094
2025-09-05 15:00:00+00:00,847.91,849.57,846.71,848.6,2000.441
2025-09-05 15:15:00+00:00,848.6,850.0,848.43,849.5,1108.578
2025-09-05 15:30:00+00:00,849.5,849.64,848.19,849.64,1899.932
2025-09-05 15:45:00+00:00,849.63,849.73,848.8,848.81,1583.487
2025-09-05 16:00:00+00:00,848.81,849.48,848.44,849.36,1316.823
2025-09-05 16:15:00+00:00,849.36,849.56,848.73,849.11,638.848
2025-09-05 16:30:00+00:00,849.11,849.8,848.87,849.47,1003.083
2025-09-05 16:45:00+00:00,849.48,850.04,849.02,849.43,867.25
2025-09-05 17:00:00+00:00,849.44,849.5,848.78,849.5,493.227
2025-09-05 17:15:00+00:00,849.5,849.88,849.32,849.6,708.757
2025-09-05 17:30:00+00:00,849.61,849.89,848.58,848.98,779.239
2025-09-05 17:45:00+00:00,848.97,849.71,848.97,849.71,547.852
2025-09-05 18:00:00+00:00,849.7,849.92,848.8,848.92,477.346
2025-09-05 18:15:00+00:00,848.92,849.69,848.91,849.69,482.607
2025-09-05 18:30:00+00:00,849.68,850.5,849.68,850.5,425.209
2025-09-05 18:45:00+00:00,850.49,850.97,850.17,850.65,909.726
2025-09-05 19:00:00+00:00,850.65,850.98,850.4,850.92,510.582
2025-09-05 19:15:00+00:00,850.92,851.65,850.91,851.14,711.939
2025-09-05 19:30:00+00:00,851.14,851.46,850.48,850.51,428.631
2025-09-05 19:45:00+00:00,850.51,851.04,850.48,850.96,569.501
2025-09-05 20:00:00+00:00,850.96,851.66,850.64,850.93,443.198
2025-09-05 20:15:00+00:00,850.93,850.93,850.12,850.29,192.477
2025-09-05 20:30:00+00:00,850.29,851.19,850.21,850.96,304.33
2025-09-05 20:45:00+00:00,850.96,852.53,850.71,852.27,1642.753
2025-09-05 21:00:00+00:00,852.28,852.4,851.2,851.96,520.443
2025-09-05 21:15:00+00:00,851.97,852.04,848.5,850.07,1836.948
2025-09-05 21:30:00+00:00,850.07,851.2,849.31,850.87,938.116
2025-09-05 21:45:00+00:00,850.88,851.02,849.61,850.06,337.801
2025-09-05 22:00:00+00:00,850.05,850.36,849.72,850.0,375.463
2025-09-05 22:15:00+00:00,850.0,850.68,849.78,850.67,557.195
2025-09-05 22:30:00+00:00,850.68,851.98,850.67,851.79,398.201
2025-09-05 22:45:00+00:00,851.79,852.18,851.36,851.36,329.17
2025-09-05 23:00:00+00:00,851.37,851.37,850.44,850.45,431.195
2025-09-05 23:15:00+00:00,850.45,850.6,850.16,850.18,423.249
2025-09-05 23:30:00+00:00,850.18,850.18,849.25,849.75,675.9
2025-09-05 23:45:00+00:00,849.76,850.22,849.3,850.14,532.364
2025-09-06 00:00:00+00:00,850.14,850.24,849.55,849.86,1623.35
2025-09-06 00:15:00+00:00,849.85,850.5,849.77,850.5,569.997
2025-09-06 00:30:00+00:00,850.5,851.52,850.5,851.38,458.596
2025-09-06 00:45:00+00:00,851.38,852.08,851.0,852.08,842.02
2025-09-06 01:00:00+00:00,852.07,852.66,851.7,852.49,431.128
2025-09-06 01:15:00+00:00,852.48,853.33,852.16,852.96,874.009
2025-09-06 01:30:00+00:00,852.96,855.0,852.9,854.96,2112.588
2025-09-06 01:45:00+00:00,854.96,855.54,854.37,855.29,1889.402
2025-09-06 02:00:00+00:00,855.3,856.25,853.79,853.82,2253.144
2025-09-06 02:15:00+00:00,853.83,853.83,853.0,853.38,617.935
2025-09-06 02:30:00+00:00,853.38,855.29,853.38,854.83,1282.363
2025-09-06 02:45:00+00:00,854.82,855.5,854.38,855.42,1223.296
2025-09-06 03:00:00+00:00,855.42,855.58,854.98,855.46,731.284
2025-09-06 03:15:00+00:00,855.45,856.58,855.45,856.28,706.642
2025-09-06 03:30:00+00:00,856.29,859.18,856.28,859.17,6025.063
2025-09-06 03:45:00+00:00,859.18,859.61,857.6,858.2,1853.888
2025-09-06 04:00:00+00:00,858.2,859.96,857.82,858.42,2244.914
2025-09-06 04:15:00+00:00,858.42,859.85,858.41,858.74,2240.365
2025-09-06 04:30:00+00:00,858.74,858.74,856.1,856.1,1839.828
2025-09-06 04:45:00+00:00,856.11,858.98,855.99,857.93,2499.652
2025-09-06 05:00:00+00:00,857.93,858.55,857.7,858.0,788.744
2025-09-06 05:15:00+00:00,857.99,858.0,856.48,856.71,623.006
2025-09-06 05:30:00+00:00,856.71,857.67,856.4,856.89,1079.916
2025-09-06 05:45:00+00:00,856.89,857.12,856.04,856.04,762.189
2025-09-06 06:00:00+00:00,856.05,857.3,856.05,857.16,850.915
2025-09-06 06:15:00+00:00,857.17,857.64,856.79,857.63,1405.214
2025-09-06 06:30:00+00:00,857.64,859.24,857.63,858.96,1868.107
2025-09-06 06:45:00+00:00,858.96,859.79,857.81,858.27,1761.477
2025-09-06 07:00:00+00:00,858.28,858.66,857.76,858.0,684.88
2025-09-06 07:15:00+00:00,857.99,858.78,857.85,858.03,880.792
2025-09-06 07:30:00+00:00,858.02,859.41,857.6,859.22,2364.385
2025-09-06 07:45:00+00:00,859.22,859.54,859.0,859.42,2010.673
2025-09-06 08:00:00+00:00,859.42,859.84,859.42,859.46,1641.356
2025-09-06 08:15:00+00:00,859.46,859.46,858.62,859.18,1638.848
2025-09-06 08:30:00+00:00,859.18,859.92,858.89,859.29,1395.624
2025-09-06 08:45:00+00:00,859.3,859.5,858.93,859.39,994.909
2025-09-06 09:00:00+00:00,859.39,859.44,857.7,857.96,1610.882
2025-09-06 09:15:00+00:00,857.95,859.17,857.95,858.41,2153.561
2025-09-06 09:30:00+00:00,858.4,859.36,858.12,858.83,1585.818
2025-09-06 09:45:00+00:00,858.83,859.0,856.66,856.9,4056.998
2025-09-06 10:00:00+00:00,856.91,858.32,856.43,858.01,5148.107
2025-09-06 10:15:00+00:00,858.01,859.25,858.0,858.62,2795.959
2025-09-06 10:30:00+00:00,858.62,859.0,858.12,858.56,1455.429
2025-09-06 10:45:00+00:00,858.55,859.81,857.92,859.81,2396.282
2025-09-06 11:00:00+00:00,859.81,862.0,859.16,861.22,4533.534
2025-09-06 11:15:00+00:00,861.22,861.44,859.57,860.14,1760.628
2025-09-06 11:30:00+00:00,860.14,861.74,859.24,860.32,4010.473
2025-09-06 11:45:00+00:00,860.31,861.46,860.31,861.07,1146.622
2025-09-06 12:00:00+00:00,861.07,864.79,860.87,863.96,5370.841
2025-09-06 12:15:00+00:00,863.96,865.0,862.85,863.14,4288.684
2025-09-06 12:30:00+00:00,863.14,863.47,862.31,862.73,1653.004
2025-09-06 12:45:00+00:00,862.73,862.95,861.6,861.79,709.374
2025-09-06 13:00:00+00:00,861.8,863.12,861.59,863.11,1232.394
2025-09-06 13:15:00+00:00,863.12,863.26,860.0,860.14,1936.364
2025-09-06 13:30:00+00:00,860.15,861.44,859.43,860.64,3431.776
2025-09-06 13:45:00+00:00,860.64,861.55,860.4,861.43,1164.968
2025-09-06 14:00:00+00:00,861.43,861.92,861.2,861.79,684.517
2025-09-06 14:15:00+00:00,861.8,861.93,860.42,860.72,1037.648
2025-09-06 14:30:00+00:00,860.73,862.87,860.73,862.65,1949.947
2025-09-06 14:45:00+00:00,862.65,863.37,862.28,863.21,895.376
2025-09-06 15:00:00+00:00,863.2,863.39,860.52,860.68,1282.643
2025-09-06 15:15:00+00:00,860.68,861.2,860.08,860.5,897.562
2025-09-06 15:30:00+00:00,860.5,861.59,860.36,861.59,811.742
2025-09-06 15:45:00+00:00,861.58,861.59,858.95,859.51,1925.819
2025-09-06 16:00:00+00:00,859.52,860.31,858.2,859.32,2977.954
2025-09-06 16:15:00+00:00,859.33,860.0,857.49,860.0,1591.511
2025-09-06 16:30:00+00:00,860.0,861.74,859.9,860.79,1231.72
2025-09-06 16:45:00+00:00,860.79,861.66,860.24,860.93,964.865
2025-09-06 17:00:00+00:00,860.93,861.24,860.12,860.12,407.509
2025-09-06 17:15:00+00:00,860.13,860.44,859.01,859.59,1486.441
2025-09-06 17:30:00+00:00,859.6,860.44,858.94,859.23,806.684
2025-09-06 17:45:00+00:00,859.23,860.13,859.2,859.35,1447.837
2025-09-06 18:00:00+00:00,859.34,859.59,858.29,859.4,1091.757
2025-09-06 18:15:00+00:00,859.4,859.59,858.8,859.37,948.058
2025-09-06 18:30:00+00:00,859.37,860.3,858.6,859.31,1862.188
2025-09-06 18:45:00+00:00,859.3,859.59,858.42,859.55,2010.618
2025-09-06 19:00:00+00:00,859.56,859.85,859.04,859.32,698.077
2025-09-06 19:15:00+00:00,859.32,859.62,858.8,858.81,1089.427
2025-09-06 19:30:00+00:00,858.8,859.0,858.36,858.37,367.068
2025-09-06 19:45:00+00:00,858.37,858.4,857.5,857.79,579.158
2025-09-06 20:00:00+00:00,857.8,857.8,856.59,857.2,800.503
2025-09-06 20:15:00+00:00,857.19,857.96,857.19,857.49,369.693
2025-09-06 20:30:00+00:00,857.49,858.4,857.29,858.15,290.279
2025-09-06 20:45:00+00:00,858.16,858.64,858.15,858.49,228.449
2025-09-06 21:00:00+00:00,858.5,859.03,858.2,859.02,971.032
2025-09-06 21:15:00+00:00,859.02,859.61,858.83,858.84,511.576
2025-09-06 21:30:00+00:00,858.84,859.3,858.68,859.29,426.116
2025-09-06 21:45:00+00:00,859.3,860.02,858.68,858.89,555.956
2025-09-06 22:00:00+00:00,858.88,859.0,857.93,858.43,462.12
2025-09-06 22:15:00+00:00,858.44,858.7,858.19,858.39,385.651
2025-09-06 22:30:00+00:00,858.39,859.51,858.39,859.32,452.135
2025-09-06 22:45:00+00:00,859.33,859.68,858.88,859.59,468.282
2025-09-06 23:00:00+00:00,859.6,859.98,859.05,859.81,363.166
2025-09-06 23:15:00+00:00,859.81,861.29,859.72,861.24,619.964
2025-09-06 23:30:00+00:00,861.24,863.29,861.23,863.01,1799.436
2025-09-06 23:45:00+00:00,863.0,863.01,860.85,860.85,971.373
2025-09-07 00:00:00+00:00,860.86,863.08,860.86,862.16,1189.952
2025-09-07 00:15:00+00:00,862.16,862.3,861.59,861.65,671.212
2025-09-07 00:30:00+00:00,861.64,863.0,860.55,862.99,586.925
2025-09-07 00:45:00+00:00,863.0,863.0,860.96,861.63,1775.003
2025-09-07 01:00:00+00:00,861.64,862.57,861.42,862.22,535.308
2025-09-07 01:15:00+00:00,862.22,862.84,861.59,862.34,1029.376
2025-09-07 01:30:00+00:00,862.34,862.5,862.1,862.34,502.26
2025-09-07 01:45:00+00:00,862.33,863.3,861.5,861.99,829.151
2025-09-07 02:00:00+00:00,861.99,862.51,861.5,861.92,1158.124
2025-09-07 02:15:00+00:00,861.93,861.93,861.27,861.88,490.128
2025-09-07 02:30:00+00:00,861.88,863.0,861.87,862.99,432.331
2025-09-07 02:45:00+00:00,863.0,866.33,862.96,866.15,2800.572
2025-09-07 03:00:00+00:00,866.16,868.19,864.61,865.12,5311.502
2025-09-07 03:15:00+00:00,865.12,867.47,865.12,866.83,2883.526
2025-09-07 03:30:00+00:00,866.82,868.25,866.82,867.24,3477.343
2025-09-07 03:45:00+00:00,867.24,867.36,865.84,866.12,1154.057
2025-09-07 04:00:00+00:00,866.12,866.94,865.1,865.11,1135.292
2025-09-07 04:15:00+00:00,865.11,865.29,864.65,864.79,398.759
2025-09-07 04:30:00+00:00,864.79,866.33,864.79,865.72,968.153
2025-09-07 04:45:00+00:00,865.72,866.2,865.5,865.51,512.895
2025-09-07 05:00:00+00:00,865.51,866.32,865.36,865.37,574.423
2025-09-07 05:15:00+00:00,865.37,867.0,865.02,866.7,1236.882
2025-09-07 05:30:00+00:00,866.7,868.0,866.7,867.32,678.654
2025-09-07 05:45:00+00:00,867.32,867.68,867.04,867.56,369.98
2025-09-07 06:00:00+00:00,867.57,867.57,866.54,866.54,586.31
2025-09-07 06:15:00+00:00,866.54,866.88,865.81,866.13,1138.039
2025-09-07 06:30:00+00:00,866.13,866.4,865.0,865.28,1148.1
2025-09-07 06:45:00+00:00,865.28,867.71,864.82,867.37,3876.437
2025-09-07 07:00:00+00:00,867.36,867.99,867.04,867.08,1962.791
2025-09-07 07:15:00+00:00,867.07,868.0,867.05,867.68,1253.144
2025-09-07 07:30:00+00:00,867.68,867.76,867.28,867.76,587.598
2025-09-07 07:45:00+00:00,867.75,868.0,867.46,867.64,1016.316
2025-09-07 08:00:00+00:00,867.64,873.8,867.31,871.52,7373.984
2025-09-07 08:15:00+00:00,871.52,872.48,871.0,871.15,2388.498
2025-09-07 08:30:00+00:00,871.16,871.88,870.0,870.61,2202.426
2025-09-07 08:45:00+00:00,870.61,872.91,869.9,872.26,1918.573
2025-09-07 09:00:00+00:00,872.26,873.6,870.64,871.2,2090.273
2025-09-07 09:15:00+00:00,871.19,871.53,870.29,870.8,626.012
2025-09-07 09:30:00+00:00,870.81,870.84,869.58,869.96,1161.396
2025-09-07 09:45:00+00:00,869.96,870.98,869.52,870.98,903.955
2025-09-07 10:00:00+00:00,870.99,872.24,870.98,871.84,1147.135
2025-09-07 10:15:00+00:00,871.85,872.34,871.3,871.44,1302.707
2025-09-07 10:30:00+00:00,871.44,874.44,871.43,873.8,3065.007
2025-09-07 10:45:00+00:00,873.81,873.81,872.49,873.0,593.585
2025-09-07 11:00:00+00:00,872.99,873.44,871.84,872.09,1758.354
2025-09-07 11:15:00+00:00,872.1,872.1,871.58,871.67,363.396
2025-09-07 11:30:00+00:00,871.67,872.2,871.45,872.11,619.046
2025-09-07 11:45:00+00:00,872.11,873.79,872.1,873.64,1758.065
2025-09-07 12:00:00+00:00,873.63,873.88,872.1,872.39,1770.009
2025-09-07 12:15:00+00:00,872.39,872.39,871.1,871.4,659.871
2025-09-07 12:30:00+00:00,871.41,872.02,869.97,870.02,3880.339
2025-09-07 12:45:00+00:00,870.02,870.84,869.51,869.95,3247.453
2025-09-07 13:00:00+00:00,869.96,871.15,869.95,870.93,480.158
2025-09-07 13:15:00+00:00,870.92,871.12,870.6,870.98,608.954
2025-09-07 13:30:00+00:00,870.98,872.2,870.98,871.59,1045.394
2025-09-07 13:45:00+00:00,871.59,872.66,871.59,872.6,1401.895
2025-09-07 14:00:00+00:00,872.6,874.0,872.59,873.51,1727.475
2025-09-07 14:15:00+00:00,873.51,874.92,873.5,874.56,1080.17
2025-09-07 14:30:00+00:00,874.56,874.6,872.99,874.32,1551.939
2025-09-07 14:45:00+00:00,874.31,874.49,873.67,874.27,1575.093
2025-09-07 15:00:00+00:00,874.28,874.37,872.99,873.11,858.083
2025-09-07 15:15:00+00:00,873.11,874.73,873.05,874.54,762.033
2025-09-07 15:30:00+00:00,874.54,875.48,874.5,874.88,2403.76
2025-09-07 15:45:00+00:00,874.89,875.2,874.43,874.68,767.998
2025-09-07 16:00:00+00:00,874.68,875.67,874.58,874.84,1986.47
2025-09-07 16:15:00+00:00,874.85,875.2,873.56,874.09,697.5
2025-09-07 16:30:00+00:00,874.1,874.68,873.28,873.33,1100.824
2025-09-07 16:45:00+00:00,873.33,874.02,873.16,873.33,1351.198
2025-09-07 17:00:00+00:00,873.32,874.44,873.32,873.81,1106.354
2025-09-07 17:15:00+00:00,873.81,874.08,872.4,873.09,1272.698
2025-09-07 17:30:00+00:00,873.09,874.6,872.83,874.39,737.684
2025-09-07 17:45:00+00:00,874.39,874.65,873.72,873.86,585.439
2025-09-07 18:00:00+00:00,873.86,875.14,873.42,874.5,1177.312
2025-09-07 18:15:00+00:00,874.5,874.6,873.9,873.91,483.59
2025-09-07 18:30:00+00:00,873.91,874.01,872.9,873.67,855.449
2025-09-07 18:45:00+00:00,873.67,875.51,873.67,875.21,1580.716
2025-09-07 19:00:00+00:00,875.21,875.52,875.0,875.17,1147.455
2025-09-07 19:15:00+00:00,875.17,875.66,874.84,875.3,728.378
2025-09-07 19:30:00+00:00,875.3,876.6,875.12,876.37,1952.39
2025-09-07 19:45:00+00:00,876.37,876.48,875.15,875.28,808.011
2025-09-07 20:00:00+00:00,875.28,875.74,873.57,873.57,772.923
2025-09-07 20:15:00+00:00,873.58,874.17,873.3,873.91,820.08
2025-09-07 20:30:00+00:00,873.91,874.29,873.6,874.13,365.556
2025-09-07 20:45:00+00:00,874.13,874.9,873.84,874.65,446.993
2025-09-07 21:00:00+00:00,874.65,874.65,873.84,873.84,539.477
2025-09-07 21:15:00+00:00,873.84,874.16,873.76,873.86,386.332
2025-09-07 21:30:00+00:00,873.86,874.41,873.77,874.39,354.463
2025-09-07 21:45:00+00:00,874.39,874.61,873.8,873.8,376.875
2025-09-07 22:00:00+00:00,873.79,874.57,873.34,874.14,574.27
2025-09-07 22:15:00+00:00,874.14,874.78,874.0,874.71,353.884
2025-09-07 22:30:00+00:00,874.71,875.55,874.2,875.55,1341.817
2025-09-07 22:45:00+00:00,875.56,876.42,875.52,876.33,854.405
2025-09-07 23:00:00+00:00,876.33,876.81,875.81,876.62,970.239
2025-09-07 23:15:00+00:00,876.62,883.58,876.61,883.56,10749.57
2025-09-07 23:30:00+00:00,883.57,884.05,880.93,882.87,2864.443
2025-09-07 23:45:00+00:00,882.86,882.87,880.05,880.05,1831.684
2025-09-08 00:00:00+00:00,880.05,882.0,878.68,881.82,1915.461
2025-09-08 00:15:00+00:00,881.83,883.05,880.68,883.05,1376.432
2025-09-08 00:30:00+00:00,883.05,885.69,880.9,885.44,5060.252
2025-09-08 00:45:00+00:00,885.45,885.85,882.23,882.95,2887.631
2025-09-08 01:00:00+00:00,882.95,884.32,881.26,881.46,2284.508
2025-09-08 01:15:00+00:00,881.47,884.6,881.09,881.88,2525.067
2025-09-08 01:30:00+00:00,881.88,881.88,879.12,879.12,2058.329
2025-09-08 01:45:00+00:00,879.11,879.24,877.89,878.16,2849.749
2025-09-08 02:00:00+00:00,878.17,880.36,877.8,879.89,1661.337
2025-09-08 02:15:00+00:00,879.89,880.6,877.77,878.6,1951.533
2025-09-08 02:30:00+00:00,878.6,880.87,878.16,880.79,2560.002
2025-09-08 02:45:00+00:00,880.79,883.03,880.61,882.03,4766.574
2025-09-08 03:00:00+00:00,882.03,883.8,881.84,882.8,2432.278
2025-09-08 03:15:00+00:00,882.8,883.82,881.88,882.99,2293.974
2025-09-08 03:30:00+00:00,882.99,884.92,882.84,882.84,3328.972
2025-09-08 03:45:00+00:00,882.84,883.9,881.84,882.14,2441.898
2025-09-08 04:00:00+00:00,882.15,882.4,878.08,878.6,4552.168
2025-09-08 04:15:00+00:00,878.6,880.29,878.6,879.4,2320.548
2025-09-08 04:30:00+00:00,879.4,879.86,878.48,879.08,923.005
2025-09-08 04:45:00+00:00,879.08,879.41,878.26,878.49,1521.27
2025-09-08 05:00:00+00:00,878.48,879.3,878.1,878.31,763.479
2025-09-08 05:15:00+00:00,878.31,878.32,877.0,877.35,1322.431
2025-09-08 05:30:00+00:00,877.35,877.5,871.66,874.73,7088.768
2025-09-08 05:45:00+00:00,874.73,875.0,874.22,874.72,874.882
2025-09-08 06:00:00+00:00,874.73,874.87,872.28,873.2,2294.409
2025-09-08 06:15:00+00:00,873.2,875.32,872.53,874.9,1851.151
2025-09-08 06:30:00+00:00,874.9,875.04,873.7,874.29,979.334
2025-09-08 06:45:00+00:00,874.29,874.29,873.2,873.21,899.99
2025-09-08 07:00:00+00:00,873.21,875.16,873.15,875.15,887.972
2025-09-08 07:15:00+00:00,875.16,876.14,875.0,875.31,3610.044
2025-09-08 07:30:00+00:00,875.31,875.76,874.0,874.59,1560.695
2025-09-08 07:45:00+00:00,874.6,875.2,873.55,874.18,1921.35
2025-09-08 08:00:00+00:00,874.19,874.56,872.72,873.0,2254.502
2025-09-08 08:15:00+00:00,872.99,875.71,872.72,875.69,956.644
2025-09-08 08:30:00+00:00,875.69,877.58,870.01,872.97,7788.615
2025-09-08 08:45:00+00:00,872.97,873.48,871.55,872.24,2350.845
2025-09-08 09:00:00+00:00,872.25,874.34,871.72,874.34,1336.763
2025-09-08 09:15:00+00:00,874.34,875.62,874.0,874.78,3622.922
2025-09-08 09:30:00+00:00,874.77,875.0,873.7,874.75,1026.94
2025-09-08 09:45:00+00:00,874.75,876.49,874.73,876.2,2117.891
2025-09-08 10:00:00+00:00,876.2,877.2,875.44,876.92,1583.359
2025-09-08 10:15:00+00:00,876.92,877.96,876.75,877.19,1813.713
2025-09-08 10:30:00+00:00,877.19,878.4,876.56,878.34,1615.3
2025-09-08 10:45:00+00:00,878.33,879.37,877.3,877.59,2613.508
2025-09-08 11:00:00+00:00,877.59,877.59,875.89,876.08,1424.743
2025-09-08 11:15:00+00:00,876.08,877.0,875.35,876.2,956.563
2025-09-08 11:30:00+00:00,876.19,876.86,875.6,876.5,1332.205
2025-09-08 11:45:00+00:00,876.5,879.0,876.5,878.72,1502.557
2025-09-08 12:00:00+00:00,878.72,879.32,877.44,877.69,1669.355
2025-09-08 12:15:00+00:00,877.69,878.15,877.2,878.08,1362.049
2025-09-08 12:30:00+00:00,878.09,878.95,877.9,878.28,960.569
2025-09-08 12:45:00+00:00,878.27,879.0,877.6,877.9,1299.085
2025-09-08 13:00:00+00:00,877.91,881.56,877.9,881.01,3648.727
2025-09-08 13:15:00+00:00,881.0,881.65,879.64,881.49,3277.199
2025-09-08 13:30:00+00:00,881.49,881.58,878.38,879.76,2300.029
2025-09-08 13:45:00+00:00,879.76,881.34,878.82,878.91,3196.357
2025-09-08 14:00:00+00:00,878.91,880.24,878.68,879.61,1728.217
2025-09-08 14:15:00+00:00,879.61,880.33,878.53,880.23,1150.703
2025-09-08 14:30:00+00:00,880.23,881.96,880.11,880.8,1751.895
2025-09-08 14:45:00+00:00,880.79,881.08,880.27,880.7,860.237
2025-09-08 15:00:00+00:00,880.7,882.9,880.4,882.64,2814.644
2025-09-08 15:15:00+00:00,882.65,882.92,881.32,882.0,3048.971
2025-09-08 15:30:00+00:00,882.01,882.01,880.12,880.52,1875.096
2025-09-08 15:45:00+00:00,880.52,880.52,878.92,880.18,2056.52
2025-09-08 16:00:00+00:00,880.18,880.3,879.14,879.17,1032.375
2025-09-08 16:15:00+00:00,879.18,880.5,878.52,880.5,1614.544
2025-09-08 16:30:00+00:00,880.5,880.5,878.64,879.51,1490.314
2025-09-08 16:45:00+00:00,879.5,880.4,878.88,880.07,1887.14
2025-09-08 17:00:00+00:00,880.07,880.25,878.72,879.81,1122.037
2025-09-08 17:15:00+00:00,879.81,882.16,879.8,882.15,1000.635
2025-09-08 17:30:00+00:00,882.15,882.15,878.89,879.26,960.291
2025-09-08 17:45:00+00:00,879.26,880.0,878.07,878.5,962.963
2025-09-08 18:00:00+00:00,878.51,879.68,877.65,878.66,1063.112
2025-09-08 18:15:00+00:00,878.66,879.1,877.96,878.56,999.449
2025-09-08 18:30:00+00:00,878.55,879.85,878.2,879.57,1639.199
2025-09-08 18:45:00+00:00,879.56,880.72,879.56,880.65,608.492
2025-09-08 19:00:00+00:00,880.65,880.65,878.6,879.2,926.648
2025-09-08 19:15:00+00:00,879.2,879.2,877.4,877.88,2409.055
2025-09-08 19:30:00+00:00,877.89,878.0,876.1,877.17,1296.067
2025-09-08 19:45:00+00:00,877.17,878.0,877.0,877.63,1123.055
2025-09-08 20:00:00+00:00,877.64,878.48,877.36,877.94,741.629
2025-09-08 20:15:00+00:00,877.95,878.28,877.03,878.11,1099.17
2025-09-08 20:30:00+00:00,878.11,878.5,878.01,878.11,642.438
2025-09-08 20:45:00+00:00,878.12,878.79,877.72,878.79,640.846
2025-09-08 21:00:00+00:00,878.79,879.3,878.05,879.23,846.807
2025-09-08 21:15:00+00:00,879.23,880.8,879.22,880.51,942.384
2025-09-08 21:30:00+00:00,880.51,881.78,880.37,881.2,848.363
2025-09-08 21:45:00+00:00,881.2,882.56,880.98,882.0,1170.394
2025-09-08 22:00:00+00:00,882.01,882.4,880.8,881.18,1327.406
2025-09-08 22:15:00+00:00,881.18,881.5,879.87,879.88,996.814
2025-09-08 22:30:00+00:00,879.88,880.24,879.24,879.77,798.579
2025-09-08 22:45:00+00:00,879.76,879.77,878.32,879.04,585.072
2025-09-08 23:00:00+00:00,879.04,879.08,878.5,878.57,552.847
2025-09-08 23:15:00+00:00,878.57,878.76,877.97,878.3,938.129
2025-09-08 23:30:00+00:00,878.29,880.0,877.99,878.99,1284.139
2025-09-08 23:45:00+00:00,878.99,878.99,877.8,878.08,962.172
2025-09-09 00:00:00+00:00,878.08,879.7,878.08,878.99,1226.462
2025-09-09 00:15:00+00:00,878.99,879.98,877.3,877.52,1774.699
2025-09-09 00:30:00+00:00,877.53,877.54,875.54,876.45,1657.166
2025-09-09 00:45:00+00:00,876.44,877.08,875.56,876.01,1121.882
2025-09-09 01:00:00+00:00,876.01,876.86,875.52,875.65,968.763
2025-09-09 01:15:00+00:00,875.64,875.65,872.0,872.95,3086.747
2025-09-09 01:30:00+00:00,872.96,873.92,872.0,873.72,1487.474
2025-09-09 01:45:00+00:00,873.72,873.72,872.42,873.16,1447.383
2025-09-09 02:00:00+00:00,873.15,873.8,872.89,872.91,1044.128
2025-09-09 02:15:00+00:00,872.91,873.64,872.0,873.05,977.915
2025-09-09 02:30:00+00:00,873.05,875.0,872.84,874.01,1388.44
2025-09-09 02:45:00+00:00,874.01,874.29,872.51,874.29,3081.53
2025-09-09 03:00:00+00:00,874.29,874.9,873.71,874.71,621.309
2025-09-09 03:15:00+00:00,874.7,875.48,874.5,875.4,767.225
2025-09-09 03:30:00+00:00,875.39,875.5,873.93,874.85,1759.804
2025-09-09 03:45:00+00:00,874.85,875.45,874.09,875.14,1249.611
2025-09-09 04:00:00+00:00,875.13,875.13,874.1,874.19,901.287
2025-09-09 04:15:00+00:00,874.19,876.59,874.17,875.05,989.044
2025-09-09 04:30:00+00:00,875.05,875.82,875.0,875.52,1330.328
2025-09-09 04:45:00+00:00,875.52,876.82,874.92,876.29,793.111
2025-09-09 05:00:00+00:00,876.29,876.98,875.36,875.6,1104.848
2025-09-09 05:15:00+00:00,875.6,876.15,875.08,875.56,372.019
2025-09-09 05:30:00+00:00,875.56,875.76,875.1,875.75,701.322
2025-09-09 05:45:00+00:00,875.76,877.19,875.75,877.07,488.257
2025-09-09 06:00:00+00:00,877.07,879.84,877.0,879.53,1951.075
2025-09-09 06:15:00+00:00,879.52,880.0,878.62,879.09,3345.835
2025-09-09 06:30:00+00:00,879.09,882.28,879.0,881.62,5041.824
2025-09-09 06:45:00+00:00,881.62,883.2,880.57,881.03,3555.893
2025-09-09 07:00:00+00:00,881.03,882.03,880.9,881.25,1701.63
2025-09-09 07:15:00+00:00,881.25,884.45,881.25,883.43,2402.159
2025-09-09 07:30:00+00:00,883.44,883.56,881.66,881.68,1528.211
2025-09-09 07:45:00+00:00,881.69,882.04,880.55,881.12,1681.455
2025-09-09 08:00:00+00:00,881.13,883.4,881.12,883.17,780.885
2025-09-09 08:15:00+00:00,883.17,883.28,882.0,883.28,833.549
2025-09-09 08:30:00+00:00,883.28,884.83,882.98,883.54,3346.698
2025-09-09 08:45:00+00:00,883.53,883.86,882.81,883.65,1358.517
2025-09-09 09:00:00+00:00,883.65,883.94,882.84,883.4,1488.641
2025-09-09 09:15:00+00:00,883.4,883.74,881.92,882.33,910.983
2025-09-09 09:30:00+00:00,882.32,882.33,880.84,881.32,1077.586
2025-09-09 09:45:00+00:00,881.32,881.55,881.04,881.19,1067.423
2025-09-09 10:00:00+00:00,881.19,882.97,881.19,882.15,1284.467
2025-09-09 10:15:00+00:00,882.14,882.5,881.47,881.76,874.579
2025-09-09 10:30:00+00:00,881.76,883.34,881.52,883.27,1176.563
2025-09-09 10:45:00+00:00,883.26,883.26,882.25,883.04,971.889
2025-09-09 11:00:00+00:00,883.03,883.04,882.25,882.26,789.413
2025-09-09 11:15:00+00:00,882.26,882.26,881.98,882.08,1274.732
2025-09-09 11:30:00+00:00,882.09,882.17,880.68,880.76,1658.341
2025-09-09 11:45:00+00:00,880.75,881.16,880.21,880.22,1544.327
2025-09-09 12:00:00+00:00,880.22,881.3,879.8,880.99,1236.169
2025-09-09 12:15:00+00:00,880.99,882.29,880.99,882.23,1112.931
2025-09-09 12:30:00+00:00,882.23,882.24,879.3,879.32,1212.457
2025-09-09 12:45:00+00:00,879.33,880.2,879.02,879.13,1501.312
2025-09-09 13:00:00+00:00,879.13,879.56,877.45,878.48,1995.439
2025-09-09 13:15:00+00:00,878.48,878.75,876.68,878.41,1543.766
2025-09-09 13:30:00+00:00,878.41,879.73,878.26,879.36,1204.853
2025-09-09 13:45:00+00:00,879.36,880.7,879.03,879.9,1940.427
2025-09-09 14:00:00+00:00,879.89,881.57,876.0,879.19,4970.846
2025-09-09 14:15:00+00:00,879.2,879.2,876.8,877.46,1695.79
2025-09-09 14:30:00+00:00,877.46,877.46,872.84,873.68,4776.324
2025-09-09 14:45:00+00:00,873.68,875.75,873.31,875.44,2885.589
2025-09-09 15:00:00+00:00,875.43,875.73,873.0,873.63,3326.597
2025-09-09 15:15:00+00:00,873.63,874.45,872.93,873.58,1873.787
2025-09-09 15:30:00+00:00,873.58,873.58,871.38,871.77,5279.193
2025-09-09 15:45:00+00:00,871.77,873.92,871.5,873.35,2875.717
2025-09-09 16:00:00+00:00,873.35,873.98,872.73,873.56,1597.98
2025-09-09 16:15:00+00:00,873.56,874.5,873.1,873.81,980.235
2025-09-09 16:30:00+00:00,873.81,874.92,873.64,874.49,3171.523
2025-09-09 16:45:00+00:00,874.5,874.78,873.86,874.73,2361.444
2025-09-09 17:00:00+00:00,874.72,876.08,874.54,875.49,973.967
2025-09-09 17:15:00+00:00,875.49,875.72,874.64,874.81,726.796
2025-09-09 17:30:00+00:00,874.81,874.81,873.84,874.4,638.112
2025-09-09 17:45:00+00:00,874.4,874.6,873.72,873.9,522.172
2025-09-09 18:00:00+00:00,873.9,874.75,873.76,874.75,876.409
2025-09-09 18:15:00+00:00,874.75,875.6,874.7,875.53,465.357
2025-09-09 18:30:00+00:00,875.53,875.53,874.71,874.89,676.211
2025-09-09 18:45:00+00:00,874.89,875.71,874.88,875.57,769.543
2025-09-09 19:00:00+00:00,875.57,876.14,875.32,876.1,724.223
2025-09-09 19:15:00+00:00,876.09,876.93,875.64,876.93,638.171
2025-09-09 19:30:00+00:00,876.94,877.43,876.8,876.81,440.185
2025-09-09 19:45:00+00:00,876.81,877.3,876.61,877.1,481.615
2025-09-09 20:00:00+00:00,877.11,877.11,875.43,875.76,667.908
2025-09-09 20:15:00+00:00,875.75,875.88,874.55,874.56,754.296
2025-09-09 20:30:00+00:00,874.56,875.5,874.55,875.07,324.733
2025-09-09 20:45:00+00:00,875.08,876.92,875.07,876.55,314.874
2025-09-09 21:00:00+00:00,876.56,878.33,876.0,878.32,623.323
2025-09-09 21:15:00+00:00,878.32,878.69,877.2,877.33,493.509
2025-09-09 21:30:00+00:00,877.33,878.56,877.13,878.36,374.137
2025-09-09 21:45:00+00:00,878.36,878.36,877.64,877.76,341.037
2025-09-09 22:00:00+00:00,877.77,879.27,877.62,878.97,545.747
2025-09-09 22:15:00+00:00,878.97,881.56,878.96,881.36,3837.163
2025-09-09 22:30:00+00:00,881.35,883.53,881.13,882.79,6644.677
2025-09-09 22:45:00+00:00,882.8,883.2,882.19,882.6,1223.343
2025-09-09 23:00:00+00:00,882.6,883.36,881.5,882.89,2840.172
2025-09-09 23:15:00+00:00,882.88,882.88,879.5,879.52,2039.978
2025-09-09 23:30:00+00:00,879.51,879.67,878.64,879.51,541.463
2025-09-09 23:45:00+00:00,879.51,880.33,878.69,880.01,1581.101
2025-09-10 00:00:00+00:00,880.0,880.79,879.63,879.81,1348.144
2025-09-10 00:15:00+00:00,879.8,879.8,877.63,878.08,663.38
2025-09-10 00:30:00+00:00,878.07,880.08,877.6,880.05,1603.122
2025-09-10 00:45:00+00:00,880.04,880.16,877.04,877.42,1894.011
2025-09-10 01:00:00+00:00,877.41,879.62,877.04,879.47,2169.107
2025-09-10 01:15:00+00:00,879.46,880.44,878.92,879.0,2212.523
2025-09-10 01:30:00+00:00,878.99,880.29,878.99,880.02,617.162
2025-09-10 01:45:00+00:00,880.03,880.03,877.89,878.5,820.817
2025-09-10 02:00:00+00:00,878.5,880.19,878.22,879.81,1279.338
2025-09-10 02:15:00+00:00,879.8,882.27,879.6,881.19,1307.401
2025-09-10 02:30:00+00:00,881.2,881.7,880.33,881.3,1011.604
2025-09-10 02:45:00+00:00,881.31,881.69,880.92,881.24,435.689
2025-09-10 03:00:00+00:00,881.24,882.31,880.46,882.25,1090.693
2025-09-10 03:15:00+00:00,882.25,882.6,880.3,880.43,1840.993
2025-09-10 03:30:00+00:00,880.44,881.07,879.72,881.07,1061.129
2025-09-10 03:45:00+00:00,881.07,881.33,880.2,880.4,758.622
2025-09-10 04:00:00+00:00,880.4,880.68,880.0,880.68,448.028
2025-09-10 04:15:00+00:00,880.68,881.0,880.28,880.99,375.629
2025-09-10 04:30:00+00:00,881.0,881.47,880.2,880.24,549.247
2025-09-10 04:45:00+00:00,880.23,880.48,880.12,880.16,488.994
2025-09-10 05:00:00+00:00,880.16,880.3,878.84,879.68,1512.533
2025-09-10 05:15:00+00:00,879.68,881.7,878.82,881.15,1158.465
2025-09-10 05:30:00+00:00,881.15,882.1,880.21,881.92,767.567
2025-09-10 05:45:00+00:00,881.93,882.16,880.13,881.31,1772.006
2025-09-10 06:00:00+00:00,881.32,881.9,880.64,881.15,1479.842
2025-09-10 06:15:00+00:00,881.15,882.84,881.02,882.75,940.327
2025-09-10 06:30:00+00:00,882.75,883.36,882.32,883.3,1692.343
2025-09-10 06:45:00+00:00,883.3,885.76,883.29,884.6,4651.152
2025-09-10 07:00:00+00:00,884.6,885.31,883.9,884.34,1865.998
2025-09-10 07:15:00+00:00,884.33,885.54,883.95,884.99,4146.306
2025-09-10 07:30:00+00:00,884.98,885.11,881.73,883.04,5742.308
2025-09-10 07:45:00+00:00,883.04,884.81,883.03,883.43,2090.458
2025-09-10 08:00:00+00:00,883.43,884.3,882.68,883.24,2572.871
2025-09-10 08:15:00+00:00,883.23,885.0,882.96,884.87,1090.042
2025-09-10 08:30:00+00:00,884.88,885.2,881.33,882.88,2277.338
2025-09-10 08:45:00+00:00,882.88,883.16,882.57,882.85,662.311
2025-09-10 09:00:00+00:00,882.85,882.96,881.31,881.75,1624.304
2025-09-10 09:15:00+00:00,881.76,883.13,881.6,881.96,1874.329
2025-09-10 09:30:00+00:00,881.95,882.8,881.8,881.84,947.396
2025-09-10 09:45:00+00:00,881.84,882.16,881.06,881.68,1742.327
2025-09-10 10:00:00+00:00,881.67,882.83,881.22,882.66,1065.996
2025-09-10 10:15:00+00:00,882.66,883.05,882.0,882.48,1136.301
2025-09-10 10:30:00+00:00,882.51,884.89,882.5,883.68,3829.063
2025-09-10 10:45:00+00:00,883.67,884.3,883.24,883.76,1165.638
2025-09-10 11:00:00+00:00,883.75,884.79,883.75,884.4,1056.079
2025-09-10 11:15:00+00:00,884.4,884.5,883.21,884.25,2008.012
2025-09-10 11:30:00+00:00,884.25,884.63,883.64,883.65,1239.7
2025-09-10 11:45:00+00:00,883.64,884.68,883.5,884.68,1239.814
2025-09-10 12:00:00+00:00,884.67,885.44,884.36,885.1,1092.937
2025-09-10 12:15:00+00:00,885.11,887.08,884.91,886.49,3519.945
2025-09-10 12:30:00+00:00,886.5,889.4,886.49,889.2,11555.708
2025-09-10 12:45:00+00:00,889.21,889.58,886.86,889.13,4862.857
2025-09-10 13:00:00+00:00,889.13,899.99,889.12,899.36,28097.635
2025-09-10 13:15:00+00:00,899.35,904.37,899.33,901.84,24458.244
2025-09-10 13:30:00+00:00,901.83,903.97,898.17,902.15,12068.293
2025-09-10 13:45:00+00:00,902.16,907.38,902.16,903.21,14189.552
2025-09-10 14:00:00+00:00,903.21,905.29,899.0,901.26,16827.715
2025-09-10 14:15:00+00:00,901.26,902.67,899.68,899.72,6755.138
2025-09-10 14:30:00+00:00,899.72,903.0,899.51,901.64,6823.809
2025-09-10 14:45:00+00:00,901.64,904.17,900.38,903.59,9680.946
2025-09-10 15:00:00+00:00,903.59,904.15,900.4,900.9,6382.37
2025-09-10 15:15:00+00:00,900.89,900.9,895.44,896.72,7286.65
2025-09-10 15:30:00+00:00,896.71,896.82,894.53,896.4,4794.296
2025-09-10 15:45:00+00:00,896.4,896.9,893.81,895.5,4921.613
2025-09-10 16:00:00+00:00,895.5,897.73,894.37,894.78,4118.296
2025-09-10 16:15:00+00:00,894.77,896.6,894.52,896.6,1476.72
2025-09-10 16:30:00+00:00,896.6,897.34,895.04,896.24,2135.666
2025-09-10 16:45:00+00:00,896.24,899.23,895.72,898.84,3626.431
2025-09-10 17:00:00+00:00,898.85,899.55,898.2,898.57,2747.302
2025-09-10 17:15:00+00:00,898.57,898.57,894.72,894.78,2403.62
2025-09-10 17:30:00+00:00,894.77,896.76,893.62,896.62,6664.279
2025-09-10 17:45:00+00:00,896.63,897.47,896.2,897.46,3753.33
2025-09-10 18:00:00+00:00,897.47,897.77,896.24,897.04,1413.185
2025-09-10 18:15:00+00:00,897.04,897.04,893.6,894.57,3903.906
2025-09-10 18:30:00+00:00,894.57,895.83,894.3,895.49,647.097
2025-09-10 18:45:00+00:00,895.49,895.75,894.55,895.07,1149.99
2025-09-10 19:00:00+00:00,895.07,895.12,891.7,892.24,1507.218
2025-09-10 19:15:00+00:00,892.24,893.18,890.48,891.24,2182.338
2025-09-10 19:30:00+00:00,891.25,891.69,888.66,891.0,5473.37
2025-09-10 19:45:00+00:00,891.0,891.02,888.98,890.79,1401.181
2025-09-10 20:00:00+00:00,890.79,891.52,890.0,890.91,1493.647
2025-09-10 20:30:00+00:00,891.21,891.21,890.22,890.72,897.142
2025-09-10 20:45:00+00:00,890.73,890.99,890.12,890.32,745.183
2025-09-10 21:00:00+00:00,890.33,891.57,889.64,890.73,2810.433
2025-09-10 21:15:00+00:00,890.73,890.99,890.29,890.31,1100.833
2025-09-10 21:30:00+00:00,890.3,891.69,890.3,891.36,807.441
2025-09-10 21:45:00+00:00,891.36,891.65,891.06,891.53,914.272
2025-09-10 22:00:00+00:00,891.52,893.1,888.33,892.32,3966.328
2025-09-10 22:15:00+00:00,892.33,893.68,892.17,893.29,1056.15
2025-09-10 22:30:00+00:00,893.29,895.24,892.82,893.68,1549.89
2025-09-10 22:45:00+00:00,893.68,894.61,891.23,892.2,2094.482
2025-09-10 23:00:00+00:00,892.2,895.01,892.02,893.86,1837.008
2025-09-10 23:15:00+00:00,893.87,894.46,893.25,893.32,1743.424
2025-09-10 23:30:00+00:00,893.32,894.39,893.09,893.77,815.152
2025-09-10 23:45:00+00:00,893.77,894.48,893.0,893.77,778.658
2025-09-11 00:00:00+00:00,893.77,893.77,891.01,891.15,2303.899
2025-09-11 00:15:00+00:00,891.14,891.9,890.66,891.5,2368.939
2025-09-11 00:30:00+00:00,891.5,892.03,888.38,889.31,3296.575
2025-09-11 00:45:00+00:00,889.32,891.31,889.31,891.0,851.136
2025-09-11 01:00:00+00:00,891.01,893.29,890.47,893.24,1606.139
2025-09-11 01:15:00+00:00,893.24,893.56,891.85,892.31,1631.456
2025-09-11 01:30:00+00:00,892.32,892.6,891.68,891.8,1114.0
2025-09-11 01:45:00+00:00,891.8,891.94,890.99,891.34,932.445
2025-09-11 02:00:00+00:00,891.33,892.35,890.0,892.26,1240.72
2025-09-11 02:15:00+00:00,892.25,892.25,890.6,890.95,524.697
2025-09-11 02:30:00+00:00,890.95,892.49,890.09,892.48,1006.14
2025-09-11 02:45:00+00:00,892.48,892.49,890.22,890.22,854.393
2025-09-11 03:00:00+00:00,890.21,891.38,890.0,891.35,912.775
2025-09-11 03:15:00+00:00,891.35,893.41,891.34,893.27,866.865
2025-09-11 03:30:00+00:00,893.26,894.99,892.44,894.21,2176.95
2025-09-11 03:45:00+00:00,894.22,895.16,893.56,894.55,2082.876
2025-09-11 04:00:00+00:00,894.55,894.55,892.68,892.95,1600.537
2025-09-11 04:15:00+00:00,892.95,893.8,892.6,893.65,838.07
2025-09-11 04:30:00+00:00,893.66,895.22,893.65,894.63,1265.418
2025-09-11 04:45:00+00:00,894.62,894.63,893.51,894.61,746.905
2025-09-11 05:00:00+00:00,894.61,894.69,893.1,893.22,1221.813
2025-09-11 05:15:00+00:00,893.22,893.77,892.9,893.54,533.951
2025-09-11 05:30:00+00:00,893.53,894.98,893.53,894.28,2083.551
2025-09-11 05:45:00+00:00,894.28,896.2,893.98,896.0,1059.187
2025-09-11 06:00:00+00:00,896.0,896.0,894.6,895.11,1008.937
2025-09-11 06:15:00+00:00,895.11,896.7,894.9,895.8,1231.652
2025-09-11 06:30:00+00:00,895.8,897.48,895.79,897.2,1965.57
2025-09-11 06:45:00+00:00,897.19,898.56,896.53,896.72,3664.236
2025-09-11 07:00:00+00:00,896.73,897.99,896.1,897.55,2917.971
2025-09-11 07:15:00+00:00,897.55,897.55,894.93,895.26,1686.389
2025-09-11 07:30:00+00:00,895.27,895.73,894.91,895.73,520.696
2025-09-11 07:45:00+00:00,895.72,896.8,895.47,896.58,1900.336
2025-09-11 08:00:00+00:00,896.57,896.58,894.89,896.1,1222.046
2025-09-11 08:15:00+00:00,896.1,896.6,895.39,896.59,1454.713
2025-09-11 08:30:00+00:00,896.59,897.73,896.58,897.6,1462.421
2025-09-11 08:45:00+00:00,897.6,898.51,897.31,898.02,1734.867
2025-09-11 09:00:00+00:00,898.02,898.02,896.24,896.76,1203.601
2025-09-11 09:15:00+00:00,896.75,897.5,896.12,896.82,1090.333
2025-09-11 09:30:00+00:00,896.83,898.48,896.01,898.48,2260.149
2025-09-11 09:45:00+00:00,898.47,899.81,898.06,899.71,3275.729
2025-09-11 10:00:00+00:00,899.7,901.5,899.2,900.5,3688.01
2025-09-11 10:15:00+00:00,900.49,900.8,899.56,899.76,1110.371
2025-09-11 10:30:00+00:00,899.76,899.76,897.92,897.94,3017.223
2025-09-11 10:45:00+00:00,897.95,900.57,897.88,900.24,3288.641
2025-09-11 11:00:00+00:00,900.23,902.1,899.8,902.1,2352.742
2025-09-11 11:15:00+00:00,902.09,902.37,900.32,900.33,1872.443
2025-09-11 11:30:00+00:00,900.33,900.57,898.84,899.66,1706.647
2025-09-11 11:45:00+00:00,899.66,900.65,898.6,899.07,2509.142
2025-09-11 12:00:00+00:00,899.08,900.69,898.29,899.69,7569.831
2025-09-11 12:15:00+00:00,899.69,900.1,898.63,900.09,2146.577
2025-09-11 12:30:00+00:00,900.1,900.7,892.89,897.75,15525.209
2025-09-11 12:45:00+00:00,897.76,904.53,896.9,900.88,7653.591
2025-09-11 13:00:00+00:00,900.88,901.0,896.07,897.09,4457.773
2025-09-11 13:15:00+00:00,897.08,899.84,896.9,898.51,1973.21
2025-09-11 13:30:00+00:00,898.5,899.7,897.8,897.93,2008.765
2025-09-11 13:45:00+00:00,897.93,901.38,897.09,901.14,1967.76
2025-09-11 14:00:00+00:00,901.14,901.25,898.42,898.6,2359.384
2025-09-11 14:15:00+00:00,898.6,898.65,896.36,898.17,1868.705
2025-09-11 14:30:00+00:00,898.17,900.0,898.05,899.85,1517.7
2025-09-11 14:45:00+00:00,899.85,899.85,898.1,899.09,1661.573
2025-09-11 15:00:00+00:00,899.09,899.5,896.14,896.56,2026.293
2025-09-11 15:15:00+00:00,896.56,898.0,896.45,896.46,1600.012
2025-09-11 15:30:00+00:00,896.46,898.12,896.4,896.44,2417.582
2025-09-11 15:45:00+00:00,896.44,896.5,891.27,893.31,7497.941
2025-09-11 16:00:00+00:00,893.31,895.93,893.3,895.76,1564.151
2025-09-11 16:15:00+00:00,895.76,895.95,894.02,894.04,1347.652
2025-09-11 16:30:00+00:00,894.04,895.44,893.53,895.1,1382.726
2025-09-11 16:45:00+00:00,895.1,895.11,894.1,894.56,1099.826
2025-09-11 17:00:00+00:00,894.56,896.8,894.21,896.8,1597.483
2025-09-11 17:15:00+00:00,896.8,897.65,895.8,895.81,1235.525
2025-09-11 17:30:00+00:00,895.81,897.14,895.8,897.13,604.559
2025-09-11 17:45:00+00:00,897.13,897.5,896.34,897.5,435.001
2025-09-11 18:00:00+00:00,897.49,897.92,896.86,896.87,561.909
2025-09-11 18:15:00+00:00,896.86,897.08,895.69,897.08,638.85
2025-09-11 18:30:00+00:00,897.07,897.29,894.72,895.51,637.569
2025-09-11 18:45:00+00:00,895.5,895.66,894.3,894.91,849.038
2025-09-11 19:00:00+00:00,894.92,896.16,894.66,895.19,594.154
2025-09-11 19:15:00+00:00,895.2,896.5,895.1,896.26,609.162
2025-09-11 19:30:00+00:00,896.27,897.14,896.26,896.74,652.946
2025-09-11 19:45:00+00:00,896.74,897.18,896.32,896.81,494.025
2025-09-11 20:00:00+00:00,896.81,897.0,895.86,895.87,430.503
2025-09-11 20:15:00+00:00,895.87,896.86,895.87,896.31,525.259
2025-09-11 20:30:00+00:00,896.3,897.58,896.3,897.56,837.72
2025-09-11 20:45:00+00:00,897.56,897.56,897.15,897.29,350.568
2025-09-11 21:00:00+00:00,897.29,897.45,895.91,895.97,737.541
2025-09-11 21:15:00+00:00,895.96,896.45,895.33,896.25,614.805
2025-09-11 21:30:00+00:00,896.25,896.66,895.91,896.43,354.133
2025-09-11 21:45:00+00:00,896.43,897.0,896.2,896.89,335.736
2025-09-11 22:00:00+00:00,896.88,899.14,896.37,898.25,2567.857
2025-09-11 22:15:00+00:00,898.25,900.48,898.06,900.2,1461.13
2025-09-11 22:30:00+00:00,900.2,900.64,899.7,900.46,839.301
2025-09-11 22:45:00+00:00,900.46,902.37,900.45,901.65,1805.135
2025-09-11 23:00:00+00:00,901.64,903.63,901.5,903.52,1961.458
2025-09-11 23:15:00+00:00,903.52,903.67,900.84,901.2,3077.228
2025-09-11 23:30:00+00:00,901.2,902.9,900.55,902.28,3204.152
2025-09-11 23:45:00+00:00,902.27,903.31,901.7,902.77,989.872
2025-09-12 00:00:00+00:00,902.77,903.34,901.41,901.76,4258.333
2025-09-12 00:15:00+00:00,901.75,905.4,901.75,904.48,3358.745
2025-09-12 00:30:00+00:00,904.49,907.0,904.18,907.0,1912.538
2025-09-12 00:45:00+00:00,907.0,908.93,905.2,905.45,4094.028
2025-09-12 01:00:00+00:00,905.45,906.66,904.54,905.14,1334.028
2025-09-12 01:15:00+00:00,905.14,907.06,904.7,906.62,1822.583
2025-09-12 01:30:00+00:00,906.63,906.85,905.2,905.39,1311.731
2025-09-12 01:45:00+00:00,905.38,906.0,904.09,904.76,1848.904
2025-09-12 02:00:00+00:00,904.75,906.33,904.75,905.75,722.077
2025-09-12 02:15:00+00:00,905.75,906.19,903.08,904.92,1904.484
2025-09-12 02:30:00+00:00,904.91,906.0,904.04,904.61,1080.364
2025-09-12 02:45:00+00:00,904.61,904.61,903.52,904.0,936.588
2025-09-12 03:00:00+00:00,904.0,906.22,903.1,903.3,2110.263
2025-09-12 03:15:00+00:00,903.3,903.8,901.8,902.86,2312.629
2025-09-12 03:30:00+00:00,902.86,903.6,901.91,903.37,1078.795
2025-09-12 03:45:00+00:00,903.37,904.7,903.17,904.7,1427.624
2025-09-12 04:00:00+00:00,904.69,904.99,903.74,903.84,987.15
2025-09-12 04:15:00+00:00,903.85,906.74,903.84,906.74,3789.559
2025-09-12 04:30:00+00:00,906.73,908.48,906.48,908.25,4179.036
2025-09-12 04:45:00+00:00,908.25,908.52,906.94,908.0,2364.895
2025-09-12 05:00:00+00:00,908.01,908.37,906.66,908.16,3253.839
2025-09-12 05:15:00+00:00,908.17,909.69,908.04,908.09,3088.999
2025-09-12 05:30:00+00:00,908.09,909.01,907.9,908.37,1677.201
2025-09-12 05:45:00+00:00,908.37,909.2,908.36,908.9,1945.382
2025-09-12 06:00:00+00:00,908.9,909.66,907.58,907.79,2544.705
2025-09-12 06:15:00+00:00,907.79,908.67,907.78,908.0,1496.945
2025-09-12 06:30:00+00:00,908.0,908.7,907.77,908.46,1585.045
2025-09-12 06:45:00+00:00,908.46,909.19,908.0,908.66,1717.385
2025-09-12 07:00:00+00:00,908.66,908.75,907.7,908.15,2002.665
2025-09-12 07:15:00+00:00,908.14,908.41,907.66,907.79,1203.528
2025-09-12 07:30:00+00:00,907.79,907.79,904.63,905.04,3451.981
2025-09-12 07:45:00+00:00,905.04,905.05,903.14,903.45,2955.23
2025-09-12 08:00:00+00:00,903.45,904.77,903.44,904.2,1865.008
2025-09-12 08:15:00+00:00,904.2,904.93,902.34,904.27,2757.773
2025-09-12 08:30:00+00:00,904.27,905.22,904.01,905.22,987.657
2025-09-12 08:45:00+00:00,905.22,905.47,904.8,905.1,1148.018
2025-09-12 09:00:00+00:00,905.11,908.14,904.99,907.67,4851.835
2025-09-12 09:15:00+00:00,907.66,908.8,906.39,908.54,4507.834
2025-09-12 09:30:00+00:00,908.54,909.51,906.68,906.78,2189.756
2025-09-12 09:45:00+00:00,906.79,907.68,906.55,907.67,1336.967
2025-09-12 10:00:00+00:00,907.67,909.28,907.0,907.57,3264.098
2025-09-12 10:15:00+00:00,907.57,908.46,905.98,907.39,4583.429
2025-09-12 10:30:00+00:00,907.38,908.86,906.58,907.39,2201.96
2025-09-12 10:45:00+00:00,907.39,907.92,906.75,906.91,1021.81
2025-09-12 11:00:00+00:00,906.9,907.2,906.33,906.54,1139.777
2025-09-12 11:15:00+00:00,906.54,907.0,905.91,906.65,955.432
2025-09-12 11:30:00+00:00,906.65,907.08,905.36,905.6,1671.461
2025-09-12 11:45:00+00:00,905.61,905.7,904.62,905.44,1299.323
2025-09-12 12:00:00+00:00,905.45,905.87,904.0,905.78,2343.17
2025-09-12 12:15:00+00:00,905.78,907.61,905.64,907.21,1420.671
2025-09-12 12:30:00+00:00,907.21,907.21,905.82,906.2,862.854
2025-09-12 12:45:00+00:00,906.19,909.88,905.7,908.35,3809.76
2025-09-12 13:00:00+00:00,908.35,908.69,907.53,908.49,1042.808
2025-09-12 13:15:00+00:00,908.5,908.6,907.85,908.32,1098.97
2025-09-12 13:30:00+00:00,908.32,908.92,907.1,908.24,1537.956
2025-09-12 13:45:00+00:00,908.24,909.64,907.82,908.91,1283.823
2025-09-12 14:00:00+00:00,908.91,909.7,908.14,909.0,3035.092
2025-09-12 14:15:00+00:00,909.0,909.65,908.18,908.38,2009.034
2025-09-12 14:30:00+00:00,908.37,908.92,907.31,907.31,1440.844
2025-09-12 14:45:00+00:00,907.32,909.36,907.15,908.57,2094.976
2025-09-12 15:00:00+00:00,908.56,908.56,906.07,906.08,1258.488
2025-09-12 15:15:00+00:00,906.08,907.86,905.9,906.04,2199.019
2025-09-12 15:30:00+00:00,906.05,907.42,905.53,907.4,1640.796
2025-09-12 15:45:00+00:00,907.4,907.8,906.98,907.01,1064.612
2025-09-12 16:00:00+00:00,907.01,908.3,906.96,908.21,1313.57
2025-09-12 16:15:00+00:00,908.21,908.8,907.65,908.79,1342.942
2025-09-12 16:30:00+00:00,908.79,909.3,907.56,907.65,1395.9
2025-09-12 16:45:00+00:00,907.64,909.5,907.5,909.41,1096.957
2025-09-12 17:00:00+00:00,909.42,909.42,908.32,909.19,1607.825
2025-09-12 17:15:00+00:00,909.2,918.0,909.01,916.17,16955.6355
2025-09-12 17:30:00+00:00,916.17,918.76,914.71,918.51,6522.144
2025-09-12 17:45:00+00:00,918.5,918.99,915.9,917.36,5861.149
2025-09-12 18:00:00+00:00,917.35,917.58,915.4,917.13,3333.986
2025-09-12 18:15:00+00:00,917.13,922.0,917.04,921.51,8661.5782
2025-09-12 18:30:00+00:00,921.51,925.78,921.5,923.37,10496.152
2025-09-12 18:45:00+00:00,923.37,925.6,923.0,923.01,4837.472
2025-09-12 19:00:00+00:00,923.01,923.39,921.51,921.52,2015.89
2025-09-12 19:15:00+00:00,921.51,924.4,920.9,923.97,2297.675
2025-09-12 19:30:00+00:00,923.97,924.86,922.7,924.76,3640.104
2025-09-12 19:45:00+00:00,924.76,924.9,923.58,924.2,1058.705
2025-09-12 20:00:00+00:00,924.19,924.52,923.0,923.76,2133.234
2025-09-12 20:15:00+00:00,923.76,923.76,922.48,923.66,1914.977
2025-09-12 20:30:00+00:00,923.66,925.59,923.54,924.7,2898.376
2025-09-12 20:45:00+00:00,924.7,927.24,924.51,925.01,2036.062
2025-09-12 21:00:00+00:00,925.0,925.0,922.56,924.74,2724.379
2025-09-12 21:15:00+00:00,924.73,925.73,923.51,923.8,1754.488
2025-09-12 21:30:00+00:00,923.8,924.0,922.16,923.44,1301.64
2025-09-12 21:45:00+00:00,923.44,923.8,922.5,923.34,1324.157
2025-09-12 22:00:00+00:00,923.34,926.91,923.34,925.93,2175.64
2025-09-12 22:15:00+00:00,925.93,929.9,925.93,927.73,3727.8305
2025-09-12 22:30:00+00:00,927.73,928.19,925.5,926.19,1399.985
2025-09-12 22:45:00+00:00,926.19,926.3,924.93,925.18,1069.864
2025-09-12 23:00:00+00:00,925.18,925.39,922.66,922.66,1763.422
2025-09-12 23:15:00+00:00,922.67,925.0,922.46,925.0,1745.536
2025-09-12 23:30:00+00:00,925.0,925.19,923.46,925.19,3689.964
2025-09-12 23:45:00+00:00,925.18,925.26,923.94,924.8,2488.428
2025-09-13 00:00:00+00:00,924.81,925.78,924.15,925.35,2554.177
2025-09-13 00:15:00+00:00,925.34,925.43,923.64,923.65,1987.589
2025-09-13 00:30:00+00:00,923.65,925.66,923.64,925.47,1492.982
2025-09-13 00:45:00+00:00,925.47,927.83,925.47,927.01,2138.303
2025-09-13 01:00:00+00:00,927.01,928.27,926.7,927.34,3648.451
2025-09-13 01:15:00+00:00,927.34,929.19,927.18,927.61,2160.867
2025-09-13 01:30:00+00:00,927.61,929.25,927.6,928.13,1579.452
2025-09-13 01:45:00+00:00,928.12,928.9,926.7,926.84,1886.338
2025-09-13 02:00:00+00:00,926.85,929.33,925.22,928.81,2530.578
2025-09-13 02:15:00+00:00,928.81,928.9,927.7,928.5,1302.9
2025-09-13 02:30:00+00:00,928.5,928.54,927.7,927.96,1556.064
2025-09-13 02:45:00+00:00,927.96,928.46,926.89,927.37,1632.507
2025-09-13 03:00:00+00:00,927.37,927.6,926.17,927.42,1548.246
2025-09-13 03:15:00+00:00,927.42,928.69,926.29,927.81,2174.955
2025-09-13 03:30:00+00:00,927.81,928.8,927.28,928.7,1637.472
2025-09-13 03:45:00+00:00,928.71,929.33,927.72,927.73,2341.615
2025-09-13 04:00:00+00:00,927.72,927.75,926.0,926.6,1403.064
2025-09-13 04:15:00+00:00,926.6,926.61,924.7,925.8,1764.22
2025-09-13 04:30:00+00:00,925.81,926.49,925.06,925.6,1764.232
2025-09-13 04:45:00+00:00,925.61,926.2,925.21,926.05,1411.616
2025-09-13 05:00:00+00:00,926.06,927.6,925.88,927.21,1801.923
2025-09-13 05:15:00+00:00,927.2,927.98,926.6,927.19,826.12
2025-09-13 05:30:00+00:00,927.2,927.2,926.11,926.91,1083.592
2025-09-13 05:45:00+00:00,926.9,926.91,925.02,925.17,1489.723
2025-09-13 06:00:00+00:00,925.16,925.94,925.16,925.4,829.375
2025-09-13 06:15:00+00:00,925.4,925.4,924.33,924.63,1230.106
2025-09-13 06:30:00+00:00,924.64,924.89,924.07,924.1,1033.335
2025-09-13 06:45:00+00:00,924.1,924.84,924.0,924.84,1457.652
2025-09-13 07:00:00+00:00,924.84,925.07,924.33,924.6,1763.538
2025-09-13 07:15:00+00:00,924.6,925.36,924.6,924.9,1738.519
2025-09-13 07:30:00+00:00,924.89,925.45,924.89,925.22,1293.018
2025-09-13 07:45:00+00:00,925.23,925.49,924.9,925.29,1180.074
2025-09-13 08:00:00+00:00,925.29,925.3,924.27,925.11,1061.875
2025-09-13 08:15:00+00:00,925.11,926.36,925.06,925.64,1503.521
2025-09-13 08:30:00+00:00,925.65,927.29,925.6,927.2,1066.122
2025-09-13 08:45:00+00:00,927.21,927.56,926.73,927.11,1730.959
2025-09-13 09:00:00+00:00,927.11,928.06,926.35,928.06,2396.679
2025-09-13 09:15:00+00:00,928.06,931.47,927.56,929.29,7104.7918
2025-09-13 09:30:00+00:00,929.3,933.56,929.27,933.3,7501.063
2025-09-13 09:45:00+00:00,933.31,940.58,932.8,938.41,14159.1386
2025-09-13 10:00:00+00:00,938.41,941.36,936.53,940.5,7619.04
2025-09-13 10:15:00+00:00,940.51,943.46,939.32,941.37,7243.697
2025-09-13 10:30:00+00:00,941.37,942.39,939.43,940.05,4047.458
2025-09-13 10:45:00+00:00,940.06,942.0,937.94,940.96,5407.494
2025-09-13 11:00:00+00:00,940.95,941.8,938.08,938.36,2753.419
2025-09-13 11:15:00+00:00,938.36,940.6,938.0,939.5,3148.967
2025-09-13 11:30:00+00:00,939.49,941.0,939.28,940.5,1962.461
2025-09-13 11:45:00+00:00,940.51,942.3,940.14,941.16,3097.619
2025-09-13 12:00:00+00:00,941.16,941.51,940.2,940.6,1529.795
2025-09-13 12:15:00+00:00,940.6,940.61,938.0,938.4,2496.331
2025-09-13 12:30:00+00:00,938.4,939.62,938.35,939.46,1573.474
2025-09-13 12:45:00+00:00,939.46,939.87,939.09,939.18,1303.512
2025-09-13 13:00:00+00:00,939.18,939.8,938.12,939.26,1873.874
2025-09-13 13:15:00+00:00,939.25,941.32,938.35,941.32,2799.859
2025-09-13 13:30:00+00:00,941.32,942.0,939.77,941.57,2303.582
2025-09-13 13:45:00+00:00,941.56,942.16,932.2,936.46,7739.282
2025-09-13 14:00:00+00:00,936.46,936.7,931.6,934.89,4664.394
2025-09-13 14:15:00+00:00,934.9,938.46,934.75,937.8,3033.052
2025-09-13 14:30:00+00:00,937.81,937.99,935.81,937.85,2650.821
2025-09-13 14:45:00+00:00,937.85,938.08,935.84,935.96,3301.789
2025-09-13 15:00:00+00:00,935.96,942.0,935.6,940.67,4721.499
2025-09-13 15:15:00+00:00,940.67,943.86,940.52,941.56,7356.737
2025-09-13 15:30:00+00:00,941.57,941.62,937.38,939.56,4121.132
2025-09-13 15:45:00+00:00,939.57,941.12,936.55,936.59,3474.25
2025-09-13 16:00:00+00:00,936.6,937.98,930.38,931.58,9327.366
2025-09-13 16:15:00+00:00,931.59,931.59,928.0,930.81,9564.003
2025-09-13 16:30:00+00:00,930.81,931.38,926.44,927.63,4489.379
2025-09-13 16:45:00+00:00,927.63,927.76,924.5,925.36,5052.98
2025-09-13 17:00:00+00:00,925.36,925.81,922.11,922.24,5430.26
2025-09-13 17:15:00+00:00,922.24,929.49,922.24,926.91,2976.774
2025-09-13 17:30:00+00:00,926.91,929.8,926.82,929.62,3084.508
2025-09-13 17:45:00+00:00,929.61,930.46,928.9,929.09,1444.187
2025-09-13 18:00:00+00:00,929.09,929.26,927.4,928.78,2074.103
2025-09-13 18:15:00+00:00,928.78,930.36,927.64,929.71,1287.965
2025-09-13 18:30:00+00:00,929.7,930.66,927.8,930.26,1346.514
2025-09-13 18:45:00+00:00,930.26,930.46,929.35,930.44,1500.697
2025-09-13 19:00:00+00:00,930.45,930.98,929.74,930.3,1896.097
2025-09-13 19:15:00+00:00,930.3,930.31,928.5,929.17,1507.707
2025-09-13 19:30:00+00:00,929.18,929.77,928.93,929.09,1026.291
2025-09-13 19:45:00+00:00,929.09,930.15,929.08,930.14,1085.85
2025-09-13 20:00:00+00:00,930.14,932.01,929.53,931.3,2147.241
2025-09-13 20:15:00+00:00,931.3,931.4,929.8,929.8,543.807
2025-09-13 20:30:00+00:00,929.8,930.26,928.65,928.71,1008.334
2025-09-13 20:45:00+00:00,928.71,930.18,928.56,929.61,626.454
2025-09-13 21:00:00+00:00,929.6,932.78,929.31,932.21,1841.823
2025-09-13 21:15:00+00:00,932.2,934.35,931.5,933.23,2024.113
2025-09-13 21:30:00+00:00,933.22,933.23,932.27,932.37,1053.773
2025-09-13 21:45:00+00:00,932.37,932.76,932.15,932.76,318.442
2025-09-13 22:00:00+00:00,932.76,934.2,932.76,933.46,855.288
2025-09-13 22:15:00+00:00,933.47,933.47,931.06,931.22,851.448
2025-09-13 22:30:00+00:00,931.22,931.68,930.58,931.17,595.697
2025-09-13 22:45:00+00:00,931.18,931.2,930.25,931.19,424.468
2025-09-13 23:00:00+00:00,931.2,932.89,931.19,932.49,536.899
2025-09-13 23:15:00+00:00,932.48,933.69,932.48,932.85,1498.478
2025-09-13 23:30:00+00:00,932.86,932.97,932.08,932.72,2054.437
2025-09-13 23:45:00+00:00,932.72,934.0,932.72,933.68,1285.559
2025-09-14 00:00:00+00:00,933.68,934.15,933.47,934.15,980.975
2025-09-14 00:15:00+00:00,934.14,934.15,933.21,933.82,1122.933
2025-09-14 00:30:00+00:00,933.82,934.19,933.42,933.9,681.826
2025-09-14 00:45:00+00:00,933.91,934.03,931.64,933.58,872.464
2025-09-14 01:00:00+00:00,933.58,933.59,929.68,930.0,2060.219
2025-09-14 01:15:00+00:00,929.99,931.53,929.34,931.02,1585.69
2025-09-14 01:30:00+00:00,931.03,936.69,930.92,936.27,2717.631
2025-09-14 01:45:00+00:00,936.28,936.28,930.7,934.46,2264.004
2025-09-14 02:00:00+00:00,934.46,937.5,934.41,937.25,2419.262
2025-09-14 02:15:00+00:00,937.25,937.38,936.3,937.12,1255.934
2025-09-14 02:30:00+00:00,937.13,937.13,934.3,935.3,1494.952
2025-09-14 02:45:00+00:00,935.3,937.26,934.8,936.63,1334.661
2025-09-14 03:00:00+00:00,936.64,938.12,935.69,935.7,2076.624
2025-09-14 03:15:00+00:00,935.7,935.77,933.91,934.89,1060.769
2025-09-14 03:30:00+00:00,934.9,936.48,933.91,933.91,1480.032
2025-09-14 03:45:00+00:00,933.92,934.88,931.05,931.06,1987.795
2025-09-14 04:00:00+00:00,931.05,931.85,929.44,930.51,4142.371
2025-09-14 04:15:00+00:00,930.51,931.3,927.8,931.07,1581.804
2025-09-14 04:30:00+00:00,931.07,934.33,931.06,934.33,1045.822
2025-09-14 04:45:00+00:00,934.34,934.85,932.89,933.52,1455.838
2025-09-14 05:00:00+00:00,933.53,938.69,933.53,937.04,2766.844
2025-09-14 05:15:00+00:00,937.04,939.4,936.65,938.34,2518.794
2025-09-14 05:30:00+00:00,938.35,940.55,938.03,939.69,2563.783
2025-09-14 05:45:00+00:00,939.69,943.11,939.44,942.38,4359.425
2025-09-14 06:00:00+00:00,942.39,944.95,940.9,941.51,4211.659
2025-09-14 06:15:00+00:00,941.52,942.56,939.92,941.04,2116.062
2025-09-14 06:30:00+00:00,941.04,941.04,939.22,939.95,1291.225
2025-09-14 06:45:00+00:00,939.94,940.0,938.63,939.28,1567.306
2025-09-14 07:00:00+00:00,939.28,939.4,938.14,938.57,1743.093
2025-09-14 07:15:00+00:00,938.57,939.59,938.03,939.38,1642.718
2025-09-14 07:30:00+00:00,939.38,940.11,939.18,939.54,1125.655
2025-09-14 07:45:00+00:00,939.53,939.86,936.94,937.47,2265.516
2025-09-14 08:00:00+00:00,937.48,938.1,936.46,937.13,1046.038
2025-09-14 08:15:00+00:00,937.13,938.65,936.59,937.67,1677.863
2025-09-14 08:30:00+00:00,937.67,940.0,937.52,939.71,1485.332
2025-09-14 08:45:00+00:00,939.71,939.71,938.63,938.8,787.767
2025-09-14 09:00:00+00:00,938.79,938.9,937.75,938.25,733.909
2025-09-14 09:15:00+00:00,938.25,940.29,938.2,939.91,731.735
2025-09-14 09:30:00+00:00,939.91,941.39,939.87,940.5,1902.402
2025-09-14 09:45:00+00:00,940.5,941.0,940.0,941.0,1356.174
2025-09-14 10:00:00+00:00,941.0,941.0,937.24,937.25,1752.189
2025-09-14 10:15:00+00:00,937.25,937.72,936.0,937.47,1656.13
2025-09-14 10:30:00+00:00,937.47,938.1,937.06,937.11,1013.103
2025-09-14 10:45:00+00:00,937.11,937.8,936.85,936.85,725.952
2025-09-14 11:00:00+00:00,936.86,937.85,936.4,936.55,1104.306
2025-09-14 11:15:00+00:00,936.55,936.6,933.1,933.33,2038.786
2025-09-14 11:30:00+00:00,933.33,934.1,931.63,931.63,2397.855
2025-09-14 11:45:00+00:00,931.63,932.72,930.99,931.64,1753.265
2025-09-14 12:00:00+00:00,931.65,934.47,931.41,934.11,1820.576
2025-09-14 12:15:00+00:00,934.11,935.8,933.72,935.8,1046.319
2025-09-14 12:30:00+00:00,935.8,936.68,933.24,933.25,2969.024
2025-09-14 12:45:00+00:00,933.24,934.58,931.55,933.69,1471.938
2025-09-14 13:00:00+00:00,933.7,934.89,932.95,934.77,1816.895
2025-09-14 13:15:00+00:00,934.77,934.77,929.06,931.33,2318.287
2025-09-14 13:30:00+00:00,931.33,932.46,930.42,931.73,1696.736
2025-09-14 13:45:00+00:00,931.72,931.96,928.1,929.83,2946.962
2025-09-14 14:00:00+00:00,929.83,932.04,928.3,930.81,2271.855
2025-09-14 14:15:00+00:00,930.81,930.81,925.96,927.31,4312.364
2025-09-14 14:30:00+00:00,927.3,928.23,924.24,925.14,3523.481
2025-09-14 14:45:00+00:00,925.14,926.78,921.91,925.99,7717.298
2025-09-14 15:00:00+00:00,925.98,926.44,922.93,924.72,2102.458
2025-09-14 15:15:00+00:00,924.73,927.27,924.73,926.61,2110.951
2025-09-14 15:30:00+00:00,926.6,928.07,925.91,927.35,1419.078
2025-09-14 15:45:00+00:00,927.35,928.1,923.94,924.3,2361.887
2025-09-14 16:00:00+00:00,924.31,928.0,923.86,927.01,1973.82
2025-09-14 16:15:00+00:00,927.01,927.01,923.26,925.9,3690.488
2025-09-14 16:30:00+00:00,925.9,926.5,924.05,925.11,1837.692
2025-09-14 16:45:00+00:00,925.1,925.3,923.1,924.62,1778.482
2025-09-14 17:00:00+00:00,924.62,926.0,923.6,925.99,982.92
2025-09-14 17:15:00+00:00,925.99,928.61,925.7,928.4,1274.029
2025-09-14 17:30:00+00:00,928.39,929.0,926.4,928.05,2394.011
2025-09-14 17:45:00+00:00,928.05,928.89,927.8,928.04,696.53
2025-09-14 18:00:00+00:00,928.03,928.03,927.11,927.41,602.704
2025-09-14 18:15:00+00:00,927.41,927.41,925.36,926.04,681.138
2025-09-14 18:30:00+00:00,926.05,927.11,926.0,926.99,504.115
2025-09-14 18:45:00+00:00,926.99,927.18,926.18,926.6,596.757
2025-09-14 19:00:00+00:00,926.6,927.99,925.5,927.81,703.663
2025-09-14 19:15:00+00:00,927.8,928.69,927.5,928.69,510.01
2025-09-14 19:30:00+00:00,928.69,929.05,928.1,928.64,1125.426
2025-09-14 19:45:00+00:00,928.65,928.8,927.08,927.59,466.012
2025-09-14 20:00:00+00:00,927.58,928.3,927.31,928.3,413.829
2025-09-14 20:15:00+00:00,928.3,929.64,928.29,929.56,394.955
2025-09-14 20:30:00+00:00,929.56,929.74,927.8,929.47,694.404
2025-09-14 20:45:00+00:00,929.47,929.93,929.22,929.31,353.927
2025-09-14 21:00:00+00:00,929.3,929.65,927.0,928.76,1005.971
2025-09-14 21:15:00+00:00,928.77,931.31,928.76,930.3,1318.539
2025-09-14 21:30:00+00:00,930.31,933.21,930.13,933.2,975.216
2025-09-14 21:45:00+00:00,933.2,933.72,931.35,933.5,1136.781
2025-09-14 22:00:00+00:00,933.5,933.7,932.22,932.87,1023.567
2025-09-14 22:15:00+00:00,932.86,933.5,931.94,933.5,685.953
2025-09-14 22:30:00+00:00,933.49,934.19,932.4,934.19,1249.825
2025-09-14 22:45:00+00:00,934.19,934.19,933.04,933.11,597.791
2025-09-14 23:00:00+00:00,933.11,933.11,928.86,929.26,901.075
2025-09-14 23:15:00+00:00,929.24,929.57,927.53,927.74,1200.133
2025-09-14 23:30:00+00:00,927.74,927.74,925.7,926.54,1172.444
2025-09-14 23:45:00+00:00,926.55,927.37,925.24,926.51,1010.167
2025-09-15 00:00:00+00:00,926.51,927.12,925.04,926.79,2380.715
2025-09-15 00:15:00+00:00,926.79,929.0,925.42,928.14,1265.016
2025-09-15 00:30:00+00:00,928.14,930.01,926.03,926.18,2265.877
2025-09-15 00:45:00+00:00,926.17,926.96,924.66,924.77,1134.712
2025-09-15 01:00:00+00:00,924.78,925.66,922.0,923.2,5379.649
2025-09-15 01:15:00+00:00,923.2,925.8,922.1,925.8,1465.626
2025-09-15 01:30:00+00:00,925.79,929.51,925.79,928.6,4219.49
2025-09-15 01:45:00+00:00,928.6,929.74,926.46,928.0,1391.367
2025-09-15 02:00:00+00:00,927.99,930.06,927.99,929.46,1043.379
2025-09-15 02:15:00+00:00,929.46,930.57,928.98,929.68,874.138
2025-09-15 02:30:00+00:00,929.68,929.8,928.14,929.59,978.14
2025-09-15 02:45:00+00:00,929.59,930.42,929.07,929.39,488.714
2025-09-15 03:00:00+00:00,929.39,932.85,929.2,932.37,1080.684
2025-09-15 03:15:00+00:00,932.36,932.95,930.22,930.49,1637.199
2025-09-15 03:30:00+00:00,930.5,931.1,930.1,930.59,458.584
2025-09-15 03:45:00+00:00,930.59,932.79,930.58,932.31,615.476
2025-09-15 04:00:00+00:00,932.31,932.88,931.8,932.22,537.13
2025-09-15 04:15:00+00:00,932.23,935.72,932.23,934.48,1488.459
2025-09-15 04:30:00+00:00,934.48,935.0,933.22,934.29,1198.628
2025-09-15 04:45:00+00:00,934.29,934.97,932.8,933.53,1354.246
2025-09-15 05:00:00+00:00,933.53,935.0,933.02,934.74,1032.21
2025-09-15 05:15:00+00:00,934.74,935.25,934.06,934.51,1322.67
2025-09-15 05:30:00+00:00,934.52,934.9,933.57,933.58,948.926
2025-09-15 05:45:00+00:00,933.58,934.17,933.02,934.17,1712.884
2025-09-15 06:00:00+00:00,934.16,934.24,932.34,932.88,1782.009
2025-09-15 06:15:00+00:00,932.88,933.3,930.71,930.87,2360.991
2025-09-15 06:30:00+00:00,930.88,931.3,928.0,928.56,1689.974
2025-09-15 06:45:00+00:00,928.56,928.56,926.0,926.84,1323.629
2025-09-15 07:00:00+00:00,926.85,928.85,926.82,928.83,1608.342
2025-09-15 07:15:00+00:00,928.84,929.84,926.7,926.78,727.2
2025-09-15 07:30:00+00:00,926.78,926.78,922.7,923.83,7092.081
2025-09-15 07:45:00+00:00,923.83,924.79,922.28,923.43,4909.88
2025-09-15 08:00:00+00:00,923.42,923.42,916.87,920.0,10713.257
2025-09-15 08:15:00+00:00,920.0,921.4,918.32,919.8,3481.38
2025-09-15 08:30:00+00:00,919.8,920.61,915.14,915.84,3521.883
2025-09-15 08:45:00+00:00,915.85,915.9,910.71,911.02,7197.708
2025-09-15 09:00:00+00:00,911.03,917.44,910.64,916.5,5228.312
2025-09-15 09:15:00+00:00,916.5,917.5,912.3,916.68,5072.036
2025-09-15 09:30:00+00:00,916.67,917.91,915.86,916.03,2928.308
2025-09-15 09:45:00+00:00,916.03,918.25,915.75,918.02,1756.652
2025-09-15 10:00:00+00:00,918.03,918.16,915.62,916.51,1476.132
2025-09-15 10:15:00+00:00,916.5,917.53,914.62,917.16,1605.505
2025-09-15 10:30:00+00:00,917.16,918.7,916.48,918.7,1025.161
2025-09-15 10:45:00+00:00,918.7,920.4,918.61,919.22,1700.994
2025-09-15 11:00:00+00:00,919.23,921.41,918.02,920.5,1352.785
2025-09-15 11:15:00+00:00,920.51,921.38,919.2,920.14,2014.994
2025-09-15 11:30:00+00:00,920.14,921.78,920.0,921.52,1505.433
2025-09-15 11:45:00+00:00,921.53,921.56,919.7,920.12,1578.988
2025-09-15 12:00:00+00:00,920.11,920.22,918.21,919.02,2395.426
2025-09-15 12:15:00+00:00,919.02,921.21,918.78,918.82,2334.242
2025-09-15 12:30:00+00:00,918.81,920.26,917.99,918.5,3720.289
2025-09-15 12:45:00+00:00,918.5,918.71,917.15,917.79,1992.858
2025-09-15 13:00:00+00:00,917.78,920.0,917.18,920.0,2754.212
2025-09-15 13:15:00+00:00,920.0,920.85,919.3,920.71,2598.41
2025-09-15 13:30:00+00:00,920.71,923.16,916.13,916.6,4008.865
2025-09-15 13:45:00+00:00,916.6,918.79,916.3,917.45,1876.292
2025-09-15 14:00:00+00:00,917.45,918.46,914.99,917.71,3413.517
2025-09-15 14:15:00+00:00,917.7,919.65,916.8,918.4,2228.338
2025-09-15 14:30:00+00:00,918.4,918.67,916.0,918.36,2137.737
2025-09-15 14:45:00+00:00,918.36,920.1,917.06,917.42,2597.171
2025-09-15 15:00:00+00:00,917.42,918.55,916.13,916.21,1200.814
2025-09-15 15:15:00+00:00,916.21,917.29,914.31,915.44,2944.041
2025-09-15 15:30:00+00:00,915.45,916.79,912.75,914.94,3134.042
2025-09-15 15:45:00+00:00,914.95,917.22,912.27,916.5,2770.003
2025-09-15 16:00:00+00:00,916.51,917.31,912.73,916.31,3414.31
2025-09-15 16:15:00+00:00,916.31,916.7,915.39,916.32,915.593
2025-09-15 16:30:00+00:00,916.33,919.2,915.5,919.2,988.172
2025-09-15 16:45:00+00:00,919.19,919.2,915.77,916.99,1130.288
2025-09-15 17:00:00+00:00,916.99,918.62,916.72,917.81,1339.699
2025-09-15 17:15:00+00:00,917.8,918.3,915.7,917.31,883.511
2025-09-15 17:30:00+00:00,917.3,919.0,916.93,919.0,740.611
2025-09-15 17:45:00+00:00,919.0,919.7,917.37,919.7,954.867
2025-09-15 18:00:00+00:00,919.7,920.12,918.45,918.68,672.268
2025-09-15 18:15:00+00:00,918.68,919.67,918.24,918.53,370.527
2025-09-15 18:30:00+00:00,918.53,919.05,917.57,917.76,522.796
2025-09-15 18:45:00+00:00,917.77,921.05,917.76,920.63,732.246
2025-09-15 19:00:00+00:00,920.63,922.08,920.2,920.5,919.896
2025-09-15 19:15:00+00:00,920.5,920.5,918.36,918.36,676.128
2025-09-15 19:30:00+00:00,918.36,920.85,917.7,919.99,840.173
2025-09-15 19:45:00+00:00,920.0,920.6,919.2,919.5,345.116
2025-09-15 20:00:00+00:00,919.5,920.38,918.58,920.11,443.174
2025-09-15 20:15:00+00:00,920.11,920.61,919.19,919.49,563.347
2025-09-15 20:30:00+00:00,919.49,919.79,919.3,919.68,314.91
2025-09-15 20:45:00+00:00,919.67,919.97,919.1,919.9,559.265
2025-09-15 21:00:00+00:00,919.9,920.06,918.71,919.56,438.59
2025-09-15 21:15:00+00:00,919.56,920.7,919.55,920.69,378.005
2025-09-15 21:30:00+00:00,920.7,921.7,920.6,921.69,432.866
2025-09-15 21:45:00+00:00,921.7,922.28,921.69,922.02,450.75
2025-09-15 22:00:00+00:00,922.02,922.3,921.1,921.9,901.508
2025-09-15 22:15:00+00:00,921.9,922.4,921.24,921.34,607.135
2025-09-15 22:30:00+00:00,921.34,921.61,919.38,919.87,487.547
2025-09-15 22:45:00+00:00,919.86,919.98,919.2,919.81,267.636
2025-09-15 23:00:00+00:00,919.8,920.19,919.1,919.14,447.93
2025-09-15 23:15:00+00:00,919.15,919.89,919.1,919.68,482.802
2025-09-15 23:30:00+00:00,919.67,919.88,918.24,918.43,456.438
2025-09-15 23:45:00+00:00,918.44,919.89,918.31,919.68,537.173
2025-09-16 00:00:00+00:00,919.68,919.68,918.5,918.62,740.174
2025-09-16 00:15:00+00:00,918.62,918.91,916.66,916.85,796.742
2025-09-16 00:30:00+00:00,916.85,919.3,916.84,919.25,790.651
2025-09-16 00:45:00+00:00,919.26,919.29,917.63,919.09,635.862
2025-09-16 01:00:00+00:00,919.1,921.41,919.09,920.81,878.745
2025-09-16 01:15:00+00:00,920.81,922.2,920.64,921.86,646.232
2025-09-16 01:30:00+00:00,921.85,922.49,920.23,920.72,1002.816
2025-09-16 01:45:00+00:00,920.72,921.77,920.13,920.69,1118.898
2025-09-16 02:00:00+00:00,920.7,921.48,920.22,921.36,1330.841
2025-09-16 02:15:00+00:00,921.36,922.68,921.28,921.44,715.906
2025-09-16 02:30:00+00:00,921.44,922.3,920.32,920.33,1295.692
2025-09-16 02:45:00+00:00,920.33,920.33,919.5,919.77,960.496
2025-09-16 03:00:00+00:00,919.77,920.56,919.2,920.28,738.126
2025-09-16 03:15:00+00:00,920.28,920.28,918.88,919.05,858.762
2025-09-16 03:30:00+00:00,919.05,922.35,919.04,922.26,1165.223
2025-09-16 03:45:00+00:00,922.26,922.31,920.71,921.16,1298.935
2025-09-16 04:00:00+00:00,921.15,921.65,918.81,918.95,2181.13
2025-09-16 04:15:00+00:00,918.95,922.43,916.77,922.42,2756.331
2025-09-16 04:30:00+00:00,922.43,923.61,920.84,922.8,1926.231
2025-09-16 04:45:00+00:00,922.79,924.15,922.3,923.92,3729.316
2025-09-16 05:00:00+00:00,923.92,924.83,923.4,924.61,2024.238
2025-09-16 05:15:00+00:00,924.61,926.66,924.0,926.59,4247.607
2025-09-16 05:30:00+00:00,926.59,929.11,925.73,928.51,2771.871
2025-09-16 05:45:00+00:00,928.51,929.94,927.64,929.73,3974.591
2025-09-16 06:00:00+00:00,929.74,932.36,929.6,931.91,5237.903
2025-09-16 06:15:00+00:00,931.9,932.02,930.0,930.31,1652.597
2025-09-16 06:30:00+00:00,930.31,930.58,927.15,928.11,1679.978
2025-09-16 06:45:00+00:00,928.1,928.5,926.73,927.7,1141.352
2025-09-16 07:00:00+00:00,927.7,932.1,927.69,931.65,4578.713
2025-09-16 07:15:00+00:00,931.65,932.21,929.27,930.41,4455.612
2025-09-16 07:30:00+00:00,930.41,930.87,928.87,929.79,1800.596
2025-09-16 07:45:00+00:00,929.8,931.38,929.74,930.89,2132.72
2025-09-16 08:00:00+00:00,930.9,933.55,930.89,932.6,2289.111
2025-09-16 08:15:00+00:00,932.59,932.8,929.54,929.67,2186.332
2025-09-16 08:30:00+00:00,929.67,929.94,928.44,929.45,1290.194
2025-09-16 08:45:00+00:00,929.45,932.3,929.3,931.6,2443.36
2025-09-16 09:00:00+00:00,931.61,931.61,928.47,928.76,2204.357
2025-09-16 09:15:00+00:00,928.75,929.8,928.47,928.67,1778.634
2025-09-16 09:30:00+00:00,928.67,929.51,927.7,927.7,1931.109
2025-09-16 09:45:00+00:00,927.71,928.84,927.69,928.78,1201.038
2025-09-16 10:00:00+00:00,928.77,929.4,927.72,927.91,998.735
2025-09-16 10:15:00+00:00,927.91,928.64,926.79,927.31,2343.919
2025-09-16 10:30:00+00:00,927.31,927.34,925.8,925.81,1672.391
2025-09-16 10:45:00+00:00,925.81,927.19,925.4,925.49,998.906
2025-09-16 11:00:00+00:00,925.49,926.28,924.81,926.28,1279.864
2025-09-16 11:15:00+00:00,926.27,927.2,926.08,926.97,1068.464
2025-09-16 11:30:00+00:00,926.97,928.54,926.96,927.49,1850.673
2025-09-16 11:45:00+00:00,927.49,928.21,927.44,927.48,872.714
2025-09-16 12:00:00+00:00,927.49,927.9,926.83,927.33,2769.068
2025-09-16 12:15:00+00:00,927.34,928.05,926.52,926.71,1406.783
2025-09-16 12:30:00+00:00,926.71,927.75,926.23,927.35,1207.604
2025-09-16 12:45:00+00:00,927.36,929.0,927.0,928.5,1419.663
2025-09-16 13:00:00+00:00,928.5,929.3,928.18,928.43,1833.545
2025-09-16 13:15:00+00:00,928.43,930.83,928.3,930.3,2683.848
2025-09-16 13:30:00+00:00,930.3,932.54,927.1,928.09,6526.813
2025-09-16 13:45:00+00:00,928.09,928.23,922.72,927.21,6803.016
2025-09-16 14:00:00+00:00,927.22,927.22,921.94,924.66,3002.972
2025-09-16 14:15:00+00:00,924.65,926.09,923.7,925.77,3130.691
2025-09-16 14:30:00+00:00,925.77,926.0,924.2,925.2,1809.167
2025-09-16 14:45:00+00:00,925.2,927.64,924.96,927.08,1600.219
2025-09-16 15:00:00+00:00,927.07,927.9,925.12,927.16,1801.854
2025-09-16 15:15:00+00:00,927.16,931.39,927.15,930.65,3836.193
2025-09-16 15:30:00+00:00,930.65,933.3,929.9,933.1,7509.742
2025-09-16 15:45:00+00:00,933.1,937.89,932.55,937.64,6117.142
2025-09-16 16:00:00+00:00,937.64,937.99,934.86,934.87,3255.751
2025-09-16 16:15:00+00:00,934.87,936.39,932.49,935.05,2385.432
2025-09-16 16:30:00+00:00,935.05,935.87,933.84,934.99,1770.26
2025-09-16 16:45:00+00:00,935.0,935.68,934.3,934.8,1469.974
2025-09-16 17:00:00+00:00,934.8,950.0,934.79,949.74,27692.8332
2025-09-16 17:15:00+00:00,949.73,955.5,949.39,950.28,22953.4383
2025-09-16 17:30:00+00:00,950.28,953.63,948.68,950.89,8242.059
2025-09-16 17:45:00+00:00,950.88,953.27,950.51,952.41,3955.024
2025-09-16 18:00:00+00:00,952.42,955.33,951.37,953.99,5283.221
2025-09-16 18:15:00+00:00,953.99,955.08,950.8,952.33,4208.921
2025-09-16 18:30:00+00:00,952.33,952.76,950.59,951.08,2544.459
2025-09-16 18:45:00+00:00,951.07,952.5,950.41,951.37,2479.539
2025-09-16 19:00:00+00:00,951.37,954.24,951.07,953.04,2744.672
2025-09-16 19:15:00+00:00,953.04,957.17,952.0,952.84,10666.367
2025-09-16 19:30:00+00:00,952.84,953.5,951.33,952.97,3553.703
2025-09-16 19:45:00+00:00,952.97,956.0,952.69,954.66,3485.601
2025-09-16 20:00:00+00:00,954.65,959.0,954.65,958.13,6877.865
2025-09-16 20:15:00+00:00,958.14,958.46,954.12,955.23,4725.28
2025-09-16 20:30:00+00:00,955.22,955.78,954.1,954.65,1287.979
2025-09-16 20:45:00+00:00,954.65,956.55,954.44,955.21,1546.991
2025-09-16 21:00:00+00:00,955.21,957.64,954.9,954.9,1907.685
2025-09-16 21:15:00+00:00,954.89,955.9,954.1,954.11,1162.417
2025-09-16 21:30:00+00:00,954.11,955.16,953.93,954.11,1369.781
2025-09-16 21:45:00+00:00,954.11,956.8,953.28,956.49,1568.926
2025-09-16 22:00:00+00:00,956.49,957.3,955.9,956.52,1236.89
2025-09-16 22:15:00+00:00,956.52,957.28,956.01,957.17,2124.893
2025-09-16 22:30:00+00:00,957.17,957.36,955.36,956.79,1861.444
2025-09-16 22:45:00+00:00,956.78,958.01,955.45,957.1,3452.699
2025-09-16 23:00:00+00:00,957.1,957.83,955.59,955.6,1602.236
2025-09-16 23:15:00+00:00,955.6,955.8,953.46,955.11,2771.217
2025-09-16 23:30:00+00:00,955.11,955.83,953.81,954.57,2314.821
2025-09-16 23:45:00+00:00,954.58,956.48,954.25,955.65,1283.452
2025-09-17 00:00:00+00:00,955.65,956.89,954.31,954.64,1987.219
2025-09-17 00:15:00+00:00,954.63,958.52,954.63,958.21,2573.526
2025-09-17 00:30:00+00:00,958.21,963.0,958.2,961.29,12643.1825
2025-09-17 00:45:00+00:00,961.3,961.3,957.78,959.75,2793.99
2025-09-17 01:00:00+00:00,959.75,959.9,957.49,958.77,2282.654
2025-09-17 01:15:00+00:00,958.77,960.0,957.0,958.84,2919.324
2025-09-17 01:30:00+00:00,958.84,958.84,956.46,956.89,1724.003
2025-09-17 01:45:00+00:00,956.88,958.3,956.53,956.85,1436.759
2025-09-17 02:00:00+00:00,956.85,957.7,956.1,956.85,2300.429
2025-09-17 02:15:00+00:00,956.85,959.66,956.84,958.89,2543.621
2025-09-17 02:30:00+00:00,958.89,961.81,958.3,961.8,3861.771
2025-09-17 02:45:00+00:00,961.8,962.6,958.3,959.91,3772.986
2025-09-17 03:00:00+00:00,959.91,960.26,958.71,959.81,3135.89
2025-09-17 03:15:00+00:00,959.8,961.39,959.8,960.3,4790.658
2025-09-17 03:30:00+00:00,960.31,961.2,957.5,957.75,4012.173
2025-09-17 03:45:00+00:00,957.75,959.09,956.48,957.0,2615.242
2025-09-17 04:00:00+00:00,957.0,959.28,956.77,956.94,2123.318
2025-09-17 04:15:00+00:00,956.93,957.17,953.89,953.98,2315.915
2025-09-17 04:30:00+00:00,953.99,954.77,953.17,954.34,2022.922
2025-09-17 04:45:00+00:00,954.34,954.34,950.8,951.8,4051.821
2025-09-17 05:00:00+00:00,951.81,952.69,949.55,951.2,7372.899
2025-09-17 05:15:00+00:00,951.2,952.0,947.71,948.21,2647.374
2025-09-17 05:30:00+00:00,948.22,949.25,946.69,949.05,3526.932
2025-09-17 05:45:00+00:00,949.05,952.75,947.55,951.76,5406.523
2025-09-17 06:00:00+00:00,951.76,954.1,950.78,951.52,2310.101
2025-09-17 06:15:00+00:00,951.53,952.71,950.0,950.01,2004.201
2025-09-17 06:30:00+00:00,950.0,954.07,949.69,953.88,2867.166
2025-09-17 06:45:00+00:00,953.88,955.47,952.31,954.44,3264.239
2025-09-17 07:00:00+00:00,954.45,955.26,952.7,954.52,1699.668
2025-09-17 07:15:00+00:00,954.53,955.48,953.73,954.75,2224.378
2025-09-17 07:30:00+00:00,954.76,958.0,954.48,955.98,2668.259
2025-09-17 07:45:00+00:00,955.98,956.74,954.49,954.7,1710.982
2025-09-17 08:00:00+00:00,954.7,955.0,951.45,951.61,1730.939
2025-09-17 08:15:00+00:00,951.61,953.2,951.45,951.99,1495.829
2025-09-17 08:30:00+00:00,951.99,954.15,951.16,952.66,2140.202
2025-09-17 08:45:00+00:00,952.67,957.0,952.05,956.55,2704.5
2025-09-17 09:00:00+00:00,956.55,956.55,954.08,954.35,2024.108
2025-09-17 09:15:00+00:00,954.34,955.47,953.63,955.23,1059.541
2025-09-17 09:30:00+00:00,955.24,955.92,953.97,955.31,2844.755
2025-09-17 09:45:00+00:00,955.3,956.6,954.72,955.01,2342.872
2025-09-17 10:00:00+00:00,955.01,956.72,955.0,955.76,1309.509
2025-09-17 10:15:00+00:00,955.76,955.8,952.42,952.43,1840.048
2025-09-17 10:30:00+00:00,952.44,953.51,952.25,953.27,1260.123
2025-09-17 10:45:00+00:00,953.28,954.4,951.72,952.84,2117.249
2025-09-17 11:00:00+00:00,952.83,954.4,952.0,954.39,2085.403
2025-09-17 11:15:00+00:00,954.4,957.19,953.05,955.79,2333.408
2025-09-17 11:30:00+00:00,955.8,956.39,953.9,953.9,3884.858
2025-09-17 11:45:00+00:00,953.9,954.45,953.23,953.24,1315.116
2025-09-17 12:00:00+00:00,953.25,953.7,951.16,952.91,1884.749
2025-09-17 12:15:00+00:00,952.91,952.91,950.95,952.53,1719.655
2025-09-17 12:30:00+00:00,952.53,953.5,950.44,950.55,2227.666
2025-09-17 12:45:00+00:00,950.55,952.2,950.5,951.73,1349.001
2025-09-17 13:00:00+00:00,951.74,953.52,951.3,952.92,2504.288
2025-09-17 13:15:00+00:00,952.91,954.81,952.66,952.89,1824.648
2025-09-17 13:30:00+00:00,952.89,953.3,949.51,949.93,3055.997
2025-09-17 13:45:00+00:00,949.93,951.6,949.18,950.0,3403.955
2025-09-17 14:00:00+00:00,950.01,952.34,949.66,951.78,1364.142
2025-09-17 14:15:00+00:00,951.77,952.41,947.11,948.26,3516.617
2025-09-17 14:30:00+00:00,948.26,950.02,947.33,949.5,2116.994
2025-09-17 14:45:00+00:00,949.5,950.26,947.7,948.55,1827.068
2025-09-17 15:00:00+00:00,948.56,950.7,948.0,950.7,1640.526
2025-09-17 15:15:00+00:00,950.7,951.4,950.15,950.59,1341.758
2025-09-17 15:30:00+00:00,950.6,952.42,950.54,952.1,1398.836
2025-09-17 15:45:00+00:00,952.09,953.23,950.31,951.15,1717.63
2025-09-17 16:00:00+00:00,951.14,951.24,946.1,946.29,2506.851
2025-09-17 16:15:00+00:00,946.29,948.36,946.17,948.36,1614.314
2025-09-17 16:30:00+00:00,948.36,949.3,947.7,949.14,1310.797
2025-09-17 16:45:00+00:00,949.14,952.71,948.5,950.5,3513.406
2025-09-17 17:00:00+00:00,950.49,951.29,949.75,950.86,1092.395
2025-09-17 17:15:00+00:00,950.86,951.1,949.39,950.55,1459.345
2025-09-17 17:30:00+00:00,950.55,955.01,950.38,953.64,3522.31
2025-09-17 17:45:00+00:00,953.63,955.0,949.6,949.61,4251.59
2025-09-17 18:00:00+00:00,949.61,956.53,948.31,949.32,11738.183
2025-09-17 18:15:00+00:00,949.31,959.14,947.39,959.13,5741.352
2025-09-17 18:30:00+00:00,959.14,962.68,951.5,951.69,10533.327
2025-09-17 18:45:00+00:00,951.69,955.57,950.11,954.1,8772.435
2025-09-17 19:00:00+00:00,954.1,957.65,953.25,954.15,4205.374
2025-09-17 19:15:00+00:00,954.15,956.99,953.7,955.62,6417.589
2025-09-17 19:30:00+00:00,955.61,957.35,954.69,956.41,2678.13
2025-09-17 19:45:00+00:00,956.4,957.17,955.41,956.46,1991.62
2025-09-17 20:00:00+00:00,956.46,959.84,955.86,959.33,2287.332
2025-09-17 20:15:00+00:00,959.33,959.4,956.4,956.49,1568.963
2025-09-17 20:30:00+00:00,956.49,957.06,955.26,956.41,1692.078
2025-09-17 20:45:00+00:00,956.42,966.69,953.2,953.68,11837.0439
2025-09-17 21:00:00+00:00,953.68,958.28,951.7,958.27,2960.752
2025-09-17 21:15:00+00:00,958.28,959.25,957.11,958.78,1792.055
2025-09-17 21:30:00+00:00,958.78,962.01,958.3,962.0,2423.11
2025-09-17 21:45:00+00:00,962.0,962.56,960.02,961.1,1823.205
2025-09-17 22:00:00+00:00,961.11,968.68,961.1,968.5,5766.487
2025-09-17 22:15:00+00:00,968.51,978.7,966.9,977.39,14750.776
2025-09-17 22:30:00+00:00,977.39,989.78,975.09,986.27,18565.4212
2025-09-17 22:45:00+00:00,986.27,994.64,983.43,991.89,16733.4802
2025-09-17 23:00:00+00:00,991.89,995.44,987.8,988.77,16130.311
2025-09-17 23:15:00+00:00,988.78,989.0,982.78,983.32,8625.008
2025-09-17 23:30:00+00:00,983.32,990.0,983.32,987.23,7900.54
2025-09-17 23:45:00+00:00,987.24,993.03,987.24,989.98,6995.5
2025-09-18 00:00:00+00:00,989.97,992.77,987.11,991.4,6743.242
2025-09-18 00:15:00+00:00,991.4,993.5,986.03,986.98,6471.155
2025-09-18 00:30:00+00:00,986.98,988.18,985.06,986.61,2088.7
2025-09-18 00:45:00+00:00,986.61,988.01,982.75,983.24,2866.665
2025-09-18 01:00:00+00:00,983.25,986.9,983.1,986.34,4791.208
2025-09-18 01:15:00+00:00,986.33,987.55,984.44,986.4,5567.42
2025-09-18 01:30:00+00:00,986.39,991.13,986.15,990.6,4326.222
2025-09-18 01:45:00+00:00,990.61,992.48,985.0,988.17,7586.589
2025-09-18 02:00:00+00:00,988.18,989.74,986.56,988.25,3348.52
2025-09-18 02:15:00+00:00,988.24,988.5,984.37,984.73,4346.484
2025-09-18 02:30:00+00:00,984.76,987.75,984.76,987.05,2016.024
2025-09-18 02:45:00+00:00,987.05,990.95,987.05,990.77,2156.147
2025-09-18 03:00:00+00:00,990.77,994.55,989.31,993.91,4905.7
2025-09-18 03:15:00+00:00,993.9,994.81,992.0,993.33,4609.748
2025-09-18 03:30:00+00:00,993.33,994.69,991.43,993.72,3418.183
2025-09-18 03:45:00+00:00,993.72,997.0,992.07,995.52,5967.234
2025-09-18 04:00:00+00:00,995.52,995.6,992.5,993.74,2303.448
2025-09-18 04:15:00+00:00,993.73,994.3,991.75,992.21,3485.645
2025-09-18 04:30:00+00:00,992.21,992.92,991.23,992.92,3004.984
2025-09-18 04:45:00+00:00,992.92,994.65,991.27,994.07,4967.547
2025-09-18 05:00:00+00:00,994.07,995.0,992.63,993.8,3009.977
2025-09-18 05:15:00+00:00,993.79,994.0,991.38,991.4,2119.882
2025-09-18 05:30:00+00:00,991.41,992.41,987.14,989.74,4666.84
2025-09-18 05:45:00+00:00,989.74,991.44,989.11,991.16,2434.008
2025-09-18 06:00:00+00:00,991.17,994.3,989.8,989.94,5927.69
2025-09-18 06:15:00+00:00,989.94,992.9,989.69,990.2,3176.007
2025-09-18 06:30:00+00:00,990.2,993.3,989.3,993.2,3577.221
2025-09-18 06:45:00+00:00,993.19,994.93,993.02,994.32,3913.28
2025-09-18 07:00:00+00:00,994.32,996.68,993.5,996.49,3881.554
2025-09-18 07:15:00+00:00,996.48,997.67,994.5,996.59,3543.508
2025-09-18 07:30:00+00:00,996.59,999.68,996.59,998.0,12072.389
2025-09-18 07:45:00+00:00,998.0,999.72,997.86,998.22,7092.986
2025-09-18 08:00:00+00:00,998.23,1005.0,998.11,1003.78,27303.9047
2025-09-18 08:15:00+00:00,1003.78,1006.88,1000.88,1003.22,17775.596
2025-09-18 08:30:00+00:00,1003.21,1005.42,999.92,999.92,10882.164
2025-09-18 08:45:00+00:00,999.92,1001.85,998.41,1000.66,7222.739
2025-09-18 09:00:00+00:00,1000.67,1001.0,994.6,996.23,9967.492
2025-09-18 09:15:00+00:00,996.23,998.25,995.3,996.9,4532.124
2025-09-18 09:30:00+00:00,996.9,999.63,996.5,999.5,3967.584
2025-09-18 09:45:00+00:00,999.51,1002.71,999.05,1001.05,14586.375
2025-09-18 10:00:00+00:00,1001.04,1002.66,996.52,996.99,3521.328
2025-09-18 10:15:00+00:00,997.0,997.72,991.53,992.07,9211.54
2025-09-18 10:30:00+00:00,992.08,994.13,991.02,993.84,4668.535
2025-09-18 10:45:00+00:00,993.85,994.2,991.76,993.31,3914.544
2025-09-18 11:00:00+00:00,993.31,994.86,990.78,991.2,6325.601
2025-09-18 11:15:00+00:00,991.2,993.63,991.08,991.91,3192.964
2025-09-18 11:30:00+00:00,991.91,992.9,990.48,991.76,7230.629
2025-09-18 11:45:00+00:00,991.76,993.3,991.21,991.71,3112.285
2025-09-18 12:00:00+00:00,991.72,993.12,990.8,993.12,2200.038
2025-09-18 12:15:00+00:00,993.11,994.5,992.01,994.16,2818.326
2025-09-18 12:30:00+00:00,994.16,995.3,992.72,994.31,2111.638
2025-09-18 12:45:00+00:00,994.31,997.0,994.09,996.61,3370.605
2025-09-18 13:00:00+00:00,996.61,998.38,994.53,998.38,2239.378
2025-09-18 13:15:00+00:00,998.37,998.89,996.5,997.84,2929.242
2025-09-18 13:30:00+00:00,997.84,998.52,993.0,993.46,4634.042
2025-09-18 13:45:00+00:00,993.46,995.18,992.14,994.76,3112.096
2025-09-18 14:00:00+00:00,994.75,995.82,994.06,994.06,2703.729
2025-09-18 14:15:00+00:00,994.07,995.84,993.0,993.9,4795.459
2025-09-18 14:30:00+00:00,993.9,995.1,993.09,994.1,2970.567
2025-09-18 14:45:00+00:00,994.1,995.7,993.54,995.14,2764.741
2025-09-18 15:00:00+00:00,995.14,996.94,993.35,994.0,4640.758
2025-09-18 15:15:00+00:00,994.0,995.26,993.0,993.01,3506.351
2025-09-18 15:30:00+00:00,993.01,994.8,993.01,993.92,2972.082
2025-09-18 15:45:00+00:00,993.92,995.5,993.45,993.45,2251.841
2025-09-18 16:00:00+00:00,993.44,993.82,991.0,991.87,5284.493
2025-09-18 16:15:00+00:00,991.86,994.54,991.86,993.62,3978.931
2025-09-18 16:30:00+00:00,993.62,995.05,992.41,994.74,2101.619
2025-09-18 16:45:00+00:00,994.74,995.48,993.9,994.0,2723.914
2025-09-18 17:00:00+00:00,993.99,994.22,992.55,993.06,2694.085
2025-09-18 17:15:00+00:00,993.05,993.78,990.71,991.41,3368.453
2025-09-18 17:30:00+00:00,991.41,992.8,991.4,992.39,1878.29
2025-09-18 17:45:00+00:00,992.39,992.8,990.85,991.61,2917.833
2025-09-18 18:00:00+00:00,991.61,992.0,990.84,991.78,1443.86
2025-09-18 18:15:00+00:00,991.78,992.1,988.67,989.31,3652.247
2025-09-18 18:30:00+00:00,989.31,989.7,986.0,987.44,4209.011
2025-09-18 18:45:00+00:00,987.44,988.94,987.43,987.5,1903.437
2025-09-18 19:00:00+00:00,987.5,988.77,987.49,988.63,2162.577
2025-09-18 19:15:00+00:00,988.62,988.63,987.1,987.11,1033.644
2025-09-18 19:30:00+00:00,987.11,988.06,985.6,987.98,2080.637
2025-09-18 19:45:00+00:00,987.98,988.4,987.41,988.01,1371.811
2025-09-18 20:00:00+00:00,988.0,988.54,987.6,988.21,966.724
2025-09-18 20:15:00+00:00,988.21,988.69,988.0,988.01,342.572
2025-09-18 20:30:00+00:00,988.01,989.03,987.79,989.01,740.44
2025-09-18 20:45:00+00:00,989.0,989.01,987.84,987.88,1743.092
2025-09-18 21:00:00+00:00,987.88,987.94,986.57,987.17,1528.485
2025-09-18 21:15:00+00:00,987.17,988.62,986.96,988.3,902.486
2025-09-18 21:30:00+00:00,988.31,988.73,988.1,988.22,554.869
2025-09-18 21:45:00+00:00,988.23,988.9,987.82,987.86,619.791
2025-09-18 22:00:00+00:00,987.86,988.18,985.75,985.79,1238.204
2025-09-18 22:15:00+00:00,985.79,987.0,985.0,985.55,2886.115
2025-09-18 22:30:00+00:00,985.54,986.64,984.74,986.17,2190.917
2025-09-18 22:45:00+00:00,986.16,986.17,982.0,982.74,3590.098
2025-09-18 23:00:00+00:00,982.73,982.74,979.48,981.95,6556.293
2025-09-18 23:15:00+00:00,981.96,982.7,981.2,981.75,1906.357
2025-09-18 23:30:00+00:00,981.74,983.0,981.51,982.0,1987.594
2025-09-18 23:45:00+00:00,982.0,983.23,980.14,981.04,4291.178
2025-09-19 00:00:00+00:00,981.05,982.73,980.7,981.4,2026.781
2025-09-19 00:15:00+00:00,981.41,983.56,980.7,983.56,1831.822
2025-09-19 00:30:00+00:00,983.55,985.8,983.43,985.5,2936.967
2025-09-19 00:45:00+00:00,985.5,985.86,983.88,985.85,2544.381
2025-09-19 01:00:00+00:00,985.86,986.57,984.41,984.76,2332.36
2025-09-19 01:15:00+00:00,984.75,987.26,984.38,987.19,2531.016
2025-09-19 01:30:00+00:00,987.19,987.9,985.16,985.9,1459.698
2025-09-19 01:45:00+00:00,985.9,986.0,983.71,985.81,1796.111
2025-09-19 02:00:00+00:00,985.8,986.24,984.08,984.17,1324.867
2025-09-19 02:15:00+00:00,984.16,984.98,984.16,984.9,1078.73
2025-09-19 02:30:00+00:00,984.9,986.98,984.31,986.4,1624.367
2025-09-19 02:45:00+00:00,986.41,987.11,985.12,985.99,2219.668
2025-09-19 03:00:00+00:00,985.99,988.51,985.99,988.1,2774.822
2025-09-19 03:15:00+00:00,988.09,988.67,986.02,986.28,1945.889
2025-09-19 03:30:00+00:00,986.28,986.38,984.02,985.97,4994.623
2025-09-19 03:45:00+00:00,985.96,986.05,982.62,984.96,7433.61
2025-09-19 04:00:00+00:00,984.96,985.4,982.12,983.9,3731.25
2025-09-19 04:15:00+00:00,983.89,988.78,983.83,988.62,4261.52
2025-09-19 04:30:00+00:00,988.62,989.32,987.5,989.18,6568.567
2025-09-19 04:45:00+00:00,989.19,992.29,988.88,991.84,6187.712
2025-09-19 05:00:00+00:00,991.84,994.51,991.34,993.24,6355.575
2025-09-19 05:15:00+00:00,993.25,993.6,989.2,989.79,3661.967
2025-09-19 05:30:00+00:00,989.79,991.6,988.96,991.27,2600.372
2025-09-19 05:45:00+00:00,991.28,996.77,991.28,994.1,5721.253
2025-09-19 06:00:00+00:00,994.11,994.11,992.04,993.38,3127.29
2025-09-19 06:15:00+00:00,993.37,995.61,992.45,994.18,4870.427
2025-09-19 06:30:00+00:00,994.18,995.2,992.17,994.22,4659.086
2025-09-19 06:45:00+00:00,994.22,995.43,992.6,993.55,6972.621
2025-09-19 07:00:00+00:00,993.55,994.91,991.94,994.74,7385.453
2025-09-19 07:15:00+00:00,994.75,997.68,994.6,996.8,6586.689
2025-09-19 07:30:00+00:00,996.8,997.7,995.23,995.37,5228.827
2025-09-19 07:45:00+00:00,995.37,995.88,993.62,994.76,6421.387
2025-09-19 08:00:00+00:00,994.75,1000.0,994.7,999.17,10458.141
2025-09-19 08:15:00+00:00,999.17,1002.99,997.69,1000.56,6301.735
2025-09-19 08:30:00+00:00,1000.57,1001.45,998.32,999.53,5267.047
2025-09-19 08:45:00+00:00,999.53,1001.01,998.89,1000.66,4970.001
2025-09-19 09:00:00+00:00,1000.66,1002.27,998.99,999.5,5219.585
2025-09-19 09:15:00+00:00,999.5,999.5,995.05,995.71,6522.664
2025-09-19 09:30:00+00:00,995.72,996.85,994.04,994.5,3175.335
2025-09-19 09:45:00+00:00,994.51,996.06,993.7,994.87,2771.07
2025-09-19 10:00:00+00:00,994.87,996.48,993.88,995.07,2478.098
2025-09-19 10:15:00+00:00,995.07,995.2,989.24,990.3,7529.431
2025-09-19 10:30:00+00:00,990.31,993.94,990.3,993.05,3010.891
2025-09-19 10:45:00+00:00,993.04,994.03,990.43,991.47,3903.866
2025-09-19 11:00:00+00:00,991.46,992.27,986.2,987.9,9796.091
2025-09-19 11:15:00+00:00,987.9,989.73,986.0,987.3,6260.681
2025-09-19 11:30:00+00:00,987.29,988.74,984.71,984.87,6550.541
2025-09-19 11:45:00+00:00,984.88,987.01,984.64,985.75,4904.541
2025-09-19 12:00:00+00:00,985.74,989.08,985.4,988.5,3409.268
2025-09-19 12:15:00+00:00,988.5,988.93,986.18,987.3,2725.186
2025-09-19 12:30:00+00:00,987.31,988.93,986.24,988.93,2880.695
2025-09-19 12:45:00+00:00,988.92,989.0,987.43,987.5,2983.373
2025-09-19 13:00:00+00:00,987.5,991.88,986.75,991.52,3771.776
2025-09-19 13:15:00+00:00,991.52,992.38,990.31,991.02,4066.28
2025-09-19 13:30:00+00:00,991.02,992.14,989.5,990.92,3629.604
2025-09-19 13:45:00+00:00,990.93,992.41,990.0,991.45,2353.169
2025-09-19 14:00:00+00:00,991.46,992.4,991.12,991.22,1658.872
2025-09-19 14:15:00+00:00,991.22,991.56,989.6,989.61,2423.544
2025-09-19 14:30:00+00:00,989.6,990.54,986.83,987.19,2087.738
2025-09-19 14:45:00+00:00,987.2,987.72,982.51,983.49,6775.081
2025-09-19 15:00:00+00:00,983.5,983.75,973.99,975.32,11453.363
2025-09-19 15:15:00+00:00,975.33,979.9,973.9,979.37,6227.393
2025-09-19 15:30:00+00:00,979.36,983.62,976.7,982.95,4911.682
2025-09-19 15:45:00+00:00,982.95,984.17,980.77,982.64,3941.066
2025-09-19 16:00:00+00:00,982.63,985.2,981.2,984.48,4097.647
2025-09-19 16:15:00+00:00,984.48,984.66,983.3,984.02,2421.41
2025-09-19 16:30:00+00:00,984.01,984.28,982.65,983.7,1335.304
2025-09-19 16:45:00+00:00,983.71,984.0,981.82,982.4,2313.66
2025-09-19 17:00:00+00:00,982.41,982.41,981.22,982.06,1287.862
2025-09-19 17:15:00+00:00,982.06,983.85,981.99,983.54,1665.246
2025-09-19 17:30:00+00:00,983.53,983.53,979.32,979.9,2541.931
2025-09-19 17:45:00+00:00,979.89,980.7,977.87,978.25,1756.502
2025-09-19 18:00:00+00:00,978.24,979.01,975.0,977.24,4155.845
2025-09-19 18:15:00+00:00,977.24,978.17,975.47,977.33,1874.132
2025-09-19 18:30:00+00:00,977.33,979.87,977.32,979.82,1647.301
2025-09-19 18:45:00+00:00,979.81,980.5,978.1,978.93,1014.428
2025-09-19 19:00:00+00:00,978.93,980.81,978.16,979.28,1550.918
2025-09-19 19:15:00+00:00,979.27,980.94,978.42,980.61,1682.846
2025-09-19 19:30:00+00:00,980.61,981.65,979.35,979.37,1322.813
2025-09-19 19:45:00+00:00,979.36,980.15,978.1,978.3,961.84
2025-09-19 20:00:00+00:00,978.3,979.3,977.15,979.09,1167.598
2025-09-19 20:15:00+00:00,979.09,980.5,978.6,980.2,684.563
2025-09-19 20:30:00+00:00,980.21,981.92,979.71,981.86,1236.295
2025-09-19 20:45:00+00:00,981.85,981.86,979.23,979.63,1395.381
2025-09-19 21:00:00+00:00,979.62,980.25,979.08,980.24,1115.914
2025-09-19 21:15:00+00:00,980.25,982.07,980.0,981.83,1137.0
2025-09-19 21:30:00+00:00,981.83,983.33,981.38,983.03,1233.84
2025-09-19 21:45:00+00:00,983.03,984.05,981.8,983.0,1105.146
2025-09-19 22:00:00+00:00,983.0,984.22,982.82,984.22,849.636
2025-09-19 22:15:00+00:00,984.22,985.45,982.98,984.34,1782.118
2025-09-19 22:30:00+00:00,984.34,985.2,984.17,984.2,623.111
2025-09-19 22:45:00+00:00,984.2,984.73,983.96,984.36,739.29
2025-09-19 23:00:00+00:00,984.36,984.67,982.1,982.1,1574.971
2025-09-19 23:15:00+00:00,982.11,982.39,979.0,979.05,2147.925
2025-09-19 23:30:00+00:00,979.05,980.57,978.42,979.86,1417.811
2025-09-19 23:45:00+00:00,979.85,984.53,979.85,984.1,4128.961
2025-09-20 00:00:00+00:00,984.1,987.33,983.59,987.04,4766.972
2025-09-20 00:15:00+00:00,987.04,988.0,984.7,985.48,1886.308
2025-09-20 00:30:00+00:00,985.49,987.4,985.3,987.27,1164.874
2025-09-20 00:45:00+00:00,987.27,987.49,985.58,986.62,2154.79
2025-09-20 01:00:00+00:00,986.62,986.62,984.7,984.81,2252.094
2025-09-20 01:15:00+00:00,984.81,987.17,984.7,986.41,1545.21
2025-09-20 01:30:00+00:00,986.41,986.49,984.07,986.15,1659.053
2025-09-20 01:45:00+00:00,986.15,986.77,985.59,985.87,953.215
2025-09-20 02:00:00+00:00,985.87,985.99,983.8,983.8,1942.609
2025-09-20 02:15:00+00:00,983.8,986.18,982.9,985.74,1363.197
2025-09-20 02:30:00+00:00,985.75,986.32,984.7,986.05,1447.591
2025-09-20 02:45:00+00:00,986.05,990.87,985.64,990.61,3717.374
2025-09-20 03:00:00+00:00,990.61,990.8,987.73,989.06,1452.673
2025-09-20 03:15:00+00:00,989.06,992.0,988.52,991.39,1789.559
2025-09-20 03:30:00+00:00,991.39,992.0,989.8,991.51,3593.019
2025-09-20 03:45:00+00:00,991.5,993.11,991.35,991.61,3929.824
2025-09-20 04:00:00+00:00,991.61,992.56,990.79,991.62,2385.803
2025-09-20 04:15:00+00:00,991.63,993.55,991.1,992.91,1348.93
2025-09-20 04:30:00+00:00,992.91,996.18,992.41,996.01,3541.361
2025-09-20 04:45:00+00:00,996.01,999.76,996.0,999.69,5962.461
2025-09-20 05:00:00+00:00,999.7,1001.65,996.83,998.33,8397.918
2025-09-20 05:15:00+00:00,998.34,998.34,995.49,996.73,2615.903
2025-09-20 05:30:00+00:00,996.73,997.5,995.64,996.0,2670.469
2025-09-20 05:45:00+00:00,996.0,997.28,995.88,997.26,1164.338
2025-09-20 06:00:00+00:00,997.27,998.21,995.8,996.13,1585.252
2025-09-20 06:15:00+00:00,996.13,996.55,995.52,995.76,768.164
2025-09-20 06:30:00+00:00,995.76,996.8,995.51,995.51,1026.726
2025-09-20 06:45:00+00:00,995.52,997.0,995.21,996.76,1039.443
2025-09-20 07:00:00+00:00,996.76,997.83,995.75,995.79,1173.482
2025-09-20 07:15:00+00:00,995.79,996.2,995.15,995.21,755.625
2025-09-20 07:30:00+00:00,995.21,997.22,995.07,996.81,938.038
2025-09-20 07:45:00+00:00,996.81,999.85,996.44,999.46,3410.952
2025-09-20 08:00:00+00:00,999.48,999.7,997.5,998.36,2379.834
2025-09-20 08:15:00+00:00,998.37,1001.36,998.36,1001.09,4883.036
2025-09-20 08:30:00+00:00,1001.08,1005.32,1000.57,1002.59,10379.26
2025-09-20 08:45:00+00:00,1002.59,1002.85,995.51,996.53,5120.496
2025-09-20 09:00:00+00:00,996.52,998.86,996.1,997.98,3874.881
2025-09-20 09:15:00+00:00,997.98,998.12,996.33,997.48,2062.69
2025-09-20 09:30:00+00:00,997.48,997.7,993.79,994.98,3071.387
2025-09-20 09:45:00+00:00,994.99,996.53,994.15,995.88,1404.094
2025-09-20 10:00:00+00:00,995.89,1000.56,995.89,999.71,3971.736
2025-09-20 10:15:00+00:00,999.71,1000.62,998.83,999.26,2085.999
2025-09-20 10:30:00+00:00,999.25,999.66,997.9,998.14,1891.214
2025-09-20 10:45:00+00:00,998.13,998.69,996.6,997.33,2415.524
2025-09-20 11:00:00+00:00,997.33,1000.42,997.32,999.92,4973.224
2025-09-20 11:15:00+00:00,999.93,1000.87,999.52,999.96,5114.9
2025-09-20 11:30:00+00:00,999.96,1000.68,998.4,1000.09,5776.298
2025-09-20 11:45:00+00:00,1000.09,1002.79,1000.09,1001.77,4104.506
2025-09-20 12:00:00+00:00,1001.77,1001.98,999.6,999.83,2885.822
2025-09-20 12:15:00+00:00,999.84,1000.2,998.51,999.31,3204.179
2025-09-20 12:30:00+00:00,999.31,1001.16,999.24,999.99,3278.766
2025-09-20 12:45:00+00:00,999.99,1000.61,999.8,1000.44,2386.343
2025-09-20 13:00:00+00:00,1000.44,1001.69,1000.0,1000.08,2056.458
2025-09-20 13:15:00+00:00,1000.07,1001.74,999.5,999.51,1922.891
2025-09-20 13:30:00+00:00,999.5,1001.68,999.03,1001.5,3723.641
2025-09-20 13:45:00+00:00,1001.49,1001.88,999.78,1000.44,2943.085
2025-09-20 14:00:00+00:00,1000.45,1001.22,999.55,1000.28,1800.973
2025-09-20 14:15:00+00:00,1000.28,1002.59,1000.09,1002.04,2343.904
2025-09-20 14:30:00+00:00,1002.05,1004.96,1001.39,1004.61,3924.739
2025-09-20 14:45:00+00:00,1004.62,1014.71,1004.18,1011.59,22412.4388
2025-09-20 15:00:00+00:00,1011.59,1028.01,1011.59,1022.99,26083.0738
2025-09-20 15:15:00+00:00,1022.99,1023.44,1018.91,1019.48,10433.244
2025-09-20 15:30:00+00:00,1019.47,1022.75,1016.33,1022.42,7727.152
2025-09-20 15:45:00+00:00,1022.42,1022.42,1019.69,1021.1,5730.157
2025-09-20 16:00:00+00:00,1021.09,1023.37,1019.64,1020.88,6229.02
2025-09-20 16:15:00+00:00,1020.88,1021.3,1018.48,1020.3,6575.4
2025-09-20 16:30:00+00:00,1020.3,1024.03,1019.54,1022.0,7182.083
2025-09-20 16:45:00+00:00,1022.0,1025.6,1022.0,1025.3,4866.883
2025-09-20 17:00:00+00:00,1025.29,1026.6,1023.21,1023.49,4184.526
2025-09-20 17:15:00+00:00,1023.49,1026.97,1021.51,1026.61,3742.092
2025-09-20 17:30:00+00:00,1026.61,1029.12,1024.59,1026.51,6506.272
2025-09-20 17:45:00+00:00,1026.52,1026.67,1024.23,1026.1,3157.647
2025-09-20 18:00:00+00:00,1026.11,1026.68,1022.33,1022.62,3564.646
2025-09-20 18:15:00+00:00,1022.62,1024.9,1020.78,1024.7,3509.265
2025-09-20 18:30:00+00:00,1024.69,1024.94,1020.75,1022.91,2399.826
2025-09-20 18:45:00+00:00,1022.91,1022.94,1020.8,1021.78,2603.671
2025-09-20 19:00:00+00:00,1021.78,1024.6,1020.55,1023.87,2976.774
2025-09-20 19:15:00+00:00,1023.87,1024.86,1023.3,1023.46,1057.128
2025-09-20 19:30:00+00:00,1023.45,1024.12,1020.04,1020.66,2792.625
2025-09-20 19:45:00+00:00,1020.66,1021.04,1017.0,1019.16,6948.251
2025-09-20 20:00:00+00:00,1019.15,1021.01,1018.23,1019.73,2079.661
2025-09-20 20:15:00+00:00,1019.73,1021.06,1019.22,1019.23,1722.076
2025-09-20 20:30:00+00:00,1019.23,1020.83,1019.22,1020.61,921.789
2025-09-20 20:45:00+00:00,1020.61,1021.21,1020.0,1020.0,1385.395
2025-09-20 21:00:00+00:00,1020.0,1021.91,1019.82,1021.9,1952.001
2025-09-20 21:15:00+00:00,1021.91,1024.65,1021.04,1024.47,1496.063
2025-09-20 21:30:00+00:00,1024.46,1048.0,1023.41,1042.16,23441.788
2025-09-20 21:45:00+00:00,1042.16,1043.86,1038.3,1040.4,4276.869
2025-09-20 22:00:00+00:00,1040.42,1040.57,1037.16,1037.64,4447.079
2025-09-20 22:15:00+00:00,1037.64,1037.64,1033.96,1037.16,6020.694
2025-09-20 22:30:00+00:00,1037.16,1040.03,1036.92,1038.38,3287.277
2025-09-20 22:45:00+00:00,1038.37,1039.93,1037.69,1039.93,3135.79
2025-09-20 23:00:00+00:00,1039.93,1039.99,1035.57,1036.61,4923.798
2025-09-20 23:15:00+00:00,1036.61,1040.91,1036.2,1040.4,3392.666
2025-09-20 23:30:00+00:00,1040.41,1044.18,1039.35,1042.01,5014.572
2025-09-20 23:45:00+00:00,1042.0,1044.02,1040.96,1043.77,4403.277
2025-09-21 00:00:00+00:00,1043.77,1045.83,1040.55,1044.59,5359.362
2025-09-21 00:15:00+00:00,1044.59,1047.35,1039.41,1039.74,5169.604
2025-09-21 00:30:00+00:00,1039.75,1066.03,1039.73,1060.1,26533.3959
2025-09-21 00:45:00+00:00,1060.1,1061.88,1054.94,1061.54,16275.821
2025-09-21 01:00:00+00:00,1061.5,1062.0,1055.58,1056.31,5903.77
2025-09-21 01:15:00+00:00,1056.31,1059.07,1054.0,1055.2,6561.979
2025-09-21 01:30:00+00:00,1055.2,1060.82,1055.15,1060.52,5466.536
2025-09-21 01:45:00+00:00,1060.52,1076.14,1059.07,1072.08,26823.774
2025-09-21 02:00:00+00:00,1072.09,1083.47,1070.15,1075.92,19778.0244
2025-09-21 02:15:00+00:00,1075.92,1079.4,1074.74,1077.84,15309.319
2025-09-21 02:30:00+00:00,1077.84,1078.21,1073.0,1076.2,9016.7
2025-09-21 02:45:00+00:00,1076.2,1076.43,1071.81,1074.28,5986.257
2025-09-21 03:00:00+00:00,1074.27,1074.97,1070.19,1072.92,7155.742
2025-09-21 03:15:00+00:00,1072.93,1075.52,1071.5,1075.01,3959.062
2025-09-21 03:30:00+00:00,1075.0,1075.01,1068.59,1071.17,5473.793
2025-09-21 03:45:00+00:00,1071.16,1071.69,1067.5,1069.46,4623.798
2025-09-21 04:00:00+00:00,1069.46,1070.71,1058.91,1059.46,10089.041
2025-09-21 04:15:00+00:00,1059.46,1064.01,1059.46,1061.93,5061.452
2025-09-21 04:30:00+00:00,1061.93,1065.26,1061.92,1064.7,2865.023
2025-09-21 04:45:00+00:00,1064.69,1067.97,1064.69,1067.97,2928.518
2025-09-21 05:00:00+00:00,1067.96,1068.65,1063.99,1064.8,3252.602
2025-09-21 05:15:00+00:00,1064.8,1065.95,1063.45,1064.25,1554.472
2025-09-21 05:30:00+00:00,1064.25,1065.35,1063.91,1065.35,2319.893
2025-09-21 05:45:00+00:00,1065.35,1067.73,1064.61,1067.72,3008.135
2025-09-21 06:00:00+00:00,1067.73,1072.94,1066.01,1072.24,6753.457
2025-09-21 06:15:00+00:00,1072.24,1077.85,1071.09,1077.61,6157.467
2025-09-21 06:45:00+00:00,1075.7,1077.47,1073.92,1076.01,4859.186
2025-09-21 07:00:00+00:00,1076.01,1080.79,1072.09,1079.31,9002.676
2025-09-21 07:15:00+00:00,1079.31,1079.6,1075.0,1076.74,3714.622
2025-09-21 07:30:00+00:00,1076.74,1077.52,1075.0,1076.87,3847.781
2025-09-21 07:45:00+00:00,1076.86,1076.86,1071.99,1073.73,5442.679
2025-09-21 08:00:00+00:00,1073.73,1075.25,1072.25,1074.45,3776.797
2025-09-21 08:15:00+00:00,1074.45,1074.45,1068.87,1069.61,5400.116
2025-09-21 08:30:00+00:00,1069.62,1070.85,1066.6,1070.64,5153.531
2025-09-21 08:45:00+00:00,1070.63,1072.86,1070.63,1071.96,2460.257
2025-09-21 09:00:00+00:00,1071.96,1072.5,1068.66,1068.66,2127.749
2025-09-21 09:15:00+00:00,1068.65,1068.72,1060.29,1062.3,8315.53
2025-09-21 09:30:00+00:00,1062.3,1062.39,1052.15,1056.77,14447.719
2025-09-21 09:45:00+00:00,1056.77,1059.3,1054.01,1058.56,5041.806
2025-09-21 10:00:00+00:00,1058.55,1062.77,1057.63,1061.13,5564.646
2025-09-21 10:15:00+00:00,1061.13,1061.59,1059.0,1059.68,2825.246
2025-09-21 10:30:00+00:00,1059.68,1064.2,1058.72,1061.24,3905.976
2025-09-21 10:45:00+00:00,1061.23,1062.04,1059.65,1060.68,1701.094
2025-09-21 11:00:00+00:00,1060.69,1063.68,1059.68,1063.38,2840.258
2025-09-21 11:15:00+00:00,1063.39,1063.39,1060.02,1060.28,2471.478
2025-09-21 11:30:00+00:00,1060.28,1060.28,1055.11,1055.26,5430.72
2025-09-21 11:45:00+00:00,1055.26,1056.17,1050.32,1051.11,6065.135
2025-09-21 12:00:00+00:00,1051.12,1055.56,1051.0,1053.54,3581.442
2025-09-21 12:15:00+00:00,1053.54,1057.81,1053.29,1055.5,2558.422
2025-09-21 12:30:00+00:00,1055.51,1057.97,1048.46,1049.08,6809.694
2025-09-21 12:45:00+00:00,1049.08,1049.08,1044.0,1046.5,7036.149
2025-09-21 13:00:00+00:00,1046.5,1050.88,1046.02,1050.5,3798.946
2025-09-21 13:15:00+00:00,1050.5,1050.7,1047.2,1050.63,2663.334
2025-09-21 13:30:00+00:00,1050.64,1052.39,1050.3,1052.01,3193.674
2025-09-21 13:45:00+00:00,1052.0,1054.87,1051.6,1052.28,2952.579
2025-09-21 14:00:00+00:00,1052.29,1053.88,1050.05,1051.03,2376.485
2025-09-21 14:15:00+00:00,1051.04,1051.04,1048.51,1049.52,2007.717
2025-09-21 14:30:00+00:00,1049.52,1054.65,1048.36,1054.58,2408.69
2025-09-21 14:45:00+00:00,1054.59,1056.91,1049.81,1050.26,4038.862
2025-09-21 15:00:00+00:00,1050.25,1054.6,1049.74,1053.64,3992.148
2025-09-21 15:15:00+00:00,1053.64,1054.26,1051.56,1053.7,3105.88
2025-09-21 15:30:00+00:00,1053.69,1054.96,1051.74,1054.37,2152.373
2025-09-21 15:45:00+00:00,1054.36,1056.35,1054.2,1056.31,2265.642
2025-09-21 16:00:00+00:00,1056.32,1058.0,1051.9,1051.91,3996.804
2025-09-21 16:15:00+00:00,1051.91,1052.09,1046.13,1047.67,4073.282
2025-09-21 16:30:00+00:00,1047.68,1047.68,1041.78,1043.73,5791.446
2025-09-21 16:45:00+00:00,1043.74,1043.74,1039.2,1043.0,9344.723
2025-09-21 17:00:00+00:00,1042.99,1044.76,1040.91,1042.66,4358.546
2025-09-21 17:15:00+00:00,1042.66,1045.01,1041.37,1043.95,3173.53
2025-09-21 17:30:00+00:00,1043.95,1046.99,1042.22,1046.87,4753.076
2025-09-21 17:45:00+00:00,1046.87,1049.25,1046.36,1049.1,1898.371
2025-09-21 18:00:00+00:00,1049.1,1051.8,1047.5,1050.05,3398.85
2025-09-21 18:15:00+00:00,1050.05,1050.05,1046.98,1049.46,3996.651
2025-09-21 18:30:00+00:00,1049.47,1052.57,1049.18,1051.57,1489.422
2025-09-21 18:45:00+00:00,1051.57,1052.27,1050.92,1051.83,733.063
2025-09-21 19:00:00+00:00,1051.84,1052.06,1047.56,1047.7,1426.9
2025-09-21 19:15:00+00:00,1047.7,1047.7,1046.16,1046.57,1520.315
2025-09-21 19:30:00+00:00,1046.56,1047.17,1045.37,1045.52,1021.54
2025-09-21 19:45:00+00:00,1045.53,1047.85,1045.12,1047.85,1130.004
2025-09-21 20:00:00+00:00,1047.85,1047.85,1041.94,1042.0,5903.767
2025-09-21 20:15:00+00:00,1042.0,1046.2,1040.98,1046.01,2042.983
2025-09-21 20:30:00+00:00,1046.0,1046.0,1044.12,1044.96,679.655
2025-09-21 20:45:00+00:00,1044.95,1045.83,1044.55,1045.0,595.61
2025-09-21 21:00:00+00:00,1045.01,1046.47,1044.7,1046.47,1151.687
2025-09-21 21:15:00+00:00,1046.47,1046.47,1044.63,1045.72,719.607
2025-09-21 21:30:00+00:00,1045.72,1052.43,1045.45,1050.88,3178.856
2025-09-21 21:45:00+00:00,1050.88,1052.38,1049.16,1049.33,3100.607
2025-09-21 22:00:00+00:00,1049.33,1051.75,1048.01,1048.55,1475.947
2025-09-21 22:15:00+00:00,1048.55,1051.15,1046.83,1050.56,2377.411
2025-09-21 22:30:00+00:00,1050.55,1053.94,1049.85,1052.2,3923.667
2025-09-21 22:45:00+00:00,1052.19,1054.99,1050.79,1052.69,3977.855
2025-09-21 23:00:00+00:00,1052.69,1052.69,1048.69,1049.28,1881.405
2025-09-21 23:15:00+00:00,1049.28,1049.83,1046.93,1047.0,1565.14
2025-09-21 23:30:00+00:00,1047.0,1049.11,1045.31,1048.96,1428.375
2025-09-21 23:45:00+00:00,1048.96,1049.45,1047.5,1047.8,1601.888
2025-09-22 00:00:00+00:00,1047.8,1050.55,1046.1,1047.43,2341.764
2025-09-22 00:15:00+00:00,1047.42,1047.57,1040.74,1041.33,4509.426
2025-09-22 00:30:00+00:00,1041.34,1041.34,1029.61,1034.61,18073.222
2025-09-22 00:45:00+00:00,1034.61,1035.95,1024.86,1029.73,14999.231
2025-09-22 01:00:00+00:00,1029.73,1034.15,1027.63,1030.33,6726.819
2025-09-22 01:15:00+00:00,1030.33,1037.29,1029.57,1036.46,6136.733
2025-09-22 01:30:00+00:00,1036.47,1044.68,1036.09,1041.95,6615.625
2025-09-22 01:45:00+00:00,1041.95,1043.76,1034.84,1036.68,3439.204
2025-09-22 02:00:00+00:00,1036.68,1039.36,1034.08,1036.35,4660.499
2025-09-22 02:15:00+00:00,1036.35,1037.69,1030.06,1032.66,6515.448
2025-09-22 02:30:00+00:00,1032.66,1032.84,1027.22,1031.55,8249.066
2025-09-22 02:45:00+00:00,1031.54,1034.34,1030.74,1031.61,2407.859
2025-09-22 03:00:00+00:00,1031.62,1034.4,1030.34,1030.68,2281.989
2025-09-22 03:15:00+00:00,1030.68,1032.5,1030.03,1031.56,3085.083
2025-09-22 03:30:00+00:00,1031.56,1031.56,1024.99,1026.72,11564.388
2025-09-22 03:45:00+00:00,1026.72,1029.98,1026.72,1029.95,4591.728
2025-09-22 04:00:00+00:00,1029.94,1032.21,1027.4,1027.57,3503.565
2025-09-22 04:15:00+00:00,1027.57,1036.41,1027.05,1036.09,16973.281
2025-09-22 04:30:00+00:00,1036.14,1038.37,1035.55,1035.8,4265.52
2025-09-22 04:45:00+00:00,1035.79,1035.8,1032.19,1033.07,1935.641
2025-09-22 05:00:00+00:00,1033.08,1033.08,1030.87,1031.97,2593.246
2025-09-22 05:15:00+00:00,1031.97,1035.36,1031.0,1034.43,2428.539
2025-09-22 05:30:00+00:00,1034.44,1034.72,1027.41,1027.78,3512.5
2025-09-22 05:45:00+00:00,1027.78,1029.0,1018.41,1019.07,7993.783
2025-09-22 06:00:00+00:00,1019.06,1019.54,993.31,1013.39,58885.903
2025-09-22 06:15:00+00:00,1013.4,1018.18,1009.17,1014.2,16425.757
2025-09-22 06:30:00+00:00,1014.2,1021.6,1012.47,1021.19,8646.485
2025-09-22 06:45:00+00:00,1021.18,1024.2,1018.14,1023.98,7437.534
2025-09-22 07:00:00+00:00,1023.97,1028.0,1020.42,1024.77,8369.732
2025-09-22 07:15:00+00:00,1024.77,1026.86,1021.81,1026.12,6012.727
2025-09-22 07:30:00+00:00,1026.12,1027.6,1019.01,1024.09,12762.891
2025-09-22 07:45:00+00:00,1024.1,1027.12,1021.95,1023.76,4423.202
2025-09-22 08:00:00+00:00,1023.75,1034.02,1023.29,1032.55,6667.046
2025-09-22 08:15:00+00:00,1032.56,1035.81,1030.03,1031.13,4607.302
2025-09-22 08:30:00+00:00,1031.13,1034.01,1026.56,1028.44,12019.597
2025-09-22 08:45:00+00:00,1028.44,1031.85,1027.79,1028.28,3983.293
2025-09-22 09:00:00+00:00,1028.27,1028.28,1024.81,1025.25,3233.912
2025-09-22 09:15:00+00:00,1025.24,1027.67,1024.47,1026.64,3706.327
2025-09-22 09:30:00+00:00,1026.63,1027.03,1021.3,1022.15,5543.435
2025-09-22 09:45:00+00:00,1022.15,1022.59,1013.36,1017.33,7659.287
2025-09-22 10:00:00+00:00,1017.33,1021.03,1012.52,1019.49,4690.583
2025-09-22 10:15:00+00:00,1019.49,1022.52,1018.26,1021.89,2659.239
2025-09-22 10:30:00+00:00,1021.88,1021.88,1017.09,1017.62,3026.777
2025-09-22 10:45:00+00:00,1017.61,1024.52,1017.52,1022.78,3227.408
2025-09-22 11:00:00+00:00,1022.77,1023.8,1020.12,1020.64,2723.76
2025-09-22 11:15:00+00:00,1020.64,1022.19,1017.99,1019.66,8979.584
2025-09-22 11:30:00+00:00,1019.65,1021.18,1018.68,1019.56,2213.535
2025-09-22 11:45:00+00:00,1019.57,1021.05,1017.41,1018.36,1975.671
2025-09-22 12:00:00+00:00,1018.36,1020.9,1017.01,1020.42,3144.317
2025-09-22 12:15:00+00:00,1020.42,1023.68,1020.41,1023.0,6298.972
2025-09-22 12:30:00+00:00,1023.0,1023.2,1019.02,1019.09,2695.558
2025-09-22 12:45:00+00:00,1019.08,1023.53,1018.54,1021.3,3678.329
2025-09-22 13:00:00+00:00,1021.3,1025.76,1020.5,1025.76,2934.723
2025-09-22 13:15:00+00:00,1025.76,1027.82,1023.54,1026.02,5204.746
2025-09-22 13:30:00+00:00,1026.01,1026.01,1014.62,1016.03,10747.933
2025-09-22 13:45:00+00:00,1016.03,1022.59,1014.05,1022.25,5875.737
2025-09-22 14:00:00+00:00,1022.26,1022.26,1015.49,1016.09,7902.661
2025-09-22 14:15:00+00:00,1016.09,1018.51,1006.63,1009.98,11107.961
2025-09-22 14:30:00+00:00,1009.98,1011.97,1006.62,1006.97,5877.971
2025-09-22 14:45:00+00:00,1006.98,1007.87,1001.98,1003.25,9269.912
2025-09-22 15:00:00+00:00,1003.24,1005.28,999.01,1004.76,10483.867
2025-09-22 15:15:00+00:00,1004.76,1005.58,1001.04,1003.79,3922.52
2025-09-22 15:30:00+00:00,1003.78,1004.96,997.7,1000.1,8112.189
2025-09-22 15:45:00+00:00,1000.1,1002.69,993.9,997.61,9351.862
2025-09-22 16:00:00+00:00,997.61,998.3,993.53,997.41,5683.32
2025-09-22 16:15:00+00:00,997.4,997.5,993.53,995.03,3811.089
2025-09-22 16:30:00+00:00,995.03,997.09,990.0,994.21,14657.861
2025-09-22 16:45:00+00:00,994.2,995.5,992.23,992.46,5285.59
2025-09-22 17:00:00+00:00,992.46,993.11,983.44,984.91,17522.634
2025-09-22 17:15:00+00:00,984.92,992.07,984.69,990.33,5214.463
2025-09-22 17:30:00+00:00,990.33,994.12,988.06,993.45,9033.042
2025-09-22 17:45:00+00:00,993.44,994.52,991.76,993.87,2868.372
2025-09-22 18:00:00+00:00,993.87,994.27,991.27,993.05,1691.891
2025-09-22 18:15:00+00:00,993.04,993.05,989.9,992.01,2430.83
2025-09-22 18:30:00+00:00,992.01,992.04,988.3,988.31,2409.726
2025-09-22 18:45:00+00:00,988.3,988.77,985.64,987.0,2659.023
2025-09-22 19:00:00+00:00,987.0,988.18,984.61,986.0,2454.777
2025-09-22 19:15:00+00:00,986.0,987.8,984.53,985.11,1816.407
2025-09-22 19:30:00+00:00,985.1,986.3,978.8,981.77,12281.725
2025-09-22 19:45:00+00:00,981.78,983.1,976.89,981.04,6732.761
2025-09-22 20:00:00+00:00,981.03,983.0,978.6,982.09,2437.051
2025-09-22 20:15:00+00:00,982.1,983.4,981.07,983.04,1071.331
2025-09-22 20:30:00+00:00,983.05,988.88,983.02,986.8,3538.393
2025-09-22 20:45:00+00:00,986.8,989.56,985.71,987.81,2852.226
2025-09-22 21:00:00+00:00,987.8,988.59,984.3,984.3,2396.309
2025-09-22 21:15:00+00:00,984.3,988.0,984.28,987.99,1429.952
2025-09-22 21:30:00+00:00,988.0,997.68,987.0,989.99,4931.816
2025-09-22 21:45:00+00:00,989.98,992.32,985.36,992.09,4168.509
2025-09-22 22:00:00+00:00,992.09,992.09,989.91,990.06,1572.548
2025-09-22 22:15:00+00:00,990.06,991.24,989.6,990.5,1292.628
2025-09-22 22:30:00+00:00,990.5,993.6,990.29,993.26,2000.924
2025-09-22 22:45:00+00:00,993.26,993.26,990.63,992.11,1913.069
2025-09-22 23:00:00+00:00,992.1,992.22,990.41,991.51,1255.232
2025-09-22 23:15:00+00:00,991.51,993.68,989.77,993.68,1546.242
2025-09-22 23:30:00+00:00,993.67,994.43,991.87,992.85,2429.731
2025-09-22 23:45:00+00:00,992.81,993.19,990.77,992.9,1446.52
2025-09-23 00:00:00+00:00,992.9,993.45,991.38,993.26,1837.634
2025-09-23 00:15:00+00:00,993.27,997.4,993.27,996.5,2469.437
2025-09-23 00:30:00+00:00,996.49,996.95,994.63,995.33,2541.543
2025-09-23 00:45:00+00:00,995.34,995.37,990.8,991.3,2129.618
2025-09-23 01:00:00+00:00,991.29,991.5,986.52,987.46,2612.294
2025-09-23 01:15:00+00:00,987.46,991.8,987.15,991.7,1653.582
2025-09-23 01:30:00+00:00,991.7,991.74,987.9,988.02,2733.199
2025-09-23 01:45:00+00:00,988.02,989.5,983.41,983.41,2036.9
2025-09-23 02:00:00+00:00,983.41,986.7,981.72,985.92,3603.111
2025-09-23 02:15:00+00:00,985.92,985.92,980.13,980.47,2894.281
2025-09-23 02:30:00+00:00,980.46,981.7,977.6,978.16,6161.461
2025-09-23 02:45:00+00:00,978.15,979.37,970.5,970.58,12900.708
2025-09-23 03:00:00+00:00,970.59,970.95,962.38,968.45,13792.727
2025-09-23 03:15:00+00:00,968.44,979.73,968.2,978.38,13435.345
2025-09-23 03:30:00+00:00,978.38,984.38,977.8,980.33,4935.122
2025-09-23 03:45:00+00:00,980.32,983.8,980.32,982.49,2826.285
2025-09-23 04:00:00+00:00,982.49,985.5,980.35,980.99,2863.503
2025-09-23 04:15:00+00:00,981.0,982.55,978.6,979.0,1694.529
2025-09-23 04:30:00+00:00,979.0,982.83,976.48,982.19,3151.428
2025-09-23 04:45:00+00:00,982.18,982.86,979.8,981.93,1949.086
2025-09-23 05:00:00+00:00,981.93,985.25,979.8,985.25,2034.209
2025-09-23 05:15:00+00:00,985.26,986.01,982.22,985.63,3546.637
2025-09-23 05:30:00+00:00,985.63,989.28,985.59,988.4,3013.533
2025-09-23 05:45:00+00:00,988.41,988.9,986.4,988.62,2349.438
2025-09-23 06:00:00+00:00,988.62,995.68,987.61,992.01,9500.515
2025-09-23 06:15:00+00:00,992.01,994.9,991.2,993.24,4260.468
2025-09-23 06:30:00+00:00,993.24,997.13,992.21,994.21,8336.595
2025-09-23 06:45:00+00:00,994.2,997.98,993.0,996.9,5189.623
2025-09-23 07:00:00+00:00,996.9,999.44,994.56,999.44,7335.73
2025-09-23 07:15:00+00:00,999.43,1005.58,998.02,1000.51,13336.887
2025-09-23 07:30:00+00:00,1000.5,1007.67,999.21,1002.68,12315.86
2025-09-23 07:45:00+00:00,1002.68,1004.29,1001.48,1001.69,5890.938
2025-09-23 08:00:00+00:00,1001.7,1009.01,1001.2,1008.0,8863.671
2025-09-23 08:15:00+00:00,1008.0,1020.0,1007.15,1008.66,12976.282
2025-09-23 08:30:00+00:00,1008.69,1011.29,1005.9,1006.01,7722.245
2025-09-23 08:45:00+00:00,1006.02,1012.31,1003.76,1004.23,6902.645
2025-09-23 09:00:00+00:00,1004.23,1008.74,1002.21,1007.9,5340.53
2025-09-23 09:15:00+00:00,1007.9,1007.9,1001.86,1003.17,3106.039
2025-09-23 09:30:00+00:00,1003.18,1003.84,1002.04,1003.42,3296.432
2025-09-23 09:45:00+00:00,1003.41,1003.6,997.28,999.31,6170.916
2025-09-23 10:00:00+00:00,999.31,1000.58,997.0,999.99,2793.864
2025-09-23 10:15:00+00:00,1000.0,1002.78,999.49,1001.77,2668.9
2025-09-23 10:30:00+00:00,1001.77,1005.83,1001.28,1005.15,4446.47
2025-09-23 10:45:00+00:00,1005.16,1006.27,1004.31,1004.87,1443.43
2025-09-23 11:00:00+00:00,1004.87,1004.89,1001.62,1003.78,1993.323
2025-09-23 11:15:00+00:00,1003.78,1005.24,1002.28,1002.67,1628.511
2025-09-23 11:30:00+00:00,1002.66,1009.97,1002.29,1009.7,1776.956
2025-09-23 11:45:00+00:00,1009.69,1011.14,1007.63,1010.75,3484.34
2025-09-23 12:00:00+00:00,1010.74,1014.63,1009.52,1014.34,5909.44
2025-09-23 12:15:00+00:00,1014.34,1015.58,1010.71,1010.88,3792.294
2025-09-23 12:30:00+00:00,1010.89,1018.48,1009.48,1017.47,10162.203
2025-09-23 12:45:00+00:00,1017.48,1022.77,1017.3,1018.51,10002.597
2025-09-23 13:00:00+00:00,1018.51,1021.95,1015.33,1021.02,6870.619
2025-09-23 13:15:00+00:00,1021.02,1022.14,1016.92,1020.35,8219.621
2025-09-23 13:30:00+00:00,1020.35,1022.37,1016.04,1017.77,5987.684
2025-09-23 13:45:00+00:00,1017.77,1019.5,1014.35,1016.71,6415.122
2025-09-23 14:00:00+00:00,1016.71,1022.21,1016.25,1020.66,4865.432
2025-09-23 14:15:00+00:00,1020.65,1021.05,1016.16,1017.89,4072.908
2025-09-23 14:30:00+00:00,1017.89,1018.42,1011.57,1015.73,6436.076
2025-09-23 14:45:00+00:00,1015.72,1016.59,1012.62,1012.74,3977.174
2025-09-23 15:00:00+00:00,1012.74,1019.85,1008.87,1018.01,7039.816
2025-09-23 15:15:00+00:00,1018.01,1025.44,1017.72,1023.4,7921.29
2025-09-23 15:30:00+00:00,1023.4,1024.32,1021.14,1023.14,5398.654
2025-09-23 15:45:00+00:00,1023.14,1026.47,1021.59,1022.67,4445.743
2025-09-23 16:00:00+00:00,1022.68,1024.92,1019.1,1022.74,3973.873
2025-09-23 16:15:00+00:00,1022.74,1023.97,1021.23,1022.72,2316.97
2025-09-23 16:30:00+00:00,1022.72,1022.97,1017.62,1019.92,4987.542
2025-09-23 16:45:00+00:00,1019.93,1027.37,1019.67,1023.92,4653.851
2025-09-23 17:00:00+00:00,1023.92,1024.23,1016.81,1019.21,5100.736
2025-09-23 17:15:00+00:00,1019.22,1023.44,1018.4,1020.0,2160.177
2025-09-23 17:30:00+00:00,1020.0,1020.89,1016.17,1016.88,3318.994
2025-09-23 17:45:00+00:00,1016.87,1019.96,1011.18,1014.11,5737.697
2025-09-23 18:00:00+00:00,1014.11,1016.2,1011.81,1016.17,3382.324
2025-09-23 18:15:00+00:00,1016.16,1016.44,1012.18,1012.65,2709.231
2025-09-23 18:30:00+00:00,1012.66,1013.1,1008.58,1010.09,3229.654
2025-09-23 18:45:00+00:00,1010.1,1011.24,1006.83,1011.2,4128.128
2025-09-23 19:00:00+00:00,1011.2,1015.76,1011.2,1015.5,2688.699
2025-09-23 19:15:00+00:00,1015.5,1015.63,1012.32,1013.32,2389.024
2025-09-23 19:30:00+00:00,1013.32,1013.44,1008.54,1009.91,2492.409
2025-09-23 19:45:00+00:00,1009.92,1010.29,1006.11,1009.25,2164.415
2025-09-23 20:00:00+00:00,1009.25,1012.23,1008.7,1011.01,1202.285
2025-09-23 20:15:00+00:00,1011.01,1012.23,1008.32,1008.57,1132.837
2025-09-23 20:30:00+00:00,1008.57,1014.28,1008.57,1014.28,1732.734
2025-09-23 20:45:00+00:00,1014.27,1014.57,1012.0,1014.18,858.574
2025-09-23 21:00:00+00:00,1014.18,1015.92,1013.19,1013.24,1587.17
2025-09-23 21:15:00+00:00,1013.24,1017.66,1012.99,1017.65,1453.685
2025-09-23 21:30:00+00:00,1017.65,1020.0,1016.95,1017.91,1798.656
2025-09-23 21:45:00+00:00,1017.91,1021.0,1017.34,1020.74,1356.904
2025-09-23 22:00:00+00:00,1020.74,1020.74,1017.21,1018.71,2515.247
2025-09-23 22:15:00+00:00,1018.72,1019.14,1015.05,1015.14,1555.34
2025-09-23 22:30:00+00:00,1015.14,1019.43,1015.11,1019.38,1308.045
2025-09-23 22:45:00+00:00,1019.38,1019.38,1016.19,1016.21,755.094
2025-09-23 23:00:00+00:00,1016.2,1018.84,1015.16,1017.57,1389.63
2025-09-23 23:15:00+00:00,1017.57,1018.54,1011.42,1012.57,1967.877
2025-09-23 23:30:00+00:00,1012.57,1016.89,1012.32,1016.43,907.124
2025-09-23 23:45:00+00:00,1016.44,1018.05,1015.91,1015.98,1652.691
2025-09-24 00:00:00+00:00,1015.98,1018.0,1013.51,1016.91,4555.182
2025-09-24 00:15:00+00:00,1016.91,1024.36,1014.99,1020.92,4996.562
2025-09-24 00:30:00+00:00,1020.92,1021.66,1018.63,1020.33,2000.967
2025-09-24 00:45:00+00:00,1020.33,1023.07,1016.31,1017.31,2505.84
2025-09-24 01:00:00+00:00,1017.31,1020.64,1015.82,1020.27,1881.608
2025-09-24 01:15:00+00:00,1020.27,1023.83,1020.27,1023.42,1578.839
2025-09-24 01:30:00+00:00,1023.43,1026.79,1021.97,1023.55,4280.685
2025-09-24 01:45:00+00:00,1023.55,1025.6,1023.37,1024.17,1555.844
2025-09-24 02:00:00+00:00,1024.12,1024.66,1018.61,1019.1,1397.353
2025-09-24 02:15:00+00:00,1019.11,1020.2,1015.35,1019.28,2824.817
2025-09-24 02:30:00+00:00,1019.28,1020.08,1016.5,1018.44,2691.708
2025-09-24 02:45:00+00:00,1018.44,1019.92,1016.13,1019.38,8215.985
2025-09-24 03:00:00+00:00,1019.38,1022.2,1017.57,1019.58,3684.447
2025-09-24 03:15:00+00:00,1019.59,1021.03,1009.84,1011.56,7519.642
2025-09-24 03:30:00+00:00,1011.56,1014.87,1007.82,1009.58,7321.116
2025-09-24 03:45:00+00:00,1009.57,1010.44,1002.01,1002.56,7216.254
2025-09-24 04:00:00+00:00,1002.56,1003.11,991.46,997.92,11743.75
2025-09-24 04:15:00+00:00,997.91,1006.6,995.29,1006.02,6451.11
2025-09-24 04:30:00+00:00,1006.02,1011.76,1005.69,1010.0,4866.323
2025-09-24 04:45:00+00:00,1010.0,1010.51,1007.06,1008.14,1895.553
2025-09-24 05:00:00+00:00,1008.14,1011.86,1007.41,1010.64,1929.058
2025-09-24 05:15:00+00:00,1010.64,1016.82,1009.23,1014.35,4410.987
2025-09-24 05:30:00+00:00,1014.36,1014.55,1010.1,1010.99,7374.583
2025-09-24 05:45:00+00:00,1011.0,1015.04,1010.36,1014.46,3092.497
2025-09-24 06:00:00+00:00,1014.47,1017.09,1013.44,1014.81,3694.349
2025-09-24 06:15:00+00:00,1014.81,1015.36,1010.87,1013.6,3613.466
2025-09-24 06:30:00+00:00,1013.6,1015.81,1012.66,1015.0,3140.861
2025-09-24 06:45:00+00:00,1015.0,1018.5,1015.0,1017.84,2974.356
2025-09-24 07:00:00+00:00,1017.84,1018.38,1015.17,1016.49,2820.367
2025-09-24 07:15:00+00:00,1016.49,1017.95,1013.64,1015.98,3259.072
2025-09-24 07:30:00+00:00,1015.99,1018.1,1015.32,1017.28,2744.63
2025-09-24 07:45:00+00:00,1017.28,1019.1,1016.36,1018.08,3841.597
2025-09-24 08:00:00+00:00,1018.09,1019.93,1018.09,1019.89,4468.24
2025-09-24 08:15:00+00:00,1019.89,1020.58,1013.92,1019.04,8629.445
2025-09-24 08:30:00+00:00,1019.04,1022.1,1019.03,1022.01,4158.705
2025-09-24 08:45:00+00:00,1022.01,1026.76,1022.0,1025.11,12002.59
2025-09-24 09:00:00+00:00,1025.11,1026.42,1022.38,1024.19,4784.048
2025-09-24 09:15:00+00:00,1024.19,1027.0,1024.17,1027.0,3586.728
2025-09-24 09:30:00+00:00,1027.0,1034.46,1026.99,1033.25,7611.933
2025-09-24 09:45:00+00:00,1033.25,1034.5,1028.83,1032.61,7213.888
2025-09-24 10:00:00+00:00,1032.61,1032.7,1024.91,1026.31,14891.324
2025-09-24 10:15:00+00:00,1026.3,1027.08,1020.0,1021.4,7116.578
2025-09-24 10:30:00+00:00,1021.41,1024.65,1020.79,1022.66,4309.928
2025-09-24 10:45:00+00:00,1022.66,1024.74,1022.66,1023.37,2285.013
2025-09-24 11:00:00+00:00,1023.37,1023.5,1021.3,1022.55,3454.149
2025-09-24 11:15:00+00:00,1022.54,1022.96,1016.78,1016.88,5003.975
2025-09-24 11:30:00+00:00,1016.87,1017.71,1012.73,1014.38,9641.655
2025-09-24 11:45:00+00:00,1014.37,1016.01,1012.5,1015.99,4363.031
2025-09-24 12:00:00+00:00,1016.0,1018.8,1014.49,1015.5,6893.544
2025-09-24 12:15:00+00:00,1015.52,1017.33,1015.0,1016.91,1950.329
2025-09-24 12:30:00+00:00,1016.92,1018.71,1016.0,1018.16,1770.458
2025-09-24 12:45:00+00:00,1018.15,1019.0,1015.83,1017.0,1977.94
2025-09-24 13:00:00+00:00,1017.01,1018.48,1015.01,1015.49,1917.384
2025-09-24 13:15:00+00:00,1015.5,1017.74,1014.46,1016.43,1853.357
2025-09-24 13:30:00+00:00,1016.42,1018.11,1013.71,1016.43,2369.359
2025-09-24 13:45:00+00:00,1016.43,1016.78,1003.35,1008.82,16307.858
2025-09-24 14:00:00+00:00,1008.84,1012.69,1008.81,1012.69,3587.839
2025-09-24 14:15:00+00:00,1012.69,1015.55,1011.89,1014.1,4373.501
2025-09-24 14:30:00+00:00,1014.1,1016.62,1012.89,1016.07,4111.351
2025-09-24 14:45:00+00:00,1016.06,1021.17,1015.44,1017.08,9550.077
2025-09-24 15:00:00+00:00,1017.08,1019.9,1014.02,1014.54,6547.218
2025-09-24 15:15:00+00:00,1014.53,1017.53,1014.42,1016.2,1933.963
2025-09-24 15:30:00+00:00,1016.2,1016.22,1013.74,1014.8,1345.509
2025-09-24 15:45:00+00:00,1014.81,1014.81,1008.89,1009.2,4094.376
2025-09-24 16:00:00+00:00,1009.2,1011.44,1007.93,1011.13,3404.937
2025-09-24 16:15:00+00:00,1011.12,1013.61,1010.97,1013.18,5041.654
2025-09-24 16:30:00+00:00,1013.18,1015.87,1012.8,1014.29,3027.501
2025-09-24 16:45:00+00:00,1014.28,1015.31,1012.32,1013.5,5759.118
2025-09-24 17:00:00+00:00,1013.51,1017.63,1013.05,1017.46,1816.999
2025-09-24 17:15:00+00:00,1017.47,1018.93,1016.29,1018.6,2886.414
2025-09-24 17:30:00+00:00,1018.6,1019.63,1017.0,1017.14,2047.557
2025-09-24 17:45:00+00:00,1017.13,1017.5,1015.63,1016.68,1290.767
2025-09-24 18:00:00+00:00,1016.69,1017.66,1015.2,1015.72,1727.261
2025-09-24 18:15:00+00:00,1015.73,1017.1,1014.27,1014.99,1516.174
2025-09-24 18:30:00+00:00,1014.99,1015.25,1013.57,1015.25,671.198
2025-09-24 18:45:00+00:00,1015.25,1016.15,1014.2,1015.61,1012.412
2025-09-24 19:00:00+00:00,1015.61,1016.44,1014.62,1014.62,1041.943
2025-09-24 19:15:00+00:00,1014.62,1015.89,1014.13,1015.29,860.295
2025-09-24 19:30:00+00:00,1015.29,1015.82,1014.5,1014.92,839.554
2025-09-24 19:45:00+00:00,1014.92,1017.89,1014.38,1015.65,920.517
2025-09-24 20:00:00+00:00,1015.64,1016.7,1012.92,1016.07,1105.973
2025-09-24 20:15:00+00:00,1016.06,1018.35,1015.78,1017.6,940.832
2025-09-24 20:30:00+00:00,1017.59,1017.6,1015.65,1017.54,796.189
2025-09-24 20:45:00+00:00,1017.55,1018.61,1016.82,1018.03,703.945
2025-09-24 21:00:00+00:00,1018.03,1018.95,1017.0,1017.9,900.365
2025-09-24 21:15:00+00:00,1017.9,1018.25,1016.59,1016.89,657.929
2025-09-24 21:30:00+00:00,1016.89,1016.89,1014.8,1015.64,1021.161
2025-09-24 21:45:00+00:00,1015.64,1016.32,1012.0,1012.94,931.552
2025-09-24 22:00:00+00:00,1012.95,1018.37,1012.94,1017.41,1341.281
2025-09-24 22:15:00+00:00,1017.41,1017.99,1015.31,1017.21,1773.326
2025-09-24 22:30:00+00:00,1017.21,1019.22,1016.55,1018.72,2149.368
2025-09-24 22:45:00+00:00,1018.71,1019.7,1016.66,1019.21,2775.932
2025-09-24 23:00:00+00:00,1019.21,1019.85,1016.22,1018.55,1756.639
2025-09-24 23:15:00+00:00,1018.54,1018.69,1016.35,1017.16,1064.624
2025-09-24 23:30:00+00:00,1017.15,1017.78,1016.09,1016.74,730.24
2025-09-24 23:45:00+00:00,1016.75,1019.01,1015.71,1018.49,4351.524
2025-09-25 00:00:00+00:00,1018.49,1019.9,1017.65,1019.41,2151.43
2025-09-25 00:15:00+00:00,1019.41,1019.41,1015.33,1015.36,1820.144
2025-09-25 00:30:00+00:00,1015.36,1019.14,1015.33,1016.87,2435.555
2025-09-25 00:45:00+00:00,1016.86,1019.48,1015.3,1016.5,3129.443
2025-09-25 01:00:00+00:00,1016.49,1016.74,1012.67,1013.13,3139.314
2025-09-25 01:15:00+00:00,1013.12,1013.62,1009.25,1010.88,4687.315
2025-09-25 01:30:00+00:00,1010.88,1010.88,1002.48,1006.13,17244.1
2025-09-25 01:45:00+00:00,1006.12,1007.72,1003.21,1004.91,5514.397
2025-09-25 02:00:00+00:00,1004.91,1011.51,1004.55,1008.69,3305.335
2025-09-25 02:15:00+00:00,1008.68,1009.33,1002.89,1008.0,5824.38
2025-09-25 02:30:00+00:00,1008.0,1015.0,1007.99,1009.69,5797.587
2025-09-25 02:45:00+00:00,1009.69,1012.57,1009.26,1009.75,1821.614
2025-09-25 03:00:00+00:00,1009.75,1009.79,1002.86,1004.65,4139.4
2025-09-25 03:15:00+00:00,1004.65,1005.39,997.37,998.1,7905.395
2025-09-25 03:30:00+00:00,998.1,999.71,996.36,996.68,5746.213
2025-09-25 03:45:00+00:00,996.69,1000.0,995.14,999.41,4601.345
2025-09-25 04:00:00+00:00,999.41,1000.0,993.42,994.33,4834.989
2025-09-25 04:15:00+00:00,994.33,995.9,991.71,994.43,12823.451
2025-09-25 04:30:00+00:00,994.43,994.5,987.27,991.28,6691.898
2025-09-25 04:45:00+00:00,991.28,993.32,985.6,990.3,6390.269
2025-09-25 05:00:00+00:00,990.3,995.31,987.52,994.1,4477.819
2025-09-25 05:15:00+00:00,994.09,997.99,993.41,995.5,4123.85
2025-09-25 05:30:00+00:00,995.5,995.6,992.96,995.48,3589.568
2025-09-25 05:45:00+00:00,995.47,997.98,994.1,996.81,2222.059
2025-09-25 06:00:00+00:00,996.8,996.9,990.57,991.01,3516.317
2025-09-25 06:15:00+00:00,991.02,998.58,990.3,993.0,6419.0
2025-09-25 06:30:00+00:00,993.0,994.83,990.26,990.78,2398.688
2025-09-25 06:45:00+00:00,990.77,991.84,988.21,989.05,2932.994
2025-09-25 07:00:00+00:00,989.06,990.55,986.35,989.28,5155.86
2025-09-25 07:15:00+00:00,989.27,993.14,989.12,991.71,2448.739
2025-09-25 07:30:00+00:00,991.71,993.8,990.89,993.36,2632.11
2025-09-25 07:45:00+00:00,993.37,994.38,991.1,992.0,3180.882
2025-09-25 08:00:00+00:00,991.99,996.0,991.99,994.8,2375.593
2025-09-25 08:15:00+00:00,994.8,996.34,993.41,996.18,1921.614
2025-09-25 08:30:00+00:00,996.18,996.19,990.08,990.43,1900.72
2025-09-25 08:45:00+00:00,990.44,991.05,988.08,991.05,2196.915
2025-09-25 09:00:00+00:00,991.05,994.87,990.61,994.86,1973.064
2025-09-25 09:15:00+00:00,994.87,996.1,993.7,994.19,2331.783
2025-09-25 09:30:00+00:00,994.19,996.1,991.33,991.42,2549.126
2025-09-25 09:45:00+00:00,991.41,992.16,988.9,989.69,2546.024
2025-09-25 10:00:00+00:00,989.69,990.0,988.2,989.41,2578.644
2025-09-25 10:15:00+00:00,989.43,990.42,987.13,987.14,3359.413
2025-09-25 10:30:00+00:00,987.14,987.71,983.55,984.0,3270.068
2025-09-25 10:45:00+00:00,983.99,984.16,981.8,983.41,3977.313
2025-09-25 11:00:00+00:00,983.41,985.23,981.03,982.08,4196.209
2025-09-25 11:15:00+00:00,982.08,986.36,981.18,986.34,4860.773
2025-09-25 11:30:00+00:00,986.35,987.62,985.97,986.31,3677.926
2025-09-25 11:45:00+00:00,986.31,987.04,983.42,986.09,2403.472
2025-09-25 12:00:00+00:00,986.09,988.41,985.3,988.41,2574.796
2025-09-25 12:15:00+00:00,988.4,988.61,980.32,981.02,6089.564
2025-09-25 12:30:00+00:00,981.14,990.22,980.0,989.9,6832.338
2025-09-25 12:45:00+00:00,989.9,995.97,989.0,989.4,9013.437
2025-09-25 13:00:00+00:00,989.4,990.52,985.85,990.18,6722.055
2025-09-25 13:15:00+00:00,990.17,995.32,989.4,993.84,5144.483
2025-09-25 13:30:00+00:00,993.84,996.0,986.51,987.66,7708.958
2025-09-25 13:45:00+00:00,987.64,992.41,987.23,990.0,11842.304
2025-09-25 14:00:00+00:00,990.0,995.38,989.93,995.2,3731.862
2025-09-25 14:15:00+00:00,995.19,1000.39,995.19,997.41,7012.697
2025-09-25 14:30:00+00:00,997.41,999.46,995.0,996.58,3733.514
2025-09-25 14:45:00+00:00,996.59,997.69,994.54,995.9,3864.467
2025-09-25 15:00:00+00:00,995.91,996.86,992.0,992.88,2966.686
2025-09-25 15:15:00+00:00,992.88,994.55,988.75,989.61,3311.594
2025-09-25 15:30:00+00:00,989.61,994.8,989.31,993.85,6125.526
2025-09-25 15:45:00+00:00,993.85,996.03,991.74,995.3,3991.228
2025-09-25 16:00:00+00:00,995.29,997.26,993.96,994.21,3402.633
2025-09-25 16:15:00+00:00,994.2,994.21,989.54,990.15,3874.596
2025-09-25 16:30:00+00:00,990.15,993.19,988.07,989.64,10160.437
2025-09-25 16:45:00+00:00,989.63,990.45,977.0,980.93,26170.78
2025-09-25 17:00:00+00:00,980.92,980.92,967.68,967.68,38786.562
2025-09-25 17:15:00+00:00,967.69,974.0,959.66,966.36,69327.369
2025-09-25 17:30:00+00:00,966.36,968.98,956.63,960.29,37069.824
2025-09-25 17:45:00+00:00,960.28,960.28,949.0,955.8,45959.817
2025-09-25 18:00:00+00:00,955.8,963.29,955.5,962.1,7608.708
2025-09-25 18:15:00+00:00,962.1,966.16,959.34,963.96,7330.467
2025-09-25 18:30:00+00:00,963.97,967.2,961.63,965.61,4218.486
2025-09-25 18:45:00+00:00,965.62,968.76,963.31,968.19,3325.14
2025-09-25 19:00:00+00:00,968.18,969.26,964.33,964.5,3065.775
2025-09-25 19:15:00+00:00,964.5,967.44,964.15,966.08,2830.969
2025-09-25 19:30:00+00:00,966.08,968.01,962.7,963.56,2984.902
2025-09-25 19:45:00+00:00,963.58,963.92,955.53,958.65,6802.182
2025-09-25 20:00:00+00:00,958.65,959.19,954.95,955.89,3484.994
2025-09-25 20:15:00+00:00,955.89,961.12,955.6,959.27,2372.802
2025-09-25 20:30:00+00:00,959.27,959.77,954.35,956.3,3580.439
2025-09-25 20:45:00+00:00,956.3,958.0,951.57,952.71,5741.567
2025-09-25 21:00:00+00:00,952.71,960.01,951.92,957.39,3105.104
2025-09-25 21:15:00+00:00,957.4,958.7,953.65,953.86,2377.651
2025-09-25 21:30:00+00:00,953.87,954.66,948.23,950.8,6799.91
2025-09-25 21:45:00+00:00,950.79,954.65,949.09,953.01,2096.375
2025-09-25 22:00:00+00:00,953.01,956.74,950.1,956.69,3085.256
2025-09-25 22:15:00+00:00,956.68,957.98,952.7,953.21,2106.961
2025-09-25 22:30:00+00:00,953.2,956.32,952.19,952.41,2512.505
2025-09-25 22:45:00+00:00,952.41,952.41,945.16,945.52,9550.775
2025-09-25 23:00:00+00:00,945.52,951.47,944.19,947.37,5209.752
2025-09-25 23:15:00+00:00,947.38,948.3,943.47,946.59,5787.887
2025-09-25 23:30:00+00:00,946.6,946.6,939.55,944.57,6652.911
2025-09-25 23:45:00+00:00,944.57,946.76,943.1,945.9,7852.092
2025-09-26 00:00:00+00:00,945.9,952.02,944.48,950.03,6888.893
2025-09-26 00:15:00+00:00,950.04,953.73,948.75,952.71,5172.263
2025-09-26 00:30:00+00:00,952.7,952.7,944.77,944.82,2756.307
2025-09-26 00:45:00+00:00,944.82,956.25,944.79,955.07,4676.522
2025-09-26 01:00:00+00:00,955.06,957.59,953.4,956.61,3435.017
2025-09-26 01:15:00+00:00,956.6,959.0,955.18,955.19,4168.04
2025-09-26 01:30:00+00:00,955.19,957.36,952.84,953.69,2304.73
2025-09-26 01:45:00+00:00,953.7,955.85,951.46,952.69,2966.948
2025-09-26 02:00:00+00:00,952.7,956.6,949.83,950.27,3418.745
2025-09-26 02:15:00+00:00,950.27,953.3,948.5,948.57,2810.855
2025-09-26 02:30:00+00:00,948.57,950.8,946.68,950.18,4357.273
2025-09-26 02:45:00+00:00,950.17,952.97,944.3,945.33,18361.474
2025-09-26 03:00:00+00:00,945.33,945.34,941.03,944.89,7008.782
2025-09-26 03:15:00+00:00,944.89,947.51,943.42,943.65,2656.446
2025-09-26 03:30:00+00:00,943.65,945.5,942.45,944.82,1884.765
2025-09-26 03:45:00+00:00,944.82,946.3,942.07,945.61,3322.875
2025-09-26 04:00:00+00:00,945.6,946.7,942.6,944.13,1728.242
2025-09-26 04:15:00+00:00,944.16,947.47,942.98,943.57,2657.064
2025-09-26 04:30:00+00:00,943.57,943.57,936.4,938.2,7466.381
2025-09-26 04:45:00+00:00,938.2,939.31,937.2,938.4,3063.393
2025-09-26 05:00:00+00:00,938.4,941.31,936.0,940.5,4635.792
2025-09-26 05:15:00+00:00,940.51,943.59,940.51,942.47,3436.554
2025-09-26 05:30:00+00:00,942.48,942.67,939.0,940.3,1983.598
2025-09-26 05:45:00+00:00,940.3,941.17,937.48,939.58,3816.162
2025-09-26 06:00:00+00:00,939.58,940.54,936.11,939.65,6126.719
2025-09-26 06:15:00+00:00,939.65,945.24,939.4,943.6,3498.53
2025-09-26 06:30:00+00:00,943.59,947.83,942.79,946.86,2320.72
2025-09-26 06:45:00+00:00,946.85,946.85,943.0,943.6,2766.174
2025-09-26 07:00:00+00:00,943.6,948.64,943.29,948.59,3437.932
2025-09-26 07:15:00+00:00,948.59,949.8,946.4,946.4,2743.004
2025-09-26 07:30:00+00:00,946.4,946.68,943.46,945.8,3110.664
2025-09-26 07:45:00+00:00,945.79,949.98,945.03,949.46,6241.363
2025-09-26 08:00:00+00:00,949.46,951.12,948.43,949.46,2816.129
2025-09-26 08:15:00+00:00,949.45,950.28,947.69,949.42,2505.125
2025-09-26 08:30:00+00:00,949.41,950.44,947.07,948.18,2240.723
2025-09-26 08:45:00+00:00,948.17,948.59,946.82,947.51,3292.425
2025-09-26 09:00:00+00:00,947.51,949.37,946.2,949.37,3686.149
2025-09-26 09:15:00+00:00,949.37,949.62,943.77,944.7,3523.456
2025-09-26 09:30:00+00:00,944.7,944.7,936.0,940.38,11152.592
2025-09-26 09:45:00+00:00,940.37,944.9,940.19,944.82,8696.66
2025-09-26 10:00:00+00:00,944.81,945.17,939.0,939.64,6223.591
2025-09-26 10:15:00+00:00,939.64,939.92,937.42,937.78,5240.515
2025-09-26 10:30:00+00:00,937.78,939.38,936.16,937.59,3754.088
2025-09-26 10:45:00+00:00,937.59,938.35,935.01,937.46,4263.069
2025-09-26 11:00:00+00:00,937.46,938.1,932.04,932.96,7962.971
2025-09-26 11:15:00+00:00,932.96,936.4,932.67,935.78,4045.666
2025-09-26 11:30:00+00:00,935.78,940.59,935.78,939.0,4326.883
2025-09-26 11:45:00+00:00,939.01,940.73,937.1,937.29,2647.22
2025-09-26 12:00:00+00:00,937.3,938.4,932.01,932.42,4829.915
2025-09-26 12:15:00+00:00,932.42,939.39,932.42,938.94,3483.023
2025-09-26 12:30:00+00:00,938.92,948.85,935.2,947.14,11510.575
2025-09-26 12:45:00+00:00,947.13,949.29,944.23,947.15,8611.996
2025-09-26 13:00:00+00:00,947.16,948.0,944.26,945.49,4286.917
2025-09-26 13:15:00+00:00,945.49,946.9,942.43,943.56,3709.562
2025-09-26 13:30:00+00:00,943.56,948.86,941.8,946.91,6461.271
2025-09-26 13:45:00+00:00,946.91,951.87,945.47,949.35,10944.431
2025-09-26 14:00:00+00:00,949.34,950.04,942.85,943.01,4632.285
2025-09-26 14:15:00+00:00,943.0,944.68,937.89,938.91,5181.504
2025-09-26 14:30:00+00:00,938.9,939.57,935.51,938.18,4061.204
2025-09-26 14:45:00+00:00,938.17,940.7,937.56,937.84,2670.735
2025-09-26 15:00:00+00:00,937.84,943.17,937.45,940.19,2691.35
2025-09-26 15:15:00+00:00,940.19,944.76,938.55,942.34,4701.907
2025-09-26 15:30:00+00:00,942.34,944.55,940.6,943.33,2412.6
2025-09-26 15:45:00+00:00,943.32,944.01,941.2,942.42,1822.577
2025-09-26 16:00:00+00:00,942.42,947.4,941.41,945.84,2642.297
2025-09-26 16:15:00+00:00,945.84,952.2,945.6,949.11,5690.834
2025-09-26 16:30:00+00:00,949.11,950.83,947.55,950.57,2046.832
2025-09-26 16:45:00+00:00,950.57,955.51,950.4,954.65,5228.397
2025-09-26 17:00:00+00:00,954.65,956.71,953.85,956.27,3636.018
2025-09-26 17:15:00+00:00,956.27,961.6,955.1,960.6,7775.029
2025-09-26 17:30:00+00:00,960.6,960.74,957.39,959.31,6517.926
2025-09-26 17:45:00+00:00,959.3,964.01,959.3,964.01,5455.538
2025-09-26 18:00:00+00:00,964.0,966.23,961.71,963.74,4740.044
2025-09-26 18:15:00+00:00,963.74,964.84,961.06,962.71,6550.549
2025-09-26 18:30:00+00:00,962.71,963.05,956.89,958.5,5446.554
2025-09-26 18:45:00+00:00,958.49,961.01,957.6,959.99,2289.709
2025-09-26 19:00:00+00:00,959.99,960.1,954.6,955.46,2595.968
2025-09-26 19:15:00+00:00,955.46,957.81,953.57,953.66,2224.771
2025-09-26 19:30:00+00:00,953.67,955.23,951.34,951.99,3512.834
2025-09-26 19:45:00+00:00,952.0,955.4,951.7,954.81,1036.541
2025-09-26 20:00:00+00:00,954.81,957.3,952.9,957.3,1258.435
2025-09-26 20:15:00+00:00,957.29,957.49,953.71,954.51,1552.026
2025-09-26 20:30:00+00:00,954.5,955.14,951.65,952.42,3328.189
2025-09-26 20:45:00+00:00,952.43,954.6,952.3,953.8,913.52
2025-09-26 21:00:00+00:00,953.79,955.36,951.52,955.36,1105.474
2025-09-26 21:15:00+00:00,955.37,955.5,952.64,954.58,1045.486
2025-09-26 21:30:00+00:00,954.57,956.25,953.0,953.84,1347.48
2025-09-26 21:45:00+00:00,953.85,956.5,953.59,956.4,871.421
2025-09-26 22:00:00+00:00,956.4,958.0,954.24,956.73,2151.986
2025-09-26 22:15:00+00:00,956.74,958.15,956.43,956.73,1327.551
2025-09-26 22:30:00+00:00,956.74,958.82,956.5,958.6,963.321
2025-09-26 22:45:00+00:00,958.6,960.0,956.49,956.66,2948.348
2025-09-26 23:00:00+00:00,956.66,956.67,953.88,955.1,1569.842
2025-09-26 23:15:00+00:00,955.1,958.0,954.7,958.0,950.061
2025-09-26 23:30:00+00:00,957.99,959.9,957.9,959.33,1098.541
2025-09-26 23:45:00+00:00,959.34,960.85,958.9,960.8,1324.651
2025-09-27 00:00:00+00:00,960.81,960.9,959.2,959.51,1589.41
2025-09-27 00:15:00+00:00,959.51,960.86,958.0,959.25,1277.176
2025-09-27 00:30:00+00:00,959.26,960.9,958.98,960.1,1828.941
2025-09-27 00:45:00+00:00,960.1,962.92,958.6,962.84,2965.375
2025-09-27 01:00:00+00:00,962.83,963.4,959.41,959.9,2867.175
2025-09-27 01:15:00+00:00,959.91,960.12,956.0,957.45,1533.402
2025-09-27 01:30:00+00:00,957.45,958.0,955.56,957.08,1683.985
2025-09-27 01:45:00+00:00,957.08,959.23,957.0,959.14,1665.442
2025-09-27 02:00:00+00:00,959.14,961.32,958.51,961.32,1964.614
2025-09-27 02:15:00+00:00,961.31,961.69,957.54,961.15,4342.355
2025-09-27 02:30:00+00:00,961.16,963.31,960.15,963.09,2798.426
2025-09-27 02:45:00+00:00,963.1,963.31,961.2,962.19,1588.516
2025-09-27 03:00:00+00:00,962.19,964.56,960.56,960.57,1736.368
2025-09-27 03:15:00+00:00,960.56,965.4,960.49,964.69,1412.002
2025-09-27 03:30:00+00:00,964.69,965.99,963.3,965.45,1837.534
2025-09-27 03:45:00+00:00,965.44,967.47,965.0,966.41,2472.942
2025-09-27 04:00:00+00:00,966.4,968.76,965.23,967.67,3216.63
2025-09-27 04:15:00+00:00,967.67,972.41,967.3,971.96,4248.355
2025-09-27 04:30:00+00:00,971.95,972.53,969.1,969.29,3161.835
2025-09-27 04:45:00+00:00,969.29,972.49,968.76,972.21,2117.802
2025-09-27 05:00:00+00:00,972.21,972.49,968.46,970.7,3173.274
2025-09-27 05:15:00+00:00,970.7,970.71,968.06,968.17,1823.384
2025-09-27 05:30:00+00:00,968.17,969.02,966.75,968.7,2723.7
2025-09-27 05:45:00+00:00,968.69,971.83,968.22,968.9,5777.175
2025-09-27 06:00:00+00:00,968.91,969.1,965.4,966.68,3274.125
2025-09-27 06:15:00+00:00,966.68,968.41,966.12,967.44,2801.491
2025-09-27 06:30:00+00:00,967.44,970.0,967.08,969.57,3785.767
2025-09-27 06:45:00+00:00,969.56,969.57,967.63,968.94,1186.151
2025-09-27 07:00:00+00:00,968.95,970.59,968.94,969.72,1445.868
2025-09-27 07:15:00+00:00,969.73,972.52,969.23,971.42,2792.927
2025-09-27 07:30:00+00:00,971.43,972.66,969.15,971.03,2509.45
2025-09-27 07:45:00+00:00,971.02,974.01,969.8,972.29,4584.395
2025-09-27 08:00:00+00:00,972.28,972.34,966.89,969.34,3117.773
2025-09-27 08:15:00+00:00,969.34,970.79,968.47,970.79,3954.199
2025-09-27 08:30:00+00:00,970.78,970.91,969.24,970.68,2587.765
2025-09-27 08:45:00+00:00,970.68,970.8,965.8,966.81,5188.039
2025-09-27 09:00:00+00:00,966.8,969.11,964.95,966.0,5481.166
2025-09-27 09:15:00+00:00,965.99,967.4,965.29,966.97,1554.378
2025-09-27 09:30:00+00:00,966.96,971.42,966.9,969.92,2467.2
2025-09-27 09:45:00+00:00,969.91,970.44,968.0,968.69,1441.659
2025-09-27 10:00:00+00:00,968.69,968.7,967.11,967.4,926.764
2025-09-27 10:15:00+00:00,967.4,967.8,966.5,967.3,1474.377
2025-09-27 10:30:00+00:00,967.31,970.31,967.04,970.24,2320.271
2025-09-27 10:45:00+00:00,970.25,975.13,970.24,972.99,5413.18
2025-09-27 11:00:00+00:00,972.99,973.08,970.45,970.69,2415.843
2025-09-27 11:15:00+00:00,970.69,972.75,970.68,972.24,1994.111
2025-09-27 11:30:00+00:00,972.24,972.97,971.0,971.29,1131.104
2025-09-27 11:45:00+00:00,971.29,971.42,969.81,970.41,1485.767
2025-09-27 12:00:00+00:00,970.41,970.9,968.39,969.17,1285.999
2025-09-27 12:15:00+00:00,969.18,970.0,969.0,969.99,970.81
2025-09-27 12:30:00+00:00,969.99,972.6,969.83,972.06,2213.703
2025-09-27 12:45:00+00:00,972.07,973.93,971.58,972.98,5260.049
2025-09-27 13:00:00+00:00,972.98,974.5,972.16,972.37,2625.872
2025-09-27 13:15:00+00:00,972.37,974.79,972.37,973.81,4258.107
2025-09-27 13:30:00+00:00,973.81,975.7,973.78,975.66,2825.647
2025-09-27 13:45:00+00:00,975.67,979.93,975.66,978.29,4772.216
2025-09-27 14:00:00+00:00,978.29,979.43,977.95,979.32,1684.248
2025-09-27 14:15:00+00:00,979.32,979.5,978.0,979.49,2674.22
2025-09-27 14:30:00+00:00,979.49,985.79,979.46,983.37,9262.978
2025-09-27 14:45:00+00:00,983.36,983.47,980.28,981.5,4012.151
2025-09-27 15:00:00+00:00,981.49,981.5,977.56,979.7,3786.502
2025-09-27 15:15:00+00:00,979.7,982.34,978.64,979.19,2860.106
2025-09-27 15:30:00+00:00,979.2,980.6,976.32,977.79,3647.423
2025-09-27 15:45:00+00:00,977.79,977.99,976.16,976.23,2518.05
2025-09-27 16:00:00+00:00,976.23,976.98,974.41,975.73,2073.436
2025-09-27 16:15:00+00:00,975.72,976.7,973.78,973.9,2812.509
2025-09-27 16:30:00+00:00,973.89,975.09,972.7,973.95,2265.129
2025-09-27 16:45:00+00:00,973.96,975.1,972.59,973.2,1049.644
2025-09-27 17:00:00+00:00,973.2,973.33,968.86,969.4,3445.64
2025-09-27 17:15:00+00:00,969.41,969.41,965.0,968.19,5445.759
2025-09-27 17:30:00+00:00,968.2,969.99,967.63,968.71,1527.366
2025-09-27 17:45:00+00:00,968.71,971.56,968.22,971.31,1176.087
2025-09-27 18:00:00+00:00,971.31,971.31,968.2,968.67,1072.143
2025-09-27 18:15:00+00:00,968.67,969.52,967.35,968.99,803.972
2025-09-27 18:30:00+00:00,968.99,969.37,966.03,966.57,2191.868
2025-09-27 18:45:00+00:00,966.58,968.94,966.57,968.93,996.483
2025-09-27 19:00:00+00:00,968.93,968.94,967.2,967.69,893.875
2025-09-27 19:15:00+00:00,967.7,970.59,967.6,970.24,678.715
2025-09-27 19:30:00+00:00,970.24,970.35,968.91,969.32,702.547
2025-09-27 19:45:00+00:00,969.31,970.24,969.04,969.61,587.794
2025-09-27 20:00:00+00:00,969.6,970.5,969.18,969.39,672.749
2025-09-27 20:15:00+00:00,969.37,969.37,968.0,968.95,812.189
2025-09-27 20:30:00+00:00,968.95,970.28,968.5,969.24,546.998
2025-09-27 20:45:00+00:00,969.24,969.25,967.6,968.44,1050.503
2025-09-27 21:00:00+00:00,968.43,969.96,967.2,969.96,914.993
2025-09-27 21:15:00+00:00,969.97,970.13,968.86,968.86,592.39
2025-09-27 21:30:00+00:00,968.87,972.31,968.54,972.28,883.607
2025-09-27 21:45:00+00:00,972.27,973.06,971.4,972.26,598.691
2025-09-27 22:00:00+00:00,972.27,974.12,972.27,974.11,1085.255
2025-09-27 22:15:00+00:00,974.12,978.0,974.12,977.36,5605.298
2025-09-27 22:30:00+00:00,977.36,977.73,971.66,971.75,5869.925
2025-09-27 22:45:00+00:00,971.74,972.53,970.7,972.24,4016.002
2025-09-27 23:00:00+00:00,972.23,974.1,969.55,970.52,5692.266
2025-09-27 23:15:00+00:00,970.52,970.84,967.9,968.65,3528.039
2025-09-27 23:30:00+00:00,968.65,969.49,967.36,968.28,3138.124
2025-09-27 23:45:00+00:00,968.27,969.14,967.76,968.45,2718.75
2025-09-28 00:00:00+00:00,968.46,968.9,965.38,966.87,3791.803
2025-09-28 00:15:00+00:00,966.87,970.98,966.32,970.76,2255.429
2025-09-28 00:30:00+00:00,970.75,971.38,966.81,968.79,2566.82
2025-09-28 00:45:00+00:00,968.79,969.08,967.12,967.95,2780.71
2025-09-28 01:00:00+00:00,967.96,971.38,967.4,970.59,4986.385
2025-09-28 01:15:00+00:00,970.6,971.48,969.49,970.65,2133.836
2025-09-28 01:30:00+00:00,970.65,970.99,967.05,967.49,1150.38
2025-09-28 01:45:00+00:00,967.5,968.3,967.01,967.23,645.651
2025-09-28 02:00:00+00:00,967.23,969.39,967.01,968.0,1567.657
2025-09-28 02:15:00+00:00,968.0,970.87,967.76,969.93,794.963
2025-09-28 02:30:00+00:00,969.92,973.32,969.9,971.5,2331.104
2025-09-28 02:45:00+00:00,971.49,972.54,969.36,972.4,2981.609
2025-09-28 03:00:00+00:00,972.4,974.93,972.4,974.88,3103.713
2025-09-28 03:15:00+00:00,974.88,974.88,973.16,973.51,1237.738
2025-09-28 03:30:00+00:00,973.51,974.71,971.11,972.49,2181.385
2025-09-28 03:45:00+00:00,972.5,974.3,971.7,974.25,1204.172
2025-09-28 04:00:00+00:00,974.25,975.26,973.53,974.46,2606.428
2025-09-28 04:15:00+00:00,974.45,974.8,971.49,971.5,1173.172
2025-09-28 04:30:00+00:00,971.5,973.99,971.4,973.7,729.007
2025-09-28 04:45:00+00:00,973.7,973.71,972.54,973.57,876.397
2025-09-28 05:00:00+00:00,973.56,974.85,971.0,971.43,1559.012
2025-09-28 05:15:00+00:00,971.44,973.26,971.43,973.01,619.027
2025-09-28 05:30:00+00:00,973.01,973.98,972.11,972.25,777.759
2025-09-28 05:45:00+00:00,972.25,972.4,971.09,971.41,834.361
2025-09-28 06:00:00+00:00,971.42,973.68,971.42,971.85,1532.001
2025-09-28 06:15:00+00:00,971.84,973.2,969.3,969.31,1286.321
2025-09-28 06:30:00+00:00,969.31,971.76,968.6,970.79,2249.316
2025-09-28 06:45:00+00:00,970.8,971.63,969.91,971.54,806.426
2025-09-28 07:00:00+00:00,971.54,972.72,968.99,969.89,2168.297
2025-09-28 07:15:00+00:00,969.88,971.46,969.68,970.14,814.625
2025-09-28 07:30:00+00:00,970.13,971.43,968.88,969.85,2097.117
2025-09-28 07:45:00+00:00,969.86,970.3,968.6,969.5,1624.541
2025-09-28 08:00:00+00:00,969.49,970.9,967.99,968.01,1763.068
2025-09-28 08:15:00+00:00,968.01,968.01,965.67,966.4,4706.238
2025-09-28 08:30:00+00:00,966.4,967.13,963.0,964.1,8181.795
2025-09-28 08:45:00+00:00,964.1,966.28,963.91,964.75,2461.686
2025-09-28 09:00:00+00:00,964.76,965.5,963.91,964.1,1079.021
2025-09-28 09:15:00+00:00,964.1,965.57,962.68,965.57,1208.837
2025-09-28 09:30:00+00:00,965.57,967.5,965.56,967.31,1185.848
2025-09-28 09:45:00+00:00,967.3,968.85,966.27,968.39,1386.653
2025-09-28 10:00:00+00:00,968.38,968.39,965.0,966.76,1033.71
2025-09-28 10:15:00+00:00,966.75,969.0,966.58,967.01,735.232
2025-09-28 10:30:00+00:00,967.01,970.16,967.0,970.04,2517.657
2025-09-28 10:45:00+00:00,970.04,971.01,969.57,969.9,1255.062
2025-09-28 11:00:00+00:00,969.9,970.94,968.7,968.77,3105.802
2025-09-28 11:15:00+00:00,968.79,970.0,967.6,967.94,3283.48
2025-09-28 11:30:00+00:00,967.94,970.54,967.94,969.61,2853.888
2025-09-28 11:45:00+00:00,969.6,973.23,968.5,973.22,3123.438
2025-09-28 12:00:00+00:00,973.23,975.0,971.3,972.49,4724.711
2025-09-28 12:15:00+00:00,972.49,972.56,969.19,971.09,2113.206
2025-09-28 12:30:00+00:00,971.1,971.18,967.1,967.63,2091.978
2025-09-28 12:45:00+00:00,967.64,968.92,966.31,968.92,1406.752
2025-09-28 13:00:00+00:00,968.92,971.11,968.6,970.6,1868.166
2025-09-28 13:15:00+00:00,970.59,972.71,969.95,972.46,1622.041
2025-09-28 13:30:00+00:00,972.46,974.37,972.45,973.32,2555.395
2025-09-28 13:45:00+00:00,973.31,975.48,971.99,973.92,2773.053
2025-09-28 14:00:00+00:00,973.92,974.6,972.64,973.2,1497.479
2025-09-28 14:15:00+00:00,973.2,979.26,973.2,978.62,4033.816
2025-09-28 14:30:00+00:00,978.62,978.63,976.29,977.17,2741.944
2025-09-28 14:45:00+00:00,977.16,977.82,973.69,975.49,3280.438
2025-09-28 15:00:00+00:00,975.49,975.83,973.42,974.43,1765.098
2025-09-28 15:15:00+00:00,974.44,976.4,974.42,975.97,1565.321
2025-09-28 15:30:00+00:00,975.98,976.37,974.31,975.25,1173.405
2025-09-28 15:45:00+00:00,975.24,976.14,974.67,976.0,882.66
2025-09-28 16:00:00+00:00,976.0,980.55,975.99,978.1,4487.754
2025-09-28 16:15:00+00:00,978.11,978.51,977.14,977.81,1770.704
2025-09-28 16:30:00+00:00,977.82,978.23,976.65,977.6,2145.787
2025-09-28 16:45:00+00:00,977.6,978.16,976.72,977.41,818.328
2025-09-28 17:00:00+00:00,977.41,979.18,977.33,978.52,2390.424
2025-09-28 17:15:00+00:00,978.52,978.52,976.0,978.16,2020.947
2025-09-28 17:30:00+00:00,978.16,979.87,977.4,978.89,1090.199
2025-09-28 17:45:00+00:00,978.89,979.72,977.65,977.72,1333.763
2025-09-28 18:00:00+00:00,977.72,978.3,977.0,977.9,934.555
2025-09-28 18:15:00+00:00,977.9,979.09,977.89,978.8,919.489
2025-09-28 18:30:00+00:00,978.79,979.23,978.56,978.79,496.559
2025-09-28 18:45:00+00:00,978.8,979.17,978.7,979.14,421.496
2025-09-28 19:00:00+00:00,979.14,979.79,976.48,976.5,881.196
2025-09-28 19:15:00+00:00,976.5,977.65,975.53,976.57,1244.457
2025-09-28 19:30:00+00:00,976.56,977.02,975.81,977.02,667.936
2025-09-28 19:45:00+00:00,977.02,978.38,976.96,978.22,506.014
2025-09-28 20:00:00+00:00,978.23,978.8,977.86,978.0,498.764
2025-09-28 20:15:00+00:00,977.99,981.84,977.8,980.76,1201.214
2025-09-28 20:30:00+00:00,980.77,984.0,980.53,983.05,4869.909
2025-09-28 20:45:00+00:00,983.06,983.56,981.6,982.44,974.039
2025-09-28 21:00:00+00:00,982.44,984.35,981.99,983.2,1273.711
2025-09-28 21:15:00+00:00,983.2,983.4,982.34,982.65,888.51
2025-09-28 21:30:00+00:00,982.65,982.66,980.84,981.97,1373.961
2025-09-28 21:45:00+00:00,981.97,982.45,980.78,981.99,882.613
2025-09-28 22:00:00+00:00,982.0,987.68,981.86,986.54,3062.702
2025-09-28 22:15:00+00:00,986.53,988.82,986.32,987.2,2517.777
2025-09-28 22:30:00+00:00,987.2,989.0,987.2,988.99,1194.626
2025-09-28 22:45:00+00:00,989.0,989.93,988.5,988.89,2589.242
2025-09-28 23:00:00+00:00,988.89,989.88,988.11,989.03,3103.386
2025-09-28 23:15:00+00:00,989.04,990.49,988.1,990.39,2442.318
2025-09-28 23:30:00+00:00,990.39,993.65,990.18,993.4,3191.201
2025-09-28 23:45:00+00:00,993.4,993.5,992.6,993.01,2848.859
2025-09-29 00:00:00+00:00,993.01,994.51,992.71,993.16,2698.584
2025-09-29 00:15:00+00:00,993.17,994.34,991.12,992.61,2233.062
2025-09-29 00:30:00+00:00,992.6,993.77,991.65,993.77,1135.986
2025-09-29 00:45:00+00:00,993.77,995.96,993.54,994.51,2133.41
2025-09-29 01:00:00+00:00,994.51,997.6,994.0,996.66,2218.538
2025-09-29 01:15:00+00:00,996.66,1001.14,995.7,997.98,9831.372
2025-09-29 01:30:00+00:00,997.98,999.75,996.62,996.63,2654.242
2025-09-29 01:45:00+00:00,996.62,997.3,993.53,994.17,2444.551
2025-09-29 02:00:00+00:00,994.17,996.43,992.26,995.49,2190.05
2025-09-29 02:15:00+00:00,995.49,1000.0,995.0,999.15,1678.986
2025-09-29 02:30:00+00:00,999.15,1000.0,996.66,997.41,1299.207
2025-09-29 02:45:00+00:00,997.41,999.89,997.2,999.89,1066.353
2025-09-29 03:00:00+00:00,999.9,999.9,998.43,999.0,1422.081
2025-09-29 03:15:00+00:00,999.01,1007.99,999.0,1005.32,5406.113
2025-09-29 03:30:00+00:00,1005.33,1007.54,1005.17,1006.22,2224.246
2025-09-29 03:45:00+00:00,1006.23,1011.41,1006.23,1010.26,5115.732
2025-09-29 04:00:00+00:00,1010.26,1013.73,1008.78,1010.11,4035.545
2025-09-29 04:15:00+00:00,1010.11,1010.57,1007.79,1007.92,1636.56
2025-09-29 04:30:00+00:00,1007.91,1010.0,1006.62,1009.91,1693.09
2025-09-29 04:45:00+00:00,1009.92,1010.0,1007.62,1007.63,1281.996
2025-09-29 05:00:00+00:00,1007.63,1009.28,1005.44,1008.5,3482.745
2025-09-29 05:15:00+00:00,1008.5,1011.73,1007.9,1011.37,2798.291
2025-09-29 05:30:00+00:00,1011.36,1011.56,1009.53,1009.98,1697.314
2025-09-29 05:45:00+00:00,1009.98,1011.03,1009.5,1010.23,1686.098
2025-09-29 06:00:00+00:00,1010.23,1010.91,1005.98,1006.65,2102.77
2025-09-29 06:15:00+00:00,1006.65,1008.35,1005.5,1007.89,1400.982
2025-09-29 06:30:00+00:00,1007.9,1010.84,1007.89,1010.51,1813.553
2025-09-29 06:45:00+00:00,1010.5,1011.6,1008.22,1009.53,1707.647
2025-09-29 07:00:00+00:00,1009.54,1010.94,1007.84,1008.3,1503.298
2025-09-29 07:15:00+00:00,1008.3,1008.78,1007.24,1007.69,1304.633
2025-09-29 07:30:00+00:00,1007.69,1010.66,1007.6,1008.75,2568.772
2025-09-29 07:45:00+00:00,1008.75,1010.44,1008.04,1009.87,4693.274
2025-09-29 08:00:00+00:00,1009.86,1012.75,1007.31,1008.06,5620.29
2025-09-29 08:15:00+00:00,1008.06,1009.3,1007.25,1008.38,1755.845
2025-09-29 08:30:00+00:00,1008.37,1009.45,1007.36,1008.95,1696.748
2025-09-29 08:45:00+00:00,1008.94,1009.63,1007.04,1007.15,2150.893
2025-09-29 09:00:00+00:00,1007.14,1007.14,1003.57,1004.23,3965.35
2025-09-29 09:15:00+00:00,1004.24,1005.56,1003.92,1004.1,3921.667
2025-09-29 09:30:00+00:00,1004.09,1004.33,1002.11,1003.65,2948.009
2025-09-29 09:45:00+00:00,1003.65,1007.15,1002.8,1007.15,2712.895
2025-09-29 10:00:00+00:00,1007.14,1009.55,1005.8,1009.42,3682.042
2025-09-29 10:15:00+00:00,1009.41,1010.0,1008.22,1008.73,5460.291
2025-09-29 10:30:00+00:00,1008.72,1009.18,1006.65,1007.96,1444.356
2025-09-29 10:45:00+00:00,1007.96,1010.45,1007.86,1008.21,3086.631
2025-09-29 11:00:00+00:00,1008.21,1008.21,1003.17,1004.66,4876.835
2025-09-29 11:15:00+00:00,1004.66,1008.02,1004.65,1006.9,3346.827
2025-09-29 11:30:00+00:00,1006.9,1008.05,1005.29,1006.58,2661.976
2025-09-29 11:45:00+00:00,1006.57,1006.77,1004.0,1004.94,1807.649
2025-09-29 12:00:00+00:00,1004.94,1004.97,1003.23,1003.71,2755.245
2025-09-29 12:15:00+00:00,1003.71,1006.52,1003.55,1005.47,2733.766
2025-09-29 12:30:00+00:00,1005.48,1008.0,1002.81,1003.96,3865.25
2025-09-29 12:45:00+00:00,1003.96,1005.63,1000.57,1001.45,3729.274
2025-09-29 13:00:00+00:00,1001.45,1004.35,1000.0,1004.12,2902.281
2025-09-29 13:15:00+00:00,1004.12,1004.5,1001.7,1001.94,2892.876
2025-09-29 13:30:00+00:00,1001.95,1010.89,1001.95,1010.89,6520.296
2025-09-29 13:45:00+00:00,1010.89,1013.29,1008.92,1012.16,5775.697
2025-09-29 14:00:00+00:00,1012.16,1017.1,1012.0,1015.89,10538.307
2025-09-29 14:15:00+00:00,1015.89,1020.87,1013.1,1020.4,10085.103
2025-09-29 14:30:00+00:00,1020.4,1023.16,1019.01,1019.99,4780.034
2025-09-29 14:45:00+00:00,1020.0,1020.36,1018.0,1018.4,7970.051
2025-09-29 15:00:00+00:00,1018.4,1018.9,1016.0,1016.44,3675.988
2025-09-29 15:15:00+00:00,1016.43,1016.59,1009.74,1010.74,5955.88
2025-09-29 15:30:00+00:00,1010.75,1013.11,1008.62,1009.55,4394.058
2025-09-29 15:45:00+00:00,1009.55,1011.17,1008.1,1011.08,2328.044
2025-09-29 16:00:00+00:00,1011.07,1014.55,1009.84,1011.68,3364.208
2025-09-29 16:15:00+00:00,1011.69,1013.02,1006.4,1007.17,3952.643
2025-09-29 16:30:00+00:00,1007.16,1008.67,1005.0,1005.95,3701.808
2025-09-29 16:45:00+00:00,1005.94,1007.7,1005.16,1005.39,2401.084
2025-09-29 17:00:00+00:00,1005.4,1008.88,1003.53,1007.99,2473.465
2025-09-29 17:15:00+00:00,1007.98,1008.78,1005.88,1008.33,1529.718
2025-09-29 17:30:00+00:00,1008.33,1009.97,1006.17,1009.12,2374.666
2025-09-29 17:45:00+00:00,1009.11,1014.45,1008.95,1012.14,5432.154
2025-09-29 18:00:00+00:00,1012.14,1012.25,1010.4,1010.96,1085.007
2025-09-29 18:15:00+00:00,1010.97,1013.34,1010.83,1013.27,1034.191
2025-09-29 18:30:00+00:00,1013.27,1015.71,1012.76,1015.7,3148.962
2025-09-29 18:45:00+00:00,1015.71,1017.64,1015.46,1017.22,1301.453
2025-09-29 19:00:00+00:00,1017.22,1021.22,1017.16,1020.57,2838.861
2025-09-29 19:15:00+00:00,1020.56,1021.12,1017.66,1019.52,1302.515
2025-09-29 19:30:00+00:00,1019.52,1019.79,1017.67,1019.78,1382.315
2025-09-29 19:45:00+00:00,1019.77,1021.31,1018.93,1020.23,1825.052
2025-09-29 20:00:00+00:00,1020.23,1024.3,1019.02,1023.76,3906.452
2025-09-29 20:15:00+00:00,1023.75,1024.87,1021.86,1023.1,1827.049
2025-09-29 20:30:00+00:00,1023.09,1027.36,1023.09,1026.91,2938.896
2025-09-29 20:45:00+00:00,1026.91,1030.0,1025.93,1027.71,2419.171
2025-09-29 21:00:00+00:00,1027.71,1029.86,1025.99,1026.0,4057.897
2025-09-29 21:15:00+00:00,1026.01,1028.16,1026.01,1027.07,947.41
2025-09-29 21:30:00+00:00,1027.07,1030.6,1026.05,1029.23,2118.044
2025-09-29 21:45:00+00:00,1029.23,1030.64,1028.02,1030.37,966.911
2025-09-29 22:00:00+00:00,1030.37,1033.0,1029.26,1032.7,3415.287
2025-09-29 22:15:00+00:00,1032.7,1034.72,1030.77,1033.23,4427.946
2025-09-29 22:30:00+00:00,1033.23,1033.88,1031.6,1033.56,1879.051
2025-09-29 22:45:00+00:00,1033.56,1036.0,1032.85,1034.41,1988.052
2025-09-29 23:00:00+00:00,1034.41,1034.41,1031.08,1031.62,2484.442
2025-09-29 23:15:00+00:00,1031.62,1033.5,1030.16,1031.05,2154.263
2025-09-29 23:30:00+00:00,1031.04,1032.81,1028.1,1029.5,2247.393
2025-09-29 23:45:00+00:00,1029.5,1030.81,1028.69,1029.79,1856.599
2025-09-30 00:00:00+00:00,1029.79,1034.01,1029.78,1032.32,2603.845
2025-09-30 00:15:00+00:00,1032.32,1032.32,1028.02,1030.33,2120.054
2025-09-30 00:30:00+00:00,1030.33,1033.2,1029.21,1031.77,1981.797
2025-09-30 00:45:00+00:00,1031.76,1033.76,1026.77,1027.9,3092.776
2025-09-30 01:00:00+00:00,1027.9,1031.07,1027.76,1029.79,1441.597
2025-09-30 01:15:00+00:00,1029.79,1030.22,1027.91,1027.95,1349.43
2025-09-30 01:30:00+00:00,1027.96,1027.96,1024.22,1025.2,3011.335
2025-09-30 01:45:00+00:00,1025.19,1025.99,1023.88,1025.63,2301.644
2025-09-30 02:00:00+00:00,1025.63,1027.72,1024.11,1025.33,2005.601
2025-09-30 02:15:00+00:00,1025.32,1027.34,1023.56,1024.0,1708.925
2025-09-30 02:30:00+00:00,1023.99,1024.0,1022.81,1023.51,4094.099
2025-09-30 02:45:00+00:00,1023.51,1024.28,1020.87,1021.87,4283.671
2025-09-30 03:00:00+00:00,1021.88,1024.8,1021.0,1023.79,1749.027
2025-09-30 03:15:00+00:00,1023.78,1026.19,1023.48,1025.72,1424.497
2025-09-30 03:30:00+00:00,1025.72,1026.15,1024.27,1025.2,1275.506
2025-09-30 03:45:00+00:00,1025.2,1025.56,1023.1,1023.2,1238.047
2025-09-30 04:00:00+00:00,1023.19,1026.0,1023.0,1025.19,3451.015
2025-09-30 04:15:00+00:00,1025.19,1026.22,1024.82,1025.88,1066.021
2025-09-30 04:30:00+00:00,1025.87,1027.16,1024.78,1026.76,1273.543
2025-09-30 04:45:00+00:00,1026.76,1027.79,1025.45,1025.45,1052.299
2025-09-30 05:00:00+00:00,1025.46,1025.5,1022.96,1023.69,1594.228
2025-09-30 05:15:00+00:00,1023.69,1023.7,1020.51,1021.18,2205.14
2025-09-30 05:30:00+00:00,1021.18,1021.44,1019.68,1020.71,3780.139
2025-09-30 05:45:00+00:00,1020.71,1026.22,1020.07,1023.97,4460.328
2025-09-30 06:00:00+00:00,1023.98,1025.32,1022.03,1024.77,1596.736
2025-09-30 06:15:00+00:00,1024.77,1025.31,1023.32,1023.32,1887.195
2025-09-30 06:30:00+00:00,1023.32,1026.84,1022.8,1026.65,1788.654
2025-09-30 06:45:00+00:00,1026.66,1026.67,1025.61,1026.0,1800.425
2025-09-30 07:00:00+00:00,1026.0,1027.98,1025.49,1026.57,2880.218
2025-09-30 07:15:00+00:00,1026.56,1026.57,1024.83,1025.17,1184.869
2025-09-30 07:30:00+00:00,1025.17,1025.32,1016.81,1017.43,4686.462
2025-09-30 07:45:00+00:00,1017.43,1020.81,1016.76,1020.13,3903.383
2025-09-30 08:00:00+00:00,1020.12,1021.3,1019.12,1020.61,1589.716
2025-09-30 08:15:00+00:00,1020.6,1021.1,1019.47,1021.08,2660.698
2025-09-30 08:30:00+00:00,1021.09,1021.65,1019.06,1020.46,2217.855
2025-09-30 08:45:00+00:00,1020.45,1021.63,1019.69,1020.0,2377.416
2025-09-30 09:00:00+00:00,1020.0,1020.81,1014.74,1015.22,4141.952
2025-09-30 09:15:00+00:00,1015.22,1018.72,1010.12,1015.39,7549.152
2025-09-30 09:30:00+00:00,1015.4,1016.0,1009.43,1010.3,13002.284
2025-09-30 09:45:00+00:00,1010.3,1010.95,1007.57,1008.24,4973.482
2025-09-30 10:00:00+00:00,1008.23,1010.53,1003.13,1009.01,12519.667
2025-09-30 10:15:00+00:00,1009.01,1009.38,1004.27,1008.07,6431.957
2025-09-30 10:30:00+00:00,1008.08,1009.51,1006.49,1009.51,4417.05
2025-09-30 10:45:00+00:00,1009.51,1010.85,1008.04,1009.9,2990.844
2025-09-30 11:00:00+00:00,1009.9,1010.93,1008.61,1009.81,2910.21
2025-09-30 11:15:00+00:00,1009.81,1011.76,1008.67,1011.68,1736.885
2025-09-30 11:30:00+00:00,1011.67,1014.29,1011.2,1014.14,3137.293
2025-09-30 11:45:00+00:00,1014.14,1016.65,1013.68,1014.36,3153.186
2025-09-30 12:00:00+00:00,1014.36,1014.66,1010.16,1010.33,2559.496
2025-09-30 12:15:00+00:00,1010.33,1011.67,1009.6,1010.52,1479.307
2025-09-30 12:30:00+00:00,1010.53,1011.33,1008.78,1010.57,1660.355
2025-09-30 12:45:00+00:00,1010.57,1011.75,1008.48,1008.49,2492.474
2025-09-30 13:00:00+00:00,1008.48,1009.46,1006.59,1008.63,2363.174
2025-09-30 13:15:00+00:00,1008.63,1010.6,1008.2,1010.58,1963.385
2025-09-30 13:30:00+00:00,1010.57,1012.58,1007.08,1012.13,2921.536
2025-09-30 13:45:00+00:00,1012.13,1013.68,1005.57,1008.25,3862.365
2025-09-30 14:00:00+00:00,1008.25,1009.4,1002.53,1003.63,9847.797
2025-09-30 14:15:00+00:00,1003.62,1006.45,1001.45,1002.63,3506.273
2025-09-30 14:30:00+00:00,1002.63,1004.98,1001.6,1003.95,4046.971
2025-09-30 14:45:00+00:00,1003.96,1006.61,1002.78,1005.57,2650.982
2025-09-30 15:00:00+00:00,1005.57,1005.61,996.87,997.79,6939.244
2025-09-30 15:15:00+00:00,997.8,998.8,992.93,993.88,7268.868
2025-09-30 15:30:00+00:00,993.88,997.3,993.68,996.54,2963.723
2025-09-30 15:45:00+00:00,996.54,998.74,995.59,998.19,2001.503
2025-09-30 16:00:00+00:00,998.2,1000.0,997.5,998.8,2083.829
2025-09-30 16:15:00+00:00,998.8,1000.86,997.5,998.86,1720.578
2025-09-30 16:30:00+00:00,998.86,1002.57,998.82,1000.47,4601.5
2025-09-30 16:45:00+00:00,1000.47,1001.72,996.78,998.25,2333.314
2025-09-30 17:00:00+00:00,998.25,1000.35,997.0,999.38,2285.118
2025-09-30 17:15:00+00:00,999.37,1002.76,998.52,1001.41,1831.236
2025-09-30 17:30:00+00:00,1001.42,1004.45,999.72,1001.51,2411.59
2025-09-30 17:45:00+00:00,1001.5,1003.07,1001.14,1001.34,1722.314
2025-09-30 18:00:00+00:00,1001.34,1003.87,999.41,1003.51,1397.896
2025-09-30 18:15:00+00:00,1003.51,1004.12,1002.1,1003.11,899.522
2025-09-30 18:30:00+00:00,1003.11,1003.31,1001.29,1002.65,971.43
2025-09-30 18:45:00+00:00,1002.65,1003.39,1002.29,1003.19,782.883
2025-09-30 19:00:00+00:00,1003.2,1005.09,1003.0,1003.63,1192.026
2025-09-30 19:15:00+00:00,1003.62,1005.0,1003.0,1004.66,953.247
2025-09-30 19:30:00+00:00,1004.65,1008.5,1004.55,1007.92,3106.539
2025-09-30 19:45:00+00:00,1007.92,1009.49,1006.73,1007.29,1992.076
2025-09-30 20:00:00+00:00,1007.29,1007.51,1003.31,1003.88,1959.326
2025-09-30 20:15:00+00:00,1003.88,1007.0,1003.88,1006.47,809.371
2025-09-30 20:30:00+00:00,1006.47,1006.74,1005.12,1006.45,733.327
2025-09-30 20:45:00+00:00,1006.44,1009.5,1006.17,1008.71,1513.289
2025-09-30 21:00:00+00:00,1008.72,1010.5,1007.43,1007.47,1553.565
2025-09-30 21:15:00+00:00,1007.49,1008.48,1005.36,1005.4,801.196
2025-09-30 21:30:00+00:00,1005.39,1006.95,1004.86,1006.24,910.292
2025-09-30 21:45:00+00:00,1006.24,1006.3,1002.38,1002.63,1246.545
2025-09-30 22:00:00+00:00,1002.63,1004.88,1002.22,1003.15,877.565
2025-09-30 22:15:00+00:00,1003.15,1005.54,1002.7,1005.0,1692.4
2025-09-30 22:30:00+00:00,1005.0,1005.56,1001.7,1002.56,1726.116
2025-09-30 22:45:00+00:00,1002.55,1004.06,1001.3,1003.17,1205.051
2025-09-30 23:00:00+00:00,1003.17,1003.96,1001.4,1003.96,1531.987
2025-09-30 23:15:00+00:00,1003.97,1006.76,1003.59,1006.51,1340.749
2025-09-30 23:30:00+00:00,1006.51,1008.8,1006.11,1008.59,1026.699
2025-09-30 23:45:00+00:00,1008.6,1009.71,1007.8,1008.51,988.789
2025-10-01 00:00:00+00:00,1008.51,1012.66,1008.25,1011.72,2136.722
2025-10-01 00:15:00+00:00,1011.72,1012.83,1009.89,1010.66,1734.132
2025-10-01 00:30:00+00:00,1010.66,1012.88,1008.84,1009.69,1517.057
2025-10-01 00:45:00+00:00,1009.69,1013.41,1009.01,1012.4,1117.366
2025-10-01 01:00:00+00:00,1012.41,1016.0,1011.1,1014.92,2187.445
2025-10-01 01:15:00+00:00,1014.93,1016.0,1012.14,1014.32,2835.75
2025-10-01 01:30:00+00:00,1014.32,1015.79,1012.14,1014.09,1429.659
2025-10-01 01:45:00+00:00,1014.1,1015.19,1013.62,1014.58,1875.762
2025-10-01 02:00:00+00:00,1014.57,1014.7,1013.47,1013.91,1015.231
2025-10-01 02:15:00+00:00,1013.92,1014.5,1012.99,1013.28,1499.539
2025-10-01 02:30:00+00:00,1013.27,1013.29,1010.49,1010.6,1002.516
2025-10-01 02:45:00+00:00,1010.6,1011.5,1009.05,1009.11,1812.569
2025-10-01 03:00:00+00:00,1009.1,1009.17,1006.83,1007.87,1750.053
2025-10-01 03:15:00+00:00,1007.86,1013.92,1004.08,1005.87,7888.233
2025-10-01 03:30:00+00:00,1005.86,1006.88,1004.14,1004.27,1537.506
2025-10-01 03:45:00+00:00,1004.26,1006.53,1003.35,1004.81,1880.262
2025-10-01 04:00:00+00:00,1004.8,1008.99,1004.54,1007.25,2376.742
2025-10-01 04:15:00+00:00,1007.26,1011.31,1007.25,1011.3,1764.233
2025-10-01 04:30:00+00:00,1011.3,1013.1,1010.96,1011.77,2992.737
2025-10-01 04:45:00+00:00,1011.77,1012.45,1009.54,1009.97,1642.873
2025-10-01 05:00:00+00:00,1009.96,1013.32,1009.5,1012.41,1930.049
2025-10-01 05:15:00+00:00,1012.4,1013.11,1010.51,1011.14,1160.496
2025-10-01 05:30:00+00:00,1011.13,1011.62,1010.19,1010.59,1438.391
2025-10-01 05:45:00+00:00,1010.59,1011.71,1010.47,1011.23,1231.941
2025-10-01 06:00:00+00:00,1011.24,1011.87,1008.89,1009.53,1388.284
2025-10-01 06:15:00+00:00,1009.54,1010.33,1008.07,1009.69,1073.371
2025-10-01 06:30:00+00:00,1009.69,1010.69,1008.91,1010.14,1494.898
2025-10-01 06:45:00+00:00,1010.14,1010.14,1007.75,1008.59,2475.506
2025-10-01 07:00:00+00:00,1008.59,1011.12,1008.25,1009.6,1707.521
2025-10-01 07:15:00+00:00,1009.61,1011.51,1009.6,1011.4,1383.704
2025-10-01 07:30:00+00:00,1011.4,1012.54,1010.99,1011.61,851.964
2025-10-01 07:45:00+00:00,1011.61,1012.62,1010.0,1010.03,1671.283
2025-10-01 08:00:00+00:00,1010.03,1011.16,1009.5,1011.1,1996.588
2025-10-01 08:15:00+00:00,1011.1,1013.6,1009.5,1013.59,2468.806
2025-10-01 08:30:00+00:00,1013.6,1024.35,1013.6,1024.09,12585.448
2025-10-01 08:45:00+00:00,1024.09,1030.11,1021.68,1027.62,17424.937
2025-10-01 09:00:00+00:00,1027.62,1032.6,1026.02,1029.78,9409.347
2025-10-01 09:15:00+00:00,1029.78,1030.11,1026.94,1029.5,6080.845
2025-10-01 09:30:00+00:00,1029.5,1032.75,1029.33,1032.75,5915.509
2025-10-01 09:45:00+00:00,1032.75,1036.2,1032.61,1032.8,5437.693
2025-10-01 10:00:00+00:00,1032.79,1033.45,1026.0,1026.25,5284.314
2025-10-01 10:15:00+00:00,1026.24,1028.7,1025.04,1027.7,2170.832
2025-10-01 10:30:00+00:00,1027.7,1028.35,1026.5,1027.33,2903.595
2025-10-01 10:45:00+00:00,1027.34,1029.4,1027.09,1028.13,1813.996
2025-10-01 11:00:00+00:00,1028.13,1029.14,1027.3,1029.0,1471.381
2025-10-01 11:15:00+00:00,1029.0,1030.66,1028.27,1028.28,2325.771
2025-10-01 11:30:00+00:00,1028.27,1028.29,1023.49,1024.65,3127.223
2025-10-01 11:45:00+00:00,1024.64,1024.64,1021.15,1023.42,4747.514
2025-10-01 12:00:00+00:00,1023.42,1023.62,1020.6,1021.51,6186.158
2025-10-01 12:15:00+00:00,1021.51,1025.15,1019.41,1024.99,4878.526
2025-10-01 12:30:00+00:00,1024.99,1025.18,1020.72,1020.73,2728.754
2025-10-01 12:45:00+00:00,1020.72,1020.82,1015.24,1018.21,5330.268
2025-10-01 13:00:00+00:00,1018.22,1021.9,1018.19,1021.86,1969.324
2025-10-01 13:15:00+00:00,1021.85,1025.1,1021.74,1023.73,4075.81
2025-10-01 13:30:00+00:00,1023.73,1025.09,1022.08,1023.45,3415.703
2025-10-01 13:45:00+00:00,1023.44,1024.19,1020.1,1023.3,2448.191
2025-10-01 14:00:00+00:00,1023.31,1027.57,1022.72,1025.59,4389.088
2025-10-01 14:15:00+00:00,1025.59,1028.6,1025.3,1026.55,2969.704
2025-10-01 14:30:00+00:00,1026.54,1028.0,1024.95,1025.14,5932.738
2025-10-01 14:45:00+00:00,1025.14,1025.15,1020.86,1021.96,3463.175
2025-10-01 15:00:00+00:00,1021.96,1022.47,1017.99,1018.92,3392.53
2025-10-01 15:15:00+00:00,1018.92,1022.06,1018.92,1020.54,2358.877
2025-10-01 15:30:00+00:00,1020.55,1021.84,1018.81,1020.45,5468.741
2025-10-01 15:45:00+00:00,1020.45,1020.94,1015.93,1019.31,5003.968
2025-10-01 16:00:00+00:00,1019.32,1020.45,1017.8,1018.87,5653.579
2025-10-01 16:15:00+00:00,1018.86,1021.18,1016.49,1020.03,4966.171
2025-10-01 16:30:00+00:00,1020.02,1021.16,1017.77,1020.78,3469.654
2025-10-01 17:00:00+00:00,1020.9,1023.68,1020.84,1022.45,2255.745
2025-10-01 17:15:00+00:00,1022.46,1025.36,1021.71,1022.31,2655.945
2025-10-01 17:30:00+00:00,1022.31,1022.95,1021.14,1022.21,970.872
2025-10-01 17:45:00+00:00,1022.21,1022.83,1019.62,1020.15,2788.725
2025-10-01 18:00:00+00:00,1020.15,1023.35,1019.74,1022.28,1307.538
2025-10-01 18:15:00+00:00,1022.28,1022.28,1019.98,1021.88,1824.806
2025-10-01 18:30:00+00:00,1021.88,1022.32,1020.1,1020.29,1226.608
2025-10-01 18:45:00+00:00,1020.28,1021.19,1019.79,1020.09,1400.612
2025-10-01 19:00:00+00:00,1020.09,1021.5,1019.26,1020.81,1160.303
2025-10-01 19:15:00+00:00,1020.81,1022.63,1020.43,1021.77,873.161
2025-10-01 19:30:00+00:00,1021.77,1022.08,1019.62,1020.18,1412.163
2025-10-01 19:45:00+00:00,1020.17,1021.43,1019.7,1019.7,1163.632
2025-10-01 20:00:00+00:00,1019.71,1019.88,1017.46,1018.19,2112.078
2025-10-01 20:15:00+00:00,1018.18,1021.0,1018.18,1020.99,880.392
2025-10-01 20:30:00+00:00,1021.0,1021.0,1019.94,1020.96,624.031
2025-10-01 20:45:00+00:00,1020.96,1022.0,1020.63,1022.0,1056.246
2025-10-01 21:00:00+00:00,1022.0,1022.24,1020.99,1021.99,845.603
2025-10-01 21:15:00+00:00,1021.99,1022.49,1020.86,1021.58,686.501
2025-10-01 21:30:00+00:00,1021.57,1021.58,1019.62,1020.59,1030.063
2025-10-01 21:45:00+00:00,1020.6,1021.01,1019.67,1019.68,1613.943
2025-10-01 22:00:00+00:00,1019.68,1023.19,1019.02,1022.05,1895.141
2025-10-01 22:15:00+00:00,1022.05,1022.34,1020.39,1021.03,1113.018
2025-10-01 22:30:00+00:00,1021.03,1021.1,1019.6,1020.43,766.455
2025-10-01 22:45:00+00:00,1020.43,1022.45,1020.43,1021.8,976.437
2025-10-01 23:00:00+00:00,1021.8,1024.55,1020.0,1021.82,6485.837
2025-10-01 23:15:00+00:00,1021.81,1024.41,1021.61,1024.4,2141.497
2025-10-01 23:30:00+00:00,1024.4,1026.08,1024.1,1025.61,1157.847
2025-10-01 23:45:00+00:00,1025.62,1026.59,1024.81,1026.5,1663.684
2025-10-02 00:00:00+00:00,1026.5,1032.31,1025.88,1032.01,9273.933
2025-10-02 00:15:00+00:00,1032.02,1032.28,1027.69,1028.2,3380.608
2025-10-02 00:30:00+00:00,1028.2,1028.21,1023.35,1025.11,2445.171
2025-10-02 00:45:00+00:00,1025.11,1025.84,1022.01,1024.68,3986.676
2025-10-02 01:00:00+00:00,1024.69,1027.25,1023.25,1026.98,2514.79
2025-10-02 01:15:00+00:00,1026.97,1028.63,1025.0,1027.78,2491.982
2025-10-02 01:30:00+00:00,1027.78,1030.91,1026.9,1030.71,2467.719
2025-10-02 01:45:00+00:00,1030.71,1037.6,1028.43,1035.34,9648.391
2025-10-02 02:00:00+00:00,1035.35,1036.96,1030.58,1034.0,4175.963
2025-10-02 02:15:00+00:00,1033.95,1036.56,1032.68,1034.65,2032.069
2025-10-02 02:30:00+00:00,1034.65,1035.61,1031.83,1034.36,4963.331
2025-10-02 02:45:00+00:00,1034.35,1037.6,1033.73,1035.5,2493.212
2025-10-02 03:00:00+00:00,1035.49,1035.9,1033.59,1034.21,1972.481
2025-10-02 03:15:00+00:00,1034.22,1034.27,1032.01,1032.82,1809.761
2025-10-02 03:30:00+00:00,1032.83,1034.46,1032.28,1033.54,1755.975
2025-10-02 03:45:00+00:00,1033.54,1033.54,1030.25,1031.04,1889.451
2025-10-02 04:00:00+00:00,1031.04,1033.81,1030.61,1033.01,1814.832
2025-10-02 04:15:00+00:00,1033.0,1034.08,1029.31,1029.89,1570.275
2025-10-02 04:30:00+00:00,1029.9,1030.16,1026.93,1029.03,2056.622
2025-10-02 04:45:00+00:00,1029.04,1030.43,1028.17,1030.43,1610.886
2025-10-02 05:00:00+00:00,1030.43,1031.32,1028.85,1029.16,1408.999
2025-10-02 05:15:00+00:00,1029.16,1031.78,1028.34,1031.03,1735.897
2025-10-02 05:30:00+00:00,1031.02,1031.61,1029.04,1030.82,1835.534
2025-10-02 05:45:00+00:00,1030.81,1033.89,1030.45,1031.0,3259.648
2025-10-02 06:00:00+00:00,1030.99,1032.5,1030.59,1031.81,1638.922
2025-10-02 06:15:00+00:00,1031.82,1035.49,1031.81,1034.7,2173.802
2025-10-02 06:30:00+00:00,1034.7,1041.18,1034.54,1038.03,12486.717
2025-10-02 06:45:00+00:00,1038.04,1038.24,1035.5,1036.45,2944.161
2025-10-02 07:00:00+00:00,1036.45,1038.01,1035.75,1036.17,1722.986
2025-10-02 07:15:00+00:00,1036.17,1039.69,1036.16,1037.92,2061.024
2025-10-02 07:30:00+00:00,1037.93,1038.68,1035.83,1035.97,1339.838
2025-10-02 07:45:00+00:00,1035.97,1037.2,1035.0,1036.1,2035.127
2025-10-02 08:00:00+00:00,1036.11,1038.38,1036.11,1036.22,1594.154
2025-10-02 08:15:00+00:00,1036.22,1037.26,1035.6,1037.05,1106.037
2025-10-02 08:30:00+00:00,1037.05,1037.06,1034.2,1034.76,1893.561
2025-10-02 08:45:00+00:00,1034.75,1036.19,1033.61,1034.49,2147.862
2025-10-02 09:00:00+00:00,1034.49,1036.87,1034.0,1035.85,1710.868
2025-10-02 09:15:00+00:00,1035.86,1038.28,1035.54,1038.23,1605.63
2025-10-02 09:30:00+00:00,1038.23,1041.95,1037.51,1040.52,3484.068
2025-10-02 09:45:00+00:00,1040.51,1040.57,1038.63,1040.57,1547.682
2025-10-02 10:00:00+00:00,1040.56,1041.62,1038.81,1039.19,2326.717
2025-10-02 10:15:00+00:00,1039.19,1040.66,1037.73,1037.74,2897.157
2025-10-02 10:30:00+00:00,1037.73,1045.73,1037.33,1045.02,5213.506
2025-10-02 10:45:00+00:00,1045.02,1045.96,1042.63,1044.05,3709.362
2025-10-02 11:00:00+00:00,1044.05,1047.68,1044.0,1047.13,4641.749
2025-10-02 11:15:00+00:00,1047.13,1048.0,1044.35,1045.63,2342.348
2025-10-02 11:30:00+00:00,1045.64,1050.0,1045.64,1049.23,4644.052
2025-10-02 11:45:00+00:00,1049.23,1049.62,1046.1,1047.81,2524.63
2025-10-02 12:00:00+00:00,1047.81,1052.59,1047.23,1052.26,5203.861
2025-10-02 12:15:00+00:00,1052.27,1054.7,1052.1,1054.2,6516.786
2025-10-02 12:30:00+00:00,1054.2,1063.45,1053.32,1061.44,16672.943
2025-10-02 12:45:00+00:00,1061.43,1062.18,1058.78,1060.05,5408.771
2025-10-02 13:00:00+00:00,1060.05,1061.47,1052.07,1055.35,10310.041
2025-10-02 13:15:00+00:00,1055.35,1058.95,1053.03,1056.79,5485.4
2025-10-02 13:30:00+00:00,1056.8,1058.34,1053.73,1055.33,3860.965
2025-10-02 13:45:00+00:00,1055.33,1058.77,1054.2,1054.61,5522.935
2025-10-02 14:00:00+00:00,1054.61,1056.64,1049.69,1050.74,4131.211
2025-10-02 14:15:00+00:00,1050.74,1053.15,1049.56,1051.94,2865.689
2025-10-02 14:30:00+00:00,1051.94,1053.83,1047.0,1047.26,3090.558
2025-10-02 14:45:00+00:00,1047.27,1048.87,1043.88,1045.82,5992.319
2025-10-02 15:00:00+00:00,1045.82,1049.25,1041.09,1047.54,7852.067
2025-10-02 15:15:00+00:00,1047.53,1053.97,1046.22,1052.33,4081.36
2025-10-02 15:30:00+00:00,1052.34,1052.86,1047.96,1051.89,3308.575
2025-10-02 15:45:00+00:00,1051.88,1056.33,1051.56,1055.68,4293.336
2025-10-02 16:00:00+00:00,1055.68,1061.67,1055.29,1059.88,5417.328
2025-10-02 16:15:00+00:00,1059.89,1061.49,1058.6,1060.62,3370.658
2025-10-02 16:30:00+00:00,1060.63,1062.5,1054.96,1057.32,6361.666
2025-10-02 16:45:00+00:00,1057.31,1061.85,1056.29,1061.24,4016.61
2025-10-02 17:00:00+00:00,1061.25,1061.88,1058.7,1061.24,3073.429
2025-10-02 17:15:00+00:00,1061.24,1061.3,1058.1,1060.15,1825.084
2025-10-02 17:30:00+00:00,1060.15,1060.71,1058.7,1058.94,2000.245
2025-10-02 17:45:00+00:00,1058.94,1059.92,1058.28,1059.21,1792.136
2025-10-02 18:00:00+00:00,1059.2,1066.0,1059.17,1065.24,5692.012
2025-10-02 18:15:00+00:00,1065.23,1067.92,1064.0,1067.6,3222.623
2025-10-02 18:30:00+00:00,1067.59,1068.39,1065.97,1067.6,2839.579
2025-10-02 18:45:00+00:00,1067.6,1068.39,1066.39,1068.0,1954.977
2025-10-02 19:00:00+00:00,1068.0,1072.49,1066.9,1071.98,4203.271
2025-10-02 19:15:00+00:00,1071.97,1072.74,1068.59,1071.76,2443.693
2025-10-02 19:30:00+00:00,1071.76,1073.35,1068.93,1072.34,2543.806
2025-10-02 19:45:00+00:00,1072.35,1076.71,1072.03,1073.81,3617.325
2025-10-02 20:00:00+00:00,1073.82,1077.69,1073.01,1075.83,2668.954
2025-10-02 20:15:00+00:00,1075.83,1078.88,1073.95,1077.16,3290.848
2025-10-02 20:30:00+00:00,1077.15,1085.98,1076.08,1084.6,17384.422
2025-10-02 20:45:00+00:00,1084.6,1085.32,1079.2,1081.66,4729.991
2025-10-02 21:00:00+00:00,1081.66,1086.88,1081.19,1084.74,5245.213
2025-10-02 21:15:00+00:00,1084.74,1088.51,1082.67,1082.93,6142.481
2025-10-02 21:30:00+00:00,1082.93,1084.73,1081.3,1081.5,2455.301
2025-10-02 21:45:00+00:00,1081.5,1083.86,1077.58,1078.8,3640.488
2025-10-02 22:00:00+00:00,1078.79,1083.33,1077.99,1080.72,4115.379
2025-10-02 22:15:00+00:00,1080.72,1085.26,1079.94,1082.93,4599.44
2025-10-02 22:30:00+00:00,1082.94,1087.5,1082.93,1086.63,3222.497
2025-10-02 22:45:00+00:00,1086.63,1093.89,1086.25,1092.6,8230.531
2025-10-02 23:00:00+00:00,1092.6,1099.22,1092.05,1093.99,12853.851
2025-10-02 23:15:00+00:00,1093.99,1094.28,1089.3,1090.8,4334.315
2025-10-02 23:30:00+00:00,1090.79,1092.03,1087.0,1088.4,2934.402
2025-10-02 23:45:00+00:00,1088.4,1091.53,1087.59,1090.22,3473.907
2025-10-03 00:00:00+00:00,1090.22,1093.88,1084.02,1085.87,7613.695
2025-10-03 00:15:00+00:00,1085.88,1088.0,1084.85,1087.45,2542.27
2025-10-03 00:30:00+00:00,1087.46,1088.09,1085.58,1085.69,2527.144
2025-10-03 00:45:00+00:00,1085.68,1087.99,1085.16,1085.8,2382.504
2025-10-03 01:00:00+00:00,1085.81,1091.63,1085.8,1089.63,4104.985
2025-10-03 01:15:00+00:00,1089.63,1095.0,1089.58,1095.0,4511.513
2025-10-03 01:30:00+00:00,1095.0,1096.81,1092.73,1092.97,4501.298
2025-10-03 01:45:00+00:00,1092.97,1093.44,1086.74,1088.39,4893.685
2025-10-03 02:00:00+00:00,1088.39,1092.06,1086.6,1092.06,4037.847
2025-10-03 02:15:00+00:00,1092.06,1095.0,1090.64,1092.56,3155.247
2025-10-03 02:30:00+00:00,1092.55,1096.12,1091.99,1092.42,6591.701
2025-10-03 02:45:00+00:00,1092.42,1098.0,1091.79,1096.46,3742.853
2025-10-03 03:00:00+00:00,1096.46,1108.18,1096.22,1105.98,22063.796
2025-10-03 03:15:00+00:00,1105.98,1110.8,1104.2,1107.54,15038.583
2025-10-03 03:30:00+00:00,1107.55,1112.57,1106.31,1110.55,13753.0284
2025-10-03 03:45:00+00:00,1110.55,1110.84,1105.32,1108.0,6572.11
2025-10-03 04:00:00+00:00,1107.99,1112.68,1106.63,1112.45,7964.372
2025-10-03 04:15:00+00:00,1112.46,1112.55,1106.4,1108.98,5967.404
2025-10-03 04:30:00+00:00,1108.99,1108.99,1093.33,1098.72,9457.851
2025-10-03 04:45:00+00:00,1098.72,1100.34,1095.6,1099.08,4318.185
2025-10-03 05:00:00+00:00,1099.1,1101.12,1094.8,1095.5,3191.222
2025-10-03 05:15:00+00:00,1095.5,1096.58,1093.0,1095.38,4300.702
2025-10-03 05:30:00+00:00,1095.39,1098.65,1093.15,1093.61,7568.11
2025-10-03 05:45:00+00:00,1093.6,1096.24,1093.13,1094.22,3464.497
2025-10-03 06:00:00+00:00,1094.22,1098.45,1091.84,1098.37,7655.874
2025-10-03 06:15:00+00:00,1098.38,1099.0,1095.45,1097.31,5143.763
2025-10-03 06:30:00+00:00,1097.32,1099.71,1096.39,1097.02,2534.486
2025-10-03 06:45:00+00:00,1097.02,1097.45,1090.0,1091.8,7970.604
2025-10-03 07:00:00+00:00,1091.8,1092.82,1087.2,1089.82,6039.376
2025-10-03 07:15:00+00:00,1089.82,1091.72,1085.06,1085.24,5421.366
2025-10-03 07:30:00+00:00,1085.24,1087.88,1085.24,1085.53,3517.85
2025-10-03 07:45:00+00:00,1085.53,1087.74,1084.66,1086.24,3543.432
2025-10-03 08:00:00+00:00,1086.25,1088.84,1086.1,1087.35,4117.682
2025-10-03 08:15:00+00:00,1087.35,1089.71,1083.84,1088.08,5183.16
2025-10-03 08:30:00+00:00,1088.07,1100.0,1088.07,1096.15,8130.923
2025-10-03 08:45:00+00:00,1096.16,1099.75,1094.62,1096.26,5374.146
2025-10-03 09:00:00+00:00,1096.26,1105.0,1096.11,1104.57,7442.74
2025-10-03 09:15:00+00:00,1104.57,1114.95,1102.11,1113.34,13773.786
2025-10-03 09:30:00+00:00,1113.35,1114.4,1107.14,1109.47,9191.951
2025-10-03 09:45:00+00:00,1109.47,1110.0,1106.68,1108.65,4393.026
2025-10-03 10:00:00+00:00,1108.64,1109.33,1105.37,1106.11,3398.112
2025-10-03 10:15:00+00:00,1106.11,1108.9,1105.96,1106.16,2529.956
2025-10-03 10:30:00+00:00,1106.16,1109.92,1106.15,1109.87,2847.809
2025-10-03 10:45:00+00:00,1109.87,1110.0,1106.46,1107.21,2714.901
2025-10-03 11:00:00+00:00,1107.2,1107.97,1101.67,1102.81,4284.376
2025-10-03 11:15:00+00:00,1102.81,1106.13,1101.94,1105.66,2224.068
2025-10-03 11:30:00+00:00,1105.66,1105.85,1103.05,1104.51,1626.617
2025-10-03 11:45:00+00:00,1104.51,1107.38,1104.42,1106.39,1591.028
2025-10-03 12:00:00+00:00,1106.4,1110.0,1105.88,1109.25,2788.992
2025-10-03 12:15:00+00:00,1109.25,1110.0,1108.0,1109.13,3768.036
2025-10-03 12:30:00+00:00,1109.12,1109.32,1105.87,1106.19,3900.681
2025-10-03 12:45:00+00:00,1106.18,1108.04,1105.87,1106.97,2884.043
2025-10-03 13:00:00+00:00,1106.97,1107.0,1102.48,1103.5,3877.831
2025-10-03 13:15:00+00:00,1103.5,1135.98,1103.03,1131.68,32870.7304
2025-10-03 13:30:00+00:00,1131.67,1147.02,1127.53,1130.41,31648.448
2025-10-03 13:45:00+00:00,1130.42,1138.06,1128.57,1137.52,11394.625
2025-10-03 14:00:00+00:00,1137.51,1137.51,1122.54,1124.34,11397.173
2025-10-03 14:15:00+00:00,1124.34,1134.16,1119.04,1131.93,13102.536
2025-10-03 14:30:00+00:00,1131.93,1136.11,1129.56,1135.8,6571.35
2025-10-03 14:45:00+00:00,1135.79,1143.0,1134.7,1142.01,9476.26
2025-10-03 15:00:00+00:00,1142.0,1142.15,1136.47,1142.09,8329.106
2025-10-03 15:15:00+00:00,1142.09,1146.99,1139.51,1145.8,12496.66
2025-10-03 15:30:00+00:00,1145.8,1149.99,1142.62,1144.35,25963.006
2025-10-03 15:45:00+00:00,1144.35,1168.0,1143.94,1165.3,23702.0479
2025-10-03 16:00:00+00:00,1165.3,1168.0,1154.06,1154.45,19879.466
2025-10-03 16:15:00+00:00,1154.45,1156.8,1149.61,1152.63,11170.142
2025-10-03 16:30:00+00:00,1152.63,1164.7,1150.94,1161.56,10953.479
2025-10-03 16:45:00+00:00,1161.56,1161.65,1152.42,1155.77,10884.725
2025-10-03 17:00:00+00:00,1155.77,1155.77,1120.1,1146.87,35359.939
2025-10-03 17:15:00+00:00,1146.86,1146.87,1135.14,1138.39,11369.929
2025-10-03 17:30:00+00:00,1138.39,1144.17,1135.72,1142.28,5616.606
2025-10-03 17:45:00+00:00,1142.29,1144.88,1134.1,1136.05,8350.103
2025-10-03 18:00:00+00:00,1136.05,1144.31,1132.88,1144.02,5280.682
2025-10-03 18:15:00+00:00,1144.02,1152.03,1142.15,1148.2,6680.445
2025-10-03 18:30:00+00:00,1148.21,1164.24,1147.5,1163.93,8044.845
2025-10-03 18:45:00+00:00,1163.94,1178.65,1159.5,1172.49,21286.2633
2025-10-03 19:00:00+00:00,1172.49,1173.86,1163.8,1165.41,6362.707
2025-10-03 19:15:00+00:00,1165.4,1172.72,1164.02,1170.13,5638.065
2025-10-03 19:30:00+00:00,1170.14,1171.17,1167.42,1169.58,3738.534
2025-10-03 19:45:00+00:00,1169.58,1170.82,1165.68,1170.39,2223.628
2025-10-03 20:00:00+00:00,1170.39,1170.77,1165.21,1167.76,2739.187
2025-10-03 20:15:00+00:00,1167.75,1172.18,1164.82,1167.73,3242.872
2025-10-03 20:30:00+00:00,1167.74,1170.39,1165.73,1170.01,1530.504
2025-10-03 20:45:00+00:00,1170.0,1183.32,1168.59,1181.38,15643.121
2025-10-03 21:00:00+00:00,1181.38,1182.29,1176.76,1181.33,7889.881
2025-10-03 21:15:00+00:00,1181.33,1181.33,1177.85,1180.61,6834.94
2025-10-03 21:30:00+00:00,1180.6,1181.21,1174.44,1176.61,4749.454
2025-10-03 21:45:00+00:00,1176.61,1179.0,1171.32,1177.18,3769.323
2025-10-03 22:00:00+00:00,1177.18,1181.53,1177.03,1180.65,4198.5
2025-10-03 22:15:00+00:00,1180.65,1183.22,1180.0,1181.93,2999.46
2025-10-03 22:30:00+00:00,1181.94,1182.88,1178.39,1178.51,7128.919
2025-10-03 22:45:00+00:00,1178.51,1192.42,1177.96,1182.83,14302.7016
2025-10-03 23:00:00+00:00,1182.83,1182.83,1172.17,1176.15,6034.614
2025-10-03 23:15:00+00:00,1176.14,1181.61,1175.7,1180.5,2912.645
2025-10-03 23:30:00+00:00,1180.49,1184.91,1178.51,1183.85,3798.755
2025-10-03 23:45:00+00:00,1183.84,1190.0,1182.95,1189.4,5295.126
2025-10-04 00:00:00+00:00,1189.4,1190.47,1185.0,1186.37,6900.505
2025-10-04 00:15:00+00:00,1186.37,1188.0,1179.89,1180.06,5944.36
2025-10-04 00:30:00+00:00,1180.07,1181.18,1175.88,1177.26,5737.111
2025-10-04 00:45:00+00:00,1177.26,1177.51,1174.35,1177.34,6135.276
2025-10-04 01:00:00+00:00,1177.34,1179.95,1172.51,1173.1,4795.402
2025-10-04 01:15:00+00:00,1173.09,1173.1,1167.74,1169.19,5482.926
2025-10-04 01:30:00+00:00,1169.19,1172.52,1164.2,1165.12,5458.785
2025-10-04 01:45:00+00:00,1165.12,1171.88,1164.0,1171.03,5731.279
2025-10-04 02:00:00+00:00,1171.04,1175.35,1169.06,1170.05,5753.779
2025-10-04 02:15:00+00:00,1170.04,1170.05,1165.0,1167.91,3718.887
2025-10-04 02:30:00+00:00,1167.91,1171.16,1166.13,1170.88,2372.178
2025-10-04 02:45:00+00:00,1170.89,1177.44,1170.04,1176.39,5138.288
2025-10-04 03:00:00+00:00,1176.38,1180.82,1170.03,1171.9,4678.907
2025-10-04 03:15:00+00:00,1171.9,1175.0,1169.85,1174.49,2418.509
2025-10-04 03:30:00+00:00,1174.49,1176.07,1170.72,1171.21,2224.43
2025-10-04 03:45:00+00:00,1171.21,1172.22,1169.12,1170.39,2645.543
2025-10-04 04:00:00+00:00,1170.39,1173.55,1167.3,1171.48,2966.519
2025-10-04 04:15:00+00:00,1171.49,1171.94,1168.82,1169.17,1720.12
2025-10-04 04:30:00+00:00,1169.17,1174.0,1168.84,1173.99,2953.434
2025-10-04 04:45:00+00:00,1173.99,1175.3,1172.72,1174.05,3417.045
2025-10-04 05:00:00+00:00,1174.05,1181.56,1173.43,1181.55,4688.555
2025-10-04 05:15:00+00:00,1181.55,1182.39,1177.59,1180.68,3608.225
2025-10-04 05:30:00+00:00,1180.68,1180.69,1175.83,1176.42,3453.398
2025-10-04 05:45:00+00:00,1176.42,1179.91,1175.93,1176.66,2098.847
2025-10-04 06:00:00+00:00,1176.66,1177.4,1171.32,1173.74,4359.11
2025-10-04 06:15:00+00:00,1173.75,1174.13,1170.11,1170.41,3759.438
2025-10-04 06:30:00+00:00,1170.41,1176.45,1170.4,1174.98,2505.578
2025-10-04 06:45:00+00:00,1174.98,1174.99,1171.49,1171.85,1742.998
2025-10-04 07:00:00+00:00,1171.85,1174.26,1171.0,1173.67,1536.059
2025-10-04 07:15:00+00:00,1173.67,1173.67,1168.55,1170.39,3091.978
2025-10-04 07:30:00+00:00,1170.39,1172.19,1169.4,1169.48,1978.211
2025-10-04 07:45:00+00:00,1169.47,1170.39,1165.15,1166.82,4352.097
2025-10-04 08:00:00+00:00,1166.82,1168.86,1165.0,1168.21,4629.327
2025-10-04 08:15:00+00:00,1168.2,1168.21,1162.15,1163.25,3712.578
2025-10-04 08:30:00+00:00,1163.26,1164.38,1155.88,1157.28,7564.676
2025-10-04 08:45:00+00:00,1157.27,1159.22,1154.7,1155.86,8409.024
2025-10-04 09:00:00+00:00,1155.8,1160.55,1153.42,1158.09,4743.854
2025-10-04 09:15:00+00:00,1158.08,1162.54,1158.08,1161.54,3115.831
2025-10-04 09:30:00+00:00,1161.54,1161.54,1158.4,1158.52,2057.357
2025-10-04 09:45:00+00:00,1158.52,1158.52,1149.28,1150.51,5099.342
2025-10-04 10:00:00+00:00,1150.51,1152.89,1150.34,1152.3,2243.105
2025-10-04 10:15:00+00:00,1152.31,1155.77,1151.63,1155.21,2399.349
2025-10-04 10:30:00+00:00,1155.21,1156.48,1147.06,1148.9,3147.309
2025-10-04 10:45:00+00:00,1148.89,1150.37,1147.43,1149.17,2745.616
2025-10-04 11:00:00+00:00,1149.17,1151.74,1145.78,1146.5,3822.711
2025-10-04 11:15:00+00:00,1146.51,1148.18,1145.0,1148.11,2359.839
2025-10-04 11:30:00+00:00,1148.1,1150.65,1146.1,1150.1,3082.403
2025-10-04 11:45:00+00:00,1150.09,1155.0,1149.22,1151.69,3828.65
2025-10-04 12:00:00+00:00,1151.69,1154.18,1150.49,1151.69,2154.004
2025-10-04 12:15:00+00:00,1151.68,1151.8,1149.0,1149.12,1667.735
2025-10-04 12:30:00+00:00,1149.11,1150.75,1146.11,1146.89,2879.433
2025-10-04 12:45:00+00:00,1146.9,1147.1,1143.66,1144.01,3600.506
2025-10-04 13:00:00+00:00,1144.02,1150.94,1143.06,1147.89,6662.164
2025-10-04 13:15:00+00:00,1147.88,1150.13,1145.87,1148.46,2443.002
2025-10-04 13:30:00+00:00,1148.45,1150.47,1145.55,1148.4,3958.751
2025-10-04 13:45:00+00:00,1148.4,1148.71,1145.79,1146.99,2400.072
2025-10-04 14:00:00+00:00,1147.0,1148.96,1144.42,1148.96,1857.561
2025-10-04 14:15:00+00:00,1148.96,1153.55,1148.32,1149.98,3868.927
2025-10-04 14:30:00+00:00,1149.99,1154.17,1148.68,1150.26,2313.654
2025-10-04 14:45:00+00:00,1150.26,1152.26,1146.17,1146.47,2798.992
2025-10-04 15:00:00+00:00,1146.47,1151.11,1145.25,1146.27,2689.33
2025-10-04 15:15:00+00:00,1146.27,1148.3,1142.5,1142.99,3814.548
2025-10-04 15:30:00+00:00,1143.0,1148.06,1139.77,1147.34,7987.945
2025-10-04 15:45:00+00:00,1147.34,1149.85,1143.24,1144.44,5135.753
2025-10-04 16:00:00+00:00,1144.42,1147.0,1140.0,1140.83,3095.213
2025-10-04 16:15:00+00:00,1140.84,1141.75,1134.93,1139.59,14084.541
2025-10-04 16:30:00+00:00,1139.59,1147.03,1139.41,1142.13,7999.256
2025-10-04 16:45:00+00:00,1142.13,1143.06,1138.96,1142.77,6906.712
2025-10-04 17:00:00+00:00,1142.78,1145.81,1141.36,1144.89,2085.337
2025-10-04 17:15:00+00:00,1144.9,1151.0,1144.52,1150.92,2614.638
2025-10-04 17:30:00+00:00,1150.91,1158.52,1145.02,1145.82,9310.958
2025-10-04 17:45:00+00:00,1145.82,1150.1,1145.8,1149.88,2160.601
2025-10-04 18:00:00+00:00,1149.89,1150.2,1146.53,1147.22,1789.929
2025-10-04 18:15:00+00:00,1147.23,1147.72,1144.2,1145.34,1415.134
2025-10-04 18:30:00+00:00,1145.34,1145.44,1142.31,1143.0,2251.024
2025-10-04 18:45:00+00:00,1143.0,1144.77,1142.31,1143.67,1320.27
2025-10-04 19:00:00+00:00,1143.66,1146.67,1143.44,1146.67,933.212
2025-10-04 19:15:00+00:00,1146.66,1146.89,1144.65,1145.59,692.964
2025-10-04 19:30:00+00:00,1145.58,1145.92,1144.1,1144.11,764.657
2025-10-04 19:45:00+00:00,1144.1,1147.41,1144.01,1146.99,937.219
2025-10-04 20:00:00+00:00,1146.98,1150.09,1146.48,1149.94,1403.795
2025-10-04 20:15:00+00:00,1149.94,1149.99,1147.91,1149.04,1339.804
2025-10-04 20:30:00+00:00,1149.04,1150.85,1147.64,1148.77,2254.221
2025-10-04 20:45:00+00:00,1148.77,1150.25,1146.52,1146.6,1160.687
2025-10-04 21:00:00+00:00,1146.59,1149.12,1146.59,1149.12,3250.059
2025-10-04 21:15:00+00:00,1149.11,1156.35,1148.51,1154.35,5049.2
2025-10-04 21:30:00+00:00,1154.36,1155.28,1150.49,1153.33,4214.524
2025-10-04 21:45:00+00:00,1153.32,1153.32,1151.64,1152.2,1359.354
2025-10-04 22:00:00+00:00,1152.2,1155.25,1151.51,1153.02,2277.66
2025-10-04 22:15:00+00:00,1153.02,1153.02,1150.67,1151.86,948.115
2025-10-04 22:30:00+00:00,1151.86,1153.22,1151.45,1152.05,798.795
2025-10-04 22:45:00+00:00,1152.06,1153.28,1146.93,1147.22,6567.106
2025-10-04 23:00:00+00:00,1147.22,1148.09,1145.09,1145.1,1211.299
2025-10-04 23:15:00+00:00,1145.1,1148.36,1144.44,1148.33,1165.076
2025-10-04 23:30:00+00:00,1148.33,1150.25,1148.07,1149.42,2420.752
2025-10-04 23:45:00+00:00,1149.43,1150.75,1148.54,1150.75,1095.272
2025-10-05 00:00:00+00:00,1150.75,1151.82,1147.28,1150.14,2078.684
2025-10-05 00:15:00+00:00,1150.14,1153.74,1149.66,1151.72,2640.193
2025-10-05 00:30:00+00:00,1151.72,1152.67,1147.0,1147.38,1685.189
2025-10-05 00:45:00+00:00,1147.39,1148.59,1145.0,1146.65,3345.584
2025-10-05 01:00:00+00:00,1146.65,1148.66,1146.14,1147.71,1913.968
2025-10-05 01:15:00+00:00,1147.7,1147.99,1143.14,1146.2,2266.595
2025-10-05 01:30:00+00:00,1146.21,1149.9,1144.76,1149.49,1231.693
2025-10-05 01:45:00+00:00,1149.48,1152.23,1147.85,1149.58,4554.752
2025-10-05 02:00:00+00:00,1149.57,1153.16,1148.14,1153.15,1142.229
2025-10-05 02:15:00+00:00,1153.16,1158.19,1153.15,1158.11,2956.264
2025-10-05 02:30:00+00:00,1158.08,1165.4,1155.39,1157.1,11811.306
2025-10-05 02:45:00+00:00,1157.09,1163.75,1156.93,1162.78,4761.344
2025-10-05 03:00:00+00:00,1162.78,1166.16,1161.33,1164.13,7852.668
2025-10-05 03:15:00+00:00,1164.14,1168.47,1162.17,1166.06,4083.248
2025-10-05 03:30:00+00:00,1166.07,1169.55,1164.39,1165.56,5573.252
2025-10-05 03:45:00+00:00,1165.57,1165.98,1162.27,1163.22,3619.837
2025-10-05 04:00:00+00:00,1163.23,1171.63,1163.09,1168.5,4754.862
2025-10-05 04:15:00+00:00,1168.49,1174.22,1168.09,1172.22,3289.725
2025-10-05 04:30:00+00:00,1172.22,1180.25,1170.14,1178.49,7263.831
2025-10-05 04:45:00+00:00,1178.49,1186.05,1178.42,1181.98,12857.278
2025-10-05 05:00:00+00:00,1181.98,1189.0,1180.12,1182.76,9908.863
2025-10-05 05:15:00+00:00,1182.75,1184.67,1177.16,1177.57,5720.258
2025-10-05 05:30:00+00:00,1177.56,1182.3,1177.0,1180.85,3546.203
2025-10-05 05:45:00+00:00,1180.84,1180.84,1177.0,1178.27,4665.197
2025-10-05 06:00:00+00:00,1178.28,1180.17,1173.0,1174.43,3807.389
2025-10-05 06:15:00+00:00,1174.42,1177.3,1172.16,1173.27,2914.502
2025-10-05 06:30:00+00:00,1173.27,1175.82,1169.25,1171.52,3547.533
2025-10-05 06:45:00+00:00,1171.52,1171.52,1167.0,1169.39,2772.84
2025-10-05 07:00:00+00:00,1169.4,1175.51,1167.73,1174.36,5055.18
2025-10-05 07:15:00+00:00,1174.35,1178.68,1172.05,1172.05,4926.917
2025-10-05 07:30:00+00:00,1172.05,1176.18,1171.92,1176.02,3012.3
2025-10-05 07:45:00+00:00,1176.02,1180.18,1173.79,1178.03,4668.069
2025-10-05 08:00:00+00:00,1178.02,1180.17,1174.51,1174.6,3451.649
2025-10-05 08:15:00+00:00,1174.61,1177.05,1174.11,1176.76,1560.164
2025-10-05 08:30:00+00:00,1176.76,1176.76,1174.0,1175.39,1677.142
2025-10-05 08:45:00+00:00,1175.39,1175.4,1173.01,1174.43,2031.808
2025-10-05 09:00:00+00:00,1174.44,1175.0,1169.72,1169.73,3123.763
2025-10-05 09:15:00+00:00,1169.72,1171.11,1163.0,1163.71,4819.598
2025-10-05 09:30:00+00:00,1163.72,1163.88,1156.76,1160.25,10477.718
2025-10-05 09:45:00+00:00,1160.25,1164.61,1157.95,1161.49,4875.96
2025-10-05 10:00:00+00:00,1161.49,1162.12,1153.84,1156.42,7581.611
2025-10-05 10:15:00+00:00,1156.41,1162.25,1155.92,1161.15,5504.847
2025-10-05 10:30:00+00:00,1161.16,1163.9,1157.01,1163.11,4284.692
2025-10-05 10:45:00+00:00,1163.1,1164.72,1161.0,1162.8,3586.866
2025-10-05 11:00:00+00:00,1162.8,1166.09,1159.92,1160.37,3927.56
2025-10-05 11:15:00+00:00,1160.38,1163.14,1158.01,1162.0,2179.576
2025-10-05 11:30:00+00:00,1162.01,1164.06,1160.25,1163.82,1130.688
2025-10-05 11:45:00+00:00,1163.82,1168.27,1163.65,1167.85,2630.016
2025-10-05 12:00:00+00:00,1167.85,1167.85,1161.35,1163.63,1896.94
2025-10-05 12:15:00+00:00,1163.64,1166.52,1162.6,1165.63,1177.037
2025-10-05 12:30:00+00:00,1165.63,1171.2,1165.15,1167.47,3040.947
2025-10-05 12:45:00+00:00,1167.47,1170.7,1167.41,1168.75,2581.429
2025-10-05 13:00:00+00:00,1168.74,1169.31,1163.89,1165.91,2839.165
2025-10-05 13:15:00+00:00,1165.91,1167.36,1164.07,1164.67,1561.983
2025-10-05 13:30:00+00:00,1164.68,1165.75,1162.3,1162.7,2241.736
2025-10-05 13:45:00+00:00,1162.7,1166.64,1162.04,1163.43,4153.6
2025-10-05 14:00:00+00:00,1163.43,1168.14,1163.32,1166.58,2934.602
2025-10-05 14:15:00+00:00,1166.58,1167.02,1162.95,1163.57,2457.842
2025-10-05 14:30:00+00:00,1163.57,1164.56,1157.54,1160.12,2933.969
2025-10-05 14:45:00+00:00,1160.11,1162.79,1158.36,1161.36,2608.365
2025-10-05 15:00:00+00:00,1161.36,1162.94,1159.89,1161.83,2216.197
2025-10-05 15:15:00+00:00,1161.84,1163.71,1160.98,1161.4,1924.042
2025-10-05 15:30:00+00:00,1161.4,1161.77,1157.18,1157.79,1878.526
2025-10-05 15:45:00+00:00,1157.79,1159.71,1156.99,1158.57,1716.487
2025-10-05 16:00:00+00:00,1158.57,1160.23,1156.21,1159.75,1891.943
2025-10-05 16:15:00+00:00,1159.74,1160.92,1157.31,1159.38,1700.383
2025-10-05 16:30:00+00:00,1159.37,1163.99,1158.81,1161.49,2416.275
2025-10-05 16:45:00+00:00,1161.49,1169.6,1156.04,1167.64,4824.299
2025-10-05 17:00:00+00:00,1167.63,1169.73,1164.46,1165.46,3078.427
2025-10-05 17:15:00+00:00,1165.45,1166.92,1163.44,1164.19,1029.48
2025-10-05 17:30:00+00:00,1164.19,1164.6,1160.02,1164.03,1481.287
2025-10-05 17:45:00+00:00,1164.03,1164.88,1161.43,1163.61,1153.943
2025-10-05 18:00:00+00:00,1163.6,1164.88,1156.25,1158.87,3700.34
2025-10-05 18:15:00+00:00,1158.87,1160.48,1156.5,1157.36,2576.034
2025-10-05 18:30:00+00:00,1157.36,1162.5,1156.87,1160.5,1799.388
2025-10-05 18:45:00+00:00,1160.49,1161.64,1158.61,1158.99,551.957
2025-10-05 19:00:00+00:00,1159.0,1159.12,1150.61,1153.81,2998.681
2025-10-05 19:15:00+00:00,1153.82,1156.6,1151.99,1154.79,1177.982
2025-10-05 19:30:00+00:00,1154.8,1155.0,1151.44,1151.77,1362.743
2025-10-05 19:45:00+00:00,1151.77,1152.27,1148.25,1149.82,3121.082
2025-10-05 20:00:00+00:00,1149.82,1154.17,1147.84,1152.42,6277.42
2025-10-05 20:15:00+00:00,1152.42,1154.55,1151.23,1153.83,1186.142
2025-10-05 20:30:00+00:00,1153.84,1157.44,1153.84,1156.4,1640.901
2025-10-05 20:45:00+00:00,1156.39,1157.96,1155.5,1156.2,1938.567
2025-10-05 21:00:00+00:00,1156.19,1158.13,1154.62,1158.13,1544.248
2025-10-05 21:15:00+00:00,1158.12,1160.0,1156.32,1158.79,1441.0
2025-10-05 21:30:00+00:00,1158.8,1160.07,1156.71,1159.94,922.15
2025-10-05 21:45:00+00:00,1159.93,1161.11,1159.33,1161.11,761.825
2025-10-05 22:00:00+00:00,1161.11,1164.88,1159.81,1160.88,2299.398
2025-10-05 22:15:00+00:00,1160.88,1163.91,1160.32,1161.76,947.053
2025-10-05 22:30:00+00:00,1161.76,1162.17,1160.14,1161.72,969.774
2025-10-05 22:45:00+00:00,1161.72,1161.98,1160.56,1161.88,642.247
2025-10-05 23:00:00+00:00,1161.87,1162.48,1160.19,1160.8,1558.751
2025-10-05 23:15:00+00:00,1160.79,1161.63,1159.9,1161.63,815.706
2025-10-05 23:30:00+00:00,1161.63,1163.74,1161.51,1163.44,1338.255
2025-10-05 23:45:00+00:00,1163.43,1167.38,1162.93,1167.38,2348.219
2025-10-06 00:00:00+00:00,1167.38,1168.0,1161.85,1164.6,3096.154
2025-10-06 00:15:00+00:00,1164.6,1174.35,1164.6,1169.21,7897.584
2025-10-06 00:30:00+00:00,1169.2,1170.64,1163.77,1169.5,3297.781
2025-10-06 00:45:00+00:00,1169.52,1170.45,1165.17,1167.98,4021.653
2025-10-06 01:00:00+00:00,1167.98,1172.4,1166.35,1170.31,3364.875
2025-10-06 01:15:00+00:00,1170.31,1183.99,1169.8,1182.64,10627.544
2025-10-06 01:30:00+00:00,1182.64,1183.72,1174.74,1176.91,4331.164
2025-10-06 01:45:00+00:00,1176.9,1181.89,1175.02,1179.1,4782.445
2025-10-06 02:00:00+00:00,1179.09,1182.0,1171.8,1173.5,5266.851
2025-10-06 02:15:00+00:00,1173.5,1176.24,1172.28,1172.95,1751.309
2025-10-06 02:30:00+00:00,1172.95,1177.91,1171.62,1177.81,3198.958
2025-10-06 02:45:00+00:00,1177.81,1182.38,1176.72,1179.75,3514.995
2025-10-06 03:00:00+00:00,1179.75,1183.0,1178.5,1181.5,2946.145
2025-10-06 03:15:00+00:00,1181.49,1181.49,1176.77,1176.93,2477.667
2025-10-06 03:30:00+00:00,1176.94,1180.4,1176.93,1179.64,1484.257
2025-10-06 03:45:00+00:00,1179.64,1183.0,1177.24,1182.33,2860.101
2025-10-06 04:00:00+00:00,1182.32,1184.31,1179.66,1180.7,2746.012
2025-10-06 04:15:00+00:00,1180.71,1183.95,1179.47,1183.84,2167.255
2025-10-06 04:30:00+00:00,1183.83,1184.74,1180.55,1181.33,2186.107
2025-10-06 04:45:00+00:00,1181.33,1185.8,1178.93,1183.85,3695.844
2025-10-06 05:00:00+00:00,1183.84,1184.0,1178.98,1179.36,2737.945
2025-10-06 05:15:00+00:00,1179.35,1195.76,1178.51,1194.38,13406.654
2025-10-06 05:30:00+00:00,1194.38,1195.38,1187.89,1188.91,5458.77
2025-10-06 05:45:00+00:00,1188.91,1193.64,1188.9,1190.0,4680.511
2025-10-06 06:00:00+00:00,1190.0,1203.66,1189.2,1202.54,25453.4332
2025-10-06 06:15:00+00:00,1202.55,1216.26,1200.17,1214.52,23314.338
2025-10-06 06:30:00+00:00,1214.51,1223.9,1210.23,1218.19,25015.746
2025-10-06 06:45:00+00:00,1218.19,1220.64,1205.45,1209.48,13169.117
2025-10-06 07:00:00+00:00,1209.48,1212.16,1203.24,1208.92,11254.269
2025-10-06 07:15:00+00:00,1208.91,1215.0,1207.76,1213.37,5116.425
2025-10-06 07:30:00+00:00,1213.38,1216.13,1200.2,1204.28,10006.815
2025-10-06 07:45:00+00:00,1204.27,1205.83,1196.1,1198.26,8367.075
2025-10-06 08:00:00+00:00,1198.26,1205.97,1198.26,1204.43,5390.618
2025-10-06 08:15:00+00:00,1204.45,1208.0,1202.86,1207.01,4269.408
2025-10-06 08:30:00+00:00,1207.01,1212.12,1206.41,1208.19,6511.608
2025-10-06 08:45:00+00:00,1208.2,1212.95,1204.84,1208.56,6406.628
2025-10-06 09:00:00+00:00,1208.57,1214.26,1208.15,1213.7,4177.661
2025-10-06 09:15:00+00:00,1213.7,1218.16,1212.0,1213.56,5659.836
2025-10-06 09:30:00+00:00,1213.55,1217.57,1210.61,1210.62,5031.182
2025-10-06 09:45:00+00:00,1210.62,1219.17,1210.61,1218.29,7127.879
2025-10-06 10:00:00+00:00,1218.28,1219.4,1212.97,1216.95,7314.645
2025-10-06 10:15:00+00:00,1216.94,1218.5,1214.51,1218.49,4990.853
2025-10-06 10:30:00+00:00,1218.5,1221.0,1215.87,1216.61,4372.682
2025-10-06 10:45:00+00:00,1216.61,1217.2,1213.39,1215.79,4446.839
2025-10-06 11:00:00+00:00,1215.78,1220.32,1212.15,1217.11,4520.169
2025-10-06 11:15:00+00:00,1217.11,1220.0,1216.72,1219.27,2398.747
2025-10-06 11:30:00+00:00,1219.28,1221.7,1214.23,1219.31,4905.371
2025-10-06 11:45:00+00:00,1219.32,1222.71,1217.2,1222.19,4600.462
2025-10-06 12:00:00+00:00,1222.19,1235.0,1221.39,1232.34,18735.1039
2025-10-06 12:15:00+00:00,1232.34,1239.94,1231.79,1235.11,13893.309
2025-10-06 12:30:00+00:00,1235.12,1238.78,1232.22,1233.39,12710.511
2025-10-06 12:45:00+00:00,1233.39,1238.44,1233.38,1236.09,6432.522
2025-10-06 13:00:00+00:00,1236.09,1238.09,1230.16,1230.93,5919.732
2025-10-06 13:15:00+00:00,1230.93,1231.85,1226.0,1231.04,7759.624
2025-10-06 13:30:00+00:00,1231.03,1231.78,1224.38,1226.54,10132.279
2025-10-06 13:45:00+00:00,1226.55,1230.48,1225.0,1225.11,9975.653
2025-10-06 14:00:00+00:00,1225.11,1228.69,1220.44,1223.94,8870.009
2025-10-06 14:15:00+00:00,1223.94,1226.12,1209.64,1216.3,14460.469
2025-10-06 14:30:00+00:00,1216.3,1219.75,1209.22,1213.6,13895.96
2025-10-06 14:45:00+00:00,1213.6,1217.49,1211.07,1217.48,7363.914
2025-10-06 15:00:00+00:00,1217.49,1221.3,1215.4,1215.54,5646.833
2025-10-06 15:15:00+00:00,1215.54,1221.11,1215.26,1219.69,5501.206
2025-10-06 15:30:00+00:00,1219.7,1220.36,1215.8,1219.83,5975.622
2025-10-06 15:45:00+00:00,1219.82,1225.76,1219.59,1221.5,5121.333
2025-10-06 16:00:00+00:00,1221.49,1222.46,1213.91,1217.63,5105.157
2025-10-06 16:15:00+00:00,1217.63,1222.12,1215.82,1221.06,5094.293
2025-10-06 16:30:00+00:00,1221.06,1226.29,1221.0,1223.24,6713.134
2025-10-06 16:45:00+00:00,1223.24,1225.97,1221.97,1222.35,2924.777
2025-10-06 17:00:00+00:00,1222.34,1222.34,1216.95,1220.6,4983.123
2025-10-06 17:15:00+00:00,1220.6,1222.79,1215.79,1216.88,5574.836
2025-10-06 17:30:00+00:00,1216.88,1221.76,1216.2,1220.5,11470.751
2025-10-06 17:45:00+00:00,1220.5,1221.04,1218.49,1220.84,5419.13
2025-10-06 18:00:00+00:00,1220.83,1222.01,1218.0,1219.03,5755.913
2025-10-06 18:15:00+00:00,1219.03,1220.0,1215.84,1216.67,3508.507
2025-10-06 18:30:00+00:00,1216.67,1220.77,1215.93,1220.36,3046.784
2025-10-06 18:45:00+00:00,1220.36,1221.39,1218.02,1219.84,1780.71
2025-10-06 19:00:00+00:00,1219.84,1223.14,1218.85,1222.66,6622.437
2025-10-06 19:15:00+00:00,1222.66,1224.19,1221.11,1222.56,5119.932
2025-10-06 19:30:00+00:00,1222.55,1224.19,1221.22,1223.38,4496.434
2025-10-06 19:45:00+00:00,1223.38,1227.85,1223.38,1225.53,4702.362
2025-10-06 20:00:00+00:00,1225.52,1225.78,1221.0,1221.99,3256.694
2025-10-06 20:15:00+00:00,1221.98,1224.94,1219.94,1224.04,2136.446
2025-10-06 20:30:00+00:00,1224.04,1226.57,1222.29,1225.2,2424.49
2025-10-06 20:45:00+00:00,1225.21,1225.21,1220.89,1222.84,2775.715
2025-10-06 21:00:00+00:00,1222.83,1223.93,1218.66,1221.79,3178.269
2025-10-06 21:15:00+00:00,1221.8,1225.15,1220.0,1224.77,3473.253
2025-10-06 21:30:00+00:00,1224.77,1230.44,1224.4,1226.29,5736.088
2025-10-06 21:45:00+00:00,1226.3,1227.25,1225.96,1227.0,2518.878
2025-10-06 22:00:00+00:00,1227.0,1227.0,1223.03,1225.28,2676.755
2025-10-06 22:15:00+00:00,1225.27,1226.51,1222.25,1226.5,2505.431
2025-10-06 22:30:00+00:00,1226.5,1229.0,1224.63,1228.89,2688.988
2025-10-06 22:45:00+00:00,1228.9,1229.78,1224.17,1224.86,2487.437
2025-10-06 23:00:00+00:00,1224.86,1226.75,1221.04,1222.14,3366.014
2025-10-06 23:15:00+00:00,1222.15,1223.34,1218.01,1219.38,3071.058
2025-10-06 23:30:00+00:00,1219.38,1222.15,1218.59,1221.66,2304.424
2025-10-06 23:45:00+00:00,1221.65,1224.79,1219.91,1223.19,2344.873
2025-10-07 00:00:00+00:00,1223.17,1229.56,1222.14,1228.04,3352.751
2025-10-07 00:15:00+00:00,1228.05,1228.16,1223.99,1224.58,2208.071
2025-10-07 00:30:00+00:00,1224.57,1229.0,1224.51,1226.57,2501.004
2025-10-07 00:45:00+00:00,1226.57,1226.71,1221.52,1222.34,2739.678
2025-10-07 01:00:00+00:00,1222.34,1224.2,1220.0,1220.0,2312.685
2025-10-07 01:15:00+00:00,1220.01,1220.01,1204.61,1211.52,16977.624
2025-10-07 01:30:00+00:00,1211.51,1214.16,1208.88,1212.2,2979.01
2025-10-07 01:45:00+00:00,1212.2,1213.14,1209.11,1213.14,4711.681
2025-10-07 02:00:00+00:00,1213.14,1217.85,1213.13,1215.61,3834.871
2025-10-07 02:15:00+00:00,1215.61,1219.44,1214.79,1219.25,2750.894
2025-10-07 02:30:00+00:00,1219.26,1221.82,1216.13,1219.36,3946.347
2025-10-07 02:45:00+00:00,1219.36,1224.43,1219.14,1223.46,4047.314
2025-10-07 03:00:00+00:00,1223.46,1228.66,1223.41,1227.51,9543.825
2025-10-07 03:15:00+00:00,1227.51,1228.65,1224.43,1225.64,3774.915
2025-10-07 03:30:00+00:00,1225.64,1227.99,1224.82,1226.51,2563.661
2025-10-07 03:45:00+00:00,1226.51,1227.23,1223.16,1223.34,2466.37
2025-10-07 04:00:00+00:00,1223.35,1224.16,1220.43,1221.17,2353.57
2025-10-07 04:15:00+00:00,1221.17,1226.08,1220.49,1225.16,6344.623
2025-10-07 04:30:00+00:00,1225.15,1238.0,1224.87,1234.94,19188.641
2025-10-07 04:45:00+00:00,1234.86,1246.45,1234.86,1245.17,15235.584
2025-10-07 05:00:00+00:00,1245.18,1245.25,1239.25,1239.56,6410.47
2025-10-07 05:15:00+00:00,1239.56,1254.06,1238.72,1250.11,21711.596
2025-10-07 05:30:00+00:00,1250.11,1263.99,1249.86,1258.28,20454.5963
2025-10-07 05:45:00+00:00,1258.28,1261.7,1254.88,1257.08,10862.755
2025-10-07 06:00:00+00:00,1257.07,1258.36,1250.73,1254.35,10661.608
2025-10-07 06:15:00+00:00,1254.36,1254.84,1246.04,1246.42,8626.946
2025-10-07 06:30:00+00:00,1246.43,1254.47,1242.53,1243.69,10664.688
2025-10-07 06:45:00+00:00,1243.69,1243.7,1238.84,1242.52,10246.922
2025-10-07 07:00:00+00:00,1242.52,1249.02,1240.32,1247.12,7171.913
2025-10-07 07:15:00+00:00,1247.13,1256.68,1244.55,1256.67,9440.457
2025-10-07 07:30:00+00:00,1256.67,1257.99,1247.2,1249.7,8518.533
2025-10-07 07:45:00+00:00,1249.7,1250.4,1245.02,1250.04,6365.535
2025-10-07 08:00:00+00:00,1250.04,1254.34,1245.83,1249.35,14854.31
2025-10-07 08:15:00+00:00,1249.35,1249.35,1232.72,1242.36,16869.234
2025-10-07 08:30:00+00:00,1242.37,1258.43,1241.04,1257.82,12194.441
2025-10-07 08:45:00+00:00,1257.82,1274.0,1255.04,1264.67,21234.686
2025-10-07 09:00:00+00:00,1264.67,1272.0,1262.56,1269.8,12665.261
2025-10-07 09:15:00+00:00,1269.81,1278.75,1265.0,1276.67,22817.8388
2025-10-07 09:30:00+00:00,1276.67,1278.44,1272.0,1276.62,14566.305
2025-10-07 09:45:00+00:00,1276.62,1284.34,1266.5,1280.73,16096.95
2025-10-07 10:00:00+00:00,1280.72,1281.53,1273.29,1277.47,12951.192
2025-10-07 10:15:00+00:00,1277.47,1283.83,1276.43,1281.35,9774.436
2025-10-07 10:30:00+00:00,1281.35,1297.64,1279.33,1291.97,26562.0521
2025-10-07 10:45:00+00:00,1291.98,1293.41,1286.01,1292.01,12277.933
2025-10-07 11:00:00+00:00,1292.02,1295.0,1286.56,1291.8,10402.082
2025-10-07 11:15:00+00:00,1291.8,1299.99,1291.8,1294.01,18407.087
2025-10-07 11:30:00+00:00,1294.0,1299.99,1292.0,1298.06,13146.148
2025-10-07 11:45:00+00:00,1298.06,1317.45,1297.0,1313.15,39888.575
2025-10-07 12:00:00+00:00,1313.14,1349.99,1304.61,1338.69,57702.6305
2025-10-07 12:15:00+00:00,1338.69,1339.6,1318.02,1321.91,29108.619
2025-10-07 12:30:00+00:00,1321.91,1322.4,1300.07,1310.94,28545.287
2025-10-07 12:45:00+00:00,1310.95,1321.72,1310.0,1320.09,16818.558
2025-10-07 13:00:00+00:00,1320.09,1329.7,1320.0,1325.5,18116.785
2025-10-07 13:15:00+00:00,1325.5,1332.53,1318.93,1320.92,21123.284
2025-10-07 13:30:00+00:00,1320.91,1324.41,1301.0,1305.69,37397.017
2025-10-07 13:45:00+00:00,1305.68,1316.09,1300.0,1315.71,30787.523
2025-10-07 14:00:00+00:00,1315.7,1319.08,1291.71,1298.94,28693.789
2025-10-07 14:15:00+00:00,1298.93,1313.76,1297.18,1306.46,20880.445
2025-10-07 14:30:00+00:00,1306.46,1312.91,1290.25,1297.47,29297.433
2025-10-07 14:45:00+00:00,1297.47,1308.18,1293.7,1294.46,24182.081
2025-10-07 15:00:00+00:00,1294.46,1304.28,1277.02,1285.45,55848.04
2025-10-07 15:15:00+00:00,1285.44,1291.81,1262.01,1273.42,62423.141
2025-10-07 15:30:00+00:00,1273.42,1279.88,1264.36,1272.11,23758.513
2025-10-07 15:45:00+00:00,1272.1,1282.21,1260.68,1280.97,28086.47
2025-10-07 16:00:00+00:00,1280.96,1290.36,1274.88,1275.12,26004.925
2025-10-07 16:15:00+00:00,1275.13,1281.71,1265.4,1272.98,20279.551
2025-10-07 16:30:00+00:00,1272.99,1296.34,1272.99,1295.28,18806.611
2025-10-07 16:45:00+00:00,1295.33,1303.0,1280.81,1286.4,22320.578
2025-10-07 17:00:00+00:00,1286.4,1289.91,1276.67,1278.94,11872.494
2025-10-07 17:15:00+00:00,1278.94,1283.13,1275.38,1280.05,8187.987
2025-10-07 17:30:00+00:00,1280.05,1288.66,1278.44,1287.97,6778.87
2025-10-07 17:45:00+00:00,1287.98,1293.59,1280.16,1285.14,8457.619
2025-10-07 18:00:00+00:00,1285.14,1286.5,1276.36,1282.76,8196.972
2025-10-07 18:15:00+00:00,1282.76,1284.19,1271.21,1276.19,6408.2
2025-10-07 18:30:00+00:00,1276.2,1277.86,1271.65,1275.39,4943.838
2025-10-07 18:45:00+00:00,1275.39,1280.67,1273.51,1276.26,4727.562
2025-10-07 19:00:00+00:00,1276.26,1292.71,1275.46,1289.19,9608.102
2025-10-07 19:15:00+00:00,1289.18,1297.44,1289.1,1291.87,10079.654
2025-10-07 19:30:00+00:00,1291.86,1298.85,1290.53,1296.44,8906.579
2025-10-07 19:45:00+00:00,1296.44,1299.91,1291.72,1296.99,5931.391
2025-10-07 20:00:00+00:00,1296.98,1308.51,1295.5,1305.92,10640.53
2025-10-07 20:15:00+00:00,1305.92,1313.23,1301.87,1312.47,9405.658
2025-10-07 20:30:00+00:00,1312.47,1316.38,1306.71,1307.27,11960.557
2025-10-07 20:45:00+00:00,1307.28,1315.2,1304.25,1312.45,5884.853
2025-10-07 21:00:00+00:00,1312.44,1323.07,1307.92,1316.24,10817.581
2025-10-07 21:15:00+00:00,1316.24,1328.2,1315.65,1325.8,11054.086
2025-10-07 21:30:00+00:00,1325.8,1326.9,1316.97,1320.83,10094.997
2025-10-07 21:45:00+00:00,1320.83,1320.95,1304.65,1310.39,13221.119
2025-10-07 22:00:00+00:00,1310.39,1320.23,1307.8,1318.28,9423.819
2025-10-07 22:15:00+00:00,1318.27,1322.58,1312.42,1312.91,8088.861
2025-10-07 22:30:00+00:00,1312.91,1316.42,1306.78,1309.75,5424.978
2025-10-07 22:45:00+00:00,1309.74,1312.83,1305.77,1307.68,6176.093
2025-10-07 23:00:00+00:00,1307.68,1308.72,1302.24,1305.6,7107.906
2025-10-07 23:15:00+00:00,1305.6,1312.45,1303.26,1310.66,4169.89
2025-10-07 23:30:00+00:00,1310.67,1313.86,1307.4,1313.86,4717.938
2025-10-07 23:45:00+00:00,1313.86,1317.23,1303.86,1304.43,9531.405
2025-10-08 00:00:00+00:00,1304.43,1316.03,1302.73,1315.43,8993.914
2025-10-08 00:15:00+00:00,1315.43,1328.9,1315.26,1323.81,16083.804
2025-10-08 00:30:00+00:00,1323.82,1334.19,1313.0,1329.75,17684.962
2025-10-08 00:45:00+00:00,1329.76,1331.06,1314.56,1315.47,17573.38
2025-10-08 01:00:00+00:00,1315.47,1315.54,1306.34,1308.9,17596.591
2025-10-08 01:15:00+00:00,1308.9,1318.01,1304.65,1305.42,11766.54
2025-10-08 01:30:00+00:00,1305.42,1318.0,1304.0,1313.76,9016.542
2025-10-08 01:45:00+00:00,1313.77,1314.76,1307.15,1311.54,8160.165
2025-10-08 02:00:00+00:00,1311.54,1311.85,1285.01,1286.0,26317.803
2025-10-08 02:15:00+00:00,1286.01,1294.29,1281.87,1292.64,14093.986
2025-10-08 02:30:00+00:00,1292.64,1292.81,1286.15,1286.71,9952.0
2025-10-08 02:45:00+00:00,1286.72,1292.48,1281.5,1289.72,13504.704
2025-10-08 03:00:00+00:00,1289.71,1289.71,1283.0,1287.22,9898.615
2025-10-08 03:15:00+00:00,1287.23,1288.92,1273.69,1274.56,20420.036
2025-10-08 03:30:00+00:00,1274.56,1277.69,1271.04,1272.63,10615.79
2025-10-08 03:45:00+00:00,1272.63,1279.44,1271.66,1276.22,11186.136
2025-10-08 04:00:00+00:00,1276.22,1277.5,1264.32,1276.9,18812.283
2025-10-08 04:15:00+00:00,1276.91,1286.1,1276.8,1282.0,9930.463
2025-10-08 04:30:00+00:00,1282.01,1287.29,1279.84,1285.98,11913.971
2025-10-08 04:45:00+00:00,1285.98,1286.43,1281.16,1285.73,7821.883
2025-10-08 05:00:00+00:00,1285.73,1286.04,1280.09,1283.3,7949.478
2025-10-08 05:15:00+00:00,1283.3,1283.61,1271.35,1276.98,8074.559
2025-10-08 05:30:00+00:00,1276.98,1284.19,1273.79,1280.21,7676.355
2025-10-08 05:45:00+00:00,1280.22,1285.22,1279.36,1285.1,9014.21
2025-10-08 06:00:00+00:00,1285.1,1290.97,1279.88,1289.77,8487.463
2025-10-08 06:15:00+00:00,1289.77,1295.2,1286.18,1293.93,10294.412
2025-10-08 06:30:00+00:00,1293.92,1299.99,1291.35,1299.52,8651.246
2025-10-08 06:45:00+00:00,1299.51,1310.8,1299.51,1307.02,17094.639
2025-10-08 07:00:00+00:00,1307.02,1308.83,1301.73,1305.05,9657.962
2025-10-08 07:15:00+00:00,1305.06,1309.11,1299.79,1308.65,9738.565
2025-10-08 07:30:00+00:00,1308.65,1310.0,1301.79,1306.2,8880.528
2025-10-08 07:45:00+00:00,1306.2,1313.83,1302.12,1312.47,8550.102
2025-10-08 08:00:00+00:00,1312.47,1316.94,1308.74,1310.52,9240.493
2025-10-08 08:15:00+00:00,1310.51,1318.34,1308.87,1316.58,7173.17
2025-10-08 08:30:00+00:00,1316.58,1327.63,1313.78,1326.35,12224.141
2025-10-08 08:45:00+00:00,1326.35,1327.74,1318.2,1321.81,9441.791
2025-10-08 09:00:00+00:00,1321.8,1325.44,1315.16,1317.16,11490.359
2025-10-08 09:15:00+00:00,1317.15,1317.15,1302.56,1309.84,14928.187
2025-10-08 09:30:00+00:00,1309.84,1314.24,1306.29,1313.46,6539.088
2025-10-08 09:45:00+00:00,1313.47,1315.47,1306.16,1315.2,7582.461
2025-10-08 10:00:00+00:00,1315.19,1320.49,1314.51,1316.81,6891.748
2025-10-08 10:15:00+00:00,1316.81,1322.41,1315.78,1320.76,5496.555
2025-10-08 10:30:00+00:00,1320.77,1322.41,1314.23,1317.67,12288.206
2025-10-08 10:45:00+00:00,1317.66,1317.91,1310.71,1313.2,5605.738
2025-10-08 11:00:00+00:00,1313.2,1314.86,1308.45,1309.63,6432.132
2025-10-08 11:15:00+00:00,1309.63,1313.87,1304.02,1312.87,7607.476
2025-10-08 11:30:00+00:00,1312.87,1316.14,1310.92,1314.05,4246.309
2025-10-08 11:45:00+00:00,1314.05,1317.78,1312.31,1313.37,3182.638
2025-10-08 12:00:00+00:00,1313.37,1319.46,1312.04,1315.91,5634.861
2025-10-08 12:15:00+00:00,1315.91,1317.22,1307.28,1310.06,7391.87
2025-10-08 12:30:00+00:00,1310.05,1310.2,1303.53,1307.23,7628.515
2025-10-08 12:45:00+00:00,1307.22,1309.19,1304.08,1305.56,5649.422
2025-10-08 13:00:00+00:00,1305.57,1306.27,1295.7,1304.8,13128.779
2025-10-08 13:15:00+00:00,1304.88,1306.24,1298.36,1300.85,5172.889
2025-10-08 13:30:00+00:00,1300.86,1309.74,1299.13,1300.46,8876.614
2025-10-08 13:45:00+00:00,1300.47,1314.58,1292.39,1312.45,10897.586
2025-10-08 14:00:00+00:00,1312.44,1320.0,1307.01,1307.46,16125.882
2025-10-08 14:15:00+00:00,1307.46,1309.09,1300.39,1301.99,9668.486
2025-10-08 14:30:00+00:00,1301.99,1308.57,1301.12,1307.76,7641.53
2025-10-08 14:45:00+00:00,1307.77,1307.77,1293.88,1299.32,8309.448
2025-10-08 15:00:00+00:00,1299.32,1302.53,1297.78,1301.0,5964.489
2025-10-08 15:15:00+00:00,1301.0,1305.76,1285.0,1295.27,15572.306
2025-10-08 15:30:00+00:00,1295.28,1295.28,1289.93,1292.11,8240.437
2025-10-08 15:45:00+00:00,1292.1,1294.07,1289.1,1293.96,5005.936
2025-10-08 16:00:00+00:00,1293.96,1299.41,1290.0,1297.69,4991.975
2025-10-08 16:15:00+00:00,1297.7,1297.85,1293.24,1295.06,5091.093
2025-10-08 16:30:00+00:00,1295.06,1295.06,1289.0,1294.72,6277.444
2025-10-08 16:45:00+00:00,1294.71,1303.86,1293.52,1302.89,5301.795
2025-10-08 17:00:00+00:00,1302.89,1306.39,1300.55,1306.08,4101.94
2025-10-08 17:15:00+00:00,1306.09,1311.87,1304.7,1308.32,10842.42
2025-10-08 17:30:00+00:00,1308.32,1312.45,1306.61,1308.85,4738.287
2025-10-08 17:45:00+00:00,1308.85,1314.01,1306.48,1313.57,6208.109
2025-10-08 18:00:00+00:00,1313.58,1319.39,1311.76,1316.21,5908.124
2025-10-08 18:15:00+00:00,1316.22,1322.79,1314.03,1316.52,13613.922
2025-10-08 18:30:00+00:00,1316.52,1320.22,1314.77,1316.58,5170.604
2025-10-08 18:45:00+00:00,1316.57,1321.55,1316.23,1318.37,3074.818
2025-10-08 19:00:00+00:00,1318.37,1318.71,1311.9,1314.67,7531.021
2025-10-08 19:15:00+00:00,1314.67,1320.27,1313.81,1318.59,3205.236
2025-10-08 19:30:00+00:00,1318.59,1320.25,1317.17,1318.36,2087.214
2025-10-08 19:45:00+00:00,1318.37,1319.07,1314.53,1315.71,2546.222
2025-10-08 20:00:00+00:00,1315.71,1319.42,1315.63,1318.65,2472.586
2025-10-08 20:15:00+00:00,1318.66,1324.74,1318.66,1323.87,4663.921
2025-10-08 20:30:00+00:00,1323.87,1324.23,1315.55,1315.57,4086.269
2025-10-08 20:45:00+00:00,1315.57,1315.72,1309.6,1313.05,3738.403
2025-10-08 21:00:00+00:00,1313.05,1314.0,1308.46,1308.5,3094.842
2025-10-08 21:15:00+00:00,1308.49,1310.0,1307.79,1309.0,2560.592
2025-10-08 21:30:00+00:00,1309.0,1310.25,1306.0,1309.01,2852.456
2025-10-08 21:45:00+00:00,1309.01,1309.27,1300.95,1306.01,11797.972
2025-10-08 22:00:00+00:00,1306.01,1312.02,1305.63,1309.88,4097.748
2025-10-08 22:15:00+00:00,1309.88,1311.96,1307.18,1309.59,4796.685
2025-10-08 22:30:00+00:00,1309.59,1310.32,1306.06,1306.97,2554.287
2025-10-08 22:45:00+00:00,1306.97,1307.34,1300.6,1300.99,4875.652
2025-10-08 23:00:00+00:00,1300.99,1302.87,1295.0,1295.74,13432.036
2025-10-08 23:15:00+00:00,1295.75,1301.26,1295.0,1300.67,5212.977
2025-10-08 23:30:00+00:00,1300.68,1304.16,1298.91,1302.21,5673.027
2025-10-08 23:45:00+00:00,1302.21,1307.93,1301.88,1307.4,3262.817
2025-10-09 00:00:00+00:00,1307.4,1309.06,1303.73,1305.2,3010.897
2025-10-09 00:15:00+00:00,1305.2,1306.42,1300.01,1300.47,3167.785
2025-10-09 00:30:00+00:00,1300.46,1305.0,1299.0,1303.59,3138.277
2025-10-09 00:45:00+00:00,1303.59,1318.24,1303.19,1310.47,16570.84
2025-10-09 01:00:00+00:00,1310.48,1311.74,1306.41,1309.4,3318.233
2025-10-09 01:15:00+00:00,1309.39,1310.12,1301.85,1302.38,6148.763
2025-10-09 01:30:00+00:00,1302.37,1306.8,1301.0,1303.45,4073.629
2025-10-09 01:45:00+00:00,1303.47,1308.75,1303.47,1307.69,2478.972
2025-10-09 02:00:00+00:00,1307.68,1308.62,1298.0,1298.19,10527.896
2025-10-09 02:15:00+00:00,1298.2,1298.5,1276.04,1280.4,26564.258
2025-10-09 02:30:00+00:00,1280.4,1282.91,1265.55,1268.03,27786.729
2025-10-09 02:45:00+00:00,1268.03,1271.97,1252.92,1259.53,35964.011
2025-10-09 03:00:00+00:00,1259.52,1272.3,1259.52,1268.79,15695.466
2025-10-09 03:15:00+00:00,1268.79,1274.98,1268.0,1271.86,11668.709
2025-10-09 03:30:00+00:00,1271.86,1275.77,1271.0,1271.94,8138.638
2025-10-09 03:45:00+00:00,1271.93,1279.3,1271.62,1278.88,6254.608
2025-10-09 04:00:00+00:00,1278.88,1281.54,1276.29,1278.03,9628.18
2025-10-09 04:15:00+00:00,1278.04,1288.93,1278.03,1288.31,5176.016
2025-10-09 04:30:00+00:00,1288.32,1288.32,1274.68,1275.53,6633.923
2025-10-09 04:45:00+00:00,1275.53,1278.08,1274.92,1276.7,4273.751
2025-10-09 05:00:00+00:00,1276.7,1279.0,1275.0,1275.0,5829.297
2025-10-09 05:15:00+00:00,1275.0,1283.58,1272.31,1283.37,6482.834
2025-10-09 05:30:00+00:00,1283.37,1300.99,1283.37,1298.32,13542.88
2025-10-09 05:45:00+00:00,1298.31,1299.27,1293.86,1295.73,7817.363
2025-10-09 06:00:00+00:00,1295.73,1307.0,1294.21,1304.6,13080.054
2025-10-09 06:15:00+00:00,1304.6,1306.31,1297.44,1302.32,9682.012
2025-10-09 06:30:00+00:00,1302.33,1317.18,1301.89,1312.87,22022.915
2025-10-09 06:45:00+00:00,1312.87,1316.28,1306.98,1310.26,15908.673
2025-10-09 07:00:00+00:00,1310.26,1316.86,1306.99,1316.67,18382.398
2025-10-09 07:15:00+00:00,1316.67,1320.0,1310.97,1314.69,19663.067
2025-10-09 07:30:00+00:00,1314.69,1317.0,1304.72,1307.89,18610.804
2025-10-09 07:45:00+00:00,1307.89,1316.14,1306.14,1309.9,10652.356
2025-10-09 08:00:00+00:00,1309.89,1310.49,1297.0,1298.86,16128.031
2025-10-09 08:15:00+00:00,1298.85,1299.38,1285.39,1286.56,19934.397
2025-10-09 08:30:00+00:00,1286.56,1297.53,1286.05,1289.68,17505.523
2025-10-09 08:45:00+00:00,1289.68,1296.37,1279.68,1281.65,16758.801
2025-10-09 09:00:00+00:00,1281.66,1289.33,1280.96,1282.27,8925.864
2025-10-09 09:15:00+00:00,1282.26,1282.99,1272.1,1276.06,16585.089
2025-10-09 09:30:00+00:00,1276.06,1282.51,1275.62,1276.5,8662.976
2025-10-09 09:45:00+00:00,1276.49,1285.87,1275.9,1281.82,9092.41
2025-10-09 10:00:00+00:00,1281.82,1286.78,1277.0,1279.21,7634.027
2025-10-09 10:15:00+00:00,1279.21,1279.22,1267.67,1270.65,13689.754
2025-10-09 10:30:00+00:00,1270.64,1281.12,1270.64,1278.95,9198.197
2025-10-09 10:45:00+00:00,1278.95,1284.02,1277.01,1281.34,4885.838
2025-10-09 11:00:00+00:00,1281.33,1288.59,1281.11,1283.55,6102.261
2025-10-09 11:15:00+00:00,1283.55,1288.24,1280.88,1283.95,7289.694
2025-10-09 11:30:00+00:00,1283.95,1285.93,1277.77,1285.92,7845.707
2025-10-09 11:45:00+00:00,1285.93,1286.09,1280.72,1281.23,5760.871
2025-10-09 12:00:00+00:00,1281.22,1288.43,1278.43,1288.03,8085.231
2025-10-09 12:15:00+00:00,1288.02,1290.89,1284.73,1285.61,6705.34
2025-10-09 12:30:00+00:00,1285.6,1289.53,1277.8,1288.52,15537.612
2025-10-09 12:45:00+00:00,1288.52,1289.1,1280.89,1282.52,7491.922
2025-10-09 13:00:00+00:00,1282.53,1284.3,1264.5,1264.94,18444.087
2025-10-09 13:15:00+00:00,1264.94,1273.75,1264.93,1272.44,10144.834
2025-10-09 13:30:00+00:00,1272.43,1274.29,1261.44,1264.91,8559.003
2025-10-09 13:45:00+00:00,1264.95,1269.88,1255.86,1256.46,12583.889
2025-10-09 14:00:00+00:00,1256.46,1259.01,1245.94,1257.11,29645.916
2025-10-09 14:15:00+00:00,1257.1,1259.5,1240.0,1243.43,22854.527
2025-10-09 14:30:00+00:00,1243.43,1243.43,1227.32,1233.9,43040.459
2025-10-09 14:45:00+00:00,1233.9,1241.73,1227.8,1237.27,19766.935
2025-10-09 15:00:00+00:00,1237.26,1248.23,1237.26,1242.38,13783.729
2025-10-09 15:15:00+00:00,1242.38,1246.0,1233.0,1234.04,8272.219
2025-10-09 15:30:00+00:00,1234.1,1239.24,1231.45,1232.5,8214.184
2025-10-09 15:45:00+00:00,1232.51,1242.0,1232.46,1239.64,5760.821
2025-10-09 16:00:00+00:00,1239.65,1243.54,1233.65,1233.65,7017.894
2025-10-09 16:15:00+00:00,1233.66,1237.74,1226.38,1231.41,12688.035
2025-10-09 16:30:00+00:00,1231.41,1232.76,1224.38,1232.59,11301.721
2025-10-09 16:45:00+00:00,1232.59,1233.96,1226.64,1227.93,9441.266
2025-10-09 17:00:00+00:00,1227.93,1243.01,1226.91,1240.43,15188.566
2025-10-09 17:15:00+00:00,1240.43,1241.56,1235.3,1238.17,5594.347
2025-10-09 17:30:00+00:00,1238.17,1243.0,1237.77,1241.56,4906.947
2025-10-09 17:45:00+00:00,1241.56,1247.43,1239.71,1246.8,5094.733
2025-10-09 18:00:00+00:00,1246.81,1247.2,1241.72,1244.54,3158.208
2025-10-09 18:15:00+00:00,1244.54,1245.76,1241.02,1243.93,3448.799
2025-10-09 18:30:00+00:00,1243.92,1246.0,1237.74,1240.0,5381.764
2025-10-09 18:45:00+00:00,1240.0,1241.08,1236.56,1238.15,2626.967
2025-10-09 19:00:00+00:00,1238.14,1243.26,1237.82,1242.96,2068.61
2025-10-09 19:15:00+00:00,1242.96,1243.86,1238.89,1243.2,1747.805
2025-10-09 19:30:00+00:00,1243.2,1243.2,1238.38,1238.67,1340.855
2025-10-09 19:45:00+00:00,1238.66,1242.2,1238.48,1241.46,1766.883
2025-10-09 20:00:00+00:00,1241.47,1245.11,1240.18,1240.19,2672.867
2025-10-09 20:15:00+00:00,1240.19,1244.91,1239.97,1244.4,1480.005
2025-10-09 20:30:00+00:00,1244.4,1247.6,1244.02,1247.52,1801.64
2025-10-09 20:45:00+00:00,1247.52,1248.25,1245.09,1247.43,1798.67
2025-10-09 21:00:00+00:00,1247.43,1254.06,1245.14,1254.06,4867.695
2025-10-09 21:15:00+00:00,1254.06,1254.99,1249.29,1250.69,3537.672
2025-10-09 21:30:00+00:00,1250.7,1253.89,1249.54,1252.22,2249.536
2025-10-09 21:45:00+00:00,1252.21,1255.96,1251.01,1254.49,2134.116
2025-10-09 22:00:00+00:00,1254.49,1257.22,1251.7,1257.22,2766.402
2025-10-09 22:15:00+00:00,1257.21,1258.5,1256.16,1257.47,4230.007
2025-10-09 22:30:00+00:00,1257.48,1258.08,1254.0,1258.0,2715.048
2025-10-09 22:45:00+00:00,1258.0,1260.64,1256.47,1260.6,3863.362
2025-10-09 23:00:00+00:00,1260.6,1260.6,1251.65,1252.18,4021.805
2025-10-09 23:15:00+00:00,1252.18,1254.87,1250.4,1252.57,3141.038
2025-10-09 23:30:00+00:00,1252.57,1254.56,1252.0,1253.82,1831.388
2025-10-09 23:45:00+00:00,1253.81,1257.01,1253.7,1255.35,2958.571
2025-10-10 00:00:00+00:00,1255.35,1258.57,1254.64,1258.56,4126.174
2025-10-10 00:15:00+00:00,1258.56,1268.97,1258.2,1268.67,8252.154
2025-10-10 00:30:00+00:00,1268.67,1269.19,1262.08,1263.0,5026.834
2025-10-10 00:45:00+00:00,1263.0,1263.59,1257.12,1257.58,4118.853
2025-10-10 01:00:00+00:00,1257.59,1260.32,1256.96,1259.41,4347.771
2025-10-10 01:15:00+00:00,1259.41,1259.41,1253.44,1256.65,4923.96
2025-10-10 01:30:00+00:00,1256.65,1258.0,1250.23,1251.87,3461.268
2025-10-10 01:45:00+00:00,1251.88,1252.12,1247.74,1249.45,4279.955
2025-10-10 02:00:00+00:00,1249.45,1251.48,1244.1,1248.29,6231.114
2025-10-10 02:15:00+00:00,1248.28,1254.83,1248.12,1252.32,3853.344
2025-10-10 02:30:00+00:00,1252.32,1254.01,1249.79,1250.38,3124.324
2025-10-10 02:45:00+00:00,1250.37,1251.38,1245.8,1246.28,3252.829
2025-10-10 03:00:00+00:00,1246.28,1249.38,1245.06,1249.38,2968.86
2025-10-10 03:15:00+00:00,1249.37,1256.47,1247.17,1256.47,3881.547
2025-10-10 03:30:00+00:00,1256.47,1261.85,1256.47,1261.85,6435.299
2025-10-10 03:45:00+00:00,1261.86,1266.47,1256.41,1259.62,11275.205
2025-10-10 04:00:00+00:00,1259.62,1269.49,1259.46,1267.0,7255.633
2025-10-10 04:15:00+00:00,1267.01,1270.0,1262.58,1268.2,6224.028
2025-10-10 04:30:00+00:00,1268.19,1274.81,1267.8,1269.08,11741.476
2025-10-10 04:45:00+00:00,1269.08,1269.18,1264.31,1265.4,6291.67
2025-10-10 05:00:00+00:00,1265.39,1265.39,1258.04,1262.53,5141.325
2025-10-10 05:15:00+00:00,1262.53,1269.6,1262.5,1268.99,3620.25
2025-10-10 05:30:00+00:00,1268.99,1272.12,1265.81,1271.99,3713.333
2025-10-10 05:45:00+00:00,1271.99,1274.0,1270.24,1271.1,6525.885
2025-10-10 06:00:00+00:00,1271.1,1277.0,1270.01,1275.55,4878.559
2025-10-10 06:15:00+00:00,1275.56,1278.52,1271.84,1272.79,4632.081
2025-10-10 06:30:00+00:00,1272.79,1275.88,1270.08,1274.77,3583.342
2025-10-10 06:45:00+00:00,1274.78,1278.0,1268.17,1268.31,4183.349
2025-10-10 07:00:00+00:00,1268.32,1273.44,1265.45,1273.36,4538.157
2025-10-10 07:15:00+00:00,1273.35,1273.36,1265.78,1268.01,3451.633
2025-10-10 07:30:00+00:00,1268.02,1269.17,1262.24,1265.2,4562.19
2025-10-10 07:45:00+00:00,1265.19,1267.0,1261.33,1263.75,4695.622
2025-10-10 08:00:00+00:00,1263.76,1268.29,1261.95,1263.23,3358.754
2025-10-10 08:15:00+00:00,1263.22,1269.49,1263.22,1266.4,3126.736
2025-10-10 08:30:00+00:00,1266.41,1268.44,1262.26,1264.85,2610.986
2025-10-10 08:45:00+00:00,1264.86,1268.11,1264.01,1267.01,1890.76
2025-10-10 09:00:00+00:00,1267.0,1267.61,1258.37,1258.85,5604.112
2025-10-10 09:15:00+00:00,1258.82,1260.66,1255.22,1259.89,5229.013
2025-10-10 09:30:00+00:00,1259.88,1259.99,1250.21,1253.1,7437.081
2025-10-10 09:45:00+00:00,1253.09,1254.65,1248.0,1248.96,9277.321
2025-10-10 10:00:00+00:00,1248.96,1251.42,1248.37,1249.62,3306.204
2025-10-10 10:15:00+00:00,1249.62,1250.44,1245.81,1246.38,4099.773
2025-10-10 10:30:00+00:00,1246.38,1250.05,1245.93,1249.82,3286.246
2025-10-10 10:45:00+00:00,1249.81,1252.36,1249.38,1251.41,2036.958
2025-10-10 11:00:00+00:00,1251.41,1272.98,1250.62,1266.0,18226.396
2025-10-10 11:15:00+00:00,1266.0,1269.61,1262.12,1264.49,6993.934
2025-10-10 11:30:00+00:00,1264.5,1270.09,1264.13,1269.68,4388.646
2025-10-10 11:45:00+00:00,1269.69,1273.67,1266.5,1270.71,6143.886
2025-10-10 12:00:00+00:00,1270.72,1273.87,1268.06,1272.06,3848.292
2025-10-10 12:15:00+00:00,1272.05,1274.16,1270.45,1270.94,4003.327
2025-10-10 12:30:00+00:00,1270.94,1271.84,1266.26,1269.36,7652.346
2025-10-10 12:45:00+00:00,1269.35,1273.4,1267.87,1270.05,4884.517
2025-10-10 13:00:00+00:00,1270.05,1272.0,1267.42,1268.39,5186.783
2025-10-10 13:15:00+00:00,1268.39,1270.15,1267.0,1268.84,5404.787
2025-10-10 13:30:00+00:00,1268.85,1269.08,1258.31,1259.51,14888.08
2025-10-10 13:45:00+00:00,1259.51,1260.0,1248.04,1251.92,14040.769
2025-10-10 14:00:00+00:00,1251.93,1256.64,1249.57,1253.29,7406.915
2025-10-10 14:15:00+00:00,1253.29,1254.67,1248.0,1249.73,4940.83
2025-10-10 14:30:00+00:00,1249.73,1253.8,1248.99,1251.09,4068.434
2025-10-10 14:45:00+00:00,1251.1,1253.32,1240.0,1241.54,13561.859
2025-10-10 15:00:00+00:00,1241.52,1241.67,1229.0,1233.38,27253.463
2025-10-10 15:15:00+00:00,1233.38,1235.21,1219.52,1222.3,37192.108
2025-10-10 15:30:00+00:00,1222.29,1226.2,1205.23,1225.69,53495.748
2025-10-10 15:45:00+00:00,1225.69,1225.69,1213.47,1215.49,14317.71
2025-10-10 16:00:00+00:00,1215.49,1226.0,1213.41,1223.7,13059.439
2025-10-10 16:15:00+00:00,1223.71,1233.98,1220.48,1231.28,13769.001
2025-10-10 16:30:00+00:00,1231.28,1242.71,1230.48,1233.37,12791.818
2025-10-10 16:45:00+00:00,1233.37,1236.15,1221.74,1227.15,12133.077
2025-10-10 17:00:00+00:00,1227.15,1232.81,1225.32,1228.18,7933.185
2025-10-10 17:15:00+00:00,1228.17,1230.9,1222.65,1229.22,7091.593
2025-10-10 17:30:00+00:00,1229.23,1230.14,1223.0,1226.48,10922.514
2025-10-10 17:45:00+00:00,1226.48,1229.88,1222.51,1228.19,4520.402
2025-10-10 18:00:00+00:00,1228.19,1229.16,1225.68,1228.84,4161.533
2025-10-10 18:15:00+00:00,1228.83,1234.16,1226.64,1230.64,4448.761
2025-10-10 18:30:00+00:00,1230.64,1233.33,1228.0,1229.93,2889.342
2025-10-10 18:45:00+00:00,1229.92,1231.35,1222.21,1222.22,5034.57
2025-10-10 19:00:00+00:00,1222.22,1226.64,1218.14,1224.28,7416.456
2025-10-10 19:15:00+00:00,1224.27,1229.35,1210.06,1210.06,13981.257
2025-10-10 19:30:00+00:00,1210.08,1224.21,1210.08,1223.45,9877.644
2025-10-10 19:45:00+00:00,1223.46,1247.04,1220.16,1235.58,22563.27
2025-10-10 20:00:00+00:00,1235.58,1243.42,1230.15,1235.91,13321.999
2025-10-10 20:15:00+00:00,1235.9,1236.46,1229.61,1235.0,4722.283
2025-10-10 20:30:00+00:00,1235.0,1235.42,1229.13,1234.2,2443.454
2025-10-10 20:45:00+00:00,1234.2,1234.75,1190.0,1198.33,41131.873
2025-10-10 21:00:00+00:00,1198.32,1203.26,1080.0,1114.35,84423.411
2025-10-10 21:15:00+00:00,1113.37,1123.28,860.11,975.0,163982.98
2025-10-10 21:30:00+00:00,977.17,1103.79,971.22,1092.8,78832.618
2025-10-10 21:45:00+00:00,1092.8,1135.34,1088.98,1107.3,80421.906
2025-10-10 22:00:00+00:00,1107.31,1109.05,1055.37,1096.15,80194.329
2025-10-10 22:15:00+00:00,1096.14,1106.27,1058.0,1073.45,67869.596
2025-10-10 22:30:00+00:00,1073.45,1111.58,1050.0,1111.0,59923.126
2025-10-10 22:45:00+00:00,1111.0,1145.66,1103.59,1110.8,53676.402
2025-10-10 23:00:00+00:00,1110.94,1112.0,1092.38,1107.26,37214.165
2025-10-10 23:15:00+00:00,1107.05,1137.0,1099.0,1123.05,31234.818
2025-10-10 23:30:00+00:00,1123.05,1138.73,1109.6,1135.88,34471.784
2025-10-10 23:45:00+00:00,1135.87,1140.52,1098.98,1102.47,44806.269
2025-10-11 00:00:00+00:00,1102.57,1115.95,1100.0,1110.09,21829.612
2025-10-11 00:15:00+00:00,1110.08,1116.84,1073.0,1113.03,42891.328
2025-10-11 00:30:00+00:00,1113.03,1118.2,1102.18,1116.48,17521.541
2025-10-11 00:45:00+00:00,1116.72,1130.89,1115.63,1117.25,20139.731
2025-10-11 01:00:00+00:00,1117.24,1118.56,1107.71,1113.31,19032.533
2025-10-11 01:15:00+00:00,1113.32,1114.0,1086.39,1089.15,25219.563
2025-10-11 01:30:00+00:00,1089.15,1098.27,1081.54,1082.44,20634.675
2025-10-11 01:45:00+00:00,1082.44,1090.92,1075.11,1083.74,23326.854
2025-10-11 02:00:00+00:00,1083.74,1105.81,1083.18,1105.13,21358.673
2025-10-11 02:15:00+00:00,1105.12,1122.01,1105.12,1114.2,23636.684
2025-10-11 02:30:00+00:00,1114.2,1137.34,1113.3,1136.81,23800.256
2025-10-11 02:45:00+00:00,1136.82,1143.33,1130.61,1139.7,23182.981
2025-10-11 03:00:00+00:00,1139.7,1143.0,1120.1,1126.93,23928.574
2025-10-11 03:15:00+00:00,1126.93,1130.76,1118.52,1128.59,15696.884
2025-10-11 03:30:00+00:00,1128.59,1137.81,1124.58,1126.23,16491.206
2025-10-11 03:45:00+00:00,1126.22,1131.5,1124.63,1128.42,7494.971
2025-10-11 04:00:00+00:00,1128.36,1139.17,1125.76,1132.68,10131.231
2025-10-11 04:15:00+00:00,1132.68,1139.17,1128.13,1135.08,7411.32
2025-10-11 04:30:00+00:00,1134.77,1136.91,1129.05,1136.49,7857.765
2025-10-11 04:45:00+00:00,1136.52,1140.0,1130.24,1137.11,8415.45
2025-10-11 05:00:00+00:00,1137.12,1139.35,1132.67,1136.95,7597.279
2025-10-11 05:15:00+00:00,1136.96,1137.37,1110.02,1111.81,15265.923
2025-10-11 05:30:00+00:00,1111.8,1121.41,1108.0,1109.09,13320.296
2025-10-11 05:45:00+00:00,1109.1,1117.37,1108.32,1108.86,7703.475
2025-10-11 06:00:00+00:00,1108.85,1115.0,1102.01,1111.0,10677.246
2025-10-11 06:15:00+00:00,1111.0,1113.68,1106.0,1112.43,6299.939
2025-10-11 06:30:00+00:00,1112.44,1116.4,1107.39,1107.86,8000.685
2025-10-11 06:45:00+00:00,1107.89,1110.09,1095.76,1097.99,11844.494
2025-10-11 07:00:00+00:00,1098.0,1099.72,1087.0,1091.01,25566.425
2025-10-11 07:15:00+00:00,1091.01,1096.61,1084.47,1090.1,17630.133
2025-10-11 07:30:00+00:00,1090.1,1095.62,1088.72,1091.7,10455.433
2025-10-11 07:45:00+00:00,1091.71,1094.88,1088.18,1094.02,11207.166
2025-10-11 08:00:00+00:00,1094.03,1095.64,1090.0,1094.0,10152.799
2025-10-11 08:15:00+00:00,1093.99,1110.52,1093.72,1103.67,13975.932
2025-10-11 08:30:00+00:00,1103.68,1109.84,1098.14,1105.84,8673.054
2025-10-11 08:45:00+00:00,1105.84,1115.38,1105.84,1114.88,8811.429
2025-10-11 09:00:00+00:00,1114.85,1131.43,1113.31,1125.44,16433.755
2025-10-11 09:15:00+00:00,1125.45,1130.82,1122.0,1128.82,12849.077
2025-10-11 09:30:00+00:00,1128.82,1128.96,1122.38,1127.24,6275.986
2025-10-11 09:45:00+00:00,1127.21,1128.11,1121.05,1123.08,5932.789
2025-10-11 10:00:00+00:00,1123.07,1130.5,1122.54,1130.43,4129.282
2025-10-11 10:15:00+00:00,1130.43,1140.11,1129.0,1139.3,12025.655
2025-10-11 10:30:00+00:00,1139.3,1140.0,1130.02,1132.37,12772.614
2025-10-11 10:45:00+00:00,1132.37,1132.99,1129.97,1131.36,6828.961
2025-10-11 11:00:00+00:00,1131.36,1132.99,1125.66,1127.12,7658.356
2025-10-11 11:15:00+00:00,1127.12,1132.99,1121.93,1132.72,10815.008
2025-10-11 11:30:00+00:00,1132.73,1132.99,1129.62,1130.62,6416.769
2025-10-11 11:45:00+00:00,1130.62,1130.7,1127.43,1129.79,3570.342
2025-10-11 12:00:00+00:00,1129.78,1130.0,1122.11,1123.89,5094.383
2025-10-11 12:15:00+00:00,1123.89,1131.0,1123.89,1129.97,6678.871
2025-10-11 12:30:00+00:00,1129.97,1130.36,1123.28,1126.38,5026.59
2025-10-11 12:45:00+00:00,1126.39,1126.59,1118.4,1124.87,7765.892
2025-10-11 13:00:00+00:00,1124.87,1129.41,1119.61,1125.32,5414.862
2025-10-11 13:15:00+00:00,1125.32,1125.63,1119.09,1123.57,7233.439
2025-10-11 13:30:00+00:00,1123.57,1127.48,1115.02,1127.14,8905.367
2025-10-11 13:45:00+00:00,1127.15,1135.55,1126.33,1134.99,7633.538
2025-10-11 14:00:00+00:00,1134.99,1135.48,1131.24,1135.3,4034.567
2025-10-11 14:15:00+00:00,1135.29,1138.0,1129.76,1131.89,6355.482
2025-10-11 14:30:00+00:00,1131.89,1133.66,1129.26,1130.23,4655.072
2025-10-11 14:45:00+00:00,1130.24,1132.73,1128.14,1128.89,3490.04
2025-10-11 15:00:00+00:00,1128.88,1158.28,1128.66,1155.3,21807.324
2025-10-11 15:15:00+00:00,1155.18,1155.82,1145.64,1149.82,12279.419
2025-10-11 15:30:00+00:00,1149.82,1152.02,1141.7,1142.03,6074.733
2025-10-11 15:45:00+00:00,1142.04,1148.87,1142.02,1142.71,6861.539
2025-10-11 16:00:00+00:00,1142.71,1146.96,1136.4,1145.8,7980.83
2025-10-11 16:15:00+00:00,1145.76,1149.75,1143.27,1145.64,5287.643
2025-10-11 16:30:00+00:00,1145.64,1146.86,1138.12,1144.24,7114.636
2025-10-11 16:45:00+00:00,1144.23,1154.49,1141.71,1152.73,7009.388
2025-10-11 17:00:00+00:00,1152.73,1165.0,1147.16,1160.08,12396.572
2025-10-11 17:15:00+00:00,1160.07,1175.73,1158.59,1175.0,12753.475
2025-10-11 17:30:00+00:00,1175.0,1182.76,1170.52,1176.27,21193.355
2025-10-11 17:45:00+00:00,1176.28,1180.0,1171.43,1179.04,8389.0
2025-10-11 18:00:00+00:00,1179.05,1180.73,1172.18,1176.31,5554.83
2025-10-11 18:15:00+00:00,1176.31,1177.23,1170.8,1172.84,4519.627
2025-10-11 18:30:00+00:00,1172.85,1177.07,1171.45,1173.0,6034.47
2025-10-11 18:45:00+00:00,1173.0,1177.15,1171.0,1173.0,3205.688
2025-10-11 19:00:00+00:00,1173.01,1174.13,1161.54,1163.89,13780.851
2025-10-11 19:15:00+00:00,1163.89,1164.2,1155.09,1159.81,10148.95
2025-10-11 19:30:00+00:00,1159.81,1160.3,1143.23,1144.08,12253.411
2025-10-11 19:45:00+00:00,1144.09,1147.68,1135.32,1141.14,10024.4
2025-10-11 20:00:00+00:00,1141.14,1143.4,1133.0,1139.58,7527.617
2025-10-11 20:15:00+00:00,1139.64,1141.72,1127.27,1131.22,9733.449
2025-10-11 20:30:00+00:00,1131.22,1131.22,1121.8,1125.68,6639.949
2025-10-11 20:45:00+00:00,1125.69,1134.28,1116.23,1123.47,7843.66
2025-10-11 21:00:00+00:00,1123.47,1124.54,1106.24,1114.12,13507.704
2025-10-11 21:15:00+00:00,1113.91,1134.66,1111.01,1131.17,16288.665
2025-10-11 21:30:00+00:00,1131.18,1139.73,1126.92,1132.6,6529.46
2025-10-11 21:45:00+00:00,1132.6,1142.26,1132.33,1137.36,4636.696
2025-10-11 22:00:00+00:00,1137.36,1140.89,1132.05,1136.69,5594.054
2025-10-11 22:15:00+00:00,1136.68,1141.81,1130.01,1138.44,5707.607
2025-10-11 22:30:00+00:00,1138.44,1143.78,1135.78,1139.41,5513.994
2025-10-11 22:45:00+00:00,1139.4,1147.26,1139.16,1145.15,4756.348
2025-10-11 23:00:00+00:00,1145.12,1147.64,1137.85,1141.43,5155.188
2025-10-11 23:15:00+00:00,1141.43,1145.8,1136.69,1142.31,5040.587
2025-10-11 23:30:00+00:00,1142.31,1143.1,1138.0,1140.14,3158.737
2025-10-11 23:45:00+00:00,1140.14,1140.14,1134.27,1135.07,3421.152
2025-10-12 00:00:00+00:00,1135.07,1137.97,1129.1,1132.08,4019.522
2025-10-12 00:15:00+00:00,1132.08,1135.45,1121.2,1121.21,5962.821
2025-10-12 00:30:00+00:00,1121.21,1133.7,1119.57,1120.5,10328.1
2025-10-12 00:45:00+00:00,1120.51,1123.11,1111.27,1112.51,6998.775
2025-10-12 01:00:00+00:00,1112.51,1119.28,1110.14,1117.37,6311.355
2025-10-12 01:15:00+00:00,1117.37,1120.81,1109.21,1110.04,9748.508
2025-10-12 01:30:00+00:00,1110.05,1119.77,1107.43,1117.35,7506.638
2025-10-12 01:45:00+00:00,1117.35,1122.64,1107.79,1110.39,9226.799
2025-10-12 02:00:00+00:00,1110.39,1115.05,1108.53,1113.36,4189.022
2025-10-12 02:15:00+00:00,1113.37,1122.28,1113.0,1120.49,4337.476
2025-10-12 02:30:00+00:00,1120.49,1124.15,1112.62,1115.58,3894.783
2025-10-12 02:45:00+00:00,1115.58,1116.36,1108.47,1115.29,4735.045
2025-10-12 03:15:00+00:00,1118.89,1127.86,1116.68,1123.96,6463.722
2025-10-12 03:30:00+00:00,1123.96,1130.0,1123.82,1126.55,4951.928
2025-10-12 03:45:00+00:00,1126.55,1127.63,1119.69,1121.3,3494.139
2025-10-12 04:00:00+00:00,1121.3,1126.08,1117.58,1125.33,4519.746
2025-10-12 04:15:00+00:00,1125.33,1132.22,1124.72,1127.5,5156.41
2025-10-12 04:30:00+00:00,1127.51,1131.11,1126.33,1129.99,4238.74
2025-10-12 04:45:00+00:00,1129.98,1134.05,1128.38,1133.34,3780.622
2025-10-12 05:00:00+00:00,1133.34,1134.0,1128.41,1130.39,3591.024
2025-10-12 05:15:00+00:00,1130.38,1138.84,1130.38,1138.3,4266.213
2025-10-12 05:30:00+00:00,1138.29,1142.18,1137.32,1141.94,5399.241
2025-10-12 05:45:00+00:00,1141.94,1152.81,1141.94,1145.75,10566.691
2025-10-12 06:00:00+00:00,1145.75,1150.6,1144.03,1148.63,6229.164
2025-10-12 06:15:00+00:00,1148.63,1154.9,1144.1,1152.35,9695.208
2025-10-12 06:30:00+00:00,1152.35,1153.15,1146.99,1150.12,5951.465
2025-10-12 06:45:00+00:00,1150.11,1157.05,1148.95,1155.37,4472.773
2025-10-12 07:00:00+00:00,1155.41,1162.77,1153.48,1160.28,7339.844
2025-10-12 07:15:00+00:00,1160.27,1170.39,1158.67,1164.32,10586.643
2025-10-12 07:30:00+00:00,1164.32,1165.8,1155.78,1158.08,8805.267
2025-10-12 07:45:00+00:00,1158.07,1162.14,1154.59,1160.83,5348.356
2025-10-12 08:00:00+00:00,1160.82,1161.01,1155.35,1155.89,4173.209
2025-10-12 08:15:00+00:00,1155.9,1164.33,1154.73,1163.95,5382.392
2025-10-12 08:30:00+00:00,1163.96,1185.33,1161.86,1182.02,38274.38
2025-10-12 08:45:00+00:00,1182.01,1183.28,1173.42,1178.24,15150.693
2025-10-12 09:00:00+00:00,1178.25,1178.25,1166.78,1168.1,9390.939
2025-10-12 09:15:00+00:00,1168.09,1177.73,1167.97,1176.11,8489.951
2025-10-12 09:30:00+00:00,1176.11,1190.75,1175.36,1188.93,17285.815
2025-10-12 09:45:00+00:00,1188.93,1222.12,1188.6,1218.84,39472.932
2025-10-12 10:00:00+00:00,1218.83,1225.0,1211.37,1216.58,27636.828
2025-10-12 10:15:00+00:00,1216.58,1219.46,1211.17,1212.2,12404.901
2025-10-12 10:30:00+00:00,1212.2,1219.99,1209.21,1218.45,11014.816
2025-10-12 10:45:00+00:00,1218.45,1228.0,1213.82,1214.32,24620.449
2025-10-12 11:00:00+00:00,1214.32,1227.63,1214.31,1224.29,12191.717
2025-10-12 11:15:00+00:00,1224.29,1228.8,1218.82,1225.19,7802.849
2025-10-12 11:30:00+00:00,1225.19,1225.52,1218.0,1219.3,6836.609
2025-10-12 11:45:00+00:00,1219.28,1231.0,1217.79,1230.12,12929.62
2025-10-12 12:00:00+00:00,1230.11,1248.0,1229.49,1246.69,22952.535
2025-10-12 12:15:00+00:00,1246.68,1260.21,1240.24,1256.3,28459.972
2025-10-12 12:30:00+00:00,1256.3,1260.0,1247.89,1250.05,21775.327
2025-10-12 12:45:00+00:00,1250.05,1251.11,1237.19,1241.61,19341.809
2025-10-12 13:00:00+00:00,1241.61,1245.0,1231.38,1242.52,16265.614
2025-10-12 13:15:00+00:00,1242.53,1245.97,1231.64,1236.23,12392.023
2025-10-12 13:30:00+00:00,1236.23,1236.71,1222.88,1231.7,18581.839
2025-10-12 13:45:00+00:00,1231.69,1232.18,1220.0,1224.0,13986.536
2025-10-12 14:00:00+00:00,1224.0,1240.81,1221.83,1238.0,18597.149
2025-10-12 14:15:00+00:00,1238.0,1241.87,1233.84,1240.62,7987.618
2025-10-12 14:30:00+00:00,1240.62,1243.98,1233.06,1241.73,8622.195
2025-10-12 14:45:00+00:00,1241.72,1275.05,1239.44,1260.52,57873.888
2025-10-12 15:00:00+00:00,1260.52,1276.57,1254.91,1266.72,32251.517
2025-10-12 15:15:00+00:00,1266.72,1282.0,1263.0,1280.19,24793.458
2025-10-12 15:30:00+00:00,1280.19,1280.6,1264.0,1273.05,25714.293
2025-10-12 15:45:00+00:00,1273.08,1307.98,1272.85,1302.29,45555.062
2025-10-12 16:00:00+00:00,1302.29,1312.31,1288.32,1294.36,42534.289
2025-10-12 16:15:00+00:00,1294.36,1294.89,1272.11,1283.43,46356.661
2025-10-12 16:30:00+00:00,1283.44,1294.41,1280.25,1293.45,13102.446
2025-10-12 16:45:00+00:00,1293.45,1302.0,1286.13,1296.27,26091.545
2025-10-12 17:00:00+00:00,1296.27,1302.9,1293.37,1295.67,13073.303
2025-10-12 17:15:00+00:00,1295.68,1298.75,1290.02,1293.99,9214.561
2025-10-12 17:30:00+00:00,1294.0,1299.99,1289.49,1298.71,11972.419
2025-10-12 17:45:00+00:00,1298.71,1299.99,1291.5,1298.5,17474.277
2025-10-12 18:00:00+00:00,1298.5,1303.0,1297.01,1298.4,12599.855
2025-10-12 18:15:00+00:00,1298.4,1303.0,1296.0,1297.73,6745.892
2025-10-12 18:30:00+00:00,1297.74,1297.74,1285.07,1291.02,13563.914
2025-10-12 18:45:00+00:00,1291.03,1300.99,1290.0,1299.03,5588.009
2025-10-12 19:00:00+00:00,1299.03,1301.89,1296.95,1298.17,4345.673
2025-10-12 19:15:00+00:00,1298.17,1299.75,1293.55,1298.9,3367.747
2025-10-12 19:30:00+00:00,1298.91,1299.04,1291.5,1295.1,5670.373
2025-10-12 19:45:00+00:00,1295.09,1299.32,1294.85,1296.19,3269.372
2025-10-12 20:00:00+00:00,1296.23,1297.03,1292.8,1294.93,2981.219
2025-10-12 20:15:00+00:00,1294.93,1298.17,1292.53,1298.17,3996.9
2025-10-12 20:30:00+00:00,1298.17,1308.62,1297.32,1306.95,9513.639
2025-10-12 20:45:00+00:00,1306.95,1319.8,1297.22,1303.54,23607.493
2025-10-12 21:00:00+00:00,1303.54,1309.07,1300.61,1303.29,8327.408
2025-10-12 21:15:00+00:00,1303.29,1303.78,1290.0,1292.76,10848.422
2025-10-12 21:30:00+00:00,1292.76,1292.76,1280.0,1287.88,9864.358
2025-10-12 21:45:00+00:00,1287.87,1294.5,1286.87,1292.04,3247.267
2025-10-12 22:00:00+00:00,1292.04,1301.21,1283.32,1287.42,16315.396
2025-10-12 22:15:00+00:00,1287.42,1292.0,1280.62,1281.06,5313.25
2025-10-12 22:30:00+00:00,1281.06,1286.6,1276.24,1280.69,11579.73
2025-10-12 22:45:00+00:00,1280.68,1290.36,1279.07,1287.39,9948.078
2025-10-12 23:00:00+00:00,1287.4,1292.05,1281.56,1291.21,6195.884
2025-10-12 23:15:00+00:00,1291.22,1297.5,1287.38,1296.04,6026.987
2025-10-12 23:30:00+00:00,1296.04,1304.72,1296.03,1299.1,8227.56
2025-10-12 23:45:00+00:00,1299.09,1303.68,1295.66,1302.65,6634.253
2025-10-13 00:00:00+00:00,1302.65,1315.01,1298.11,1311.5,14984.042
2025-10-13 00:15:00+00:00,1311.5,1318.0,1308.55,1314.62,17227.294
2025-10-13 00:30:00+00:00,1314.62,1314.62,1303.26,1307.74,10111.936
2025-10-13 00:45:00+00:00,1307.74,1322.0,1305.16,1312.8,15849.202
2025-10-13 01:00:00+00:00,1312.8,1313.67,1301.61,1302.25,10265.821
2025-10-13 01:15:00+00:00,1302.26,1311.29,1296.0,1309.97,13242.505
2025-10-13 01:30:00+00:00,1309.96,1315.0,1301.67,1303.44,7472.541
2025-10-13 01:45:00+00:00,1303.43,1308.78,1302.87,1307.68,3170.606
2025-10-13 02:00:00+00:00,1307.67,1311.92,1303.4,1303.56,7861.275
2025-10-13 02:15:00+00:00,1303.56,1303.63,1292.02,1295.01,9432.586
2025-10-13 02:30:00+00:00,1295.02,1301.22,1293.01,1298.38,5583.379
2025-10-13 02:45:00+00:00,1298.39,1303.45,1298.24,1302.49,4845.537
2025-10-13 03:00:00+00:00,1302.49,1314.41,1302.48,1311.36,8195.084
2025-10-13 03:15:00+00:00,1311.33,1314.18,1306.66,1307.55,6242.447
2025-10-13 03:30:00+00:00,1307.56,1309.11,1302.05,1303.08,9503.498
2025-10-13 03:45:00+00:00,1303.07,1303.26,1295.0,1296.29,7920.838
2025-10-13 04:00:00+00:00,1296.3,1298.66,1288.78,1290.57,7359.795
2025-10-13 04:15:00+00:00,1290.57,1292.79,1283.44,1287.75,8515.86
2025-10-13 04:30:00+00:00,1287.75,1292.76,1285.12,1287.04,7159.595
2025-10-13 04:45:00+00:00,1287.05,1292.98,1283.96,1292.51,6591.354
2025-10-13 05:00:00+00:00,1292.51,1295.66,1289.94,1294.39,5322.837
2025-10-13 05:15:00+00:00,1294.39,1301.4,1293.33,1300.08,5919.938
2025-10-13 05:30:00+00:00,1300.08,1300.33,1292.48,1293.44,6880.575
2025-10-13 05:45:00+00:00,1293.44,1298.0,1292.0,1297.87,4174.858
2025-10-13 06:00:00+00:00,1297.88,1315.66,1296.81,1313.03,23957.428
2025-10-13 06:15:00+00:00,1313.03,1329.2,1313.03,1328.53,23803.113
2025-10-13 06:30:00+00:00,1328.52,1345.0,1313.2,1320.67,43909.018
2025-10-13 06:45:00+00:00,1320.7,1327.05,1315.63,1324.24,16500.538
2025-10-13 07:00:00+00:00,1324.24,1345.0,1324.24,1338.04,26836.418
2025-10-13 07:15:00+00:00,1338.06,1349.99,1337.16,1349.2,29154.954
2025-10-13 07:30:00+00:00,1349.2,1353.55,1343.94,1348.49,30903.166
2025-10-13 07:45:00+00:00,1348.48,1348.48,1336.7,1343.95,28337.035
2025-10-13 08:00:00+00:00,1343.95,1358.89,1343.5,1357.3,35669.6959
2025-10-13 08:15:00+00:00,1357.31,1358.71,1348.19,1352.11,21545.882
2025-10-13 08:30:00+00:00,1352.11,1375.11,1351.67,1368.53,29178.239
2025-10-13 08:45:00+00:00,1368.53,1371.0,1363.25,1368.76,23406.859
2025-10-13 09:00:00+00:00,1368.76,1369.0,1341.01,1348.21,31971.477
2025-10-13 09:15:00+00:00,1348.2,1357.2,1346.46,1355.07,21999.289
2025-10-13 09:30:00+00:00,1355.07,1364.58,1353.7,1363.67,24594.523
2025-10-13 09:45:00+00:00,1363.67,1367.99,1348.79,1352.52,38546.133
2025-10-13 10:00:00+00:00,1352.52,1357.02,1326.65,1332.06,76655.374
2025-10-13 10:15:00+00:00,1332.07,1332.24,1318.2,1322.6,62263.995
2025-10-13 10:30:00+00:00,1322.6,1323.92,1307.33,1317.0,45590.984
2025-10-13 10:45:00+00:00,1317.0,1320.67,1309.0,1314.09,22043.188
2025-10-13 11:00:00+00:00,1314.09,1314.09,1295.45,1306.89,38610.327
2025-10-13 11:15:00+00:00,1306.88,1306.88,1268.01,1269.99,40250.48
2025-10-13 11:30:00+00:00,1269.99,1295.8,1266.0,1291.61,35228.191
2025-10-13 11:45:00+00:00,1291.61,1297.63,1285.67,1294.2,16819.842
2025-10-13 12:00:00+00:00,1294.2,1299.76,1283.52,1298.87,17858.98
2025-10-13 12:15:00+00:00,1298.86,1298.87,1289.68,1292.47,12406.961
2025-10-13 12:30:00+00:00,1292.45,1304.69,1290.6,1296.32,17308.959
2025-10-13 12:45:00+00:00,1296.31,1298.28,1281.39,1285.01,14124.508
2025-10-13 13:00:00+00:00,1285.0,1288.3,1276.11,1282.97,21564.41
2025-10-13 13:15:00+00:00,1282.97,1288.2,1276.54,1279.67,13768.464
2025-10-13 13:30:00+00:00,1279.68,1304.98,1279.04,1291.25,45359.476
2025-10-13 13:45:00+00:00,1291.25,1302.18,1284.52,1298.55,17090.832
2025-10-13 14:00:00+00:00,1298.55,1300.93,1287.49,1290.7,12405.231
2025-10-13 14:15:00+00:00,1290.7,1292.25,1265.72,1270.58,29405.595
2025-10-13 14:30:00+00:00,1270.57,1275.0,1251.28,1267.02,35118.493
2025-10-13 14:45:00+00:00,1267.02,1269.63,1253.0,1259.37,20962.371
2025-10-13 15:00:00+00:00,1259.37,1273.88,1257.73,1265.57,11822.53
2025-10-13 15:15:00+00:00,1265.56,1274.38,1265.41,1267.08,9553.277
2025-10-13 15:30:00+00:00,1267.08,1276.98,1267.08,1273.25,10874.191
2025-10-13 15:45:00+00:00,1273.26,1281.39,1272.33,1274.15,7694.732
2025-10-13 16:00:00+00:00,1274.15,1286.07,1272.72,1279.33,13357.177
2025-10-13 16:15:00+00:00,1279.32,1286.07,1274.01,1281.59,12378.682
2025-10-13 16:30:00+00:00,1281.59,1287.4,1271.72,1273.76,10933.025
2025-10-13 16:45:00+00:00,1273.76,1281.91,1273.76,1278.46,6063.161
2025-10-13 17:00:00+00:00,1278.45,1288.92,1275.06,1278.21,8805.929
2025-10-13 17:15:00+00:00,1278.2,1280.45,1272.82,1274.27,7025.658
2025-10-13 17:30:00+00:00,1274.27,1277.82,1270.63,1272.36,6680.624
2025-10-13 17:45:00+00:00,1272.36,1286.51,1267.47,1285.87,7987.377
2025-10-13 18:00:00+00:00,1285.83,1286.15,1271.42,1274.99,8432.256
2025-10-13 18:15:00+00:00,1274.99,1279.92,1269.44,1278.26,7204.478
2025-10-13 18:30:00+00:00,1278.26,1280.45,1270.34,1272.86,4968.804
2025-10-13 18:45:00+00:00,1272.86,1273.82,1261.61,1267.4,7067.552
2025-10-13 19:00:00+00:00,1267.4,1272.29,1265.43,1272.0,6484.064
2025-10-13 19:15:00+00:00,1272.01,1273.59,1266.85,1268.73,7541.895
2025-10-13 19:30:00+00:00,1268.73,1277.98,1268.54,1277.0,5597.503
2025-10-13 19:45:00+00:00,1277.0,1279.69,1269.44,1271.56,5137.503
2025-10-13 20:00:00+00:00,1271.56,1276.22,1271.46,1274.85,3456.651
2025-10-13 20:15:00+00:00,1274.85,1278.08,1273.32,1277.5,2911.369
2025-10-13 20:30:00+00:00,1277.51,1283.57,1277.3,1282.42,4114.458
2025-10-13 20:45:00+00:00,1282.41,1286.51,1282.0,1285.16,3465.095
2025-10-13 21:00:00+00:00,1285.15,1285.23,1277.57,1280.55,4007.323
2025-10-13 21:15:00+00:00,1280.52,1285.13,1278.0,1283.03,3050.019
2025-10-13 21:30:00+00:00,1283.04,1283.32,1278.52,1282.42,3524.84
2025-10-13 21:45:00+00:00,1282.43,1290.0,1280.31,1287.81,2700.435
2025-10-13 22:00:00+00:00,1287.84,1299.0,1286.88,1295.61,10479.92
2025-10-13 22:15:00+00:00,1295.6,1296.8,1290.04,1290.3,5960.626
2025-10-13 22:30:00+00:00,1290.3,1290.98,1284.8,1288.23,4858.585
2025-10-13 22:45:00+00:00,1288.23,1293.14,1287.4,1293.08,4056.784
2025-10-13 23:00:00+00:00,1293.08,1294.18,1289.76,1291.25,2484.835
2025-10-13 23:15:00+00:00,1291.25,1298.49,1290.93,1297.3,4984.037
2025-10-13 23:30:00+00:00,1297.3,1299.0,1291.14,1292.55,3819.809
2025-10-13 23:45:00+00:00,1292.54,1294.63,1289.0,1294.55,4607.936
2025-10-14 00:00:00+00:00,1294.54,1299.77,1292.8,1299.75,4423.266
2025-10-14 00:15:00+00:00,1299.74,1309.29,1299.15,1307.39,10510.576
2025-10-14 00:30:00+00:00,1307.4,1318.26,1307.09,1312.93,14380.963
2025-10-14 00:45:00+00:00,1312.93,1312.93,1299.07,1302.5,7992.204
2025-10-14 01:00:00+00:00,1302.49,1302.49,1293.33,1298.41,8537.438
2025-10-14 01:15:00+00:00,1298.42,1299.45,1291.92,1294.44,5162.822
2025-10-14 01:30:00+00:00,1294.44,1296.94,1287.4,1290.94,5738.756
2025-10-14 01:45:00+00:00,1290.94,1291.0,1285.02,1290.42,5137.37
2025-10-14 02:00:00+00:00,1290.42,1290.77,1281.21,1283.14,7491.379
2025-10-14 02:15:00+00:00,1283.16,1292.13,1281.96,1291.89,5271.957
2025-10-14 02:30:00+00:00,1291.89,1295.24,1289.85,1290.98,4402.391
2025-10-14 02:45:00+00:00,1290.98,1293.5,1281.41,1282.48,5599.834
2025-10-14 03:00:00+00:00,1282.49,1284.21,1274.71,1276.62,10804.807
2025-10-14 03:15:00+00:00,1276.63,1281.23,1271.28,1272.31,7223.411
2025-10-14 03:30:00+00:00,1272.31,1279.19,1272.31,1278.23,8851.429
2025-10-14 03:45:00+00:00,1278.23,1284.08,1277.0,1278.14,4695.739
2025-10-14 04:00:00+00:00,1278.14,1280.16,1272.7,1277.6,4806.913
2025-10-14 04:15:00+00:00,1277.61,1279.9,1273.22,1275.79,3922.098
2025-10-14 04:30:00+00:00,1275.79,1275.8,1266.66,1268.94,7712.967
2025-10-14 04:45:00+00:00,1268.95,1270.18,1236.0,1240.36,42212.011
2025-10-14 05:00:00+00:00,1240.36,1249.75,1230.0,1246.58,39867.168
2025-10-14 05:15:00+00:00,1246.57,1249.3,1241.19,1242.88,7438.433
2025-10-14 05:30:00+00:00,1242.89,1245.56,1233.94,1236.41,11070.983
2025-10-14 05:45:00+00:00,1236.4,1239.72,1231.53,1236.85,7913.928
2025-10-14 06:00:00+00:00,1236.85,1243.42,1233.0,1235.41,10794.249
2025-10-14 06:15:00+00:00,1235.42,1236.47,1200.2,1203.88,46596.984
2025-10-14 06:30:00+00:00,1203.87,1210.72,1190.05,1195.42,33700.48
2025-10-14 06:45:00+00:00,1195.42,1207.27,1179.4,1202.82,35605.023
2025-10-14 07:00:00+00:00,1202.83,1213.1,1201.75,1210.68,18642.679
2025-10-14 07:15:00+00:00,1210.68,1216.75,1205.47,1211.11,13603.04
2025-10-14 07:30:00+00:00,1211.12,1211.94,1190.78,1195.48,20551.711
2025-10-14 07:45:00+00:00,1195.47,1198.82,1188.27,1195.36,15233.569
2025-10-14 08:00:00+00:00,1195.35,1203.38,1189.39,1201.26,14653.392
2025-10-14 08:15:00+00:00,1201.25,1204.82,1191.88,1204.3,10203.314
2025-10-14 08:30:00+00:00,1204.3,1208.99,1199.44,1203.7,10091.578
2025-10-14 08:45:00+00:00,1203.7,1206.14,1196.03,1197.53,6347.466
2025-10-14 09:00:00+00:00,1197.53,1204.19,1197.24,1198.64,6215.098
2025-10-14 09:15:00+00:00,1198.65,1210.82,1198.65,1208.03,8652.085
2025-10-14 09:30:00+00:00,1208.03,1213.03,1205.0,1206.51,10244.517
2025-10-14 09:45:00+00:00,1206.5,1206.95,1196.58,1199.32,10314.332
2025-10-14 10:00:00+00:00,1199.32,1199.59,1190.0,1196.33,13475.918
2025-10-14 10:15:00+00:00,1196.34,1196.64,1180.19,1182.79,25953.455
2025-10-14 10:30:00+00:00,1182.8,1186.2,1164.6,1178.47,45095.753
2025-10-14 10:45:00+00:00,1178.47,1185.0,1170.73,1183.15,20191.042
2025-10-14 11:00:00+00:00,1183.16,1197.08,1182.84,1191.72,16625.5
2025-10-14 11:15:00+00:00,1191.72,1193.23,1182.83,1183.14,13782.85
2025-10-14 11:30:00+00:00,1183.14,1185.78,1170.78,1172.97,20806.967
2025-10-14 11:45:00+00:00,1172.97,1178.8,1168.35,1170.35,14072.591
2025-10-14 12:00:00+00:00,1170.35,1173.67,1163.56,1170.86,18341.966
2025-10-14 12:15:00+00:00,1170.89,1171.78,1155.99,1161.84,19924.043
2025-10-14 12:30:00+00:00,1161.84,1165.29,1152.25,1155.66,14081.331
2025-10-14 12:45:00+00:00,1155.66,1157.09,1143.01,1149.74,26971.853
2025-10-14 13:00:00+00:00,1149.74,1160.12,1148.55,1152.89,17065.87
2025-10-14 13:15:00+00:00,1152.9,1164.85,1146.14,1162.54,19551.532
2025-10-14 13:30:00+00:00,1162.54,1168.97,1149.59,1163.41,23548.5
2025-10-14 13:45:00+00:00,1163.41,1200.0,1159.79,1180.05,72889.253
2025-10-14 14:00:00+00:00,1180.05,1194.03,1177.46,1191.64,24018.098
2025-10-14 14:15:00+00:00,1191.51,1199.76,1187.5,1189.36,24946.359
2025-10-14 14:30:00+00:00,1189.35,1190.51,1177.91,1188.23,13832.361
2025-10-14 14:45:00+00:00,1188.23,1195.68,1180.5,1182.07,12926.699
2025-10-14 15:00:00+00:00,1182.07,1186.06,1173.38,1177.64,11015.57
2025-10-14 15:15:00+00:00,1177.65,1190.31,1175.18,1184.63,15430.269
2025-10-14 15:30:00+00:00,1184.64,1201.82,1183.47,1199.04,14770.524
2025-10-14 15:45:00+00:00,1199.04,1216.47,1199.04,1213.75,24819.441
2025-10-14 16:00:00+00:00,1213.76,1230.0,1207.64,1229.67,28832.5
2025-10-14 16:15:00+00:00,1229.66,1250.65,1218.11,1221.17,51924.886
2025-10-14 16:30:00+00:00,1221.16,1228.06,1210.79,1221.76,25555.301
2025-10-14 16:45:00+00:00,1221.75,1229.32,1212.0,1215.41,18010.232
2025-10-14 17:00:00+00:00,1215.4,1225.86,1193.36,1220.43,28205.445
2025-10-14 17:15:00+00:00,1220.42,1224.23,1215.15,1217.39,12640.716
2025-10-14 17:30:00+00:00,1217.39,1220.46,1210.58,1215.1,9783.939
2025-10-14 17:45:00+00:00,1215.1,1220.16,1212.32,1215.66,5557.63
2025-10-14 18:00:00+00:00,1215.66,1225.97,1213.56,1225.57,8136.142
2025-10-14 18:15:00+00:00,1225.57,1228.68,1220.38,1222.12,7692.262
2025-10-14 18:30:00+00:00,1222.13,1226.17,1212.6,1212.61,5954.362
2025-10-14 18:45:00+00:00,1212.6,1218.27,1209.09,1214.61,6660.874
2025-10-14 19:00:00+00:00,1214.61,1220.68,1213.42,1220.52,3300.435
2025-10-14 19:15:00+00:00,1220.5,1224.96,1217.06,1220.1,4083.506
2025-10-14 19:30:00+00:00,1220.1,1220.73,1191.66,1195.01,22352.617
2025-10-14 19:45:00+00:00,1195.02,1210.51,1192.93,1206.54,10407.263
2025-10-14 20:00:00+00:00,1206.55,1212.04,1203.45,1207.92,6742.856
2025-10-14 20:15:00+00:00,1207.93,1215.44,1207.74,1214.73,5536.506
2025-10-14 20:30:00+00:00,1214.73,1217.3,1211.97,1217.2,3302.348
2025-10-14 20:45:00+00:00,1217.19,1219.72,1215.51,1218.13,2866.415
2025-10-14 21:00:00+00:00,1218.14,1218.3,1212.87,1214.02,4310.748
2025-10-14 21:15:00+00:00,1214.02,1222.71,1213.97,1220.85,5582.131
2025-10-14 21:30:00+00:00,1220.85,1221.09,1215.67,1218.27,3597.323
2025-10-14 21:45:00+00:00,1218.3,1220.0,1217.14,1217.14,2981.621
2025-10-14 22:00:00+00:00,1217.15,1221.16,1216.66,1217.61,3203.927
2025-10-14 22:15:00+00:00,1217.61,1219.0,1215.62,1217.49,1995.944
2025-10-14 22:30:00+00:00,1217.49,1219.37,1212.0,1214.49,11389.346
2025-10-14 22:45:00+00:00,1214.5,1214.83,1206.66,1208.26,22441.713
2025-10-14 23:00:00+00:00,1208.26,1220.41,1208.02,1218.18,12020.346
2025-10-14 23:15:00+00:00,1218.18,1219.98,1214.92,1217.39,10063.72
2025-10-14 23:30:00+00:00,1217.39,1220.76,1215.94,1216.13,6389.267
2025-10-14 23:45:00+00:00,1216.12,1218.08,1207.36,1208.52,10381.356
2025-10-15 00:00:00+00:00,1208.55,1213.01,1203.83,1203.83,6328.829
2025-10-15 00:15:00+00:00,1203.84,1205.6,1200.0,1202.1,6324.929
2025-10-15 00:30:00+00:00,1202.09,1205.72,1200.78,1203.24,4770.71
2025-10-15 00:45:00+00:00,1203.25,1210.25,1203.25,1209.65,4696.037
2025-10-15 01:00:00+00:00,1209.66,1212.0,1201.35,1206.08,5291.518
2025-10-15 01:15:00+00:00,1206.07,1208.9,1202.13,1202.13,3949.676
2025-10-15 01:30:00+00:00,1202.13,1205.26,1199.79,1202.73,5765.717
2025-10-15 01:45:00+00:00,1202.73,1207.92,1200.27,1206.48,3552.933
2025-10-15 02:00:00+00:00,1206.48,1214.24,1206.34,1213.84,5818.112
2025-10-15 02:15:00+00:00,1213.83,1221.82,1213.48,1221.7,6881.554
2025-10-15 02:30:00+00:00,1221.7,1222.76,1215.94,1219.21,5572.217
2025-10-15 02:45:00+00:00,1219.2,1222.25,1216.36,1217.28,3729.475
2025-10-15 03:00:00+00:00,1217.28,1219.14,1209.04,1213.57,6013.324
2025-10-15 03:15:00+00:00,1213.57,1214.09,1209.17,1213.2,4201.194
2025-10-15 03:30:00+00:00,1213.22,1215.23,1206.48,1208.5,3858.726
2025-10-15 03:45:00+00:00,1208.51,1210.34,1202.6,1206.66,4644.781
2025-10-15 04:00:00+00:00,1206.66,1208.21,1203.34,1205.45,2992.361
2025-10-15 04:15:00+00:00,1205.45,1211.74,1205.0,1209.49,2618.374
2025-10-15 04:30:00+00:00,1209.48,1212.53,1207.84,1208.25,3372.499
2025-10-15 04:45:00+00:00,1208.26,1216.36,1206.58,1210.07,5336.931
2025-10-15 05:00:00+00:00,1210.08,1214.0,1205.8,1206.56,5944.119
2025-10-15 05:15:00+00:00,1206.56,1207.14,1191.83,1192.2,13195.814
2025-10-15 05:30:00+00:00,1192.2,1195.01,1183.28,1194.32,21983.108
2025-10-15 05:45:00+00:00,1194.31,1194.31,1189.07,1192.53,8164.062
2025-10-15 06:00:00+00:00,1192.53,1194.41,1182.31,1184.25,8804.952
2025-10-15 06:15:00+00:00,1184.26,1187.83,1176.14,1177.39,16087.277
2025-10-15 06:30:00+00:00,1177.39,1191.29,1177.14,1185.62,12505.056
2025-10-15 06:45:00+00:00,1185.62,1191.99,1185.49,1190.16,7509.781
2025-10-15 07:00:00+00:00,1190.14,1191.0,1183.42,1188.39,7369.257
2025-10-15 07:15:00+00:00,1188.4,1191.29,1183.33,1183.33,6677.724
2025-10-15 07:30:00+00:00,1183.33,1185.2,1181.0,1183.15,4236.02
2025-10-15 07:45:00+00:00,1183.16,1191.54,1183.11,1189.77,6514.002
2025-10-15 08:00:00+00:00,1189.76,1197.42,1187.82,1197.05,9272.595
2025-10-15 08:15:00+00:00,1197.05,1209.63,1196.44,1207.56,21629.535
2025-10-15 08:30:00+00:00,1207.55,1215.24,1207.03,1208.47,14524.227
2025-10-15 08:45:00+00:00,1208.46,1209.26,1201.06,1203.01,8309.357
2025-10-15 09:00:00+00:00,1203.01,1203.01,1195.44,1195.48,10387.039
2025-10-15 09:15:00+00:00,1195.48,1195.48,1187.2,1190.32,8500.008
2025-10-15 09:30:00+00:00,1190.32,1193.69,1186.6,1193.07,5845.212
2025-10-15 09:45:00+00:00,1193.06,1194.42,1187.58,1188.21,4463.052
2025-10-15 10:00:00+00:00,1188.21,1192.25,1186.04,1190.63,5774.605
2025-10-15 10:15:00+00:00,1190.62,1190.72,1183.0,1185.07,4839.28
2025-10-15 10:30:00+00:00,1185.06,1185.62,1180.55,1183.91,8655.175
2025-10-15 10:45:00+00:00,1183.92,1185.42,1181.01,1182.27,2958.151
2025-10-15 11:00:00+00:00,1182.26,1187.43,1181.35,1183.83,6140.372
2025-10-15 11:15:00+00:00,1183.83,1184.03,1177.14,1182.5,8348.877
2025-10-15 11:30:00+00:00,1182.5,1185.47,1179.63,1184.87,4398.831
2025-10-15 11:45:00+00:00,1184.87,1186.84,1183.08,1185.02,3863.365
2025-10-15 12:00:00+00:00,1185.01,1191.29,1182.0,1188.96,8165.341
2025-10-15 12:15:00+00:00,1188.96,1189.34,1181.07,1181.65,4783.956
2025-10-15 12:30:00+00:00,1181.65,1185.9,1178.84,1180.21,9749.417
2025-10-15 12:45:00+00:00,1180.21,1181.74,1177.94,1178.27,13777.907
2025-10-15 13:00:00+00:00,1178.27,1178.44,1166.18,1171.0,20549.888
2025-10-15 13:15:00+00:00,1171.0,1178.94,1170.05,1176.31,4767.676
2025-10-15 13:30:00+00:00,1176.31,1184.68,1173.85,1175.89,11213.985
2025-10-15 13:45:00+00:00,1175.89,1178.04,1165.85,1176.05,14015.378
2025-10-15 14:00:00+00:00,1176.05,1187.16,1175.76,1182.81,9911.245
2025-10-15 14:15:00+00:00,1182.81,1186.11,1178.98,1182.51,7041.608
2025-10-15 14:30:00+00:00,1182.52,1182.81,1174.91,1176.84,5946.222
2025-10-15 14:45:00+00:00,1176.84,1176.85,1165.8,1171.35,11917.812
2025-10-15 15:00:00+00:00,1171.36,1176.07,1166.32,1173.47,9269.553
2025-10-15 15:15:00+00:00,1173.47,1175.83,1167.32,1171.32,10952.105
2025-10-15 15:30:00+00:00,1171.33,1176.04,1166.32,1172.68,14541.822
2025-10-15 15:45:00+00:00,1172.69,1175.23,1164.5,1168.53,10610.237
2025-10-15 16:00:00+00:00,1168.54,1170.35,1158.48,1165.31,14637.471
2025-10-15 16:15:00+00:00,1165.3,1173.65,1159.85,1171.92,8509.83
2025-10-15 16:30:00+00:00,1171.93,1174.5,1169.34,1170.69,5358.349
2025-10-15 16:45:00+00:00,1170.7,1187.88,1169.67,1181.42,26817.15
2025-10-15 17:00:00+00:00,1181.42,1181.85,1164.64,1165.2,12163.595
2025-10-15 17:15:00+00:00,1165.18,1168.8,1159.24,1160.92,11223.07
2025-10-15 17:30:00+00:00,1160.91,1164.76,1156.13,1163.15,8637.656
2025-10-15 17:45:00+00:00,1163.15,1168.0,1162.92,1167.2,4375.47
2025-10-15 18:00:00+00:00,1167.19,1168.0,1161.77,1166.07,3918.025
2025-10-15 18:15:00+00:00,1166.08,1168.58,1162.69,1166.47,8337.174
2025-10-15 18:30:00+00:00,1166.48,1168.23,1163.52,1166.76,3233.196
2025-10-15 18:45:00+00:00,1166.75,1173.13,1166.14,1171.61,2771.332
2025-10-15 19:00:00+00:00,1171.6,1171.77,1166.84,1167.59,1871.863
2025-10-15 19:15:00+00:00,1167.58,1171.43,1167.08,1170.2,1712.31
2025-10-15 19:30:00+00:00,1170.21,1171.43,1164.51,1166.7,2127.94
2025-10-15 19:45:00+00:00,1166.71,1167.75,1162.87,1164.3,2176.775
2025-10-15 20:00:00+00:00,1164.3,1168.46,1164.3,1167.45,2306.224
2025-10-15 20:15:00+00:00,1167.46,1170.4,1163.16,1163.79,2872.528
2025-10-15 20:30:00+00:00,1163.8,1163.8,1151.24,1161.5,16903.73
2025-10-15 20:45:00+00:00,1161.5,1162.17,1155.54,1155.73,4174.151
2025-10-15 21:00:00+00:00,1155.74,1158.86,1150.0,1152.74,7384.295
2025-10-15 21:15:00+00:00,1152.75,1158.12,1148.92,1156.85,9289.829
2025-10-15 21:30:00+00:00,1156.85,1162.05,1155.11,1158.01,5204.698
2025-10-15 21:45:00+00:00,1158.01,1158.94,1151.64,1153.32,2318.348
2025-10-15 22:00:00+00:00,1153.32,1160.32,1152.6,1159.9,4305.228
2025-10-15 22:15:00+00:00,1159.9,1165.41,1158.48,1158.92,4974.619
2025-10-15 22:30:00+00:00,1158.92,1162.77,1158.44,1160.34,2944.09
2025-10-15 22:45:00+00:00,1160.33,1160.71,1151.64,1153.97,5011.995
2025-10-15 23:00:00+00:00,1153.96,1158.32,1151.73,1157.42,2930.483
2025-10-15 23:15:00+00:00,1157.41,1160.99,1155.48,1160.58,2824.508
2025-10-15 23:30:00+00:00,1160.58,1165.22,1160.39,1164.2,3619.078
2025-10-15 23:45:00+00:00,1164.2,1165.08,1160.58,1162.57,2557.835
2025-10-16 00:00:00+00:00,1162.57,1164.79,1158.69,1159.02,3454.662
2025-10-16 00:15:00+00:00,1159.02,1169.09,1159.01,1168.54,4583.032
2025-10-16 00:30:00+00:00,1168.53,1168.53,1164.03,1165.91,4541.706
2025-10-16 00:45:00+00:00,1165.9,1171.54,1165.0,1171.02,3988.683
2025-10-16 01:00:00+00:00,1171.01,1180.95,1169.51,1179.43,8774.615
2025-10-16 01:15:00+00:00,1179.43,1184.68,1176.61,1178.73,9174.365
2025-10-16 01:30:00+00:00,1178.74,1183.2,1177.72,1181.64,4282.767
2025-10-16 01:45:00+00:00,1181.64,1185.62,1180.09,1182.83,3870.258
2025-10-16 02:00:00+00:00,1182.84,1188.89,1181.34,1187.55,7389.513
2025-10-16 02:15:00+00:00,1187.56,1195.0,1186.52,1191.91,9307.618
2025-10-16 02:30:00+00:00,1191.9,1194.01,1186.6,1187.44,6062.252
2025-10-16 02:45:00+00:00,1187.44,1192.51,1187.18,1191.67,5100.835
2025-10-16 03:00:00+00:00,1191.67,1194.61,1188.3,1188.61,7212.226
2025-10-16 03:15:00+00:00,1188.6,1191.29,1185.28,1185.97,3681.782
2025-10-16 03:30:00+00:00,1185.97,1190.33,1180.5,1188.02,10500.22
2025-10-16 03:45:00+00:00,1188.02,1188.65,1183.32,1183.82,2000.117
2025-10-16 04:00:00+00:00,1183.83,1190.53,1183.77,1189.79,4630.44
2025-10-16 04:15:00+00:00,1189.79,1191.09,1186.89,1187.29,5435.347
2025-10-16 04:30:00+00:00,1187.3,1187.63,1178.66,1179.81,3832.522
2025-10-16 04:45:00+00:00,1179.8,1186.07,1173.87,1179.0,9274.125
2025-10-16 05:00:00+00:00,1179.0,1180.6,1176.3,1178.61,3432.418
2025-10-16 05:15:00+00:00,1178.62,1180.28,1175.4,1175.83,3688.909
2025-10-16 05:30:00+00:00,1175.82,1185.5,1175.82,1184.01,6321.963
2025-10-16 05:45:00+00:00,1184.01,1189.01,1177.85,1182.71,9878.658
2025-10-16 06:00:00+00:00,1182.7,1185.62,1180.74,1181.66,3774.846
2025-10-16 06:15:00+00:00,1181.67,1189.62,1180.69,1188.68,6079.234
2025-10-16 06:30:00+00:00,1188.67,1189.85,1185.9,1187.84,4953.622
2025-10-16 06:45:00+00:00,1187.84,1192.37,1187.67,1188.61,6542.387
2025-10-16 07:00:00+00:00,1188.61,1189.14,1183.74,1186.49,5485.331
2025-10-16 07:15:00+00:00,1186.49,1186.5,1178.59,1179.67,5455.148
2025-10-16 07:30:00+00:00,1179.68,1183.27,1179.05,1182.4,5213.86
2025-10-16 07:45:00+00:00,1182.4,1185.22,1180.08,1184.47,4771.611
2025-10-16 08:00:00+00:00,1184.48,1185.9,1177.77,1183.65,10950.934
2025-10-16 08:15:00+00:00,1183.65,1184.13,1181.19,1182.57,3764.739
2025-10-16 08:30:00+00:00,1182.56,1188.54,1181.94,1186.01,5990.774
2025-10-16 08:45:00+00:00,1186.01,1189.27,1184.12,1187.18,4804.888
2025-10-16 09:00:00+00:00,1187.18,1192.77,1186.6,1192.48,9266.438
2025-10-16 09:15:00+00:00,1192.47,1193.75,1186.73,1186.87,8111.949
2025-10-16 09:30:00+00:00,1186.91,1188.88,1170.11,1188.12,24243.695
2025-10-16 09:45:00+00:00,1188.12,1194.21,1179.75,1179.75,19159.703
2025-10-16 10:00:00+00:00,1179.74,1188.0,1176.45,1184.91,18195.389
2025-10-16 10:15:00+00:00,1184.91,1188.49,1180.21,1181.11,6940.549
2025-10-16 10:30:00+00:00,1181.11,1182.48,1176.84,1178.34,7495.552
2025-10-16 10:45:00+00:00,1178.34,1181.69,1177.81,1180.33,2870.504
2025-10-16 11:00:00+00:00,1180.32,1181.59,1176.3,1177.15,3215.202
2025-10-16 11:15:00+00:00,1177.14,1178.0,1171.8,1172.69,3943.679
2025-10-16 11:30:00+00:00,1172.69,1176.72,1170.27,1176.58,3591.361
2025-10-16 11:45:00+00:00,1176.59,1182.13,1176.24,1181.67,4366.913
2025-10-16 12:00:00+00:00,1181.68,1186.0,1179.85,1179.85,5766.958
2025-10-16 12:15:00+00:00,1179.86,1182.31,1178.69,1179.41,2538.774
2025-10-16 12:30:00+00:00,1179.44,1182.54,1177.27,1182.48,5098.495
2025-10-16 12:45:00+00:00,1182.49,1189.0,1182.48,1186.57,6996.424
2025-10-16 13:00:00+00:00,1186.56,1188.21,1184.15,1186.59,3602.544
2025-10-16 13:15:00+00:00,1186.58,1188.0,1182.95,1185.18,2902.279
2025-10-16 13:30:00+00:00,1185.19,1191.27,1183.64,1189.06,8774.566
2025-10-16 13:45:00+00:00,1189.06,1190.0,1180.95,1181.65,6003.869
2025-10-16 14:00:00+00:00,1181.65,1181.94,1172.72,1172.72,6779.489
2025-10-16 14:15:00+00:00,1172.72,1174.63,1164.2,1170.95,17249.986
2025-10-16 14:30:00+00:00,1170.95,1184.09,1170.41,1182.76,7835.466
2025-10-16 14:45:00+00:00,1182.76,1183.86,1171.97,1173.29,8105.227
2025-10-16 15:00:00+00:00,1173.28,1175.48,1169.04,1173.89,4755.493
2025-10-16 15:15:00+00:00,1173.88,1175.16,1164.55,1166.14,6270.282
2025-10-16 15:30:00+00:00,1166.13,1166.71,1156.0,1157.09,15520.462
2025-10-16 15:45:00+00:00,1157.09,1157.44,1132.36,1135.2,44032.841
2025-10-16 16:00:00+00:00,1135.2,1142.42,1122.31,1138.1,36731.673
2025-10-16 16:15:00+00:00,1138.1,1141.68,1129.15,1137.13,26938.838
2025-10-16 16:30:00+00:00,1137.14,1144.0,1130.48,1140.11,15870.001
2025-10-16 16:45:00+00:00,1140.12,1156.53,1138.15,1154.91,14940.92
2025-10-16 17:00:00+00:00,1154.91,1154.97,1145.31,1146.97,9817.245
2025-10-16 17:15:00+00:00,1146.97,1156.44,1146.96,1152.39,8109.321
2025-10-16 17:30:00+00:00,1152.4,1154.13,1146.06,1147.82,5172.114
2025-10-16 17:45:00+00:00,1147.83,1151.79,1146.01,1150.14,6442.563
2025-10-16 18:00:00+00:00,1150.14,1150.77,1138.22,1139.25,7371.122
2025-10-16 18:15:00+00:00,1139.26,1148.38,1136.53,1144.0,12748.08
2025-10-16 18:30:00+00:00,1144.0,1151.0,1143.63,1148.16,8679.234
2025-10-16 18:45:00+00:00,1148.16,1151.92,1146.1,1151.3,4181.583
2025-10-16 19:00:00+00:00,1151.31,1154.0,1144.73,1146.08,5746.04
2025-10-16 19:15:00+00:00,1146.09,1148.36,1140.63,1144.12,4269.833
2025-10-16 19:30:00+00:00,1144.12,1144.61,1134.37,1140.43,10824.648
2025-10-16 19:45:00+00:00,1140.43,1148.7,1137.42,1145.3,5704.424
2025-10-16 20:00:00+00:00,1145.31,1148.61,1143.56,1146.0,6235.333
2025-10-16 20:15:00+00:00,1146.01,1151.67,1145.75,1150.73,4483.006
2025-10-16 20:30:00+00:00,1150.73,1151.35,1141.29,1145.09,5778.948
2025-10-16 20:45:00+00:00,1145.07,1150.06,1143.88,1145.36,3594.315
2025-10-16 21:00:00+00:00,1145.36,1152.49,1145.32,1151.36,4036.659
2025-10-16 21:15:00+00:00,1151.36,1156.3,1150.4,1156.05,3218.195
2025-10-16 21:30:00+00:00,1156.05,1162.16,1155.57,1158.89,4418.015
2025-10-16 21:45:00+00:00,1158.89,1164.09,1158.22,1163.01,2623.66
2025-10-16 22:00:00+00:00,1163.01,1164.62,1158.87,1160.17,2774.442
2025-10-16 22:15:00+00:00,1160.17,1161.93,1157.77,1158.29,1589.96
2025-10-16 22:30:00+00:00,1158.29,1160.77,1155.29,1155.5,2729.547
2025-10-16 22:45:00+00:00,1155.48,1158.17,1152.28,1152.49,3087.817
2025-10-16 23:00:00+00:00,1152.49,1154.86,1150.66,1152.72,2478.585
2025-10-16 23:15:00+00:00,1152.72,1157.39,1152.72,1153.03,3054.104
2025-10-16 23:30:00+00:00,1153.03,1153.07,1144.31,1145.0,6681.346
2025-10-16 23:45:00+00:00,1145.0,1147.02,1142.09,1144.83,4654.43
2025-10-17 00:00:00+00:00,1144.83,1146.91,1142.96,1146.9,3432.308
2025-10-17 00:15:00+00:00,1146.91,1152.27,1146.9,1152.07,2600.269
2025-10-17 00:30:00+00:00,1152.06,1153.42,1149.03,1149.5,3616.794
2025-10-17 00:45:00+00:00,1149.51,1149.98,1145.87,1149.9,4557.342
2025-10-17 01:00:00+00:00,1149.9,1156.3,1147.76,1154.22,6599.765
2025-10-17 01:15:00+00:00,1154.22,1156.28,1150.6,1152.72,3613.783
2025-10-17 01:30:00+00:00,1152.72,1153.79,1146.25,1146.85,3120.508
2025-10-17 01:45:00+00:00,1146.86,1148.72,1143.37,1146.51,2691.214
2025-10-17 02:00:00+00:00,1146.51,1148.18,1141.91,1142.9,3608.988
2025-10-17 02:15:00+00:00,1142.89,1142.99,1138.15,1138.18,3436.396
2025-10-17 02:30:00+00:00,1138.18,1144.16,1137.42,1143.34,3047.896
2025-10-17 02:45:00+00:00,1143.34,1149.86,1142.16,1147.35,4684.505
2025-10-17 03:00:00+00:00,1147.36,1151.91,1146.29,1150.73,5731.409
2025-10-17 03:15:00+00:00,1150.73,1151.12,1147.8,1148.47,4791.276
2025-10-17 03:30:00+00:00,1148.47,1150.38,1146.28,1147.39,2588.476
2025-10-17 03:45:00+00:00,1147.39,1150.6,1146.74,1150.54,2070.0
2025-10-17 04:00:00+00:00,1150.54,1154.09,1148.83,1149.73,3051.77
2025-10-17 04:15:00+00:00,1149.73,1150.28,1145.99,1146.75,2754.618
2025-10-17 04:30:00+00:00,1146.75,1149.61,1144.89,1145.17,1667.212
2025-10-17 04:45:00+00:00,1145.17,1147.33,1143.72,1144.02,1701.362
2025-10-17 05:00:00+00:00,1144.03,1146.72,1143.69,1143.77,1553.18
2025-10-17 05:15:00+00:00,1143.78,1143.79,1139.11,1141.92,4034.715
2025-10-17 05:30:00+00:00,1141.93,1143.44,1135.88,1136.57,4050.864
2025-10-17 05:45:00+00:00,1136.58,1136.98,1126.44,1128.96,11749.276
2025-10-17 06:00:00+00:00,1128.96,1133.58,1127.64,1130.18,6268.519
2025-10-17 06:15:00+00:00,1130.19,1131.47,1121.0,1123.17,14721.388
2025-10-17 06:30:00+00:00,1123.17,1124.78,1105.83,1107.59,34162.19
2025-10-17 06:45:00+00:00,1107.59,1110.53,1093.33,1095.3,39002.775
2025-10-17 07:00:00+00:00,1095.34,1099.41,1079.11,1082.07,38490.863
2025-10-17 07:15:00+00:00,1082.07,1089.02,1074.13,1075.2,27555.434
2025-10-17 07:30:00+00:00,1075.2,1078.0,1064.76,1066.74,34759.28
2025-10-17 07:45:00+00:00,1066.78,1077.28,1059.53,1062.67,22033.04
2025-10-17 08:00:00+00:00,1062.68,1063.37,1022.26,1022.82,97495.487
2025-10-17 08:15:00+00:00,1022.82,1049.32,1021.0,1042.6,55923.199
2025-10-17 08:30:00+00:00,1042.6,1056.57,1040.3,1042.58,30099.646
2025-10-17 08:45:00+00:00,1042.58,1046.05,1038.0,1043.41,19044.114
2025-10-17 09:00:00+00:00,1043.41,1051.25,1043.04,1048.0,15711.567
2025-10-17 09:15:00+00:00,1048.01,1049.8,1038.8,1046.09,15207.035
2025-10-17 09:30:00+00:00,1046.1,1061.08,1045.33,1047.83,18669.324
2025-10-17 09:45:00+00:00,1047.83,1050.24,1038.31,1038.97,18564.246
2025-10-17 10:00:00+00:00,1038.96,1042.8,1034.0,1039.21,15282.047
2025-10-17 10:15:00+00:00,1039.21,1041.88,1027.38,1031.81,20287.11
2025-10-17 10:30:00+00:00,1031.81,1041.61,1031.19,1039.96,13004.617
2025-10-17 10:45:00+00:00,1039.95,1046.31,1038.0,1043.66,9087.224
2025-10-17 11:00:00+00:00,1043.66,1060.33,1041.25,1059.59,20132.09
2025-10-17 11:15:00+00:00,1059.6,1078.97,1059.17,1073.11,33998.774
2025-10-17 11:30:00+00:00,1073.11,1077.9,1068.93,1074.7,18697.781
2025-10-17 11:45:00+00:00,1074.7,1080.0,1070.83,1072.28,11232.524
2025-10-17 12:00:00+00:00,1072.28,1075.77,1065.76,1068.93,12509.623
2025-10-17 12:15:00+00:00,1068.93,1070.5,1060.08,1063.33,9503.139
2025-10-17 12:30:00+00:00,1063.34,1068.43,1060.12,1066.26,7902.301
2025-10-17 12:45:00+00:00,1066.26,1071.2,1064.0,1064.15,7255.832
2025-10-17 13:00:00+00:00,1064.16,1070.27,1060.19,1060.49,8266.363
2025-10-17 13:15:00+00:00,1060.49,1070.5,1060.0,1066.96,8397.711
2025-10-17 13:30:00+00:00,1066.97,1077.31,1061.17,1062.82,21051.041
2025-10-17 13:45:00+00:00,1062.82,1075.31,1056.74,1069.53,15737.832
2025-10-17 14:00:00+00:00,1069.52,1070.8,1060.6,1064.6,9689.454
2025-10-17 14:15:00+00:00,1064.61,1066.35,1059.73,1060.04,8651.919
2025-10-17 14:30:00+00:00,1060.04,1060.5,1046.99,1056.1,20152.719
2025-10-17 14:45:00+00:00,1056.11,1064.08,1054.46,1055.99,10868.948
2025-10-17 15:00:00+00:00,1055.99,1064.0,1054.48,1056.68,8490.953
2025-10-17 15:15:00+00:00,1056.67,1063.74,1056.15,1059.41,10308.523
2025-10-17 15:30:00+00:00,1059.42,1062.93,1050.85,1061.58,8452.547
2025-10-17 15:45:00+00:00,1061.57,1074.26,1061.29,1074.01,11667.272
2025-10-17 16:00:00+00:00,1074.01,1090.2,1071.99,1083.53,27058.509
2025-10-17 16:15:00+00:00,1083.53,1093.0,1081.46,1082.97,18097.137
2025-10-17 16:30:00+00:00,1082.96,1084.17,1071.95,1074.39,10736.31
2025-10-17 16:45:00+00:00,1074.4,1078.56,1067.6,1071.56,7702.583
2025-10-17 17:00:00+00:00,1071.56,1074.83,1067.96,1071.27,6072.282
2025-10-17 17:15:00+00:00,1071.27,1072.49,1066.06,1069.81,5162.889
2025-10-17 17:30:00+00:00,1069.81,1074.37,1067.1,1071.96,7053.061
2025-10-17 17:45:00+00:00,1071.97,1076.8,1067.92,1075.83,4996.34
2025-10-17 18:00:00+00:00,1075.81,1079.53,1075.31,1075.52,4944.324
2025-10-17 18:15:00+00:00,1075.51,1081.21,1074.43,1077.94,5817.494
2025-10-17 18:30:00+00:00,1077.94,1079.1,1073.89,1073.89,5032.228
2025-10-17 18:45:00+00:00,1073.88,1075.32,1070.59,1072.3,3918.406
2025-10-17 19:00:00+00:00,1072.3,1075.6,1071.68,1074.12,2280.146
2025-10-17 19:15:00+00:00,1074.12,1075.38,1071.78,1072.83,1970.087
2025-10-17 19:30:00+00:00,1072.83,1072.84,1064.7,1065.13,4871.047
2025-10-17 19:45:00+00:00,1065.14,1068.04,1063.21,1066.84,2657.173
2025-10-17 20:00:00+00:00,1066.85,1071.77,1064.56,1070.63,2385.947
2025-10-17 20:15:00+00:00,1070.64,1077.49,1070.62,1076.64,2783.094
2025-10-17 20:30:00+00:00,1076.64,1078.68,1074.82,1076.51,2383.664
2025-10-17 20:45:00+00:00,1076.51,1079.11,1076.31,1078.08,1646.763
2025-10-17 21:00:00+00:00,1078.07,1087.0,1076.71,1085.86,5233.532
2025-10-17 21:15:00+00:00,1085.87,1089.59,1084.0,1089.11,3778.298
2025-10-17 21:30:00+00:00,1089.1,1089.59,1085.76,1087.25,4039.461
2025-10-17 21:45:00+00:00,1087.25,1089.37,1086.68,1088.26,1432.971
2025-10-17 22:00:00+00:00,1088.27,1090.36,1081.62,1081.78,3695.89
2025-10-17 22:15:00+00:00,1081.78,1084.16,1080.0,1081.19,2771.765
2025-10-17 22:30:00+00:00,1081.2,1081.27,1075.84,1076.63,3164.93
2025-10-17 22:45:00+00:00,1076.63,1078.68,1076.62,1076.82,2467.867
2025-10-17 23:00:00+00:00,1076.83,1078.0,1071.79,1074.24,5538.8
2025-10-17 23:15:00+00:00,1074.23,1075.99,1072.79,1073.85,2519.054
2025-10-17 23:30:00+00:00,1073.86,1075.09,1070.29,1073.97,3115.097
2025-10-17 23:45:00+00:00,1073.97,1074.51,1070.53,1071.15,1804.245
2025-10-18 00:00:00+00:00,1071.15,1073.39,1069.41,1072.52,4108.157
2025-10-18 00:15:00+00:00,1072.51,1079.1,1070.35,1079.06,3955.9
2025-10-18 00:30:00+00:00,1079.05,1082.56,1075.11,1081.44,5208.315
2025-10-18 00:45:00+00:00,1081.43,1081.72,1077.36,1078.92,3445.066
2025-10-18 01:00:00+00:00,1078.93,1083.8,1078.93,1083.66,3230.836
2025-10-18 01:15:00+00:00,1083.67,1089.98,1082.39,1089.64,4961.157
2025-10-18 01:30:00+00:00,1089.65,1090.05,1086.43,1088.36,5037.472
2025-10-18 01:45:00+00:00,1088.37,1088.83,1085.2,1087.14,4894.985
2025-10-18 02:00:00+00:00,1087.14,1094.8,1086.96,1088.68,6049.099
2025-10-18 02:15:00+00:00,1088.69,1093.26,1086.35,1092.38,4138.189
2025-10-18 02:30:00+00:00,1092.39,1093.85,1088.17,1089.53,2877.138
2025-10-18 02:45:00+00:00,1089.53,1089.88,1082.56,1084.42,5241.193
2025-10-18 03:00:00+00:00,1084.42,1090.36,1084.28,1088.81,3594.768
2025-10-18 03:15:00+00:00,1088.81,1091.43,1087.85,1090.93,3537.276
2025-10-18 03:30:00+00:00,1090.93,1092.78,1089.09,1089.25,2343.362
2025-10-18 03:45:00+00:00,1089.25,1091.71,1089.04,1090.19,2365.969
2025-10-18 04:00:00+00:00,1090.18,1090.18,1085.0,1085.48,3540.986
2025-10-18 04:15:00+00:00,1085.47,1087.8,1083.8,1087.32,1677.704
2025-10-18 04:30:00+00:00,1087.33,1088.55,1083.86,1084.26,3216.979
2025-10-18 04:45:00+00:00,1084.26,1085.4,1082.25,1082.82,2103.812
2025-10-18 05:00:00+00:00,1082.82,1086.26,1082.82,1084.64,2589.92
2025-10-18 05:15:00+00:00,1084.65,1085.97,1082.56,1082.94,2488.753
2025-10-18 05:30:00+00:00,1082.95,1084.68,1080.08,1084.06,4246.098
2025-10-18 05:45:00+00:00,1084.06,1088.17,1084.05,1087.79,2420.846
2025-10-18 06:00:00+00:00,1087.79,1092.78,1087.78,1092.36,4230.248
2025-10-18 06:15:00+00:00,1092.37,1099.95,1090.87,1099.05,8153.949
2025-10-18 06:30:00+00:00,1099.06,1103.92,1095.32,1096.1,8101.994
2025-10-18 06:45:00+00:00,1096.09,1110.07,1096.0,1107.84,10847.539
2025-10-18 07:00:00+00:00,1107.85,1130.96,1107.73,1123.23,28896.064
2025-10-18 07:15:00+00:00,1123.23,1123.99,1115.8,1119.73,12171.38
2025-10-18 07:30:00+00:00,1119.72,1127.8,1116.19,1125.32,12938.552
2025-10-18 07:45:00+00:00,1125.32,1131.05,1116.87,1119.34,13020.799
2025-10-18 08:00:00+00:00,1119.33,1125.5,1117.88,1124.61,8576.54
2025-10-18 08:15:00+00:00,1124.6,1124.6,1117.82,1117.85,4619.295
2025-10-18 08:30:00+00:00,1117.86,1122.12,1117.53,1119.22,4300.348
2025-10-18 08:45:00+00:00,1119.22,1119.22,1107.42,1107.88,11775.045
2025-10-18 09:00:00+00:00,1107.89,1110.67,1104.24,1106.22,5832.097
2025-10-18 09:15:00+00:00,1106.22,1113.1,1103.17,1110.88,6683.614
2025-10-18 09:30:00+00:00,1110.87,1111.62,1106.68,1108.58,2656.791
2025-10-18 09:45:00+00:00,1108.59,1111.11,1104.25,1109.08,5851.979
2025-10-18 10:00:00+00:00,1109.08,1111.39,1106.68,1108.39,4646.881
2025-10-18 10:15:00+00:00,1108.4,1109.94,1106.34,1109.55,2020.1
2025-10-18 10:30:00+00:00,1109.55,1115.21,1109.37,1112.84,7365.288
2025-10-18 10:45:00+00:00,1112.84,1112.84,1101.39,1104.12,6130.747
2025-10-18 11:00:00+00:00,1104.11,1105.35,1102.33,1105.15,2240.65
2025-10-18 11:15:00+00:00,1105.15,1106.22,1097.27,1098.74,7112.328
2025-10-18 11:30:00+00:00,1098.74,1102.26,1096.48,1102.26,6251.394
2025-10-18 11:45:00+00:00,1102.27,1104.13,1101.09,1103.58,4133.074
2025-10-18 12:00:00+00:00,1103.59,1104.02,1099.75,1101.99,3265.483
2025-10-18 12:15:00+00:00,1101.99,1105.8,1098.75,1100.7,4904.957
2025-10-18 12:30:00+00:00,1100.71,1101.25,1096.55,1099.67,2988.752
2025-10-18 12:45:00+00:00,1099.67,1101.39,1098.03,1100.96,1982.738
2025-10-18 13:00:00+00:00,1100.95,1101.03,1094.22,1096.36,4145.259
2025-10-18 13:15:00+00:00,1096.37,1096.47,1091.75,1093.6,5816.5
2025-10-18 13:30:00+00:00,1093.6,1093.6,1085.48,1089.49,6638.963
2025-10-18 13:45:00+00:00,1089.5,1090.54,1086.0,1086.77,4717.58
2025-10-18 14:00:00+00:00,1086.76,1089.8,1082.7,1084.86,6249.725
2025-10-18 14:15:00+00:00,1084.86,1090.28,1084.42,1089.96,3613.167
2025-10-18 14:30:00+00:00,1089.96,1096.89,1089.9,1093.99,4565.713
2025-10-18 14:45:00+00:00,1094.0,1096.96,1091.76,1093.4,3616.038
2025-10-18 15:00:00+00:00,1093.4,1095.7,1091.78,1092.95,2717.684
2025-10-18 15:15:00+00:00,1092.95,1094.76,1091.42,1091.47,2390.32
2025-10-18 15:30:00+00:00,1091.47,1092.43,1086.99,1092.07,4814.662
2025-10-18 15:45:00+00:00,1092.08,1093.43,1090.98,1091.24,1325.093
2025-10-18 16:00:00+00:00,1091.24,1094.69,1088.81,1089.29,3268.261
2025-10-18 16:15:00+00:00,1089.29,1089.96,1084.06,1085.66,2835.241
2025-10-18 16:30:00+00:00,1085.67,1085.97,1081.67,1084.41,3700.87
2025-10-18 16:45:00+00:00,1084.42,1090.67,1084.32,1089.59,3785.854
2025-10-18 17:00:00+00:00,1089.58,1090.13,1086.92,1090.13,3036.669
2025-10-18 17:15:00+00:00,1090.14,1097.48,1090.14,1095.11,4389.901
2025-10-18 17:30:00+00:00,1095.11,1096.02,1091.24,1091.24,2779.917
2025-10-18 17:45:00+00:00,1091.24,1097.77,1091.18,1096.6,2349.13
2025-10-18 18:00:00+00:00,1096.61,1097.83,1093.45,1094.12,1864.781
2025-10-18 18:15:00+00:00,1094.13,1096.15,1094.12,1095.94,898.232
2025-10-18 18:30:00+00:00,1095.93,1097.04,1095.2,1095.92,1366.89
2025-10-18 18:45:00+00:00,1095.91,1098.95,1095.2,1098.86,1692.496
2025-10-18 19:00:00+00:00,1098.86,1099.71,1096.11,1096.47,2066.571
2025-10-18 19:15:00+00:00,1096.47,1101.8,1095.32,1101.13,3254.912
2025-10-18 19:30:00+00:00,1101.14,1101.59,1099.45,1101.34,1193.412
2025-10-18 19:45:00+00:00,1101.33,1103.84,1101.06,1103.09,2555.887
2025-10-18 20:00:00+00:00,1103.08,1105.0,1100.71,1101.32,2248.843
2025-10-18 20:15:00+00:00,1101.31,1105.19,1100.51,1105.06,1270.801
2025-10-18 20:30:00+00:00,1105.06,1105.38,1101.41,1102.24,1348.111
2025-10-18 20:45:00+00:00,1102.24,1104.28,1097.93,1099.23,2863.602
2025-10-18 21:00:00+00:00,1099.23,1101.35,1090.0,1093.26,9563.723
2025-10-18 21:15:00+00:00,1093.26,1094.17,1083.8,1093.86,9422.518
2025-10-18 21:30:00+00:00,1093.86,1095.23,1092.12,1093.59,1635.634
2025-10-18 21:45:00+00:00,1093.58,1094.3,1092.17,1093.61,722.648
2025-10-18 22:00:00+00:00,1093.6,1093.79,1090.94,1092.34,1143.272
2025-10-18 22:15:00+00:00,1092.34,1097.84,1092.1,1096.09,2426.966
2025-10-18 22:30:00+00:00,1096.09,1096.09,1093.29,1093.83,1958.324
2025-10-18 22:45:00+00:00,1093.83,1093.83,1091.62,1092.75,1002.582
2025-10-18 23:00:00+00:00,1092.74,1093.13,1089.98,1092.44,1251.225
2025-10-18 23:15:00+00:00,1092.43,1094.19,1089.99,1094.06,1059.73
2025-10-18 23:30:00+00:00,1094.06,1094.36,1092.43,1092.79,849.839
2025-10-18 23:45:00+00:00,1092.79,1093.36,1091.66,1092.43,606.365
2025-10-19 00:00:00+00:00,1092.42,1094.18,1087.96,1088.67,2659.248
2025-10-19 00:15:00+00:00,1088.67,1090.33,1087.86,1088.38,1523.188
2025-10-19 00:30:00+00:00,1088.38,1088.68,1081.32,1082.13,4126.591
2025-10-19 00:45:00+00:00,1082.12,1082.62,1077.0,1081.47,5070.317
2025-10-19 01:00:00+00:00,1081.47,1081.52,1077.2,1079.64,2449.338
2025-10-19 01:15:00+00:00,1079.65,1084.62,1079.37,1083.69,2237.25
2025-10-19 01:30:00+00:00,1083.69,1085.32,1081.3,1084.5,1885.713
2025-10-19 01:45:00+00:00,1084.51,1085.38,1082.84,1083.3,1358.22
2025-10-19 02:00:00+00:00,1083.3,1083.73,1080.7,1081.09,1434.664
2025-10-19 02:15:00+00:00,1081.1,1084.41,1080.93,1083.36,1043.355
2025-10-19 02:30:00+00:00,1083.36,1084.4,1081.15,1082.61,1094.634
2025-10-19 02:45:00+00:00,1082.61,1084.72,1081.31,1084.46,1529.801
2025-10-19 03:00:00+00:00,1084.46,1085.0,1083.01,1083.59,950.971
2025-10-19 03:15:00+00:00,1083.59,1089.4,1083.58,1088.22,3055.614
2025-10-19 03:30:00+00:00,1088.23,1093.45,1088.07,1092.52,3508.328
2025-10-19 03:45:00+00:00,1092.52,1094.16,1089.86,1091.71,1985.512
2025-10-19 04:00:00+00:00,1091.72,1092.02,1086.16,1087.07,2819.466
2025-10-19 04:15:00+00:00,1087.07,1089.58,1086.15,1088.81,1271.362
2025-10-19 04:30:00+00:00,1088.81,1090.19,1087.95,1089.54,2016.335
2025-10-19 04:45:00+00:00,1089.54,1090.91,1088.4,1090.91,1181.688
2025-10-19 05:00:00+00:00,1090.91,1094.76,1090.53,1093.7,3273.501
2025-10-19 05:15:00+00:00,1093.7,1097.5,1092.8,1094.28,4271.162
2025-10-19 05:30:00+00:00,1094.28,1095.6,1091.75,1092.41,1656.152
2025-10-19 05:45:00+00:00,1092.41,1092.41,1087.72,1090.51,2424.576
2025-10-19 06:00:00+00:00,1090.51,1093.02,1088.9,1089.11,2079.062
2025-10-19 06:15:00+00:00,1089.11,1090.0,1087.72,1089.2,1959.066
2025-10-19 06:30:00+00:00,1089.21,1089.56,1083.11,1084.54,3810.451
2025-10-19 06:45:00+00:00,1084.54,1085.62,1083.57,1085.59,1790.07
2025-10-19 07:00:00+00:00,1085.6,1087.66,1084.78,1086.84,1647.598
2025-10-19 07:15:00+00:00,1086.83,1089.48,1084.0,1084.16,3121.399
2025-10-19 07:30:00+00:00,1084.16,1086.36,1081.96,1082.7,2784.794
2025-10-19 07:45:00+00:00,1082.7,1084.95,1081.92,1084.38,1663.01
2025-10-19 08:00:00+00:00,1084.39,1086.69,1083.8,1084.9,1594.826
2025-10-19 08:15:00+00:00,1084.9,1093.45,1077.0,1083.56,15385.23
2025-10-19 08:30:00+00:00,1083.55,1083.55,1076.14,1077.6,4365.958
2025-10-19 08:45:00+00:00,1077.61,1079.11,1073.92,1076.46,5461.896
2025-10-19 09:00:00+00:00,1076.46,1076.51,1068.04,1070.57,8538.295
2025-10-19 09:15:00+00:00,1070.56,1074.65,1068.57,1069.45,4652.697
2025-10-19 09:30:00+00:00,1069.46,1086.8,1069.2,1085.52,15054.998
2025-10-19 09:45:00+00:00,1085.51,1097.05,1083.86,1091.86,21852.356
2025-10-19 10:00:00+00:00,1091.85,1096.37,1086.59,1090.94,6590.245
2025-10-19 10:15:00+00:00,1090.93,1104.46,1088.53,1101.91,10832.032
2025-10-19 10:30:00+00:00,1101.91,1102.61,1095.79,1098.44,7083.449
2025-10-19 10:45:00+00:00,1098.45,1101.67,1094.92,1100.83,6601.048
2025-10-19 11:00:00+00:00,1100.83,1109.86,1100.55,1107.76,9664.759
2025-10-19 11:15:00+00:00,1107.76,1110.0,1100.82,1101.62,7737.325
2025-10-19 11:30:00+00:00,1101.62,1104.93,1100.06,1100.11,3392.029
2025-10-19 11:45:00+00:00,1100.13,1101.06,1096.99,1100.55,5961.518
2025-10-19 12:00:00+00:00,1100.55,1103.36,1094.76,1095.94,5848.192
2025-10-19 12:15:00+00:00,1095.91,1096.22,1092.97,1094.69,3255.308
2025-10-19 12:30:00+00:00,1094.7,1098.9,1093.89,1096.13,2629.8
2025-10-19 12:45:00+00:00,1096.13,1098.0,1095.0,1097.42,2341.518
2025-10-19 13:00:00+00:00,1097.37,1098.47,1091.27,1093.78,5335.871
2025-10-19 13:15:00+00:00,1093.79,1095.6,1092.56,1095.0,2516.013
2025-10-19 13:30:00+00:00,1095.0,1102.8,1094.78,1101.8,5033.762
2025-10-19 13:45:00+00:00,1101.79,1116.12,1101.76,1112.86,13273.178
2025-10-19 14:00:00+00:00,1112.86,1115.31,1104.4,1110.15,16579.628
2025-10-19 14:15:00+00:00,1110.15,1120.84,1107.8,1118.46,14483.734
2025-10-19 14:30:00+00:00,1118.45,1118.62,1113.35,1116.75,10120.208
2025-10-19 14:45:00+00:00,1116.76,1121.94,1115.61,1120.25,6499.155
2025-10-19 15:00:00+00:00,1120.23,1121.51,1117.88,1118.64,7491.708
2025-10-19 15:15:00+00:00,1118.65,1122.98,1117.01,1120.9,8448.054
2025-10-19 15:30:00+00:00,1120.9,1122.79,1115.23,1115.64,7130.268
2025-10-19 15:45:00+00:00,1115.65,1119.26,1115.65,1118.94,2869.436
2025-10-19 16:00:00+00:00,1118.94,1120.87,1117.88,1118.34,3304.14
2025-10-19 16:15:00+00:00,1118.34,1123.04,1117.72,1121.03,3004.238
2025-10-19 16:30:00+00:00,1121.02,1128.79,1117.83,1128.08,5501.476
2025-10-19 16:45:00+00:00,1128.07,1128.4,1122.08,1122.6,4023.983
2025-10-19 17:00:00+00:00,1122.61,1131.16,1122.44,1128.78,7217.433
2025-10-19 17:15:00+00:00,1128.78,1133.76,1127.06,1127.14,9456.459
2025-10-19 17:30:00+00:00,1127.15,1129.64,1125.5,1125.69,2816.18
2025-10-19 17:45:00+00:00,1125.69,1125.9,1120.06,1121.88,4436.962
2025-10-19 18:00:00+00:00,1121.88,1123.77,1120.07,1122.13,2816.567
2025-10-19 18:15:00+00:00,1122.14,1125.19,1121.44,1124.05,2351.169
2025-10-19 18:30:00+00:00,1124.07,1126.25,1123.24,1125.85,1514.357
2025-10-19 18:45:00+00:00,1125.85,1127.01,1122.92,1123.07,2257.334
2025-10-19 19:00:00+00:00,1123.07,1123.79,1116.51,1118.69,4429.415
2025-10-19 19:15:00+00:00,1118.68,1119.96,1117.25,1117.54,2074.334
2025-10-19 19:30:00+00:00,1117.54,1118.07,1115.59,1117.62,1898.59
2025-10-19 19:45:00+00:00,1117.61,1117.82,1115.43,1117.11,1041.158
2025-10-19 20:00:00+00:00,1117.11,1119.25,1116.17,1116.7,1646.881
2025-10-19 20:15:00+00:00,1116.69,1117.64,1115.87,1117.38,617.736
2025-10-19 20:30:00+00:00,1117.39,1119.35,1116.96,1119.08,894.994
2025-10-19 20:45:00+00:00,1119.08,1120.23,1117.65,1119.9,1621.859
2025-10-19 21:00:00+00:00,1119.89,1120.76,1115.43,1117.04,3287.216
2025-10-19 21:15:00+00:00,1117.03,1117.36,1113.0,1113.65,2284.761
2025-10-19 21:30:00+00:00,1113.65,1115.95,1113.38,1115.95,919.571
2025-10-19 21:45:00+00:00,1115.95,1116.19,1114.2,1115.98,683.678
2025-10-19 22:00:00+00:00,1115.99,1119.85,1115.99,1118.82,2295.931
2025-10-19 22:15:00+00:00,1118.81,1120.87,1118.0,1120.18,1699.062
2025-10-19 22:30:00+00:00,1120.18,1121.82,1119.5,1121.63,1767.664
2025-10-19 22:45:00+00:00,1121.64,1121.64,1118.79,1119.05,1471.789
2025-10-19 23:00:00+00:00,1119.05,1119.09,1115.42,1115.88,2249.5
2025-10-19 23:15:00+00:00,1115.87,1115.97,1112.52,1113.48,2576.424
2025-10-19 23:30:00+00:00,1113.49,1113.6,1108.37,1108.79,3692.188
2025-10-19 23:45:00+00:00,1108.8,1110.02,1107.6,1109.88,1827.593
2025-10-20 00:00:00+00:00,1109.88,1109.88,1103.03,1105.73,6655.026
2025-10-20 00:15:00+00:00,1105.73,1105.73,1092.99,1095.04,11018.576
2025-10-20 00:30:00+00:00,1095.02,1098.15,1088.19,1096.49,7317.339
2025-10-20 00:45:00+00:00,1096.48,1101.67,1095.77,1101.41,3947.3
2025-10-20 01:00:00+00:00,1101.41,1104.2,1098.15,1102.21,5077.293
2025-10-20 01:15:00+00:00,1102.21,1104.12,1100.38,1102.13,2582.383
2025-10-20 01:30:00+00:00,1102.14,1105.12,1100.05,1102.37,2687.718
2025-10-20 01:45:00+00:00,1102.36,1105.19,1101.01,1104.1,2640.66
2025-10-20 02:00:00+00:00,1104.1,1104.1,1096.65,1098.9,5261.44
2025-10-20 02:15:00+00:00,1098.9,1106.09,1097.61,1104.89,3905.622
2025-10-20 02:30:00+00:00,1104.89,1111.52,1103.04,1109.86,5238.931
2025-10-20 02:45:00+00:00,1109.85,1111.82,1108.3,1109.82,4162.443
2025-10-20 03:00:00+00:00,1109.82,1110.14,1106.77,1109.59,1751.601
2025-10-20 03:15:00+00:00,1109.59,1113.93,1109.1,1110.96,4368.512
2025-10-20 03:30:00+00:00,1110.96,1116.06,1108.68,1113.66,4054.705
2025-10-20 03:45:00+00:00,1113.66,1128.96,1112.54,1128.74,9877.863
