Price,Close,High,Low,Open,Volume
Ticker,BNB-USD,BNB-USD,BNB-USD,BNB-USD,BNB-USD
Datetime,,,,,
2025-08-20 00:00:00+00:00,828.5803833007812,828.5803833007812,823.60693359375,823.60693359375,7462144
2025-08-20 00:15:00+00:00,824.5443115234375,828.9057006835938,824.5443115234375,828.2482299804688,4020736
2025-08-20 00:30:00+00:00,826.9105834960938,826.9105834960938,824.4395751953125,824.629150390625,9498624
2025-08-20 00:45:00+00:00,826.849365234375,827.5979614257812,826.849365234375,826.9944458007812,0
2025-08-20 01:00:00+00:00,825.058837890625,827.4435424804688,825.058837890625,826.0859985351562,1417472
2025-08-20 01:15:00+00:00,824.3876342773438,825.2702026367188,823.787109375,824.4226684570312,2364928
2025-08-20 01:30:00+00:00,819.4027099609375,824.304443359375,819.4027099609375,824.304443359375,26287872
2025-08-20 01:45:00+00:00,826.2680053710938,826.2680053710938,819.4413452148438,819.4413452148438,37513728
2025-08-20 02:00:00+00:00,828.7233276367188,828.7233276367188,826.64306640625,826.64306640625,13806080
2025-08-20 02:15:00+00:00,830.372802734375,830.5308227539062,828.87109375,828.87109375,11870720
2025-08-20 02:30:00+00:00,829.4829711914062,830.4121704101562,829.3372192382812,830.4121704101562,10816256
2025-08-20 02:45:00+00:00,830.4960327148438,830.4960327148438,829.9959716796875,830.0302124023438,0
2025-08-20 03:00:00+00:00,830.2489013671875,830.940185546875,830.2489013671875,830.4418334960938,0
2025-08-20 03:15:00+00:00,833.3855590820312,833.3855590820312,830.0296630859375,830.0771484375,5644544
2025-08-20 03:30:00+00:00,836.0517578125,836.24560546875,833.4400024414062,833.4400024414062,12845056
2025-08-20 03:45:00+00:00,836.4578247070312,836.4578247070312,835.7216186523438,836.0171508789062,0
2025-08-20 04:00:00+00:00,836.5073852539062,836.7179565429688,836.308349609375,836.4579467773438,0
2025-08-20 04:15:00+00:00,836.87744140625,836.87744140625,836.2406616210938,836.5341796875,0
2025-08-20 04:30:00+00:00,835.2938232421875,836.838623046875,835.2314453125,836.838623046875,5777920
2025-08-20 04:45:00+00:00,835.869873046875,835.953857421875,835.2022094726562,835.3335571289062,830720
2025-08-20 05:00:00+00:00,835.2882080078125,835.9163208007812,835.2661743164062,835.9163208007812,1920768
2025-08-20 05:15:00+00:00,834.6121826171875,835.2368774414062,834.1176147460938,835.2368774414062,0
2025-08-20 05:30:00+00:00,834.4467163085938,834.5220336914062,834.3674926757812,834.5191040039062,0
2025-08-20 05:45:00+00:00,834.2730712890625,834.4373779296875,833.6209716796875,834.4373779296875,4371968
2025-08-20 06:00:00+00:00,833.5021362304688,834.5316162109375,833.499267578125,834.3560791015625,32241920
2025-08-20 06:15:00+00:00,834.3108520507812,834.3108520507812,833.180908203125,833.4832153320312,263895552
2025-08-20 06:30:00+00:00,836.4003295898438,836.5106201171875,834.8287963867188,834.9336547851562,14611456
2025-08-20 06:45:00+00:00,836.3049926757812,836.3878784179688,835.9345703125,836.3878784179688,3977216
2025-08-20 07:00:00+00:00,836.8883056640625,836.9096069335938,836.44970703125,836.5567626953125,3721472
2025-08-20 07:15:00+00:00,836.3458251953125,837.1722412109375,836.3458251953125,836.91357421875,12094720
2025-08-20 07:30:00+00:00,835.4580078125,836.3707885742188,835.1779174804688,836.3707885742188,2599424
2025-08-20 07:45:00+00:00,834.1630859375,835.4090576171875,834.1630859375,835.4090576171875,3713536
2025-08-20 08:00:00+00:00,833.5276489257812,834.5040893554688,833.4921875,834.3145141601562,10027776
2025-08-20 08:15:00+00:00,833.5529174804688,833.5529174804688,833.3715209960938,833.5389404296875,15588352
2025-08-20 08:30:00+00:00,833.8343505859375,833.919921875,833.556884765625,833.556884765625,20611584
2025-08-20 08:45:00+00:00,833.9114379882812,834.008544921875,833.7831420898438,833.8487548828125,18253568
2025-08-20 09:00:00+00:00,833.5393676757812,834.0377197265625,833.5393676757812,833.9216918945312,36608000
2025-08-20 09:15:00+00:00,831.3211059570312,833.5740356445312,831.3054809570312,833.5740356445312,6006528
2025-08-20 09:30:00+00:00,831.6416015625,831.9484252929688,831.4788818359375,831.9484252929688,0
2025-08-20 09:45:00+00:00,829.3717651367188,831.62744140625,829.3717651367188,831.62744140625,1539584
2025-08-20 10:00:00+00:00,830.2389526367188,830.3246459960938,829.3106079101562,829.3106079101562,0
2025-08-20 10:15:00+00:00,831.77685546875,832.2008666992188,830.2547607421875,830.2547607421875,7203328
2025-08-20 10:30:00+00:00,833.4749145507812,833.4749145507812,831.6809692382812,831.7677001953125,1859328
2025-08-20 10:45:00+00:00,833.7205200195312,833.7205200195312,833.4991455078125,833.4991455078125,0
2025-08-20 11:00:00+00:00,832.61767578125,833.93603515625,832.61767578125,833.6820068359375,11996672
2025-08-20 11:15:00+00:00,832.37890625,832.830322265625,832.1447143554688,832.6265869140625,2132736
2025-08-20 11:30:00+00:00,828.42626953125,832.2640991210938,828.42626953125,832.2640991210938,0
2025-08-20 11:45:00+00:00,830.2136840820312,830.2136840820312,827.2355346679688,828.4813842773438,13573632
2025-08-20 12:00:00+00:00,833.2328491210938,833.6070556640625,830.3086547851562,830.3086547851562,16982784
2025-08-20 12:15:00+00:00,830.8544311523438,833.2111206054688,830.8544311523438,833.2111206054688,5068288
2025-08-20 12:30:00+00:00,833.149169921875,833.149169921875,830.9390869140625,831.3831176757812,1584384
2025-08-20 12:45:00+00:00,832.9177856445312,833.2803344726562,832.5167236328125,833.1071166992188,9502976
2025-08-20 13:00:00+00:00,830.1428833007812,832.7134399414062,830.1428833007812,832.6611938476562,0
2025-08-20 13:15:00+00:00,829.1674194335938,830.1202392578125,828.5499267578125,830.1202392578125,968704
2025-08-20 13:30:00+00:00,829.5000610351562,830.5050048828125,828.3436279296875,829.3995971679688,6663168
2025-08-20 13:45:00+00:00,824.9940185546875,828.845947265625,824.3199462890625,828.845947265625,4025856
2025-08-20 14:00:00+00:00,821.9688720703125,825.6010131835938,821.9688720703125,824.7293090820312,5198080
2025-08-20 14:15:00+00:00,824.35546875,824.8883056640625,821.0241088867188,822.1880493164062,5783040
2025-08-20 14:30:00+00:00,829.2601928710938,829.4511108398438,824.4498291015625,824.4498291015625,4903680
2025-08-20 14:45:00+00:00,828.6498413085938,830.1231689453125,828.3629150390625,829.0606689453125,2590976
2025-08-20 15:00:00+00:00,834.0900268554688,834.0900268554688,828.5783081054688,828.5783081054688,6606080
2025-08-20 15:15:00+00:00,836.82275390625,837.1333618164062,834.2479858398438,834.2479858398438,51098880
2025-08-20 15:30:00+00:00,835.9835205078125,836.2986450195312,835.4147338867188,836.2986450195312,889344
2025-08-20 15:45:00+00:00,832.9152221679688,835.7684936523438,832.9152221679688,835.7684936523438,0
2025-08-20 16:00:00+00:00,834.9557495117188,835.0637817382812,833.060791015625,833.060791015625,6519808
2025-08-20 16:15:00+00:00,838.7708129882812,838.7708129882812,835.1392822265625,835.1392822265625,16584704
2025-08-20 16:30:00+00:00,839.3823852539062,839.5414428710938,839.0152587890625,839.5414428710938,11000832
2025-08-20 16:45:00+00:00,840.6436157226562,842.7850952148438,839.387939453125,839.387939453125,17413632
2025-08-20 17:00:00+00:00,844.7648315429688,844.865478515625,840.0377807617188,840.6460571289062,8268288
2025-08-20 17:15:00+00:00,842.0932006835938,844.5882568359375,842.0166015625,844.5882568359375,267264
2025-08-20 17:30:00+00:00,843.642333984375,843.66455078125,841.8521728515625,841.8701171875,5100544
2025-08-20 17:45:00+00:00,844.951416015625,846.0331420898438,843.6224365234375,843.6224365234375,14732032
2025-08-20 18:00:00+00:00,846.0658569335938,846.4219970703125,844.9708862304688,844.9708862304688,19405568
2025-08-20 18:15:00+00:00,845.9877319335938,846.0455932617188,844.948974609375,845.810791015625,19666432
2025-08-20 18:30:00+00:00,847.5248413085938,847.588623046875,844.4581909179688,846.0631103515625,20415488
2025-08-20 18:45:00+00:00,852.0399169921875,852.1195678710938,847.6359252929688,847.9217529296875,36408576
2025-08-20 19:00:00+00:00,865.9821166992188,867.1666870117188,853.4075927734375,853.4075927734375,131933696
2025-08-20 19:15:00+00:00,866.1231689453125,866.1231689453125,861.96826171875,865.4489135742188,36224256
2025-08-20 19:30:00+00:00,868.0604248046875,868.8034057617188,866.1644897460938,866.1644897460938,55906560
2025-08-20 19:45:00+00:00,868.0631103515625,868.0631103515625,867.3705444335938,867.8363037109375,3733760
2025-08-20 20:00:00+00:00,868.5797119140625,869.5103149414062,867.7905883789062,869.0785522460938,22846720
2025-08-20 20:15:00+00:00,868.8578491210938,869.530029296875,868.657958984375,868.657958984375,27553536
2025-08-20 20:30:00+00:00,874.3402099609375,874.6141967773438,868.892822265625,868.892822265625,51821824
2025-08-20 20:45:00+00:00,873.3143920898438,874.23193359375,873.27001953125,874.23193359375,15965440
2025-08-20 21:00:00+00:00,879.0604858398438,879.0912475585938,872.4537353515625,873.4597778320312,61298432
2025-08-20 21:15:00+00:00,876.0421142578125,879.9561767578125,876.0421142578125,879.3800659179688,33820160
2025-08-20 21:30:00+00:00,878.6535034179688,878.6535034179688,876.1119384765625,876.130615234375,15419648
2025-08-20 21:45:00+00:00,878.2540283203125,879.1326293945312,877.365966796875,878.7684936523438,7206656
2025-08-20 22:00:00+00:00,877.9189453125,879.1923217773438,877.9189453125,878.1910400390625,8084736
2025-08-20 22:15:00+00:00,876.2344970703125,878.0299072265625,876.1630249023438,877.9326171875,4978944
2025-08-20 22:30:00+00:00,874.8186645507812,876.2989501953125,874.8186645507812,876.2989501953125,3929088
2025-08-20 22:45:00+00:00,875.7023315429688,876.0751342773438,874.4776611328125,874.8314208984375,33846016
2025-08-20 23:00:00+00:00,875.1351928710938,876.0086059570312,875.1351928710938,875.7069091796875,11247360
2025-08-20 23:15:00+00:00,872.3402099609375,875.1476440429688,872.328125,875.1476440429688,13243904
2025-08-20 23:30:00+00:00,872.0780639648438,872.4180908203125,872.0780639648438,872.3290405273438,1475072
2025-08-20 23:45:00+00:00,869.0525512695312,872.0961303710938,869.0525512695312,872.0961303710938,0
2025-08-21 00:00:00+00:00,868.66943359375,869.0845336914062,868.4965209960938,869.0430908203125,2340096
2025-08-21 00:15:00+00:00,870.998046875,870.998046875,868.5264892578125,868.5264892578125,12756992
2025-08-21 00:30:00+00:00,874.75,874.824951171875,871.086669921875,871.086669921875,19202816
2025-08-21 00:45:00+00:00,874.101318359375,874.8919677734375,873.4673461914062,874.75,10486272
2025-08-21 01:00:00+00:00,873.7728271484375,875.2943725585938,873.7728271484375,874.8745727539062,2745600
2025-08-21 01:15:00+00:00,871.663330078125,874.1493530273438,871.663330078125,873.822265625,4677632
2025-08-21 01:30:00+00:00,876.7294921875,876.7294921875,872.4619750976562,872.47412109375,0
2025-08-21 01:45:00+00:00,880.8446044921875,880.8446044921875,876.8539428710938,876.8539428710938,39529728
2025-08-21 02:00:00+00:00,876.1085815429688,882.3223876953125,876.1027221679688,880.8636474609375,9552128
2025-08-21 02:15:00+00:00,872.260986328125,875.766845703125,871.9469604492188,875.766845703125,286464
2025-08-21 02:30:00+00:00,868.1534423828125,872.1636962890625,867.7119750976562,872.1636962890625,11733504
2025-08-21 02:45:00+00:00,869.591064453125,869.591064453125,867.8753662109375,867.94189453125,12090880
2025-08-21 03:00:00+00:00,871.2554931640625,871.8646240234375,869.2953491210938,869.2953491210938,12659200
2025-08-21 03:15:00+00:00,867.9490966796875,871.197509765625,867.9490966796875,871.08544921875,5279232
2025-08-21 03:30:00+00:00,868.6328125,868.6912231445312,867.5810546875,867.968017578125,1208576
2025-08-21 03:45:00+00:00,867.8111572265625,868.6060791015625,867.8111572265625,868.4642944335938,13586688
2025-08-21 04:00:00+00:00,864.4857788085938,866.8340454101562,864.4857788085938,866.8340454101562,15037184
2025-08-21 04:15:00+00:00,863.5894775390625,864.31884765625,863.1627807617188,864.2880249023438,15610112
2025-08-21 04:30:00+00:00,863.8056030273438,865.0632934570312,863.5980834960938,863.5980834960938,3598848
2025-08-21 04:45:00+00:00,864.0965576171875,864.545166015625,864.080078125,864.3973999023438,4609024
2025-08-21 05:00:00+00:00,860.953125,864.0645141601562,860.953125,864.0645141601562,8360192
2025-08-21 05:15:00+00:00,860.2528076171875,861.3941650390625,859.8673706054688,861.0208129882812,19930368
2025-08-21 05:30:00+00:00,860.9310302734375,861.3612060546875,860.0545654296875,860.0545654296875,16520192
2025-08-21 05:45:00+00:00,862.8668823242188,862.8817138671875,860.9854736328125,860.9854736328125,23097600
2025-08-21 06:00:00+00:00,862.238037109375,863.2322387695312,862.0787353515625,862.90478515625,2185472
2025-08-21 06:15:00+00:00,862.5481567382812,862.6255493164062,862.2186279296875,862.3001708984375,7412992
2025-08-21 06:30:00+00:00,865.4880981445312,865.4880981445312,862.5473022460938,862.5473022460938,11729664
2025-08-21 06:45:00+00:00,864.6888427734375,865.9599609375,864.6888427734375,865.5878295898438,21424128
2025-08-21 07:00:00+00:00,862.8165893554688,864.6400146484375,862.8165893554688,864.614990234375,1655552
2025-08-21 07:15:00+00:00,860.0130615234375,862.8475952148438,860.0130615234375,862.8475952148438,11093504
2025-08-21 07:30:00+00:00,861.4645385742188,861.4985961914062,858.7342529296875,859.8822021484375,16073216
2025-08-21 07:45:00+00:00,862.2503051757812,862.2503051757812,861.049072265625,861.5052490234375,5542400
2025-08-21 08:00:00+00:00,862.3834228515625,863.2600708007812,862.11962890625,862.2540283203125,0
2025-08-21 08:15:00+00:00,858.6077270507812,862.3783569335938,858.5658569335938,862.3783569335938,9002496
2025-08-21 08:30:00+00:00,858.0330810546875,858.591064453125,857.6676025390625,858.591064453125,77969152
2025-08-21 08:45:00+00:00,857.3428955078125,859.2045288085938,857.286376953125,858.1353759765625,0
2025-08-21 09:00:00+00:00,852.2797241210938,856.7531127929688,852.2797241210938,856.7531127929688,37022720
2025-08-21 09:15:00+00:00,850.19970703125,852.1008911132812,849.968994140625,852.1008911132812,11891456
2025-08-21 09:30:00+00:00,852.9111328125,852.9111328125,850.210205078125,850.210205078125,32256768
2025-08-21 09:45:00+00:00,851.8955688476562,853.64501953125,851.8955688476562,852.9940185546875,0
2025-08-21 10:00:00+00:00,851.796630859375,851.9728393554688,850.4564819335938,851.8679809570312,13411328
2025-08-21 10:15:00+00:00,850.9140014648438,851.7486572265625,850.9140014648438,851.7486572265625,8368128
2025-08-21 10:30:00+00:00,851.1963500976562,851.2178955078125,850.4906616210938,850.9132690429688,12734464
2025-08-21 10:45:00+00:00,850.3394775390625,851.2257080078125,850.3131713867188,851.1986083984375,12967936
2025-08-21 11:00:00+00:00,853.7183837890625,853.9247436523438,850.3505249023438,850.3505249023438,20530176
2025-08-21 11:15:00+00:00,852.6028442382812,853.6690673828125,852.5753173828125,853.6690673828125,20673792
2025-08-21 11:30:00+00:00,851.6475830078125,853.875,851.6475830078125,852.63330078125,6604288
2025-08-21 11:45:00+00:00,851.3873901367188,851.5763549804688,850.4348754882812,851.5763549804688,20274176
2025-08-21 12:00:00+00:00,850.4386596679688,851.4435424804688,850.4386596679688,851.4435424804688,8724224
2025-08-21 12:15:00+00:00,850.7106323242188,850.846435546875,849.680419921875,850.4766845703125,18380032
2025-08-21 12:30:00+00:00,851.7391967773438,851.9783935546875,850.8316040039062,850.8316040039062,5179392
2025-08-21 12:45:00+00:00,847.8201293945312,851.6853637695312,847.8201293945312,851.6853637695312,7360768
2025-08-21 13:00:00+00:00,850.3099975585938,850.6420288085938,847.7664184570312,847.85888671875,1480448
2025-08-21 13:15:00+00:00,850.5107421875,850.5107421875,849.9796752929688,850.2786254882812,1852672
2025-08-21 13:30:00+00:00,851.4920654296875,851.9239501953125,850.5349731445312,850.5349731445312,90160640
2025-08-21 13:45:00+00:00,851.232177734375,852.7578735351562,851.232177734375,851.5805053710938,16869632
2025-08-21 14:00:00+00:00,853.1338500976562,853.1338500976562,850.8735961914062,850.991943359375,11310592
2025-08-21 14:15:00+00:00,854.7228393554688,855.87744140625,853.1947631835938,853.1947631835938,8962304
2025-08-21 14:30:00+00:00,848.2658081054688,854.4887084960938,848.2658081054688,854.4887084960938,0
2025-08-21 14:45:00+00:00,850.4300537109375,850.4959716796875,848.56884765625,848.56884765625,3856896
2025-08-21 15:00:00+00:00,848.8347778320312,850.4771728515625,848.1337280273438,850.4771728515625,824576
2025-08-21 15:15:00+00:00,846.8721923828125,848.2767333984375,846.082275390625,848.2767333984375,0
2025-08-21 15:30:00+00:00,845.6735229492188,847.0403442382812,844.6380615234375,847.0403442382812,14610688
2025-08-21 15:45:00+00:00,841.8381958007812,845.3788452148438,841.8381958007812,845.3788452148438,2332672
2025-08-21 16:00:00+00:00,843.4025268554688,843.4025268554688,841.50341796875,841.796630859375,2634752
2025-08-21 16:15:00+00:00,842.5347290039062,844.0939331054688,842.5347290039062,843.489501953125,12691712
2025-08-21 16:30:00+00:00,841.2034912109375,842.9530639648438,841.2034912109375,842.5867309570312,0
2025-08-21 16:45:00+00:00,839.6519165039062,841.1685180664062,839.6435546875,841.1685180664062,6479104
2025-08-21 17:00:00+00:00,838.8822631835938,839.4793090820312,838.4373779296875,839.4793090820312,0
2025-08-21 17:15:00+00:00,839.3370361328125,839.71044921875,838.8497314453125,838.8497314453125,5349376
2025-08-21 17:30:00+00:00,842.3714599609375,842.3714599609375,839.2820434570312,839.2820434570312,7141888
2025-08-21 17:45:00+00:00,841.8377685546875,842.7540283203125,841.7977294921875,842.2852783203125,0
2025-08-21 18:00:00+00:00,841.1818237304688,841.8743896484375,841.1818237304688,841.8541259765625,0
2025-08-21 18:15:00+00:00,841.9658203125,842.1251220703125,841.0709838867188,841.2144775390625,4321792
2025-08-21 18:30:00+00:00,840.9869995117188,841.903564453125,840.75146484375,841.903564453125,8492544
2025-08-21 18:45:00+00:00,840.8502807617188,840.9796752929688,838.9299926757812,840.9796752929688,768000
2025-08-21 19:00:00+00:00,840.8894653320312,841.169677734375,840.3716430664062,840.7459716796875,0
2025-08-21 19:15:00+00:00,836.8814697265625,840.8250732421875,836.8091430664062,840.8250732421875,0
2025-08-21 19:30:00+00:00,836.2582397460938,836.9698486328125,836.1849975585938,836.9698486328125,0
2025-08-21 19:45:00+00:00,835.678955078125,836.2300415039062,835.4794311523438,836.2300415039062,4753664
2025-08-21 20:00:00+00:00,835.6305541992188,836.0733642578125,835.5635375976562,835.7713623046875,0
2025-08-21 20:15:00+00:00,836.594482421875,837.0248413085938,835.7941284179688,835.7941284179688,0
2025-08-21 20:30:00+00:00,836.2086791992188,836.5684814453125,834.0916137695312,836.5684814453125,0
2025-08-21 20:45:00+00:00,839.3981323242188,839.458984375,836.270263671875,836.270263671875,2467072
2025-08-21 21:00:00+00:00,837.5606079101562,839.3070068359375,836.39501953125,839.3070068359375,0
2025-08-21 21:15:00+00:00,839.2081298828125,839.3695678710938,837.887451171875,837.887451171875,6398464
2025-08-21 21:30:00+00:00,839.0465698242188,839.760986328125,839.0465698242188,839.2722778320312,0
2025-08-21 21:45:00+00:00,839.4891967773438,839.5386962890625,838.3855590820312,838.939697265625,0
2025-08-21 22:00:00+00:00,840.2969360351562,840.2969360351562,838.8960571289062,839.4728393554688,238336
2025-08-21 22:15:00+00:00,840.7449951171875,840.7493896484375,840.3247680664062,840.3247680664062,3949824
2025-08-21 22:30:00+00:00,840.2979736328125,840.6707763671875,840.1988525390625,840.6707763671875,0
2025-08-21 22:45:00+00:00,841.765380859375,841.765380859375,840.3670043945312,840.3670043945312,0
2025-08-21 23:00:00+00:00,839.971435546875,841.7571411132812,839.971435546875,841.7571411132812,1730048
2025-08-21 23:15:00+00:00,840.4393310546875,840.4393310546875,839.7158203125,840.0227661132812,11113728
2025-08-21 23:30:00+00:00,838.2152709960938,840.6524658203125,838.2152709960938,840.4310302734375,0
2025-08-21 23:45:00+00:00,839.1171875,839.1171875,837.8613891601562,838.189697265625,0
2025-08-22 00:00:00+00:00,841.9927368164062,841.9927368164062,839.31689453125,839.31689453125,458496
2025-08-22 00:15:00+00:00,842.085693359375,842.5214233398438,841.3922119140625,841.8275146484375,0
2025-08-22 00:30:00+00:00,842.8348999023438,843.4873657226562,842.052734375,842.052734375,0
2025-08-22 00:45:00+00:00,841.945068359375,842.8855590820312,841.2615966796875,842.8855590820312,0
2025-08-22 01:00:00+00:00,839.7527465820312,842.2664184570312,839.660888671875,841.9400634765625,2273536
2025-08-22 01:15:00+00:00,842.0460815429688,842.2022094726562,840.36279296875,840.4473876953125,1870848
2025-08-22 01:30:00+00:00,842.7753295898438,842.7753295898438,841.6493530273438,842.0103149414062,3302656
2025-08-22 01:45:00+00:00,845.6176147460938,845.6805419921875,842.880615234375,842.880615234375,0
2025-08-22 02:00:00+00:00,848.5247192382812,848.5626220703125,845.654296875,845.654296875,11315200
2025-08-22 02:15:00+00:00,852.8333740234375,852.8333740234375,848.5247192382812,848.5247192382812,15765248
2025-08-22 02:30:00+00:00,850.3782958984375,852.7147827148438,850.3782958984375,852.7147827148438,0
2025-08-22 02:45:00+00:00,848.5117797851562,850.354248046875,848.5117797851562,850.354248046875,4451840
2025-08-22 03:00:00+00:00,850.9024047851562,850.9024047851562,848.5303955078125,848.5458374023438,0
2025-08-22 03:15:00+00:00,848.2246704101562,850.7509765625,848.2246704101562,850.7509765625,9310976
2025-08-22 03:30:00+00:00,845.5872192382812,848.1636352539062,845.5740356445312,848.1636352539062,0
2025-08-22 03:45:00+00:00,845.5789184570312,846.0537109375,845.0192260742188,845.6480712890625,61184
2025-08-22 04:00:00+00:00,848.2374877929688,848.2374877929688,845.5462646484375,845.5843505859375,0
2025-08-22 04:15:00+00:00,849.1478881835938,849.904052734375,848.371826171875,848.371826171875,885504
2025-08-22 04:30:00+00:00,849.1797485351562,849.8091430664062,848.9891967773438,848.9891967773438,0
2025-08-22 04:45:00+00:00,848.8240356445312,849.9724731445312,848.6303100585938,849.3170776367188,12194816
2025-08-22 05:00:00+00:00,850.3878784179688,850.5115356445312,848.9972534179688,848.9972534179688,4722688
2025-08-22 05:15:00+00:00,850.185302734375,850.4364013671875,850.1087646484375,850.4364013671875,5271552
2025-08-22 05:30:00+00:00,849.9517822265625,851.2084350585938,849.8388061523438,850.202392578125,1025536
2025-08-22 05:45:00+00:00,850.4591064453125,850.762451171875,850.101318359375,850.101318359375,0
2025-08-22 06:00:00+00:00,849.5501098632812,850.0759887695312,849.0800170898438,850.0322265625,3540480
2025-08-22 06:15:00+00:00,849.2798461914062,850.096923828125,849.2374267578125,850.0711059570312,1010432
2025-08-22 06:30:00+00:00,845.8215942382812,849.6138305664062,845.8215942382812,849.3326416015625,0
2025-08-22 06:45:00+00:00,850.0911865234375,850.1459350585938,845.9857177734375,845.9857177734375,9406976
2025-08-22 07:00:00+00:00,851.5789184570312,851.5973510742188,849.8206787109375,850.087890625,7509248
2025-08-22 07:15:00+00:00,852.8523559570312,852.8523559570312,851.2460327148438,851.6060791015625,0
2025-08-22 07:30:00+00:00,852.0894165039062,853.9212036132812,852.0894165039062,852.9932861328125,393216
2025-08-22 07:45:00+00:00,851.038818359375,852.0856323242188,851.038818359375,852.0856323242188,8200448
2025-08-22 08:00:00+00:00,853.329833984375,853.329833984375,851.0834350585938,851.0834350585938,0
2025-08-22 08:15:00+00:00,853.9201049804688,854.211181640625,853.3062744140625,853.3062744140625,7036928
2025-08-22 08:30:00+00:00,852.697265625,853.9945678710938,852.5751953125,853.9945678710938,0
2025-08-22 08:45:00+00:00,851.9011840820312,852.6990966796875,851.5783081054688,852.6990966796875,0
2025-08-22 09:00:00+00:00,851.2073364257812,851.8656005859375,851.2073364257812,851.8656005859375,0
2025-08-22 09:15:00+00:00,850.4801635742188,851.2510986328125,850.4275512695312,851.2510986328125,2253824
2025-08-22 09:30:00+00:00,848.8040771484375,851.0866088867188,848.8040771484375,851.0866088867188,13928704
2025-08-22 09:45:00+00:00,848.7825317382812,848.7825317382812,847.560791015625,848.742919921875,19859200
2025-08-22 10:00:00+00:00,847.5408325195312,848.8494262695312,847.5408325195312,848.8494262695312,0
2025-08-22 10:15:00+00:00,845.2451782226562,846.708740234375,845.2130126953125,846.708740234375,94976
2025-08-22 10:30:00+00:00,845.4785766601562,845.699951171875,845.2529907226562,845.3167724609375,3785728
2025-08-22 10:45:00+00:00,846.4522094726562,846.4522094726562,845.5308227539062,845.5308227539062,798208
2025-08-22 11:00:00+00:00,845.5011596679688,846.9653930664062,845.435791015625,846.4562377929688,89088
2025-08-22 11:15:00+00:00,846.0662841796875,846.5182495117188,845.5257568359375,845.5872192382812,6811392
2025-08-22 11:30:00+00:00,846.2769165039062,846.2783813476562,845.901611328125,846.1511840820312,2276096
2025-08-22 11:45:00+00:00,849.252197265625,849.88720703125,846.5480346679688,846.5480346679688,0
2025-08-22 12:00:00+00:00,846.3185424804688,849.3034057617188,846.3180541992188,849.2286376953125,14604544
2025-08-22 12:15:00+00:00,847.03662109375,847.03662109375,845.5042724609375,846.2803344726562,6560000
2025-08-22 12:30:00+00:00,846.0470581054688,847.2215576171875,843.6486206054688,847.2215576171875,7926272
2025-08-22 12:45:00+00:00,848.0993041992188,848.9005126953125,847.45947265625,847.45947265625,24320512
2025-08-22 13:00:00+00:00,849.5859985351562,850.1493530273438,848.1388549804688,848.1388549804688,9574144
2025-08-22 13:15:00+00:00,847.3170166015625,849.53564453125,847.2383422851562,849.53564453125,2128128
2025-08-22 13:30:00+00:00,851.179443359375,851.4110717773438,847.2985229492188,847.3560180664062,8379648
2025-08-22 13:45:00+00:00,850.863037109375,852.8509521484375,850.6603393554688,852.2933349609375,13261056
2025-08-22 14:00:00+00:00,863.4096069335938,863.4096069335938,850.7510375976562,850.7510375976562,116307200
2025-08-22 14:15:00+00:00,865.2223510742188,866.7709350585938,863.4895629882812,863.729736328125,99360512
2025-08-22 14:30:00+00:00,870.2848510742188,870.2848510742188,865.5037841796875,865.5037841796875,39303680
2025-08-22 14:45:00+00:00,871.495849609375,873.1034545898438,869.586181640625,870.0138549804688,43502080
2025-08-22 15:00:00+00:00,877.2090454101562,878.9119873046875,871.817626953125,871.817626953125,52101888
2025-08-22 15:15:00+00:00,878.6517944335938,879.1541748046875,876.6021118164062,877.0505981445312,15559424
2025-08-22 15:30:00+00:00,879.7692260742188,879.867431640625,878.668212890625,878.668212890625,14842368
2025-08-22 15:45:00+00:00,878.8504638671875,880.4762573242188,878.8504638671875,879.7586669921875,47631872
2025-08-22 16:00:00+00:00,882.7525634765625,882.8937377929688,877.8021240234375,878.856201171875,33478656
2025-08-22 16:15:00+00:00,882.5796508789062,884.5831298828125,882.5796508789062,883.1888427734375,29286400
2025-08-22 16:30:00+00:00,884.7146606445312,884.991455078125,882.323974609375,882.323974609375,33747200
2025-08-22 16:45:00+00:00,883.7122192382812,884.860595703125,882.6608276367188,884.860595703125,6958592
2025-08-22 17:00:00+00:00,887.3544921875,887.3544921875,884.9398803710938,884.9580688476562,47718912
2025-08-22 17:15:00+00:00,891.766845703125,892.176025390625,887.6885375976562,887.6885375976562,77606912
2025-08-22 17:30:00+00:00,894.1196899414062,894.7612915039062,891.9201049804688,891.9290771484375,21154048
2025-08-22 17:45:00+00:00,894.4154052734375,895.420654296875,893.628173828125,894.2362060546875,43217152
2025-08-22 18:00:00+00:00,895.8829956054688,895.9501953125,894.44140625,894.44140625,25081088
2025-08-22 18:15:00+00:00,893.7294311523438,897.7886352539062,893.3556518554688,895.9451293945312,33138432
2025-08-22 18:30:00+00:00,893.5839233398438,894.1558227539062,892.7796020507812,893.6217041015625,10856704
2025-08-22 18:45:00+00:00,891.511962890625,894.3908081054688,891.511962890625,893.6739501953125,6596096
2025-08-22 19:00:00+00:00,893.870849609375,893.870849609375,891.8848266601562,891.8848266601562,12866560
2025-08-22 19:15:00+00:00,894.703125,895.1311645507812,894.1251220703125,894.1251220703125,7789056
2025-08-22 19:30:00+00:00,895.1243286132812,895.1243286132812,894.4839477539062,894.7548828125,6071552
2025-08-22 19:45:00+00:00,894.7907104492188,895.9761962890625,894.70361328125,895.1612548828125,16516608
2025-08-22 20:00:00+00:00,894.7023315429688,894.81640625,894.4361572265625,894.69677734375,15871744
2025-08-22 20:15:00+00:00,893.4799194335938,894.7568359375,893.4284057617188,894.63623046875,1699840
2025-08-22 20:30:00+00:00,894.1228637695312,894.4281616210938,893.1449584960938,893.416748046875,13206016
2025-08-22 20:45:00+00:00,894.547119140625,894.7817993164062,894.4166870117188,894.754150390625,5539072
2025-08-22 21:00:00+00:00,898.9222412109375,898.9222412109375,895.5535278320312,895.5535278320312,20295936
2025-08-22 21:15:00+00:00,898.8543701171875,898.86181640625,897.9154663085938,898.86181640625,20168960
2025-08-22 21:30:00+00:00,899.4986572265625,899.6138916015625,898.7236938476562,898.8497924804688,32904960
2025-08-22 21:45:00+00:00,897.37939453125,898.8612670898438,897.37939453125,898.8612670898438,18464000
2025-08-22 22:00:00+00:00,895.8956298828125,897.4125366210938,895.8956298828125,897.364501953125,8715264
2025-08-22 22:15:00+00:00,894.2479858398438,895.8930053710938,894.2479858398438,895.8930053710938,19018240
2025-08-22 22:30:00+00:00,894.3975219726562,894.496826171875,893.9148559570312,894.2545776367188,16875520
2025-08-22 22:45:00+00:00,895.3847045898438,896.1304931640625,894.408935546875,894.408935546875,6668032
2025-08-22 23:00:00+00:00,896.975341796875,896.9989013671875,895.832275390625,895.87548828125,11433216
2025-08-22 23:15:00+00:00,898.169921875,898.169921875,896.9185180664062,896.9389038085938,7213312
2025-08-22 23:30:00+00:00,899.6452026367188,899.690673828125,898.20166015625,898.20166015625,30252544
2025-08-22 23:45:00+00:00,898.6438598632812,899.4837646484375,898.1981201171875,899.4837646484375,12897024
2025-08-23 00:00:00+00:00,895.7451782226562,899.267822265625,895.7451782226562,899.267822265625,5052928
2025-08-23 00:15:00+00:00,895.5485229492188,895.8973999023438,895.1025390625,895.1025390625,15723008
2025-08-23 00:30:00+00:00,892.5895385742188,895.4605102539062,892.5895385742188,895.4603271484375,20938496
2025-08-23 00:45:00+00:00,891.0690307617188,892.572509765625,891.0690307617188,892.572509765625,10132992
2025-08-23 01:00:00+00:00,887.6895751953125,891.0785522460938,887.6895751953125,891.0785522460938,7940864
2025-08-23 01:15:00+00:00,884.2048950195312,887.5833129882812,884.2048950195312,887.5833129882812,49145600
2025-08-23 01:30:00+00:00,881.64306640625,884.224853515625,881.64306640625,884.224853515625,0
2025-08-23 01:45:00+00:00,886.2753295898438,886.2753295898438,881.7927856445312,881.7927856445312,22786816
2025-08-23 02:00:00+00:00,884.6068725585938,887.5750122070312,884.6068725585938,886.2801513671875,0
2025-08-23 02:15:00+00:00,882.52978515625,885.1741943359375,882.52978515625,884.6123657226562,2094592
2025-08-23 02:30:00+00:00,878.0335693359375,882.4744262695312,876.7821044921875,882.4744262695312,13087232
2025-08-23 02:45:00+00:00,883.1388549804688,883.3707885742188,878.2435302734375,878.253662109375,12330240
2025-08-23 03:00:00+00:00,883.2225341796875,883.771240234375,882.0675659179688,883.707763671875,7333632
2025-08-23 03:15:00+00:00,883.0640869140625,883.38671875,882.6603393554688,883.38671875,4786176
2025-08-23 03:30:00+00:00,881.649169921875,883.2335205078125,881.649169921875,883.1167602539062,15395840
2025-08-23 03:45:00+00:00,883.523681640625,883.5640869140625,880.5770874023438,880.5770874023438,4014592
2025-08-23 04:00:00+00:00,883.2706909179688,884.323486328125,882.3453369140625,882.3453369140625,15887616
2025-08-23 04:15:00+00:00,883.2698364257812,883.6403198242188,882.980712890625,883.5390014648438,6348544
2025-08-23 04:30:00+00:00,884.7740478515625,886.2029418945312,883.4969482421875,883.4969482421875,14586112
2025-08-23 04:45:00+00:00,886.713134765625,886.713134765625,884.8228759765625,884.8228759765625,6870528
2025-08-23 05:00:00+00:00,886.5254516601562,886.90966796875,886.5254516601562,886.7446899414062,5050368
2025-08-23 05:15:00+00:00,889.628173828125,889.628173828125,886.5381469726562,886.5381469726562,8603136
2025-08-23 05:30:00+00:00,891.454833984375,892.3081665039062,889.5842895507812,889.5890502929688,41836800
2025-08-23 05:45:00+00:00,890.75830078125,891.7725219726562,890.6664428710938,891.5230102539062,7424256
2025-08-23 06:00:00+00:00,888.9825439453125,890.8008422851562,888.9825439453125,890.7158813476562,17785856
2025-08-23 06:15:00+00:00,888.4411010742188,889.0277709960938,888.0890502929688,889.0277709960938,153344
2025-08-23 06:30:00+00:00,888.83740234375,889.1499633789062,888.4173583984375,888.4173583984375,1406208
2025-08-23 06:45:00+00:00,888.9815063476562,889.296630859375,888.5933837890625,889.296630859375,0
2025-08-23 07:00:00+00:00,890.2974243164062,890.2974243164062,888.7195434570312,888.9616088867188,2154496
2025-08-23 07:15:00+00:00,889.3172607421875,890.2508544921875,889.1531982421875,890.2508544921875,14059776
2025-08-23 07:30:00+00:00,889.396240234375,889.396240234375,888.4320068359375,889.2398071289062,731904
2025-08-23 07:45:00+00:00,887.033935546875,889.3682861328125,886.9990844726562,889.3682861328125,2025472
2025-08-23 08:00:00+00:00,888.3687744140625,888.4766235351562,887.414306640625,887.5719604492188,410880
2025-08-23 08:15:00+00:00,885.0621337890625,888.3553466796875,885.0621337890625,888.3553466796875,16827648
2025-08-23 08:30:00+00:00,886.5496215820312,886.5496215820312,884.5071411132812,885.197509765625,8021248
2025-08-23 08:45:00+00:00,889.7904663085938,889.8524169921875,886.5821533203125,886.5821533203125,16239360
2025-08-23 09:00:00+00:00,889.0564575195312,889.9778442382812,888.9669799804688,889.9778442382812,52480
2025-08-23 09:15:00+00:00,889.1060791015625,889.522216796875,889.0841064453125,889.1261596679688,16208640
2025-08-23 09:30:00+00:00,895.7086791992188,895.7086791992188,889.1702880859375,889.1702880859375,38431744
2025-08-23 09:45:00+00:00,893.5175170898438,895.632568359375,893.5175170898438,895.632568359375,0
2025-08-23 10:00:00+00:00,891.7808837890625,893.3336791992188,891.7808837890625,893.3336791992188,16455424
2025-08-23 10:15:00+00:00,889.0077514648438,891.7438354492188,888.9598388671875,891.7438354492188,0
2025-08-23 10:30:00+00:00,887.0339965820312,889.0093994140625,887.0339965820312,888.9757690429688,752128
2025-08-23 10:45:00+00:00,887.5786743164062,888.345703125,887.2581787109375,887.2581787109375,16829952
2025-08-23 11:00:00+00:00,887.2642211914062,887.5657348632812,886.7606811523438,887.5657348632812,1818112
2025-08-23 11:15:00+00:00,889.4724731445312,890.076171875,887.3213500976562,887.3213500976562,7459584
2025-08-23 11:30:00+00:00,888.74169921875,889.4837036132812,888.1011352539062,889.4837036132812,1627648
2025-08-23 11:45:00+00:00,888.0914306640625,888.8934936523438,888.0914306640625,888.7130126953125,446976
2025-08-23 12:00:00+00:00,888.30615234375,888.30615234375,886.5801391601562,887.8739624023438,0
2025-08-23 12:15:00+00:00,890.0108032226562,890.6261596679688,888.37353515625,888.37353515625,2071552
2025-08-23 12:30:00+00:00,890.8043823242188,890.8544921875,890.003662109375,890.003662109375,0
2025-08-23 12:45:00+00:00,890.4891967773438,890.9182739257812,890.1268920898438,890.8775024414062,10650112
2025-08-23 13:00:00+00:00,890.5559692382812,890.5559692382812,890.2239990234375,890.306640625,0
2025-08-23 13:15:00+00:00,891.6603393554688,891.6603393554688,890.6522827148438,890.6522827148438,1510912
2025-08-23 13:30:00+00:00,890.10986328125,891.6104125976562,889.7457885742188,891.6104125976562,0
2025-08-23 13:45:00+00:00,891.5225219726562,893.2593383789062,890.2744140625,890.2744140625,0
2025-08-23 14:00:00+00:00,890.731201171875,891.83203125,890.731201171875,891.7431030273438,0
2025-08-23 14:15:00+00:00,890.8865966796875,890.99755859375,890.0498046875,890.722412109375,0
2025-08-23 14:30:00+00:00,889.15869140625,892.1588134765625,889.140869140625,890.8508911132812,0
2025-08-23 14:45:00+00:00,887.9385986328125,889.5218505859375,887.8565063476562,889.5218505859375,0
2025-08-23 15:00:00+00:00,889.2633666992188,889.6370849609375,888.5918579101562,888.5918579101562,0
2025-08-23 15:15:00+00:00,889.234619140625,889.8297729492188,888.9041748046875,888.9041748046875,0
2025-08-23 15:30:00+00:00,888.8482055664062,889.3834228515625,888.6445922851562,889.2680053710938,0
2025-08-23 15:45:00+00:00,888.9844360351562,889.0386962890625,888.7466430664062,888.7865600585938,0
2025-08-23 16:00:00+00:00,888.6541137695312,888.7691650390625,888.3712158203125,888.6646728515625,0
2025-08-23 16:15:00+00:00,884.7363891601562,889.089599609375,884.7363891601562,888.6864013671875,836608
2025-08-23 16:30:00+00:00,882.3590698242188,883.0504760742188,882.3590698242188,883.0504760742188,0
2025-08-23 16:45:00+00:00,883.2435913085938,883.2822875976562,882.1591796875,882.3565673828125,0
2025-08-23 17:00:00+00:00,883.5340576171875,884.399658203125,883.2807006835938,883.2807006835938,0
2025-08-23 17:15:00+00:00,879.8615112304688,883.5008544921875,879.8615112304688,883.5008544921875,0
2025-08-23 17:30:00+00:00,880.5701904296875,880.5701904296875,879.4531860351562,879.8452758789062,0
2025-08-23 17:45:00+00:00,880.7965087890625,880.7965087890625,879.9778442382812,880.414306640625,1304576
2025-08-23 18:00:00+00:00,881.6973266601562,881.6973266601562,880.8389282226562,880.8389282226562,0
2025-08-23 18:15:00+00:00,881.4049682617188,881.6988525390625,881.1688232421875,881.6912841796875,76288
2025-08-23 18:30:00+00:00,881.5167846679688,881.5167846679688,881.2528076171875,881.2528076171875,0
2025-08-23 18:45:00+00:00,881.60693359375,881.7962646484375,881.2325439453125,881.5372314453125,0
2025-08-23 19:00:00+00:00,882.1358032226562,882.5444946289062,881.5991821289062,881.5991821289062,1863936
2025-08-23 19:15:00+00:00,882.6229858398438,882.6229858398438,881.740478515625,882.1080322265625,1919488
2025-08-23 19:30:00+00:00,883.4022216796875,883.4076538085938,883.006591796875,883.0785522460938,0
2025-08-23 19:45:00+00:00,882.9992065429688,883.3440551757812,882.8670043945312,883.3440551757812,0
2025-08-23 20:00:00+00:00,882.3861083984375,882.9307250976562,882.3861083984375,882.9307250976562,0
2025-08-23 20:15:00+00:00,882.0496826171875,882.3077392578125,881.6798095703125,882.3077392578125,0
2025-08-23 20:30:00+00:00,881.0606079101562,882.09423828125,881.0606079101562,882.0670166015625,0
2025-08-23 20:45:00+00:00,881.9491577148438,881.9491577148438,881.4821166992188,881.4821166992188,0
2025-08-23 21:00:00+00:00,880.2132568359375,881.9161987304688,880.2095947265625,881.9161987304688,0
2025-08-23 21:15:00+00:00,879.9601440429688,880.211669921875,879.78173828125,880.211669921875,5137152
2025-08-23 21:30:00+00:00,879.8510131835938,880.1646118164062,879.84716796875,879.952392578125,0
2025-08-23 21:45:00+00:00,880.054931640625,880.3118896484375,879.840087890625,879.840087890625,0
2025-08-23 22:00:00+00:00,880.3527221679688,880.5223999023438,880.021728515625,880.021728515625,2513664
2025-08-23 22:15:00+00:00,880.1480102539062,880.683837890625,880.0189819335938,880.4540405273438,0
2025-08-23 22:30:00+00:00,880.4411010742188,880.4411010742188,880.0855712890625,880.196044921875,0
2025-08-23 22:45:00+00:00,881.41552734375,881.41552734375,880.4578247070312,880.5,5506816
2025-08-23 23:00:00+00:00,882.392578125,882.4838256835938,881.5154418945312,881.5154418945312,0
2025-08-23 23:15:00+00:00,882.7633056640625,883.029541015625,881.5905151367188,881.5905151367188,4179712
2025-08-23 23:30:00+00:00,881.7621459960938,882.7394409179688,881.7561645507812,882.7394409179688,0
2025-08-23 23:45:00+00:00,880.0087890625,881.7367553710938,879.881103515625,881.7367553710938,0
2025-08-24 00:00:00+00:00,880.4949340820312,880.594482421875,880.0524291992188,880.0524291992188,0
2025-08-24 00:15:00+00:00,882.9044799804688,882.9044799804688,880.53466796875,880.53466796875,9033472
2025-08-24 00:30:00+00:00,884.8114624023438,884.8114624023438,883.4530029296875,883.4530029296875,2968064
2025-08-24 00:45:00+00:00,885.22216796875,885.4949951171875,884.8589477539062,884.8589477539062,0
2025-08-24 01:00:00+00:00,883.2861938476562,884.9993896484375,883.1385498046875,884.9993896484375,0
2025-08-24 01:15:00+00:00,881.6693725585938,884.07470703125,881.5440063476562,883.253173828125,0
2025-08-24 01:30:00+00:00,882.9498291015625,882.9498291015625,881.3643188476562,881.3643188476562,0
2025-08-24 01:45:00+00:00,882.0969848632812,883.3798828125,882.0969848632812,882.910400390625,2475776
2025-08-24 02:00:00+00:00,881.173583984375,882.24462890625,881.173583984375,881.912109375,7329280
2025-08-24 02:15:00+00:00,881.021240234375,881.2013549804688,880.493408203125,881.008056640625,0
2025-08-24 02:30:00+00:00,881.0885620117188,881.90673828125,881.0885620117188,881.7525024414062,0
2025-08-24 02:45:00+00:00,876.8538818359375,881.00537109375,876.8150634765625,881.00537109375,13334272
2025-08-24 03:00:00+00:00,875.5616455078125,876.84912109375,875.4926147460938,876.84912109375,8070656
2025-08-24 03:15:00+00:00,874.8884887695312,875.89892578125,874.8884887695312,875.5132446289062,514048
2025-08-24 03:30:00+00:00,876.2921142578125,876.2921142578125,874.837646484375,874.837646484375,6645760
2025-08-24 03:45:00+00:00,878.2689208984375,878.3060302734375,876.3798217773438,876.3798217773438,828672
2025-08-24 04:00:00+00:00,880.0471801757812,880.0471801757812,878.4736328125,878.5082397460938,997376
2025-08-24 04:15:00+00:00,880.9317626953125,881.05078125,879.9793701171875,879.9793701171875,0
2025-08-24 04:30:00+00:00,879.833251953125,881.2689208984375,879.833251953125,880.8964233398438,0
2025-08-24 04:45:00+00:00,879.4781494140625,879.717529296875,879.440673828125,879.717529296875,0
2025-08-24 05:00:00+00:00,879.1447143554688,880.1237182617188,879.008056640625,880.1237182617188,0
2025-08-24 05:15:00+00:00,878.5924682617188,879.0324096679688,878.5924682617188,879.0038452148438,0
2025-08-24 05:30:00+00:00,878.4983520507812,878.5927124023438,878.0159301757812,878.5927124023438,0
2025-08-24 05:45:00+00:00,877.4251708984375,878.6636352539062,876.6470947265625,878.5410766601562,26872576
2025-08-24 06:00:00+00:00,875.4861450195312,877.3680419921875,875.4861450195312,877.3680419921875,426752
2025-08-24 06:15:00+00:00,873.6483764648438,875.0722045898438,873.3701171875,875.0722045898438,9806848
2025-08-24 06:30:00+00:00,871.6161499023438,873.1151123046875,871.4930419921875,873.1151123046875,10445312
2025-08-24 06:45:00+00:00,871.0406494140625,872.2083129882812,871.0397338867188,871.9103393554688,534784
2025-08-24 07:00:00+00:00,872.9301147460938,872.9301147460938,870.89404296875,871.050048828125,11240448
2025-08-24 07:15:00+00:00,872.7116088867188,872.9139404296875,872.1571655273438,872.9139404296875,0
2025-08-24 07:30:00+00:00,872.8763427734375,873.2278442382812,872.3408203125,872.7587280273438,16531968
2025-08-24 07:45:00+00:00,870.54833984375,873.0631103515625,870.54833984375,872.8621215820312,1051904
2025-08-24 08:00:00+00:00,871.1277465820312,871.1931762695312,870.16796875,870.16796875,3040512
2025-08-24 08:15:00+00:00,870.9339599609375,871.261962890625,870.5700073242188,871.1649780273438,0
2025-08-24 08:30:00+00:00,868.5697631835938,870.9177856445312,868.5697631835938,870.9177856445312,5994240
2025-08-24 08:45:00+00:00,869.1664428710938,869.3815307617188,868.2379150390625,868.2807006835938,587264
2025-08-24 09:00:00+00:00,868.1981811523438,869.4351196289062,868.1943969726562,869.2169799804688,1325824
2025-08-24 09:15:00+00:00,868.5147705078125,868.5147705078125,868.1426391601562,868.1426391601562,0
2025-08-24 09:30:00+00:00,869.8901977539062,870.1574096679688,868.5178833007812,868.5178833007812,0
2025-08-24 09:45:00+00:00,868.5590209960938,869.9298706054688,868.5590209960938,869.9298706054688,0
2025-08-24 10:00:00+00:00,866.0087280273438,868.5069580078125,866.0087280273438,868.5069580078125,25242880
2025-08-24 10:15:00+00:00,863.4007568359375,865.931640625,863.1694946289062,865.931640625,24265216
2025-08-24 10:30:00+00:00,862.6270141601562,863.37744140625,862.5070190429688,863.37744140625,4053504
2025-08-24 10:45:00+00:00,862.93994140625,863.178955078125,862.6005859375,862.6005859375,12047616
2025-08-24 11:00:00+00:00,862.6131591796875,863.1173095703125,862.096923828125,862.86376953125,4561152
2025-08-24 11:15:00+00:00,862.245849609375,862.36328125,860.7657470703125,862.36328125,4055296
2025-08-24 11:30:00+00:00,862.456298828125,863.0696411132812,862.3038330078125,862.3038330078125,5732352
2025-08-24 11:45:00+00:00,861.9453735351562,862.374267578125,861.8771362304688,862.351806640625,3243776
2025-08-24 12:00:00+00:00,861.4584350585938,861.9963989257812,860.8847045898438,861.9963989257812,0
2025-08-24 12:15:00+00:00,860.9207763671875,861.5,860.9207763671875,861.3961181640625,300288
2025-08-24 12:30:00+00:00,860.3801879882812,861.071044921875,860.3202514648438,860.950439453125,795392
2025-08-24 12:45:00+00:00,860.2875366210938,860.4263916015625,860.0504760742188,860.4263916015625,1806080
2025-08-24 13:00:00+00:00,861.8665771484375,861.9688720703125,860.3909301757812,860.3909301757812,2810880
2025-08-24 13:15:00+00:00,863.6864013671875,863.6864013671875,861.9566040039062,861.9566040039062,6811136
2025-08-24 13:30:00+00:00,864.0987548828125,864.450439453125,863.5972900390625,863.6665649414062,3592448
2025-08-24 13:45:00+00:00,863.2103271484375,864.17431640625,863.2103271484375,863.976806640625,0
2025-08-24 14:00:00+00:00,862.2208862304688,862.9708862304688,861.5839233398438,862.9708862304688,8731648
2025-08-24 14:15:00+00:00,863.5780639648438,863.76904296875,862.3258056640625,862.3258056640625,6353408
2025-08-24 14:30:00+00:00,864.6064453125,864.6064453125,863.435302734375,863.5662841796875,1523968
2025-08-24 14:45:00+00:00,867.2005615234375,867.2005615234375,864.5243530273438,864.5243530273438,8613888
2025-08-24 15:00:00+00:00,869.978271484375,869.978271484375,867.3197631835938,867.3197631835938,13298688
2025-08-24 15:15:00+00:00,870.690185546875,871.3621826171875,869.5109252929688,869.826171875,24323840
2025-08-24 15:30:00+00:00,868.2797241210938,870.6348876953125,868.2493286132812,870.6348876953125,4269056
2025-08-24 15:45:00+00:00,866.3652954101562,868.3035278320312,866.2470703125,868.3035278320312,8489728
2025-08-24 16:00:00+00:00,866.3712158203125,868.1682739257812,866.3712158203125,866.4156494140625,5214464
2025-08-24 16:15:00+00:00,866.6762084960938,867.6071166992188,866.5589599609375,866.8964233398438,5954816
2025-08-24 16:30:00+00:00,867.3790283203125,867.3790283203125,866.1032104492188,866.6566772460938,0
2025-08-24 16:45:00+00:00,867.8121337890625,867.8553466796875,867.2486572265625,867.3458251953125,514816
2025-08-24 17:00:00+00:00,870.5030517578125,870.5030517578125,867.4161376953125,867.658935546875,17340928
2025-08-24 17:15:00+00:00,871.679443359375,871.730712890625,870.59716796875,870.59716796875,8820480
2025-08-24 17:30:00+00:00,872.713134765625,872.713134765625,870.9317626953125,871.5726928710938,10749952
2025-08-24 17:45:00+00:00,873.4778442382812,875.1710815429688,873.345458984375,874.0794677734375,22724352
2025-08-24 18:00:00+00:00,875.2843017578125,875.330078125,873.0934448242188,873.6505126953125,9916672
2025-08-24 18:15:00+00:00,878.0823364257812,878.0823364257812,875.2767944335938,875.3239135742188,17172992
2025-08-24 18:30:00+00:00,881.0111694335938,881.0111694335938,878.1107788085938,878.1107788085938,26114304
2025-08-24 18:45:00+00:00,879.1281127929688,881.564697265625,879.0466918945312,880.9628295898438,16398848
2025-08-24 19:00:00+00:00,880.3107299804688,880.46875,878.8073120117188,879.3671875,8259584
2025-08-24 19:15:00+00:00,879.7164306640625,880.5613403320312,879.6785888671875,880.1941528320312,12997888
2025-08-24 19:30:00+00:00,864.8118286132812,879.8585205078125,864.398681640625,879.8585205078125,79535104
2025-08-24 19:45:00+00:00,866.1273803710938,870.72412109375,865.8614501953125,866.28662109375,54952960
2025-08-24 20:00:00+00:00,865.4343872070312,868.453857421875,864.5405883789062,868.453857421875,55014144
2025-08-24 20:15:00+00:00,870.21435546875,870.7476196289062,865.1395263671875,865.5633544921875,67721472
2025-08-24 20:30:00+00:00,869.9154663085938,870.1900024414062,868.7162475585938,870.1900024414062,17620480
2025-08-24 20:45:00+00:00,868.83203125,870.501708984375,868.52490234375,869.9356079101562,16374528
2025-08-24 21:00:00+00:00,869.8734741210938,869.8734741210938,867.5198974609375,869.0069580078125,8851456
2025-08-24 21:15:00+00:00,869.90185546875,870.5050659179688,869.7330322265625,869.8388061523438,4165888
2025-08-24 21:30:00+00:00,874.2977294921875,875.1219482421875,869.58349609375,869.81298828125,20581888
2025-08-24 21:45:00+00:00,876.14794921875,877.623291015625,874.4266357421875,874.4266357421875,19280384
2025-08-24 22:00:00+00:00,876.2430419921875,876.407470703125,875.0596313476562,876.1702270507812,15838208
2025-08-24 22:15:00+00:00,873.73583984375,877.1151733398438,873.73583984375,876.365478515625,11432704
2025-08-24 22:30:00+00:00,875.2350463867188,875.2739868164062,872.863037109375,873.5889892578125,17720576
2025-08-24 22:45:00+00:00,877.872802734375,877.902099609375,875.5070190429688,875.6431884765625,8495104
2025-08-24 23:00:00+00:00,878.773193359375,878.848388671875,877.0034790039062,877.6055297851562,7420928
2025-08-24 23:15:00+00:00,878.3373413085938,878.5662841796875,877.8612670898438,878.5662841796875,2540032
2025-08-24 23:30:00+00:00,877.1674194335938,878.4683837890625,876.8848266601562,878.4683837890625,5648896
2025-08-24 23:45:00+00:00,876.0752563476562,877.1328735351562,876.0752563476562,877.1328735351562,505344
2025-08-25 00:00:00+00:00,877.1316528320312,877.4423217773438,876.0935668945312,876.0935668945312,9114624
2025-08-25 00:15:00+00:00,874.2589721679688,877.2299194335938,874.2589721679688,877.1476440429688,9218560
2025-08-25 00:30:00+00:00,869.053955078125,874.2169799804688,869.053955078125,874.2169799804688,7860480
2025-08-25 00:45:00+00:00,872.7041015625,872.7041015625,867.7859497070312,867.7859497070312,24587008
2025-08-25 01:00:00+00:00,874.5982055664062,874.5982055664062,872.7493896484375,872.7493896484375,9102080
2025-08-25 01:15:00+00:00,875.9521484375,876.3352661132812,873.28173828125,874.4677734375,6231808
2025-08-25 01:30:00+00:00,874.4203491210938,876.21044921875,874.4203491210938,876.21044921875,15756288
2025-08-25 01:45:00+00:00,874.8133544921875,875.9049682617188,874.0591430664062,874.4014892578125,0
2025-08-25 02:00:00+00:00,876.8392333984375,876.8392333984375,874.8523559570312,874.8523559570312,5031168
2025-08-25 02:15:00+00:00,877.5889892578125,877.714599609375,876.7267456054688,876.8500366210938,1826560
2025-08-25 02:30:00+00:00,877.984619140625,878.2269287109375,877.3943481445312,877.446044921875,16250368
2025-08-25 02:45:00+00:00,878.9041137695312,878.908447265625,877.72607421875,877.9950561523438,0
2025-08-25 03:00:00+00:00,879.7713623046875,879.7713623046875,878.8235473632812,878.91943359375,1283072
2025-08-25 03:15:00+00:00,876.138427734375,879.6881713867188,875.99853515625,879.6881713867188,6231040
2025-08-25 03:30:00+00:00,877.4627075195312,877.4627075195312,876.07666015625,876.1141357421875,3206656
2025-08-25 03:45:00+00:00,876.679931640625,877.9550170898438,876.6281127929688,877.31884765625,805120
2025-08-25 04:00:00+00:00,875.8611450195312,876.9649047851562,875.8611450195312,876.4664916992188,510464
2025-08-25 04:15:00+00:00,875.169921875,875.8363037109375,875.1031494140625,875.8363037109375,21078272
2025-08-25 04:30:00+00:00,875.3804931640625,875.3804931640625,874.5111694335938,875.1857299804688,7723776
2025-08-25 04:45:00+00:00,877.028564453125,877.1701049804688,875.4137573242188,875.4137573242188,5596416
2025-08-25 05:00:00+00:00,876.5624389648438,877.6012573242188,876.5624389648438,877.1713256835938,13573376
2025-08-25 05:15:00+00:00,878.4934692382812,878.534423828125,876.4968872070312,876.5209350585938,23050240
2025-08-25 05:30:00+00:00,877.69775390625,878.7095947265625,877.69775390625,878.4951782226562,15793152
2025-08-25 05:45:00+00:00,875.4205322265625,878.3740234375,875.4205322265625,878.3740234375,1789184
2025-08-25 06:00:00+00:00,871.6478271484375,875.46533203125,871.6478271484375,875.46533203125,5358080
2025-08-25 06:15:00+00:00,871.5814819335938,872.7294311523438,871.0263061523438,871.6824951171875,26525952
2025-08-25 06:30:00+00:00,867.8762817382812,871.420654296875,867.6239624023438,871.420654296875,1541632
2025-08-25 06:45:00+00:00,864.4055786132812,867.8541870117188,863.776123046875,867.8541870117188,28932352
2025-08-25 07:00:00+00:00,866.2742919921875,866.2926635742188,863.7223510742188,864.360107421875,18757888
2025-08-25 07:15:00+00:00,864.9113159179688,866.9098510742188,864.8929443359375,866.2762451171875,7700480
2025-08-25 07:30:00+00:00,862.8362426757812,864.8390502929688,862.414306640625,864.8390502929688,16343296
2025-08-25 07:45:00+00:00,858.8544921875,862.822998046875,858.8544921875,862.822998046875,18944000
2025-08-25 08:00:00+00:00,857.6363525390625,858.7887573242188,855.112060546875,858.7887573242188,25440768
2025-08-25 08:15:00+00:00,861.2589721679688,861.2589721679688,857.77294921875,857.77294921875,15094272
2025-08-25 08:30:00+00:00,862.5072021484375,862.7958374023438,861.065185546875,861.065185546875,4306176
2025-08-25 08:45:00+00:00,861.1705322265625,862.3004760742188,861.1705322265625,862.2901611328125,7830784
2025-08-25 09:00:00+00:00,858.7774047851562,861.0993041992188,857.8718872070312,861.0993041992188,69633792
2025-08-25 09:15:00+00:00,859.7188110351562,860.231689453125,858.7659301757812,858.7659301757812,4726528
2025-08-25 09:30:00+00:00,858.8339233398438,859.7859497070312,858.5162963867188,859.7859497070312,4325120
2025-08-25 09:45:00+00:00,859.1871337890625,859.20361328125,858.51611328125,859.1881103515625,331776
2025-08-25 10:00:00+00:00,858.296630859375,860.2493286132812,858.1058959960938,859.1718139648438,4685824
2025-08-25 10:15:00+00:00,853.489013671875,858.2108154296875,853.4480590820312,858.2108154296875,1219328
2025-08-25 10:30:00+00:00,852.2026977539062,853.4502563476562,851.8374633789062,853.4502563476562,13772288
2025-08-25 10:45:00+00:00,852.0714721679688,852.979736328125,851.8523559570312,852.1383666992188,6034176
2025-08-25 11:00:00+00:00,852.0648803710938,852.0936279296875,851.4374389648438,852.0438842773438,0
2025-08-25 11:15:00+00:00,853.8577270507812,854.0013427734375,852.1544189453125,852.1544189453125,10671360
2025-08-25 11:30:00+00:00,854.139404296875,854.9152221679688,853.828369140625,853.8515014648438,75772672
2025-08-25 11:45:00+00:00,854.225341796875,854.39599609375,853.9732055664062,854.057861328125,3824640
2025-08-25 12:00:00+00:00,855.1538696289062,855.1538696289062,854.3128662109375,854.3128662109375,17883648
2025-08-25 12:15:00+00:00,857.2781982421875,857.2781982421875,855.1435546875,855.1435546875,4864768
2025-08-25 12:30:00+00:00,859.9171142578125,859.9171142578125,856.8041381835938,857.3106689453125,27552256
2025-08-25 12:45:00+00:00,861.0650024414062,861.0650024414062,860.0159912109375,860.0159912109375,15677696
2025-08-25 13:00:00+00:00,860.7833251953125,862.24609375,860.6512451171875,861.2891235351562,4032000
2025-08-25 13:15:00+00:00,862.165283203125,862.165283203125,859.7590942382812,860.6148071289062,3427072
2025-08-25 13:30:00+00:00,859.5318603515625,862.114990234375,859.4285278320312,862.114990234375,7309312
2025-08-25 13:45:00+00:00,859.8541259765625,860.90283203125,857.9434204101562,859.4021606445312,96568576
2025-08-25 14:00:00+00:00,865.2593383789062,865.4288330078125,859.853271484375,859.853271484375,13291776
2025-08-25 14:15:00+00:00,867.3739624023438,867.829345703125,865.2900390625,865.2900390625,9698560
2025-08-25 14:30:00+00:00,868.78125,868.78125,866.45263671875,867.405517578125,33526016
2025-08-25 14:45:00+00:00,870.3502807617188,870.7354125976562,867.8179931640625,868.6152954101562,21093632
2025-08-25 15:00:00+00:00,867.7952880859375,870.6312866210938,867.7952880859375,870.4835815429688,0
2025-08-25 15:15:00+00:00,866.6672973632812,868.3802490234375,866.5698852539062,867.7593994140625,0
2025-08-25 15:30:00+00:00,864.1787109375,866.8978881835938,864.1429443359375,866.61865234375,0
2025-08-25 15:45:00+00:00,863.285888671875,864.54248046875,863.1856689453125,864.3190307617188,633344
2025-08-25 16:00:00+00:00,865.7662353515625,865.830078125,862.3849487304688,863.2669677734375,2453248
2025-08-25 16:15:00+00:00,867.4086303710938,867.6012573242188,865.9955444335938,865.9955444335938,4055552
2025-08-25 16:30:00+00:00,868.7529296875,868.7529296875,866.4869995117188,867.3430786132812,12315136
2025-08-25 16:45:00+00:00,866.9188842773438,869.1974487304688,866.9188842773438,868.8238525390625,6232064
2025-08-25 17:00:00+00:00,864.6041870117188,866.9581909179688,863.3731079101562,866.9581909179688,69836544
2025-08-25 17:15:00+00:00,866.159423828125,866.159423828125,862.8539428710938,864.452392578125,5843712
2025-08-25 17:30:00+00:00,863.3898315429688,866.4100341796875,863.3365478515625,865.9341430664062,7432448
2025-08-25 17:45:00+00:00,864.547119140625,864.7808837890625,863.142578125,863.3416748046875,0
2025-08-25 18:00:00+00:00,866.0277099609375,866.0277099609375,863.4041137695312,864.2728271484375,9645824
2025-08-25 18:15:00+00:00,865.9381713867188,866.1829833984375,865.9021606445312,865.996337890625,0
2025-08-25 18:30:00+00:00,865.02197265625,866.21240234375,864.9959106445312,865.9547729492188,60638720
2025-08-25 18:45:00+00:00,865.7626953125,865.8252563476562,864.9744262695312,865.07421875,0
2025-08-25 19:00:00+00:00,865.0966796875,865.79931640625,865.0647583007812,865.79931640625,561920
2025-08-25 19:15:00+00:00,863.1002197265625,865.0400390625,862.5431518554688,865.0400390625,8737536
2025-08-25 19:30:00+00:00,860.2233276367188,863.0980834960938,860.159423828125,863.0980834960938,0
2025-08-25 19:45:00+00:00,855.5350952148438,860.1689453125,855.4738159179688,860.1689453125,0
2025-08-25 20:00:00+00:00,852.3558349609375,856.6051025390625,852.1729736328125,855.2842407226562,0
2025-08-25 20:15:00+00:00,855.0765991210938,855.4808959960938,852.1058349609375,852.1058349609375,4039424
2025-08-25 20:30:00+00:00,850.3760986328125,855.1802978515625,850.373291015625,855.1802978515625,46598912
2025-08-25 20:45:00+00:00,841.9163208007812,850.179443359375,841.9163208007812,850.179443359375,33318912
2025-08-25 21:00:00+00:00,835.9044189453125,841.5023803710938,835.9044189453125,841.5023803710938,76775936
2025-08-25 21:15:00+00:00,837.7675170898438,837.7675170898438,835.2559814453125,835.8650512695312,29449472
2025-08-25 21:30:00+00:00,838.6110229492188,839.084716796875,836.328369140625,837.68359375,15055104
2025-08-25 21:45:00+00:00,842.091064453125,842.3529052734375,838.59033203125,838.7430419921875,10556416
2025-08-25 22:00:00+00:00,841.5549926757812,841.6795043945312,840.1285400390625,840.16162109375,22917376
2025-08-25 22:15:00+00:00,843.5442504882812,843.5442504882812,840.6268920898438,841.5968627929688,3290112
2025-08-25 22:30:00+00:00,844.9954833984375,844.9954833984375,843.191162109375,843.5668334960938,9390592
2025-08-25 22:45:00+00:00,843.084228515625,845.6145629882812,843.084228515625,845.0293579101562,5092608
2025-08-25 23:00:00+00:00,840.6348266601562,843.069580078125,840.5731201171875,843.069580078125,5824000
2025-08-25 23:15:00+00:00,838.3355102539062,840.7722778320312,838.1856689453125,840.7689819335938,1769472
2025-08-25 23:30:00+00:00,840.2227172851562,840.2227172851562,838.4169311523438,838.4169311523438,15060480
2025-08-25 23:45:00+00:00,840.27734375,840.9492797851562,840.1854248046875,840.2452392578125,1683968
2025-08-26 00:00:00+00:00,837.8255004882812,840.2015380859375,837.4986572265625,840.2015380859375,14737408
2025-08-26 00:15:00+00:00,839.5222778320312,840.91259765625,838.2403564453125,838.2403564453125,13478912
2025-08-26 00:30:00+00:00,837.7960815429688,840.7478637695312,837.7960815429688,839.5289916992188,2223360
2025-08-26 00:45:00+00:00,834.033447265625,837.5855712890625,832.846435546875,837.5855712890625,51283200
2025-08-26 01:00:00+00:00,837.0726928710938,837.3377685546875,833.2711791992188,833.8131713867188,20050944
2025-08-26 01:15:00+00:00,839.8021240234375,839.8046264648438,836.3023681640625,836.7954711914062,14804992
2025-08-26 01:30:00+00:00,842.4922485351562,842.7391357421875,839.7831420898438,839.7831420898438,9528320
2025-08-26 01:45:00+00:00,844.9016723632812,844.936767578125,842.49560546875,842.49560546875,18717952
2025-08-26 02:00:00+00:00,848.072509765625,848.165771484375,844.969482421875,845.0049438476562,23520000
2025-08-26 02:15:00+00:00,846.594482421875,848.3460693359375,846.540283203125,848.2315063476562,2256896
2025-08-26 02:30:00+00:00,847.2771606445312,847.2771606445312,845.9463500976562,846.697998046875,7100160
2025-08-26 02:45:00+00:00,848.349853515625,849.0033569335938,847.3477172851562,847.3477172851562,10882560
2025-08-26 03:00:00+00:00,845.8126220703125,848.3372802734375,845.7384033203125,848.3372802734375,0
2025-08-26 03:15:00+00:00,846.1245727539062,846.4310302734375,844.808837890625,845.8609008789062,1016064
2025-08-26 03:30:00+00:00,845.5902099609375,846.1879272460938,845.5549926757812,846.0809326171875,0
2025-08-26 03:45:00+00:00,844.9833374023438,845.70166015625,844.80029296875,845.5841064453125,10622720
2025-08-26 04:00:00+00:00,845.8164672851562,845.8164672851562,844.7496337890625,844.9937133789062,7550464
2025-08-26 04:15:00+00:00,845.8216552734375,846.7725219726562,845.784423828125,846.0339965820312,0
2025-08-26 04:30:00+00:00,846.2557373046875,846.5225219726562,845.7719116210938,845.8008422851562,10019072
2025-08-26 04:45:00+00:00,846.395263671875,847.2605590820312,846.2314453125,846.2391357421875,1293056
2025-08-26 05:00:00+00:00,845.8348999023438,846.2748413085938,845.5842895507812,846.2748413085938,9792000
2025-08-26 05:15:00+00:00,844.72607421875,845.8070678710938,844.7175903320312,845.8070678710938,5021184
2025-08-26 05:30:00+00:00,846.2440185546875,846.3960571289062,844.4869995117188,844.7509155273438,0
2025-08-26 05:45:00+00:00,845.9642333984375,846.89013671875,845.9642333984375,846.2772216796875,73263360
2025-08-26 06:00:00+00:00,846.0574951171875,846.2296752929688,845.418212890625,845.9586181640625,0
2025-08-26 06:15:00+00:00,843.0401611328125,846.0369873046875,842.92919921875,846.0369873046875,0
2025-08-26 06:30:00+00:00,842.8015747070312,843.5724487304688,842.772705078125,843.0610961914062,0
2025-08-26 06:45:00+00:00,840.9949340820312,842.7408447265625,840.9242553710938,842.7408447265625,0
2025-08-26 07:00:00+00:00,840.8924560546875,841.5359497070312,840.7120361328125,841.03662109375,0
2025-08-26 07:15:00+00:00,840.1673583984375,841.2257690429688,840.1673583984375,840.9854125976562,21188608
2025-08-26 07:30:00+00:00,843.9653930664062,844.580322265625,840.2037353515625,840.2037353515625,268800
2025-08-26 07:45:00+00:00,843.0499267578125,843.60400390625,843.0499267578125,843.2376098632812,0
2025-08-26 08:00:00+00:00,844.039794921875,844.039794921875,842.6466064453125,843.0565795898438,0
2025-08-26 08:15:00+00:00,842.3453369140625,844.3790893554688,842.3453369140625,843.8485717773438,2379776
2025-08-26 08:30:00+00:00,842.1047973632812,842.3118896484375,841.96484375,842.3118896484375,0
2025-08-26 08:45:00+00:00,842.8252563476562,843.5762329101562,842.1400146484375,842.1400146484375,0
2025-08-26 09:00:00+00:00,842.7111206054688,842.9732666015625,842.2727661132812,842.7445678710938,0
2025-08-26 09:15:00+00:00,844.1896362304688,844.1896362304688,842.7097778320312,842.7097778320312,772608
2025-08-26 09:30:00+00:00,843.184814453125,844.2450561523438,843.184814453125,844.2147216796875,0
2025-08-26 09:45:00+00:00,842.8363037109375,843.1834106445312,842.1826171875,843.1834106445312,125696
2025-08-26 10:00:00+00:00,844.4502563476562,844.73388671875,843.761474609375,843.8486328125,0
2025-08-26 10:15:00+00:00,844.2039184570312,844.4871826171875,844.2039184570312,844.4425659179688,0
2025-08-26 10:30:00+00:00,843.809326171875,844.3406982421875,843.5746459960938,844.3406982421875,0
2025-08-26 10:45:00+00:00,843.2788696289062,843.9098510742188,843.1539306640625,843.778076171875,0
2025-08-26 11:00:00+00:00,844.15771484375,844.15771484375,842.732666015625,843.332763671875,2810368
2025-08-26 11:15:00+00:00,841.87890625,844.1454467773438,841.87890625,844.1454467773438,0
2025-08-26 11:30:00+00:00,840.52685546875,841.8622436523438,840.3277587890625,841.8622436523438,525568
2025-08-26 11:45:00+00:00,840.8201293945312,840.8201293945312,840.1304321289062,840.5105590820312,609024
2025-08-26 12:00:00+00:00,839.529541015625,841.3916625976562,839.529541015625,840.906005859375,0
2025-08-26 12:15:00+00:00,839.8307495117188,839.8307495117188,839.2351684570312,839.5430297851562,0
2025-08-26 12:30:00+00:00,849.7622680664062,849.7622680664062,839.8828125,839.8828125,23972864
2025-08-26 12:45:00+00:00,845.5101318359375,849.4052734375,845.5101318359375,849.4052734375,30185728
2025-08-26 13:00:00+00:00,844.9837646484375,846.2113647460938,844.9837646484375,846.0331420898438,11462912
2025-08-26 13:15:00+00:00,844.4931030273438,845.3817749023438,844.4931030273438,844.945068359375,1436416
2025-08-26 13:30:00+00:00,847.1395874023438,847.5501098632812,844.5995483398438,844.5995483398438,5352704
2025-08-26 13:45:00+00:00,844.7694702148438,847.1463012695312,844.1439208984375,847.1463012695312,10857728
2025-08-26 14:00:00+00:00,844.9854125976562,846.2177734375,844.6981201171875,846.2177734375,0
2025-08-26 14:15:00+00:00,848.4224243164062,848.6402587890625,844.8057250976562,845.001220703125,6304768
2025-08-26 14:30:00+00:00,849.7843627929688,850.3684692382812,848.3251342773438,848.3893432617188,4508160
2025-08-26 14:45:00+00:00,852.0527954101562,852.1383056640625,849.484130859375,849.7948608398438,11293696
2025-08-26 15:00:00+00:00,851.5742797851562,853.3314208984375,851.5742797851562,852.23779296875,1824256
2025-08-26 15:15:00+00:00,850.6891479492188,851.5028686523438,850.3975219726562,851.4563598632812,1121024
2025-08-26 15:30:00+00:00,849.2960815429688,850.68994140625,849.2960815429688,850.5914306640625,11358976
2025-08-26 15:45:00+00:00,849.796875,849.796875,848.6788940429688,849.219482421875,10130688
2025-08-26 16:00:00+00:00,850.8377075195312,851.3978271484375,849.8619384765625,849.8619384765625,8204800
2025-08-26 16:15:00+00:00,851.0609741210938,851.0609741210938,849.9738159179688,850.65087890625,777472
2025-08-26 16:30:00+00:00,852.3849487304688,852.3849487304688,851.45361328125,851.6190185546875,9726464
2025-08-26 16:45:00+00:00,856.454345703125,856.454345703125,852.350830078125,852.350830078125,19607552
2025-08-26 17:00:00+00:00,853.5208129882812,856.426025390625,853.5208129882812,856.426025390625,17152
2025-08-26 17:15:00+00:00,853.6644287109375,854.1263427734375,853.5696411132812,853.5696411132812,0
2025-08-26 17:30:00+00:00,851.3743896484375,853.6312255859375,851.301025390625,853.6312255859375,136960
2025-08-26 17:45:00+00:00,850.7239990234375,851.2982177734375,850.5790405273438,851.2982177734375,1226496
2025-08-26 18:00:00+00:00,852.9608764648438,852.9608764648438,851.4901733398438,851.4901733398438,847872
2025-08-26 18:15:00+00:00,854.1161499023438,854.1161499023438,852.6016845703125,852.9418334960938,7635968
2025-08-26 18:30:00+00:00,856.3177490234375,856.3177490234375,853.9461059570312,854.0316162109375,15698688
2025-08-26 18:45:00+00:00,855.5428466796875,856.2998657226562,855.532958984375,856.2998657226562,3789312
2025-08-26 19:00:00+00:00,854.6842041015625,855.5610961914062,854.3145751953125,855.5610961914062,0
2025-08-26 19:15:00+00:00,857.3163452148438,857.3163452148438,854.74951171875,854.74951171875,310784
2025-08-26 19:30:00+00:00,858.3746948242188,858.5376586914062,857.3273315429688,857.3273315429688,831488
2025-08-26 19:45:00+00:00,860.491455078125,860.6522827148438,858.1317138671875,858.35888671875,3487488
2025-08-26 20:00:00+00:00,861.474853515625,861.4989013671875,860.5606079101562,860.5606079101562,0
2025-08-26 20:15:00+00:00,862.3276977539062,862.35791015625,861.5103149414062,861.5103149414062,0
2025-08-26 20:30:00+00:00,861.5982666015625,862.303955078125,861.4867553710938,862.303955078125,0
2025-08-26 20:45:00+00:00,862.3173828125,862.3173828125,861.1259765625,861.507080078125,0
2025-08-26 21:00:00+00:00,862.4638671875,863.166748046875,862.4307250976562,863.0344848632812,0
2025-08-26 21:15:00+00:00,861.9317016601562,862.4187622070312,861.8331298828125,862.3990478515625,0
2025-08-26 21:30:00+00:00,861.7136840820312,862.5711669921875,861.7136840820312,861.7838745117188,0
2025-08-26 21:45:00+00:00,862.5181884765625,862.5255126953125,861.4384155273438,861.7128295898438,0
2025-08-26 22:00:00+00:00,862.760009765625,863.0664672851562,862.5277709960938,862.5277709960938,0
2025-08-26 22:15:00+00:00,864.3321533203125,864.7039794921875,862.9537963867188,862.9537963867188,0
2025-08-26 22:30:00+00:00,863.71044921875,864.9103393554688,863.71044921875,864.347412109375,0
2025-08-26 22:45:00+00:00,864.2718505859375,864.87841796875,863.6502685546875,863.7244262695312,0
2025-08-26 23:00:00+00:00,867.6233520507812,867.6233520507812,864.7691650390625,864.8041381835938,668672
2025-08-26 23:15:00+00:00,865.6294555664062,867.6925048828125,865.6294555664062,867.6388549804688,0
2025-08-26 23:30:00+00:00,864.7980346679688,865.6351318359375,864.7890014648438,865.6351318359375,0
2025-08-26 23:45:00+00:00,863.6632690429688,865.1685180664062,863.402587890625,864.9104614257812,0
2025-08-27 00:00:00+00:00,862.7813110351562,863.7056274414062,862.6043090820312,863.7056274414062,12505088
2025-08-27 00:15:00+00:00,862.6328735351562,863.0211791992188,862.263427734375,862.766845703125,0
2025-08-27 00:30:00+00:00,863.5731201171875,863.7944946289062,862.7302856445312,862.7302856445312,0
2025-08-27 00:45:00+00:00,860.30517578125,863.4298095703125,860.0780639648438,863.4298095703125,0
2025-08-27 01:00:00+00:00,860.8351440429688,860.871337890625,860.165283203125,860.333984375,0
2025-08-27 01:15:00+00:00,860.3360595703125,861.26318359375,860.3360595703125,860.8017578125,0
2025-08-27 01:30:00+00:00,859.3676147460938,860.6124267578125,859.3676147460938,860.2871704101562,0
2025-08-27 01:45:00+00:00,860.8736572265625,860.8736572265625,858.9589233398438,859.3485107421875,2516736
2025-08-27 02:00:00+00:00,859.6492309570312,861.1067504882812,859.4838256835938,860.8580932617188,0
2025-08-27 02:15:00+00:00,862.0055541992188,862.1355590820312,859.619140625,859.619140625,0
2025-08-27 02:30:00+00:00,863.6267700195312,863.6267700195312,861.7971801757812,861.9727783203125,0
2025-08-27 02:45:00+00:00,863.5712890625,864.1708984375,863.1182250976562,863.5835571289062,0
2025-08-27 03:00:00+00:00,862.486083984375,863.3983154296875,862.486083984375,863.177734375,0
2025-08-27 03:15:00+00:00,858.320068359375,862.5032958984375,858.1627197265625,862.5032958984375,5326848
2025-08-27 03:30:00+00:00,859.0220336914062,859.160888671875,858.34033203125,858.3629760742188,642816
2025-08-27 03:45:00+00:00,862.7926635742188,863.5077514648438,858.9828491210938,859.0460815429688,24126720
2025-08-27 04:00:00+00:00,865.0310668945312,865.3798828125,862.3975830078125,862.7564086914062,12191488
2025-08-27 04:15:00+00:00,863.6770629882812,865.1072998046875,863.6770629882812,864.9713745117188,3294720
2025-08-27 04:30:00+00:00,864.782958984375,864.82275390625,863.7149658203125,863.7149658203125,7601408
2025-08-27 04:45:00+00:00,864.7720947265625,865.6030883789062,864.7318725585938,864.8104858398438,7357440
2025-08-27 05:00:00+00:00,863.68701171875,864.4605712890625,862.6734619140625,864.4568481445312,0
2025-08-27 05:15:00+00:00,863.3278198242188,864.1478271484375,863.3278198242188,863.8101806640625,715520
2025-08-27 05:30:00+00:00,861.1028442382812,863.255126953125,861.1028442382812,863.255126953125,0
2025-08-27 05:45:00+00:00,861.4540405273438,861.8006591796875,861.451904296875,861.451904296875,2235648
2025-08-27 06:00:00+00:00,860.2091674804688,861.4412231445312,860.2091674804688,861.4412231445312,127488
2025-08-27 06:15:00+00:00,859.823486328125,860.1546630859375,858.8096313476562,860.1546630859375,412416
2025-08-27 06:30:00+00:00,859.5906372070312,859.9537963867188,859.4525756835938,859.7247314453125,4640000
2025-08-27 06:45:00+00:00,858.6522216796875,859.6134033203125,858.4970703125,859.6134033203125,0
2025-08-27 07:00:00+00:00,859.1364135742188,859.2211303710938,858.6290893554688,858.6290893554688,0
2025-08-27 07:15:00+00:00,857.6747436523438,859.1931762695312,857.6747436523438,859.1931762695312,0
2025-08-27 07:30:00+00:00,857.4270629882812,858.18603515625,857.3748779296875,857.6021728515625,799744
2025-08-27 07:45:00+00:00,857.5443115234375,858.0682983398438,857.2562255859375,857.4596557617188,0
2025-08-27 08:00:00+00:00,857.0772705078125,857.927978515625,857.0764770507812,857.5512084960938,0
2025-08-27 08:15:00+00:00,855.8380737304688,857.0233764648438,855.8380737304688,857.0233764648438,0
2025-08-27 08:30:00+00:00,854.418212890625,855.901123046875,854.418212890625,855.8881225585938,5573376
2025-08-27 08:45:00+00:00,856.2429809570312,856.2479248046875,853.8777465820312,854.4186401367188,12574208
2025-08-27 09:00:00+00:00,857.1447143554688,857.6170654296875,856.8298950195312,856.8298950195312,3112192
2025-08-27 09:15:00+00:00,858.5316772460938,858.9312744140625,857.169189453125,857.169189453125,1738496
2025-08-27 09:30:00+00:00,858.4298095703125,859.4026489257812,858.4298095703125,858.7103881835938,7933696
2025-08-27 09:45:00+00:00,857.7784423828125,858.4553833007812,857.7415771484375,858.4553833007812,0
2025-08-27 10:00:00+00:00,858.1060791015625,858.1340942382812,857.6331787109375,857.6331787109375,3143424
2025-08-27 10:15:00+00:00,858.1638793945312,858.7619018554688,857.964111328125,858.1993408203125,1735424
2025-08-27 10:30:00+00:00,857.3102416992188,858.307373046875,857.0748291015625,858.1533813476562,0
2025-08-27 10:45:00+00:00,857.4860229492188,857.6801147460938,857.3055419921875,857.3755493164062,3642624
2025-08-27 11:00:00+00:00,857.2410278320312,857.2969360351562,857.097900390625,857.1434936523438,0
2025-08-27 11:15:00+00:00,857.092529296875,858.051513671875,857.092529296875,857.3883666992188,2535424
2025-08-27 11:30:00+00:00,857.5660400390625,857.578125,857.1570434570312,857.1570434570312,1634816
2025-08-27 11:45:00+00:00,859.592041015625,859.6561889648438,857.606689453125,857.606689453125,5000192
2025-08-27 12:00:00+00:00,859.1293334960938,860.2241821289062,859.1293334960938,859.5494995117188,285184
2025-08-27 12:15:00+00:00,857.935791015625,859.5963745117188,857.8726196289062,859.195556640625,2700800
2025-08-27 12:30:00+00:00,857.2870483398438,857.9098510742188,857.2615356445312,857.8726806640625,280832
2025-08-27 12:45:00+00:00,858.9864501953125,858.9864501953125,856.8478393554688,857.1890869140625,0
2025-08-27 13:00:00+00:00,857.9094848632812,859.3932495117188,857.873291015625,859.0259399414062,0
2025-08-27 13:15:00+00:00,858.8953247070312,858.9495239257812,857.8040771484375,857.888671875,2850816
2025-08-27 13:30:00+00:00,858.6929931640625,858.9114990234375,857.4840087890625,858.9114990234375,1767168
2025-08-27 13:45:00+00:00,859.9002075195312,860.3795776367188,858.7192993164062,858.7192993164062,4497408
2025-08-27 14:00:00+00:00,860.0052490234375,860.1666870117188,859.387939453125,859.85009765625,0
2025-08-27 14:15:00+00:00,861.1190795898438,861.1190795898438,859.61572265625,859.8234252929688,2353408
2025-08-27 14:30:00+00:00,864.2970581054688,864.760498046875,861.141845703125,861.141845703125,15032320
2025-08-27 14:45:00+00:00,862.400390625,864.2943115234375,862.400390625,864.2943115234375,2301952
2025-08-27 15:00:00+00:00,864.3007202148438,864.3007202148438,862.287841796875,862.4464111328125,3941376
2025-08-27 15:15:00+00:00,863.8054809570312,865.4879760742188,863.7094116210938,864.3046264648438,2937088
2025-08-27 15:30:00+00:00,863.5436401367188,864.0516967773438,862.2700805664062,863.9154052734375,8518400
2025-08-27 15:45:00+00:00,865.0574340820312,865.0574340820312,863.4462280273438,863.4462280273438,2311168
2025-08-27 16:00:00+00:00,864.6513061523438,865.0896606445312,864.393798828125,865.0354614257812,0
2025-08-27 16:15:00+00:00,864.013427734375,865.8990478515625,864.013427734375,864.7388305664062,2383104
2025-08-27 16:30:00+00:00,863.1885986328125,864.0428466796875,862.647216796875,864.0428466796875,1958656
2025-08-27 16:45:00+00:00,864.6363525390625,865.3612670898438,863.1087036132812,863.22216796875,322048
2025-08-27 17:00:00+00:00,863.1526489257812,864.5889282226562,863.1526489257812,864.5889282226562,0
2025-08-27 17:15:00+00:00,864.6805419921875,864.7169189453125,862.5194702148438,863.1279296875,1863168
2025-08-27 17:30:00+00:00,865.6943969726562,865.6943969726562,864.6790161132812,864.6790161132812,6517760
2025-08-27 17:45:00+00:00,865.9466552734375,866.4697265625,865.6702270507812,865.6702270507812,0
2025-08-27 18:00:00+00:00,866.6930541992188,866.859619140625,865.9813232421875,865.9813232421875,1061376
2025-08-27 18:15:00+00:00,866.4950561523438,866.8062744140625,866.0751953125,866.6527099609375,2564352
2025-08-27 18:30:00+00:00,865.6045532226562,866.5388793945312,865.6045532226562,866.5388793945312,681984
2025-08-27 18:45:00+00:00,864.4131469726562,866.2420654296875,864.4131469726562,865.8792724609375,0
2025-08-27 19:00:00+00:00,862.18115234375,864.269287109375,862.18115234375,863.37109375,6307072
2025-08-27 19:15:00+00:00,861.471923828125,862.0928955078125,860.8142700195312,862.0928955078125,5100288
2025-08-27 19:30:00+00:00,862.2865600585938,862.9312744140625,861.5299682617188,861.5299682617188,4615424
2025-08-27 19:45:00+00:00,861.2792358398438,862.2623901367188,861.2554321289062,862.2623901367188,1001984
2025-08-27 20:00:00+00:00,858.7420043945312,861.270263671875,858.6441650390625,861.270263671875,5042688
2025-08-27 20:15:00+00:00,862.0175170898438,862.2242431640625,859.1217651367188,859.1217651367188,53227520
2025-08-27 20:30:00+00:00,863.8115844726562,863.8115844726562,862.3121948242188,862.3121948242188,28595712
2025-08-27 20:45:00+00:00,864.3111572265625,864.900146484375,863.5479736328125,863.9581298828125,7191552
2025-08-27 21:00:00+00:00,864.3734741210938,864.9431762695312,864.2367553710938,864.3912963867188,2726656
2025-08-27 21:15:00+00:00,863.0797729492188,864.5097045898438,862.73828125,864.5097045898438,7422720
2025-08-27 21:30:00+00:00,861.6456909179688,863.092529296875,861.5682983398438,863.0889282226562,304384
2025-08-27 21:45:00+00:00,859.6649780273438,862.0313720703125,859.5624389648438,861.6141967773438,9287424
2025-08-27 22:00:00+00:00,855.4754638671875,859.6942138671875,855.4754638671875,859.65380859375,12961792
2025-08-27 22:15:00+00:00,856.1519775390625,856.4448852539062,855.5337524414062,855.5337524414062,9518080
2025-08-27 22:30:00+00:00,858.8648071289062,858.8702392578125,856.2394409179688,856.2394409179688,5928448
2025-08-27 22:45:00+00:00,858.3003540039062,859.2301635742188,858.3003540039062,858.9617309570312,2101760
2025-08-27 23:00:00+00:00,858.681396484375,858.978759765625,857.9884643554688,858.2821655273438,1302272
2025-08-27 23:15:00+00:00,857.3734741210938,858.722412109375,857.2021484375,858.6778564453125,275968
2025-08-27 23:30:00+00:00,856.6846923828125,857.9273071289062,856.6846923828125,857.4892578125,259584
2025-08-27 23:45:00+00:00,855.5894775390625,856.5638427734375,855.5894775390625,856.5638427734375,1485056
2025-08-28 00:00:00+00:00,856.7904052734375,856.7904052734375,855.5027465820312,855.69580078125,11626240
2025-08-28 00:15:00+00:00,854.431396484375,857.8030395507812,854.3682250976562,856.8028564453125,14860800
2025-08-28 00:30:00+00:00,852.3316040039062,854.4908447265625,851.9967041015625,854.4908447265625,15119360
2025-08-28 00:45:00+00:00,852.8218994140625,854.7857666015625,852.5086059570312,852.5086059570312,9139200
2025-08-28 01:00:00+00:00,855.392822265625,855.4117431640625,852.9859619140625,852.9859619140625,4674560
2025-08-28 01:15:00+00:00,856.1895141601562,856.508056640625,855.3031616210938,855.3392333984375,9414912
2025-08-28 01:30:00+00:00,856.1972045898438,856.537353515625,855.5084228515625,856.0922241210938,3620864
2025-08-28 01:45:00+00:00,856.454833984375,856.9348754882812,855.8937377929688,856.2546997070312,2348544
2025-08-28 02:00:00+00:00,855.5519409179688,856.5587768554688,855.5519409179688,856.5587768554688,16264448
2025-08-28 02:15:00+00:00,856.8651123046875,856.8651123046875,855.4549560546875,855.5508422851562,2743808
2025-08-28 02:30:00+00:00,857.6087646484375,857.6310424804688,856.9056396484375,856.9056396484375,3552256
2025-08-28 02:45:00+00:00,856.4077758789062,857.57861328125,856.4077758789062,857.57861328125,3054592
2025-08-28 03:00:00+00:00,858.40380859375,858.57470703125,856.4273071289062,856.5023803710938,2902272
2025-08-28 03:15:00+00:00,859.3313598632812,859.349365234375,858.5919799804688,858.5919799804688,2411008
2025-08-28 03:30:00+00:00,861.5389404296875,861.5389404296875,859.456298828125,859.456298828125,6935552
2025-08-28 03:45:00+00:00,863.7828979492188,863.7828979492188,860.7164306640625,861.4940795898438,16401920
2025-08-28 04:00:00+00:00,864.8042602539062,864.8042602539062,863.7149658203125,863.7446899414062,0
2025-08-28 04:15:00+00:00,865.3961791992188,865.3961791992188,864.7543334960938,864.7543334960938,0
2025-08-28 04:30:00+00:00,866.055419921875,866.055419921875,864.826416015625,865.3396606445312,5561600
2025-08-28 04:45:00+00:00,868.5134887695312,868.5134887695312,866.0213623046875,866.0213623046875,15425792
2025-08-28 05:00:00+00:00,869.745849609375,871.0634765625,868.463623046875,868.578369140625,21264640
2025-08-28 05:15:00+00:00,868.9537963867188,871.810546875,868.9537963867188,869.8316040039062,11228928
2025-08-28 05:30:00+00:00,869.2915649414062,869.6197509765625,868.792724609375,868.9752807617188,3787264
2025-08-28 05:45:00+00:00,868.2343139648438,869.2147216796875,867.8564453125,869.2147216796875,3972864
2025-08-28 06:00:00+00:00,869.4034423828125,869.9163818359375,868.7046508789062,868.7046508789062,7961856
2025-08-28 06:15:00+00:00,869.6846313476562,870.4266357421875,869.4381103515625,869.4489135742188,8254720
2025-08-28 06:30:00+00:00,870.8495483398438,870.8495483398438,869.8115844726562,869.8115844726562,10386944
2025-08-28 06:45:00+00:00,871.1072998046875,871.1072998046875,870.38720703125,870.8601684570312,4154624
2025-08-28 07:00:00+00:00,871.701904296875,871.9855346679688,871.1329956054688,871.1329956054688,7937280
2025-08-28 07:15:00+00:00,870.5325927734375,871.6779174804688,870.3685302734375,871.6779174804688,9200384
2025-08-28 07:30:00+00:00,869.6635131835938,870.7612915039062,869.6635131835938,870.547607421875,903168
2025-08-28 07:45:00+00:00,868.99560546875,869.6298217773438,868.84521484375,869.6298217773438,0
2025-08-28 08:00:00+00:00,871.9999389648438,872.0137329101562,868.892578125,868.892578125,14022912
2025-08-28 08:15:00+00:00,872.314697265625,872.314697265625,871.729248046875,871.9888305664062,7017472
2025-08-28 08:30:00+00:00,871.2416381835938,872.3455200195312,871.2416381835938,872.3455200195312,592128
2025-08-28 08:45:00+00:00,870.662109375,871.2388305664062,870.6376342773438,871.1793212890625,116992
2025-08-28 09:00:00+00:00,869.1008911132812,870.3547973632812,869.1008911132812,870.3547973632812,369664
2025-08-28 09:15:00+00:00,868.753662109375,869.0435180664062,868.7470092773438,869.0136108398438,868352
2025-08-28 09:30:00+00:00,868.2220458984375,869.1265869140625,868.131591796875,868.8071899414062,3123712
2025-08-28 09:45:00+00:00,866.2372436523438,868.1426391601562,866.2289428710938,868.1426391601562,3240192
2025-08-28 10:00:00+00:00,867.0454711914062,867.0454711914062,866.234375,866.2821044921875,4903424
2025-08-28 10:15:00+00:00,867.7471923828125,867.7471923828125,867.0050659179688,867.0897216796875,555520
2025-08-28 10:30:00+00:00,869.8782348632812,869.8782348632812,868.2100219726562,868.217041015625,3875072
2025-08-28 10:45:00+00:00,870.247314453125,870.252685546875,869.6904296875,869.8421020507812,2575872
2025-08-28 11:00:00+00:00,869.8430786132812,870.3703002929688,869.55712890625,870.2996215820312,1988096
2025-08-28 11:15:00+00:00,870.3165283203125,870.3165283203125,869.6435546875,869.822265625,1435648
2025-08-28 11:30:00+00:00,871.476318359375,871.476318359375,870.3012084960938,870.3094482421875,1517312
2025-08-28 11:45:00+00:00,873.74609375,873.74609375,871.4008178710938,871.46484375,12294400
2025-08-28 12:00:00+00:00,874.431640625,874.5307006835938,873.6155395507812,873.85693359375,10442496
2025-08-28 12:15:00+00:00,873.8304443359375,874.4972534179688,873.8304443359375,874.4762573242188,4546560
2025-08-28 12:30:00+00:00,875.0889892578125,875.0889892578125,873.625732421875,873.6965942382812,12042240
2025-08-28 12:45:00+00:00,875.8526000976562,876.9585571289062,875.219970703125,875.219970703125,9262592
2025-08-28 13:00:00+00:00,877.7328491210938,877.7850341796875,876.06103515625,876.06103515625,8183040
2025-08-28 13:15:00+00:00,877.5260009765625,877.8457641601562,877.0264282226562,877.7213134765625,11988224
2025-08-28 13:30:00+00:00,878.2662963867188,878.6287231445312,877.3777465820312,877.58984375,9651456
2025-08-28 13:45:00+00:00,874.99365234375,878.7129516601562,874.99365234375,878.2726440429688,7392512
2025-08-28 14:00:00+00:00,872.5040893554688,874.8743286132812,872.5040893554688,874.8743286132812,35730944
2025-08-28 14:15:00+00:00,869.2861328125,872.040771484375,869.1719970703125,872.040771484375,13121280
2025-08-28 14:30:00+00:00,872.8322143554688,872.8322143554688,869.0215454101562,869.1583862304688,9047040
2025-08-28 14:45:00+00:00,874.576171875,874.8245239257812,872.2216796875,872.7706909179688,2858496
2025-08-28 15:00:00+00:00,873.4722900390625,874.3718872070312,873.4722900390625,874.2680053710938,230144
2025-08-28 15:15:00+00:00,870.1825561523438,873.912841796875,870.1825561523438,873.0087890625,5567488
2025-08-28 15:30:00+00:00,868.8165283203125,870.6097412109375,868.8165283203125,870.1748657226562,1854976
2025-08-28 15:45:00+00:00,868.8351440429688,868.9019165039062,867.3322143554688,868.8788452148438,5807104
2025-08-28 16:00:00+00:00,870.7747192382812,870.8507080078125,868.792236328125,868.792236328125,482048
2025-08-28 16:15:00+00:00,869.5112915039062,871.5499877929688,869.2074584960938,870.821044921875,0
2025-08-28 16:30:00+00:00,869.5325927734375,869.5325927734375,868.6365966796875,869.2785034179688,0
2025-08-28 16:45:00+00:00,867.4239501953125,869.48095703125,867.4239501953125,869.48095703125,0
2025-08-28 17:00:00+00:00,875.265625,876.0013427734375,868.7581176757812,869.2178955078125,120367360
2025-08-28 17:15:00+00:00,876.3587646484375,876.3587646484375,872.722412109375,875.1015625,27150336
2025-08-28 17:30:00+00:00,877.4112548828125,877.5718994140625,876.4389038085938,876.4389038085938,16964864
2025-08-28 17:45:00+00:00,876.1010131835938,877.1896362304688,875.6920166015625,877.1896362304688,5222400
2025-08-28 18:00:00+00:00,875.8237915039062,876.4835205078125,875.8237915039062,876.1063842773438,3926528
2025-08-28 18:15:00+00:00,878.00048828125,878.00048828125,875.7225952148438,875.8726806640625,18826240
2025-08-28 18:30:00+00:00,877.6681518554688,877.9212036132812,877.075439453125,877.90478515625,2339328
2025-08-28 18:45:00+00:00,870.9597778320312,877.7036743164062,870.716796875,877.7036743164062,18842112
2025-08-28 19:00:00+00:00,871.5509643554688,872.2740478515625,870.8836669921875,870.9454956054688,0
2025-08-28 19:15:00+00:00,871.2329711914062,871.4623413085938,870.95166015625,871.4623413085938,403712
2025-08-28 19:30:00+00:00,870.4039306640625,872.2301635742188,870.4039306640625,872.2301635742188,1421824
2025-08-28 19:45:00+00:00,869.0419921875,870.4423828125,869.0349731445312,870.4423828125,1910528
2025-08-28 20:00:00+00:00,869.4938354492188,870.4047241210938,868.8561401367188,869.1197509765625,0
2025-08-28 20:15:00+00:00,870.2259521484375,870.447509765625,869.4607543945312,869.4607543945312,0
2025-08-28 20:30:00+00:00,869.3316650390625,870.2112426757812,869.163818359375,870.2112426757812,0
2025-08-28 20:45:00+00:00,869.4982299804688,869.5818481445312,868.9242553710938,869.2913208007812,0
2025-08-28 21:00:00+00:00,871.2400512695312,871.2400512695312,869.521728515625,869.521728515625,0
2025-08-28 21:15:00+00:00,871.7158813476562,872.1546020507812,871.4937744140625,871.4937744140625,1348352
2025-08-28 21:30:00+00:00,871.6657104492188,871.7372436523438,871.1661376953125,871.7372436523438,0
2025-08-28 21:45:00+00:00,873.0296630859375,873.3287963867188,871.6840209960938,871.6840209960938,466432
2025-08-28 22:00:00+00:00,874.5115356445312,874.5391845703125,873.0679931640625,873.0679931640625,0
2025-08-28 22:15:00+00:00,875.5760498046875,875.5760498046875,874.4956665039062,874.4956665039062,0
2025-08-28 22:30:00+00:00,876.2305908203125,876.2305908203125,875.5916748046875,875.6287841796875,449792
2025-08-28 22:45:00+00:00,876.710205078125,876.792236328125,876.206787109375,876.206787109375,1222400
2025-08-28 23:00:00+00:00,876.2979736328125,876.861328125,876.2979736328125,876.7531127929688,53248
2025-08-28 23:15:00+00:00,875.2445678710938,875.8214111328125,874.972900390625,875.785400390625,1188608
2025-08-28 23:30:00+00:00,875.3644409179688,875.6334838867188,874.5763549804688,875.6334838867188,5488640
2025-08-28 23:45:00+00:00,874.4214477539062,875.263916015625,874.4214477539062,875.0830688476562,1562880
2025-08-29 00:00:00+00:00,874.9454956054688,874.9661254882812,873.7732543945312,874.3539428710938,0
2025-08-29 00:15:00+00:00,875.1437377929688,875.1437377929688,874.5288696289062,874.9290771484375,0
2025-08-29 00:30:00+00:00,875.8759155273438,876.7114868164062,875.3203735351562,875.3203735351562,4363520
2025-08-29 00:45:00+00:00,875.0029296875,875.5181884765625,875.0029296875,875.4349365234375,0
2025-08-29 01:00:00+00:00,874.2036743164062,875.50048828125,874.1992797851562,875.0338134765625,2319872
2025-08-29 01:15:00+00:00,873.064697265625,874.2417602539062,872.9083251953125,874.2417602539062,4815872
2025-08-29 01:30:00+00:00,875.797119140625,875.797119140625,873.0878295898438,873.0878295898438,5082880
2025-08-29 01:45:00+00:00,874.7255859375,875.4906616210938,874.6769409179688,875.4906616210938,0
2025-08-29 02:00:00+00:00,874.0194091796875,874.6566162109375,873.6121215820312,874.6566162109375,249856
2025-08-29 02:15:00+00:00,875.571044921875,875.9971923828125,874.1508178710938,874.1508178710938,2583552
2025-08-29 02:30:00+00:00,874.7672729492188,875.872802734375,874.746337890625,875.5653686523438,10232832
2025-08-29 02:45:00+00:00,873.55859375,874.5059204101562,873.55859375,874.5059204101562,1836032
2025-08-29 03:00:00+00:00,873.6893310546875,873.9326782226562,873.1685791015625,873.5692749023438,1924864
2025-08-29 03:15:00+00:00,873.3016967773438,873.8043823242188,872.9829711914062,873.6834106445312,476416
2025-08-29 03:30:00+00:00,873.7395629882812,873.7395629882812,873.094970703125,873.6436157226562,1196288
2025-08-29 03:45:00+00:00,873.5643920898438,874.0170288085938,873.5639038085938,873.7238159179688,0
2025-08-29 04:00:00+00:00,872.5439453125,873.540283203125,872.5221557617188,873.540283203125,1043200
2025-08-29 04:15:00+00:00,871.9573364257812,872.584228515625,871.8553466796875,872.584228515625,0
2025-08-29 04:30:00+00:00,872.4354858398438,872.458251953125,871.8591918945312,871.8591918945312,0
2025-08-29 04:45:00+00:00,870.654052734375,872.333984375,870.4608154296875,872.333984375,0
2025-08-29 05:00:00+00:00,870.4019165039062,870.5469970703125,870.3004760742188,870.3004760742188,0
2025-08-29 05:15:00+00:00,868.7139892578125,870.3629760742188,868.7139892578125,870.3629760742188,0
2025-08-29 05:30:00+00:00,869.6422119140625,869.6422119140625,868.8421630859375,868.8421630859375,2051328
2025-08-29 05:45:00+00:00,870.2726440429688,870.2726440429688,869.6363525390625,869.6363525390625,0
2025-08-29 06:00:00+00:00,870.0923461914062,870.6205444335938,870.0923461914062,870.2885131835938,0
2025-08-29 06:15:00+00:00,867.6845703125,870.0061645507812,867.6845703125,870.0061645507812,844544
2025-08-29 06:30:00+00:00,866.7427368164062,867.6943359375,866.7427368164062,867.6943359375,10091776
2025-08-29 06:45:00+00:00,865.2697143554688,868.5899047851562,865.2205200195312,867.197998046875,9352704
2025-08-29 07:00:00+00:00,862.9822998046875,865.4849243164062,862.9822998046875,865.2534790039062,4816128
2025-08-29 07:15:00+00:00,859.2117919921875,861.7402954101562,859.2117919921875,861.7402954101562,4692992
2025-08-29 07:30:00+00:00,860.2335815429688,860.8143310546875,858.9981689453125,859.1922607421875,13263104
2025-08-29 07:45:00+00:00,857.5664672851562,859.7103271484375,857.5664672851562,859.6004028320312,7627264
2025-08-29 08:00:00+00:00,858.5371704101562,859.579833984375,857.6411743164062,857.6653442382812,1644032
2025-08-29 08:15:00+00:00,857.6031494140625,858.5933227539062,856.5327758789062,858.5933227539062,14345472
2025-08-29 08:30:00+00:00,856.4195556640625,857.8369750976562,856.4195556640625,857.647216796875,14825984
2025-08-29 08:45:00+00:00,854.1226806640625,856.8561401367188,854.1226806640625,856.4412841796875,7190528
2025-08-29 09:00:00+00:00,852.4857177734375,854.0545043945312,851.3141479492188,854.0545043945312,11749632
2025-08-29 09:15:00+00:00,855.7908325195312,855.7908325195312,852.398681640625,852.398681640625,11603456
2025-08-29 09:30:00+00:00,855.0638427734375,856.1691284179688,854.9805908203125,855.8623046875,268544
2025-08-29 09:45:00+00:00,855.9332275390625,855.9332275390625,855.0829467773438,855.0829467773438,1347840
2025-08-29 10:00:00+00:00,857.5919189453125,857.6017456054688,855.8514404296875,855.8514404296875,1942016
2025-08-29 10:15:00+00:00,858.1797485351562,858.2303466796875,857.3339233398438,857.5064086914062,4926976
2025-08-29 10:30:00+00:00,857.5001831054688,858.1349487304688,857.5001831054688,858.1349487304688,1987584
2025-08-29 10:45:00+00:00,855.870849609375,857.4306030273438,855.839599609375,857.4306030273438,10442496
2025-08-29 11:00:00+00:00,856.75537109375,856.75537109375,855.279296875,856.1188354492188,2664960
2025-08-29 11:15:00+00:00,855.6696166992188,857.2402954101562,855.6696166992188,856.7677612304688,1586176
2025-08-29 11:30:00+00:00,854.150390625,855.621337890625,854.0829467773438,855.621337890625,1918464
2025-08-29 11:45:00+00:00,854.74609375,855.0272216796875,854.0814819335938,854.122314453125,0
2025-08-29 12:00:00+00:00,856.2531127929688,856.2531127929688,854.7482299804688,854.7697143554688,0
2025-08-29 12:15:00+00:00,856.8692626953125,857.1829223632812,856.1513671875,856.3024291992188,600832
2025-08-29 12:30:00+00:00,860.8773193359375,861.2107543945312,856.954833984375,856.954833984375,36045824
2025-08-29 12:45:00+00:00,863.18017578125,863.18017578125,860.7374267578125,860.793212890625,9492480
2025-08-29 13:00:00+00:00,863.5657958984375,864.2359619140625,863.1494750976562,863.1494750976562,0
2025-08-29 13:15:00+00:00,862.4537963867188,863.7908935546875,862.0276489257812,863.6292114257812,0
2025-08-29 13:30:00+00:00,859.3955078125,862.0394287109375,859.3955078125,862.0394287109375,2517504
2025-08-29 13:45:00+00:00,857.3827514648438,859.38427734375,857.1836547851562,859.38427734375,741376
2025-08-29 14:00:00+00:00,856.61328125,858.3511962890625,855.7724609375,857.6688232421875,2387968
2025-08-29 14:15:00+00:00,858.8074951171875,859.5274047851562,856.5763549804688,856.6309814453125,3975936
2025-08-29 14:30:00+00:00,861.1986083984375,861.23974609375,859.053466796875,859.053466796875,0
2025-08-29 14:45:00+00:00,858.3637084960938,862.2193603515625,858.3637084960938,861.1516723632812,0
2025-08-29 15:00:00+00:00,859.0194702148438,859.2542114257812,858.3580322265625,858.3580322265625,2684416
2025-08-29 15:15:00+00:00,859.966796875,861.3524169921875,859.0584106445312,859.0584106445312,1828096
2025-08-29 15:30:00+00:00,859.626953125,859.883544921875,858.9885864257812,859.883544921875,4550144
2025-08-29 15:45:00+00:00,859.8059692382812,860.5617065429688,859.794921875,859.794921875,6066688
2025-08-29 16:00:00+00:00,857.4755859375,859.741943359375,855.7713623046875,859.741943359375,26400512
2025-08-29 16:15:00+00:00,858.876708984375,859.0266723632812,857.4877319335938,857.4877319335938,7352320
2025-08-29 16:30:00+00:00,859.142578125,859.5170288085938,858.5737915039062,858.8248901367188,9114368
2025-08-29 16:45:00+00:00,858.5121459960938,859.0924072265625,857.7901000976562,859.0924072265625,3412224
2025-08-29 17:00:00+00:00,855.9042358398438,858.606201171875,855.9042358398438,858.54296875,0
2025-08-29 17:15:00+00:00,856.5360717773438,856.6443481445312,855.1696166992188,855.867431640625,0
2025-08-29 17:30:00+00:00,856.2323608398438,856.3690795898438,855.72216796875,856.3690795898438,0
2025-08-29 17:45:00+00:00,857.2408447265625,857.351806640625,856.3221435546875,856.3221435546875,773376
2025-08-29 18:00:00+00:00,857.2280883789062,857.46533203125,856.162353515625,857.138916015625,2659584
2025-08-29 18:15:00+00:00,854.8902587890625,857.4268798828125,854.8642578125,857.13671875,1414144
2025-08-29 18:30:00+00:00,854.7891235351562,855.0113525390625,854.7891235351562,854.923095703125,9052672
2025-08-29 18:45:00+00:00,854.4044799804688,855.12109375,854.3521118164062,854.784423828125,0
2025-08-29 19:00:00+00:00,856.385498046875,856.3895874023438,853.9052124023438,854.4231567382812,5368576
2025-08-29 19:15:00+00:00,858.5089721679688,859.0697631835938,856.41064453125,856.41064453125,2286592
2025-08-29 19:30:00+00:00,859.4658203125,859.4866943359375,858.0725708007812,858.7091674804688,6273792
2025-08-29 19:45:00+00:00,858.9054565429688,859.9409790039062,858.8679809570312,859.4691162109375,1712896
2025-08-29 20:00:00+00:00,857.688232421875,858.8707275390625,857.5473022460938,858.8707275390625,2105600
2025-08-29 20:15:00+00:00,858.4251098632812,858.4251098632812,857.6702270507812,857.6702270507812,6576896
2025-08-29 20:30:00+00:00,856.66650390625,858.47021484375,856.6324462890625,858.47021484375,4491520
2025-08-29 20:45:00+00:00,855.861572265625,856.6739501953125,855.775390625,856.6739501953125,6761984
2025-08-29 21:00:00+00:00,856.432373046875,856.432373046875,855.1956176757812,855.8302612304688,13250048
2025-08-29 21:15:00+00:00,856.822265625,856.822265625,856.37890625,856.45654296875,594176
2025-08-29 21:30:00+00:00,859.6312255859375,859.6312255859375,856.8479614257812,856.8479614257812,8362496
2025-08-29 21:45:00+00:00,858.951171875,859.66943359375,858.951171875,859.66943359375,357376
2025-08-29 22:00:00+00:00,858.06103515625,859.2252197265625,858.06103515625,858.9784545898438,0
2025-08-29 22:15:00+00:00,858.2251586914062,858.3330688476562,857.5470581054688,858.0039672851562,1096448
2025-08-29 22:30:00+00:00,858.68408203125,859.1043090820312,858.5667114257812,858.596923828125,1926656
2025-08-29 22:45:00+00:00,858.9679565429688,859.0175170898438,858.5540771484375,858.71484375,1040640
2025-08-29 23:00:00+00:00,859.3595581054688,859.3978271484375,859.0130004882812,859.0130004882812,294656
2025-08-29 23:15:00+00:00,861.3761596679688,861.3761596679688,859.39599609375,859.39599609375,5568000
2025-08-29 23:30:00+00:00,862.9882202148438,862.9882202148438,861.46630859375,861.46630859375,1253376
2025-08-29 23:45:00+00:00,863.3280029296875,863.6905517578125,863.1220092773438,863.1220092773438,969472
2025-08-30 00:00:00+00:00,860.599853515625,862.6726684570312,860.599853515625,862.6597290039062,1298176
2025-08-30 00:15:00+00:00,858.156982421875,860.5054931640625,858.156982421875,860.5054931640625,2913024
2025-08-30 00:30:00+00:00,857.892333984375,858.1554565429688,857.7066040039062,858.1554565429688,0
2025-08-30 00:45:00+00:00,859.1447143554688,859.6063842773438,857.9189453125,857.9189453125,3712768
2025-08-30 01:00:00+00:00,860.2916870117188,860.5863647460938,859.162841796875,859.162841796875,609536
2025-08-30 01:15:00+00:00,858.7928466796875,860.1984252929688,858.7928466796875,860.1984252929688,0
2025-08-30 01:30:00+00:00,857.8635864257812,858.7271728515625,857.8635864257812,858.7271728515625,0
2025-08-30 01:45:00+00:00,854.6593017578125,857.7833251953125,854.6593017578125,857.7833251953125,4906240
2025-08-30 02:00:00+00:00,856.5498046875,856.5498046875,854.0785522460938,854.56494140625,7777536
2025-08-30 02:15:00+00:00,857.5228881835938,857.9848022460938,856.5089111328125,856.5089111328125,115200
2025-08-30 02:30:00+00:00,859.231201171875,859.2329711914062,857.5677490234375,857.5677490234375,1062144
2025-08-30 02:45:00+00:00,857.2218627929688,859.1725463867188,857.2218627929688,859.1725463867188,0
2025-08-30 03:00:00+00:00,857.8095092773438,857.8095092773438,856.873046875,857.138427734375,234273280
2025-08-30 03:15:00+00:00,861.1945190429688,861.1945190429688,857.9096069335938,857.9096069335938,12318464
2025-08-30 03:30:00+00:00,860.67138671875,861.4097900390625,860.3771362304688,861.1380615234375,547328
2025-08-30 03:45:00+00:00,860.9522705078125,861.2112426757812,860.68896484375,860.68896484375,0
2025-08-30 04:00:00+00:00,860.4639892578125,860.9093627929688,860.4439697265625,860.9093627929688,328192
2025-08-30 04:15:00+00:00,861.2841796875,861.2841796875,860.3143920898438,860.3740844726562,3092992
2025-08-30 04:30:00+00:00,858.9718627929688,861.2178955078125,858.9718627929688,861.2178955078125,2356480
2025-08-30 04:45:00+00:00,858.1046752929688,859.0286865234375,858.0911865234375,859.0286865234375,94208
2025-08-30 05:00:00+00:00,858.3409423828125,858.3409423828125,857.8304443359375,858.1034545898438,783872
2025-08-30 05:15:00+00:00,858.4234619140625,858.4234619140625,858.1781616210938,858.2791748046875,49408
2025-08-30 05:30:00+00:00,859.4591064453125,859.4591064453125,858.2814331054688,858.357421875,1528832
2025-08-30 05:45:00+00:00,859.0107421875,859.73583984375,859.0107421875,859.4901123046875,992512
2025-08-30 06:00:00+00:00,859.8154296875,859.909423828125,858.8667602539062,859.0060424804688,564992
2025-08-30 06:15:00+00:00,860.0396728515625,860.0396728515625,859.3345947265625,859.7498168945312,649472
2025-08-30 06:30:00+00:00,861.216552734375,861.216552734375,860.0223388671875,860.0223388671875,0
2025-08-30 06:45:00+00:00,860.9845581054688,861.2017822265625,860.5858764648438,861.2017822265625,129536
2025-08-30 07:00:00+00:00,860.6343383789062,861.1642456054688,860.4879150390625,860.990966796875,0
2025-08-30 07:15:00+00:00,860.33349609375,860.8654174804688,860.1934814453125,860.6621704101562,0
2025-08-30 07:30:00+00:00,860.81591796875,860.81591796875,860.3238525390625,860.3238525390625,0
2025-08-30 07:45:00+00:00,860.7786254882812,861.0995483398438,860.7609252929688,860.9698486328125,0
2025-08-30 08:00:00+00:00,860.6018676757812,860.8601684570312,860.459228515625,860.7283935546875,0
2025-08-30 08:15:00+00:00,860.5675659179688,860.6533813476562,860.3929443359375,860.5856323242188,0
2025-08-30 08:30:00+00:00,860.6260986328125,860.8104858398438,860.3038330078125,860.603759765625,0
2025-08-30 08:45:00+00:00,859.7158203125,860.5797119140625,859.7158203125,860.5797119140625,0
2025-08-30 09:00:00+00:00,859.2510375976562,859.6907348632812,859.2510375976562,859.6907348632812,0
2025-08-30 09:15:00+00:00,859.733154296875,859.7822875976562,859.10107421875,859.2277221679688,0
2025-08-30 09:30:00+00:00,858.9662475585938,859.7357177734375,858.9662475585938,859.7357177734375,0
2025-08-30 09:45:00+00:00,859.476806640625,859.9160766601562,858.9558715820312,858.9962768554688,0
2025-08-30 10:00:00+00:00,859.64208984375,859.654296875,859.3215942382812,859.4872436523438,0
2025-08-30 10:15:00+00:00,860.5465087890625,860.5515747070312,859.6209716796875,859.6209716796875,0
2025-08-30 10:30:00+00:00,859.5374145507812,860.8163452148438,859.5297241210938,860.8163452148438,0
2025-08-30 10:45:00+00:00,859.9264526367188,859.9485473632812,859.5339965820312,859.567138671875,0
2025-08-30 11:00:00+00:00,861.098876953125,861.098876953125,859.934814453125,859.934814453125,838656
2025-08-30 11:15:00+00:00,860.6510009765625,861.06298828125,860.6510009765625,861.0595703125,0
2025-08-30 11:30:00+00:00,859.6669921875,860.6467895507812,859.4239501953125,860.6467895507812,0
2025-08-30 11:45:00+00:00,860.3890380859375,860.404296875,859.5159912109375,859.5746459960938,1811456
2025-08-30 12:00:00+00:00,859.3546142578125,860.3763427734375,859.3546142578125,860.3763427734375,802304
2025-08-30 12:15:00+00:00,858.2877807617188,859.3860473632812,858.1924438476562,859.3406982421875,0
2025-08-30 12:30:00+00:00,853.9713134765625,858.2138671875,853.75439453125,858.2138671875,0
2025-08-30 12:45:00+00:00,855.3219604492188,855.551513671875,853.93603515625,853.9973754882812,0
2025-08-30 13:00:00+00:00,853.1617431640625,855.3726806640625,853.1617431640625,855.3726806640625,0
2025-08-30 13:15:00+00:00,853.1636352539062,853.2260131835938,852.8452758789062,853.1764526367188,2033664
2025-08-30 13:30:00+00:00,853.600830078125,853.742919921875,853.0807495117188,853.139404296875,0
2025-08-30 13:45:00+00:00,854.6040649414062,854.6214599609375,853.2286376953125,853.598388671875,0
2025-08-30 14:00:00+00:00,854.2071533203125,854.8875122070312,854.1658935546875,854.68798828125,0
2025-08-30 14:15:00+00:00,854.1517333984375,854.219482421875,853.9161987304688,854.219482421875,0
2025-08-30 14:30:00+00:00,856.0028686523438,856.0028686523438,854.5789184570312,854.580078125,0
2025-08-30 14:45:00+00:00,857.1094970703125,857.1094970703125,855.97509765625,855.97509765625,0
2025-08-30 15:00:00+00:00,856.7841796875,857.0944213867188,856.3566284179688,857.0944213867188,0
2025-08-30 15:15:00+00:00,858.6636962890625,858.6636962890625,856.7861938476562,856.7861938476562,0
2025-08-30 15:30:00+00:00,859.0686645507812,859.0975341796875,858.1670532226562,858.6412963867188,0
2025-08-30 15:45:00+00:00,858.8256225585938,859.2811279296875,858.5911254882812,859.0360107421875,0
2025-08-30 16:00:00+00:00,857.407958984375,858.8359985351562,857.407958984375,858.8359985351562,0
2025-08-30 16:15:00+00:00,857.3008422851562,857.3658447265625,856.920166015625,857.3658447265625,0
2025-08-30 16:30:00+00:00,858.0509033203125,858.0509033203125,857.0137939453125,857.2767333984375,0
2025-08-30 16:45:00+00:00,857.8036499023438,858.1514892578125,857.78662109375,858.0049438476562,0
2025-08-30 17:00:00+00:00,858.5322265625,858.5322265625,857.6253662109375,857.8031616210938,0
2025-08-30 17:15:00+00:00,858.6614990234375,858.8298950195312,858.5499877929688,858.5499877929688,0
2025-08-30 17:30:00+00:00,857.771484375,858.5560913085938,857.7369995117188,858.5560913085938,0
2025-08-30 17:45:00+00:00,857.8207397460938,857.8207397460938,857.483642578125,857.7385864257812,0
2025-08-30 18:00:00+00:00,858.4913940429688,858.9791870117188,857.8960571289062,857.8960571289062,0
2025-08-30 18:15:00+00:00,857.9263305664062,858.5287475585938,857.7102661132812,858.5287475585938,0
2025-08-30 18:30:00+00:00,858.2112426757812,858.2112426757812,857.688720703125,857.9188232421875,0
2025-08-30 18:45:00+00:00,859.0485229492188,859.1436767578125,858.308837890625,858.308837890625,0
2025-08-30 19:00:00+00:00,858.1044311523438,859.0635375976562,858.0990600585938,859.0635375976562,0
2025-08-30 19:15:00+00:00,857.970458984375,858.1786499023438,857.634521484375,858.1173706054688,0
2025-08-30 19:30:00+00:00,858.7844848632812,858.7844848632812,857.9973754882812,858.0052490234375,0
2025-08-30 19:45:00+00:00,858.7044067382812,858.8304443359375,858.4689331054688,858.8304443359375,0
2025-08-30 20:00:00+00:00,858.1265258789062,858.8906860351562,858.0629272460938,858.6936645507812,0
2025-08-30 20:15:00+00:00,858.0665893554688,858.09716796875,857.5435180664062,858.09716796875,0
2025-08-30 20:30:00+00:00,857.8731689453125,858.2088012695312,857.6200561523438,858.1209716796875,0
2025-08-30 20:45:00+00:00,858.5418701171875,858.5418701171875,857.923095703125,857.923095703125,0
2025-08-30 21:00:00+00:00,859.4569702148438,859.4569702148438,858.5623168945312,858.5623168945312,0
2025-08-30 21:15:00+00:00,859.3209228515625,859.826904296875,858.9786987304688,859.4454956054688,0
2025-08-30 21:30:00+00:00,859.3511352539062,859.35693359375,858.97509765625,859.3468017578125,1323520
2025-08-30 21:45:00+00:00,860.317626953125,860.317626953125,859.3697509765625,859.3697509765625,547840
2025-08-30 22:00:00+00:00,859.90234375,860.589111328125,859.90234375,860.2748413085938,1955712
2025-08-30 22:15:00+00:00,860.6508178710938,860.6570434570312,859.8406372070312,859.9161376953125,672640
2025-08-30 22:30:00+00:00,861.06689453125,861.06689453125,860.6260375976562,860.66796875,462080
2025-08-30 22:45:00+00:00,861.4862670898438,861.4862670898438,861.084716796875,861.084716796875,809216
2025-08-30 23:00:00+00:00,863.0486450195312,863.0836791992188,861.5020751953125,861.5020751953125,6056832
2025-08-30 23:15:00+00:00,863.6041259765625,863.6041259765625,863.2326049804688,863.2341918945312,2345344
2025-08-30 23:30:00+00:00,862.880126953125,863.5448608398438,862.880126953125,863.5448608398438,64640
2025-08-30 23:45:00+00:00,862.4978637695312,862.8600463867188,862.0665283203125,862.8600463867188,0
2025-08-31 00:00:00+00:00,862.658935546875,862.7857055664062,862.2474365234375,862.353515625,0
2025-08-31 00:15:00+00:00,859.9603881835938,862.61865234375,859.7650146484375,862.61865234375,0
2025-08-31 00:30:00+00:00,861.700927734375,861.700927734375,859.8810424804688,859.8810424804688,3745536
2025-08-31 00:45:00+00:00,863.485595703125,863.485595703125,861.8339233398438,861.8339233398438,6968576
2025-08-31 01:00:00+00:00,861.755615234375,863.4092407226562,861.6821899414062,863.4092407226562,1680256
2025-08-31 01:15:00+00:00,861.6737670898438,861.9227905273438,861.6099853515625,861.771728515625,2580096
2025-08-31 01:30:00+00:00,862.5068359375,862.6686401367188,861.7021484375,861.702880859375,4778368
2025-08-31 01:45:00+00:00,863.323486328125,863.3506469726562,862.5534057617188,862.5534057617188,2961024
2025-08-31 02:00:00+00:00,862.9058837890625,863.308837890625,862.868896484375,863.308837890625,0
2025-08-31 02:15:00+00:00,862.9925537109375,863.5245971679688,862.8875122070312,862.8875122070312,2301952
2025-08-31 02:30:00+00:00,862.8943481445312,863.044677734375,862.7822265625,863.044677734375,0
2025-08-31 02:45:00+00:00,862.553466796875,862.8258666992188,862.4929809570312,862.8258666992188,0
2025-08-31 03:00:00+00:00,862.380126953125,862.7154541015625,862.380126953125,862.5609130859375,719104
2025-08-31 03:15:00+00:00,862.8898315429688,862.8898315429688,862.1129150390625,862.3968505859375,0
2025-08-31 03:30:00+00:00,862.503173828125,862.8775024414062,862.4127807617188,862.8775024414062,189056
2025-08-31 03:45:00+00:00,863.6279296875,863.6841430664062,862.5005493164062,862.5049438476562,4805632
2025-08-31 04:00:00+00:00,862.1795043945312,863.5643920898438,862.1795043945312,863.5643920898438,2698368
2025-08-31 04:15:00+00:00,860.7928466796875,862.1912231445312,860.7857055664062,862.1912231445312,301952
2025-08-31 04:30:00+00:00,860.0548095703125,860.8433837890625,860.0548095703125,860.7474365234375,0
2025-08-31 04:45:00+00:00,859.7152099609375,860.1619873046875,859.5414428710938,860.1619873046875,0
2025-08-31 05:00:00+00:00,859.6516723632812,860.0744018554688,859.6516723632812,859.75390625,1120896
2025-08-31 05:15:00+00:00,859.23681640625,859.6836547851562,859.23681640625,859.6836547851562,1923328
2025-08-31 05:30:00+00:00,859.9888305664062,859.9888305664062,859.1487426757812,859.1873779296875,1316864
2025-08-31 05:45:00+00:00,860.2654418945312,860.2654418945312,859.8859252929688,859.9589233398438,0
2025-08-31 06:00:00+00:00,860.0709838867188,860.4024047851562,860.0709838867188,860.2810668945312,92288
2025-08-31 06:15:00+00:00,859.565185546875,860.1678466796875,859.565185546875,860.106201171875,4728704
2025-08-31 06:30:00+00:00,859.4081420898438,859.790283203125,859.4081420898438,859.5703735351562,2587264
2025-08-31 06:45:00+00:00,858.7705688476562,859.4256591796875,858.7705688476562,859.41357421875,2510720
2025-08-31 07:00:00+00:00,859.1060791015625,859.1060791015625,858.3265991210938,858.3265991210938,0
2025-08-31 07:15:00+00:00,858.7034301757812,859.1318359375,858.7022705078125,859.1318359375,0
2025-08-31 07:30:00+00:00,858.7481079101562,858.7876586914062,858.6419067382812,858.7203369140625,2887296
2025-08-31 07:45:00+00:00,858.9056396484375,859.028564453125,858.7611083984375,858.7611083984375,73856
2025-08-31 08:00:00+00:00,859.2745971679688,859.2864379882812,858.6868896484375,858.8827514648438,1655168
2025-08-31 08:15:00+00:00,859.921875,860.0679321289062,859.2450561523438,859.2450561523438,2602368
2025-08-31 08:30:00+00:00,860.2572021484375,860.27392578125,859.8048095703125,859.9188232421875,2545536
2025-08-31 08:45:00+00:00,860.9217529296875,860.9288330078125,860.2411499023438,860.2796630859375,1075840
2025-08-31 09:00:00+00:00,860.9273681640625,861.0427856445312,860.7665405273438,860.9512329101562,1550848
2025-08-31 09:15:00+00:00,860.6543579101562,861.1941528320312,860.6124877929688,860.9343872070312,572800
2025-08-31 09:30:00+00:00,860.297607421875,860.7356567382812,860.2166748046875,860.652587890625,2615040
2025-08-31 09:45:00+00:00,859.8381958007812,860.5484619140625,859.8381958007812,860.2794189453125,7763200
2025-08-31 10:00:00+00:00,859.0388793945312,859.7859497070312,859.0388793945312,859.7859497070312,1753728
2025-08-31 10:15:00+00:00,858.0597534179688,858.9713745117188,857.8516235351562,858.9713745117188,2051072
2025-08-31 10:30:00+00:00,857.4644165039062,858.1737670898438,857.4644165039062,858.0361328125,478848
2025-08-31 10:45:00+00:00,858.7200927734375,858.7252807617188,857.4686279296875,857.4686279296875,3116160
2025-08-31 11:00:00+00:00,859.0662841796875,859.0662841796875,858.5226440429688,858.7064819335938,0
2025-08-31 11:15:00+00:00,859.4872436523438,859.4872436523438,858.9094848632812,859.0966186523438,2912256
2025-08-31 11:30:00+00:00,859.5838012695312,860.1005859375,859.5401000976562,859.5401000976562,557824
2025-08-31 11:45:00+00:00,859.841796875,859.8858642578125,859.5284423828125,859.5792846679688,495488
2025-08-31 12:00:00+00:00,859.7987060546875,859.9791259765625,859.6854248046875,859.9791259765625,298496
2025-08-31 12:15:00+00:00,859.78076171875,859.9044799804688,859.7630615234375,859.7991943359375,180480
2025-08-31 12:30:00+00:00,859.4649658203125,859.8353271484375,859.4321899414062,859.7406005859375,0
2025-08-31 12:45:00+00:00,860.2445068359375,860.2445068359375,859.4732666015625,859.4732666015625,0
2025-08-31 13:00:00+00:00,860.4122314453125,860.6400146484375,860.0502319335938,860.3013916015625,0
2025-08-31 13:15:00+00:00,861.0387573242188,861.0394287109375,860.2645874023438,860.3796997070312,0
2025-08-31 13:30:00+00:00,860.33349609375,861.160400390625,860.1693115234375,861.0228881835938,2330880
2025-08-31 13:45:00+00:00,860.43896484375,860.813232421875,860.3888549804688,860.3888549804688,2318208
2025-08-31 14:00:00+00:00,860.0150756835938,860.8117065429688,860.0150756835938,860.4247436523438,0
2025-08-31 14:15:00+00:00,860.3106689453125,860.3106689453125,859.7786865234375,860.092529296875,1106048
2025-08-31 14:30:00+00:00,860.50830078125,861.1154174804688,860.341552734375,860.341552734375,90368
2025-08-31 14:45:00+00:00,859.80322265625,860.4619140625,859.7767944335938,860.4619140625,0
2025-08-31 15:00:00+00:00,860.8026123046875,861.19580078125,859.7911987304688,859.7911987304688,144000
2025-08-31 15:15:00+00:00,860.7363891601562,860.747314453125,860.5115966796875,860.7060546875,0
2025-08-31 15:30:00+00:00,861.3923950195312,861.3923950195312,860.7521362304688,860.7680053710938,1231744
2025-08-31 15:45:00+00:00,861.8174438476562,861.8174438476562,861.3333129882812,861.3863525390625,405888
2025-08-31 16:00:00+00:00,862.5195922851562,862.5339965820312,861.5421142578125,861.7547607421875,2374912
2025-08-31 16:15:00+00:00,864.4833984375,864.538818359375,862.543212890625,862.543212890625,18522368
2025-08-31 16:30:00+00:00,866.1298217773438,866.1298217773438,864.5704956054688,864.5902709960938,7297024
2025-08-31 16:45:00+00:00,866.24755859375,866.6094970703125,864.6904907226562,866.0911254882812,13200128
2025-08-31 17:00:00+00:00,865.5664672851562,866.1378784179688,865.4994506835938,866.1378784179688,4094464
2025-08-31 17:15:00+00:00,865.5806884765625,865.5806884765625,864.8228149414062,865.4494018554688,4453760
2025-08-31 17:30:00+00:00,865.40869140625,865.6127319335938,865.2635498046875,865.6127319335938,1149184
2025-08-31 17:45:00+00:00,865.3018188476562,865.474609375,865.274658203125,865.4133911132812,0
2025-08-31 18:00:00+00:00,864.4389038085938,865.0928344726562,864.4389038085938,864.8680419921875,0
2025-08-31 18:15:00+00:00,864.5267333984375,864.684326171875,864.4931640625,864.5408935546875,252416
2025-08-31 18:30:00+00:00,864.8428344726562,864.9457397460938,864.49658203125,864.49658203125,17920
2025-08-31 18:45:00+00:00,865.4270629882812,865.4270629882812,864.7560424804688,864.85693359375,409088
2025-08-31 19:00:00+00:00,865.6061401367188,865.8153686523438,865.3311157226562,865.4387817382812,1045504
2025-08-31 19:15:00+00:00,864.796142578125,865.6798095703125,864.796142578125,865.6798095703125,0
2025-08-31 19:30:00+00:00,865.3436889648438,865.3436889648438,864.8233642578125,864.8233642578125,456576
2025-08-31 19:45:00+00:00,865.0330810546875,865.3291625976562,865.0330810546875,865.3291625976562,4453248
2025-08-31 20:00:00+00:00,866.2153930664062,866.2153930664062,865.044921875,865.0494384765625,3478272
2025-08-31 20:15:00+00:00,866.2230224609375,866.3890991210938,865.8373413085938,866.2059936523438,0
2025-08-31 20:30:00+00:00,866.3045654296875,866.5675659179688,866.2203369140625,866.2203369140625,442112
2025-08-31 20:45:00+00:00,866.5658569335938,866.5658569335938,866.1427001953125,866.3446044921875,627584
2025-08-31 21:00:00+00:00,866.7974243164062,866.8873901367188,866.5218505859375,866.5218505859375,256384
2025-08-31 21:15:00+00:00,867.1057739257812,867.1114501953125,866.8973999023438,866.9229125976562,353280
2025-08-31 21:30:00+00:00,867.5647583007812,867.58154296875,867.0584716796875,867.0584716796875,373248
2025-08-31 21:45:00+00:00,867.534423828125,867.5958251953125,867.4405517578125,867.5564575195312,0
2025-08-31 22:00:00+00:00,866.98828125,867.5328979492188,866.6630859375,867.5328979492188,1626112
2025-08-31 22:15:00+00:00,867.2604370117188,867.3397827148438,867.0001220703125,867.0001220703125,492288
2025-08-31 22:30:00+00:00,865.1211547851562,867.2276611328125,865.1211547851562,867.2276611328125,915712
2025-08-31 22:45:00+00:00,863.6979370117188,865.119140625,863.5933837890625,865.119140625,4873984
2025-08-31 23:00:00+00:00,861.9033203125,863.8787231445312,861.9033203125,863.7479858398438,0
2025-08-31 23:15:00+00:00,860.0397338867188,861.9755859375,860.0342407226562,861.9755859375,4841344
2025-08-31 23:30:00+00:00,857.8603515625,859.9874267578125,857.8158569335938,859.9874267578125,4051200
2025-08-31 23:45:00+00:00,857.8033447265625,858.2445678710938,857.6529541015625,857.8267211914062,5959552
2025-09-01 00:00:00+00:00,856.8273315429688,857.91943359375,856.799072265625,857.7510375976562,30243072
2025-09-01 00:15:00+00:00,855.916259765625,857.1524047851562,855.916259765625,856.7681274414062,8574080
2025-09-01 00:30:00+00:00,857.3112182617188,857.3112182617188,856.0267333984375,856.1572265625,11576960
2025-09-01 00:45:00+00:00,862.0244140625,862.0244140625,857.5264282226562,857.5264282226562,8849664
2025-09-01 01:00:00+00:00,860.5568237304688,862.2778930664062,860.5568237304688,861.8809204101562,9733760
2025-09-01 01:15:00+00:00,863.206787109375,863.206787109375,860.7440185546875,860.7440185546875,9824640
2025-09-01 01:30:00+00:00,864.4286499023438,864.8119506835938,863.2864990234375,863.2864990234375,13568640
2025-09-01 01:45:00+00:00,863.1629028320312,864.6520385742188,862.7666625976562,864.5406494140625,9342208
2025-09-01 02:00:00+00:00,861.4260864257812,863.0173950195312,861.4260864257812,863.0173950195312,6962944
2025-09-01 02:15:00+00:00,858.45556640625,861.467529296875,858.45556640625,861.467529296875,10298496
2025-09-01 02:30:00+00:00,857.4612426757812,858.5054931640625,856.6643676757812,858.5054931640625,18536192
2025-09-01 02:45:00+00:00,855.8353271484375,857.4166870117188,855.4737548828125,857.4166870117188,15793024
2025-09-01 03:00:00+00:00,856.020751953125,856.620849609375,855.6868896484375,855.80322265625,4482048
2025-09-01 03:15:00+00:00,854.1492309570312,856.0389404296875,854.1477661132812,856.0389404296875,10670208
2025-09-01 03:30:00+00:00,855.8480224609375,855.9346923828125,854.2657470703125,854.2657470703125,11753216
2025-09-01 03:45:00+00:00,856.809326171875,856.809326171875,855.1644897460938,855.899658203125,5019648
2025-09-01 04:00:00+00:00,855.8755493164062,856.733642578125,855.0891723632812,856.733642578125,1532800
2025-09-01 04:15:00+00:00,853.6817626953125,855.8056640625,853.577392578125,855.8056640625,8967552
2025-09-01 04:30:00+00:00,850.6167602539062,853.6958618164062,850.6063232421875,853.6958618164062,9999488
2025-09-01 04:45:00+00:00,851.2188720703125,851.5675048828125,850.2509765625,850.6090087890625,13141248
2025-09-01 05:00:00+00:00,850.7349853515625,852.140625,850.6470947265625,851.28857421875,5440768
2025-09-01 05:15:00+00:00,852.61181640625,852.665771484375,850.2179565429688,850.76806640625,7463424
2025-09-01 05:30:00+00:00,854.49755859375,854.49755859375,852.2509765625,852.653076171875,11514368
2025-09-01 05:45:00+00:00,853.9718017578125,854.6016845703125,853.9498901367188,854.3073120117188,6866816
2025-09-01 06:00:00+00:00,851.2741088867188,853.9561767578125,850.8683471679688,853.9561767578125,4217088
2025-09-01 06:15:00+00:00,853.1514892578125,853.1692504882812,851.244873046875,851.244873046875,5092608
2025-09-01 06:30:00+00:00,854.0995483398438,854.0995483398438,852.0575561523438,852.9707641601562,11771904
2025-09-01 06:45:00+00:00,854.609130859375,854.6116943359375,854.1275634765625,854.1275634765625,5518464
2025-09-01 07:00:00+00:00,855.3561401367188,855.434814453125,854.6130981445312,854.6130981445312,8323712
2025-09-01 07:15:00+00:00,859.3923950195312,859.3923950195312,855.0528564453125,855.2633056640625,25447552
2025-09-01 07:30:00+00:00,862.6737060546875,862.8333129882812,859.5438842773438,859.5438842773438,29337216
2025-09-01 07:45:00+00:00,865.0322875976562,866.479736328125,862.7085571289062,862.7085571289062,35939584
2025-09-01 08:00:00+00:00,865.3674926757812,866.9559936523438,865.1924438476562,865.1924438476562,45579520
2025-09-01 08:15:00+00:00,864.9942016601562,865.7202758789062,864.5333251953125,865.325439453125,39092480
2025-09-01 08:30:00+00:00,865.3597412109375,865.3597412109375,864.2029418945312,864.9760131835938,19675392
2025-09-01 08:45:00+00:00,864.5800170898438,865.7413330078125,864.5800170898438,865.3041381835938,15556864
2025-09-01 09:00:00+00:00,863.09521484375,864.5230102539062,863.09521484375,864.5230102539062,18247936
2025-09-01 09:15:00+00:00,861.5672607421875,863.1194458007812,861.5672607421875,863.0875854492188,19482112
2025-09-01 09:30:00+00:00,861.653564453125,861.78759765625,861.4541015625,861.5136108398438,11178240
2025-09-01 09:45:00+00:00,860.4695434570312,861.4219970703125,860.4695434570312,861.4219970703125,3409664
2025-09-01 10:00:00+00:00,857.0758666992188,860.4052124023438,857.0758666992188,860.4052124023438,26681088
2025-09-01 10:15:00+00:00,853.36376953125,857.0201416015625,853.36376953125,857.0201416015625,15494144
2025-09-01 10:30:00+00:00,852.5975341796875,853.2962036132812,851.9196166992188,853.2962036132812,19326976
2025-09-01 10:45:00+00:00,853.7107543945312,853.7107543945312,852.5093994140625,852.760986328125,11949824
2025-09-01 11:00:00+00:00,854.74609375,855.4655151367188,853.6749267578125,853.7477416992188,9274624
2025-09-01 11:15:00+00:00,854.2929077148438,854.807861328125,854.2080688476562,854.6336669921875,4157440
2025-09-01 11:30:00+00:00,852.8505859375,854.2771606445312,852.8139038085938,854.2771606445312,12413696
2025-09-01 11:45:00+00:00,853.2167358398438,853.2413330078125,852.1464233398438,852.8214721679688,10493184
2025-09-01 12:00:00+00:00,852.5178833007812,853.16015625,851.9588012695312,853.16015625,5347584
2025-09-01 12:15:00+00:00,853.0822143554688,853.1023559570312,852.3173828125,852.5848388671875,7715584
2025-09-01 12:30:00+00:00,852.7655029296875,853.540771484375,852.6212768554688,853.0039672851562,7371520
2025-09-01 12:45:00+00:00,852.890869140625,852.9338989257812,852.2421875,852.7444458007812,10005504
2025-09-01 13:00:00+00:00,853.2979736328125,853.76171875,852.9605102539062,852.9605102539062,9913088
2025-09-01 13:15:00+00:00,855.0997924804688,855.0997924804688,853.0778198242188,853.3677978515625,13133312
2025-09-01 13:30:00+00:00,853.73974609375,855.02587890625,853.6624755859375,855.02587890625,10687488
2025-09-01 13:45:00+00:00,851.6209716796875,853.7974853515625,851.6209716796875,853.7974853515625,6733056
2025-09-01 14:00:00+00:00,853.4462890625,853.699951171875,851.7070922851562,851.7070922851562,3531264
2025-09-01 14:15:00+00:00,852.8361206054688,853.3993530273438,852.8130493164062,853.3993530273438,10609152
2025-09-01 14:30:00+00:00,851.89990234375,852.796875,851.4845581054688,852.796875,8830464
2025-09-01 14:45:00+00:00,853.037841796875,853.0463256835938,851.4381103515625,851.9480590820312,10096640
2025-09-01 15:00:00+00:00,850.7617797851562,852.918212890625,850.69580078125,852.918212890625,24369408
2025-09-01 15:15:00+00:00,849.822998046875,850.8032836914062,849.7620239257812,850.7547607421875,12401920
2025-09-01 15:30:00+00:00,849.7131958007812,849.986328125,849.7010498046875,849.8677978515625,8681472
2025-09-01 15:45:00+00:00,847.147216796875,849.6630249023438,846.0194702148438,849.6630249023438,21904384
2025-09-01 16:00:00+00:00,847.0126342773438,847.1732177734375,846.248291015625,847.1732177734375,250624
2025-09-01 16:15:00+00:00,847.8565673828125,847.8565673828125,847.0778198242188,847.0778198242188,0
2025-09-01 16:30:00+00:00,847.2973022460938,848.2120971679688,847.2973022460938,847.7850952148438,3429888
2025-09-01 16:45:00+00:00,847.6875610351562,848.4522094726562,847.2859497070312,847.3792114257812,3550720
2025-09-01 17:00:00+00:00,846.7610473632812,847.8009643554688,846.7610473632812,847.6769409179688,612608
2025-09-01 17:15:00+00:00,845.3795776367188,846.5980834960938,845.3795776367188,846.5980834960938,3086848
2025-09-01 17:30:00+00:00,845.0255126953125,845.466064453125,844.82421875,845.4644165039062,15230720
2025-09-01 17:45:00+00:00,845.29443359375,845.29443359375,844.4186401367188,844.9949340820312,8191488
2025-09-01 18:00:00+00:00,846.4578247070312,846.4578247070312,845.3192138671875,845.3192138671875,8058880
2025-09-01 18:15:00+00:00,846.0707397460938,846.7748413085938,846.0050048828125,846.4683227539062,4076032
2025-09-01 18:30:00+00:00,846.2877197265625,846.3927612304688,845.8392944335938,846.0792236328125,4812288
2025-09-01 18:45:00+00:00,847.1284790039062,847.1284790039062,846.2864379882812,846.2864379882812,3689472
2025-09-01 19:00:00+00:00,847.76806640625,847.76806640625,847.0530395507812,847.1322021484375,3651840
2025-09-01 19:15:00+00:00,847.7504272460938,847.816650390625,847.5286254882812,847.7962036132812,5746432
2025-09-01 19:30:00+00:00,848.330078125,848.4321899414062,847.4110107421875,847.6981201171875,1711616
2025-09-01 19:45:00+00:00,849.147705078125,849.147705078125,848.1456909179688,848.3223266601562,1120256
2025-09-01 20:00:00+00:00,848.9577026367188,849.2291870117188,848.7454223632812,849.2291870117188,1044480
2025-09-01 20:15:00+00:00,847.7396240234375,848.8939208984375,847.614990234375,848.8939208984375,1362432
2025-09-01 20:30:00+00:00,844.3983764648438,847.7445678710938,844.3983764648438,847.7445678710938,14598400
2025-09-01 20:45:00+00:00,844.9923706054688,845.1647338867188,841.5435180664062,844.1746826171875,54320128
2025-09-01 21:00:00+00:00,843.5029296875,845.3486938476562,843.4149780273438,845.1351928710938,15748352
2025-09-01 21:15:00+00:00,843.6173095703125,843.7780151367188,842.9857177734375,843.5443725585938,15265536
2025-09-01 21:30:00+00:00,841.0963134765625,843.5797119140625,841.0963134765625,843.5797119140625,6533376
2025-09-01 21:45:00+00:00,842.3131103515625,842.5906372070312,841.0221557617188,841.1517333984375,17789696
2025-09-01 22:00:00+00:00,843.4973754882812,843.5550537109375,842.2495727539062,842.3759765625,16484864
2025-09-01 22:15:00+00:00,843.97900390625,844.8341674804688,843.5389404296875,843.5389404296875,12142848
2025-09-01 22:30:00+00:00,843.1453247070312,844.0369873046875,842.7616577148438,843.9207153320312,10254848
2025-09-01 22:45:00+00:00,844.7366333007812,844.8033447265625,842.81298828125,843.040283203125,4224000
2025-09-01 23:00:00+00:00,845.4603271484375,845.4603271484375,844.8116455078125,844.8116455078125,2314496
2025-09-01 23:15:00+00:00,845.0761108398438,845.7855224609375,845.0377807617188,845.5407104492188,1187328
2025-09-01 23:30:00+00:00,845.8382568359375,846.3309326171875,845.1527709960938,845.173828125,10444544
2025-09-01 23:45:00+00:00,845.7671508789062,846.3981323242188,845.6873779296875,845.8512573242188,5317376
2025-09-02 00:00:00+00:00,845.618408203125,845.8248901367188,845.5870971679688,845.7930908203125,1511424
2025-09-02 00:15:00+00:00,845.4772338867188,845.6317749023438,844.9857788085938,845.6317749023438,5930496
2025-09-02 00:30:00+00:00,844.3145141601562,845.4581909179688,844.3145141601562,845.4581909179688,0
2025-09-02 00:45:00+00:00,845.0408935546875,845.2427978515625,843.9927368164062,844.2980346679688,0
2025-09-02 01:00:00+00:00,847.5505981445312,847.5505981445312,845.0138549804688,845.0138549804688,0
2025-09-02 01:15:00+00:00,847.8697509765625,848.29443359375,846.8289794921875,847.5601806640625,345600
2025-09-02 01:30:00+00:00,848.164794921875,848.292236328125,847.2947998046875,847.96240234375,0
2025-09-02 01:45:00+00:00,849.5934448242188,850.05517578125,848.2838745117188,848.2838745117188,1301760
2025-09-02 02:00:00+00:00,849.4861450195312,849.903564453125,849.0927734375,849.4781494140625,0
2025-09-02 02:15:00+00:00,850.5475463867188,850.5475463867188,848.9908447265625,849.4829711914062,0
2025-09-02 02:30:00+00:00,851.358154296875,851.4638061523438,850.2788696289062,850.4310913085938,2159872
2025-09-02 02:45:00+00:00,852.639892578125,852.639892578125,851.3599853515625,851.3599853515625,0
2025-09-02 03:00:00+00:00,853.4224853515625,853.512939453125,852.676513671875,853.4397583007812,5468160
2025-09-02 03:15:00+00:00,852.3961181640625,853.6492309570312,852.3961181640625,853.5873413085938,0
2025-09-02 03:30:00+00:00,851.7432861328125,852.0731811523438,851.3090209960938,852.0731811523438,1451776
2025-09-02 03:45:00+00:00,852.3883056640625,852.6644897460938,851.9419555664062,851.9419555664062,0
2025-09-02 04:00:00+00:00,851.4818115234375,852.3257446289062,851.4141235351562,852.3257446289062,787456
2025-09-02 04:15:00+00:00,851.7901611328125,851.9832763671875,851.1365356445312,851.1365356445312,951552
2025-09-02 04:30:00+00:00,852.3985595703125,852.4434814453125,852.0641479492188,852.0641479492188,0
2025-09-02 04:45:00+00:00,852.8131103515625,852.8131103515625,852.3472290039062,852.657958984375,0
2025-09-02 05:00:00+00:00,852.0211791992188,853.4512939453125,851.930908203125,853.4512939453125,0
2025-09-02 05:15:00+00:00,852.707763671875,852.7149047851562,852.2282104492188,852.7149047851562,0
2025-09-02 05:30:00+00:00,852.5595092773438,852.9264526367188,852.5462646484375,852.84375,3826176
2025-09-02 05:45:00+00:00,852.2557373046875,852.3017578125,851.868896484375,852.3017578125,383744
2025-09-02 06:00:00+00:00,852.6283569335938,853.0855712890625,852.2918090820312,852.373046875,0
2025-09-02 06:15:00+00:00,853.4528198242188,853.6300048828125,852.6535034179688,852.6535034179688,0
2025-09-02 06:30:00+00:00,854.1597290039062,854.1597290039062,853.3547973632812,853.3547973632812,0
2025-09-02 06:45:00+00:00,855.2872924804688,855.2872924804688,854.2592163085938,854.3101196289062,1406208
2025-09-02 07:00:00+00:00,854.5872802734375,855.1138916015625,854.5872802734375,855.1138916015625,0
2025-09-02 07:15:00+00:00,854.3042602539062,854.8074340820312,854.1477661132812,854.3885498046875,403456
2025-09-02 07:30:00+00:00,855.1148071289062,855.1751708984375,854.66748046875,854.66748046875,560384
2025-09-02 07:45:00+00:00,854.736572265625,855.4985961914062,853.9124755859375,855.308349609375,0
2025-09-02 08:00:00+00:00,856.1779174804688,856.2435302734375,854.8558959960938,854.8558959960938,0
2025-09-02 08:15:00+00:00,856.098876953125,856.2496337890625,855.1834716796875,855.1834716796875,0
2025-09-02 08:30:00+00:00,856.1819458007812,856.1819458007812,855.5745239257812,856.0918579101562,438016
2025-09-02 08:45:00+00:00,856.1854248046875,856.4347534179688,856.0880737304688,856.114990234375,0
2025-09-02 09:00:00+00:00,855.0850219726562,856.1862182617188,854.5790405273438,856.1862182617188,1823232
2025-09-02 09:15:00+00:00,854.2603759765625,855.384521484375,854.2603759765625,855.0354614257812,943360
2025-09-02 09:30:00+00:00,854.206298828125,854.3967895507812,853.7906494140625,854.3967895507812,265472
2025-09-02 09:45:00+00:00,852.138916015625,854.2044677734375,852.138916015625,854.2044677734375,8072704
2025-09-02 10:00:00+00:00,849.8837280273438,852.4556274414062,849.8837280273438,852.200927734375,3919360
2025-09-02 10:15:00+00:00,849.4267578125,849.8922119140625,849.0595703125,849.8922119140625,285952
2025-09-02 10:30:00+00:00,850.9823608398438,851.0648193359375,849.3665161132812,849.3665161132812,0
2025-09-02 10:45:00+00:00,851.3890991210938,851.5338745117188,851.1094970703125,851.1094970703125,941568
2025-09-02 11:00:00+00:00,850.83642578125,851.47021484375,850.83642578125,851.3909301757812,1425664
2025-09-02 11:15:00+00:00,850.4122924804688,850.8357543945312,850.233642578125,850.8357543945312,3407104
2025-09-02 11:30:00+00:00,849.8591918945312,850.4989624023438,849.7682495117188,850.3267211914062,0
2025-09-02 11:45:00+00:00,848.6351318359375,849.7606811523438,848.6351318359375,849.7606811523438,1934592
2025-09-02 12:00:00+00:00,846.0321044921875,848.6535034179688,846.0321044921875,848.6535034179688,5895936
2025-09-02 12:15:00+00:00,846.6549072265625,846.6549072265625,845.7242431640625,846.0174560546875,953344
2025-09-02 12:30:00+00:00,844.9734497070312,846.8063354492188,844.9385375976562,846.609130859375,2207744
2025-09-02 12:45:00+00:00,842.3097534179688,844.9199829101562,842.3097534179688,844.9199829101562,23657728
2025-09-02 13:00:00+00:00,843.8908081054688,843.8908081054688,841.6375122070312,842.0921020507812,14977280
2025-09-02 13:15:00+00:00,844.9868774414062,845.38134765625,843.3619384765625,843.614013671875,963072
2025-09-02 13:30:00+00:00,848.3551025390625,848.3551025390625,843.9767456054688,844.8873291015625,34160896
2025-09-02 13:45:00+00:00,850.8680419921875,850.8910522460938,848.353271484375,848.353271484375,22580224
2025-09-02 14:00:00+00:00,850.1221313476562,851.3369140625,849.5540161132812,850.9740600585938,26071552
2025-09-02 14:15:00+00:00,850.4478149414062,850.7894287109375,849.3217163085938,850.0398559570312,9415424
2025-09-02 14:30:00+00:00,850.6285400390625,851.6798095703125,850.4556884765625,850.4556884765625,5318912
2025-09-02 14:45:00+00:00,849.9727172851562,850.770751953125,849.8754272460938,850.770751953125,6150144
2025-09-02 15:00:00+00:00,849.3872680664062,850.421875,848.993408203125,849.9602661132812,877056
2025-09-02 15:15:00+00:00,849.3134765625,850.0755615234375,849.3134765625,849.3484497070312,2213376
2025-09-02 15:30:00+00:00,848.9376220703125,849.72998046875,848.9287719726562,849.2939453125,558592
2025-09-02 15:45:00+00:00,846.195068359375,848.830322265625,846.1923217773438,848.830322265625,0
2025-09-02 16:00:00+00:00,848.6782836914062,848.6782836914062,846.3805541992188,846.3805541992188,2277376
2025-09-02 16:15:00+00:00,846.8270874023438,848.6736450195312,846.8270874023438,848.6736450195312,1826048
2025-09-02 16:30:00+00:00,847.8777465820312,847.8777465820312,846.5877685546875,846.8347778320312,5223168
2025-09-02 16:45:00+00:00,847.6505126953125,848.984375,847.6505126953125,847.8059692382812,6302208
2025-09-02 17:00:00+00:00,848.3043823242188,848.5739135742188,847.4285888671875,847.621826171875,1171968
2025-09-02 17:15:00+00:00,849.4572143554688,849.4572143554688,848.33251953125,848.33251953125,0
2025-09-02 17:30:00+00:00,849.8817749023438,849.9244384765625,849.4386596679688,849.4386596679688,7925248
2025-09-02 17:45:00+00:00,850.5286865234375,850.5286865234375,849.55224609375,849.8936767578125,0
2025-09-02 18:00:00+00:00,849.8319091796875,850.826416015625,849.8319091796875,850.5469970703125,4168448
2025-09-02 18:15:00+00:00,849.6217651367188,849.919189453125,849.453125,849.7803344726562,0
2025-09-02 18:30:00+00:00,848.6343383789062,849.6092529296875,848.6343383789062,849.6092529296875,0
2025-09-02 18:45:00+00:00,850.0905151367188,850.2211303710938,847.909912109375,848.6520385742188,5895424
2025-09-02 19:00:00+00:00,850.7290649414062,851.09619140625,849.9905395507812,850.0758056640625,2417664
2025-09-02 19:15:00+00:00,848.8079833984375,850.6288452148438,848.8079833984375,850.6288452148438,942336
2025-09-02 19:30:00+00:00,849.518798828125,849.518798828125,848.7081909179688,848.8086547851562,10828032
2025-09-02 19:45:00+00:00,849.6702270507812,849.8754272460938,849.5322875976562,849.5322875976562,1814528
2025-09-02 20:00:00+00:00,850.5994262695312,850.6304321289062,849.6754150390625,849.7379760742188,1484544
2025-09-02 20:15:00+00:00,852.3223266601562,852.9232177734375,850.6504516601562,850.6504516601562,7993088
2025-09-02 20:30:00+00:00,853.0501708984375,853.0785522460938,851.9425659179688,852.344482421875,0
2025-09-02 20:45:00+00:00,851.7613525390625,852.9702758789062,851.5263061523438,852.9702758789062,0
2025-09-02 21:00:00+00:00,852.3789672851562,852.3789672851562,851.7578735351562,851.7986450195312,0
2025-09-02 21:15:00+00:00,852.1305541992188,852.8487548828125,852.0690307617188,852.4422607421875,0
2025-09-02 21:30:00+00:00,852.8912963867188,853.2596435546875,852.217041015625,852.217041015625,1147904
2025-09-02 21:45:00+00:00,853.2122802734375,853.2122802734375,852.7657470703125,852.910888671875,0
2025-09-02 22:00:00+00:00,852.6172485351562,853.2723388671875,852.2908325195312,853.2723388671875,0
2025-09-02 22:15:00+00:00,851.190673828125,853.091064453125,851.0752563476562,852.646728515625,238592
2025-09-02 22:30:00+00:00,851.9757080078125,851.9764404296875,850.9760131835938,851.1969604492188,0
2025-09-02 22:45:00+00:00,852.1980590820312,852.2020874023438,851.8541259765625,851.9618530273438,0
2025-09-02 23:00:00+00:00,852.2146606445312,852.47314453125,851.7300415039062,852.231689453125,0
2025-09-02 23:15:00+00:00,851.7177124023438,852.6107177734375,851.7177124023438,852.3191528320312,0
2025-09-02 23:30:00+00:00,851.5702514648438,851.80224609375,851.4638061523438,851.7490844726562,2279936
2025-09-02 23:45:00+00:00,851.7931518554688,852.1026611328125,851.5648193359375,851.5648193359375,0
2025-09-03 00:00:00+00:00,852.2265625,852.2861328125,851.5182495117188,851.7872314453125,0
2025-09-03 00:15:00+00:00,853.6983032226562,853.6983032226562,852.3314208984375,852.3314208984375,0
2025-09-03 00:30:00+00:00,852.8492431640625,853.6647338867188,852.8492431640625,853.6647338867188,327936
2025-09-03 00:45:00+00:00,850.610107421875,852.0228881835938,850.610107421875,852.0228881835938,112640
2025-09-03 01:00:00+00:00,849.9010009765625,850.6073608398438,849.847900390625,850.602783203125,0
2025-09-03 01:15:00+00:00,849.5795288085938,850.1668090820312,849.5795288085938,849.8509521484375,0
2025-09-03 01:30:00+00:00,849.6730346679688,849.6730346679688,849.5363159179688,849.5972900390625,0
2025-09-03 01:45:00+00:00,851.2803344726562,851.2803344726562,849.1744384765625,849.610107421875,2277120
2025-09-03 02:00:00+00:00,851.5396118164062,852.1661376953125,851.3043212890625,851.3216552734375,2669824
2025-09-03 02:15:00+00:00,852.635009765625,852.7366333007812,851.4865112304688,851.4865112304688,2180096
2025-09-03 02:30:00+00:00,852.6222534179688,852.6652221679688,852.1925659179688,852.6652221679688,1156352
2025-09-03 02:45:00+00:00,852.9483032226562,853.317626953125,852.6123657226562,852.649169921875,0
2025-09-03 03:00:00+00:00,852.8980712890625,853.4027099609375,852.875732421875,852.9360961914062,0
2025-09-03 03:15:00+00:00,852.3567504882812,852.8859252929688,852.3165893554688,852.8859252929688,0
2025-09-03 03:30:00+00:00,851.6734008789062,852.3847045898438,851.65869140625,852.3847045898438,0
2025-09-03 03:45:00+00:00,851.9976196289062,852.1401977539062,851.5557861328125,851.6580810546875,0
2025-09-03 04:00:00+00:00,851.6345825195312,852.059326171875,851.6345825195312,851.9537353515625,0
2025-09-03 04:15:00+00:00,851.9487915039062,851.9562377929688,851.2626953125,851.5939331054688,157440
2025-09-03 04:30:00+00:00,852.2184448242188,852.2252807617188,851.8499755859375,851.9551391601562,0
2025-09-03 04:45:00+00:00,852.4614868164062,852.56689453125,852.2294311523438,852.2294311523438,2012416
2025-09-03 05:00:00+00:00,851.2881469726562,852.5485229492188,851.2432250976562,852.4733276367188,0
2025-09-03 05:15:00+00:00,851.0159912109375,851.3895263671875,850.841552734375,851.2813720703125,408832
2025-09-03 05:30:00+00:00,850.9598388671875,851.2117309570312,850.904052734375,850.9262084960938,1060864
2025-09-03 05:45:00+00:00,850.6220092773438,850.9915771484375,850.6220092773438,850.9423828125,0
2025-09-03 06:00:00+00:00,850.931396484375,850.933837890625,850.2762451171875,850.62890625,2192384
2025-09-03 06:15:00+00:00,851.5480346679688,851.5480346679688,850.9266357421875,850.9371337890625,233728
2025-09-03 06:30:00+00:00,852.0379028320312,852.0800170898438,851.5469360351562,851.5469360351562,0
2025-09-03 06:45:00+00:00,851.8079833984375,852.184814453125,851.7134399414062,852.0647583007812,0
2025-09-03 07:00:00+00:00,851.492431640625,852.2520141601562,851.4183349609375,851.8301391601562,176640
2025-09-03 07:15:00+00:00,851.6417846679688,851.8013916015625,851.0213623046875,851.422119140625,0
2025-09-03 07:30:00+00:00,853.6338500976562,853.6338500976562,851.6560668945312,851.6560668945312,0
2025-09-03 07:45:00+00:00,854.438232421875,854.438232421875,853.6934814453125,853.6934814453125,0
2025-09-03 08:00:00+00:00,854.5039672851562,855.0281372070312,854.4447631835938,854.4447631835938,0
2025-09-03 08:15:00+00:00,853.8419799804688,854.6118774414062,853.8341064453125,854.5487060546875,0
2025-09-03 08:30:00+00:00,853.2337646484375,853.8502807617188,853.2337646484375,853.8502807617188,0
2025-09-03 08:45:00+00:00,853.3521118164062,853.3521118164062,853.2095947265625,853.3130493164062,0
2025-09-03 09:00:00+00:00,852.7202758789062,853.4708251953125,852.7045288085938,853.3490600585938,0
2025-09-03 09:15:00+00:00,853.1018676757812,853.4056396484375,852.4957885742188,852.6943359375,0
2025-09-03 09:30:00+00:00,853.6029663085938,853.6029663085938,853.1082153320312,853.1082153320312,0
2025-09-03 09:45:00+00:00,854.2071533203125,854.2071533203125,853.545166015625,853.545166015625,0
2025-09-03 10:00:00+00:00,853.6451416015625,854.44580078125,853.5538330078125,854.2514038085938,0
2025-09-03 10:15:00+00:00,853.85888671875,854.2716674804688,853.6588134765625,853.6588134765625,0
2025-09-03 10:30:00+00:00,853.9677124023438,854.127197265625,853.879638671875,853.879638671875,1307264
2025-09-03 10:45:00+00:00,853.9035034179688,853.9923095703125,853.6055908203125,853.9923095703125,0
2025-09-03 11:00:00+00:00,854.6995849609375,854.709228515625,853.7357177734375,853.8961791992188,2802432
2025-09-03 11:15:00+00:00,854.3367309570312,854.7911376953125,854.272705078125,854.6882934570312,0
2025-09-03 11:30:00+00:00,854.6492309570312,854.658447265625,854.35107421875,854.658447265625,0
2025-09-03 11:45:00+00:00,854.3892822265625,854.7734375,854.3892822265625,854.635986328125,0
2025-09-03 12:00:00+00:00,854.05029296875,854.5211181640625,854.05029296875,854.359619140625,0
2025-09-03 12:15:00+00:00,853.8157348632812,854.1439208984375,853.8157348632812,854.0722045898438,0
2025-09-03 12:30:00+00:00,853.9171142578125,853.9793090820312,853.7243041992188,853.7486572265625,2852864
2025-09-03 12:45:00+00:00,852.4946899414062,853.8555297851562,852.4437866210938,853.8555297851562,0
2025-09-03 13:00:00+00:00,853.792236328125,853.792236328125,852.4310913085938,852.4310913085938,0
2025-09-03 13:15:00+00:00,854.998779296875,855.0342407226562,853.7667846679688,853.7667846679688,649088
2025-09-03 13:30:00+00:00,855.7415161132812,855.7415161132812,854.8637084960938,855.0244750976562,0
2025-09-03 13:45:00+00:00,856.9284057617188,857.8485107421875,855.8512573242188,855.8512573242188,0
2025-09-03 14:00:00+00:00,857.6301879882812,857.8379516601562,856.9963989257812,856.9963989257812,0
2025-09-03 14:15:00+00:00,858.9711303710938,858.9711303710938,856.930419921875,857.5131225585938,0
2025-09-03 14:30:00+00:00,861.18701171875,861.18701171875,858.9190673828125,858.9190673828125,8266624
2025-09-03 14:45:00+00:00,862.0439453125,863.38671875,861.21484375,861.21484375,10593792
2025-09-03 15:00:00+00:00,860.3660888671875,861.9523315429688,860.1434936523438,861.9523315429688,15097216
2025-09-03 15:15:00+00:00,858.9277954101562,860.3228149414062,858.9277954101562,860.3228149414062,0
2025-09-03 15:30:00+00:00,860.8656005859375,860.8656005859375,858.9189453125,858.9189453125,0
2025-09-03 15:45:00+00:00,860.9637451171875,861.086669921875,860.796142578125,860.8701171875,0
2025-09-03 16:00:00+00:00,860.6217041015625,860.940673828125,860.43798828125,860.9224243164062,17792
2025-09-03 16:15:00+00:00,859.666259765625,860.6898803710938,859.666259765625,860.6292114257812,0
2025-09-03 16:30:00+00:00,858.5625,859.6461791992188,858.5625,859.6461791992188,0
2025-09-03 16:45:00+00:00,858.4706420898438,858.5628662109375,858.0781860351562,858.5628662109375,0
2025-09-03 17:00:00+00:00,862.2088012695312,862.2088012695312,858.4808959960938,858.4808959960938,6073088
2025-09-03 17:15:00+00:00,860.9948120117188,862.2797241210938,860.9296264648438,862.2797241210938,2451584
2025-09-03 17:30:00+00:00,860.7732543945312,861.4044189453125,860.749755859375,860.9956665039062,1706624
2025-09-03 17:45:00+00:00,860.24951171875,861.0349731445312,860.24951171875,860.7243041992188,98688
2025-09-03 18:00:00+00:00,860.3997192382812,860.4066162109375,860.1585083007812,860.2761840820312,0
2025-09-03 18:15:00+00:00,860.4944458007812,860.6459350585938,860.3132934570312,860.4425659179688,215936
2025-09-03 18:30:00+00:00,860.2802124023438,860.6810913085938,860.0227661132812,860.5280151367188,4059904
2025-09-03 18:45:00+00:00,859.0529174804688,860.25537109375,859.0529174804688,860.25537109375,0
2025-09-03 19:00:00+00:00,858.9981079101562,859.7338256835938,858.968505859375,859.0564575195312,3748224
2025-09-03 19:15:00+00:00,859.2589111328125,859.2589111328125,858.4296264648438,858.9347534179688,1323520
2025-09-03 19:30:00+00:00,858.5487060546875,859.2299194335938,858.5045776367188,859.2299194335938,46848
2025-09-03 19:45:00+00:00,857.4453735351562,858.5084838867188,857.4453735351562,858.5084838867188,11526912
2025-09-03 20:00:00+00:00,855.7055053710938,857.4949340820312,855.7055053710938,857.4949340820312,5464704
2025-09-03 20:15:00+00:00,853.1949462890625,855.7267456054688,853.1949462890625,855.7267456054688,7827072
2025-09-03 20:30:00+00:00,853.9256591796875,854.1129760742188,853.2935180664062,853.2935180664062,11985664
2025-09-03 20:45:00+00:00,854.4892578125,854.513671875,853.77685546875,854.0109252929688,306816
2025-09-03 21:00:00+00:00,854.974365234375,854.974365234375,854.47802734375,854.5126342773438,1695616
2025-09-03 21:15:00+00:00,855.9548950195312,855.9548950195312,855.0424194335938,855.0424194335938,3395712
2025-09-03 21:30:00+00:00,854.7156372070312,856.0656127929688,854.7156372070312,855.9440307617188,0
2025-09-03 21:45:00+00:00,855.0236206054688,855.0504150390625,853.9426879882812,854.7207641601562,423424
2025-09-03 22:00:00+00:00,855.3331298828125,855.3599853515625,854.7095947265625,854.987060546875,683520
2025-09-03 22:15:00+00:00,855.1124267578125,855.5504760742188,855.1124267578125,855.2794189453125,0
2025-09-03 22:30:00+00:00,854.5677490234375,855.0953369140625,854.56201171875,855.0953369140625,12032
2025-09-03 22:45:00+00:00,855.3484497070312,855.3484497070312,854.5982055664062,854.5982055664062,1010304
2025-09-03 23:00:00+00:00,855.250732421875,855.6766357421875,855.172607421875,855.3760375976562,427904
2025-09-03 23:15:00+00:00,855.128662109375,855.2195434570312,854.7799072265625,855.1987915039062,78336
2025-09-03 23:30:00+00:00,855.08447265625,855.3389282226562,854.8561401367188,855.120849609375,1474176
2025-09-03 23:45:00+00:00,855.2655639648438,855.2655639648438,854.609619140625,854.9485473632812,2851328
2025-09-04 00:00:00+00:00,855.2723388671875,855.5350341796875,855.2391357421875,855.2793579101562,0
2025-09-04 00:15:00+00:00,856.3827514648438,856.3827514648438,855.070068359375,855.3086547851562,629632
2025-09-04 00:30:00+00:00,856.5408325195312,856.69287109375,856.4034423828125,856.4046630859375,3752448
2025-09-04 00:45:00+00:00,856.9095458984375,856.9095458984375,856.4404907226562,856.53564453125,178304
2025-09-04 01:00:00+00:00,855.2630004882812,856.8551635742188,855.2630004882812,856.8551635742188,493184
2025-09-04 01:15:00+00:00,854.974365234375,855.2747192382812,854.8845825195312,855.2747192382812,1022592
2025-09-04 01:30:00+00:00,855.0809936523438,855.5630493164062,854.981201171875,854.981201171875,0
2025-09-04 01:45:00+00:00,855.024169921875,855.1237182617188,854.8674926757812,855.0454711914062,0
2025-09-04 02:00:00+00:00,854.841796875,855.3314819335938,854.841796875,855.042236328125,1081472
2025-09-04 02:15:00+00:00,853.2609252929688,854.8688354492188,853.2609252929688,854.8688354492188,2045568
2025-09-04 02:30:00+00:00,851.8353881835938,853.3081665039062,851.8353881835938,853.3081665039062,1877888
2025-09-04 02:45:00+00:00,851.1116333007812,851.834228515625,851.01513671875,851.834228515625,3018496
2025-09-04 03:00:00+00:00,850.767578125,851.1138916015625,850.4005737304688,851.0975341796875,6588160
2025-09-04 03:15:00+00:00,851.6073608398438,851.6519165039062,850.7036743164062,850.8138427734375,5014912
2025-09-04 03:30:00+00:00,849.809326171875,851.4804077148438,849.809326171875,851.4804077148438,2876672
2025-09-04 03:45:00+00:00,848.8909301757812,849.643798828125,848.77294921875,849.643798828125,7305344
2025-09-04 04:00:00+00:00,848.577392578125,848.90478515625,847.7583618164062,848.90478515625,14180608
2025-09-04 04:15:00+00:00,848.797607421875,849.1475219726562,848.6544799804688,848.7179565429688,4741888
2025-09-04 04:30:00+00:00,849.3995971679688,849.3995971679688,848.6888427734375,848.787109375,3095936
2025-09-04 04:45:00+00:00,848.3162841796875,849.3814086914062,848.3162841796875,849.3814086914062,688896
2025-09-04 05:00:00+00:00,847.5906372070312,848.2673950195312,846.9436645507812,848.2673950195312,5843840
2025-09-04 05:15:00+00:00,845.9107666015625,847.5894775390625,845.86083984375,847.5769653320312,12361344
2025-09-04 05:30:00+00:00,846.8003540039062,846.9730224609375,845.9293212890625,845.9293212890625,7504128
2025-09-04 05:45:00+00:00,846.9556884765625,846.9556884765625,846.4469604492188,846.7359008789062,6970880
2025-09-04 06:00:00+00:00,847.8198852539062,847.8198852539062,846.8165893554688,846.9854125976562,3368832
2025-09-04 06:15:00+00:00,846.9829711914062,848.0505981445312,846.8800048828125,847.832275390625,3383296
2025-09-04 06:30:00+00:00,847.2962646484375,847.6691284179688,847.0662231445312,847.0662231445312,4096384
2025-09-04 06:45:00+00:00,847.3255004882812,847.5196533203125,846.649169921875,847.4072265625,5072896
2025-09-04 07:00:00+00:00,847.98388671875,847.98388671875,847.0974731445312,847.3330688476562,4252160
2025-09-04 07:15:00+00:00,847.73486328125,848.4209594726562,847.6973876953125,848.0181274414062,1305856
2025-09-04 07:30:00+00:00,847.5036010742188,847.8407592773438,847.5036010742188,847.7626342773438,5797504
2025-09-04 07:45:00+00:00,848.1063842773438,848.1063842773438,847.3239135742188,847.4879150390625,702464
2025-09-04 08:00:00+00:00,848.4574584960938,848.8291015625,847.771728515625,848.0554809570312,2919680
2025-09-04 08:15:00+00:00,848.8345336914062,848.8345336914062,848.3988647460938,848.486083984375,674560
2025-09-04 08:30:00+00:00,848.5060424804688,849.1774291992188,848.2816162109375,849.1774291992188,1847296
2025-09-04 08:45:00+00:00,847.7166748046875,848.61572265625,847.7026977539062,848.4791259765625,1687168
2025-09-04 09:00:00+00:00,848.73193359375,848.761962890625,847.7173461914062,847.7173461914062,1901952
2025-09-04 09:15:00+00:00,848.066162109375,848.7077026367188,848.066162109375,848.7077026367188,0
2025-09-04 09:30:00+00:00,848.0671997070312,848.0671997070312,847.7306518554688,848.0331420898438,3035264
2025-09-04 09:45:00+00:00,847.8043823242188,848.02880859375,847.6239624023438,848.02880859375,4447488
2025-09-04 10:00:00+00:00,848.1688842773438,848.21337890625,847.5237426757812,847.8904418945312,2511616
2025-09-04 10:15:00+00:00,848.4705200195312,848.4705200195312,848.0617065429688,848.1466674804688,2450304
2025-09-04 10:30:00+00:00,849.395263671875,849.481201171875,848.4920654296875,848.4920654296875,2034048
2025-09-04 10:45:00+00:00,849.0648803710938,849.5618896484375,849.0648803710938,849.2330932617188,957312
2025-09-04 11:00:00+00:00,849.3614501953125,849.3614501953125,848.55224609375,848.5990600585938,2491520
2025-09-04 11:15:00+00:00,849.0697631835938,849.6378173828125,849.0697631835938,849.336181640625,1417088
2025-09-04 11:30:00+00:00,849.2778930664062,849.2778930664062,848.8458251953125,849.0350341796875,446080
2025-09-04 11:45:00+00:00,848.2993774414062,849.3228149414062,848.2993774414062,849.2753295898438,3636352
2025-09-04 12:00:00+00:00,848.984130859375,849.0215454101562,847.8882446289062,848.2649536132812,458624
2025-09-04 12:15:00+00:00,848.9041748046875,849.4124145507812,848.8541870117188,848.9923706054688,5395968
2025-09-04 12:30:00+00:00,847.3863525390625,848.9255981445312,847.2857666015625,848.9163818359375,0
2025-09-04 12:45:00+00:00,848.727294921875,848.727294921875,847.3203735351562,847.3741455078125,227584
2025-09-04 13:00:00+00:00,848.8590698242188,848.9821166992188,848.6546630859375,848.7420654296875,139776
2025-09-04 13:15:00+00:00,848.9376220703125,848.9376220703125,848.5908203125,848.8471069335938,1562112
2025-09-04 13:30:00+00:00,848.226806640625,849.1126708984375,848.2147827148438,848.9480590820312,1689856
2025-09-04 13:45:00+00:00,848.0281982421875,848.4542236328125,847.5974731445312,848.264404296875,0
2025-09-04 14:00:00+00:00,846.6008911132812,848.12548828125,846.2672119140625,848.0169677734375,7797888
2025-09-04 14:15:00+00:00,847.1227416992188,847.1227416992188,845.5571899414062,846.4757080078125,35456
2025-09-04 14:30:00+00:00,847.828369140625,848.0670776367188,847.0362548828125,847.1325073242188,0
2025-09-04 14:45:00+00:00,846.7322998046875,847.6920776367188,846.6920776367188,847.6920776367188,0
2025-09-04 15:00:00+00:00,844.773681640625,846.7061767578125,844.773681640625,846.7061767578125,0
2025-09-04 15:15:00+00:00,844.6776733398438,844.7046508789062,843.5590209960938,844.7046508789062,14081152
2025-09-04 15:30:00+00:00,844.5935668945312,844.8545532226562,844.1030883789062,844.6796264648438,2540800
2025-09-04 15:45:00+00:00,844.5015258789062,844.7723388671875,844.283447265625,844.5438842773438,756992
2025-09-04 16:00:00+00:00,844.7725830078125,844.8096923828125,844.2993774414062,844.4848022460938,584064
2025-09-04 16:15:00+00:00,844.5451049804688,845.20751953125,844.5451049804688,844.7821655273438,6656000
2025-09-04 16:30:00+00:00,844.4407958984375,844.7097778320312,844.096435546875,844.513427734375,4969856
2025-09-04 16:45:00+00:00,845.027099609375,845.4027099609375,844.5173950195312,844.5173950195312,2151552
2025-09-04 17:00:00+00:00,846.203369140625,846.5266723632812,845.1043701171875,845.1043701171875,0
2025-09-04 17:15:00+00:00,846.0906982421875,846.3728637695312,845.8500366210938,846.2071533203125,520576
2025-09-04 17:30:00+00:00,845.355712890625,846.0965576171875,845.1954345703125,846.0965576171875,0
2025-09-04 17:45:00+00:00,845.019287109375,845.3655395507812,844.4810791015625,845.3655395507812,0
2025-09-04 18:00:00+00:00,845.5081787109375,846.0881958007812,844.8937377929688,844.952392578125,899968
2025-09-04 18:15:00+00:00,844.3573608398438,845.6233520507812,844.3573608398438,845.392578125,2475648
2025-09-04 18:30:00+00:00,844.0943603515625,844.340087890625,842.5721435546875,844.340087890625,2548352
2025-09-04 18:45:00+00:00,842.5852661132812,843.9873046875,842.5852661132812,843.9873046875,2311296
2025-09-04 19:00:00+00:00,843.0767211914062,843.0767211914062,842.015869140625,842.60693359375,3297920
2025-09-04 19:15:00+00:00,844.0186767578125,844.0628051757812,843.0690307617188,843.0690307617188,2869504
2025-09-04 19:30:00+00:00,844.1961059570312,844.4422607421875,844.0474853515625,844.0474853515625,187520
2025-09-04 19:45:00+00:00,843.738037109375,844.2230224609375,843.3807373046875,844.2230224609375,0
2025-09-04 20:00:00+00:00,844.9124755859375,844.9802856445312,843.6763305664062,843.7178955078125,0
2025-09-04 20:15:00+00:00,846.05029296875,846.05029296875,844.5676879882812,844.9078369140625,0
2025-09-04 20:30:00+00:00,845.7493286132812,846.2427978515625,845.7482299804688,846.0606689453125,0
2025-09-04 20:45:00+00:00,845.5846557617188,845.7315063476562,845.408935546875,845.7315063476562,255488
2025-09-04 21:00:00+00:00,846.19775390625,846.2266845703125,845.5786743164062,845.5979614257812,2186240
2025-09-04 21:15:00+00:00,846.6868286132812,846.8550415039062,846.220947265625,846.220947265625,847360
2025-09-04 21:30:00+00:00,847.5838012695312,847.5838012695312,846.6859741210938,846.6859741210938,1035008
2025-09-04 21:45:00+00:00,848.0322875976562,848.0322875976562,847.6072998046875,847.6072998046875,196480
2025-09-04 22:00:00+00:00,847.7320556640625,848.0363159179688,847.7320556640625,847.993896484375,0
2025-09-04 22:15:00+00:00,848.1273193359375,848.1273193359375,847.4112548828125,847.7409057617188,1542528
2025-09-04 22:30:00+00:00,847.702392578125,848.2963256835938,847.702392578125,848.088134765625,1146368
2025-09-04 22:45:00+00:00,848.4285888671875,848.4285888671875,847.6394653320312,847.6768798828125,3045504
2025-09-04 23:00:00+00:00,848.5286865234375,849.0792846679688,848.4589233398438,848.4589233398438,2021888
2025-09-04 23:15:00+00:00,847.790771484375,848.504638671875,847.7053833007812,848.504638671875,873216
2025-09-04 23:30:00+00:00,845.9092407226562,847.807373046875,845.9092407226562,847.807373046875,0
2025-09-04 23:45:00+00:00,843.823974609375,845.9589233398438,843.823974609375,845.9494018554688,4327680
2025-09-05 00:00:00+00:00,844.3499755859375,845.1751708984375,843.825439453125,843.825439453125,3112960
2025-09-05 00:15:00+00:00,844.588623046875,844.588623046875,843.8121948242188,844.3905639648438,4697216
2025-09-05 00:30:00+00:00,845.0594482421875,845.2536010742188,844.5756225585938,844.8611450195312,902400
2025-09-05 00:45:00+00:00,844.087890625,845.0421752929688,844.087890625,845.0421752929688,5748608
2025-09-05 01:00:00+00:00,844.9948120117188,844.9948120117188,843.8963012695312,844.080078125,0
2025-09-05 01:15:00+00:00,845.5342407226562,845.5407104492188,844.820068359375,844.9849243164062,2726656
2025-09-05 01:30:00+00:00,846.6417846679688,846.6417846679688,845.5678100585938,845.5678100585938,1269248
2025-09-05 01:45:00+00:00,846.470703125,846.6788940429688,846.4088134765625,846.66455078125,348544
2025-09-05 02:00:00+00:00,847.0225830078125,847.3292236328125,846.49609375,846.68115234375,1057152
2025-09-05 02:15:00+00:00,846.5328369140625,847.0531616210938,846.1239624023438,847.0147705078125,552192
2025-09-05 02:30:00+00:00,847.2411499023438,847.5823974609375,846.49072265625,846.49072265625,394112
2025-09-05 02:45:00+00:00,847.2958374023438,847.2958374023438,846.5499877929688,847.1946411132812,0
2025-09-05 03:00:00+00:00,846.305419921875,847.2896118164062,846.305419921875,847.2692260742188,0
2025-09-05 03:15:00+00:00,845.2988891601562,846.3037719726562,845.2988891601562,846.3037719726562,0
2025-09-05 03:30:00+00:00,844.91796875,845.333251953125,844.8698120117188,845.3096313476562,0
2025-09-05 03:45:00+00:00,845.6461181640625,845.6461181640625,844.84765625,844.9296264648438,0
2025-09-05 04:00:00+00:00,844.8287353515625,845.8201904296875,844.8287353515625,845.6883544921875,0
2025-09-05 04:15:00+00:00,844.0966186523438,844.7964477539062,844.0966186523438,844.7964477539062,0
2025-09-05 04:30:00+00:00,845.317138671875,845.3319702148438,843.9229736328125,844.0615234375,752000
2025-09-05 04:45:00+00:00,846.087158203125,846.087158203125,845.2548828125,845.3389892578125,558336
2025-09-05 05:00:00+00:00,846.2527465820312,846.2527465820312,845.6423950195312,846.100830078125,0
2025-09-05 05:15:00+00:00,846.6766357421875,846.6766357421875,846.293701171875,846.293701171875,0
2025-09-05 05:30:00+00:00,847.111328125,847.1123046875,846.7251586914062,846.7251586914062,1924736
2025-09-05 05:45:00+00:00,846.8711547851562,847.139404296875,846.8699951171875,847.139404296875,0
2025-09-05 06:00:00+00:00,846.78271484375,846.9898071289062,846.78271484375,846.845458984375,0
2025-09-05 06:15:00+00:00,845.5288696289062,846.8052368164062,845.474609375,846.8052368164062,622080
2025-09-05 06:30:00+00:00,845.9529418945312,845.9758911132812,845.4922485351562,845.4922485351562,0
2025-09-05 06:45:00+00:00,846.6301879882812,846.6301879882812,845.9454956054688,845.9454956054688,0
2025-09-05 07:00:00+00:00,848.3121948242188,848.3848266601562,846.63037109375,846.63037109375,2308992
2025-09-05 07:15:00+00:00,849.1724243164062,849.1885986328125,847.8956909179688,848.2572021484375,7734528
2025-09-05 07:30:00+00:00,850.1849975585938,850.1849975585938,849.0777587890625,849.1663818359375,12458368
2025-09-05 07:45:00+00:00,850.6625366210938,850.8413696289062,850.1792602539062,850.1792602539062,11821952
2025-09-05 08:00:00+00:00,849.4130859375,850.6560668945312,849.4130859375,850.6560668945312,3558656
2025-09-05 08:15:00+00:00,848.3612670898438,849.3884887695312,848.0169677734375,849.3884887695312,4806784
2025-09-05 08:30:00+00:00,848.6130981445312,848.6980590820312,848.3093872070312,848.3093872070312,0
2025-09-05 08:45:00+00:00,849.530517578125,849.5349731445312,848.5997314453125,848.5997314453125,2123904
2025-09-05 09:00:00+00:00,850.0699462890625,850.0699462890625,849.3366088867188,849.55615234375,0
2025-09-05 09:15:00+00:00,848.0823974609375,850.12109375,848.0823974609375,850.0635986328125,2909184
2025-09-05 09:30:00+00:00,848.8508911132812,848.8508911132812,847.8847045898438,848.0773315429688,3412480
2025-09-05 09:45:00+00:00,849.4800415039062,849.4800415039062,848.8540649414062,848.8540649414062,0
2025-09-05 10:00:00+00:00,849.4097290039062,849.9862060546875,849.4097290039062,849.4907836914062,842624
2025-09-05 10:15:00+00:00,849.3650512695312,849.4000244140625,849.01171875,849.3886108398438,0
2025-09-05 10:30:00+00:00,849.8790893554688,850.296630859375,849.4149169921875,849.4149169921875,3409280
2025-09-05 10:45:00+00:00,850.2113647460938,850.2210083007812,849.6967163085938,849.8721313476562,1803264
2025-09-05 11:00:00+00:00,849.9295043945312,850.4271240234375,849.9295043945312,850.1818237304688,0
2025-09-05 11:15:00+00:00,850.2594604492188,850.2594604492188,849.879638671875,849.9297485351562,0
2025-09-05 11:30:00+00:00,850.6542358398438,850.6542358398438,850.2854614257812,850.2854614257812,4424448
2025-09-05 11:45:00+00:00,850.78857421875,850.78857421875,850.4664306640625,850.6591796875,0
2025-09-05 12:00:00+00:00,850.6633911132812,850.8240356445312,850.64013671875,850.803466796875,1819520
2025-09-05 12:15:00+00:00,851.5970458984375,851.5970458984375,850.6715698242188,850.6715698242188,856448
2025-09-05 12:30:00+00:00,851.4365234375,852.946533203125,851.272705078125,851.643310546875,46179328
2025-09-05 12:45:00+00:00,854.0126953125,854.0410766601562,851.6035766601562,851.6035766601562,13032064
2025-09-05 13:00:00+00:00,855.4342651367188,855.5650634765625,854.1707763671875,854.1707763671875,13184384
2025-09-05 13:15:00+00:00,855.9680786132812,855.9680786132812,854.2696533203125,855.2811889648438,6432256
2025-09-05 13:30:00+00:00,856.587646484375,857.179931640625,855.9789428710938,855.9789428710938,10855936
2025-09-05 13:45:00+00:00,856.3623046875,856.642822265625,856.1358642578125,856.642822265625,9195520
2025-09-05 14:00:00+00:00,853.798828125,856.350341796875,853.7821044921875,856.350341796875,0
2025-09-05 14:15:00+00:00,847.8152465820312,853.7421875,847.8152465820312,853.7421875,32759936
2025-09-05 14:30:00+00:00,846.8394775390625,847.8877563476562,846.5980834960938,847.7158813476562,28057472
2025-09-05 14:45:00+00:00,849.0731201171875,849.328369140625,846.5159301757812,846.8355102539062,41405440
2025-09-05 15:00:00+00:00,848.8379516601562,848.9862060546875,847.5155029296875,848.9286499023438,1720320
2025-09-05 15:15:00+00:00,849.4682006835938,849.837158203125,848.5958862304688,848.7146606445312,0
2025-09-05 15:30:00+00:00,849.5234985351562,849.5234985351562,848.8101806640625,849.498291015625,7479680
2025-09-05 15:45:00+00:00,849.475830078125,849.9422607421875,849.174072265625,849.52734375,8083200
2025-09-05 16:00:00+00:00,849.1810913085938,849.4738159179688,848.7825927734375,849.4738159179688,458624
2025-09-05 16:15:00+00:00,849.3934326171875,849.4193115234375,849.1629638671875,849.1629638671875,0
2025-09-05 16:30:00+00:00,849.7628173828125,849.7628173828125,849.1762084960938,849.3674926757812,2302976
2025-09-05 16:45:00+00:00,849.442626953125,849.7982788085938,849.3342895507812,849.7982788085938,2168320
2025-09-05 17:00:00+00:00,849.3765258789062,849.4383544921875,849.1410522460938,849.3910522460938,1444992
2025-09-05 17:15:00+00:00,849.7578735351562,849.9066772460938,849.3395385742188,849.3395385742188,2164352
2025-09-05 17:30:00+00:00,849.0823364257812,849.7611694335938,849.0823364257812,849.7611694335938,1096704
2025-09-05 17:45:00+00:00,849.2931518554688,849.4708251953125,849.1232299804688,849.1746826171875,1171456
2025-09-05 18:00:00+00:00,849.5462036132812,849.7481079101562,849.3055419921875,849.3055419921875,134400
2025-09-05 18:15:00+00:00,849.298583984375,849.5374755859375,849.2250366210938,849.5374755859375,0
2025-09-05 18:30:00+00:00,850.14892578125,850.2050170898438,849.423828125,849.423828125,493440
2025-09-05 18:45:00+00:00,850.540771484375,850.8685913085938,850.193115234375,850.193115234375,525568
2025-09-05 19:00:00+00:00,850.8624877929688,850.8919677734375,850.6296997070312,850.6851806640625,0
2025-09-05 19:15:00+00:00,851.4940185546875,851.5086059570312,850.8695068359375,850.8695068359375,1711872
2025-09-05 19:30:00+00:00,851.2463989257812,851.4712524414062,851.0576171875,851.4712524414062,6034304
2025-09-05 19:45:00+00:00,850.9052124023438,851.1412963867188,850.8296508789062,851.1412963867188,307456
2025-09-05 20:00:00+00:00,851.1325073242188,851.302734375,850.9010009765625,850.9010009765625,0
2025-09-05 20:15:00+00:00,850.51904296875,851.08349609375,850.4147338867188,851.08349609375,0
2025-09-05 20:30:00+00:00,851.1676635742188,851.1676635742188,850.482421875,850.5042114257812,2335872
2025-09-05 20:45:00+00:00,851.9157104492188,851.9509887695312,850.9156494140625,851.1681518554688,5103872
2025-09-05 21:00:00+00:00,851.443115234375,852.2982788085938,851.414794921875,851.886474609375,1100160
2025-09-05 21:15:00+00:00,850.5279541015625,851.7576904296875,850.51806640625,851.5606689453125,12367872
2025-09-05 21:30:00+00:00,850.686279296875,850.8209228515625,850.0690307617188,850.597412109375,3259392
2025-09-05 21:45:00+00:00,850.1502075195312,850.8552856445312,850.1502075195312,850.6742553710938,2106752
2025-09-05 22:00:00+00:00,850.25048828125,850.3021240234375,849.9785766601562,850.2058715820312,407936
2025-09-05 22:15:00+00:00,850.2006225585938,850.2593383789062,849.8955688476562,850.2593383789062,1458432
2025-09-05 22:30:00+00:00,851.44677734375,851.44677734375,850.2255249023438,850.2255249023438,1343872
2025-09-05 22:45:00+00:00,851.5787353515625,852.0012817382812,851.5006713867188,851.5006713867188,1586560
2025-09-05 23:00:00+00:00,850.5830078125,851.593994140625,850.5830078125,851.593994140625,889472
2025-09-05 23:15:00+00:00,850.360595703125,850.6644287109375,850.3558349609375,850.5924682617188,229760
2025-09-05 23:30:00+00:00,849.6802978515625,850.3530883789062,849.5865478515625,850.3530883789062,1400960
2025-09-05 23:45:00+00:00,849.9478149414062,849.9478149414062,849.5681762695312,849.6751708984375,0
2025-09-06 00:00:00+00:00,849.656005859375,849.980224609375,849.656005859375,849.980224609375,0
2025-09-06 00:15:00+00:00,850.0154418945312,850.0154418945312,849.6544799804688,849.6544799804688,0
2025-09-06 00:30:00+00:00,851.3216552734375,851.3272705078125,850.079345703125,850.079345703125,1970944
2025-09-06 00:45:00+00:00,851.6018676757812,851.6018676757812,851.1224975585938,851.31494140625,1900160
2025-09-06 01:00:00+00:00,852.4700317382812,852.4700317382812,851.6268310546875,851.6268310546875,0
2025-09-06 01:15:00+00:00,852.8505249023438,852.8505249023438,852.4012451171875,852.4089965820312,2478464
2025-09-06 01:30:00+00:00,854.7080688476562,854.7080688476562,852.8386840820312,852.8386840820312,10098816
2025-09-06 01:45:00+00:00,854.5764770507812,855.10888671875,854.5764770507812,854.76904296875,8714496
2025-09-06 02:00:00+00:00,854.2197875976562,855.496826171875,854.2197875976562,854.6891479492188,5316736
2025-09-06 02:15:00+00:00,853.3279418945312,854.2550048828125,853.2113647460938,854.2550048828125,111744
2025-09-06 02:30:00+00:00,854.1248779296875,854.1248779296875,853.3240966796875,853.3240966796875,5830144
2025-09-06 02:45:00+00:00,854.9203491210938,854.97802734375,854.1106567382812,854.1106567382812,5206016
2025-09-06 03:00:00+00:00,855.3242797851562,855.3242797851562,854.9679565429688,854.9679565429688,3997056
2025-09-06 03:15:00+00:00,856.1360473632812,856.1360473632812,855.3276977539062,855.3388061523438,1437312
2025-09-06 03:30:00+00:00,858.3825073242188,858.3825073242188,856.1116943359375,856.1116943359375,22318336
2025-09-06 03:45:00+00:00,858.0032348632812,858.9149780273438,858.0032348632812,858.5111083984375,9754752
2025-09-06 04:00:00+00:00,858.2457885742188,859.2401733398438,858.05517578125,858.05517578125,7565056
2025-09-06 04:15:00+00:00,858.5584716796875,858.6652221679688,858.2295532226562,858.2295532226562,11274368
2025-09-06 04:30:00+00:00,857.3109130859375,858.6316528320312,857.3109130859375,858.5582275390625,6395008
2025-09-06 04:45:00+00:00,858.370849609375,858.5587158203125,856.53369140625,857.289794921875,13325952
2025-09-06 05:00:00+00:00,858.0593872070312,858.3690795898438,857.9752197265625,858.3690795898438,685568
2025-09-06 05:15:00+00:00,856.87060546875,858.0333251953125,856.8634033203125,858.0333251953125,0
2025-09-06 05:30:00+00:00,857.0513916015625,857.302490234375,856.7741088867188,856.8804931640625,6937088
2025-09-06 05:45:00+00:00,856.3150634765625,857.05908203125,856.3150634765625,857.05908203125,1908608
2025-09-06 06:00:00+00:00,856.5986328125,856.5986328125,856.3079833984375,856.3643188476562,1088256
2025-09-06 06:15:00+00:00,857.3440551757812,857.3440551757812,856.5997314453125,856.5997314453125,2057472
2025-09-06 06:30:00+00:00,858.4059448242188,858.5177001953125,857.3433227539062,857.3433227539062,8777472
2025-09-06 06:45:00+00:00,857.9812622070312,859.0839233398438,857.919677734375,858.4295654296875,6231808
2025-09-06 07:00:00+00:00,858.0204467773438,858.2631225585938,857.9423217773438,857.9423217773438,0
2025-09-06 07:15:00+00:00,858.3635864257812,858.4691162109375,857.97900390625,857.97900390625,0
2025-09-06 07:30:00+00:00,859.1517944335938,859.1517944335938,858.0769653320312,858.3316650390625,0
2025-09-06 07:45:00+00:00,859.337890625,859.337890625,859.1436157226562,859.1436157226562,479104
2025-09-06 08:00:00+00:00,859.4457397460938,859.6218872070312,859.3319702148438,859.3319702148438,0
2025-09-06 08:15:00+00:00,859.0267333984375,859.4202270507812,858.9708251953125,859.4202270507812,2007680
2025-09-06 08:30:00+00:00,858.9849853515625,859.580810546875,858.9653930664062,859.0857543945312,2161920
2025-09-06 08:45:00+00:00,859.246337890625,859.246337890625,859.017333984375,859.017333984375,1171072
2025-09-06 09:00:00+00:00,858.4280395507812,859.2631225585938,858.4168090820312,859.247314453125,1114240
2025-09-06 09:15:00+00:00,858.7642822265625,858.8079833984375,858.1641845703125,858.4349365234375,4597888
2025-09-06 09:30:00+00:00,858.94384765625,859.0445556640625,858.3756103515625,858.7314453125,4256256
2025-09-06 09:45:00+00:00,857.5181884765625,858.9459228515625,857.5181884765625,858.9459228515625,17305088
2025-09-06 10:00:00+00:00,857.5932006835938,857.7217407226562,856.8597412109375,857.4462280273438,22184832
2025-09-06 10:15:00+00:00,858.3370971679688,858.5177612304688,857.570068359375,857.570068359375,14874112
2025-09-06 10:30:00+00:00,858.4318237304688,858.6923828125,858.4240112304688,858.4679565429688,4507904
2025-09-06 10:45:00+00:00,859.6156616210938,859.6156616210938,858.1699829101562,858.4405517578125,9574144
2025-09-06 11:00:00+00:00,860.0787353515625,860.1039428710938,859.2182006835938,859.632080078125,7328000
2025-09-06 11:15:00+00:00,860.0418701171875,861.0681762695312,860.021484375,860.107421875,13516288
2025-09-06 11:30:00+00:00,861.2661743164062,861.2661743164062,859.48828125,860.068359375,11814144
2025-09-06 11:45:00+00:00,861.1729736328125,861.1776733398438,860.5784301757812,861.1569213867188,10072320
2025-09-06 12:00:00+00:00,864.4633178710938,864.4633178710938,860.9952392578125,861.16943359375,18191104
2025-09-06 12:15:00+00:00,863.3047485351562,864.4349365234375,863.3047485351562,864.3749389648438,17088512
2025-09-06 12:30:00+00:00,862.8661499023438,863.4361572265625,862.8661499023438,863.3472900390625,0
2025-09-06 12:45:00+00:00,862.2242431640625,862.8688354492188,862.2242431640625,862.8688354492188,0
2025-09-06 13:00:00+00:00,862.5816040039062,862.5816040039062,861.8870849609375,862.1915893554688,0
2025-09-06 13:15:00+00:00,861.5814208984375,862.9915161132812,861.5814208984375,862.5966796875,0
2025-09-06 13:30:00+00:00,860.1513061523438,861.4273071289062,860.0574340820312,861.4273071289062,0
2025-09-06 13:45:00+00:00,861.0353393554688,861.0482177734375,860.2308959960938,860.2308959960938,0
2025-09-06 14:00:00+00:00,861.6868286132812,861.6868286132812,861.0302124023438,861.0302124023438,0
2025-09-06 14:15:00+00:00,860.8411254882812,861.8282470703125,860.8411254882812,861.6863403320312,0
2025-09-06 14:30:00+00:00,862.1672973632812,862.1672973632812,860.839599609375,860.839599609375,0
2025-09-06 14:45:00+00:00,862.8715209960938,862.8715209960938,862.1961669921875,862.1961669921875,0
2025-09-06 15:00:00+00:00,861.5552368164062,863.0960693359375,861.470703125,862.8731689453125,0
2025-09-06 15:15:00+00:00,860.6044921875,861.533935546875,860.5899047851562,861.533935546875,0
2025-09-06 15:30:00+00:00,861.5007934570312,861.5016479492188,860.5933837890625,860.5933837890625,0
2025-09-06 15:45:00+00:00,859.9669189453125,861.54443359375,859.7904052734375,861.5216674804688,0
2025-09-06 16:00:00+00:00,859.7127685546875,860.1787719726562,859.259033203125,859.927490234375,8812032
2025-09-06 16:15:00+00:00,859.509521484375,859.6287231445312,859.0540771484375,859.6287231445312,5115008
2025-09-06 16:30:00+00:00,861.2997436523438,861.4337158203125,859.5382080078125,859.5382080078125,3130240
2025-09-06 16:45:00+00:00,861.0504150390625,861.321533203125,860.6969604492188,861.321533203125,2290432
2025-09-06 17:00:00+00:00,860.7199096679688,861.1126098632812,860.7199096679688,861.1126098632812,0
2025-09-06 17:15:00+00:00,859.593505859375,860.7041625976562,859.5565185546875,860.7041625976562,1378816
2025-09-06 17:30:00+00:00,859.9292602539062,860.2787475585938,859.5145874023438,859.63916015625,1227264
2025-09-06 17:45:00+00:00,859.8740234375,860.0631713867188,859.7135620117188,859.8864135742188,1494656
2025-09-06 18:00:00+00:00,859.4058837890625,859.859130859375,859.1689453125,859.859130859375,2312960
2025-09-06 18:15:00+00:00,859.3426513671875,859.49072265625,859.1752319335938,859.3548583984375,2892416
2025-09-06 18:30:00+00:00,859.531494140625,859.5344848632812,858.93603515625,859.4801025390625,7364096
2025-09-06 18:45:00+00:00,859.6256713867188,859.6256713867188,859.270263671875,859.4759521484375,5666176
2025-09-06 19:00:00+00:00,859.533935546875,859.8860473632812,859.533935546875,859.6326904296875,126976
2025-09-06 19:15:00+00:00,859.4171142578125,859.6864624023438,859.4171142578125,859.5606079101562,237696
2025-09-06 19:30:00+00:00,858.9830322265625,859.3921508789062,858.9830322265625,859.3921508789062,0
2025-09-06 19:45:00+00:00,858.078857421875,858.9425659179688,858.0438232421875,858.9425659179688,32256
2025-09-06 20:00:00+00:00,857.423095703125,858.0816650390625,857.4185180664062,858.0816650390625,2028416
2025-09-06 20:15:00+00:00,857.814453125,857.89013671875,857.4205322265625,857.4205322265625,1064320
2025-09-06 20:30:00+00:00,858.5001220703125,858.5084228515625,857.6111450195312,857.7549438476562,824192
2025-09-06 20:45:00+00:00,858.5565795898438,858.8720092773438,858.444091796875,858.4893798828125,182272
2025-09-06 21:00:00+00:00,858.400390625,858.837890625,858.3798217773438,858.5773315429688,0
2025-09-06 21:15:00+00:00,859.5984497070312,859.5984497070312,858.5464477539062,858.5464477539062,0
2025-09-06 21:30:00+00:00,859.2935180664062,859.384521484375,859.0942993164062,859.1856079101562,496768
2025-09-06 21:45:00+00:00,859.0261840820312,859.6266479492188,858.9832153320312,859.3035888671875,599680
2025-09-06 22:00:00+00:00,858.4130859375,859.118408203125,858.3676147460938,859.0267333984375,0
2025-09-06 22:15:00+00:00,858.4005737304688,858.735595703125,858.4005737304688,858.4259643554688,0
2025-09-06 22:30:00+00:00,859.1947021484375,859.1947021484375,858.4278564453125,858.4278564453125,2616576
2025-09-06 22:45:00+00:00,859.56982421875,859.56982421875,859.17333984375,859.18408203125,1639040
2025-09-06 23:00:00+00:00,859.9805908203125,859.9805908203125,859.4777221679688,859.548828125,342144
2025-09-06 23:15:00+00:00,861.1995239257812,861.2518310546875,859.980224609375,859.980224609375,2834176
2025-09-06 23:30:00+00:00,862.8047485351562,862.8047485351562,861.2291259765625,861.2291259765625,8828416
2025-09-06 23:45:00+00:00,861.827392578125,863.0828857421875,861.7782592773438,862.7940673828125,4961024
2025-09-07 00:00:00+00:00,862.566162109375,862.7461547851562,861.6956176757812,861.7542114257812,161280
2025-09-07 00:15:00+00:00,862.1248168945312,862.5126342773438,861.97119140625,862.5126342773438,2058368
2025-09-07 00:30:00+00:00,862.4088745117188,862.4140625,861.2745361328125,862.13720703125,3932160
2025-09-07 00:45:00+00:00,861.7429809570312,862.8822021484375,861.7093505859375,862.4689331054688,6539904
2025-09-07 01:00:00+00:00,862.2274169921875,862.2460327148438,861.6697387695312,861.7680053710938,1865600
2025-09-07 01:15:00+00:00,862.4912109375,862.4950561523438,861.982177734375,862.25244140625,1795712
2025-09-07 01:30:00+00:00,862.4212646484375,862.626708984375,862.3360595703125,862.4735107421875,0
2025-09-07 01:45:00+00:00,862.75537109375,863.0680541992188,862.4566040039062,862.4566040039062,0
2025-09-07 02:00:00+00:00,862.1328735351562,862.7222900390625,861.9821166992188,862.7222900390625,0
2025-09-07 02:15:00+00:00,861.85595703125,862.1685180664062,861.7340087890625,862.1396484375,398720
2025-09-07 02:30:00+00:00,862.6421508789062,862.659912109375,861.8981323242188,861.8981323242188,6416640
2025-09-07 02:45:00+00:00,864.7824096679688,864.7824096679688,862.6480102539062,862.6480102539062,6209280
2025-09-07 03:00:00+00:00,865.177490234375,866.8936767578125,864.8955078125,864.8955078125,19693440
2025-09-07 03:15:00+00:00,866.2435913085938,866.43603515625,865.20751953125,865.20751953125,11688320
2025-09-07 03:30:00+00:00,867.904296875,867.904296875,866.2256469726562,866.2256469726562,768640
2025-09-07 03:45:00+00:00,866.326416015625,867.8328247070312,866.326416015625,867.8328247070312,0
2025-09-07 04:00:00+00:00,866.0252075195312,866.4235229492188,866.0252075195312,866.3325805664062,0
2025-09-07 04:15:00+00:00,865.0026245117188,866.0000610351562,865.0026245117188,866.0000610351562,0
2025-09-07 04:30:00+00:00,865.5914306640625,865.5914306640625,864.9373168945312,865.0026245117188,569728
2025-09-07 04:45:00+00:00,865.9636840820312,866.2288208007812,865.6212768554688,865.6212768554688,0
2025-09-07 05:00:00+00:00,866.08935546875,866.3217163085938,865.8482666015625,865.9723510742188,0
2025-09-07 05:15:00+00:00,866.0936279296875,866.0936279296875,865.42041015625,866.0475463867188,1610112
2025-09-07 05:30:00+00:00,867.7152099609375,867.7645263671875,866.11767578125,866.11767578125,3455104
2025-09-07 05:45:00+00:00,867.7186279296875,867.7186279296875,867.2974853515625,867.5405883789062,0
2025-09-07 06:00:00+00:00,867.22314453125,867.718505859375,867.216796875,867.718505859375,0
2025-09-07 06:15:00+00:00,866.4722290039062,867.1502075195312,866.4456176757812,867.1502075195312,989056
2025-09-07 06:30:00+00:00,865.7332763671875,866.4775390625,865.6989135742188,866.4713134765625,0
2025-09-07 06:45:00+00:00,866.7491455078125,866.7914428710938,865.3172607421875,865.7442016601562,8417280
2025-09-07 07:00:00+00:00,867.4176025390625,867.4556274414062,867.28125,867.28125,8357376
2025-09-07 07:15:00+00:00,867.3510131835938,867.5629272460938,867.3510131835938,867.411376953125,1651712
2025-09-07 07:30:00+00:00,867.7167358398438,867.7235717773438,867.4716796875,867.4716796875,339072
2025-09-07 07:45:00+00:00,867.7617797851562,868.0313110351562,867.7261962890625,867.7261962890625,0
2025-09-07 08:00:00+00:00,872.0289916992188,872.03173828125,867.7546997070312,867.8050537109375,29818496
2025-09-07 08:15:00+00:00,871.7676391601562,872.3643188476562,871.6924438476562,871.990234375,12691712
2025-09-07 08:30:00+00:00,870.6763916015625,871.6474609375,870.642578125,871.6234741210938,7025536
2025-09-07 08:45:00+00:00,872.0840454101562,872.0840454101562,870.3477783203125,870.6396484375,7409920
2025-09-07 09:00:00+00:00,871.7008056640625,872.4220581054688,871.6630249023438,872.0957641601562,1913472
2025-09-07 09:15:00+00:00,870.8864135742188,871.6920166015625,870.874755859375,871.6920166015625,0
2025-09-07 09:30:00+00:00,870.12744140625,871.039306640625,870.12744140625,871.039306640625,5076480
2025-09-07 09:45:00+00:00,870.7447509765625,870.763916015625,870.1109619140625,870.1641235351562,0
2025-09-07 10:00:00+00:00,871.8316650390625,871.8624877929688,870.7981567382812,870.7981567382812,0
2025-09-07 10:15:00+00:00,871.9388427734375,872.0349731445312,871.6809692382812,871.8453979492188,0
2025-09-07 10:30:00+00:00,873.8170776367188,873.9046020507812,871.8603515625,871.9317626953125,8838144
2025-09-07 10:45:00+00:00,872.6398315429688,873.9039916992188,872.6398315429688,873.9039916992188,0
2025-09-07 11:00:00+00:00,872.1056518554688,873.0343017578125,872.0797119140625,872.675537109375,0
2025-09-07 11:15:00+00:00,871.6698608398438,872.0560913085938,871.6522827148438,872.0560913085938,0
2025-09-07 11:30:00+00:00,871.8766479492188,871.8914184570312,871.6150512695312,871.7489624023438,0
2025-09-07 11:45:00+00:00,873.3196411132812,873.3196411132812,871.8876342773438,871.8876342773438,2771968
2025-09-07 12:00:00+00:00,872.524169921875,873.4507446289062,872.3514404296875,873.4507446289062,0
2025-09-07 12:15:00+00:00,871.437744140625,872.2965087890625,871.4052124023438,872.2965087890625,0
2025-09-07 12:30:00+00:00,870.3947143554688,871.4794921875,870.3947143554688,871.4434204101562,7806208
2025-09-07 12:45:00+00:00,870.0785522460938,870.5283813476562,870.0424194335938,870.2978515625,14236032
2025-09-07 13:00:00+00:00,871.0577392578125,871.0797119140625,870.1024169921875,870.1024169921875,0
2025-09-07 13:15:00+00:00,870.877197265625,871.0570068359375,870.7966918945312,871.0570068359375,0
2025-09-07 13:30:00+00:00,871.5659790039062,871.76513671875,870.8720703125,870.8720703125,3345152
2025-09-07 13:45:00+00:00,872.4334716796875,872.4609375,871.583984375,871.583984375,1872000
2025-09-07 14:00:00+00:00,873.2296142578125,873.5704345703125,872.4285888671875,872.4285888671875,5332736
2025-09-07 14:15:00+00:00,874.1320190429688,874.1320190429688,873.2255249023438,873.2255249023438,3402496
2025-09-07 14:30:00+00:00,874.1522216796875,874.3344116210938,873.3593139648438,874.1555786132812,1593728
2025-09-07 14:45:00+00:00,874.0039672851562,874.3060302734375,873.939208984375,874.1587524414062,2206464
2025-09-07 15:00:00+00:00,873.408447265625,874.20361328125,873.384521484375,874.0181884765625,0
2025-09-07 15:15:00+00:00,874.3064575195312,874.3078002929688,873.2578125,873.3900146484375,1543680
2025-09-07 15:30:00+00:00,874.7289428710938,874.9435424804688,874.2981567382812,874.2981567382812,9908864
2025-09-07 15:45:00+00:00,874.7857666015625,874.9017944335938,874.5176391601562,874.7289428710938,0
2025-09-07 16:00:00+00:00,875.279541015625,875.279541015625,874.6934204101562,874.7589111328125,0
2025-09-07 16:15:00+00:00,874.02392578125,875.2188110351562,873.9661865234375,875.2188110351562,0
2025-09-07 16:30:00+00:00,873.4765625,874.2197265625,873.4765625,874.04150390625,6744448
2025-09-07 16:45:00+00:00,873.652099609375,873.652099609375,873.439208984375,873.439208984375,2547200
2025-09-07 17:00:00+00:00,874.030517578125,874.0769653320312,873.5736083984375,873.627197265625,1443712
2025-09-07 17:15:00+00:00,873.5240478515625,873.9985961914062,873.0662231445312,873.9985961914062,1219840
2025-09-07 17:30:00+00:00,874.1212768554688,874.1212768554688,873.2735595703125,873.5065307617188,1402880
2025-09-07 17:45:00+00:00,873.9926147460938,874.6237182617188,873.9926147460938,874.1206665039062,0
2025-09-07 18:00:00+00:00,874.5039672851562,874.5039672851562,873.7801513671875,873.9833984375,1399680
2025-09-07 18:15:00+00:00,874.2615966796875,874.5559692382812,874.2615966796875,874.4833374023438,103168
2025-09-07 18:30:00+00:00,873.3934326171875,874.2083129882812,873.2902221679688,874.2083129882812,5734784
2025-09-07 18:45:00+00:00,875.0620727539062,875.1060791015625,873.4708251953125,873.4708251953125,2303616
2025-09-07 19:00:00+00:00,875.2141723632812,875.4310913085938,875.1432495117188,875.1432495117188,1403520
2025-09-07 19:15:00+00:00,875.3089599609375,875.3089599609375,875.0558471679688,875.17724609375,1109504
2025-09-07 19:30:00+00:00,876.0411376953125,876.0411376953125,875.2803955078125,875.2803955078125,11055232
2025-09-07 19:45:00+00:00,875.5147094726562,876.0963745117188,875.5089111328125,876.0175170898438,1868288
2025-09-07 20:00:00+00:00,874.8062744140625,875.5747680664062,874.8062744140625,875.4991455078125,1240832
2025-09-07 20:15:00+00:00,873.7947387695312,874.7581787109375,873.7125244140625,874.7581787109375,640128
2025-09-07 20:30:00+00:00,874.1925048828125,874.192626953125,873.8202514648438,873.8202514648438,6578560
2025-09-07 20:45:00+00:00,874.3167114257812,874.686279296875,874.1685791015625,874.2052001953125,1692032
2025-09-07 21:00:00+00:00,874.3433837890625,874.5718383789062,874.3358764648438,874.3761596679688,447488
2025-09-07 21:15:00+00:00,874.1519165039062,874.3344116210938,873.966064453125,874.3344116210938,372864
2025-09-07 21:30:00+00:00,874.3353881835938,874.3353881835938,874.048095703125,874.1856689453125,1203200
2025-09-07 21:45:00+00:00,874.37158203125,874.6156005859375,874.3307495117188,874.3502807617188,345088
2025-09-07 22:00:00+00:00,874.2921142578125,874.3506469726562,873.860107421875,874.3224487304688,981760
2025-09-07 22:15:00+00:00,874.6497802734375,874.6497802734375,874.2273559570312,874.337158203125,2138368
2025-09-07 22:30:00+00:00,875.2538452148438,875.2538452148438,874.5247192382812,874.6204223632812,9204608
2025-09-07 22:45:00+00:00,876.1103515625,876.1103515625,875.2217407226562,875.2217407226562,5861888
2025-09-07 23:00:00+00:00,876.4662475585938,876.6029052734375,876.071044921875,876.071044921875,4830080
2025-09-07 23:15:00+00:00,881.1831665039062,881.2244873046875,876.5213012695312,876.5213012695312,43937664
2025-09-07 23:30:00+00:00,882.1551513671875,882.78125,881.3598022460938,881.5617065429688,21616896
2025-09-07 23:45:00+00:00,880.6049194335938,882.5147705078125,880.6049194335938,882.1996459960938,3742848
2025-09-08 00:00:00+00:00,880.74462890625,880.74462890625,879.7009887695312,880.5306396484375,3724928
2025-09-08 00:15:00+00:00,882.0612182617188,882.0612182617188,880.7891845703125,880.7891845703125,5711104
2025-09-08 00:30:00+00:00,883.9036254882812,883.9036254882812,881.4385375976562,882.0850219726562,16002816
2025-09-08 00:45:00+00:00,882.7777099609375,885.1495361328125,882.7777099609375,883.9799194335938,14911872
2025-09-08 01:00:00+00:00,881.531982421875,883.3768920898438,881.5299682617188,882.8094482421875,9890176
2025-09-08 01:15:00+00:00,882.3475952148438,883.8179931640625,881.4434814453125,881.5360717773438,11412864
2025-09-08 01:30:00+00:00,880.1976318359375,882.2091674804688,880.0972290039062,882.2091674804688,4343808
2025-09-08 01:45:00+00:00,878.5272827148438,880.1976318359375,878.4049072265625,880.1976318359375,11944960
2025-09-08 02:00:00+00:00,879.3580322265625,879.3580322265625,878.257080078125,878.4541015625,3989888
2025-09-08 02:15:00+00:00,878.2263793945312,880.0374145507812,878.1754760742188,879.3539428710938,5625088
2025-09-08 02:30:00+00:00,880.4990844726562,880.4990844726562,878.3176879882812,878.3176879882812,13744896
2025-09-08 02:45:00+00:00,881.799560546875,882.2896118164062,880.4707641601562,880.4707641601562,13347712
2025-09-08 03:00:00+00:00,882.7022705078125,882.938720703125,881.8369140625,881.8369140625,1762304
2025-09-08 03:15:00+00:00,882.9517211914062,883.1309204101562,882.1417846679688,882.6535034179688,2438272
2025-09-08 03:30:00+00:00,883.5946044921875,884.3670654296875,882.9451904296875,882.9451904296875,4711296
2025-09-08 03:45:00+00:00,882.4534301757812,883.4703979492188,882.4534301757812,883.4703979492188,3693952
2025-09-08 04:00:00+00:00,878.7839965820312,882.179931640625,878.7839965820312,882.179931640625,12731776
2025-09-08 04:15:00+00:00,879.1180419921875,879.51318359375,878.7491455078125,878.7720947265625,12058880
2025-09-08 04:30:00+00:00,878.9796142578125,879.4638671875,878.9796142578125,879.2129516601562,3275008
2025-09-08 04:45:00+00:00,878.5673828125,879.1124267578125,878.4960327148438,879.0232543945312,4796800
2025-09-08 05:00:00+00:00,878.8795776367188,878.885009765625,878.373046875,878.7359008789062,1417472
2025-09-08 05:15:00+00:00,877.6244506835938,878.4751586914062,877.6244506835938,878.4751586914062,1644032
2025-09-08 05:30:00+00:00,874.712646484375,877.36376953125,874.7014770507812,877.36376953125,26208768
2025-09-08 05:45:00+00:00,874.8582763671875,874.9050903320312,874.6243286132812,874.6243286132812,6543360
2025-09-08 06:00:00+00:00,872.8873901367188,874.9114990234375,872.8148803710938,874.8130493164062,9314304
2025-09-08 06:15:00+00:00,874.7659912109375,874.7659912109375,872.755615234375,872.9420776367188,4506112
2025-09-08 06:30:00+00:00,874.0711669921875,874.78271484375,873.980224609375,874.7359008789062,2967808
2025-09-08 06:45:00+00:00,873.6781005859375,874.1749267578125,873.5797119140625,874.1749267578125,541952
2025-09-08 07:00:00+00:00,874.5068969726562,874.5068969726562,873.458984375,873.6047973632812,0
2025-09-08 07:15:00+00:00,875.546630859375,875.7647094726562,874.5016479492188,874.5016479492188,10721024
2025-09-08 07:30:00+00:00,874.63525390625,875.507568359375,874.6076049804688,875.507568359375,8019968
2025-09-08 07:45:00+00:00,874.0228271484375,874.8351440429688,873.9525756835938,874.6795043945312,6279936
2025-09-08 08:00:00+00:00,873.5418701171875,874.2330932617188,873.5418701171875,874.027587890625,328192
2025-09-08 08:15:00+00:00,874.6846313476562,874.6846313476562,873.1506958007812,873.5510864257812,0
2025-09-08 08:30:00+00:00,872.5385131835938,876.1937866210938,872.105712890625,874.7962036132812,28297472
2025-09-08 08:45:00+00:00,872.1094970703125,872.82958984375,872.1094970703125,872.5172729492188,9015040
2025-09-08 09:00:00+00:00,873.8735961914062,873.8735961914062,872.1202392578125,872.1513671875,1804288
2025-09-08 09:15:00+00:00,875.0159912109375,875.1973876953125,873.9345703125,873.9345703125,16700928
2025-09-08 09:30:00+00:00,874.4427490234375,874.7130737304688,874.0325927734375,874.7130737304688,663552
2025-09-08 09:45:00+00:00,875.8947143554688,875.8947143554688,874.4216918945312,874.4216918945312,4377856
2025-09-08 10:00:00+00:00,876.67724609375,876.67724609375,875.727294921875,875.9299926757812,4439552
2025-09-08 10:15:00+00:00,877.5404052734375,877.6859130859375,876.651611328125,876.651611328125,5350656
2025-09-08 10:30:00+00:00,878.0140991210938,878.0282592773438,876.8165283203125,877.436279296875,1505536
2025-09-08 10:45:00+00:00,877.6714477539062,878.9194946289062,877.6714477539062,878.003173828125,12002560
2025-09-08 11:00:00+00:00,876.5503540039062,877.6328735351562,876.5503540039062,877.6328735351562,2267136
2025-09-08 11:15:00+00:00,876.6642456054688,876.74462890625,876.1148071289062,876.5231323242188,4489216
2025-09-08 11:30:00+00:00,876.3507080078125,876.6177978515625,876.0315551757812,876.6177978515625,3385856
2025-09-08 11:45:00+00:00,878.4741821289062,878.4741821289062,876.4703369140625,876.4703369140625,6174464
2025-09-08 12:00:00+00:00,878.1515502929688,879.1211547851562,878.1104125976562,878.4776611328125,1363968
2025-09-08 12:15:00+00:00,877.762451171875,878.1229858398438,877.475341796875,878.1229858398438,5197056
2025-09-08 12:30:00+00:00,878.3510131835938,878.5264282226562,877.76904296875,877.76904296875,0
2025-09-08 12:45:00+00:00,878.0015258789062,878.38916015625,877.988037109375,878.328125,840448
2025-09-08 13:00:00+00:00,880.948974609375,880.948974609375,877.935791015625,878.0157470703125,17355520
2025-09-08 13:15:00+00:00,881.0201416015625,881.07470703125,880.212890625,880.9183959960938,17052928
2025-09-08 13:30:00+00:00,879.7901611328125,881.3424072265625,879.594482421875,881.0819091796875,9893376
2025-09-08 13:45:00+00:00,880.2188110351562,880.2188110351562,879.7512817382812,879.8015747070312,13122048
2025-09-08 14:00:00+00:00,879.7232055664062,879.7530517578125,879.1712646484375,879.6197509765625,2895104
2025-09-08 14:15:00+00:00,879.4219970703125,879.7023315429688,879.005859375,879.7023315429688,1127936
2025-09-08 14:30:00+00:00,881.02001953125,881.6610107421875,879.4835815429688,879.4835815429688,2834432
2025-09-08 14:45:00+00:00,880.4286499023438,880.82421875,880.4005126953125,880.8107299804688,125184
2025-09-08 15:00:00+00:00,882.21923828125,882.221923828125,880.3959350585938,880.3959350585938,12648960
2025-09-08 15:15:00+00:00,881.9362182617188,882.3702392578125,881.8788452148438,882.2266845703125,12908800
2025-09-08 15:30:00+00:00,880.736328125,881.9267578125,880.736328125,881.9267578125,2435328
2025-09-08 15:45:00+00:00,879.947021484375,880.7579345703125,879.20361328125,880.7579345703125,5988352
2025-09-08 16:00:00+00:00,879.3330078125,880.076171875,879.18310546875,880.076171875,0
2025-09-08 16:15:00+00:00,880.0597534179688,880.0597534179688,879.093505859375,879.2218017578125,6111744
2025-09-08 16:30:00+00:00,879.0534057617188,880.3043212890625,879.0534057617188,880.1360473632812,343552
2025-09-08 16:45:00+00:00,879.767822265625,879.7982788085938,879.0458984375,879.1774291992188,1927168
2025-09-08 17:00:00+00:00,879.8292846679688,879.9282836914062,878.9877319335938,879.7952270507812,2236160
2025-09-08 17:15:00+00:00,881.5103759765625,881.5103759765625,879.66357421875,879.7705688476562,2107648
2025-09-08 17:30:00+00:00,879.9212646484375,881.7801513671875,879.9212646484375,881.7801513671875,753152
2025-09-08 17:45:00+00:00,878.4892578125,879.9293212890625,878.480224609375,879.9293212890625,8266496
2025-09-08 18:00:00+00:00,878.5103759765625,879.3206787109375,878.4937133789062,878.4937133789062,17892608
2025-09-08 18:15:00+00:00,878.4384765625,878.8966674804688,878.4058837890625,878.6038208007812,5614848
2025-09-08 18:30:00+00:00,878.9181518554688,878.9181518554688,878.2493286132812,878.442626953125,2313472
2025-09-08 18:45:00+00:00,880.3929443359375,880.3929443359375,879.3828735351562,879.3975830078125,1583360
2025-09-08 19:00:00+00:00,878.7919311523438,880.4824829101562,878.693359375,880.3789672851562,0
2025-09-08 19:15:00+00:00,877.8569946289062,878.9916381835938,877.8569946289062,878.7996826171875,6998784
2025-09-08 19:30:00+00:00,877.0880126953125,877.8840942382812,876.70947265625,877.8521728515625,760576
2025-09-08 19:45:00+00:00,877.6572875976562,877.7362670898438,877.0817260742188,877.0817260742188,1001728
2025-09-08 20:00:00+00:00,878.0553588867188,878.0553588867188,877.5657958984375,877.6766357421875,838656
2025-09-08 20:15:00+00:00,877.8735961914062,877.8946533203125,877.51123046875,877.8487548828125,3638016
2025-09-08 20:30:00+00:00,878.2484741210938,878.2542114257812,877.8739013671875,877.8739013671875,3187968
2025-09-08 20:45:00+00:00,877.8666381835938,878.0842895507812,877.723388671875,878.0842895507812,562176
2025-09-08 21:00:00+00:00,878.3822631835938,878.3822631835938,877.9000244140625,877.9000244140625,2011392
2025-09-08 21:15:00+00:00,880.029052734375,880.029052734375,878.3788452148438,878.3788452148438,5998336
2025-09-08 21:30:00+00:00,881.2283935546875,881.2283935546875,880.0372314453125,880.0372314453125,8198144
2025-09-08 21:45:00+00:00,882.0018920898438,882.0018920898438,881.1121826171875,881.189208984375,4291584
2025-09-08 22:00:00+00:00,881.5550537109375,882.0173950195312,881.1962280273438,882.0173950195312,3266816
2025-09-08 22:15:00+00:00,880.3326416015625,881.5540161132812,880.3326416015625,881.5540161132812,5284608
2025-09-08 22:30:00+00:00,879.60888671875,880.3222045898438,879.60888671875,880.3222045898438,5569792
2025-09-08 22:45:00+00:00,878.873291015625,879.6812744140625,878.5653076171875,879.6142578125,38144
2025-09-08 23:00:00+00:00,878.8834228515625,879.0441284179688,878.6220703125,879.0441284179688,0
2025-09-08 23:15:00+00:00,878.3278198242188,878.8778076171875,878.3278198242188,878.8778076171875,0
2025-09-08 23:30:00+00:00,878.7465209960938,878.7750244140625,878.126220703125,878.3513793945312,0
2025-09-08 23:45:00+00:00,878.2898559570312,878.8199462890625,878.1904907226562,878.768310546875,0
2025-09-09 00:00:00+00:00,878.8775024414062,879.359375,878.1453247070312,878.2224731445312,10563840
2025-09-09 00:15:00+00:00,877.6889038085938,879.008544921875,877.6889038085938,878.9348754882812,890624
2025-09-09 00:30:00+00:00,876.1676025390625,877.6414184570312,875.9909057617188,877.6414184570312,0
2025-09-09 00:45:00+00:00,876.0587158203125,876.6104125976562,875.9986572265625,876.2342529296875,0
2025-09-09 01:00:00+00:00,875.8926391601562,876.3710327148438,875.8926391601562,876.0895385742188,0
2025-09-09 01:15:00+00:00,873.5087280273438,875.8753051757812,873.5087280273438,875.8753051757812,71680
2025-09-09 01:30:00+00:00,873.2042236328125,873.45703125,872.4144287109375,873.45703125,2871040
2025-09-09 01:45:00+00:00,873.12548828125,873.4862060546875,872.9424438476562,873.1846313476562,0
2025-09-09 02:00:00+00:00,873.0474243164062,873.4384155273438,873.0061645507812,873.1483764648438,0
2025-09-09 02:15:00+00:00,872.589599609375,873.4077758789062,872.482666015625,872.9959106445312,395264
2025-09-09 02:30:00+00:00,874.2684326171875,874.3670043945312,872.58544921875,872.58544921875,298240
2025-09-09 02:45:00+00:00,873.673583984375,873.9092407226562,873.01953125,873.8973388671875,0
2025-09-09 03:00:00+00:00,874.5328369140625,874.5328369140625,873.708251953125,873.708251953125,0
2025-09-09 03:15:00+00:00,874.982421875,874.982421875,874.5470581054688,874.5470581054688,0
2025-09-09 03:30:00+00:00,874.48828125,875.1598510742188,874.1024780273438,874.98681640625,0
2025-09-09 03:45:00+00:00,875.10595703125,875.1134643554688,874.4779052734375,874.4779052734375,0
2025-09-09 04:00:00+00:00,874.3709106445312,875.1369018554688,874.3709106445312,875.1369018554688,0
2025-09-09 04:15:00+00:00,875.68896484375,875.7536010742188,874.2544555664062,874.3298950195312,0
2025-09-09 04:30:00+00:00,875.162353515625,875.5526733398438,875.162353515625,875.466064453125,2511872
2025-09-09 04:45:00+00:00,876.1221313476562,876.1221313476562,875.1356811523438,875.1732788085938,1921792
2025-09-09 05:00:00+00:00,875.9900512695312,876.62744140625,875.9900512695312,876.0949096679688,994048
2025-09-09 05:15:00+00:00,875.41845703125,876.0103149414062,875.3720092773438,876.0103149414062,0
2025-09-09 05:30:00+00:00,875.3360595703125,875.4957275390625,875.1989135742188,875.3995971679688,0
2025-09-09 05:45:00+00:00,876.7401123046875,876.7409057617188,875.3843383789062,875.3843383789062,472448
2025-09-09 06:00:00+00:00,878.696044921875,878.696044921875,876.7156372070312,876.7156372070312,42654848
2025-09-09 06:15:00+00:00,878.8495483398438,879.2677001953125,878.7677001953125,878.7677001953125,10222080
2025-09-09 06:30:00+00:00,880.722412109375,880.722412109375,878.9080200195312,878.9080200195312,13556992
2025-09-09 06:45:00+00:00,881.3944091796875,882.3515625,880.8211059570312,880.8211059570312,19065344
2025-09-09 07:00:00+00:00,881.3599853515625,881.6124267578125,881.0198364257812,881.3931274414062,5510400
2025-09-09 07:15:00+00:00,883.804443359375,883.86572265625,881.31396484375,881.382080078125,3712512
2025-09-09 07:30:00+00:00,882.4365844726562,883.4756469726562,882.4365844726562,883.4756469726562,3310336
2025-09-09 07:45:00+00:00,881.4105834960938,882.4224243164062,881.288818359375,882.4224243164062,1006592
2025-09-09 08:00:00+00:00,882.8981323242188,882.9283447265625,881.36865234375,881.4217529296875,19456
2025-09-09 08:15:00+00:00,882.8164672851562,882.8717041015625,882.5145263671875,882.8717041015625,474368
2025-09-09 08:30:00+00:00,884.0736694335938,884.2027587890625,882.8516845703125,882.8516845703125,0
2025-09-09 08:45:00+00:00,883.0235595703125,884.0736694335938,882.9874267578125,884.0736694335938,23296
2025-09-09 09:00:00+00:00,883.2367553710938,883.4490356445312,883.0938110351562,883.4490356445312,455424
2025-09-09 09:15:00+00:00,882.0487670898438,883.329833984375,882.0487670898438,883.2427978515625,11876864
2025-09-09 09:30:00+00:00,881.1337280273438,882.192138671875,881.0486450195312,882.0885620117188,3060736
2025-09-09 09:45:00+00:00,881.0909423828125,881.3258666992188,881.0909423828125,881.3258666992188,759296
2025-09-09 10:00:00+00:00,882.4633178710938,882.6259765625,881.0523681640625,881.0523681640625,0
2025-09-09 10:15:00+00:00,881.8778686523438,882.4830322265625,881.8246459960938,882.4830322265625,0
2025-09-09 10:30:00+00:00,882.7540283203125,882.7540283203125,881.7250366210938,881.8656005859375,215424
2025-09-09 10:45:00+00:00,882.6663208007812,882.7931518554688,882.4209594726562,882.7503051757812,0
2025-09-09 11:00:00+00:00,882.52294921875,882.8013305664062,882.52294921875,882.69189453125,928384
2025-09-09 11:15:00+00:00,882.071533203125,882.484375,881.966552734375,882.484375,766976
2025-09-09 11:30:00+00:00,881.275146484375,882.1070556640625,881.275146484375,882.077392578125,3580288
2025-09-09 11:45:00+00:00,880.9105834960938,881.2702026367188,880.9105834960938,881.2702026367188,401536
2025-09-09 12:00:00+00:00,881.1002807617188,881.1002807617188,880.4259643554688,880.857666015625,6655872
2025-09-09 12:15:00+00:00,881.8392333984375,881.8660278320312,881.0120239257812,881.051025390625,963968
2025-09-09 12:30:00+00:00,880.4751586914062,882.0675048828125,880.4432983398438,881.8793334960938,1254784
2025-09-09 12:45:00+00:00,879.6157836914062,880.3268432617188,879.6157836914062,880.3268432617188,2065792
2025-09-09 13:00:00+00:00,877.8362426757812,879.5665893554688,877.8362426757812,879.5665893554688,0
2025-09-09 13:15:00+00:00,878.021240234375,878.2664794921875,877.0935668945312,878.2664794921875,0
2025-09-09 13:30:00+00:00,879.3435668945312,879.3787841796875,878.0079956054688,878.0079956054688,0
2025-09-09 13:45:00+00:00,880.0155639648438,880.0889282226562,879.2733154296875,879.3521728515625,360628992
2025-09-09 14:00:00+00:00,878.6348876953125,880.1417236328125,877.4765625,879.9703979492188,18217856
2025-09-09 14:15:00+00:00,877.2913818359375,878.7926635742188,877.2310791015625,878.697021484375,5436288
2025-09-09 14:30:00+00:00,874.3582763671875,877.3734741210938,873.9967651367188,877.3734741210938,16074368
2025-09-09 14:45:00+00:00,874.98095703125,875.0973510742188,873.686767578125,874.1581420898438,13431936
2025-09-09 15:00:00+00:00,873.4931030273438,875.1889038085938,873.4931030273438,875.0179443359375,729216
2025-09-09 15:15:00+00:00,873.58154296875,873.8359985351562,873.4794921875,873.5394897460938,540928
2025-09-09 15:30:00+00:00,872.212158203125,873.6022338867188,872.212158203125,873.6022338867188,10651008
2025-09-09 15:45:00+00:00,873.5065307617188,873.5065307617188,871.8968505859375,872.2574462890625,531200
2025-09-09 16:00:00+00:00,873.220703125,873.529541015625,873.2085571289062,873.500244140625,1380992
2025-09-09 16:15:00+00:00,874.0068359375,874.1852416992188,873.2644653320312,873.2644653320312,450176
2025-09-09 16:30:00+00:00,874.53759765625,874.53759765625,873.6657104492188,873.9591674804688,4482304
2025-09-09 16:45:00+00:00,874.3685302734375,874.509765625,874.1015014648438,874.509765625,2718976
2025-09-09 17:00:00+00:00,875.9403686523438,875.966552734375,874.3658447265625,874.3658447265625,1494912
2025-09-09 17:15:00+00:00,875.1858520507812,875.8756103515625,875.00830078125,875.8756103515625,361344
2025-09-09 17:30:00+00:00,874.1798706054688,875.02685546875,874.14453125,875.02685546875,0
2025-09-09 17:45:00+00:00,873.9202880859375,874.4655151367188,873.9202880859375,874.2153930664062,0
2025-09-09 18:00:00+00:00,874.4636840820312,874.4636840820312,873.8812255859375,874.0354614257812,11057408
2025-09-09 18:15:00+00:00,875.3711547851562,875.3711547851562,874.638427734375,874.6736450195312,341888
2025-09-09 18:30:00+00:00,874.9737548828125,875.48046875,874.9625854492188,875.3704223632812,0
2025-09-09 18:45:00+00:00,875.556884765625,875.5591430664062,874.941162109375,874.941162109375,1193728
2025-09-09 19:00:00+00:00,876.013671875,876.0281982421875,875.5593872070312,875.5593872070312,65045888
2025-09-09 19:15:00+00:00,876.2474975585938,876.2474975585938,875.78076171875,875.9966430664062,0
2025-09-09 19:30:00+00:00,876.9080200195312,877.2291259765625,876.3133544921875,876.3133544921875,893440
2025-09-09 19:45:00+00:00,877.1580200195312,877.1580200195312,876.8076782226562,876.9265747070312,443264
2025-09-09 20:00:00+00:00,875.8729248046875,877.1485595703125,875.8729248046875,877.1067504882812,113152
2025-09-09 20:15:00+00:00,874.964111328125,875.880615234375,874.9308471679688,875.84521484375,780800
2025-09-09 20:30:00+00:00,875.0891723632812,875.3719482421875,874.8914184570312,874.9326782226562,157184
2025-09-09 20:45:00+00:00,876.7528686523438,876.7528686523438,875.0982055664062,875.0982055664062,660352
2025-09-09 21:00:00+00:00,877.6107177734375,877.6107177734375,876.3211669921875,876.6915893554688,2307456
2025-09-09 21:15:00+00:00,877.620849609375,878.3155517578125,877.620849609375,877.6890869140625,386944
2025-09-09 21:30:00+00:00,878.4295654296875,878.4295654296875,877.4315795898438,877.611083984375,18304
2025-09-09 21:45:00+00:00,877.7893676757812,878.3509521484375,877.7893676757812,878.3509521484375,0
2025-09-09 22:00:00+00:00,878.9270629882812,878.9270629882812,877.810546875,877.8527221679688,0
2025-09-09 22:15:00+00:00,880.7440185546875,880.7557373046875,878.9133911132812,878.9133911132812,14000128
2025-09-09 22:30:00+00:00,882.6075439453125,883.0126953125,880.7835693359375,880.7835693359375,29147008
2025-09-09 22:45:00+00:00,882.5499267578125,882.7808227539062,882.5443725585938,882.6461181640625,2374144
2025-09-09 23:00:00+00:00,882.658203125,883.0457763671875,882.5892944335938,882.5892944335938,8740736
2025-09-09 23:15:00+00:00,879.9288940429688,882.7738647460938,879.9288940429688,882.6581420898438,6365824
2025-09-09 23:30:00+00:00,879.02783203125,879.8800659179688,878.9910278320312,879.8800659179688,874112
2025-09-09 23:45:00+00:00,880.0209350585938,880.0209350585938,879.0316162109375,879.2151489257812,5031040
2025-09-10 00:00:00+00:00,880.0986328125,880.1478271484375,880.0049438476562,880.0064086914062,0
2025-09-10 00:15:00+00:00,877.942626953125,879.8328857421875,877.942626953125,879.8174438476562,0
2025-09-10 00:30:00+00:00,879.0458374023438,879.1236572265625,877.867431640625,877.867431640625,0
2025-09-10 00:45:00+00:00,877.62744140625,879.818115234375,877.62744140625,879.1708374023438,5715072
2025-09-10 01:00:00+00:00,879.1692504882812,879.1692504882812,877.5891723632812,877.6161499023438,7101696
2025-09-10 01:15:00+00:00,879.446044921875,879.961181640625,879.2508544921875,879.2508544921875,1329280
2025-09-10 01:30:00+00:00,880.0018920898438,880.0018920898438,879.201171875,879.4371337890625,0
2025-09-10 01:45:00+00:00,878.6080322265625,880.0302734375,878.5484008789062,879.9774780273438,0
2025-09-10 02:00:00+00:00,879.720947265625,879.720947265625,878.6184692382812,878.6184692382812,1258496
2025-09-10 02:15:00+00:00,881.9708862304688,881.9708862304688,879.7315673828125,879.7315673828125,4674560
2025-09-10 02:30:00+00:00,881.2582397460938,881.8191528320312,881.0390625,881.8191528320312,1363200
2025-09-10 02:45:00+00:00,880.9153442382812,881.3087158203125,880.9039916992188,881.2512817382812,0
2025-09-10 03:00:00+00:00,881.8234252929688,881.8234252929688,880.8255004882812,880.9434814453125,2272256
2025-09-10 03:15:00+00:00,881.4196166992188,882.2094116210938,881.4196166992188,881.8759155273438,5119616
2025-09-10 03:30:00+00:00,880.774658203125,881.3504638671875,880.6329345703125,881.3504638671875,1515776
2025-09-10 03:45:00+00:00,880.5039672851562,881.0678100585938,880.5039672851562,880.7748413085938,0
2025-09-10 04:00:00+00:00,880.1453857421875,880.5437622070312,880.1453857421875,880.5437622070312,0
2025-09-10 04:15:00+00:00,880.764892578125,880.765380859375,880.3123168945312,880.3123168945312,0
2025-09-10 04:30:00+00:00,880.512939453125,881.2496948242188,880.512939453125,880.7741088867188,0
2025-09-10 04:45:00+00:00,880.3525390625,880.4884643554688,880.248046875,880.4884643554688,0
2025-09-10 05:00:00+00:00,879.2935791015625,880.3228149414062,879.228515625,880.3228149414062,1088128
2025-09-10 05:15:00+00:00,880.424560546875,880.424560546875,879.263916015625,879.3704223632812,2556800
2025-09-10 05:30:00+00:00,881.1849975585938,881.1849975585938,880.5172729492188,880.5172729492188,6388864
2025-09-10 05:45:00+00:00,881.0093994140625,881.8499145507812,881.0093994140625,881.3262939453125,8640000
2025-09-10 06:00:00+00:00,881.2552490234375,881.5025024414062,881.044921875,881.044921875,1574656
2025-09-10 06:15:00+00:00,882.1461791992188,882.1461791992188,881.1730346679688,881.2593383789062,0
2025-09-10 06:30:00+00:00,883.1082763671875,883.1082763671875,882.2254028320312,882.2254028320312,279424
2025-09-10 06:45:00+00:00,884.8626708984375,884.9830322265625,883.1115112304688,883.1115112304688,8466688
2025-09-10 07:00:00+00:00,884.674560546875,884.9461059570312,884.674560546875,884.8753662109375,0
2025-09-10 07:15:00+00:00,884.6223754882812,884.9166259765625,884.4652709960938,884.626953125,6600960
2025-09-10 07:30:00+00:00,882.6896362304688,884.915283203125,882.5286865234375,884.915283203125,15485696
2025-09-10 07:45:00+00:00,883.874267578125,884.3934936523438,883.1213989257812,883.182373046875,7392128
2025-09-10 08:00:00+00:00,883.14892578125,883.8087768554688,883.14892578125,883.8087768554688,5889024
2025-09-10 08:15:00+00:00,884.5523071289062,884.5523071289062,883.225830078125,883.225830078125,6168064
2025-09-10 08:30:00+00:00,884.0728759765625,884.8131103515625,884.0712890625,884.5380249023438,1109120
2025-09-10 08:45:00+00:00,882.855224609375,883.3590698242188,882.787353515625,883.3590698242188,54272
2025-09-10 09:00:00+00:00,881.7919311523438,882.8922119140625,881.7919311523438,882.8552856445312,1259520
2025-09-10 09:15:00+00:00,882.4335327148438,882.4847412109375,881.6571044921875,881.877197265625,4442496
2025-09-10 09:30:00+00:00,882.562255859375,882.562255859375,882.0650024414062,882.4326782226562,2018816
2025-09-10 09:45:00+00:00,881.9122924804688,882.426513671875,881.7880249023438,882.426513671875,2965120
2025-09-10 10:00:00+00:00,882.3273315429688,882.3273315429688,881.532470703125,881.9342041015625,1764480
2025-09-10 10:15:00+00:00,882.7514038085938,882.7514038085938,882.380126953125,882.453857421875,2315776
2025-09-10 10:30:00+00:00,883.3279418945312,883.3279418945312,882.6845092773438,882.7639770507812,6447232
2025-09-10 10:45:00+00:00,883.642578125,883.880126953125,883.353515625,883.353515625,4441600
2025-09-10 11:00:00+00:00,884.34716796875,884.34716796875,883.6153564453125,883.6153564453125,1299968
2025-09-10 11:15:00+00:00,883.9830322265625,884.3538818359375,883.5821533203125,884.3538818359375,4386560
2025-09-10 11:30:00+00:00,884.061767578125,884.3922729492188,884.013916015625,884.013916015625,345222528
2025-09-10 11:45:00+00:00,884.0447387695312,884.072021484375,883.8196411132812,884.072021484375,143360
2025-09-10 12:00:00+00:00,885.1826171875,885.1826171875,884.0901489257812,884.0901489257812,7990912
2025-09-10 12:15:00+00:00,886.5173950195312,886.7294921875,885.0192260742188,885.0977172851562,14024704
2025-09-10 12:30:00+00:00,888.6244506835938,888.832275390625,886.5042114257812,886.5042114257812,47795840
2025-09-10 12:45:00+00:00,888.8539428710938,889.0953979492188,888.111328125,888.691162109375,16545536
2025-09-10 13:00:00+00:00,898.2348022460938,898.2348022460938,888.8436279296875,888.8436279296875,115614464
2025-09-10 13:15:00+00:00,902.5751342773438,902.9405517578125,898.2064208984375,898.2064208984375,124501504
2025-09-10 13:30:00+00:00,902.1491088867188,902.1491088867188,900.10302734375,901.6774291992188,57981184
2025-09-10 13:45:00+00:00,904.3345336914062,906.000732421875,902.0960693359375,902.0960693359375,69291264
2025-09-10 14:00:00+00:00,901.3040771484375,904.1362915039062,901.3040771484375,903.8519287109375,33917184
2025-09-10 14:15:00+00:00,901.037353515625,902.0755615234375,900.9562377929688,901.2718505859375,24301056
2025-09-10 14:30:00+00:00,901.065185546875,901.6793212890625,900.4440307617188,900.4440307617188,12804864
2025-09-10 14:45:00+00:00,903.0036010742188,903.0036010742188,901.15771484375,901.15771484375,23749376
2025-09-10 15:00:00+00:00,901.2889404296875,903.1571655273438,901.245361328125,903.1571655273438,16659200
2025-09-10 15:15:00+00:00,897.1477661132812,901.203369140625,897.0750122070312,901.203369140625,25948160
2025-09-10 15:30:00+00:00,896.3746948242188,896.9387817382812,895.6660766601562,896.9387817382812,4099072
2025-09-10 15:45:00+00:00,895.2058715820312,896.3565063476562,895.1104125976562,896.3565063476562,6363648
2025-09-10 16:00:00+00:00,895.2283935546875,896.1903686523438,895.2283935546875,895.896484375,15051008
2025-09-10 16:15:00+00:00,895.9669189453125,895.9669189453125,894.8609619140625,895.233642578125,4715008
2025-09-10 16:30:00+00:00,896.0751953125,896.428466796875,895.83984375,896.4081420898438,3082752
2025-09-10 16:45:00+00:00,898.5977783203125,898.5977783203125,896.1278686523438,896.1278686523438,11162112
2025-09-10 17:00:00+00:00,899.0034790039062,899.0034790039062,898.5257568359375,898.8177490234375,13955584
2025-09-10 17:15:00+00:00,896.5944213867188,898.89111328125,896.5944213867188,898.89111328125,6615808
2025-09-10 17:30:00+00:00,896.2724609375,896.2724609375,894.3789672851562,895.1206665039062,31445504
2025-09-10 17:45:00+00:00,897.2084350585938,897.2408447265625,896.3090209960938,896.3090209960938,17527552
2025-09-10 18:00:00+00:00,896.7353515625,897.2675170898438,896.7353515625,897.2675170898438,574464
2025-09-10 18:15:00+00:00,894.4437255859375,896.8171997070312,894.3613891601562,896.8019409179688,13541888
2025-09-10 18:30:00+00:00,895.4502563476562,895.4502563476562,894.54052734375,894.54052734375,10290176
2025-09-10 18:45:00+00:00,895.2018432617188,895.4304809570312,894.9547729492188,895.4030151367188,1638912
2025-09-10 19:00:00+00:00,894.0363159179688,895.1343994140625,894.0363159179688,895.1311645507812,112384
2025-09-10 19:15:00+00:00,891.1506958007812,893.2294921875,891.1321411132812,893.1607666015625,8144896
2025-09-10 19:30:00+00:00,889.8370971679688,891.6138916015625,889.472412109375,891.2579956054688,15030784
2025-09-10 19:45:00+00:00,890.5918579101562,890.9163818359375,890.48583984375,890.48583984375,8152576
2025-09-10 20:00:00+00:00,890.8419799804688,890.8419799804688,890.5577392578125,890.7941284179688,5480192
2025-09-10 20:15:00+00:00,891.1235961914062,891.1235961914062,890.7577514648438,890.7577514648438,3018496
2025-09-10 20:30:00+00:00,890.9625244140625,891.2310180664062,890.8450317382812,891.2310180664062,1962496
2025-09-10 20:45:00+00:00,890.6345825195312,890.962890625,890.6324462890625,890.962890625,2688512
2025-09-10 21:00:00+00:00,891.2100219726562,891.2100219726562,890.5739135742188,890.6607055664062,4326400
2025-09-10 21:15:00+00:00,890.770263671875,890.9816284179688,890.69921875,890.9010620117188,4342272
2025-09-10 21:30:00+00:00,891.3328857421875,891.3858642578125,890.563720703125,890.563720703125,4107520
2025-09-10 21:45:00+00:00,891.4825439453125,891.6558837890625,891.341552734375,891.341552734375,1348352
2025-09-10 22:00:00+00:00,891.683349609375,891.79541015625,890.7813720703125,891.5869750976562,11989248
2025-09-10 22:15:00+00:00,893.0738525390625,893.2341918945312,891.77734375,891.77734375,8604672
2025-09-10 22:30:00+00:00,893.5906982421875,893.9371948242188,893.0134887695312,893.3165283203125,0
2025-09-10 22:45:00+00:00,892.3082885742188,894.4445190429688,892.29541015625,893.7268676757812,3906816
2025-09-10 23:00:00+00:00,894.7147827148438,894.7147827148438,892.3407592773438,892.3497924804688,3119360
2025-09-10 23:15:00+00:00,893.6299438476562,894.5928344726562,893.6299438476562,894.5928344726562,1042176
2025-09-10 23:30:00+00:00,894.1480102539062,894.2045288085938,893.4846801757812,893.4846801757812,2127616
2025-09-10 23:45:00+00:00,893.501220703125,893.9591674804688,893.501220703125,893.9467163085938,717568
2025-09-11 00:00:00+00:00,892.3887329101562,893.5349731445312,892.3441162109375,893.5349731445312,2388736
2025-09-11 00:15:00+00:00,891.3340454101562,891.8499755859375,891.3340454101562,891.76708984375,1216000
2025-09-11 00:30:00+00:00,889.5316772460938,891.4008178710938,889.4370727539062,891.4008178710938,14642688
2025-09-11 00:45:00+00:00,890.7223510742188,890.7223510742188,889.4527587890625,889.4527587890625,0
2025-09-11 01:00:00+00:00,891.8472900390625,891.8472900390625,890.7578735351562,890.7578735351562,1692416
2025-09-11 01:15:00+00:00,892.6702880859375,892.7216186523438,892.0159912109375,892.0159912109375,1456384
2025-09-11 01:30:00+00:00,892.110107421875,892.526123046875,892.0964965820312,892.5062866210938,998912
2025-09-11 01:45:00+00:00,891.5677490234375,892.0830688476562,891.5592041015625,892.0830688476562,113408
2025-09-11 02:00:00+00:00,891.6146850585938,891.6146850585938,890.9449462890625,891.5810546875,1457664
2025-09-11 02:15:00+00:00,890.889404296875,891.8973388671875,890.889404296875,891.6463623046875,719360
2025-09-11 02:30:00+00:00,891.7517700195312,891.7517700195312,890.5257568359375,890.8792114257812,131328
2025-09-11 02:45:00+00:00,890.9031982421875,892.0062866210938,890.9031982421875,892.0062866210938,3740160
2025-09-11 03:00:00+00:00,890.8300170898438,890.8644409179688,890.3716430664062,890.5488891601562,1400320
2025-09-11 03:15:00+00:00,893.2265625,893.2265625,890.849609375,890.849609375,1482496
2025-09-11 03:30:00+00:00,893.6454467773438,893.6454467773438,892.8638305664062,893.1749877929688,4900864
2025-09-11 03:45:00+00:00,894.8938598632812,894.8938598632812,894.091064453125,894.091064453125,14540288
2025-09-11 04:00:00+00:00,893.0116577148438,894.8558959960938,893.0116577148438,894.8558959960938,6618624
2025-09-11 04:15:00+00:00,893.4820556640625,893.4820556640625,893.0094604492188,893.0094604492188,4764928
2025-09-11 04:30:00+00:00,894.8005981445312,894.8078002929688,893.6448364257812,893.6448364257812,4817152
2025-09-11 04:45:00+00:00,894.0687866210938,894.79736328125,894.0449829101562,894.79736328125,2048256
2025-09-11 05:00:00+00:00,893.5770874023438,894.5238037109375,893.4728393554688,894.5238037109375,931328
2025-09-11 05:15:00+00:00,893.3707275390625,893.7127075195312,893.1547241210938,893.545654296875,15616
2025-09-11 05:30:00+00:00,894.4642944335938,894.4952392578125,893.3718872070312,893.3718872070312,5626624
2025-09-11 05:45:00+00:00,895.4627685546875,895.4627685546875,894.3387451171875,894.3525390625,1170688
2025-09-11 06:00:00+00:00,895.0134887695312,895.49462890625,894.8709106445312,895.49462890625,0
2025-09-11 06:15:00+00:00,896.3955688476562,896.4647216796875,894.9884643554688,894.9884643554688,5910784
2025-09-11 06:30:00+00:00,897.14404296875,897.1792602539062,896.0228271484375,896.4249877929688,1753088
2025-09-11 06:45:00+00:00,897.1508178710938,897.9656372070312,897.0650634765625,897.6474609375,2830080
2025-09-11 07:00:00+00:00,897.4862060546875,897.4995727539062,896.530517578125,897.1118774414062,7035904
2025-09-11 07:15:00+00:00,895.5900268554688,897.4659423828125,895.5900268554688,897.4659423828125,251136
2025-09-11 07:30:00+00:00,895.44970703125,895.6327514648438,895.1065063476562,895.6327514648438,0
2025-09-11 07:45:00+00:00,896.36865234375,896.5633544921875,895.4462890625,895.4462890625,1459456
2025-09-11 08:00:00+00:00,896.0926513671875,896.5231323242188,895.9603271484375,896.3670043945312,0
2025-09-11 08:15:00+00:00,896.4943237304688,896.4953002929688,895.7041625976562,896.0497436523438,367616
2025-09-11 08:30:00+00:00,897.1295166015625,897.1295166015625,896.5065307617188,896.5065307617188,1937152
2025-09-11 08:45:00+00:00,898.0690307617188,898.0690307617188,897.4672241210938,897.5053100585938,6295040
2025-09-11 09:00:00+00:00,897.1932373046875,898.1090087890625,897.1932373046875,898.1090087890625,0
2025-09-11 09:15:00+00:00,897.139404296875,897.183349609375,896.49365234375,897.1497802734375,3430144
2025-09-11 09:30:00+00:00,897.627197265625,897.627197265625,896.4527587890625,897.1264038085938,4231936
2025-09-11 09:45:00+00:00,899.083740234375,899.083740234375,897.7701416015625,897.7701416015625,8491008
2025-09-11 10:00:00+00:00,900.9795532226562,901.0156860351562,899.1353149414062,899.1353149414062,14523392
2025-09-11 10:15:00+00:00,900.0654907226562,900.6538696289062,900.0654907226562,900.5872192382812,2457088
2025-09-11 10:30:00+00:00,898.849365234375,900.0707397460938,898.849365234375,900.0707397460938,2264832
2025-09-11 10:45:00+00:00,900.3816528320312,900.3816528320312,898.3146362304688,898.3146362304688,11352576
2025-09-11 11:00:00+00:00,900.8410034179688,900.8410034179688,900.2338256835938,900.2708740234375,3036416
2025-09-11 11:15:00+00:00,900.906005859375,901.7002563476562,900.906005859375,901.0336303710938,3808768
2025-09-11 11:30:00+00:00,899.694580078125,900.625,899.694580078125,900.625,1812736
2025-09-11 11:45:00+00:00,899.0576171875,899.8445434570312,899.0149536132812,899.6925048828125,6246656
2025-09-11 12:00:00+00:00,899.1387329101562,899.9496459960938,898.9680786132812,899.4302368164062,15689216
2025-09-11 12:15:00+00:00,899.3896484375,899.6030883789062,899.0625,899.0625,3651840
2025-09-11 12:30:00+00:00,899.0819091796875,899.4699096679688,897.143798828125,899.4699096679688,18020352
2025-09-11 12:45:00+00:00,901.2576293945312,902.93994140625,897.904541015625,898.7381591796875,27274240
2025-09-11 13:00:00+00:00,897.8388061523438,901.3538818359375,897.8388061523438,901.3538818359375,0
2025-09-11 13:15:00+00:00,899.07861328125,899.4259643554688,897.2384643554688,897.85107421875,0
2025-09-11 13:30:00+00:00,899.111083984375,899.3782348632812,898.7719116210938,899.0316772460938,0
2025-09-11 13:45:00+00:00,898.9851684570312,899.0179443359375,898.2269897460938,899.0179443359375,0
2025-09-11 14:00:00+00:00,899.197509765625,900.9319458007812,899.197509765625,900.9319458007812,0
2025-09-11 14:15:00+00:00,897.9490356445312,899.1678466796875,897.4356689453125,899.1678466796875,0
2025-09-11 14:30:00+00:00,899.7002563476562,899.7002563476562,898.0333251953125,898.0333251953125,0
2025-09-11 14:45:00+00:00,898.5885620117188,899.7113037109375,898.4240112304688,899.6520385742188,0
2025-09-11 15:00:00+00:00,898.0410766601562,899.3648681640625,898.0410766601562,898.6573486328125,0
2025-09-11 15:15:00+00:00,897.22900390625,898.040283203125,897.1858520507812,898.040283203125,0
2025-09-11 15:30:00+00:00,897.203125,897.2954711914062,896.9217529296875,896.9217529296875,119552
2025-09-11 15:45:00+00:00,893.988525390625,896.7640380859375,893.4052734375,896.7640380859375,14736896
2025-09-11 16:00:00+00:00,895.5056762695312,895.5056762695312,893.9485473632812,893.9485473632812,0
2025-09-11 16:15:00+00:00,894.5734252929688,895.907958984375,894.5734252929688,895.8528442382812,0
2025-09-11 16:30:00+00:00,895.1757202148438,895.1757202148438,894.21240234375,894.5482788085938,0
2025-09-11 16:45:00+00:00,894.8821411132812,895.2255249023438,894.5730590820312,895.2255249023438,0
2025-09-11 17:00:00+00:00,895.4009399414062,895.4428100585938,894.6520385742188,894.85595703125,0
2025-09-11 17:15:00+00:00,896.405517578125,896.7193603515625,895.4525756835938,895.4525756835938,3283968
2025-09-11 17:30:00+00:00,896.6917724609375,896.7454223632812,896.0370483398438,896.3497314453125,0
2025-09-11 17:45:00+00:00,897.2691650390625,897.2691650390625,896.6253662109375,896.8430786132812,0
2025-09-11 18:00:00+00:00,897.4346313476562,897.63671875,897.2868041992188,897.2868041992188,0
2025-09-11 18:15:00+00:00,896.7529296875,896.9651489257812,896.3651733398438,896.9476318359375,0
2025-09-11 18:30:00+00:00,895.6121215820312,897.0667724609375,895.5773315429688,896.8760986328125,318208
2025-09-11 18:45:00+00:00,894.9053344726562,895.68798828125,894.6519165039062,895.6132202148438,139520
2025-09-11 19:00:00+00:00,895.6595458984375,895.904052734375,894.9041748046875,894.92431640625,0
2025-09-11 19:15:00+00:00,896.0952758789062,896.1004638671875,895.4757690429688,895.6475830078125,0
2025-09-11 19:30:00+00:00,896.8095703125,896.9742431640625,896.1310424804688,896.1310424804688,0
2025-09-11 19:45:00+00:00,896.8223876953125,897.0789184570312,896.7718505859375,896.8302001953125,0
2025-09-11 20:00:00+00:00,896.6699829101562,897.07373046875,896.6699829101562,896.895751953125,0
2025-09-11 20:15:00+00:00,896.7926635742188,896.8462524414062,896.3256225585938,896.7013549804688,1792
2025-09-11 20:30:00+00:00,897.0205078125,897.07666015625,896.571044921875,896.7560424804688,1389824
2025-09-11 20:45:00+00:00,897.3828735351562,897.4663696289062,897.2844848632812,897.3218994140625,389888
2025-09-11 21:00:00+00:00,897.0704345703125,897.4882202148438,897.0704345703125,897.3309326171875,0
2025-09-11 21:15:00+00:00,895.93603515625,897.0391845703125,895.93603515625,897.0391845703125,0
2025-09-11 21:30:00+00:00,896.5255126953125,896.5255126953125,896.055419921875,896.055419921875,0
2025-09-11 21:45:00+00:00,897.1201171875,897.1226196289062,896.5485229492188,896.5485229492188,9984
2025-09-11 22:00:00+00:00,898.2195434570312,898.2195434570312,896.8732299804688,897.0331420898438,4266752
2025-09-11 22:15:00+00:00,900.1398315429688,900.2428588867188,898.0821533203125,898.0821533203125,5544192
2025-09-11 22:30:00+00:00,900.3318481445312,900.5006713867188,900.1715087890625,900.212890625,3694592
2025-09-11 22:45:00+00:00,902.031494140625,902.057373046875,900.70947265625,900.70947265625,2364928
2025-09-11 23:00:00+00:00,903.1358642578125,903.142822265625,902.021240234375,902.056884765625,3017728
2025-09-11 23:15:00+00:00,901.6181030273438,903.3295288085938,901.5760498046875,903.160400390625,4118016
2025-09-11 23:30:00+00:00,901.4532470703125,901.5980834960938,901.1492919921875,901.5980834960938,6105344
2025-09-11 23:45:00+00:00,903.0379638671875,903.0379638671875,902.0109252929688,902.0250854492188,5328640
2025-09-12 00:00:00+00:00,902.2232055664062,903.142333984375,902.2232055664062,902.96923828125,5695744
2025-09-12 00:15:00+00:00,904.9144287109375,905.0238037109375,902.0233764648438,902.1421508789062,9842176
2025-09-12 00:30:00+00:00,905.2633666992188,905.4871826171875,904.861083984375,904.9010620117188,0
2025-09-12 00:45:00+00:00,906.529052734375,908.1611938476562,906.2361450195312,906.2361450195312,25923584
2025-09-12 01:00:00+00:00,905.6127319335938,906.7463989257812,905.5630493164062,906.120361328125,663296
2025-09-12 01:15:00+00:00,905.558837890625,905.7114868164062,905.5032348632812,905.65087890625,0
2025-09-12 01:30:00+00:00,905.7672119140625,906.4912719726562,905.6725463867188,905.909423828125,10301440
2025-09-12 01:45:00+00:00,904.9496459960938,905.7313232421875,904.9496459960938,905.7313232421875,9535232
2025-09-12 02:00:00+00:00,906.1141357421875,906.1141357421875,904.8865356445312,904.8865356445312,0
2025-09-12 02:15:00+00:00,904.9937133789062,906.0656127929688,904.9359130859375,906.0473022460938,6059264
2025-09-12 02:30:00+00:00,905.47998046875,905.6727294921875,904.6793823242188,905.0352783203125,3180800
2025-09-12 02:45:00+00:00,903.972412109375,905.439208984375,903.9496459960938,905.439208984375,908032
2025-09-12 03:00:00+00:00,903.7742919921875,904.3447875976562,903.7742919921875,904.0443725585938,3275776
2025-09-12 03:15:00+00:00,902.7955322265625,903.8534545898438,902.6181030273438,903.762451171875,3980800
2025-09-12 03:30:00+00:00,902.841796875,903.0596923828125,902.7252197265625,902.850341796875,0
2025-09-12 03:45:00+00:00,904.5219116210938,904.5219116210938,903.5567016601562,903.5567016601562,2909440
2025-09-12 04:00:00+00:00,904.1676025390625,904.6976318359375,904.1217041015625,904.6976318359375,0
2025-09-12 04:15:00+00:00,906.1043701171875,906.1043701171875,904.1171875,904.1171875,14573824
2025-09-12 04:30:00+00:00,907.8955078125,907.8955078125,906.1150512695312,906.1150512695312,23121920
2025-09-12 04:45:00+00:00,907.963623046875,908.0039672851562,907.5563354492188,907.8937377929688,11660288
2025-09-12 05:00:00+00:00,907.2918090820312,908.0222778320312,907.2601318359375,908.0222778320312,3332864
2025-09-12 05:15:00+00:00,908.4529418945312,909.09912109375,907.4114990234375,907.4114990234375,22120448
2025-09-12 05:30:00+00:00,908.5751342773438,908.7645874023438,908.278564453125,908.4089965820312,2062592
2025-09-12 05:45:00+00:00,908.8734741210938,909.1266479492188,908.627685546875,908.627685546875,4959744
2025-09-12 06:00:00+00:00,908.2161254882812,909.3804321289062,908.2161254882812,908.9231567382812,15949056
2025-09-12 06:15:00+00:00,908.3675537109375,908.5487670898438,908.1514892578125,908.2210693359375,1284864
2025-09-12 06:30:00+00:00,908.481689453125,908.481689453125,908.2410278320312,908.3390502929688,915968
2025-09-12 06:45:00+00:00,908.5388793945312,908.8345947265625,908.4118041992188,908.468017578125,0
2025-09-12 07:00:00+00:00,908.1766357421875,908.6358032226562,908.1766357421875,908.6358032226562,0
2025-09-12 07:15:00+00:00,907.8756103515625,908.3651733398438,907.8756103515625,908.1552734375,0
2025-09-12 07:30:00+00:00,905.00341796875,907.6995849609375,905.00341796875,907.6995849609375,10682112
2025-09-12 07:45:00+00:00,904.0006103515625,905.0188598632812,903.98974609375,905.0172729492188,6397184
2025-09-12 08:00:00+00:00,904.4481811523438,904.4765625,903.7808227539062,903.9705810546875,5687808
2025-09-12 08:15:00+00:00,904.6546630859375,904.811767578125,903.8119506835938,904.2318725585938,8468480
2025-09-12 08:30:00+00:00,905.0162963867188,905.0162963867188,904.3558349609375,904.5551147460938,1847552
2025-09-12 08:45:00+00:00,905.140869140625,905.1544189453125,904.8713989257812,905.0789184570312,0
2025-09-12 09:00:00+00:00,906.928466796875,906.928466796875,905.1150512695312,905.1150512695312,14595072
2025-09-12 09:15:00+00:00,907.992919921875,908.04296875,907.3211669921875,907.3607788085938,16885504
2025-09-12 09:30:00+00:00,906.9547729492188,908.6080932617188,906.9547729492188,908.1121826171875,12629760
2025-09-12 09:45:00+00:00,907.2451782226562,907.2451782226562,906.7803955078125,906.9688110351562,240384
2025-09-12 10:00:00+00:00,908.012451171875,908.2293090820312,907.2661743164062,907.2661743164062,2635008
2025-09-12 10:15:00+00:00,907.0742797851562,908.0306396484375,907.0643310546875,908.0306396484375,13294336
2025-09-12 10:30:00+00:00,907.735595703125,907.735595703125,907.0903930664062,907.0903930664062,1027328
2025-09-12 10:45:00+00:00,907.3541870117188,907.8665161132812,907.3541870117188,907.736328125,0
2025-09-12 11:00:00+00:00,906.9479370117188,907.3067016601562,906.8181762695312,907.3067016601562,0
2025-09-12 11:15:00+00:00,906.6972045898438,907.0006713867188,906.4256591796875,906.8804321289062,0
2025-09-12 11:30:00+00:00,905.952880859375,906.7618408203125,905.9108276367188,906.7618408203125,5467392
2025-09-12 11:45:00+00:00,905.5978393554688,905.8841552734375,905.2001953125,905.8841552734375,704256
2025-09-12 12:00:00+00:00,905.1322021484375,905.533447265625,904.7322387695312,905.533447265625,0
2025-09-12 12:15:00+00:00,907.24755859375,907.24755859375,905.1768188476562,905.1768188476562,191232
2025-09-12 12:30:00+00:00,906.2169189453125,907.1906127929688,906.2169189453125,907.1906127929688,0
2025-09-12 12:45:00+00:00,908.1143188476562,908.11474609375,906.1799926757812,906.281982421875,3430400
2025-09-12 13:00:00+00:00,908.3239135742188,908.4019775390625,907.8106689453125,908.1323852539062,0
2025-09-12 13:15:00+00:00,908.57861328125,908.57861328125,908.2318725585938,908.3533935546875,0
2025-09-12 13:30:00+00:00,907.8237915039062,908.6134643554688,907.5236206054688,908.3793334960938,1003520
2025-09-12 13:45:00+00:00,908.9497680664062,909.026611328125,907.9165649414062,907.9165649414062,4203008
2025-09-12 14:00:00+00:00,909.5765380859375,909.5765380859375,908.7628784179688,908.7628784179688,5538304
2025-09-12 14:15:00+00:00,909.2659301757812,909.43896484375,909.2589111328125,909.43896484375,1685760
2025-09-12 14:30:00+00:00,908.1969604492188,909.129150390625,907.8478393554688,909.129150390625,0
2025-09-12 14:45:00+00:00,908.9100952148438,908.9509887695312,907.54345703125,908.0922241210938,2872064
2025-09-12 15:00:00+00:00,906.975830078125,908.6734008789062,906.975830078125,908.6734008789062,0
2025-09-12 15:15:00+00:00,907.2334594726562,907.5582885742188,906.79736328125,906.9773559570312,8104960
2025-09-12 15:30:00+00:00,907.3303833007812,907.3303833007812,906.4884643554688,907.1467895507812,1295616
2025-09-12 15:45:00+00:00,907.5265502929688,907.6055297851562,907.4201049804688,907.4201049804688,0
2025-09-12 16:00:00+00:00,907.6609497070312,907.6609497070312,907.2872924804688,907.5148315429688,0
2025-09-12 16:15:00+00:00,908.4502563476562,908.4882202148438,907.7271728515625,907.7271728515625,2357760
2025-09-12 16:30:00+00:00,908.120361328125,908.9893798828125,908.120361328125,908.5048828125,4766464
2025-09-12 16:45:00+00:00,909.2318725585938,909.2318725585938,908.0769653320312,908.0991821289062,2374144
2025-09-12 17:00:00+00:00,909.1536254882812,909.5540161132812,908.7483520507812,909.2498779296875,2180352
2025-09-12 17:15:00+00:00,911.9861450195312,911.9861450195312,909.1376953125,909.1376953125,28884224
2025-09-12 17:30:00+00:00,917.0584106445312,917.0584106445312,911.9111328125,911.9111328125,65931520
2025-09-12 17:45:00+00:00,917.2891235351562,918.3717651367188,917.1841430664062,917.2176513671875,32013312
2025-09-12 18:00:00+00:00,917.1217041015625,917.4680786132812,916.403564453125,917.3021240234375,15468800
2025-09-12 18:15:00+00:00,920.4610595703125,920.4610595703125,917.2394409179688,917.2394409179688,33874688
2025-09-12 18:30:00+00:00,924.2816162109375,924.8599853515625,920.555419921875,920.555419921875,62568704
2025-09-12 18:45:00+00:00,923.9175415039062,924.3135986328125,923.9150390625,924.0563354492188,22992128
2025-09-12 19:00:00+00:00,922.8193969726562,923.8668212890625,922.7872924804688,923.8668212890625,12943360
2025-09-12 19:15:00+00:00,924.0718383789062,924.0718383789062,922.1445922851562,922.6478881835938,11199488
2025-09-12 19:30:00+00:00,924.8604125976562,924.8726196289062,924.0972290039062,924.109619140625,17563392
2025-09-12 19:45:00+00:00,925.0184326171875,925.4381713867188,924.9170532226562,924.9170532226562,6298880
2025-09-12 20:00:00+00:00,924.5701904296875,925.0311279296875,924.1961059570312,925.0311279296875,5734400
2025-09-12 20:15:00+00:00,923.7955322265625,924.5523681640625,923.7947387695312,924.5523681640625,7546368
2025-09-12 20:30:00+00:00,925.5731811523438,925.5731811523438,923.8943481445312,923.8943481445312,12314112
2025-09-12 20:45:00+00:00,926.390625,926.6790771484375,925.113037109375,925.5377197265625,13126656
2025-09-12 21:00:00+00:00,924.40576171875,926.5470581054688,923.5737915039062,926.5470581054688,9447680
2025-09-12 21:15:00+00:00,924.6890869140625,925.4970703125,924.4047241210938,924.4047241210938,10480640
2025-09-12 21:30:00+00:00,923.960693359375,924.6634521484375,923.2562255859375,924.6634521484375,3610880
2025-09-12 21:45:00+00:00,923.8530883789062,923.9788818359375,923.2998657226562,923.9788818359375,6059776
2025-09-12 22:00:00+00:00,926.5234985351562,926.5234985351562,924.1581420898438,924.1781005859375,5129728
2025-09-12 22:15:00+00:00,928.4321899414062,928.476806640625,926.6927490234375,926.7583618164062,15801600
2025-09-12 22:30:00+00:00,926.2483520507812,928.2381591796875,926.2483520507812,928.2381591796875,9315328
2025-09-12 22:45:00+00:00,925.841064453125,926.5587158203125,925.8345947265625,926.2785034179688,899840
2025-09-12 23:00:00+00:00,923.6324462890625,925.6510620117188,923.6324462890625,925.6510620117188,790528
2025-09-12 23:15:00+00:00,924.8045654296875,924.8045654296875,923.4183349609375,923.5971069335938,4495104
2025-09-12 23:30:00+00:00,925.0596313476562,925.2671508789062,924.4357299804688,924.9512939453125,6757376
2025-09-12 23:45:00+00:00,924.87353515625,925.4514770507812,924.871337890625,925.1553344726562,4912640
2025-09-13 00:00:00+00:00,925.7182006835938,925.7182006835938,925.036865234375,925.036865234375,93952
2025-09-13 00:15:00+00:00,924.548583984375,925.7214965820312,924.548583984375,925.7214965820312,6794752
2025-09-13 00:30:00+00:00,925.3984375,925.3984375,924.2373657226562,924.53515625,1391360
2025-09-13 00:45:00+00:00,927.479248046875,927.479248046875,925.3901977539062,925.3901977539062,0
2025-09-13 01:00:00+00:00,927.6214599609375,928.0239868164062,927.3126220703125,927.3126220703125,4918784
2025-09-13 01:15:00+00:00,928.7919921875,928.8309936523438,927.4764404296875,927.5798950195312,8686848
2025-09-13 01:30:00+00:00,928.8876342773438,929.1829223632812,928.287353515625,928.287353515625,2136320
2025-09-13 01:45:00+00:00,927.8056640625,928.8460083007812,927.8056640625,928.8460083007812,2277632
2025-09-13 02:00:00+00:00,928.35546875,928.35546875,926.4028930664062,927.6813354492188,6486784
2025-09-13 02:15:00+00:00,928.51708984375,928.7417602539062,928.2760009765625,928.2760009765625,2684672
2025-09-13 02:30:00+00:00,928.451416015625,928.7030639648438,928.3836669921875,928.6688842773438,5236224
2025-09-13 02:45:00+00:00,927.5890502929688,928.4689331054688,927.4473266601562,928.4689331054688,1798656
2025-09-13 03:00:00+00:00,927.255615234375,927.6193237304688,927.031005859375,927.6193237304688,3328
2025-09-13 03:15:00+00:00,927.67431640625,928.6556396484375,927.1796875,927.1796875,1946880
2025-09-13 03:30:00+00:00,928.679931640625,928.679931640625,927.683837890625,927.683837890625,1042944
2025-09-13 03:45:00+00:00,928.763427734375,929.101318359375,928.687255859375,928.70654296875,6368256
2025-09-13 04:00:00+00:00,926.9065551757812,928.6605224609375,926.8067626953125,928.6605224609375,901120
2025-09-13 04:15:00+00:00,926.1929321289062,927.0274047851562,925.7117919921875,926.9052124023438,2787584
2025-09-13 04:30:00+00:00,926.1661987304688,926.4719848632812,926.0689086914062,926.1805419921875,2164736
2025-09-13 04:45:00+00:00,926.1953735351562,926.1984252929688,926.0433959960938,926.1265869140625,306944
2025-09-13 05:00:00+00:00,927.4754638671875,927.6021118164062,926.2621459960938,926.2621459960938,2115072
2025-09-13 05:15:00+00:00,927.56005859375,927.795166015625,927.2559204101562,927.5292358398438,0
2025-09-13 05:30:00+00:00,927.4970703125,927.5132446289062,927.0039672851562,927.4454956054688,0
2025-09-13 05:45:00+00:00,926.4364013671875,927.504150390625,926.4356079101562,927.504150390625,0
2025-09-13 06:00:00+00:00,926.1800537109375,926.1800537109375,925.7826538085938,926.1488647460938,0
2025-09-13 06:15:00+00:00,925.0797729492188,925.9244995117188,925.0773315429688,925.90966796875,199424
2025-09-13 06:30:00+00:00,924.8795166015625,925.113525390625,924.8795166015625,925.0694580078125,0
2025-09-13 06:45:00+00:00,925.013427734375,925.013427734375,924.634033203125,924.795166015625,362496
2025-09-13 07:00:00+00:00,924.9002685546875,925.2643432617188,924.9002685546875,925.014892578125,0
2025-09-13 07:15:00+00:00,925.28662109375,925.4083251953125,924.9278564453125,924.9278564453125,1789440
2025-09-13 07:30:00+00:00,925.4913330078125,925.5738525390625,925.3197021484375,925.32470703125,0
2025-09-13 07:45:00+00:00,925.5657348632812,925.6881103515625,925.4298706054688,925.4889526367188,0
2025-09-13 08:00:00+00:00,925.2606811523438,925.579345703125,925.22314453125,925.5448608398438,0
2025-09-13 08:15:00+00:00,926.5960693359375,926.6005859375,925.2489013671875,925.2489013671875,80640
2025-09-13 08:30:00+00:00,927.1359252929688,927.2015380859375,926.1209716796875,926.4562377929688,3832064
2025-09-13 08:45:00+00:00,927.5985717773438,927.6035766601562,927.1912231445312,927.1912231445312,3683328
2025-09-13 09:00:00+00:00,927.6236572265625,927.640625,927.1478881835938,927.595703125,0
2025-09-13 09:15:00+00:00,929.9071044921875,929.9762573242188,927.7051391601562,927.7051391601562,13166592
2025-09-13 09:30:00+00:00,932.3387451171875,932.3387451171875,929.902587890625,929.902587890625,24137472
2025-09-13 09:45:00+00:00,937.994873046875,937.994873046875,932.4030151367188,932.4030151367188,52103936
2025-09-13 10:00:00+00:00,940.5127563476562,940.5127563476562,938.1907348632812,938.5906982421875,49180160
2025-09-13 10:15:00+00:00,942.3132934570312,942.3897094726562,940.0133056640625,940.5862426757812,21529088
2025-09-13 10:30:00+00:00,940.7493286132812,941.9338989257812,940.7493286132812,941.8845825195312,17601280
2025-09-13 10:45:00+00:00,940.4463500976562,940.832763671875,939.1934814453125,940.832763671875,14682112
2025-09-13 11:00:00+00:00,938.9791259765625,941.4234619140625,938.9514770507812,940.72265625,12550656
2025-09-13 11:15:00+00:00,940.2049560546875,940.345458984375,938.793212890625,938.9727172851562,9945088
2025-09-13 11:30:00+00:00,941.0243530273438,941.0529174804688,939.809326171875,940.2869873046875,1914368
2025-09-13 11:45:00+00:00,942.2793579101562,942.3036499023438,940.8681640625,940.9818725585938,5352704
2025-09-13 12:00:00+00:00,941.1821899414062,941.8546752929688,941.1821899414062,941.8546752929688,311552
2025-09-13 12:15:00+00:00,938.8327026367188,941.1845092773438,938.8327026367188,941.1845092773438,1882112
2025-09-13 12:30:00+00:00,939.6444091796875,939.6444091796875,938.7449340820312,938.7449340820312,2796032
2025-09-13 12:45:00+00:00,939.8582763671875,939.9702758789062,939.6276245117188,939.6276245117188,1855488
2025-09-13 13:00:00+00:00,938.9400024414062,939.8355712890625,938.9278564453125,939.8355712890625,3228160
2025-09-13 13:15:00+00:00,940.2079467773438,940.2079467773438,938.9705200195312,938.9706420898438,6281984
2025-09-13 13:30:00+00:00,941.6381225585938,941.6439819335938,940.1901245117188,941.2230224609375,11042816
2025-09-13 13:45:00+00:00,936.5335693359375,941.8350830078125,936.2061767578125,941.6430053710938,27026688
2025-09-13 14:00:00+00:00,935.7064208984375,936.7125854492188,934.2511596679688,936.6084594726562,12552704
2025-09-13 14:15:00+00:00,937.9141235351562,937.9141235351562,935.4783325195312,935.7041625976562,11586304
2025-09-13 14:30:00+00:00,937.4361572265625,938.1448364257812,936.7716064453125,938.1448364257812,4420096
2025-09-13 14:45:00+00:00,937.4114990234375,937.8240966796875,936.9661254882812,937.4961547851562,11081216
2025-09-13 15:00:00+00:00,941.0732421875,941.0732421875,936.594482421875,937.3165283203125,20784128
2025-09-13 15:15:00+00:00,941.9655151367188,942.46337890625,940.9972534179688,940.9972534179688,38313728
2025-09-13 15:30:00+00:00,939.574462890625,941.9920043945312,939.4760131835938,941.9920043945312,24063232
2025-09-13 15:45:00+00:00,937.6052856445312,940.0090942382812,937.6052856445312,939.726318359375,15425280
2025-09-13 16:00:00+00:00,932.7328491210938,937.6149291992188,932.5714721679688,937.6149291992188,28901376
2025-09-13 16:15:00+00:00,930.8516235351562,932.74951171875,928.8994750976562,932.74951171875,48984832
2025-09-13 16:30:00+00:00,928.6448364257812,931.1653442382812,928.6448364257812,931.1084594726562,8862208
2025-09-13 16:45:00+00:00,926.4956665039062,928.7271118164062,926.4956665039062,928.7271118164062,19867392
2025-09-13 17:00:00+00:00,925.3079833984375,926.43017578125,924.3182373046875,926.43017578125,22327808
2025-09-13 17:15:00+00:00,928.4760131835938,928.6942138671875,924.0791625976562,924.6959228515625,18749952
2025-09-13 17:30:00+00:00,929.1973266601562,929.2153930664062,927.660888671875,928.3638916015625,1907712
2025-09-13 17:45:00+00:00,929.493896484375,930.1755981445312,929.2175903320312,929.2175903320312,0
2025-09-13 18:00:00+00:00,928.743896484375,929.4403076171875,928.4695434570312,929.4403076171875,0
2025-09-13 18:15:00+00:00,929.6412963867188,929.6412963867188,928.7158813476562,928.7158813476562,0
2025-09-13 18:30:00+00:00,929.3148803710938,929.8634033203125,928.7432861328125,929.8634033203125,0
2025-09-13 18:45:00+00:00,930.2623901367188,930.5119018554688,929.3062744140625,929.3062744140625,0
2025-09-13 19:00:00+00:00,930.786865234375,930.9325561523438,930.3212280273438,930.3212280273438,915968
2025-09-13 19:15:00+00:00,929.6913452148438,930.757080078125,929.3873901367188,930.757080078125,0
2025-09-13 19:30:00+00:00,929.8500366210938,929.8737182617188,929.5857543945312,929.7008666992188,0
2025-09-13 19:45:00+00:00,930.0563354492188,930.14013671875,929.7349243164062,929.8015747070312,0
2025-09-13 20:00:00+00:00,931.1298828125,931.3319702148438,930.0947265625,930.0947265625,5059072
2025-09-13 20:15:00+00:00,930.8502807617188,931.4974365234375,930.5948486328125,931.1884155273438,0
2025-09-13 20:30:00+00:00,929.4052124023438,930.6205444335938,929.3857421875,930.4677124023438,0
2025-09-13 20:45:00+00:00,930.2243041992188,930.2243041992188,929.1856689453125,929.38330078125,0
2025-09-13 21:00:00+00:00,931.17041015625,931.1870727539062,930.0866088867188,930.1958618164062,666112
2025-09-13 21:15:00+00:00,933.5769653320312,933.710693359375,931.11865234375,931.11865234375,5143296
2025-09-13 21:30:00+00:00,933.3311767578125,933.5640869140625,933.2659912109375,933.5640869140625,2845440
2025-09-13 21:45:00+00:00,932.778076171875,933.3070678710938,932.7647094726562,933.3070678710938,0
2025-09-13 22:00:00+00:00,933.9205322265625,933.9302368164062,932.8284912109375,932.8284912109375,677120
2025-09-13 22:15:00+00:00,932.0394897460938,933.93115234375,932.0394897460938,933.93115234375,0
2025-09-13 22:30:00+00:00,931.3929443359375,931.8308715820312,931.2617797851562,931.8308715820312,11957760
2025-09-13 22:45:00+00:00,931.3889770507812,931.553466796875,931.1700439453125,931.3885498046875,0
2025-09-13 23:00:00+00:00,932.813232421875,932.867919921875,931.3800048828125,931.3800048828125,0
2025-09-13 23:15:00+00:00,933.712646484375,933.712646484375,932.8201904296875,932.8212280273438,604416
2025-09-13 23:30:00+00:00,932.8204345703125,933.609130859375,932.8204345703125,933.609130859375,6052864
2025-09-13 23:45:00+00:00,933.89306640625,933.89306640625,932.85693359375,932.85693359375,0
2025-09-14 00:00:00+00:00,934.3458251953125,934.3936157226562,933.870361328125,933.9026489257812,0
2025-09-14 00:15:00+00:00,933.8223876953125,934.3674926757812,933.8068237304688,934.3674926757812,263680
2025-09-14 00:30:00+00:00,934.1713256835938,934.269775390625,933.9790649414062,934.0535888671875,901888
2025-09-14 00:45:00+00:00,933.6425170898438,934.1837158203125,932.6489868164062,934.1570434570312,0
2025-09-14 01:00:00+00:00,931.0366821289062,933.5940551757812,931.0247192382812,933.5940551757812,0
2025-09-14 01:15:00+00:00,930.809326171875,931.4889526367188,930.2816772460938,931.0435791015625,0
2025-09-14 01:30:00+00:00,935.1749877929688,935.1749877929688,930.892333984375,930.892333984375,12027904
2025-09-14 01:45:00+00:00,935.1756591796875,935.2828369140625,934.2855224609375,935.2828369140625,14424064
2025-09-14 02:00:00+00:00,937.0315551757812,937.0315551757812,934.9171142578125,935.1581420898438,2807552
2025-09-14 02:15:00+00:00,937.1563110351562,937.3846435546875,936.9978637695312,936.9978637695312,2089472
2025-09-14 02:30:00+00:00,936.032470703125,937.2255859375,935.7105712890625,937.1968994140625,520192
2025-09-14 02:45:00+00:00,936.6256713867188,936.6878051757812,935.5509643554688,935.9309692382812,4035840
2025-09-14 03:00:00+00:00,936.7862548828125,937.5918579101562,936.7151489257812,936.7151489257812,7022080
2025-09-14 03:15:00+00:00,935.058349609375,936.79296875,934.855224609375,936.79296875,0
2025-09-14 03:30:00+00:00,935.8726196289062,936.0388793945312,935.0685424804688,935.0685424804688,3284736
2025-09-14 03:45:00+00:00,933.40625,935.7326049804688,933.40625,935.7326049804688,0
2025-09-14 04:00:00+00:00,931.214111328125,933.2550048828125,930.7409057617188,933.2550048828125,10480640
2025-09-14 04:15:00+00:00,931.021728515625,931.174072265625,928.7929077148438,931.174072265625,2591488
2025-09-14 04:30:00+00:00,933.0974731445312,933.1071166992188,931.0375366210938,931.0375366210938,1216000
2025-09-14 04:45:00+00:00,933.6810302734375,934.6905517578125,933.2787475585938,933.2787475585938,5578240
2025-09-14 05:00:00+00:00,937.3753662109375,937.3753662109375,933.7030639648438,933.7030639648438,8984064
2025-09-14 05:15:00+00:00,938.92724609375,938.9523315429688,937.30712890625,937.30712890625,11324672
2025-09-14 05:30:00+00:00,939.831787109375,939.831787109375,938.7830810546875,938.90283203125,10619648
2025-09-14 05:45:00+00:00,941.33154296875,941.33154296875,939.791259765625,939.791259765625,14632448
2025-09-14 06:00:00+00:00,941.7962036132812,944.0512084960938,941.3541870117188,941.3541870117188,29552384
2025-09-14 06:15:00+00:00,940.73193359375,941.9444580078125,940.7122192382812,941.8029174804688,5097216
2025-09-14 06:30:00+00:00,940.2042846679688,940.9727783203125,940.1930541992188,940.923828125,8234240
2025-09-14 06:45:00+00:00,939.4052734375,940.27001953125,939.3536987304688,940.27001953125,2587136
2025-09-14 07:00:00+00:00,938.9467163085938,939.5101928710938,938.8532104492188,939.4011840820312,2064640
2025-09-14 07:15:00+00:00,939.6160888671875,939.6160888671875,938.9217529296875,938.9422607421875,2150400
2025-09-14 07:30:00+00:00,939.9354248046875,940.0430908203125,939.5870971679688,939.5870971679688,886272
2025-09-14 07:45:00+00:00,938.2416381835938,939.8694458007812,938.20654296875,939.8694458007812,6917120
2025-09-14 08:00:00+00:00,937.4337768554688,938.1986083984375,937.4337768554688,938.1986083984375,1003520
2025-09-14 08:15:00+00:00,938.6707153320312,938.7113037109375,937.4087524414062,937.4683837890625,2589440
2025-09-14 08:30:00+00:00,940.17236328125,940.17236328125,938.3768920898438,938.5889892578125,2445312
2025-09-14 08:45:00+00:00,939.4229125976562,940.13232421875,939.401123046875,940.13232421875,0
2025-09-14 09:00:00+00:00,938.4548950195312,939.2198486328125,938.4548950195312,939.2109985351562,0
2025-09-14 09:15:00+00:00,940.269775390625,940.269775390625,938.4662475585938,938.4662475585938,0
2025-09-14 09:30:00+00:00,941.0884399414062,941.0884399414062,940.2364501953125,940.249267578125,0
2025-09-14 09:45:00+00:00,940.850341796875,941.1140747070312,940.5557250976562,941.1140747070312,0
2025-09-14 10:00:00+00:00,939.3989868164062,940.8795776367188,939.390625,940.8795776367188,0
2025-09-14 10:15:00+00:00,937.63134765625,939.422607421875,937.6007080078125,939.422607421875,572928
2025-09-14 10:30:00+00:00,937.5888061523438,938.009765625,937.5888061523438,937.5921020507812,0
2025-09-14 10:45:00+00:00,937.361083984375,937.89794921875,937.334716796875,937.6376953125,0
2025-09-14 11:00:00+00:00,937.2064208984375,937.8071899414062,937.1785888671875,937.334716796875,0
2025-09-14 11:15:00+00:00,933.9232177734375,937.1456909179688,933.9232177734375,937.1456909179688,0
2025-09-14 11:30:00+00:00,933.0283203125,934.008056640625,932.6041259765625,933.9664916992188,2965504
2025-09-14 11:45:00+00:00,932.3274536132812,932.9839477539062,932.3274536132812,932.9839477539062,617728
2025-09-14 12:00:00+00:00,934.0364379882812,934.0364379882812,932.1986694335938,932.1986694335938,2416128
2025-09-14 12:15:00+00:00,935.5925903320312,935.5925903320312,934.0964965820312,934.0964965820312,0
2025-09-14 12:30:00+00:00,934.1687622070312,936.390869140625,934.1687622070312,936.09033203125,5829376
2025-09-14 12:45:00+00:00,934.4752197265625,934.5198364257812,932.83544921875,934.0802001953125,3900672
2025-09-14 13:00:00+00:00,934.9887084960938,934.9887084960938,934.2166137695312,934.234375,1172224
2025-09-14 13:15:00+00:00,932.5546264648438,934.8800659179688,932.5265502929688,934.8800659179688,0
2025-09-14 13:30:00+00:00,931.9422607421875,932.088134765625,931.5574340820312,931.5574340820312,5939968
2025-09-14 13:45:00+00:00,929.5819702148438,931.9818115234375,929.5819702148438,931.9818115234375,0
2025-09-14 14:00:00+00:00,930.9423217773438,931.0396728515625,929.2385864257812,929.7000122070312,0
2025-09-14 14:15:00+00:00,927.629638671875,931.0284423828125,927.478271484375,930.9505615234375,5063680
2025-09-14 14:30:00+00:00,925.7864990234375,928.0897827148438,925.7864990234375,927.82421875,4903936
2025-09-14 14:45:00+00:00,925.9662475585938,926.087646484375,923.9304809570312,926.0030517578125,16435200
2025-09-14 15:00:00+00:00,924.6552734375,926.28466796875,924.4204711914062,926.28466796875,0
2025-09-14 15:15:00+00:00,926.7932739257812,926.7932739257812,925.257568359375,925.257568359375,0
2025-09-14 15:30:00+00:00,927.6857299804688,927.7444458007812,926.6375732421875,926.9925537109375,0
2025-09-14 15:45:00+00:00,926.2313232421875,927.8519287109375,926.2313232421875,927.6446533203125,0
2025-09-14 16:00:00+00:00,927.1132202148438,927.6233520507812,925.1185913085938,926.124267578125,0
2025-09-14 16:15:00+00:00,925.1272583007812,927.0935668945312,925.039306640625,927.0935668945312,0
2025-09-14 16:30:00+00:00,925.1064453125,926.1069946289062,925.0440063476562,926.1069946289062,0
2025-09-14 16:45:00+00:00,925.0635986328125,925.181396484375,924.217529296875,925.181396484375,0
2025-09-14 17:00:00+00:00,925.7369384765625,925.7369384765625,924.4121704101562,924.8624267578125,0
2025-09-14 17:15:00+00:00,928.1015625,928.1015625,925.7769775390625,925.7769775390625,0
2025-09-14 17:30:00+00:00,928.6001586914062,928.883056640625,928.005859375,928.0916748046875,501248
2025-09-14 17:45:00+00:00,928.523681640625,928.822021484375,928.3934326171875,928.712646484375,0
2025-09-14 18:00:00+00:00,927.7734375,928.47802734375,927.7249755859375,928.47802734375,0
2025-09-14 18:15:00+00:00,926.3859252929688,927.7432861328125,926.3603515625,927.7432861328125,0
2025-09-14 18:30:00+00:00,927.0008544921875,927.0931396484375,926.3792724609375,926.3792724609375,1021184
2025-09-14 18:45:00+00:00,926.8776245117188,927.20458984375,926.8590087890625,927.20458984375,269568
2025-09-14 19:00:00+00:00,927.2867431640625,927.2867431640625,926.2608642578125,926.90380859375,0
2025-09-14 19:15:00+00:00,928.8212280273438,928.8214721679688,927.2982788085938,927.2982788085938,0
2025-09-14 19:30:00+00:00,928.808837890625,929.0037231445312,928.7322387695312,928.7322387695312,1863936
2025-09-14 19:45:00+00:00,927.627197265625,928.989501953125,927.627197265625,928.83203125,0
2025-09-14 20:00:00+00:00,928.2706298828125,928.280029296875,927.8192138671875,927.8192138671875,0
2025-09-14 20:15:00+00:00,929.5770874023438,929.5770874023438,928.34912109375,928.34912109375,0
2025-09-14 20:30:00+00:00,929.2305297851562,929.7642822265625,928.9181518554688,929.6953735351562,0
2025-09-14 20:45:00+00:00,929.758056640625,929.9168701171875,929.2941284179688,929.2941284179688,653824
2025-09-14 21:00:00+00:00,928.239013671875,929.6682739257812,928.239013671875,929.6682739257812,0
2025-09-14 21:15:00+00:00,930.5108642578125,931.08349609375,928.283447265625,928.283447265625,344320
2025-09-14 21:30:00+00:00,933.139404296875,933.139404296875,930.4837036132812,930.4837036132812,11183360
2025-09-14 21:45:00+00:00,933.0197143554688,933.6617431640625,932.2119140625,933.142333984375,6892288
2025-09-14 22:00:00+00:00,933.2062377929688,933.6392822265625,933.0958251953125,933.0958251953125,1874432
2025-09-14 22:15:00+00:00,933.1132202148438,933.2496948242188,932.7149658203125,933.2033081054688,478464
2025-09-14 22:30:00+00:00,933.9630737304688,934.2305908203125,933.3710327148438,933.5713500976562,5514752
2025-09-14 22:45:00+00:00,933.7296752929688,934.2584838867188,933.705810546875,934.2564086914062,2283264
2025-09-14 23:00:00+00:00,930.7058715820312,933.6823120117188,930.7058715820312,933.6823120117188,0
2025-09-14 23:15:00+00:00,928.8096923828125,930.0849609375,928.8096923828125,930.0849609375,536576
2025-09-14 23:30:00+00:00,926.6724853515625,928.8126831054688,926.6157836914062,928.8126831054688,4468992
2025-09-14 23:45:00+00:00,927.2838134765625,927.2838134765625,926.3203735351562,926.7617797851562,1593088
2025-09-15 00:00:00+00:00,926.55322265625,927.178955078125,926.1355590820312,927.178955078125,4854528
2025-09-15 00:15:00+00:00,928.5447387695312,928.8817138671875,926.6107177734375,926.9299926757812,5593600
2025-09-15 00:30:00+00:00,927.3786010742188,929.56494140625,927.3786010742188,928.831787109375,6915328
2025-09-15 00:45:00+00:00,925.8820190429688,927.0584716796875,925.8820190429688,927.0451049804688,1645312
2025-09-15 01:00:00+00:00,923.914306640625,925.8338012695312,923.1753540039062,925.8338012695312,11318016
2025-09-15 01:15:00+00:00,925.0548706054688,925.0548706054688,923.5145263671875,923.8955688476562,3499776
2025-09-15 01:30:00+00:00,928.7943725585938,928.7978515625,925.1895751953125,925.1895751953125,10972928
2025-09-15 01:45:00+00:00,928.0845947265625,929.0224609375,927.7257080078125,928.818115234375,6144
2025-09-15 02:00:00+00:00,929.783447265625,929.9240112304688,928.1881713867188,928.1881713867188,1179904
2025-09-15 02:15:00+00:00,929.8179321289062,930.3869018554688,929.6490478515625,929.7876586914062,666368
2025-09-15 02:30:00+00:00,929.6106567382812,929.9763793945312,929.3881225585938,929.8768310546875,198912
2025-09-15 02:45:00+00:00,930.0606689453125,930.33447265625,929.6906127929688,929.6906127929688,0
2025-09-15 03:00:00+00:00,932.1544799804688,932.2119750976562,929.8721923828125,930.0504150390625,0
2025-09-15 03:15:00+00:00,931.09228515625,933.2110595703125,931.09228515625,932.1764526367188,2777088
2025-09-15 03:30:00+00:00,930.9478759765625,931.0498657226562,930.5851440429688,930.9625244140625,0
2025-09-15 03:45:00+00:00,932.4815063476562,932.4815063476562,930.8938598632812,930.8938598632812,128256
2025-09-15 04:00:00+00:00,932.7083129882812,932.8192749023438,932.2078857421875,932.4100952148438,0
2025-09-15 04:15:00+00:00,934.8977661132812,935.1231689453125,932.62060546875,932.7077026367188,4435712
2025-09-15 04:30:00+00:00,934.4068603515625,934.9705200195312,933.9443359375,934.816162109375,29381120
2025-09-15 04:45:00+00:00,933.57275390625,934.6702880859375,933.5626220703125,934.4319458007812,1904384
2025-09-15 05:00:00+00:00,934.752197265625,934.752197265625,933.6001586914062,933.6235961914062,89344
2025-09-15 05:15:00+00:00,934.9376220703125,935.1910400390625,934.448486328125,934.7296752929688,1562112
2025-09-15 05:30:00+00:00,934.6063842773438,934.9542846679688,934.6063842773438,934.9120483398438,0
2025-09-15 05:45:00+00:00,934.3424682617188,934.529541015625,933.7221069335938,934.529541015625,0
2025-09-15 06:00:00+00:00,933.6663818359375,934.3369750976562,933.4518432617188,934.3369750976562,0
2025-09-15 06:15:00+00:00,931.8186645507812,933.6781005859375,931.8150024414062,933.6781005859375,0
2025-09-15 06:30:00+00:00,928.6698608398438,931.7630615234375,928.6185302734375,931.7630615234375,10193152
2025-09-15 06:45:00+00:00,927.36474609375,928.6837158203125,927.36474609375,928.6837158203125,1506304
2025-09-15 07:00:00+00:00,928.7147827148438,928.7989501953125,927.3447265625,927.3577880859375,3825408
2025-09-15 07:15:00+00:00,927.9234008789062,929.2553100585938,927.9234008789062,928.7952880859375,789248
2025-09-15 07:30:00+00:00,923.9190673828125,927.1659545898438,923.9190673828125,927.1659545898438,26688256
2025-09-15 07:45:00+00:00,924.032958984375,924.21240234375,923.3323364257812,924.21240234375,15599360
2025-09-15 08:00:00+00:00,921.3164672851562,923.6454467773438,920.3554077148438,923.614501953125,34203392
2025-09-15 08:15:00+00:00,920.9918212890625,921.4017944335938,919.3702392578125,921.4017944335938,28224768
2025-09-15 08:30:00+00:00,916.75341796875,920.8948364257812,916.6937866210938,920.8948364257812,9419008
2025-09-15 08:45:00+00:00,912.4088134765625,916.7394409179688,912.4088134765625,916.7394409179688,35014144
2025-09-15 09:00:00+00:00,916.2896728515625,916.2896728515625,911.64892578125,912.3575439453125,33480704
2025-09-15 09:15:00+00:00,917.1895141601562,917.225341796875,914.750732421875,916.3262939453125,27190016
2025-09-15 09:30:00+00:00,917.22509765625,917.6603393554688,916.94140625,917.0686645507812,12967424
2025-09-15 09:45:00+00:00,917.48779296875,917.48779296875,916.4848022460938,917.1258544921875,5946368
2025-09-15 10:00:00+00:00,916.8340454101562,918.0657958984375,916.6895751953125,917.5777587890625,1177088
2025-09-15 10:15:00+00:00,916.7264404296875,917.0521240234375,916.1050415039062,916.7334594726562,2222080
2025-09-15 10:30:00+00:00,918.0816650390625,918.0816650390625,916.8108520507812,916.8108520507812,1427456
2025-09-15 10:45:00+00:00,919.935302734375,920.317626953125,918.1356201171875,918.1356201171875,11810048
2025-09-15 11:00:00+00:00,919.9510498046875,920.0718383789062,918.843017578125,919.9144287109375,1938432
2025-09-15 11:15:00+00:00,920.1651611328125,920.7265014648438,919.858154296875,920.194091796875,4590848
2025-09-15 11:30:00+00:00,921.9140625,921.9140625,920.3070678710938,920.41845703125,5174784
2025-09-15 11:45:00+00:00,920.5957641601562,921.9846801757812,920.502685546875,921.9146728515625,900864
2025-09-15 12:00:00+00:00,919.3775634765625,920.5144653320312,919.2949829101562,920.5144653320312,633856
2025-09-15 12:15:00+00:00,920.3234252929688,920.8953857421875,919.3001098632812,919.3001098632812,3352320
2025-09-15 12:30:00+00:00,919.9308471679688,920.236572265625,919.7448120117188,919.7448120117188,5295360
2025-09-15 12:45:00+00:00,918.65576171875,919.5741577148438,918.6201782226562,919.5741577148438,6840832
2025-09-15 13:00:00+00:00,919.7218017578125,919.7218017578125,918.3106689453125,918.5958862304688,4828160
2025-09-15 13:15:00+00:00,921.0228881835938,921.0228881835938,919.8146362304688,919.8146362304688,6247424
2025-09-15 13:30:00+00:00,918.8404541015625,922.2640380859375,918.8404541015625,920.8743286132812,6713856
2025-09-15 13:45:00+00:00,918.0012817382812,918.9999389648438,917.9818725585938,918.2322387695312,1477888
2025-09-15 14:00:00+00:00,916.8790283203125,918.1281127929688,916.6495971679688,918.1281127929688,1797632
2025-09-15 14:15:00+00:00,919.5202026367188,919.5202026367188,917.0618896484375,917.0618896484375,1946368
2025-09-15 14:30:00+00:00,918.2383422851562,918.8402099609375,917.3779296875,918.8402099609375,0
2025-09-15 14:45:00+00:00,918.2530517578125,919.6901245117188,918.2530517578125,918.3805541992188,0
2025-09-15 15:00:00+00:00,917.7691040039062,918.375244140625,917.5790405273438,918.2772216796875,0
2025-09-15 15:15:00+00:00,916.0034790039062,917.776123046875,916.0034790039062,917.776123046875,1624320
2025-09-15 15:30:00+00:00,915.6837768554688,916.1900024414062,914.2918701171875,915.7640991210938,14489088
2025-09-15 15:45:00+00:00,916.65771484375,916.776123046875,914.0628662109375,915.6690673828125,9810432
2025-09-15 16:00:00+00:00,915.5464477539062,916.7593383789062,914.3347778320312,916.6533203125,4502784
2025-09-15 16:15:00+00:00,916.2987670898438,916.5245361328125,915.799072265625,915.799072265625,280832
2025-09-15 16:30:00+00:00,918.6874389648438,918.6874389648438,916.31298828125,916.31298828125,0
2025-09-15 16:45:00+00:00,917.5150146484375,919.1007690429688,917.5150146484375,918.7708740234375,408064
2025-09-15 17:00:00+00:00,918.4822387695312,918.4822387695312,917.4655151367188,917.6809692382812,3321088
2025-09-15 17:15:00+00:00,916.9671630859375,918.3357543945312,916.826171875,918.3357543945312,501248
2025-09-15 17:30:00+00:00,918.8201904296875,918.8201904296875,917.0193481445312,917.0193481445312,1155840
2025-09-15 17:45:00+00:00,919.305908203125,919.305908203125,918.0498046875,918.832275390625,2951936
2025-09-15 18:00:00+00:00,918.918212890625,920.06640625,918.8299560546875,919.3868408203125,478464
2025-09-15 18:15:00+00:00,919.0756225585938,919.2637939453125,918.6212768554688,918.8020629882812,707584
2025-09-15 18:30:00+00:00,918.3160400390625,919.0726318359375,918.3056030273438,919.0333862304688,7136512
2025-09-15 18:45:00+00:00,920.6416625976562,920.6416625976562,918.1718139648438,918.2352294921875,5668096
2025-09-15 19:00:00+00:00,921.4031982421875,921.758056640625,920.6170043945312,920.6170043945312,1745920
2025-09-15 19:15:00+00:00,919.1705322265625,921.3134155273438,919.1705322265625,921.3134155273438,1166848
2025-09-15 19:30:00+00:00,920.4956665039062,920.6412963867188,918.4679565429688,919.139892578125,7741952
2025-09-15 19:45:00+00:00,919.4912109375,920.5189819335938,919.4912109375,920.5189819335938,463872
2025-09-15 20:00:00+00:00,919.907958984375,919.916015625,919.3329467773438,919.3744506835938,2250752
2025-09-15 20:15:00+00:00,919.7427368164062,920.6329345703125,919.7297973632812,919.8030395507812,105472
2025-09-15 20:30:00+00:00,919.6932373046875,919.9185180664062,919.6367797851562,919.7317504882812,678144
2025-09-15 20:45:00+00:00,919.9872436523438,920.0130004882812,919.6329956054688,919.7471923828125,2384640
2025-09-15 21:00:00+00:00,919.52880859375,920.1411743164062,919.379638671875,919.9501342773438,0
2025-09-15 21:15:00+00:00,920.64306640625,920.6449584960938,919.552734375,919.552734375,0
2025-09-15 21:30:00+00:00,921.638916015625,921.638916015625,920.6051025390625,920.6051025390625,0
2025-09-15 21:45:00+00:00,922.1107177734375,922.2625732421875,921.6506958007812,921.6506958007812,0
2025-09-15 22:00:00+00:00,921.7827758789062,922.2433471679688,921.7827758789062,922.1107177734375,1272576
2025-09-15 22:15:00+00:00,921.7381591796875,922.5198974609375,921.7381591796875,921.9146728515625,380928
2025-09-15 22:30:00+00:00,919.9090576171875,921.7755737304688,919.8826293945312,921.7755737304688,0
2025-09-15 22:45:00+00:00,919.8321533203125,919.9920043945312,919.606201171875,919.9382934570312,240384
2025-09-15 23:00:00+00:00,920.0347290039062,920.0457763671875,919.9606323242188,919.9606323242188,0
2025-09-16 00:15:00+00:00,917.5452880859375,918.0865478515625,917.5452880859375,918.0865478515625,0
2025-09-16 00:30:00+00:00,918.9857788085938,918.9857788085938,917.5532836914062,917.5532836914062,666368
2025-09-16 00:45:00+00:00,918.5604858398438,919.3168334960938,918.3746337890625,919.0143432617188,0
2025-09-16 01:00:00+00:00,920.8051147460938,920.9703979492188,918.6585693359375,918.6585693359375,0
2025-09-16 01:15:00+00:00,921.5823364257812,921.5823364257812,920.7303466796875,920.7303466796875,0
2025-09-16 01:30:00+00:00,920.7827758789062,921.2348022460938,920.73681640625,921.2348022460938,0
2025-09-16 01:45:00+00:00,920.5686645507812,921.452392578125,920.5686645507812,920.8171997070312,836352
2025-09-16 02:00:00+00:00,921.27734375,921.27734375,920.5760498046875,920.5760498046875,2588672
2025-09-16 02:15:00+00:00,921.6925048828125,922.3710327148438,921.27587890625,921.27587890625,1500160
2025-09-16 02:30:00+00:00,921.2434692382812,921.8447265625,921.2040405273438,921.5242919921875,0
2025-09-16 02:45:00+00:00,919.9518432617188,920.8713989257812,919.9518432617188,920.8713989257812,4282624
2025-09-16 03:00:00+00:00,920.5423583984375,920.5423583984375,919.8831787109375,919.966552734375,0
2025-09-16 03:15:00+00:00,919.72216796875,920.5750122070312,919.4508056640625,920.5750122070312,0
2025-09-16 03:30:00+00:00,922.1640625,922.1859741210938,919.5615234375,919.5615234375,5863680
2025-09-16 03:45:00+00:00,922.022216796875,922.4369506835938,921.5466918945312,922.4369506835938,3097344
2025-09-16 04:00:00+00:00,919.6351318359375,921.8303833007812,919.6351318359375,921.8303833007812,3892224
2025-09-16 04:15:00+00:00,922.0198974609375,922.0198974609375,918.9649658203125,919.4853515625,7471616
2025-09-16 04:30:00+00:00,921.983642578125,922.4180908203125,921.368896484375,922.2284545898438,5778688
2025-09-16 04:45:00+00:00,923.8125610351562,924.0326538085938,921.9832153320312,921.9832153320312,10825728
2025-09-16 05:00:00+00:00,924.2112426757812,924.2344360351562,923.9121704101562,923.9121704101562,4343040
2025-09-16 05:15:00+00:00,926.2532348632812,926.2532348632812,926.2532348632812,926.2532348632812,13338112
2025-09-16 05:30:00+00:00,927.5153198242188,927.5153198242188,926.245849609375,926.6231689453125,7662080
2025-09-16 05:45:00+00:00,928.8853759765625,928.8853759765625,927.74755859375,927.74755859375,15767040
2025-09-16 06:00:00+00:00,932.0252075195312,932.0252075195312,929.6220703125,929.6220703125,22794752
2025-09-16 06:15:00+00:00,931.2804565429688,932.1299438476562,931.2804565429688,932.012451171875,161536
2025-09-16 06:30:00+00:00,928.0913696289062,930.64208984375,928.0913696289062,930.64208984375,0
2025-09-16 06:45:00+00:00,927.5961303710938,928.51953125,927.572998046875,928.0576782226562,0
2025-09-16 07:00:00+00:00,930.8757934570312,930.8912963867188,927.6038818359375,927.6038818359375,6962176
2025-09-16 07:15:00+00:00,931.201416015625,931.5437622070312,930.4690551757812,930.840576171875,18262784
2025-09-16 07:30:00+00:00,929.634033203125,930.8668212890625,929.634033203125,930.8668212890625,0
2025-09-16 07:45:00+00:00,930.6934204101562,930.6934204101562,929.6043701171875,929.6043701171875,0
2025-09-16 08:15:00+00:00,930.5621948242188,931.5690307617188,930.5621948242188,931.5690307617188,0
2025-09-16 08:30:00+00:00,929.88916015625,929.9791870117188,929.03564453125,929.923095703125,186624
2025-09-16 08:45:00+00:00,930.4049072265625,930.4049072265625,929.7430419921875,929.8281860351562,0
2025-09-16 09:00:00+00:00,929.9713134765625,931.1111450195312,929.9713134765625,931.1111450195312,0
2025-09-16 09:15:00+00:00,929.2230224609375,929.2230224609375,929.2230224609375,929.2230224609375,0
2025-09-16 09:30:00+00:00,928.7756958007812,929.0702514648438,928.6817016601562,929.0343627929688,0
2025-09-16 10:30:00+00:00,926.4962768554688,926.6444702148438,926.4091186523438,926.6046142578125,0
2025-09-16 10:45:00+00:00,926.1597900390625,926.9468994140625,926.1597900390625,926.3563232421875,0
2025-09-16 11:00:00+00:00,925.90966796875,925.9998779296875,925.6010131835938,925.7565307617188,0
2025-09-16 11:15:00+00:00,927.1905517578125,927.1905517578125,925.9952392578125,925.9952392578125,0
2025-09-16 11:30:00+00:00,927.9771118164062,928.1116333007812,927.1381225585938,927.1381225585938,6670336
2025-09-16 11:45:00+00:00,927.9232177734375,928.1053466796875,927.8495483398438,927.946044921875,0
2025-09-16 12:00:00+00:00,927.4183959960938,927.939697265625,927.384765625,927.939697265625,722176
2025-09-16 12:15:00+00:00,927.64990234375,927.86279296875,927.5244140625,927.5802001953125,0
2025-09-16 12:30:00+00:00,927.5735473632812,927.6854858398438,927.2549438476562,927.6435546875,0
2025-09-16 12:45:00+00:00,928.3302612304688,928.3302612304688,927.4728393554688,927.6065063476562,0
2025-09-16 13:00:00+00:00,928.80029296875,929.0279541015625,928.2861328125,928.2861328125,0
2025-09-16 13:15:00+00:00,930.3857421875,930.4431762695312,928.571533203125,928.7922973632812,5987328
2025-09-16 13:30:00+00:00,929.647705078125,930.3814697265625,929.1484375,930.334228515625,7588608
2025-09-16 13:45:00+00:00,926.3624267578125,929.5535888671875,925.33740234375,929.5535888671875,29283328
2025-09-16 14:00:00+00:00,924.1552734375,926.9916381835938,924.1552734375,926.8898315429688,6835712
2025-09-16 14:15:00+00:00,925.714599609375,925.7457275390625,924.5064086914062,924.5064086914062,16091392
2025-09-16 14:30:00+00:00,925.107177734375,925.952880859375,925.05126953125,925.7496948242188,1286400
2025-09-16 14:45:00+00:00,927.3798217773438,927.6077880859375,925.1626586914062,925.1626586914062,690944
2025-09-16 15:00:00+00:00,927.3887939453125,927.3887939453125,925.56396484375,927.3543090820312,4692992
2025-09-16 15:15:00+00:00,930.5869140625,930.8035888671875,927.3629760742188,927.3629760742188,7238400
2025-09-16 15:30:00+00:00,932.4037475585938,932.4037475585938,930.626220703125,930.6370849609375,34810368
2025-09-16 15:45:00+00:00,937.6302490234375,937.7091064453125,932.4993286132812,932.4993286132812,18752000
2025-09-16 16:00:00+00:00,936.613037109375,937.7427368164062,936.4086303710938,937.6526489257812,12462080
2025-09-16 16:15:00+00:00,934.8455810546875,936.5899047851562,934.8455810546875,936.5899047851562,9227264
2025-09-16 16:30:00+00:00,934.8540649414062,935.5528564453125,934.8129272460938,934.9120483398438,6671616
2025-09-16 16:45:00+00:00,935.3171997070312,935.4979248046875,934.9434814453125,934.9434814453125,929280
2025-09-16 17:00:00+00:00,944.37060546875,944.37060546875,935.2230224609375,935.243896484375,100301824
2025-09-16 17:15:00+00:00,950.7893676757812,954.1119384765625,944.380615234375,944.380615234375,149814016
2025-09-16 17:30:00+00:00,950.6039428710938,952.6061401367188,950.3147583007812,950.518310546875,52312064
2025-09-16 17:45:00+00:00,952.4351806640625,952.4673461914062,950.5237426757812,950.5237426757812,24567296
2025-09-16 18:00:00+00:00,954.405029296875,954.5390014648438,952.4844360351562,952.4844360351562,33622528
2025-09-16 18:15:00+00:00,951.7980346679688,955.06884765625,951.7980346679688,954.4638061523438,20603392
2025-09-16 18:30:00+00:00,951.7704467773438,952.6466674804688,951.6298828125,952.395263671875,12153600
2025-09-16 18:45:00+00:00,951.9425048828125,951.9425048828125,951.402099609375,951.6525268554688,11743232
2025-09-16 19:00:00+00:00,952.7482299804688,953.335693359375,951.8280639648438,951.8280639648438,11934720
2025-09-16 19:15:00+00:00,953.3750610351562,955.2941284179688,952.8917236328125,952.8917236328125,45769728
2025-09-16 19:30:00+00:00,953.0439453125,953.6260986328125,952.6388549804688,953.4072875976562,17091840
2025-09-16 19:45:00+00:00,955.22998046875,955.3283081054688,953.0775756835938,953.0775756835938,20858624
2025-09-16 20:00:00+00:00,958.3284301757812,958.4847412109375,955.1046142578125,955.1665649414062,33732352
2025-09-16 20:15:00+00:00,955.994384765625,958.5470581054688,955.9274291992188,958.4317626953125,26212096
2025-09-16 20:30:00+00:00,954.9415283203125,955.8847045898438,954.85302734375,955.8847045898438,11655936
2025-09-16 20:45:00+00:00,956.072021484375,956.1116333007812,954.9291381835938,954.9291381835938,9046528
2025-09-16 21:00:00+00:00,957.3744506835938,957.689453125,956.0826416015625,956.0826416015625,8210688
2025-09-16 21:15:00+00:00,955.05419921875,957.3258666992188,955.03564453125,957.3258666992188,5485824
2025-09-16 21:30:00+00:00,955.0012817382812,955.3740234375,954.8316650390625,954.9325561523438,9894912
2025-09-16 21:45:00+00:00,956.4973754882812,956.4973754882812,954.4287109375,954.9685668945312,9348864
2025-09-16 22:00:00+00:00,956.6882934570312,957.0708618164062,956.4171142578125,956.4536743164062,2789888
2025-09-16 22:15:00+00:00,957.3107299804688,957.3213500976562,956.6257934570312,956.6257934570312,9522688
2025-09-16 22:30:00+00:00,957.5029296875,957.5029296875,955.9901123046875,957.3553466796875,8742656
2025-09-16 22:45:00+00:00,957.703125,957.703125,956.4575805664062,957.4929809570312,16948224
2025-09-16 23:00:00+00:00,956.3785400390625,957.6965942382812,956.3292236328125,957.6965942382812,10931200
2025-09-16 23:15:00+00:00,954.9964599609375,956.3400268554688,954.6871337890625,956.3400268554688,9585152
2025-09-16 23:30:00+00:00,954.7816162109375,955.701171875,954.7816162109375,955.032470703125,15194624
2025-09-16 23:45:00+00:00,955.50732421875,955.6273803710938,954.7986450195312,954.7986450195312,4504576
2025-09-17 00:00:00+00:00,955.4498291015625,956.91796875,955.4498291015625,955.7797241210938,2505728
2025-09-17 00:15:00+00:00,958.2615356445312,958.2615356445312,955.3953857421875,955.425537109375,10984448
2025-09-17 00:30:00+00:00,961.2219848632812,962.1337280273438,958.26318359375,958.26318359375,52028416
2025-09-17 00:45:00+00:00,959.7041015625,961.5062866210938,959.5497436523438,961.3259887695312,20634368
2025-09-17 01:00:00+00:00,959.2470092773438,959.9575805664062,959.2435913085938,959.7821044921875,9244160
2025-09-17 01:15:00+00:00,959.182861328125,960.2075805664062,958.4566040039062,959.2651977539062,15281152
2025-09-17 01:30:00+00:00,958.083740234375,959.1474609375,958.0833740234375,959.1474609375,5757696
2025-09-17 01:45:00+00:00,957.4662475585938,958.154052734375,957.4345703125,957.5022583007812,4407552
2025-09-17 02:00:00+00:00,957.5359497070312,957.6172485351562,956.9718627929688,957.4800415039062,1231616
2025-09-17 02:15:00+00:00,959.2047119140625,959.2047119140625,957.4063110351562,957.4363403320312,13312000
2025-09-17 02:30:00+00:00,960.2510375976562,960.2774658203125,959.2047119140625,959.2047119140625,18854656
2025-09-17 02:45:00+00:00,960.1632080078125,962.260986328125,960.1632080078125,960.3085327148438,20788480
2025-09-17 03:00:00+00:00,960.26708984375,960.65380859375,959.8280639648438,960.6395874023438,12723712
2025-09-17 03:15:00+00:00,961.2252807617188,961.4227905273438,960.2930908203125,960.2930908203125,19140608
2025-09-17 03:30:00+00:00,959.1193237304688,960.775634765625,959.1193237304688,960.775634765625,10183424
2025-09-17 03:45:00+00:00,958.1631469726562,959.0537109375,958.1619873046875,958.992431640625,9678848
2025-09-17 04:00:00+00:00,958.5282592773438,958.8702392578125,957.4540405273438,957.6878051757812,1812992
2025-09-17 04:15:00+00:00,955.5726928710938,958.53564453125,955.5726928710938,958.53564453125,289024
2025-09-17 04:30:00+00:00,954.4203491210938,955.5274047851562,954.4203491210938,955.5274047851562,160768
2025-09-17 04:45:00+00:00,953.2289428710938,954.5460815429688,952.1685180664062,954.492919921875,6780672
2025-09-17 05:00:00+00:00,951.8600463867188,953.2305908203125,951.2297973632812,953.2305908203125,17419520
2025-09-17 05:15:00+00:00,950.1710815429688,951.8897705078125,950.1710815429688,951.8793334960938,0
2025-09-17 05:30:00+00:00,948.8442993164062,949.533203125,948.8060913085938,949.3145141601562,32712192
2025-09-17 05:45:00+00:00,952.40283203125,952.40283203125,948.8209838867188,948.9428100585938,14843136
2025-09-17 06:00:00+00:00,951.9445190429688,953.029296875,951.8142700195312,952.3240356445312,0
2025-09-17 06:15:00+00:00,952.0162353515625,952.3307495117188,951.9468383789062,952.0579833984375,5465600
2025-09-17 06:30:00+00:00,953.2838745117188,953.2838745117188,950.86865234375,950.9068603515625,8605184
2025-09-17 06:45:00+00:00,954.1150512695312,954.4384765625,953.2380981445312,953.272216796875,12537088
2025-09-17 07:00:00+00:00,955.09130859375,955.09130859375,953.8890991210938,954.1962890625,2641664
2025-09-17 07:15:00+00:00,954.9622802734375,955.2215576171875,954.8721313476562,955.0599365234375,0
2025-09-17 07:30:00+00:00,956.9069213867188,957.2262573242188,955.1068115234375,955.1068115234375,13891328
2025-09-17 07:45:00+00:00,955.57373046875,956.8768310546875,955.57373046875,956.8618774414062,0
2025-09-17 08:00:00+00:00,953.2855224609375,955.505126953125,953.2855224609375,955.505126953125,1062144
2025-09-17 08:15:00+00:00,952.8566284179688,953.3928833007812,952.155517578125,953.3928833007812,1243904
2025-09-17 08:30:00+00:00,953.1481323242188,953.1758422851562,952.1287231445312,952.5413818359375,4621824
2025-09-17 08:45:00+00:00,956.1153564453125,956.1153564453125,952.9556274414062,953.1468505859375,11633920
2025-09-17 09:00:00+00:00,954.92529296875,956.3233032226562,954.9068603515625,956.1744995117188,188928
2025-09-17 09:15:00+00:00,955.4500732421875,955.4500732421875,954.3688354492188,954.8965454101562,265472
2025-09-17 09:30:00+00:00,955.8583374023438,955.9544067382812,954.8485717773438,955.4761962890625,5300224
2025-09-17 09:45:00+00:00,955.7053833007812,955.8287963867188,955.3495483398438,955.7778930664062,6306560
2025-09-17 10:00:00+00:00,956.6314086914062,956.7173461914062,955.4552001953125,955.4552001953125,5023488
2025-09-17 10:15:00+00:00,953.77978515625,956.548095703125,953.77978515625,956.548095703125,0
2025-09-17 10:30:00+00:00,953.736328125,953.7682495117188,953.127197265625,953.7682495117188,3745792
2025-09-17 10:45:00+00:00,952.7468872070312,954.2802734375,952.7177124023438,953.74658203125,2414592
2025-09-17 11:00:00+00:00,953.8076171875,953.8076171875,952.8056030273438,952.8056030273438,4797184
2025-09-17 11:15:00+00:00,956.0821533203125,956.0821533203125,953.9178466796875,953.9178466796875,9276928
2025-09-17 11:30:00+00:00,955.086669921875,956.02294921875,955.086669921875,956.02294921875,6112256
2025-09-17 11:45:00+00:00,953.875,955.060546875,953.8526611328125,955.060546875,5169920
2025-09-17 12:00:00+00:00,953.7167358398438,953.8491821289062,952.6526489257812,953.8491821289062,2516992
2025-09-17 12:15:00+00:00,952.343505859375,953.596923828125,951.8741455078125,953.596923828125,4295936
2025-09-17 12:30:00+00:00,951.6881103515625,953.2069091796875,951.6881103515625,952.5554809570312,3279872
2025-09-17 12:45:00+00:00,951.9595947265625,952.1558227539062,951.196533203125,951.196533203125,3507968
2025-09-17 13:00:00+00:00,953.0960693359375,953.0960693359375,951.9793090820312,951.9793090820312,2770688
2025-09-17 13:15:00+00:00,953.2733764648438,954.23095703125,953.0861206054688,953.0861206054688,2255616
2025-09-17 13:30:00+00:00,950.4321899414062,953.423095703125,950.4321899414062,953.2532348632812,630528
2025-09-17 13:45:00+00:00,951.1022338867188,951.5791015625,950.342041015625,950.342041015625,0
2025-09-17 14:00:00+00:00,951.4722290039062,951.9489135742188,950.5880737304688,951.0590209960938,0
2025-09-17 14:15:00+00:00,949.4889526367188,952.1183471679688,949.4889526367188,951.5778198242188,0
2025-09-17 14:30:00+00:00,949.06396484375,949.2824096679688,948.6500854492188,948.814453125,6235392
2025-09-17 14:45:00+00:00,949.5086059570312,949.9839477539062,949.2676391601562,949.3931884765625,6521088
2025-09-17 15:00:00+00:00,950.4822387695312,950.4822387695312,948.93408203125,949.4389038085938,0
2025-09-17 15:15:00+00:00,950.9944458007812,951.4027099609375,950.4329223632812,950.4329223632812,0
2025-09-17 15:30:00+00:00,952.372802734375,952.4249267578125,950.7918090820312,950.7918090820312,0
2025-09-17 15:45:00+00:00,952.1537475585938,952.896240234375,951.893310546875,952.4590454101562,0
2025-09-17 16:00:00+00:00,948.9940795898438,951.4581909179688,948.9940795898438,951.4581909179688,0
2025-09-17 16:15:00+00:00,948.0096435546875,948.9682006835938,947.77099609375,948.9682006835938,701696
2025-09-17 16:30:00+00:00,949.0985717773438,949.0985717773438,948.358154296875,948.358154296875,1864192
2025-09-17 16:45:00+00:00,951.1065673828125,951.16650390625,949.05908203125,949.05908203125,11901696
2025-09-17 17:00:00+00:00,950.7423095703125,951.3401489257812,950.628662109375,951.0560302734375,0
2025-09-17 17:15:00+00:00,950.27294921875,951.0983276367188,950.1412353515625,950.8246459960938,0
2025-09-17 17:30:00+00:00,954.5311279296875,954.5311279296875,950.3313598632812,950.3313598632812,7424
2025-09-17 17:45:00+00:00,954.6510009765625,954.7396850585938,953.6914672851562,953.827392578125,0
2025-09-17 18:00:00+00:00,953.021728515625,955.6712036132812,952.7154541015625,954.6399536132812,23724800
2025-09-17 18:15:00+00:00,955.3811645507812,955.3811645507812,950.7814331054688,950.7814331054688,7621632
2025-09-17 18:30:00+00:00,954.814208984375,959.1658325195312,954.7955322265625,955.6611938476562,48773120
2025-09-17 18:45:00+00:00,953.3386840820312,954.2484741210938,952.374267578125,954.2484741210938,38266880
2025-09-17 19:00:00+00:00,955.458984375,956.8833618164062,953.4269409179688,953.4269409179688,10745344
2025-09-17 19:15:00+00:00,956.1866455078125,956.1866455078125,954.7930297851562,955.1224365234375,22641152
2025-09-17 19:30:00+00:00,956.9262084960938,956.9315185546875,955.9194946289062,956.3400268554688,3426816
2025-09-17 19:45:00+00:00,956.8522338867188,957.0889282226562,956.8280639648438,956.8660278320312,0
2025-09-17 20:00:00+00:00,958.6604614257812,958.802978515625,956.794677734375,956.8406372070312,0
2025-09-17 20:15:00+00:00,957.2056884765625,959.4314575195312,957.2056884765625,958.7495727539062,0
2025-09-17 20:30:00+00:00,956.390625,957.1171875,956.2799072265625,957.1171875,1509632
2025-09-17 20:45:00+00:00,955.3759155273438,956.9202270507812,955.3759155273438,956.4912109375,53264896
2025-09-17 21:00:00+00:00,956.0914306640625,956.0914306640625,953.7139282226562,954.3486328125,8690176
2025-09-17 21:15:00+00:00,959.1979370117188,959.206298828125,956.224853515625,956.224853515625,7745024
2025-09-17 21:30:00+00:00,960.7360229492188,960.7360229492188,959.1810302734375,959.439697265625,5774848
2025-09-17 21:45:00+00:00,961.3344116210938,962.5299072265625,960.772216796875,960.772216796875,6845184
2025-09-17 22:00:00+00:00,967.5732421875,967.5732421875,961.72412109375,961.72412109375,28438016
2025-09-17 22:15:00+00:00,975.8121337890625,975.829833984375,967.482666015625,967.482666015625,68128768
2025-09-17 22:30:00+00:00,985.0100708007812,985.0100708007812,976.048095703125,976.048095703125,81633536
2025-09-17 22:45:00+00:00,988.7088623046875,988.7088623046875,984.9757080078125,984.9757080078125,77865472
2025-09-17 23:00:00+00:00,992.0914916992188,993.1290283203125,988.7868041992188,988.7868041992188,113214464
2025-09-17 23:15:00+00:00,985.2067260742188,991.7810668945312,985.034912109375,991.7810668945312,42832128
2025-09-17 23:30:00+00:00,987.2957763671875,989.3262939453125,984.8148803710938,984.8148803710938,32728832
2025-09-17 23:45:00+00:00,990.2218627929688,991.5444946289062,987.2904052734375,987.2904052734375,40901376
2025-09-18 00:00:00+00:00,989.6815795898438,991.0166015625,989.2957153320312,990.2666015625,10891264
2025-09-18 00:15:00+00:00,987.7343139648438,990.952880859375,987.6873779296875,990.2622680664062,25570560
2025-09-18 00:30:00+00:00,986.88134765625,987.6256103515625,986.7909545898438,987.6256103515625,0
2025-09-18 00:45:00+00:00,984.2141723632812,987.3645629882812,984.1428833007812,986.9020385742188,0
2025-09-18 01:00:00+00:00,986.5403442382812,986.5403442382812,984.0195922851562,984.1079711914062,6620672
2025-09-18 01:15:00+00:00,987.2728271484375,987.2728271484375,985.8197021484375,986.517578125,14065152
2025-09-18 01:30:00+00:00,989.1201171875,989.1201171875,986.8760375976562,986.8760375976562,11719168
2025-09-18 01:45:00+00:00,990.6712646484375,992.130615234375,989.4478759765625,989.4478759765625,33144576
2025-09-18 02:00:00+00:00,989.225341796875,990.66259765625,988.02783203125,990.66259765625,21890048
2025-09-18 02:15:00+00:00,985.9901123046875,989.0789184570312,985.9901123046875,989.0789184570312,4931328
2025-09-18 02:30:00+00:00,987.8272705078125,987.8272705078125,985.793701171875,985.793701171875,3991552
2025-09-18 02:45:00+00:00,990.0598754882812,990.0598754882812,987.7470703125,987.8330688476562,1973248
2025-09-18 03:00:00+00:00,993.2940673828125,993.2940673828125,990.1871337890625,990.1871337890625,15030528
2025-09-18 03:15:00+00:00,993.2147216796875,994.1054077148438,993.0943603515625,993.4244995117188,9743360
2025-09-18 03:30:00+00:00,994.417236328125,994.417236328125,992.4489135742188,993.3955078125,7019008
2025-09-18 03:45:00+00:00,994.5711669921875,994.5711669921875,993.0596923828125,994.3311157226562,6275584
2025-09-18 04:00:00+00:00,993.5015869140625,995.3341674804688,993.4856567382812,995.3093872070312,11095808
2025-09-18 04:15:00+00:00,992.9150390625,994.0631103515625,992.8871459960938,993.7551879882812,8359680
2025-09-18 04:30:00+00:00,992.021240234375,992.8777465820312,991.9132690429688,992.8777465820312,4423424
2025-09-18 04:45:00+00:00,993.6853637695312,994.1095581054688,992.291015625,992.291015625,8657408
2025-09-18 05:00:00+00:00,994.49658203125,994.49658203125,993.5611572265625,993.7526245117188,0
2025-09-18 05:15:00+00:00,992.4360961914062,994.3863525390625,992.4360961914062,994.3863525390625,0
2025-09-18 05:30:00+00:00,989.7885131835938,992.0463256835938,989.2968139648438,992.0463256835938,5511680
2025-09-18 05:45:00+00:00,990.2900390625,990.425537109375,989.7645263671875,989.7645263671875,0
2025-09-18 06:00:00+00:00,992.68408203125,993.9332885742188,990.4257202148438,990.4257202148438,11136256
2025-09-18 06:15:00+00:00,991.3492431640625,992.3943481445312,990.484619140625,992.3943481445312,8977408
2025-09-18 06:30:00+00:00,992.2182006835938,992.2182006835938,990.6798095703125,990.6888427734375,9492480
2025-09-18 06:45:00+00:00,994.1373901367188,994.3515625,992.2871704101562,992.2871704101562,8657152
2025-09-18 07:00:00+00:00,995.4617919921875,995.4617919921875,994.0274658203125,994.0274658203125,8104192
2025-09-18 07:15:00+00:00,995.8271484375,996.4440307617188,995.3038330078125,995.583251953125,18418176
2025-09-18 07:30:00+00:00,998.3299560546875,998.3299560546875,996.5989379882812,996.6006469726562,33308416
2025-09-18 07:45:00+00:00,998.595947265625,999.003173828125,998.2266235351562,998.4254760742188,50858752
2025-09-18 08:00:00+00:00,1002.189208984375,1002.2838745117188,998.3988647460938,998.5936889648438,88046080
2025-09-18 08:15:00+00:00,1002.3737182617188,1004.9190063476562,1002.3737182617188,1004.3047485351562,103610112
2025-09-18 08:30:00+00:00,1001.3007202148438,1004.1192016601562,1001.3007202148438,1002.5084228515625,40471808
2025-09-18 08:45:00+00:00,1000.908203125,1001.3087158203125,999.7015991210938,1001.3087158203125,26781952
2025-09-18 09:00:00+00:00,997.9382934570312,1000.9119262695312,996.0416259765625,1000.9119262695312,35924992
2025-09-18 09:15:00+00:00,997.2728881835938,997.6884765625,996.2805786132812,997.5989379882812,26135040
2025-09-18 09:30:00+00:00,998.2203979492188,998.2203979492188,997.1616821289062,997.2786865234375,11908608
2025-09-18 09:45:00+00:00,1001.4813842773438,1001.4813842773438,998.3433837890625,998.3433837890625,52724736
2025-09-18 10:00:00+00:00,997.58837890625,1001.5452270507812,997.58837890625,1001.448486328125,13413888
2025-09-18 10:15:00+00:00,994.1289672851562,997.7463989257812,994.1289672851562,997.7463989257812,24658432
2025-09-18 10:30:00+00:00,993.6287231445312,993.655517578125,992.8447875976562,992.8447875976562,24723456
2025-09-18 10:45:00+00:00,993.6550903320312,994.1555786132812,993.1951904296875,993.8666381835938,8715776
2025-09-18 11:00:00+00:00,992.5590209960938,994.3662109375,992.5590209960938,993.6495971679688,11107840
2025-09-18 11:15:00+00:00,992.3223876953125,993.3624267578125,991.95068359375,991.957763671875,11901440
2025-09-18 11:30:00+00:00,992.4277954101562,992.5718383789062,991.4655151367188,992.21533203125,21670912
2025-09-18 11:45:00+00:00,992.0632934570312,992.8773193359375,992.0143432617188,992.4277954101562,9084416
2025-09-18 12:00:00+00:00,992.1050415039062,992.4346313476562,991.91455078125,992.062255859375,2069504
2025-09-18 12:15:00+00:00,993.3652954101562,993.3652954101562,992.3035888671875,992.3035888671875,6889984
2025-09-18 12:30:00+00:00,994.9143676757812,994.9143676757812,993.5524291992188,994.0897216796875,13308928
2025-09-18 12:45:00+00:00,995.9612426757812,995.9612426757812,994.5811767578125,994.907470703125,6479360
2025-09-18 13:00:00+00:00,996.6258544921875,996.6258544921875,995.5103149414062,996.4165649414062,2072576
2025-09-18 13:15:00+00:00,997.7076416015625,997.9512329101562,996.6699829101562,996.6699829101562,9540096
2025-09-18 13:30:00+00:00,995.148193359375,997.8321533203125,995.148193359375,997.6427001953125,16358912
2025-09-18 13:45:00+00:00,993.8840942382812,994.8360595703125,993.5716552734375,994.8360595703125,1554432
2025-09-18 14:00:00+00:00,995.2926025390625,995.5291748046875,995.001953125,995.001953125,5992960
2025-09-18 14:15:00+00:00,994.3858642578125,995.6453247070312,994.3858642578125,995.1993408203125,11591168
2025-09-18 14:30:00+00:00,994.39892578125,994.6879272460938,994.222900390625,994.4016723632812,1965568
2025-09-18 14:45:00+00:00,995.3375244140625,995.3375244140625,994.2891235351562,994.2891235351562,5549056
2025-09-18 15:00:00+00:00,995.4658203125,996.0092163085938,995.3681030273438,995.3855590820312,15348736
2025-09-18 15:15:00+00:00,994.180419921875,995.0536499023438,994.180419921875,994.4781494140625,9983488
2025-09-18 15:30:00+00:00,994.3060302734375,994.5750122070312,993.7575073242188,993.9166870117188,6082560
2025-09-18 15:45:00+00:00,994.4763793945312,995.1073608398438,994.3448486328125,994.3448486328125,5546496
2025-09-18 16:00:00+00:00,992.0621948242188,994.01220703125,991.911865234375,994.0049438476562,7232512
2025-09-18 16:15:00+00:00,994.3887329101562,994.4207763671875,992.0253295898438,992.0253295898438,14990336
2025-09-18 16:30:00+00:00,994.8660278320312,994.8660278320312,993.7562255859375,993.9703979492188,9410048
2025-09-18 16:45:00+00:00,994.8834228515625,995.2850341796875,994.823486328125,994.8634033203125,4162560
2025-09-18 17:00:00+00:00,993.7406616210938,994.3865356445312,993.7406616210938,994.375244140625,8459776
2025-09-18 17:15:00+00:00,991.8712158203125,993.8106689453125,991.8712158203125,993.6217651367188,9431040
2025-09-18 17:30:00+00:00,992.448974609375,992.448974609375,991.8864135742188,992.0648803710938,1963008
2025-09-18 17:45:00+00:00,992.2677001953125,992.7145385742188,992.2677001953125,992.6488647460938,53248
2025-09-18 18:00:00+00:00,992.0170288085938,992.1845092773438,991.5995483398438,992.1845092773438,0
2025-09-18 18:15:00+00:00,990.1777954101562,992.19775390625,990.145751953125,992.060546875,0
2025-09-18 18:30:00+00:00,987.1897583007812,990.1389770507812,987.1189575195312,990.1389770507812,0
2025-09-18 18:45:00+00:00,988.7186279296875,988.8685302734375,987.16796875,987.16796875,0
2025-09-18 19:00:00+00:00,988.7794189453125,988.7794189453125,987.9829711914062,987.9829711914062,0
2025-09-18 19:15:00+00:00,988.1967163085938,988.818603515625,988.1668701171875,988.70751953125,0
2025-09-18 19:30:00+00:00,987.65869140625,987.80810546875,986.4244384765625,987.80810546875,1503232
2025-09-18 19:45:00+00:00,988.3871459960938,988.3910522460938,987.7606201171875,987.7606201171875,102400
2025-09-18 20:00:00+00:00,988.4436645507812,988.4478759765625,988.0746459960938,988.259765625,0
2025-09-18 20:15:00+00:00,988.2100830078125,988.62646484375,988.2100830078125,988.39794921875,0
2025-09-18 20:30:00+00:00,989.0166015625,989.0166015625,988.0782470703125,988.1513061523438,313344
2025-09-18 20:45:00+00:00,988.5814819335938,989.1887817382812,988.5623168945312,989.024169921875,0
2025-09-18 21:00:00+00:00,987.475830078125,988.5691528320312,987.2015380859375,988.5691528320312,0
2025-09-18 21:15:00+00:00,988.1575317382812,988.1937255859375,987.3317260742188,987.4780883789062,0
2025-09-18 21:30:00+00:00,988.5803833007812,988.7957763671875,988.4483032226562,988.4483032226562,0
2025-09-18 21:45:00+00:00,988.6194458007812,988.8036499023438,988.5519409179688,988.5985717773438,0
2025-09-18 22:00:00+00:00,987.0001220703125,988.1992797851562,987.0001220703125,988.1751708984375,0
2025-09-18 22:15:00+00:00,985.9166259765625,987.0205078125,985.9166259765625,987.0205078125,0
2025-09-18 22:30:00+00:00,986.2237548828125,986.2313842773438,985.6503295898438,985.9067993164062,0
2025-09-18 22:45:00+00:00,983.7199096679688,986.3817749023438,983.699951171875,986.1995849609375,0
2025-09-18 23:00:00+00:00,981.7193603515625,982.743896484375,980.4406127929688,982.743896484375,0
2025-09-18 23:15:00+00:00,982.0206298828125,982.4035034179688,981.693603515625,981.7662353515625,0
2025-09-18 23:30:00+00:00,982.9566650390625,983.0238647460938,982.0248413085938,982.047119140625,0
2025-09-18 23:45:00+00:00,982.2996826171875,983.0701293945312,982.2996826171875,982.839599609375,0
2025-09-19 00:00:00+00:00,982.0556030273438,982.805908203125,981.8242797851562,981.8242797851562,0
2025-09-19 00:15:00+00:00,982.5276489257812,982.5276489257812,981.533935546875,982.1119384765625,0
2025-09-19 00:30:00+00:00,985.1766967773438,985.1766967773438,983.2408447265625,983.2408447265625,2898688
2025-09-19 00:45:00+00:00,985.42578125,985.42578125,985.1077880859375,985.17919921875,2449664
2025-09-19 01:00:00+00:00,985.6942749023438,986.3946533203125,985.4848022460938,985.4848022460938,0
2025-09-19 01:15:00+00:00,986.76318359375,986.78125,985.1646118164062,985.6591796875,0
2025-09-19 01:30:00+00:00,986.1046752929688,987.2422485351562,986.0616455078125,986.81884765625,0
2025-09-19 01:45:00+00:00,985.3886108398438,986.205810546875,985.1211547851562,986.205810546875,0
2025-09-19 02:00:00+00:00,985.7769775390625,986.1303100585938,985.7769775390625,985.8350830078125,0
2025-09-19 02:15:00+00:00,985.1697998046875,985.29296875,984.7869873046875,985.0725708007812,0
2025-09-19 02:30:00+00:00,986.9568481445312,986.9568481445312,985.200439453125,985.2413940429688,3267328
2025-09-19 02:45:00+00:00,986.015380859375,987.0339965820312,985.9539184570312,986.9154663085938,569856
2025-09-19 03:00:00+00:00,988.677734375,988.677734375,986.0401611328125,986.0401611328125,1089536
2025-09-19 03:15:00+00:00,988.1429443359375,988.6939697265625,988.1429443359375,988.5614624023438,0
2025-09-19 03:30:00+00:00,985.3098754882812,987.032470703125,985.0396728515625,987.032470703125,5552128
2025-09-19 03:45:00+00:00,984.97265625,985.799072265625,984.9424438476562,985.780517578125,19167488
2025-09-19 04:00:00+00:00,983.6637573242188,985.2871704101562,983.59130859375,985.2205810546875,2731008
2025-09-19 04:15:00+00:00,988.172119140625,988.172119140625,983.7061157226562,983.7061157226562,6962176
2025-09-19 04:30:00+00:00,988.8112182617188,988.8112182617188,988.2540893554688,988.2540893554688,7525888
2025-09-19 04:45:00+00:00,990.522705078125,990.6514282226562,988.8093872070312,988.8093872070312,18306816
2025-09-19 05:00:00+00:00,994.0379638671875,994.0379638671875,990.6785278320312,990.6785278320312,25057536
2025-09-19 05:15:00+00:00,990.477783203125,993.9874877929688,990.4518432617188,993.9874877929688,8592640
2025-09-19 05:30:00+00:00,991.0404052734375,991.5853271484375,990.1075439453125,990.1075439453125,0
2025-09-19 05:45:00+00:00,995.365478515625,995.4118041992188,991.1522216796875,991.1522216796875,14443008
2025-09-19 06:00:00+00:00,993.577392578125,995.1763916015625,993.577392578125,995.1763916015625,0
2025-09-19 06:15:00+00:00,993.8028564453125,994.9888305664062,993.4351196289062,993.6268310546875,4666624
2025-09-19 06:30:00+00:00,994.3569946289062,994.4373168945312,993.40673828125,994.2540283203125,4112640
2025-09-19 06:45:00+00:00,994.372314453125,994.7064819335938,994.1322631835938,994.4295043945312,9664768
2025-09-19 07:00:00+00:00,994.2083740234375,994.345458984375,993.895263671875,994.3001098632812,11434496
2025-09-19 07:15:00+00:00,997.2344970703125,997.2344970703125,994.862548828125,994.8921508789062,10938112
2025-09-19 07:30:00+00:00,996.4266357421875,997.147216796875,996.424560546875,997.147216796875,2946048
2025-09-19 07:45:00+00:00,994.7615356445312,996.0458984375,994.7615356445312,996.037353515625,0
2025-09-19 08:00:00+00:00,998.9797973632812,998.9797973632812,994.845458984375,994.845458984375,696064
2025-09-19 08:15:00+00:00,1001.1959838867188,1001.1959838867188,999.2955932617188,999.2955932617188,1437696
2025-09-19 08:30:00+00:00,999.6117553710938,1001.191650390625,999.5191040039062,1001.191650390625,0
2025-09-19 08:45:00+00:00,1000.7694091796875,1000.7916259765625,999.6009521484375,999.6009521484375,0
2025-09-19 09:00:00+00:00,1000.717529296875,1002.0327758789062,1000.717529296875,1001.0711669921875,0
2025-09-19 09:15:00+00:00,996.1128540039062,1000.6519165039062,996.1128540039062,1000.6519165039062,4947968
2025-09-19 09:30:00+00:00,996.29736328125,996.7799072265625,996.29736328125,996.4121704101562,2911744
2025-09-19 09:45:00+00:00,995.8489379882812,995.8876342773438,995.082763671875,995.7715454101562,0
2025-09-19 10:00:00+00:00,996.42919921875,996.42919921875,995.2332763671875,995.7083129882812,0
2025-09-19 10:15:00+00:00,990.8603515625,996.2144775390625,990.8603515625,996.2144775390625,12536064
2025-09-19 10:30:00+00:00,993.5468139648438,993.639404296875,991.0111694335938,991.0111694335938,0
2025-09-19 10:45:00+00:00,992.408935546875,994.2957763671875,992.408935546875,993.6114501953125,165632
2025-09-19 11:00:00+00:00,988.3497924804688,992.4221801757812,988.186279296875,992.4221801757812,16368896
2025-09-19 11:15:00+00:00,988.267578125,989.04296875,987.5783081054688,988.2406005859375,12322048
2025-09-19 11:30:00+00:00,986.8558959960938,988.4691772460938,986.8558959960938,988.0642700195312,1399296
2025-09-19 11:45:00+00:00,985.9459838867188,986.572021484375,985.5534057617188,986.081298828125,13561344
2025-09-19 12:00:00+00:00,988.4569702148438,988.524658203125,985.9398803710938,985.9398803710938,5582848
2025-09-19 12:15:00+00:00,987.6656494140625,988.7069091796875,987.5651245117188,988.4877319335938,2457600
2025-09-19 12:30:00+00:00,988.6593627929688,988.6593627929688,987.4549560546875,987.4549560546875,1064960
2025-09-19 12:45:00+00:00,988.5640258789062,988.8511352539062,988.55029296875,988.6522216796875,1202944
2025-09-19 13:00:00+00:00,991.3492431640625,991.3492431640625,988.30810546875,988.4674072265625,10739456
2025-09-19 13:15:00+00:00,991.8821411132812,991.8821411132812,991.3319702148438,991.634765625,5448448
2025-09-19 13:30:00+00:00,991.0186157226562,991.7490234375,990.95556640625,991.648193359375,1905408
2025-09-19 13:45:00+00:00,991.8141479492188,992.1015625,991.0094604492188,991.0094604492188,0
2025-09-19 14:00:00+00:00,992.1553955078125,992.3306884765625,991.7184448242188,991.7184448242188,4970240
2025-09-19 14:15:00+00:00,991.2347412109375,992.1156005859375,990.9027099609375,992.1156005859375,0
2025-09-19 14:30:00+00:00,988.7156372070312,991.0341186523438,988.6226806640625,991.0341186523438,0
2025-09-19 14:45:00+00:00,984.9780883789062,988.503662109375,984.8955078125,988.503662109375,28367872
2025-09-19 15:00:00+00:00,976.4028930664062,984.0891723632812,976.3521118164062,984.0891723632812,25165824
2025-09-19 15:15:00+00:00,979.0543212890625,979.0543212890625,976.0053100585938,976.0912475585938,31641856
2025-09-19 15:30:00+00:00,982.7584228515625,982.7584228515625,977.8795776367188,979.256591796875,14624000
2025-09-19 15:45:00+00:00,983.0420532226562,983.108154296875,981.9531860351562,982.8642578125,17701632
2025-09-19 16:00:00+00:00,984.596923828125,984.596923828125,982.75830078125,983.0283813476562,1745920
2025-09-19 16:15:00+00:00,984.4906616210938,984.7053833007812,984.2127075195312,984.6304321289062,0
2025-09-19 16:30:00+00:00,983.9810180664062,984.44970703125,983.93310546875,984.44970703125,739840
2025-09-19 16:45:00+00:00,983.357666015625,984.1458129882812,983.357666015625,983.9473266601562,0
2025-09-19 17:00:00+00:00,982.1258544921875,983.4231567382812,981.9298095703125,983.4231567382812,0
2025-09-19 17:15:00+00:00,983.7657470703125,983.82177734375,982.1212158203125,982.1212158203125,0
2025-09-19 17:30:00+00:00,980.9511108398438,983.4815063476562,980.9511108398438,983.4815063476562,1472512
2025-09-19 17:45:00+00:00,979.4847412109375,981.0648193359375,979.4847412109375,981.0648193359375,2637312
2025-09-19 18:00:00+00:00,977.2512817382812,979.0018310546875,976.975830078125,978.8255004882812,10748416
2025-09-19 18:15:00+00:00,977.0075073242188,977.9388427734375,976.8495483398438,977.32958984375,4188416
2025-09-19 18:30:00+00:00,979.5243530273438,979.5243530273438,977.182861328125,977.182861328125,0
2025-09-19 18:45:00+00:00,979.3047485351562,980.2488403320312,979.2003784179688,979.5887451171875,55552
2025-09-19 19:00:00+00:00,979.8412475585938,980.1654663085938,979.0659790039062,979.310546875,1709568
2025-09-19 19:15:00+00:00,980.3326416015625,980.3326416015625,979.5447387695312,979.8667602539062,2950400
2025-09-19 19:30:00+00:00,980.8079223632812,981.33837890625,980.5418090820312,980.7265625,0
2025-09-19 19:45:00+00:00,979.1401977539062,980.3423461914062,979.1401977539062,980.2652587890625,43776
2025-09-19 20:00:00+00:00,979.064453125,979.4105224609375,978.6152954101562,979.199951171875,1763072
2025-09-19 20:15:00+00:00,980.5917358398438,980.6980590820312,979.0227661132812,979.0227661132812,4506624
2025-09-19 20:30:00+00:00,981.499755859375,981.499755859375,980.4931640625,980.5703125,2912768
2025-09-19 20:45:00+00:00,980.433837890625,981.5890502929688,980.2831420898438,981.5319213867188,5115136
2025-09-19 21:00:00+00:00,979.8446044921875,980.34912109375,979.8394775390625,980.34912109375,0
2025-09-19 21:15:00+00:00,981.824462890625,981.824462890625,979.911376953125,979.911376953125,3583232
2025-09-19 21:30:00+00:00,983.1016235351562,983.2408447265625,982.2468872070312,982.2468872070312,8897536
2025-09-19 21:45:00+00:00,982.80615234375,983.9396362304688,982.7103881835938,983.181396484375,3445504
2025-09-19 22:00:00+00:00,984.3606567382812,984.3606567382812,982.8754272460938,982.8754272460938,577792
2025-09-19 22:15:00+00:00,984.4298706054688,984.509033203125,983.8514404296875,984.3973388671875,0
2025-09-19 22:30:00+00:00,985.1303100585938,985.3387451171875,984.423828125,984.423828125,9990656
2025-09-19 22:45:00+00:00,984.58251953125,985.0753173828125,984.58251953125,985.0327758789062,0
2025-09-19 23:00:00+00:00,983.884765625,984.7763671875,983.8558349609375,984.5840454101562,0
2025-09-19 23:15:00+00:00,980.7593383789062,983.8533325195312,980.7593383789062,983.8533325195312,0
2025-09-19 23:30:00+00:00,980.54541015625,980.7882690429688,980.0059814453125,980.7348022460938,3162624
2025-09-19 23:45:00+00:00,983.3306274414062,983.3306274414062,980.4468994140625,980.5487670898438,527104
2025-09-20 00:00:00+00:00,986.9149780273438,986.9149780273438,984.1197509765625,984.1197509765625,12980736
2025-09-20 00:15:00+00:00,986.2532958984375,987.6227416992188,986.2107543945312,987.0363159179688,3559424
2025-09-20 00:30:00+00:00,987.0502319335938,987.0502319335938,986.1575927734375,986.332763671875,0
2025-09-20 00:45:00+00:00,986.4343872070312,987.5519409179688,986.41796875,987.02685546875,289792
2025-09-20 01:00:00+00:00,985.7669677734375,986.97119140625,985.7669677734375,986.5654296875,0
2025-09-20 01:15:00+00:00,986.7568359375,986.7568359375,985.4825439453125,985.4894409179688,2214656
2025-09-20 01:30:00+00:00,985.5859985351562,986.904296875,985.3912353515625,986.7901000976562,1612544
2025-09-20 01:45:00+00:00,986.877685546875,986.9237670898438,986.27197265625,986.3550415039062,0
2025-09-20 02:00:00+00:00,984.7918090820312,986.870849609375,984.7918090820312,986.870849609375,1875712
2025-09-20 02:15:00+00:00,986.0885009765625,986.119140625,984.1444702148438,984.6140747070312,4623104
2025-09-20 02:30:00+00:00,986.2720336914062,986.3551635742188,985.4973754882812,986.3551635742188,539904
2025-09-20 02:45:00+00:00,990.1118774414062,990.1118774414062,986.2048950195312,986.2048950195312,19524608
2025-09-20 03:00:00+00:00,988.9948120117188,990.7440795898438,988.91943359375,990.2546997070312,202240
2025-09-20 03:15:00+00:00,990.3060913085938,990.3060913085938,989.1865844726562,989.2060546875,5503744
2025-09-20 03:30:00+00:00,991.6868896484375,991.8455810546875,990.4509887695312,990.4509887695312,10752768
2025-09-20 03:45:00+00:00,992.7076416015625,993.04296875,991.7594604492188,991.7594604492188,0
2025-09-20 04:00:00+00:00,992.2628173828125,992.6458129882812,991.8171997070312,992.6458129882812,0
2025-09-20 04:15:00+00:00,993.5615234375,993.5615234375,992.0764770507812,992.291748046875,0
2025-09-20 04:30:00+00:00,996.1878051757812,996.1878051757812,993.4628295898438,993.53564453125,4701440
2025-09-20 04:45:00+00:00,999.4017333984375,999.410888671875,996.3062744140625,996.3062744140625,11175424
2025-09-20 05:00:00+00:00,998.4330444335938,1000.9496459960938,998.3307495117188,999.5896606445312,9312256
2025-09-20 05:15:00+00:00,997.0911865234375,998.5282592773438,997.0399169921875,998.5282592773438,2045952
2025-09-20 05:30:00+00:00,996.7378540039062,997.2213134765625,996.7247924804688,997.091552734375,3386624
2025-09-20 05:45:00+00:00,997.5029296875,997.5029296875,996.6828002929688,996.7653198242188,0
2025-09-20 06:00:00+00:00,997.4315185546875,997.9912719726562,997.4315185546875,997.51171875,0
2025-09-20 06:15:00+00:00,996.38671875,997.425537109375,996.3685913085938,997.425537109375,0
2025-09-20 06:30:00+00:00,996.5299072265625,996.6494750976562,996.2280883789062,996.2280883789062,0
2025-09-20 06:45:00+00:00,997.1392822265625,997.1622314453125,996.1795654296875,996.5299072265625,0
2025-09-20 07:00:00+00:00,996.7969360351562,997.5820922851562,996.7969360351562,997.1865234375,0
2025-09-20 07:15:00+00:00,995.980224609375,996.8045043945312,995.980224609375,996.8045043945312,0
2025-09-20 07:30:00+00:00,997.2314453125,997.2530517578125,995.794189453125,996.0068359375,0
2025-09-20 07:45:00+00:00,999.9365844726562,999.9365844726562,997.09765625,997.2142944335938,136960
2025-09-20 08:00:00+00:00,998.4141235351562,999.9304809570312,998.2139892578125,999.9304809570312,0
2025-09-20 08:15:00+00:00,1000.540771484375,1000.5633544921875,998.4784545898438,998.4784545898438,0
2025-09-20 08:30:00+00:00,1004.3167724609375,1004.3167724609375,1001.0708618164062,1001.0708618164062,28429312
2025-09-20 08:45:00+00:00,997.487060546875,1003.89404296875,997.487060546875,1003.89404296875,15621376
2025-09-20 09:00:00+00:00,997.9719848632812,997.9719848632812,997.0726318359375,997.2432861328125,0
2025-09-20 09:15:00+00:00,997.8015747070312,998.3076171875,997.5779418945312,997.9534301757812,0
2025-09-20 09:30:00+00:00,995.2048950195312,997.84716796875,995.1298828125,997.73046875,1857536
2025-09-20 09:45:00+00:00,996.527587890625,996.5982055664062,995.2169799804688,995.3095092773438,0
2025-09-20 10:00:00+00:00,998.6298217773438,998.6298217773438,996.5113525390625,996.5498657226562,3788032
2025-09-20 10:15:00+00:00,1000.0404663085938,1000.335205078125,998.7152709960938,998.7152709960938,5066496
2025-09-20 10:30:00+00:00,999.387939453125,999.9841918945312,998.8651123046875,999.9841918945312,5408768
2025-09-20 10:45:00+00:00,997.822509765625,999.4224243164062,997.6162719726562,999.4224243164062,0
2025-09-20 11:00:00+00:00,1000.17578125,1000.2583618164062,998.1727294921875,998.1727294921875,0
2025-09-20 11:15:00+00:00,1000.3745727539062,1000.6882934570312,1000.1592407226562,1000.2093505859375,0
2025-09-20 11:30:00+00:00,1000.2239379882812,1000.5602416992188,999.5730590820312,1000.5415649414062,5961472
2025-09-20 11:45:00+00:00,1002.1240844726562,1002.7726440429688,1000.1476440429688,1000.1476440429688,3805440
2025-09-20 12:00:00+00:00,1000.5383911132812,1002.2493286132812,1000.5372924804688,1002.16455078125,0
2025-09-20 12:15:00+00:00,999.525146484375,1000.5587768554688,999.5128784179688,1000.5587768554688,2324224
2025-09-20 12:30:00+00:00,1000.0145263671875,1001.1188354492188,999.8828125,999.8828125,4315648
2025-09-20 12:45:00+00:00,1000.6079711914062,1000.636962890625,1000.1383056640625,1000.1383056640625,599808
2025-09-20 13:00:00+00:00,1000.7671508789062,1001.3976440429688,1000.7622680664062,1000.7908325195312,0
2025-09-20 13:15:00+00:00,1000.5438842773438,1001.7130737304688,1000.5156860351562,1000.7626953125,0
2025-09-20 13:30:00+00:00,1000.4765625,1000.70947265625,1000.081298828125,1000.5685424804688,2511104
2025-09-20 13:45:00+00:00,1000.965576171875,1001.8164672851562,1000.6234741210938,1000.6234741210938,3219456
2025-09-20 14:00:00+00:00,1000.6890258789062,1001.321044921875,1000.6329956054688,1000.8292236328125,0
2025-09-20 14:15:00+00:00,1002.3632202148438,1002.6104125976562,1000.7372436523438,1000.7372436523438,6963456
2025-09-20 14:30:00+00:00,1003.6341552734375,1003.6341552734375,1002.51318359375,1002.51318359375,8556032
2025-09-20 14:45:00+00:00,1013.1022338867188,1013.209716796875,1003.697021484375,1003.697021484375,86222848
2025-09-20 15:00:00+00:00,1025.103759765625,1026.8636474609375,1013.3920288085938,1013.3920288085938,82393856
2025-09-20 15:15:00+00:00,1020.9146118164062,1025.2314453125,1020.9019775390625,1025.2314453125,31989504
2025-09-20 15:30:00+00:00,1019.8294677734375,1020.9097900390625,1018.4066772460938,1020.9097900390625,30902272
2025-09-20 15:45:00+00:00,1021.4129638671875,1021.8676147460938,1019.9082641601562,1019.9082641601562,15559936
2025-09-20 16:00:00+00:00,1021.1910400390625,1022.1854858398438,1021.1398315429688,1021.3870239257812,8185600
2025-09-20 16:15:00+00:00,1020.5524291992188,1021.4485473632812,1020.4107666015625,1021.3140258789062,21046016
2025-09-20 16:30:00+00:00,1023.8837890625,1023.8919677734375,1020.6407470703125,1020.6407470703125,30966528
2025-09-20 16:45:00+00:00,1024.2579345703125,1024.2579345703125,1023.0462036132812,1023.6845092773438,13532160
2025-09-20 17:00:00+00:00,1025.9444580078125,1026.0421142578125,1024.9736328125,1025.482421875,20240640
2025-09-20 17:15:00+00:00,1026.467529296875,1026.467529296875,1024.426025390625,1025.78662109375,16940800
2025-09-20 17:30:00+00:00,1027.306396484375,1028.48486328125,1026.5780029296875,1026.5780029296875,28835072
2025-09-20 17:45:00+00:00,1026.1893310546875,1027.4373779296875,1025.7401123046875,1027.4373779296875,10608640
2025-09-20 18:00:00+00:00,1023.611572265625,1026.664306640625,1023.2076416015625,1026.2149658203125,8632320
2025-09-20 18:15:00+00:00,1024.9429931640625,1024.9429931640625,1022.7485961914062,1023.6614990234375,14219776
2025-09-20 18:30:00+00:00,1023.2611083984375,1024.9970703125,1022.30078125,1024.9970703125,3229696
2025-09-20 18:45:00+00:00,1022.35205078125,1023.3279418945312,1022.35205078125,1023.3102416992188,9584896
2025-09-20 19:00:00+00:00,1023.935791015625,1023.935791015625,1021.9569702148438,1022.2941284179688,9719040
2025-09-20 19:15:00+00:00,1024.5960693359375,1025.2298583984375,1024.0631103515625,1024.0631103515625,3027456
2025-09-20 19:30:00+00:00,1021.740966796875,1024.550537109375,1021.740966796875,1024.550537109375,610560
2025-09-20 19:45:00+00:00,1020.6231689453125,1021.69189453125,1020.1267700195312,1021.69189453125,25843968
2025-09-20 20:00:00+00:00,1020.6331176757812,1021.0240478515625,1019.8823852539062,1020.5809326171875,4337152
2025-09-20 20:15:00+00:00,1020.7381591796875,1021.097412109375,1020.6019897460938,1020.699951171875,4425216
2025-09-20 20:30:00+00:00,1020.9862060546875,1020.9862060546875,1020.2723999023438,1020.6397094726562,4206592
2025-09-20 20:45:00+00:00,1020.9525146484375,1021.4503784179688,1020.9203491210938,1020.9203491210938,0
2025-09-20 21:00:00+00:00,1022.0662841796875,1022.0662841796875,1020.5074462890625,1020.5074462890625,4927232
2025-09-20 21:15:00+00:00,1023.94384765625,1023.94384765625,1021.888671875,1022.095703125,6634240
2025-09-20 21:30:00+00:00,1037.521240234375,1037.521240234375,1023.9801635742188,1023.9801635742188,114634496
2025-09-20 21:45:00+00:00,1039.552001953125,1041.971923828125,1038.52880859375,1038.52880859375,51556096
2025-09-20 22:00:00+00:00,1038.93505859375,1040.53515625,1038.93505859375,1039.86279296875,35112448
2025-09-20 22:15:00+00:00,1036.171875,1039.08544921875,1036.145751953125,1039.08544921875,29272320
2025-09-20 22:30:00+00:00,1038.7857666015625,1039.5194091796875,1036.538330078125,1036.538330078125,23190272
2025-09-20 22:45:00+00:00,1039.4039306640625,1039.552001953125,1038.8135986328125,1038.8135986328125,14683648
2025-09-20 23:00:00+00:00,1038.665283203125,1039.8941650390625,1038.665283203125,1039.8419189453125,12981760
2025-09-20 23:15:00+00:00,1039.9071044921875,1039.9071044921875,1037.7786865234375,1038.609619140625,23499008
2025-09-20 23:30:00+00:00,1042.83740234375,1043.162109375,1040.007568359375,1040.007568359375,20475136
2025-09-20 23:45:00+00:00,1042.5458984375,1042.839599609375,1042.3297119140625,1042.839599609375,7860736
2025-09-21 00:00:00+00:00,1043.6051025390625,1043.6051025390625,1042.2918701171875,1042.66064453125,8009984
2025-09-21 00:15:00+00:00,1042.019287109375,1046.0247802734375,1042.019287109375,1043.9010009765625,21072384
2025-09-21 00:30:00+00:00,1050.24365234375,1050.3541259765625,1041.036376953125,1041.9117431640625,88367872
2025-09-21 00:45:00+00:00,1060.6297607421875,1060.6297607421875,1050.02294921875,1050.02294921875,146871040
2025-09-21 01:00:00+00:00,1057.0921630859375,1061.1324462890625,1057.0594482421875,1061.1324462890625,34067968
2025-09-21 01:15:00+00:00,1056.118408203125,1058.0281982421875,1056.118408203125,1057.091552734375,30559232
2025-09-21 01:30:00+00:00,1059.0130615234375,1059.7413330078125,1056.1038818359375,1056.1038818359375,35862528
2025-09-21 01:45:00+00:00,1072.269287109375,1072.625,1059.253173828125,1059.253173828125,137159680
2025-09-21 02:00:00+00:00,1078.738037109375,1080.3165283203125,1072.7427978515625,1072.7427978515625,108621824
2025-09-21 02:15:00+00:00,1077.4429931640625,1079.1112060546875,1076.881103515625,1078.373779296875,94050304
2025-09-21 02:30:00+00:00,1076.3814697265625,1078.1329345703125,1076.179443359375,1077.6558837890625,40678912
2025-09-21 02:45:00+00:00,1075.99853515625,1076.6138916015625,1074.9129638671875,1076.3758544921875,17923072
2025-09-21 03:00:00+00:00,1073.1146240234375,1075.2572021484375,1072.884765625,1075.2572021484375,19820032
2025-09-21 03:15:00+00:00,1074.8619384765625,1074.8619384765625,1072.4937744140625,1073.1043701171875,17075712
2025-09-21 03:30:00+00:00,1071.87353515625,1074.8759765625,1071.5526123046875,1074.8759765625,7913472
2025-09-21 03:45:00+00:00,1069.59716796875,1071.910888671875,1069.59716796875,1071.8389892578125,4634624
2025-09-21 04:00:00+00:00,1064.9774169921875,1070.056884765625,1064.9468994140625,1069.77978515625,22945792
2025-09-21 04:15:00+00:00,1063.1077880859375,1064.9415283203125,1062.401123046875,1064.9415283203125,29986304
2025-09-21 04:30:00+00:00,1065.3944091796875,1065.3944091796875,1063.1234130859375,1063.1234130859375,379904
2025-09-21 04:45:00+00:00,1067.1729736328125,1067.1729736328125,1065.2899169921875,1065.2899169921875,0
2025-09-21 05:00:00+00:00,1065.670166015625,1068.016845703125,1065.670166015625,1068.012939453125,0
2025-09-21 05:15:00+00:00,1064.6590576171875,1066.010498046875,1064.6524658203125,1065.55810546875,0
2025-09-21 05:30:00+00:00,1065.1016845703125,1065.1016845703125,1064.7288818359375,1064.7288818359375,11100672
2025-09-21 05:45:00+00:00,1067.770263671875,1067.770263671875,1065.128173828125,1065.128173828125,11379712
2025-09-21 06:00:00+00:00,1070.1297607421875,1070.1297607421875,1067.6812744140625,1067.9200439453125,6627840
2025-09-21 06:15:00+00:00,1075.716552734375,1075.716552734375,1070.2816162109375,1070.2816162109375,42049024
2025-09-21 06:30:00+00:00,1074.5780029296875,1076.983642578125,1073.864013671875,1075.95654296875,34146816
2025-09-21 06:45:00+00:00,1076.8629150390625,1076.90478515625,1074.6661376953125,1074.6661376953125,26341376
2025-09-21 07:00:00+00:00,1077.4124755859375,1077.4124755859375,1074.7574462890625,1076.888427734375,24727552
2025-09-21 07:15:00+00:00,1076.5521240234375,1079.795654296875,1076.495849609375,1077.7156982421875,36366848
2025-09-21 07:30:00+00:00,1076.7432861328125,1077.603271484375,1076.471435546875,1076.751953125,17017856
2025-09-21 07:45:00+00:00,1074.4234619140625,1077.218505859375,1074.4234619140625,1076.71142578125,8312832
2025-09-21 08:00:00+00:00,1074.4288330078125,1074.9444580078125,1073.9163818359375,1074.4454345703125,7063040
2025-09-21 08:15:00+00:00,1070.846435546875,1074.5318603515625,1070.8001708984375,1074.44384765625,6208512
2025-09-21 08:30:00+00:00,1069.6529541015625,1070.98974609375,1069.2252197265625,1070.447021484375,0
2025-09-21 08:45:00+00:00,1072.423095703125,1072.693359375,1069.7755126953125,1069.7755126953125,0
2025-09-21 09:00:00+00:00,1071.8128662109375,1072.618896484375,1071.8128662109375,1072.520263671875,0
2025-09-21 09:15:00+00:00,1063.3272705078125,1071.693115234375,1063.3272705078125,1071.693115234375,17420800
2025-09-21 09:30:00+00:00,1056.9500732421875,1063.3489990234375,1055.6363525390625,1063.3489990234375,66958336
2025-09-21 09:45:00+00:00,1059.121826171875,1059.1754150390625,1056.666259765625,1057.2244873046875,34915840
2025-09-21 10:00:00+00:00,1060.8779296875,1061.2666015625,1058.798095703125,1058.9100341796875,13262336
2025-09-21 10:15:00+00:00,1060.248291015625,1061.8377685546875,1060.248291015625,1060.9010009765625,2905600
2025-09-21 10:30:00+00:00,1062.5084228515625,1062.8106689453125,1060.02197265625,1060.3134765625,17726976
2025-09-21 10:45:00+00:00,1061.255126953125,1062.4935302734375,1060.9014892578125,1062.4935302734375,0
2025-09-21 11:00:00+00:00,1063.1842041015625,1063.1842041015625,1060.8731689453125,1061.07861328125,0
2025-09-21 11:15:00+00:00,1061.541259765625,1063.3179931640625,1061.541259765625,1063.185546875,0
2025-09-21 11:30:00+00:00,1057.8360595703125,1061.50634765625,1057.8360595703125,1061.50634765625,1037824
2025-09-21 11:45:00+00:00,1053.1884765625,1057.7376708984375,1053.1884765625,1057.7376708984375,6867456
2025-09-21 12:00:00+00:00,1054.84228515625,1055.8720703125,1052.113037109375,1052.9161376953125,13427712
2025-09-21 12:15:00+00:00,1056.6304931640625,1056.8720703125,1054.427490234375,1054.80224609375,2744832
2025-09-21 12:30:00+00:00,1052.430419921875,1057.1409912109375,1052.430419921875,1056.4263916015625,14912512
2025-09-21 12:45:00+00:00,1046.4873046875,1052.1722412109375,1046.353515625,1052.1722412109375,34942976
2025-09-21 13:00:00+00:00,1050.49072265625,1050.5479736328125,1046.6190185546875,1046.6190185546875,17115136
2025-09-21 13:15:00+00:00,1049.43310546875,1050.702392578125,1049.3419189453125,1050.673095703125,9382912
2025-09-21 13:30:00+00:00,1052.144287109375,1052.4361572265625,1049.616455078125,1049.616455078125,9961984
2025-09-21 13:45:00+00:00,1053.89501953125,1054.4537353515625,1052.1348876953125,1052.1348876953125,6533120
2025-09-21 14:00:00+00:00,1051.820068359375,1054.13427734375,1051.7991943359375,1053.874755859375,4009984
2025-09-21 14:15:00+00:00,1049.8616943359375,1051.80078125,1049.8616943359375,1051.80078125,1902080
2025-09-21 14:30:00+00:00,1052.0306396484375,1052.0306396484375,1049.8223876953125,1049.8477783203125,838144
2025-09-21 14:45:00+00:00,1051.3363037109375,1056.6104736328125,1051.3363037109375,1052.4244384765625,0
2025-09-21 15:00:00+00:00,1053.904052734375,1053.904052734375,1050.8817138671875,1051.384521484375,0
2025-09-21 15:15:00+00:00,1054.2081298828125,1054.2081298828125,1052.9117431640625,1053.902099609375,0
2025-09-21 15:30:00+00:00,1053.7578125,1054.267822265625,1053.106201171875,1054.232177734375,0
2025-09-21 15:45:00+00:00,1056.133544921875,1056.133544921875,1053.8817138671875,1053.8817138671875,0
2025-09-21 16:00:00+00:00,1053.7197265625,1057.16015625,1053.7197265625,1056.140869140625,0
2025-09-21 16:15:00+00:00,1048.61572265625,1053.6112060546875,1048.493408203125,1053.6112060546875,955904
2025-09-21 16:30:00+00:00,1043.8250732421875,1048.66552734375,1043.54736328125,1048.66552734375,0
2025-09-21 16:45:00+00:00,1042.2921142578125,1044.122802734375,1041.8660888671875,1044.0001220703125,13962240
2025-09-21 17:00:00+00:00,1043.4755859375,1043.4803466796875,1042.4713134765625,1042.4713134765625,569344
2025-09-21 17:15:00+00:00,1044.639892578125,1044.6904296875,1043.167724609375,1043.3863525390625,0
2025-09-21 17:30:00+00:00,1045.75244140625,1046.566650390625,1044.5203857421875,1044.6998291015625,0
2025-09-21 17:45:00+00:00,1049.1064453125,1049.2001953125,1045.8245849609375,1045.8245849609375,930304
2025-09-21 18:00:00+00:00,1050.366943359375,1050.366943359375,1049.0697021484375,1049.1383056640625,352256
2025-09-21 18:15:00+00:00,1049.3372802734375,1050.499755859375,1049.220703125,1050.499755859375,3256320
2025-09-21 18:30:00+00:00,1051.739013671875,1052.536865234375,1049.345458984375,1049.345458984375,2564608
2025-09-21 18:45:00+00:00,1052.218017578125,1052.3914794921875,1051.796142578125,1051.796142578125,0
2025-09-21 19:00:00+00:00,1048.8505859375,1052.33984375,1048.8505859375,1052.1845703125,0
2025-09-21 19:15:00+00:00,1047.3338623046875,1048.8251953125,1047.2662353515625,1048.8251953125,1118720
2025-09-21 19:30:00+00:00,1046.9959716796875,1047.5860595703125,1046.90283203125,1047.351318359375,1147904
2025-09-21 19:45:00+00:00,1046.875732421875,1046.9656982421875,1046.3931884765625,1046.9656982421875,0
2025-09-21 20:00:00+00:00,1043.459228515625,1047.967041015625,1043.459228515625,1047.0517578125,7345152
2025-09-21 20:15:00+00:00,1045.6942138671875,1045.6942138671875,1042.940673828125,1043.5203857421875,12165632
2025-09-21 20:30:00+00:00,1045.4332275390625,1045.97509765625,1045.25048828125,1045.735107421875,0
2025-09-21 20:45:00+00:00,1045.7103271484375,1045.71484375,1045.3409423828125,1045.3409423828125,2546176
2025-09-21 21:00:00+00:00,1046.08154296875,1046.08154296875,1045.488525390625,1045.6834716796875,463872
2025-09-21 21:15:00+00:00,1046.3330078125,1046.5382080078125,1045.7572021484375,1046.2440185546875,0
2025-09-21 21:30:00+00:00,1051.8270263671875,1051.8359375,1046.0882568359375,1046.0882568359375,0
2025-09-21 21:45:00+00:00,1050.3660888671875,1051.681884765625,1050.3267822265625,1051.681884765625,0
2025-09-21 22:00:00+00:00,1049.357421875,1051.403564453125,1049.3177490234375,1050.32958984375,0
2025-09-21 22:15:00+00:00,1050.7789306640625,1050.8031005859375,1048.57568359375,1049.377685546875,0
2025-09-21 22:30:00+00:00,1052.9781494140625,1053.2681884765625,1051.0498046875,1051.0498046875,5711872
2025-09-21 22:45:00+00:00,1053.0816650390625,1053.1658935546875,1051.880126953125,1052.9947509765625,4633600
2025-09-21 23:00:00+00:00,1049.9825439453125,1053.0009765625,1049.9327392578125,1053.0009765625,0
2025-09-21 23:15:00+00:00,1047.760498046875,1049.9525146484375,1047.7291259765625,1049.9525146484375,0
2025-09-21 23:30:00+00:00,1048.8260498046875,1048.8260498046875,1046.829345703125,1047.6878662109375,0
2025-09-21 23:45:00+00:00,1048.6351318359375,1049.18115234375,1048.6351318359375,1048.8258056640625,0
2025-09-22 00:00:00+00:00,1050.0682373046875,1050.24267578125,1047.82373046875,1048.5897216796875,0
2025-09-22 00:15:00+00:00,1043.2423095703125,1049.528076171875,1043.2423095703125,1049.528076171875,0
2025-09-22 00:30:00+00:00,1037.0166015625,1043.275634765625,1034.145751953125,1043.275634765625,47266048
2025-09-22 00:45:00+00:00,1030.981201171875,1036.994384765625,1029.1632080078125,1036.994384765625,25816320
2025-09-22 01:00:00+00:00,1029.251953125,1033.564697265625,1029.251953125,1030.7589111328125,9043456
2025-09-22 01:15:00+00:00,1035.8834228515625,1035.8834228515625,1029.73291015625,1029.73291015625,13651968
2025-09-22 01:30:00+00:00,1043.480224609375,1043.819091796875,1035.9488525390625,1035.9488525390625,21524480
2025-09-22 01:45:00+00:00,1036.9007568359375,1043.458740234375,1036.9007568359375,1043.458740234375,0
2025-09-22 02:00:00+00:00,1036.7529296875,1037.7147216796875,1036.7529296875,1036.9776611328125,0
2025-09-22 02:15:00+00:00,1033.4296875,1037.650390625,1033.4296875,1036.9263916015625,0
2025-09-22 02:30:00+00:00,1031.3638916015625,1033.5740966796875,1029.816162109375,1033.5740966796875,2405888
2025-09-22 02:45:00+00:00,1033.288330078125,1033.515625,1031.8837890625,1031.8837890625,0
2025-09-22 03:00:00+00:00,1033.4698486328125,1034.015625,1033.268798828125,1033.268798828125,0
2025-09-22 03:15:00+00:00,1031.9549560546875,1033.280029296875,1031.9549560546875,1033.280029296875,0
2025-09-22 03:30:00+00:00,1027.563720703125,1031.961669921875,1027.563720703125,1031.961669921875,20031744
2025-09-22 03:45:00+00:00,1030.09375,1030.0955810546875,1027.6839599609375,1027.6839599609375,11496960
2025-09-22 04:00:00+00:00,1029.2823486328125,1031.5450439453125,1029.2823486328125,1030.1524658203125,0
2025-09-22 04:15:00+00:00,1035.684326171875,1035.684326171875,1029.00439453125,1029.1824951171875,41218560
2025-09-22 04:30:00+00:00,1038.045166015625,1038.226318359375,1035.72509765625,1035.72509765625,10147072
2025-09-22 04:45:00+00:00,1033.3115234375,1037.8338623046875,1033.3115234375,1037.8338623046875,0
2025-09-22 05:00:00+00:00,1032.22900390625,1033.4700927734375,1031.9849853515625,1033.4700927734375,0
2025-09-22 05:15:00+00:00,1034.0567626953125,1034.0567626953125,1031.9439697265625,1032.2200927734375,6706176
2025-09-22 05:30:00+00:00,1029.3863525390625,1033.931884765625,1029.2745361328125,1033.931884765625,10208000
2025-09-22 05:45:00+00:00,1026.7337646484375,1029.3228759765625,1026.7337646484375,1029.1104736328125,6311168
2025-09-22 06:00:00+00:00,1014.6380615234375,1027.3013916015625,1011.3797607421875,1026.7030029296875,184934400
2025-09-22 06:15:00+00:00,1012.5864868164062,1016.1747436523438,1012.513916015625,1014.947509765625,71970048
2025-09-22 06:30:00+00:00,1018.8895874023438,1019.3199462890625,1013.1290893554688,1013.1290893554688,37702912
2025-09-22 06:45:00+00:00,1021.618408203125,1021.618408203125,1019.0426635742188,1019.0426635742188,27358976
2025-09-22 07:00:00+00:00,1024.974853515625,1025.8865966796875,1021.6883544921875,1021.6883544921875,17048576
2025-09-22 07:15:00+00:00,1025.2244873046875,1025.56787109375,1023.7677001953125,1024.99951171875,12213248
2025-09-22 07:30:00+00:00,1024.253662109375,1026.768310546875,1024.1793212890625,1025.0869140625,46224384
2025-09-22 07:45:00+00:00,1024.0379638671875,1026.1416015625,1024.0379638671875,1024.4005126953125,7711744
2025-09-22 08:00:00+00:00,1032.9931640625,1032.9993896484375,1023.8721923828125,1023.8721923828125,27218944
2025-09-22 08:15:00+00:00,1032.9052734375,1035.3028564453125,1032.565673828125,1032.971923828125,12627456
2025-09-22 08:30:00+00:00,1029.781005859375,1032.9647216796875,1029.7415771484375,1032.9647216796875,24074240
2025-09-22 08:45:00+00:00,1030.0606689453125,1031.332763671875,1029.3126220703125,1029.7314453125,9778176
2025-09-22 09:00:00+00:00,1026.912109375,1030.0517578125,1026.912109375,1030.0517578125,6111232
2025-09-22 09:15:00+00:00,1026.8221435546875,1027.3641357421875,1026.220947265625,1026.8929443359375,0
2025-09-22 09:30:00+00:00,1024.2799072265625,1027.1375732421875,1024.2457275390625,1027.1356201171875,0
2025-09-22 09:45:00+00:00,1018.72607421875,1024.0325927734375,1017.5502319335938,1024.0325927734375,18074112
2025-09-22 10:00:00+00:00,1020.2440185546875,1020.2794799804688,1017.3887329101562,1018.6783447265625,4078592
2025-09-22 10:15:00+00:00,1022.1527709960938,1022.1527709960938,1020.1611328125,1020.1909790039062,5816320
2025-09-22 10:30:00+00:00,1018.9409790039062,1022.1548461914062,1018.9409790039062,1022.0464477539062,0
2025-09-22 10:45:00+00:00,1024.115966796875,1024.397705078125,1018.821044921875,1018.9546508789062,15364608
2025-09-22 11:00:00+00:00,1022.5778198242188,1024.0107421875,1022.1473388671875,1024.0107421875,3185664
2025-09-22 11:15:00+00:00,1020.70166015625,1022.5145874023438,1020.427734375,1022.5145874023438,33056256
2025-09-22 11:30:00+00:00,1020.1238403320312,1021.0133056640625,1020.1238403320312,1020.6650390625,0
2025-09-22 11:45:00+00:00,1019.0208129882812,1020.779296875,1019.0208129882812,1020.1312866210938,0
2025-09-22 12:00:00+00:00,1020.7162475585938,1020.7162475585938,1018.527587890625,1019.1144409179688,320000
2025-09-22 12:15:00+00:00,1023.4498291015625,1023.4498291015625,1020.8338623046875,1020.8338623046875,12317696
2025-09-22 12:30:00+00:00,1020.427490234375,1023.635986328125,1020.349609375,1023.4910278320312,6447616
2025-09-22 12:45:00+00:00,1022.1719970703125,1022.3068237304688,1019.9361572265625,1020.1912231445312,0
2025-09-22 13:00:00+00:00,1023.974853515625,1023.974853515625,1021.734130859375,1022.320068359375,395776
2025-09-22 13:15:00+00:00,1026.9454345703125,1026.9454345703125,1024.15283203125,1024.15283203125,11557888
2025-09-22 13:30:00+00:00,1017.3219604492188,1026.975341796875,1017.3219604492188,1026.975341796875,22983680
2025-09-22 13:45:00+00:00,1020.1588745117188,1020.1588745117188,1016.7225952148438,1017.1151733398438,20844544
2025-09-22 14:00:00+00:00,1019.1541137695312,1021.8585205078125,1019.1541137695312,1020.6483764648438,17619456
2025-09-22 14:15:00+00:00,1009.5084228515625,1018.9151611328125,1009.4600830078125,1018.9151611328125,49633280
2025-09-22 14:30:00+00:00,1009.7860107421875,1011.017578125,1009.4081420898438,1009.625244140625,39876096
2025-09-22 14:45:00+00:00,1005.5015869140625,1009.510986328125,1004.5531005859375,1009.510986328125,10520576
2025-09-22 15:00:00+00:00,1003.8483276367188,1005.3536987304688,1002.2557373046875,1005.3536987304688,32195584
2025-09-22 15:15:00+00:00,1004.3018188476562,1005.0452880859375,1002.8824462890625,1003.9404907226562,13369856
2025-09-22 15:30:00+00:00,1001.9846801757812,1004.5473022460938,1001.9103393554688,1004.3671264648438,11056128
2025-09-22 15:45:00+00:00,999.3841552734375,1001.824462890625,998.0771484375,1001.824462890625,49414144
2025-09-22 16:00:00+00:00,997.6427612304688,999.0908813476562,996.9881591796875,999.0908813476562,15667712
2025-09-22 16:15:00+00:00,996.4373779296875,997.879638671875,995.8794555664062,997.6007690429688,3989504
2025-09-22 16:30:00+00:00,994.723388671875,996.80224609375,994.0138549804688,996.32861328125,45252608
2025-09-22 16:45:00+00:00,994.3525390625,995.4156494140625,994.3525390625,994.741943359375,3237376
2025-09-22 17:00:00+00:00,986.5177001953125,994.279296875,986.47998046875,994.279296875,37488128
2025-09-22 17:15:00+00:00,992.2772827148438,992.2919311523438,986.2095336914062,986.2095336914062,37424128
2025-09-22 17:30:00+00:00,993.3267822265625,993.3267822265625,990.2105102539062,992.1762084960938,29684736
2025-09-22 17:45:00+00:00,993.7300415039062,994.377197265625,993.258544921875,993.2875366210938,10754048
2025-09-22 18:00:00+00:00,993.888671875,994.4723510742188,992.802001953125,994.0862426757812,2918400
2025-09-22 18:15:00+00:00,992.0591430664062,993.8176879882812,992.0591430664062,993.8176879882812,1015808
2025-09-22 18:30:00+00:00,990.7086791992188,992.645263671875,990.7086791992188,992.1735229492188,1171968
2025-09-22 18:45:00+00:00,987.4354248046875,990.7152709960938,987.3771362304688,990.7152709960938,5887488
2025-09-22 19:00:00+00:00,986.4259033203125,987.9392700195312,986.352783203125,987.4759521484375,1986048
2025-09-22 19:15:00+00:00,986.5797729492188,987.7394409179688,986.5008544921875,986.5008544921875,5837824
2025-09-22 19:30:00+00:00,983.4866333007812,986.5752563476562,983.4553833007812,986.5752563476562,42976256
2025-09-22 19:45:00+00:00,978.8985595703125,983.3724975585938,978.8287353515625,983.3724975585938,29058560
2025-09-22 20:00:00+00:00,983.1505737304688,983.2200927734375,979.4412841796875,979.4412841796875,7545856
2025-09-22 20:15:00+00:00,983.4232177734375,983.4232177734375,982.7730712890625,983.05078125,0
2025-09-22 20:30:00+00:00,988.2673950195312,988.7738647460938,983.409423828125,983.409423828125,26586112
2025-09-22 20:45:00+00:00,989.0914306640625,989.118896484375,987.2313842773438,988.3191528320312,16020992
2025-09-22 21:00:00+00:00,986.259033203125,989.0,986.2527465820312,989.0,5143040
2025-09-22 21:15:00+00:00,988.0811767578125,988.0811767578125,986.105712890625,986.1742553710938,8678912
2025-09-22 21:30:00+00:00,990.5283813476562,990.562255859375,988.046875,988.0751342773438,3793408
2025-09-22 21:45:00+00:00,992.4849243164062,992.4849243164062,990.4591064453125,990.4591064453125,17207808
2025-09-22 22:00:00+00:00,991.2308349609375,992.5123901367188,991.2308349609375,992.5123901367188,26175488
2025-09-22 22:15:00+00:00,991.5585327148438,991.5585327148438,990.694091796875,991.1841430664062,328704
2025-09-22 22:30:00+00:00,992.4511108398438,992.4866943359375,991.5070190429688,991.5070190429688,0
2025-09-22 22:45:00+00:00,992.780517578125,993.2803344726562,992.2500610351562,992.658203125,2652160
2025-09-22 23:00:00+00:00,992.3884887695312,992.8460083007812,992.0963745117188,992.799072265625,0
2025-09-22 23:15:00+00:00,993.48095703125,993.48095703125,991.4662475585938,992.3495483398438,807936
2025-09-22 23:30:00+00:00,993.8096313476562,994.8287353515625,993.4766235351562,993.4766235351562,6214144
2025-09-22 23:45:00+00:00,992.86865234375,993.8709716796875,992.3702392578125,993.8709716796875,925184
2025-09-23 00:00:00+00:00,993.0140991210938,993.6753540039062,992.7020874023438,993.00048828125,505856
2025-09-23 00:15:00+00:00,997.325927734375,997.6278076171875,993.1174926757812,993.1174926757812,3315712
2025-09-23 00:30:00+00:00,996.4916381835938,997.4634399414062,996.475341796875,997.3787231445312,0
2025-09-23 00:45:00+00:00,992.9380493164062,996.499755859375,992.8900756835938,996.499755859375,0
2025-09-23 01:00:00+00:00,988.7158813476562,992.8801879882812,988.6519165039062,992.8801879882812,0
2025-09-23 01:15:00+00:00,991.4661865234375,991.5171508789062,988.7254638671875,988.728515625,0
2025-09-23 01:30:00+00:00,989.6220703125,992.1141357421875,989.6220703125,991.5634765625,0
2025-09-23 01:45:00+00:00,985.8406372070312,989.6088256835938,985.8406372070312,989.6088256835938,0
2025-09-23 02:00:00+00:00,986.6990966796875,986.9012451171875,983.7437133789062,985.4827880859375,2405376
2025-09-23 02:15:00+00:00,982.6568603515625,986.9442138671875,982.6568603515625,986.7052001953125,0
2025-09-23 02:30:00+00:00,979.5499877929688,982.5872192382812,979.5499877929688,982.5872192382812,365568
2025-09-23 02:45:00+00:00,973.7549438476562,979.378662109375,973.7549438476562,979.378662109375,23442944
2025-09-23 03:00:00+00:00,964.9254150390625,973.3867797851562,964.8151245117188,973.3867797851562,34867200
2025-09-23 03:15:00+00:00,979.4451293945312,979.4451293945312,965.8482055664062,965.8482055664062,68259328
2025-09-23 03:30:00+00:00,981.6091918945312,983.1346435546875,979.6475830078125,979.6475830078125,21884928
2025-09-23 03:45:00+00:00,983.5549926757812,983.7496337890625,981.4271850585938,981.4271850585938,0
2025-09-23 04:00:00+00:00,981.8377075195312,985.4879150390625,981.8377075195312,983.6754760742188,618496
2025-09-23 04:15:00+00:00,980.8915405273438,982.1469116210938,980.8915405273438,981.8573608398438,0
2025-09-23 04:30:00+00:00,983.0460205078125,983.110595703125,979.03759765625,980.920654296875,472064
2025-09-23 04:45:00+00:00,982.2734375,983.086669921875,981.4816284179688,983.086669921875,1638400
2025-09-23 05:00:00+00:00,982.610107421875,983.7376098632812,981.5240478515625,982.2583618164062,4024320
2025-09-23 05:15:00+00:00,985.3095092773438,985.5537719726562,982.5200805664062,982.5200805664062,8814080
2025-09-23 05:30:00+00:00,989.2349243164062,989.2349243164062,985.3380737304688,985.3380737304688,3549696
2025-09-23 05:45:00+00:00,988.36279296875,989.2225952148438,987.9706420898438,989.2225952148438,2273280
2025-09-23 06:00:00+00:00,994.7537841796875,994.8339233398438,988.4097290039062,988.4097290039062,0
2025-09-23 06:15:00+00:00,993.4852294921875,994.662109375,992.8585205078125,994.662109375,0
2025-09-23 06:30:00+00:00,995.0338745117188,995.883544921875,993.4805297851562,993.4805297851562,0
2025-09-23 06:45:00+00:00,997.736083984375,997.8301391601562,994.4816284179688,995.0946655273438,8922880
2025-09-23 07:00:00+00:00,998.4740600585938,998.4740600585938,996.4586791992188,996.9732055664062,3254528
2025-09-23 07:15:00+00:00,999.791259765625,1004.3558349609375,998.5718994140625,998.5718994140625,36216320
2025-09-23 07:30:00+00:00,1003.2034301757812,1005.13720703125,1000.31494140625,1000.31494140625,16003072
2025-09-23 07:45:00+00:00,1003.0543212890625,1003.7727661132812,1002.9309692382812,1002.9309692382812,7243264
2025-09-23 08:00:00+00:00,1007.232421875,1007.232421875,1002.7102661132812,1002.7102661132812,16735232
2025-09-23 08:15:00+00:00,1010.1124877929688,1012.732666015625,1007.2581176757812,1007.2581176757812,24676864
2025-09-23 08:30:00+00:00,1008.4707641601562,1010.0100708007812,1007.9006958007812,1010.0100708007812,211456
2025-09-23 08:45:00+00:00,1004.8969116210938,1008.1027221679688,1004.8969116210938,1008.1027221679688,6917120
2025-09-23 09:00:00+00:00,1007.5459594726562,1007.7476806640625,1004.0225830078125,1004.895751953125,7624192
2025-09-23 09:15:00+00:00,1003.7455444335938,1007.983154296875,1003.7455444335938,1007.7100219726562,0
2025-09-23 09:30:00+00:00,1003.837158203125,1004.1351318359375,1003.4213256835938,1003.9039306640625,448512
2025-09-23 09:45:00+00:00,1001.2717895507812,1004.0167846679688,1000.2227783203125,1003.84033203125,0
2025-09-23 10:00:00+00:00,999.5921020507812,1001.2194213867188,999.0989990234375,1001.2194213867188,0
2025-09-23 10:15:00+00:00,1002.5567626953125,1002.7658081054688,999.68798828125,999.68798828125,3013376
2025-09-23 10:30:00+00:00,1004.2918090820312,1004.9049682617188,1002.420166015625,1002.5202026367188,10622976
2025-09-23 10:45:00+00:00,1005.4725341796875,1006.0123901367188,1004.3919067382812,1004.3919067382812,0
2025-09-23 11:00:00+00:00,1003.5982055664062,1005.45068359375,1003.347412109375,1005.45068359375,718592
2025-09-23 11:15:00+00:00,1003.7735595703125,1004.785888671875,1003.6453247070312,1003.6453247070312,0
2025-09-23 11:30:00+00:00,1008.177001953125,1008.177001953125,1003.5199584960938,1003.7941284179688,5582592
2025-09-23 11:45:00+00:00,1009.6322021484375,1010.0817260742188,1008.4088745117188,1008.4088745117188,8654592
2025-09-23 12:00:00+00:00,1013.1362915039062,1013.1362915039062,1009.6217651367188,1009.6217651367188,24649728
2025-09-23 12:15:00+00:00,1012.1360473632812,1015.0985107421875,1012.1360473632812,1013.2686767578125,2644992
2025-09-23 12:30:00+00:00,1015.453125,1015.453125,1011.8016967773438,1011.8016967773438,15794176
2025-09-23 12:45:00+00:00,1019.4122314453125,1021.3970947265625,1015.4927368164062,1015.4927368164062,67740672
2025-09-23 13:00:00+00:00,1019.4735717773438,1019.51123046875,1016.5050659179688,1019.51123046875,16311808
2025-09-23 13:15:00+00:00,1020.7219848632812,1020.7219848632812,1018.2545166015625,1019.5031127929688,18442752
2025-09-23 13:30:00+00:00,1017.9710693359375,1021.782470703125,1017.9710693359375,1020.5704345703125,8217088
2025-09-23 13:45:00+00:00,1017.0859375,1018.7811889648438,1016.9097900390625,1018.1531982421875,3309568
2025-09-23 14:00:00+00:00,1020.9531860351562,1021.0593872070312,1017.3304443359375,1017.3304443359375,7762944
2025-09-23 14:15:00+00:00,1018.139892578125,1020.9483032226562,1018.0936889648438,1020.9483032226562,0
2025-09-23 14:30:00+00:00,1016.607666015625,1018.5320434570312,1015.2388305664062,1018.2080688476562,19651072
2025-09-23 14:45:00+00:00,1015.2442626953125,1016.5346069335938,1014.5748901367188,1016.5346069335938,3993088
2025-09-23 15:00:00+00:00,1017.8655395507812,1017.9030151367188,1011.4011840820312,1015.0272827148438,5855744
2025-09-23 15:15:00+00:00,1024.953125,1024.970947265625,1017.8776245117188,1017.8776245117188,33436160
2025-09-23 15:30:00+00:00,1022.9464111328125,1024.9049072265625,1022.78466796875,1024.9049072265625,1360384
2025-09-23 15:45:00+00:00,1022.8701171875,1025.79052734375,1022.7456665039062,1023.02392578125,2459136
2025-09-23 16:00:00+00:00,1021.3082885742188,1023.6366577148438,1021.2896118164062,1022.8929443359375,0
2025-09-23 16:15:00+00:00,1023.406982421875,1023.8447265625,1021.9097290039062,1021.9097290039062,113920
2025-09-23 16:30:00+00:00,1020.1533813476562,1023.357421875,1020.1533813476562,1023.357421875,0
2025-09-23 16:45:00+00:00,1025.8402099609375,1026.2174072265625,1020.2232666015625,1020.2232666015625,3372800
2025-09-23 17:00:00+00:00,1020.4278564453125,1025.70458984375,1020.4278564453125,1025.70458984375,0
2025-09-23 17:15:00+00:00,1021.2628173828125,1022.6689453125,1020.0254516601562,1020.3126831054688,0
2025-09-23 17:30:00+00:00,1017.8352661132812,1020.9564208984375,1017.8352661132812,1020.5912475585938,0
2025-09-23 17:45:00+00:00,1014.0154418945312,1019.2659301757812,1014.0154418945312,1017.7657470703125,8792576
2025-09-23 18:00:00+00:00,1014.8924560546875,1015.2498168945312,1014.0537719726562,1014.0537719726562,7600384
2025-09-23 18:15:00+00:00,1013.9528198242188,1016.0912475585938,1013.7579956054688,1015.0052490234375,7399936
2025-09-23 18:30:00+00:00,1011.3330688476562,1013.8028564453125,1011.282470703125,1013.8028564453125,1262336
2025-09-23 18:45:00+00:00,1010.0584716796875,1011.2354736328125,1008.8446655273438,1011.2354736328125,17310464
2025-09-23 19:00:00+00:00,1014.8209838867188,1014.8209838867188,1010.0709228515625,1010.0709228515625,2991616
2025-09-23 19:15:00+00:00,1013.8572998046875,1015.3312377929688,1013.8271484375,1015.001953125,3949824
2025-09-23 19:30:00+00:00,1010.7469482421875,1013.9063720703125,1010.7469482421875,1013.9063720703125,0
2025-09-23 19:45:00+00:00,1008.6568603515625,1010.6878662109375,1007.8626098632812,1010.6878662109375,0
2025-09-23 20:00:00+00:00,1011.6617431640625,1011.809326171875,1009.3362426757812,1009.3362426757812,272128
2025-09-23 20:15:00+00:00,1009.785400390625,1011.6753540039062,1009.785400390625,1011.5148315429688,783872
2025-09-23 20:30:00+00:00,1012.66259765625,1012.66259765625,1009.3609619140625,1009.3609619140625,209920
2025-09-23 20:45:00+00:00,1013.6079711914062,1013.817626953125,1012.7587890625,1012.7587890625,1269760
2025-09-23 21:00:00+00:00,1015.0901489257812,1015.0901489257812,1013.7338256835938,1013.7338256835938,0
2025-09-23 21:15:00+00:00,1016.1415405273438,1016.1415405273438,1013.8956298828125,1014.9251708984375,2757120
2025-09-23 21:30:00+00:00,1019.2005004882812,1019.6531372070312,1017.2862548828125,1017.2978515625,3959040
2025-09-23 21:45:00+00:00,1019.6027221679688,1019.6027221679688,1017.8839111328125,1019.1392822265625,0
2025-09-23 22:00:00+00:00,1019.1700439453125,1020.3187866210938,1018.5556640625,1019.790283203125,5972992
2025-09-23 22:15:00+00:00,1017.2289428710938,1019.143798828125,1017.2289428710938,1019.143798828125,1020928
2025-09-23 22:30:00+00:00,1018.18408203125,1018.18408203125,1016.1085815429688,1017.1478881835938,1026304
2025-09-23 22:45:00+00:00,1017.2174072265625,1019.0488891601562,1017.2174072265625,1018.19091796875,0
2025-09-23 23:00:00+00:00,1017.7758178710938,1018.2359619140625,1016.4110107421875,1017.2203979492188,4096512
2025-09-23 23:15:00+00:00,1013.8614501953125,1017.9072875976562,1013.8614501953125,1017.7394409179688,635904
2025-09-23 23:30:00+00:00,1015.927001953125,1016.1821899414062,1013.0469970703125,1013.6356811523438,48640
2025-09-23 23:45:00+00:00,1016.998291015625,1017.906982421875,1015.927490234375,1015.927490234375,2198272
2025-09-24 00:00:00+00:00,1016.38818359375,1017.6217041015625,1015.81787109375,1017.0181274414062,8732160
2025-09-24 00:15:00+00:00,1021.6981811523438,1023.6394653320312,1016.4956665039062,1016.4956665039062,28591872
2025-09-24 00:30:00+00:00,1020.3042602539062,1021.653076171875,1019.8584594726562,1021.653076171875,234496
2025-09-24 00:45:00+00:00,1017.6903076171875,1021.1707153320312,1017.6903076171875,1020.3626098632812,1608704
2025-09-24 01:00:00+00:00,1020.1176147460938,1020.2822265625,1016.9747924804688,1017.6697387695312,3926784
2025-09-24 01:15:00+00:00,1022.61572265625,1022.61572265625,1020.2025756835938,1020.2025756835938,3493376
2025-09-24 01:30:00+00:00,1024.9185791015625,1025.455322265625,1022.573486328125,1022.573486328125,16420864
2025-09-24 01:45:00+00:00,1024.769287109375,1025.34326171875,1024.05126953125,1024.8319091796875,1778688
2025-09-24 02:00:00+00:00,1022.0949096679688,1024.7001953125,1022.0949096679688,1024.7001953125,0
2025-09-24 02:15:00+00:00,1019.3187866210938,1021.929443359375,1017.2133178710938,1021.929443359375,7439872
2025-09-24 02:30:00+00:00,1018.4346923828125,1019.5958251953125,1017.8215942382812,1019.3890380859375,0
2025-09-24 02:45:00+00:00,1018.5083618164062,1019.218505859375,1017.7451782226562,1018.4327392578125,22350848
2025-09-24 03:00:00+00:00,1018.9609375,1021.1361083984375,1018.4080200195312,1018.4080200195312,0
2025-09-24 03:15:00+00:00,1016.7811279296875,1019.934814453125,1016.7811279296875,1018.9492797851562,0
2025-09-24 03:30:00+00:00,1011.3977661132812,1016.3052368164062,1011.3074951171875,1016.3052368164062,15095040
2025-09-24 03:45:00+00:00,1003.9528198242188,1011.314697265625,1003.9528198242188,1011.314697265625,27785472
2025-09-24 04:00:00+00:00,996.14697265625,1003.9779663085938,995.7184448242188,1003.9779663085938,38330112
2025-09-24 04:15:00+00:00,1000.396484375,1000.396484375,996.3531494140625,996.3531494140625,44478464
2025-09-24 04:30:00+00:00,1010.6386108398438,1010.6386108398438,1006.9049682617188,1007.4547119140625,34700800
2025-09-24 04:45:00+00:00,1007.9195556640625,1010.369384765625,1007.7100830078125,1010.369384765625,4328960
2025-09-24 05:00:00+00:00,1010.1890869140625,1010.467529296875,1008.1068725585938,1008.1068725585938,9148928
2025-09-24 05:15:00+00:00,1015.4577026367188,1015.4625244140625,1010.0210571289062,1010.193359375,11113984
2025-09-24 05:30:00+00:00,1011.8856201171875,1015.3192749023438,1011.8856201171875,1015.3192749023438,15311360
2025-09-24 05:45:00+00:00,1014.4581909179688,1014.482421875,1011.1204833984375,1011.8428344726562,10418176
2025-09-24 06:00:00+00:00,1015.9439086914062,1016.0586547851562,1014.3223266601562,1014.4611206054688,0
2025-09-24 06:15:00+00:00,1012.899658203125,1015.969482421875,1012.2730102539062,1015.969482421875,0
2025-09-24 06:30:00+00:00,1014.7650146484375,1015.02880859375,1012.9807739257812,1012.9807739257812,0
2025-09-24 06:45:00+00:00,1017.3258666992188,1018.047607421875,1014.857177734375,1014.857177734375,1134080
2025-09-24 07:00:00+00:00,1016.7697143554688,1017.8764038085938,1016.35791015625,1017.8764038085938,0
2025-09-24 07:15:00+00:00,1016.099609375,1017.4338989257812,1016.099609375,1016.7247314453125,0
2025-09-24 07:30:00+00:00,1017.7133178710938,1017.7593383789062,1016.0596923828125,1016.1084594726562,0
2025-09-24 07:45:00+00:00,1017.5906982421875,1018.4490356445312,1017.3787231445312,1017.6859741210938,0
2025-09-24 08:00:00+00:00,1019.0023803710938,1019.3847045898438,1018.1366577148438,1018.1487426757812,0
2025-09-24 08:15:00+00:00,1019.1741333007812,1019.9996337890625,1018.858154296875,1019.130126953125,0
2025-09-24 08:30:00+00:00,1020.52587890625,1020.52587890625,1019.31396484375,1019.319580078125,0
2025-09-24 08:45:00+00:00,1026.3023681640625,1026.3023681640625,1020.8341674804688,1020.8341674804688,27964160
2025-09-24 09:00:00+00:00,1023.746826171875,1026.2225341796875,1023.5162353515625,1026.059326171875,3716864
2025-09-24 09:15:00+00:00,1026.3651123046875,1026.3651123046875,1023.86669921875,1023.86669921875,4136192
2025-09-24 09:30:00+00:00,1033.8272705078125,1033.8653564453125,1026.44775390625,1026.44775390625,39947008
2025-09-24 09:45:00+00:00,1032.01513671875,1034.0010986328125,1031.326416015625,1033.8468017578125,11240192
2025-09-24 10:00:00+00:00,1026.411865234375,1032.3599853515625,1026.411865234375,1032.0362548828125,38881792
2025-09-24 10:15:00+00:00,1021.5664672851562,1026.690185546875,1021.5664672851562,1026.4183349609375,20430080
2025-09-24 10:30:00+00:00,1023.3057250976562,1024.001220703125,1021.6793823242188,1021.7718505859375,6358784
2025-09-24 10:45:00+00:00,1024.227294921875,1024.357666015625,1022.9043579101562,1023.3118896484375,2694400
2025-09-24 11:00:00+00:00,1022.419677734375,1024.0792236328125,1022.419677734375,1024.0792236328125,3246336
2025-09-24 11:15:00+00:00,1019.29443359375,1022.7275390625,1019.29443359375,1022.4066162109375,12890624
2025-09-24 11:30:00+00:00,1014.21533203125,1019.311767578125,1014.21533203125,1019.311767578125,25629184
2025-09-24 11:45:00+00:00,1014.4622802734375,1014.4622802734375,1013.5767822265625,1014.2440795898438,7240448
2025-09-24 12:00:00+00:00,1016.7572631835938,1017.9468994140625,1014.5458984375,1014.5458984375,0
2025-09-24 12:15:00+00:00,1016.7673950195312,1016.7673950195312,1015.7183227539062,1016.6737060546875,0
2025-09-24 12:30:00+00:00,1018.2293090820312,1018.30419921875,1016.7383422851562,1016.7383422851562,0
2025-09-24 12:45:00+00:00,1017.4562377929688,1018.281494140625,1016.9242553710938,1018.1906127929688,0
2025-09-24 13:00:00+00:00,1017.304443359375,1017.9517822265625,1017.304443359375,1017.3410034179688,0
2025-09-24 13:15:00+00:00,1017.235595703125,1017.302734375,1015.8734741210938,1017.302734375,0
2025-09-24 13:30:00+00:00,1017.0291137695312,1017.0414428710938,1015.5503540039062,1017.0414428710938,0
2025-09-24 13:45:00+00:00,1010.8911743164062,1016.8888549804688,1010.8911743164062,1016.8049926757812,12578304
2025-09-24 14:00:00+00:00,1011.925048828125,1012.2425537109375,1010.027099609375,1010.027099609375,10719232
2025-09-24 14:15:00+00:00,1013.5266723632812,1014.56884765625,1012.14794921875,1012.14794921875,6597120
2025-09-24 14:30:00+00:00,1015.8471069335938,1015.8471069335938,1013.6350708007812,1013.6350708007812,0
2025-09-24 14:45:00+00:00,1018.9137573242188,1020.042724609375,1015.9549560546875,1015.9549560546875,23928064
2025-09-24 15:00:00+00:00,1015.0830688476562,1018.7042846679688,1015.0830688476562,1018.7042846679688,2728448
2025-09-24 15:15:00+00:00,1016.5934448242188,1017.1597900390625,1015.1397094726562,1015.1397094726562,0
2025-09-24 15:30:00+00:00,1014.9962158203125,1016.5568237304688,1014.9962158203125,1016.5568237304688,0
2025-09-24 15:45:00+00:00,1011.3314208984375,1015.1072387695312,1011.317626953125,1015.0082397460938,0
2025-09-24 16:00:00+00:00,1010.879638671875,1011.1043090820312,1010.0655517578125,1010.0655517578125,428032
2025-09-24 16:15:00+00:00,1013.1484985351562,1013.1956176757812,1011.02001953125,1011.02001953125,8976896
2025-09-24 16:30:00+00:00,1015.2651977539062,1015.4322509765625,1013.1575927734375,1013.1575927734375,0
2025-09-24 16:45:00+00:00,1013.4353637695312,1015.1975708007812,1013.3527221679688,1015.1975708007812,5294592
2025-09-24 17:00:00+00:00,1016.8443603515625,1016.8443603515625,1013.551513671875,1013.551513671875,2390528
2025-09-24 17:15:00+00:00,1018.4564819335938,1018.4564819335938,1017.1092529296875,1017.1092529296875,5594624
2025-09-24 17:30:00+00:00,1019.07666015625,1019.53173828125,1018.4990234375,1018.4990234375,0
2025-09-24 17:45:00+00:00,1017.2384033203125,1019.0200805664062,1016.651123046875,1019.0200805664062,0
2025-09-24 18:00:00+00:00,1016.5215454101562,1017.5125122070312,1016.5215454101562,1017.2525024414062,0
2025-09-24 18:15:00+00:00,1015.8850708007812,1016.8508911132812,1015.4453735351562,1016.6017456054688,0
2025-09-24 18:30:00+00:00,1015.0131225585938,1015.7604370117188,1014.7725219726562,1015.7604370117188,0
2025-09-24 18:45:00+00:00,1016.2268676757812,1016.2268676757812,1015.076904296875,1015.0924072265625,0
2025-09-24 19:00:00+00:00,1015.698974609375,1016.3272705078125,1015.698974609375,1016.2091674804688,0
2025-09-24 19:15:00+00:00,1015.8824462890625,1015.8824462890625,1014.8873291015625,1015.6771850585938,0
2025-09-24 19:30:00+00:00,1015.296875,1015.8088989257812,1015.232421875,1015.7252807617188,0
2025-09-24 19:45:00+00:00,1016.7767944335938,1017.0651245117188,1015.4241333007812,1015.4241333007812,0
2025-09-24 20:00:00+00:00,1015.6649780273438,1016.5804443359375,1015.0115356445312,1016.5804443359375,0
2025-09-24 20:15:00+00:00,1018.160888671875,1018.160888671875,1015.7105102539062,1015.7105102539062,508160
2025-09-24 20:30:00+00:00,1016.577392578125,1018.04541015625,1016.3931274414062,1018.04541015625,0
2025-09-24 20:45:00+00:00,1018.5361938476562,1018.55615234375,1016.6234130859375,1016.6234130859375,103424
2025-09-24 21:00:00+00:00,1018.2293090820312,1018.4877319335938,1017.8477783203125,1018.4674072265625,0
2025-09-24 21:15:00+00:00,1017.4745483398438,1018.4003295898438,1017.4745483398438,1018.2454833984375,0
2025-09-24 21:30:00+00:00,1016.17431640625,1017.4686279296875,1015.8551635742188,1017.4686279296875,0
2025-09-24 21:45:00+00:00,1015.5628051757812,1016.3541870117188,1015.5628051757812,1016.1767578125,125696
2025-09-24 22:00:00+00:00,1017.1738891601562,1017.1738891601562,1014.5922241210938,1014.5922241210938,4378368
2025-09-24 22:15:00+00:00,1016.6409301757812,1017.5259399414062,1016.496826171875,1017.1454467773438,1653248
2025-09-24 22:30:00+00:00,1018.4942626953125,1018.4942626953125,1016.779541015625,1016.779541015625,3284224
2025-09-24 22:45:00+00:00,1018.0127563476562,1019.281005859375,1017.5109252929688,1018.4021606445312,10305792
2025-09-24 23:00:00+00:00,1018.0496215820312,1019.3307495117188,1017.5753173828125,1018.1695556640625,4532480
2025-09-24 23:15:00+00:00,1017.4927978515625,1018.4306030273438,1017.251220703125,1018.1229248046875,878080
2025-09-24 23:30:00+00:00,1017.3440551757812,1017.6173095703125,1016.8947143554688,1017.4581298828125,0
2025-09-24 23:45:00+00:00,1018.7796630859375,1018.7796630859375,1016.814453125,1017.3502807617188,12356096
2025-09-25 00:00:00+00:00,1019.8106689453125,1019.8106689453125,1018.6843872070312,1018.8875122070312,879872
2025-09-25 00:15:00+00:00,1016.8424682617188,1019.7940063476562,1016.7100830078125,1019.7940063476562,0
2025-09-25 00:30:00+00:00,1018.4803466796875,1018.5457763671875,1016.585205078125,1016.6953735351562,4670208
2025-09-25 00:45:00+00:00,1017.475341796875,1018.3699951171875,1016.73779296875,1018.3699951171875,4446464
2025-09-25 01:00:00+00:00,1015.143310546875,1017.3616333007812,1014.5286865234375,1017.3616333007812,3974400
2025-09-25 01:15:00+00:00,1010.8798217773438,1014.9217529296875,1010.8798217773438,1014.9217529296875,10717952
2025-09-25 01:30:00+00:00,1004.8732299804688,1010.9522094726562,1004.7608032226562,1010.9522094726562,44295424
2025-09-25 01:45:00+00:00,1004.9995727539062,1007.2323608398438,1004.9242553710938,1006.2609252929688,22092032
2025-09-25 02:00:00+00:00,1008.83154296875,1009.1212158203125,1005.31884765625,1005.31884765625,13593600
2025-09-25 02:15:00+00:00,1007.2034912109375,1009.2575073242188,1005.0725708007812,1008.806884765625,8115200
2025-09-25 02:30:00+00:00,1010.501708984375,1013.5430908203125,1007.0515747070312,1007.0515747070312,22874880
2025-09-25 02:45:00+00:00,1010.6432495117188,1011.5101928710938,1010.2091674804688,1010.48876953125,0
2025-09-25 03:00:00+00:00,1004.923583984375,1010.5422973632812,1004.923583984375,1010.5422973632812,0
2025-09-25 03:15:00+00:00,1001.1792602539062,1005.0045166015625,1001.1792602539062,1005.0045166015625,12235008
2025-09-25 03:30:00+00:00,999.181640625,1001.0326538085938,999.1661376953125,1001.0326538085938,0
2025-09-25 03:45:00+00:00,999.3428955078125,999.3428955078125,997.6792602539062,999.2206420898438,0
2025-09-25 04:00:00+00:00,997.2991333007812,999.6395874023438,997.2991333007812,999.6395874023438,0
2025-09-25 04:15:00+00:00,994.67822265625,997.310546875,993.4861450195312,997.310546875,14868480
2025-09-25 04:30:00+00:00,988.9244995117188,994.5006103515625,988.83349609375,994.48974609375,751872
2025-09-25 04:45:00+00:00,988.8359985351562,992.2782592773438,987.9530029296875,989.4287719726562,27004928
2025-09-25 05:00:00+00:00,994.3421020507812,994.439453125,989.0343627929688,989.0343627929688,18449920
2025-09-25 05:15:00+00:00,996.8507690429688,997.3013916015625,994.157470703125,994.3060913085938,7330816
2025-09-25 05:30:00+00:00,995.4118041992188,995.6329956054688,994.720458984375,995.5631103515625,0
2025-09-25 05:45:00+00:00,997.3733520507812,997.4237060546875,994.91455078125,995.4094848632812,0
2025-09-25 06:00:00+00:00,993.3480224609375,997.3140869140625,993.3480224609375,997.3140869140625,0
2025-09-25 06:15:00+00:00,992.8035888671875,993.909423828125,991.3766479492188,993.2306518554688,10728448
2025-09-25 06:30:00+00:00,992.514404296875,994.361328125,992.514404296875,992.9440307617188,0
2025-09-25 06:45:00+00:00,989.5624389648438,992.2745971679688,989.5624389648438,992.2745971679688,42752
2025-09-25 07:00:00+00:00,989.8414306640625,989.8607177734375,988.2025146484375,989.5277099609375,13957632
2025-09-25 07:15:00+00:00,991.7942504882812,992.07958984375,989.708251953125,989.708251953125,6059008
2025-09-25 07:30:00+00:00,993.2011108398438,993.23291015625,991.7725219726562,991.7725219726562,3013632
2025-09-25 07:45:00+00:00,992.4522094726562,993.5718383789062,992.4522094726562,993.2481079101562,2968064
2025-09-25 08:00:00+00:00,994.3359985351562,994.6830444335938,992.5640258789062,992.5640258789062,295424
2025-09-25 08:15:00+00:00,995.1280517578125,995.1280517578125,994.3599243164062,994.8892822265625,0
2025-09-25 08:30:00+00:00,993.0355834960938,995.9264526367188,993.0355834960938,995.9264526367188,0
2025-09-25 08:45:00+00:00,989.8154296875,993.1237182617188,989.7123413085938,993.1237182617188,0
2025-09-25 09:00:00+00:00,993.4303588867188,993.4303588867188,989.974365234375,989.974365234375,0
2025-09-25 09:15:00+00:00,995.106689453125,995.5123291015625,993.4698486328125,993.4698486328125,1699328
2025-09-25 09:30:00+00:00,993.4356079101562,995.4854736328125,993.4356079101562,994.4703979492188,0
2025-09-25 09:45:00+00:00,989.9596557617188,993.394287109375,989.9596557617188,993.394287109375,0
2025-09-25 10:00:00+00:00,989.4160766601562,990.0254516601562,989.04248046875,990.0254516601562,0
2025-09-25 10:15:00+00:00,988.9141845703125,989.9850463867188,988.9141845703125,989.9017333984375,0
2025-09-25 10:30:00+00:00,986.4222412109375,988.7710571289062,986.4185180664062,988.7710571289062,0
2025-09-25 10:45:00+00:00,983.7427978515625,986.0427856445312,983.38818359375,986.0427856445312,7139584
2025-09-25 11:00:00+00:00,982.6488647460938,984.9124145507812,982.6488647460938,983.6985473632812,0
2025-09-25 11:15:00+00:00,984.4229125976562,984.4229125976562,982.3086547851562,982.7107543945312,5664512
2025-09-25 11:30:00+00:00,987.1984252929688,987.1984252929688,984.6400146484375,984.6400146484375,0
2025-09-25 11:45:00+00:00,985.404296875,986.4959716796875,984.6525268554688,986.4959716796875,0
2025-09-25 12:00:00+00:00,988.0167236328125,988.0167236328125,985.5568237304688,985.5568237304688,0
2025-09-25 12:15:00+00:00,987.8572387695312,988.4732055664062,987.39892578125,988.2073974609375,6475264
2025-09-25 12:30:00+00:00,988.2918701171875,989.1702880859375,984.5693359375,987.813232421875,53950208
2025-09-25 12:45:00+00:00,990.4951171875,992.447509765625,989.2243041992188,989.2243041992188,38067456
2025-09-25 13:00:00+00:00,987.9131469726562,990.41748046875,987.0198974609375,990.41748046875,23815680
2025-09-25 13:15:00+00:00,993.6455078125,993.8350830078125,990.07080078125,990.07080078125,29263616
2025-09-25 13:30:00+00:00,989.382080078125,994.4027099609375,989.382080078125,993.6695556640625,16059904
2025-09-25 13:45:00+00:00,990.1353759765625,991.5215454101562,988.6115112304688,988.6115112304688,28350720
2025-09-25 14:00:00+00:00,994.610595703125,995.0079345703125,990.2489013671875,990.2489013671875,9039872
2025-09-25 14:15:00+00:00,998.5394897460938,999.8232421875,995.9179077148438,995.9179077148438,21711104
2025-09-25 14:30:00+00:00,996.40771484375,998.5958251953125,996.40771484375,998.5382080078125,7050752
2025-09-25 14:45:00+00:00,996.1600341796875,997.3245239257812,995.7906494140625,996.4365234375,0
2025-09-25 15:00:00+00:00,993.7691650390625,996.3487548828125,993.660400390625,996.2058715820312,0
2025-09-25 15:15:00+00:00,989.796630859375,993.8786010742188,989.796630859375,993.645263671875,5278208
2025-09-25 15:30:00+00:00,994.4192504882812,994.4192504882812,989.92578125,989.92578125,18146560
2025-09-25 15:45:00+00:00,994.1337280273438,996.0234375,993.8146362304688,994.4571533203125,7521280
2025-09-25 16:00:00+00:00,995.7893676757812,996.6068725585938,994.3880615234375,994.3880615234375,7451904
2025-09-25 16:15:00+00:00,992.539794921875,994.8165893554688,992.43701171875,994.8165893554688,691968
2025-09-25 16:30:00+00:00,990.4568481445312,992.7311401367188,990.4568481445312,992.266357421875,23956992
2025-09-25 16:45:00+00:00,981.0648803710938,990.5994873046875,980.8323364257812,990.4598999023438,64018432
2025-09-25 17:00:00+00:00,971.5726928710938,981.379150390625,971.5726928710938,981.379150390625,93735424
2025-09-25 17:15:00+00:00,969.284912109375,971.448486328125,966.53759765625,971.448486328125,234060288
2025-09-25 17:30:00+00:00,961.4711303710938,967.9627075195312,961.4711303710938,967.9627075195312,121999616
2025-09-25 17:45:00+00:00,955.1180419921875,960.3283081054688,955.1180419921875,960.3283081054688,134924800
2025-09-25 18:00:00+00:00,958.3759155273438,959.772216796875,955.620849609375,955.620849609375,66693632
2025-09-25 18:15:00+00:00,964.9724731445312,964.9724731445312,959.1578369140625,959.1578369140625,48564224
2025-09-25 18:30:00+00:00,966.376953125,966.376953125,964.228759765625,964.9338989257812,26410240
2025-09-25 18:45:00+00:00,967.7837524414062,967.7837524414062,965.4588623046875,966.1968994140625,26597888
2025-09-25 19:00:00+00:00,965.9796752929688,968.4077758789062,965.9796752929688,967.7256469726562,10252288
2025-09-25 19:15:00+00:00,966.9078979492188,967.061767578125,965.1400146484375,965.1400146484375,12307968
2025-09-25 19:30:00+00:00,964.43408203125,967.1240234375,964.1624145507812,966.9591674804688,12637184
2025-09-25 19:45:00+00:00,959.2763061523438,963.994140625,959.2763061523438,963.994140625,24455168
2025-09-25 20:00:00+00:00,956.7570190429688,959.2301025390625,956.755126953125,959.2301025390625,16940032
2025-09-25 20:15:00+00:00,959.5418090820312,960.7691040039062,956.5294799804688,956.5294799804688,20422144
2025-09-25 20:30:00+00:00,955.8298950195312,959.5252075195312,955.8298950195312,959.5252075195312,9954304
2025-09-25 20:45:00+00:00,953.7957763671875,957.8209838867188,953.7957763671875,955.9862060546875,18866176
2025-09-25 21:00:00+00:00,958.2737426757812,958.2737426757812,953.4772338867188,953.702392578125,23111680
2025-09-25 21:15:00+00:00,956.4129028320312,958.0367431640625,956.4129028320312,957.5150146484375,10318848
2025-09-25 21:30:00+00:00,950.0462036132812,956.300048828125,950.000732421875,956.300048828125,22813696
2025-09-25 21:45:00+00:00,954.3921508789062,954.7659301757812,950.2879028320312,950.2879028320312,9402880
2025-09-25 22:00:00+00:00,954.3956909179688,954.5639038085938,951.0020751953125,954.5399780273438,7404544
2025-09-25 22:15:00+00:00,954.97900390625,957.2388916015625,954.8478393554688,954.8478393554688,5014528
2025-09-25 22:30:00+00:00,953.5475463867188,955.0090942382812,953.5475463867188,954.2415161132812,13095424
2025-09-25 22:45:00+00:00,947.6905517578125,953.54931640625,947.6905517578125,953.54931640625,23437824
2025-09-25 23:00:00+00:00,949.634521484375,950.2300415039062,946.5721435546875,947.51708984375,26780672
2025-09-25 23:15:00+00:00,945.5985717773438,949.6156616210938,945.2008666992188,949.6156616210938,27743744
2025-09-25 23:30:00+00:00,944.1093139648438,946.3212280273438,943.3347778320312,945.7137451171875,54489088
2025-09-25 23:45:00+00:00,945.662353515625,946.1032104492188,944.44970703125,944.6513061523438,24492544
2025-09-26 00:00:00+00:00,951.8489990234375,951.8919067382812,945.754638671875,945.754638671875,19037696
2025-09-26 00:15:00+00:00,952.8418579101562,952.8418579101562,950.991943359375,951.0258178710938,21661184
2025-09-26 00:30:00+00:00,948.645751953125,952.648681640625,948.645751953125,952.6286010742188,2302464
2025-09-26 00:45:00+00:00,954.7911987304688,954.9186401367188,946.2257690429688,948.609130859375,16536064
2025-09-26 01:00:00+00:00,955.2869873046875,956.0279541015625,954.4918212890625,954.7935180664062,3122688
2025-09-26 01:15:00+00:00,957.0645751953125,957.8967895507812,956.96533203125,957.34423828125,11184640
2025-09-26 01:30:00+00:00,954.3380737304688,957.255859375,954.2608032226562,956.9793701171875,0
2025-09-26 01:45:00+00:00,952.5902709960938,955.7100830078125,952.5468139648438,954.3453369140625,0
2025-09-26 02:00:00+00:00,951.821044921875,955.1931762695312,951.7611083984375,952.7351684570312,552448
2025-09-26 02:15:00+00:00,949.922119140625,951.8880004882812,949.922119140625,951.879150390625,660992
2025-09-26 02:30:00+00:00,949.4854736328125,950.57763671875,948.9815063476562,949.8681640625,252416
2025-09-26 02:45:00+00:00,946.3944091796875,952.9056396484375,946.3944091796875,949.7982788085938,46846976
2025-09-26 03:00:00+00:00,943.4735717773438,945.512939453125,942.1875,945.3491821289062,7399424
2025-09-26 03:15:00+00:00,945.1739501953125,947.1204223632812,943.4915771484375,943.4915771484375,10026496
2025-09-26 03:30:00+00:00,944.6766967773438,945.1590576171875,943.8085327148438,945.1590576171875,0
2025-09-26 03:45:00+00:00,946.1485595703125,946.1485595703125,944.3931274414062,944.7413330078125,51200
2025-09-26 04:00:00+00:00,945.1962280273438,946.1176147460938,944.153076171875,946.0756225585938,5919744
2025-09-26 04:15:00+00:00,945.2095947265625,946.7896728515625,944.4754638671875,944.5170288085938,0
2025-09-26 04:30:00+00:00,937.870361328125,944.9835205078125,937.870361328125,944.9835205078125,4088320
2025-09-26 04:45:00+00:00,938.7254028320312,939.1810302734375,938.0230712890625,938.0230712890625,0
2025-09-26 05:00:00+00:00,941.1975708007812,941.2052001953125,938.6968383789062,938.741455078125,3078144
2025-09-26 05:15:00+00:00,942.72021484375,943.5657348632812,941.11328125,941.11328125,1520640
2025-09-26 05:30:00+00:00,940.2246704101562,942.8827514648438,940.2246704101562,942.7130737304688,561152
2025-09-26 05:45:00+00:00,940.0997924804688,940.8475341796875,938.3555297851562,940.2500610351562,9267200
2025-09-26 06:00:00+00:00,938.1622314453125,940.0693359375,938.024169921875,940.0693359375,9469440
2025-09-26 06:15:00+00:00,945.0640258789062,945.0640258789062,938.7841796875,938.7841796875,6469120
2025-09-26 06:30:00+00:00,946.4710693359375,946.4710693359375,943.85595703125,944.8052978515625,5618688
2025-09-26 06:45:00+00:00,944.4977416992188,946.584716796875,944.2677612304688,946.2960815429688,3346944
2025-09-26 07:00:00+00:00,947.8377685546875,947.8377685546875,944.3334350585938,944.4954223632812,4529152
2025-09-26 07:15:00+00:00,948.3048095703125,949.7066040039062,947.864990234375,947.864990234375,1839616
2025-09-26 07:30:00+00:00,946.4002685546875,948.2886962890625,945.0945434570312,948.2886962890625,6048768
2025-09-26 07:45:00+00:00,948.8108520507812,949.1559448242188,946.4063720703125,946.4520263671875,18291712
2025-09-26 08:00:00+00:00,950.0957641601562,950.5083618164062,948.7622680664062,948.7622680664062,5279232
2025-09-26 08:15:00+00:00,949.4202270507812,950.5721435546875,949.263671875,950.2455444335938,1396736
2025-09-26 08:30:00+00:00,948.704345703125,950.5618286132812,948.619384765625,949.6305541992188,3439616
2025-09-26 08:45:00+00:00,948.86181640625,949.1589965820312,948.6414794921875,948.9658813476562,7963136
2025-09-26 09:00:00+00:00,948.345458984375,948.7489013671875,947.6422729492188,948.7489013671875,3085312
2025-09-26 09:15:00+00:00,945.6666870117188,949.6241455078125,945.6666870117188,948.5210571289062,6784000
2025-09-26 09:30:00+00:00,940.4509887695312,945.758544921875,940.4224853515625,945.758544921875,26387968
2025-09-26 09:45:00+00:00,944.6631469726562,944.72314453125,940.5471801757812,940.5471801757812,30517248
2025-09-26 10:00:00+00:00,940.8850708007812,945.0931396484375,940.8850708007812,945.0931396484375,10639872
2025-09-26 10:15:00+00:00,939.1035766601562,940.9730224609375,939.1035766601562,940.9730224609375,6758400
2025-09-26 10:30:00+00:00,938.9990844726562,939.1193237304688,937.7589111328125,938.6132202148438,2470400
2025-09-26 10:45:00+00:00,938.5718994140625,938.855224609375,937.18212890625,938.855224609375,6112256
2025-09-26 11:00:00+00:00,933.7276000976562,938.4783325195312,933.7276000976562,938.4783325195312,9481216
2025-09-26 11:15:00+00:00,936.1000366210938,936.1000366210938,933.7462158203125,933.7572631835938,5883904
2025-09-26 11:30:00+00:00,940.0791625976562,940.1444091796875,936.0935668945312,936.0935668945312,5027328
2025-09-26 11:45:00+00:00,938.9556884765625,940.8285522460938,938.9556884765625,939.9149169921875,1725952
2025-09-26 12:00:00+00:00,934.4042358398438,938.9202270507812,934.4042358398438,938.9202270507812,6839296
2025-09-26 12:15:00+00:00,936.1983642578125,936.1983642578125,933.6514282226562,934.3271484375,10119680
2025-09-26 12:30:00+00:00,946.441650390625,947.054931640625,937.5135498046875,937.5135498046875,24437760
2025-09-26 12:45:00+00:00,947.8173828125,948.1494750976562,946.661376953125,947.3073120117188,10612224
2025-09-26 13:00:00+00:00,946.1902465820312,947.9876708984375,946.1800537109375,947.5422973632812,0
2025-09-26 13:15:00+00:00,945.19140625,947.1275024414062,944.7943115234375,946.2376708984375,50176
2025-09-26 13:30:00+00:00,947.61181640625,947.9415893554688,944.2171020507812,945.2048950195312,4304896
2025-09-26 13:45:00+00:00,950.4522094726562,950.5889892578125,947.2022705078125,947.5300903320312,25573888
2025-09-26 14:00:00+00:00,945.8782958984375,950.4176025390625,945.8782958984375,950.4176025390625,1822208
2025-09-26 14:15:00+00:00,939.8994750976562,945.7486572265625,939.6915283203125,945.7486572265625,0
2025-09-26 14:30:00+00:00,939.4181518554688,940.1046142578125,937.8469848632812,940.1046142578125,10017280
2025-09-26 14:45:00+00:00,939.5870361328125,939.8365478515625,939.0314331054688,939.261474609375,3222016
2025-09-26 15:00:00+00:00,940.5319213867188,942.14013671875,938.7499389648438,938.7499389648438,3806208
2025-09-26 15:15:00+00:00,941.9542846679688,943.531982421875,940.0018310546875,940.5538940429688,12894208
2025-09-26 15:30:00+00:00,943.5689086914062,943.5689086914062,941.9717407226562,942.3092651367188,5750784
2025-09-26 15:45:00+00:00,942.8157348632812,943.9886474609375,942.630615234375,943.64453125,0
2025-09-26 16:00:00+00:00,946.885009765625,946.885009765625,942.6607666015625,942.908203125,4228096
2025-09-26 16:15:00+00:00,950.1756591796875,951.2490234375,946.6287841796875,946.792236328125,15572480
2025-09-26 16:30:00+00:00,950.0272827148438,950.1934204101562,949.1946411132812,950.1934204101562,676352
2025-09-26 16:45:00+00:00,953.2658081054688,953.2868041992188,950.85888671875,950.85888671875,0
2025-09-26 17:00:00+00:00,955.69091796875,956.2138061523438,954.86181640625,954.86181640625,0
2025-09-26 17:15:00+00:00,960.8956909179688,960.8956909179688,955.7752075195312,955.7752075195312,0
2025-09-26 17:30:00+00:00,960.3787841796875,960.8013305664062,959.3209838867188,960.8013305664062,0
2025-09-26 17:45:00+00:00,963.4824829101562,963.8572387695312,960.0829467773438,960.2892456054688,0
2025-09-26 18:00:00+00:00,963.6353759765625,964.6322631835938,963.6062622070312,963.6062622070312,0
2025-09-26 18:15:00+00:00,963.172119140625,964.5804443359375,963.0466918945312,963.607421875,424448
2025-09-26 18:30:00+00:00,959.6884155273438,963.2203369140625,959.4537353515625,963.2203369140625,13556736
2025-09-26 18:45:00+00:00,960.6094360351562,960.6094360351562,959.4034423828125,959.488037109375,0
2025-09-26 19:00:00+00:00,956.24853515625,960.591552734375,956.24853515625,960.591552734375,400896
2025-09-26 19:15:00+00:00,956.1490478515625,957.6819458007812,956.1490478515625,956.2335205078125,1443328
2025-09-26 19:30:00+00:00,952.8049926757812,955.9391479492188,952.8049926757812,955.9391479492188,1512704
2025-09-26 19:45:00+00:00,955.0516357421875,955.0516357421875,952.7357788085938,952.7481079101562,0
2025-09-26 20:00:00+00:00,955.5790405273438,955.5790405273438,954.0336303710938,954.900634765625,65024
2025-09-26 20:15:00+00:00,955.1196899414062,956.4234619140625,954.5861206054688,955.7493286132812,0
2025-09-26 20:30:00+00:00,954.5621948242188,955.1713256835938,954.5621948242188,954.9984130859375,0
2025-09-26 20:45:00+00:00,954.626953125,955.0015258789062,953.4857788085938,954.5946655273438,1680384
2025-09-26 21:00:00+00:00,952.8253784179688,954.4490356445312,952.760009765625,954.361572265625,0
2025-09-26 21:15:00+00:00,954.8194580078125,954.8194580078125,953.6103515625,953.6103515625,1224448
2025-09-26 21:30:00+00:00,954.9529418945312,955.6803588867188,954.28759765625,954.9296264648438,0
2025-09-26 21:45:00+00:00,956.3104858398438,956.3104858398438,954.4560546875,954.4560546875,0
2025-09-26 22:00:00+00:00,956.8897705078125,956.8897705078125,955.710693359375,956.25537109375,0
2025-09-26 22:15:00+00:00,957.6712646484375,958.2145385742188,956.9630126953125,956.9630126953125,0
2025-09-26 22:30:00+00:00,958.8623657226562,958.8623657226562,957.462158203125,957.61865234375,0
2025-09-26 22:45:00+00:00,958.2844848632812,959.7687377929688,958.2844848632812,959.0140991210938,0
2025-09-26 23:00:00+00:00,956.1984252929688,958.2384033203125,955.7779541015625,958.2384033203125,0
2025-09-26 23:15:00+00:00,957.9486694335938,957.9486694335938,955.6265258789062,956.1867065429688,0
2025-09-26 23:30:00+00:00,959.763916015625,959.763916015625,958.0670776367188,958.0670776367188,0
2025-09-26 23:45:00+00:00,960.9699096679688,960.9699096679688,959.6449584960938,959.7486572265625,0
2025-09-27 00:00:00+00:00,960.2574462890625,961.0131225585938,960.2574462890625,961.0131225585938,0
2025-09-27 00:15:00+00:00,959.5299682617188,960.25634765625,959.4318237304688,960.25634765625,0
2025-09-27 00:30:00+00:00,960.4805297851562,960.4873046875,959.837158203125,959.8768920898438,0
2025-09-27 00:45:00+00:00,961.9268798828125,961.9268798828125,960.0890502929688,960.5049438476562,325120
2025-09-27 01:00:00+00:00,960.7451782226562,962.8610229492188,960.7451782226562,962.0046997070312,0
2025-09-27 01:15:00+00:00,957.637939453125,960.77001953125,957.5631713867188,960.77001953125,0
2025-09-27 01:30:00+00:00,957.46826171875,958.1270141601562,957.4290161132812,957.6068725585938,0
2025-09-27 01:45:00+00:00,959.09228515625,959.09228515625,957.5029907226562,957.506591796875,0
2025-09-27 02:00:00+00:00,959.8368530273438,959.8368530273438,959.0816040039062,959.0816040039062,0
2025-09-27 02:15:00+00:00,960.927490234375,961.7276000976562,960.0323486328125,960.0323486328125,3912448
2025-09-27 02:30:00+00:00,962.9385375976562,962.9419555664062,960.998291015625,961.0336303710938,1376512
2025-09-27 02:45:00+00:00,962.9964599609375,963.4403686523438,962.7685546875,963.0173950195312,0
2025-09-27 03:00:00+00:00,961.7877807617188,963.3658447265625,961.7877807617188,963.0059814453125,0
2025-09-27 03:15:00+00:00,965.0133666992188,965.1557006835938,961.6119995117188,961.8653564453125,0
2025-09-27 03:30:00+00:00,965.5859375,966.0444946289062,964.782470703125,965.0346069335938,157440
2025-09-27 03:45:00+00:00,967.0784301757812,967.0895385742188,965.8679809570312,965.8679809570312,2257920
2025-09-27 04:00:00+00:00,967.960205078125,967.9813842773438,966.367919921875,967.0870361328125,6263552
2025-09-27 04:15:00+00:00,970.6879272460938,970.6879272460938,968.0236206054688,968.0236206054688,4679936
2025-09-27 04:30:00+00:00,970.924560546875,972.0653686523438,970.8226928710938,970.8226928710938,6439936
2025-09-27 04:45:00+00:00,972.2203979492188,972.2203979492188,970.1358032226562,970.9013061523438,0
2025-09-27 05:00:00+00:00,970.4642944335938,972.5476684570312,970.4642944335938,972.5476684570312,734976
2025-09-27 05:15:00+00:00,969.4671020507812,970.9722290039062,969.4463500976562,970.6492919921875,0
2025-09-27 05:30:00+00:00,968.5965576171875,969.3081665039062,968.5965576171875,969.232177734375,2829312
2025-09-27 05:45:00+00:00,970.3056030273438,971.3812255859375,968.7386474609375,968.7386474609375,7696640
2025-09-27 06:00:00+00:00,967.4398193359375,969.7605590820312,967.4024047851562,969.7605590820312,66304
2025-09-27 06:15:00+00:00,968.3777465820312,968.4284057617188,967.3745727539062,967.3745727539062,0
2025-09-27 06:30:00+00:00,969.5806274414062,969.7380981445312,968.118408203125,968.38623046875,2138624
2025-09-27 06:45:00+00:00,968.9639892578125,969.9336547851562,968.7412719726562,969.9021606445312,0
2025-09-27 07:00:00+00:00,970.2353515625,970.6148071289062,969.2996215820312,969.2996215820312,0
2025-09-27 07:15:00+00:00,971.260009765625,971.6838989257812,969.984375,970.1515502929688,1707520
2025-09-27 07:30:00+00:00,971.2740478515625,971.74609375,970.5731811523438,971.7459716796875,2880512
2025-09-27 07:45:00+00:00,972.893798828125,972.9683837890625,970.8793334960938,971.4303588867188,3910912
2025-09-27 08:00:00+00:00,969.40234375,972.4345703125,969.3047485351562,972.4345703125,2343168
2025-09-27 08:15:00+00:00,970.8624267578125,970.8624267578125,969.7024536132812,969.7024536132812,7216640
2025-09-27 08:30:00+00:00,970.3546752929688,970.8634033203125,970.2909545898438,970.8514404296875,6721792
2025-09-27 08:45:00+00:00,967.5022583007812,970.8408203125,967.5022583007812,970.528076171875,3203072
2025-09-27 09:00:00+00:00,966.6666870117188,968.5935668945312,966.6666870117188,967.577392578125,7981056
2025-09-27 09:15:00+00:00,967.3847045898438,967.5095825195312,966.5440673828125,966.5440673828125,0
2025-09-27 09:30:00+00:00,971.0077514648438,971.0601806640625,967.4639282226562,967.4639282226562,0
2025-09-27 09:45:00+00:00,969.7556762695312,971.023193359375,969.6060180664062,971.023193359375,0
2025-09-27 10:00:00+00:00,968.1033935546875,969.7090454101562,968.0907592773438,969.7090454101562,0
2025-09-27 10:15:00+00:00,967.3582763671875,968.0098266601562,967.3502807617188,968.0098266601562,0
2025-09-27 10:30:00+00:00,970.4099731445312,970.5109252929688,967.3967895507812,967.3967895507812,525312
2025-09-27 10:45:00+00:00,973.9014892578125,974.1841430664062,970.5497436523438,970.5497436523438,12143616
2025-09-27 11:00:00+00:00,971.6546020507812,973.9424438476562,971.6546020507812,973.9424438476562,0
2025-09-27 11:15:00+00:00,972.2698364257812,972.852294921875,971.32666015625,971.5780639648438,2075136
2025-09-27 11:30:00+00:00,971.7283935546875,972.7802734375,971.7283935546875,972.2661743164062,0
2025-09-27 11:45:00+00:00,970.8727416992188,971.7188720703125,970.8727416992188,971.7119750976562,0
2025-09-27 12:00:00+00:00,969.7041625976562,970.8746337890625,969.7041625976562,970.8316650390625,0
2025-09-27 12:15:00+00:00,969.8341674804688,970.029541015625,969.7697143554688,969.7697143554688,0
2025-09-27 12:30:00+00:00,972.5428466796875,972.5428466796875,970.2369384765625,970.2369384765625,0
2025-09-27 12:45:00+00:00,972.8203125,973.5984497070312,972.4580688476562,972.7301025390625,4200704
2025-09-27 13:00:00+00:00,974.283935546875,974.4321899414062,973.09326171875,973.1375732421875,0
2025-09-27 13:15:00+00:00,974.5843505859375,974.6884155273438,973.4158325195312,974.0459594726562,5424640
2025-09-27 13:30:00+00:00,975.4808959960938,975.4906616210938,974.3361206054688,974.4134521484375,0
2025-09-27 13:45:00+00:00,978.8101196289062,979.0639038085938,975.5177612304688,975.5177612304688,0
2025-09-27 14:00:00+00:00,979.4530029296875,979.4530029296875,978.875732421875,978.875732421875,0
2025-09-27 14:15:00+00:00,979.5531005859375,979.5531005859375,978.9527587890625,979.4315185546875,0
2025-09-27 14:30:00+00:00,983.7490844726562,983.7835693359375,979.5647583007812,979.5647583007812,28000000
2025-09-27 14:45:00+00:00,981.98046875,983.830078125,981.8788452148438,983.830078125,6720768
2025-09-27 15:00:00+00:00,979.8212890625,982.0122680664062,978.9737548828125,982.0122680664062,0
2025-09-27 15:15:00+00:00,980.1936645507812,981.7310791015625,980.0479125976562,980.0479125976562,0
2025-09-27 15:30:00+00:00,979.1426391601562,980.4656372070312,979.0477294921875,980.125244140625,5875200
2025-09-27 15:45:00+00:00,977.4786987304688,979.0363159179688,977.4786987304688,979.0363159179688,1047296
2025-09-27 16:00:00+00:00,975.7711791992188,977.4140625,975.5523681640625,977.4140625,0
2025-09-27 16:15:00+00:00,975.6437377929688,976.6934814453125,975.5819091796875,975.5819091796875,0
2025-09-27 16:30:00+00:00,975.0253295898438,975.0406494140625,974.0612182617188,974.8016357421875,0
2025-09-27 16:45:00+00:00,973.52294921875,975.1985473632812,973.52294921875,974.971435546875,0
2025-09-27 17:00:00+00:00,971.3875122070312,973.5958862304688,971.3591918945312,973.56103515625,0
2025-09-27 17:15:00+00:00,967.2395629882812,969.7303466796875,966.9111328125,969.7303466796875,1793024
2025-09-27 17:30:00+00:00,969.2314453125,969.8281860351562,967.2493286132812,967.2493286132812,0
2025-09-27 17:45:00+00:00,970.745849609375,970.8102416992188,968.90576171875,969.2769165039062,0
2025-09-27 18:00:00+00:00,969.5203247070312,971.3367919921875,969.480712890625,970.9567260742188,0
2025-09-27 18:15:00+00:00,969.10205078125,969.5974731445312,968.998291015625,969.344482421875,0
2025-09-27 18:30:00+00:00,967.30126953125,969.4874267578125,967.2780151367188,969.4874267578125,0
2025-09-27 18:45:00+00:00,969.0339965820312,969.0374145507812,967.3063354492188,967.3386840820312,0
2025-09-27 19:00:00+00:00,968.0344848632812,969.1404418945312,967.967529296875,969.0657958984375,0
2025-09-27 19:15:00+00:00,969.8248291015625,969.8248291015625,967.9557495117188,967.9557495117188,0
2025-09-27 19:30:00+00:00,969.8776245117188,970.4050903320312,969.7415161132812,970.4050903320312,0
2025-09-27 19:45:00+00:00,970.2576904296875,970.4678955078125,969.8782348632812,969.8782348632812,0
2025-09-27 20:00:00+00:00,970.2462768554688,970.27734375,969.9996948242188,970.27734375,0
2025-09-27 20:15:00+00:00,969.2073364257812,970.231201171875,969.0647583007812,970.231201171875,0
2025-09-27 20:30:00+00:00,969.8450317382812,969.9761962890625,969.1838989257812,969.24169921875,0
2025-09-27 20:45:00+00:00,968.7378540039062,969.8511962890625,968.7335205078125,969.8511962890625,1450240
2025-09-27 21:00:00+00:00,968.5862426757812,968.7706298828125,968.0693969726562,968.6860961914062,2857216
2025-09-27 21:15:00+00:00,969.4837646484375,969.7715454101562,968.86767578125,968.86767578125,0
2025-09-27 21:30:00+00:00,971.7507934570312,971.7507934570312,969.3358764648438,969.3358764648438,2485760
2025-09-27 21:45:00+00:00,972.9163818359375,972.9163818359375,972.0963134765625,972.108154296875,948736
2025-09-27 22:00:00+00:00,973.8297729492188,973.8297729492188,972.8157348632812,972.8451538085938,1194240
2025-09-27 22:15:00+00:00,977.2974853515625,977.2974853515625,974.4564819335938,974.4564819335938,12859904
2025-09-27 22:30:00+00:00,973.4373779296875,977.7240600585938,973.4373779296875,977.3099365234375,16593920
2025-09-27 22:45:00+00:00,972.328857421875,973.281982421875,971.7882690429688,973.281982421875,5032448
2025-09-27 23:00:00+00:00,971.6991577148438,973.1534423828125,971.6991577148438,972.302978515625,11660288
2025-09-27 23:15:00+00:00,969.1430053710938,971.7240600585938,969.1430053710938,971.7240600585938,11654400
2025-09-27 23:30:00+00:00,968.9321899414062,969.6010131835938,968.8599853515625,969.0218505859375,3920384
2025-09-27 23:45:00+00:00,968.7294311523438,969.1117553710938,968.7294311523438,968.9660034179688,6622720
2025-09-28 00:00:00+00:00,966.9847412109375,968.9395141601562,966.9847412109375,968.8019409179688,6087168
2025-09-28 00:15:00+00:00,969.9490356445312,969.9490356445312,967.0650024414062,967.0650024414062,10034944
2025-09-28 00:30:00+00:00,968.8814086914062,970.7545776367188,968.0599365234375,969.9531860351562,3953664
2025-09-28 00:45:00+00:00,968.037109375,968.9918823242188,968.037109375,968.78173828125,2462976
2025-09-28 01:00:00+00:00,969.9042358398438,969.9042358398438,968.0737915039062,968.0737915039062,9553920
2025-09-28 01:15:00+00:00,970.8736572265625,970.9682006835938,969.9039916992188,969.9039916992188,8960512
2025-09-28 01:30:00+00:00,968.52978515625,971.0043334960938,968.52978515625,971.0043334960938,1925376
2025-09-28 01:45:00+00:00,967.7920532226562,968.5525512695312,967.7920532226562,968.5127563476562,0
2025-09-28 02:00:00+00:00,968.9578247070312,968.9578247070312,967.7694702148438,967.8051147460938,1093120
2025-09-28 02:15:00+00:00,970.4819946289062,970.5635986328125,968.5062866210938,968.8213500976562,0
2025-09-28 02:30:00+00:00,972.3514404296875,973.287353515625,970.3901977539062,970.54150390625,3171328
2025-09-28 02:45:00+00:00,971.3995361328125,971.7940063476562,970.5458374023438,971.7940063476562,5508352
2025-09-28 03:00:00+00:00,974.7459716796875,974.7689208984375,971.43310546875,971.43310546875,8378112
2025-09-28 03:15:00+00:00,974.3526611328125,974.8344116210938,974.11669921875,974.8344116210938,1734400
2025-09-28 03:30:00+00:00,973.3313598632812,974.3460693359375,973.2709350585938,974.3460693359375,0
2025-09-28 03:45:00+00:00,974.03955078125,974.03955078125,972.587158203125,973.3662109375,0
2025-09-28 04:00:00+00:00,975.0103759765625,975.0103759765625,974.2468872070312,974.427490234375,0
2025-09-28 04:15:00+00:00,972.3578491210938,975.0343627929688,972.3578491210938,975.0343627929688,0
2025-09-28 04:30:00+00:00,974.2612915039062,974.2725219726562,972.0330810546875,972.2654418945312,234507264
2025-09-28 04:45:00+00:00,973.333251953125,974.236083984375,973.3213500976562,974.236083984375,0
2025-09-28 05:00:00+00:00,972.1694946289062,973.85791015625,972.1694946289062,973.4408569335938,0
2025-09-28 05:15:00+00:00,973.5276489257812,973.5436401367188,972.1943969726562,972.1943969726562,0
2025-09-28 05:30:00+00:00,972.820068359375,973.6517944335938,972.8091430664062,973.3799438476562,128000
2025-09-28 05:45:00+00:00,972.1635131835938,972.8123779296875,972.0556030273438,972.8123779296875,0
2025-09-28 06:00:00+00:00,973.1574096679688,973.5436401367188,972.1139526367188,972.2111206054688,0
2025-09-28 06:15:00+00:00,971.7637939453125,973.0117797851562,971.7637939453125,972.554443359375,0
2025-09-28 06:30:00+00:00,970.9547119140625,971.64111328125,970.3817749023438,971.64111328125,992768
2025-09-28 06:45:00+00:00,971.2767944335938,971.2767944335938,970.789794921875,970.9828491210938,1104640
2025-09-28 07:00:00+00:00,970.5863037109375,972.4735107421875,970.5364379882812,971.4014892578125,1892096
2025-09-28 07:15:00+00:00,970.8577880859375,971.1936645507812,970.5618896484375,970.5618896484375,913408
2025-09-28 07:30:00+00:00,970.2920532226562,971.2876586914062,970.2920532226562,970.7247924804688,1451008
2025-09-28 07:45:00+00:00,970.3145751953125,970.3244018554688,969.7449340820312,970.3244018554688,0
2025-09-28 08:00:00+00:00,969.1331787109375,970.6748046875,969.1331787109375,970.07080078125,0
2025-09-28 08:15:00+00:00,966.9675903320312,969.1265869140625,966.9341430664062,969.1265869140625,423936
2025-09-28 08:30:00+00:00,964.6640014648438,966.942138671875,964.4658203125,966.942138671875,20724480
2025-09-28 08:45:00+00:00,965.1754150390625,965.70947265625,964.4464111328125,964.4464111328125,4459520
2025-09-28 09:00:00+00:00,964.9392700195312,965.2760009765625,964.80517578125,965.1586303710938,0
2025-09-28 09:15:00+00:00,964.845458984375,964.9597778320312,964.2875366210938,964.9597778320312,327424
2025-09-28 09:30:00+00:00,967.5761108398438,967.5761108398438,965.04248046875,965.04248046875,0
2025-09-28 09:45:00+00:00,967.7015991210938,967.7015991210938,966.9095458984375,967.5857543945312,1073152
2025-09-28 10:00:00+00:00,966.8021240234375,968.2069702148438,966.2156982421875,967.6785888671875,1937920
2025-09-28 10:15:00+00:00,968.0079956054688,968.8789672851562,966.9451293945312,966.9451293945312,1448448
2025-09-28 10:30:00+00:00,969.3126220703125,969.3126220703125,967.9000854492188,967.9000854492188,0
2025-09-28 10:45:00+00:00,970.6460571289062,970.6906127929688,969.9323120117188,970.0902099609375,0
2025-09-28 11:00:00+00:00,970.0830688476562,970.6000366210938,970.0830688476562,970.6000366210938,4627200
2025-09-28 11:15:00+00:00,969.0806274414062,970.04052734375,969.0806274414062,970.04052734375,7441920
2025-09-28 11:30:00+00:00,970.30029296875,970.30029296875,968.8062744140625,968.8062744140625,11502080
2025-09-28 11:45:00+00:00,971.4813842773438,971.4813842773438,969.29736328125,970.2532348632812,6138624
2025-09-28 12:00:00+00:00,973.8233032226562,973.8233032226562,971.5442504882812,971.5442504882812,13881088
2025-09-28 12:15:00+00:00,970.8085327148438,973.64208984375,970.3623046875,973.64208984375,11997184
2025-09-28 12:30:00+00:00,968.6424560546875,970.9461059570312,968.5990600585938,970.8424682617188,1292544
2025-09-28 12:45:00+00:00,968.94970703125,968.94970703125,967.4398193359375,968.4713134765625,0
2025-09-28 13:00:00+00:00,971.0905151367188,971.0905151367188,968.95849609375,968.95849609375,0
2025-09-28 13:15:00+00:00,972.1951293945312,972.1951293945312,970.6533203125,971.0994873046875,0
2025-09-28 13:30:00+00:00,974.1158447265625,974.1836547851562,972.1770629882812,972.1770629882812,2738944
2025-09-28 13:45:00+00:00,975.06982421875,975.06982421875,973.3089599609375,974.0051879882812,1265408
2025-09-28 14:00:00+00:00,973.7330932617188,974.8941650390625,973.7330932617188,974.8941650390625,0
2025-09-28 14:15:00+00:00,977.078125,977.078125,973.5980834960938,973.5980834960938,6052608
2025-09-28 14:30:00+00:00,977.7645874023438,978.1476440429688,977.0375366210938,978.1476440429688,4353280
2025-09-28 14:45:00+00:00,975.9642333984375,977.7032470703125,975.9642333984375,977.7032470703125,4553472
2025-09-28 15:00:00+00:00,974.29248046875,975.9188232421875,974.193603515625,975.8749389648438,0
2025-09-28 15:15:00+00:00,975.254638671875,975.254638671875,974.34033203125,974.34033203125,0
2025-09-28 15:30:00+00:00,974.9100952148438,976.0047607421875,974.9100952148438,975.9788818359375,0
2025-09-28 15:45:00+00:00,975.7107543945312,975.7107543945312,975.0435180664062,975.0435180664062,0
2025-09-28 16:00:00+00:00,977.9161987304688,979.1270751953125,975.8290405273438,975.8290405273438,14782464
2025-09-28 16:15:00+00:00,977.852294921875,978.279296875,977.6392211914062,977.9020385742188,2409728
2025-09-28 16:30:00+00:00,977.6813354492188,978.114013671875,977.440673828125,978.076416015625,2306304
2025-09-28 16:45:00+00:00,977.259765625,977.8534545898438,977.259765625,977.8452758789062,0
2025-09-28 17:00:00+00:00,978.3731689453125,978.4842529296875,977.291259765625,977.291259765625,0
2025-09-28 17:15:00+00:00,977.3817749023438,978.4890747070312,977.2115478515625,978.4890747070312,0
2025-09-28 17:30:00+00:00,979.5194702148438,979.5194702148438,977.3546752929688,977.3546752929688,941056
2025-09-28 17:45:00+00:00,978.2521362304688,979.5833740234375,978.2167358398438,979.4515991210938,0
2025-09-28 18:00:00+00:00,977.82763671875,978.218994140625,977.82763671875,978.218994140625,284416
2025-09-28 18:15:00+00:00,978.9512939453125,978.9512939453125,977.8741455078125,977.8741455078125,1956352
2025-09-28 18:30:00+00:00,979.011962890625,979.2103881835938,978.9954833984375,979.032470703125,0
2025-09-28 18:45:00+00:00,979.2239379882812,979.271728515625,979.0986938476562,979.1033325195312,0
2025-09-28 19:00:00+00:00,977.8297119140625,979.5278930664062,977.8297119140625,979.2500610351562,1032704
2025-09-28 19:15:00+00:00,976.6967163085938,977.771240234375,976.6967163085938,977.771240234375,2891264
2025-09-28 19:30:00+00:00,976.7799072265625,976.8335571289062,976.4080200195312,976.8178100585938,50999552
2025-09-28 19:45:00+00:00,977.5206909179688,977.5206909179688,976.83203125,976.83203125,730112
2025-09-28 20:00:00+00:00,978.2081298828125,978.5462036132812,978.0797729492188,978.0797729492188,205824
2025-09-28 20:15:00+00:00,980.58203125,980.58203125,978.1183471679688,978.2286376953125,3340800
2025-09-28 20:30:00+00:00,983.2666015625,983.2666015625,980.9490966796875,980.9490966796875,22940928
2025-09-28 20:45:00+00:00,982.5235595703125,983.5581665039062,982.4475708007812,983.1904296875,3986176
2025-09-28 21:00:00+00:00,984.0502319335938,984.0502319335938,982.4977416992188,982.4977416992188,3639296
2025-09-28 21:15:00+00:00,983.3667602539062,983.8557739257812,983.0884399414062,983.8557739257812,1728256
2025-09-28 21:30:00+00:00,981.6640014648438,983.2271118164062,981.6417846679688,983.195556640625,2323456
2025-09-28 21:45:00+00:00,982.1285400390625,982.16650390625,981.677001953125,981.677001953125,0
2025-09-28 22:00:00+00:00,985.7365112304688,987.28076171875,982.3248291015625,982.3248291015625,18038784
2025-09-28 22:15:00+00:00,987.1793823242188,987.9832153320312,986.590087890625,986.590087890625,4158208
2025-09-28 22:30:00+00:00,988.54541015625,988.54541015625,987.2513427734375,987.2513427734375,0
2025-09-28 22:45:00+00:00,989.1888427734375,989.6812133789062,989.0546875,989.0546875,0
2025-09-28 23:00:00+00:00,988.9386596679688,989.7673950195312,988.9386596679688,989.4085693359375,0
2025-09-28 23:15:00+00:00,989.7233276367188,989.7233276367188,988.9325561523438,989.087158203125,0
2025-09-28 23:30:00+00:00,992.7847900390625,992.7847900390625,990.3211059570312,990.40869140625,6420224
2025-09-28 23:45:00+00:00,993.3226318359375,993.3528442382812,992.8660278320312,992.8660278320312,5960960
2025-09-29 00:00:00+00:00,993.9146728515625,993.9520874023438,993.3406372070312,993.3502807617188,643328
2025-09-29 00:15:00+00:00,993.8958740234375,993.956787109375,992.9619750976562,993.451171875,1896704
2025-09-29 00:30:00+00:00,993.3054809570312,993.7433471679688,992.7347412109375,993.7433471679688,297216
2025-09-29 00:45:00+00:00,994.6741333007812,995.1250610351562,993.3875122070312,993.3875122070312,449280
2025-09-29 01:00:00+00:00,997.205322265625,997.5238037109375,994.6900024414062,994.6900024414062,0
2025-09-29 01:15:00+00:00,1000.319091796875,1000.5237426757812,996.8270263671875,997.1607055664062,39225088
2025-09-29 01:30:00+00:00,998.2752685546875,999.6783447265625,998.2752685546875,999.066650390625,12931584
2025-09-29 01:45:00+00:00,994.4127807617188,998.0730590820312,994.4127807617188,998.0730590820312,8265984
2025-09-29 02:00:00+00:00,995.7603149414062,995.7603149414062,993.7409057617188,994.5646362304688,7677696
2025-09-29 02:15:00+00:00,999.6709594726562,999.6819458007812,995.4868774414062,995.4868774414062,9989632
2025-09-29 02:30:00+00:00,997.6171875,999.6134033203125,997.5511474609375,999.6134033203125,3729920
2025-09-29 02:45:00+00:00,999.03173828125,999.03173828125,997.5531005859375,997.5531005859375,45824
2025-09-29 03:00:00+00:00,999.4229125976562,999.4921264648438,998.9430541992188,999.0491333007812,0
2025-09-29 03:15:00+00:00,1006.5260009765625,1006.6448974609375,999.4166259765625,999.4166259765625,37471232
2025-09-29 03:30:00+00:00,1007.0087890625,1007.0087890625,1006.14990234375,1006.37158203125,11358208
2025-09-29 03:45:00+00:00,1010.312744140625,1010.5693969726562,1006.86767578125,1007.0167846679688,28267008
2025-09-29 04:00:00+00:00,1011.5271606445312,1012.3580932617188,1009.99462890625,1009.99462890625,23365120
2025-09-29 04:15:00+00:00,1009.2243041992188,1011.4794921875,1009.2243041992188,1011.4794921875,8457472
2025-09-29 04:30:00+00:00,1009.4298706054688,1009.5628662109375,1008.279296875,1009.2326049804688,8670208
2025-09-29 04:45:00+00:00,1009.0774536132812,1009.8157348632812,1008.8563842773438,1009.4562377929688,5290752
2025-09-29 05:00:00+00:00,1008.5933837890625,1008.9876098632812,1007.7094116210938,1008.9876098632812,9218304
2025-09-29 05:15:00+00:00,1010.9061889648438,1010.9061889648438,1008.607177734375,1008.607177734375,21248256
2025-09-29 05:30:00+00:00,1010.3787231445312,1011.3012084960938,1010.0491333007812,1011.2657470703125,4517632
2025-09-29 05:45:00+00:00,1010.3935546875,1010.6813354492188,1009.9478149414062,1010.6393432617188,7878912
2025-09-29 06:00:00+00:00,1007.9243774414062,1010.6500854492188,1007.9243774414062,1010.6500854492188,10891520
2025-09-29 06:15:00+00:00,1007.0342407226562,1007.8713989257812,1006.8643188476562,1007.8109741210938,5043712
2025-09-29 06:30:00+00:00,1009.892822265625,1009.892822265625,1007.0873413085938,1007.0873413085938,1071616
2025-09-29 06:45:00+00:00,1009.02490234375,1011.1815795898438,1009.02490234375,1009.9400634765625,9175296
2025-09-29 07:00:00+00:00,1009.3911743164062,1010.2508544921875,1009.0319213867188,1009.8435668945312,5712128
2025-09-29 07:15:00+00:00,1008.0308837890625,1009.3887329101562,1008.0308837890625,1009.3887329101562,3180800
2025-09-29 07:30:00+00:00,1009.7122802734375,1010.1478271484375,1007.9349365234375,1008.0244140625,29577984
2025-09-29 07:45:00+00:00,1009.8491821289062,1009.8491821289062,1008.9268798828125,1009.2169799804688,12203776
2025-09-29 08:00:00+00:00,1010.0123901367188,1012.1627197265625,1009.984375,1009.984375,18501888
2025-09-29 08:15:00+00:00,1008.9635620117188,1009.3427734375,1008.652587890625,1009.3427734375,1189632
2025-09-29 08:30:00+00:00,1008.254150390625,1008.9432983398438,1008.254150390625,1008.9432983398438,0
2025-09-29 08:45:00+00:00,1008.1272583007812,1009.0440063476562,1007.9208984375,1008.5272827148438,852224
2025-09-29 09:00:00+00:00,1005.53271484375,1007.4656372070312,1005.53271484375,1007.4656372070312,8099072
2025-09-29 09:15:00+00:00,1005.4685668945312,1005.4685668945312,1004.9406127929688,1005.4608154296875,7210752
2025-09-29 09:30:00+00:00,1003.7745971679688,1005.1998901367188,1003.5742797851562,1005.1998901367188,13625600
2025-09-29 09:45:00+00:00,1005.9136352539062,1005.9136352539062,1003.7521362304688,1003.8822021484375,7809792
2025-09-29 10:00:00+00:00,1009.4403076171875,1009.4403076171875,1006.4932861328125,1006.6253662109375,12869632
2025-09-29 10:15:00+00:00,1009.3789672851562,1009.712890625,1009.286865234375,1009.5379028320312,17995520
2025-09-29 10:30:00+00:00,1007.5328369140625,1009.090576171875,1007.3560791015625,1009.090576171875,6428416
2025-09-29 10:45:00+00:00,1009.5880737304688,1009.5880737304688,1007.6226196289062,1007.6226196289062,7579136
2025-09-29 11:00:00+00:00,1005.4078369140625,1008.5169677734375,1005.4078369140625,1008.450927734375,8441600
2025-09-29 11:15:00+00:00,1007.0856323242188,1007.455810546875,1005.4107055664062,1005.4107055664062,6243072
2025-09-29 11:30:00+00:00,1006.8902587890625,1007.317626953125,1006.7593994140625,1007.058837890625,4560640
2025-09-29 11:45:00+00:00,1005.0237426757812,1006.9973754882812,1005.0237426757812,1006.8746337890625,0
2025-09-29 12:00:00+00:00,1004.052734375,1005.0423583984375,1004.0169677734375,1004.997314453125,0
2025-09-29 12:15:00+00:00,1006.5161743164062,1006.5161743164062,1004.0360107421875,1004.0360107421875,2004736
2025-09-29 12:30:00+00:00,1004.1529541015625,1007.168701171875,1004.0013427734375,1006.4833984375,10331648
2025-09-29 12:45:00+00:00,1001.8936767578125,1004.9171752929688,1001.8936767578125,1004.1083984375,6645760
2025-09-29 13:00:00+00:00,1003.50732421875,1003.50732421875,1001.2965087890625,1001.9854125976562,10846208
2025-09-29 13:15:00+00:00,1003.1661987304688,1004.3427734375,1003.1661987304688,1003.6290893554688,7675392
2025-09-29 13:30:00+00:00,1007.4429931640625,1007.4429931640625,1002.8439331054688,1002.8439331054688,22374912
2025-09-29 13:45:00+00:00,1012.4690551757812,1012.4801635742188,1009.757568359375,1009.9837646484375,30464768
2025-09-29 14:00:00+00:00,1016.4224243164062,1016.4224243164062,1012.2952270507812,1012.2952270507812,58337536
2025-09-29 14:15:00+00:00,1020.2807006835938,1020.3975830078125,1015.5660400390625,1016.5742797851562,46356480
2025-09-29 14:30:00+00:00,1022.0150756835938,1022.138916015625,1020.2029418945312,1020.4801025390625,28940800
2025-09-29 14:45:00+00:00,1019.0679321289062,1021.7115478515625,1019.0679321289062,1021.7115478515625,18218240
2025-09-29 15:00:00+00:00,1017.1549682617188,1019.2230834960938,1017.1549682617188,1019.0487060546875,12132608
2025-09-29 15:15:00+00:00,1012.3087768554688,1017.1512451171875,1012.3087768554688,1017.1512451171875,16366336
2025-09-29 15:30:00+00:00,1011.3778076171875,1012.6854248046875,1011.3375854492188,1011.4979858398438,16883968
2025-09-29 15:45:00+00:00,1010.807373046875,1011.08740234375,1009.7784423828125,1011.08740234375,12088064
2025-09-29 16:00:00+00:00,1013.554443359375,1013.554443359375,1010.8348388671875,1010.8348388671875,0
2025-09-29 16:15:00+00:00,1008.5459594726562,1013.08642578125,1008.342529296875,1013.08642578125,8273408
2025-09-29 16:30:00+00:00,1007.0414428710938,1008.2699584960938,1007.0414428710938,1008.2699584960938,5056256
2025-09-29 16:45:00+00:00,1007.2974853515625,1007.5067138671875,1006.63037109375,1007.0145263671875,14725376
2025-09-29 17:00:00+00:00,1008.4674682617188,1008.4674682617188,1005.1271362304688,1007.17236328125,5176832
2025-09-29 17:15:00+00:00,1008.8579711914062,1008.9453735351562,1008.1228637695312,1008.4545288085938,1376768
2025-09-29 17:30:00+00:00,1009.7971801757812,1009.7971801757812,1007.9379272460938,1008.5123901367188,7889920
2025-09-29 17:45:00+00:00,1012.208984375,1012.4118041992188,1009.6873168945312,1009.7050170898438,22958848
2025-09-29 18:00:00+00:00,1011.7700805664062,1012.4651489257812,1011.7700805664062,1012.4651489257812,882176
2025-09-29 18:15:00+00:00,1012.794921875,1012.794921875,1011.4619140625,1011.73681640625,2659072
2025-09-29 18:30:00+00:00,1015.0151977539062,1015.0651245117188,1012.7861328125,1012.7861328125,17020416
2025-09-29 18:45:00+00:00,1017.0646362304688,1017.0646362304688,1015.041748046875,1015.041748046875,9805824
2025-09-29 19:00:00+00:00,1020.4848022460938,1020.4848022460938,1017.5044555664062,1017.5044555664062,13427968
2025-09-29 19:15:00+00:00,1020.3961181640625,1020.3961181640625,1020.0475463867188,1020.1488037109375,4669440
2025-09-29 19:30:00+00:00,1019.2815551757812,1020.1776733398438,1018.9578857421875,1020.1641845703125,3870976
2025-09-29 19:45:00+00:00,1020.8912963867188,1021.2593994140625,1020.3374633789062,1020.5020751953125,13083648
2025-09-29 20:00:00+00:00,1023.1572265625,1023.1572265625,1020.5633544921875,1020.6892700195312,17153024
2025-09-29 20:15:00+00:00,1023.2554321289062,1024.7724609375,1023.1431884765625,1023.1431884765625,13069312
2025-09-29 20:30:00+00:00,1026.0838623046875,1026.0838623046875,1023.49365234375,1023.49365234375,7809792
2025-09-29 20:45:00+00:00,1028.6322021484375,1028.6322021484375,1026.8138427734375,1026.93798828125,13578496
2025-09-29 21:00:00+00:00,1029.0111083984375,1029.208251953125,1028.28955078125,1028.5694580078125,14375168
2025-09-29 21:15:00+00:00,1027.94873046875,1028.8013916015625,1027.5291748046875,1028.8013916015625,4531712
2025-09-29 21:30:00+00:00,1029.1597900390625,1029.1597900390625,1027.666748046875,1027.666748046875,5006080
2025-09-29 21:45:00+00:00,1030.1492919921875,1030.1492919921875,1028.853515625,1029.15673828125,8336640
2025-09-29 22:00:00+00:00,1031.765869140625,1031.9932861328125,1030.146728515625,1030.146728515625,882176
2025-09-29 22:15:00+00:00,1032.3162841796875,1034.1129150390625,1031.7698974609375,1031.7698974609375,12622080
2025-09-29 22:30:00+00:00,1032.733154296875,1033.7071533203125,1032.7320556640625,1033.4027099609375,6013184
2025-09-29 22:45:00+00:00,1035.5389404296875,1035.6529541015625,1032.906494140625,1032.906494140625,3963136
2025-09-29 23:00:00+00:00,1032.4376220703125,1035.4930419921875,1032.4376220703125,1035.4930419921875,208896
2025-09-29 23:15:00+00:00,1031.5833740234375,1033.0450439453125,1031.5833740234375,1032.27197265625,3607296
2025-09-29 23:30:00+00:00,1030.7437744140625,1032.5072021484375,1030.7437744140625,1031.8818359375,1600000
2025-09-29 23:45:00+00:00,1030.8125,1030.8125,1030.041015625,1030.642333984375,0
2025-09-30 00:00:00+00:00,1032.206298828125,1032.206298828125,1030.6156005859375,1030.627685546875,2550016
2025-09-30 00:15:00+00:00,1030.3509521484375,1032.72509765625,1030.2701416015625,1032.72509765625,2403328
2025-09-30 00:30:00+00:00,1032.2681884765625,1032.2698974609375,1030.3260498046875,1030.3260498046875,5885440
2025-09-30 00:45:00+00:00,1029.112060546875,1032.2003173828125,1029.112060546875,1032.2003173828125,10972416
2025-09-30 01:00:00+00:00,1030.7469482421875,1030.7469482421875,1028.6561279296875,1028.6561279296875,9355776
2025-09-30 01:15:00+00:00,1030.2508544921875,1030.77978515625,1029.6767578125,1030.77978515625,0
2025-09-30 01:30:00+00:00,1026.574951171875,1028.9443359375,1026.574951171875,1028.7557373046875,648960
2025-09-30 01:45:00+00:00,1025.736572265625,1025.9180908203125,1025.2154541015625,1025.8331298828125,488960
2025-09-30 02:00:00+00:00,1026.4996337890625,1027.1376953125,1025.943359375,1025.943359375,845312
2025-09-30 02:15:00+00:00,1026.599365234375,1027.0595703125,1026.1688232421875,1026.47119140625,76800
2025-09-30 02:30:00+00:00,1024.2142333984375,1026.5091552734375,1024.2142333984375,1026.5091552734375,4270848
2025-09-30 02:45:00+00:00,1023.0816040039062,1024.6046142578125,1023.0816040039062,1024.21240234375,9053696
2025-09-30 03:00:00+00:00,1024.1094970703125,1025.021728515625,1022.7709350585938,1022.7709350585938,4461312
2025-09-30 03:15:00+00:00,1026.0677490234375,1026.1705322265625,1024.1998291015625,1024.1998291015625,0
2025-09-30 03:30:00+00:00,1025.2471923828125,1026.261474609375,1025.2471923828125,1026.261474609375,0
2025-09-30 03:45:00+00:00,1024.480224609375,1025.6552734375,1024.4610595703125,1025.2335205078125,0
2025-09-30 04:00:00+00:00,1025.923828125,1025.923828125,1024.17138671875,1024.29150390625,1092864
2025-09-30 04:15:00+00:00,1026.3118896484375,1026.3958740234375,1025.7783203125,1025.7783203125,0
2025-09-30 04:30:00+00:00,1026.80517578125,1026.8148193359375,1026.0291748046875,1026.25244140625,0
2025-09-30 04:45:00+00:00,1026.9569091796875,1027.5340576171875,1026.821044921875,1026.821044921875,464384
2025-09-30 05:00:00+00:00,1025.2218017578125,1026.8387451171875,1025.2218017578125,1026.8387451171875,0
2025-09-30 05:15:00+00:00,1021.5902709960938,1025.295654296875,1021.572998046875,1025.295654296875,0
2025-09-30 05:30:00+00:00,1021.4094848632812,1021.6134033203125,1020.8987426757812,1021.6134033203125,4246016
2025-09-30 05:45:00+00:00,1024.5126953125,1024.63330078125,1021.2277221679688,1021.3827514648438,15891200
2025-09-30 06:00:00+00:00,1025.0028076171875,1025.0028076171875,1023.5577392578125,1024.4390869140625,0
2025-09-30 06:15:00+00:00,1024.623291015625,1025.3131103515625,1024.623291015625,1024.8585205078125,487936
2025-09-30 06:30:00+00:00,1026.1148681640625,1026.1148681640625,1023.9622802734375,1024.5570068359375,6723584
2025-09-30 06:45:00+00:00,1026.7149658203125,1026.7891845703125,1026.168212890625,1026.168212890625,109568
2025-09-30 07:00:00+00:00,1027.54541015625,1027.8883056640625,1026.4251708984375,1026.491943359375,2610432
2025-09-30 07:15:00+00:00,1025.72119140625,1027.4765625,1025.6680908203125,1027.4765625,1354240
2025-09-30 07:30:00+00:00,1019.4376220703125,1025.6956787109375,1019.4376220703125,1025.6956787109375,4416256
2025-09-30 07:45:00+00:00,1019.2192993164062,1019.7781982421875,1018.2188110351562,1019.5272216796875,6941184
2025-09-30 08:00:00+00:00,1020.39599609375,1020.39599609375,1019.2793579101562,1019.2793579101562,0
2025-09-30 08:15:00+00:00,1020.4295654296875,1020.7276611328125,1020.1943359375,1020.639892578125,341504
2025-09-30 08:30:00+00:00,1020.6610717773438,1021.3801879882812,1020.3898315429688,1020.9473876953125,7741184
2025-09-30 08:45:00+00:00,1021.3052978515625,1021.31494140625,1020.6420288085938,1020.6420288085938,2283008
2025-09-30 09:00:00+00:00,1018.9093627929688,1021.2002563476562,1018.8458251953125,1021.2002563476562,0
2025-09-30 09:15:00+00:00,1016.0404052734375,1018.7742919921875,1016.0404052734375,1018.7742919921875,22251776
2025-09-30 09:30:00+00:00,1011.4299926757812,1015.7652587890625,1011.4299926757812,1015.7652587890625,20834304
2025-09-30 09:45:00+00:00,1009.7642211914062,1010.8748168945312,1009.7111206054688,1010.6275024414062,24009216
2025-09-30 10:00:00+00:00,1010.0218505859375,1010.396240234375,1008.7590942382812,1009.1607666015625,38174464
2025-09-30 10:15:00+00:00,1008.2482299804688,1009.7572021484375,1007.60302734375,1009.7572021484375,17139200
2025-09-30 10:30:00+00:00,1009.061279296875,1009.093017578125,1008.2544555664062,1008.2544555664062,13132032
2025-09-30 10:45:00+00:00,1010.13818359375,1010.3968505859375,1009.0001220703125,1009.0001220703125,2883328
2025-09-30 11:00:00+00:00,1009.6026000976562,1010.5634155273438,1009.3068237304688,1010.2659912109375,0
2025-09-30 11:15:00+00:00,1010.7890014648438,1010.7890014648438,1009.5685424804688,1009.5685424804688,0
2025-09-30 11:30:00+00:00,1013.1117553710938,1013.1117553710938,1011.5659790039062,1011.5659790039062,2953984
2025-09-30 11:45:00+00:00,1015.48583984375,1016.44140625,1013.111328125,1013.111328125,12792320
2025-09-30 12:00:00+00:00,1011.8934936523438,1014.695556640625,1011.8934936523438,1014.695556640625,2225920
2025-09-30 12:15:00+00:00,1011.1326293945312,1011.7252807617188,1011.11572265625,1011.7252807617188,410368
2025-09-30 12:30:00+00:00,1010.8595581054688,1011.4931640625,1010.4880981445312,1011.03173828125,0
2025-09-30 12:45:00+00:00,1010.4771728515625,1011.6019897460938,1010.4771728515625,1011.147705078125,0
2025-09-30 13:00:00+00:00,1009.3523559570312,1010.4884643554688,1008.0302124023438,1010.4884643554688,0
2025-09-30 13:15:00+00:00,1010.0731811523438,1010.0750732421875,1009.2920532226562,1009.2920532226562,898048
2025-09-30 13:30:00+00:00,1009.61572265625,1010.4722900390625,1009.1339721679688,1010.1490478515625,0
2025-09-30 13:45:00+00:00,1008.3628540039062,1012.0934448242188,1008.3628540039062,1010.1461181640625,581888
2025-09-30 14:00:00+00:00,1005.8522338867188,1008.819580078125,1005.8522338867188,1008.819580078125,3031552
2025-09-30 14:15:00+00:00,1003.529296875,1005.1019897460938,1003.529296875,1004.7969970703125,3217152
2025-09-30 14:30:00+00:00,1003.9386596679688,1004.3318481445312,1002.9617309570312,1002.9617309570312,1634048
2025-09-30 14:45:00+00:00,1005.8743896484375,1005.9266357421875,1003.9170532226562,1003.9170532226562,0
2025-09-30 15:00:00+00:00,999.916259765625,1006.0638427734375,999.916259765625,1006.0638427734375,8232960
2025-09-30 15:15:00+00:00,994.6546630859375,999.5357666015625,994.56982421875,999.5357666015625,13198336
2025-09-30 15:30:00+00:00,995.7119750976562,996.0070190429688,994.5262451171875,994.5262451171875,4294656
2025-09-30 15:45:00+00:00,997.81982421875,998.1985473632812,995.770751953125,995.770751953125,3300096
2025-09-30 16:00:00+00:00,998.8490600585938,999.1737060546875,998.3003540039062,998.3313598632812,1137664
2025-09-30 16:15:00+00:00,999.1454467773438,999.960693359375,998.4025268554688,999.0543212890625,0
2025-09-30 16:30:00+00:00,1000.1857299804688,1001.1834716796875,999.0599975585938,999.0599975585938,12780288
2025-09-30 16:45:00+00:00,999.52685546875,1000.7205200195312,999.52685546875,1000.5162353515625,2069760
2025-09-30 17:00:00+00:00,999.1603393554688,1000.0932006835938,998.3785400390625,998.721435546875,792320
2025-09-30 17:15:00+00:00,1001.451171875,1001.7427368164062,999.2026977539062,999.2026977539062,7460608
2025-09-30 17:30:00+00:00,1002.9009399414062,1002.9009399414062,1000.7905883789062,1001.6212158203125,6630144
2025-09-30 17:45:00+00:00,1002.015625,1002.521240234375,1001.7835083007812,1002.3674926757812,4213504
2025-09-30 18:00:00+00:00,1002.6580200195312,1002.6580200195312,1001.1175537109375,1001.6710205078125,3239168
2025-09-30 18:15:00+00:00,1003.7175903320312,1003.7175903320312,1002.7095336914062,1002.75537109375,1977088
2025-09-30 18:30:00+00:00,1002.0136108398438,1003.650634765625,1001.96875,1003.650634765625,0
2025-09-30 18:45:00+00:00,1003.1416625976562,1003.1416625976562,1002.073974609375,1002.073974609375,0
2025-09-30 19:00:00+00:00,1004.0493774414062,1004.3043212890625,1003.4510498046875,1003.4510498046875,2414592
2025-09-30 19:15:00+00:00,1004.6868896484375,1004.6868896484375,1003.64013671875,1004.0921020507812,1018368
2025-09-30 19:30:00+00:00,1007.5787353515625,1007.5787353515625,1004.638916015625,1004.638916015625,12736512
2025-09-30 19:45:00+00:00,1008.0308227539062,1008.9422607421875,1007.9483032226562,1007.98095703125,6924800
2025-09-30 20:00:00+00:00,1004.6516723632812,1007.9306640625,1004.6516723632812,1007.9306640625,0
2025-09-30 20:15:00+00:00,1006.7096557617188,1006.71240234375,1004.3753662109375,1004.3753662109375,629504
2025-09-30 20:30:00+00:00,1006.354736328125,1006.5245971679688,1005.96875,1006.5245971679688,0
2025-09-30 20:45:00+00:00,1008.897216796875,1008.9647216796875,1006.5206298828125,1006.5206298828125,1286912
2025-09-30 21:00:00+00:00,1009.8104248046875,1010.279052734375,1008.9302368164062,1008.9302368164062,0
2025-09-30 21:15:00+00:00,1006.9625854492188,1008.5614013671875,1006.9625854492188,1008.5614013671875,0
2025-09-30 21:30:00+00:00,1006.5204467773438,1006.8201904296875,1005.8920288085938,1006.8201904296875,3433216
2025-09-30 21:45:00+00:00,1004.8851928710938,1006.5021362304688,1004.8851928710938,1006.5021362304688,0
2025-09-30 22:00:00+00:00,1003.3629150390625,1004.8005981445312,1003.2083129882812,1003.7005004882812,0
2025-09-30 22:15:00+00:00,1004.7925415039062,1004.7925415039062,1003.4337158203125,1003.4337158203125,0
2025-09-30 22:30:00+00:00,1002.675048828125,1004.9671630859375,1002.675048828125,1004.91162109375,1015552
2025-09-30 22:45:00+00:00,1002.5076293945312,1003.4301147460938,1002.2544555664062,1002.7369995117188,0
2025-09-30 23:00:00+00:00,1003.3135375976562,1003.3135375976562,1002.3369750976562,1002.56298828125,0
2025-09-30 23:15:00+00:00,1005.5204467773438,1005.5204467773438,1003.3475952148438,1003.3475952148438,830464
2025-09-30 23:30:00+00:00,1007.602783203125,1007.602783203125,1005.5509643554688,1005.5509643554688,2769664
2025-09-30 23:45:00+00:00,1008.8028564453125,1008.9093627929688,1007.6983032226562,1007.6983032226562,0
2025-10-01 00:00:00+00:00,1010.7268676757812,1010.7268676757812,1008.5563354492188,1008.5563354492188,1013248
2025-10-01 00:15:00+00:00,1010.86181640625,1012.1296997070312,1010.7369384765625,1010.7369384765625,0
2025-10-01 00:30:00+00:00,1009.9057006835938,1011.6256103515625,1009.9057006835938,1010.626708984375,258304
2025-10-01 00:45:00+00:00,1012.2115478515625,1012.2115478515625,1009.6634521484375,1009.7937622070312,0
2025-10-01 01:00:00+00:00,1013.93701171875,1013.93701171875,1011.876708984375,1012.3734130859375,1590272
2025-10-01 01:15:00+00:00,1013.6044921875,1015.2914428710938,1013.1829833984375,1014.688232421875,13152512
2025-10-01 01:30:00+00:00,1014.8997192382812,1014.8997192382812,1013.0278930664062,1013.6910400390625,331264
2025-10-01 01:45:00+00:00,1014.6677856445312,1014.6677856445312,1014.0401000976562,1014.4530029296875,2477824
2025-10-01 02:00:00+00:00,1014.3379516601562,1014.7178955078125,1014.1961059570312,1014.7178955078125,0
2025-10-01 02:15:00+00:00,1013.951904296875,1014.3101806640625,1013.951904296875,1014.2237548828125,1421824
2025-10-01 02:30:00+00:00,1011.9387817382812,1013.9332885742188,1011.9387817382812,1013.9332885742188,0
2025-10-01 02:45:00+00:00,1009.8234252929688,1011.9048461914062,1009.8234252929688,1011.9048461914062,0
2025-10-01 03:00:00+00:00,1008.2493286132812,1009.8016967773438,1007.91748046875,1009.8016967773438,223232
2025-10-01 03:15:00+00:00,1006.76220703125,1008.1383666992188,1005.843505859375,1008.1383666992188,28851712
2025-10-01 03:30:00+00:00,1005.1345825195312,1006.8278198242188,1005.1345825195312,1006.3963623046875,8085248
2025-10-01 03:45:00+00:00,1005.746826171875,1005.9337158203125,1003.9783935546875,1005.13720703125,4766720
2025-10-01 04:00:00+00:00,1007.19677734375,1007.7634887695312,1005.7523803710938,1005.7523803710938,1817856
2025-10-01 04:15:00+00:00,1010.5306396484375,1010.5435791015625,1007.1947631835938,1007.1947631835938,6874880
2025-10-01 04:30:00+00:00,1011.7951049804688,1012.2832641601562,1010.6435546875,1010.6435546875,15400960
2025-10-01 04:45:00+00:00,1010.1304931640625,1012.0123291015625,1010.1123046875,1011.76953125,1633536
2025-10-01 05:00:00+00:00,1012.4281616210938,1012.4918212890625,1009.9514770507812,1009.9514770507812,1529856
2025-10-01 05:15:00+00:00,1011.1630249023438,1012.3529663085938,1011.1630249023438,1012.3529663085938,0
2025-10-01 05:30:00+00:00,1010.9738159179688,1011.434326171875,1010.914794921875,1011.1019287109375,0
2025-10-01 05:45:00+00:00,1011.29541015625,1011.4403076171875,1010.8604736328125,1010.9620971679688,0
2025-10-01 06:00:00+00:00,1010.4618530273438,1011.3220825195312,1010.4618530273438,1011.3092651367188,5888
2025-10-01 06:15:00+00:00,1009.7621459960938,1010.4721069335938,1009.39697265625,1010.4721069335938,0
2025-10-01 06:30:00+00:00,1010.2233276367188,1010.234619140625,1009.77978515625,1009.8240356445312,789504
2025-10-01 06:45:00+00:00,1008.7966918945312,1010.195068359375,1008.6951904296875,1010.195068359375,3722240
2025-10-01 07:00:00+00:00,1010.6787719726562,1010.793212890625,1008.787841796875,1008.787841796875,2891520
2025-10-01 07:15:00+00:00,1011.02783203125,1011.02783203125,1010.2926025390625,1010.546875,247040
2025-10-01 07:30:00+00:00,1011.631591796875,1012.009521484375,1011.4730224609375,1011.4730224609375,2595584
2025-10-01 07:45:00+00:00,1011.1448974609375,1012.1876831054688,1011.1222534179688,1011.7725219726562,0
2025-10-01 08:00:00+00:00,1010.7933959960938,1011.0015258789062,1010.4380493164062,1011.0015258789062,824064
2025-10-01 08:15:00+00:00,1011.45068359375,1011.45068359375,1010.5345458984375,1010.859375,2489600
2025-10-01 08:30:00+00:00,1021.3037109375,1021.3037109375,1013.7709350585938,1013.7709350585938,51081472
2025-10-01 08:45:00+00:00,1026.9012451171875,1027.659912109375,1021.630615234375,1021.630615234375,104094208
2025-10-01 09:00:00+00:00,1031.2474365234375,1031.68115234375,1027.054443359375,1027.054443359375,40572672
2025-10-01 09:15:00+00:00,1028.979248046875,1030.177734375,1028.1907958984375,1030.0623779296875,11310848
2025-10-01 09:30:00+00:00,1031.5567626953125,1031.5567626953125,1029.5955810546875,1029.5955810546875,7138048
2025-10-01 09:45:00+00:00,1034.37939453125,1034.769775390625,1031.683837890625,1031.683837890625,5779968
2025-10-01 10:00:00+00:00,1028.48828125,1034.31494140625,1028.48828125,1034.31494140625,0
2025-10-01 10:15:00+00:00,1027.935791015625,1028.2513427734375,1027.415283203125,1027.415283203125,0
2025-10-01 10:30:00+00:00,1027.7474365234375,1027.977294921875,1027.4925537109375,1027.93994140625,0
2025-10-01 10:45:00+00:00,1027.94580078125,1028.6905517578125,1027.76416015625,1027.84228515625,2693632
2025-10-01 11:00:00+00:00,1028.5208740234375,1028.5992431640625,1028.0457763671875,1028.3233642578125,0
2025-10-01 11:15:00+00:00,1029.2880859375,1029.871337890625,1028.6087646484375,1028.6087646484375,7063552
2025-10-01 11:30:00+00:00,1025.2130126953125,1028.6348876953125,1025.2130126953125,1028.6348876953125,5980416
2025-10-01 11:45:00+00:00,1023.7074584960938,1024.6922607421875,1022.8897094726562,1024.681396484375,7467264
2025-10-01 12:00:00+00:00,1022.1966552734375,1023.800048828125,1022.1966552734375,1023.7593383789062,7336704
2025-10-01 12:15:00+00:00,1023.8807373046875,1023.8807373046875,1021.0648803710938,1022.1824951171875,20627968
2025-10-01 12:30:00+00:00,1023.2877807617188,1024.8798828125,1023.2877807617188,1024.8433837890625,9378560
2025-10-01 12:45:00+00:00,1018.8021850585938,1023.1151123046875,1018.8021850585938,1023.1151123046875,2539776
2025-10-01 13:00:00+00:00,1020.2579956054688,1020.4895629882812,1018.6952514648438,1018.6952514648438,5464320
2025-10-01 13:15:00+00:00,1024.0589599609375,1024.486328125,1020.4971923828125,1020.4971923828125,14728192
2025-10-01 13:30:00+00:00,1023.6249389648438,1024.238037109375,1023.4961547851562,1024.0863037109375,590080
2025-10-01 13:45:00+00:00,1023.8673095703125,1023.8673095703125,1021.5835571289062,1023.6188354492188,0
2025-10-01 14:00:00+00:00,1025.685302734375,1026.330078125,1023.5305786132812,1023.7550659179688,0
2025-10-01 14:15:00+00:00,1027.4500732421875,1027.4991455078125,1025.791015625,1025.791015625,665856
2025-10-01 14:30:00+00:00,1026.953857421875,1027.712646484375,1026.6982421875,1027.041259765625,2444032
2025-10-01 14:45:00+00:00,1022.873779296875,1026.824462890625,1022.0818481445312,1026.824462890625,7320320
2025-10-01 15:00:00+00:00,1019.3008422851562,1022.9143676757812,1019.3008422851562,1022.9143676757812,0
2025-10-01 15:15:00+00:00,1020.89111328125,1020.972412109375,1019.3759155273438,1019.3759155273438,0
2025-10-01 15:30:00+00:00,1021.1228637695312,1021.4830322265625,1020.4556884765625,1020.7608032226562,3891968
2025-10-01 15:45:00+00:00,1018.7884521484375,1021.1763916015625,1018.7884521484375,1021.1763916015625,6583552
2025-10-01 16:00:00+00:00,1018.7617797851562,1019.994384765625,1018.7617797851562,1019.04052734375,11371520
2025-10-01 16:15:00+00:00,1019.811767578125,1020.6732177734375,1018.8319702148438,1018.8319702148438,13100288
2025-10-01 16:30:00+00:00,1020.5406494140625,1020.5406494140625,1019.209228515625,1020.0625610351562,2742784
2025-10-01 16:45:00+00:00,1021.307861328125,1022.2647094726562,1021.0513916015625,1021.0513916015625,1075968
2025-10-01 17:00:00+00:00,1023.9651489257812,1023.9651489257812,1021.2928466796875,1021.2928466796875,161792
2025-10-01 17:15:00+00:00,1024.0704345703125,1025.339111328125,1023.391845703125,1023.703369140625,1769472
2025-10-01 17:30:00+00:00,1022.4552001953125,1023.8812866210938,1022.4552001953125,1023.8812866210938,874240
2025-10-01 17:45:00+00:00,1021.0892333984375,1022.8199462890625,1020.8375854492188,1022.4467163085938,5899008
2025-10-01 18:00:00+00:00,1022.8743896484375,1023.0550537109375,1020.7021484375,1021.0986938476562,2322432
2025-10-01 18:15:00+00:00,1022.1781616210938,1022.8655395507812,1021.3271484375,1022.8655395507812,3287296
2025-10-01 18:30:00+00:00,1022.2381591796875,1022.2381591796875,1022.0841674804688,1022.2183227539062,5743616
2025-10-01 18:45:00+00:00,1020.8419799804688,1022.3031616210938,1020.8233032226562,1022.3031616210938,1772288
2025-10-01 19:00:00+00:00,1021.321533203125,1021.321533203125,1020.4906005859375,1020.8135375976562,0
2025-10-01 19:15:00+00:00,1022.365478515625,1022.5601806640625,1021.2445068359375,1021.3074340820312,1168128
2025-10-01 19:30:00+00:00,1021.336669921875,1022.5006713867188,1020.8993530273438,1022.5006713867188,0
2025-10-01 19:45:00+00:00,1020.572265625,1021.5604248046875,1020.572265625,1021.1898193359375,0
2025-10-01 20:00:00+00:00,1019.0247192382812,1020.349609375,1019.0247192382812,1020.32470703125,17776896
2025-10-01 20:15:00+00:00,1020.2716674804688,1020.2716674804688,1019.0809326171875,1019.0809326171875,2026752
2025-10-01 20:30:00+00:00,1021.2078247070312,1021.2078247070312,1020.3006591796875,1020.3006591796875,632064
2025-10-01 20:45:00+00:00,1021.807373046875,1021.807373046875,1021.2272338867188,1021.2272338867188,0
2025-10-01 21:00:00+00:00,1021.9854736328125,1022.3271484375,1021.8731689453125,1021.8731689453125,0
2025-10-01 21:15:00+00:00,1021.8670043945312,1022.7179565429688,1021.6117553710938,1022.0313110351562,0
2025-10-01 21:30:00+00:00,1020.9619140625,1022.0536499023438,1020.9161376953125,1021.8428344726562,28416
2025-10-01 21:45:00+00:00,1020.649169921875,1021.2930297851562,1020.5260620117188,1020.9419555664062,4102912
2025-10-01 22:00:00+00:00,1022.304931640625,1022.7445068359375,1020.405517578125,1020.685791015625,5382656
2025-10-01 22:15:00+00:00,1021.7319946289062,1022.4258422851562,1021.4675903320312,1022.2593994140625,2955520
2025-10-01 22:30:00+00:00,1020.6386108398438,1021.7210083007812,1020.6386108398438,1021.7210083007812,0
2025-10-01 22:45:00+00:00,1022.26123046875,1022.4775390625,1020.9151000976562,1020.9151000976562,1714176
2025-10-01 23:00:00+00:00,1023.5523071289062,1024.16552734375,1022.2218017578125,1022.2855224609375,17948416
2025-10-01 23:15:00+00:00,1023.48583984375,1024.16455078125,1023.1216430664062,1023.4482421875,12600064
2025-10-01 23:30:00+00:00,1026.1541748046875,1026.1541748046875,1024.395263671875,1024.4193115234375,7168768
2025-10-01 23:45:00+00:00,1026.072998046875,1026.6634521484375,1026.072998046875,1026.174560546875,3000064
2025-10-02 00:00:00+00:00,1030.1612548828125,1030.1612548828125,1026.187744140625,1026.187744140625,19393280
2025-10-02 00:15:00+00:00,1029.260498046875,1032.0872802734375,1029.260498046875,1030.3204345703125,17521920
2025-10-02 00:30:00+00:00,1025.23681640625,1028.6287841796875,1025.23681640625,1028.5965576171875,5277440
2025-10-02 00:45:00+00:00,1024.3056640625,1025.5433349609375,1024.2137451171875,1025.292724609375,13435392
2025-10-02 01:00:00+00:00,1026.6536865234375,1026.6536865234375,1024.433837890625,1024.433837890625,3657472
2025-10-02 01:15:00+00:00,1028.3729248046875,1028.3729248046875,1026.221923828125,1026.720947265625,0
2025-10-02 01:30:00+00:00,1028.8450927734375,1028.8450927734375,1027.900390625,1028.35791015625,7414784
2025-10-02 01:45:00+00:00,1035.59375,1035.59375,1030.20947265625,1030.20947265625,36836608
2025-10-02 02:00:00+00:00,1033.5670166015625,1036.218505859375,1032.6280517578125,1036.218505859375,21944576
2025-10-02 02:15:00+00:00,1036.2174072265625,1036.2806396484375,1033.4345703125,1033.4345703125,16202240
2025-10-02 02:30:00+00:00,1034.5120849609375,1035.5474853515625,1034.403564453125,1035.5474853515625,13671680
2025-10-02 02:45:00+00:00,1036.1070556640625,1037.3719482421875,1034.500732421875,1034.500732421875,12044288
2025-10-02 03:00:00+00:00,1035.7384033203125,1036.00341796875,1035.473876953125,1036.00341796875,1656576
2025-10-02 03:15:00+00:00,1033.8834228515625,1035.59423828125,1033.5205078125,1035.59423828125,0
2025-10-02 03:30:00+00:00,1033.7960205078125,1033.92138671875,1033.4251708984375,1033.7919921875,2127104
2025-10-02 03:45:00+00:00,1032.1680908203125,1033.8636474609375,1032.1680908203125,1033.783935546875,639744
2025-10-02 04:00:00+00:00,1033.496337890625,1033.6614990234375,1031.6788330078125,1032.0345458984375,961792
2025-10-02 04:15:00+00:00,1031.851806640625,1033.7412109375,1031.851806640625,1033.6572265625,953856
2025-10-02 04:30:00+00:00,1028.6571044921875,1030.822021484375,1028.6571044921875,1030.822021484375,588032
2025-10-02 04:45:00+00:00,1029.959716796875,1029.959716796875,1029.2392578125,1029.40087890625,2747904
2025-10-02 05:00:00+00:00,1030.27392578125,1031.2279052734375,1030.27392578125,1030.749267578125,0
2025-10-02 05:15:00+00:00,1029.749755859375,1030.3326416015625,1029.3311767578125,1030.3326416015625,2221824
2025-10-02 05:30:00+00:00,1031.1224365234375,1031.2550048828125,1030.0968017578125,1030.0968017578125,7248896
2025-10-02 05:45:00+00:00,1031.69140625,1033.419677734375,1031.2734375,1031.2734375,12044544
2025-10-02 06:00:00+00:00,1032.08447265625,1032.3623046875,1031.602783203125,1031.619873046875,1567232
2025-10-02 06:15:00+00:00,1033.9013671875,1033.9013671875,1032.1031494140625,1032.1031494140625,1747456
2025-10-02 06:30:00+00:00,1039.677734375,1039.895751953125,1034.895751953125,1034.895751953125,54492160
2025-10-02 06:45:00+00:00,1037.49072265625,1038.48095703125,1037.49072265625,1038.48095703125,5892864
2025-10-02 07:00:00+00:00,1037.4923095703125,1038.220458984375,1037.1705322265625,1037.26953125,834048
2025-10-02 07:15:00+00:00,1038.841796875,1039.5379638671875,1037.4140625,1037.450439453125,5490688
2025-10-02 07:30:00+00:00,1037.3585205078125,1038.7353515625,1037.3585205078125,1038.7353515625,1178880
2025-10-02 07:45:00+00:00,1036.1058349609375,1037.2720947265625,1036.073974609375,1037.2720947265625,1597952
2025-10-02 08:00:00+00:00,1037.700927734375,1038.174072265625,1036.598876953125,1036.598876953125,783872
2025-10-02 08:15:00+00:00,1037.2593994140625,1037.6092529296875,1037.051513671875,1037.6092529296875,0
2025-10-02 08:30:00+00:00,1035.921142578125,1037.268798828125,1035.921142578125,1037.268798828125,0
2025-10-02 08:45:00+00:00,1034.7760009765625,1036.0213623046875,1034.7252197265625,1035.880615234375,0
2025-10-02 09:00:00+00:00,1036.4029541015625,1036.4029541015625,1034.9273681640625,1034.9388427734375,0
2025-10-02 09:15:00+00:00,1038.2750244140625,1038.2750244140625,1036.31396484375,1036.4068603515625,0
2025-10-02 09:30:00+00:00,1040.304931640625,1040.3065185546875,1038.2855224609375,1038.53515625,5291264
2025-10-02 09:45:00+00:00,1039.7752685546875,1040.4193115234375,1039.641845703125,1040.417236328125,0
2025-10-02 10:00:00+00:00,1040.1787109375,1040.650390625,1039.748291015625,1039.9464111328125,0
2025-10-02 10:15:00+00:00,1039.578857421875,1040.132568359375,1039.5345458984375,1040.132568359375,1308672
2025-10-02 10:30:00+00:00,1044.258056640625,1044.258056640625,1038.927734375,1039.5323486328125,19830016
2025-10-02 10:45:00+00:00,1044.1944580078125,1045.398681640625,1044.1944580078125,1044.4117431640625,8142848
2025-10-02 11:00:00+00:00,1046.37353515625,1046.9337158203125,1044.24755859375,1044.24755859375,21585152
2025-10-02 11:15:00+00:00,1045.716064453125,1047.2293701171875,1045.461181640625,1046.550537109375,5463296
2025-10-02 11:30:00+00:00,1049.42822265625,1049.42822265625,1046.4254150390625,1046.4254150390625,8786432
2025-10-02 11:45:00+00:00,1048.695068359375,1049.5408935546875,1048.6409912109375,1049.4207763671875,0
2025-10-02 12:00:00+00:00,1050.7581787109375,1050.7581787109375,1048.5706787109375,1048.7384033203125,3030272
2025-10-02 12:15:00+00:00,1053.618896484375,1054.6240234375,1051.1265869140625,1051.1265869140625,14120448
2025-10-02 12:30:00+00:00,1062.2099609375,1062.2099609375,1054.0347900390625,1054.3946533203125,61677568
2025-10-02 12:45:00+00:00,1060.5858154296875,1061.820068359375,1060.508056640625,1061.5223388671875,23969792
2025-10-02 13:00:00+00:00,1057.40673828125,1060.8695068359375,1057.40673828125,1060.6121826171875,21728512
2025-10-02 13:15:00+00:00,1057.0595703125,1057.889404296875,1055.22900390625,1057.0386962890625,24143616
2025-10-02 13:30:00+00:00,1055.4332275390625,1058.1905517578125,1055.4332275390625,1057.218994140625,4780288
2025-10-02 13:45:00+00:00,1056.3773193359375,1058.120849609375,1055.550537109375,1055.550537109375,20479488
2025-10-02 14:00:00+00:00,1053.130126953125,1056.28076171875,1053.130126953125,1056.28076171875,4743680
2025-10-02 14:15:00+00:00,1052.6661376953125,1053.1654052734375,1051.3770751953125,1053.1654052734375,3939328
2025-10-02 14:30:00+00:00,1050.7943115234375,1052.9854736328125,1050.7943115234375,1052.6845703125,0
2025-10-02 14:45:00+00:00,1045.9609375,1049.3994140625,1045.9609375,1049.2869873046875,9684224
2025-10-02 15:00:00+00:00,1047.8695068359375,1047.8695068359375,1043.3729248046875,1045.8087158203125,22192640
2025-10-02 15:15:00+00:00,1052.0889892578125,1052.1793212890625,1047.8902587890625,1047.9483642578125,19261952
2025-10-02 15:30:00+00:00,1051.7969970703125,1052.6932373046875,1050.1907958984375,1052.6932373046875,5782016
2025-10-02 15:45:00+00:00,1056.1685791015625,1056.1685791015625,1051.906494140625,1051.906494140625,7695872
2025-10-02 16:00:00+00:00,1060.4339599609375,1060.4339599609375,1056.299560546875,1056.299560546875,8201216
2025-10-02 16:15:00+00:00,1060.8392333984375,1061.56982421875,1060.27099609375,1060.27099609375,6171136
2025-10-02 16:30:00+00:00,1057.69580078125,1061.2891845703125,1057.69580078125,1061.182373046875,8523520
2025-10-02 16:45:00+00:00,1061.1688232421875,1061.272705078125,1057.5654296875,1057.5654296875,13518592
2025-10-02 17:00:00+00:00,1060.68994140625,1061.7303466796875,1060.2452392578125,1061.7303466796875,5142016
2025-10-02 17:15:00+00:00,1061.03955078125,1061.545166015625,1059.568115234375,1061.545166015625,4153856
2025-10-02 17:30:00+00:00,1060.4627685546875,1060.9654541015625,1060.0015869140625,1060.9654541015625,9509120
2025-10-02 17:45:00+00:00,1059.922607421875,1060.0223388671875,1059.6173095703125,1059.9578857421875,972032
2025-10-02 18:00:00+00:00,1063.0927734375,1063.0927734375,1059.927734375,1059.9891357421875,13468416
2025-10-02 18:15:00+00:00,1066.84619140625,1066.84619140625,1065.192626953125,1065.2000732421875,20087296
2025-10-02 18:30:00+00:00,1067.7276611328125,1068.083251953125,1067.08642578125,1067.08642578125,15324416
2025-10-02 18:45:00+00:00,1068.3953857421875,1068.478271484375,1067.8153076171875,1067.8153076171875,6586624
2025-10-02 19:00:00+00:00,1070.7755126953125,1070.7755126953125,1068.1729736328125,1068.4686279296875,16344576
2025-10-02 19:15:00+00:00,1070.7586669921875,1072.3782958984375,1070.153076171875,1071.984375,17403648
2025-10-02 19:30:00+00:00,1072.632568359375,1072.65380859375,1070.3978271484375,1070.931884765625,17909248
2025-10-02 19:45:00+00:00,1074.187255859375,1074.8758544921875,1072.8671875,1072.8671875,20228352
2025-10-02 20:00:00+00:00,1076.958984375,1076.958984375,1074.51416015625,1074.51416015625,13299968
2025-10-02 20:15:00+00:00,1078.4039306640625,1078.4039306640625,1075.3370361328125,1076.837158203125,16404992
2025-10-02 20:30:00+00:00,1083.982666015625,1083.982666015625,1078.8896484375,1078.935791015625,76117248
2025-10-02 20:45:00+00:00,1081.0787353515625,1084.781005859375,1080.773193359375,1083.790771484375,40892928
2025-10-02 21:00:00+00:00,1086.078125,1086.0860595703125,1081.9058837890625,1081.9058837890625,38649088
2025-10-02 21:15:00+00:00,1084.86181640625,1086.5213623046875,1084.86181640625,1085.8839111328125,28576512
2025-10-02 21:30:00+00:00,1083.08740234375,1084.835205078125,1082.6937255859375,1084.835205078125,20429824
2025-10-02 21:45:00+00:00,1081.0093994140625,1083.7652587890625,1080.9090576171875,1083.008056640625,4686848
2025-10-02 22:00:00+00:00,1081.4931640625,1082.5545654296875,1079.9522705078125,1080.5916748046875,8155904
2025-10-02 22:15:00+00:00,1083.3153076171875,1083.909423828125,1081.2447509765625,1081.34912109375,24005120
2025-10-02 22:30:00+00:00,1086.4713134765625,1087.005615234375,1084.1776123046875,1084.1776123046875,14445056
2025-10-02 22:45:00+00:00,1091.5509033203125,1091.5509033203125,1086.69580078125,1086.69580078125,39981056
2025-10-02 23:00:00+00:00,1095.2723388671875,1097.0576171875,1093.3040771484375,1093.3040771484375,59514880
2025-10-02 23:15:00+00:00,1091.49560546875,1094.7406005859375,1091.4105224609375,1094.7406005859375,17278464
2025-10-02 23:30:00+00:00,1088.1082763671875,1091.618896484375,1088.0843505859375,1091.505126953125,18420224
2025-10-02 23:45:00+00:00,1090.5255126953125,1090.5255126953125,1088.3748779296875,1088.3748779296875,19958784
2025-10-03 00:00:00+00:00,1086.4111328125,1091.5518798828125,1086.4041748046875,1091.2471923828125,1128448
2025-10-03 00:15:00+00:00,1087.5003662109375,1087.8505859375,1086.3568115234375,1086.3568115234375,1451008
2025-10-03 00:30:00+00:00,1086.681640625,1088.1048583984375,1086.681640625,1088.1048583984375,0
2025-10-03 00:45:00+00:00,1087.0238037109375,1087.525390625,1086.4969482421875,1086.7132568359375,0
2025-10-03 01:00:00+00:00,1088.851806640625,1089.4381103515625,1087.081298828125,1087.081298828125,12202240
2025-10-03 01:15:00+00:00,1093.5123291015625,1093.5123291015625,1088.7584228515625,1088.7584228515625,25065984
2025-10-03 01:30:00+00:00,1095.3492431640625,1095.8807373046875,1095.047119140625,1095.047119140625,21347328
2025-10-03 01:45:00+00:00,1089.3736572265625,1095.2406005859375,1089.3736572265625,1095.2406005859375,0
2025-10-03 02:00:00+00:00,1090.7564697265625,1090.7564697265625,1088.8280029296875,1089.2528076171875,6190080
2025-10-03 02:15:00+00:00,1094.031005859375,1094.300537109375,1090.962890625,1090.962890625,8656384
2025-10-03 02:30:00+00:00,1093.9349365234375,1095.94189453125,1093.500244140625,1094.01513671875,10445568
2025-10-03 02:45:00+00:00,1097.7747802734375,1097.7747802734375,1093.132080078125,1093.8243408203125,11795456
2025-10-03 03:00:00+00:00,1106.5135498046875,1106.5135498046875,1097.2425537109375,1097.3294677734375,84443648
2025-10-03 03:15:00+00:00,1107.802978515625,1108.1998291015625,1106.20654296875,1106.3231201171875,53870080
2025-10-03 03:30:00+00:00,1111.65185546875,1111.65185546875,1107.8619384765625,1107.8619384765625,76624896
2025-10-03 03:45:00+00:00,1108.065185546875,1111.2506103515625,1108.065185546875,1111.2506103515625,26904832
2025-10-03 04:00:00+00:00,1111.4766845703125,1111.4766845703125,1108.4010009765625,1108.4010009765625,38319616
2025-10-03 04:15:00+00:00,1109.197021484375,1112.523193359375,1108.78759765625,1111.619140625,26335488
2025-10-03 04:30:00+00:00,1100.8365478515625,1109.1837158203125,1100.8365478515625,1109.1837158203125,37276416
2025-10-03 04:45:00+00:00,1099.242919921875,1101.09912109375,1097.8447265625,1101.09912109375,23700736
2025-10-03 05:00:00+00:00,1096.3023681640625,1100.03662109375,1096.3023681640625,1099.365234375,5372160
2025-10-03 05:15:00+00:00,1096.35595703125,1096.35595703125,1095.208740234375,1096.263916015625,18193152
2025-10-03 05:30:00+00:00,1096.4659423828125,1097.9285888671875,1096.4156494140625,1096.4156494140625,13562368
2025-10-03 05:45:00+00:00,1095.4556884765625,1096.310302734375,1095.0799560546875,1096.310302734375,10975232
2025-10-03 06:00:00+00:00,1097.0345458984375,1097.0345458984375,1094.0379638671875,1095.439697265625,25260800
2025-10-03 06:15:00+00:00,1097.831787109375,1098.3140869140625,1097.01611328125,1097.261474609375,21009920
2025-10-03 06:30:00+00:00,1099.146240234375,1099.279541015625,1098.1402587890625,1098.1402587890625,0
2025-10-03 06:45:00+00:00,1092.5079345703125,1098.8299560546875,1092.5079345703125,1098.8299560546875,14788352
2025-10-03 07:00:00+00:00,1089.9512939453125,1092.6285400390625,1089.27783203125,1092.52734375,25057792
2025-10-03 07:15:00+00:00,1087.4339599609375,1091.1077880859375,1087.4339599609375,1089.9681396484375,14631424
2025-10-03 07:30:00+00:00,1087.44580078125,1087.6923828125,1086.578125,1087.1766357421875,17081856
2025-10-03 07:45:00+00:00,1086.381591796875,1087.9637451171875,1086.2861328125,1087.39111328125,8246784
2025-10-03 08:00:00+00:00,1088.45068359375,1088.45068359375,1086.8416748046875,1086.8416748046875,9520640
2025-10-03 08:15:00+00:00,1088.5509033203125,1088.598876953125,1085.631591796875,1088.319580078125,23190016
2025-10-03 08:30:00+00:00,1092.4749755859375,1092.5465087890625,1088.6942138671875,1088.6942138671875,19685888
2025-10-03 08:45:00+00:00,1096.6832275390625,1097.346923828125,1095.671630859375,1095.671630859375,42169856
2025-10-03 09:00:00+00:00,1104.1214599609375,1104.4327392578125,1096.994140625,1096.994140625,37232640
2025-10-03 09:15:00+00:00,1109.9332275390625,1109.9332275390625,1104.1771240234375,1104.1771240234375,61864448
2025-10-03 09:30:00+00:00,1109.38671875,1112.9322509765625,1109.38671875,1112.302978515625,59439616
2025-10-03 09:45:00+00:00,1107.9884033203125,1110.326904296875,1107.9884033203125,1109.38671875,14126080
2025-10-03 10:00:00+00:00,1106.8427734375,1108.9580078125,1106.8427734375,1108.260986328125,5429760
2025-10-03 10:15:00+00:00,1107.3863525390625,1108.375244140625,1106.8310546875,1106.8310546875,6638080
2025-10-03 10:30:00+00:00,1109.924072265625,1109.972412109375,1107.2039794921875,1107.2039794921875,1907200
2025-10-03 10:45:00+00:00,1108.19189453125,1110.0147705078125,1108.19189453125,1110.0147705078125,481792
2025-10-03 11:00:00+00:00,1103.696533203125,1108.155029296875,1103.696533203125,1108.042724609375,985600
2025-10-03 11:15:00+00:00,1105.7808837890625,1105.7808837890625,1103.3736572265625,1103.7742919921875,5246976
2025-10-03 11:30:00+00:00,1105.0963134765625,1106.0081787109375,1104.262939453125,1106.0081787109375,0
2025-10-03 11:45:00+00:00,1106.55224609375,1107.1409912109375,1104.9578857421875,1104.9578857421875,0
2025-10-03 12:00:00+00:00,1108.9327392578125,1108.9327392578125,1106.685546875,1106.685546875,0
2025-10-03 12:15:00+00:00,1110.3084716796875,1110.3084716796875,1109.219970703125,1109.6278076171875,1253888
2025-10-03 12:30:00+00:00,1108.3365478515625,1109.8970947265625,1108.276123046875,1109.8782958984375,0
2025-10-03 12:45:00+00:00,1108.010498046875,1108.137451171875,1107.2781982421875,1108.137451171875,0
2025-10-03 13:00:00+00:00,1105.20068359375,1107.616943359375,1104.1685791015625,1107.5283203125,0
2025-10-03 13:15:00+00:00,1118.9521484375,1118.9521484375,1104.5447998046875,1104.5447998046875,76349440
2025-10-03 13:30:00+00:00,1131.743408203125,1139.06103515625,1120.9122314453125,1120.9122314453125,231176192
2025-10-03 13:45:00+00:00,1134.6531982421875,1134.6531982421875,1131.325439453125,1131.325439453125,54466048
2025-10-03 14:00:00+00:00,1128.1505126953125,1135.6845703125,1128.089599609375,1135.6845703125,52454400
2025-10-03 14:15:00+00:00,1132.6944580078125,1132.6944580078125,1121.7288818359375,1127.3343505859375,70547456
2025-10-03 14:30:00+00:00,1135.0994873046875,1135.2152099609375,1131.8277587890625,1132.56640625,33925632
2025-10-03 14:45:00+00:00,1141.682373046875,1141.682373046875,1135.3065185546875,1135.3065185546875,30842368
2025-10-03 15:00:00+00:00,1139.494140625,1141.681884765625,1139.494140625,1141.681884765625,4444672
2025-10-03 15:15:00+00:00,1145.3546142578125,1145.5286865234375,1140.347412109375,1140.347412109375,42783232
2025-10-03 15:30:00+00:00,1148.3909912109375,1150.112060546875,1145.7318115234375,1145.7318115234375,98039808
2025-10-03 15:45:00+00:00,1160.2276611328125,1160.2276611328125,1145.712890625,1147.8880615234375,107665920
2025-10-03 16:00:00+00:00,1159.4910888671875,1167.0986328125,1157.287841796875,1161.2396240234375,120750080
2025-10-03 16:15:00+00:00,1155.106201171875,1156.550048828125,1151.77587890625,1156.550048828125,49575424
2025-10-03 16:30:00+00:00,1159.2271728515625,1159.2271728515625,1153.585205078125,1154.2841796875,48936960
2025-10-03 16:45:00+00:00,1157.6746826171875,1160.939453125,1155.5447998046875,1160.939453125,47897088
2025-10-03 17:00:00+00:00,1144.7218017578125,1152.588623046875,1141.50537109375,1152.588623046875,157172736
2025-10-03 17:15:00+00:00,1140.099853515625,1146.1546630859375,1139.2044677734375,1145.014892578125,57535488
2025-10-03 17:30:00+00:00,1141.760498046875,1143.0286865234375,1139.212158203125,1139.2701416015625,25651712
2025-10-03 17:45:00+00:00,1138.8448486328125,1143.7108154296875,1138.8448486328125,1142.2225341796875,35294208
2025-10-03 18:00:00+00:00,1142.70458984375,1142.70458984375,1136.718994140625,1138.69921875,22722048
2025-10-03 18:15:00+00:00,1149.3277587890625,1150.09814453125,1143.7481689453125,1143.7481689453125,25923584
2025-10-03 18:30:00+00:00,1156.042236328125,1156.042236328125,1149.0748291015625,1149.2591552734375,26599936
2025-10-03 18:45:00+00:00,1171.15185546875,1171.7593994140625,1155.6123046875,1155.6123046875,148387328
2025-10-03 19:00:00+00:00,1167.195068359375,1171.919189453125,1166.4337158203125,1171.919189453125,35301888
2025-10-03 19:15:00+00:00,1168.490478515625,1170.3658447265625,1166.4635009765625,1167.0133056640625,24304128
2025-10-03 19:30:00+00:00,1170.2681884765625,1170.37451171875,1169.2769775390625,1169.91748046875,9667072
2025-10-03 19:45:00+00:00,1170.1475830078125,1170.2359619140625,1168.0103759765625,1170.2359619140625,3947520
2025-10-03 20:00:00+00:00,1167.329345703125,1170.6807861328125,1167.329345703125,1170.1007080078125,6144
2025-10-03 20:15:00+00:00,1167.22119140625,1170.988525390625,1167.22119140625,1167.671630859375,9353728
2025-10-03 20:30:00+00:00,1168.237548828125,1169.0010986328125,1167.253662109375,1167.343505859375,0
2025-10-03 20:45:00+00:00,1174.385498046875,1174.385498046875,1168.3106689453125,1168.3106689453125,22530560
2025-10-03 21:00:00+00:00,1180.42333984375,1181.3240966796875,1179.51708984375,1179.51708984375,55327232
2025-10-03 21:15:00+00:00,1180.748046875,1181.638916015625,1180.3348388671875,1180.5521240234375,14876672
2025-10-03 21:30:00+00:00,1176.35986328125,1180.951904296875,1176.0657958984375,1180.7728271484375,5445120
2025-10-03 21:45:00+00:00,1178.608642578125,1178.608642578125,1174.700439453125,1176.9195556640625,11308544
2025-10-03 22:00:00+00:00,1179.5189208984375,1179.5189208984375,1178.0816650390625,1178.0816650390625,4486144
2025-10-03 22:15:00+00:00,1181.9730224609375,1183.3121337890625,1179.6224365234375,1179.6224365234375,11556352
2025-10-03 22:30:00+00:00,1181.075439453125,1182.579833984375,1181.0450439453125,1181.947021484375,6695936
2025-10-03 22:45:00+00:00,1184.826171875,1189.9791259765625,1179.861572265625,1180.896240234375,50930176
2025-10-03 23:00:00+00:00,1176.111328125,1183.024169921875,1176.111328125,1183.024169921875,0
2025-10-03 23:15:00+00:00,1180.2449951171875,1180.2449951171875,1176.2540283203125,1176.2540283203125,1998848
2025-10-03 23:30:00+00:00,1184.17626953125,1184.17626953125,1180.4130859375,1180.4130859375,6995456
2025-10-03 23:45:00+00:00,1189.972412109375,1189.972412109375,1184.096435546875,1184.096435546875,19088384
2025-10-04 00:00:00+00:00,1186.8280029296875,1189.717041015625,1186.6483154296875,1189.717041015625,3457536
2025-10-04 00:15:00+00:00,1184.9461669921875,1187.04296875,1184.9461669921875,1186.6212158203125,10588672
2025-10-04 00:30:00+00:00,1179.8409423828125,1184.6328125,1177.5513916015625,1184.6328125,14284288
2025-10-04 00:45:00+00:00,1176.40087890625,1178.243408203125,1175.98291015625,1178.243408203125,21860352
2025-10-04 01:00:00+00:00,1175.4495849609375,1178.9683837890625,1175.4495849609375,1176.910888671875,3804160
2025-10-04 01:15:00+00:00,1169.7625732421875,1175.3807373046875,1169.7625732421875,1175.3807373046875,0
2025-10-04 01:30:00+00:00,1167.41845703125,1171.6192626953125,1167.377685546875,1169.747802734375,10706944
2025-10-04 01:45:00+00:00,1170.63037109375,1170.63037109375,1165.718505859375,1167.2501220703125,24173056
2025-10-04 02:00:00+00:00,1173.02685546875,1173.602294921875,1171.3111572265625,1171.3111572265625,9007104
2025-10-04 02:15:00+00:00,1167.408203125,1172.346435546875,1167.146240234375,1172.346435546875,4610560
2025-10-04 02:30:00+00:00,1168.8570556640625,1168.8570556640625,1167.3597412109375,1167.3597412109375,4241920
2025-10-04 02:45:00+00:00,1176.57470703125,1176.57470703125,1170.41162109375,1170.41162109375,20608000
2025-10-04 03:00:00+00:00,1173.4901123046875,1176.7154541015625,1173.4901123046875,1176.7154541015625,0
2025-10-04 03:15:00+00:00,1173.562744140625,1174.001220703125,1172.0948486328125,1173.5220947265625,0
2025-10-04 03:30:00+00:00,1173.1024169921875,1175.2646484375,1172.9957275390625,1174.5330810546875,0
2025-10-04 03:45:00+00:00,1171.6885986328125,1172.45751953125,1170.5928955078125,1172.45751953125,0
2025-10-04 04:00:00+00:00,1171.9598388671875,1172.3140869140625,1169.39453125,1171.6361083984375,0
2025-10-04 04:15:00+00:00,1170.3375244140625,1171.9781494140625,1170.3375244140625,1171.95654296875,0
2025-10-04 04:30:00+00:00,1172.0703125,1172.0703125,1169.8585205078125,1170.3272705078125,0
2025-10-04 04:45:00+00:00,1174.2269287109375,1174.989501953125,1172.29296875,1172.29296875,347648
2025-10-04 05:00:00+00:00,1179.3148193359375,1179.3148193359375,1174.2547607421875,1174.2547607421875,13349888
2025-10-04 05:15:00+00:00,1181.89990234375,1181.89990234375,1178.9781494140625,1179.572509765625,7081472
2025-10-04 05:30:00+00:00,1178.2247314453125,1181.11474609375,1178.2247314453125,1181.11474609375,3867136
2025-10-04 05:45:00+00:00,1178.1419677734375,1179.13232421875,1177.5576171875,1177.5992431640625,0
2025-10-04 06:00:00+00:00,1174.14599609375,1178.138427734375,1174.14599609375,1178.138427734375,0
2025-10-04 06:15:00+00:00,1172.5841064453125,1174.177978515625,1172.5841064453125,1174.177978515625,4087296
2025-10-04 06:30:00+00:00,1175.7926025390625,1175.7967529296875,1171.874267578125,1171.874267578125,9331712
2025-10-04 06:45:00+00:00,1173.3094482421875,1175.8538818359375,1173.3094482421875,1175.8538818359375,0
2025-10-04 07:00:00+00:00,1173.5921630859375,1173.60693359375,1172.7734375,1173.2611083984375,0
2025-10-04 07:15:00+00:00,1170.976318359375,1173.6776123046875,1170.976318359375,1173.6590576171875,0
2025-10-04 07:30:00+00:00,1171.8896484375,1171.8896484375,1170.370361328125,1170.6661376953125,2048512
2025-10-04 07:45:00+00:00,1167.2021484375,1170.6588134765625,1167.124755859375,1170.6588134765625,5225984
2025-10-04 08:00:00+00:00,1168.0518798828125,1168.1153564453125,1167.0804443359375,1167.3050537109375,7166976
2025-10-04 08:15:00+00:00,1167.0797119140625,1168.1103515625,1166.1412353515625,1168.1103515625,2476032
2025-10-04 08:30:00+00:00,1158.577880859375,1164.4833984375,1158.377197265625,1164.435791015625,17335808
2025-10-04 08:45:00+00:00,1157.0360107421875,1158.1646728515625,1157.0360107421875,1158.0640869140625,20563456
2025-10-04 09:00:00+00:00,1158.74267578125,1158.9755859375,1156.0142822265625,1156.1669921875,2466816
2025-10-04 09:15:00+00:00,1161.6204833984375,1161.6204833984375,1158.6925048828125,1158.6925048828125,0
2025-10-04 09:30:00+00:00,1159.7236328125,1161.768310546875,1159.5325927734375,1161.768310546875,0
2025-10-04 09:45:00+00:00,1151.135009765625,1159.620849609375,1151.070068359375,1159.620849609375,6514176
2025-10-04 10:00:00+00:00,1152.6163330078125,1152.71630859375,1151.2371826171875,1151.2371826171875,1972736
2025-10-04 10:15:00+00:00,1154.820068359375,1154.820068359375,1152.6103515625,1152.6103515625,3581952
2025-10-04 10:30:00+00:00,1149.760498046875,1155.66748046875,1149.6339111328125,1155.5333251953125,755200
2025-10-04 10:45:00+00:00,1149.75927734375,1150.431396484375,1148.861328125,1150.239990234375,5351424
2025-10-04 11:00:00+00:00,1147.6514892578125,1151.2513427734375,1147.6514892578125,1149.737060546875,0
2025-10-04 11:15:00+00:00,1146.6322021484375,1147.9573974609375,1146.1376953125,1146.74169921875,5982208
2025-10-04 11:30:00+00:00,1149.4874267578125,1149.4874267578125,1146.739501953125,1146.739501953125,23606272
2025-10-04 11:45:00+00:00,1152.454833984375,1152.932373046875,1149.3575439453125,1149.3575439453125,18345472
2025-10-04 12:00:00+00:00,1152.695068359375,1152.846435546875,1152.0174560546875,1152.3582763671875,3610112
2025-10-04 12:15:00+00:00,1150.2470703125,1152.1962890625,1150.2158203125,1152.1962890625,0
2025-10-04 12:30:00+00:00,1147.6553955078125,1150.1553955078125,1147.6553955078125,1150.1553955078125,2433536
2025-10-04 12:45:00+00:00,1144.7266845703125,1147.566650390625,1144.7266845703125,1147.566650390625,7459840
2025-10-04 13:00:00+00:00,1149.031005859375,1149.70556640625,1144.734619140625,1144.734619140625,16036864
2025-10-04 13:15:00+00:00,1148.4940185546875,1149.148681640625,1147.5233154296875,1149.148681640625,7062016
2025-10-04 13:30:00+00:00,1149.1854248046875,1149.2567138671875,1147.7515869140625,1148.4725341796875,0
2025-10-04 13:45:00+00:00,1147.6937255859375,1149.1690673828125,1147.55908203125,1149.1690673828125,0
2025-10-04 14:00:00+00:00,1146.7255859375,1147.7818603515625,1146.2796630859375,1147.6695556640625,0
2025-10-04 14:15:00+00:00,1150.521240234375,1152.3787841796875,1148.622802734375,1148.622802734375,0
2025-10-04 14:30:00+00:00,1152.5994873046875,1152.8157958984375,1149.9366455078125,1150.5711669921875,0
2025-10-04 14:45:00+00:00,1148.1654052734375,1151.4833984375,1148.0970458984375,1151.4833984375,0
2025-10-04 15:00:00+00:00,1147.566162109375,1149.0843505859375,1147.18359375,1147.18359375,0
2025-10-04 15:15:00+00:00,1145.3946533203125,1147.665283203125,1145.3946533203125,1147.4647216796875,0
2025-10-04 15:30:00+00:00,1144.2276611328125,1145.091064453125,1142.2928466796875,1145.091064453125,0
2025-10-04 15:45:00+00:00,1145.199462890625,1147.4736328125,1144.34228515625,1144.34228515625,0
2025-10-04 16:00:00+00:00,1143.1494140625,1145.48193359375,1143.1494140625,1145.1107177734375,0
2025-10-04 16:15:00+00:00,1138.55224609375,1142.0833740234375,1138.3480224609375,1142.0833740234375,4313600
2025-10-04 16:30:00+00:00,1144.2301025390625,1145.8084716796875,1138.5604248046875,1138.5604248046875,9424384
2025-10-04 16:45:00+00:00,1142.4539794921875,1144.159423828125,1140.781494140625,1144.159423828125,0
2025-10-04 17:00:00+00:00,1145.186767578125,1145.186767578125,1142.9522705078125,1142.9522705078125,0
2025-10-04 17:15:00+00:00,1148.736083984375,1148.736083984375,1144.9715576171875,1145.078369140625,0
2025-10-04 17:30:00+00:00,1149.046630859375,1154.9349365234375,1149.046630859375,1150.7750244140625,12610048
2025-10-04 17:45:00+00:00,1148.8636474609375,1148.9801025390625,1146.8673095703125,1148.9801025390625,0
2025-10-04 18:00:00+00:00,1148.1114501953125,1149.3966064453125,1147.9356689453125,1148.9354248046875,0
2025-10-04 18:15:00+00:00,1145.7979736328125,1147.9453125,1145.778076171875,1147.9200439453125,0
2025-10-04 18:30:00+00:00,1143.3958740234375,1145.8563232421875,1143.2755126953125,1145.8563232421875,0
2025-10-04 18:45:00+00:00,1143.74462890625,1144.28857421875,1143.4263916015625,1143.4263916015625,0
2025-10-04 19:00:00+00:00,1145.7882080078125,1145.9385986328125,1143.9840087890625,1143.99951171875,0
2025-10-04 19:15:00+00:00,1146.568115234375,1146.568115234375,1145.5169677734375,1145.904052734375,0
2025-10-04 19:30:00+00:00,1145.7098388671875,1146.3359375,1145.7098388671875,1146.3359375,0
2025-10-04 19:45:00+00:00,1146.8663330078125,1146.8699951171875,1144.842041015625,1145.6234130859375,0
2025-10-04 20:00:00+00:00,1148.3238525390625,1148.3238525390625,1146.92724609375,1146.92724609375,0
2025-10-04 20:15:00+00:00,1148.9769287109375,1149.5875244140625,1148.46435546875,1148.46435546875,0
2025-10-04 20:30:00+00:00,1148.7572021484375,1149.2108154296875,1148.655029296875,1149.080078125,2865664
2025-10-04 20:45:00+00:00,1147.3271484375,1149.5130615234375,1147.3271484375,1148.72119140625,0
2025-10-04 21:00:00+00:00,1148.2720947265625,1148.3187255859375,1147.122802734375,1147.2945556640625,0
2025-10-04 21:15:00+00:00,1153.31494140625,1153.349853515625,1148.9598388671875,1148.9598388671875,7197184
2025-10-04 21:30:00+00:00,1152.59619140625,1154.5350341796875,1151.967041015625,1154.5350341796875,854016
2025-10-04 21:45:00+00:00,1152.8349609375,1153.472412109375,1152.7049560546875,1152.8189697265625,0
2025-10-04 22:00:00+00:00,1153.30859375,1153.954345703125,1152.4808349609375,1152.8438720703125,136704
2025-10-04 22:15:00+00:00,1152.1168212890625,1153.2762451171875,1151.7413330078125,1153.2762451171875,0
2025-10-04 22:30:00+00:00,1152.5740966796875,1152.7366943359375,1152.108154296875,1152.108154296875,0
2025-10-04 22:45:00+00:00,1148.9871826171875,1153.2158203125,1148.9871826171875,1152.556640625,0
2025-10-04 23:00:00+00:00,1146.73388671875,1148.059326171875,1146.733642578125,1147.89013671875,0
2025-10-04 23:15:00+00:00,1147.8651123046875,1147.8651123046875,1145.5302734375,1146.6810302734375,0
2025-10-04 23:30:00+00:00,1149.85302734375,1149.923095703125,1147.84912109375,1147.84912109375,0
2025-10-04 23:45:00+00:00,1150.566650390625,1150.566650390625,1149.4537353515625,1150.00048828125,688896
2025-10-05 00:00:00+00:00,1149.59326171875,1151.039306640625,1149.0555419921875,1150.6156005859375,0
2025-10-05 00:15:00+00:00,1152.626953125,1153.5108642578125,1150.0775146484375,1150.0775146484375,0
2025-10-05 00:30:00+00:00,1149.1060791015625,1152.5845947265625,1149.1060791015625,1152.5845947265625,15506688
2025-10-05 00:45:00+00:00,1146.523681640625,1149.056884765625,1146.423095703125,1149.056884765625,3057152
2025-10-05 01:00:00+00:00,1148.3070068359375,1148.7069091796875,1146.467529296875,1146.467529296875,0
2025-10-05 01:15:00+00:00,1145.6541748046875,1148.1678466796875,1145.6541748046875,1148.1678466796875,0
2025-10-05 01:30:00+00:00,1149.561279296875,1149.561279296875,1145.6533203125,1145.6533203125,0
2025-10-05 01:45:00+00:00,1149.4078369140625,1151.08984375,1149.048583984375,1149.5966796875,0
2025-10-05 02:00:00+00:00,1151.707275390625,1151.707275390625,1149.407958984375,1149.407958984375,0
2025-10-05 02:15:00+00:00,1156.6712646484375,1156.6712646484375,1151.7760009765625,1151.7760009765625,1795072
2025-10-05 02:30:00+00:00,1157.087646484375,1163.5142822265625,1156.8345947265625,1156.8345947265625,53233664
2025-10-05 02:45:00+00:00,1162.260986328125,1162.260986328125,1157.46240234375,1157.46240234375,11576832
2025-10-05 03:00:00+00:00,1165.1171875,1165.1171875,1162.44140625,1163.07080078125,9998848
2025-10-05 03:15:00+00:00,1166.70703125,1166.9832763671875,1164.302734375,1164.770751953125,18995712
2025-10-05 03:30:00+00:00,1166.541015625,1168.16943359375,1166.541015625,1166.6671142578125,19288832
2025-10-05 03:45:00+00:00,1163.9388427734375,1166.488525390625,1163.9388427734375,1166.488525390625,3655936
2025-10-05 04:00:00+00:00,1168.2408447265625,1170.462890625,1163.9954833984375,1163.9954833984375,14626048
2025-10-05 04:15:00+00:00,1173.2540283203125,1173.2540283203125,1168.8543701171875,1168.8543701171875,11339520
2025-10-05 04:30:00+00:00,1178.9871826171875,1178.9871826171875,1172.382080078125,1172.87890625,30931968
2025-10-05 04:45:00+00:00,1184.737548828125,1185.1326904296875,1178.540771484375,1178.801513671875,46423808
2025-10-05 05:00:00+00:00,1182.8284912109375,1186.253173828125,1182.8284912109375,1183.22021484375,43086848
2025-10-05 05:15:00+00:00,1178.9583740234375,1183.6993408203125,1178.7357177734375,1182.8179931640625,5057024
2025-10-05 05:30:00+00:00,1180.389892578125,1181.22119140625,1178.02490234375,1178.02490234375,7561984
2025-10-05 05:45:00+00:00,1178.7515869140625,1180.484130859375,1177.7933349609375,1180.484130859375,5849600
2025-10-05 06:00:00+00:00,1176.2113037109375,1178.7989501953125,1176.2113037109375,1178.584228515625,0
2025-10-05 06:15:00+00:00,1173.8663330078125,1176.0079345703125,1173.5753173828125,1176.0079345703125,865792
2025-10-05 06:30:00+00:00,1170.5711669921875,1174.426025390625,1170.5711669921875,1173.591064453125,0
2025-10-05 06:45:00+00:00,1169.440185546875,1171.234130859375,1168.7672119140625,1171.110107421875,10396160
2025-10-05 07:00:00+00:00,1171.6875,1171.6875,1168.6717529296875,1169.5347900390625,34384896
2025-10-05 07:15:00+00:00,1174.8311767578125,1176.39599609375,1171.702392578125,1171.702392578125,24875776
2025-10-05 07:30:00+00:00,1175.485595703125,1175.5008544921875,1172.8897705078125,1172.930419921875,76532992
2025-10-05 07:45:00+00:00,1178.8616943359375,1178.8616943359375,1175.06494140625,1175.5152587890625,7524864
2025-10-05 08:00:00+00:00,1175.6304931640625,1178.878173828125,1175.6304931640625,1178.2393798828125,175360
2025-10-05 08:15:00+00:00,1176.2967529296875,1176.2967529296875,1174.942626953125,1175.0721435546875,170752
2025-10-05 08:30:00+00:00,1175.3033447265625,1176.2801513671875,1175.015869140625,1176.2801513671875,0
2025-10-05 08:45:00+00:00,1173.82958984375,1175.166748046875,1173.82958984375,1175.166748046875,0
2025-10-05 09:00:00+00:00,1170.8594970703125,1174.260009765625,1170.4451904296875,1174.260009765625,0
2025-10-05 09:15:00+00:00,1169.6170654296875,1170.764892578125,1169.159912109375,1170.764892578125,94464
2025-10-05 09:30:00+00:00,1161.809326171875,1168.226806640625,1161.392333984375,1168.226806640625,51606016
2025-10-05 09:45:00+00:00,1162.9840087890625,1163.1705322265625,1160.6177978515625,1161.3067626953125,16352000
2025-10-05 10:00:00+00:00,1156.663818359375,1162.66162109375,1155.757080078125,1162.66162109375,21669120
2025-10-05 10:15:00+00:00,1160.9378662109375,1161.194091796875,1156.4326171875,1156.4326171875,16670976
2025-10-05 10:30:00+00:00,1161.58935546875,1161.58935546875,1159.1849365234375,1160.959716796875,11149824
2025-10-05 10:45:00+00:00,1162.886962890625,1163.2532958984375,1161.84521484375,1161.84521484375,7306752
2025-10-05 11:00:00+00:00,1162.4609375,1164.9390869140625,1162.4609375,1162.9180908203125,6524672
2025-10-05 11:15:00+00:00,1162.226318359375,1162.226318359375,1159.683349609375,1160.75830078125,2919936
2025-10-05 11:30:00+00:00,1162.4842529296875,1162.4842529296875,1161.1190185546875,1162.216064453125,2255872
2025-10-05 11:45:00+00:00,1167.202880859375,1167.202880859375,1162.720703125,1162.720703125,0
2025-10-05 12:00:00+00:00,1163.8509521484375,1167.6219482421875,1163.74267578125,1167.6219482421875,1596672
2025-10-05 12:15:00+00:00,1165.9036865234375,1165.9036865234375,1163.7452392578125,1163.9005126953125,854272
2025-10-05 12:30:00+00:00,1167.6796875,1169.514892578125,1165.8619384765625,1165.8619384765625,4445952
2025-10-05 12:45:00+00:00,1169.3660888671875,1169.947021484375,1167.6927490234375,1167.6927490234375,2137856
2025-10-05 13:00:00+00:00,1165.932373046875,1169.326416015625,1165.8206787109375,1169.326416015625,0
2025-10-05 13:15:00+00:00,1165.607421875,1166.77490234375,1165.607421875,1166.05712890625,0
2025-10-05 13:30:00+00:00,1164.1484375,1165.60302734375,1163.9970703125,1165.60302734375,0
2025-10-05 13:45:00+00:00,1163.5489501953125,1165.0496826171875,1163.2698974609375,1164.06396484375,7768576
2025-10-05 14:00:00+00:00,1166.3251953125,1166.3251953125,1163.77099609375,1163.77099609375,2614272
2025-10-05 14:15:00+00:00,1164.7745361328125,1166.5399169921875,1164.519287109375,1166.4085693359375,0
2025-10-05 14:30:00+00:00,1159.5457763671875,1164.334228515625,1159.5457763671875,1164.334228515625,3544064
2025-10-05 14:45:00+00:00,1161.802001953125,1161.802001953125,1159.689453125,1159.689453125,5876480
2025-10-05 15:00:00+00:00,1161.219970703125,1162.51611328125,1160.949951171875,1161.8231201171875,1686272
2025-10-05 15:15:00+00:00,1161.8748779296875,1163.0943603515625,1161.3310546875,1161.3310546875,0
2025-10-05 15:30:00+00:00,1158.8482666015625,1161.8359375,1158.8482666015625,1161.8359375,0
2025-10-05 15:45:00+00:00,1158.5638427734375,1159.5394287109375,1158.5638427734375,1158.5709228515625,0
2025-10-05 16:00:00+00:00,1159.91015625,1159.9888916015625,1157.474609375,1158.769775390625,870912
2025-10-05 16:15:00+00:00,1160.0093994140625,1160.236328125,1158.7603759765625,1159.8333740234375,0
2025-10-05 16:30:00+00:00,1162.9921875,1162.9921875,1159.5194091796875,1159.5194091796875,288000
2025-10-05 16:45:00+00:00,1163.6929931640625,1163.6929931640625,1158.0902099609375,1162.9971923828125,9788672
2025-10-05 17:00:00+00:00,1166.6663818359375,1167.7554931640625,1164.0223388671875,1164.0223388671875,13161984
2025-10-05 17:15:00+00:00,1164.400390625,1166.6748046875,1164.400390625,1166.6748046875,0
2025-10-05 17:30:00+00:00,1162.568115234375,1164.4599609375,1162.1639404296875,1164.4599609375,0
2025-10-05 17:45:00+00:00,1163.61767578125,1164.5277099609375,1162.9449462890625,1163.72265625,1317376
2025-10-05 18:00:00+00:00,1158.193603515625,1163.9896240234375,1157.90576171875,1163.7567138671875,526848
2025-10-05 18:15:00+00:00,1158.54150390625,1159.677978515625,1158.1180419921875,1158.5262451171875,9454080
2025-10-05 18:30:00+00:00,1160.6978759765625,1161.18603515625,1158.103271484375,1158.43701171875,10463488
2025-10-05 18:45:00+00:00,1159.6864013671875,1161.2884521484375,1159.6864013671875,1160.7049560546875,0
2025-10-05 19:00:00+00:00,1153.229248046875,1159.1832275390625,1153.229248046875,1159.1832275390625,9018368
2025-10-05 19:15:00+00:00,1155.6484375,1155.6484375,1153.2657470703125,1153.737548828125,7919616
2025-10-05 19:30:00+00:00,1152.7679443359375,1155.3646240234375,1152.714599609375,1155.3646240234375,2077184
2025-10-05 19:45:00+00:00,1149.7479248046875,1152.227783203125,1149.7479248046875,1152.086181640625,10139904
2025-10-05 20:00:00+00:00,1152.7159423828125,1152.7159423828125,1149.5982666015625,1149.7200927734375,22232064
2025-10-05 20:15:00+00:00,1154.0225830078125,1154.0225830078125,1152.3935546875,1152.6451416015625,4886784
2025-10-05 20:30:00+00:00,1156.725830078125,1156.725830078125,1153.974365234375,1153.974365234375,4745472
2025-10-05 20:45:00+00:00,1157.4464111328125,1157.4464111328125,1156.30078125,1156.7132568359375,2787328
2025-10-05 21:00:00+00:00,1156.7510986328125,1157.3643798828125,1155.681640625,1157.3643798828125,3197184
2025-10-05 21:15:00+00:00,1158.701904296875,1158.8023681640625,1156.7508544921875,1157.0208740234375,214016
2025-10-05 21:30:00+00:00,1158.9454345703125,1158.9454345703125,1158.0107421875,1158.7791748046875,0
2025-10-05 21:45:00+00:00,1160.1448974609375,1160.1448974609375,1159.1160888671875,1159.1160888671875,199680
2025-10-05 22:00:00+00:00,1161.5455322265625,1163.4144287109375,1161.0145263671875,1161.0145263671875,313856
2025-10-05 22:15:00+00:00,1162.6778564453125,1163.1256103515625,1160.9410400390625,1161.5325927734375,4329216
2025-10-05 22:30:00+00:00,1160.942138671875,1162.6353759765625,1160.9083251953125,1162.6353759765625,8340224
2025-10-05 22:45:00+00:00,1161.5601806640625,1161.719970703125,1161.1112060546875,1161.1112060546875,1483776
2025-10-05 23:00:00+00:00,1161.23388671875,1162.0169677734375,1161.23388671875,1161.63427734375,1831168
2025-10-05 23:15:00+00:00,1160.85546875,1161.2808837890625,1160.56005859375,1161.2808837890625,0
2025-10-05 23:30:00+00:00,1162.9097900390625,1162.9097900390625,1161.8057861328125,1161.8057861328125,432896
2025-10-05 23:45:00+00:00,1165.4993896484375,1165.4993896484375,1162.8837890625,1162.8837890625,6287360
2025-10-06 00:00:00+00:00,1164.5589599609375,1167.05029296875,1164.018310546875,1167.05029296875,6802176
2025-10-06 00:15:00+00:00,1167.825927734375,1171.90869140625,1164.4765625,1164.4765625,49220352
2025-10-06 00:30:00+00:00,1166.3507080078125,1169.173095703125,1165.076416015625,1167.984375,18116864
2025-10-06 00:45:00+00:00,1168.053466796875,1169.648193359375,1166.1490478515625,1166.1490478515625,12035840
2025-10-06 01:00:00+00:00,1170.0419921875,1170.287109375,1167.6051025390625,1168.1455078125,12244480
2025-10-06 01:15:00+00:00,1180.1116943359375,1180.1116943359375,1170.0606689453125,1170.0606689453125,47678464
2025-10-06 01:30:00+00:00,1178.158203125,1181.8717041015625,1178.047607421875,1180.2445068359375,35741696
2025-10-06 01:45:00+00:00,1179.1163330078125,1180.4617919921875,1177.3214111328125,1178.0350341796875,18779904
2025-10-06 02:00:00+00:00,1175.2794189453125,1179.2496337890625,1175.2396240234375,1179.2496337890625,15265024
2025-10-06 02:15:00+00:00,1174.571044921875,1175.536865234375,1173.7340087890625,1175.16845703125,2931712
2025-10-06 02:30:00+00:00,1175.5732421875,1175.5732421875,1173.263427734375,1174.3837890625,0
2025-10-06 02:45:00+00:00,1180.88720703125,1180.88720703125,1177.1900634765625,1177.1900634765625,2136576
2025-10-06 03:00:00+00:00,1181.06982421875,1181.2020263671875,1179.857421875,1180.773681640625,0
2025-10-06 03:15:00+00:00,1178.7513427734375,1181.2176513671875,1178.6806640625,1181.1700439453125,0
2025-10-06 03:30:00+00:00,1179.580810546875,1179.6572265625,1177.9910888671875,1178.624755859375,0
2025-10-06 03:45:00+00:00,1180.9312744140625,1180.9312744140625,1178.83740234375,1179.63818359375,1338368
2025-10-06 04:00:00+00:00,1181.00830078125,1182.5615234375,1180.93896484375,1180.971435546875,0
2025-10-06 04:15:00+00:00,1181.3204345703125,1181.5723876953125,1180.8172607421875,1180.8359375,262912
2025-10-06 04:30:00+00:00,1181.8841552734375,1183.196044921875,1181.2265625,1181.2265625,0
2025-10-06 04:45:00+00:00,1183.351806640625,1183.725830078125,1180.4722900390625,1181.9122314453125,0
2025-10-06 05:00:00+00:00,1181.233642578125,1183.3934326171875,1181.233642578125,1183.3934326171875,0
2025-10-06 05:15:00+00:00,1188.8162841796875,1188.8162841796875,1180.156005859375,1181.0849609375,34944000
2025-10-06 05:30:00+00:00,1189.06982421875,1194.0238037109375,1189.06982421875,1194.0238037109375,41401344
2025-10-06 05:45:00+00:00,1191.5205078125,1192.0560302734375,1189.6488037109375,1189.6488037109375,7029760
2025-10-06 06:00:00+00:00,1196.8817138671875,1196.8817138671875,1190.5609130859375,1191.2366943359375,49172992
2025-10-06 06:15:00+00:00,1210.7225341796875,1210.7225341796875,1197.7655029296875,1197.7655029296875,178806272
2025-10-06 06:30:00+00:00,1219.5521240234375,1220.2783203125,1211.111572265625,1211.111572265625,162175232
2025-10-06 06:45:00+00:00,1209.5504150390625,1219.17041015625,1209.271728515625,1219.1656494140625,59095552
2025-10-06 07:00:00+00:00,1207.8709716796875,1210.4503173828125,1204.848388671875,1209.4505615234375,58205184
2025-10-06 07:15:00+00:00,1212.3338623046875,1212.3338623046875,1208.7215576171875,1208.7215576171875,11415808
2025-10-06 07:30:00+00:00,1204.0091552734375,1214.051513671875,1203.74609375,1212.384765625,36560384
2025-10-06 07:45:00+00:00,1200.777587890625,1204.1153564453125,1200.777587890625,1203.910888671875,33883904
2025-10-06 08:00:00+00:00,1203.462158203125,1203.462158203125,1200.658203125,1200.7965087890625,18835712
2025-10-06 08:15:00+00:00,1206.8404541015625,1206.868408203125,1203.3714599609375,1203.3714599609375,28386048
2025-10-06 08:30:00+00:00,1210.1221923828125,1210.234130859375,1206.9395751953125,1206.9395751953125,37116672
2025-10-06 08:45:00+00:00,1210.6690673828125,1211.3626708984375,1209.56103515625,1209.6915283203125,23911168
2025-10-06 09:00:00+00:00,1213.126953125,1213.126953125,1208.912353515625,1210.3616943359375,22072832
2025-10-06 09:15:00+00:00,1213.8460693359375,1216.307861328125,1212.968505859375,1212.968505859375,24377856
2025-10-06 09:30:00+00:00,1214.2718505859375,1215.1905517578125,1213.549072265625,1213.6768798828125,0
2025-10-06 09:45:00+00:00,1217.80419921875,1217.86181640625,1212.3682861328125,1213.871826171875,20270592
2025-10-06 10:00:00+00:00,1216.234130859375,1218.6685791015625,1215.20703125,1218.4488525390625,1078272
2025-10-06 10:15:00+00:00,1217.3270263671875,1217.3270263671875,1215.97705078125,1216.1568603515625,8197632
2025-10-06 10:30:00+00:00,1217.625,1219.5037841796875,1217.4027099609375,1217.4027099609375,14875136
2025-10-06 10:45:00+00:00,1215.0528564453125,1217.607666015625,1215.0528564453125,1217.607666015625,7683072
2025-10-06 11:00:00+00:00,1218.577392578125,1219.064697265625,1214.58642578125,1215.2210693359375,14763008
2025-10-06 11:15:00+00:00,1218.5975341796875,1219.333251953125,1218.0252685546875,1218.4853515625,4168192
2025-10-06 11:30:00+00:00,1219.36083984375,1219.7110595703125,1217.468017578125,1219.7110595703125,25914880
2025-10-06 11:45:00+00:00,1220.92333984375,1220.962646484375,1218.6915283203125,1219.3050537109375,14024704
2025-10-06 12:00:00+00:00,1231.2984619140625,1231.2984619140625,1220.9033203125,1220.9033203125,95295488
2025-10-06 12:15:00+00:00,1236.024169921875,1236.66552734375,1231.6165771484375,1231.6165771484375,90127360
2025-10-06 12:30:00+00:00,1234.6893310546875,1237.7283935546875,1234.6893310546875,1235.7977294921875,76919296
2025-10-06 12:45:00+00:00,1235.713134765625,1236.7786865234375,1234.4393310546875,1234.78857421875,23636480
2025-10-06 13:00:00+00:00,1233.4451904296875,1236.612548828125,1233.4451904296875,1235.6834716796875,20859904
2025-10-06 13:15:00+00:00,1230.205078125,1233.41162109375,1228.476318359375,1233.41162109375,40363008
2025-10-06 13:30:00+00:00,1228.23876953125,1230.289794921875,1227.6346435546875,1230.2515869140625,55449600
2025-10-06 13:45:00+00:00,1226.780029296875,1229.28076171875,1226.750732421875,1228.1328125,44275712
2025-10-06 14:00:00+00:00,1224.9739990234375,1226.361328125,1223.9920654296875,1226.3096923828125,41881088
2025-10-06 14:15:00+00:00,1214.883544921875,1225.03759765625,1214.5791015625,1225.03759765625,69983744
2025-10-06 14:30:00+00:00,1211.836669921875,1218.8699951171875,1211.5546875,1215.034423828125,71676928
2025-10-06 14:45:00+00:00,1213.82666015625,1213.82666015625,1212.2142333984375,1213.1422119140625,24092672
2025-10-06 15:00:00+00:00,1218.030517578125,1219.68310546875,1214.03076171875,1214.03076171875,35912192
2025-10-06 15:15:00+00:00,1218.927001953125,1218.927001953125,1216.87744140625,1217.8511962890625,32978432
2025-10-06 15:30:00+00:00,1217.9044189453125,1219.12255859375,1217.810791015625,1219.12255859375,29760512
2025-10-06 15:45:00+00:00,1221.9759521484375,1222.894287109375,1217.917236328125,1217.917236328125,36206592
2025-10-06 16:00:00+00:00,1216.1463623046875,1222.1844482421875,1215.9029541015625,1222.1251220703125,14643712
2025-10-06 16:15:00+00:00,1220.7579345703125,1220.812255859375,1216.301513671875,1216.301513671875,30424064
2025-10-06 16:30:00+00:00,1224.15380859375,1225.516845703125,1220.687744140625,1220.687744140625,24527360
2025-10-06 16:45:00+00:00,1223.026123046875,1224.8270263671875,1223.026123046875,1223.942626953125,0
2025-10-06 17:00:00+00:00,1219.2305908203125,1223.0416259765625,1218.741455078125,1223.0416259765625,1976832
2025-10-06 17:15:00+00:00,1219.4603271484375,1222.16650390625,1219.295654296875,1219.295654296875,22374912
2025-10-06 17:30:00+00:00,1220.7777099609375,1220.7777099609375,1217.4949951171875,1219.109130859375,65704960
2025-10-06 17:45:00+00:00,1220.6304931640625,1220.9022216796875,1219.959228515625,1220.66748046875,32398336
2025-10-06 18:00:00+00:00,1219.325439453125,1221.32470703125,1219.325439453125,1220.8206787109375,12241920
2025-10-06 18:15:00+00:00,1218.8629150390625,1219.9417724609375,1218.813720703125,1219.3441162109375,2616832
2025-10-06 18:30:00+00:00,1219.1744384765625,1220.02490234375,1217.932373046875,1218.785888671875,9789952
2025-10-06 18:45:00+00:00,1220.0230712890625,1220.617431640625,1219.7943115234375,1220.3663330078125,11794432
2025-10-06 19:00:00+00:00,1222.9278564453125,1222.9630126953125,1219.9410400390625,1219.9410400390625,22768128
2025-10-06 19:15:00+00:00,1223.4832763671875,1223.681396484375,1222.0084228515625,1222.965576171875,21179904
2025-10-06 19:30:00+00:00,1223.2608642578125,1223.531982421875,1223.0103759765625,1223.46875,21816320
2025-10-06 19:45:00+00:00,1225.199462890625,1226.0614013671875,1223.642333984375,1223.642333984375,17800704
2025-10-06 20:00:00+00:00,1223.273193359375,1225.566650390625,1222.4071044921875,1225.566650390625,932352
2025-10-06 20:15:00+00:00,1223.191650390625,1223.191650390625,1221.345947265625,1223.157958984375,6949376
2025-10-06 20:30:00+00:00,1225.7642822265625,1225.7642822265625,1223.510009765625,1223.582275390625,13249536
2025-10-06 20:45:00+00:00,1222.3193359375,1225.7109375,1222.220703125,1225.7109375,6343168
2025-10-06 21:00:00+00:00,1222.4088134765625,1222.96826171875,1221.1351318359375,1222.553466796875,10839040
2025-10-06 21:15:00+00:00,1223.5631103515625,1223.5631103515625,1221.9437255859375,1222.2139892578125,11419136
2025-10-06 21:30:00+00:00,1227.3724365234375,1227.3759765625,1223.5947265625,1223.5947265625,13997568
2025-10-06 21:45:00+00:00,1226.9207763671875,1227.18310546875,1226.5003662109375,1227.18310546875,24890368
2025-10-06 22:15:00+00:00,1224.66748046875,1224.66748046875,1223.3648681640625,1223.3648681640625,15863808
2025-10-06 22:30:00+00:00,1227.565673828125,1227.565673828125,1224.8507080078125,1224.8507080078125,22891008
2025-10-06 22:45:00+00:00,1226.001708984375,1229.0052490234375,1226.001708984375,1227.7574462890625,14851584
2025-10-06 23:00:00+00:00,1224.142578125,1226.0059814453125,1224.142578125,1225.9300537109375,9171968
2025-10-06 23:15:00+00:00,1219.703857421875,1223.8511962890625,1219.595458984375,1223.8511962890625,19438080
2025-10-06 23:30:00+00:00,1222.0233154296875,1222.0233154296875,1219.642578125,1219.642578125,10440704
2025-10-06 23:45:00+00:00,1223.716552734375,1223.716552734375,1220.8699951171875,1221.8092041015625,9145344
2025-10-07 00:00:00+00:00,1226.8067626953125,1226.8067626953125,1223.528564453125,1223.528564453125,4279808
2025-10-07 00:15:00+00:00,1225.9093017578125,1227.691162109375,1225.9093017578125,1227.041259765625,0
2025-10-07 00:30:00+00:00,1227.55712890625,1228.0953369140625,1225.549072265625,1225.935791015625,1106944
2025-10-07 00:45:00+00:00,1223.4669189453125,1227.55712890625,1223.4669189453125,1227.55712890625,449536
2025-10-07 01:00:00+00:00,1222.17724609375,1224.04931640625,1222.17724609375,1222.909423828125,571392
2025-10-07 01:15:00+00:00,1210.3486328125,1221.900146484375,1209.4306640625,1221.900146484375,30383616
2025-10-07 01:30:00+00:00,1213.2662353515625,1213.2662353515625,1210.441162109375,1210.441162109375,1916416
2025-10-07 01:45:00+00:00,1211.7919921875,1213.0465087890625,1210.2640380859375,1213.0465087890625,0
2025-10-07 02:00:00+00:00,1216.0264892578125,1216.0264892578125,1213.0765380859375,1213.0765380859375,3622400
2025-10-07 02:15:00+00:00,1218.5709228515625,1218.6458740234375,1216.106689453125,1216.221435546875,6842368
2025-10-07 02:30:00+00:00,1219.06494140625,1220.7843017578125,1218.7379150390625,1219.4564208984375,14257152
2025-10-07 02:45:00+00:00,1223.3701171875,1223.3857421875,1219.261474609375,1219.261474609375,5053440
2025-10-07 03:00:00+00:00,1228.5928955078125,1228.5928955078125,1224.1717529296875,1224.1717529296875,34280960
2025-10-07 03:15:00+00:00,1226.3800048828125,1228.5596923828125,1226.13818359375,1228.5596923828125,14086656
2025-10-07 03:30:00+00:00,1226.836181640625,1227.19091796875,1226.4300537109375,1226.47265625,9162752
2025-10-07 03:45:00+00:00,1225.5826416015625,1226.9217529296875,1225.5826416015625,1226.8795166015625,1062400
2025-10-07 04:00:00+00:00,1222.401123046875,1225.4559326171875,1222.401123046875,1225.4559326171875,0
2025-10-07 04:15:00+00:00,1225.8447265625,1225.8447265625,1221.5950927734375,1222.4195556640625,13847552
2025-10-07 04:30:00+00:00,1235.8218994140625,1236.1593017578125,1225.631103515625,1225.631103515625,100808704
2025-10-07 04:45:00+00:00,1243.94775390625,1243.94775390625,1235.5394287109375,1235.5394287109375,91667968
2025-10-07 05:00:00+00:00,1242.8419189453125,1244.3953857421875,1242.8419189453125,1244.1793212890625,33246208
2025-10-07 05:15:00+00:00,1249.8228759765625,1249.8228759765625,1241.2132568359375,1242.48193359375,51462656
2025-10-07 05:30:00+00:00,1255.065185546875,1255.065185546875,1250.7808837890625,1250.7808837890625,93228032
2025-10-07 05:45:00+00:00,1257.65869140625,1259.7889404296875,1255.6854248046875,1255.6854248046875,79236096
2025-10-07 06:00:00+00:00,1254.677978515625,1257.1954345703125,1254.677978515625,1257.1954345703125,9253376
2025-10-07 06:15:00+00:00,1248.0811767578125,1254.7337646484375,1248.0811767578125,1254.7337646484375,0
2025-10-07 06:30:00+00:00,1249.215576171875,1251.6536865234375,1247.4207763671875,1247.8297119140625,0
2025-10-07 06:45:00+00:00,1241.4554443359375,1244.8792724609375,1240.735107421875,1244.8792724609375,118784
2025-10-07 07:00:00+00:00,1246.172119140625,1246.2410888671875,1241.5537109375,1241.5537109375,5947392
2025-10-07 07:15:00+00:00,1251.7847900390625,1251.7847900390625,1246.08056640625,1246.729248046875,20379136
2025-10-07 07:30:00+00:00,1249.7159423828125,1255.312255859375,1249.7159423828125,1252.3907470703125,16155136
2025-10-07 07:45:00+00:00,1248.657958984375,1250.0225830078125,1248.163818359375,1249.573486328125,0
2025-10-07 08:00:00+00:00,1251.174560546875,1251.46533203125,1248.682373046875,1248.682373046875,48427008
2025-10-07 08:15:00+00:00,1242.25634765625,1251.1075439453125,1242.25634765625,1251.1075439453125,58963456
2025-10-07 08:30:00+00:00,1254.1207275390625,1254.1207275390625,1242.426513671875,1242.56591796875,52537856
2025-10-07 08:45:00+00:00,1266.5859375,1266.8494873046875,1256.9468994140625,1256.9468994140625,136862208
2025-10-07 09:00:00+00:00,1269.761474609375,1269.761474609375,1265.572998046875,1266.4432373046875,32440320
2025-10-07 09:15:00+00:00,1276.018310546875,1276.018310546875,1269.719970703125,1270.0224609375,130905600
2025-10-07 09:30:00+00:00,1275.7869873046875,1277.3226318359375,1274.5467529296875,1277.3226318359375,61007872
2025-10-07 09:45:00+00:00,1279.710693359375,1279.710693359375,1273.72216796875,1275.9459228515625,54070272
2025-10-07 10:00:00+00:00,1277.441650390625,1280.0067138671875,1275.4586181640625,1279.5076904296875,60649472
2025-10-07 10:15:00+00:00,1282.377685546875,1282.7232666015625,1277.5645751953125,1277.62255859375,46104064
2025-10-07 10:30:00+00:00,1293.701416015625,1294.4541015625,1281.8499755859375,1282.352783203125,136224768
2025-10-07 10:45:00+00:00,1291.1771240234375,1292.943359375,1290.7806396484375,1292.943359375,67330560
2025-10-07 11:00:00+00:00,1291.0093994140625,1293.4925537109375,1290.328125,1292.8912353515625,39421440
2025-10-07 11:15:00+00:00,1297.13037109375,1298.1011962890625,1292.7001953125,1292.7001953125,108435456
2025-10-07 11:30:00+00:00,1297.042724609375,1299.3509521484375,1295.4837646484375,1295.4837646484375,40458752
2025-10-07 11:45:00+00:00,1313.5389404296875,1313.5389404296875,1297.3193359375,1297.3193359375,220039168
2025-10-07 12:00:00+00:00,1325.810546875,1326.205322265625,1309.455078125,1313.388671875,164819456
2025-10-07 12:15:00+00:00,1321.913330078125,1334.372314453125,1321.8187255859375,1324.8597412109375,255840768
2025-10-07 12:30:00+00:00,1310.7713623046875,1322.19140625,1310.7713623046875,1322.19140625,118761472
2025-10-07 12:45:00+00:00,1320.324951171875,1320.324951171875,1310.9642333984375,1310.9642333984375,94841344
2025-10-07 13:00:00+00:00,1329.2320556640625,1329.2320556640625,1321.0660400390625,1321.0660400390625,109678080
2025-10-07 13:15:00+00:00,1325.476806640625,1330.3131103515625,1325.476806640625,1328.38720703125,65341952
2025-10-07 13:30:00+00:00,1308.4482421875,1325.58740234375,1308.4482421875,1325.58740234375,126930944
2025-10-07 13:45:00+00:00,1312.231201171875,1313.5931396484375,1305.1754150390625,1305.583984375,165916160
2025-10-07 14:00:00+00:00,1306.851806640625,1314.9429931640625,1306.851806640625,1312.9923095703125,68626432
2025-10-07 14:15:00+00:00,1311.8753662109375,1312.199951171875,1302.384033203125,1305.8758544921875,113739776
2025-10-07 14:30:00+00:00,1296.4925537109375,1311.960693359375,1296.4925537109375,1308.453125,66886656
2025-10-07 14:45:00+00:00,1298.5804443359375,1304.2908935546875,1296.53369140625,1296.53369140625,123875328
2025-10-07 15:00:00+00:00,1293.8037109375,1301.4775390625,1288.9749755859375,1298.166748046875,234840064
2025-10-07 15:15:00+00:00,1274.4952392578125,1292.444580078125,1274.4952392578125,1292.444580078125,336388096
2025-10-07 15:30:00+00:00,1276.2750244140625,1278.083251953125,1272.193115234375,1274.8189697265625,131492864
2025-10-07 15:45:00+00:00,1275.2916259765625,1275.2916259765625,1265.139892578125,1274.29345703125,108334080
2025-10-07 16:00:00+00:00,1281.4405517578125,1284.6986083984375,1280.8323974609375,1280.9903564453125,175207424
2025-10-07 16:15:00+00:00,1272.8621826171875,1280.209716796875,1270.5482177734375,1280.209716796875,93727744
2025-10-07 16:30:00+00:00,1293.980712890625,1294.0706787109375,1272.85009765625,1272.85009765625,126168064
2025-10-07 16:45:00+00:00,1289.9525146484375,1298.84423828125,1289.9525146484375,1294.4075927734375,138540032
2025-10-07 17:00:00+00:00,1281.825439453125,1288.06591796875,1281.825439453125,1287.627685546875,44448768
2025-10-07 17:15:00+00:00,1279.1478271484375,1281.9034423828125,1277.609375,1281.9034423828125,53081088
2025-10-07 17:30:00+00:00,1287.2733154296875,1287.2733154296875,1279.5028076171875,1279.5028076171875,12375040
2025-10-07 17:45:00+00:00,1286.7418212890625,1288.7698974609375,1284.2410888671875,1288.6097412109375,23800832
2025-10-07 18:00:00+00:00,1282.8160400390625,1286.6414794921875,1282.7218017578125,1286.6414794921875,24377344
2025-10-07 18:15:00+00:00,1273.6937255859375,1283.4478759765625,1273.6937255859375,1283.0751953125,34453504
2025-10-07 18:30:00+00:00,1274.738037109375,1277.2327880859375,1274.738037109375,1275.51611328125,18259968
2025-10-07 18:45:00+00:00,1279.4345703125,1279.669189453125,1275.1019287109375,1275.1019287109375,34280448
2025-10-07 19:00:00+00:00,1290.848388671875,1291.0179443359375,1278.607666015625,1279.1556396484375,52042752
2025-10-07 19:15:00+00:00,1291.5950927734375,1295.820068359375,1290.376953125,1290.376953125,58243072
2025-10-07 19:30:00+00:00,1296.843994140625,1297.2139892578125,1292.418701171875,1292.418701171875,45133824
2025-10-07 19:45:00+00:00,1297.5849609375,1298.244873046875,1294.9993896484375,1296.8973388671875,30381056
2025-10-07 20:00:00+00:00,1306.77685546875,1306.77685546875,1297.5194091796875,1297.5194091796875,63512576
2025-10-07 20:15:00+00:00,1309.6915283203125,1309.6915283203125,1305.11181640625,1306.7156982421875,65178624
2025-10-07 20:30:00+00:00,1311.2017822265625,1314.500732421875,1309.9478759765625,1309.9478759765625,80247808
2025-10-07 20:45:00+00:00,1314.2010498046875,1314.2010498046875,1309.648193359375,1310.2308349609375,47124480
2025-10-07 21:00:00+00:00,1320.516845703125,1320.516845703125,1312.5299072265625,1312.5799560546875,67597312
2025-10-07 21:15:00+00:00,1324.9892578125,1325.00439453125,1317.952880859375,1319.658447265625,68576256
2025-10-07 21:30:00+00:00,1323.25048828125,1326.193115234375,1323.25048828125,1326.193115234375,37202944
2025-10-07 21:45:00+00:00,1313.2064208984375,1323.3956298828125,1311.823974609375,1323.3956298828125,76371968
2025-10-07 22:00:00+00:00,1315.3115234375,1315.5205078125,1313.278564453125,1313.339599609375,48918528
2025-10-07 22:15:00+00:00,1316.9962158203125,1321.4169921875,1315.467041015625,1315.467041015625,60870656
2025-10-07 22:30:00+00:00,1310.2806396484375,1316.8623046875,1309.8944091796875,1316.8623046875,18872320
2025-10-07 22:45:00+00:00,1308.171142578125,1311.1834716796875,1308.171142578125,1310.23681640625,31744000
2025-10-07 23:00:00+00:00,1307.475341796875,1308.467041015625,1305.77783203125,1308.4010009765625,26177536
2025-10-07 23:15:00+00:00,1310.6055908203125,1310.6055908203125,1306.1170654296875,1307.2100830078125,27560960
2025-10-07 23:30:00+00:00,1309.939453125,1311.87060546875,1309.642578125,1310.7099609375,23525376
2025-10-07 23:45:00+00:00,1310.364501953125,1315.9183349609375,1310.364501953125,1311.2022705078125,59905024
2025-10-08 00:00:00+00:00,1313.5897216796875,1313.5897216796875,1306.3460693359375,1306.3460693359375,29164544
2025-10-08 00:15:00+00:00,1322.66796875,1326.2457275390625,1313.9193115234375,1313.9193115234375,113271808
2025-10-08 00:30:00+00:00,1332.445556640625,1332.694580078125,1318.634033203125,1323.2537841796875,101276672
2025-10-08 00:45:00+00:00,1318.400634765625,1327.8409423828125,1318.400634765625,1327.64599609375,100504576
2025-10-08 01:00:00+00:00,1310.823486328125,1318.236572265625,1310.823486328125,1318.236572265625,70702080
2025-10-08 01:15:00+00:00,1315.3480224609375,1315.3480224609375,1308.9339599609375,1310.955322265625,17001472
2025-10-08 01:30:00+00:00,1314.0345458984375,1316.2376708984375,1309.1416015625,1315.106689453125,50608128
2025-10-08 01:45:00+00:00,1313.575439453125,1314.0299072265625,1311.7261962890625,1314.0299072265625,30722048
2025-10-08 02:00:00+00:00,1289.074462890625,1313.4171142578125,1289.074462890625,1313.4171142578125,67521536
2025-10-08 02:15:00+00:00,1292.548828125,1292.548828125,1286.8079833984375,1288.3968505859375,96012288
2025-10-08 02:30:00+00:00,1290.979248046875,1292.6849365234375,1289.684326171875,1292.6849365234375,37853184
2025-10-08 02:45:00+00:00,1291.1282958984375,1291.1282958984375,1286.908935546875,1288.4239501953125,66336768
2025-10-08 03:00:00+00:00,1285.891357421875,1290.9859619140625,1284.9161376953125,1290.9859619140625,3749888
2025-10-08 03:15:00+00:00,1277.2049560546875,1288.7962646484375,1277.0172119140625,1286.34033203125,66056192
2025-10-08 03:30:00+00:00,1276.1978759765625,1276.7120361328125,1274.70556640625,1276.7120361328125,55690240
2025-10-08 03:45:00+00:00,1276.0380859375,1278.0819091796875,1274.4439697265625,1274.4439697265625,50580480
2025-10-08 04:00:00+00:00,1271.9071044921875,1276.1641845703125,1271.008544921875,1276.1641845703125,73977856
2025-10-08 04:15:00+00:00,1281.7978515625,1285.052978515625,1272.9222412109375,1272.9222412109375,71209984
2025-10-08 04:30:00+00:00,1286.359619140625,1286.7442626953125,1281.885498046875,1281.885498046875,766976
2025-10-08 04:45:00+00:00,1285.1483154296875,1286.367431640625,1284.8502197265625,1286.367431640625,438272
2025-10-08 05:00:00+00:00,1282.0845947265625,1285.479736328125,1282.0845947265625,1285.479736328125,519168
2025-10-08 05:15:00+00:00,1274.047119140625,1282.97509765625,1274.047119140625,1282.4583740234375,0
2025-10-08 05:30:00+00:00,1281.6444091796875,1281.6444091796875,1274.506103515625,1274.506103515625,0
2025-10-08 05:45:00+00:00,1284.154296875,1284.154296875,1280.91455078125,1281.2720947265625,0
2025-10-08 06:00:00+00:00,1286.1279296875,1286.1279296875,1282.588134765625,1284.092041015625,6704128
2025-10-08 06:15:00+00:00,1293.430908203125,1293.5177001953125,1285.9678955078125,1285.9678955078125,17587200
2025-10-08 06:30:00+00:00,1297.7283935546875,1297.7283935546875,1293.558349609375,1293.558349609375,21431296
2025-10-08 06:45:00+00:00,1307.8447265625,1307.9415283203125,1299.7548828125,1299.777099609375,55421952
2025-10-08 07:00:00+00:00,1305.0704345703125,1307.3837890625,1305.005126953125,1306.6669921875,19040256
2025-10-08 07:15:00+00:00,1305.9609375,1305.9609375,1302.300537109375,1305.2291259765625,13793280
2025-10-08 07:30:00+00:00,1304.806640625,1308.0771484375,1304.806640625,1306.3896484375,7657472
2025-10-08 07:45:00+00:00,1308.413330078125,1308.413330078125,1304.4217529296875,1306.549072265625,21429248
2025-10-08 08:00:00+00:00,1312.53662109375,1314.738525390625,1311.620361328125,1311.620361328125,13443072
2025-10-08 08:15:00+00:00,1316.0804443359375,1316.0804443359375,1311.047607421875,1312.5576171875,0
2025-10-08 08:30:00+00:00,1322.8577880859375,1322.8577880859375,1316.6654052734375,1316.853759765625,15891456
2025-10-08 08:45:00+00:00,1321.055908203125,1325.99853515625,1320.8533935546875,1325.99853515625,0
2025-10-08 09:00:00+00:00,1319.788330078125,1323.9368896484375,1319.788330078125,1321.53662109375,0
2025-10-08 09:15:00+00:00,1308.52197265625,1319.794921875,1308.52197265625,1319.794921875,0
2025-10-08 09:30:00+00:00,1312.14599609375,1312.36083984375,1309.1610107421875,1309.3646240234375,0
2025-10-08 09:45:00+00:00,1312.758544921875,1313.30078125,1309.52978515625,1312.527587890625,0
2025-10-08 10:00:00+00:00,1317.2569580078125,1319.5533447265625,1313.25341796875,1313.25341796875,0
2025-10-08 10:15:00+00:00,1321.1414794921875,1321.1414794921875,1317.1019287109375,1317.3258056640625,0
2025-10-08 10:30:00+00:00,1319.0908203125,1321.4859619140625,1318.011962890625,1321.1728515625,0
2025-10-08 10:45:00+00:00,1314.1280517578125,1319.303466796875,1314.000732421875,1319.303466796875,326656
2025-10-08 11:00:00+00:00,1311.2020263671875,1313.783447265625,1311.2020263671875,1313.783447265625,0
2025-10-08 11:15:00+00:00,1312.3370361328125,1312.3370361328125,1307.541015625,1311.3277587890625,0
2025-10-08 11:30:00+00:00,1314.5274658203125,1314.5274658203125,1312.2694091796875,1312.2694091796875,0
2025-10-08 11:45:00+00:00,1314.128173828125,1316.577880859375,1314.128173828125,1314.291259765625,0
2025-10-08 12:00:00+00:00,1317.6541748046875,1317.6541748046875,1314.020263671875,1314.020263671875,0
2025-10-08 12:15:00+00:00,1311.85595703125,1317.343017578125,1311.8419189453125,1317.343017578125,405653504
2025-10-08 12:30:00+00:00,1307.8858642578125,1310.163330078125,1307.265380859375,1310.163330078125,0
2025-10-08 12:45:00+00:00,1306.3970947265625,1308.41845703125,1306.2060546875,1307.896484375,0
2025-10-08 13:00:00+00:00,1301.71484375,1306.38720703125,1299.752685546875,1306.38720703125,638976
2025-10-08 13:15:00+00:00,1300.7611083984375,1304.9459228515625,1300.7611083984375,1301.680419921875,0
2025-10-08 13:30:00+00:00,1302.5234375,1305.5587158203125,1300.8428955078125,1300.8428955078125,0
2025-10-08 13:45:00+00:00,1305.9632568359375,1305.9632568359375,1299.7901611328125,1300.988037109375,0
2025-10-08 14:00:00+00:00,1310.046875,1316.744140625,1309.947021484375,1309.947021484375,2908160
2025-10-08 14:15:00+00:00,1303.612548828125,1307.9083251953125,1303.612548828125,1306.6915283203125,0
2025-10-08 14:30:00+00:00,1307.5928955078125,1307.5928955078125,1302.9912109375,1302.9912109375,0
2025-10-08 14:45:00+00:00,1297.8804931640625,1307.8970947265625,1297.8804931640625,1307.8970947265625,0
2025-10-08 15:00:00+00:00,1301.07275390625,1301.23828125,1298.09228515625,1298.09228515625,0
2025-10-08 15:15:00+00:00,1300.7088623046875,1301.5045166015625,1296.5810546875,1300.8409423828125,0
2025-10-08 15:30:00+00:00,1293.8787841796875,1300.2789306640625,1292.110107421875,1300.2789306640625,0
2025-10-08 15:45:00+00:00,1292.425048828125,1293.4107666015625,1291.192138671875,1293.4107666015625,0
2025-10-08 16:00:00+00:00,1297.65771484375,1297.65771484375,1291.864013671875,1293.52783203125,0
2025-10-08 16:15:00+00:00,1295.503662109375,1297.7674560546875,1294.71533203125,1297.70068359375,0
2025-10-08 16:30:00+00:00,1292.7996826171875,1295.0814208984375,1292.04638671875,1295.0814208984375,0
2025-10-08 16:45:00+00:00,1302.7381591796875,1302.7806396484375,1293.1875,1293.1875,0
2025-10-08 17:00:00+00:00,1304.97802734375,1304.97802734375,1302.3914794921875,1303.5379638671875,0
2025-10-08 17:15:00+00:00,1309.4508056640625,1309.8345947265625,1305.3463134765625,1305.3463134765625,24805376
2025-10-08 17:30:00+00:00,1309.3978271484375,1310.8582763671875,1308.887451171875,1309.6676025390625,0
2025-10-08 17:45:00+00:00,1311.8350830078125,1311.8350830078125,1308.541015625,1309.22900390625,0
2025-10-08 18:00:00+00:00,1318.506103515625,1318.5191650390625,1311.8411865234375,1311.8411865234375,4595712
2025-10-08 18:15:00+00:00,1318.1715087890625,1320.7974853515625,1316.5439453125,1318.0150146484375,20660224
2025-10-08 18:30:00+00:00,1318.39697265625,1318.928955078125,1316.9083251953125,1316.9083251953125,4272128
2025-10-08 18:45:00+00:00,1319.447998046875,1320.732421875,1317.6204833984375,1318.2703857421875,6205440
2025-10-08 19:00:00+00:00,1315.0677490234375,1319.034912109375,1314.8829345703125,1319.010498046875,0
2025-10-08 19:15:00+00:00,1318.2073974609375,1318.3680419921875,1314.92626953125,1314.92626953125,0
2025-10-08 19:30:00+00:00,1318.73095703125,1319.5897216796875,1318.322265625,1318.322265625,0
2025-10-08 19:45:00+00:00,1316.260986328125,1318.8585205078125,1316.260986328125,1318.698486328125,0
2025-10-08 20:00:00+00:00,1317.7078857421875,1317.7078857421875,1316.340087890625,1316.340087890625,0
2025-10-08 20:15:00+00:00,1322.4385986328125,1322.4385986328125,1318.8505859375,1318.8505859375,0
2025-10-08 20:30:00+00:00,1318.5252685546875,1323.1326904296875,1318.5252685546875,1322.4686279296875,0
2025-10-08 20:45:00+00:00,1312.976318359375,1317.0673828125,1311.974609375,1317.0673828125,0
2025-10-08 21:00:00+00:00,1310.7464599609375,1313.4156494140625,1310.6661376953125,1313.0616455078125,0
2025-10-08 21:15:00+00:00,1310.0072021484375,1310.6441650390625,1310.0072021484375,1310.6441650390625,0
2025-10-08 21:30:00+00:00,1309.7642822265625,1309.90966796875,1308.3079833984375,1309.90966796875,0
2025-10-08 21:45:00+00:00,1303.9898681640625,1309.4853515625,1303.6531982421875,1309.4853515625,0
2025-10-08 22:00:00+00:00,1310.0316162109375,1310.91357421875,1306.0323486328125,1306.0323486328125,0
2025-10-08 22:15:00+00:00,1310.630615234375,1311.06298828125,1309.1220703125,1310.299072265625,0
2025-10-08 22:30:00+00:00,1308.7540283203125,1310.2529296875,1308.7540283203125,1310.0987548828125,0
2025-10-08 22:45:00+00:00,1302.966796875,1308.750244140625,1302.966796875,1308.750244140625,0
2025-10-08 23:00:00+00:00,1296.99658203125,1302.1181640625,1296.970458984375,1302.1181640625,16611328
2025-10-08 23:15:00+00:00,1299.8994140625,1299.8994140625,1296.8265380859375,1296.88427734375,1973760
2025-10-08 23:30:00+00:00,1302.8726806640625,1302.8726806640625,1300.141357421875,1300.4647216796875,11627520
2025-10-08 23:45:00+00:00,1306.64794921875,1306.64794921875,1302.6353759765625,1302.865966796875,0
2025-10-09 00:00:00+00:00,1305.78515625,1307.6275634765625,1305.4873046875,1306.6441650390625,0
2025-10-09 00:15:00+00:00,1304.32275390625,1305.754150390625,1304.32275390625,1305.73291015625,0
2025-10-09 00:30:00+00:00,1304.2763671875,1304.359130859375,1300.73583984375,1304.359130859375,0
2025-10-09 00:45:00+00:00,1313.4930419921875,1314.8267822265625,1304.1944580078125,1304.2518310546875,38584320
2025-10-09 01:00:00+00:00,1309.0673828125,1311.9525146484375,1308.5177001953125,1311.9525146484375,0
2025-10-09 01:15:00+00:00,1304.229248046875,1309.4090576171875,1304.229248046875,1309.4090576171875,0
2025-10-09 01:30:00+00:00,1304.48291015625,1304.48291015625,1303.0333251953125,1303.0333251953125,0
2025-10-09 01:45:00+00:00,1308.17724609375,1308.17724609375,1304.1903076171875,1304.1903076171875,0
2025-10-09 02:00:00+00:00,1300.8955078125,1308.10888671875,1300.8955078125,1308.10888671875,0
2025-10-09 02:15:00+00:00,1281.1771240234375,1300.900146484375,1280.13916015625,1300.900146484375,31950848
2025-10-09 02:30:00+00:00,1270.222900390625,1281.344482421875,1270.222900390625,1280.861572265625,86175744
2025-10-09 02:45:00+00:00,1260.7984619140625,1270.2408447265625,1260.2235107421875,1270.2408447265625,75828736
2025-10-09 03:00:00+00:00,1271.1072998046875,1271.1072998046875,1260.3170166015625,1260.3170166015625,56843264
2025-10-09 03:15:00+00:00,1271.6533203125,1272.8883056640625,1270.07568359375,1270.687255859375,5135360
2025-10-09 03:30:00+00:00,1273.2647705078125,1275.0672607421875,1271.673095703125,1271.673095703125,8328704
2025-10-09 03:45:00+00:00,1277.06787109375,1277.06787109375,1272.976318359375,1272.976318359375,0
2025-10-09 04:00:00+00:00,1279.897705078125,1279.897705078125,1277.114013671875,1277.114013671875,0
2025-10-09 04:15:00+00:00,1287.016357421875,1287.016357421875,1279.5274658203125,1279.779052734375,0
2025-10-09 04:30:00+00:00,1277.6287841796875,1287.3089599609375,1277.6287841796875,1287.080810546875,0
2025-10-09 04:45:00+00:00,1275.9940185546875,1277.2237548828125,1275.9940185546875,1277.2237548828125,0
2025-10-09 05:00:00+00:00,1278.3790283203125,1278.3790283203125,1276.174072265625,1276.174072265625,0
2025-10-09 05:15:00+00:00,1279.358642578125,1279.358642578125,1274.47265625,1278.1494140625,2401792
2025-10-09 05:30:00+00:00,1296.0428466796875,1296.0428466796875,1279.6326904296875,1279.6326904296875,34778112
2025-10-09 05:45:00+00:00,1296.733154296875,1298.142578125,1295.53662109375,1296.0462646484375,35586048
2025-10-09 06:00:00+00:00,1303.497802734375,1303.6539306640625,1296.1171875,1296.4921875,49157632
2025-10-09 06:15:00+00:00,1300.43359375,1304.638671875,1300.43359375,1303.724609375,2543104
2025-10-09 06:30:00+00:00,1315.165771484375,1315.299072265625,1300.4447021484375,1300.4447021484375,80836096
2025-10-09 06:45:00+00:00,1309.00732421875,1314.890869140625,1308.8887939453125,1314.890869140625,5354496
2025-10-09 07:00:00+00:00,1314.5885009765625,1314.5885009765625,1309.828857421875,1309.828857421875,38403072
2025-10-09 07:15:00+00:00,1315.4298095703125,1317.989013671875,1314.6181640625,1314.6181640625,55279104
2025-10-09 07:30:00+00:00,1308.755126953125,1315.6029052734375,1308.689453125,1315.334228515625,56837120
2025-10-09 07:45:00+00:00,1310.6063232421875,1315.185302734375,1308.601806640625,1308.601806640625,28310016
2025-10-09 08:00:00+00:00,1303.5086669921875,1310.3316650390625,1303.5086669921875,1309.6279296875,15454720
2025-10-09 08:15:00+00:00,1288.7203369140625,1303.505859375,1288.7203369140625,1303.505859375,60681728
2025-10-09 08:30:00+00:00,1293.8983154296875,1293.8983154296875,1288.8599853515625,1288.8599853515625,47269888
2025-10-09 08:45:00+00:00,1281.5906982421875,1294.8411865234375,1281.5906982421875,1293.113525390625,14705152
2025-10-09 09:00:00+00:00,1283.529052734375,1285.209716796875,1281.489501953125,1281.489501953125,4389888
2025-10-09 09:15:00+00:00,1276.325927734375,1283.4581298828125,1275.7342529296875,1283.4581298828125,8671744
2025-10-09 09:30:00+00:00,1279.4617919921875,1280.5458984375,1276.1956787109375,1276.1956787109375,13285376
2025-10-09 09:45:00+00:00,1282.4620361328125,1283.1470947265625,1278.00390625,1279.1365966796875,15787520
2025-10-09 10:00:00+00:00,1280.0968017578125,1285.5692138671875,1280.0968017578125,1282.4476318359375,0
2025-10-09 10:15:00+00:00,1270.31982421875,1279.4569091796875,1270.31982421875,1279.4215087890625,32767488
2025-10-09 10:30:00+00:00,1276.76513671875,1276.76513671875,1270.259521484375,1270.259521484375,1850368
2025-10-09 10:45:00+00:00,1283.079833984375,1283.4583740234375,1276.96533203125,1276.96533203125,9589248
2025-10-09 11:00:00+00:00,1285.262939453125,1285.64208984375,1282.7470703125,1283.075439453125,6506496
2025-10-09 11:15:00+00:00,1285.601806640625,1287.1053466796875,1283.3763427734375,1285.0760498046875,10354688
2025-10-09 11:30:00+00:00,1282.583984375,1285.601318359375,1279.7587890625,1285.601318359375,13928960
2025-10-09 11:45:00+00:00,1282.9346923828125,1285.6058349609375,1282.884033203125,1282.9827880859375,17827840
2025-10-09 12:00:00+00:00,1285.428466796875,1285.428466796875,1281.468505859375,1282.26904296875,1734656
2025-10-09 12:15:00+00:00,1286.75537109375,1289.0328369140625,1285.2249755859375,1285.2249755859375,10691584
2025-10-09 12:30:00+00:00,1285.515869140625,1286.642333984375,1281.5401611328125,1286.642333984375,19863040
2025-10-09 12:45:00+00:00,1284.2525634765625,1287.9627685546875,1283.3626708984375,1285.845947265625,27756544
2025-10-09 13:00:00+00:00,1271.8922119140625,1284.080810546875,1271.8922119140625,1284.080810546875,7007232
2025-10-09 13:15:00+00:00,1271.919921875,1271.919921875,1267.9681396484375,1270.906982421875,55217664
2025-10-09 13:30:00+00:00,1266.756103515625,1272.7806396484375,1266.756103515625,1272.3780517578125,14820864
2025-10-09 13:45:00+00:00,1262.0347900390625,1267.6785888671875,1262.0347900390625,1266.31201171875,15824896
2025-10-09 14:00:00+00:00,1256.99609375,1257.8865966796875,1249.5933837890625,1257.8865966796875,51789312
2025-10-09 14:15:00+00:00,1248.101318359375,1258.7342529296875,1248.101318359375,1257.67138671875,59064320
2025-10-09 14:30:00+00:00,1237.915283203125,1243.988037109375,1230.9034423828125,1243.988037109375,224300032
2025-10-09 14:45:00+00:00,1239.6636962890625,1239.934814453125,1235.6246337890625,1237.568359375,47015936
2025-10-09 15:00:00+00:00,1242.00244140625,1245.455078125,1240.9842529296875,1241.4576416015625,40958464
2025-10-09 15:15:00+00:00,1237.3135986328125,1243.095458984375,1237.3135986328125,1241.983642578125,0
2025-10-09 15:30:00+00:00,1235.317626953125,1238.0589599609375,1235.317626953125,1235.5396728515625,6645248
2025-10-09 15:45:00+00:00,1239.9073486328125,1241.0072021484375,1234.680419921875,1234.680419921875,18440192
2025-10-09 16:00:00+00:00,1236.575439453125,1241.913818359375,1236.5753173828125,1240.492431640625,5577728
2025-10-09 16:15:00+00:00,1230.8773193359375,1236.0772705078125,1230.654296875,1235.3734130859375,34568192
2025-10-09 16:30:00+00:00,1229.2626953125,1231.504638671875,1228.4053955078125,1231.504638671875,34302464
2025-10-09 16:45:00+00:00,1231.08056640625,1232.904296875,1229.3603515625,1229.3603515625,34420736
2025-10-09 17:00:00+00:00,1241.1827392578125,1241.26416015625,1229.6397705078125,1230.5281982421875,79666176
2025-10-09 17:15:00+00:00,1238.37744140625,1241.07177734375,1238.1767578125,1241.07177734375,0
2025-10-09 17:30:00+00:00,1242.062744140625,1242.062744140625,1238.23828125,1238.23828125,11771904
2025-10-09 17:45:00+00:00,1243.7276611328125,1244.7257080078125,1241.8995361328125,1241.8995361328125,5335040
2025-10-09 18:00:00+00:00,1244.326171875,1245.7840576171875,1243.3084716796875,1245.7840576171875,0
2025-10-09 18:15:00+00:00,1244.971923828125,1245.188720703125,1243.180908203125,1244.19677734375,0
2025-10-09 18:30:00+00:00,1241.1654052734375,1245.060791015625,1241.10107421875,1245.060791015625,9050624
2025-10-09 18:45:00+00:00,1239.55859375,1241.31103515625,1239.1134033203125,1241.31103515625,4193792
2025-10-09 19:00:00+00:00,1242.5489501953125,1243.0001220703125,1239.0089111328125,1239.0089111328125,0
2025-10-09 19:15:00+00:00,1243.0828857421875,1243.1827392578125,1241.054443359375,1242.7088623046875,3622912
2025-10-09 19:30:00+00:00,1239.9632568359375,1243.6302490234375,1239.9632568359375,1243.09716796875,0
2025-10-09 19:45:00+00:00,1240.558349609375,1240.852783203125,1239.7720947265625,1239.8287353515625,2387456
2025-10-09 20:00:00+00:00,1242.8583984375,1243.7137451171875,1241.821044921875,1241.8260498046875,5740032
2025-10-09 20:15:00+00:00,1244.196533203125,1244.196533203125,1241.251708984375,1242.4747314453125,2547712
2025-10-09 20:30:00+00:00,1246.878173828125,1246.878173828125,1244.1903076171875,1244.1903076171875,0
2025-10-09 20:45:00+00:00,1246.9302978515625,1247.571044921875,1246.4259033203125,1247.0302734375,780800
2025-10-09 21:00:00+00:00,1248.283447265625,1248.283447265625,1246.9381103515625,1247.1185302734375,3995648
2025-10-09 21:15:00+00:00,1251.7012939453125,1252.583740234375,1248.9033203125,1248.9033203125,24136704
2025-10-09 21:30:00+00:00,1253.4158935546875,1253.4158935546875,1251.0894775390625,1251.6068115234375,2973184
2025-10-09 21:45:00+00:00,1254.705810546875,1254.705810546875,1252.51513671875,1253.426025390625,0
2025-10-09 22:00:00+00:00,1256.0960693359375,1256.146728515625,1254.328369140625,1254.5159912109375,2538496
2025-10-09 22:15:00+00:00,1258.304931640625,1258.511962890625,1256.0574951171875,1256.0574951171875,9359872
2025-10-09 22:30:00+00:00,1256.833984375,1257.930419921875,1255.9527587890625,1257.930419921875,3547648
2025-10-09 22:45:00+00:00,1258.3424072265625,1258.5872802734375,1257.5091552734375,1257.61376953125,5348352
2025-10-09 23:00:00+00:00,1255.4251708984375,1259.3955078125,1255.4251708984375,1258.5579833984375,0
2025-10-09 23:15:00+00:00,1253.86474609375,1255.1766357421875,1252.9193115234375,1255.1766357421875,1141248
2025-10-09 23:30:00+00:00,1254.3402099609375,1254.509765625,1253.4151611328125,1253.5814208984375,0
2025-10-09 23:45:00+00:00,1255.9927978515625,1255.9927978515625,1254.342041015625,1254.342041015625,1116160
2025-10-10 00:00:00+00:00,1257.2735595703125,1257.614013671875,1256.023681640625,1256.023681640625,8633344
2025-10-10 00:15:00+00:00,1264.7359619140625,1264.7525634765625,1258.6339111328125,1258.6339111328125,32438784
2025-10-10 00:30:00+00:00,1264.5992431640625,1268.3131103515625,1264.5992431640625,1268.3131103515625,17187840
2025-10-10 00:45:00+00:00,1259.072998046875,1264.376953125,1259.0474853515625,1264.376953125,0
2025-10-10 01:00:00+00:00,1259.3822021484375,1260.1319580078125,1258.27099609375,1258.27099609375,3247616
2025-10-10 01:15:00+00:00,1255.553466796875,1259.557861328125,1255.3973388671875,1259.5321044921875,384512
2025-10-10 01:30:00+00:00,1253.6326904296875,1256.9034423828125,1253.512939453125,1256.9034423828125,2783232
2025-10-10 01:45:00+00:00,1250.19140625,1253.583984375,1250.1553955078125,1253.583984375,5659648
2025-10-10 02:00:00+00:00,1247.610595703125,1250.457275390625,1246.286376953125,1250.1226806640625,1787392
2025-10-10 02:15:00+00:00,1252.6517333984375,1253.2432861328125,1247.6646728515625,1247.6646728515625,0
2025-10-10 02:30:00+00:00,1252.2535400390625,1252.98876953125,1251.5308837890625,1252.98876953125,0
2025-10-10 02:45:00+00:00,1247.803955078125,1251.1058349609375,1247.803955078125,1251.1058349609375,0
2025-10-10 03:00:00+00:00,1247.9658203125,1247.9658203125,1247.243408203125,1247.5186767578125,0
2025-10-10 03:15:00+00:00,1253.7783203125,1253.7783203125,1248.0264892578125,1248.0264892578125,0
2025-10-10 03:30:00+00:00,1259.8370361328125,1259.8387451171875,1254.234619140625,1254.234619140625,3348480
2025-10-10 03:45:00+00:00,1260.3770751953125,1264.7611083984375,1260.077880859375,1260.077880859375,46595072
2025-10-10 04:00:00+00:00,1266.6539306640625,1266.6539306640625,1260.2568359375,1260.2568359375,12920320
2025-10-10 04:15:00+00:00,1268.0238037109375,1268.0238037109375,1265.5223388671875,1267.4630126953125,8688128
2025-10-10 04:30:00+00:00,1270.733154296875,1271.92724609375,1268.0980224609375,1268.0980224609375,28135936
2025-10-10 04:45:00+00:00,1265.83837890625,1270.25537109375,1265.6680908203125,1270.25537109375,14689792
2025-10-10 05:00:00+00:00,1262.1986083984375,1265.5997314453125,1261.472900390625,1265.5997314453125,15271936
2025-10-10 05:15:00+00:00,1268.2869873046875,1268.2869873046875,1262.3963623046875,1262.3963623046875,2379776
2025-10-10 05:30:00+00:00,1269.4736328125,1269.4736328125,1267.225341796875,1268.4520263671875,0
2025-10-10 05:45:00+00:00,1271.720458984375,1273.4080810546875,1269.714111328125,1269.714111328125,1327616
2025-10-10 06:00:00+00:00,1274.5989990234375,1275.694580078125,1271.371337890625,1271.7786865234375,0
2025-10-10 06:15:00+00:00,1273.6702880859375,1276.3428955078125,1272.905517578125,1274.7972412109375,0
2025-10-10 06:30:00+00:00,1274.05517578125,1274.1685791015625,1272.496826171875,1273.62353515625,0
2025-10-10 06:45:00+00:00,1270.7799072265625,1275.209716796875,1270.7799072265625,1275.1768798828125,0
2025-10-10 07:00:00+00:00,1269.0457763671875,1270.5006103515625,1267.1929931640625,1270.5006103515625,0
2025-10-10 07:15:00+00:00,1267.65966796875,1271.5477294921875,1267.65966796875,1269.3638916015625,0
2025-10-10 07:30:00+00:00,1265.077392578125,1268.492919921875,1265.077392578125,1267.94677734375,0
2025-10-10 07:45:00+00:00,1265.225341796875,1265.70849609375,1263.9776611328125,1265.1405029296875,0
2025-10-10 08:00:00+00:00,1264.4583740234375,1266.8182373046875,1264.4583740234375,1265.158935546875,0
2025-10-10 08:15:00+00:00,1267.634765625,1269.0728759765625,1264.3907470703125,1264.3907470703125,0
2025-10-10 08:30:00+00:00,1264.8502197265625,1267.5379638671875,1264.6776123046875,1267.5379638671875,0
2025-10-10 08:45:00+00:00,1267.1671142578125,1267.1671142578125,1265.008056640625,1265.008056640625,0
2025-10-10 09:00:00+00:00,1262.0968017578125,1267.044189453125,1262.0968017578125,1267.042724609375,0
2025-10-10 09:15:00+00:00,1258.8250732421875,1260.7841796875,1257.011962890625,1260.7841796875,0
2025-10-10 09:30:00+00:00,1254.44091796875,1259.1094970703125,1254.3345947265625,1259.097412109375,1657856
2025-10-10 09:45:00+00:00,1249.076416015625,1253.3370361328125,1249.076416015625,1253.3370361328125,1379840
2025-10-10 10:00:00+00:00,1251.17529296875,1251.3292236328125,1249.0716552734375,1249.0716552734375,0
2025-10-10 10:15:00+00:00,1247.58056640625,1251.1455078125,1247.58056640625,1251.1455078125,0
2025-10-10 10:30:00+00:00,1249.0677490234375,1249.0677490234375,1247.1407470703125,1247.1407470703125,0
2025-10-10 10:45:00+00:00,1251.3701171875,1251.8865966796875,1249.2325439453125,1249.2325439453125,751616
2025-10-10 11:00:00+00:00,1267.5958251953125,1270.290283203125,1251.631103515625,1251.631103515625,84871680
2025-10-10 11:15:00+00:00,1264.2613525390625,1268.6824951171875,1263.667236328125,1267.1671142578125,12697600
2025-10-10 11:30:00+00:00,1268.920166015625,1268.920166015625,1264.29833984375,1264.29833984375,2322432
2025-10-10 11:45:00+00:00,1271.2086181640625,1271.7655029296875,1268.0555419921875,1269.2666015625,14921728
2025-10-10 12:00:00+00:00,1273.2314453125,1273.318115234375,1270.155517578125,1270.781494140625,0
2025-10-10 12:15:00+00:00,1272.12841796875,1272.9317626953125,1272.115966796875,1272.619873046875,0
2025-10-10 12:30:00+00:00,1270.2901611328125,1272.1700439453125,1269.7470703125,1272.1700439453125,0
2025-10-10 12:45:00+00:00,1271.8626708984375,1272.803466796875,1269.7916259765625,1270.337158203125,0
2025-10-10 13:00:00+00:00,1268.9715576171875,1271.7138671875,1268.9715576171875,1271.1763916015625,0
2025-10-10 13:15:00+00:00,1269.502197265625,1269.502197265625,1268.3848876953125,1268.98486328125,0
2025-10-10 13:30:00+00:00,1262.1575927734375,1269.1046142578125,1262.1575927734375,1269.1046142578125,91302912
2025-10-10 13:45:00+00:00,1250.4705810546875,1261.788818359375,1250.4705810546875,1261.788818359375,15638528
2025-10-10 14:00:00+00:00,1255.1531982421875,1255.6568603515625,1250.7825927734375,1250.7825927734375,0
2025-10-10 14:15:00+00:00,1251.490478515625,1254.8785400390625,1249.724365234375,1254.8785400390625,0
2025-10-10 14:30:00+00:00,1252.5487060546875,1253.266845703125,1250.747314453125,1250.747314453125,0
2025-10-10 14:45:00+00:00,1250.365478515625,1252.6695556640625,1250.365478515625,1252.580078125,0
2025-10-10 15:00:00+00:00,1236.0882568359375,1243.25439453125,1234.6182861328125,1243.25439453125,97463296
2025-10-10 15:15:00+00:00,1222.9427490234375,1235.9215087890625,1222.9427490234375,1235.9215087890625,114591744
2025-10-10 15:30:00+00:00,1218.8642578125,1223.09619140625,1213.0408935546875,1223.09619140625,241838592
2025-10-10 15:45:00+00:00,1216.714111328125,1224.558349609375,1216.3331298828125,1224.3572998046875,59284480
2025-10-10 16:00:00+00:00,1223.1158447265625,1223.808837890625,1215.7135009765625,1216.4161376953125,42229760
2025-10-10 16:15:00+00:00,1232.662109375,1232.662109375,1221.9639892578125,1222.86376953125,21649920
2025-10-10 16:30:00+00:00,1235.7943115234375,1240.5546875,1232.1812744140625,1232.1812744140625,41463296
2025-10-10 16:45:00+00:00,1226.53076171875,1234.2530517578125,1226.53076171875,1233.921142578125,24671744
2025-10-10 17:00:00+00:00,1230.75927734375,1231.6070556640625,1226.744140625,1226.7762451171875,6836736
2025-10-10 17:15:00+00:00,1226.578857421875,1230.2515869140625,1226.1573486328125,1230.2515869140625,7174144
2025-10-10 17:30:00+00:00,1227.265380859375,1228.877685546875,1225.234130859375,1228.877685546875,19313664
2025-10-10 17:45:00+00:00,1228.0662841796875,1228.0662841796875,1226.786865234375,1227.318359375,4794368
2025-10-10 18:00:00+00:00,1228.43505859375,1228.6802978515625,1227.90478515625,1227.90478515625,12086272
2025-10-10 18:15:00+00:00,1232.8663330078125,1232.8663330078125,1228.0780029296875,1228.580078125,12857856
2025-10-10 18:30:00+00:00,1230.57470703125,1232.541748046875,1230.2418212890625,1232.2120361328125,1827840
2025-10-10 18:45:00+00:00,1225.069580078125,1230.570068359375,1224.5584716796875,1230.570068359375,12235264
2025-10-10 19:00:00+00:00,1224.5284423828125,1224.5284423828125,1221.58984375,1224.029052734375,34415104
2025-10-10 19:15:00+00:00,1222.798828125,1227.5806884765625,1222.798828125,1224.2880859375,65475584
2025-10-10 19:30:00+00:00,1219.3392333984375,1219.3392333984375,1215.9443359375,1217.6734619140625,80468992
2025-10-10 19:45:00+00:00,1230.5018310546875,1232.1121826171875,1222.8900146484375,1223.4639892578125,113043456
2025-10-10 20:00:00+00:00,1233.9801025390625,1239.26220703125,1230.6466064453125,1230.6466064453125,138231808
2025-10-10 20:15:00+00:00,1234.43359375,1236.307861328125,1232.5174560546875,1234.3441162109375,52602368
2025-10-10 20:30:00+00:00,1232.2640380859375,1234.4315185546875,1231.166748046875,1234.4315185546875,19815424
2025-10-10 20:45:00+00:00,1209.9085693359375,1234.0186767578125,1209.73046875,1232.7056884765625,146442240
2025-10-10 21:00:00+00:00,1182.1802978515625,1206.3624267578125,1178.7972412109375,1206.3624267578125,304773632
2025-10-10 21:15:00+00:00,1033.30517578125,1181.859130859375,966.0694580078125,1181.859130859375,256204800
2025-10-10 21:30:00+00:00,1077.2725830078125,1077.2725830078125,1007.80126953125,1007.80126953125,713453568
2025-10-10 21:45:00+00:00,1118.1253662109375,1122.9437255859375,1080.4215087890625,1080.4215087890625,386922496
2025-10-10 22:00:00+00:00,1091.7125244140625,1111.0869140625,1069.544921875,1110.0150146484375,319023104
2025-10-10 22:15:00+00:00,1069.13134765625,1096.67919921875,1069.13134765625,1091.001953125,272578560
2025-10-10 22:30:00+00:00,1107.9354248046875,1107.9354248046875,1075.1214599609375,1075.1214599609375,275773440
2025-10-10 22:45:00+00:00,1116.3804931640625,1135.346435546875,1114.607666015625,1114.607666015625,253484032
2025-10-10 23:00:00+00:00,1102.44580078125,1115.6751708984375,1102.1680908203125,1114.8602294921875,106622976
2025-10-10 23:15:00+00:00,1116.07470703125,1116.07470703125,1104.423583984375,1104.423583984375,150067200
2025-10-10 23:30:00+00:00,1131.0885009765625,1131.2088623046875,1116.8621826171875,1116.8621826171875,167001088
2025-10-10 23:45:00+00:00,1115.4114990234375,1135.37353515625,1114.014892578125,1131.6202392578125,119306240
2025-10-11 00:00:00+00:00,1110.820556640625,1112.341552734375,1104.1361083984375,1104.158447265625,53069824
2025-10-11 00:15:00+00:00,1105.5362548828125,1111.5257568359375,1095.390869140625,1111.1485595703125,87218176
2025-10-11 00:30:00+00:00,1113.15478515625,1113.15478515625,1105.5362548828125,1112.7728271484375,66034688
2025-10-11 00:45:00+00:00,1123.419189453125,1128.802001953125,1113.577392578125,1113.577392578125,89339904
2025-10-11 01:00:00+00:00,1113.728515625,1120.24560546875,1112.9332275390625,1120.24560546875,55048192
2025-10-11 01:15:00+00:00,1095.2247314453125,1114.3603515625,1093.2471923828125,1114.3387451171875,60870656
2025-10-11 01:30:00+00:00,1091.5361328125,1098.224609375,1091.5361328125,1093.3758544921875,55351296
2025-10-11 01:45:00+00:00,1086.82373046875,1087.8582763671875,1080.8958740234375,1087.2335205078125,69657600
2025-10-11 02:00:00+00:00,1098.5677490234375,1098.5677490234375,1086.5162353515625,1086.5162353515625,58278912
2025-10-11 02:15:00+00:00,1117.299072265625,1119.681396484375,1106.1600341796875,1106.1600341796875,117377024
2025-10-11 02:30:00+00:00,1128.7144775390625,1128.7144775390625,1116.999267578125,1116.999267578125,99069952
2025-10-11 02:45:00+00:00,1139.4447021484375,1140.30029296875,1129.6495361328125,1129.6495361328125,117458944
2025-10-11 03:00:00+00:00,1127.0130615234375,1141.8431396484375,1127.0130615234375,1141.8431396484375,65777664
2025-10-11 03:15:00+00:00,1127.79345703125,1127.79345703125,1123.9512939453125,1127.465087890625,53620736
2025-10-11 03:30:00+00:00,1131.9979248046875,1136.120849609375,1127.6580810546875,1127.6580810546875,45413376
2025-10-11 03:45:00+00:00,1130.1014404296875,1131.86669921875,1129.026123046875,1131.86669921875,0
2025-10-11 04:00:00+00:00,1137.7813720703125,1138.2315673828125,1129.78662109375,1130.061767578125,7573504
2025-10-11 04:15:00+00:00,1134.4296875,1138.458251953125,1134.071533203125,1137.4454345703125,1645568
2025-10-11 04:30:00+00:00,1134.226318359375,1135.54833984375,1131.677001953125,1134.887451171875,0
2025-10-11 04:45:00+00:00,1139.2413330078125,1139.881591796875,1133.3819580078125,1134.4744873046875,19682304
2025-10-11 05:00:00+00:00,1137.114501953125,1139.1087646484375,1136.58740234375,1139.1055908203125,6225920
2025-10-11 05:15:00+00:00,1123.8001708984375,1137.8023681640625,1123.8001708984375,1137.3421630859375,16395264
2025-10-11 05:30:00+00:00,1113.9241943359375,1120.199951171875,1113.9241943359375,1120.199951171875,34026496
2025-10-11 05:45:00+00:00,1114.066650390625,1115.705322265625,1111.8131103515625,1113.9559326171875,15814656
2025-10-11 06:00:00+00:00,1108.3167724609375,1114.2376708984375,1107.00537109375,1114.2376708984375,2283520
2025-10-11 06:15:00+00:00,1112.3416748046875,1113.0723876953125,1108.8150634765625,1108.8150634765625,13527040
2025-10-11 06:30:00+00:00,1110.026123046875,1115.6168212890625,1110.026123046875,1112.2000732421875,15818752
2025-10-11 06:45:00+00:00,1100.2384033203125,1109.9019775390625,1100.2032470703125,1109.9019775390625,10995712
2025-10-11 07:00:00+00:00,1093.5517578125,1100.0982666015625,1091.39306640625,1099.94580078125,42567680
2025-10-11 07:15:00+00:00,1095.76904296875,1095.76904296875,1089.467041015625,1093.357177734375,60007424
2025-10-11 07:30:00+00:00,1092.4713134765625,1095.2293701171875,1092.26513671875,1095.2293701171875,11933696
2025-10-11 07:45:00+00:00,1094.150634765625,1094.150634765625,1091.0887451171875,1092.6663818359375,22928384
2025-10-11 08:00:00+00:00,1093.067138671875,1094.8787841796875,1092.9013671875,1094.2847900390625,10375168
2025-10-11 08:15:00+00:00,1107.2513427734375,1109.653076171875,1093.0623779296875,1093.0623779296875,81011712
2025-10-11 08:30:00+00:00,1108.001220703125,1108.3321533203125,1101.1717529296875,1107.007568359375,41394176
2025-10-11 08:45:00+00:00,1114.937744140625,1114.96435546875,1107.8248291015625,1107.8248291015625,38091776
2025-10-11 09:00:00+00:00,1127.8004150390625,1128.8587646484375,1114.9385986328125,1114.9385986328125,79758336
2025-10-11 09:15:00+00:00,1129.7239990234375,1130.4022216796875,1125.2200927734375,1127.853759765625,36575232
2025-10-11 09:30:00+00:00,1126.323486328125,1129.531982421875,1125.2486572265625,1129.4884033203125,6370304
2025-10-11 09:45:00+00:00,1124.5440673828125,1127.612060546875,1124.33837890625,1126.304931640625,1170432
2025-10-11 10:00:00+00:00,1129.1517333984375,1129.1517333984375,1124.5753173828125,1124.60595703125,7225344
2025-10-11 10:15:00+00:00,1138.613525390625,1138.613525390625,1129.4163818359375,1129.4163818359375,51622912
2025-10-11 10:30:00+00:00,1133.4957275390625,1140.265380859375,1133.4957275390625,1138.7276611328125,33632256
2025-10-11 10:45:00+00:00,1132.16552734375,1133.8414306640625,1131.79248046875,1133.6568603515625,14936064
2025-10-11 11:00:00+00:00,1130.589599609375,1132.640625,1130.5657958984375,1132.640625,0
2025-10-11 11:15:00+00:00,1133.470703125,1133.470703125,1126.13427734375,1130.5633544921875,17715200
2025-10-11 11:30:00+00:00,1131.1358642578125,1133.5572509765625,1131.0419921875,1133.509521484375,4104192
2025-10-11 11:45:00+00:00,1130.626953125,1131.306396484375,1130.271728515625,1131.1275634765625,0
2025-10-11 12:00:00+00:00,1125.4385986328125,1130.698486328125,1125.384765625,1130.698486328125,0
2025-10-11 12:15:00+00:00,1129.1304931640625,1130.7640380859375,1125.5789794921875,1125.5789794921875,22633472
2025-10-11 12:30:00+00:00,1126.5550537109375,1130.43408203125,1125.992919921875,1129.5284423828125,0
2025-10-11 12:45:00+00:00,1124.878662109375,1127.3154296875,1122.2513427734375,1126.537353515625,19189760
2025-10-11 13:00:00+00:00,1124.64599609375,1127.640380859375,1123.509033203125,1125.47705078125,1527808
2025-10-11 13:15:00+00:00,1124.8173828125,1125.920166015625,1121.51513671875,1124.7896728515625,7919616
2025-10-11 13:30:00+00:00,1124.4407958984375,1125.0174560546875,1120.047607421875,1125.0174560546875,0
2025-10-11 13:45:00+00:00,1132.560546875,1132.560546875,1124.6319580078125,1124.6319580078125,6247424
2025-10-11 14:00:00+00:00,1134.4527587890625,1134.939453125,1132.9063720703125,1132.9063720703125,954368
2025-10-11 14:15:00+00:00,1132.8406982421875,1136.2755126953125,1132.5262451171875,1134.5845947265625,4033536
2025-10-11 14:30:00+00:00,1132.568359375,1133.0303955078125,1131.748046875,1132.6556396484375,6395904
2025-10-11 14:45:00+00:00,1130.6083984375,1132.66650390625,1130.6083984375,1132.66650390625,576512
2025-10-11 15:00:00+00:00,1146.3045654296875,1146.3045654296875,1130.552734375,1130.552734375,10302464
2025-10-11 15:15:00+00:00,1153.123779296875,1153.123779296875,1146.18408203125,1146.18408203125,29517824
2025-10-11 15:30:00+00:00,1146.3724365234375,1153.0882568359375,1146.3724365234375,1153.0882568359375,0
2025-10-11 15:45:00+00:00,1146.13037109375,1147.1328125,1144.587158203125,1146.012451171875,0
2025-10-11 16:00:00+00:00,1145.6011962890625,1145.9285888671875,1141.6119384765625,1145.9285888671875,0
2025-10-11 16:15:00+00:00,1149.38623046875,1149.6524658203125,1145.6302490234375,1145.6302490234375,0
2025-10-11 16:30:00+00:00,1145.7078857421875,1149.0645751953125,1143.23193359375,1149.0645751953125,0
2025-10-11 16:45:00+00:00,1153.0526123046875,1153.1240234375,1145.558837890625,1145.654541015625,0
2025-10-11 17:00:00+00:00,1157.7447509765625,1157.7447509765625,1152.306396484375,1153.3922119140625,14780416
2025-10-11 17:15:00+00:00,1167.777587890625,1167.777587890625,1157.5655517578125,1157.5655517578125,32863232
2025-10-11 17:30:00+00:00,1174.0008544921875,1180.0970458984375,1168.3624267578125,1168.3624267578125,86277120
2025-10-11 17:45:00+00:00,1179.1856689453125,1179.3896484375,1173.717529296875,1174.34912109375,28662784
2025-10-11 18:00:00+00:00,1179.0440673828125,1179.506103515625,1176.224853515625,1179.193603515625,3245056
2025-10-11 18:15:00+00:00,1173.6502685546875,1179.0308837890625,1173.4998779296875,1179.0308837890625,0
2025-10-11 18:30:00+00:00,1175.7037353515625,1176.0076904296875,1173.5458984375,1173.5458984375,17422336
2025-10-11 18:45:00+00:00,1175.605224609375,1175.8450927734375,1173.415283203125,1175.4332275390625,0
2025-10-11 19:00:00+00:00,1167.146484375,1175.4749755859375,1167.146484375,1175.4749755859375,3889152
2025-10-11 19:15:00+00:00,1160.873779296875,1166.9947509765625,1159.802001953125,1166.9947509765625,0
2025-10-11 19:30:00+00:00,1148.4100341796875,1160.8067626953125,1148.36083984375,1160.8067626953125,0
2025-10-11 19:45:00+00:00,1140.865966796875,1147.4072265625,1140.865966796875,1145.8843994140625,8197120
2025-10-11 20:00:00+00:00,1138.951171875,1141.7271728515625,1137.550537109375,1141.3026123046875,0
2025-10-11 20:15:00+00:00,1131.47900390625,1140.615234375,1131.3179931640625,1138.995849609375,8480768
2025-10-11 20:30:00+00:00,1127.5655517578125,1131.4964599609375,1124.41357421875,1131.4593505859375,16290816
2025-10-11 20:45:00+00:00,1122.633056640625,1129.383056640625,1122.1473388671875,1127.42333984375,11598848
2025-10-11 21:00:00+00:00,1110.7020263671875,1124.2303466796875,1110.6201171875,1123.0841064453125,0
2025-10-11 21:15:00+00:00,1133.733642578125,1133.7734375,1110.8953857421875,1110.8953857421875,0
2025-10-11 21:30:00+00:00,1136.005126953125,1137.55126953125,1131.4013671875,1133.3961181640625,0
2025-10-11 21:45:00+00:00,1140.2099609375,1141.327880859375,1135.1204833984375,1135.5477294921875,0
2025-10-11 22:00:00+00:00,1138.1787109375,1140.196533203125,1136.1053466796875,1140.0357666015625,0
2025-10-11 22:15:00+00:00,1139.2659912109375,1139.2659912109375,1134.1356201171875,1138.1837158203125,0
2025-10-11 22:30:00+00:00,1140.3511962890625,1142.1407470703125,1138.4521484375,1139.20654296875,0
2025-10-11 22:45:00+00:00,1146.8299560546875,1146.8299560546875,1140.1593017578125,1140.1593017578125,0
2025-10-11 23:00:00+00:00,1143.27783203125,1147.294677734375,1142.8668212890625,1146.8231201171875,0
2025-10-11 23:15:00+00:00,1143.331787109375,1145.37451171875,1142.656005859375,1143.4520263671875,0
2025-10-11 23:30:00+00:00,1141.2001953125,1143.6280517578125,1141.2001953125,1143.2308349609375,0
2025-10-11 23:45:00+00:00,1137.236328125,1141.1341552734375,1137.236328125,1141.1341552734375,0
2025-10-12 00:00:00+00:00,1133.0252685546875,1137.2125244140625,1132.676513671875,1137.2125244140625,0
2025-10-12 00:15:00+00:00,1125.8028564453125,1134.1754150390625,1125.8028564453125,1132.8519287109375,0
2025-10-12 00:30:00+00:00,1123.74462890625,1131.874267578125,1123.74462890625,1125.68408203125,1401344
2025-10-12 00:45:00+00:00,1115.3896484375,1124.5216064453125,1115.3896484375,1124.5216064453125,0
2025-10-12 01:00:00+00:00,1116.94580078125,1117.06103515625,1113.34716796875,1114.9361572265625,0
2025-10-12 01:15:00+00:00,1114.04541015625,1119.6563720703125,1113.6566162109375,1117.142822265625,0
2025-10-12 01:30:00+00:00,1117.9324951171875,1117.9324951171875,1110.3074951171875,1113.9368896484375,0
2025-10-12 01:45:00+00:00,1113.7581787109375,1119.3768310546875,1113.7581787109375,1117.9407958984375,0
2025-10-12 02:00:00+00:00,1113.278564453125,1114.3138427734375,1111.2186279296875,1114.0006103515625,0
2025-10-12 02:15:00+00:00,1120.66796875,1120.76318359375,1113.6729736328125,1113.6729736328125,0
2025-10-12 02:30:00+00:00,1115.843994140625,1121.7841796875,1115.725341796875,1120.6458740234375,0
2025-10-12 02:45:00+00:00,1113.1058349609375,1116.6585693359375,1112.227294921875,1116.299560546875,0
2025-10-12 03:00:00+00:00,1120.3607177734375,1120.4859619140625,1113.78271484375,1113.78271484375,0
2025-10-12 03:15:00+00:00,1126.3758544921875,1126.3758544921875,1118.7464599609375,1120.0107421875,0
2025-10-12 03:30:00+00:00,1128.8638916015625,1128.8638916015625,1125.6524658203125,1126.1326904296875,626176
2025-10-12 03:45:00+00:00,1122.254638671875,1128.75146484375,1122.254638671875,1128.75146484375,0
2025-10-12 04:00:00+00:00,1126.238525390625,1126.2515869140625,1122.26318359375,1122.26318359375,0
2025-10-12 04:15:00+00:00,1129.023193359375,1131.314697265625,1126.24658203125,1126.24658203125,4015616
2025-10-12 04:30:00+00:00,1128.9505615234375,1130.6038818359375,1128.9505615234375,1129.019775390625,0
2025-10-12 04:45:00+00:00,1131.22998046875,1133.8709716796875,1129.183837890625,1129.183837890625,922112
2025-10-12 05:00:00+00:00,1131.759521484375,1134.0093994140625,1131.447021484375,1131.447021484375,0
2025-10-12 05:15:00+00:00,1138.3460693359375,1138.382568359375,1131.7576904296875,1131.7576904296875,0
2025-10-12 05:30:00+00:00,1141.3179931640625,1141.3179931640625,1138.58544921875,1138.58544921875,0
2025-10-12 05:45:00+00:00,1150.401611328125,1151.230224609375,1141.4443359375,1141.4443359375,24687616
2025-10-12 06:00:00+00:00,1150.051025390625,1150.4638671875,1147.00341796875,1150.35009765625,2155520
2025-10-12 06:15:00+00:00,1149.770263671875,1150.1156005859375,1147.659423828125,1150.01708984375,8636928
2025-10-12 06:30:00+00:00,1150.64111328125,1152.9366455078125,1149.6171875,1150.455322265625,13838336
2025-10-12 06:45:00+00:00,1153.6981201171875,1153.6981201171875,1150.6854248046875,1150.6854248046875,0
2025-10-12 07:00:00+00:00,1160.8212890625,1162.0863037109375,1153.843994140625,1153.843994140625,0
2025-10-12 07:15:00+00:00,1167.2427978515625,1168.12646484375,1161.025146484375,1161.025146484375,1184256
2025-10-12 07:30:00+00:00,1160.0872802734375,1166.8125,1160.0872802734375,1166.8125,21650432
2025-10-12 07:45:00+00:00,1161.5653076171875,1161.5653076171875,1158.0572509765625,1160.1129150390625,0
2025-10-12 08:00:00+00:00,1159.1715087890625,1161.3988037109375,1158.9952392578125,1161.3988037109375,0
2025-10-12 08:15:00+00:00,1163.259765625,1163.259765625,1157.3153076171875,1159.049560546875,0
2025-10-12 08:30:00+00:00,1171.1907958984375,1171.1907958984375,1163.611572265625,1163.611572265625,66445312
2025-10-12 08:45:00+00:00,1178.678955078125,1181.794677734375,1177.1558837890625,1178.36865234375,121788416
2025-10-12 09:00:00+00:00,1171.693603515625,1178.556396484375,1171.133056640625,1178.5281982421875,0
2025-10-12 09:15:00+00:00,1176.5811767578125,1176.5811767578125,1169.7291259765625,1171.5963134765625,8497152
2025-10-12 09:30:00+00:00,1185.8370361328125,1185.8370361328125,1176.5875244140625,1176.5875244140625,41948672
2025-10-12 09:45:00+00:00,1209.7716064453125,1209.7716064453125,1186.0262451171875,1186.0262451171875,186061312
2025-10-12 10:00:00+00:00,1216.053955078125,1218.2960205078125,1209.979248046875,1209.979248046875,193108992
2025-10-12 10:15:00+00:00,1215.310791015625,1217.0322265625,1213.8497314453125,1216.477294921875,23547392
2025-10-12 10:30:00+00:00,1217.6947021484375,1217.6947021484375,1213.1844482421875,1215.0987548828125,20556288
2025-10-12 10:45:00+00:00,1219.8934326171875,1224.5001220703125,1217.7532958984375,1217.7532958984375,95813632
2025-10-12 11:00:00+00:00,1224.5809326171875,1224.705810546875,1217.37109375,1219.524169921875,42277376
2025-10-12 11:15:00+00:00,1225.3455810546875,1225.6446533203125,1222.7269287109375,1224.0899658203125,18530816
2025-10-12 11:30:00+00:00,1221.131103515625,1225.4871826171875,1220.88330078125,1225.4871826171875,5800960
2025-10-12 11:45:00+00:00,1227.634033203125,1228.1859130859375,1219.63916015625,1220.926513671875,57390592
2025-10-12 12:00:00+00:00,1242.3076171875,1242.3076171875,1227.7911376953125,1227.7911376953125,107487744
2025-10-12 12:15:00+00:00,1255.6241455078125,1256.350341796875,1243.643310546875,1243.643310546875,173786624
2025-10-12 12:30:00+00:00,1251.8759765625,1257.6298828125,1251.49267578125,1255.487548828125,145309184
2025-10-12 12:45:00+00:00,1241.5457763671875,1251.81494140625,1241.406005859375,1251.81494140625,58185728
2025-10-12 13:00:00+00:00,1243.2415771484375,1243.2415771484375,1234.833251953125,1241.779296875,49757696
2025-10-12 13:15:00+00:00,1234.7803955078125,1243.8134765625,1234.7803955078125,1243.22607421875,34202112
2025-10-12 13:30:00+00:00,1230.20947265625,1235.471923828125,1228.589599609375,1235.2349853515625,39274496
2025-10-12 13:45:00+00:00,1224.1524658203125,1231.14404296875,1224.0509033203125,1230.2109375,34846720
2025-10-12 14:00:00+00:00,1235.681884765625,1235.681884765625,1223.860595703125,1223.860595703125,53201920
2025-10-12 14:15:00+00:00,1236.7314453125,1237.9876708984375,1235.907470703125,1235.907470703125,43721728
2025-10-12 14:30:00+00:00,1235.9376220703125,1240.2652587890625,1235.9376220703125,1237.4410400390625,20603392
2025-10-12 14:45:00+00:00,1269.80419921875,1271.773193359375,1237.64111328125,1237.64111328125,323874304
2025-10-12 15:00:00+00:00,1264.28564453125,1270.386962890625,1260.226806640625,1260.226806640625,162156544
2025-10-12 15:15:00+00:00,1270.611083984375,1270.6715087890625,1264.5755615234375,1264.5755615234375,43317248
2025-10-12 15:30:00+00:00,1273.4910888671875,1273.57080078125,1267.53125,1271.73046875,151518208
2025-10-12 15:45:00+00:00,1299.121826171875,1299.121826171875,1274.45068359375,1274.45068359375,234345472
2025-10-12 16:00:00+00:00,1294.36279296875,1307.6011962890625,1291.7750244140625,1298.7550048828125,228895744
2025-10-12 16:15:00+00:00,1282.5123291015625,1294.3447265625,1280.181640625,1294.3447265625,199660544
2025-10-12 16:30:00+00:00,1288.24169921875,1288.75048828125,1282.5439453125,1282.5439453125,75672576
2025-10-12 16:45:00+00:00,1295.597412109375,1295.74951171875,1289.384765625,1289.384765625,130526208
2025-10-12 17:00:00+00:00,1298.349365234375,1300.7113037109375,1295.846923828125,1295.846923828125,25809920
2025-10-12 17:15:00+00:00,1295.085693359375,1298.02392578125,1294.7763671875,1298.02392578125,12332032
2025-10-12 17:30:00+00:00,1298.443359375,1299.110107421875,1293.530517578125,1294.9105224609375,0
2025-10-12 17:45:00+00:00,1300.58154296875,1300.8323974609375,1296.2645263671875,1299.8848876953125,60760064
2025-10-12 18:00:00+00:00,1300.5928955078125,1302.102294921875,1299.21484375,1299.350341796875,50094080
2025-10-12 18:15:00+00:00,1299.7835693359375,1301.99560546875,1299.6287841796875,1300.61328125,24586240
2025-10-12 18:30:00+00:00,1292.3701171875,1299.4842529296875,1289.1834716796875,1299.4842529296875,44981248
2025-10-12 18:45:00+00:00,1300.491943359375,1300.491943359375,1291.814453125,1291.9637451171875,49203200
2025-10-12 19:00:00+00:00,1301.3197021484375,1302.174560546875,1299.6766357421875,1300.5091552734375,0
2025-10-12 19:15:00+00:00,1298.0865478515625,1301.2353515625,1297.477783203125,1301.2353515625,0
2025-10-12 19:30:00+00:00,1294.5419921875,1299.45703125,1294.019287109375,1298.6494140625,0
2025-10-12 19:45:00+00:00,1298.4990234375,1299.0953369140625,1294.68505859375,1294.68505859375,0
2025-10-12 20:00:00+00:00,1295.7374267578125,1298.549560546875,1295.5521240234375,1298.549560546875,0
2025-10-12 20:15:00+00:00,1297.18701171875,1297.18701171875,1295.5911865234375,1295.5911865234375,0
2025-10-12 20:30:00+00:00,1305.5867919921875,1305.599365234375,1297.3638916015625,1297.3638916015625,34985984
2025-10-12 20:45:00+00:00,1302.35546875,1319.1607666015625,1302.3489990234375,1305.8890380859375,99027968
2025-10-12 21:00:00+00:00,1306.8465576171875,1308.401123046875,1303.0762939453125,1303.0762939453125,12956672
2025-10-12 21:15:00+00:00,1295.1173095703125,1305.587646484375,1295.1173095703125,1305.587646484375,0
2025-10-12 21:30:00+00:00,1288.013916015625,1295.4461669921875,1287.9090576171875,1295.4461669921875,14575616
2025-10-12 21:45:00+00:00,1293.435791015625,1293.435791015625,1288.2249755859375,1288.2249755859375,11807744
2025-10-12 22:00:00+00:00,1286.7059326171875,1295.99365234375,1286.7059326171875,1295.014892578125,47582208
2025-10-12 22:15:00+00:00,1285.0213623046875,1289.0440673828125,1285.0213623046875,1287.3175048828125,13050880
2025-10-12 22:30:00+00:00,1282.36572265625,1285.3387451171875,1282.36572265625,1284.690673828125,24182784
2025-10-12 22:45:00+00:00,1288.0718994140625,1288.0718994140625,1281.60693359375,1282.4161376953125,64875520
2025-10-12 23:00:00+00:00,1289.5052490234375,1289.5052490234375,1285.28466796875,1288.01904296875,11376640
2025-10-12 23:15:00+00:00,1297.971435546875,1297.971435546875,1289.969970703125,1290.8438720703125,48754688
2025-10-12 23:30:00+00:00,1301.6766357421875,1302.4027099609375,1297.819091796875,1297.819091796875,51586048
2025-10-12 23:45:00+00:00,1302.888427734375,1302.888427734375,1299.3782958984375,1301.522705078125,35760128
2025-10-13 00:00:00+00:00,1309.0830078125,1311.7447509765625,1302.3494873046875,1302.90234375,66783232
2025-10-13 00:15:00+00:00,1316.003173828125,1316.2843017578125,1309.34375,1309.34375,94565376
2025-10-13 00:30:00+00:00,1307.084228515625,1315.901123046875,1306.98876953125,1315.901123046875,18787328
2025-10-13 00:45:00+00:00,1317.6085205078125,1319.0068359375,1306.8961181640625,1306.8961181640625,60966912
2025-10-13 01:00:00+00:00,1307.0550537109375,1317.2373046875,1307.0550537109375,1317.2373046875,29282304
2025-10-13 01:15:00+00:00,1310.063232421875,1310.063232421875,1303.518310546875,1307.0836181640625,49615872
2025-10-13 01:30:00+00:00,1309.0963134765625,1313.479248046875,1309.0963134765625,1310.099365234375,3197952
2025-10-13 01:45:00+00:00,1308.1732177734375,1309.1737060546875,1304.759521484375,1309.1737060546875,0
2025-10-13 02:00:00+00:00,1307.088623046875,1309.6502685546875,1307.08447265625,1309.6502685546875,11247616
2025-10-13 02:15:00+00:00,1295.7747802734375,1306.9090576171875,1295.6346435546875,1306.9090576171875,22088704
2025-10-13 02:30:00+00:00,1300.8331298828125,1301.154296875,1295.705078125,1295.705078125,23945216
2025-10-13 02:45:00+00:00,1303.37548828125,1303.775634765625,1300.708251953125,1300.968994140625,6334464
2025-10-13 03:00:00+00:00,1313.4439697265625,1313.476806640625,1303.4852294921875,1303.4852294921875,25795584
2025-10-13 03:15:00+00:00,1310.156005859375,1314.2901611328125,1309.5638427734375,1313.3612060546875,13516800
2025-10-13 03:30:00+00:00,1306.4080810546875,1310.014404296875,1306.4080810546875,1310.014404296875,19380224
2025-10-13 03:45:00+00:00,1298.4063720703125,1306.2252197265625,1297.697998046875,1306.2252197265625,10259456
2025-10-13 04:00:00+00:00,1295.266845703125,1298.545654296875,1295.266845703125,1298.3475341796875,13336576
2025-10-13 04:15:00+00:00,1287.3426513671875,1293.7943115234375,1287.3426513671875,1293.2908935546875,22656000
2025-10-13 04:30:00+00:00,1291.5538330078125,1292.093505859375,1288.3072509765625,1288.5836181640625,26845184
2025-10-13 04:45:00+00:00,1292.238525390625,1292.238525390625,1286.6947021484375,1291.302490234375,34448384
2025-10-13 05:00:00+00:00,1294.012939453125,1294.012939453125,1292.489013671875,1292.705322265625,21754880
2025-10-13 05:15:00+00:00,1297.850830078125,1297.850830078125,1294.332763671875,1294.332763671875,23516160
2025-10-13 05:30:00+00:00,1296.118896484375,1300.0098876953125,1296.118896484375,1298.12841796875,17047552
2025-10-13 05:45:00+00:00,1296.107177734375,1296.446044921875,1294.8402099609375,1295.6036376953125,0
2025-10-13 06:00:00+00:00,1314.2469482421875,1315.3035888671875,1296.3751220703125,1296.3751220703125,109330432
2025-10-13 06:15:00+00:00,1320.995849609375,1320.995849609375,1314.170166015625,1314.170166015625,84480000
2025-10-13 06:30:00+00:00,1331.853515625,1340.788330078125,1320.5372314453125,1320.5372314453125,235961344
2025-10-13 06:45:00+00:00,1323.0126953125,1323.593994140625,1320.4361572265625,1321.0675048828125,100997120
2025-10-13 07:00:00+00:00,1341.450439453125,1341.450439453125,1323.40185546875,1323.40185546875,117202944
2025-10-13 07:15:00+00:00,1344.2103271484375,1344.2103271484375,1339.961669921875,1341.0587158203125,96172032
2025-10-13 07:30:00+00:00,1353.2335205078125,1353.2335205078125,1344.1558837890625,1344.1558837890625,160288768
2025-10-13 07:45:00+00:00,1347.7938232421875,1353.1826171875,1342.0264892578125,1353.1826171875,119827456
2025-10-13 08:00:00+00:00,1354.79296875,1354.79296875,1346.2838134765625,1347.1368408203125,136844288
2025-10-13 08:15:00+00:00,1353.008056640625,1357.5078125,1352.3089599609375,1355.1068115234375,118457344
2025-10-13 08:30:00+00:00,1369.686279296875,1369.8524169921875,1353.144287109375,1353.144287109375,71214080
2025-10-13 08:45:00+00:00,1370.1473388671875,1370.1473388671875,1367.3538818359375,1369.36572265625,36669440
2025-10-13 09:00:00+00:00,1356.8057861328125,1370.0291748046875,1356.8057861328125,1370.0291748046875,62349312
2025-10-13 09:15:00+00:00,1355.401611328125,1355.4681396484375,1350.5838623046875,1355.4681396484375,114671616
2025-10-13 09:30:00+00:00,1362.5308837890625,1362.646728515625,1355.6732177734375,1355.6732177734375,71472128
2025-10-13 09:45:00+00:00,1353.824462890625,1364.9991455078125,1353.824462890625,1362.7957763671875,20542464
2025-10-13 10:00:00+00:00,1333.12841796875,1353.424560546875,1333.12841796875,1353.424560546875,153849856
2025-10-13 10:15:00+00:00,1323.6292724609375,1332.2479248046875,1323.6292724609375,1332.2264404296875,242492416
2025-10-13 10:30:00+00:00,1314.11669921875,1323.6739501953125,1310.875244140625,1323.5013427734375,178770944
2025-10-13 10:45:00+00:00,1312.879150390625,1318.9373779296875,1312.879150390625,1314.517822265625,27228160
2025-10-13 11:00:00+00:00,1304.355712890625,1313.3636474609375,1302.2135009765625,1313.3636474609375,104372224
2025-10-13 11:15:00+00:00,1293.943115234375,1306.6453857421875,1293.744140625,1306.6453857421875,88666112
2025-10-13 11:30:00+00:00,1294.9786376953125,1295.1956787109375,1283.88427734375,1293.956298828125,194605056
2025-10-13 11:45:00+00:00,1294.3218994140625,1294.3218994140625,1288.768798828125,1293.9803466796875,37901312
2025-10-13 12:00:00+00:00,1298.11669921875,1298.11669921875,1289.98583984375,1294.8934326171875,4825088
2025-10-13 12:15:00+00:00,1294.4376220703125,1298.97607421875,1294.1024169921875,1298.66015625,0
2025-10-13 12:30:00+00:00,1297.63623046875,1303.56689453125,1293.87841796875,1293.87841796875,5913600
2025-10-13 12:45:00+00:00,1287.5859375,1298.0526123046875,1287.5859375,1297.3883056640625,0
2025-10-13 13:00:00+00:00,1285.072509765625,1288.4052734375,1285.072509765625,1287.9276123046875,18384896
2025-10-13 13:15:00+00:00,1280.1815185546875,1288.6162109375,1280.1815185546875,1284.94970703125,13426688
2025-10-13 13:30:00+00:00,1290.687744140625,1303.2060546875,1280.0186767578125,1280.0186767578125,132202496
2025-10-13 13:45:00+00:00,1298.9400634765625,1298.9400634765625,1290.5706787109375,1290.5706787109375,36562944
2025-10-13 14:00:00+00:00,1292.0220947265625,1300.369873046875,1291.91162109375,1299.39697265625,0
2025-10-13 14:15:00+00:00,1276.2843017578125,1292.4986572265625,1276.2349853515625,1292.4986572265625,34286592
2025-10-13 14:30:00+00:00,1268.90087890625,1276.5693359375,1263.1248779296875,1276.5693359375,163158016
2025-10-13 14:45:00+00:00,1257.4814453125,1268.986328125,1257.3775634765625,1268.986328125,0
2025-10-13 15:00:00+00:00,1271.71923828125,1272.3887939453125,1258.0582275390625,1258.0582275390625,0
2025-10-13 15:15:00+00:00,1270.9481201171875,1272.46337890625,1268.2052001953125,1268.2052001953125,0
2025-10-13 15:30:00+00:00,1276.0146484375,1276.06201171875,1270.2220458984375,1270.7972412109375,0
2025-10-13 15:45:00+00:00,1276.15478515625,1279.563720703125,1274.7667236328125,1275.5865478515625,0
2025-10-13 16:00:00+00:00,1283.8001708984375,1285.1719970703125,1275.8565673828125,1275.8565673828125,0
2025-10-13 16:15:00+00:00,1282.5469970703125,1283.998779296875,1277.010498046875,1283.998779296875,0
2025-10-13 16:30:00+00:00,1279.328857421875,1285.4085693359375,1279.328857421875,1282.4375,540672
2025-10-13 16:45:00+00:00,1281.0670166015625,1281.361328125,1277.250244140625,1277.250244140625,0
2025-10-13 17:00:00+00:00,1279.7196044921875,1285.1337890625,1279.637451171875,1279.637451171875,0
2025-10-13 17:15:00+00:00,1276.72021484375,1280.1363525390625,1276.72021484375,1280.1363525390625,540672
2025-10-13 17:30:00+00:00,1274.29052734375,1276.7568359375,1273.8497314453125,1276.6689453125,3420160
2025-10-13 17:45:00+00:00,1278.105224609375,1278.105224609375,1272.2979736328125,1274.436767578125,5849088
2025-10-13 18:00:00+00:00,1276.5460205078125,1285.6748046875,1276.5460205078125,1279.69384765625,0
2025-10-13 18:15:00+00:00,1278.61181640625,1278.61181640625,1273.1622314453125,1276.734375,11245568
2025-10-13 18:30:00+00:00,1273.9224853515625,1279.564208984375,1273.0086669921875,1278.3878173828125,10097664
2025-10-13 18:45:00+00:00,1267.3402099609375,1274.3511962890625,1265.477783203125,1274.3511962890625,3408896
2025-10-13 19:00:00+00:00,1271.0604248046875,1271.0604248046875,1268.2493896484375,1268.2493896484375,15880192
2025-10-13 19:15:00+00:00,1270.8624267578125,1272.9273681640625,1270.1739501953125,1271.677001953125,28394496
2025-10-13 19:30:00+00:00,1277.2911376953125,1277.2911376953125,1270.60205078125,1270.745361328125,11569152
2025-10-13 19:45:00+00:00,1272.296875,1278.4879150390625,1272.296875,1277.4144287109375,16171008
2025-10-13 20:00:00+00:00,1276.139892578125,1276.341552734375,1272.5028076171875,1272.5028076171875,1436672
2025-10-13 20:15:00+00:00,1277.466552734375,1277.466552734375,1275.979248046875,1276.468505859375,6036480
2025-10-13 20:30:00+00:00,1283.289306640625,1283.289306640625,1278.5003662109375,1278.5003662109375,0
2025-10-13 20:45:00+00:00,1286.689697265625,1286.7969970703125,1283.2431640625,1283.2431640625,0
2025-10-13 21:00:00+00:00,1282.0548095703125,1286.7532958984375,1282.0548095703125,1286.7532958984375,0
2025-10-13 21:15:00+00:00,1283.935546875,1283.935546875,1281.78076171875,1282.0845947265625,0
2025-10-13 21:30:00+00:00,1282.020751953125,1283.7357177734375,1281.301513671875,1283.7357177734375,0
2025-10-13 21:45:00+00:00,1286.326904296875,1286.326904296875,1282.188232421875,1282.188232421875,8597504
2025-10-13 22:00:00+00:00,1296.3099365234375,1297.1258544921875,1288.7916259765625,1288.7916259765625,3736576
2025-10-13 22:15:00+00:00,1292.89306640625,1296.645751953125,1292.673828125,1296.0325927734375,4273152
2025-10-13 22:30:00+00:00,1290.5445556640625,1292.674072265625,1289.07373046875,1292.674072265625,1605632
2025-10-13 22:45:00+00:00,1291.9442138671875,1292.10107421875,1289.72021484375,1290.58642578125,0
2025-10-13 23:00:00+00:00,1292.269287109375,1293.2982177734375,1292.217041015625,1292.217041015625,0
2025-10-13 23:15:00+00:00,1298.33447265625,1298.33447265625,1292.50927734375,1292.50927734375,0
2025-10-13 23:30:00+00:00,1293.84521484375,1298.2587890625,1293.7581787109375,1298.2518310546875,0
2025-10-13 23:45:00+00:00,1293.3214111328125,1293.9136962890625,1292.8291015625,1293.845947265625,0
2025-10-14 00:00:00+00:00,1299.30712890625,1299.30712890625,1293.522705078125,1293.522705078125,0
2025-10-14 00:15:00+00:00,1306.80029296875,1306.80029296875,1299.348388671875,1299.348388671875,0
2025-10-14 00:30:00+00:00,1314.165283203125,1316.3935546875,1306.511962890625,1306.511962890625,35674112
2025-10-14 00:45:00+00:00,1305.020751953125,1314.2786865234375,1303.3125,1314.2786865234375,3945472
2025-10-14 01:00:00+00:00,1297.796142578125,1305.083740234375,1297.3367919921875,1305.083740234375,0
2025-10-14 01:15:00+00:00,1294.8807373046875,1298.9759521484375,1294.8807373046875,1297.8988037109375,0
2025-10-14 01:30:00+00:00,1290.078857421875,1296.61767578125,1290.078857421875,1294.972412109375,1363968
2025-10-14 01:45:00+00:00,1288.7391357421875,1291.328857421875,1287.618896484375,1290.4652099609375,4550656
2025-10-14 02:00:00+00:00,1287.0709228515625,1290.8472900390625,1286.90771484375,1290.8472900390625,0
2025-10-14 02:15:00+00:00,1290.643798828125,1290.643798828125,1286.1387939453125,1286.8345947265625,230400
2025-10-14 02:30:00+00:00,1293.58837890625,1294.648681640625,1290.6964111328125,1290.6964111328125,1689600
2025-10-14 02:45:00+00:00,1285.8172607421875,1293.4365234375,1285.8172607421875,1293.4365234375,1793024
2025-10-14 03:00:00+00:00,1279.0556640625,1284.3631591796875,1278.097412109375,1284.3631591796875,7121920
2025-10-14 03:15:00+00:00,1273.964111328125,1279.8250732421875,1273.964111328125,1278.978515625,93184
2025-10-14 03:30:00+00:00,1278.6151123046875,1278.8779296875,1273.8990478515625,1273.8990478515625,13576192
2025-10-14 03:45:00+00:00,1280.1783447265625,1282.837890625,1279.6932373046875,1279.6932373046875,2973696
2025-10-14 04:00:00+00:00,1278.213623046875,1280.2996826171875,1277.1915283203125,1280.0635986328125,2511872
2025-10-14 04:15:00+00:00,1277.584716796875,1278.42041015625,1276.5067138671875,1277.8135986328125,0
2025-10-14 04:30:00+00:00,1269.5994873046875,1277.1585693359375,1269.5994873046875,1277.1585693359375,0
2025-10-14 04:45:00+00:00,1248.194580078125,1270.2490234375,1248.194580078125,1269.7330322265625,111181824
2025-10-14 05:00:00+00:00,1247.88134765625,1248.06494140625,1237.31689453125,1246.7713623046875,193515520
2025-10-14 05:15:00+00:00,1244.7728271484375,1249.179443359375,1244.7728271484375,1247.8948974609375,16571392
2025-10-14 05:30:00+00:00,1238.366455078125,1244.8887939453125,1238.3009033203125,1244.6959228515625,11432960
2025-10-14 05:45:00+00:00,1235.450439453125,1238.3651123046875,1235.450439453125,1238.3048095703125,9997312
2025-10-14 06:00:00+00:00,1241.9002685546875,1242.6966552734375,1235.6165771484375,1235.6165771484375,0
2025-10-14 06:15:00+00:00,1213.0167236328125,1241.6099853515625,1213.0167236328125,1241.6099853515625,59176960
2025-10-14 06:30:00+00:00,1200.7515869140625,1207.6715087890625,1199.7940673828125,1207.5076904296875,0
2025-10-14 06:45:00+00:00,1204.548583984375,1204.869384765625,1189.255615234375,1200.50244140625,51740672
2025-10-14 07:00:00+00:00,1207.56884765625,1210.583984375,1204.6416015625,1204.6416015625,0
2025-10-14 07:15:00+00:00,1212.3450927734375,1216.35546875,1209.19384765625,1211.0821533203125,10582016
2025-10-14 07:30:00+00:00,1198.730712890625,1212.3768310546875,1198.730712890625,1212.3768310546875,0
2025-10-14 07:45:00+00:00,1194.8582763671875,1197.0091552734375,1194.62939453125,1195.87548828125,0
2025-10-14 08:00:00+00:00,1201.24658203125,1201.4798583984375,1193.353515625,1195.229736328125,0
2025-10-14 08:15:00+00:00,1198.8695068359375,1201.4261474609375,1196.96728515625,1201.384765625,0
2025-10-14 08:30:00+00:00,1205.0029296875,1205.6820068359375,1199.58740234375,1199.58740234375,3159040
2025-10-14 08:45:00+00:00,1199.944580078125,1205.44873046875,1199.17041015625,1205.2139892578125,0
2025-10-14 09:00:00+00:00,1202.0367431640625,1203.5076904296875,1199.120849609375,1199.7567138671875,0
2025-10-14 09:15:00+00:00,1208.71630859375,1208.71630859375,1201.32470703125,1201.32470703125,0
2025-10-14 09:30:00+00:00,1208.3001708984375,1211.6121826171875,1208.3001708984375,1208.41015625,0
2025-10-14 09:45:00+00:00,1200.2607421875,1208.2437744140625,1199.5849609375,1208.2437744140625,0
2025-10-14 10:00:00+00:00,1196.163818359375,1200.3448486328125,1194.5458984375,1200.0806884765625,0
2025-10-14 10:15:00+00:00,1187.2039794921875,1195.9688720703125,1187.2039794921875,1195.9688720703125,0
2025-10-14 10:30:00+00:00,1180.29248046875,1186.8365478515625,1170.2764892578125,1186.8365478515625,10166272
2025-10-14 10:45:00+00:00,1183.91162109375,1183.91162109375,1175.8319091796875,1180.2945556640625,2375680
2025-10-14 11:00:00+00:00,1193.5032958984375,1195.853271484375,1183.98583984375,1183.98583984375,0
2025-10-14 11:15:00+00:00,1188.783203125,1193.8258056640625,1188.55859375,1193.8258056640625,0
2025-10-14 11:30:00+00:00,1177.0364990234375,1188.334228515625,1177.0364990234375,1188.334228515625,0
2025-10-14 11:45:00+00:00,1171.42236328125,1177.4759521484375,1171.3988037109375,1177.0694580078125,957440
2025-10-14 12:00:00+00:00,1172.241455078125,1172.241455078125,1167.52685546875,1171.2005615234375,10986496
2025-10-14 12:15:00+00:00,1160.3751220703125,1172.381103515625,1159.70458984375,1172.1937255859375,31562752
2025-10-14 12:30:00+00:00,1161.1982421875,1163.232666015625,1160.6708984375,1160.70703125,0
2025-10-14 12:45:00+00:00,1150.2794189453125,1160.4107666015625,1148.158447265625,1160.4107666015625,61251584
2025-10-14 13:00:00+00:00,1155.460693359375,1159.8072509765625,1151.3282470703125,1151.3282470703125,5239808
2025-10-14 13:15:00+00:00,1162.308349609375,1162.7178955078125,1150.650634765625,1155.8994140625,44840960
2025-10-14 13:30:00+00:00,1159.4798583984375,1166.00927734375,1157.5614013671875,1162.35791015625,0
2025-10-14 13:45:00+00:00,1181.43798828125,1182.627685546875,1160.7017822265625,1160.7017822265625,219158528
2025-10-14 14:00:00+00:00,1183.5687255859375,1183.92041015625,1180.85888671875,1182.22265625,23327744
2025-10-14 14:15:00+00:00,1193.0567626953125,1197.7568359375,1185.447265625,1185.447265625,75309056
2025-10-14 14:30:00+00:00,1188.824462890625,1188.824462890625,1182.2972412109375,1188.32177734375,0
2025-10-14 14:45:00+00:00,1182.99658203125,1191.3780517578125,1182.99658203125,1188.9642333984375,1340416
2025-10-14 15:00:00+00:00,1176.6453857421875,1184.664306640625,1176.58251953125,1182.729736328125,32768
2025-10-14 15:15:00+00:00,1187.4061279296875,1187.78173828125,1176.902587890625,1176.902587890625,33276928
2025-10-14 15:30:00+00:00,1195.4769287109375,1195.4769287109375,1186.044189453125,1187.34619140625,9446400
2025-10-14 15:45:00+00:00,1210.7230224609375,1212.2293701171875,1195.536376953125,1195.536376953125,106907648
2025-10-14 16:00:00+00:00,1222.6153564453125,1222.8837890625,1212.3367919921875,1213.2398681640625,65073152
2025-10-14 16:15:00+00:00,1225.4156494140625,1241.160400390625,1222.9498291015625,1222.9498291015625,178199552
2025-10-14 16:30:00+00:00,1216.4599609375,1224.4705810546875,1214.7158203125,1223.3719482421875,79906816
2025-10-14 16:45:00+00:00,1220.2222900390625,1227.014404296875,1216.67138671875,1216.67138671875,56512512
2025-10-14 17:00:00+00:00,1223.478271484375,1223.548828125,1204.08837890625,1220.334228515625,92619776
2025-10-14 17:15:00+00:00,1219.3199462890625,1222.730224609375,1219.048095703125,1222.730224609375,33895424
2025-10-14 17:30:00+00:00,1213.94189453125,1219.07177734375,1213.842529296875,1218.886474609375,6431744
2025-10-14 17:45:00+00:00,1215.2830810546875,1219.3277587890625,1214.2369384765625,1214.2369384765625,2775040
2025-10-14 18:00:00+00:00,1223.5269775390625,1223.5269775390625,1215.64013671875,1215.64013671875,19725312
2025-10-14 18:15:00+00:00,1223.544677734375,1226.22314453125,1223.5291748046875,1223.6376953125,1081344
2025-10-14 18:30:00+00:00,1217.5589599609375,1225.3607177734375,1217.5589599609375,1223.651123046875,0
2025-10-14 18:45:00+00:00,1213.7298583984375,1216.32275390625,1213.7298583984375,1215.40283203125,0
2025-10-14 19:00:00+00:00,1219.2047119140625,1219.5157470703125,1214.2200927734375,1214.2200927734375,0
2025-10-14 19:15:00+00:00,1221.9927978515625,1223.6776123046875,1219.710205078125,1219.710205078125,0
2025-10-14 19:30:00+00:00,1202.7557373046875,1220.8238525390625,1202.7557373046875,1220.7135009765625,29971456
2025-10-14 19:45:00+00:00,1206.7574462890625,1207.382080078125,1197.905517578125,1197.905517578125,38772736
2025-10-14 20:00:00+00:00,1206.9742431640625,1210.1385498046875,1206.7757568359375,1206.7757568359375,3910656
2025-10-14 20:15:00+00:00,1213.961669921875,1214.4205322265625,1207.167724609375,1207.167724609375,17492992
2025-10-14 20:30:00+00:00,1215.9664306640625,1215.9664306640625,1214.1295166015625,1214.1295166015625,506880
2025-10-14 20:45:00+00:00,1218.7841796875,1218.878173828125,1216.3846435546875,1216.3846435546875,0
2025-10-14 21:00:00+00:00,1217.126708984375,1218.8935546875,1217.126708984375,1218.8935546875,0
2025-10-14 21:15:00+00:00,1220.6015625,1220.6015625,1215.8914794921875,1217.296142578125,4962304
2025-10-14 21:30:00+00:00,1218.7347412109375,1221.14697265625,1218.1212158203125,1220.6766357421875,6672384
2025-10-14 21:45:00+00:00,1219.8167724609375,1219.9915771484375,1218.6019287109375,1218.6839599609375,0
2025-10-14 22:00:00+00:00,1219.5765380859375,1219.6802978515625,1218.9935302734375,1219.6802978515625,0
2025-10-14 22:15:00+00:00,1218.813232421875,1219.389404296875,1217.5164794921875,1219.389404296875,0
2025-10-14 22:30:00+00:00,1217.6640625,1218.716064453125,1215.9500732421875,1218.716064453125,9841664
2025-10-14 22:45:00+00:00,1211.0103759765625,1217.133544921875,1209.166748046875,1217.133544921875,59092992
2025-10-14 23:00:00+00:00,1217.8970947265625,1217.990966796875,1209.6864013671875,1210.7923583984375,35558400
2025-10-14 23:15:00+00:00,1218.277099609375,1218.93310546875,1216.4053955078125,1218.1300048828125,13224960
2025-10-14 23:30:00+00:00,1219.1551513671875,1220.1519775390625,1218.1102294921875,1218.1102294921875,0
2025-10-14 23:45:00+00:00,1211.25927734375,1218.873779296875,1211.25927734375,1218.873779296875,14572544
2025-10-15 00:00:00+00:00,1208.4320068359375,1212.45751953125,1208.4320068359375,1210.9901123046875,0
2025-10-15 00:15:00+00:00,1202.9217529296875,1207.96337890625,1202.9217529296875,1207.96337890625,0
2025-10-15 00:30:00+00:00,1203.658447265625,1204.5614013671875,1202.92529296875,1202.92529296875,0
2025-10-15 00:45:00+00:00,1206.5401611328125,1207.405029296875,1203.7340087890625,1203.7340087890625,0
2025-10-15 01:00:00+00:00,1206.0882568359375,1209.1649169921875,1203.8138427734375,1206.9127197265625,2326528
2025-10-15 01:15:00+00:00,1207.6195068359375,1208.052490234375,1205.22802734375,1205.82666015625,848896
2025-10-15 01:30:00+00:00,1203.37646484375,1206.855712890625,1203.37646484375,1206.855712890625,1062912
2025-10-15 01:45:00+00:00,1206.5185546875,1206.5380859375,1202.7496337890625,1203.56591796875,3241984
2025-10-15 02:00:00+00:00,1210.40869140625,1210.40869140625,1206.556884765625,1206.556884765625,0
2025-10-15 02:15:00+00:00,1219.10107421875,1219.4796142578125,1211.00244140625,1211.00244140625,11978752
2025-10-15 02:30:00+00:00,1219.935791015625,1221.09423828125,1218.08056640625,1220.9027099609375,21991424
2025-10-15 02:45:00+00:00,1218.8408203125,1221.07421875,1218.8408203125,1219.8629150390625,2000896
2025-10-15 03:00:00+00:00,1211.76318359375,1218.8551025390625,1211.76318359375,1218.8551025390625,0
2025-10-15 03:15:00+00:00,1212.8251953125,1213.036376953125,1211.4005126953125,1212.360595703125,1801216
2025-10-15 03:30:00+00:00,1210.214111328125,1214.133056640625,1210.214111328125,1212.9176025390625,0
2025-10-15 03:45:00+00:00,1208.9742431640625,1210.3406982421875,1207.0308837890625,1210.08154296875,2188288
2025-10-15 04:00:00+00:00,1206.010498046875,1208.994873046875,1205.2899169921875,1208.994873046875,0
2025-10-15 04:15:00+00:00,1210.30029296875,1210.551513671875,1205.9893798828125,1205.9893798828125,3702784
2025-10-15 04:30:00+00:00,1210.21142578125,1211.89892578125,1210.07470703125,1210.36767578125,0
2025-10-15 04:45:00+00:00,1213.094970703125,1213.4185791015625,1209.25390625,1210.187744140625,0
2025-10-15 05:00:00+00:00,1210.4642333984375,1212.69140625,1210.4642333984375,1212.5252685546875,0
2025-10-15 05:15:00+00:00,1199.993896484375,1207.7503662109375,1199.993896484375,1207.7503662109375,148480
2025-10-15 05:30:00+00:00,1192.162841796875,1200.2493896484375,1188.5926513671875,1200.2493896484375,54881280
2025-10-15 05:45:00+00:00,1192.474609375,1194.1611328125,1190.7769775390625,1192.329833984375,8692736
2025-10-15 06:00:00+00:00,1187.77734375,1192.9620361328125,1187.77734375,1192.5135498046875,2828288
2025-10-15 06:15:00+00:00,1179.439208984375,1186.638427734375,1179.439208984375,1186.638427734375,0
2025-10-15 06:30:00+00:00,1188.35205078125,1188.59326171875,1179.0587158203125,1179.3721923828125,3713024
2025-10-15 06:45:00+00:00,1189.921142578125,1190.75732421875,1187.2281494140625,1188.1556396484375,0
2025-10-15 07:00:00+00:00,1188.112548828125,1190.596435546875,1186.2135009765625,1190.118896484375,0
2025-10-15 07:15:00+00:00,1185.5689697265625,1190.4176025390625,1185.5689697265625,1188.2728271484375,0
2025-10-15 07:30:00+00:00,1183.8662109375,1184.9439697265625,1183.245849609375,1184.9439697265625,0
2025-10-15 07:45:00+00:00,1189.37646484375,1189.37646484375,1183.977294921875,1183.977294921875,0
2025-10-15 08:00:00+00:00,1192.5291748046875,1192.5291748046875,1189.714599609375,1189.714599609375,0
2025-10-15 08:15:00+00:00,1208.1978759765625,1208.4906005859375,1192.84375,1192.84375,74974208
2025-10-15 08:30:00+00:00,1210.625244140625,1213.087158203125,1208.0404052734375,1208.0404052734375,42777600
2025-10-15 08:45:00+00:00,1203.6290283203125,1210.4766845703125,1203.6290283203125,1210.4766845703125,3743744
2025-10-15 09:00:00+00:00,1198.3760986328125,1203.705078125,1198.3760986328125,1203.705078125,21607424
2025-10-15 09:15:00+00:00,1191.5028076171875,1198.2879638671875,1191.4324951171875,1198.2879638671875,9447424
2025-10-15 09:30:00+00:00,1192.5772705078125,1192.633056640625,1189.771728515625,1191.5028076171875,2938880
2025-10-15 09:45:00+00:00,1190.365966796875,1194.049560546875,1190.24853515625,1192.5540771484375,0
2025-10-15 10:00:00+00:00,1190.8160400390625,1190.8160400390625,1188.5782470703125,1190.159423828125,0
2025-10-15 10:15:00+00:00,1187.9642333984375,1190.8375244140625,1187.770751953125,1190.622802734375,0
2025-10-15 10:30:00+00:00,1184.25537109375,1187.9176025390625,1183.3519287109375,1187.9176025390625,0
2025-10-15 10:45:00+00:00,1183.1929931640625,1185.5198974609375,1183.1553955078125,1184.2548828125,0
2025-10-15 11:00:00+00:00,1185.9112548828125,1186.9771728515625,1183.39404296875,1183.4595947265625,0
2025-10-15 11:15:00+00:00,1184.4339599609375,1185.5455322265625,1182.6119384765625,1185.5455322265625,0
2025-10-15 11:30:00+00:00,1185.0357666015625,1185.0357666015625,1182.444091796875,1184.2529296875,0
2025-10-15 11:45:00+00:00,1186.8236083984375,1186.9869384765625,1184.6258544921875,1185.01806640625,0
2025-10-15 12:00:00+00:00,1189.9825439453125,1190.2987060546875,1185.0277099609375,1186.7672119140625,0
2025-10-15 12:15:00+00:00,1187.807861328125,1190.047119140625,1187.490234375,1190.047119140625,0
2025-10-15 12:30:00+00:00,1181.939697265625,1186.8603515625,1181.939697265625,1186.8603515625,0
2025-10-15 12:45:00+00:00,1180.33837890625,1181.9346923828125,1180.129150390625,1181.9346923828125,0
2025-10-15 13:00:00+00:00,1172.9361572265625,1180.0992431640625,1169.56396484375,1180.0992431640625,6853632
2025-10-15 13:15:00+00:00,1178.06689453125,1178.2303466796875,1172.0341796875,1172.61376953125,0
2025-10-15 13:30:00+00:00,1178.798583984375,1183.23046875,1177.3629150390625,1177.6773681640625,0
2025-10-15 13:45:00+00:00,1175.4415283203125,1178.415283203125,1172.991943359375,1178.415283203125,0
2025-10-15 14:00:00+00:00,1186.85205078125,1186.85205078125,1175.8350830078125,1175.8350830078125,0
2025-10-15 14:15:00+00:00,1182.244384765625,1186.5452880859375,1182.2369384765625,1186.5452880859375,0
2025-10-15 14:30:00+00:00,1178.5843505859375,1182.9925537109375,1178.5843505859375,1182.462158203125,0
2025-10-15 14:45:00+00:00,1168.9373779296875,1178.1566162109375,1168.56103515625,1178.1566162109375,0
2025-10-15 15:00:00+00:00,1173.6844482421875,1176.229248046875,1169.5994873046875,1169.5994873046875,7659008
2025-10-15 15:15:00+00:00,1174.0166015625,1174.482177734375,1170.925048828125,1173.643310546875,0
2025-10-15 15:30:00+00:00,1173.5357666015625,1173.921142578125,1170.295166015625,1173.457763671875,12662272
2025-10-15 15:45:00+00:00,1169.507568359375,1173.4873046875,1168.2506103515625,1173.4873046875,0
2025-10-15 16:00:00+00:00,1163.762451171875,1169.6845703125,1161.242431640625,1169.470947265625,0
2025-10-15 16:15:00+00:00,1172.7852783203125,1172.7852783203125,1162.9736328125,1164.52783203125,0
2025-10-15 16:30:00+00:00,1171.934814453125,1173.399658203125,1171.934814453125,1172.4578857421875,0
2025-10-15 16:45:00+00:00,1184.5919189453125,1186.4427490234375,1171.45068359375,1171.90625,48557568
2025-10-15 17:00:00+00:00,1172.451904296875,1184.6009521484375,1172.451904296875,1184.6009521484375,0
2025-10-15 17:15:00+00:00,1162.964111328125,1171.8953857421875,1162.964111328125,1171.8953857421875,3062272
2025-10-15 17:30:00+00:00,1163.3746337890625,1163.6396484375,1158.839111328125,1162.958984375,0
2025-10-15 17:45:00+00:00,1166.934326171875,1167.4686279296875,1163.60205078125,1163.60205078125,0
2025-10-15 18:00:00+00:00,1165.6014404296875,1167.739501953125,1164.9552001953125,1167.23779296875,0
2025-10-15 18:15:00+00:00,1167.515380859375,1167.94677734375,1165.249755859375,1165.513671875,6910464
2025-10-15 18:30:00+00:00,1167.645263671875,1167.922119140625,1165.975341796875,1167.530029296875,0
2025-10-15 18:45:00+00:00,1172.5565185546875,1172.5565185546875,1167.34228515625,1167.566650390625,0
2025-10-15 19:00:00+00:00,1168.624755859375,1172.404296875,1168.2691650390625,1172.3497314453125,0
2025-10-15 19:15:00+00:00,1170.98486328125,1171.1224365234375,1168.250732421875,1168.51806640625,0
2025-10-15 19:30:00+00:00,1166.681396484375,1171.0159912109375,1166.681396484375,1170.8780517578125,0
2025-10-15 19:45:00+00:00,1165.1082763671875,1167.5643310546875,1165.1082763671875,1166.7081298828125,0
2025-10-15 20:00:00+00:00,1167.47607421875,1167.4921875,1165.1177978515625,1165.1177978515625,0
2025-10-15 20:15:00+00:00,1168.7293701171875,1170.1790771484375,1167.5325927734375,1167.5980224609375,0
2025-10-15 20:30:00+00:00,1161.7822265625,1168.446533203125,1155.8216552734375,1168.446533203125,40696832
2025-10-15 20:45:00+00:00,1157.7752685546875,1162.073974609375,1157.7752685546875,1161.828369140625,0
2025-10-15 21:00:00+00:00,1154.0625,1157.7537841796875,1154.0384521484375,1157.7537841796875,7881216
2025-10-15 21:15:00+00:00,1155.170654296875,1155.170654296875,1151.953125,1153.904296875,6953984
2025-10-15 21:30:00+00:00,1158.251953125,1161.303466796875,1155.3963623046875,1155.3963623046875,9137152
2025-10-15 21:45:00+00:00,1153.9541015625,1158.8326416015625,1153.6741943359375,1158.34912109375,0
2025-10-15 22:00:00+00:00,1158.5853271484375,1158.5853271484375,1153.9979248046875,1153.9979248046875,8352768
2025-10-15 22:15:00+00:00,1160.9154052734375,1163.545654296875,1158.76806640625,1158.76806640625,8656384
2025-10-15 22:30:00+00:00,1161.0205078125,1161.91015625,1160.1654052734375,1160.7724609375,684544
2025-10-15 22:45:00+00:00,1154.6451416015625,1161.0728759765625,1154.2706298828125,1161.0728759765625,0
2025-10-15 23:00:00+00:00,1157.1483154296875,1157.1483154296875,1153.4222412109375,1154.4315185546875,0
2025-10-15 23:15:00+00:00,1160.966796875,1160.966796875,1157.09033203125,1157.09033203125,0
2025-10-15 23:30:00+00:00,1164.033447265625,1164.033447265625,1161.1270751953125,1161.1270751953125,0
2025-10-15 23:45:00+00:00,1162.58251953125,1164.670166015625,1162.58251953125,1164.012939453125,0
2025-10-16 00:00:00+00:00,1162.4754638671875,1163.763427734375,1162.4754638671875,1162.497314453125,1003520
2025-10-16 00:15:00+00:00,1167.18798828125,1167.18798828125,1161.205810546875,1162.3448486328125,2803712
2025-10-16 00:30:00+00:00,1166.26806640625,1168.271240234375,1165.9237060546875,1167.1312255859375,0
2025-10-16 00:45:00+00:00,1170.554443359375,1170.554443359375,1166.06640625,1166.06640625,2989568
2025-10-16 01:00:00+00:00,1180.1141357421875,1180.274658203125,1170.583251953125,1170.583251953125,21486592
2025-10-16 01:15:00+00:00,1178.871826171875,1181.60888671875,1178.4390869140625,1180.03564453125,23503360
2025-10-16 01:30:00+00:00,1182.3736572265625,1182.3736572265625,1178.738037109375,1178.738037109375,12284416
2025-10-16 01:45:00+00:00,1184.1727294921875,1184.7857666015625,1182.086669921875,1182.2864990234375,4669440
2025-10-16 02:00:00+00:00,1186.8427734375,1187.099609375,1183.6898193359375,1183.9981689453125,12255232
2025-10-16 02:15:00+00:00,1192.4903564453125,1192.5213623046875,1186.79638671875,1186.79638671875,23823360
2025-10-16 02:30:00+00:00,1189.240478515625,1192.826416015625,1189.240478515625,1192.334716796875,0
2025-10-16 02:45:00+00:00,1191.146728515625,1191.7557373046875,1188.5965576171875,1189.214111328125,1446912
2025-10-16 03:00:00+00:00,1190.7960205078125,1193.6619873046875,1190.7681884765625,1191.2908935546875,1396736
2025-10-16 03:15:00+00:00,1188.75732421875,1190.5565185546875,1188.75732421875,1190.5565185546875,810496
2025-10-16 03:30:00+00:00,1187.7156982421875,1188.8123779296875,1183.1593017578125,1188.8123779296875,21702144
2025-10-16 03:45:00+00:00,1185.8411865234375,1188.6661376953125,1185.8411865234375,1187.6478271484375,0
2025-10-16 04:00:00+00:00,1188.6959228515625,1188.7181396484375,1184.9317626953125,1185.77001953125,606720
2025-10-16 04:15:00+00:00,1188.419921875,1190.734619140625,1188.268798828125,1188.8935546875,10039296
2025-10-16 04:30:00+00:00,1183.32177734375,1188.365234375,1183.32177734375,1188.365234375,0
2025-10-16 04:45:00+00:00,1180.775146484375,1183.0872802734375,1177.12109375,1183.0872802734375,11959808
2025-10-16 05:00:00+00:00,1178.66796875,1180.3709716796875,1177.8455810546875,1180.3052978515625,0
2025-10-16 05:15:00+00:00,1177.2156982421875,1179.5972900390625,1177.084228515625,1178.5985107421875,0
2025-10-16 05:30:00+00:00,1184.3740234375,1184.3740234375,1177.1053466796875,1177.1856689453125,0
2025-10-16 05:45:00+00:00,1183.6806640625,1186.8876953125,1181.4921875,1184.519775390625,1104896
2025-10-16 06:00:00+00:00,1183.2513427734375,1184.0792236328125,1182.7916259765625,1183.7449951171875,0
2025-10-16 06:15:00+00:00,1188.5557861328125,1188.5557861328125,1181.9925537109375,1183.139892578125,0
2025-10-16 06:30:00+00:00,1188.7044677734375,1189.3720703125,1188.4671630859375,1188.51611328125,0
2025-10-16 06:45:00+00:00,1190.701904296875,1190.7689208984375,1188.6973876953125,1188.8038330078125,4124160
2025-10-16 07:00:00+00:00,1186.1400146484375,1190.69091796875,1186.0526123046875,1190.69091796875,2378752
2025-10-16 07:15:00+00:00,1181.0206298828125,1186.595703125,1180.86083984375,1186.3291015625,0
2025-10-16 07:30:00+00:00,1182.1168212890625,1182.477783203125,1180.3197021484375,1180.834228515625,2185216
2025-10-16 07:45:00+00:00,1182.0220947265625,1182.6617431640625,1181.8955078125,1182.1097412109375,0
2025-10-16 08:00:00+00:00,1182.23681640625,1183.775634765625,1181.6055908203125,1182.66259765625,2287104
2025-10-16 08:15:00+00:00,1183.491943359375,1183.491943359375,1182.40966796875,1182.40966796875,0
2025-10-16 08:30:00+00:00,1186.3648681640625,1186.4979248046875,1183.0860595703125,1183.38427734375,0
2025-10-16 08:45:00+00:00,1188.0654296875,1188.39990234375,1185.2845458984375,1186.316162109375,0
2025-10-16 09:00:00+00:00,1191.778076171875,1191.778076171875,1187.29541015625,1187.9412841796875,4964352
2025-10-16 09:15:00+00:00,1190.4920654296875,1193.156005859375,1190.4920654296875,1191.997314453125,0
2025-10-16 09:30:00+00:00,1176.9683837890625,1190.29638671875,1175.69287109375,1190.29638671875,54962688
2025-10-16 09:45:00+00:00,1183.5638427734375,1187.1033935546875,1180.9031982421875,1180.9031982421875,96591360
2025-10-16 10:00:00+00:00,1181.6248779296875,1183.469970703125,1178.765380859375,1183.469970703125,51475968
2025-10-16 10:15:00+00:00,1181.8856201171875,1187.069091796875,1181.2923583984375,1181.2923583984375,27290624
2025-10-16 10:30:00+00:00,1180.1378173828125,1182.0643310546875,1178.296630859375,1181.7049560546875,5501952
2025-10-16 10:45:00+00:00,1180.7161865234375,1181.571044921875,1179.1964111328125,1179.7279052734375,45568
2025-10-16 11:00:00+00:00,1177.546142578125,1181.3634033203125,1177.546142578125,1180.8524169921875,0
2025-10-16 11:15:00+00:00,1173.276611328125,1178.361328125,1173.276611328125,1177.6806640625,0
2025-10-16 11:30:00+00:00,1175.55908203125,1175.55908203125,1172.6563720703125,1173.213623046875,6328832
2025-10-16 11:45:00+00:00,1182.0325927734375,1182.0325927734375,1175.550537109375,1175.550537109375,12561920
2025-10-16 12:00:00+00:00,1181.6524658203125,1184.740234375,1181.6524658203125,1182.027587890625,0
2025-10-16 12:15:00+00:00,1180.2843017578125,1182.017578125,1180.2843017578125,1181.322509765625,858624
2025-10-16 12:30:00+00:00,1181.7718505859375,1181.7718505859375,1178.9970703125,1180.263427734375,0
2025-10-16 12:45:00+00:00,1187.9945068359375,1188.434814453125,1181.816650390625,1181.816650390625,1337344
2025-10-16 13:00:00+00:00,1185.1527099609375,1187.4058837890625,1185.1527099609375,1187.2801513671875,0
2025-10-16 13:15:00+00:00,1184.1859130859375,1187.22314453125,1184.1859130859375,1185.5653076171875,0
2025-10-16 13:30:00+00:00,1188.960693359375,1190.1142578125,1184.7117919921875,1184.7117919921875,10316288
2025-10-16 13:45:00+00:00,1183.362548828125,1189.89306640625,1183.1971435546875,1188.7657470703125,0
2025-10-16 14:00:00+00:00,1175.0562744140625,1183.5762939453125,1175.0562744140625,1183.5762939453125,0
2025-10-16 14:15:00+00:00,1170.571044921875,1174.922119140625,1168.5223388671875,1174.922119140625,29220352
2025-10-16 14:30:00+00:00,1182.4417724609375,1182.4417724609375,1170.81640625,1170.81640625,21020672
2025-10-16 14:45:00+00:00,1175.4820556640625,1182.667724609375,1175.2666015625,1182.667724609375,129024
2025-10-16 15:00:00+00:00,1174.9083251953125,1174.9083251953125,1171.0677490234375,1173.697021484375,4363776
2025-10-16 15:15:00+00:00,1167.9251708984375,1174.640380859375,1167.9251708984375,1174.640380859375,0
2025-10-16 15:30:00+00:00,1160.01220703125,1167.8179931640625,1160.01220703125,1167.8179931640625,8376832
2025-10-16 15:45:00+00:00,1135.2574462890625,1159.8262939453125,1135.2574462890625,1159.8262939453125,90295808
2025-10-16 16:00:00+00:00,1139.1351318359375,1139.1351318359375,1125.6790771484375,1135.3028564453125,95029760
2025-10-16 16:15:00+00:00,1134.4588623046875,1139.2894287109375,1133.755615234375,1138.618408203125,82751488
2025-10-16 16:30:00+00:00,1143.255859375,1143.255859375,1133.460693359375,1134.0296630859375,84808192
2025-10-16 16:45:00+00:00,1152.000244140625,1152.000244140625,1140.1187744140625,1142.1153564453125,70157312
2025-10-16 17:00:00+00:00,1149.133056640625,1154.7491455078125,1148.32080078125,1153.2838134765625,1314816
2025-10-16 17:15:00+00:00,1151.9384765625,1152.8187255859375,1149.0003662109375,1149.0003662109375,2732032
2025-10-16 17:30:00+00:00,1147.937744140625,1153.5482177734375,1147.937744140625,1151.864013671875,0
2025-10-16 17:45:00+00:00,1151.446044921875,1151.446044921875,1148.0238037109375,1148.0543212890625,15945216
2025-10-16 18:00:00+00:00,1141.1234130859375,1151.1551513671875,1141.1234130859375,1151.1551513671875,9060864
2025-10-16 18:15:00+00:00,1145.1810302734375,1146.81640625,1139.4129638671875,1141.251708984375,25038336
2025-10-16 18:30:00+00:00,1149.4951171875,1149.635986328125,1145.043212890625,1145.11669921875,27564032
2025-10-16 18:45:00+00:00,1150.0245361328125,1150.8065185546875,1147.6507568359375,1148.644287109375,8577536
2025-10-16 19:00:00+00:00,1148.220703125,1151.8023681640625,1148.220703125,1150.0126953125,12162048
2025-10-16 19:15:00+00:00,1145.001708984375,1148.2735595703125,1143.941162109375,1148.2735595703125,12969984
2025-10-16 19:30:00+00:00,1140.023681640625,1144.9598388671875,1139.276611328125,1144.9598388671875,28237824
2025-10-16 19:45:00+00:00,1147.087646484375,1147.9840087890625,1140.1839599609375,1140.1839599609375,24663552
2025-10-16 20:00:00+00:00,1146.746826171875,1147.510009765625,1145.9715576171875,1147.1207275390625,13886464
2025-10-16 20:15:00+00:00,1150.1160888671875,1151.548095703125,1146.626220703125,1146.8837890625,27550720
2025-10-16 20:30:00+00:00,1143.460693359375,1150.4942626953125,1143.460693359375,1150.4942626953125,0
2025-10-16 20:45:00+00:00,1145.45458984375,1148.94775390625,1144.1517333984375,1144.1517333984375,7678976
2025-10-16 21:00:00+00:00,1149.264404296875,1149.2652587890625,1146.627685546875,1146.627685546875,0
2025-10-16 21:15:00+00:00,1154.3416748046875,1154.736083984375,1149.692626953125,1149.692626953125,0
2025-10-16 21:30:00+00:00,1160.4356689453125,1162.1185302734375,1154.420166015625,1154.420166015625,11737088
2025-10-16 21:45:00+00:00,1162.3447265625,1162.4512939453125,1159.35791015625,1160.240234375,5883392
2025-10-16 22:00:00+00:00,1161.027099609375,1163.7017822265625,1161.027099609375,1162.6480712890625,4993024
2025-10-16 22:15:00+00:00,1159.154052734375,1161.361328125,1158.977294921875,1160.9212646484375,0
2025-10-16 22:30:00+00:00,1157.9415283203125,1160.2515869140625,1157.9415283203125,1159.209228515625,354304
2025-10-16 22:45:00+00:00,1153.7479248046875,1157.840087890625,1153.7479248046875,1157.840087890625,0
2025-10-16 23:00:00+00:00,1152.5506591796875,1154.098388671875,1152.5506591796875,1153.21142578125,0
2025-10-16 23:15:00+00:00,1154.2802734375,1157.20703125,1152.733642578125,1152.733642578125,7099904
2025-10-16 23:30:00+00:00,1147.4169921875,1154.359375,1147.3785400390625,1154.356689453125,4504576
2025-10-16 23:45:00+00:00,1145.5611572265625,1147.35791015625,1143.68896484375,1147.35791015625,14936576
2025-10-17 00:00:00+00:00,1146.057861328125,1146.447509765625,1144.655029296875,1145.5711669921875,5306368
2025-10-17 00:15:00+00:00,1149.70458984375,1150.4051513671875,1146.3031005859375,1146.3031005859375,636928
2025-10-17 00:30:00+00:00,1150.6488037109375,1152.3670654296875,1150.23828125,1150.23828125,307712
2025-10-17 00:45:00+00:00,1150.1578369140625,1150.3094482421875,1147.6824951171875,1149.7393798828125,2451968
2025-10-17 01:00:00+00:00,1153.626953125,1154.8026123046875,1149.8597412109375,1150.1422119140625,4382208
2025-10-17 01:15:00+00:00,1153.1485595703125,1154.6373291015625,1151.435791015625,1153.6663818359375,0
2025-10-17 01:30:00+00:00,1147.89111328125,1153.25146484375,1147.89111328125,1153.2220458984375,0
2025-10-17 01:45:00+00:00,1145.373779296875,1148.196044921875,1145.0130615234375,1147.89111328125,0
2025-10-17 02:00:00+00:00,1144.10693359375,1147.822265625,1144.0869140625,1145.7481689453125,0
2025-10-17 02:15:00+00:00,1140.61083984375,1144.1275634765625,1140.61083984375,1144.1275634765625,0
2025-10-17 02:30:00+00:00,1143.210693359375,1143.210693359375,1138.68408203125,1140.6397705078125,0
2025-10-17 02:45:00+00:00,1148.263671875,1148.329345703125,1143.027587890625,1143.027587890625,10954240
2025-10-17 03:00:00+00:00,1148.4193115234375,1151.306640625,1148.1568603515625,1148.2174072265625,0
2025-10-17 03:15:00+00:00,1149.99853515625,1150.539794921875,1148.4857177734375,1148.4857177734375,5568512
2025-10-17 03:30:00+00:00,1147.4796142578125,1149.9683837890625,1147.4796142578125,1149.3929443359375,0
2025-10-17 03:45:00+00:00,1150.1427001953125,1150.1427001953125,1147.4970703125,1147.4970703125,4085248
2025-10-17 04:00:00+00:00,1149.787109375,1153.6512451171875,1149.5416259765625,1150.2001953125,3314688
2025-10-17 04:15:00+00:00,1147.174560546875,1150.03271484375,1146.89794921875,1149.822021484375,2111488
2025-10-17 04:30:00+00:00,1147.3033447265625,1149.6934814453125,1147.1746826171875,1147.1746826171875,85504
2025-10-17 04:45:00+00:00,1145.0140380859375,1147.2447509765625,1144.96923828125,1147.0506591796875,0
2025-10-17 05:00:00+00:00,1145.390869140625,1146.2916259765625,1144.532470703125,1144.953369140625,0
2025-10-17 05:15:00+00:00,1142.310546875,1145.263671875,1140.144775390625,1145.263671875,2542592
2025-10-17 05:30:00+00:00,1138.244140625,1142.289794921875,1138.244140625,1142.289794921875,0
2025-10-17 05:45:00+00:00,1130.1556396484375,1138.1873779296875,1129.105712890625,1138.1873779296875,14000128
2025-10-17 06:00:00+00:00,1129.974609375,1132.7115478515625,1129.232177734375,1130.1302490234375,4664832
2025-10-17 06:15:00+00:00,1125.0379638671875,1130.55810546875,1125.0379638671875,1130.169921875,19804672
2025-10-17 06:30:00+00:00,1109.3148193359375,1124.99365234375,1109.3148193359375,1124.99365234375,129867264
2025-10-17 06:45:00+00:00,1098.9156494140625,1109.5504150390625,1098.9156494140625,1109.5504150390625,106594816
2025-10-17 07:00:00+00:00,1083.775634765625,1097.7911376953125,1083.775634765625,1097.7911376953125,106714624
2025-10-17 07:15:00+00:00,1084.494140625,1086.0025634765625,1082.434814453125,1083.4476318359375,83452928
2025-10-17 07:30:00+00:00,1067.0865478515625,1084.3695068359375,1067.0865478515625,1084.3695068359375,100717568
2025-10-17 07:45:00+00:00,1067.73876953125,1073.983642578125,1067.53125,1067.53125,76572672
2025-10-17 08:00:00+00:00,1033.696533203125,1067.4786376953125,1033.696533203125,1067.4786376953125,226893824
2025-10-17 08:15:00+00:00,1044.4388427734375,1045.262451171875,1024.083251953125,1033.4998779296875,274540032
2025-10-17 08:30:00+00:00,1045.46240234375,1051.6795654296875,1043.1885986328125,1043.1885986328125,106657280
2025-10-17 08:45:00+00:00,1044.1527099609375,1045.395263671875,1039.83349609375,1045.395263671875,59961344
2025-10-17 09:00:00+00:00,1050.1258544921875,1050.1258544921875,1043.746337890625,1044.2579345703125,37513728
2025-10-17 09:15:00+00:00,1042.86962890625,1049.6727294921875,1041.64208984375,1049.6727294921875,24202752
2025-10-17 09:30:00+00:00,1053.191162109375,1059.5360107421875,1046.4615478515625,1046.4615478515625,43717632
2025-10-17 09:45:00+00:00,1039.7664794921875,1053.507568359375,1039.5631103515625,1053.507568359375,6154240
2025-10-17 10:00:00+00:00,1038.309326171875,1041.1085205078125,1038.309326171875,1039.9532470703125,0
2025-10-17 10:15:00+00:00,1032.0821533203125,1038.881591796875,1031.3336181640625,1037.426513671875,35488768
2025-10-17 10:30:00+00:00,1040.2825927734375,1040.2825927734375,1032.984619140625,1032.984619140625,34046464
2025-10-17 10:45:00+00:00,1041.738525390625,1042.9573974609375,1039.9163818359375,1040.1531982421875,34132992
2025-10-17 11:00:00+00:00,1048.77197265625,1048.77197265625,1043.885009765625,1043.9339599609375,63570432
2025-10-17 11:15:00+00:00,1075.563720703125,1075.892578125,1048.9288330078125,1048.9288330078125,175356928
2025-10-17 11:30:00+00:00,1072.9156494140625,1075.679931640625,1072.27783203125,1074.9012451171875,68203520
2025-10-17 11:45:00+00:00,1072.6739501953125,1077.1458740234375,1072.39111328125,1072.8299560546875,30547968
2025-10-17 12:00:00+00:00,1067.44580078125,1073.7213134765625,1067.44580078125,1072.3846435546875,18398720
2025-10-17 12:15:00+00:00,1062.7781982421875,1069.465576171875,1062.412109375,1067.9012451171875,29716992
2025-10-17 12:30:00+00:00,1065.791259765625,1066.5938720703125,1061.45556640625,1062.841064453125,18357760
2025-10-17 12:45:00+00:00,1065.8369140625,1068.4588623046875,1065.7830810546875,1065.7830810546875,11840512
2025-10-17 13:00:00+00:00,1064.2027587890625,1067.5350341796875,1064.2027587890625,1065.803466796875,10676736
2025-10-17 13:15:00+00:00,1067.6878662109375,1069.3111572265625,1061.4588623046875,1064.0125732421875,31464960
2025-10-17 13:30:00+00:00,1068.0606689453125,1074.731689453125,1067.1595458984375,1067.3765869140625,49980416
2025-10-17 13:45:00+00:00,1073.2996826171875,1074.6124267578125,1061.9254150390625,1067.128173828125,60114944
2025-10-17 14:00:00+00:00,1064.2510986328125,1072.789794921875,1063.2445068359375,1072.789794921875,7550976
2025-10-17 14:15:00+00:00,1061.6126708984375,1065.528564453125,1061.22998046875,1064.1922607421875,0
2025-10-17 14:30:00+00:00,1053.6085205078125,1061.5111083984375,1051.43505859375,1061.5111083984375,28824064
2025-10-17 14:45:00+00:00,1055.8897705078125,1063.5247802734375,1052.6171875,1052.6171875,33190400
2025-10-17 15:00:00+00:00,1058.7431640625,1062.7301025390625,1055.8914794921875,1055.8914794921875,15354368
2025-10-17 15:15:00+00:00,1059.13427734375,1062.8114013671875,1057.2969970703125,1058.6004638671875,29071360
2025-10-17 15:30:00+00:00,1061.871826171875,1062.127197265625,1055.119873046875,1059.9888916015625,0
2025-10-17 15:45:00+00:00,1070.8629150390625,1070.8629150390625,1061.865234375,1061.9813232421875,0
2025-10-17 16:00:00+00:00,1086.0965576171875,1086.3502197265625,1073.8868408203125,1073.8868408203125,9817088
2025-10-17 16:15:00+00:00,1083.111083984375,1090.554931640625,1083.111083984375,1085.6727294921875,0
2025-10-17 16:30:00+00:00,1074.402587890625,1083.78564453125,1074.402587890625,1083.185302734375,0
2025-10-17 16:45:00+00:00,1069.6697998046875,1075.7083740234375,1068.991943359375,1074.431640625,0
2025-10-17 17:00:00+00:00,1070.7335205078125,1072.880126953125,1069.931640625,1071.650390625,0
2025-10-17 17:15:00+00:00,1070.061279296875,1071.584716796875,1070.061279296875,1070.580078125,0
2025-10-17 17:30:00+00:00,1072.6829833984375,1073.2132568359375,1069.995849609375,1070.0972900390625,7973376
2025-10-17 17:45:00+00:00,1075.8533935546875,1075.8533935546875,1069.8248291015625,1072.72314453125,2944512
2025-10-17 18:00:00+00:00,1078.30126953125,1079.0538330078125,1075.902587890625,1075.902587890625,633344
2025-10-17 18:15:00+00:00,1080.2152099609375,1080.83642578125,1076.080322265625,1078.278564453125,0
2025-10-17 18:30:00+00:00,1076.149658203125,1080.1241455078125,1076.149658203125,1080.1241455078125,0
2025-10-17 18:45:00+00:00,1071.792236328125,1076.0792236328125,1071.7110595703125,1076.0792236328125,0
2025-10-17 19:00:00+00:00,1075.429443359375,1075.429443359375,1072.8560791015625,1072.8560791015625,2597888
2025-10-17 19:15:00+00:00,1073.13330078125,1075.2606201171875,1073.13330078125,1075.2606201171875,0
2025-10-17 19:30:00+00:00,1067.6337890625,1073.1280517578125,1067.0618896484375,1073.1280517578125,0
2025-10-17 19:45:00+00:00,1067.0291748046875,1067.9925537109375,1065.41796875,1067.56787109375,0
2025-10-17 20:00:00+00:00,1069.0635986328125,1069.0635986328125,1065.816650390625,1066.91552734375,0
2025-10-17 20:15:00+00:00,1076.2508544921875,1076.2508544921875,1068.928466796875,1068.928466796875,0
2025-10-17 20:30:00+00:00,1076.6551513671875,1077.891357421875,1075.965576171875,1076.388427734375,0
2025-10-17 20:45:00+00:00,1078.2930908203125,1078.8775634765625,1076.764404296875,1076.764404296875,0
2025-10-17 21:00:00+00:00,1085.7701416015625,1085.7701416015625,1077.594482421875,1078.2568359375,22931456
2025-10-17 21:15:00+00:00,1087.226806640625,1087.226806640625,1085.7867431640625,1085.9788818359375,3445248
2025-10-17 21:30:00+00:00,1087.711181640625,1089.1209716796875,1086.891357421875,1087.47314453125,3124736
2025-10-17 21:45:00+00:00,1089.1337890625,1089.291015625,1087.5196533203125,1087.7171630859375,4162560
2025-10-17 22:00:00+00:00,1085.474609375,1089.4637451171875,1085.474609375,1089.15478515625,4245504
2025-10-17 22:15:00+00:00,1081.31494140625,1085.5325927734375,1081.31494140625,1085.5325927734375,4217344
2025-10-17 22:30:00+00:00,1077.25,1081.3831787109375,1076.98095703125,1081.3831787109375,92672
2025-10-17 22:45:00+00:00,1078.604736328125,1078.6923828125,1077.089599609375,1077.089599609375,2048
2025-10-17 23:00:00+00:00,1073.6875,1078.5352783203125,1073.5982666015625,1078.5352783203125,6252544
2025-10-17 23:15:00+00:00,1074.5528564453125,1076.1187744140625,1073.769775390625,1073.769775390625,0
2025-10-17 23:30:00+00:00,1074.5565185546875,1074.5565185546875,1072.850830078125,1074.4644775390625,0
2025-10-17 23:45:00+00:00,1072.3465576171875,1074.5421142578125,1072.2938232421875,1074.5018310546875,0
2025-10-18 00:00:00+00:00,1072.721435546875,1072.721435546875,1071.5731201171875,1071.6123046875,4611072
2025-10-18 00:15:00+00:00,1077.3204345703125,1077.3204345703125,1072.4512939453125,1072.6474609375,9628160
2025-10-18 00:30:00+00:00,1079.6300048828125,1079.748046875,1077.112060546875,1077.559326171875,7314432
2025-10-18 00:45:00+00:00,1080.15185546875,1081.6785888671875,1079.809326171875,1079.809326171875,5238272
2025-10-18 01:00:00+00:00,1082.6217041015625,1082.6217041015625,1079.776611328125,1079.9193115234375,0
2025-10-18 01:15:00+00:00,1089.4654541015625,1089.4654541015625,1082.8765869140625,1082.8765869140625,13613056
2025-10-18 01:30:00+00:00,1088.7054443359375,1089.830322265625,1087.45703125,1089.6444091796875,11718144
2025-10-18 01:45:00+00:00,1087.447509765625,1088.7208251953125,1086.5225830078125,1088.7208251953125,7075840
2025-10-18 02:00:00+00:00,1089.01708984375,1092.1214599609375,1087.5098876953125,1087.5098876953125,14297600
2025-10-18 02:15:00+00:00,1092.262451171875,1092.77001953125,1087.7752685546875,1088.968994140625,11557376
2025-10-18 02:30:00+00:00,1088.967041015625,1093.391357421875,1088.967041015625,1092.5302734375,0
2025-10-18 02:45:00+00:00,1084.044189453125,1089.5093994140625,1083.90283203125,1088.952880859375,2111488
2025-10-18 03:00:00+00:00,1088.6131591796875,1088.6131591796875,1084.0931396484375,1084.0931396484375,2044928
2025-10-18 03:15:00+00:00,1091.617431640625,1091.617431640625,1088.6207275390625,1088.6207275390625,1828864
2025-10-18 03:30:00+00:00,1090.5322265625,1092.6505126953125,1090.5322265625,1091.370361328125,2861568
2025-10-18 03:45:00+00:00,1090.4398193359375,1091.552734375,1089.951171875,1090.611328125,3365888
2025-10-18 04:00:00+00:00,1086.43896484375,1090.47216796875,1086.43896484375,1090.47216796875,2056192
2025-10-18 04:15:00+00:00,1087.7236328125,1087.7236328125,1084.9853515625,1086.3734130859375,0
2025-10-18 04:30:00+00:00,1085.8843994140625,1088.04638671875,1085.8843994140625,1087.68896484375,3900416
2025-10-18 04:45:00+00:00,1083.315673828125,1085.7420654296875,1083.315673828125,1085.7420654296875,158720
2025-10-18 05:00:00+00:00,1085.001220703125,1085.0704345703125,1083.2869873046875,1083.2869873046875,8221184
2025-10-18 05:15:00+00:00,1085.4942626953125,1085.4942626953125,1084.816162109375,1085.0263671875,498688
