Requirement already satisfied: pandas>=2.0.0 in d:\mypythonprojects\k2\.venv\lib\site-packages (from -r requirements.txt (line 1)) (2.3.3)
Requirement already satisfied: numpy>=1.24.0 in d:\mypythonprojects\k2\.venv\lib\site-packages (from -r requirements.txt (line 2)) (2.3.4)
Requirement already satisfied: yfinance>=0.2.40 in d:\mypythonprojects\k2\.venv\lib\site-packages (from -r requirements.txt (line 3)) (0.2.66)
Requirement already satisfied: binance-connector>=3.6.0 in d:\mypythonprojects\k2\.venv\lib\site-packages (from -r requirements.txt (line 4)) (3.12.0)
Requirement already satisfied: requests>=2.31.0 in d:\mypythonprojects\k2\.venv\lib\site-packages (from -r requirements.txt (line 5)) (2.32.5)
Requirement already satisfied: python-dotenv>=1.0.1 in d:\mypythonprojects\k2\.venv\lib\site-packages (from -r requirements.txt (line 6)) (1.1.1)
Requirement already satisfied: python-dateutil>=2.8.2 in d:\mypythonprojects\k2\.venv\lib\site-packages (from pandas>=2.0.0->-r requirements.txt (line 1)) (2.9.0.post0)
Requirement already satisfied: pytz>=2020.1 in d:\mypythonprojects\k2\.venv\lib\site-packages (from pandas>=2.0.0->-r requirements.txt (line 1)) (2025.2)
Requirement already satisfied: tzdata>=2022.7 in d:\mypythonprojects\k2\.venv\lib\site-packages (from pandas>=2.0.0->-r requirements.txt (line 1)) (2025.2)
Requirement already satisfied: multitasking>=0.0.7 in d:\mypythonprojects\k2\.venv\lib\site-packages (from yfinance>=0.2.40->-r requirements.txt (line 3)) (0.0.12)
Requirement already satisfied: platformdirs>=2.0.0 in d:\mypythonprojects\k2\.venv\lib\site-packages (from yfinance>=0.2.40->-r requirements.txt (line 3)) (4.5.0)
Requirement already satisfied: frozendict>=2.3.4 in d:\mypythonprojects\k2\.venv\lib\site-packages (from yfinance>=0.2.40->-r requirements.txt (line 3)) (2.4.6)
Requirement already satisfied: peewee>=3.16.2 in d:\mypythonprojects\k2\.venv\lib\site-packages (from yfinance>=0.2.40->-r requirements.txt (line 3)) (3.18.2)
Requirement already satisfied: beautifulsoup4>=4.11.1 in d:\mypythonprojects\k2\.venv\lib\site-packages (from yfinance>=0.2.40->-r requirements.txt (line 3)) (4.14.2)
Requirement already satisfied: curl_cffi>=0.7 in d:\mypythonprojects\k2\.venv\lib\site-packages (from yfinance>=0.2.40->-r requirements.txt (line 3)) (0.13.0)
Requirement already satisfied: protobuf>=3.19.0 in d:\mypythonprojects\k2\.venv\lib\site-packages (from yfinance>=0.2.40->-r requirements.txt (line 3)) (6.33.0)
Requirement already satisfied: websockets>=13.0 in d:\mypythonprojects\k2\.venv\lib\site-packages (from yfinance>=0.2.40->-r requirements.txt (line 3)) (15.0.1)
Requirement already satisfied: websocket-client>=1.6.3 in d:\mypythonprojects\k2\.venv\lib\site-packages (from binance-connector>=3.6.0->-r requirements.txt (line 4)) (1.9.0)
Requirement already satisfied: pycryptodome>=3.15.0 in d:\mypythonprojects\k2\.venv\lib\site-packages (from binance-connector>=3.6.0->-r requirements.txt (line 4)) (3.23.0)
Requirement already satisfied: charset_normalizer<4,>=2 in d:\mypythonprojects\k2\.venv\lib\site-packages (from requests>=2.31.0->-r requirements.txt (line 5)) (3.4.4)
Requirement already satisfied: idna<4,>=2.5 in d:\mypythonprojects\k2\.venv\lib\site-packages (from requests>=2.31.0->-r requirements.txt (line 5)) (3.11)
Requirement already satisfied: urllib3<3,>=1.21.1 in d:\mypythonprojects\k2\.venv\lib\site-packages (from requests>=2.31.0->-r requirements.txt (line 5)) (2.5.0)
Requirement already satisfied: certifi>=2017.4.17 in d:\mypythonprojects\k2\.venv\lib\site-packages (from requests>=2.31.0->-r requirements.txt (line 5)) (2025.10.5)
Requirement already satisfied: soupsieve>1.2 in d:\mypythonprojects\k2\.venv\lib\site-packages (from beautifulsoup4>=4.11.1->yfinance>=0.2.40->-r requirements.txt (line 3)) (2.8)
Requirement already satisfied: typing-extensions>=4.0.0 in d:\mypythonprojects\k2\.venv\lib\site-packages (from beautifulsoup4>=4.11.1->yfinance>=0.2.40->-r requirements.txt (line 3)) (4.15.0)
Requirement already satisfied: cffi>=1.12.0 in d:\mypythonprojects\k2\.venv\lib\site-packages (from curl_cffi>=0.7->yfinance>=0.2.40->-r requirements.txt (line 3)) (2.0.0)
Requirement already satisfied: pycparser in d:\mypythonprojects\k2\.venv\lib\site-packages (from cffi>=1.12.0->curl_cffi>=0.7->yfinance>=0.2.40->-r requirements.txt (line 3)) (2.23)
Requirement already satisfied: six>=1.5 in d:\mypythonprojects\k2\.venv\lib\site-packages (from python-dateutil>=2.8.2->pandas>=2.0.0->-r requirements.txt (line 1)) (1.17.0)
2025-10-29 21:24:38,173 INFO Filters: Filters(price_tick=0.01, qty_step=0.001, min_qty=0.001, min_notional=10.0)
2025-10-29 21:24:38,174 INFO Bot start. Symbol=BNBUSDT, Interval=4h, RSI=14, Entry<=36.0, Exit>=100.0, Stop=8.0% | Live=False
2025-10-29 21:24:39,898 INFO Candle 2025-10-29 08:00:00 | close=1114.0300 RSI(live)=45.08 (entry<=36.00 exit>=100.00)
2025-10-29 21:24:40,032 INFO Heartbeat: BNBUSDT 4h running. Last RSI=45.08, price=1114.0300
2025-10-29 21:24:46,582 INFO Candle 2025-10-29 08:00:00 | close=1113.8500 RSI(live)=45.01 (entry<=36.00 exit>=100.00)
2025-10-29 21:24:52,003 INFO Candle 2025-10-29 08:00:00 | close=1113.8500 RSI(live)=45.01 (entry<=36.00 exit>=100.00)
2025-10-29 21:24:57,395 INFO Candle 2025-10-29 08:00:00 | close=1113.6600 RSI(live)=44.94 (entry<=36.00 exit>=100.00)
2025-10-29 21:25:02,867 INFO Candle 2025-10-29 08:00:00 | close=1114.4100 RSI(live)=45.22 (entry<=36.00 exit>=100.00)
2025-10-29 21:25:08,297 INFO Candle 2025-10-29 08:00:00 | close=1113.9700 RSI(live)=45.06 (entry<=36.00 exit>=100.00)
2025-10-29 21:25:13,638 INFO Candle 2025-10-29 08:00:00 | close=1113.8500 RSI(live)=45.01 (entry<=36.00 exit>=100.00)
2025-10-29 21:25:19,014 INFO Candle 2025-10-29 08:00:00 | close=1113.7600 RSI(live)=44.98 (entry<=36.00 exit>=100.00)
2025-10-29 21:25:24,371 INFO Candle 2025-10-29 08:00:00 | close=1113.6000 RSI(live)=44.92 (entry<=36.00 exit>=100.00)
2025-10-29 21:25:29,828 INFO Candle 2025-10-29 08:00:00 | close=1113.4800 RSI(live)=44.88 (entry<=36.00 exit>=100.00)
2025-10-29 21:25:35,099 INFO Candle 2025-10-29 08:00:00 | close=1113.4000 RSI(live)=44.85 (entry<=36.00 exit>=100.00)
2025-10-29 21:25:40,443 INFO Candle 2025-10-29 08:00:00 | close=1113.4000 RSI(live)=44.85 (entry<=36.00 exit>=100.00)
2025-10-29 21:25:45,789 INFO Candle 2025-10-29 08:00:00 | close=1113.4100 RSI(live)=44.85 (entry<=36.00 exit>=100.00)
2025-10-29 21:25:51,162 INFO Candle 2025-10-29 08:00:00 | close=1113.3700 RSI(live)=44.84 (entry<=36.00 exit>=100.00)
2025-10-29 21:25:56,629 INFO Candle 2025-10-29 08:00:00 | close=1113.3200 RSI(live)=44.82 (entry<=36.00 exit>=100.00)
2025-10-29 21:26:02,046 INFO Candle 2025-10-29 08:00:00 | close=1113.3200 RSI(live)=44.82 (entry<=36.00 exit>=100.00)
2025-10-29 21:26:07,377 INFO Candle 2025-10-29 08:00:00 | close=1113.4000 RSI(live)=44.85 (entry<=36.00 exit>=100.00)
2025-10-29 21:26:12,898 INFO Candle 2025-10-29 08:00:00 | close=1113.4000 RSI(live)=44.85 (entry<=36.00 exit>=100.00)
2025-10-29 21:26:18,307 INFO Candle 2025-10-29 08:00:00 | close=1113.4000 RSI(live)=44.85 (entry<=36.00 exit>=100.00)
2025-10-29 21:26:23,658 INFO Candle 2025-10-29 08:00:00 | close=1113.4000 RSI(live)=44.85 (entry<=36.00 exit>=100.00)
2025-10-29 21:26:29,146 INFO Candle 2025-10-29 08:00:00 | close=1113.4400 RSI(live)=44.86 (entry<=36.00 exit>=100.00)
2025-10-29 21:26:34,508 INFO Candle 2025-10-29 08:00:00 | close=1113.4500 RSI(live)=44.86 (entry<=36.00 exit>=100.00)
2025-10-29 21:26:39,927 INFO Candle 2025-10-29 08:00:00 | close=1113.4500 RSI(live)=44.86 (entry<=36.00 exit>=100.00)
2025-10-29 21:26:45,410 INFO Candle 2025-10-29 08:00:00 | close=1113.6200 RSI(live)=44.93 (entry<=36.00 exit>=100.00)
2025-10-29 21:26:50,866 INFO Candle 2025-10-29 08:00:00 | close=1113.7400 RSI(live)=44.97 (entry<=36.00 exit>=100.00)
2025-10-29 21:26:56,427 INFO Candle 2025-10-29 08:00:00 | close=1113.7500 RSI(live)=44.97 (entry<=36.00 exit>=100.00)
2025-10-29 21:27:01,854 INFO Candle 2025-10-29 08:00:00 | close=1113.7300 RSI(live)=44.97 (entry<=36.00 exit>=100.00)
2025-10-29 21:27:07,275 INFO Candle 2025-10-29 08:00:00 | close=1113.9500 RSI(live)=45.05 (entry<=36.00 exit>=100.00)
2025-10-29 21:27:12,661 INFO Candle 2025-10-29 08:00:00 | close=1114.0300 RSI(live)=45.08 (entry<=36.00 exit>=100.00)
2025-10-29 21:27:18,128 INFO Candle 2025-10-29 08:00:00 | close=1114.0300 RSI(live)=45.08 (entry<=36.00 exit>=100.00)
2025-10-29 21:27:23,624 INFO Candle 2025-10-29 08:00:00 | close=1114.0700 RSI(live)=45.09 (entry<=36.00 exit>=100.00)
2025-10-29 21:27:28,944 INFO Candle 2025-10-29 08:00:00 | close=1114.2600 RSI(live)=45.16 (entry<=36.00 exit>=100.00)
2025-10-29 21:27:34,312 INFO Candle 2025-10-29 08:00:00 | close=1114.4300 RSI(live)=45.22 (entry<=36.00 exit>=100.00)
2025-10-29 21:27:39,753 INFO Candle 2025-10-29 08:00:00 | close=1114.2500 RSI(live)=45.16 (entry<=36.00 exit>=100.00)
2025-10-29 21:27:45,169 INFO Candle 2025-10-29 08:00:00 | close=1114.2000 RSI(live)=45.14 (entry<=36.00 exit>=100.00)
2025-10-29 21:27:50,594 INFO Candle 2025-10-29 08:00:00 | close=1114.2000 RSI(live)=45.14 (entry<=36.00 exit>=100.00)
2025-10-29 21:27:55,976 INFO Candle 2025-10-29 08:00:00 | close=1114.0700 RSI(live)=45.09 (entry<=36.00 exit>=100.00)
2025-10-29 21:28:01,372 INFO Candle 2025-10-29 08:00:00 | close=1114.0600 RSI(live)=45.09 (entry<=36.00 exit>=100.00)
2025-10-29 21:28:06,729 INFO Candle 2025-10-29 08:00:00 | close=1114.0500 RSI(live)=45.08 (entry<=36.00 exit>=100.00)
2025-10-29 21:28:12,197 INFO Candle 2025-10-29 08:00:00 | close=1113.9700 RSI(live)=45.06 (entry<=36.00 exit>=100.00)
2025-10-29 21:28:17,529 INFO Candle 2025-10-29 08:00:00 | close=1113.7200 RSI(live)=44.96 (entry<=36.00 exit>=100.00)
2025-10-29 21:28:22,896 INFO Candle 2025-10-29 08:00:00 | close=1113.7200 RSI(live)=44.96 (entry<=36.00 exit>=100.00)
2025-10-29 21:28:28,335 INFO Candle 2025-10-29 08:00:00 | close=1113.2500 RSI(live)=44.79 (entry<=36.00 exit>=100.00)
2025-10-29 21:28:33,615 INFO Candle 2025-10-29 08:00:00 | close=1113.2400 RSI(live)=44.79 (entry<=36.00 exit>=100.00)
2025-10-29 21:28:38,931 INFO Candle 2025-10-29 08:00:00 | close=1113.2400 RSI(live)=44.79 (entry<=36.00 exit>=100.00)
2025-10-29 21:28:44,354 INFO Candle 2025-10-29 08:00:00 | close=1113.0100 RSI(live)=44.71 (entry<=36.00 exit>=100.00)
2025-10-29 21:28:49,779 INFO Candle 2025-10-29 08:00:00 | close=1113.1600 RSI(live)=44.76 (entry<=36.00 exit>=100.00)
2025-10-29 21:28:55,220 INFO Candle 2025-10-29 08:00:00 | close=1113.2300 RSI(live)=44.78 (entry<=36.00 exit>=100.00)
2025-10-29 21:29:00,636 INFO Candle 2025-10-29 08:00:00 | close=1113.2400 RSI(live)=44.79 (entry<=36.00 exit>=100.00)
2025-10-29 21:29:06,025 INFO Candle 2025-10-29 08:00:00 | close=1113.2400 RSI(live)=44.79 (entry<=36.00 exit>=100.00)
2025-10-29 21:29:11,594 INFO Candle 2025-10-29 08:00:00 | close=1113.2500 RSI(live)=44.79 (entry<=36.00 exit>=100.00)
2025-10-29 21:29:17,122 INFO Candle 2025-10-29 08:00:00 | close=1113.3800 RSI(live)=44.84 (entry<=36.00 exit>=100.00)
2025-10-29 21:29:22,659 INFO Candle 2025-10-29 08:00:00 | close=1113.1400 RSI(live)=44.75 (entry<=36.00 exit>=100.00)
2025-10-29 21:29:28,082 INFO Candle 2025-10-29 08:00:00 | close=1113.1400 RSI(live)=44.75 (entry<=36.00 exit>=100.00)
2025-10-29 21:29:33,477 INFO Candle 2025-10-29 08:00:00 | close=1113.1300 RSI(live)=44.75 (entry<=36.00 exit>=100.00)
2025-10-29 21:29:38,940 INFO Candle 2025-10-29 08:00:00 | close=1113.1300 RSI(live)=44.75 (entry<=36.00 exit>=100.00)
2025-10-29 21:29:44,371 INFO Candle 2025-10-29 08:00:00 | close=1113.1400 RSI(live)=44.75 (entry<=36.00 exit>=100.00)
2025-10-29 21:29:49,805 INFO Candle 2025-10-29 08:00:00 | close=1113.1900 RSI(live)=44.77 (entry<=36.00 exit>=100.00)
2025-10-29 21:29:55,179 INFO Candle 2025-10-29 08:00:00 | close=1113.1900 RSI(live)=44.77 (entry<=36.00 exit>=100.00)
2025-10-29 21:30:00,511 INFO Candle 2025-10-29 08:00:00 | close=1113.2700 RSI(live)=44.80 (entry<=36.00 exit>=100.00)
2025-10-29 21:30:06,132 INFO Candle 2025-10-29 08:00:00 | close=1113.6900 RSI(live)=44.95 (entry<=36.00 exit>=100.00)
2025-10-29 21:30:11,614 INFO Candle 2025-10-29 08:00:00 | close=1113.6900 RSI(live)=44.95 (entry<=36.00 exit>=100.00)
2025-10-29 21:30:17,134 INFO Candle 2025-10-29 08:00:00 | close=1113.7300 RSI(live)=44.97 (entry<=36.00 exit>=100.00)
2025-10-29 21:30:22,573 INFO Candle 2025-10-29 08:00:00 | close=1113.7300 RSI(live)=44.97 (entry<=36.00 exit>=100.00)
2025-10-29 21:30:27,932 INFO Candle 2025-10-29 08:00:00 | close=1113.7300 RSI(live)=44.97 (entry<=36.00 exit>=100.00)
2025-10-29 21:30:33,305 INFO Candle 2025-10-29 08:00:00 | close=1113.7200 RSI(live)=44.96 (entry<=36.00 exit>=100.00)
2025-10-29 22:18:19,651 INFO Loop error: ConnectionError: ('Connection aborted.', ConnectionResetError(10054, 'An existing connection was forcibly closed by the remote host', None, 10054, None))
2025-10-29 22:18:27,381 INFO Candle 2025-10-29 08:00:00 | close=1115.9600 RSI(live)=45.80 (entry<=36.00 exit>=100.00)
2025-10-29 22:18:32,665 INFO Candle 2025-10-29 08:00:00 | close=1115.9600 RSI(live)=45.80 (entry<=36.00 exit>=100.00)
2025-10-29 22:18:38,220 INFO Candle 2025-10-29 08:00:00 | close=1115.9400 RSI(live)=45.79 (entry<=36.00 exit>=100.00)
2025-10-29 22:18:43,762 INFO Candle 2025-10-29 08:00:00 | close=1115.8500 RSI(live)=45.76 (entry<=36.00 exit>=100.00)
2025-10-29 22:18:49,271 INFO Candle 2025-10-29 08:00:00 | close=1115.7800 RSI(live)=45.73 (entry<=36.00 exit>=100.00)
2025-10-29 22:18:54,705 INFO Candle 2025-10-29 08:00:00 | close=1115.7400 RSI(live)=45.72 (entry<=36.00 exit>=100.00)
2025-10-29 22:19:00,028 INFO Candle 2025-10-29 08:00:00 | close=1115.8400 RSI(live)=45.75 (entry<=36.00 exit>=100.00)
2025-10-29 22:19:05,350 INFO Candle 2025-10-29 08:00:00 | close=1115.8500 RSI(live)=45.76 (entry<=36.00 exit>=100.00)
2025-10-29 22:19:10,706 INFO Candle 2025-10-29 08:00:00 | close=1116.1000 RSI(live)=45.85 (entry<=36.00 exit>=100.00)
2025-10-29 22:19:16,276 INFO Candle 2025-10-29 08:00:00 | close=1116.1000 RSI(live)=45.85 (entry<=36.00 exit>=100.00)
2025-10-29 22:19:21,636 INFO Candle 2025-10-29 08:00:00 | close=1116.1100 RSI(live)=45.86 (entry<=36.00 exit>=100.00)
2025-10-29 22:19:27,157 INFO Candle 2025-10-29 08:00:00 | close=1116.1100 RSI(live)=45.86 (entry<=36.00 exit>=100.00)
2025-10-29 22:19:32,497 INFO Candle 2025-10-29 08:00:00 | close=1116.3500 RSI(live)=45.95 (entry<=36.00 exit>=100.00)
2025-10-29 22:19:37,880 INFO Candle 2025-10-29 08:00:00 | close=1116.1700 RSI(live)=45.88 (entry<=36.00 exit>=100.00)
2025-10-29 22:19:43,182 INFO Candle 2025-10-29 08:00:00 | close=1116.1600 RSI(live)=45.87 (entry<=36.00 exit>=100.00)
2025-10-29 22:19:48,496 INFO Candle 2025-10-29 08:00:00 | close=1115.9900 RSI(live)=45.81 (entry<=36.00 exit>=100.00)
2025-10-29 22:19:53,883 INFO Candle 2025-10-29 08:00:00 | close=1115.9900 RSI(live)=45.81 (entry<=36.00 exit>=100.00)
2025-10-29 22:19:59,327 INFO Candle 2025-10-29 08:00:00 | close=1115.9900 RSI(live)=45.81 (entry<=36.00 exit>=100.00)
2025-10-29 22:20:04,711 INFO Candle 2025-10-29 08:00:00 | close=1116.1600 RSI(live)=45.87 (entry<=36.00 exit>=100.00)
2025-10-29 22:20:10,178 INFO Candle 2025-10-29 08:00:00 | close=1116.0300 RSI(live)=45.83 (entry<=36.00 exit>=100.00)
2025-10-29 22:20:15,495 INFO Candle 2025-10-29 08:00:00 | close=1115.9000 RSI(live)=45.78 (entry<=36.00 exit>=100.00)
2025-10-29 22:20:20,815 INFO Candle 2025-10-29 08:00:00 | close=1116.0000 RSI(live)=45.81 (entry<=36.00 exit>=100.00)
2025-10-29 22:20:26,302 INFO Candle 2025-10-29 08:00:00 | close=1116.1400 RSI(live)=45.87 (entry<=36.00 exit>=100.00)
2025-10-29 22:20:31,630 INFO Candle 2025-10-29 08:00:00 | close=1116.0000 RSI(live)=45.81 (entry<=36.00 exit>=100.00)
2025-10-29 22:20:37,101 INFO Candle 2025-10-29 08:00:00 | close=1115.9900 RSI(live)=45.81 (entry<=36.00 exit>=100.00)
2025-10-29 22:20:42,374 INFO Candle 2025-10-29 08:00:00 | close=1115.8800 RSI(live)=45.77 (entry<=36.00 exit>=100.00)
2025-10-29 22:20:47,658 INFO Candle 2025-10-29 08:00:00 | close=1115.8800 RSI(live)=45.77 (entry<=36.00 exit>=100.00)
2025-10-29 22:20:52,996 INFO Candle 2025-10-29 08:00:00 | close=1115.7000 RSI(live)=45.70 (entry<=36.00 exit>=100.00)
2025-10-29 22:20:58,397 INFO Candle 2025-10-29 08:00:00 | close=1115.4500 RSI(live)=45.61 (entry<=36.00 exit>=100.00)
2025-10-29 22:21:03,786 INFO Candle 2025-10-29 08:00:00 | close=1115.3500 RSI(live)=45.57 (entry<=36.00 exit>=100.00)
2025-10-29 22:21:09,117 INFO Candle 2025-10-29 08:00:00 | close=1115.2400 RSI(live)=45.53 (entry<=36.00 exit>=100.00)
2025-10-29 22:21:14,533 INFO Candle 2025-10-29 08:00:00 | close=1115.3300 RSI(live)=45.56 (entry<=36.00 exit>=100.00)
2025-10-29 22:21:19,902 INFO Candle 2025-10-29 08:00:00 | close=1115.3400 RSI(live)=45.56 (entry<=36.00 exit>=100.00)
2025-10-29 22:21:25,247 INFO Candle 2025-10-29 08:00:00 | close=1115.3300 RSI(live)=45.56 (entry<=36.00 exit>=100.00)
2025-10-29 22:21:30,668 INFO Candle 2025-10-29 08:00:00 | close=1115.5900 RSI(live)=45.66 (entry<=36.00 exit>=100.00)
2025-10-29 22:21:36,043 INFO Candle 2025-10-29 08:00:00 | close=1115.6100 RSI(live)=45.67 (entry<=36.00 exit>=100.00)
2025-10-29 22:21:41,408 INFO Candle 2025-10-29 08:00:00 | close=1116.1300 RSI(live)=45.86 (entry<=36.00 exit>=100.00)
2025-10-29 22:21:46,754 INFO Candle 2025-10-29 08:00:00 | close=1116.2100 RSI(live)=45.89 (entry<=36.00 exit>=100.00)
2025-10-29 22:21:52,259 INFO Candle 2025-10-29 08:00:00 | close=1116.0100 RSI(live)=45.82 (entry<=36.00 exit>=100.00)
2025-10-29 22:21:57,691 INFO Candle 2025-10-29 08:00:00 | close=1115.9400 RSI(live)=45.79 (entry<=36.00 exit>=100.00)
2025-10-29 22:22:03,119 INFO Candle 2025-10-29 08:00:00 | close=1116.2000 RSI(live)=45.89 (entry<=36.00 exit>=100.00)
2025-10-29 22:22:08,589 INFO Candle 2025-10-29 08:00:00 | close=1116.0400 RSI(live)=45.83 (entry<=36.00 exit>=100.00)
2025-10-29 22:22:14,076 INFO Candle 2025-10-29 08:00:00 | close=1116.1800 RSI(live)=45.88 (entry<=36.00 exit>=100.00)
2025-10-29 22:22:19,407 INFO Candle 2025-10-29 08:00:00 | close=1116.2600 RSI(live)=45.91 (entry<=36.00 exit>=100.00)
2025-10-29 22:22:24,703 INFO Candle 2025-10-29 08:00:00 | close=1116.3500 RSI(live)=45.95 (entry<=36.00 exit>=100.00)
2025-10-29 22:22:29,997 INFO Candle 2025-10-29 08:00:00 | close=1115.9100 RSI(live)=45.78 (entry<=36.00 exit>=100.00)
2025-10-29 22:22:35,372 INFO Candle 2025-10-29 08:00:00 | close=1115.8800 RSI(live)=45.77 (entry<=36.00 exit>=100.00)
2025-10-29 22:22:40,757 INFO Candle 2025-10-29 08:00:00 | close=1115.8400 RSI(live)=45.75 (entry<=36.00 exit>=100.00)
2025-10-29 22:22:46,133 INFO Candle 2025-10-29 08:00:00 | close=1115.9100 RSI(live)=45.78 (entry<=36.00 exit>=100.00)
2025-10-29 22:22:51,469 INFO Candle 2025-10-29 08:00:00 | close=1116.2400 RSI(live)=45.90 (entry<=36.00 exit>=100.00)
2025-10-29 22:22:56,879 INFO Candle 2025-10-29 08:00:00 | close=1116.2400 RSI(live)=45.90 (entry<=36.00 exit>=100.00)
2025-10-29 22:23:02,266 INFO Candle 2025-10-29 08:00:00 | close=1116.3100 RSI(live)=45.93 (entry<=36.00 exit>=100.00)
2025-10-29 22:23:07,593 INFO Candle 2025-10-29 08:00:00 | close=1116.1000 RSI(live)=45.85 (entry<=36.00 exit>=100.00)
2025-10-29 22:23:13,065 INFO Candle 2025-10-29 08:00:00 | close=1116.1100 RSI(live)=45.86 (entry<=36.00 exit>=100.00)
2025-10-29 22:23:18,413 INFO Candle 2025-10-29 08:00:00 | close=1116.0900 RSI(live)=45.85 (entry<=36.00 exit>=100.00)
2025-10-29 22:23:23,791 INFO Candle 2025-10-29 08:00:00 | close=1116.1000 RSI(live)=45.85 (entry<=36.00 exit>=100.00)
2025-10-29 22:23:29,140 INFO Candle 2025-10-29 08:00:00 | close=1116.0900 RSI(live)=45.85 (entry<=36.00 exit>=100.00)
2025-10-29 22:23:34,561 INFO Candle 2025-10-29 08:00:00 | close=1116.1100 RSI(live)=45.86 (entry<=36.00 exit>=100.00)
2025-10-29 22:23:39,902 INFO Candle 2025-10-29 08:00:00 | close=1116.2100 RSI(live)=45.89 (entry<=36.00 exit>=100.00)
2025-10-29 22:23:45,323 INFO Candle 2025-10-29 08:00:00 | close=1116.2000 RSI(live)=45.89 (entry<=36.00 exit>=100.00)
2025-10-29 22:23:50,840 INFO Candle 2025-10-29 08:00:00 | close=1116.2500 RSI(live)=45.91 (entry<=36.00 exit>=100.00)
2025-10-29 22:23:56,171 INFO Candle 2025-10-29 08:00:00 | close=1116.2000 RSI(live)=45.89 (entry<=36.00 exit>=100.00)
2025-10-29 22:24:01,646 INFO Candle 2025-10-29 08:00:00 | close=1116.1000 RSI(live)=45.85 (entry<=36.00 exit>=100.00)
2025-10-29 22:24:07,009 INFO Candle 2025-10-29 08:00:00 | close=1116.1800 RSI(live)=45.88 (entry<=36.00 exit>=100.00)
2025-10-29 22:24:12,444 INFO Candle 2025-10-29 08:00:00 | close=1116.1000 RSI(live)=45.85 (entry<=36.00 exit>=100.00)
2025-10-29 22:24:17,839 INFO Candle 2025-10-29 08:00:00 | close=1116.1200 RSI(live)=45.86 (entry<=36.00 exit>=100.00)
2025-10-29 22:24:23,124 INFO Candle 2025-10-29 08:00:00 | close=1116.1900 RSI(live)=45.89 (entry<=36.00 exit>=100.00)
2025-10-29 22:24:28,527 INFO Candle 2025-10-29 08:00:00 | close=1116.3800 RSI(live)=45.96 (entry<=36.00 exit>=100.00)
2025-10-29 22:24:33,890 INFO Candle 2025-10-29 08:00:00 | close=1116.2000 RSI(live)=45.89 (entry<=36.00 exit>=100.00)
2025-10-29 22:24:39,187 INFO Candle 2025-10-29 08:00:00 | close=1116.0300 RSI(live)=45.83 (entry<=36.00 exit>=100.00)
2025-10-29 22:24:44,519 INFO Candle 2025-10-29 08:00:00 | close=1115.9700 RSI(live)=45.80 (entry<=36.00 exit>=100.00)
2025-10-29 22:24:44,696 INFO Heartbeat: BNBUSDT 4h running. Last RSI=45.80, price=1115.9700
2025-10-29 22:24:51,359 INFO Candle 2025-10-29 08:00:00 | close=1115.8400 RSI(live)=45.75 (entry<=36.00 exit>=100.00)
2025-10-29 22:24:56,801 INFO Candle 2025-10-29 08:00:00 | close=1116.0400 RSI(live)=45.83 (entry<=36.00 exit>=100.00)
2025-10-29 22:25:02,220 INFO Candle 2025-10-29 08:00:00 | close=1116.0200 RSI(live)=45.82 (entry<=36.00 exit>=100.00)
2025-10-29 22:25:07,651 INFO Candle 2025-10-29 08:00:00 | close=1115.8400 RSI(live)=45.75 (entry<=36.00 exit>=100.00)
2025-10-29 22:25:13,030 INFO Candle 2025-10-29 08:00:00 | close=1115.5800 RSI(live)=45.65 (entry<=36.00 exit>=100.00)
2025-10-29 22:25:18,468 INFO Candle 2025-10-29 08:00:00 | close=1115.3500 RSI(live)=45.57 (entry<=36.00 exit>=100.00)
2025-10-29 22:25:23,772 INFO Candle 2025-10-29 08:00:00 | close=1115.0800 RSI(live)=45.47 (entry<=36.00 exit>=100.00)
2025-10-29 22:25:29,157 INFO Candle 2025-10-29 08:00:00 | close=1115.1800 RSI(live)=45.50 (entry<=36.00 exit>=100.00)
2025-10-29 22:25:34,562 INFO Candle 2025-10-29 08:00:00 | close=1115.1800 RSI(live)=45.50 (entry<=36.00 exit>=100.00)
2025-10-29 22:25:39,954 INFO Candle 2025-10-29 08:00:00 | close=1115.2400 RSI(live)=45.53 (entry<=36.00 exit>=100.00)
2025-10-29 22:25:45,254 INFO Candle 2025-10-29 08:00:00 | close=1115.5600 RSI(live)=45.65 (entry<=36.00 exit>=100.00)
2025-10-29 22:25:50,610 INFO Candle 2025-10-29 08:00:00 | close=1115.5400 RSI(live)=45.64 (entry<=36.00 exit>=100.00)
2025-10-29 22:25:55,971 INFO Candle 2025-10-29 08:00:00 | close=1115.5400 RSI(live)=45.64 (entry<=36.00 exit>=100.00)
2025-10-29 22:26:01,404 INFO Candle 2025-10-29 08:00:00 | close=1115.5400 RSI(live)=45.64 (entry<=36.00 exit>=100.00)
2025-10-29 22:26:06,772 INFO Candle 2025-10-29 08:00:00 | close=1115.1900 RSI(live)=45.51 (entry<=36.00 exit>=100.00)
2025-10-29 22:26:12,156 INFO Candle 2025-10-29 08:00:00 | close=1115.0100 RSI(live)=45.44 (entry<=36.00 exit>=100.00)
2025-10-29 22:26:17,574 INFO Candle 2025-10-29 08:00:00 | close=1115.1900 RSI(live)=45.51 (entry<=36.00 exit>=100.00)
2025-10-29 22:26:22,911 INFO Candle 2025-10-29 08:00:00 | close=1115.1000 RSI(live)=45.47 (entry<=36.00 exit>=100.00)
2025-10-29 22:26:28,340 INFO Candle 2025-10-29 08:00:00 | close=1115.0700 RSI(live)=45.46 (entry<=36.00 exit>=100.00)
2025-10-29 22:26:33,652 INFO Candle 2025-10-29 08:00:00 | close=1115.1000 RSI(live)=45.47 (entry<=36.00 exit>=100.00)
2025-10-29 22:26:39,000 INFO Candle 2025-10-29 08:00:00 | close=1115.4000 RSI(live)=45.59 (entry<=36.00 exit>=100.00)
2025-10-29 22:26:44,423 INFO Candle 2025-10-29 08:00:00 | close=1115.3500 RSI(live)=45.57 (entry<=36.00 exit>=100.00)
2025-10-29 22:26:49,767 INFO Candle 2025-10-29 08:00:00 | close=1115.2500 RSI(live)=45.53 (entry<=36.00 exit>=100.00)
2025-10-29 22:26:55,160 INFO Candle 2025-10-29 08:00:00 | close=1115.2500 RSI(live)=45.53 (entry<=36.00 exit>=100.00)
2025-10-29 22:27:00,686 INFO Candle 2025-10-29 08:00:00 | close=1115.1800 RSI(live)=45.50 (entry<=36.00 exit>=100.00)
2025-10-29 22:27:06,120 INFO Candle 2025-10-29 08:00:00 | close=1115.3300 RSI(live)=45.56 (entry<=36.00 exit>=100.00)
2025-10-29 22:27:11,504 INFO Candle 2025-10-29 08:00:00 | close=1115.6300 RSI(live)=45.67 (entry<=36.00 exit>=100.00)
2025-10-29 22:27:16,826 INFO Candle 2025-10-29 08:00:00 | close=1115.2700 RSI(live)=45.54 (entry<=36.00 exit>=100.00)
2025-10-29 22:27:22,107 INFO Candle 2025-10-29 08:00:00 | close=1115.2300 RSI(live)=45.52 (entry<=36.00 exit>=100.00)
2025-10-29 22:27:27,513 INFO Candle 2025-10-29 08:00:00 | close=1115.1400 RSI(live)=45.49 (entry<=36.00 exit>=100.00)
2025-10-29 22:27:32,940 INFO Candle 2025-10-29 08:00:00 | close=1115.2200 RSI(live)=45.52 (entry<=36.00 exit>=100.00)
2025-10-29 22:27:38,276 INFO Candle 2025-10-29 08:00:00 | close=1115.2200 RSI(live)=45.52 (entry<=36.00 exit>=100.00)
2025-10-29 22:27:43,560 INFO Candle 2025-10-29 08:00:00 | close=1115.1400 RSI(live)=45.49 (entry<=36.00 exit>=100.00)
2025-10-29 22:27:49,023 INFO Candle 2025-10-29 08:00:00 | close=1115.1400 RSI(live)=45.49 (entry<=36.00 exit>=100.00)
2025-10-29 22:27:54,417 INFO Candle 2025-10-29 08:00:00 | close=1115.1200 RSI(live)=45.48 (entry<=36.00 exit>=100.00)
2025-10-29 22:27:59,857 INFO Candle 2025-10-29 08:00:00 | close=1115.6400 RSI(live)=45.68 (entry<=36.00 exit>=100.00)
2025-10-29 22:28:05,307 INFO Candle 2025-10-29 08:00:00 | close=1115.6600 RSI(live)=45.68 (entry<=36.00 exit>=100.00)
2025-10-29 22:28:10,730 INFO Candle 2025-10-29 08:00:00 | close=1115.1200 RSI(live)=45.48 (entry<=36.00 exit>=100.00)
2025-10-29 22:28:16,213 INFO Candle 2025-10-29 08:00:00 | close=1115.0100 RSI(live)=45.44 (entry<=36.00 exit>=100.00)
2025-10-29 22:28:21,518 INFO Candle 2025-10-29 08:00:00 | close=1115.2800 RSI(live)=45.54 (entry<=36.00 exit>=100.00)
2025-10-29 22:28:26,801 INFO Candle 2025-10-29 08:00:00 | close=1115.3200 RSI(live)=45.56 (entry<=36.00 exit>=100.00)
2025-10-29 22:28:32,128 INFO Candle 2025-10-29 08:00:00 | close=1115.0000 RSI(live)=45.44 (entry<=36.00 exit>=100.00)
2025-10-29 22:28:37,513 INFO Candle 2025-10-29 08:00:00 | close=1115.0200 RSI(live)=45.44 (entry<=36.00 exit>=100.00)
2025-10-29 22:28:43,201 INFO Candle 2025-10-29 08:00:00 | close=1115.2400 RSI(live)=45.53 (entry<=36.00 exit>=100.00)
2025-10-29 22:28:48,573 INFO Candle 2025-10-29 08:00:00 | close=1115.2300 RSI(live)=45.52 (entry<=36.00 exit>=100.00)
2025-10-29 22:28:54,055 INFO Candle 2025-10-29 08:00:00 | close=1115.1600 RSI(live)=45.50 (entry<=36.00 exit>=100.00)
2025-10-29 22:28:59,372 INFO Candle 2025-10-29 08:00:00 | close=1115.0900 RSI(live)=45.47 (entry<=36.00 exit>=100.00)
2025-10-29 22:29:04,806 INFO Candle 2025-10-29 08:00:00 | close=1115.3400 RSI(live)=45.56 (entry<=36.00 exit>=100.00)
2025-10-29 22:29:10,222 INFO Candle 2025-10-29 08:00:00 | close=1115.2600 RSI(live)=45.53 (entry<=36.00 exit>=100.00)
2025-10-29 22:29:15,569 INFO Candle 2025-10-29 08:00:00 | close=1115.2300 RSI(live)=45.52 (entry<=36.00 exit>=100.00)
2025-10-29 22:29:20,976 INFO Candle 2025-10-29 08:00:00 | close=1115.2400 RSI(live)=45.53 (entry<=36.00 exit>=100.00)
2025-10-29 22:29:26,414 INFO Candle 2025-10-29 08:00:00 | close=1115.6300 RSI(live)=45.67 (entry<=36.00 exit>=100.00)
2025-10-29 22:29:31,838 INFO Candle 2025-10-29 08:00:00 | close=1115.5600 RSI(live)=45.65 (entry<=36.00 exit>=100.00)
2025-10-29 22:29:37,314 INFO Candle 2025-10-29 08:00:00 | close=1115.4900 RSI(live)=45.62 (entry<=36.00 exit>=100.00)
2025-10-29 22:29:42,691 INFO Candle 2025-10-29 08:00:00 | close=1115.4800 RSI(live)=45.62 (entry<=36.00 exit>=100.00)
2025-10-29 22:29:48,009 INFO Candle 2025-10-29 08:00:00 | close=1115.4900 RSI(live)=45.62 (entry<=36.00 exit>=100.00)
2025-10-29 22:29:53,441 INFO Candle 2025-10-29 08:00:00 | close=1115.4800 RSI(live)=45.62 (entry<=36.00 exit>=100.00)
2025-10-29 22:29:58,831 INFO Candle 2025-10-29 08:00:00 | close=1115.4800 RSI(live)=45.62 (entry<=36.00 exit>=100.00)
2025-10-29 22:30:04,304 INFO Candle 2025-10-29 08:00:00 | close=1115.1400 RSI(live)=45.49 (entry<=36.00 exit>=100.00)
2025-10-29 22:30:09,820 INFO Candle 2025-10-29 08:00:00 | close=1114.8500 RSI(live)=45.38 (entry<=36.00 exit>=100.00)
2025-10-29 22:30:15,248 INFO Candle 2025-10-29 08:00:00 | close=1114.8500 RSI(live)=45.38 (entry<=36.00 exit>=100.00)
2025-10-29 22:30:20,677 INFO Candle 2025-10-29 08:00:00 | close=1114.7800 RSI(live)=45.35 (entry<=36.00 exit>=100.00)
2025-10-29 22:30:26,168 INFO Candle 2025-10-29 08:00:00 | close=1114.7800 RSI(live)=45.35 (entry<=36.00 exit>=100.00)
2025-10-29 22:30:31,534 INFO Candle 2025-10-29 08:00:00 | close=1114.7800 RSI(live)=45.35 (entry<=36.00 exit>=100.00)
2025-10-29 22:30:37,076 INFO Candle 2025-10-29 08:00:00 | close=1114.8400 RSI(live)=45.38 (entry<=36.00 exit>=100.00)
2025-10-29 22:30:42,483 INFO Candle 2025-10-29 08:00:00 | close=1114.7500 RSI(live)=45.34 (entry<=36.00 exit>=100.00)
2025-10-29 22:30:47,810 INFO Candle 2025-10-29 08:00:00 | close=1114.6800 RSI(live)=45.32 (entry<=36.00 exit>=100.00)
2025-10-29 22:30:53,196 INFO Candle 2025-10-29 08:00:00 | close=1114.7700 RSI(live)=45.35 (entry<=36.00 exit>=100.00)
2025-10-29 22:30:58,577 INFO Candle 2025-10-29 08:00:00 | close=1114.9100 RSI(live)=45.40 (entry<=36.00 exit>=100.00)
2025-10-29 22:31:03,908 INFO Candle 2025-10-29 08:00:00 | close=1114.8600 RSI(live)=45.38 (entry<=36.00 exit>=100.00)
2025-10-29 22:31:09,320 INFO Candle 2025-10-29 08:00:00 | close=1114.8500 RSI(live)=45.38 (entry<=36.00 exit>=100.00)
2025-10-29 22:31:14,693 INFO Candle 2025-10-29 08:00:00 | close=1115.1000 RSI(live)=45.47 (entry<=36.00 exit>=100.00)
2025-10-29 22:31:20,012 INFO Candle 2025-10-29 08:00:00 | close=1115.0400 RSI(live)=45.45 (entry<=36.00 exit>=100.00)
2025-10-29 22:31:25,331 INFO Candle 2025-10-29 08:00:00 | close=1115.0400 RSI(live)=45.45 (entry<=36.00 exit>=100.00)
2025-10-29 22:31:30,719 INFO Candle 2025-10-29 08:00:00 | close=1115.0400 RSI(live)=45.45 (entry<=36.00 exit>=100.00)
2025-10-29 22:31:36,158 INFO Candle 2025-10-29 08:00:00 | close=1115.1000 RSI(live)=45.47 (entry<=36.00 exit>=100.00)
2025-10-29 22:31:41,538 INFO Candle 2025-10-29 08:00:00 | close=1115.0900 RSI(live)=45.47 (entry<=36.00 exit>=100.00)
2025-10-29 22:31:46,899 INFO Candle 2025-10-29 08:00:00 | close=1115.1800 RSI(live)=45.50 (entry<=36.00 exit>=100.00)
2025-10-29 22:31:52,326 INFO Candle 2025-10-29 08:00:00 | close=1115.1800 RSI(live)=45.50 (entry<=36.00 exit>=100.00)
2025-10-29 22:31:57,711 INFO Candle 2025-10-29 08:00:00 | close=1115.1900 RSI(live)=45.51 (entry<=36.00 exit>=100.00)
2025-10-29 22:32:03,040 INFO Candle 2025-10-29 08:00:00 | close=1115.0300 RSI(live)=45.45 (entry<=36.00 exit>=100.00)
2025-10-29 22:32:08,401 INFO Candle 2025-10-29 08:00:00 | close=1114.9600 RSI(live)=45.42 (entry<=36.00 exit>=100.00)
2025-10-29 22:32:13,691 INFO Candle 2025-10-29 08:00:00 | close=1115.1900 RSI(live)=45.51 (entry<=36.00 exit>=100.00)
2025-10-29 22:32:19,051 INFO Candle 2025-10-29 08:00:00 | close=1115.4900 RSI(live)=45.62 (entry<=36.00 exit>=100.00)
2025-10-29 22:32:24,473 INFO Candle 2025-10-29 08:00:00 | close=1115.5800 RSI(live)=45.65 (entry<=36.00 exit>=100.00)
2025-10-29 22:32:29,909 INFO Candle 2025-10-29 08:00:00 | close=1115.5500 RSI(live)=45.64 (entry<=36.00 exit>=100.00)
2025-10-29 22:32:35,239 INFO Candle 2025-10-29 08:00:00 | close=1115.5600 RSI(live)=45.65 (entry<=36.00 exit>=100.00)
2025-10-29 22:32:40,611 INFO Candle 2025-10-29 08:00:00 | close=1115.2500 RSI(live)=45.53 (entry<=36.00 exit>=100.00)
2025-10-29 22:32:45,982 INFO Candle 2025-10-29 08:00:00 | close=1115.2600 RSI(live)=45.53 (entry<=36.00 exit>=100.00)
2025-10-29 22:32:51,469 INFO Candle 2025-10-29 08:00:00 | close=1115.3200 RSI(live)=45.56 (entry<=36.00 exit>=100.00)
2025-10-29 22:32:56,944 INFO Candle 2025-10-29 08:00:00 | close=1115.6700 RSI(live)=45.69 (entry<=36.00 exit>=100.00)
2025-10-29 22:33:02,360 INFO Candle 2025-10-29 08:00:00 | close=1115.7400 RSI(live)=45.72 (entry<=36.00 exit>=100.00)
2025-10-29 22:33:07,717 INFO Candle 2025-10-29 08:00:00 | close=1115.5600 RSI(live)=45.65 (entry<=36.00 exit>=100.00)
2025-10-29 22:33:13,233 INFO Candle 2025-10-29 08:00:00 | close=1114.9200 RSI(live)=45.41 (entry<=36.00 exit>=100.00)
2025-10-29 22:33:18,572 INFO Candle 2025-10-29 08:00:00 | close=1115.1700 RSI(live)=45.50 (entry<=36.00 exit>=100.00)
2025-10-29 22:33:23,898 INFO Candle 2025-10-29 08:00:00 | close=1115.6200 RSI(live)=45.67 (entry<=36.00 exit>=100.00)
2025-10-29 22:33:29,249 INFO Candle 2025-10-29 08:00:00 | close=1115.6400 RSI(live)=45.68 (entry<=36.00 exit>=100.00)
2025-10-29 22:33:34,728 INFO Candle 2025-10-29 08:00:00 | close=1116.0200 RSI(live)=45.82 (entry<=36.00 exit>=100.00)
2025-10-29 22:33:40,053 INFO Candle 2025-10-29 08:00:00 | close=1116.0200 RSI(live)=45.82 (entry<=36.00 exit>=100.00)
2025-10-29 22:33:45,582 INFO Candle 2025-10-29 08:00:00 | close=1116.0100 RSI(live)=45.82 (entry<=36.00 exit>=100.00)
2025-10-29 22:33:50,953 INFO Candle 2025-10-29 08:00:00 | close=1116.0400 RSI(live)=45.83 (entry<=36.00 exit>=100.00)
2025-10-29 22:33:56,445 INFO Candle 2025-10-29 08:00:00 | close=1115.7600 RSI(live)=45.72 (entry<=36.00 exit>=100.00)
2025-10-29 22:34:01,741 INFO Candle 2025-10-29 08:00:00 | close=1115.6600 RSI(live)=45.68 (entry<=36.00 exit>=100.00)
2025-10-29 22:34:07,184 INFO Candle 2025-10-29 08:00:00 | close=1115.7900 RSI(live)=45.73 (entry<=36.00 exit>=100.00)
2025-10-29 22:34:12,618 INFO Candle 2025-10-29 08:00:00 | close=1115.8000 RSI(live)=45.74 (entry<=36.00 exit>=100.00)
2025-10-29 22:34:18,045 INFO Candle 2025-10-29 08:00:00 | close=1116.0300 RSI(live)=45.83 (entry<=36.00 exit>=100.00)
2025-10-29 22:34:23,566 INFO Candle 2025-10-29 08:00:00 | close=1115.9500 RSI(live)=45.79 (entry<=36.00 exit>=100.00)
2025-10-29 22:34:28,995 INFO Candle 2025-10-29 08:00:00 | close=1115.9400 RSI(live)=45.79 (entry<=36.00 exit>=100.00)
2025-10-29 22:34:34,320 INFO Candle 2025-10-29 08:00:00 | close=1116.5300 RSI(live)=46.02 (entry<=36.00 exit>=100.00)
2025-10-29 22:34:39,656 INFO Candle 2025-10-29 08:00:00 | close=1116.5800 RSI(live)=46.04 (entry<=36.00 exit>=100.00)
2025-10-29 22:34:45,103 INFO Candle 2025-10-29 08:00:00 | close=1116.4600 RSI(live)=45.99 (entry<=36.00 exit>=100.00)
2025-10-29 22:34:50,656 INFO Candle 2025-10-29 08:00:00 | close=1116.2600 RSI(live)=45.91 (entry<=36.00 exit>=100.00)
2025-10-29 22:34:56,137 INFO Candle 2025-10-29 08:00:00 | close=1116.3700 RSI(live)=45.95 (entry<=36.00 exit>=100.00)
2025-10-29 22:35:01,760 INFO Candle 2025-10-29 08:00:00 | close=1116.3100 RSI(live)=45.93 (entry<=36.00 exit>=100.00)
2025-10-29 22:35:07,068 INFO Candle 2025-10-29 08:00:00 | close=1116.5700 RSI(live)=46.03 (entry<=36.00 exit>=100.00)
2025-10-29 22:35:12,374 INFO Candle 2025-10-29 08:00:00 | close=1116.6200 RSI(live)=46.05 (entry<=36.00 exit>=100.00)
2025-10-29 22:35:17,699 INFO Candle 2025-10-29 08:00:00 | close=1116.6300 RSI(live)=46.05 (entry<=36.00 exit>=100.00)
2025-10-29 22:35:23,165 INFO Candle 2025-10-29 08:00:00 | close=1116.4300 RSI(live)=45.98 (entry<=36.00 exit>=100.00)
2025-10-29 22:35:28,489 INFO Candle 2025-10-29 08:00:00 | close=1116.5300 RSI(live)=46.02 (entry<=36.00 exit>=100.00)
2025-10-29 22:35:33,923 INFO Candle 2025-10-29 08:00:00 | close=1116.5300 RSI(live)=46.02 (entry<=36.00 exit>=100.00)
2025-10-29 22:35:39,247 INFO Candle 2025-10-29 08:00:00 | close=1116.2800 RSI(live)=45.92 (entry<=36.00 exit>=100.00)
2025-10-29 22:35:44,669 INFO Candle 2025-10-29 08:00:00 | close=1116.2500 RSI(live)=45.91 (entry<=36.00 exit>=100.00)
2025-10-29 22:35:50,102 INFO Candle 2025-10-29 08:00:00 | close=1116.2500 RSI(live)=45.91 (entry<=36.00 exit>=100.00)
2025-10-29 22:35:55,519 INFO Candle 2025-10-29 08:00:00 | close=1116.1200 RSI(live)=45.86 (entry<=36.00 exit>=100.00)
2025-10-29 22:36:00,951 INFO Candle 2025-10-29 08:00:00 | close=1116.1300 RSI(live)=45.86 (entry<=36.00 exit>=100.00)
2025-10-29 22:36:06,328 INFO Candle 2025-10-29 08:00:00 | close=1115.7600 RSI(live)=45.72 (entry<=36.00 exit>=100.00)
2025-10-29 22:36:11,666 INFO Candle 2025-10-29 08:00:00 | close=1115.8900 RSI(live)=45.77 (entry<=36.00 exit>=100.00)
2025-10-29 22:36:17,036 INFO Candle 2025-10-29 08:00:00 | close=1115.8200 RSI(live)=45.75 (entry<=36.00 exit>=100.00)
2025-10-29 22:36:22,360 INFO Candle 2025-10-29 08:00:00 | close=1115.8900 RSI(live)=45.77 (entry<=36.00 exit>=100.00)
2025-10-29 22:36:27,787 INFO Candle 2025-10-29 08:00:00 | close=1115.8900 RSI(live)=45.77 (entry<=36.00 exit>=100.00)
2025-10-29 22:36:33,210 INFO Candle 2025-10-29 08:00:00 | close=1115.6900 RSI(live)=45.70 (entry<=36.00 exit>=100.00)
2025-10-29 22:36:38,529 INFO Candle 2025-10-29 08:00:00 | close=1115.2100 RSI(live)=45.52 (entry<=36.00 exit>=100.00)
2025-10-29 22:36:43,857 INFO Candle 2025-10-29 08:00:00 | close=1115.1700 RSI(live)=45.50 (entry<=36.00 exit>=100.00)
2025-10-29 22:36:49,287 INFO Candle 2025-10-29 08:00:00 | close=1115.1500 RSI(live)=45.49 (entry<=36.00 exit>=100.00)
2025-10-29 22:36:54,716 INFO Candle 2025-10-29 08:00:00 | close=1114.6500 RSI(live)=45.31 (entry<=36.00 exit>=100.00)
2025-10-29 22:37:00,136 INFO Candle 2025-10-29 08:00:00 | close=1114.5000 RSI(live)=45.25 (entry<=36.00 exit>=100.00)
2025-10-29 22:37:05,458 INFO Candle 2025-10-29 08:00:00 | close=1114.9600 RSI(live)=45.42 (entry<=36.00 exit>=100.00)
2025-10-29 22:37:10,929 INFO Candle 2025-10-29 08:00:00 | close=1114.9600 RSI(live)=45.42 (entry<=36.00 exit>=100.00)
2025-10-29 22:37:16,288 INFO Candle 2025-10-29 08:00:00 | close=1114.9300 RSI(live)=45.41 (entry<=36.00 exit>=100.00)
2025-10-29 22:37:21,609 INFO Candle 2025-10-29 08:00:00 | close=1114.9300 RSI(live)=45.41 (entry<=36.00 exit>=100.00)
2025-10-29 22:37:26,932 INFO Candle 2025-10-29 08:00:00 | close=1114.9300 RSI(live)=45.41 (entry<=36.00 exit>=100.00)
2025-10-29 22:37:32,334 INFO Candle 2025-10-29 08:00:00 | close=1115.0500 RSI(live)=45.46 (entry<=36.00 exit>=100.00)
2025-10-29 22:37:37,868 INFO Candle 2025-10-29 08:00:00 | close=1115.0600 RSI(live)=45.46 (entry<=36.00 exit>=100.00)
2025-10-29 22:37:43,359 INFO Candle 2025-10-29 08:00:00 | close=1114.9700 RSI(live)=45.43 (entry<=36.00 exit>=100.00)
2025-10-29 22:37:48,738 INFO Candle 2025-10-29 08:00:00 | close=1114.6800 RSI(live)=45.32 (entry<=36.00 exit>=100.00)
2025-10-29 22:37:54,227 INFO Candle 2025-10-29 08:00:00 | close=1114.6800 RSI(live)=45.32 (entry<=36.00 exit>=100.00)
2025-10-29 22:37:59,649 INFO Candle 2025-10-29 08:00:00 | close=1114.6700 RSI(live)=45.31 (entry<=36.00 exit>=100.00)
2025-10-29 22:38:05,238 INFO Candle 2025-10-29 08:00:00 | close=1114.6600 RSI(live)=45.31 (entry<=36.00 exit>=100.00)
2025-10-29 22:38:10,599 INFO Candle 2025-10-29 08:00:00 | close=1114.3500 RSI(live)=45.20 (entry<=36.00 exit>=100.00)
2025-10-29 22:38:15,986 INFO Candle 2025-10-29 08:00:00 | close=1114.6300 RSI(live)=45.30 (entry<=36.00 exit>=100.00)
2025-10-29 22:38:21,446 INFO Candle 2025-10-29 08:00:00 | close=1114.6300 RSI(live)=45.30 (entry<=36.00 exit>=100.00)
2025-10-29 22:38:26,973 INFO Candle 2025-10-29 08:00:00 | close=1114.6500 RSI(live)=45.31 (entry<=36.00 exit>=100.00)
2025-10-29 22:38:32,306 INFO Candle 2025-10-29 08:00:00 | close=1114.7300 RSI(live)=45.34 (entry<=36.00 exit>=100.00)
2025-10-29 22:38:37,631 INFO Candle 2025-10-29 08:00:00 | close=1114.5900 RSI(live)=45.28 (entry<=36.00 exit>=100.00)
2025-10-29 22:38:43,161 INFO Candle 2025-10-29 08:00:00 | close=1114.5900 RSI(live)=45.28 (entry<=36.00 exit>=100.00)
2025-10-29 22:38:48,601 INFO Candle 2025-10-29 08:00:00 | close=1114.5900 RSI(live)=45.28 (entry<=36.00 exit>=100.00)
2025-10-29 22:38:53,977 INFO Candle 2025-10-29 08:00:00 | close=1113.8900 RSI(live)=45.03 (entry<=36.00 exit>=100.00)
2025-10-29 22:38:59,382 INFO Candle 2025-10-29 08:00:00 | close=1113.9800 RSI(live)=45.06 (entry<=36.00 exit>=100.00)
2025-10-29 22:39:04,872 INFO Candle 2025-10-29 08:00:00 | close=1114.2500 RSI(live)=45.16 (entry<=36.00 exit>=100.00)
2025-10-29 22:39:10,339 INFO Candle 2025-10-29 08:00:00 | close=1114.1000 RSI(live)=45.10 (entry<=36.00 exit>=100.00)
2025-10-29 22:39:15,698 INFO Candle 2025-10-29 08:00:00 | close=1114.1100 RSI(live)=45.11 (entry<=36.00 exit>=100.00)
2025-10-29 22:39:21,350 INFO Candle 2025-10-29 08:00:00 | close=1114.5900 RSI(live)=45.28 (entry<=36.00 exit>=100.00)
2025-10-29 22:39:26,789 INFO Candle 2025-10-29 08:00:00 | close=1114.4600 RSI(live)=45.24 (entry<=36.00 exit>=100.00)
2025-10-29 22:39:32,219 INFO Candle 2025-10-29 08:00:00 | close=1114.6000 RSI(live)=45.29 (entry<=36.00 exit>=100.00)
2025-10-29 22:39:37,646 INFO Candle 2025-10-29 08:00:00 | close=1114.7000 RSI(live)=45.32 (entry<=36.00 exit>=100.00)
2025-10-29 22:39:43,021 INFO Candle 2025-10-29 08:00:00 | close=1114.7400 RSI(live)=45.34 (entry<=36.00 exit>=100.00)
2025-10-29 22:39:48,336 INFO Candle 2025-10-29 08:00:00 | close=1114.7400 RSI(live)=45.34 (entry<=36.00 exit>=100.00)
2025-10-29 22:39:53,730 INFO Candle 2025-10-29 08:00:00 | close=1114.7500 RSI(live)=45.34 (entry<=36.00 exit>=100.00)
2025-10-29 22:39:59,303 INFO Candle 2025-10-29 08:00:00 | close=1114.7500 RSI(live)=45.34 (entry<=36.00 exit>=100.00)
2025-10-29 22:40:04,685 INFO Candle 2025-10-29 08:00:00 | close=1114.7500 RSI(live)=45.34 (entry<=36.00 exit>=100.00)
2025-10-29 22:40:10,032 INFO Candle 2025-10-29 08:00:00 | close=1114.5300 RSI(live)=45.26 (entry<=36.00 exit>=100.00)
2025-10-29 22:40:15,435 INFO Candle 2025-10-29 08:00:00 | close=1114.3500 RSI(live)=45.20 (entry<=36.00 exit>=100.00)
2025-10-29 22:40:20,819 INFO Candle 2025-10-29 08:00:00 | close=1114.3700 RSI(live)=45.20 (entry<=36.00 exit>=100.00)
2025-10-29 22:40:26,377 INFO Candle 2025-10-29 08:00:00 | close=1114.4100 RSI(live)=45.22 (entry<=36.00 exit>=100.00)
2025-10-29 22:40:31,704 INFO Candle 2025-10-29 08:00:00 | close=1114.5100 RSI(live)=45.25 (entry<=36.00 exit>=100.00)
2025-10-29 22:40:37,145 INFO Candle 2025-10-29 08:00:00 | close=1114.5100 RSI(live)=45.25 (entry<=36.00 exit>=100.00)
2025-10-29 22:40:42,572 INFO Candle 2025-10-29 08:00:00 | close=1114.5400 RSI(live)=45.27 (entry<=36.00 exit>=100.00)
2025-10-29 22:40:47,927 INFO Candle 2025-10-29 08:00:00 | close=1114.1600 RSI(live)=45.13 (entry<=36.00 exit>=100.00)
2025-10-29 22:40:53,301 INFO Candle 2025-10-29 08:00:00 | close=1114.2600 RSI(live)=45.16 (entry<=36.00 exit>=100.00)
2025-10-29 22:40:58,638 INFO Candle 2025-10-29 08:00:00 | close=1114.2600 RSI(live)=45.16 (entry<=36.00 exit>=100.00)
2025-10-29 22:41:03,954 INFO Candle 2025-10-29 08:00:00 | close=1114.5500 RSI(live)=45.27 (entry<=36.00 exit>=100.00)
2025-10-29 22:41:09,303 INFO Candle 2025-10-29 08:00:00 | close=1114.4400 RSI(live)=45.23 (entry<=36.00 exit>=100.00)
2025-10-29 22:41:14,653 INFO Candle 2025-10-29 08:00:00 | close=1114.3400 RSI(live)=45.19 (entry<=36.00 exit>=100.00)
2025-10-29 22:41:19,959 INFO Candle 2025-10-29 08:00:00 | close=1114.0500 RSI(live)=45.08 (entry<=36.00 exit>=100.00)
2025-10-29 22:41:25,263 INFO Candle 2025-10-29 08:00:00 | close=1114.0900 RSI(live)=45.10 (entry<=36.00 exit>=100.00)
2025-10-29 22:41:30,634 INFO Candle 2025-10-29 08:00:00 | close=1113.9800 RSI(live)=45.06 (entry<=36.00 exit>=100.00)
2025-10-29 22:41:36,010 INFO Candle 2025-10-29 08:00:00 | close=1113.9800 RSI(live)=45.06 (entry<=36.00 exit>=100.00)
2025-10-29 22:41:41,544 INFO Candle 2025-10-29 08:00:00 | close=1113.8900 RSI(live)=45.03 (entry<=36.00 exit>=100.00)
2025-10-29 22:41:46,967 INFO Candle 2025-10-29 08:00:00 | close=1113.8300 RSI(live)=45.00 (entry<=36.00 exit>=100.00)
2025-10-29 22:41:52,435 INFO Candle 2025-10-29 08:00:00 | close=1113.8700 RSI(live)=45.02 (entry<=36.00 exit>=100.00)
2025-10-29 22:41:57,783 INFO Candle 2025-10-29 08:00:00 | close=1113.9000 RSI(live)=45.03 (entry<=36.00 exit>=100.00)
2025-10-29 22:42:03,157 INFO Candle 2025-10-29 08:00:00 | close=1113.7000 RSI(live)=44.96 (entry<=36.00 exit>=100.00)
2025-10-29 22:42:08,536 INFO Candle 2025-10-29 08:00:00 | close=1113.7100 RSI(live)=44.96 (entry<=36.00 exit>=100.00)
2025-10-29 22:42:14,033 INFO Candle 2025-10-29 08:00:00 | close=1113.4200 RSI(live)=44.85 (entry<=36.00 exit>=100.00)
2025-10-29 22:42:19,436 INFO Candle 2025-10-29 08:00:00 | close=1113.3300 RSI(live)=44.82 (entry<=36.00 exit>=100.00)
2025-10-29 22:42:24,856 INFO Candle 2025-10-29 08:00:00 | close=1113.2100 RSI(live)=44.78 (entry<=36.00 exit>=100.00)
2025-10-29 22:42:30,267 INFO Candle 2025-10-29 08:00:00 | close=1113.2500 RSI(live)=44.79 (entry<=36.00 exit>=100.00)
2025-10-29 22:42:35,605 INFO Candle 2025-10-29 08:00:00 | close=1113.2300 RSI(live)=44.78 (entry<=36.00 exit>=100.00)
2025-10-29 22:42:40,983 INFO Candle 2025-10-29 08:00:00 | close=1113.0000 RSI(live)=44.70 (entry<=36.00 exit>=100.00)
2025-10-29 22:42:46,422 INFO Candle 2025-10-29 08:00:00 | close=1113.2400 RSI(live)=44.79 (entry<=36.00 exit>=100.00)
2025-10-29 22:42:51,789 INFO Candle 2025-10-29 08:00:00 | close=1113.2400 RSI(live)=44.79 (entry<=36.00 exit>=100.00)
2025-10-29 22:42:57,175 INFO Candle 2025-10-29 08:00:00 | close=1113.2300 RSI(live)=44.78 (entry<=36.00 exit>=100.00)
2025-10-29 22:43:02,505 INFO Candle 2025-10-29 08:00:00 | close=1113.2300 RSI(live)=44.78 (entry<=36.00 exit>=100.00)
2025-10-29 22:43:07,984 INFO Candle 2025-10-29 08:00:00 | close=1113.2400 RSI(live)=44.79 (entry<=36.00 exit>=100.00)
2025-10-29 22:43:13,344 INFO Candle 2025-10-29 08:00:00 | close=1113.2500 RSI(live)=44.79 (entry<=36.00 exit>=100.00)
2025-10-29 22:43:18,655 INFO Candle 2025-10-29 08:00:00 | close=1113.2600 RSI(live)=44.80 (entry<=36.00 exit>=100.00)
2025-10-29 22:43:24,048 INFO Candle 2025-10-29 08:00:00 | close=1113.2400 RSI(live)=44.79 (entry<=36.00 exit>=100.00)
2025-10-29 22:43:29,578 INFO Candle 2025-10-29 08:00:00 | close=1113.2300 RSI(live)=44.78 (entry<=36.00 exit>=100.00)
2025-10-29 22:43:35,007 INFO Candle 2025-10-29 08:00:00 | close=1113.2600 RSI(live)=44.80 (entry<=36.00 exit>=100.00)
2025-10-29 22:43:40,573 INFO Candle 2025-10-29 08:00:00 | close=1113.2600 RSI(live)=44.80 (entry<=36.00 exit>=100.00)
2025-10-29 22:43:45,958 INFO Candle 2025-10-29 08:00:00 | close=1113.3700 RSI(live)=44.84 (entry<=36.00 exit>=100.00)
2025-10-29 22:43:51,281 INFO Candle 2025-10-29 08:00:00 | close=1113.3600 RSI(live)=44.83 (entry<=36.00 exit>=100.00)
2025-10-29 22:43:56,690 INFO Candle 2025-10-29 08:00:00 | close=1113.4000 RSI(live)=44.85 (entry<=36.00 exit>=100.00)
2025-10-29 22:44:02,101 INFO Candle 2025-10-29 08:00:00 | close=1113.4000 RSI(live)=44.85 (entry<=36.00 exit>=100.00)
2025-10-29 22:44:07,465 INFO Candle 2025-10-29 08:00:00 | close=1113.5400 RSI(live)=44.90 (entry<=36.00 exit>=100.00)
2025-10-29 22:47:59,621 INFO Candle 2025-10-29 08:00:00 | close=1113.0800 RSI(live)=44.73 (entry<=36.00 exit>=100.00)
2025-10-29 22:48:04,958 INFO Candle 2025-10-29 08:00:00 | close=1112.7400 RSI(live)=44.61 (entry<=36.00 exit>=100.00)
2025-10-29 22:48:10,247 INFO Candle 2025-10-29 08:00:00 | close=1112.6200 RSI(live)=44.56 (entry<=36.00 exit>=100.00)
2025-10-29 22:48:15,595 INFO Candle 2025-10-29 08:00:00 | close=1112.7800 RSI(live)=44.62 (entry<=36.00 exit>=100.00)
2025-10-29 22:48:20,914 INFO Candle 2025-10-29 08:00:00 | close=1112.5900 RSI(live)=44.55 (entry<=36.00 exit>=100.00)
2025-10-29 22:48:26,282 INFO Candle 2025-10-29 08:00:00 | close=1112.5800 RSI(live)=44.55 (entry<=36.00 exit>=100.00)
2025-10-29 22:48:31,601 INFO Candle 2025-10-29 08:00:00 | close=1112.4500 RSI(live)=44.50 (entry<=36.00 exit>=100.00)
2025-10-29 22:48:36,911 INFO Candle 2025-10-29 08:00:00 | close=1112.4400 RSI(live)=44.50 (entry<=36.00 exit>=100.00)
2025-10-29 22:48:42,213 INFO Candle 2025-10-29 08:00:00 | close=1112.5100 RSI(live)=44.52 (entry<=36.00 exit>=100.00)
2025-10-29 22:48:47,557 INFO Candle 2025-10-29 08:00:00 | close=1112.4700 RSI(live)=44.51 (entry<=36.00 exit>=100.00)
2025-10-29 22:48:53,023 INFO Candle 2025-10-29 08:00:00 | close=1112.4400 RSI(live)=44.50 (entry<=36.00 exit>=100.00)
2025-10-29 22:48:58,374 INFO Candle 2025-10-29 08:00:00 | close=1112.4100 RSI(live)=44.49 (entry<=36.00 exit>=100.00)
2025-10-29 22:49:03,749 INFO Candle 2025-10-29 08:00:00 | close=1112.4200 RSI(live)=44.49 (entry<=36.00 exit>=100.00)
2025-10-29 22:49:09,083 INFO Candle 2025-10-29 08:00:00 | close=1112.7800 RSI(live)=44.62 (entry<=36.00 exit>=100.00)
2025-10-29 22:49:14,669 INFO Candle 2025-10-29 08:00:00 | close=1113.0800 RSI(live)=44.73 (entry<=36.00 exit>=100.00)
2025-10-29 22:49:20,026 INFO Candle 2025-10-29 08:00:00 | close=1113.3300 RSI(live)=44.82 (entry<=36.00 exit>=100.00)
2025-10-29 22:49:25,508 INFO Candle 2025-10-29 08:00:00 | close=1113.3100 RSI(live)=44.81 (entry<=36.00 exit>=100.00)
2025-10-29 22:49:30,942 INFO Candle 2025-10-29 08:00:00 | close=1113.3000 RSI(live)=44.81 (entry<=36.00 exit>=100.00)
2025-10-29 22:49:36,317 INFO Candle 2025-10-29 08:00:00 | close=1113.3100 RSI(live)=44.81 (entry<=36.00 exit>=100.00)
2025-10-29 22:49:41,649 INFO Candle 2025-10-29 08:00:00 | close=1113.3100 RSI(live)=44.81 (entry<=36.00 exit>=100.00)
2025-10-29 22:49:46,978 INFO Candle 2025-10-29 08:00:00 | close=1113.2300 RSI(live)=44.78 (entry<=36.00 exit>=100.00)
2025-10-29 22:49:52,345 INFO Candle 2025-10-29 08:00:00 | close=1113.2300 RSI(live)=44.78 (entry<=36.00 exit>=100.00)
2025-10-29 22:49:57,672 INFO Candle 2025-10-29 08:00:00 | close=1113.2200 RSI(live)=44.78 (entry<=36.00 exit>=100.00)
2025-10-29 22:50:03,034 INFO Candle 2025-10-29 08:00:00 | close=1113.4500 RSI(live)=44.86 (entry<=36.00 exit>=100.00)
2025-10-29 22:50:08,341 INFO Candle 2025-10-29 08:00:00 | close=1113.6000 RSI(live)=44.92 (entry<=36.00 exit>=100.00)
2025-10-29 22:50:13,739 INFO Candle 2025-10-29 08:00:00 | close=1113.7100 RSI(live)=44.96 (entry<=36.00 exit>=100.00)
2025-10-29 22:50:19,078 INFO Candle 2025-10-29 08:00:00 | close=1113.7000 RSI(live)=44.96 (entry<=36.00 exit>=100.00)
2025-10-29 22:50:24,447 INFO Candle 2025-10-29 08:00:00 | close=1113.7100 RSI(live)=44.96 (entry<=36.00 exit>=100.00)
2025-10-29 22:50:29,825 INFO Candle 2025-10-29 08:00:00 | close=1113.6900 RSI(live)=44.95 (entry<=36.00 exit>=100.00)
2025-10-29 22:50:35,208 INFO Candle 2025-10-29 08:00:00 | close=1113.6300 RSI(live)=44.93 (entry<=36.00 exit>=100.00)
2025-10-29 22:50:40,521 INFO Candle 2025-10-29 08:00:00 | close=1113.6200 RSI(live)=44.93 (entry<=36.00 exit>=100.00)
2025-10-29 22:50:45,900 INFO Candle 2025-10-29 08:00:00 | close=1113.6300 RSI(live)=44.93 (entry<=36.00 exit>=100.00)
2025-10-29 22:50:51,288 INFO Candle 2025-10-29 08:00:00 | close=1113.6200 RSI(live)=44.93 (entry<=36.00 exit>=100.00)
2025-10-29 22:50:56,750 INFO Candle 2025-10-29 08:00:00 | close=1113.6200 RSI(live)=44.93 (entry<=36.00 exit>=100.00)
2025-10-29 22:51:02,086 INFO Candle 2025-10-29 08:00:00 | close=1113.6200 RSI(live)=44.93 (entry<=36.00 exit>=100.00)
2025-10-29 22:51:07,404 INFO Candle 2025-10-29 08:00:00 | close=1113.6800 RSI(live)=44.95 (entry<=36.00 exit>=100.00)
2025-10-29 22:51:12,794 INFO Candle 2025-10-29 08:00:00 | close=1113.6900 RSI(live)=44.95 (entry<=36.00 exit>=100.00)
2025-10-29 22:51:18,187 INFO Candle 2025-10-29 08:00:00 | close=1113.6900 RSI(live)=44.95 (entry<=36.00 exit>=100.00)
2025-10-29 22:51:23,547 INFO Candle 2025-10-29 08:00:00 | close=1113.4800 RSI(live)=44.88 (entry<=36.00 exit>=100.00)
2025-10-29 22:51:28,961 INFO Candle 2025-10-29 08:00:00 | close=1113.6900 RSI(live)=44.95 (entry<=36.00 exit>=100.00)
2025-10-29 22:51:34,438 INFO Candle 2025-10-29 08:00:00 | close=1113.8200 RSI(live)=45.00 (entry<=36.00 exit>=100.00)
2025-10-29 22:51:39,822 INFO Candle 2025-10-29 08:00:00 | close=1113.8800 RSI(live)=45.02 (entry<=36.00 exit>=100.00)
2025-10-29 22:51:45,179 INFO Candle 2025-10-29 08:00:00 | close=1113.9300 RSI(live)=45.04 (entry<=36.00 exit>=100.00)
2025-10-29 22:51:50,609 INFO Candle 2025-10-29 08:00:00 | close=1113.9400 RSI(live)=45.04 (entry<=36.00 exit>=100.00)
2025-10-29 22:51:55,996 INFO Candle 2025-10-29 08:00:00 | close=1113.9300 RSI(live)=45.04 (entry<=36.00 exit>=100.00)
2025-10-29 22:52:01,411 INFO Candle 2025-10-29 08:00:00 | close=1113.9300 RSI(live)=45.04 (entry<=36.00 exit>=100.00)
2025-10-29 22:52:06,740 INFO Candle 2025-10-29 08:00:00 | close=1113.2800 RSI(live)=44.80 (entry<=36.00 exit>=100.00)
2025-10-29 22:52:12,073 INFO Candle 2025-10-29 08:00:00 | close=1113.2800 RSI(live)=44.80 (entry<=36.00 exit>=100.00)
2025-10-29 22:52:17,372 INFO Candle 2025-10-29 08:00:00 | close=1113.2800 RSI(live)=44.80 (entry<=36.00 exit>=100.00)
2025-10-29 22:52:22,867 INFO Candle 2025-10-29 08:00:00 | close=1113.2800 RSI(live)=44.80 (entry<=36.00 exit>=100.00)
2025-10-29 22:52:28,203 INFO Candle 2025-10-29 08:00:00 | close=1113.2800 RSI(live)=44.80 (entry<=36.00 exit>=100.00)
2025-10-29 22:52:33,491 INFO Candle 2025-10-29 08:00:00 | close=1113.2900 RSI(live)=44.81 (entry<=36.00 exit>=100.00)
2025-10-29 22:52:38,788 INFO Candle 2025-10-29 08:00:00 | close=1113.3900 RSI(live)=44.84 (entry<=36.00 exit>=100.00)
2025-10-29 22:52:44,125 INFO Candle 2025-10-29 08:00:00 | close=1113.3900 RSI(live)=44.84 (entry<=36.00 exit>=100.00)
2025-10-29 22:52:49,431 INFO Candle 2025-10-29 08:00:00 | close=1113.7300 RSI(live)=44.97 (entry<=36.00 exit>=100.00)
2025-10-29 22:52:54,731 INFO Candle 2025-10-29 08:00:00 | close=1113.7400 RSI(live)=44.97 (entry<=36.00 exit>=100.00)
2025-10-29 22:53:00,059 INFO Candle 2025-10-29 08:00:00 | close=1113.7600 RSI(live)=44.98 (entry<=36.00 exit>=100.00)
2025-10-29 22:53:05,358 INFO Candle 2025-10-29 08:00:00 | close=1113.7600 RSI(live)=44.98 (entry<=36.00 exit>=100.00)
2025-10-29 22:53:10,695 INFO Candle 2025-10-29 08:00:00 | close=1113.7700 RSI(live)=44.98 (entry<=36.00 exit>=100.00)
2025-10-29 22:53:16,144 INFO Candle 2025-10-29 08:00:00 | close=1113.7700 RSI(live)=44.98 (entry<=36.00 exit>=100.00)
2025-10-29 22:53:21,470 INFO Candle 2025-10-29 08:00:00 | close=1113.7000 RSI(live)=44.96 (entry<=36.00 exit>=100.00)
2025-10-29 22:53:26,946 INFO Candle 2025-10-29 08:00:00 | close=1113.7000 RSI(live)=44.96 (entry<=36.00 exit>=100.00)
2025-10-29 22:53:32,268 INFO Candle 2025-10-29 08:00:00 | close=1113.6100 RSI(live)=44.92 (entry<=36.00 exit>=100.00)
2025-10-29 22:53:37,658 INFO Candle 2025-10-29 08:00:00 | close=1113.6800 RSI(live)=44.95 (entry<=36.00 exit>=100.00)
2025-10-29 22:53:43,144 INFO Candle 2025-10-29 08:00:00 | close=1113.8700 RSI(live)=45.02 (entry<=36.00 exit>=100.00)
2025-10-29 22:53:48,473 INFO Candle 2025-10-29 08:00:00 | close=1113.8800 RSI(live)=45.02 (entry<=36.00 exit>=100.00)
2025-10-29 22:53:53,893 INFO Candle 2025-10-29 08:00:00 | close=1113.8900 RSI(live)=45.03 (entry<=36.00 exit>=100.00)
2025-10-29 22:53:59,331 INFO Candle 2025-10-29 08:00:00 | close=1113.8800 RSI(live)=45.02 (entry<=36.00 exit>=100.00)
2025-10-29 22:54:04,680 INFO Candle 2025-10-29 08:00:00 | close=1114.0000 RSI(live)=45.07 (entry<=36.00 exit>=100.00)
2025-10-29 22:54:10,080 INFO Candle 2025-10-29 08:00:00 | close=1114.0000 RSI(live)=45.07 (entry<=36.00 exit>=100.00)
2025-10-29 22:54:15,463 INFO Candle 2025-10-29 08:00:00 | close=1114.1100 RSI(live)=45.11 (entry<=36.00 exit>=100.00)
2025-10-29 22:54:20,933 INFO Candle 2025-10-29 08:00:00 | close=1114.1200 RSI(live)=45.11 (entry<=36.00 exit>=100.00)
2025-10-29 22:54:26,324 INFO Candle 2025-10-29 08:00:00 | close=1114.1200 RSI(live)=45.11 (entry<=36.00 exit>=100.00)
2025-10-29 22:54:31,696 INFO Candle 2025-10-29 08:00:00 | close=1113.9000 RSI(live)=45.03 (entry<=36.00 exit>=100.00)
2025-10-29 22:54:37,128 INFO Candle 2025-10-29 08:00:00 | close=1113.8900 RSI(live)=45.03 (entry<=36.00 exit>=100.00)
2025-10-29 22:54:42,504 INFO Candle 2025-10-29 08:00:00 | close=1113.8800 RSI(live)=45.02 (entry<=36.00 exit>=100.00)
2025-10-29 22:54:47,863 INFO Candle 2025-10-29 08:00:00 | close=1113.8800 RSI(live)=45.02 (entry<=36.00 exit>=100.00)
2025-10-29 22:54:53,187 INFO Candle 2025-10-29 08:00:00 | close=1113.8800 RSI(live)=45.02 (entry<=36.00 exit>=100.00)
2025-10-29 22:54:58,543 INFO Candle 2025-10-29 08:00:00 | close=1113.8800 RSI(live)=45.02 (entry<=36.00 exit>=100.00)
2025-10-29 22:55:03,911 INFO Candle 2025-10-29 08:00:00 | close=1113.8700 RSI(live)=45.02 (entry<=36.00 exit>=100.00)
2025-10-29 22:55:09,423 INFO Candle 2025-10-29 08:00:00 | close=1113.8000 RSI(live)=44.99 (entry<=36.00 exit>=100.00)
2025-10-29 22:55:14,767 INFO Candle 2025-10-29 08:00:00 | close=1113.7900 RSI(live)=44.99 (entry<=36.00 exit>=100.00)
2025-10-29 22:55:20,067 INFO Candle 2025-10-29 08:00:00 | close=1113.8000 RSI(live)=44.99 (entry<=36.00 exit>=100.00)
2025-10-29 22:55:25,409 INFO Candle 2025-10-29 08:00:00 | close=1113.8000 RSI(live)=44.99 (entry<=36.00 exit>=100.00)
2025-10-29 22:55:30,737 INFO Candle 2025-10-29 08:00:00 | close=1113.8000 RSI(live)=44.99 (entry<=36.00 exit>=100.00)
2025-10-29 22:55:36,090 INFO Candle 2025-10-29 08:00:00 | close=1113.7200 RSI(live)=44.96 (entry<=36.00 exit>=100.00)
2025-10-29 22:55:41,426 INFO Candle 2025-10-29 08:00:00 | close=1113.7300 RSI(live)=44.97 (entry<=36.00 exit>=100.00)
2025-10-29 22:55:46,815 INFO Candle 2025-10-29 08:00:00 | close=1113.7900 RSI(live)=44.99 (entry<=36.00 exit>=100.00)
2025-10-29 22:55:52,134 INFO Candle 2025-10-29 08:00:00 | close=1113.8700 RSI(live)=45.02 (entry<=36.00 exit>=100.00)
2025-10-29 22:55:57,553 INFO Candle 2025-10-29 08:00:00 | close=1114.1600 RSI(live)=45.13 (entry<=36.00 exit>=100.00)
2025-10-29 22:56:02,992 INFO Candle 2025-10-29 08:00:00 | close=1114.1600 RSI(live)=45.13 (entry<=36.00 exit>=100.00)
2025-10-29 22:56:08,363 INFO Candle 2025-10-29 08:00:00 | close=1114.1600 RSI(live)=45.13 (entry<=36.00 exit>=100.00)
2025-10-29 22:56:13,767 INFO Candle 2025-10-29 08:00:00 | close=1114.1600 RSI(live)=45.13 (entry<=36.00 exit>=100.00)
2025-10-29 22:56:19,307 INFO Candle 2025-10-29 08:00:00 | close=1114.1600 RSI(live)=45.13 (entry<=36.00 exit>=100.00)
2025-10-29 22:56:24,655 INFO Candle 2025-10-29 08:00:00 | close=1114.1600 RSI(live)=45.13 (entry<=36.00 exit>=100.00)
2025-10-29 22:56:30,163 INFO Candle 2025-10-29 08:00:00 | close=1114.1500 RSI(live)=45.12 (entry<=36.00 exit>=100.00)
2025-10-29 22:56:35,597 INFO Candle 2025-10-29 08:00:00 | close=1113.9400 RSI(live)=45.04 (entry<=36.00 exit>=100.00)
2025-10-29 22:56:41,015 INFO Candle 2025-10-29 08:00:00 | close=1113.8800 RSI(live)=45.02 (entry<=36.00 exit>=100.00)
2025-10-29 22:56:46,342 INFO Candle 2025-10-29 08:00:00 | close=1113.7800 RSI(live)=44.99 (entry<=36.00 exit>=100.00)
2025-10-29 22:56:51,767 INFO Candle 2025-10-29 08:00:00 | close=1113.7800 RSI(live)=44.99 (entry<=36.00 exit>=100.00)
2025-10-29 22:56:57,196 INFO Candle 2025-10-29 08:00:00 | close=1113.7800 RSI(live)=44.99 (entry<=36.00 exit>=100.00)
2025-10-29 22:57:02,689 INFO Candle 2025-10-29 08:00:00 | close=1113.6100 RSI(live)=44.92 (entry<=36.00 exit>=100.00)
2025-10-29 22:57:08,056 INFO Candle 2025-10-29 08:00:00 | close=1113.8400 RSI(live)=45.01 (entry<=36.00 exit>=100.00)
2025-10-29 22:57:13,438 INFO Candle 2025-10-29 08:00:00 | close=1113.8700 RSI(live)=45.02 (entry<=36.00 exit>=100.00)
2025-10-29 22:57:18,798 INFO Candle 2025-10-29 08:00:00 | close=1113.9800 RSI(live)=45.06 (entry<=36.00 exit>=100.00)
2025-10-29 22:57:24,332 INFO Candle 2025-10-29 08:00:00 | close=1113.9900 RSI(live)=45.06 (entry<=36.00 exit>=100.00)
2025-10-29 22:57:29,860 INFO Candle 2025-10-29 08:00:00 | close=1113.9900 RSI(live)=45.06 (entry<=36.00 exit>=100.00)
2025-10-29 22:57:35,305 INFO Candle 2025-10-29 08:00:00 | close=1113.9800 RSI(live)=45.06 (entry<=36.00 exit>=100.00)
2025-10-29 22:57:40,621 INFO Candle 2025-10-29 08:00:00 | close=1113.9800 RSI(live)=45.06 (entry<=36.00 exit>=100.00)
2025-10-29 22:57:45,992 INFO Candle 2025-10-29 08:00:00 | close=1113.3500 RSI(live)=44.83 (entry<=36.00 exit>=100.00)
2025-10-29 22:57:51,367 INFO Candle 2025-10-29 08:00:00 | close=1113.3600 RSI(live)=44.83 (entry<=36.00 exit>=100.00)
2025-10-29 22:57:56,729 INFO Candle 2025-10-29 08:00:00 | close=1113.5300 RSI(live)=44.89 (entry<=36.00 exit>=100.00)
2025-10-29 22:58:02,078 INFO Candle 2025-10-29 08:00:00 | close=1113.5300 RSI(live)=44.89 (entry<=36.00 exit>=100.00)
2025-10-29 22:58:07,453 INFO Candle 2025-10-29 08:00:00 | close=1113.5400 RSI(live)=44.90 (entry<=36.00 exit>=100.00)
2025-10-29 22:58:12,824 INFO Candle 2025-10-29 08:00:00 | close=1113.5400 RSI(live)=44.90 (entry<=36.00 exit>=100.00)
2025-10-29 22:58:18,152 INFO Candle 2025-10-29 08:00:00 | close=1113.6000 RSI(live)=44.92 (entry<=36.00 exit>=100.00)
2025-10-29 22:58:23,482 INFO Candle 2025-10-29 08:00:00 | close=1113.7300 RSI(live)=44.97 (entry<=36.00 exit>=100.00)
2025-10-29 22:58:28,813 INFO Candle 2025-10-29 08:00:00 | close=1113.7300 RSI(live)=44.97 (entry<=36.00 exit>=100.00)
2025-10-29 22:58:34,220 INFO Candle 2025-10-29 08:00:00 | close=1113.6800 RSI(live)=44.95 (entry<=36.00 exit>=100.00)
2025-10-29 22:58:39,527 INFO Candle 2025-10-29 08:00:00 | close=1113.6900 RSI(live)=44.95 (entry<=36.00 exit>=100.00)
2025-10-29 22:58:44,899 INFO Candle 2025-10-29 08:00:00 | close=1113.6900 RSI(live)=44.95 (entry<=36.00 exit>=100.00)
2025-10-29 22:58:50,345 INFO Candle 2025-10-29 08:00:00 | close=1113.6000 RSI(live)=44.92 (entry<=36.00 exit>=100.00)
2025-10-29 22:58:55,752 INFO Candle 2025-10-29 08:00:00 | close=1113.6400 RSI(live)=44.93 (entry<=36.00 exit>=100.00)
2025-10-29 22:59:01,107 INFO Candle 2025-10-29 08:00:00 | close=1113.6800 RSI(live)=44.95 (entry<=36.00 exit>=100.00)
2025-10-29 22:59:06,540 INFO Candle 2025-10-29 08:00:00 | close=1113.6800 RSI(live)=44.95 (entry<=36.00 exit>=100.00)
2025-10-29 22:59:11,915 INFO Candle 2025-10-29 08:00:00 | close=1113.6000 RSI(live)=44.92 (entry<=36.00 exit>=100.00)
2025-10-29 22:59:17,354 INFO Candle 2025-10-29 08:00:00 | close=1113.6000 RSI(live)=44.92 (entry<=36.00 exit>=100.00)
2025-10-29 22:59:22,813 INFO Candle 2025-10-29 08:00:00 | close=1113.6600 RSI(live)=44.94 (entry<=36.00 exit>=100.00)
2025-10-29 22:59:28,239 INFO Candle 2025-10-29 08:00:00 | close=1113.6600 RSI(live)=44.94 (entry<=36.00 exit>=100.00)
2025-10-29 22:59:33,626 INFO Candle 2025-10-29 08:00:00 | close=1113.6500 RSI(live)=44.94 (entry<=36.00 exit>=100.00)
2025-10-29 22:59:38,990 INFO Candle 2025-10-29 08:00:00 | close=1113.6700 RSI(live)=44.95 (entry<=36.00 exit>=100.00)
2025-10-29 22:59:44,417 INFO Candle 2025-10-29 08:00:00 | close=1113.6700 RSI(live)=44.95 (entry<=36.00 exit>=100.00)
2025-10-29 22:59:49,841 INFO Candle 2025-10-29 08:00:00 | close=1113.6600 RSI(live)=44.94 (entry<=36.00 exit>=100.00)
2025-10-29 22:59:55,181 INFO Candle 2025-10-29 08:00:00 | close=1113.6700 RSI(live)=44.95 (entry<=36.00 exit>=100.00)
2025-10-29 23:00:05,919 INFO Candle 2025-10-29 12:00:00 | close=1113.5600 RSI(live)=44.90 (entry<=36.00 exit>=100.00)
2025-10-29 23:00:11,443 INFO Candle 2025-10-29 12:00:00 | close=1113.6000 RSI(live)=44.92 (entry<=36.00 exit>=100.00)
2025-10-29 23:00:16,881 INFO Candle 2025-10-29 12:00:00 | close=1113.6000 RSI(live)=44.92 (entry<=36.00 exit>=100.00)
2025-10-29 23:00:22,407 INFO Candle 2025-10-29 12:00:00 | close=1113.5900 RSI(live)=44.91 (entry<=36.00 exit>=100.00)
2025-10-29 23:00:27,897 INFO Candle 2025-10-29 12:00:00 | close=1113.6100 RSI(live)=44.92 (entry<=36.00 exit>=100.00)
2025-10-29 23:00:33,358 INFO Candle 2025-10-29 12:00:00 | close=1113.6100 RSI(live)=44.92 (entry<=36.00 exit>=100.00)
2025-10-29 23:00:38,737 INFO Candle 2025-10-29 12:00:00 | close=1113.6600 RSI(live)=44.94 (entry<=36.00 exit>=100.00)
2025-10-29 23:00:44,119 INFO Candle 2025-10-29 12:00:00 | close=1113.6500 RSI(live)=44.94 (entry<=36.00 exit>=100.00)
2025-10-29 23:00:49,521 INFO Candle 2025-10-29 12:00:00 | close=1113.6700 RSI(live)=44.95 (entry<=36.00 exit>=100.00)
2025-10-29 23:00:54,978 INFO Candle 2025-10-29 12:00:00 | close=1113.8500 RSI(live)=45.03 (entry<=36.00 exit>=100.00)
2025-10-29 23:01:00,422 INFO Candle 2025-10-29 12:00:00 | close=1113.9500 RSI(live)=45.08 (entry<=36.00 exit>=100.00)
2025-10-29 23:01:05,700 INFO Candle 2025-10-29 12:00:00 | close=1113.9600 RSI(live)=45.09 (entry<=36.00 exit>=100.00)
2025-10-29 23:01:11,001 INFO Candle 2025-10-29 12:00:00 | close=1113.9600 RSI(live)=45.09 (entry<=36.00 exit>=100.00)
2025-10-29 23:01:16,378 INFO Candle 2025-10-29 12:00:00 | close=1113.9600 RSI(live)=45.09 (entry<=36.00 exit>=100.00)
2025-10-29 23:01:21,898 INFO Candle 2025-10-29 12:00:00 | close=1114.0800 RSI(live)=45.14 (entry<=36.00 exit>=100.00)
2025-10-29 23:01:27,277 INFO Candle 2025-10-29 12:00:00 | close=1114.0700 RSI(live)=45.14 (entry<=36.00 exit>=100.00)
2025-10-29 23:01:32,658 INFO Candle 2025-10-29 12:00:00 | close=1114.3400 RSI(live)=45.27 (entry<=36.00 exit>=100.00)
2025-10-29 23:01:38,086 INFO Candle 2025-10-29 12:00:00 | close=1114.6100 RSI(live)=45.40 (entry<=36.00 exit>=100.00)
2025-10-29 23:01:43,606 INFO Candle 2025-10-29 12:00:00 | close=1114.6100 RSI(live)=45.40 (entry<=36.00 exit>=100.00)
2025-10-29 23:01:49,004 INFO Candle 2025-10-29 12:00:00 | close=1114.4600 RSI(live)=45.32 (entry<=36.00 exit>=100.00)
2025-10-29 23:01:54,366 INFO Candle 2025-10-29 12:00:00 | close=1114.6700 RSI(live)=45.42 (entry<=36.00 exit>=100.00)
2025-10-29 23:01:59,997 INFO Candle 2025-10-29 12:00:00 | close=1114.6900 RSI(live)=45.43 (entry<=36.00 exit>=100.00)
2025-10-29 23:02:05,386 INFO Candle 2025-10-29 12:00:00 | close=1114.4200 RSI(live)=45.31 (entry<=36.00 exit>=100.00)
2025-10-29 23:02:10,748 INFO Candle 2025-10-29 12:00:00 | close=1114.6100 RSI(live)=45.40 (entry<=36.00 exit>=100.00)
2025-10-29 23:02:16,171 INFO Candle 2025-10-29 12:00:00 | close=1114.6200 RSI(live)=45.40 (entry<=36.00 exit>=100.00)
2025-10-29 23:02:21,612 INFO Candle 2025-10-29 12:00:00 | close=1114.5300 RSI(live)=45.36 (entry<=36.00 exit>=100.00)
2025-10-29 23:02:27,036 INFO Candle 2025-10-29 12:00:00 | close=1114.5500 RSI(live)=45.37 (entry<=36.00 exit>=100.00)
2025-10-29 23:02:32,568 INFO Candle 2025-10-29 12:00:00 | close=1114.5500 RSI(live)=45.37 (entry<=36.00 exit>=100.00)
2025-10-29 23:02:37,946 INFO Candle 2025-10-29 12:00:00 | close=1114.5500 RSI(live)=45.37 (entry<=36.00 exit>=100.00)
2025-10-29 23:02:43,363 INFO Candle 2025-10-29 12:00:00 | close=1114.5500 RSI(live)=45.37 (entry<=36.00 exit>=100.00)
2025-10-29 23:02:48,952 INFO Candle 2025-10-29 12:00:00 | close=1114.6100 RSI(live)=45.40 (entry<=36.00 exit>=100.00)
2025-10-29 23:02:54,308 INFO Candle 2025-10-29 12:00:00 | close=1114.6000 RSI(live)=45.39 (entry<=36.00 exit>=100.00)
2025-10-29 23:02:59,696 INFO Candle 2025-10-29 12:00:00 | close=1114.6100 RSI(live)=45.40 (entry<=36.00 exit>=100.00)
2025-10-29 23:03:05,078 INFO Candle 2025-10-29 12:00:00 | close=1114.7100 RSI(live)=45.44 (entry<=36.00 exit>=100.00)
2025-10-29 23:03:10,550 INFO Candle 2025-10-29 12:00:00 | close=1114.5500 RSI(live)=45.37 (entry<=36.00 exit>=100.00)
2025-10-29 23:03:15,907 INFO Candle 2025-10-29 12:00:00 | close=1114.5500 RSI(live)=45.37 (entry<=36.00 exit>=100.00)
2025-10-29 23:03:21,221 INFO Candle 2025-10-29 12:00:00 | close=1114.5600 RSI(live)=45.37 (entry<=36.00 exit>=100.00)
2025-10-29 23:03:26,534 INFO Candle 2025-10-29 12:00:00 | close=1114.5600 RSI(live)=45.37 (entry<=36.00 exit>=100.00)
2025-10-29 23:03:31,838 INFO Candle 2025-10-29 12:00:00 | close=1114.5500 RSI(live)=45.37 (entry<=36.00 exit>=100.00)
2025-10-29 23:03:37,380 INFO Candle 2025-10-29 12:00:00 | close=1114.6100 RSI(live)=45.40 (entry<=36.00 exit>=100.00)
2025-10-29 23:03:42,707 INFO Candle 2025-10-29 12:00:00 | close=1114.2300 RSI(live)=45.22 (entry<=36.00 exit>=100.00)
2025-10-29 23:03:48,013 INFO Candle 2025-10-29 12:00:00 | close=1114.1700 RSI(live)=45.19 (entry<=36.00 exit>=100.00)
2025-10-29 23:03:53,344 INFO Candle 2025-10-29 12:00:00 | close=1113.6800 RSI(live)=44.95 (entry<=36.00 exit>=100.00)
2025-10-29 23:03:58,775 INFO Candle 2025-10-29 12:00:00 | close=1113.6800 RSI(live)=44.95 (entry<=36.00 exit>=100.00)
2025-10-29 23:04:04,112 INFO Candle 2025-10-29 12:00:00 | close=1113.6700 RSI(live)=44.95 (entry<=36.00 exit>=100.00)
2025-10-29 23:04:09,547 INFO Candle 2025-10-29 12:00:00 | close=1113.6700 RSI(live)=44.95 (entry<=36.00 exit>=100.00)
2025-10-29 23:04:15,060 INFO Candle 2025-10-29 12:00:00 | close=1113.6800 RSI(live)=44.95 (entry<=36.00 exit>=100.00)
2025-10-29 23:04:20,485 INFO Candle 2025-10-29 12:00:00 | close=1113.7800 RSI(live)=45.00 (entry<=36.00 exit>=100.00)
2025-10-29 23:04:25,789 INFO Candle 2025-10-29 12:00:00 | close=1113.8000 RSI(live)=45.01 (entry<=36.00 exit>=100.00)
2025-10-29 23:04:31,349 INFO Candle 2025-10-29 12:00:00 | close=1113.7000 RSI(live)=44.96 (entry<=36.00 exit>=100.00)
2025-10-29 23:04:36,763 INFO Candle 2025-10-29 12:00:00 | close=1113.7100 RSI(live)=44.97 (entry<=36.00 exit>=100.00)
2025-10-29 23:04:42,093 INFO Candle 2025-10-29 12:00:00 | close=1113.7000 RSI(live)=44.96 (entry<=36.00 exit>=100.00)
2025-10-29 23:04:47,517 INFO Candle 2025-10-29 12:00:00 | close=1113.7100 RSI(live)=44.97 (entry<=36.00 exit>=100.00)
2025-10-29 23:04:53,045 INFO Candle 2025-10-29 12:00:00 | close=1113.6600 RSI(live)=44.94 (entry<=36.00 exit>=100.00)
2025-10-29 23:04:58,382 INFO Candle 2025-10-29 12:00:00 | close=1113.6500 RSI(live)=44.94 (entry<=36.00 exit>=100.00)
2025-10-29 23:05:03,805 INFO Candle 2025-10-29 12:00:00 | close=1113.7700 RSI(live)=44.99 (entry<=36.00 exit>=100.00)
2025-10-29 23:05:09,420 INFO Candle 2025-10-29 12:00:00 | close=1113.9100 RSI(live)=45.06 (entry<=36.00 exit>=100.00)
2025-10-29 23:05:14,832 INFO Candle 2025-10-29 12:00:00 | close=1113.9000 RSI(live)=45.06 (entry<=36.00 exit>=100.00)
2025-10-29 23:05:20,177 INFO Candle 2025-10-29 12:00:00 | close=1113.5800 RSI(live)=44.91 (entry<=36.00 exit>=100.00)
2025-10-29 23:05:25,604 INFO Candle 2025-10-29 12:00:00 | close=1113.5800 RSI(live)=44.91 (entry<=36.00 exit>=100.00)
2025-10-29 23:05:30,942 INFO Candle 2025-10-29 12:00:00 | close=1113.5800 RSI(live)=44.91 (entry<=36.00 exit>=100.00)
2025-10-29 23:05:36,286 INFO Candle 2025-10-29 12:00:00 | close=1113.5600 RSI(live)=44.90 (entry<=36.00 exit>=100.00)
2025-10-29 23:05:41,606 INFO Candle 2025-10-29 12:00:00 | close=1113.5600 RSI(live)=44.90 (entry<=36.00 exit>=100.00)
2025-10-29 23:05:47,013 INFO Candle 2025-10-29 12:00:00 | close=1113.4800 RSI(live)=44.87 (entry<=36.00 exit>=100.00)
2025-10-29 23:05:52,505 INFO Candle 2025-10-29 12:00:00 | close=1113.4800 RSI(live)=44.87 (entry<=36.00 exit>=100.00)
2025-10-29 23:05:57,825 INFO Candle 2025-10-29 12:00:00 | close=1113.5400 RSI(live)=44.89 (entry<=36.00 exit>=100.00)
2025-10-29 23:06:03,146 INFO Candle 2025-10-29 12:00:00 | close=1113.5300 RSI(live)=44.89 (entry<=36.00 exit>=100.00)
2025-10-29 23:06:08,540 INFO Candle 2025-10-29 12:00:00 | close=1113.4800 RSI(live)=44.87 (entry<=36.00 exit>=100.00)
2025-10-29 23:06:13,938 INFO Candle 2025-10-29 12:00:00 | close=1113.4000 RSI(live)=44.84 (entry<=36.00 exit>=100.00)
2025-10-29 23:06:19,324 INFO Candle 2025-10-29 12:00:00 | close=1113.2300 RSI(live)=44.77 (entry<=36.00 exit>=100.00)
2025-10-29 23:06:24,714 INFO Candle 2025-10-29 12:00:00 | close=1113.2000 RSI(live)=44.76 (entry<=36.00 exit>=100.00)
2025-10-29 23:06:30,066 INFO Candle 2025-10-29 12:00:00 | close=1113.2000 RSI(live)=44.76 (entry<=36.00 exit>=100.00)
2025-10-29 23:06:35,549 INFO Candle 2025-10-29 12:00:00 | close=1112.8800 RSI(live)=44.64 (entry<=36.00 exit>=100.00)
2025-10-29 23:06:40,866 INFO Candle 2025-10-29 12:00:00 | close=1112.7800 RSI(live)=44.60 (entry<=36.00 exit>=100.00)
2025-10-29 23:06:46,207 INFO Candle 2025-10-29 12:00:00 | close=1112.7800 RSI(live)=44.60 (entry<=36.00 exit>=100.00)
2025-10-29 23:06:51,628 INFO Candle 2025-10-29 12:00:00 | close=1112.6800 RSI(live)=44.56 (entry<=36.00 exit>=100.00)
2025-10-29 23:06:56,983 INFO Candle 2025-10-29 12:00:00 | close=1113.3100 RSI(live)=44.80 (entry<=36.00 exit>=100.00)
2025-10-29 23:07:02,377 INFO Candle 2025-10-29 12:00:00 | close=1113.3100 RSI(live)=44.80 (entry<=36.00 exit>=100.00)
2025-10-29 23:07:07,716 INFO Candle 2025-10-29 12:00:00 | close=1113.4900 RSI(live)=44.87 (entry<=36.00 exit>=100.00)
2025-10-29 23:07:13,081 INFO Candle 2025-10-29 12:00:00 | close=1113.4800 RSI(live)=44.87 (entry<=36.00 exit>=100.00)
2025-10-29 23:07:18,539 INFO Candle 2025-10-29 12:00:00 | close=1113.5500 RSI(live)=44.90 (entry<=36.00 exit>=100.00)
2025-10-29 23:07:23,926 INFO Candle 2025-10-29 12:00:00 | close=1113.5700 RSI(live)=44.91 (entry<=36.00 exit>=100.00)
2025-10-29 23:07:29,309 INFO Candle 2025-10-29 12:00:00 | close=1113.6500 RSI(live)=44.94 (entry<=36.00 exit>=100.00)
2025-10-29 23:07:34,714 INFO Candle 2025-10-29 12:00:00 | close=1113.9300 RSI(live)=45.07 (entry<=36.00 exit>=100.00)
2025-10-29 23:07:40,115 INFO Candle 2025-10-29 12:00:00 | close=1114.1100 RSI(live)=45.16 (entry<=36.00 exit>=100.00)
2025-10-29 23:07:45,560 INFO Candle 2025-10-29 12:00:00 | close=1114.1100 RSI(live)=45.16 (entry<=36.00 exit>=100.00)
2025-10-29 23:07:51,018 INFO Candle 2025-10-29 12:00:00 | close=1114.1100 RSI(live)=45.16 (entry<=36.00 exit>=100.00)
2025-10-29 23:07:56,449 INFO Candle 2025-10-29 12:00:00 | close=1113.9200 RSI(live)=45.07 (entry<=36.00 exit>=100.00)
2025-10-29 23:08:01,769 INFO Candle 2025-10-29 12:00:00 | close=1113.7700 RSI(live)=44.99 (entry<=36.00 exit>=100.00)
2025-10-29 23:08:07,208 INFO Candle 2025-10-29 12:00:00 | close=1113.5100 RSI(live)=44.88 (entry<=36.00 exit>=100.00)
2025-10-29 23:08:12,689 INFO Candle 2025-10-29 12:00:00 | close=1113.4600 RSI(live)=44.86 (entry<=36.00 exit>=100.00)
2025-10-29 23:08:18,052 INFO Candle 2025-10-29 12:00:00 | close=1113.4900 RSI(live)=44.87 (entry<=36.00 exit>=100.00)
2025-10-29 23:08:23,466 INFO Candle 2025-10-29 12:00:00 | close=1113.4900 RSI(live)=44.87 (entry<=36.00 exit>=100.00)
2025-10-29 23:08:28,858 INFO Candle 2025-10-29 12:00:00 | close=1113.5000 RSI(live)=44.88 (entry<=36.00 exit>=100.00)
2025-10-29 23:08:34,264 INFO Candle 2025-10-29 12:00:00 | close=1113.6800 RSI(live)=44.95 (entry<=36.00 exit>=100.00)
2025-10-29 23:08:39,656 INFO Candle 2025-10-29 12:00:00 | close=1113.5500 RSI(live)=44.90 (entry<=36.00 exit>=100.00)
2025-10-29 23:08:45,083 INFO Candle 2025-10-29 12:00:00 | close=1113.5500 RSI(live)=44.90 (entry<=36.00 exit>=100.00)
2025-10-29 23:08:50,423 INFO Candle 2025-10-29 12:00:00 | close=1113.4900 RSI(live)=44.87 (entry<=36.00 exit>=100.00)
2025-10-29 23:08:55,746 INFO Candle 2025-10-29 12:00:00 | close=1113.4500 RSI(live)=44.86 (entry<=36.00 exit>=100.00)
2025-10-29 23:09:01,261 INFO Candle 2025-10-29 12:00:00 | close=1113.4900 RSI(live)=44.87 (entry<=36.00 exit>=100.00)
2025-10-29 23:09:06,694 INFO Candle 2025-10-29 12:00:00 | close=1113.5000 RSI(live)=44.88 (entry<=36.00 exit>=100.00)
2025-10-29 23:09:12,117 INFO Candle 2025-10-29 12:00:00 | close=1113.4200 RSI(live)=44.85 (entry<=36.00 exit>=100.00)
2025-10-29 23:09:17,453 INFO Candle 2025-10-29 12:00:00 | close=1113.6600 RSI(live)=44.94 (entry<=36.00 exit>=100.00)
2025-10-29 23:09:22,971 INFO Candle 2025-10-29 12:00:00 | close=1113.7700 RSI(live)=44.99 (entry<=36.00 exit>=100.00)
2025-10-29 23:09:28,404 INFO Candle 2025-10-29 12:00:00 | close=1113.6800 RSI(live)=44.95 (entry<=36.00 exit>=100.00)
2025-10-29 23:09:33,783 INFO Candle 2025-10-29 12:00:00 | close=1113.6900 RSI(live)=44.96 (entry<=36.00 exit>=100.00)
2025-10-29 23:09:39,104 INFO Candle 2025-10-29 12:00:00 | close=1113.6100 RSI(live)=44.92 (entry<=36.00 exit>=100.00)
2025-10-29 23:09:44,452 INFO Candle 2025-10-29 12:00:00 | close=1113.6100 RSI(live)=44.92 (entry<=36.00 exit>=100.00)
2025-10-29 23:09:49,824 INFO Candle 2025-10-29 12:00:00 | close=1113.5900 RSI(live)=44.91 (entry<=36.00 exit>=100.00)
2025-10-29 23:09:55,195 INFO Candle 2025-10-29 12:00:00 | close=1113.5900 RSI(live)=44.91 (entry<=36.00 exit>=100.00)
2025-10-29 23:10:00,670 INFO Candle 2025-10-29 12:00:00 | close=1113.7600 RSI(live)=44.99 (entry<=36.00 exit>=100.00)
2025-10-29 23:10:06,186 INFO Candle 2025-10-29 12:00:00 | close=1113.7700 RSI(live)=44.99 (entry<=36.00 exit>=100.00)
2025-10-29 23:10:11,606 INFO Candle 2025-10-29 12:00:00 | close=1113.7500 RSI(live)=44.98 (entry<=36.00 exit>=100.00)
2025-10-29 23:10:16,932 INFO Candle 2025-10-29 12:00:00 | close=1113.7400 RSI(live)=44.98 (entry<=36.00 exit>=100.00)
2025-10-29 23:10:22,367 INFO Candle 2025-10-29 12:00:00 | close=1113.6700 RSI(live)=44.95 (entry<=36.00 exit>=100.00)
2025-10-29 23:10:27,733 INFO Candle 2025-10-29 12:00:00 | close=1113.8800 RSI(live)=45.05 (entry<=36.00 exit>=100.00)
2025-10-29 23:10:33,073 INFO Candle 2025-10-29 12:00:00 | close=1114.2800 RSI(live)=45.24 (entry<=36.00 exit>=100.00)
2025-10-29 23:10:38,440 INFO Candle 2025-10-29 12:00:00 | close=1114.2000 RSI(live)=45.20 (entry<=36.00 exit>=100.00)
2025-10-29 23:10:43,868 INFO Candle 2025-10-29 12:00:00 | close=1114.2000 RSI(live)=45.20 (entry<=36.00 exit>=100.00)
2025-10-29 23:10:49,301 INFO Candle 2025-10-29 12:00:00 | close=1114.1200 RSI(live)=45.16 (entry<=36.00 exit>=100.00)
2025-10-29 23:10:54,837 INFO Candle 2025-10-29 12:00:00 | close=1114.0000 RSI(live)=45.11 (entry<=36.00 exit>=100.00)
2025-10-29 23:11:00,246 INFO Candle 2025-10-29 12:00:00 | close=1114.0000 RSI(live)=45.11 (entry<=36.00 exit>=100.00)
2025-10-29 23:11:05,587 INFO Candle 2025-10-29 12:00:00 | close=1114.0800 RSI(live)=45.14 (entry<=36.00 exit>=100.00)
2025-10-29 23:11:11,013 INFO Candle 2025-10-29 12:00:00 | close=1114.2000 RSI(live)=45.20 (entry<=36.00 exit>=100.00)
2025-10-29 23:11:16,413 INFO Candle 2025-10-29 12:00:00 | close=1114.2000 RSI(live)=45.20 (entry<=36.00 exit>=100.00)
2025-10-29 23:11:21,764 INFO Candle 2025-10-29 12:00:00 | close=1114.2800 RSI(live)=45.24 (entry<=36.00 exit>=100.00)
2025-10-29 23:11:27,257 INFO Candle 2025-10-29 12:00:00 | close=1114.2500 RSI(live)=45.22 (entry<=36.00 exit>=100.00)
2025-10-29 23:11:32,662 INFO Candle 2025-10-29 12:00:00 | close=1114.3300 RSI(live)=45.26 (entry<=36.00 exit>=100.00)
2025-10-29 23:11:38,020 INFO Candle 2025-10-29 12:00:00 | close=1114.3300 RSI(live)=45.26 (entry<=36.00 exit>=100.00)
2025-10-29 23:11:43,573 INFO Candle 2025-10-29 12:00:00 | close=1114.3300 RSI(live)=45.26 (entry<=36.00 exit>=100.00)
2025-10-29 23:11:49,102 INFO Candle 2025-10-29 12:00:00 | close=1114.4900 RSI(live)=45.34 (entry<=36.00 exit>=100.00)
2025-10-29 23:11:54,507 INFO Candle 2025-10-29 12:00:00 | close=1114.4900 RSI(live)=45.34 (entry<=36.00 exit>=100.00)
2025-10-29 23:11:59,862 INFO Candle 2025-10-29 12:00:00 | close=1114.4900 RSI(live)=45.34 (entry<=36.00 exit>=100.00)
2025-10-29 23:12:05,244 INFO Candle 2025-10-29 12:00:00 | close=1114.4900 RSI(live)=45.34 (entry<=36.00 exit>=100.00)
2025-10-29 23:12:10,617 INFO Candle 2025-10-29 12:00:00 | close=1114.4900 RSI(live)=45.34 (entry<=36.00 exit>=100.00)
2025-10-29 23:12:16,234 INFO Candle 2025-10-29 12:00:00 | close=1114.4800 RSI(live)=45.33 (entry<=36.00 exit>=100.00)
2025-10-29 23:12:21,649 INFO Candle 2025-10-29 12:00:00 | close=1114.4900 RSI(live)=45.34 (entry<=36.00 exit>=100.00)
2025-10-29 23:12:26,984 INFO Candle 2025-10-29 12:00:00 | close=1114.5000 RSI(live)=45.34 (entry<=36.00 exit>=100.00)
2025-10-29 23:12:32,312 INFO Candle 2025-10-29 12:00:00 | close=1114.5000 RSI(live)=45.34 (entry<=36.00 exit>=100.00)
2025-10-29 23:12:37,703 INFO Candle 2025-10-29 12:00:00 | close=1114.7100 RSI(live)=45.44 (entry<=36.00 exit>=100.00)
2025-10-29 23:12:43,138 INFO Candle 2025-10-29 12:00:00 | close=1114.7600 RSI(live)=45.47 (entry<=36.00 exit>=100.00)
2025-10-29 23:12:48,486 INFO Candle 2025-10-29 12:00:00 | close=1114.7700 RSI(live)=45.47 (entry<=36.00 exit>=100.00)
2025-10-29 23:12:53,921 INFO Candle 2025-10-29 12:00:00 | close=1114.5100 RSI(live)=45.35 (entry<=36.00 exit>=100.00)
2025-10-29 23:12:59,351 INFO Candle 2025-10-29 12:00:00 | close=1114.4000 RSI(live)=45.30 (entry<=36.00 exit>=100.00)
2025-10-29 23:13:04,787 INFO Candle 2025-10-29 12:00:00 | close=1114.2300 RSI(live)=45.22 (entry<=36.00 exit>=100.00)
2025-10-29 23:13:10,151 INFO Candle 2025-10-29 12:00:00 | close=1114.0200 RSI(live)=45.11 (entry<=36.00 exit>=100.00)
2025-10-29 23:13:15,503 INFO Candle 2025-10-29 12:00:00 | close=1113.9500 RSI(live)=45.08 (entry<=36.00 exit>=100.00)
2025-10-29 23:13:21,062 INFO Candle 2025-10-29 12:00:00 | close=1113.9500 RSI(live)=45.08 (entry<=36.00 exit>=100.00)
2025-10-29 23:13:26,394 INFO Candle 2025-10-29 12:00:00 | close=1113.9400 RSI(live)=45.08 (entry<=36.00 exit>=100.00)
2025-10-29 23:13:31,803 INFO Candle 2025-10-29 12:00:00 | close=1113.9400 RSI(live)=45.08 (entry<=36.00 exit>=100.00)
2025-10-29 23:13:37,235 INFO Candle 2025-10-29 12:00:00 | close=1113.9500 RSI(live)=45.08 (entry<=36.00 exit>=100.00)
2025-10-29 23:13:42,562 INFO Candle 2025-10-29 12:00:00 | close=1113.9500 RSI(live)=45.08 (entry<=36.00 exit>=100.00)
2025-10-29 23:13:47,989 INFO Candle 2025-10-29 12:00:00 | close=1113.9200 RSI(live)=45.07 (entry<=36.00 exit>=100.00)
2025-10-29 23:13:53,308 INFO Candle 2025-10-29 12:00:00 | close=1113.8600 RSI(live)=45.04 (entry<=36.00 exit>=100.00)
2025-10-29 23:13:58,738 INFO Candle 2025-10-29 12:00:00 | close=1113.8300 RSI(live)=45.02 (entry<=36.00 exit>=100.00)
2025-10-29 23:14:04,114 INFO Candle 2025-10-29 12:00:00 | close=1113.9200 RSI(live)=45.07 (entry<=36.00 exit>=100.00)
2025-10-29 23:14:09,492 INFO Candle 2025-10-29 12:00:00 | close=1113.9500 RSI(live)=45.08 (entry<=36.00 exit>=100.00)
2025-10-29 23:14:14,922 INFO Candle 2025-10-29 12:00:00 | close=1114.0100 RSI(live)=45.11 (entry<=36.00 exit>=100.00)
2025-10-29 23:14:20,349 INFO Candle 2025-10-29 12:00:00 | close=1114.1300 RSI(live)=45.17 (entry<=36.00 exit>=100.00)
2025-10-29 23:14:25,776 INFO Candle 2025-10-29 12:00:00 | close=1114.2800 RSI(live)=45.24 (entry<=36.00 exit>=100.00)
2025-10-29 23:14:31,153 INFO Candle 2025-10-29 12:00:00 | close=1114.2900 RSI(live)=45.24 (entry<=36.00 exit>=100.00)
2025-10-29 23:14:36,516 INFO Candle 2025-10-29 12:00:00 | close=1114.2900 RSI(live)=45.24 (entry<=36.00 exit>=100.00)
2025-10-29 23:14:41,864 INFO Candle 2025-10-29 12:00:00 | close=1114.3800 RSI(live)=45.29 (entry<=36.00 exit>=100.00)
2025-10-29 23:14:47,180 INFO Candle 2025-10-29 12:00:00 | close=1114.3800 RSI(live)=45.29 (entry<=36.00 exit>=100.00)
2025-10-29 23:14:52,560 INFO Candle 2025-10-29 12:00:00 | close=1114.3500 RSI(live)=45.27 (entry<=36.00 exit>=100.00)
2025-10-29 23:14:58,030 INFO Candle 2025-10-29 12:00:00 | close=1114.3400 RSI(live)=45.27 (entry<=36.00 exit>=100.00)
2025-10-29 23:15:03,377 INFO Candle 2025-10-29 12:00:00 | close=1114.1900 RSI(live)=45.20 (entry<=36.00 exit>=100.00)
2025-10-29 23:15:08,778 INFO Candle 2025-10-29 12:00:00 | close=1114.1900 RSI(live)=45.20 (entry<=36.00 exit>=100.00)
2025-10-29 23:15:14,201 INFO Candle 2025-10-29 12:00:00 | close=1114.3000 RSI(live)=45.25 (entry<=36.00 exit>=100.00)
2025-10-29 23:15:19,506 INFO Candle 2025-10-29 12:00:00 | close=1114.3800 RSI(live)=45.29 (entry<=36.00 exit>=100.00)
2025-10-29 23:15:24,948 INFO Candle 2025-10-29 12:00:00 | close=1114.3800 RSI(live)=45.29 (entry<=36.00 exit>=100.00)
2025-10-29 23:15:30,399 INFO Candle 2025-10-29 12:00:00 | close=1114.3800 RSI(live)=45.29 (entry<=36.00 exit>=100.00)
2025-10-29 23:15:35,769 INFO Candle 2025-10-29 12:00:00 | close=1114.3800 RSI(live)=45.29 (entry<=36.00 exit>=100.00)
2025-10-29 23:15:41,139 INFO Candle 2025-10-29 12:00:00 | close=1114.3800 RSI(live)=45.29 (entry<=36.00 exit>=100.00)
2025-10-29 23:15:46,466 INFO Candle 2025-10-29 12:00:00 | close=1114.3700 RSI(live)=45.28 (entry<=36.00 exit>=100.00)
2025-10-29 23:15:51,913 INFO Candle 2025-10-29 12:00:00 | close=1114.3600 RSI(live)=45.28 (entry<=36.00 exit>=100.00)
2025-10-29 23:15:57,324 INFO Candle 2025-10-29 12:00:00 | close=1114.3700 RSI(live)=45.28 (entry<=36.00 exit>=100.00)
2025-10-29 23:16:02,736 INFO Candle 2025-10-29 12:00:00 | close=1114.3700 RSI(live)=45.28 (entry<=36.00 exit>=100.00)
2025-10-29 23:16:08,122 INFO Candle 2025-10-29 12:00:00 | close=1114.3700 RSI(live)=45.28 (entry<=36.00 exit>=100.00)
2025-10-29 23:16:13,499 INFO Candle 2025-10-29 12:00:00 | close=1114.3600 RSI(live)=45.28 (entry<=36.00 exit>=100.00)
2025-10-29 23:16:19,129 INFO Candle 2025-10-29 12:00:00 | close=1114.4800 RSI(live)=45.33 (entry<=36.00 exit>=100.00)
2025-10-29 23:16:24,554 INFO Candle 2025-10-29 12:00:00 | close=1114.4800 RSI(live)=45.33 (entry<=36.00 exit>=100.00)
2025-10-29 23:16:29,980 INFO Candle 2025-10-29 12:00:00 | close=1114.5600 RSI(live)=45.37 (entry<=36.00 exit>=100.00)
2025-10-29 23:16:35,413 INFO Candle 2025-10-29 12:00:00 | close=1114.3700 RSI(live)=45.28 (entry<=36.00 exit>=100.00)
2025-10-29 23:16:40,834 INFO Candle 2025-10-29 12:00:00 | close=1114.2300 RSI(live)=45.22 (entry<=36.00 exit>=100.00)
2025-10-29 23:16:46,219 INFO Candle 2025-10-29 12:00:00 | close=1114.2000 RSI(live)=45.20 (entry<=36.00 exit>=100.00)
2025-10-29 23:16:51,804 INFO Candle 2025-10-29 12:00:00 | close=1114.1400 RSI(live)=45.17 (entry<=36.00 exit>=100.00)
2025-10-29 23:16:57,225 INFO Candle 2025-10-29 12:00:00 | close=1114.1400 RSI(live)=45.17 (entry<=36.00 exit>=100.00)
2025-10-29 23:17:02,580 INFO Candle 2025-10-29 12:00:00 | close=1114.1900 RSI(live)=45.20 (entry<=36.00 exit>=100.00)
2025-10-29 23:17:07,938 INFO Candle 2025-10-29 12:00:00 | close=1114.2000 RSI(live)=45.20 (entry<=36.00 exit>=100.00)
2025-10-29 23:17:13,312 INFO Candle 2025-10-29 12:00:00 | close=1114.2000 RSI(live)=45.20 (entry<=36.00 exit>=100.00)
2025-10-29 23:17:18,706 INFO Candle 2025-10-29 12:00:00 | close=1112.9000 RSI(live)=44.64 (entry<=36.00 exit>=100.00)
2025-10-29 23:17:24,250 INFO Candle 2025-10-29 12:00:00 | close=1112.8600 RSI(live)=44.63 (entry<=36.00 exit>=100.00)
2025-10-29 23:17:29,615 INFO Candle 2025-10-29 12:00:00 | close=1112.8700 RSI(live)=44.63 (entry<=36.00 exit>=100.00)
2025-10-29 23:17:34,945 INFO Candle 2025-10-29 12:00:00 | close=1112.8600 RSI(live)=44.63 (entry<=36.00 exit>=100.00)
2025-10-29 23:17:40,327 INFO Candle 2025-10-29 12:00:00 | close=1112.8500 RSI(live)=44.62 (entry<=36.00 exit>=100.00)
2025-10-29 23:17:45,715 INFO Candle 2025-10-29 12:00:00 | close=1112.8600 RSI(live)=44.63 (entry<=36.00 exit>=100.00)
2025-10-29 23:17:51,087 INFO Candle 2025-10-29 12:00:00 | close=1112.8600 RSI(live)=44.63 (entry<=36.00 exit>=100.00)
2025-10-29 23:17:56,543 INFO Candle 2025-10-29 12:00:00 | close=1112.8400 RSI(live)=44.62 (entry<=36.00 exit>=100.00)
2025-10-29 23:18:01,892 INFO Candle 2025-10-29 12:00:00 | close=1112.7500 RSI(live)=44.59 (entry<=36.00 exit>=100.00)
2025-10-29 23:18:07,181 INFO Candle 2025-10-29 12:00:00 | close=1112.7600 RSI(live)=44.59 (entry<=36.00 exit>=100.00)
2025-10-29 23:18:12,798 INFO Candle 2025-10-29 12:00:00 | close=1112.9200 RSI(live)=44.65 (entry<=36.00 exit>=100.00)
2025-10-29 23:18:18,223 INFO Candle 2025-10-29 12:00:00 | close=1113.0000 RSI(live)=44.68 (entry<=36.00 exit>=100.00)
2025-10-29 23:18:23,623 INFO Candle 2025-10-29 12:00:00 | close=1112.9100 RSI(live)=44.65 (entry<=36.00 exit>=100.00)
2025-10-29 23:18:28,943 INFO Candle 2025-10-29 12:00:00 | close=1112.8400 RSI(live)=44.62 (entry<=36.00 exit>=100.00)
2025-10-29 23:18:34,259 INFO Candle 2025-10-29 12:00:00 | close=1112.8400 RSI(live)=44.62 (entry<=36.00 exit>=100.00)
2025-10-29 23:18:39,625 INFO Candle 2025-10-29 12:00:00 | close=1112.9900 RSI(live)=44.68 (entry<=36.00 exit>=100.00)
2025-10-29 23:18:45,041 INFO Candle 2025-10-29 12:00:00 | close=1113.3600 RSI(live)=44.82 (entry<=36.00 exit>=100.00)
2025-10-29 23:18:50,340 INFO Candle 2025-10-29 12:00:00 | close=1113.2100 RSI(live)=44.77 (entry<=36.00 exit>=100.00)
2025-10-29 23:18:55,704 INFO Candle 2025-10-29 12:00:00 | close=1113.2200 RSI(live)=44.77 (entry<=36.00 exit>=100.00)
2025-10-29 23:19:01,224 INFO Candle 2025-10-29 12:00:00 | close=1113.2300 RSI(live)=44.77 (entry<=36.00 exit>=100.00)
2025-10-29 23:19:06,608 INFO Candle 2025-10-29 12:00:00 | close=1113.2300 RSI(live)=44.77 (entry<=36.00 exit>=100.00)
2025-10-29 23:19:12,056 INFO Candle 2025-10-29 12:00:00 | close=1113.2300 RSI(live)=44.77 (entry<=36.00 exit>=100.00)
2025-10-29 23:19:17,521 INFO Candle 2025-10-29 12:00:00 | close=1113.2100 RSI(live)=44.77 (entry<=36.00 exit>=100.00)
2025-10-29 23:19:22,891 INFO Candle 2025-10-29 12:00:00 | close=1113.0500 RSI(live)=44.70 (entry<=36.00 exit>=100.00)
2025-10-29 23:19:28,234 INFO Candle 2025-10-29 12:00:00 | close=1113.0300 RSI(live)=44.69 (entry<=36.00 exit>=100.00)
2025-10-29 23:25:10,217 INFO Loop error: ConnectionError: ('Connection aborted.', ConnectionResetError(10054, 'An existing connection was forcibly closed by the remote host', None, 10054, None))
2025-10-29 23:25:18,486 INFO Candle 2025-10-29 12:00:00 | close=1112.0900 RSI(live)=44.33 (entry<=36.00 exit>=100.00)
2025-10-29 23:25:18,622 INFO Heartbeat: BNBUSDT 4h running. Last RSI=44.33, price=1112.0900
2025-10-29 23:25:25,946 INFO Candle 2025-10-29 12:00:00 | close=1111.8200 RSI(live)=44.23 (entry<=36.00 exit>=100.00)
2025-10-29 23:25:31,374 INFO Candle 2025-10-29 12:00:00 | close=1111.8200 RSI(live)=44.23 (entry<=36.00 exit>=100.00)
2025-10-29 23:25:36,796 INFO Candle 2025-10-29 12:00:00 | close=1111.8200 RSI(live)=44.23 (entry<=36.00 exit>=100.00)
2025-10-29 23:25:42,168 INFO Candle 2025-10-29 12:00:00 | close=1111.8200 RSI(live)=44.23 (entry<=36.00 exit>=100.00)
2025-10-29 23:25:47,548 INFO Candle 2025-10-29 12:00:00 | close=1111.8200 RSI(live)=44.23 (entry<=36.00 exit>=100.00)
2025-10-29 23:25:53,097 INFO Candle 2025-10-29 12:00:00 | close=1111.8200 RSI(live)=44.23 (entry<=36.00 exit>=100.00)
2025-10-29 23:25:58,454 INFO Candle 2025-10-29 12:00:00 | close=1111.8200 RSI(live)=44.23 (entry<=36.00 exit>=100.00)
2025-10-29 23:26:03,785 INFO Candle 2025-10-29 12:00:00 | close=1111.6100 RSI(live)=44.15 (entry<=36.00 exit>=100.00)
2025-10-29 23:26:09,141 INFO Candle 2025-10-29 12:00:00 | close=1111.6100 RSI(live)=44.15 (entry<=36.00 exit>=100.00)
2025-10-29 23:26:14,586 INFO Candle 2025-10-29 12:00:00 | close=1111.6100 RSI(live)=44.15 (entry<=36.00 exit>=100.00)
2025-10-29 23:26:20,020 INFO Candle 2025-10-29 12:00:00 | close=1111.6200 RSI(live)=44.15 (entry<=36.00 exit>=100.00)
2025-10-29 23:26:25,397 INFO Candle 2025-10-29 12:00:00 | close=1111.6200 RSI(live)=44.15 (entry<=36.00 exit>=100.00)
2025-10-29 23:26:30,862 INFO Candle 2025-10-29 12:00:00 | close=1111.6600 RSI(live)=44.17 (entry<=36.00 exit>=100.00)
2025-10-29 23:26:36,252 INFO Candle 2025-10-29 12:00:00 | close=1111.6700 RSI(live)=44.17 (entry<=36.00 exit>=100.00)
2025-10-29 23:26:41,675 INFO Candle 2025-10-29 12:00:00 | close=1111.6700 RSI(live)=44.17 (entry<=36.00 exit>=100.00)
2025-10-29 23:26:47,028 INFO Candle 2025-10-29 12:00:00 | close=1111.6700 RSI(live)=44.17 (entry<=36.00 exit>=100.00)
2025-10-29 23:26:52,363 INFO Candle 2025-10-29 12:00:00 | close=1111.6700 RSI(live)=44.17 (entry<=36.00 exit>=100.00)
2025-10-29 23:26:57,796 INFO Candle 2025-10-29 12:00:00 | close=1111.6700 RSI(live)=44.17 (entry<=36.00 exit>=100.00)
2025-10-29 23:27:03,135 INFO Candle 2025-10-29 12:00:00 | close=1111.6700 RSI(live)=44.17 (entry<=36.00 exit>=100.00)
2025-10-29 23:27:08,645 INFO Candle 2025-10-29 12:00:00 | close=1111.7400 RSI(live)=44.20 (entry<=36.00 exit>=100.00)
2025-10-29 23:27:14,018 INFO Candle 2025-10-29 12:00:00 | close=1111.7200 RSI(live)=44.19 (entry<=36.00 exit>=100.00)
2025-10-29 23:27:19,332 INFO Candle 2025-10-29 12:00:00 | close=1111.7000 RSI(live)=44.18 (entry<=36.00 exit>=100.00)
2025-10-29 23:27:24,656 INFO Candle 2025-10-29 12:00:00 | close=1111.5400 RSI(live)=44.12 (entry<=36.00 exit>=100.00)
2025-10-29 23:27:30,019 INFO Candle 2025-10-29 12:00:00 | close=1111.5300 RSI(live)=44.12 (entry<=36.00 exit>=100.00)
2025-10-29 23:27:35,476 INFO Candle 2025-10-29 12:00:00 | close=1111.5300 RSI(live)=44.12 (entry<=36.00 exit>=100.00)
2025-10-29 23:27:40,908 INFO Candle 2025-10-29 12:00:00 | close=1111.5400 RSI(live)=44.12 (entry<=36.00 exit>=100.00)
2025-10-29 23:27:46,293 INFO Candle 2025-10-29 12:00:00 | close=1111.5400 RSI(live)=44.12 (entry<=36.00 exit>=100.00)
2025-10-29 23:27:51,653 INFO Candle 2025-10-29 12:00:00 | close=1111.5300 RSI(live)=44.12 (entry<=36.00 exit>=100.00)
2025-10-29 23:27:56,978 INFO Candle 2025-10-29 12:00:00 | close=1111.5300 RSI(live)=44.12 (entry<=36.00 exit>=100.00)
2025-10-29 23:28:02,397 INFO Candle 2025-10-29 12:00:00 | close=1111.5300 RSI(live)=44.12 (entry<=36.00 exit>=100.00)
2025-10-29 23:28:07,792 INFO Candle 2025-10-29 12:00:00 | close=1111.6400 RSI(live)=44.16 (entry<=36.00 exit>=100.00)
2025-10-29 23:28:13,249 INFO Candle 2025-10-29 12:00:00 | close=1111.7000 RSI(live)=44.18 (entry<=36.00 exit>=100.00)
2025-10-29 23:28:18,590 INFO Candle 2025-10-29 12:00:00 | close=1111.7400 RSI(live)=44.20 (entry<=36.00 exit>=100.00)
2025-10-29 23:28:23,978 INFO Candle 2025-10-29 12:00:00 | close=1111.7400 RSI(live)=44.20 (entry<=36.00 exit>=100.00)
2025-10-29 23:28:29,376 INFO Candle 2025-10-29 12:00:00 | close=1111.7400 RSI(live)=44.20 (entry<=36.00 exit>=100.00)
2025-10-29 23:28:34,764 INFO Candle 2025-10-29 12:00:00 | close=1111.6500 RSI(live)=44.16 (entry<=36.00 exit>=100.00)
2025-10-29 23:28:40,091 INFO Candle 2025-10-29 12:00:00 | close=1111.6500 RSI(live)=44.16 (entry<=36.00 exit>=100.00)
2025-10-29 23:28:45,474 INFO Candle 2025-10-29 12:00:00 | close=1111.6500 RSI(live)=44.16 (entry<=36.00 exit>=100.00)
2025-10-29 23:28:50,770 INFO Candle 2025-10-29 12:00:00 | close=1111.6100 RSI(live)=44.15 (entry<=36.00 exit>=100.00)
2025-10-29 23:28:56,183 INFO Candle 2025-10-29 12:00:00 | close=1111.6300 RSI(live)=44.16 (entry<=36.00 exit>=100.00)
2025-10-29 23:29:01,503 INFO Candle 2025-10-29 12:00:00 | close=1111.6600 RSI(live)=44.17 (entry<=36.00 exit>=100.00)
2025-10-29 23:29:06,862 INFO Candle 2025-10-29 12:00:00 | close=1111.6600 RSI(live)=44.17 (entry<=36.00 exit>=100.00)
2025-10-29 23:29:12,208 INFO Candle 2025-10-29 12:00:00 | close=1111.6600 RSI(live)=44.17 (entry<=36.00 exit>=100.00)
2025-10-29 23:29:17,550 INFO Candle 2025-10-29 12:00:00 | close=1111.6600 RSI(live)=44.17 (entry<=36.00 exit>=100.00)
2025-10-29 23:29:22,903 INFO Candle 2025-10-29 12:00:00 | close=1111.6600 RSI(live)=44.17 (entry<=36.00 exit>=100.00)
2025-10-29 23:29:28,335 INFO Candle 2025-10-29 12:00:00 | close=1111.6500 RSI(live)=44.16 (entry<=36.00 exit>=100.00)
2025-10-29 23:29:33,710 INFO Candle 2025-10-29 12:00:00 | close=1111.6600 RSI(live)=44.17 (entry<=36.00 exit>=100.00)
2025-10-29 23:29:39,078 INFO Candle 2025-10-29 12:00:00 | close=1111.6600 RSI(live)=44.17 (entry<=36.00 exit>=100.00)
2025-10-29 23:29:44,443 INFO Candle 2025-10-29 12:00:00 | close=1111.6600 RSI(live)=44.17 (entry<=36.00 exit>=100.00)
2025-10-29 23:29:49,773 INFO Candle 2025-10-29 12:00:00 | close=1111.6600 RSI(live)=44.17 (entry<=36.00 exit>=100.00)
2025-10-29 23:29:55,053 INFO Candle 2025-10-29 12:00:00 | close=1111.7000 RSI(live)=44.18 (entry<=36.00 exit>=100.00)
2025-10-29 23:30:00,474 INFO Candle 2025-10-29 12:00:00 | close=1111.7000 RSI(live)=44.18 (entry<=36.00 exit>=100.00)
2025-10-29 23:30:05,896 INFO Candle 2025-10-29 12:00:00 | close=1111.8200 RSI(live)=44.23 (entry<=36.00 exit>=100.00)
2025-10-29 23:30:11,338 INFO Candle 2025-10-29 12:00:00 | close=1111.9900 RSI(live)=44.29 (entry<=36.00 exit>=100.00)
2025-10-29 23:30:16,722 INFO Candle 2025-10-29 12:00:00 | close=1111.9800 RSI(live)=44.29 (entry<=36.00 exit>=100.00)
2025-10-29 23:30:22,074 INFO Candle 2025-10-29 12:00:00 | close=1111.9800 RSI(live)=44.29 (entry<=36.00 exit>=100.00)
2025-10-29 23:30:27,509 INFO Candle 2025-10-29 12:00:00 | close=1111.9500 RSI(live)=44.28 (entry<=36.00 exit>=100.00)
2025-10-29 23:30:32,953 INFO Candle 2025-10-29 12:00:00 | close=1111.8400 RSI(live)=44.24 (entry<=36.00 exit>=100.00)
2025-10-29 23:30:38,311 INFO Candle 2025-10-29 12:00:00 | close=1111.8400 RSI(live)=44.24 (entry<=36.00 exit>=100.00)
2025-10-29 23:30:43,766 INFO Candle 2025-10-29 12:00:00 | close=1111.8400 RSI(live)=44.24 (entry<=36.00 exit>=100.00)
2025-10-29 23:30:49,114 INFO Candle 2025-10-29 12:00:00 | close=1111.8400 RSI(live)=44.24 (entry<=36.00 exit>=100.00)
2025-10-29 23:30:54,554 INFO Candle 2025-10-29 12:00:00 | close=1111.8300 RSI(live)=44.23 (entry<=36.00 exit>=100.00)
2025-10-29 23:30:59,971 INFO Candle 2025-10-29 12:00:00 | close=1111.8400 RSI(live)=44.24 (entry<=36.00 exit>=100.00)
2025-10-29 23:31:05,342 INFO Candle 2025-10-29 12:00:00 | close=1111.9300 RSI(live)=44.27 (entry<=36.00 exit>=100.00)
2025-10-29 23:31:10,726 INFO Candle 2025-10-29 12:00:00 | close=1111.9300 RSI(live)=44.27 (entry<=36.00 exit>=100.00)
2025-10-29 23:31:16,159 INFO Candle 2025-10-29 12:00:00 | close=1111.9400 RSI(live)=44.27 (entry<=36.00 exit>=100.00)
2025-10-29 23:31:21,515 INFO Candle 2025-10-29 12:00:00 | close=1111.9000 RSI(live)=44.26 (entry<=36.00 exit>=100.00)
2025-10-29 23:31:26,832 INFO Candle 2025-10-29 12:00:00 | close=1111.8900 RSI(live)=44.26 (entry<=36.00 exit>=100.00)
2025-10-29 23:31:32,221 INFO Candle 2025-10-29 12:00:00 | close=1111.9000 RSI(live)=44.26 (entry<=36.00 exit>=100.00)
2025-10-29 23:31:37,653 INFO Candle 2025-10-29 12:00:00 | close=1111.9000 RSI(live)=44.26 (entry<=36.00 exit>=100.00)
2025-10-29 23:31:42,975 INFO Candle 2025-10-29 12:00:00 | close=1111.9000 RSI(live)=44.26 (entry<=36.00 exit>=100.00)
2025-10-29 23:31:48,259 INFO Candle 2025-10-29 12:00:00 | close=1111.9000 RSI(live)=44.26 (entry<=36.00 exit>=100.00)
2025-10-29 23:31:53,577 INFO Candle 2025-10-29 12:00:00 | close=1112.0000 RSI(live)=44.30 (entry<=36.00 exit>=100.00)
2025-10-29 23:31:58,974 INFO Candle 2025-10-29 12:00:00 | close=1112.6700 RSI(live)=44.56 (entry<=36.00 exit>=100.00)
2025-10-29 23:32:04,291 INFO Candle 2025-10-29 12:00:00 | close=1112.5000 RSI(live)=44.49 (entry<=36.00 exit>=100.00)
2025-10-29 23:32:09,661 INFO Candle 2025-10-29 12:00:00 | close=1112.3300 RSI(live)=44.42 (entry<=36.00 exit>=100.00)
2025-10-29 23:32:15,134 INFO Candle 2025-10-29 12:00:00 | close=1112.1700 RSI(live)=44.36 (entry<=36.00 exit>=100.00)
2025-10-29 23:32:20,475 INFO Candle 2025-10-29 12:00:00 | close=1112.0100 RSI(live)=44.30 (entry<=36.00 exit>=100.00)
2025-10-29 23:32:25,791 INFO Candle 2025-10-29 12:00:00 | close=1112.1200 RSI(live)=44.34 (entry<=36.00 exit>=100.00)
2025-10-29 23:32:31,118 INFO Candle 2025-10-29 12:00:00 | close=1112.1200 RSI(live)=44.34 (entry<=36.00 exit>=100.00)
2025-10-29 23:32:36,530 INFO Candle 2025-10-29 12:00:00 | close=1111.9700 RSI(live)=44.29 (entry<=36.00 exit>=100.00)
2025-10-29 23:32:41,902 INFO Candle 2025-10-29 12:00:00 | close=1111.9700 RSI(live)=44.29 (entry<=36.00 exit>=100.00)
2025-10-29 23:32:47,489 INFO Candle 2025-10-29 12:00:00 | close=1111.9700 RSI(live)=44.29 (entry<=36.00 exit>=100.00)
2025-10-29 23:32:52,882 INFO Candle 2025-10-29 12:00:00 | close=1111.9100 RSI(live)=44.26 (entry<=36.00 exit>=100.00)
2025-10-29 23:32:58,192 INFO Candle 2025-10-29 12:00:00 | close=1111.7500 RSI(live)=44.20 (entry<=36.00 exit>=100.00)
2025-10-29 23:33:03,612 INFO Candle 2025-10-29 12:00:00 | close=1111.7500 RSI(live)=44.20 (entry<=36.00 exit>=100.00)
2025-10-29 23:33:08,938 INFO Candle 2025-10-29 12:00:00 | close=1111.7500 RSI(live)=44.20 (entry<=36.00 exit>=100.00)
2025-10-29 23:33:14,319 INFO Candle 2025-10-29 12:00:00 | close=1111.8500 RSI(live)=44.24 (entry<=36.00 exit>=100.00)
2025-10-29 23:33:19,739 INFO Candle 2025-10-29 12:00:00 | close=1112.1300 RSI(live)=44.35 (entry<=36.00 exit>=100.00)
2025-10-29 23:33:25,173 INFO Candle 2025-10-29 12:00:00 | close=1112.1500 RSI(live)=44.35 (entry<=36.00 exit>=100.00)
2025-10-29 23:33:30,590 INFO Candle 2025-10-29 12:00:00 | close=1112.1400 RSI(live)=44.35 (entry<=36.00 exit>=100.00)
2025-10-29 23:33:35,894 INFO Candle 2025-10-29 12:00:00 | close=1111.9800 RSI(live)=44.29 (entry<=36.00 exit>=100.00)
2025-10-29 23:33:41,249 INFO Candle 2025-10-29 12:00:00 | close=1112.0400 RSI(live)=44.31 (entry<=36.00 exit>=100.00)
2025-10-29 23:33:46,611 INFO Candle 2025-10-29 12:00:00 | close=1112.1900 RSI(live)=44.37 (entry<=36.00 exit>=100.00)
2025-10-29 23:33:52,103 INFO Candle 2025-10-29 12:00:00 | close=1112.2000 RSI(live)=44.37 (entry<=36.00 exit>=100.00)
2025-10-29 23:33:57,545 INFO Candle 2025-10-29 12:00:00 | close=1112.1900 RSI(live)=44.37 (entry<=36.00 exit>=100.00)
2025-10-29 23:34:02,893 INFO Candle 2025-10-29 12:00:00 | close=1112.2000 RSI(live)=44.37 (entry<=36.00 exit>=100.00)
2025-10-29 23:34:08,302 INFO Candle 2025-10-29 12:00:00 | close=1112.2000 RSI(live)=44.37 (entry<=36.00 exit>=100.00)
2025-10-29 23:34:13,632 INFO Candle 2025-10-29 12:00:00 | close=1112.2000 RSI(live)=44.37 (entry<=36.00 exit>=100.00)
2025-10-29 23:34:18,930 INFO Candle 2025-10-29 12:00:00 | close=1112.2900 RSI(live)=44.41 (entry<=36.00 exit>=100.00)
2025-10-29 23:34:24,463 INFO Candle 2025-10-29 12:00:00 | close=1112.2000 RSI(live)=44.37 (entry<=36.00 exit>=100.00)
2025-10-29 23:34:29,775 INFO Candle 2025-10-29 12:00:00 | close=1112.2000 RSI(live)=44.37 (entry<=36.00 exit>=100.00)
2025-10-29 23:34:35,072 INFO Candle 2025-10-29 12:00:00 | close=1112.1900 RSI(live)=44.37 (entry<=36.00 exit>=100.00)
2025-10-29 23:34:40,639 INFO Candle 2025-10-29 12:00:00 | close=1112.1600 RSI(live)=44.36 (entry<=36.00 exit>=100.00)
2025-10-29 23:34:45,943 INFO Candle 2025-10-29 12:00:00 | close=1112.1600 RSI(live)=44.36 (entry<=36.00 exit>=100.00)
2025-10-29 23:34:51,301 INFO Candle 2025-10-29 12:00:00 | close=1112.3500 RSI(live)=44.43 (entry<=36.00 exit>=100.00)
2025-10-29 23:34:56,704 INFO Candle 2025-10-29 12:00:00 | close=1112.3400 RSI(live)=44.43 (entry<=36.00 exit>=100.00)
2025-10-29 23:35:02,150 INFO Candle 2025-10-29 12:00:00 | close=1112.3500 RSI(live)=44.43 (entry<=36.00 exit>=100.00)
2025-10-29 23:35:07,562 INFO Candle 2025-10-29 12:00:00 | close=1112.3500 RSI(live)=44.43 (entry<=36.00 exit>=100.00)
2025-10-29 23:35:12,995 INFO Candle 2025-10-29 12:00:00 | close=1112.4000 RSI(live)=44.45 (entry<=36.00 exit>=100.00)
2025-10-29 23:35:18,434 INFO Candle 2025-10-29 12:00:00 | close=1112.4000 RSI(live)=44.45 (entry<=36.00 exit>=100.00)
2025-10-29 23:35:23,859 INFO Candle 2025-10-29 12:00:00 | close=1112.5200 RSI(live)=44.50 (entry<=36.00 exit>=100.00)
2025-10-29 23:35:29,289 INFO Candle 2025-10-29 12:00:00 | close=1112.7200 RSI(live)=44.57 (entry<=36.00 exit>=100.00)
2025-10-29 23:35:34,714 INFO Candle 2025-10-29 12:00:00 | close=1112.8200 RSI(live)=44.61 (entry<=36.00 exit>=100.00)
2025-10-29 23:35:40,230 INFO Candle 2025-10-29 12:00:00 | close=1112.8200 RSI(live)=44.61 (entry<=36.00 exit>=100.00)
2025-10-29 23:35:45,665 INFO Candle 2025-10-29 12:00:00 | close=1112.8200 RSI(live)=44.61 (entry<=36.00 exit>=100.00)
2025-10-29 23:35:50,979 INFO Candle 2025-10-29 12:00:00 | close=1112.8200 RSI(live)=44.61 (entry<=36.00 exit>=100.00)
2025-10-29 23:35:56,292 INFO Candle 2025-10-29 12:00:00 | close=1112.8200 RSI(live)=44.61 (entry<=36.00 exit>=100.00)
2025-10-29 23:36:01,637 INFO Candle 2025-10-29 12:00:00 | close=1112.8100 RSI(live)=44.61 (entry<=36.00 exit>=100.00)
2025-10-29 23:36:07,020 INFO Candle 2025-10-29 12:00:00 | close=1112.8200 RSI(live)=44.61 (entry<=36.00 exit>=100.00)
2025-10-29 23:36:12,361 INFO Candle 2025-10-29 12:00:00 | close=1112.8200 RSI(live)=44.61 (entry<=36.00 exit>=100.00)
2025-10-29 23:36:17,732 INFO Candle 2025-10-29 12:00:00 | close=1112.8200 RSI(live)=44.61 (entry<=36.00 exit>=100.00)
2025-10-29 23:36:23,029 INFO Candle 2025-10-29 12:00:00 | close=1112.8100 RSI(live)=44.61 (entry<=36.00 exit>=100.00)
2025-10-29 23:36:28,336 INFO Candle 2025-10-29 12:00:00 | close=1112.8200 RSI(live)=44.61 (entry<=36.00 exit>=100.00)
2025-10-29 23:36:33,792 INFO Candle 2025-10-29 12:00:00 | close=1112.8200 RSI(live)=44.61 (entry<=36.00 exit>=100.00)
2025-10-29 23:36:39,325 INFO Candle 2025-10-29 12:00:00 | close=1112.8200 RSI(live)=44.61 (entry<=36.00 exit>=100.00)
2025-10-29 23:36:44,743 INFO Candle 2025-10-29 12:00:00 | close=1112.6900 RSI(live)=44.56 (entry<=36.00 exit>=100.00)
2025-10-29 23:36:50,098 INFO Candle 2025-10-29 12:00:00 | close=1112.1400 RSI(live)=44.35 (entry<=36.00 exit>=100.00)
2025-10-29 23:36:55,407 INFO Candle 2025-10-29 12:00:00 | close=1111.8400 RSI(live)=44.24 (entry<=36.00 exit>=100.00)
2025-10-29 23:37:00,683 INFO Candle 2025-10-29 12:00:00 | close=1111.8300 RSI(live)=44.23 (entry<=36.00 exit>=100.00)
2025-10-29 23:37:06,008 INFO Candle 2025-10-29 12:00:00 | close=1111.5800 RSI(live)=44.14 (entry<=36.00 exit>=100.00)
2025-10-29 23:37:11,301 INFO Candle 2025-10-29 12:00:00 | close=1111.5700 RSI(live)=44.13 (entry<=36.00 exit>=100.00)
2025-10-29 23:37:16,635 INFO Candle 2025-10-29 12:00:00 | close=1111.7300 RSI(live)=44.19 (entry<=36.00 exit>=100.00)
2025-10-29 23:37:21,944 INFO Candle 2025-10-29 12:00:00 | close=1111.9400 RSI(live)=44.27 (entry<=36.00 exit>=100.00)
2025-10-29 23:37:27,251 INFO Candle 2025-10-29 12:00:00 | close=1111.8000 RSI(live)=44.22 (entry<=36.00 exit>=100.00)
2025-10-29 23:37:32,590 INFO Candle 2025-10-29 12:00:00 | close=1111.6700 RSI(live)=44.17 (entry<=36.00 exit>=100.00)
2025-10-29 23:37:37,900 INFO Candle 2025-10-29 12:00:00 | close=1111.7500 RSI(live)=44.20 (entry<=36.00 exit>=100.00)
2025-10-29 23:37:43,424 INFO Candle 2025-10-29 12:00:00 | close=1111.6900 RSI(live)=44.18 (entry<=36.00 exit>=100.00)
2025-10-29 23:37:48,770 INFO Candle 2025-10-29 12:00:00 | close=1111.5700 RSI(live)=44.13 (entry<=36.00 exit>=100.00)
2025-10-29 23:37:54,179 INFO Candle 2025-10-29 12:00:00 | close=1111.4400 RSI(live)=44.08 (entry<=36.00 exit>=100.00)
2025-10-29 23:37:59,575 INFO Candle 2025-10-29 12:00:00 | close=1111.4500 RSI(live)=44.09 (entry<=36.00 exit>=100.00)
2025-10-29 23:38:04,933 INFO Candle 2025-10-29 12:00:00 | close=1111.3300 RSI(live)=44.04 (entry<=36.00 exit>=100.00)
2025-10-29 23:38:10,273 INFO Candle 2025-10-29 12:00:00 | close=1111.3300 RSI(live)=44.04 (entry<=36.00 exit>=100.00)
2025-10-29 23:38:15,695 INFO Candle 2025-10-29 12:00:00 | close=1111.3300 RSI(live)=44.04 (entry<=36.00 exit>=100.00)
2025-10-29 23:38:21,027 INFO Candle 2025-10-29 12:00:00 | close=1111.4400 RSI(live)=44.08 (entry<=36.00 exit>=100.00)
2025-10-29 23:38:26,449 INFO Candle 2025-10-29 12:00:00 | close=1111.4400 RSI(live)=44.08 (entry<=36.00 exit>=100.00)
2025-10-29 23:38:31,866 INFO Candle 2025-10-29 12:00:00 | close=1111.4400 RSI(live)=44.08 (entry<=36.00 exit>=100.00)
2025-10-29 23:38:37,253 INFO Candle 2025-10-29 12:00:00 | close=1111.4400 RSI(live)=44.08 (entry<=36.00 exit>=100.00)
2025-10-29 23:38:42,617 INFO Candle 2025-10-29 12:00:00 | close=1111.8200 RSI(live)=44.23 (entry<=36.00 exit>=100.00)
2025-10-29 23:38:47,943 INFO Candle 2025-10-29 12:00:00 | close=1112.0400 RSI(live)=44.31 (entry<=36.00 exit>=100.00)
2025-10-29 23:38:53,366 INFO Candle 2025-10-29 12:00:00 | close=1112.1600 RSI(live)=44.36 (entry<=36.00 exit>=100.00)
2025-10-29 23:38:58,804 INFO Candle 2025-10-29 12:00:00 | close=1111.9200 RSI(live)=44.27 (entry<=36.00 exit>=100.00)
2025-10-29 23:39:04,222 INFO Candle 2025-10-29 12:00:00 | close=1111.8700 RSI(live)=44.25 (entry<=36.00 exit>=100.00)
2025-10-29 23:39:09,646 INFO Candle 2025-10-29 12:00:00 | close=1111.8700 RSI(live)=44.25 (entry<=36.00 exit>=100.00)
2025-10-29 23:39:14,987 INFO Candle 2025-10-29 12:00:00 | close=1111.8900 RSI(live)=44.26 (entry<=36.00 exit>=100.00)
2025-10-29 23:39:20,338 INFO Candle 2025-10-29 12:00:00 | close=1111.8900 RSI(live)=44.26 (entry<=36.00 exit>=100.00)
2025-10-29 23:39:25,679 INFO Candle 2025-10-29 12:00:00 | close=1111.8900 RSI(live)=44.26 (entry<=36.00 exit>=100.00)
2025-10-29 23:39:31,162 INFO Candle 2025-10-29 12:00:00 | close=1112.0000 RSI(live)=44.30 (entry<=36.00 exit>=100.00)
2025-10-29 23:39:36,797 INFO Candle 2025-10-29 12:00:00 | close=1112.3100 RSI(live)=44.42 (entry<=36.00 exit>=100.00)
2025-10-29 23:39:42,170 INFO Candle 2025-10-29 12:00:00 | close=1112.1900 RSI(live)=44.37 (entry<=36.00 exit>=100.00)
2025-10-29 23:39:47,630 INFO Candle 2025-10-29 12:00:00 | close=1112.1900 RSI(live)=44.37 (entry<=36.00 exit>=100.00)
2025-10-29 23:39:53,062 INFO Candle 2025-10-29 12:00:00 | close=1112.1900 RSI(live)=44.37 (entry<=36.00 exit>=100.00)
2025-10-29 23:39:58,490 INFO Candle 2025-10-29 12:00:00 | close=1112.3300 RSI(live)=44.42 (entry<=36.00 exit>=100.00)
2025-10-29 23:40:04,073 INFO Candle 2025-10-29 12:00:00 | close=1112.3600 RSI(live)=44.44 (entry<=36.00 exit>=100.00)
2025-10-29 23:40:09,568 INFO Candle 2025-10-29 12:00:00 | close=1112.3600 RSI(live)=44.44 (entry<=36.00 exit>=100.00)
2025-10-29 23:40:14,933 INFO Candle 2025-10-29 12:00:00 | close=1112.3600 RSI(live)=44.44 (entry<=36.00 exit>=100.00)
2025-10-29 23:40:20,298 INFO Candle 2025-10-29 12:00:00 | close=1112.3600 RSI(live)=44.44 (entry<=36.00 exit>=100.00)
2025-10-29 23:40:25,693 INFO Candle 2025-10-29 12:00:00 | close=1112.3500 RSI(live)=44.43 (entry<=36.00 exit>=100.00)
2025-10-29 23:40:31,470 INFO Candle 2025-10-29 12:00:00 | close=1112.2700 RSI(live)=44.40 (entry<=36.00 exit>=100.00)
2025-10-29 23:40:36,880 INFO Candle 2025-10-29 12:00:00 | close=1112.2700 RSI(live)=44.40 (entry<=36.00 exit>=100.00)
2025-10-29 23:40:42,626 INFO Candle 2025-10-29 12:00:00 | close=1112.2700 RSI(live)=44.40 (entry<=36.00 exit>=100.00)
2025-10-29 23:40:47,985 INFO Candle 2025-10-29 12:00:00 | close=1112.2700 RSI(live)=44.40 (entry<=36.00 exit>=100.00)
2025-10-29 23:40:53,372 INFO Candle 2025-10-29 12:00:00 | close=1112.2600 RSI(live)=44.40 (entry<=36.00 exit>=100.00)
2025-10-29 23:40:58,813 INFO Candle 2025-10-29 12:00:00 | close=1112.3700 RSI(live)=44.44 (entry<=36.00 exit>=100.00)
2025-10-29 23:41:04,135 INFO Candle 2025-10-29 12:00:00 | close=1112.3800 RSI(live)=44.44 (entry<=36.00 exit>=100.00)
2025-10-29 23:41:09,525 INFO Candle 2025-10-29 12:00:00 | close=1112.5600 RSI(live)=44.51 (entry<=36.00 exit>=100.00)
2025-10-29 23:41:14,933 INFO Candle 2025-10-29 12:00:00 | close=1112.5700 RSI(live)=44.52 (entry<=36.00 exit>=100.00)
2025-10-29 23:41:20,256 INFO Candle 2025-10-29 12:00:00 | close=1112.6900 RSI(live)=44.56 (entry<=36.00 exit>=100.00)
2025-10-29 23:41:25,569 INFO Candle 2025-10-29 12:00:00 | close=1112.6900 RSI(live)=44.56 (entry<=36.00 exit>=100.00)
2025-10-29 23:41:30,896 INFO Candle 2025-10-29 12:00:00 | close=1112.6900 RSI(live)=44.56 (entry<=36.00 exit>=100.00)
2025-10-29 23:41:36,291 INFO Candle 2025-10-29 12:00:00 | close=1112.6900 RSI(live)=44.56 (entry<=36.00 exit>=100.00)
2025-10-29 23:41:41,715 INFO Candle 2025-10-29 12:00:00 | close=1112.3900 RSI(live)=44.45 (entry<=36.00 exit>=100.00)
2025-10-29 23:41:47,067 INFO Candle 2025-10-29 12:00:00 | close=1112.5700 RSI(live)=44.52 (entry<=36.00 exit>=100.00)
2025-10-29 23:41:52,375 INFO Candle 2025-10-29 12:00:00 | close=1112.5700 RSI(live)=44.52 (entry<=36.00 exit>=100.00)
2025-10-29 23:41:57,679 INFO Candle 2025-10-29 12:00:00 | close=1112.5700 RSI(live)=44.52 (entry<=36.00 exit>=100.00)
2025-10-29 23:42:02,973 INFO Candle 2025-10-29 12:00:00 | close=1112.5500 RSI(live)=44.51 (entry<=36.00 exit>=100.00)
2025-10-29 23:42:08,284 INFO Candle 2025-10-29 12:00:00 | close=1112.6700 RSI(live)=44.56 (entry<=36.00 exit>=100.00)
2025-10-29 23:42:13,561 INFO Candle 2025-10-29 12:00:00 | close=1112.7200 RSI(live)=44.57 (entry<=36.00 exit>=100.00)
2025-10-29 23:42:18,854 INFO Candle 2025-10-29 12:00:00 | close=1112.7300 RSI(live)=44.58 (entry<=36.00 exit>=100.00)
2025-10-29 23:42:24,124 INFO Candle 2025-10-29 12:00:00 | close=1112.7200 RSI(live)=44.57 (entry<=36.00 exit>=100.00)
2025-10-29 23:42:29,445 INFO Candle 2025-10-29 12:00:00 | close=1112.7300 RSI(live)=44.58 (entry<=36.00 exit>=100.00)
2025-10-29 23:42:34,849 INFO Candle 2025-10-29 12:00:00 | close=1112.9000 RSI(live)=44.64 (entry<=36.00 exit>=100.00)
2025-10-29 23:42:40,275 INFO Candle 2025-10-29 12:00:00 | close=1112.9100 RSI(live)=44.65 (entry<=36.00 exit>=100.00)
2025-10-29 23:42:45,699 INFO Candle 2025-10-29 12:00:00 | close=1112.8200 RSI(live)=44.61 (entry<=36.00 exit>=100.00)
2025-10-29 23:42:51,128 INFO Candle 2025-10-29 12:00:00 | close=1112.8100 RSI(live)=44.61 (entry<=36.00 exit>=100.00)
2025-10-29 23:42:56,560 INFO Candle 2025-10-29 12:00:00 | close=1112.8200 RSI(live)=44.61 (entry<=36.00 exit>=100.00)
2025-10-29 23:43:01,943 INFO Candle 2025-10-29 12:00:00 | close=1112.6100 RSI(live)=44.53 (entry<=36.00 exit>=100.00)
2025-10-29 23:43:07,374 INFO Candle 2025-10-29 12:00:00 | close=1112.3300 RSI(live)=44.42 (entry<=36.00 exit>=100.00)
2025-10-29 23:43:12,748 INFO Candle 2025-10-29 12:00:00 | close=1112.3200 RSI(live)=44.42 (entry<=36.00 exit>=100.00)
2025-10-29 23:43:18,133 INFO Candle 2025-10-29 12:00:00 | close=1112.2800 RSI(live)=44.40 (entry<=36.00 exit>=100.00)
2025-10-29 23:43:23,547 INFO Candle 2025-10-29 12:00:00 | close=1112.2800 RSI(live)=44.40 (entry<=36.00 exit>=100.00)
2025-10-29 23:43:29,026 INFO Candle 2025-10-29 12:00:00 | close=1112.2700 RSI(live)=44.40 (entry<=36.00 exit>=100.00)
2025-10-29 23:43:34,381 INFO Candle 2025-10-29 12:00:00 | close=1112.2700 RSI(live)=44.40 (entry<=36.00 exit>=100.00)
2025-10-29 23:43:39,688 INFO Candle 2025-10-29 12:00:00 | close=1112.2700 RSI(live)=44.40 (entry<=36.00 exit>=100.00)
2025-10-29 23:43:45,096 INFO Candle 2025-10-29 12:00:00 | close=1112.4800 RSI(live)=44.48 (entry<=36.00 exit>=100.00)
2025-10-29 23:43:50,510 INFO Candle 2025-10-29 12:00:00 | close=1112.4900 RSI(live)=44.49 (entry<=36.00 exit>=100.00)
2025-10-29 23:43:55,894 INFO Candle 2025-10-29 12:00:00 | close=1112.7300 RSI(live)=44.58 (entry<=36.00 exit>=100.00)
2025-10-29 23:44:01,292 INFO Candle 2025-10-29 12:00:00 | close=1112.8500 RSI(live)=44.62 (entry<=36.00 exit>=100.00)
2025-10-29 23:44:06,585 INFO Candle 2025-10-29 12:00:00 | close=1112.8900 RSI(live)=44.64 (entry<=36.00 exit>=100.00)
2025-10-29 23:44:11,928 INFO Candle 2025-10-29 12:00:00 | close=1112.9000 RSI(live)=44.64 (entry<=36.00 exit>=100.00)
2025-10-29 23:44:17,255 INFO Candle 2025-10-29 12:00:00 | close=1112.9000 RSI(live)=44.64 (entry<=36.00 exit>=100.00)
2025-10-29 23:44:22,578 INFO Candle 2025-10-29 12:00:00 | close=1112.9000 RSI(live)=44.64 (entry<=36.00 exit>=100.00)
2025-10-29 23:44:27,960 INFO Candle 2025-10-29 12:00:00 | close=1112.9000 RSI(live)=44.64 (entry<=36.00 exit>=100.00)
2025-10-29 23:44:33,431 INFO Candle 2025-10-29 12:00:00 | close=1112.8900 RSI(live)=44.64 (entry<=36.00 exit>=100.00)
2025-10-29 23:44:38,863 INFO Candle 2025-10-29 12:00:00 | close=1112.9000 RSI(live)=44.64 (entry<=36.00 exit>=100.00)
2025-10-29 23:44:44,281 INFO Candle 2025-10-29 12:00:00 | close=1112.9000 RSI(live)=44.64 (entry<=36.00 exit>=100.00)
2025-10-29 23:44:49,709 INFO Candle 2025-10-29 12:00:00 | close=1112.9000 RSI(live)=44.64 (entry<=36.00 exit>=100.00)
2025-10-29 23:44:55,086 INFO Candle 2025-10-29 12:00:00 | close=1112.9000 RSI(live)=44.64 (entry<=36.00 exit>=100.00)
2025-10-29 23:45:00,458 INFO Candle 2025-10-29 12:00:00 | close=1112.8900 RSI(live)=44.64 (entry<=36.00 exit>=100.00)
2025-10-29 23:45:05,776 INFO Candle 2025-10-29 12:00:00 | close=1112.9000 RSI(live)=44.64 (entry<=36.00 exit>=100.00)
2025-10-29 23:45:11,089 INFO Candle 2025-10-29 12:00:00 | close=1112.8900 RSI(live)=44.64 (entry<=36.00 exit>=100.00)
2025-10-29 23:45:16,431 INFO Candle 2025-10-29 12:00:00 | close=1113.0000 RSI(live)=44.68 (entry<=36.00 exit>=100.00)
2025-10-29 23:45:21,870 INFO Candle 2025-10-29 12:00:00 | close=1113.0000 RSI(live)=44.68 (entry<=36.00 exit>=100.00)
2025-10-29 23:45:27,293 INFO Candle 2025-10-29 12:00:00 | close=1113.0000 RSI(live)=44.68 (entry<=36.00 exit>=100.00)
2025-10-29 23:45:32,687 INFO Candle 2025-10-29 12:00:00 | close=1112.9300 RSI(live)=44.66 (entry<=36.00 exit>=100.00)
2025-10-29 23:45:38,099 INFO Candle 2025-10-29 12:00:00 | close=1112.6700 RSI(live)=44.56 (entry<=36.00 exit>=100.00)
2025-10-29 23:45:43,469 INFO Candle 2025-10-29 12:00:00 | close=1112.6500 RSI(live)=44.55 (entry<=36.00 exit>=100.00)
2025-10-29 23:45:48,810 INFO Candle 2025-10-29 12:00:00 | close=1112.6600 RSI(live)=44.55 (entry<=36.00 exit>=100.00)
2025-10-29 23:45:54,100 INFO Candle 2025-10-29 12:00:00 | close=1112.6600 RSI(live)=44.55 (entry<=36.00 exit>=100.00)
2025-10-29 23:45:59,420 INFO Candle 2025-10-29 12:00:00 | close=1112.9000 RSI(live)=44.64 (entry<=36.00 exit>=100.00)
2025-10-29 23:46:04,871 INFO Candle 2025-10-29 12:00:00 | close=1113.0300 RSI(live)=44.69 (entry<=36.00 exit>=100.00)
2025-10-29 23:46:10,230 INFO Candle 2025-10-29 12:00:00 | close=1113.0300 RSI(live)=44.69 (entry<=36.00 exit>=100.00)
2025-10-29 23:46:15,579 INFO Candle 2025-10-29 12:00:00 | close=1113.0400 RSI(live)=44.70 (entry<=36.00 exit>=100.00)
2025-10-29 23:46:20,946 INFO Candle 2025-10-29 12:00:00 | close=1113.2100 RSI(live)=44.77 (entry<=36.00 exit>=100.00)
2025-10-29 23:46:26,373 INFO Candle 2025-10-29 12:00:00 | close=1113.1700 RSI(live)=44.75 (entry<=36.00 exit>=100.00)
2025-10-29 23:46:31,723 INFO Candle 2025-10-29 12:00:00 | close=1113.1800 RSI(live)=44.75 (entry<=36.00 exit>=100.00)
2025-10-29 23:46:37,079 INFO Candle 2025-10-29 12:00:00 | close=1113.0200 RSI(live)=44.69 (entry<=36.00 exit>=100.00)
2025-10-29 23:46:42,410 INFO Candle 2025-10-29 12:00:00 | close=1112.5900 RSI(live)=44.52 (entry<=36.00 exit>=100.00)
2025-10-29 23:46:47,734 INFO Candle 2025-10-29 12:00:00 | close=1112.4900 RSI(live)=44.49 (entry<=36.00 exit>=100.00)
2025-10-29 23:46:53,058 INFO Candle 2025-10-29 12:00:00 | close=1112.4900 RSI(live)=44.49 (entry<=36.00 exit>=100.00)
2025-10-29 23:46:58,390 INFO Candle 2025-10-29 12:00:00 | close=1112.5000 RSI(live)=44.49 (entry<=36.00 exit>=100.00)
2025-10-29 23:47:03,729 INFO Candle 2025-10-29 12:00:00 | close=1112.4900 RSI(live)=44.49 (entry<=36.00 exit>=100.00)
2025-10-29 23:47:09,082 INFO Candle 2025-10-29 12:00:00 | close=1112.5000 RSI(live)=44.49 (entry<=36.00 exit>=100.00)
2025-10-29 23:47:14,505 INFO Candle 2025-10-29 12:00:00 | close=1112.5000 RSI(live)=44.49 (entry<=36.00 exit>=100.00)
2025-10-29 23:47:19,905 INFO Candle 2025-10-29 12:00:00 | close=1112.5000 RSI(live)=44.49 (entry<=36.00 exit>=100.00)
2025-10-29 23:47:25,255 INFO Candle 2025-10-29 12:00:00 | close=1112.4900 RSI(live)=44.49 (entry<=36.00 exit>=100.00)
2025-10-29 23:47:30,688 INFO Candle 2025-10-29 12:00:00 | close=1112.5000 RSI(live)=44.49 (entry<=36.00 exit>=100.00)
2025-10-29 23:47:36,045 INFO Candle 2025-10-29 12:00:00 | close=1112.4900 RSI(live)=44.49 (entry<=36.00 exit>=100.00)
2025-10-29 23:47:41,526 INFO Candle 2025-10-29 12:00:00 | close=1112.5000 RSI(live)=44.49 (entry<=36.00 exit>=100.00)
2025-10-29 23:47:46,919 INFO Candle 2025-10-29 12:00:00 | close=1112.4500 RSI(live)=44.47 (entry<=36.00 exit>=100.00)
2025-10-29 23:47:52,250 INFO Candle 2025-10-29 12:00:00 | close=1112.4400 RSI(live)=44.47 (entry<=36.00 exit>=100.00)
2025-10-29 23:47:57,573 INFO Candle 2025-10-29 12:00:00 | close=1112.4400 RSI(live)=44.47 (entry<=36.00 exit>=100.00)
2025-10-29 23:48:02,936 INFO Candle 2025-10-29 12:00:00 | close=1112.7400 RSI(live)=44.58 (entry<=36.00 exit>=100.00)
2025-10-29 23:48:08,252 INFO Candle 2025-10-29 12:00:00 | close=1112.6600 RSI(live)=44.55 (entry<=36.00 exit>=100.00)
2025-10-29 23:48:13,589 INFO Candle 2025-10-29 12:00:00 | close=1112.5700 RSI(live)=44.52 (entry<=36.00 exit>=100.00)
2025-10-29 23:48:18,947 INFO Candle 2025-10-29 12:00:00 | close=1112.5600 RSI(live)=44.51 (entry<=36.00 exit>=100.00)
2025-10-29 23:48:24,251 INFO Candle 2025-10-29 12:00:00 | close=1112.5500 RSI(live)=44.51 (entry<=36.00 exit>=100.00)
2025-10-29 23:48:29,840 INFO Candle 2025-10-29 12:00:00 | close=1112.4200 RSI(live)=44.46 (entry<=36.00 exit>=100.00)
2025-10-29 23:48:35,155 INFO Candle 2025-10-29 12:00:00 | close=1112.4000 RSI(live)=44.45 (entry<=36.00 exit>=100.00)
2025-10-29 23:48:40,450 INFO Candle 2025-10-29 12:00:00 | close=1112.3900 RSI(live)=44.45 (entry<=36.00 exit>=100.00)
2025-10-29 23:48:45,790 INFO Candle 2025-10-29 12:00:00 | close=1112.4900 RSI(live)=44.49 (entry<=36.00 exit>=100.00)
2025-10-29 23:48:51,089 INFO Candle 2025-10-29 12:00:00 | close=1112.6200 RSI(live)=44.54 (entry<=36.00 exit>=100.00)
2025-10-29 23:48:56,650 INFO Candle 2025-10-29 12:00:00 | close=1112.7800 RSI(live)=44.60 (entry<=36.00 exit>=100.00)
2025-10-29 23:49:02,026 INFO Candle 2025-10-29 12:00:00 | close=1112.9900 RSI(live)=44.68 (entry<=36.00 exit>=100.00)
2025-10-29 23:49:07,405 INFO Candle 2025-10-29 12:00:00 | close=1112.9800 RSI(live)=44.68 (entry<=36.00 exit>=100.00)
2025-10-29 23:49:12,723 INFO Candle 2025-10-29 12:00:00 | close=1112.9800 RSI(live)=44.68 (entry<=36.00 exit>=100.00)
2025-10-29 23:49:18,104 INFO Candle 2025-10-29 12:00:00 | close=1112.9900 RSI(live)=44.68 (entry<=36.00 exit>=100.00)
2025-10-29 23:49:23,488 INFO Candle 2025-10-29 12:00:00 | close=1112.9700 RSI(live)=44.67 (entry<=36.00 exit>=100.00)
2025-10-29 23:49:28,845 INFO Candle 2025-10-29 12:00:00 | close=1112.9200 RSI(live)=44.65 (entry<=36.00 exit>=100.00)
2025-10-29 23:49:34,283 INFO Candle 2025-10-29 12:00:00 | close=1112.9200 RSI(live)=44.65 (entry<=36.00 exit>=100.00)
2025-10-29 23:49:39,612 INFO Candle 2025-10-29 12:00:00 | close=1112.9200 RSI(live)=44.65 (entry<=36.00 exit>=100.00)
2025-10-29 23:49:45,023 INFO Candle 2025-10-29 12:00:00 | close=1112.9900 RSI(live)=44.68 (entry<=36.00 exit>=100.00)
2025-10-29 23:49:50,381 INFO Candle 2025-10-29 12:00:00 | close=1112.9900 RSI(live)=44.68 (entry<=36.00 exit>=100.00)
2025-10-29 23:49:55,788 INFO Candle 2025-10-29 12:00:00 | close=1113.2100 RSI(live)=44.77 (entry<=36.00 exit>=100.00)
2025-10-29 23:50:01,300 INFO Candle 2025-10-29 12:00:00 | close=1113.4800 RSI(live)=44.87 (entry<=36.00 exit>=100.00)
2025-10-29 23:50:06,622 INFO Candle 2025-10-29 12:00:00 | close=1113.8300 RSI(live)=45.02 (entry<=36.00 exit>=100.00)
2025-10-29 23:50:11,971 INFO Candle 2025-10-29 12:00:00 | close=1113.9500 RSI(live)=45.08 (entry<=36.00 exit>=100.00)
2025-10-29 23:50:17,304 INFO Candle 2025-10-29 12:00:00 | close=1113.8700 RSI(live)=45.04 (entry<=36.00 exit>=100.00)
2025-10-29 23:50:22,666 INFO Candle 2025-10-29 12:00:00 | close=1113.8600 RSI(live)=45.04 (entry<=36.00 exit>=100.00)
2025-10-29 23:50:28,067 INFO Candle 2025-10-29 12:00:00 | close=1113.8600 RSI(live)=45.04 (entry<=36.00 exit>=100.00)
2025-10-29 23:50:33,369 INFO Candle 2025-10-29 12:00:00 | close=1113.8700 RSI(live)=45.04 (entry<=36.00 exit>=100.00)
2025-10-29 23:50:38,722 INFO Candle 2025-10-29 12:00:00 | close=1113.8600 RSI(live)=45.04 (entry<=36.00 exit>=100.00)
2025-10-29 23:50:44,123 INFO Candle 2025-10-29 12:00:00 | close=1113.8100 RSI(live)=45.01 (entry<=36.00 exit>=100.00)
2025-10-29 23:50:49,448 INFO Candle 2025-10-29 12:00:00 | close=1113.6800 RSI(live)=44.95 (entry<=36.00 exit>=100.00)
2025-10-29 23:50:54,772 INFO Candle 2025-10-29 12:00:00 | close=1113.7900 RSI(live)=45.00 (entry<=36.00 exit>=100.00)
2025-10-29 23:51:00,141 INFO Candle 2025-10-29 12:00:00 | close=1113.7900 RSI(live)=45.00 (entry<=36.00 exit>=100.00)
2025-10-29 23:51:05,624 INFO Candle 2025-10-29 12:00:00 | close=1113.9500 RSI(live)=45.08 (entry<=36.00 exit>=100.00)
2025-10-29 23:51:10,945 INFO Candle 2025-10-29 12:00:00 | close=1114.0500 RSI(live)=45.13 (entry<=36.00 exit>=100.00)
2025-10-29 23:51:16,273 INFO Candle 2025-10-29 12:00:00 | close=1114.2300 RSI(live)=45.22 (entry<=36.00 exit>=100.00)
2025-10-29 23:51:21,705 INFO Candle 2025-10-29 12:00:00 | close=1114.4200 RSI(live)=45.31 (entry<=36.00 exit>=100.00)
2025-10-29 23:51:27,043 INFO Candle 2025-10-29 12:00:00 | close=1114.4100 RSI(live)=45.30 (entry<=36.00 exit>=100.00)
2025-10-29 23:51:32,447 INFO Candle 2025-10-29 12:00:00 | close=1114.4200 RSI(live)=45.31 (entry<=36.00 exit>=100.00)
2025-10-29 23:51:37,893 INFO Candle 2025-10-29 12:00:00 | close=1114.2600 RSI(live)=45.23 (entry<=36.00 exit>=100.00)
2025-10-29 23:51:43,304 INFO Candle 2025-10-29 12:00:00 | close=1114.4500 RSI(live)=45.32 (entry<=36.00 exit>=100.00)
2025-10-29 23:51:48,686 INFO Candle 2025-10-29 12:00:00 | close=1114.4500 RSI(live)=45.32 (entry<=36.00 exit>=100.00)
2025-10-29 23:51:54,110 INFO Candle 2025-10-29 12:00:00 | close=1114.4600 RSI(live)=45.32 (entry<=36.00 exit>=100.00)
2025-10-29 23:51:59,560 INFO Candle 2025-10-29 12:00:00 | close=1114.4600 RSI(live)=45.32 (entry<=36.00 exit>=100.00)
2025-10-29 23:52:04,982 INFO Candle 2025-10-29 12:00:00 | close=1114.5100 RSI(live)=45.35 (entry<=36.00 exit>=100.00)
2025-10-29 23:52:10,345 INFO Candle 2025-10-29 12:00:00 | close=1114.5000 RSI(live)=45.34 (entry<=36.00 exit>=100.00)
2025-10-29 23:52:15,733 INFO Candle 2025-10-29 12:00:00 | close=1114.8500 RSI(live)=45.51 (entry<=36.00 exit>=100.00)
2025-10-29 23:52:21,093 INFO Candle 2025-10-29 12:00:00 | close=1114.8600 RSI(live)=45.51 (entry<=36.00 exit>=100.00)
2025-10-29 23:52:26,431 INFO Candle 2025-10-29 12:00:00 | close=1114.9300 RSI(live)=45.55 (entry<=36.00 exit>=100.00)
2025-10-29 23:52:31,719 INFO Candle 2025-10-29 12:00:00 | close=1115.1700 RSI(live)=45.66 (entry<=36.00 exit>=100.00)
2025-10-29 23:52:37,272 INFO Candle 2025-10-29 12:00:00 | close=1115.2100 RSI(live)=45.68 (entry<=36.00 exit>=100.00)
2025-10-29 23:52:42,795 INFO Candle 2025-10-29 12:00:00 | close=1115.5300 RSI(live)=45.83 (entry<=36.00 exit>=100.00)
2025-10-29 23:52:48,168 INFO Candle 2025-10-29 12:00:00 | close=1115.5300 RSI(live)=45.83 (entry<=36.00 exit>=100.00)
2025-10-29 23:52:53,552 INFO Candle 2025-10-29 12:00:00 | close=1115.5500 RSI(live)=45.84 (entry<=36.00 exit>=100.00)
2025-10-29 23:52:58,879 INFO Candle 2025-10-29 12:00:00 | close=1115.5400 RSI(live)=45.83 (entry<=36.00 exit>=100.00)
2025-10-29 23:53:04,408 INFO Candle 2025-10-29 12:00:00 | close=1115.5500 RSI(live)=45.84 (entry<=36.00 exit>=100.00)
2025-10-29 23:53:09,833 INFO Candle 2025-10-29 12:00:00 | close=1115.5500 RSI(live)=45.84 (entry<=36.00 exit>=100.00)
2025-10-29 23:53:15,333 INFO Candle 2025-10-29 12:00:00 | close=1115.5400 RSI(live)=45.83 (entry<=36.00 exit>=100.00)
2025-10-29 23:53:20,808 INFO Candle 2025-10-29 12:00:00 | close=1115.5300 RSI(live)=45.83 (entry<=36.00 exit>=100.00)
2025-10-29 23:53:26,128 INFO Candle 2025-10-29 12:00:00 | close=1115.5400 RSI(live)=45.83 (entry<=36.00 exit>=100.00)
2025-10-29 23:53:31,509 INFO Candle 2025-10-29 12:00:00 | close=1115.5000 RSI(live)=45.81 (entry<=36.00 exit>=100.00)
2025-10-29 23:53:36,848 INFO Candle 2025-10-29 12:00:00 | close=1115.5100 RSI(live)=45.82 (entry<=36.00 exit>=100.00)
2025-10-29 23:53:42,244 INFO Candle 2025-10-29 12:00:00 | close=1115.5100 RSI(live)=45.82 (entry<=36.00 exit>=100.00)
2025-10-29 23:53:47,633 INFO Candle 2025-10-29 12:00:00 | close=1115.5100 RSI(live)=45.82 (entry<=36.00 exit>=100.00)
2025-10-29 23:53:53,054 INFO Candle 2025-10-29 12:00:00 | close=1115.5100 RSI(live)=45.82 (entry<=36.00 exit>=100.00)
2025-10-29 23:53:58,524 INFO Candle 2025-10-29 12:00:00 | close=1115.5100 RSI(live)=45.82 (entry<=36.00 exit>=100.00)
2025-10-29 23:54:03,933 INFO Candle 2025-10-29 12:00:00 | close=1115.1000 RSI(live)=45.63 (entry<=36.00 exit>=100.00)
2025-10-29 23:54:09,219 INFO Candle 2025-10-29 12:00:00 | close=1115.0800 RSI(live)=45.62 (entry<=36.00 exit>=100.00)
2025-10-29 23:54:14,600 INFO Candle 2025-10-29 12:00:00 | close=1115.0800 RSI(live)=45.62 (entry<=36.00 exit>=100.00)
2025-10-29 23:54:20,016 INFO Candle 2025-10-29 12:00:00 | close=1115.3300 RSI(live)=45.74 (entry<=36.00 exit>=100.00)
2025-10-29 23:54:25,312 INFO Candle 2025-10-29 12:00:00 | close=1115.2900 RSI(live)=45.72 (entry<=36.00 exit>=100.00)
2025-10-29 23:54:30,696 INFO Candle 2025-10-29 12:00:00 | close=1115.2900 RSI(live)=45.72 (entry<=36.00 exit>=100.00)
2025-10-29 23:54:36,282 INFO Candle 2025-10-29 12:00:00 | close=1115.2800 RSI(live)=45.71 (entry<=36.00 exit>=100.00)
2025-10-29 23:54:41,813 INFO Candle 2025-10-29 12:00:00 | close=1115.2900 RSI(live)=45.72 (entry<=36.00 exit>=100.00)
2025-10-29 23:54:47,218 INFO Candle 2025-10-29 12:00:00 | close=1115.2900 RSI(live)=45.72 (entry<=36.00 exit>=100.00)
2025-10-29 23:54:52,642 INFO Candle 2025-10-29 12:00:00 | close=1115.2900 RSI(live)=45.72 (entry<=36.00 exit>=100.00)
2025-10-29 23:54:58,036 INFO Candle 2025-10-29 12:00:00 | close=1115.0900 RSI(live)=45.62 (entry<=36.00 exit>=100.00)
2025-10-29 23:55:03,392 INFO Candle 2025-10-29 12:00:00 | close=1114.9700 RSI(live)=45.57 (entry<=36.00 exit>=100.00)
2025-10-29 23:55:08,828 INFO Candle 2025-10-29 12:00:00 | close=1114.7700 RSI(live)=45.47 (entry<=36.00 exit>=100.00)
2025-10-29 23:55:14,131 INFO Candle 2025-10-29 12:00:00 | close=1114.7600 RSI(live)=45.47 (entry<=36.00 exit>=100.00)
2025-10-29 23:55:19,507 INFO Candle 2025-10-29 12:00:00 | close=1114.7600 RSI(live)=45.47 (entry<=36.00 exit>=100.00)
2025-10-29 23:55:24,806 INFO Candle 2025-10-29 12:00:00 | close=1114.5300 RSI(live)=45.36 (entry<=36.00 exit>=100.00)
2025-10-29 23:55:30,134 INFO Candle 2025-10-29 12:00:00 | close=1114.5200 RSI(live)=45.35 (entry<=36.00 exit>=100.00)
2025-10-29 23:55:35,554 INFO Candle 2025-10-29 12:00:00 | close=1114.5300 RSI(live)=45.36 (entry<=36.00 exit>=100.00)
2025-10-29 23:55:40,879 INFO Candle 2025-10-29 12:00:00 | close=1114.5600 RSI(live)=45.37 (entry<=36.00 exit>=100.00)
2025-10-29 23:55:46,171 INFO Candle 2025-10-29 12:00:00 | close=1114.6100 RSI(live)=45.40 (entry<=36.00 exit>=100.00)
2025-10-29 23:55:51,471 INFO Candle 2025-10-29 12:00:00 | close=1114.5300 RSI(live)=45.36 (entry<=36.00 exit>=100.00)
2025-10-29 23:55:56,942 INFO Candle 2025-10-29 12:00:00 | close=1114.5400 RSI(live)=45.36 (entry<=36.00 exit>=100.00)
2025-10-29 23:56:02,296 INFO Candle 2025-10-29 12:00:00 | close=1114.6400 RSI(live)=45.41 (entry<=36.00 exit>=100.00)
2025-10-29 23:56:07,586 INFO Candle 2025-10-29 12:00:00 | close=1114.5600 RSI(live)=45.37 (entry<=36.00 exit>=100.00)
2025-10-29 23:56:12,925 INFO Candle 2025-10-29 12:00:00 | close=1114.5500 RSI(live)=45.37 (entry<=36.00 exit>=100.00)
2025-10-29 23:56:18,281 INFO Candle 2025-10-29 12:00:00 | close=1114.5300 RSI(live)=45.36 (entry<=36.00 exit>=100.00)
2025-10-29 23:56:23,571 INFO Candle 2025-10-29 12:00:00 | close=1114.4600 RSI(live)=45.32 (entry<=36.00 exit>=100.00)
2025-10-29 23:56:28,950 INFO Candle 2025-10-29 12:00:00 | close=1114.3700 RSI(live)=45.28 (entry<=36.00 exit>=100.00)
2025-10-29 23:56:34,326 INFO Candle 2025-10-29 12:00:00 | close=1114.6900 RSI(live)=45.43 (entry<=36.00 exit>=100.00)
2025-10-29 23:56:39,751 INFO Candle 2025-10-29 12:00:00 | close=1114.6900 RSI(live)=45.43 (entry<=36.00 exit>=100.00)
2025-10-29 23:56:45,195 INFO Candle 2025-10-29 12:00:00 | close=1114.6900 RSI(live)=45.43 (entry<=36.00 exit>=100.00)
2025-10-29 23:56:50,585 INFO Candle 2025-10-29 12:00:00 | close=1114.6900 RSI(live)=45.43 (entry<=36.00 exit>=100.00)
2025-10-29 23:56:55,930 INFO Candle 2025-10-29 12:00:00 | close=1114.5000 RSI(live)=45.34 (entry<=36.00 exit>=100.00)
2025-10-29 23:57:01,497 INFO Candle 2025-10-29 12:00:00 | close=1114.3000 RSI(live)=45.25 (entry<=36.00 exit>=100.00)
2025-10-29 23:57:06,822 INFO Candle 2025-10-29 12:00:00 | close=1114.3100 RSI(live)=45.25 (entry<=36.00 exit>=100.00)
2025-10-29 23:57:12,312 INFO Candle 2025-10-29 12:00:00 | close=1114.6400 RSI(live)=45.41 (entry<=36.00 exit>=100.00)
2025-10-29 23:57:17,647 INFO Candle 2025-10-29 12:00:00 | close=1114.6500 RSI(live)=45.41 (entry<=36.00 exit>=100.00)
2025-10-29 23:57:23,064 INFO Candle 2025-10-29 12:00:00 | close=1114.6400 RSI(live)=45.41 (entry<=36.00 exit>=100.00)
2025-10-29 23:57:28,492 INFO Candle 2025-10-29 12:00:00 | close=1114.6500 RSI(live)=45.41 (entry<=36.00 exit>=100.00)
2025-10-29 23:57:33,920 INFO Candle 2025-10-29 12:00:00 | close=1114.8300 RSI(live)=45.50 (entry<=36.00 exit>=100.00)
2025-10-29 23:57:39,245 INFO Candle 2025-10-29 12:00:00 | close=1115.1800 RSI(live)=45.67 (entry<=36.00 exit>=100.00)
2025-10-29 23:57:44,675 INFO Candle 2025-10-29 12:00:00 | close=1115.1700 RSI(live)=45.66 (entry<=36.00 exit>=100.00)
2025-10-29 23:57:50,044 INFO Candle 2025-10-29 12:00:00 | close=1115.1800 RSI(live)=45.67 (entry<=36.00 exit>=100.00)
2025-10-29 23:57:55,377 INFO Candle 2025-10-29 12:00:00 | close=1115.0500 RSI(live)=45.60 (entry<=36.00 exit>=100.00)
2025-10-29 23:58:00,755 INFO Candle 2025-10-29 12:00:00 | close=1113.6500 RSI(live)=44.94 (entry<=36.00 exit>=100.00)
2025-10-29 23:58:06,180 INFO Candle 2025-10-29 12:00:00 | close=1113.6400 RSI(live)=44.93 (entry<=36.00 exit>=100.00)
2025-10-29 23:58:11,506 INFO Candle 2025-10-29 12:00:00 | close=1113.6900 RSI(live)=44.96 (entry<=36.00 exit>=100.00)
2025-10-29 23:58:16,888 INFO Candle 2025-10-29 12:00:00 | close=1113.6900 RSI(live)=44.96 (entry<=36.00 exit>=100.00)
2025-10-29 23:58:22,362 INFO Candle 2025-10-29 12:00:00 | close=1113.6600 RSI(live)=44.94 (entry<=36.00 exit>=100.00)
2025-10-29 23:58:27,803 INFO Candle 2025-10-29 12:00:00 | close=1113.7100 RSI(live)=44.97 (entry<=36.00 exit>=100.00)
2025-10-29 23:58:33,129 INFO Candle 2025-10-29 12:00:00 | close=1113.7900 RSI(live)=45.00 (entry<=36.00 exit>=100.00)
2025-10-29 23:58:38,454 INFO Candle 2025-10-29 12:00:00 | close=1113.8000 RSI(live)=45.01 (entry<=36.00 exit>=100.00)
2025-10-29 23:58:43,824 INFO Candle 2025-10-29 12:00:00 | close=1113.7800 RSI(live)=45.00 (entry<=36.00 exit>=100.00)
2025-10-29 23:58:49,225 INFO Candle 2025-10-29 12:00:00 | close=1113.7900 RSI(live)=45.00 (entry<=36.00 exit>=100.00)
2025-10-29 23:58:54,520 INFO Candle 2025-10-29 12:00:00 | close=1113.7900 RSI(live)=45.00 (entry<=36.00 exit>=100.00)
2025-10-29 23:58:59,833 INFO Candle 2025-10-29 12:00:00 | close=1113.7900 RSI(live)=45.00 (entry<=36.00 exit>=100.00)
2025-10-29 23:59:05,363 INFO Candle 2025-10-29 12:00:00 | close=1114.3400 RSI(live)=45.27 (entry<=36.00 exit>=100.00)
2025-10-29 23:59:10,768 INFO Candle 2025-10-29 12:00:00 | close=1113.8100 RSI(live)=45.01 (entry<=36.00 exit>=100.00)
2025-10-29 23:59:16,320 INFO Candle 2025-10-29 12:00:00 | close=1113.9600 RSI(live)=45.09 (entry<=36.00 exit>=100.00)
2025-10-29 23:59:21,667 INFO Candle 2025-10-29 12:00:00 | close=1113.9300 RSI(live)=45.07 (entry<=36.00 exit>=100.00)
2025-10-29 23:59:26,970 INFO Candle 2025-10-29 12:00:00 | close=1113.8900 RSI(live)=45.05 (entry<=36.00 exit>=100.00)
2025-10-29 23:59:32,403 INFO Candle 2025-10-29 12:00:00 | close=1113.8300 RSI(live)=45.02 (entry<=36.00 exit>=100.00)
2025-10-29 23:59:37,764 INFO Candle 2025-10-29 12:00:00 | close=1113.8300 RSI(live)=45.02 (entry<=36.00 exit>=100.00)
2025-10-29 23:59:43,253 INFO Candle 2025-10-29 12:00:00 | close=1113.8300 RSI(live)=45.02 (entry<=36.00 exit>=100.00)
2025-10-29 23:59:48,646 INFO Candle 2025-10-29 12:00:00 | close=1113.8400 RSI(live)=45.03 (entry<=36.00 exit>=100.00)
2025-10-29 23:59:54,031 INFO Candle 2025-10-29 12:00:00 | close=1113.8400 RSI(live)=45.03 (entry<=36.00 exit>=100.00)
2025-10-29 23:59:59,434 INFO Candle 2025-10-29 12:00:00 | close=1113.7300 RSI(live)=44.98 (entry<=36.00 exit>=100.00)
2025-10-30 00:00:04,966 INFO Candle 2025-10-29 12:00:00 | close=1113.9600 RSI(live)=45.09 (entry<=36.00 exit>=100.00)
2025-10-30 00:00:10,392 INFO Candle 2025-10-29 12:00:00 | close=1114.0000 RSI(live)=45.11 (entry<=36.00 exit>=100.00)
2025-10-30 00:00:15,717 INFO Candle 2025-10-29 12:00:00 | close=1114.0000 RSI(live)=45.11 (entry<=36.00 exit>=100.00)
2025-10-30 00:00:21,242 INFO Candle 2025-10-29 12:00:00 | close=1114.0000 RSI(live)=45.11 (entry<=36.00 exit>=100.00)
2025-10-30 00:00:26,599 INFO Candle 2025-10-29 12:00:00 | close=1114.0000 RSI(live)=45.11 (entry<=36.00 exit>=100.00)
2025-10-30 00:00:31,934 INFO Candle 2025-10-29 12:00:00 | close=1114.4000 RSI(live)=45.30 (entry<=36.00 exit>=100.00)
2025-10-30 00:00:37,242 INFO Candle 2025-10-29 12:00:00 | close=1114.3800 RSI(live)=45.29 (entry<=36.00 exit>=100.00)
2025-10-30 00:00:42,566 INFO Candle 2025-10-29 12:00:00 | close=1113.9100 RSI(live)=45.06 (entry<=36.00 exit>=100.00)
2025-10-30 00:00:47,859 INFO Candle 2025-10-29 12:00:00 | close=1113.9300 RSI(live)=45.07 (entry<=36.00 exit>=100.00)
2025-10-30 00:00:53,150 INFO Candle 2025-10-29 12:00:00 | close=1113.9400 RSI(live)=45.08 (entry<=36.00 exit>=100.00)
2025-10-30 00:00:58,466 INFO Candle 2025-10-29 12:00:00 | close=1113.9400 RSI(live)=45.08 (entry<=36.00 exit>=100.00)
2025-10-30 00:01:03,861 INFO Candle 2025-10-29 12:00:00 | close=1113.7800 RSI(live)=45.00 (entry<=36.00 exit>=100.00)
2025-10-30 00:01:09,206 INFO Candle 2025-10-29 12:00:00 | close=1113.7800 RSI(live)=45.00 (entry<=36.00 exit>=100.00)
2025-10-30 00:01:14,592 INFO Candle 2025-10-29 12:00:00 | close=1113.7500 RSI(live)=44.98 (entry<=36.00 exit>=100.00)
2025-10-30 00:01:19,924 INFO Candle 2025-10-29 12:00:00 | close=1113.7600 RSI(live)=44.99 (entry<=36.00 exit>=100.00)
2025-10-30 00:01:25,238 INFO Candle 2025-10-29 12:00:00 | close=1113.6900 RSI(live)=44.96 (entry<=36.00 exit>=100.00)
2025-10-30 00:01:30,531 INFO Candle 2025-10-29 12:00:00 | close=1113.4600 RSI(live)=44.86 (entry<=36.00 exit>=100.00)
2025-10-30 00:01:35,862 INFO Candle 2025-10-29 12:00:00 | close=1113.4500 RSI(live)=44.86 (entry<=36.00 exit>=100.00)
2025-10-30 00:01:41,211 INFO Candle 2025-10-29 12:00:00 | close=1113.6900 RSI(live)=44.96 (entry<=36.00 exit>=100.00)
2025-10-30 00:01:46,605 INFO Candle 2025-10-29 12:00:00 | close=1113.7500 RSI(live)=44.98 (entry<=36.00 exit>=100.00)
2025-10-30 00:01:52,087 INFO Candle 2025-10-29 12:00:00 | close=1113.7400 RSI(live)=44.98 (entry<=36.00 exit>=100.00)
2025-10-30 00:01:57,402 INFO Candle 2025-10-29 12:00:00 | close=1113.5100 RSI(live)=44.88 (entry<=36.00 exit>=100.00)
2025-10-30 00:02:02,736 INFO Candle 2025-10-29 12:00:00 | close=1113.7200 RSI(live)=44.97 (entry<=36.00 exit>=100.00)
2025-10-30 00:02:08,075 INFO Candle 2025-10-29 12:00:00 | close=1114.0700 RSI(live)=45.14 (entry<=36.00 exit>=100.00)
2025-10-30 00:02:13,473 INFO Candle 2025-10-29 12:00:00 | close=1114.1100 RSI(live)=45.16 (entry<=36.00 exit>=100.00)
2025-10-30 00:02:18,892 INFO Candle 2025-10-29 12:00:00 | close=1114.1100 RSI(live)=45.16 (entry<=36.00 exit>=100.00)
2025-10-30 00:02:24,238 INFO Candle 2025-10-29 12:00:00 | close=1114.1100 RSI(live)=45.16 (entry<=36.00 exit>=100.00)
2025-10-30 00:02:29,658 INFO Candle 2025-10-29 12:00:00 | close=1114.0800 RSI(live)=45.14 (entry<=36.00 exit>=100.00)
2025-10-30 00:02:34,967 INFO Candle 2025-10-29 12:00:00 | close=1114.1600 RSI(live)=45.18 (entry<=36.00 exit>=100.00)
2025-10-30 00:02:40,360 INFO Candle 2025-10-29 12:00:00 | close=1114.1000 RSI(live)=45.15 (entry<=36.00 exit>=100.00)
2025-10-30 00:02:45,838 INFO Candle 2025-10-29 12:00:00 | close=1114.0800 RSI(live)=45.14 (entry<=36.00 exit>=100.00)
2025-10-30 00:02:51,207 INFO Candle 2025-10-29 12:00:00 | close=1114.2800 RSI(live)=45.24 (entry<=36.00 exit>=100.00)
2025-10-30 00:02:56,582 INFO Candle 2025-10-29 12:00:00 | close=1114.1700 RSI(live)=45.19 (entry<=36.00 exit>=100.00)
2025-10-30 00:03:01,924 INFO Candle 2025-10-29 12:00:00 | close=1114.0700 RSI(live)=45.14 (entry<=36.00 exit>=100.00)
2025-10-30 00:03:07,244 INFO Candle 2025-10-29 12:00:00 | close=1114.2300 RSI(live)=45.22 (entry<=36.00 exit>=100.00)
2025-10-30 00:03:12,664 INFO Candle 2025-10-29 12:00:00 | close=1114.2300 RSI(live)=45.22 (entry<=36.00 exit>=100.00)
2025-10-30 00:03:18,004 INFO Candle 2025-10-29 12:00:00 | close=1114.2300 RSI(live)=45.22 (entry<=36.00 exit>=100.00)
2025-10-30 00:03:23,386 INFO Candle 2025-10-29 12:00:00 | close=1113.7700 RSI(live)=44.99 (entry<=36.00 exit>=100.00)
2025-10-30 00:03:28,739 INFO Candle 2025-10-29 12:00:00 | close=1113.6900 RSI(live)=44.96 (entry<=36.00 exit>=100.00)
2025-10-30 00:03:34,175 INFO Candle 2025-10-29 12:00:00 | close=1113.8700 RSI(live)=45.04 (entry<=36.00 exit>=100.00)
2025-10-30 00:03:39,608 INFO Candle 2025-10-29 12:00:00 | close=1114.1200 RSI(live)=45.16 (entry<=36.00 exit>=100.00)
2025-10-30 00:03:45,014 INFO Candle 2025-10-29 12:00:00 | close=1114.1200 RSI(live)=45.16 (entry<=36.00 exit>=100.00)
2025-10-30 00:03:50,451 INFO Candle 2025-10-29 12:00:00 | close=1114.1200 RSI(live)=45.16 (entry<=36.00 exit>=100.00)
2025-10-30 00:03:55,880 INFO Candle 2025-10-29 12:00:00 | close=1113.8900 RSI(live)=45.05 (entry<=36.00 exit>=100.00)
2025-10-30 00:04:01,251 INFO Candle 2025-10-29 12:00:00 | close=1113.9000 RSI(live)=45.06 (entry<=36.00 exit>=100.00)
2025-10-30 00:04:06,640 INFO Candle 2025-10-29 12:00:00 | close=1113.9000 RSI(live)=45.06 (entry<=36.00 exit>=100.00)
2025-10-30 00:04:11,958 INFO Candle 2025-10-29 12:00:00 | close=1114.1500 RSI(live)=45.18 (entry<=36.00 exit>=100.00)
2025-10-30 00:04:17,291 INFO Candle 2025-10-29 12:00:00 | close=1114.1500 RSI(live)=45.18 (entry<=36.00 exit>=100.00)
2025-10-30 00:04:22,584 INFO Candle 2025-10-29 12:00:00 | close=1114.1500 RSI(live)=45.18 (entry<=36.00 exit>=100.00)
2025-10-30 00:04:27,917 INFO Candle 2025-10-29 12:00:00 | close=1114.1700 RSI(live)=45.19 (entry<=36.00 exit>=100.00)
2025-10-30 00:04:33,345 INFO Candle 2025-10-29 12:00:00 | close=1114.4000 RSI(live)=45.30 (entry<=36.00 exit>=100.00)
2025-10-30 00:04:38,674 INFO Candle 2025-10-29 12:00:00 | close=1114.5600 RSI(live)=45.37 (entry<=36.00 exit>=100.00)
2025-10-30 00:04:44,102 INFO Candle 2025-10-29 12:00:00 | close=1114.8000 RSI(live)=45.49 (entry<=36.00 exit>=100.00)
2025-10-30 00:04:49,517 INFO Candle 2025-10-29 12:00:00 | close=1114.9400 RSI(live)=45.55 (entry<=36.00 exit>=100.00)
2025-10-30 00:04:55,055 INFO Candle 2025-10-29 12:00:00 | close=1114.9500 RSI(live)=45.56 (entry<=36.00 exit>=100.00)
2025-10-30 00:05:00,369 INFO Candle 2025-10-29 12:00:00 | close=1115.1600 RSI(live)=45.66 (entry<=36.00 exit>=100.00)
2025-10-30 00:05:05,809 INFO Candle 2025-10-29 12:00:00 | close=1115.4900 RSI(live)=45.81 (entry<=36.00 exit>=100.00)
2025-10-30 00:05:11,217 INFO Candle 2025-10-29 12:00:00 | close=1115.6400 RSI(live)=45.88 (entry<=36.00 exit>=100.00)
2025-10-30 00:05:16,536 INFO Candle 2025-10-29 12:00:00 | close=1115.7900 RSI(live)=45.95 (entry<=36.00 exit>=100.00)
2025-10-30 00:05:21,892 INFO Candle 2025-10-29 12:00:00 | close=1116.0000 RSI(live)=46.05 (entry<=36.00 exit>=100.00)
2025-10-30 00:05:27,312 INFO Candle 2025-10-29 12:00:00 | close=1115.9000 RSI(live)=46.00 (entry<=36.00 exit>=100.00)
2025-10-30 00:05:32,750 INFO Candle 2025-10-29 12:00:00 | close=1115.9800 RSI(live)=46.04 (entry<=36.00 exit>=100.00)
2025-10-30 00:05:38,123 INFO Candle 2025-10-29 12:00:00 | close=1115.9900 RSI(live)=46.04 (entry<=36.00 exit>=100.00)
2025-10-30 00:05:43,446 INFO Candle 2025-10-29 12:00:00 | close=1116.0500 RSI(live)=46.07 (entry<=36.00 exit>=100.00)
2025-10-30 00:05:48,840 INFO Candle 2025-10-29 12:00:00 | close=1116.0500 RSI(live)=46.07 (entry<=36.00 exit>=100.00)
2025-10-30 00:05:54,352 INFO Candle 2025-10-29 12:00:00 | close=1116.0400 RSI(live)=46.07 (entry<=36.00 exit>=100.00)
2025-10-30 00:05:59,891 INFO Candle 2025-10-29 12:00:00 | close=1115.9100 RSI(live)=46.01 (entry<=36.00 exit>=100.00)
2025-10-30 00:06:05,266 INFO Candle 2025-10-29 12:00:00 | close=1115.6000 RSI(live)=45.86 (entry<=36.00 exit>=100.00)
2025-10-30 00:06:10,562 INFO Candle 2025-10-29 12:00:00 | close=1116.1600 RSI(live)=46.12 (entry<=36.00 exit>=100.00)
2025-10-30 00:06:15,973 INFO Candle 2025-10-29 12:00:00 | close=1116.2100 RSI(live)=46.14 (entry<=36.00 exit>=100.00)
2025-10-30 00:06:21,381 INFO Candle 2025-10-29 12:00:00 | close=1116.0100 RSI(live)=46.05 (entry<=36.00 exit>=100.00)
2025-10-30 00:06:26,725 INFO Candle 2025-10-29 12:00:00 | close=1115.8900 RSI(live)=46.00 (entry<=36.00 exit>=100.00)
2025-10-30 00:06:32,065 INFO Candle 2025-10-29 12:00:00 | close=1115.8900 RSI(live)=46.00 (entry<=36.00 exit>=100.00)
2025-10-30 00:06:37,471 INFO Candle 2025-10-29 12:00:00 | close=1115.9100 RSI(live)=46.01 (entry<=36.00 exit>=100.00)
2025-10-30 00:06:42,833 INFO Candle 2025-10-29 12:00:00 | close=1116.1300 RSI(live)=46.11 (entry<=36.00 exit>=100.00)
2025-10-30 00:06:48,245 INFO Candle 2025-10-29 12:00:00 | close=1116.1300 RSI(live)=46.11 (entry<=36.00 exit>=100.00)
2025-10-30 00:06:53,641 INFO Candle 2025-10-29 12:00:00 | close=1116.2100 RSI(live)=46.14 (entry<=36.00 exit>=100.00)
2025-10-30 00:06:58,967 INFO Candle 2025-10-29 12:00:00 | close=1116.2200 RSI(live)=46.15 (entry<=36.00 exit>=100.00)
2025-10-30 00:07:04,406 INFO Candle 2025-10-29 12:00:00 | close=1116.2100 RSI(live)=46.14 (entry<=36.00 exit>=100.00)
2025-10-30 00:07:09,780 INFO Candle 2025-10-29 12:00:00 | close=1115.9000 RSI(live)=46.00 (entry<=36.00 exit>=100.00)
2025-10-30 00:07:15,248 INFO Candle 2025-10-29 12:00:00 | close=1115.9900 RSI(live)=46.04 (entry<=36.00 exit>=100.00)
2025-10-30 00:07:20,627 INFO Candle 2025-10-29 12:00:00 | close=1116.1700 RSI(live)=46.13 (entry<=36.00 exit>=100.00)
2025-10-30 00:07:26,009 INFO Candle 2025-10-29 12:00:00 | close=1116.1600 RSI(live)=46.12 (entry<=36.00 exit>=100.00)
2025-10-30 00:07:31,441 INFO Candle 2025-10-29 12:00:00 | close=1116.1600 RSI(live)=46.12 (entry<=36.00 exit>=100.00)
2025-10-30 00:07:36,770 INFO Candle 2025-10-29 12:00:00 | close=1116.1600 RSI(live)=46.12 (entry<=36.00 exit>=100.00)
2025-10-30 00:07:42,284 INFO Candle 2025-10-29 12:00:00 | close=1116.2100 RSI(live)=46.14 (entry<=36.00 exit>=100.00)
2025-10-30 00:07:47,603 INFO Candle 2025-10-29 12:00:00 | close=1116.2100 RSI(live)=46.14 (entry<=36.00 exit>=100.00)
2025-10-30 00:07:52,972 INFO Candle 2025-10-29 12:00:00 | close=1115.8600 RSI(live)=45.98 (entry<=36.00 exit>=100.00)
2025-10-30 00:07:58,456 INFO Candle 2025-10-29 12:00:00 | close=1115.8900 RSI(live)=46.00 (entry<=36.00 exit>=100.00)
2025-10-30 00:08:03,886 INFO Candle 2025-10-29 12:00:00 | close=1115.8900 RSI(live)=46.00 (entry<=36.00 exit>=100.00)
2025-10-30 00:08:09,321 INFO Candle 2025-10-29 12:00:00 | close=1115.8900 RSI(live)=46.00 (entry<=36.00 exit>=100.00)
2025-10-30 00:08:14,686 INFO Candle 2025-10-29 12:00:00 | close=1116.0800 RSI(live)=46.08 (entry<=36.00 exit>=100.00)
2025-10-30 00:08:20,059 INFO Candle 2025-10-29 12:00:00 | close=1116.2200 RSI(live)=46.15 (entry<=36.00 exit>=100.00)
2025-10-30 00:08:25,424 INFO Candle 2025-10-29 12:00:00 | close=1116.2100 RSI(live)=46.14 (entry<=36.00 exit>=100.00)
2025-10-30 00:08:30,879 INFO Candle 2025-10-29 12:00:00 | close=1116.0800 RSI(live)=46.08 (entry<=36.00 exit>=100.00)
2025-10-30 00:08:36,278 INFO Candle 2025-10-29 12:00:00 | close=1115.6100 RSI(live)=45.87 (entry<=36.00 exit>=100.00)
2025-10-30 00:08:41,597 INFO Candle 2025-10-29 12:00:00 | close=1115.5200 RSI(live)=45.82 (entry<=36.00 exit>=100.00)
2025-10-30 00:08:46,884 INFO Candle 2025-10-29 12:00:00 | close=1115.5300 RSI(live)=45.83 (entry<=36.00 exit>=100.00)
2025-10-30 00:08:52,218 INFO Candle 2025-10-29 12:00:00 | close=1115.5300 RSI(live)=45.83 (entry<=36.00 exit>=100.00)
2025-10-30 00:08:57,598 INFO Candle 2025-10-29 12:00:00 | close=1115.7100 RSI(live)=45.91 (entry<=36.00 exit>=100.00)
2025-10-30 00:09:02,974 INFO Candle 2025-10-29 12:00:00 | close=1115.7200 RSI(live)=45.92 (entry<=36.00 exit>=100.00)
2025-10-30 00:09:08,289 INFO Candle 2025-10-29 12:00:00 | close=1115.5300 RSI(live)=45.83 (entry<=36.00 exit>=100.00)
2025-10-30 00:09:13,673 INFO Candle 2025-10-29 12:00:00 | close=1115.5400 RSI(live)=45.83 (entry<=36.00 exit>=100.00)
2025-10-30 00:09:19,158 INFO Candle 2025-10-29 12:00:00 | close=1115.7300 RSI(live)=45.92 (entry<=36.00 exit>=100.00)
2025-10-30 00:09:24,522 INFO Candle 2025-10-29 12:00:00 | close=1115.7200 RSI(live)=45.92 (entry<=36.00 exit>=100.00)
2025-10-30 00:09:29,838 INFO Candle 2025-10-29 12:00:00 | close=1115.7900 RSI(live)=45.95 (entry<=36.00 exit>=100.00)
2025-10-30 00:09:35,160 INFO Candle 2025-10-29 12:00:00 | close=1115.7900 RSI(live)=45.95 (entry<=36.00 exit>=100.00)
2025-10-30 00:09:40,505 INFO Candle 2025-10-29 12:00:00 | close=1115.7900 RSI(live)=45.95 (entry<=36.00 exit>=100.00)
2025-10-30 00:09:45,904 INFO Candle 2025-10-29 12:00:00 | close=1115.8000 RSI(live)=45.95 (entry<=36.00 exit>=100.00)
2025-10-30 00:09:51,256 INFO Candle 2025-10-29 12:00:00 | close=1115.7900 RSI(live)=45.95 (entry<=36.00 exit>=100.00)
2025-10-30 00:09:56,631 INFO Candle 2025-10-29 12:00:00 | close=1115.9000 RSI(live)=46.00 (entry<=36.00 exit>=100.00)
2025-10-30 00:10:02,160 INFO Candle 2025-10-29 12:00:00 | close=1116.5200 RSI(live)=46.29 (entry<=36.00 exit>=100.00)
2025-10-30 00:10:07,481 INFO Candle 2025-10-29 12:00:00 | close=1116.4200 RSI(live)=46.24 (entry<=36.00 exit>=100.00)
2025-10-30 00:10:12,869 INFO Candle 2025-10-29 12:00:00 | close=1116.4900 RSI(live)=46.27 (entry<=36.00 exit>=100.00)
2025-10-30 00:10:18,182 INFO Candle 2025-10-29 12:00:00 | close=1116.6200 RSI(live)=46.33 (entry<=36.00 exit>=100.00)
2025-10-30 00:10:23,504 INFO Candle 2025-10-29 12:00:00 | close=1116.3500 RSI(live)=46.21 (entry<=36.00 exit>=100.00)
2025-10-30 00:10:28,861 INFO Candle 2025-10-29 12:00:00 | close=1116.1700 RSI(live)=46.13 (entry<=36.00 exit>=100.00)
2025-10-30 00:10:34,337 INFO Candle 2025-10-29 12:00:00 | close=1116.3200 RSI(live)=46.20 (entry<=36.00 exit>=100.00)
2025-10-30 00:10:39,758 INFO Candle 2025-10-29 12:00:00 | close=1116.3600 RSI(live)=46.21 (entry<=36.00 exit>=100.00)
2025-10-30 00:10:45,134 INFO Candle 2025-10-29 12:00:00 | close=1116.4800 RSI(live)=46.27 (entry<=36.00 exit>=100.00)
2025-10-30 00:10:50,433 INFO Candle 2025-10-29 12:00:00 | close=1116.8200 RSI(live)=46.42 (entry<=36.00 exit>=100.00)
2025-10-30 00:10:55,806 INFO Candle 2025-10-29 12:00:00 | close=1116.8500 RSI(live)=46.44 (entry<=36.00 exit>=100.00)
2025-10-30 00:11:01,122 INFO Candle 2025-10-29 12:00:00 | close=1116.8500 RSI(live)=46.44 (entry<=36.00 exit>=100.00)
2025-10-30 00:11:06,485 INFO Candle 2025-10-29 12:00:00 | close=1116.6600 RSI(live)=46.35 (entry<=36.00 exit>=100.00)
2025-10-30 00:11:11,995 INFO Candle 2025-10-29 12:00:00 | close=1116.6700 RSI(live)=46.36 (entry<=36.00 exit>=100.00)
2025-10-30 00:11:17,427 INFO Candle 2025-10-29 12:00:00 | close=1116.7700 RSI(live)=46.40 (entry<=36.00 exit>=100.00)
2025-10-30 00:11:22,907 INFO Candle 2025-10-29 12:00:00 | close=1117.0000 RSI(live)=46.51 (entry<=36.00 exit>=100.00)
2025-10-30 00:11:28,280 INFO Candle 2025-10-29 12:00:00 | close=1117.0000 RSI(live)=46.51 (entry<=36.00 exit>=100.00)
2025-10-30 00:11:33,693 INFO Candle 2025-10-29 12:00:00 | close=1116.7900 RSI(live)=46.41 (entry<=36.00 exit>=100.00)
2025-10-30 00:11:39,010 INFO Candle 2025-10-29 12:00:00 | close=1116.6500 RSI(live)=46.35 (entry<=36.00 exit>=100.00)
2025-10-30 00:11:44,402 INFO Candle 2025-10-29 12:00:00 | close=1116.6500 RSI(live)=46.35 (entry<=36.00 exit>=100.00)
2025-10-30 00:11:49,682 INFO Candle 2025-10-29 12:00:00 | close=1116.5300 RSI(live)=46.29 (entry<=36.00 exit>=100.00)
2025-10-30 00:11:55,206 INFO Candle 2025-10-29 12:00:00 | close=1116.5200 RSI(live)=46.29 (entry<=36.00 exit>=100.00)
2025-10-30 00:12:00,521 INFO Candle 2025-10-29 12:00:00 | close=1116.3200 RSI(live)=46.20 (entry<=36.00 exit>=100.00)
2025-10-30 00:12:05,847 INFO Candle 2025-10-29 12:00:00 | close=1116.1300 RSI(live)=46.11 (entry<=36.00 exit>=100.00)
2025-10-30 00:12:11,233 INFO Candle 2025-10-29 12:00:00 | close=1116.1400 RSI(live)=46.11 (entry<=36.00 exit>=100.00)
2025-10-30 00:12:16,598 INFO Candle 2025-10-29 12:00:00 | close=1116.1400 RSI(live)=46.11 (entry<=36.00 exit>=100.00)
2025-10-30 00:12:21,964 INFO Candle 2025-10-29 12:00:00 | close=1116.1100 RSI(live)=46.10 (entry<=36.00 exit>=100.00)
2025-10-30 00:12:27,304 INFO Candle 2025-10-29 12:00:00 | close=1116.1100 RSI(live)=46.10 (entry<=36.00 exit>=100.00)
2025-10-30 00:12:32,642 INFO Candle 2025-10-29 12:00:00 | close=1116.3100 RSI(live)=46.19 (entry<=36.00 exit>=100.00)
2025-10-30 00:12:38,020 INFO Candle 2025-10-29 12:00:00 | close=1116.3100 RSI(live)=46.19 (entry<=36.00 exit>=100.00)
2025-10-30 00:12:43,454 INFO Candle 2025-10-29 12:00:00 | close=1116.1400 RSI(live)=46.11 (entry<=36.00 exit>=100.00)
2025-10-30 00:12:48,830 INFO Candle 2025-10-29 12:00:00 | close=1116.1800 RSI(live)=46.13 (entry<=36.00 exit>=100.00)
2025-10-30 00:12:54,160 INFO Candle 2025-10-29 12:00:00 | close=1116.2800 RSI(live)=46.18 (entry<=36.00 exit>=100.00)
2025-10-30 00:12:59,637 INFO Candle 2025-10-29 12:00:00 | close=1116.3300 RSI(live)=46.20 (entry<=36.00 exit>=100.00)
2025-10-30 00:13:05,146 INFO Candle 2025-10-29 12:00:00 | close=1116.3300 RSI(live)=46.20 (entry<=36.00 exit>=100.00)
2025-10-30 00:13:10,601 INFO Candle 2025-10-29 12:00:00 | close=1116.2500 RSI(live)=46.16 (entry<=36.00 exit>=100.00)
2025-10-30 00:13:15,964 INFO Candle 2025-10-29 12:00:00 | close=1116.2500 RSI(live)=46.16 (entry<=36.00 exit>=100.00)
2025-10-30 00:13:21,319 INFO Candle 2025-10-29 12:00:00 | close=1116.2500 RSI(live)=46.16 (entry<=36.00 exit>=100.00)
2025-10-30 00:13:26,623 INFO Candle 2025-10-29 12:00:00 | close=1116.2400 RSI(live)=46.16 (entry<=36.00 exit>=100.00)
2025-10-30 00:13:31,972 INFO Candle 2025-10-29 12:00:00 | close=1116.2400 RSI(live)=46.16 (entry<=36.00 exit>=100.00)
2025-10-30 00:13:37,284 INFO Candle 2025-10-29 12:00:00 | close=1116.2500 RSI(live)=46.16 (entry<=36.00 exit>=100.00)
2025-10-30 00:13:42,573 INFO Candle 2025-10-29 12:00:00 | close=1116.3200 RSI(live)=46.20 (entry<=36.00 exit>=100.00)
2025-10-30 00:13:47,883 INFO Candle 2025-10-29 12:00:00 | close=1116.5800 RSI(live)=46.31 (entry<=36.00 exit>=100.00)
2025-10-30 00:13:53,229 INFO Candle 2025-10-29 12:00:00 | close=1116.6500 RSI(live)=46.35 (entry<=36.00 exit>=100.00)
2025-10-30 00:13:58,603 INFO Candle 2025-10-29 12:00:00 | close=1116.4800 RSI(live)=46.27 (entry<=36.00 exit>=100.00)
2025-10-30 00:14:04,136 INFO Candle 2025-10-29 12:00:00 | close=1116.4700 RSI(live)=46.26 (entry<=36.00 exit>=100.00)
2025-10-30 00:14:09,529 INFO Candle 2025-10-29 12:00:00 | close=1116.4400 RSI(live)=46.25 (entry<=36.00 exit>=100.00)
2025-10-30 00:14:15,055 INFO Candle 2025-10-29 12:00:00 | close=1116.5200 RSI(live)=46.29 (entry<=36.00 exit>=100.00)
2025-10-30 00:14:20,422 INFO Candle 2025-10-29 12:00:00 | close=1116.5400 RSI(live)=46.30 (entry<=36.00 exit>=100.00)
2025-10-30 00:14:25,737 INFO Candle 2025-10-29 12:00:00 | close=1116.5300 RSI(live)=46.29 (entry<=36.00 exit>=100.00)
2025-10-30 00:14:31,240 INFO Candle 2025-10-29 12:00:00 | close=1116.5600 RSI(live)=46.31 (entry<=36.00 exit>=100.00)
2025-10-30 00:14:36,592 INFO Candle 2025-10-29 12:00:00 | close=1116.2600 RSI(live)=46.17 (entry<=36.00 exit>=100.00)
2025-10-30 00:14:41,970 INFO Candle 2025-10-29 12:00:00 | close=1116.2500 RSI(live)=46.16 (entry<=36.00 exit>=100.00)
2025-10-30 00:14:47,279 INFO Candle 2025-10-29 12:00:00 | close=1116.2600 RSI(live)=46.17 (entry<=36.00 exit>=100.00)
2025-10-30 00:14:52,608 INFO Candle 2025-10-29 12:00:00 | close=1116.2600 RSI(live)=46.17 (entry<=36.00 exit>=100.00)
2025-10-30 00:14:57,961 INFO Candle 2025-10-29 12:00:00 | close=1116.2600 RSI(live)=46.17 (entry<=36.00 exit>=100.00)
2025-10-30 00:15:03,315 INFO Candle 2025-10-29 12:00:00 | close=1116.4300 RSI(live)=46.25 (entry<=36.00 exit>=100.00)
2025-10-30 00:15:08,639 INFO Candle 2025-10-29 12:00:00 | close=1116.5700 RSI(live)=46.31 (entry<=36.00 exit>=100.00)
2025-10-30 00:15:14,013 INFO Candle 2025-10-29 12:00:00 | close=1116.3300 RSI(live)=46.20 (entry<=36.00 exit>=100.00)
2025-10-30 00:15:19,319 INFO Candle 2025-10-29 12:00:00 | close=1116.1800 RSI(live)=46.13 (entry<=36.00 exit>=100.00)
2025-10-30 00:15:24,636 INFO Candle 2025-10-29 12:00:00 | close=1116.1700 RSI(live)=46.13 (entry<=36.00 exit>=100.00)
2025-10-30 00:15:30,040 INFO Candle 2025-10-29 12:00:00 | close=1116.1800 RSI(live)=46.13 (entry<=36.00 exit>=100.00)
2025-10-30 00:15:35,410 INFO Candle 2025-10-29 12:00:00 | close=1116.1400 RSI(live)=46.11 (entry<=36.00 exit>=100.00)
2025-10-30 00:15:40,718 INFO Candle 2025-10-29 12:00:00 | close=1116.1500 RSI(live)=46.12 (entry<=36.00 exit>=100.00)
2025-10-30 00:15:46,029 INFO Candle 2025-10-29 12:00:00 | close=1115.8000 RSI(live)=45.95 (entry<=36.00 exit>=100.00)
2025-10-30 00:15:51,358 INFO Candle 2025-10-29 12:00:00 | close=1115.7200 RSI(live)=45.92 (entry<=36.00 exit>=100.00)
2025-10-30 00:15:56,684 INFO Candle 2025-10-29 12:00:00 | close=1115.6500 RSI(live)=45.88 (entry<=36.00 exit>=100.00)
2025-10-30 00:16:02,049 INFO Candle 2025-10-29 12:00:00 | close=1115.4000 RSI(live)=45.77 (entry<=36.00 exit>=100.00)
2025-10-30 00:16:07,441 INFO Candle 2025-10-29 12:00:00 | close=1115.5200 RSI(live)=45.82 (entry<=36.00 exit>=100.00)
2025-10-30 00:16:12,939 INFO Candle 2025-10-29 12:00:00 | close=1115.8000 RSI(live)=45.95 (entry<=36.00 exit>=100.00)
2025-10-30 00:16:18,287 INFO Candle 2025-10-29 12:00:00 | close=1116.0600 RSI(live)=46.08 (entry<=36.00 exit>=100.00)
2025-10-30 00:16:23,577 INFO Candle 2025-10-29 12:00:00 | close=1116.0100 RSI(live)=46.05 (entry<=36.00 exit>=100.00)
2025-10-30 00:16:28,913 INFO Candle 2025-10-29 12:00:00 | close=1116.0100 RSI(live)=46.05 (entry<=36.00 exit>=100.00)
2025-10-30 00:16:34,258 INFO Candle 2025-10-29 12:00:00 | close=1116.2700 RSI(live)=46.17 (entry<=36.00 exit>=100.00)
2025-10-30 00:16:39,603 INFO Candle 2025-10-29 12:00:00 | close=1116.4400 RSI(live)=46.25 (entry<=36.00 exit>=100.00)
2025-10-30 00:16:44,913 INFO Candle 2025-10-29 12:00:00 | close=1116.5500 RSI(live)=46.30 (entry<=36.00 exit>=100.00)
2025-10-30 00:16:50,311 INFO Candle 2025-10-29 12:00:00 | close=1116.7800 RSI(live)=46.41 (entry<=36.00 exit>=100.00)
2025-10-30 00:16:55,650 INFO Candle 2025-10-29 12:00:00 | close=1116.8900 RSI(live)=46.46 (entry<=36.00 exit>=100.00)
2025-10-30 00:17:00,969 INFO Candle 2025-10-29 12:00:00 | close=1116.9800 RSI(live)=46.50 (entry<=36.00 exit>=100.00)
2025-10-30 00:17:06,467 INFO Candle 2025-10-29 12:00:00 | close=1117.0100 RSI(live)=46.51 (entry<=36.00 exit>=100.00)
2025-10-30 00:17:11,756 INFO Candle 2025-10-29 12:00:00 | close=1117.1200 RSI(live)=46.56 (entry<=36.00 exit>=100.00)
2025-10-30 00:17:17,102 INFO Candle 2025-10-29 12:00:00 | close=1117.1200 RSI(live)=46.56 (entry<=36.00 exit>=100.00)
2025-10-30 00:17:22,435 INFO Candle 2025-10-29 12:00:00 | close=1117.5900 RSI(live)=46.77 (entry<=36.00 exit>=100.00)
2025-10-30 00:17:27,774 INFO Candle 2025-10-29 12:00:00 | close=1117.6200 RSI(live)=46.79 (entry<=36.00 exit>=100.00)
2025-10-30 00:17:33,122 INFO Candle 2025-10-29 12:00:00 | close=1117.6300 RSI(live)=46.79 (entry<=36.00 exit>=100.00)
2025-10-30 00:17:38,477 INFO Candle 2025-10-29 12:00:00 | close=1117.7800 RSI(live)=46.86 (entry<=36.00 exit>=100.00)
2025-10-30 00:17:43,794 INFO Candle 2025-10-29 12:00:00 | close=1117.5000 RSI(live)=46.73 (entry<=36.00 exit>=100.00)
2025-10-30 00:17:49,156 INFO Candle 2025-10-29 12:00:00 | close=1117.3600 RSI(live)=46.67 (entry<=36.00 exit>=100.00)
2025-10-30 00:17:54,487 INFO Candle 2025-10-29 12:00:00 | close=1117.3500 RSI(live)=46.67 (entry<=36.00 exit>=100.00)
2025-10-30 00:17:59,886 INFO Candle 2025-10-29 12:00:00 | close=1117.3200 RSI(live)=46.65 (entry<=36.00 exit>=100.00)
2025-10-30 00:18:05,298 INFO Candle 2025-10-29 12:00:00 | close=1117.4600 RSI(live)=46.72 (entry<=36.00 exit>=100.00)
2025-10-30 00:18:10,705 INFO Candle 2025-10-29 12:00:00 | close=1117.4100 RSI(live)=46.69 (entry<=36.00 exit>=100.00)
2025-10-30 00:18:16,141 INFO Candle 2025-10-29 12:00:00 | close=1117.4000 RSI(live)=46.69 (entry<=36.00 exit>=100.00)
2025-10-30 00:18:21,510 INFO Candle 2025-10-29 12:00:00 | close=1117.4100 RSI(live)=46.69 (entry<=36.00 exit>=100.00)
2025-10-30 00:18:26,791 INFO Candle 2025-10-29 12:00:00 | close=1117.4100 RSI(live)=46.69 (entry<=36.00 exit>=100.00)
2025-10-30 00:18:32,125 INFO Candle 2025-10-29 12:00:00 | close=1117.4500 RSI(live)=46.71 (entry<=36.00 exit>=100.00)
2025-10-30 00:18:37,546 INFO Candle 2025-10-29 12:00:00 | close=1117.4400 RSI(live)=46.71 (entry<=36.00 exit>=100.00)
2025-10-30 00:18:42,871 INFO Candle 2025-10-29 12:00:00 | close=1117.4500 RSI(live)=46.71 (entry<=36.00 exit>=100.00)
2025-10-30 00:18:48,194 INFO Candle 2025-10-29 12:00:00 | close=1117.4800 RSI(live)=46.72 (entry<=36.00 exit>=100.00)
2025-10-30 00:18:53,557 INFO Candle 2025-10-29 12:00:00 | close=1117.2000 RSI(live)=46.60 (entry<=36.00 exit>=100.00)
2025-10-30 00:18:58,923 INFO Candle 2025-10-29 12:00:00 | close=1117.2000 RSI(live)=46.60 (entry<=36.00 exit>=100.00)
2025-10-30 00:19:04,265 INFO Candle 2025-10-29 12:00:00 | close=1117.2200 RSI(live)=46.61 (entry<=36.00 exit>=100.00)
2025-10-30 00:19:09,726 INFO Candle 2025-10-29 12:00:00 | close=1117.0100 RSI(live)=46.51 (entry<=36.00 exit>=100.00)
2025-10-30 00:19:15,105 INFO Candle 2025-10-29 12:00:00 | close=1117.0100 RSI(live)=46.51 (entry<=36.00 exit>=100.00)
2025-10-30 00:19:20,479 INFO Candle 2025-10-29 12:00:00 | close=1116.8200 RSI(live)=46.42 (entry<=36.00 exit>=100.00)
2025-10-30 00:19:25,819 INFO Candle 2025-10-29 12:00:00 | close=1116.8200 RSI(live)=46.42 (entry<=36.00 exit>=100.00)
2025-10-30 00:19:31,277 INFO Candle 2025-10-29 12:00:00 | close=1116.7300 RSI(live)=46.38 (entry<=36.00 exit>=100.00)
2025-10-30 00:19:36,676 INFO Candle 2025-10-29 12:00:00 | close=1116.9500 RSI(live)=46.48 (entry<=36.00 exit>=100.00)
2025-10-30 00:19:42,149 INFO Candle 2025-10-29 12:00:00 | close=1116.9500 RSI(live)=46.48 (entry<=36.00 exit>=100.00)
2025-10-30 00:19:47,515 INFO Candle 2025-10-29 12:00:00 | close=1116.7000 RSI(live)=46.37 (entry<=36.00 exit>=100.00)
2025-10-30 00:19:52,853 INFO Candle 2025-10-29 12:00:00 | close=1116.6900 RSI(live)=46.37 (entry<=36.00 exit>=100.00)
2025-10-30 00:19:58,156 INFO Candle 2025-10-29 12:00:00 | close=1116.6400 RSI(live)=46.34 (entry<=36.00 exit>=100.00)
2025-10-30 00:20:03,555 INFO Candle 2025-10-29 12:00:00 | close=1116.5000 RSI(live)=46.28 (entry<=36.00 exit>=100.00)
2025-10-30 00:20:08,933 INFO Candle 2025-10-29 12:00:00 | close=1116.5000 RSI(live)=46.28 (entry<=36.00 exit>=100.00)
2025-10-30 00:20:14,367 INFO Candle 2025-10-29 12:00:00 | close=1116.2100 RSI(live)=46.14 (entry<=36.00 exit>=100.00)
2025-10-30 00:20:19,762 INFO Candle 2025-10-29 12:00:00 | close=1116.2200 RSI(live)=46.15 (entry<=36.00 exit>=100.00)
2025-10-30 00:20:25,257 INFO Candle 2025-10-29 12:00:00 | close=1116.2200 RSI(live)=46.15 (entry<=36.00 exit>=100.00)
2025-10-30 00:20:30,595 INFO Candle 2025-10-29 12:00:00 | close=1116.4800 RSI(live)=46.27 (entry<=36.00 exit>=100.00)
2025-10-30 00:20:35,926 INFO Candle 2025-10-29 12:00:00 | close=1116.7800 RSI(live)=46.41 (entry<=36.00 exit>=100.00)
2025-10-30 00:20:41,433 INFO Candle 2025-10-29 12:00:00 | close=1116.7400 RSI(live)=46.39 (entry<=36.00 exit>=100.00)
2025-10-30 00:20:46,788 INFO Candle 2025-10-29 12:00:00 | close=1117.0100 RSI(live)=46.51 (entry<=36.00 exit>=100.00)
2025-10-30 00:20:52,187 INFO Candle 2025-10-29 12:00:00 | close=1117.0100 RSI(live)=46.51 (entry<=36.00 exit>=100.00)
2025-10-30 00:20:57,622 INFO Candle 2025-10-29 12:00:00 | close=1117.1900 RSI(live)=46.59 (entry<=36.00 exit>=100.00)
2025-10-30 00:21:03,159 INFO Candle 2025-10-29 12:00:00 | close=1117.1800 RSI(live)=46.59 (entry<=36.00 exit>=100.00)
2025-10-30 00:21:08,585 INFO Candle 2025-10-29 12:00:00 | close=1117.1800 RSI(live)=46.59 (entry<=36.00 exit>=100.00)
2025-10-30 00:21:14,016 INFO Candle 2025-10-29 12:00:00 | close=1117.2400 RSI(live)=46.62 (entry<=36.00 exit>=100.00)
2025-10-30 00:21:19,376 INFO Candle 2025-10-29 12:00:00 | close=1117.2800 RSI(live)=46.63 (entry<=36.00 exit>=100.00)
2025-10-30 00:21:24,764 INFO Candle 2025-10-29 12:00:00 | close=1117.3100 RSI(live)=46.65 (entry<=36.00 exit>=100.00)
2025-10-30 00:21:30,142 INFO Candle 2025-10-29 12:00:00 | close=1117.3700 RSI(live)=46.67 (entry<=36.00 exit>=100.00)
2025-10-30 00:21:35,452 INFO Candle 2025-10-29 12:00:00 | close=1117.4300 RSI(live)=46.70 (entry<=36.00 exit>=100.00)
2025-10-30 00:21:40,940 INFO Candle 2025-10-29 12:00:00 | close=1117.4300 RSI(live)=46.70 (entry<=36.00 exit>=100.00)
2025-10-30 00:21:46,274 INFO Candle 2025-10-29 12:00:00 | close=1117.4800 RSI(live)=46.72 (entry<=36.00 exit>=100.00)
2025-10-30 00:21:51,556 INFO Candle 2025-10-29 12:00:00 | close=1117.4800 RSI(live)=46.72 (entry<=36.00 exit>=100.00)
2025-10-30 00:21:56,877 INFO Candle 2025-10-29 12:00:00 | close=1117.5600 RSI(live)=46.76 (entry<=36.00 exit>=100.00)
2025-10-30 00:22:02,280 INFO Candle 2025-10-29 12:00:00 | close=1117.5500 RSI(live)=46.76 (entry<=36.00 exit>=100.00)
2025-10-30 00:22:07,559 INFO Candle 2025-10-29 12:00:00 | close=1117.5600 RSI(live)=46.76 (entry<=36.00 exit>=100.00)
2025-10-30 00:22:12,877 INFO Candle 2025-10-29 12:00:00 | close=1117.8300 RSI(live)=46.88 (entry<=36.00 exit>=100.00)
2025-10-30 00:22:18,221 INFO Candle 2025-10-29 12:00:00 | close=1117.8400 RSI(live)=46.89 (entry<=36.00 exit>=100.00)
2025-10-30 00:22:23,646 INFO Candle 2025-10-29 12:00:00 | close=1117.8400 RSI(live)=46.89 (entry<=36.00 exit>=100.00)
2025-10-30 00:22:29,140 INFO Candle 2025-10-29 12:00:00 | close=1117.7600 RSI(live)=46.85 (entry<=36.00 exit>=100.00)
2025-10-30 00:22:34,556 INFO Candle 2025-10-29 12:00:00 | close=1117.7700 RSI(live)=46.86 (entry<=36.00 exit>=100.00)
2025-10-30 00:22:39,912 INFO Candle 2025-10-29 12:00:00 | close=1117.7700 RSI(live)=46.86 (entry<=36.00 exit>=100.00)
2025-10-30 00:22:45,251 INFO Candle 2025-10-29 12:00:00 | close=1117.5100 RSI(live)=46.74 (entry<=36.00 exit>=100.00)
2025-10-30 00:22:50,631 INFO Candle 2025-10-29 12:00:00 | close=1117.5100 RSI(live)=46.74 (entry<=36.00 exit>=100.00)
2025-10-30 00:22:55,991 INFO Candle 2025-10-29 12:00:00 | close=1117.8300 RSI(live)=46.88 (entry<=36.00 exit>=100.00)
2025-10-30 00:23:01,717 INFO Candle 2025-10-29 12:00:00 | close=1117.8600 RSI(live)=46.90 (entry<=36.00 exit>=100.00)
2025-10-30 00:23:07,054 INFO Candle 2025-10-29 12:00:00 | close=1118.0700 RSI(live)=46.99 (entry<=36.00 exit>=100.00)
2025-10-30 00:23:12,397 INFO Candle 2025-10-29 12:00:00 | close=1117.8500 RSI(live)=46.89 (entry<=36.00 exit>=100.00)
2025-10-30 00:23:17,833 INFO Candle 2025-10-29 12:00:00 | close=1117.8500 RSI(live)=46.89 (entry<=36.00 exit>=100.00)
2025-10-30 00:23:23,133 INFO Candle 2025-10-29 12:00:00 | close=1117.9800 RSI(live)=46.95 (entry<=36.00 exit>=100.00)
2025-10-30 00:23:28,565 INFO Candle 2025-10-29 12:00:00 | close=1117.9800 RSI(live)=46.95 (entry<=36.00 exit>=100.00)
2025-10-30 00:23:33,915 INFO Candle 2025-10-29 12:00:00 | close=1117.9800 RSI(live)=46.95 (entry<=36.00 exit>=100.00)
2025-10-30 00:23:39,202 INFO Candle 2025-10-29 12:00:00 | close=1117.9800 RSI(live)=46.95 (entry<=36.00 exit>=100.00)
2025-10-30 00:23:44,532 INFO Candle 2025-10-29 12:00:00 | close=1118.0800 RSI(live)=46.99 (entry<=36.00 exit>=100.00)
2025-10-30 00:23:49,874 INFO Candle 2025-10-29 12:00:00 | close=1118.0800 RSI(live)=46.99 (entry<=36.00 exit>=100.00)
2025-10-30 00:23:55,244 INFO Candle 2025-10-29 12:00:00 | close=1118.3800 RSI(live)=47.13 (entry<=36.00 exit>=100.00)
2025-10-30 00:24:00,723 INFO Candle 2025-10-29 12:00:00 | close=1118.3700 RSI(live)=47.12 (entry<=36.00 exit>=100.00)
2025-10-30 00:24:06,055 INFO Candle 2025-10-29 12:00:00 | close=1118.3800 RSI(live)=47.13 (entry<=36.00 exit>=100.00)
2025-10-30 00:24:11,416 INFO Candle 2025-10-29 12:00:00 | close=1118.4100 RSI(live)=47.14 (entry<=36.00 exit>=100.00)
2025-10-30 00:24:16,888 INFO Candle 2025-10-29 12:00:00 | close=1118.4000 RSI(live)=47.14 (entry<=36.00 exit>=100.00)
2025-10-30 00:24:22,274 INFO Candle 2025-10-29 12:00:00 | close=1118.5400 RSI(live)=47.20 (entry<=36.00 exit>=100.00)
2025-10-30 00:24:27,650 INFO Candle 2025-10-29 12:00:00 | close=1118.6500 RSI(live)=47.25 (entry<=36.00 exit>=100.00)
2025-10-30 00:24:33,032 INFO Candle 2025-10-29 12:00:00 | close=1118.6700 RSI(live)=47.26 (entry<=36.00 exit>=100.00)
2025-10-30 00:24:38,435 INFO Candle 2025-10-29 12:00:00 | close=1118.4200 RSI(live)=47.15 (entry<=36.00 exit>=100.00)
2025-10-30 00:24:43,919 INFO Candle 2025-10-29 12:00:00 | close=1118.6500 RSI(live)=47.25 (entry<=36.00 exit>=100.00)
2025-10-30 00:24:49,292 INFO Candle 2025-10-29 12:00:00 | close=1118.6700 RSI(live)=47.26 (entry<=36.00 exit>=100.00)
2025-10-30 00:24:54,740 INFO Candle 2025-10-29 12:00:00 | close=1118.6700 RSI(live)=47.26 (entry<=36.00 exit>=100.00)
2025-10-30 00:25:00,311 INFO Candle 2025-10-29 12:00:00 | close=1118.5200 RSI(live)=47.19 (entry<=36.00 exit>=100.00)
2025-10-30 00:25:05,655 INFO Candle 2025-10-29 12:00:00 | close=1118.5300 RSI(live)=47.19 (entry<=36.00 exit>=100.00)
2025-10-30 00:25:11,064 INFO Candle 2025-10-29 12:00:00 | close=1118.5400 RSI(live)=47.20 (entry<=36.00 exit>=100.00)
2025-10-30 00:25:16,356 INFO Candle 2025-10-29 12:00:00 | close=1118.5400 RSI(live)=47.20 (entry<=36.00 exit>=100.00)
2025-10-30 00:25:21,698 INFO Candle 2025-10-29 12:00:00 | close=1118.4100 RSI(live)=47.14 (entry<=36.00 exit>=100.00)
2025-10-30 00:25:21,856 INFO Heartbeat: BNBUSDT 4h running. Last RSI=47.14, price=1118.4100
2025-10-30 00:25:29,008 INFO Candle 2025-10-29 12:00:00 | close=1118.2000 RSI(live)=47.05 (entry<=36.00 exit>=100.00)
2025-10-30 00:25:34,448 INFO Candle 2025-10-29 12:00:00 | close=1118.2000 RSI(live)=47.05 (entry<=36.00 exit>=100.00)
2025-10-30 00:25:39,790 INFO Candle 2025-10-29 12:00:00 | close=1118.1900 RSI(live)=47.04 (entry<=36.00 exit>=100.00)
2025-10-30 00:25:45,159 INFO Candle 2025-10-29 12:00:00 | close=1117.8100 RSI(live)=46.87 (entry<=36.00 exit>=100.00)
2025-10-30 00:25:50,584 INFO Candle 2025-10-29 12:00:00 | close=1117.8000 RSI(live)=46.87 (entry<=36.00 exit>=100.00)
2025-10-30 00:25:56,172 INFO Candle 2025-10-29 12:00:00 | close=1117.7300 RSI(live)=46.84 (entry<=36.00 exit>=100.00)
2025-10-30 00:26:01,555 INFO Candle 2025-10-29 12:00:00 | close=1117.6500 RSI(live)=46.80 (entry<=36.00 exit>=100.00)
2025-10-30 00:26:06,965 INFO Candle 2025-10-29 12:00:00 | close=1118.3200 RSI(live)=47.10 (entry<=36.00 exit>=100.00)
2025-10-30 00:26:12,399 INFO Candle 2025-10-29 12:00:00 | close=1117.9900 RSI(live)=46.95 (entry<=36.00 exit>=100.00)
2025-10-30 00:26:17,812 INFO Candle 2025-10-29 12:00:00 | close=1117.7900 RSI(live)=46.86 (entry<=36.00 exit>=100.00)
2025-10-30 00:26:23,172 INFO Candle 2025-10-29 12:00:00 | close=1117.9000 RSI(live)=46.91 (entry<=36.00 exit>=100.00)
2025-10-30 00:26:28,530 INFO Candle 2025-10-29 12:00:00 | close=1117.9000 RSI(live)=46.91 (entry<=36.00 exit>=100.00)
2025-10-30 00:26:34,015 INFO Candle 2025-10-29 12:00:00 | close=1117.7900 RSI(live)=46.86 (entry<=36.00 exit>=100.00)
2025-10-30 00:26:39,348 INFO Candle 2025-10-29 12:00:00 | close=1117.8000 RSI(live)=46.87 (entry<=36.00 exit>=100.00)
2025-10-30 00:26:44,634 INFO Candle 2025-10-29 12:00:00 | close=1117.8000 RSI(live)=46.87 (entry<=36.00 exit>=100.00)
2025-10-30 00:26:50,025 INFO Candle 2025-10-29 12:00:00 | close=1117.8000 RSI(live)=46.87 (entry<=36.00 exit>=100.00)
2025-10-30 00:26:55,312 INFO Candle 2025-10-29 12:00:00 | close=1117.7900 RSI(live)=46.86 (entry<=36.00 exit>=100.00)
2025-10-30 00:27:00,695 INFO Candle 2025-10-29 12:00:00 | close=1117.7900 RSI(live)=46.86 (entry<=36.00 exit>=100.00)
2025-10-30 00:27:06,152 INFO Candle 2025-10-29 12:00:00 | close=1117.5900 RSI(live)=46.77 (entry<=36.00 exit>=100.00)
2025-10-30 00:27:11,485 INFO Candle 2025-10-29 12:00:00 | close=1117.8900 RSI(live)=46.91 (entry<=36.00 exit>=100.00)
2025-10-30 00:27:16,925 INFO Candle 2025-10-29 12:00:00 | close=1117.7900 RSI(live)=46.86 (entry<=36.00 exit>=100.00)
2025-10-30 00:27:22,341 INFO Candle 2025-10-29 12:00:00 | close=1117.8600 RSI(live)=46.90 (entry<=36.00 exit>=100.00)
2025-10-30 00:27:27,760 INFO Candle 2025-10-29 12:00:00 | close=1117.8700 RSI(live)=46.90 (entry<=36.00 exit>=100.00)
2025-10-30 00:27:33,076 INFO Candle 2025-10-29 12:00:00 | close=1117.6500 RSI(live)=46.80 (entry<=36.00 exit>=100.00)
2025-10-30 00:27:38,413 INFO Candle 2025-10-29 12:00:00 | close=1117.3700 RSI(live)=46.67 (entry<=36.00 exit>=100.00)
2025-10-30 00:27:43,737 INFO Candle 2025-10-29 12:00:00 | close=1117.4700 RSI(live)=46.72 (entry<=36.00 exit>=100.00)
2025-10-30 00:27:49,057 INFO Candle 2025-10-29 12:00:00 | close=1117.4100 RSI(live)=46.69 (entry<=36.00 exit>=100.00)
2025-10-30 00:27:54,350 INFO Candle 2025-10-29 12:00:00 | close=1117.4200 RSI(live)=46.70 (entry<=36.00 exit>=100.00)
2025-10-30 00:27:59,669 INFO Candle 2025-10-29 12:00:00 | close=1117.4200 RSI(live)=46.70 (entry<=36.00 exit>=100.00)
2025-10-30 00:28:04,991 INFO Candle 2025-10-29 12:00:00 | close=1117.2000 RSI(live)=46.60 (entry<=36.00 exit>=100.00)
2025-10-30 00:28:10,358 INFO Candle 2025-10-29 12:00:00 | close=1117.1000 RSI(live)=46.55 (entry<=36.00 exit>=100.00)
2025-10-30 00:28:15,780 INFO Candle 2025-10-29 12:00:00 | close=1116.9900 RSI(live)=46.50 (entry<=36.00 exit>=100.00)
2025-10-30 00:28:21,148 INFO Candle 2025-10-29 12:00:00 | close=1116.9600 RSI(live)=46.49 (entry<=36.00 exit>=100.00)
2025-10-30 00:28:26,534 INFO Candle 2025-10-29 12:00:00 | close=1116.9600 RSI(live)=46.49 (entry<=36.00 exit>=100.00)
2025-10-30 00:28:32,075 INFO Candle 2025-10-29 12:00:00 | close=1116.9900 RSI(live)=46.50 (entry<=36.00 exit>=100.00)
2025-10-30 00:28:37,402 INFO Candle 2025-10-29 12:00:00 | close=1117.1800 RSI(live)=46.59 (entry<=36.00 exit>=100.00)
2025-10-30 00:28:42,710 INFO Candle 2025-10-29 12:00:00 | close=1117.2200 RSI(live)=46.61 (entry<=36.00 exit>=100.00)
2025-10-30 00:28:48,113 INFO Candle 2025-10-29 12:00:00 | close=1117.3500 RSI(live)=46.67 (entry<=36.00 exit>=100.00)
2025-10-30 00:28:53,541 INFO Candle 2025-10-29 12:00:00 | close=1117.2600 RSI(live)=46.62 (entry<=36.00 exit>=100.00)
2025-10-30 00:28:58,913 INFO Candle 2025-10-29 12:00:00 | close=1117.2600 RSI(live)=46.62 (entry<=36.00 exit>=100.00)
2025-10-30 00:29:04,347 INFO Candle 2025-10-29 12:00:00 | close=1116.9900 RSI(live)=46.50 (entry<=36.00 exit>=100.00)
2025-10-30 00:29:09,721 INFO Candle 2025-10-29 12:00:00 | close=1116.9800 RSI(live)=46.50 (entry<=36.00 exit>=100.00)
2025-10-30 00:29:15,068 INFO Candle 2025-10-29 12:00:00 | close=1116.9800 RSI(live)=46.50 (entry<=36.00 exit>=100.00)
2025-10-30 00:29:20,464 INFO Candle 2025-10-29 12:00:00 | close=1116.9800 RSI(live)=46.50 (entry<=36.00 exit>=100.00)
2025-10-30 00:29:25,786 INFO Candle 2025-10-29 12:00:00 | close=1116.9800 RSI(live)=46.50 (entry<=36.00 exit>=100.00)
2025-10-30 00:29:31,247 INFO Candle 2025-10-29 12:00:00 | close=1116.7600 RSI(live)=46.40 (entry<=36.00 exit>=100.00)
2025-10-30 00:29:36,640 INFO Candle 2025-10-29 12:00:00 | close=1116.9100 RSI(live)=46.47 (entry<=36.00 exit>=100.00)
2025-10-30 00:29:42,014 INFO Candle 2025-10-29 12:00:00 | close=1116.9100 RSI(live)=46.47 (entry<=36.00 exit>=100.00)
2025-10-30 00:29:47,444 INFO Candle 2025-10-29 12:00:00 | close=1116.8900 RSI(live)=46.46 (entry<=36.00 exit>=100.00)
2025-10-30 00:29:52,875 INFO Candle 2025-10-29 12:00:00 | close=1116.8900 RSI(live)=46.46 (entry<=36.00 exit>=100.00)
2025-10-30 00:29:58,264 INFO Candle 2025-10-29 12:00:00 | close=1116.8100 RSI(live)=46.42 (entry<=36.00 exit>=100.00)
2025-10-30 00:30:03,613 INFO Candle 2025-10-29 12:00:00 | close=1116.8200 RSI(live)=46.42 (entry<=36.00 exit>=100.00)
2025-10-30 00:30:08,915 INFO Candle 2025-10-29 12:00:00 | close=1117.0200 RSI(live)=46.52 (entry<=36.00 exit>=100.00)
2025-10-30 00:30:14,277 INFO Candle 2025-10-29 12:00:00 | close=1116.8200 RSI(live)=46.42 (entry<=36.00 exit>=100.00)
2025-10-30 00:30:19,650 INFO Candle 2025-10-29 12:00:00 | close=1116.8200 RSI(live)=46.42 (entry<=36.00 exit>=100.00)
2025-10-30 00:30:25,065 INFO Candle 2025-10-29 12:00:00 | close=1116.2800 RSI(live)=46.18 (entry<=36.00 exit>=100.00)
2025-10-30 00:30:30,354 INFO Candle 2025-10-29 12:00:00 | close=1116.1900 RSI(live)=46.14 (entry<=36.00 exit>=100.00)
2025-10-30 00:30:35,768 INFO Candle 2025-10-29 12:00:00 | close=1116.3700 RSI(live)=46.22 (entry<=36.00 exit>=100.00)
2025-10-30 00:30:41,172 INFO Candle 2025-10-29 12:00:00 | close=1116.3700 RSI(live)=46.22 (entry<=36.00 exit>=100.00)
2025-10-30 00:30:46,478 INFO Candle 2025-10-29 12:00:00 | close=1116.4400 RSI(live)=46.25 (entry<=36.00 exit>=100.00)
2025-10-30 00:30:51,756 INFO Candle 2025-10-29 12:00:00 | close=1116.3100 RSI(live)=46.19 (entry<=36.00 exit>=100.00)
2025-10-30 00:30:57,069 INFO Candle 2025-10-29 12:00:00 | close=1116.2100 RSI(live)=46.14 (entry<=36.00 exit>=100.00)
2025-10-30 00:31:02,382 INFO Candle 2025-10-29 12:00:00 | close=1116.1000 RSI(live)=46.09 (entry<=36.00 exit>=100.00)
2025-10-30 00:31:07,713 INFO Candle 2025-10-29 12:00:00 | close=1116.2300 RSI(live)=46.15 (entry<=36.00 exit>=100.00)
2025-10-30 00:31:13,017 INFO Candle 2025-10-29 12:00:00 | close=1116.3400 RSI(live)=46.20 (entry<=36.00 exit>=100.00)
2025-10-30 00:31:18,320 INFO Candle 2025-10-29 12:00:00 | close=1116.6100 RSI(live)=46.33 (entry<=36.00 exit>=100.00)
2025-10-30 00:31:23,628 INFO Candle 2025-10-29 12:00:00 | close=1116.4300 RSI(live)=46.25 (entry<=36.00 exit>=100.00)
2025-10-30 00:31:28,918 INFO Candle 2025-10-29 12:00:00 | close=1116.5900 RSI(live)=46.32 (entry<=36.00 exit>=100.00)
2025-10-30 00:31:34,230 INFO Candle 2025-10-29 12:00:00 | close=1116.5500 RSI(live)=46.30 (entry<=36.00 exit>=100.00)
2025-10-30 00:31:39,526 INFO Candle 2025-10-29 12:00:00 | close=1116.4600 RSI(live)=46.26 (entry<=36.00 exit>=100.00)
2025-10-30 00:31:44,843 INFO Candle 2025-10-29 12:00:00 | close=1116.3300 RSI(live)=46.20 (entry<=36.00 exit>=100.00)
2025-10-30 00:31:50,166 INFO Candle 2025-10-29 12:00:00 | close=1116.3600 RSI(live)=46.21 (entry<=36.00 exit>=100.00)
2025-10-30 00:31:55,476 INFO Candle 2025-10-29 12:00:00 | close=1116.5600 RSI(live)=46.31 (entry<=36.00 exit>=100.00)
2025-10-30 00:32:00,794 INFO Candle 2025-10-29 12:00:00 | close=1115.9500 RSI(live)=46.02 (entry<=36.00 exit>=100.00)
2025-10-30 00:32:06,080 INFO Candle 2025-10-29 12:00:00 | close=1116.0000 RSI(live)=46.05 (entry<=36.00 exit>=100.00)
2025-10-30 00:32:11,394 INFO Candle 2025-10-29 12:00:00 | close=1116.3300 RSI(live)=46.20 (entry<=36.00 exit>=100.00)
2025-10-30 00:32:16,716 INFO Candle 2025-10-29 12:00:00 | close=1116.6800 RSI(live)=46.36 (entry<=36.00 exit>=100.00)
2025-10-30 00:32:22,127 INFO Candle 2025-10-29 12:00:00 | close=1117.0000 RSI(live)=46.51 (entry<=36.00 exit>=100.00)
2025-10-30 00:32:27,426 INFO Candle 2025-10-29 12:00:00 | close=1116.8500 RSI(live)=46.44 (entry<=36.00 exit>=100.00)
2025-10-30 00:32:32,846 INFO Candle 2025-10-29 12:00:00 | close=1116.9000 RSI(live)=46.46 (entry<=36.00 exit>=100.00)
2025-10-30 00:32:38,155 INFO Candle 2025-10-29 12:00:00 | close=1116.6000 RSI(live)=46.32 (entry<=36.00 exit>=100.00)
2025-10-30 00:32:43,473 INFO Candle 2025-10-29 12:00:00 | close=1116.1900 RSI(live)=46.14 (entry<=36.00 exit>=100.00)
2025-10-30 00:32:48,790 INFO Candle 2025-10-29 12:00:00 | close=1116.1900 RSI(live)=46.14 (entry<=36.00 exit>=100.00)
2025-10-30 00:32:54,278 INFO Candle 2025-10-29 12:00:00 | close=1116.2600 RSI(live)=46.17 (entry<=36.00 exit>=100.00)
2025-10-30 00:32:59,601 INFO Candle 2025-10-29 12:00:00 | close=1116.2400 RSI(live)=46.16 (entry<=36.00 exit>=100.00)
2025-10-30 00:33:04,930 INFO Candle 2025-10-29 12:00:00 | close=1116.5700 RSI(live)=46.31 (entry<=36.00 exit>=100.00)
2025-10-30 00:33:10,268 INFO Candle 2025-10-29 12:00:00 | close=1116.2500 RSI(live)=46.16 (entry<=36.00 exit>=100.00)
2025-10-30 00:33:15,620 INFO Candle 2025-10-29 12:00:00 | close=1116.1300 RSI(live)=46.11 (entry<=36.00 exit>=100.00)
2025-10-30 00:33:20,977 INFO Candle 2025-10-29 12:00:00 | close=1116.3600 RSI(live)=46.21 (entry<=36.00 exit>=100.00)
2025-10-30 00:33:26,403 INFO Candle 2025-10-29 12:00:00 | close=1116.1800 RSI(live)=46.13 (entry<=36.00 exit>=100.00)
2025-10-30 00:33:31,699 INFO Candle 2025-10-29 12:00:00 | close=1116.0000 RSI(live)=46.05 (entry<=36.00 exit>=100.00)
2025-10-30 00:33:37,035 INFO Candle 2025-10-29 12:00:00 | close=1115.9100 RSI(live)=46.01 (entry<=36.00 exit>=100.00)
2025-10-30 00:33:42,422 INFO Candle 2025-10-29 12:00:00 | close=1115.8100 RSI(live)=45.96 (entry<=36.00 exit>=100.00)
2025-10-30 00:33:47,761 INFO Candle 2025-10-29 12:00:00 | close=1115.5600 RSI(live)=45.84 (entry<=36.00 exit>=100.00)
2025-10-30 00:33:53,137 INFO Candle 2025-10-29 12:00:00 | close=1115.4100 RSI(live)=45.77 (entry<=36.00 exit>=100.00)
2025-10-30 00:33:58,432 INFO Candle 2025-10-29 12:00:00 | close=1114.1800 RSI(live)=45.19 (entry<=36.00 exit>=100.00)
2025-10-30 00:34:03,733 INFO Candle 2025-10-29 12:00:00 | close=1114.0800 RSI(live)=45.14 (entry<=36.00 exit>=100.00)
2025-10-30 00:34:09,035 INFO Candle 2025-10-29 12:00:00 | close=1113.9000 RSI(live)=45.06 (entry<=36.00 exit>=100.00)
2025-10-30 00:34:14,337 INFO Candle 2025-10-29 12:00:00 | close=1114.5700 RSI(live)=45.38 (entry<=36.00 exit>=100.00)
2025-10-30 00:34:19,679 INFO Candle 2025-10-29 12:00:00 | close=1114.0100 RSI(live)=45.11 (entry<=36.00 exit>=100.00)
2025-10-30 00:34:24,970 INFO Candle 2025-10-29 12:00:00 | close=1113.8100 RSI(live)=45.01 (entry<=36.00 exit>=100.00)
2025-10-30 00:34:30,284 INFO Candle 2025-10-29 12:00:00 | close=1113.7000 RSI(live)=44.96 (entry<=36.00 exit>=100.00)
2025-10-30 00:34:35,766 INFO Candle 2025-10-29 12:00:00 | close=1113.9000 RSI(live)=45.06 (entry<=36.00 exit>=100.00)
2025-10-30 00:34:41,332 INFO Candle 2025-10-29 12:00:00 | close=1113.7000 RSI(live)=44.96 (entry<=36.00 exit>=100.00)
2025-10-30 00:34:46,654 INFO Candle 2025-10-29 12:00:00 | close=1113.9000 RSI(live)=45.06 (entry<=36.00 exit>=100.00)
2025-10-30 00:34:51,948 INFO Candle 2025-10-29 12:00:00 | close=1113.8700 RSI(live)=45.04 (entry<=36.00 exit>=100.00)
2025-10-30 00:34:57,227 INFO Candle 2025-10-29 12:00:00 | close=1113.6700 RSI(live)=44.95 (entry<=36.00 exit>=100.00)
2025-10-30 00:35:02,518 INFO Candle 2025-10-29 12:00:00 | close=1113.5400 RSI(live)=44.89 (entry<=36.00 exit>=100.00)
2025-10-30 00:35:07,826 INFO Candle 2025-10-29 12:00:00 | close=1113.7100 RSI(live)=44.97 (entry<=36.00 exit>=100.00)
2025-10-30 00:35:13,125 INFO Candle 2025-10-29 12:00:00 | close=1113.4500 RSI(live)=44.86 (entry<=36.00 exit>=100.00)
2025-10-30 00:35:18,441 INFO Candle 2025-10-29 12:00:00 | close=1113.4400 RSI(live)=44.86 (entry<=36.00 exit>=100.00)
2025-10-30 00:35:23,769 INFO Candle 2025-10-29 12:00:00 | close=1113.3900 RSI(live)=44.84 (entry<=36.00 exit>=100.00)
2025-10-30 00:35:29,138 INFO Candle 2025-10-29 12:00:00 | close=1114.1200 RSI(live)=45.16 (entry<=36.00 exit>=100.00)
2025-10-30 00:35:34,505 INFO Candle 2025-10-29 12:00:00 | close=1114.1600 RSI(live)=45.18 (entry<=36.00 exit>=100.00)
2025-10-30 00:35:39,902 INFO Candle 2025-10-29 12:00:00 | close=1114.0700 RSI(live)=45.14 (entry<=36.00 exit>=100.00)
2025-10-30 00:35:45,254 INFO Candle 2025-10-29 12:00:00 | close=1114.0000 RSI(live)=45.11 (entry<=36.00 exit>=100.00)
2025-10-30 00:35:50,556 INFO Candle 2025-10-29 12:00:00 | close=1114.0100 RSI(live)=45.11 (entry<=36.00 exit>=100.00)
2025-10-30 00:35:55,873 INFO Candle 2025-10-29 12:00:00 | close=1113.7200 RSI(live)=44.97 (entry<=36.00 exit>=100.00)
2025-10-30 00:36:01,196 INFO Candle 2025-10-29 12:00:00 | close=1113.6400 RSI(live)=44.93 (entry<=36.00 exit>=100.00)
2025-10-30 00:36:06,481 INFO Candle 2025-10-29 12:00:00 | close=1113.6100 RSI(live)=44.92 (entry<=36.00 exit>=100.00)
2025-10-30 00:36:11,764 INFO Candle 2025-10-29 12:00:00 | close=1113.9100 RSI(live)=45.06 (entry<=36.00 exit>=100.00)
2025-10-30 00:36:17,079 INFO Candle 2025-10-29 12:00:00 | close=1113.3500 RSI(live)=44.82 (entry<=36.00 exit>=100.00)
2025-10-30 00:36:22,403 INFO Candle 2025-10-29 12:00:00 | close=1113.3500 RSI(live)=44.82 (entry<=36.00 exit>=100.00)
2025-10-30 00:36:27,713 INFO Candle 2025-10-29 12:00:00 | close=1113.4600 RSI(live)=44.86 (entry<=36.00 exit>=100.00)
2025-10-30 00:36:33,030 INFO Candle 2025-10-29 12:00:00 | close=1113.2800 RSI(live)=44.79 (entry<=36.00 exit>=100.00)
2025-10-30 00:36:38,340 INFO Candle 2025-10-29 12:00:00 | close=1113.0100 RSI(live)=44.69 (entry<=36.00 exit>=100.00)
2025-10-30 00:36:43,695 INFO Candle 2025-10-29 12:00:00 | close=1113.1800 RSI(live)=44.75 (entry<=36.00 exit>=100.00)
2025-10-30 00:36:49,000 INFO Candle 2025-10-29 12:00:00 | close=1112.6800 RSI(live)=44.56 (entry<=36.00 exit>=100.00)
2025-10-30 00:36:54,315 INFO Candle 2025-10-29 12:00:00 | close=1112.7600 RSI(live)=44.59 (entry<=36.00 exit>=100.00)
2025-10-30 00:36:59,668 INFO Candle 2025-10-29 12:00:00 | close=1112.5900 RSI(live)=44.52 (entry<=36.00 exit>=100.00)
2025-10-30 00:37:04,988 INFO Candle 2025-10-29 12:00:00 | close=1112.3300 RSI(live)=44.42 (entry<=36.00 exit>=100.00)
2025-10-30 00:37:10,267 INFO Candle 2025-10-29 12:00:00 | close=1112.3000 RSI(live)=44.41 (entry<=36.00 exit>=100.00)
2025-10-30 00:37:15,560 INFO Candle 2025-10-29 12:00:00 | close=1112.2000 RSI(live)=44.37 (entry<=36.00 exit>=100.00)
2025-10-30 00:37:20,891 INFO Candle 2025-10-29 12:00:00 | close=1111.8200 RSI(live)=44.23 (entry<=36.00 exit>=100.00)
2025-10-30 00:37:26,192 INFO Candle 2025-10-29 12:00:00 | close=1111.9700 RSI(live)=44.29 (entry<=36.00 exit>=100.00)
2025-10-30 00:37:31,510 INFO Candle 2025-10-29 12:00:00 | close=1111.5100 RSI(live)=44.11 (entry<=36.00 exit>=100.00)
2025-10-30 00:37:36,802 INFO Candle 2025-10-29 12:00:00 | close=1111.7400 RSI(live)=44.20 (entry<=36.00 exit>=100.00)
2025-10-30 00:37:42,116 INFO Candle 2025-10-29 12:00:00 | close=1111.9500 RSI(live)=44.28 (entry<=36.00 exit>=100.00)
2025-10-30 00:37:47,422 INFO Candle 2025-10-29 12:00:00 | close=1111.7900 RSI(live)=44.22 (entry<=36.00 exit>=100.00)
2025-10-30 00:37:52,729 INFO Candle 2025-10-29 12:00:00 | close=1112.0800 RSI(live)=44.33 (entry<=36.00 exit>=100.00)
2025-10-30 00:37:58,037 INFO Candle 2025-10-29 12:00:00 | close=1112.5200 RSI(live)=44.50 (entry<=36.00 exit>=100.00)
2025-10-30 00:38:03,330 INFO Candle 2025-10-29 12:00:00 | close=1112.1800 RSI(live)=44.37 (entry<=36.00 exit>=100.00)
2025-10-30 00:38:08,645 INFO Candle 2025-10-29 12:00:00 | close=1112.1800 RSI(live)=44.37 (entry<=36.00 exit>=100.00)
2025-10-30 00:38:13,972 INFO Candle 2025-10-29 12:00:00 | close=1112.5900 RSI(live)=44.52 (entry<=36.00 exit>=100.00)
2025-10-30 00:38:19,287 INFO Candle 2025-10-29 12:00:00 | close=1112.9800 RSI(live)=44.68 (entry<=36.00 exit>=100.00)
2025-10-30 00:38:24,600 INFO Candle 2025-10-29 12:00:00 | close=1112.8800 RSI(live)=44.64 (entry<=36.00 exit>=100.00)
2025-10-30 00:38:29,884 INFO Candle 2025-10-29 12:00:00 | close=1112.6800 RSI(live)=44.56 (entry<=36.00 exit>=100.00)
2025-10-30 00:38:35,168 INFO Candle 2025-10-29 12:00:00 | close=1112.7600 RSI(live)=44.59 (entry<=36.00 exit>=100.00)
2025-10-30 00:38:40,470 INFO Candle 2025-10-29 12:00:00 | close=1112.7700 RSI(live)=44.59 (entry<=36.00 exit>=100.00)
2025-10-30 00:38:45,758 INFO Candle 2025-10-29 12:00:00 | close=1112.8900 RSI(live)=44.64 (entry<=36.00 exit>=100.00)
2025-10-30 00:38:51,046 INFO Candle 2025-10-29 12:00:00 | close=1112.7700 RSI(live)=44.59 (entry<=36.00 exit>=100.00)
2025-10-30 00:38:56,383 INFO Candle 2025-10-29 12:00:00 | close=1112.8900 RSI(live)=44.64 (entry<=36.00 exit>=100.00)
2025-10-30 00:39:01,670 INFO Candle 2025-10-29 12:00:00 | close=1112.6500 RSI(live)=44.55 (entry<=36.00 exit>=100.00)
2025-10-30 00:39:06,992 INFO Candle 2025-10-29 12:00:00 | close=1112.6400 RSI(live)=44.54 (entry<=36.00 exit>=100.00)
2025-10-30 00:39:12,362 INFO Candle 2025-10-29 12:00:00 | close=1112.3300 RSI(live)=44.42 (entry<=36.00 exit>=100.00)
2025-10-30 00:39:17,658 INFO Candle 2025-10-29 12:00:00 | close=1112.3300 RSI(live)=44.42 (entry<=36.00 exit>=100.00)
2025-10-30 00:39:22,954 INFO Candle 2025-10-29 12:00:00 | close=1112.2100 RSI(live)=44.38 (entry<=36.00 exit>=100.00)
2025-10-30 00:39:28,268 INFO Candle 2025-10-29 12:00:00 | close=1112.2100 RSI(live)=44.38 (entry<=36.00 exit>=100.00)
2025-10-30 00:39:33,611 INFO Candle 2025-10-29 12:00:00 | close=1112.4100 RSI(live)=44.45 (entry<=36.00 exit>=100.00)
2025-10-30 00:39:38,938 INFO Candle 2025-10-29 12:00:00 | close=1111.9800 RSI(live)=44.29 (entry<=36.00 exit>=100.00)
2025-10-30 00:39:44,251 INFO Candle 2025-10-29 12:00:00 | close=1112.0900 RSI(live)=44.33 (entry<=36.00 exit>=100.00)
2025-10-30 00:39:49,571 INFO Candle 2025-10-29 12:00:00 | close=1111.9900 RSI(live)=44.29 (entry<=36.00 exit>=100.00)
2025-10-30 00:39:54,873 INFO Candle 2025-10-29 12:00:00 | close=1112.0700 RSI(live)=44.32 (entry<=36.00 exit>=100.00)
2025-10-30 00:40:00,187 INFO Candle 2025-10-29 12:00:00 | close=1112.0000 RSI(live)=44.30 (entry<=36.00 exit>=100.00)
2025-10-30 00:40:05,511 INFO Candle 2025-10-29 12:00:00 | close=1111.9700 RSI(live)=44.29 (entry<=36.00 exit>=100.00)
2025-10-30 00:40:10,807 INFO Candle 2025-10-29 12:00:00 | close=1111.7100 RSI(live)=44.19 (entry<=36.00 exit>=100.00)
2025-10-30 00:40:16,179 INFO Candle 2025-10-29 12:00:00 | close=1112.2200 RSI(live)=44.38 (entry<=36.00 exit>=100.00)
2025-10-30 00:40:21,542 INFO Candle 2025-10-29 12:00:00 | close=1112.4300 RSI(live)=44.46 (entry<=36.00 exit>=100.00)
2025-10-30 00:40:26,950 INFO Candle 2025-10-29 12:00:00 | close=1112.2800 RSI(live)=44.40 (entry<=36.00 exit>=100.00)
2025-10-30 00:40:32,307 INFO Candle 2025-10-29 12:00:00 | close=1112.2700 RSI(live)=44.40 (entry<=36.00 exit>=100.00)
2025-10-30 00:40:37,694 INFO Candle 2025-10-29 12:00:00 | close=1112.1600 RSI(live)=44.36 (entry<=36.00 exit>=100.00)
2025-10-30 00:40:43,027 INFO Candle 2025-10-29 12:00:00 | close=1111.9900 RSI(live)=44.29 (entry<=36.00 exit>=100.00)
2025-10-30 00:40:48,346 INFO Candle 2025-10-29 12:00:00 | close=1111.9800 RSI(live)=44.29 (entry<=36.00 exit>=100.00)
2025-10-30 00:40:53,663 INFO Candle 2025-10-29 12:00:00 | close=1111.8600 RSI(live)=44.24 (entry<=36.00 exit>=100.00)
2025-10-30 00:40:58,984 INFO Candle 2025-10-29 12:00:00 | close=1111.8500 RSI(live)=44.24 (entry<=36.00 exit>=100.00)
2025-10-30 00:41:04,325 INFO Candle 2025-10-29 12:00:00 | close=1112.2100 RSI(live)=44.38 (entry<=36.00 exit>=100.00)
2025-10-30 00:41:09,760 INFO Candle 2025-10-29 12:00:00 | close=1112.3700 RSI(live)=44.44 (entry<=36.00 exit>=100.00)
2025-10-30 00:41:15,110 INFO Candle 2025-10-29 12:00:00 | close=1112.6300 RSI(live)=44.54 (entry<=36.00 exit>=100.00)
2025-10-30 00:41:20,427 INFO Candle 2025-10-29 12:00:00 | close=1112.7800 RSI(live)=44.60 (entry<=36.00 exit>=100.00)
2025-10-30 00:41:25,706 INFO Candle 2025-10-29 12:00:00 | close=1112.9000 RSI(live)=44.64 (entry<=36.00 exit>=100.00)
2025-10-30 00:41:31,012 INFO Candle 2025-10-29 12:00:00 | close=1112.6500 RSI(live)=44.55 (entry<=36.00 exit>=100.00)
2025-10-30 00:41:36,354 INFO Candle 2025-10-29 12:00:00 | close=1112.6100 RSI(live)=44.53 (entry<=36.00 exit>=100.00)
2025-10-30 00:41:41,832 INFO Candle 2025-10-29 12:00:00 | close=1112.0100 RSI(live)=44.30 (entry<=36.00 exit>=100.00)
2025-10-30 00:41:47,122 INFO Candle 2025-10-29 12:00:00 | close=1112.2300 RSI(live)=44.39 (entry<=36.00 exit>=100.00)
2025-10-30 00:41:52,480 INFO Candle 2025-10-29 12:00:00 | close=1112.2900 RSI(live)=44.41 (entry<=36.00 exit>=100.00)
2025-10-30 00:41:57,757 INFO Candle 2025-10-29 12:00:00 | close=1112.2900 RSI(live)=44.41 (entry<=36.00 exit>=100.00)
2025-10-30 00:42:03,042 INFO Candle 2025-10-29 12:00:00 | close=1112.3000 RSI(live)=44.41 (entry<=36.00 exit>=100.00)
2025-10-30 00:42:08,351 INFO Candle 2025-10-29 12:00:00 | close=1112.9000 RSI(live)=44.64 (entry<=36.00 exit>=100.00)
2025-10-30 00:42:13,651 INFO Candle 2025-10-29 12:00:00 | close=1112.8000 RSI(live)=44.61 (entry<=36.00 exit>=100.00)
2025-10-30 00:42:18,958 INFO Candle 2025-10-29 12:00:00 | close=1113.0600 RSI(live)=44.71 (entry<=36.00 exit>=100.00)
2025-10-30 00:42:24,275 INFO Candle 2025-10-29 12:00:00 | close=1113.1900 RSI(live)=44.76 (entry<=36.00 exit>=100.00)
2025-10-30 00:42:29,588 INFO Candle 2025-10-29 12:00:00 | close=1112.8000 RSI(live)=44.61 (entry<=36.00 exit>=100.00)
2025-10-30 00:42:34,978 INFO Candle 2025-10-29 12:00:00 | close=1112.5500 RSI(live)=44.51 (entry<=36.00 exit>=100.00)
2025-10-30 00:42:40,373 INFO Candle 2025-10-29 12:00:00 | close=1112.7000 RSI(live)=44.57 (entry<=36.00 exit>=100.00)
2025-10-30 00:42:45,732 INFO Candle 2025-10-29 12:00:00 | close=1112.7100 RSI(live)=44.57 (entry<=36.00 exit>=100.00)
2025-10-30 00:42:51,037 INFO Candle 2025-10-29 12:00:00 | close=1112.5700 RSI(live)=44.52 (entry<=36.00 exit>=100.00)
2025-10-30 00:42:56,392 INFO Candle 2025-10-29 12:00:00 | close=1112.5000 RSI(live)=44.49 (entry<=36.00 exit>=100.00)
2025-10-30 00:43:01,767 INFO Candle 2025-10-29 12:00:00 | close=1112.3100 RSI(live)=44.42 (entry<=36.00 exit>=100.00)
2025-10-30 00:43:07,072 INFO Candle 2025-10-29 12:00:00 | close=1111.8600 RSI(live)=44.24 (entry<=36.00 exit>=100.00)
2025-10-30 00:43:12,674 INFO Candle 2025-10-29 12:00:00 | close=1111.8300 RSI(live)=44.23 (entry<=36.00 exit>=100.00)
2025-10-30 00:43:18,168 INFO Candle 2025-10-29 12:00:00 | close=1111.8500 RSI(live)=44.24 (entry<=36.00 exit>=100.00)
2025-10-30 00:43:23,542 INFO Candle 2025-10-29 12:00:00 | close=1111.8100 RSI(live)=44.22 (entry<=36.00 exit>=100.00)
2025-10-30 00:43:28,981 INFO Candle 2025-10-29 12:00:00 | close=1112.0800 RSI(live)=44.33 (entry<=36.00 exit>=100.00)
2025-10-30 00:43:34,344 INFO Candle 2025-10-29 12:00:00 | close=1111.8400 RSI(live)=44.24 (entry<=36.00 exit>=100.00)
2025-10-30 00:43:39,641 INFO Candle 2025-10-29 12:00:00 | close=1111.6800 RSI(live)=44.18 (entry<=36.00 exit>=100.00)
2025-10-30 00:43:44,929 INFO Candle 2025-10-29 12:00:00 | close=1112.1400 RSI(live)=44.35 (entry<=36.00 exit>=100.00)
2025-10-30 00:43:50,245 INFO Candle 2025-10-29 12:00:00 | close=1111.9300 RSI(live)=44.27 (entry<=36.00 exit>=100.00)
2025-10-30 00:43:55,548 INFO Candle 2025-10-29 12:00:00 | close=1111.8900 RSI(live)=44.26 (entry<=36.00 exit>=100.00)
2025-10-30 00:44:00,844 INFO Candle 2025-10-29 12:00:00 | close=1111.8800 RSI(live)=44.25 (entry<=36.00 exit>=100.00)
2025-10-30 00:44:06,162 INFO Candle 2025-10-29 12:00:00 | close=1112.1400 RSI(live)=44.35 (entry<=36.00 exit>=100.00)
2025-10-30 00:44:11,456 INFO Candle 2025-10-29 12:00:00 | close=1112.5200 RSI(live)=44.50 (entry<=36.00 exit>=100.00)
2025-10-30 00:44:16,757 INFO Candle 2025-10-29 12:00:00 | close=1112.6500 RSI(live)=44.55 (entry<=36.00 exit>=100.00)
2025-10-30 00:44:22,098 INFO Candle 2025-10-29 12:00:00 | close=1112.5700 RSI(live)=44.52 (entry<=36.00 exit>=100.00)
2025-10-30 00:44:27,442 INFO Candle 2025-10-29 12:00:00 | close=1112.2400 RSI(live)=44.39 (entry<=36.00 exit>=100.00)
2025-10-30 00:44:32,784 INFO Candle 2025-10-29 12:00:00 | close=1112.1400 RSI(live)=44.35 (entry<=36.00 exit>=100.00)
2025-10-30 00:44:38,321 INFO Candle 2025-10-29 12:00:00 | close=1112.1800 RSI(live)=44.37 (entry<=36.00 exit>=100.00)
2025-10-30 00:44:43,882 INFO Candle 2025-10-29 12:00:00 | close=1112.0800 RSI(live)=44.33 (entry<=36.00 exit>=100.00)
2025-10-30 00:44:49,288 INFO Candle 2025-10-29 12:00:00 | close=1112.1700 RSI(live)=44.36 (entry<=36.00 exit>=100.00)
2025-10-30 00:44:54,580 INFO Candle 2025-10-29 12:00:00 | close=1112.3700 RSI(live)=44.44 (entry<=36.00 exit>=100.00)
2025-10-30 00:44:59,880 INFO Candle 2025-10-29 12:00:00 | close=1112.2800 RSI(live)=44.40 (entry<=36.00 exit>=100.00)
2025-10-30 00:45:05,260 INFO Candle 2025-10-29 12:00:00 | close=1112.5100 RSI(live)=44.49 (entry<=36.00 exit>=100.00)
2025-10-30 00:45:10,604 INFO Candle 2025-10-29 12:00:00 | close=1112.6400 RSI(live)=44.54 (entry<=36.00 exit>=100.00)
2025-10-30 00:45:15,887 INFO Candle 2025-10-29 12:00:00 | close=1112.6600 RSI(live)=44.55 (entry<=36.00 exit>=100.00)
2025-10-30 00:45:21,168 INFO Candle 2025-10-29 12:00:00 | close=1112.5300 RSI(live)=44.50 (entry<=36.00 exit>=100.00)
2025-10-30 00:45:26,473 INFO Candle 2025-10-29 12:00:00 | close=1112.3000 RSI(live)=44.41 (entry<=36.00 exit>=100.00)
2025-10-30 00:45:31,797 INFO Candle 2025-10-29 12:00:00 | close=1112.0800 RSI(live)=44.33 (entry<=36.00 exit>=100.00)
2025-10-30 00:45:37,114 INFO Candle 2025-10-29 12:00:00 | close=1111.6200 RSI(live)=44.15 (entry<=36.00 exit>=100.00)
2025-10-30 00:45:42,404 INFO Candle 2025-10-29 12:00:00 | close=1111.7100 RSI(live)=44.19 (entry<=36.00 exit>=100.00)
2025-10-30 00:45:47,714 INFO Candle 2025-10-29 12:00:00 | close=1111.9300 RSI(live)=44.27 (entry<=36.00 exit>=100.00)
2025-10-30 00:45:53,114 INFO Candle 2025-10-29 12:00:00 | close=1111.6800 RSI(live)=44.18 (entry<=36.00 exit>=100.00)
2025-10-30 00:45:58,452 INFO Candle 2025-10-29 12:00:00 | close=1111.5300 RSI(live)=44.12 (entry<=36.00 exit>=100.00)
2025-10-30 00:46:03,760 INFO Candle 2025-10-29 12:00:00 | close=1111.6600 RSI(live)=44.17 (entry<=36.00 exit>=100.00)
2025-10-30 00:46:09,084 INFO Candle 2025-10-29 12:00:00 | close=1111.6000 RSI(live)=44.14 (entry<=36.00 exit>=100.00)
2025-10-30 00:46:14,459 INFO Candle 2025-10-29 12:00:00 | close=1111.6300 RSI(live)=44.16 (entry<=36.00 exit>=100.00)
2025-10-30 00:46:20,032 INFO Candle 2025-10-29 12:00:00 | close=1111.7400 RSI(live)=44.20 (entry<=36.00 exit>=100.00)
2025-10-30 00:46:25,340 INFO Candle 2025-10-29 12:00:00 | close=1111.8500 RSI(live)=44.24 (entry<=36.00 exit>=100.00)
2025-10-30 00:46:30,751 INFO Candle 2025-10-29 12:00:00 | close=1111.7400 RSI(live)=44.20 (entry<=36.00 exit>=100.00)
2025-10-30 00:46:36,088 INFO Candle 2025-10-29 12:00:00 | close=1111.8500 RSI(live)=44.24 (entry<=36.00 exit>=100.00)
2025-10-30 00:46:41,398 INFO Candle 2025-10-29 12:00:00 | close=1112.0900 RSI(live)=44.33 (entry<=36.00 exit>=100.00)
2025-10-30 00:46:46,697 INFO Candle 2025-10-29 12:00:00 | close=1112.1400 RSI(live)=44.35 (entry<=36.00 exit>=100.00)
2025-10-30 00:46:52,004 INFO Candle 2025-10-29 12:00:00 | close=1112.5300 RSI(live)=44.50 (entry<=36.00 exit>=100.00)
2025-10-30 00:46:57,383 INFO Candle 2025-10-29 12:00:00 | close=1112.5300 RSI(live)=44.50 (entry<=36.00 exit>=100.00)
2025-10-30 00:47:02,808 INFO Candle 2025-10-29 12:00:00 | close=1112.6000 RSI(live)=44.53 (entry<=36.00 exit>=100.00)
2025-10-30 00:47:08,149 INFO Candle 2025-10-29 12:00:00 | close=1112.5900 RSI(live)=44.52 (entry<=36.00 exit>=100.00)
2025-10-30 00:47:13,478 INFO Candle 2025-10-29 12:00:00 | close=1112.5800 RSI(live)=44.52 (entry<=36.00 exit>=100.00)
2025-10-30 00:47:18,761 INFO Candle 2025-10-29 12:00:00 | close=1112.5800 RSI(live)=44.52 (entry<=36.00 exit>=100.00)
2025-10-30 00:47:24,161 INFO Candle 2025-10-29 12:00:00 | close=1112.2600 RSI(live)=44.40 (entry<=36.00 exit>=100.00)
2025-10-30 00:47:29,628 INFO Candle 2025-10-29 12:00:00 | close=1112.2600 RSI(live)=44.40 (entry<=36.00 exit>=100.00)
2025-10-30 00:47:35,000 INFO Candle 2025-10-29 12:00:00 | close=1112.1700 RSI(live)=44.36 (entry<=36.00 exit>=100.00)
2025-10-30 00:47:40,293 INFO Candle 2025-10-29 12:00:00 | close=1112.1300 RSI(live)=44.35 (entry<=36.00 exit>=100.00)
2025-10-30 00:47:45,700 INFO Candle 2025-10-29 12:00:00 | close=1111.7900 RSI(live)=44.22 (entry<=36.00 exit>=100.00)
2025-10-30 00:47:51,045 INFO Candle 2025-10-29 12:00:00 | close=1111.7600 RSI(live)=44.21 (entry<=36.00 exit>=100.00)
2025-10-30 00:47:56,359 INFO Candle 2025-10-29 12:00:00 | close=1111.4000 RSI(live)=44.07 (entry<=36.00 exit>=100.00)
2025-10-30 00:48:01,774 INFO Candle 2025-10-29 12:00:00 | close=1111.6700 RSI(live)=44.17 (entry<=36.00 exit>=100.00)
2025-10-30 00:48:07,124 INFO Candle 2025-10-29 12:00:00 | close=1111.7700 RSI(live)=44.21 (entry<=36.00 exit>=100.00)
2025-10-30 00:48:12,447 INFO Candle 2025-10-29 12:00:00 | close=1111.0500 RSI(live)=43.94 (entry<=36.00 exit>=100.00)
2025-10-30 00:48:17,764 INFO Candle 2025-10-29 12:00:00 | close=1110.9600 RSI(live)=43.90 (entry<=36.00 exit>=100.00)
2025-10-30 00:48:23,051 INFO Candle 2025-10-29 12:00:00 | close=1111.0900 RSI(live)=43.95 (entry<=36.00 exit>=100.00)
2025-10-30 00:48:28,361 INFO Candle 2025-10-29 12:00:00 | close=1110.8900 RSI(live)=43.88 (entry<=36.00 exit>=100.00)
2025-10-30 00:48:33,683 INFO Candle 2025-10-29 12:00:00 | close=1110.5900 RSI(live)=43.76 (entry<=36.00 exit>=100.00)
2025-10-30 00:48:39,202 INFO Candle 2025-10-29 12:00:00 | close=1110.8900 RSI(live)=43.88 (entry<=36.00 exit>=100.00)
2025-10-30 00:48:44,505 INFO Candle 2025-10-29 12:00:00 | close=1110.6100 RSI(live)=43.77 (entry<=36.00 exit>=100.00)
2025-10-30 00:48:49,815 INFO Candle 2025-10-29 12:00:00 | close=1110.5400 RSI(live)=43.75 (entry<=36.00 exit>=100.00)
2025-10-30 00:48:55,109 INFO Candle 2025-10-29 12:00:00 | close=1110.0700 RSI(live)=43.57 (entry<=36.00 exit>=100.00)
2025-10-30 00:49:00,414 INFO Candle 2025-10-29 12:00:00 | close=1110.3700 RSI(live)=43.68 (entry<=36.00 exit>=100.00)
2025-10-30 00:49:06,103 INFO Candle 2025-10-29 12:00:00 | close=1110.5500 RSI(live)=43.75 (entry<=36.00 exit>=100.00)
2025-10-30 00:49:11,433 INFO Candle 2025-10-29 12:00:00 | close=1110.8700 RSI(live)=43.87 (entry<=36.00 exit>=100.00)
2025-10-30 00:49:16,765 INFO Candle 2025-10-29 12:00:00 | close=1110.9700 RSI(live)=43.91 (entry<=36.00 exit>=100.00)
2025-10-30 00:49:22,052 INFO Candle 2025-10-29 12:00:00 | close=1111.0200 RSI(live)=43.93 (entry<=36.00 exit>=100.00)
2025-10-30 00:49:27,391 INFO Candle 2025-10-29 12:00:00 | close=1111.1400 RSI(live)=43.97 (entry<=36.00 exit>=100.00)
2025-10-30 00:49:32,833 INFO Candle 2025-10-29 12:00:00 | close=1111.2900 RSI(live)=44.03 (entry<=36.00 exit>=100.00)
2025-10-30 00:49:38,141 INFO Candle 2025-10-29 12:00:00 | close=1110.9500 RSI(live)=43.90 (entry<=36.00 exit>=100.00)
2025-10-30 00:49:43,491 INFO Candle 2025-10-29 12:00:00 | close=1110.8300 RSI(live)=43.85 (entry<=36.00 exit>=100.00)
2025-10-30 00:49:48,812 INFO Candle 2025-10-29 12:00:00 | close=1110.9600 RSI(live)=43.90 (entry<=36.00 exit>=100.00)
2025-10-30 00:49:54,120 INFO Candle 2025-10-29 12:00:00 | close=1111.0000 RSI(live)=43.92 (entry<=36.00 exit>=100.00)
2025-10-30 00:49:59,681 INFO Candle 2025-10-29 12:00:00 | close=1110.9200 RSI(live)=43.89 (entry<=36.00 exit>=100.00)
2025-10-30 00:50:05,244 INFO Candle 2025-10-29 12:00:00 | close=1110.9100 RSI(live)=43.88 (entry<=36.00 exit>=100.00)
2025-10-30 00:50:10,559 INFO Candle 2025-10-29 12:00:00 | close=1111.0000 RSI(live)=43.92 (entry<=36.00 exit>=100.00)
2025-10-30 00:50:15,924 INFO Candle 2025-10-29 12:00:00 | close=1110.5400 RSI(live)=43.75 (entry<=36.00 exit>=100.00)
2025-10-30 00:50:21,296 INFO Candle 2025-10-29 12:00:00 | close=1110.8100 RSI(live)=43.85 (entry<=36.00 exit>=100.00)
2025-10-30 00:50:26,608 INFO Candle 2025-10-29 12:00:00 | close=1110.7000 RSI(live)=43.81 (entry<=36.00 exit>=100.00)
2025-10-30 00:50:31,949 INFO Candle 2025-10-29 12:00:00 | close=1110.4600 RSI(live)=43.72 (entry<=36.00 exit>=100.00)
2025-10-30 00:50:37,318 INFO Candle 2025-10-29 12:00:00 | close=1110.5700 RSI(live)=43.76 (entry<=36.00 exit>=100.00)
2025-10-30 00:50:42,652 INFO Candle 2025-10-29 12:00:00 | close=1110.3500 RSI(live)=43.67 (entry<=36.00 exit>=100.00)
2025-10-30 00:50:47,970 INFO Candle 2025-10-29 12:00:00 | close=1110.6100 RSI(live)=43.77 (entry<=36.00 exit>=100.00)
2025-10-30 00:50:53,309 INFO Candle 2025-10-29 12:00:00 | close=1110.3500 RSI(live)=43.67 (entry<=36.00 exit>=100.00)
2025-10-30 00:50:58,612 INFO Candle 2025-10-29 12:00:00 | close=1110.3500 RSI(live)=43.67 (entry<=36.00 exit>=100.00)
2025-10-30 00:51:03,920 INFO Candle 2025-10-29 12:00:00 | close=1110.2500 RSI(live)=43.64 (entry<=36.00 exit>=100.00)
2025-10-30 00:51:09,200 INFO Candle 2025-10-29 12:00:00 | close=1109.6500 RSI(live)=43.42 (entry<=36.00 exit>=100.00)
2025-10-30 00:51:14,483 INFO Candle 2025-10-29 12:00:00 | close=1109.7800 RSI(live)=43.46 (entry<=36.00 exit>=100.00)
2025-10-30 00:51:19,764 INFO Candle 2025-10-29 12:00:00 | close=1109.6100 RSI(live)=43.40 (entry<=36.00 exit>=100.00)
2025-10-30 00:51:25,081 INFO Candle 2025-10-29 12:00:00 | close=1110.5500 RSI(live)=43.75 (entry<=36.00 exit>=100.00)
2025-10-30 00:51:30,466 INFO Candle 2025-10-29 12:00:00 | close=1111.1000 RSI(live)=43.96 (entry<=36.00 exit>=100.00)
2025-10-30 00:51:35,828 INFO Candle 2025-10-29 12:00:00 | close=1111.4200 RSI(live)=44.08 (entry<=36.00 exit>=100.00)
2025-10-30 00:51:41,171 INFO Candle 2025-10-29 12:00:00 | close=1111.8700 RSI(live)=44.25 (entry<=36.00 exit>=100.00)
2025-10-30 00:51:46,470 INFO Candle 2025-10-29 12:00:00 | close=1111.0200 RSI(live)=43.93 (entry<=36.00 exit>=100.00)
2025-10-30 00:51:51,813 INFO Candle 2025-10-29 12:00:00 | close=1111.5900 RSI(live)=44.14 (entry<=36.00 exit>=100.00)
2025-10-30 00:51:57,141 INFO Candle 2025-10-29 12:00:00 | close=1111.2300 RSI(live)=44.00 (entry<=36.00 exit>=100.00)
2025-10-30 00:52:02,561 INFO Candle 2025-10-29 12:00:00 | close=1111.1600 RSI(live)=43.98 (entry<=36.00 exit>=100.00)
2025-10-30 00:52:07,925 INFO Candle 2025-10-29 12:00:00 | close=1111.2300 RSI(live)=44.00 (entry<=36.00 exit>=100.00)
2025-10-30 00:52:13,256 INFO Candle 2025-10-29 12:00:00 | close=1110.8500 RSI(live)=43.86 (entry<=36.00 exit>=100.00)
2025-10-30 00:52:18,575 INFO Candle 2025-10-29 12:00:00 | close=1109.8500 RSI(live)=43.49 (entry<=36.00 exit>=100.00)
2025-10-30 00:52:23,935 INFO Candle 2025-10-29 12:00:00 | close=1110.0000 RSI(live)=43.55 (entry<=36.00 exit>=100.00)
2025-10-30 00:52:29,291 INFO Candle 2025-10-29 12:00:00 | close=1110.1300 RSI(live)=43.59 (entry<=36.00 exit>=100.00)
2025-10-30 00:52:34,597 INFO Candle 2025-10-29 12:00:00 | close=1110.1600 RSI(live)=43.60 (entry<=36.00 exit>=100.00)
2025-10-30 00:52:39,883 INFO Candle 2025-10-29 12:00:00 | close=1109.9800 RSI(live)=43.54 (entry<=36.00 exit>=100.00)
2025-10-30 00:52:45,185 INFO Candle 2025-10-29 12:00:00 | close=1110.4200 RSI(live)=43.70 (entry<=36.00 exit>=100.00)
2025-10-30 00:52:50,544 INFO Candle 2025-10-29 12:00:00 | close=1110.6800 RSI(live)=43.80 (entry<=36.00 exit>=100.00)
2025-10-30 00:52:55,976 INFO Candle 2025-10-29 12:00:00 | close=1111.1300 RSI(live)=43.97 (entry<=36.00 exit>=100.00)
2025-10-30 00:53:01,390 INFO Candle 2025-10-29 12:00:00 | close=1111.2300 RSI(live)=44.00 (entry<=36.00 exit>=100.00)
2025-10-30 00:53:06,704 INFO Candle 2025-10-29 12:00:00 | close=1110.7000 RSI(live)=43.81 (entry<=36.00 exit>=100.00)
2025-10-30 00:53:12,063 INFO Candle 2025-10-29 12:00:00 | close=1110.4500 RSI(live)=43.71 (entry<=36.00 exit>=100.00)
2025-10-30 00:53:17,342 INFO Candle 2025-10-29 12:00:00 | close=1110.5700 RSI(live)=43.76 (entry<=36.00 exit>=100.00)
2025-10-30 00:53:22,637 INFO Candle 2025-10-29 12:00:00 | close=1110.9100 RSI(live)=43.88 (entry<=36.00 exit>=100.00)
2025-10-30 00:53:27,933 INFO Candle 2025-10-29 12:00:00 | close=1110.9700 RSI(live)=43.91 (entry<=36.00 exit>=100.00)
2025-10-30 00:53:33,238 INFO Candle 2025-10-29 12:00:00 | close=1110.4500 RSI(live)=43.71 (entry<=36.00 exit>=100.00)
2025-10-30 00:53:38,572 INFO Candle 2025-10-29 12:00:00 | close=1110.2900 RSI(live)=43.65 (entry<=36.00 exit>=100.00)
2025-10-30 00:53:43,911 INFO Candle 2025-10-29 12:00:00 | close=1110.2500 RSI(live)=43.64 (entry<=36.00 exit>=100.00)
2025-10-30 00:53:49,220 INFO Candle 2025-10-29 12:00:00 | close=1110.1600 RSI(live)=43.60 (entry<=36.00 exit>=100.00)
2025-10-30 00:53:54,516 INFO Candle 2025-10-29 12:00:00 | close=1109.9300 RSI(live)=43.52 (entry<=36.00 exit>=100.00)
2025-10-30 00:53:59,845 INFO Candle 2025-10-29 12:00:00 | close=1108.8400 RSI(live)=43.12 (entry<=36.00 exit>=100.00)
2025-10-30 00:54:05,129 INFO Candle 2025-10-29 12:00:00 | close=1108.8100 RSI(live)=43.11 (entry<=36.00 exit>=100.00)
2025-10-30 00:54:10,413 INFO Candle 2025-10-29 12:00:00 | close=1108.8900 RSI(live)=43.14 (entry<=36.00 exit>=100.00)
2025-10-30 00:54:15,689 INFO Candle 2025-10-29 12:00:00 | close=1109.0200 RSI(live)=43.19 (entry<=36.00 exit>=100.00)
2025-10-30 00:54:20,983 INFO Candle 2025-10-29 12:00:00 | close=1109.2600 RSI(live)=43.27 (entry<=36.00 exit>=100.00)
2025-10-30 00:54:26,302 INFO Candle 2025-10-29 12:00:00 | close=1109.5800 RSI(live)=43.39 (entry<=36.00 exit>=100.00)
2025-10-30 00:54:31,619 INFO Candle 2025-10-29 12:00:00 | close=1109.8900 RSI(live)=43.50 (entry<=36.00 exit>=100.00)
2025-10-30 00:54:36,920 INFO Candle 2025-10-29 12:00:00 | close=1110.0500 RSI(live)=43.56 (entry<=36.00 exit>=100.00)
2025-10-30 00:54:42,206 INFO Candle 2025-10-29 12:00:00 | close=1110.2000 RSI(live)=43.62 (entry<=36.00 exit>=100.00)
2025-10-30 00:54:47,707 INFO Candle 2025-10-29 12:00:00 | close=1110.0300 RSI(live)=43.56 (entry<=36.00 exit>=100.00)
2025-10-30 00:54:53,024 INFO Candle 2025-10-29 12:00:00 | close=1110.1800 RSI(live)=43.61 (entry<=36.00 exit>=100.00)
2025-10-30 00:54:58,363 INFO Candle 2025-10-29 12:00:00 | close=1110.3100 RSI(live)=43.66 (entry<=36.00 exit>=100.00)
2025-10-30 00:55:03,769 INFO Candle 2025-10-29 12:00:00 | close=1110.3600 RSI(live)=43.68 (entry<=36.00 exit>=100.00)
2025-10-30 00:55:09,105 INFO Candle 2025-10-29 12:00:00 | close=1110.4900 RSI(live)=43.73 (entry<=36.00 exit>=100.00)
2025-10-30 00:55:14,434 INFO Candle 2025-10-29 12:00:00 | close=1110.4600 RSI(live)=43.72 (entry<=36.00 exit>=100.00)
2025-10-30 00:55:19,807 INFO Candle 2025-10-29 12:00:00 | close=1110.4900 RSI(live)=43.73 (entry<=36.00 exit>=100.00)
2025-10-30 00:55:25,189 INFO Candle 2025-10-29 12:00:00 | close=1110.4900 RSI(live)=43.73 (entry<=36.00 exit>=100.00)
2025-10-30 00:55:30,616 INFO Candle 2025-10-29 12:00:00 | close=1110.4700 RSI(live)=43.72 (entry<=36.00 exit>=100.00)
2025-10-30 00:55:35,912 INFO Candle 2025-10-29 12:00:00 | close=1110.1000 RSI(live)=43.58 (entry<=36.00 exit>=100.00)
2025-10-30 00:55:41,246 INFO Candle 2025-10-29 12:00:00 | close=1110.0000 RSI(live)=43.55 (entry<=36.00 exit>=100.00)
2025-10-30 00:55:46,591 INFO Candle 2025-10-29 12:00:00 | close=1109.8200 RSI(live)=43.48 (entry<=36.00 exit>=100.00)
2025-10-30 00:55:51,924 INFO Candle 2025-10-29 12:00:00 | close=1109.6800 RSI(live)=43.43 (entry<=36.00 exit>=100.00)
2025-10-30 00:55:57,210 INFO Candle 2025-10-29 12:00:00 | close=1109.7400 RSI(live)=43.45 (entry<=36.00 exit>=100.00)
2025-10-30 00:56:02,542 INFO Candle 2025-10-29 12:00:00 | close=1109.2900 RSI(live)=43.28 (entry<=36.00 exit>=100.00)
2025-10-30 00:56:07,892 INFO Candle 2025-10-29 12:00:00 | close=1109.1400 RSI(live)=43.23 (entry<=36.00 exit>=100.00)
2025-10-30 00:56:13,200 INFO Candle 2025-10-29 12:00:00 | close=1109.4000 RSI(live)=43.32 (entry<=36.00 exit>=100.00)
2025-10-30 00:56:18,527 INFO Candle 2025-10-29 12:00:00 | close=1109.3000 RSI(live)=43.29 (entry<=36.00 exit>=100.00)
2025-10-30 00:56:23,847 INFO Candle 2025-10-29 12:00:00 | close=1109.1900 RSI(live)=43.25 (entry<=36.00 exit>=100.00)
2025-10-30 00:56:29,128 INFO Candle 2025-10-29 12:00:00 | close=1109.3100 RSI(live)=43.29 (entry<=36.00 exit>=100.00)
2025-10-30 00:56:34,415 INFO Candle 2025-10-29 12:00:00 | close=1109.3100 RSI(live)=43.29 (entry<=36.00 exit>=100.00)
2025-10-30 00:56:39,835 INFO Candle 2025-10-29 12:00:00 | close=1109.4800 RSI(live)=43.35 (entry<=36.00 exit>=100.00)
2025-10-30 00:56:45,432 INFO Candle 2025-10-29 12:00:00 | close=1110.4500 RSI(live)=43.71 (entry<=36.00 exit>=100.00)
2025-10-30 00:56:50,778 INFO Candle 2025-10-29 12:00:00 | close=1110.4800 RSI(live)=43.72 (entry<=36.00 exit>=100.00)
2025-10-30 00:56:56,076 INFO Candle 2025-10-29 12:00:00 | close=1110.4800 RSI(live)=43.72 (entry<=36.00 exit>=100.00)
2025-10-30 00:57:01,382 INFO Candle 2025-10-29 12:00:00 | close=1110.4800 RSI(live)=43.72 (entry<=36.00 exit>=100.00)
2025-10-30 00:57:06,677 INFO Candle 2025-10-29 12:00:00 | close=1110.7200 RSI(live)=43.81 (entry<=36.00 exit>=100.00)
2025-10-30 00:57:11,988 INFO Candle 2025-10-29 12:00:00 | close=1110.8700 RSI(live)=43.87 (entry<=36.00 exit>=100.00)
2025-10-30 00:57:17,340 INFO Candle 2025-10-29 12:00:00 | close=1110.8700 RSI(live)=43.87 (entry<=36.00 exit>=100.00)
2025-10-30 00:57:22,635 INFO Candle 2025-10-29 12:00:00 | close=1111.1400 RSI(live)=43.97 (entry<=36.00 exit>=100.00)
2025-10-30 00:57:27,997 INFO Candle 2025-10-29 12:00:00 | close=1111.5000 RSI(live)=44.11 (entry<=36.00 exit>=100.00)
2025-10-30 00:57:33,276 INFO Candle 2025-10-29 12:00:00 | close=1111.3600 RSI(live)=44.05 (entry<=36.00 exit>=100.00)
2025-10-30 00:57:38,596 INFO Candle 2025-10-29 12:00:00 | close=1111.2300 RSI(live)=44.00 (entry<=36.00 exit>=100.00)
2025-10-30 00:57:43,929 INFO Candle 2025-10-29 12:00:00 | close=1111.2100 RSI(live)=44.00 (entry<=36.00 exit>=100.00)
2025-10-30 00:57:49,250 INFO Candle 2025-10-29 12:00:00 | close=1111.2100 RSI(live)=44.00 (entry<=36.00 exit>=100.00)
2025-10-30 00:57:54,556 INFO Candle 2025-10-29 12:00:00 | close=1111.1900 RSI(live)=43.99 (entry<=36.00 exit>=100.00)
2025-10-30 00:58:00,109 INFO Candle 2025-10-29 12:00:00 | close=1111.0900 RSI(live)=43.95 (entry<=36.00 exit>=100.00)
2025-10-30 00:58:05,499 INFO Candle 2025-10-29 12:00:00 | close=1111.0500 RSI(live)=43.94 (entry<=36.00 exit>=100.00)
2025-10-30 00:58:10,828 INFO Candle 2025-10-29 12:00:00 | close=1110.9000 RSI(live)=43.88 (entry<=36.00 exit>=100.00)
2025-10-30 00:58:16,242 INFO Candle 2025-10-29 12:00:00 | close=1110.9000 RSI(live)=43.88 (entry<=36.00 exit>=100.00)
2025-10-30 00:58:21,673 INFO Candle 2025-10-29 12:00:00 | close=1110.5400 RSI(live)=43.75 (entry<=36.00 exit>=100.00)
2025-10-30 00:58:27,027 INFO Candle 2025-10-29 12:00:00 | close=1110.8000 RSI(live)=43.84 (entry<=36.00 exit>=100.00)
2025-10-30 00:58:32,359 INFO Candle 2025-10-29 12:00:00 | close=1110.8100 RSI(live)=43.85 (entry<=36.00 exit>=100.00)
2025-10-30 00:58:37,702 INFO Candle 2025-10-29 12:00:00 | close=1110.8000 RSI(live)=43.84 (entry<=36.00 exit>=100.00)
2025-10-30 00:58:43,106 INFO Candle 2025-10-29 12:00:00 | close=1110.6600 RSI(live)=43.79 (entry<=36.00 exit>=100.00)
2025-10-30 00:58:48,475 INFO Candle 2025-10-29 12:00:00 | close=1110.5600 RSI(live)=43.75 (entry<=36.00 exit>=100.00)
2025-10-30 00:58:53,758 INFO Candle 2025-10-29 12:00:00 | close=1110.4800 RSI(live)=43.72 (entry<=36.00 exit>=100.00)
2025-10-30 00:58:59,098 INFO Candle 2025-10-29 12:00:00 | close=1110.4400 RSI(live)=43.71 (entry<=36.00 exit>=100.00)
2025-10-30 00:59:04,465 INFO Candle 2025-10-29 12:00:00 | close=1110.5400 RSI(live)=43.75 (entry<=36.00 exit>=100.00)
2025-10-30 00:59:09,877 INFO Candle 2025-10-29 12:00:00 | close=1110.7900 RSI(live)=43.84 (entry<=36.00 exit>=100.00)
2025-10-30 00:59:15,195 INFO Candle 2025-10-29 12:00:00 | close=1110.6200 RSI(live)=43.78 (entry<=36.00 exit>=100.00)
2025-10-30 00:59:20,489 INFO Candle 2025-10-29 12:00:00 | close=1110.6200 RSI(live)=43.78 (entry<=36.00 exit>=100.00)
2025-10-30 00:59:25,930 INFO Candle 2025-10-29 12:00:00 | close=1110.6200 RSI(live)=43.78 (entry<=36.00 exit>=100.00)
2025-10-30 00:59:31,277 INFO Candle 2025-10-29 12:00:00 | close=1110.5300 RSI(live)=43.74 (entry<=36.00 exit>=100.00)
2025-10-30 00:59:36,658 INFO Candle 2025-10-29 12:00:00 | close=1110.5300 RSI(live)=43.74 (entry<=36.00 exit>=100.00)
2025-10-30 00:59:41,991 INFO Candle 2025-10-29 12:00:00 | close=1110.9000 RSI(live)=43.88 (entry<=36.00 exit>=100.00)
2025-10-30 00:59:47,320 INFO Candle 2025-10-29 12:00:00 | close=1110.9000 RSI(live)=43.88 (entry<=36.00 exit>=100.00)
2025-10-30 00:59:52,910 INFO Candle 2025-10-29 12:00:00 | close=1110.9000 RSI(live)=43.88 (entry<=36.00 exit>=100.00)
2025-10-30 00:59:58,272 INFO Candle 2025-10-29 12:00:00 | close=1110.8000 RSI(live)=43.84 (entry<=36.00 exit>=100.00)
2025-10-30 01:00:03,693 INFO Candle 2025-10-29 12:00:00 | close=1110.8000 RSI(live)=43.84 (entry<=36.00 exit>=100.00)
2025-10-30 01:00:08,993 INFO Candle 2025-10-29 12:00:00 | close=1110.9500 RSI(live)=43.90 (entry<=36.00 exit>=100.00)
2025-10-30 01:00:14,314 INFO Candle 2025-10-29 12:00:00 | close=1111.4600 RSI(live)=44.09 (entry<=36.00 exit>=100.00)
2025-10-30 01:00:19,766 INFO Candle 2025-10-29 12:00:00 | close=1111.3400 RSI(live)=44.05 (entry<=36.00 exit>=100.00)
2025-10-30 01:00:25,154 INFO Candle 2025-10-29 12:00:00 | close=1111.3100 RSI(live)=44.03 (entry<=36.00 exit>=100.00)
2025-10-30 01:00:30,461 INFO Candle 2025-10-29 12:00:00 | close=1111.4000 RSI(live)=44.07 (entry<=36.00 exit>=100.00)
2025-10-30 01:00:35,819 INFO Candle 2025-10-29 12:00:00 | close=1111.4100 RSI(live)=44.07 (entry<=36.00 exit>=100.00)
2025-10-30 01:00:41,130 INFO Candle 2025-10-29 12:00:00 | close=1111.4200 RSI(live)=44.08 (entry<=36.00 exit>=100.00)
2025-10-30 01:00:46,518 INFO Candle 2025-10-29 12:00:00 | close=1111.4200 RSI(live)=44.08 (entry<=36.00 exit>=100.00)
2025-10-30 01:00:51,817 INFO Candle 2025-10-29 12:00:00 | close=1111.0200 RSI(live)=43.93 (entry<=36.00 exit>=100.00)
2025-10-30 01:00:57,313 INFO Candle 2025-10-29 12:00:00 | close=1110.8900 RSI(live)=43.88 (entry<=36.00 exit>=100.00)
2025-10-30 01:01:02,607 INFO Candle 2025-10-29 12:00:00 | close=1110.7100 RSI(live)=43.81 (entry<=36.00 exit>=100.00)
2025-10-30 01:01:07,919 INFO Candle 2025-10-29 12:00:00 | close=1110.5800 RSI(live)=43.76 (entry<=36.00 exit>=100.00)
2025-10-30 01:01:13,255 INFO Candle 2025-10-29 12:00:00 | close=1110.0000 RSI(live)=43.55 (entry<=36.00 exit>=100.00)
2025-10-30 01:01:18,561 INFO Candle 2025-10-29 12:00:00 | close=1109.7600 RSI(live)=43.46 (entry<=36.00 exit>=100.00)
2025-10-30 01:01:23,846 INFO Candle 2025-10-29 12:00:00 | close=1109.6600 RSI(live)=43.42 (entry<=36.00 exit>=100.00)
2025-10-30 01:01:29,161 INFO Candle 2025-10-29 12:00:00 | close=1109.5100 RSI(live)=43.36 (entry<=36.00 exit>=100.00)
2025-10-30 01:01:34,465 INFO Candle 2025-10-29 12:00:00 | close=1109.3600 RSI(live)=43.31 (entry<=36.00 exit>=100.00)
2025-10-30 01:01:39,789 INFO Candle 2025-10-29 12:00:00 | close=1109.4200 RSI(live)=43.33 (entry<=36.00 exit>=100.00)
2025-10-30 01:01:45,112 INFO Candle 2025-10-29 12:00:00 | close=1109.5700 RSI(live)=43.39 (entry<=36.00 exit>=100.00)
2025-10-30 01:01:50,399 INFO Candle 2025-10-29 12:00:00 | close=1109.2400 RSI(live)=43.27 (entry<=36.00 exit>=100.00)
2025-10-30 01:01:55,720 INFO Candle 2025-10-29 12:00:00 | close=1109.7500 RSI(live)=43.45 (entry<=36.00 exit>=100.00)
2025-10-30 01:02:01,040 INFO Candle 2025-10-29 12:00:00 | close=1109.7500 RSI(live)=43.45 (entry<=36.00 exit>=100.00)
2025-10-30 01:02:06,390 INFO Candle 2025-10-29 12:00:00 | close=1109.8000 RSI(live)=43.47 (entry<=36.00 exit>=100.00)
2025-10-30 01:02:11,709 INFO Candle 2025-10-29 12:00:00 | close=1110.1200 RSI(live)=43.59 (entry<=36.00 exit>=100.00)
2025-10-30 01:02:17,042 INFO Candle 2025-10-29 12:00:00 | close=1110.0300 RSI(live)=43.56 (entry<=36.00 exit>=100.00)
2025-10-30 01:02:22,325 INFO Candle 2025-10-29 12:00:00 | close=1110.1800 RSI(live)=43.61 (entry<=36.00 exit>=100.00)
2025-10-30 01:02:27,643 INFO Candle 2025-10-29 12:00:00 | close=1110.2600 RSI(live)=43.64 (entry<=36.00 exit>=100.00)
2025-10-30 01:02:32,917 INFO Candle 2025-10-29 12:00:00 | close=1109.9000 RSI(live)=43.51 (entry<=36.00 exit>=100.00)
2025-10-30 01:02:38,438 INFO Candle 2025-10-29 12:00:00 | close=1109.9000 RSI(live)=43.51 (entry<=36.00 exit>=100.00)
2025-10-30 01:02:43,747 INFO Candle 2025-10-29 12:00:00 | close=1109.7500 RSI(live)=43.45 (entry<=36.00 exit>=100.00)
2025-10-30 01:02:49,168 INFO Candle 2025-10-29 12:00:00 | close=1109.8800 RSI(live)=43.50 (entry<=36.00 exit>=100.00)
2025-10-30 01:02:54,509 INFO Candle 2025-10-29 12:00:00 | close=1109.5000 RSI(live)=43.36 (entry<=36.00 exit>=100.00)
2025-10-30 01:02:59,828 INFO Candle 2025-10-29 12:00:00 | close=1109.1300 RSI(live)=43.23 (entry<=36.00 exit>=100.00)
2025-10-30 01:03:05,206 INFO Candle 2025-10-29 12:00:00 | close=1108.4600 RSI(live)=42.98 (entry<=36.00 exit>=100.00)
2025-10-30 01:03:10,550 INFO Candle 2025-10-29 12:00:00 | close=1108.3200 RSI(live)=42.93 (entry<=36.00 exit>=100.00)
