Datetime,Open,High,Low,Close,Volume
2025-08-21 00:00:00+00:00,114271.23,114493.1,114010.87,114292.14,429.62667
2025-08-21 01:00:00+00:00,114292.14,114736.0,113954.13,114729.94,432.98345
2025-08-21 02:00:00+00:00,114729.93,114821.76,113906.01,114038.0,447.89489
2025-08-21 03:00:00+00:00,114038.0,114531.29,113954.61,113954.62,316.2228
2025-08-21 04:00:00+00:00,113954.62,114033.84,113800.0,113800.0,293.43085
2025-08-21 05:00:00+00:00,113800.01,114010.83,113637.0,113995.12,344.63705
2025-08-21 06:00:00+00:00,113995.12,113995.12,113609.88,113807.2,443.88446
2025-08-21 07:00:00+00:00,113807.2,113944.74,113582.43,113896.03,530.41085
2025-08-21 08:00:00+00:00,113896.03,113990.0,113588.45,113588.45,336.76542
2025-08-21 09:00:00+00:00,113588.46,113616.58,113300.0,113376.85,413.40552
2025-08-21 10:00:00+00:00,113376.85,113479.97,113230.0,113329.74,331.35097
2025-08-21 11:00:00+00:00,113329.74,113542.47,113000.0,113148.66,428.12915
2025-08-21 12:00:00+00:00,113148.65,113416.69,112950.0,113095.29,386.2075
2025-08-21 13:00:00+00:00,113095.3,113713.56,113055.93,113486.98,624.69624
2025-08-21 14:00:00+00:00,113486.98,113995.11,112913.39,113281.99,580.15894
2025-08-21 15:00:00+00:00,113282.0,113386.31,112608.64,112792.08,930.0476
2025-08-21 16:00:00+00:00,112792.08,112969.47,112333.33,112379.58,780.22707
2025-08-21 17:00:00+00:00,112379.58,112596.9,112201.0,112410.91,737.11033
2025-08-21 18:00:00+00:00,112410.92,112682.2,112224.67,112602.62,382.38194
2025-08-21 19:00:00+00:00,112602.62,112724.74,112015.67,112193.71,569.08483
2025-08-21 20:00:00+00:00,112193.71,112870.94,112067.46,112450.3,336.45252
2025-08-21 21:00:00+00:00,112450.31,112734.51,112100.0,112628.76,337.37667
2025-08-21 22:00:00+00:00,112628.75,112712.7,112425.35,112511.2,200.73506
2025-08-21 23:00:00+00:00,112511.19,112511.2,112272.04,112500.0,226.47157
2025-08-22 00:00:00+00:00,112500.0,112840.0,112489.42,112630.87,267.79499
2025-08-22 01:00:00+00:00,112630.88,112924.37,112335.6,112840.08,331.54981
2025-08-22 02:00:00+00:00,112840.08,113525.0,112784.68,113153.96,716.89343
2025-08-22 03:00:00+00:00,113153.96,113441.45,112882.9,112929.24,293.95702
2025-08-22 04:00:00+00:00,112929.24,113256.03,112708.81,112847.63,270.33795
2025-08-22 05:00:00+00:00,112847.62,113285.59,112844.56,113241.99,333.83128
2025-08-22 06:00:00+00:00,113241.98,113394.76,112844.0,112998.3,426.59054
2025-08-22 07:00:00+00:00,112998.3,113250.0,112950.0,113094.83,625.49743
2025-08-22 08:00:00+00:00,113094.83,113319.3,112950.0,112980.34,448.78194
2025-08-22 09:00:00+00:00,112980.34,113128.0,112815.55,113049.67,517.13631
2025-08-22 10:00:00+00:00,113049.67,113060.0,112512.74,112534.54,455.48522
2025-08-22 11:00:00+00:00,112534.54,112629.4,112177.27,112320.0,511.03227
2025-08-22 12:00:00+00:00,112320.01,112713.93,111684.79,112341.5,1660.5893
2025-08-22 13:00:00+00:00,112341.5,112662.27,111932.28,112487.11,1042.30053
2025-08-22 14:00:00+00:00,112487.1,116116.11,112468.35,115808.23,6271.74223
2025-08-22 15:00:00+00:00,115808.24,117296.12,115808.23,116370.75,2530.62921
2025-08-22 16:00:00+00:00,116370.75,116783.22,116116.0,116146.47,1756.6795
2025-08-22 17:00:00+00:00,116146.48,117032.84,116146.48,117024.0,1300.14206
2025-08-22 18:00:00+00:00,117024.01,117429.05,116750.0,116805.27,721.60524
2025-08-22 19:00:00+00:00,116805.27,116914.3,116520.0,116655.79,529.51964
2025-08-22 20:00:00+00:00,116655.79,117127.44,116570.17,117052.65,545.695
2025-08-22 21:00:00+00:00,117052.65,117174.43,116829.34,117028.27,678.08593
2025-08-22 22:00:00+00:00,117028.27,117057.14,116550.96,116757.18,585.72702
2025-08-22 23:00:00+00:00,116757.18,116937.56,116674.51,116935.99,306.48652
2025-08-23 00:00:00+00:00,116936.0,117030.0,116726.64,116870.22,351.38045
2025-08-23 01:00:00+00:00,116870.22,116882.16,116300.0,116453.59,596.49295
2025-08-23 02:00:00+00:00,116453.59,116547.95,115500.0,115927.98,1195.36796
2025-08-23 03:00:00+00:00,115927.98,116044.55,115458.2,115568.77,504.34283
2025-08-23 04:00:00+00:00,115568.77,115980.0,115551.2,115926.77,535.76766
2025-08-23 05:00:00+00:00,115926.77,116034.53,115800.01,115954.51,806.27196
2025-08-23 06:00:00+00:00,115954.51,116015.69,115690.83,115781.16,462.86069
2025-08-23 07:00:00+00:00,115781.16,115928.0,115669.76,115799.47,453.28331
2025-08-23 08:00:00+00:00,115799.46,115861.8,115607.46,115746.12,341.58386
2025-08-23 09:00:00+00:00,115746.12,115782.03,115605.27,115765.82,288.64099
2025-08-23 10:00:00+00:00,115765.81,115780.59,115575.72,115575.72,312.57302
2025-08-23 11:00:00+00:00,115575.73,115616.63,115223.43,115310.13,371.09604
2025-08-23 12:00:00+00:00,115310.13,115486.97,115175.48,115213.6,445.4785
2025-08-23 13:00:00+00:00,115213.6,115213.6,114735.57,114864.92,981.86665
2025-08-23 14:00:00+00:00,114864.92,115081.59,114620.0,114621.47,1000.43667
2025-08-23 15:00:00+00:00,114621.48,114966.87,114560.0,114812.87,599.77984
2025-08-23 16:00:00+00:00,114812.88,115097.92,114684.11,115020.0,448.76533
2025-08-23 17:00:00+00:00,115020.0,115167.78,114947.46,115087.97,327.26623
2025-08-23 18:00:00+00:00,115087.97,115190.74,115035.11,115145.77,178.18512
2025-08-23 19:00:00+00:00,115145.77,115173.86,115051.32,115133.91,151.33399
2025-08-23 20:00:00+00:00,115133.92,115325.82,115108.23,115325.81,181.19976
2025-08-23 21:00:00+00:00,115325.81,115325.82,115001.88,115028.0,194.43314
2025-08-23 22:00:00+00:00,115028.01,115317.86,115028.0,115317.85,117.57565
2025-08-23 23:00:00+00:00,115317.86,115454.12,115244.7,115438.05,483.37937
2025-08-24 00:00:00+00:00,115438.06,115549.44,115315.33,115375.35,457.40004
2025-08-24 01:00:00+00:00,115375.36,115584.09,115196.0,115473.99,655.8074
2025-08-24 02:00:00+00:00,115473.99,115666.68,115000.0,115005.15,401.41002
2025-08-24 03:00:00+00:00,115005.15,115161.24,114934.21,115036.0,481.30687
2025-08-24 04:00:00+00:00,115036.01,115283.21,115036.0,115174.3,345.39663
2025-08-24 05:00:00+00:00,115174.3,115206.55,114930.65,114996.01,697.85001
2025-08-24 06:00:00+00:00,114996.01,115062.77,114846.14,114862.4,395.26293
2025-08-24 07:00:00+00:00,114862.4,115124.86,114855.64,114888.19,277.17773
2025-08-24 08:00:00+00:00,114888.19,114979.55,114750.01,114838.02,947.55224
2025-08-24 09:00:00+00:00,114838.02,115060.99,114668.0,114841.17,438.90856
2025-08-24 10:00:00+00:00,114841.16,114956.66,114600.0,114790.4,479.49962
2025-08-24 11:00:00+00:00,114790.4,114889.91,114620.13,114730.22,357.51883
2025-08-24 12:00:00+00:00,114730.22,114846.4,114597.55,114673.81,358.78753
2025-08-24 13:00:00+00:00,114673.8,114869.41,114555.0,114555.0,620.84833
2025-08-24 14:00:00+00:00,114555.0,114657.0,114350.57,114514.05,816.73334
2025-08-24 15:00:00+00:00,114514.05,114865.32,114400.0,114400.0,865.64985
2025-08-24 16:00:00+00:00,114400.01,114541.93,114255.32,114275.0,786.95266
2025-08-24 17:00:00+00:00,114275.0,114578.85,114236.0,114423.42,983.41055
2025-08-24 18:00:00+00:00,114423.43,114917.1,114301.22,114626.97,1232.99791
2025-08-24 19:00:00+00:00,114626.96,114790.75,110680.0,112600.0,5318.65876
2025-08-24 20:00:00+00:00,112600.0,112987.88,111632.85,112770.39,2003.01345
2025-08-24 21:00:00+00:00,112770.39,113406.8,112369.16,112988.39,854.85267
2025-08-24 22:00:00+00:00,112988.4,113500.0,112614.42,113451.02,755.28007
2025-08-24 23:00:00+00:00,113451.02,113692.97,113366.49,113493.59,643.70862
2025-08-25 00:00:00+00:00,113493.59,113516.16,112159.0,112645.1,897.58897
2025-08-25 01:00:00+00:00,112645.1,113140.06,112615.9,113066.94,541.53145
2025-08-25 02:00:00+00:00,113066.95,113640.01,113066.94,113412.36,396.24817
2025-08-25 03:00:00+00:00,113412.36,113667.28,112905.16,112916.84,549.60431
2025-08-25 04:00:00+00:00,112916.84,113059.52,112611.78,112764.0,622.97182
2025-08-25 05:00:00+00:00,112764.01,112863.24,112309.99,112310.0,808.04429
2025-08-25 06:00:00+00:00,112310.0,112459.18,111756.6,111929.87,933.19436
2025-08-25 07:00:00+00:00,111929.87,112165.19,111284.05,111511.55,1689.81474
2025-08-25 08:00:00+00:00,111511.56,111820.53,110991.28,111414.3,1278.94125
2025-08-25 09:00:00+00:00,111414.3,111850.13,111259.76,111800.01,626.80974
2025-08-25 10:00:00+00:00,111800.0,111806.99,110939.4,110984.03,1416.44599
2025-08-25 11:00:00+00:00,110984.04,111279.91,110929.48,111214.97,706.0609
2025-08-25 12:00:00+00:00,111214.97,111682.49,111072.0,111586.31,722.92729
2025-08-25 13:00:00+00:00,111586.3,111754.82,110588.0,111491.69,1555.34009
2025-08-25 14:00:00+00:00,111491.7,112307.69,111326.49,112260.0,1426.03051
2025-08-25 15:00:00+00:00,112260.01,112580.0,111828.24,112200.64,889.02271
2025-08-25 16:00:00+00:00,112200.65,112937.26,112022.0,112502.43,781.23286
2025-08-25 17:00:00+00:00,112502.43,112800.0,112159.0,112431.4,674.4052
2025-08-25 18:00:00+00:00,112431.4,112618.89,112250.13,112402.9,310.54741
2025-08-25 19:00:00+00:00,112402.9,112430.16,110655.01,110716.13,1343.21864
2025-08-25 20:00:00+00:00,110716.13,111092.54,109390.01,109561.96,4098.07281
2025-08-25 21:00:00+00:00,109561.96,110280.5,109274.1,109888.01,1595.13661
2025-08-25 22:00:00+00:00,109888.01,110599.07,109888.0,110153.23,652.68653
2025-08-25 23:00:00+00:00,110153.23,110267.55,109781.61,110111.98,666.91714
2025-08-26 00:00:00+00:00,110111.98,110111.98,108854.19,109100.23,2132.52683
2025-08-26 01:00:00+00:00,109100.24,109910.68,108666.66,109897.2,1090.85402
2025-08-26 02:00:00+00:00,109897.21,110026.14,109505.04,109710.96,531.88497
2025-08-26 03:00:00+00:00,109710.96,109927.99,109432.0,109879.56,400.12624
2025-08-26 04:00:00+00:00,109879.57,110235.29,109879.57,110100.01,466.51131
2025-08-26 05:00:00+00:00,110100.01,110375.58,110084.41,110196.01,359.69829
2025-08-26 06:00:00+00:00,110196.0,110342.57,109900.0,109988.18,469.86809
2025-08-26 07:00:00+00:00,109988.17,110547.31,109765.93,110303.2,613.97463
2025-08-26 08:00:00+00:00,110303.2,110455.13,110000.0,110102.02,448.59912
2025-08-26 09:00:00+00:00,110102.02,110413.54,110037.51,110152.89,335.89147
2025-08-26 10:00:00+00:00,110152.9,110413.54,110064.12,110216.53,405.76551
2025-08-26 11:00:00+00:00,110216.52,110224.09,109570.34,109876.52,661.84556
2025-08-26 12:00:00+00:00,109876.53,110818.6,109612.0,110216.81,1094.24871
2025-08-26 13:00:00+00:00,110216.81,110265.31,109393.93,110094.66,1207.83119
2025-08-26 14:00:00+00:00,110094.66,110552.86,109800.0,110358.13,1124.78296
2025-08-26 15:00:00+00:00,110358.13,110561.76,109550.0,109666.33,1132.82225
2025-08-26 16:00:00+00:00,109666.34,110153.84,109450.0,110153.84,936.04216
2025-08-26 17:00:00+00:00,110153.83,110205.68,109587.42,109988.07,788.03072
2025-08-26 18:00:00+00:00,109988.07,110990.05,109966.64,110695.58,721.67701
2025-08-26 19:00:00+00:00,110695.58,111162.59,110501.57,111116.03,1102.76066
2025-08-26 20:00:00+00:00,111116.03,111380.03,110918.26,111321.58,705.40181
2025-08-26 21:00:00+00:00,111321.57,111584.61,111113.67,111584.6,375.99082
2025-08-26 22:00:00+00:00,111584.6,111945.69,111557.09,111910.01,610.79197
2025-08-26 23:00:00+00:00,111910.0,112371.0,111737.38,111763.22,734.51247
2025-08-27 00:00:00+00:00,111763.22,111825.16,111339.22,111356.37,600.11827
2025-08-27 01:00:00+00:00,111356.38,111469.07,111092.8,111299.48,488.51561
2025-08-27 02:00:00+00:00,111299.48,111480.0,111105.45,111135.37,474.9491
2025-08-27 03:00:00+00:00,111135.37,111723.92,110918.26,111418.15,608.69015
2025-08-27 04:00:00+00:00,111418.15,111737.26,111403.29,111570.81,422.75409
2025-08-27 05:00:00+00:00,111570.81,111685.57,111337.85,111372.18,323.13251
2025-08-27 06:00:00+00:00,111372.18,111372.19,111028.02,111040.09,326.53843
2025-08-27 07:00:00+00:00,111040.1,111129.94,110622.5,110725.18,737.37791
2025-08-27 08:00:00+00:00,110725.19,110837.77,110345.42,110756.01,607.62048
2025-08-27 09:00:00+00:00,110756.0,111125.32,110720.06,110810.78,362.97245
2025-08-27 10:00:00+00:00,110810.77,111267.7,110810.77,110975.12,336.60819
2025-08-27 11:00:00+00:00,110975.12,111374.45,110975.11,111322.07,287.06641
2025-08-27 12:00:00+00:00,111322.07,111397.74,111022.78,111344.42,397.11123
2025-08-27 13:00:00+00:00,111344.43,111895.25,111019.02,111487.24,851.74843
2025-08-27 14:00:00+00:00,111487.24,112625.0,111283.97,111815.94,1276.25098
2025-08-27 15:00:00+00:00,111815.94,112084.43,111505.0,112000.0,784.98996
2025-08-27 16:00:00+00:00,111999.99,112250.0,111541.23,112121.46,613.40717
2025-08-27 17:00:00+00:00,112121.45,112444.1,111897.43,112345.29,386.39727
2025-08-27 18:00:00+00:00,112345.3,112600.0,111928.0,111947.21,410.75955
2025-08-27 19:00:00+00:00,111947.22,112212.06,111576.24,112080.69,491.86153
2025-08-27 20:00:00+00:00,112080.68,112419.09,110921.79,112419.07,1418.31926
2025-08-27 21:00:00+00:00,112419.08,112452.05,111368.15,111528.19,454.99512
2025-08-27 22:00:00+00:00,111528.19,111610.06,111051.0,111409.54,421.42728
2025-08-27 23:00:00+00:00,111409.54,111544.0,111102.28,111262.01,308.99737
2025-08-28 00:00:00+00:00,111262.01,111535.09,110862.42,111338.92,402.94473
2025-08-28 01:00:00+00:00,111338.93,111714.28,111334.89,111647.7,252.40621
2025-08-28 02:00:00+00:00,111647.71,111761.58,111446.07,111500.0,198.00577
2025-08-28 03:00:00+00:00,111499.99,112042.04,111408.0,112000.01,350.42111
2025-08-28 04:00:00+00:00,112000.0,113082.48,111945.07,112965.9,844.0612
2025-08-28 05:00:00+00:00,112965.89,113160.0,112702.13,112853.24,635.30026
2025-08-28 06:00:00+00:00,112853.24,113284.41,112716.0,113213.78,337.92035
2025-08-28 07:00:00+00:00,113213.79,113360.0,113005.92,113114.11,664.63681
2025-08-28 08:00:00+00:00,113114.11,113351.51,113006.66,113128.49,420.29225
2025-08-28 09:00:00+00:00,113128.49,113139.8,112850.4,112856.89,355.38489
2025-08-28 10:00:00+00:00,112856.89,113127.53,112826.22,113127.53,342.86877
2025-08-28 11:00:00+00:00,113127.53,113152.97,112850.0,112909.18,300.49745
2025-08-28 12:00:00+00:00,112909.18,113340.01,112781.68,113239.44,542.61317
2025-08-28 13:00:00+00:00,113239.44,113485.9,112575.43,112832.0,1179.11716
2025-08-28 14:00:00+00:00,112832.75,113300.0,112528.15,113153.06,644.09235
2025-08-28 15:00:00+00:00,113153.07,113250.0,112391.56,112678.53,723.11082
2025-08-28 16:00:00+00:00,112678.53,113186.56,112329.44,112329.44,566.22384
2025-08-28 17:00:00+00:00,112329.44,112617.86,112215.32,112387.99,544.60806
2025-08-28 18:00:00+00:00,112388.0,112718.2,112230.76,112373.59,299.78379
2025-08-28 19:00:00+00:00,112373.58,112575.84,111901.35,111901.36,402.6813
2025-08-28 20:00:00+00:00,111901.36,112111.05,111872.06,111902.49,225.57171
2025-08-28 21:00:00+00:00,111902.5,112133.65,111900.0,112025.07,225.0768
2025-08-28 22:00:00+00:00,112025.07,112509.33,112025.06,112340.64,326.33504
2025-08-28 23:00:00+00:00,112340.64,112575.98,112305.15,112566.9,320.3236
2025-08-29 00:00:00+00:00,112566.9,112638.64,112129.13,112200.94,446.62185
2025-08-29 01:00:00+00:00,112200.94,112271.38,111425.28,111486.0,719.46398
2025-08-29 02:00:00+00:00,111486.0,111770.44,111361.35,111419.98,547.49956
2025-08-29 03:00:00+00:00,111419.98,111823.19,111302.27,111704.23,409.42082
2025-08-29 04:00:00+00:00,111704.24,111850.56,111420.87,111502.0,396.49962
2025-08-29 05:00:00+00:00,111502.01,111583.13,111133.64,111315.42,508.83781
2025-08-29 06:00:00+00:00,111315.42,111401.06,110955.41,111279.45,1428.68924
2025-08-29 07:00:00+00:00,111279.45,111279.45,109899.99,110019.38,1926.94513
2025-08-29 08:00:00+00:00,110019.38,110270.3,109610.0,109628.02,1262.43838
2025-08-29 09:00:00+00:00,109628.02,109924.39,109414.18,109772.71,713.11845
2025-08-29 10:00:00+00:00,109772.71,110028.0,109750.0,110008.01,414.17589
2025-08-29 11:00:00+00:00,110008.0,110161.93,109835.29,110098.81,458.57754
2025-08-29 12:00:00+00:00,110098.81,111517.07,110070.73,110728.0,1553.7899
2025-08-29 13:00:00+00:00,110728.01,110780.57,108900.0,109106.14,2037.27573
2025-08-29 14:00:00+00:00,109106.14,109560.14,108103.0,108198.67,2371.46354
2025-08-29 15:00:00+00:00,108198.66,108727.38,108188.39,108386.23,1766.75123
2025-08-29 16:00:00+00:00,108386.23,108832.0,108140.0,108705.67,960.99261
2025-08-29 17:00:00+00:00,108705.68,108725.5,108155.73,108466.01,529.32413
2025-08-29 18:00:00+00:00,108466.01,108500.0,108101.07,108145.4,328.44201
2025-08-29 19:00:00+00:00,108145.4,108744.0,107934.24,108212.01,786.88663
2025-08-29 20:00:00+00:00,108212.01,108263.02,107506.0,107770.78,1863.41834
2025-08-29 21:00:00+00:00,107770.78,108470.75,107463.9,108450.01,644.62367
2025-08-29 22:00:00+00:00,108450.0,108480.49,108207.79,108378.97,247.74076
2025-08-29 23:00:00+00:00,108378.98,108549.99,108322.79,108377.4,257.31363
2025-08-30 00:00:00+00:00,108377.4,108410.73,108139.49,108300.71,612.21355
2025-08-30 01:00:00+00:00,108300.7,108350.0,107350.1,107447.97,702.48254
2025-08-30 02:00:00+00:00,107447.97,107951.77,107384.0,107782.01,781.27336
2025-08-30 03:00:00+00:00,107782.01,108436.21,107769.48,108436.2,1148.16791
2025-08-30 04:00:00+00:00,108436.21,108697.28,108372.95,108435.59,1453.52211
2025-08-30 05:00:00+00:00,108435.58,108480.71,108129.3,108347.2,569.67263
2025-08-30 06:00:00+00:00,108347.2,108554.73,108209.35,108320.0,334.65645
2025-08-30 07:00:00+00:00,108320.0,108524.26,108120.0,108524.26,694.47404
2025-08-30 08:00:00+00:00,108524.26,108777.43,108488.0,108568.0,287.42447
2025-08-30 09:00:00+00:00,108568.0,108604.82,108470.84,108517.63,290.0264
2025-08-30 10:00:00+00:00,108517.63,108690.49,108400.0,108425.99,427.7596
2025-08-30 11:00:00+00:00,108425.98,108714.35,108422.36,108680.01,411.74343
2025-08-30 12:00:00+00:00,108680.01,108680.01,108333.0,108614.86,356.51633
2025-08-30 13:00:00+00:00,108614.85,108614.86,108190.52,108531.14,552.78663
2025-08-30 14:00:00+00:00,108531.14,108740.16,108408.84,108661.99,285.06574
2025-08-30 15:00:00+00:00,108662.0,108926.15,108551.08,108869.98,346.17102
2025-08-30 16:00:00+00:00,108869.98,108879.96,108665.63,108815.72,286.49152
2025-08-30 17:00:00+00:00,108815.72,108898.17,108625.46,108784.71,163.33936
2025-08-30 18:00:00+00:00,108784.71,108839.13,108629.28,108739.72,109.15999
2025-08-30 19:00:00+00:00,108739.72,108900.0,108650.0,108828.33,118.59542
2025-08-30 20:00:00+00:00,108828.32,108838.27,108580.93,108648.0,168.45642
2025-08-30 21:00:00+00:00,108648.0,108682.81,108500.0,108588.67,162.11994
2025-08-30 22:00:00+00:00,108588.67,108595.9,108468.77,108531.12,159.37321
2025-08-30 23:00:00+00:00,108531.13,108816.34,108530.15,108816.33,286.89952
2025-08-31 00:00:00+00:00,108816.33,109400.0,108801.35,109389.08,767.94031
2025-08-31 01:00:00+00:00,109389.09,109480.02,109141.6,109429.01,456.69292
2025-08-31 02:00:00+00:00,109429.02,109439.54,109171.97,109224.87,227.48673
2025-08-31 03:00:00+00:00,109224.88,109378.93,109160.05,109223.84,304.7115
2025-08-31 04:00:00+00:00,109223.84,109231.41,108666.93,108816.32,409.65172
2025-08-31 05:00:00+00:00,108816.33,108816.33,108572.0,108756.85,297.82501
2025-08-31 06:00:00+00:00,108756.85,108778.27,108523.49,108716.65,209.89685
2025-08-31 07:00:00+00:00,108716.65,108829.17,108670.0,108708.26,259.88571
2025-08-31 08:00:00+00:00,108708.25,109030.51,108708.25,109011.67,217.73644
2025-08-31 09:00:00+00:00,109011.67,109100.0,108447.6,108507.68,344.54949
2025-08-31 10:00:00+00:00,108507.68,108628.63,108303.21,108560.23,639.93429
2025-08-31 11:00:00+00:00,108560.23,108597.19,108323.73,108389.76,388.6744
2025-08-31 12:00:00+00:00,108389.77,108486.13,108307.69,108309.2,637.73664
2025-08-31 13:00:00+00:00,108309.21,108451.45,108191.29,108418.02,675.04582
2025-08-31 14:00:00+00:00,108418.02,108515.68,108255.43,108467.33,482.56215
2025-08-31 15:00:00+00:00,108467.32,108858.43,108462.6,108818.69,646.54444
2025-08-31 16:00:00+00:00,108818.69,108978.0,108555.0,108922.79,566.18074
2025-08-31 17:00:00+00:00,108922.79,108993.88,108852.89,108993.87,242.1119
2025-08-31 18:00:00+00:00,108993.88,109237.51,108927.5,109146.62,264.16429
2025-08-31 19:00:00+00:00,109146.62,109167.84,108916.28,108930.0,160.04622
2025-08-31 20:00:00+00:00,108930.0,109118.0,108880.0,109117.99,190.53944
2025-08-31 21:00:00+00:00,109118.0,109118.0,108957.12,109037.29,156.22084
2025-08-31 22:00:00+00:00,109037.3,109230.0,108758.37,108900.46,245.89578
2025-08-31 23:00:00+00:00,108900.45,108917.36,108076.93,108246.35,697.48233
2025-09-01 00:00:00+00:00,108246.36,108406.18,107631.68,108222.37,1078.8221
2025-09-01 01:00:00+00:00,108222.37,108482.98,107968.09,108150.24,471.21562
2025-09-01 02:00:00+00:00,108150.24,108197.67,107425.42,107617.05,869.81682
2025-09-01 03:00:00+00:00,107617.05,107769.94,107393.0,107660.01,786.48643
2025-09-01 04:00:00+00:00,107660.0,107759.99,107279.51,107409.1,645.82838
2025-09-01 05:00:00+00:00,107409.09,107987.4,107255.0,107866.12,547.79285
2025-09-01 06:00:00+00:00,107866.13,108128.0,107594.42,108064.75,384.59049
2025-09-01 07:00:00+00:00,108064.76,109432.99,107984.79,109432.99,1325.96108
2025-09-01 08:00:00+00:00,109432.99,109820.02,109424.0,109590.0,1103.75653
2025-09-01 09:00:00+00:00,109590.0,109912.4,109485.57,109524.12,513.50327
2025-09-01 10:00:00+00:00,109524.13,109535.32,108186.41,108571.41,948.82778
2025-09-01 11:00:00+00:00,108571.42,108857.35,108464.0,108782.88,545.20367
2025-09-01 12:00:00+00:00,108782.89,109165.47,108635.39,109108.27,636.3452
2025-09-01 13:00:00+00:00,109108.27,109520.0,108936.44,109023.61,725.12306
2025-09-01 14:00:00+00:00,109023.61,109332.28,108824.82,109146.6,490.85432
2025-09-01 15:00:00+00:00,109146.59,109373.1,108566.0,108784.33,414.02255
2025-09-01 16:00:00+00:00,108784.33,109096.0,108653.09,108774.23,374.40601
2025-09-01 17:00:00+00:00,108774.23,108953.82,108391.3,108927.61,570.88854
2025-09-01 18:00:00+00:00,108927.61,109267.22,108921.17,109240.0,346.10668
2025-09-01 19:00:00+00:00,109240.0,109329.65,109160.27,109217.64,261.74926
2025-09-01 20:00:00+00:00,109217.65,109217.65,108284.0,108877.38,873.53022
2025-09-01 21:00:00+00:00,108877.39,108939.42,107459.49,107800.8,917.91242
2025-09-01 22:00:00+00:00,107800.8,108500.04,107588.01,108444.96,517.76894
2025-09-01 23:00:00+00:00,108444.96,109442.95,108428.45,109237.42,703.08997
2025-09-02 00:00:00+00:00,109237.43,109337.64,108883.8,109040.36,552.10707
2025-09-02 01:00:00+00:00,109040.36,109611.11,108993.0,109313.0,616.57671
2025-09-02 02:00:00+00:00,109313.0,110272.06,109171.78,110246.01,1081.14032
2025-09-02 03:00:00+00:00,110246.0,110623.97,110060.12,110322.18,916.19598
2025-09-02 04:00:00+00:00,110322.19,110420.0,110143.62,110310.56,492.48149
2025-09-02 05:00:00+00:00,110310.56,110337.06,110045.01,110209.32,359.35463
2025-09-02 06:00:00+00:00,110209.33,110610.5,110173.96,110376.63,596.39606
2025-09-02 07:00:00+00:00,110376.63,110400.0,110000.0,110233.92,504.4839
2025-09-02 08:00:00+00:00,110233.91,110711.1,110052.27,110360.0,557.03627
2025-09-02 09:00:00+00:00,110360.01,110699.58,110256.94,110450.56,476.55196
2025-09-02 10:00:00+00:00,110450.56,110477.85,110128.13,110246.0,410.87869
2025-09-02 11:00:00+00:00,110246.0,110255.17,109563.87,109733.34,1017.54899
2025-09-02 12:00:00+00:00,109733.33,109836.34,108393.39,108795.99,1297.32717
2025-09-02 13:00:00+00:00,108796.0,111275.93,108733.88,111149.99,2481.2087
2025-09-02 14:00:00+00:00,111149.99,111771.52,110780.61,111360.01,1925.30316
2025-09-02 15:00:00+00:00,111360.0,111540.3,110628.85,110829.17,1065.05414
2025-09-02 16:00:00+00:00,110829.16,111119.58,110469.7,110785.85,928.68032
2025-09-02 17:00:00+00:00,110785.85,111050.0,110628.85,110914.0,702.01172
2025-09-02 18:00:00+00:00,110914.01,110945.3,110200.0,110646.47,506.68111
2025-09-02 19:00:00+00:00,110646.47,110840.0,110441.42,110806.0,447.85722
2025-09-02 20:00:00+00:00,110806.01,111419.18,110716.77,111418.49,585.42846
2025-09-02 21:00:00+00:00,111418.49,111538.17,111129.57,111129.57,356.26128
2025-09-02 22:00:00+00:00,111129.58,111260.0,110870.27,111259.99,374.87092
2025-09-02 23:00:00+00:00,111260.0,111271.13,111017.79,111240.01,258.85129
2025-09-03 00:00:00+00:00,111240.01,111782.21,111240.01,111339.98,992.20281
2025-09-03 01:00:00+00:00,111339.98,111404.77,110901.06,111176.94,454.81663
2025-09-03 02:00:00+00:00,111176.93,111484.05,111029.43,111372.0,424.89931
2025-09-03 03:00:00+00:00,111372.0,111411.24,110892.14,111054.01,391.69818
2025-09-03 04:00:00+00:00,111054.0,111151.99,110836.48,111020.68,269.26802
2025-09-03 05:00:00+00:00,111020.68,111069.48,110666.0,110685.57,327.14961
2025-09-03 06:00:00+00:00,110685.57,110879.89,110549.8,110724.0,505.96638
2025-09-03 07:00:00+00:00,110724.0,111111.11,110528.71,111099.88,437.31572
2025-09-03 08:00:00+00:00,111099.87,111279.48,110974.0,111019.99,365.12571
2025-09-03 09:00:00+00:00,111019.99,111324.0,110889.29,111312.28,314.98009
2025-09-03 10:00:00+00:00,111312.28,111491.74,111170.06,111449.99,377.12634
2025-09-03 11:00:00+00:00,111450.0,111708.0,111388.24,111437.77,457.60494
2025-09-03 12:00:00+00:00,111437.77,111858.57,111031.61,111112.0,440.11635
2025-09-03 13:00:00+00:00,111112.0,111920.7,111065.56,111475.07,862.5714
2025-09-03 14:00:00+00:00,111475.08,112500.0,111118.43,112261.37,1480.6438
2025-09-03 15:00:00+00:00,112261.37,112376.7,111910.24,112222.74,766.67332
2025-09-03 16:00:00+00:00,112222.73,112336.0,111686.24,111858.66,604.19676
2025-09-03 17:00:00+00:00,111858.65,112575.27,111858.65,112312.64,574.69857
2025-09-03 18:00:00+00:00,112312.64,112516.35,111800.0,112000.0,465.80305
2025-09-03 19:00:00+00:00,112000.0,112252.33,111781.63,112193.74,312.61035
2025-09-03 20:00:00+00:00,112193.74,112250.0,112052.1,112211.31,229.15863
2025-09-03 21:00:00+00:00,112211.3,112250.0,111759.5,111989.67,182.28806
2025-09-03 22:00:00+00:00,111989.68,112150.0,111839.86,111947.48,177.73464
2025-09-03 23:00:00+00:00,111947.47,111980.0,111613.98,111705.71,359.07217
2025-09-04 00:00:00+00:00,111705.72,112180.0,111619.86,112065.61,343.42623
2025-09-04 01:00:00+00:00,112065.6,112080.0,111641.63,111947.48,251.77157
2025-09-04 02:00:00+00:00,111947.48,111980.01,111406.79,111450.15,359.69532
2025-09-04 03:00:00+00:00,111450.16,111728.57,111136.0,111148.97,529.86591
2025-09-04 04:00:00+00:00,111148.97,111318.84,110917.45,110917.45,332.73027
2025-09-04 05:00:00+00:00,110917.46,110922.4,110569.36,110653.07,1163.68375
2025-09-04 06:00:00+00:00,110653.08,110729.0,110279.68,110393.95,439.75314
2025-09-04 07:00:00+00:00,110393.95,110642.19,110343.72,110463.36,357.56088
2025-09-04 08:00:00+00:00,110463.36,110858.6,110415.72,110640.97,335.90557
2025-09-04 09:00:00+00:00,110640.96,110856.63,110640.96,110815.04,215.23378
2025-09-04 10:00:00+00:00,110815.05,111154.93,110628.85,110628.86,318.57504
2025-09-04 11:00:00+00:00,110628.86,111054.69,110546.48,110810.0,381.28687
2025-09-04 12:00:00+00:00,110810.0,111123.99,110532.73,110933.94,432.19177
2025-09-04 13:00:00+00:00,110933.94,110970.0,110217.13,110464.0,602.3513
2025-09-04 14:00:00+00:00,110463.99,110523.98,109705.48,109842.01,1107.22942
2025-09-04 15:00:00+00:00,109842.01,109862.94,109329.12,109510.31,916.17813
2025-09-04 16:00:00+00:00,109510.32,109688.0,109363.26,109438.34,640.73994
2025-09-04 17:00:00+00:00,109438.35,109914.01,109428.98,109786.48,495.50168
2025-09-04 18:00:00+00:00,109786.48,110218.39,109699.15,109977.0,620.57193
2025-09-04 19:00:00+00:00,109977.0,110113.19,109713.31,109799.99,367.8214
2025-09-04 20:00:00+00:00,109800.0,110409.46,109755.59,110408.02,396.63364
2025-09-04 21:00:00+00:00,110408.01,110545.44,110328.96,110500.0,176.70046
2025-09-04 22:00:00+00:00,110500.01,111588.66,110484.95,111490.73,669.83836
2025-09-04 23:00:00+00:00,111490.74,111765.31,110605.72,110730.87,747.889
2025-09-05 00:00:00+00:00,110730.87,110929.3,110435.75,110451.62,457.22173
2025-09-05 01:00:00+00:00,110451.63,111136.0,110451.63,111121.51,336.74632
2025-09-05 02:00:00+00:00,111121.51,111482.09,111040.79,111340.65,606.85268
2025-09-05 03:00:00+00:00,111340.64,111340.65,111096.67,111311.77,264.75507
2025-09-05 04:00:00+00:00,111311.78,111468.2,111144.51,111445.0,785.66095
2025-09-05 05:00:00+00:00,111445.0,111710.49,111407.57,111574.5,365.92368
2025-09-05 06:00:00+00:00,111574.51,111914.53,111501.94,111911.99,435.99084
2025-09-05 07:00:00+00:00,111912.0,112999.0,111883.49,112954.32,1893.59984
2025-09-05 08:00:00+00:00,112954.32,112985.0,112605.37,112618.51,612.5461
2025-09-05 09:00:00+00:00,112618.51,112619.98,112131.02,112303.87,672.38321
2025-09-05 10:00:00+00:00,112303.87,112571.9,112191.4,112256.36,401.39645
2025-09-05 11:00:00+00:00,112256.36,112439.36,112138.15,112354.0,270.50308
2025-09-05 12:00:00+00:00,112354.0,113384.62,112040.0,113214.78,2902.04978
2025-09-05 13:00:00+00:00,113214.78,113310.01,112706.71,113084.16,2093.90932
2025-09-05 14:00:00+00:00,113084.16,113084.16,110487.65,110569.99,3593.87866
2025-09-05 15:00:00+00:00,110569.99,111017.8,110286.91,110716.82,1216.05211
2025-09-05 16:00:00+00:00,110716.82,110929.3,110537.99,110815.4,450.76892
2025-09-05 17:00:00+00:00,110815.4,110815.4,110206.96,110608.18,561.64147
2025-09-05 18:00:00+00:00,110608.19,111285.35,110569.43,111198.78,518.32708
2025-09-05 19:00:00+00:00,111198.77,111627.51,111125.8,111614.54,636.35672
2025-09-05 20:00:00+00:00,111614.54,111679.79,111299.98,111630.3,588.97794
2025-09-05 21:00:00+00:00,111630.31,111700.0,110375.6,110605.01,1465.95586
2025-09-05 22:00:00+00:00,110605.01,110917.46,110500.0,110800.0,278.07558
2025-09-05 23:00:00+00:00,110800.01,110859.49,110594.79,110659.99,177.83549
2025-09-06 00:00:00+00:00,110660.0,110833.32,110552.56,110779.7,235.00101
2025-09-06 01:00:00+00:00,110779.7,110917.46,110744.08,110867.7,186.31454
2025-09-06 02:00:00+00:00,110867.71,111216.25,110733.11,111216.15,184.10167
2025-09-06 03:00:00+00:00,111216.14,111307.7,111000.12,111082.22,194.76496
2025-09-06 04:00:00+00:00,111082.23,111082.23,110783.7,110876.12,353.6322
2025-09-06 05:00:00+00:00,110876.12,110876.13,110687.69,110714.0,151.66886
2025-09-06 06:00:00+00:00,110714.0,110817.11,110714.0,110752.83,96.24087
2025-09-06 07:00:00+00:00,110752.84,110829.15,110750.64,110825.6,86.44213
2025-09-06 08:00:00+00:00,110825.59,110968.0,110774.46,110952.76,91.10955
2025-09-06 09:00:00+00:00,110952.77,110952.77,110693.86,110695.06,193.74674
2025-09-06 10:00:00+00:00,110695.06,110804.62,110677.3,110773.62,157.49749
2025-09-06 11:00:00+00:00,110773.62,110868.8,110675.58,110781.02,179.54833
2025-09-06 12:00:00+00:00,110781.03,110898.7,110753.97,110832.58,158.76991
2025-09-06 13:00:00+00:00,110832.59,110947.91,110822.0,110936.82,154.65819
2025-09-06 14:00:00+00:00,110936.82,110999.83,110781.96,110807.77,144.7163
2025-09-06 15:00:00+00:00,110807.78,110840.0,110358.11,110384.15,427.86502
2025-09-06 16:00:00+00:00,110384.16,110402.0,109977.0,110267.99,876.95944
2025-09-06 17:00:00+00:00,110267.99,110275.5,110000.0,110157.41,202.2087
2025-09-06 18:00:00+00:00,110157.41,110285.65,110056.29,110228.0,160.96245
2025-09-06 19:00:00+00:00,110228.01,110260.0,110000.0,110038.41,151.53
2025-09-06 20:00:00+00:00,110038.42,110167.01,110034.44,110167.0,140.0902
2025-09-06 21:00:00+00:00,110167.01,110215.03,110093.14,110201.0,168.43512
2025-09-06 22:00:00+00:00,110200.99,110238.12,110074.95,110170.55,159.17265
2025-09-06 23:00:00+00:00,110170.54,110282.82,110113.96,110187.97,144.86264
2025-09-07 00:00:00+00:00,110187.98,110367.37,110180.0,110356.75,274.12078
2025-09-07 01:00:00+00:00,110356.74,110587.86,110332.81,110546.66,251.76683
2025-09-07 02:00:00+00:00,110546.66,110692.52,110444.43,110666.24,231.20078
2025-09-07 03:00:00+00:00,110666.24,110733.12,110596.71,110629.15,191.54953
2025-09-07 04:00:00+00:00,110629.15,110638.0,110489.96,110557.76,140.43398
2025-09-07 05:00:00+00:00,110557.77,110699.0,110557.76,110649.44,163.57402
2025-09-07 06:00:00+00:00,110649.45,110665.35,110472.33,110504.15,195.71662
2025-09-07 07:00:00+00:00,110504.14,110911.42,110463.1,110753.42,373.02249
2025-09-07 08:00:00+00:00,110753.41,111377.19,110720.01,111071.25,524.25884
2025-09-07 09:00:00+00:00,111071.25,111248.2,110876.88,111115.98,305.63775
2025-09-07 10:00:00+00:00,111115.99,111237.97,111041.87,111225.02,152.81384
2025-09-07 11:00:00+00:00,111225.03,111292.13,111189.75,111292.13,231.70263
2025-09-07 12:00:00+00:00,111292.12,111292.13,111073.17,111115.92,171.8987
2025-09-07 13:00:00+00:00,111115.92,111231.6,111042.6,111214.62,159.77105
2025-09-07 14:00:00+00:00,111214.63,111412.0,111059.57,111145.59,337.64277
2025-09-07 15:00:00+00:00,111145.59,111373.43,111120.56,111329.99,168.21133
2025-09-07 16:00:00+00:00,111329.99,111371.35,111152.15,111202.02,223.90897
2025-09-07 17:00:00+00:00,111202.02,111237.86,110888.07,110962.83,326.82203
2025-09-07 18:00:00+00:00,110962.84,111063.0,110861.2,111053.76,219.80123
2025-09-07 19:00:00+00:00,111053.77,111293.99,111049.05,111259.99,169.95303
2025-09-07 20:00:00+00:00,111259.99,111371.26,111147.25,111330.3,178.99404
2025-09-07 21:00:00+00:00,111330.31,111330.31,111050.14,111050.14,82.99122
2025-09-07 22:00:00+00:00,111050.14,111364.4,111001.45,111250.01,270.95197
2025-09-07 23:00:00+00:00,111250.01,111600.0,111076.92,111137.34,334.55501
2025-09-08 00:00:00+00:00,111137.35,111293.26,110733.71,110837.96,553.54548
2025-09-08 01:00:00+00:00,110837.95,110994.58,110731.71,110890.57,352.25138
2025-09-08 02:00:00+00:00,110890.58,111372.0,110621.78,111240.0,364.1088
2025-09-08 03:00:00+00:00,111239.99,111349.24,111026.91,111052.11,431.56519
2025-09-08 04:00:00+00:00,111052.11,111218.49,110929.3,110979.35,318.48361
2025-09-08 05:00:00+00:00,110979.35,111061.05,110899.69,111027.16,189.25665
2025-09-08 06:00:00+00:00,111027.15,111197.86,110917.45,111113.26,156.58167
2025-09-08 07:00:00+00:00,111113.26,111609.04,111113.25,111280.39,665.8032
2025-09-08 08:00:00+00:00,111280.4,111910.48,111252.9,111684.25,867.092
2025-09-08 09:00:00+00:00,111684.26,112095.0,111591.06,112094.99,695.25367
2025-09-08 10:00:00+00:00,112094.99,112186.98,111920.89,112048.0,648.82485
2025-09-08 11:00:00+00:00,112048.0,112121.59,111754.31,112052.43,512.51734
2025-09-08 12:00:00+00:00,112052.43,112153.9,111934.24,112034.51,293.01193
2025-09-08 13:00:00+00:00,112034.5,112370.3,111877.64,111906.55,1120.28751
2025-09-08 14:00:00+00:00,111906.56,112779.5,111888.0,112645.05,989.95574
2025-09-08 15:00:00+00:00,112645.06,112924.37,112526.61,112631.75,614.9683
2025-09-08 16:00:00+00:00,112631.74,112670.06,112293.18,112398.0,493.93324
2025-09-08 17:00:00+00:00,112398.01,112531.6,112075.2,112214.4,461.27895
2025-09-08 18:00:00+00:00,112214.41,112515.59,112184.97,112477.01,296.32443
2025-09-08 19:00:00+00:00,112477.01,112477.01,111978.67,112097.31,430.27796
2025-09-08 20:00:00+00:00,112097.31,112153.07,111896.0,111958.04,288.87626
2025-09-08 21:00:00+00:00,111958.04,112331.32,111930.73,112326.45,273.5437
2025-09-08 22:00:00+00:00,112326.45,112512.71,112210.91,112236.71,274.21823
2025-09-08 23:00:00+00:00,112236.71,112305.03,111989.0,112065.23,290.44202
2025-09-09 00:00:00+00:00,112065.23,112104.41,111459.87,111650.03,720.48199
2025-09-09 01:00:00+00:00,111650.03,111748.54,111258.3,111364.73,520.52157
2025-09-09 02:00:00+00:00,111364.73,111442.95,111111.0,111330.71,536.02045
2025-09-09 03:00:00+00:00,111330.72,111740.61,111234.16,111708.0,314.74637
2025-09-09 04:00:00+00:00,111708.01,112110.99,111624.12,112024.01,548.42419
2025-09-09 05:00:00+00:00,112024.01,112248.84,111851.52,112200.0,298.70562
2025-09-09 06:00:00+00:00,112200.01,113156.65,112151.16,113022.61,1080.72151
2025-09-09 07:00:00+00:00,113022.62,113293.29,112753.61,112991.11,978.74308
2025-09-09 08:00:00+00:00,112991.11,113176.51,112886.93,112992.69,524.35168
2025-09-09 09:00:00+00:00,112992.69,113057.99,112900.0,112966.54,367.43684
2025-09-09 10:00:00+00:00,112966.54,113040.0,112635.38,112732.62,631.93421
2025-09-09 11:00:00+00:00,112732.62,112800.0,112403.91,112433.59,325.19749
2025-09-09 12:00:00+00:00,112433.59,112824.0,112393.4,112671.76,397.08345
2025-09-09 13:00:00+00:00,112671.76,112932.18,112470.18,112760.58,656.61339
2025-09-09 14:00:00+00:00,112760.58,112950.0,111511.11,111767.45,1958.50565
2025-09-09 15:00:00+00:00,111767.45,111847.23,110766.66,110880.76,1649.92992
2025-09-09 16:00:00+00:00,110880.76,111148.17,110788.0,110975.99,808.62492
2025-09-09 17:00:00+00:00,110975.99,111193.39,110898.28,111025.44,539.75817
2025-09-09 18:00:00+00:00,111025.43,111298.16,110900.02,111131.92,495.6204
2025-09-09 19:00:00+00:00,111131.92,111388.04,111124.17,111301.53,277.49178
2025-09-09 20:00:00+00:00,111301.53,111530.16,111090.07,111530.16,761.02989
2025-09-09 21:00:00+00:00,111530.15,111745.69,111270.75,111299.61,463.86358
2025-09-09 22:00:00+00:00,111299.61,111630.31,111266.11,111556.16,207.57487
2025-09-09 23:00:00+00:00,111556.15,111583.81,111362.94,111546.39,315.90146
2025-09-10 00:00:00+00:00,111546.38,111572.57,110942.33,111010.46,490.88671
2025-09-10 01:00:00+00:00,111010.47,111224.53,110917.45,111005.64,419.72999
2025-09-10 02:00:00+00:00,111005.63,111551.04,111005.63,111411.13,492.50873
2025-09-10 03:00:00+00:00,111411.13,111586.26,111372.08,111545.88,263.91729
2025-09-10 04:00:00+00:00,111545.88,111647.38,111410.83,111520.43,304.12835
2025-09-10 05:00:00+00:00,111520.43,111729.65,111372.42,111577.31,436.99878
2025-09-10 06:00:00+00:00,111577.31,111969.57,111396.08,111792.33,503.80753
2025-09-10 07:00:00+00:00,111792.34,112602.35,111760.69,112553.65,1232.32394
2025-09-10 08:00:00+00:00,112553.65,112859.8,112336.28,112370.08,1005.38091
2025-09-10 09:00:00+00:00,112370.07,112428.29,112097.2,112274.29,619.63175
2025-09-10 10:00:00+00:00,112274.29,112422.63,112199.19,112270.01,532.10538
2025-09-10 11:00:00+00:00,112270.0,112409.49,112148.49,112299.99,422.47932
2025-09-10 12:00:00+00:00,112300.0,113550.14,112299.99,113413.51,2800.76749
2025-09-10 13:00:00+00:00,113413.5,114313.13,113384.61,113952.0,2112.22655
2025-09-10 14:00:00+00:00,113951.99,114295.63,113802.14,113899.99,1035.28455
2025-09-10 15:00:00+00:00,113900.0,114095.66,113723.21,113853.99,682.44215
2025-09-10 16:00:00+00:00,113853.99,113936.99,113553.74,113759.89,577.39326
2025-09-10 17:00:00+00:00,113759.88,114074.46,113415.2,113738.01,617.65367
2025-09-10 18:00:00+00:00,113738.01,113896.94,113347.39,113584.85,688.96812
2025-09-10 19:00:00+00:00,113584.84,113617.09,113155.03,113574.52,744.45366
2025-09-10 20:00:00+00:00,113574.53,113900.0,113553.26,113566.39,611.07657
2025-09-10 21:00:00+00:00,113566.4,113845.18,113528.01,113842.53,256.17247
2025-09-10 22:00:00+00:00,113842.54,113992.39,113713.63,113881.2,264.24584
2025-09-10 23:00:00+00:00,113881.21,114025.78,113788.0,113960.0,402.83522
2025-09-11 00:00:00+00:00,113960.0,114008.87,113669.82,113885.7,432.5735
2025-09-11 01:00:00+00:00,113885.7,114176.66,113831.33,113903.23,380.8102
2025-09-11 02:00:00+00:00,113903.23,113953.99,113716.0,113819.02,230.50973
2025-09-11 03:00:00+00:00,113819.02,114434.23,113819.01,114400.01,552.73536
2025-09-11 04:00:00+00:00,114400.01,114400.01,114071.81,114158.29,489.3063
2025-09-11 05:00:00+00:00,114158.29,114348.52,113966.46,114266.0,589.97492
2025-09-11 06:00:00+00:00,114266.0,114459.65,114076.92,114324.64,409.80916
2025-09-11 07:00:00+00:00,114324.65,114326.52,113957.2,114083.58,465.05247
2025-09-11 08:00:00+00:00,114083.58,114200.0,113972.0,114049.39,307.55276
2025-09-11 09:00:00+00:00,114049.39,114075.11,113776.0,113895.29,430.23419
2025-09-11 10:00:00+00:00,113895.3,114119.4,113891.45,114062.32,373.92428
2025-09-11 11:00:00+00:00,114062.31,114112.0,113887.98,113999.99,400.8921
2025-09-11 12:00:00+00:00,113999.99,114500.0,113500.0,113975.99,2372.1547
2025-09-11 13:00:00+00:00,113975.99,114715.02,113430.0,114628.08,1458.85001
2025-09-11 14:00:00+00:00,114630.06,114667.45,113927.6,114463.73,759.30317
2025-09-11 15:00:00+00:00,114463.73,114699.25,113996.19,114180.31,553.38549
2025-09-11 16:00:00+00:00,114180.32,114588.98,114180.31,114487.53,300.34694
2025-09-11 17:00:00+00:00,114487.53,114593.29,114328.52,114589.84,372.57383
2025-09-11 18:00:00+00:00,114589.84,114605.54,114102.0,114312.35,416.47348
2025-09-11 19:00:00+00:00,114312.35,114525.0,114182.04,114419.99,348.31986
2025-09-11 20:00:00+00:00,114420.0,114487.53,114246.04,114395.99,308.36329
2025-09-11 21:00:00+00:00,114395.98,114517.6,114395.98,114482.69,190.78211
2025-09-11 22:00:00+00:00,114482.7,115266.45,114435.63,115084.0,1104.63013
2025-09-11 23:00:00+00:00,115084.01,115488.09,115084.0,115482.69,428.17321
2025-09-12 00:00:00+00:00,115482.69,116331.81,115420.87,115840.69,1835.12528
2025-09-12 01:00:00+00:00,115840.69,116016.91,115371.13,115377.29,774.94414
2025-09-12 02:00:00+00:00,115377.29,115663.05,115256.64,115391.0,535.95115
2025-09-12 03:00:00+00:00,115391.0,115429.46,115045.45,115194.14,556.98098
2025-09-12 04:00:00+00:00,115194.14,115509.65,115086.82,115359.99,435.01083
2025-09-12 05:00:00+00:00,115360.0,115656.87,115320.27,115612.84,397.97519
2025-09-12 06:00:00+00:00,115612.84,115612.85,115260.38,115318.0,301.68688
2025-09-12 07:00:00+00:00,115318.01,115405.79,115086.7,115086.7,495.74469
2025-09-12 08:00:00+00:00,115086.7,115273.12,114950.0,115048.0,931.11012
2025-09-12 09:00:00+00:00,115047.99,115127.05,114888.01,115048.01,372.62834
2025-09-12 10:00:00+00:00,115048.0,115093.49,114926.42,114980.85,227.81735
2025-09-12 11:00:00+00:00,114980.84,115148.0,114901.03,114913.45,427.23394
2025-09-12 12:00:00+00:00,114913.45,115172.57,114740.99,115083.97,620.574
2025-09-12 13:00:00+00:00,115083.98,115214.29,114822.77,115166.45,371.74126
2025-09-12 14:00:00+00:00,115166.46,115500.95,114865.3,115260.0,719.98267
2025-09-12 15:00:00+00:00,115260.0,115294.1,114939.53,115121.18,329.84108
2025-09-12 16:00:00+00:00,115121.18,115514.77,115030.3,115495.56,536.60395
2025-09-12 17:00:00+00:00,115495.56,115939.39,115395.66,115815.16,944.1093
2025-09-12 18:00:00+00:00,115815.16,116495.0,115769.88,116486.18,1014.39133
2025-09-12 19:00:00+00:00,116486.19,116665.63,116238.64,116632.51,1368.73979
2025-09-12 20:00:00+00:00,116632.51,116632.51,115974.0,116157.33,898.27059
2025-09-12 21:00:00+00:00,116157.34,116157.34,115752.68,115865.89,385.45605
2025-09-12 22:00:00+00:00,115865.89,116360.43,115865.89,116027.46,494.01734
2025-09-12 23:00:00+00:00,116027.46,116161.37,115929.06,116029.42,348.17094
2025-09-13 00:00:00+00:00,116029.41,116298.78,115959.59,116209.32,476.47907
2025-09-13 01:00:00+00:00,116209.32,116275.81,115576.26,115764.3,632.36146
2025-09-13 02:00:00+00:00,115764.3,115991.29,115686.47,115886.17,322.19761
2025-09-13 03:00:00+00:00,115886.16,116012.91,115837.98,115957.0,823.27412
2025-09-13 04:00:00+00:00,115957.0,115957.01,115685.6,115698.4,314.62389
2025-09-13 05:00:00+00:00,115698.4,115845.46,115657.81,115704.04,253.6123
2025-09-13 06:00:00+00:00,115704.03,115802.16,115662.2,115749.99,251.18163
2025-09-13 07:00:00+00:00,115750.0,115855.89,115702.39,115778.71,242.78688
2025-09-13 08:00:00+00:00,115778.72,116056.17,115767.33,115978.01,351.87471
2025-09-13 09:00:00+00:00,115978.01,116038.14,115871.26,116035.33,294.98775
2025-09-13 10:00:00+00:00,116035.32,116166.71,115916.41,115937.99,318.28855
2025-09-13 11:00:00+00:00,115937.99,116005.82,115888.0,115974.11,263.75402
2025-09-13 12:00:00+00:00,115974.11,116060.0,115872.82,116002.91,204.03439
2025-09-13 13:00:00+00:00,116002.91,116002.91,115621.65,115761.05,440.12472
2025-09-13 14:00:00+00:00,115761.06,115950.0,115603.98,115797.68,438.72685
2025-09-13 15:00:00+00:00,115797.67,115924.6,115619.57,115768.68,290.44971
2025-09-13 16:00:00+00:00,115768.68,115817.37,115127.27,115334.0,700.8183
2025-09-13 17:00:00+00:00,115333.99,115587.49,115180.0,115571.78,465.25625
2025-09-13 18:00:00+00:00,115571.79,115653.26,115433.09,115633.92,160.49564
2025-09-13 19:00:00+00:00,115633.91,115800.88,115570.78,115797.12,263.39165
2025-09-13 20:00:00+00:00,115797.12,115991.29,115797.11,115905.88,220.70474
2025-09-13 21:00:00+00:00,115905.88,115972.52,115839.98,115895.39,234.38734
2025-09-13 22:00:00+00:00,115895.4,115944.64,115809.9,115871.58,159.45156
2025-09-13 23:00:00+00:00,115871.58,115979.99,115861.39,115918.29,146.1408
2025-09-14 00:00:00+00:00,115918.29,116000.0,115815.13,115935.6,153.28277
2025-09-14 01:00:00+00:00,115935.61,115990.2,115744.67,115962.93,185.94891
2025-09-14 02:00:00+00:00,115962.92,116109.0,115750.0,115852.95,267.49819
2025-09-14 03:00:00+00:00,115852.95,115869.99,115651.99,115679.98,272.91216
2025-09-14 04:00:00+00:00,115679.99,115768.0,115449.59,115750.99,247.86689
2025-09-14 05:00:00+00:00,115751.0,115924.69,115735.58,115860.01,258.07375
2025-09-14 06:00:00+00:00,115860.01,115936.0,115693.95,115734.23,196.84102
2025-09-14 07:00:00+00:00,115734.24,115838.41,115734.23,115805.39,212.00183
2025-09-14 08:00:00+00:00,115805.39,115983.02,115759.44,115933.4,137.30583
2025-09-14 09:00:00+00:00,115933.4,116165.19,115905.88,116052.09,271.65824
2025-09-14 10:00:00+00:00,116052.1,116132.85,115955.57,116027.26,156.38468
2025-09-14 11:00:00+00:00,116027.25,116100.0,115748.78,115794.91,275.05839
2025-09-14 12:00:00+00:00,115794.92,115878.49,115662.62,115776.31,316.9787
2025-09-14 13:00:00+00:00,115776.31,115776.32,115217.01,115348.1,617.50773
2025-09-14 14:00:00+00:00,115348.1,115691.04,115141.8,115401.75,750.31099
2025-09-14 15:00:00+00:00,115401.75,115419.1,115200.4,115224.01,351.71527
2025-09-14 16:00:00+00:00,115224.01,115540.0,115193.9,115480.0,284.25459
2025-09-14 17:00:00+00:00,115480.0,115657.5,115413.46,115557.65,290.60711
2025-09-14 18:00:00+00:00,115557.65,115557.66,115375.05,115388.21,161.60603
2025-09-14 19:00:00+00:00,115388.21,115635.0,115330.99,115634.99,132.66154
2025-09-14 20:00:00+00:00,115634.99,115851.26,115634.99,115802.16,116.11592
2025-09-14 21:00:00+00:00,115802.16,116087.35,115607.99,116058.88,349.40859
2025-09-14 22:00:00+00:00,116059.48,116076.89,115810.22,116009.61,262.34337
2025-09-14 23:00:00+00:00,116009.62,116009.62,115135.0,115268.01,439.25947
2025-09-15 00:00:00+00:00,115268.01,115276.49,114972.29,115071.32,521.11024
2025-09-15 01:00:00+00:00,115071.32,115283.5,114825.0,115231.69,362.37165
2025-09-15 02:00:00+00:00,115231.69,115443.29,115214.55,115362.35,184.52455
2025-09-15 03:00:00+00:00,115362.35,115594.9,115347.91,115445.45,223.493
2025-09-15 04:00:00+00:00,115445.46,116168.26,115400.0,116058.01,698.45937
2025-09-15 05:00:00+00:00,116058.01,116583.47,116019.05,116520.0,781.40763
2025-09-15 06:00:00+00:00,116519.13,116757.99,116043.01,116129.99,559.85108
2025-09-15 07:00:00+00:00,116130.0,116400.0,115626.96,115806.62,605.7335
2025-09-15 08:00:00+00:00,115806.62,115806.62,114709.18,114737.27,1325.86164
2025-09-15 09:00:00+00:00,114737.28,115188.0,114625.87,114868.59,1072.97754
2025-09-15 10:00:00+00:00,114868.6,114954.83,114720.69,114769.04,532.63649
2025-09-15 11:00:00+00:00,114769.03,115195.86,114740.97,115070.0,565.80309
2025-09-15 12:00:00+00:00,115070.01,115074.51,114671.75,114721.04,599.02223
2025-09-15 13:00:00+00:00,114721.03,115099.0,114384.0,114664.08,1056.42151
2025-09-15 14:00:00+00:00,114664.07,115029.81,114450.28,114679.56,775.27929
2025-09-15 15:00:00+00:00,114679.55,114909.4,114404.43,114842.9,564.69333
2025-09-15 16:00:00+00:00,114842.9,114922.59,114600.0,114662.57,364.30154
2025-09-15 17:00:00+00:00,114662.58,115130.0,114600.0,115120.03,284.01648
2025-09-15 18:00:00+00:00,115120.02,115360.54,114904.16,115307.79,538.96072
2025-09-15 19:00:00+00:00,115307.79,115570.0,114975.66,115307.78,685.41151
2025-09-15 20:00:00+00:00,115307.78,115515.41,115200.07,115379.99,325.59706
2025-09-15 21:00:00+00:00,115380.0,115538.55,115283.49,115528.0,170.93694
2025-09-15 22:00:00+00:00,115528.0,115605.07,115221.68,115288.01,235.69782
2025-09-15 23:00:00+00:00,115288.01,115476.0,115232.58,115349.71,177.94328
2025-09-16 00:00:00+00:00,115349.71,115349.71,114945.01,115088.66,244.26086
2025-09-16 01:00:00+00:00,115088.66,115520.0,115008.69,115024.24,232.3498
2025-09-16 02:00:00+00:00,115024.24,115227.51,115024.23,115034.47,151.83383
2025-09-16 03:00:00+00:00,115034.48,115426.49,115034.44,115307.25,236.03187
2025-09-16 04:00:00+00:00,115307.26,115560.01,114930.0,115503.01,446.01382
2025-09-16 05:00:00+00:00,115503.02,115957.23,115454.3,115936.65,685.43114
2025-09-16 06:00:00+00:00,115936.65,116009.62,115591.57,115770.35,449.53079
2025-09-16 07:00:00+00:00,115770.36,115886.17,115724.41,115840.0,319.02367
2025-09-16 08:00:00+00:00,115839.99,115981.17,115526.5,115658.76,463.00777
2025-09-16 09:00:00+00:00,115658.76,115720.0,115443.65,115477.27,286.71309
2025-09-16 10:00:00+00:00,115477.28,115590.49,115372.35,115372.46,292.6133
2025-09-16 11:00:00+00:00,115372.47,115431.52,115206.15,115287.83,303.19825
2025-09-16 12:00:00+00:00,115287.84,115460.2,115287.38,115439.36,296.84884
2025-09-16 13:00:00+00:00,115439.36,115558.06,114737.11,115200.0,1064.59506
2025-09-16 14:00:00+00:00,115200.0,115306.71,114811.0,115296.86,607.41382
2025-09-16 15:00:00+00:00,115296.86,115905.89,115010.66,115905.88,653.80057
2025-09-16 16:00:00+00:00,115905.88,116068.92,115608.28,116068.06,691.27604
2025-09-16 17:00:00+00:00,116068.05,116870.76,116056.99,116461.54,1252.39334
2025-09-16 18:00:00+00:00,116461.55,116776.66,116226.12,116418.86,486.09455
2025-09-16 19:00:00+00:00,116418.87,116820.0,116395.6,116800.12,525.61626
2025-09-16 20:00:00+00:00,116800.13,116908.83,116722.56,116839.47,367.21592
2025-09-16 21:00:00+00:00,116839.47,116940.26,116584.45,116800.51,295.98351
2025-09-16 22:00:00+00:00,116800.51,116964.27,116694.73,116855.58,312.66858
2025-09-16 23:00:00+00:00,116855.58,116920.46,116632.0,116788.96,262.99472
2025-09-17 00:00:00+00:00,116788.96,116832.0,116560.0,116560.01,269.7236
2025-09-17 01:00:00+00:00,116560.01,116768.0,116516.92,116662.25,267.74519
2025-09-17 02:00:00+00:00,116662.25,117077.16,116556.52,116686.43,742.4537
2025-09-17 03:00:00+00:00,116686.43,116758.83,116371.81,116372.04,377.8305
2025-09-17 04:00:00+00:00,116372.05,116480.01,116160.22,116313.49,262.15716
2025-09-17 05:00:00+00:00,116313.5,117214.0,116313.49,117108.3,894.88999
2025-09-17 06:00:00+00:00,117108.31,117286.73,116970.41,117234.27,770.01131
2025-09-17 07:00:00+00:00,117234.28,117275.0,117125.78,117162.48,557.97471
2025-09-17 08:00:00+00:00,117162.48,117189.86,116683.99,116860.0,635.73334
2025-09-17 09:00:00+00:00,116860.01,116860.01,116548.88,116550.01,380.39506
2025-09-17 10:00:00+00:00,116550.01,116604.26,116267.44,116359.14,356.93808
2025-09-17 11:00:00+00:00,116359.14,116383.87,116253.27,116258.13,282.02162
2025-09-17 12:00:00+00:00,116258.12,116516.93,116096.41,116204.94,387.04674
2025-09-17 13:00:00+00:00,116204.94,116330.75,115905.88,116107.19,664.85629
2025-09-17 14:00:00+00:00,116107.18,116240.0,115432.0,115606.61,1214.53614
2025-09-17 15:00:00+00:00,115606.62,115886.17,115527.48,115875.32,581.89144
2025-09-17 16:00:00+00:00,115875.33,115875.33,115386.21,115640.77,659.4146
2025-09-17 17:00:00+00:00,115640.76,116288.27,115500.0,115504.48,696.96558
2025-09-17 18:00:00+00:00,115504.49,116333.33,114720.81,115226.93,3427.38872
2025-09-17 19:00:00+00:00,115226.93,115989.2,115068.33,115652.02,955.04331
2025-09-17 20:00:00+00:00,115652.02,116140.2,115496.68,115621.47,455.26463
2025-09-17 21:00:00+00:00,115621.47,116120.0,115307.33,116038.39,336.05085
2025-09-17 22:00:00+00:00,116038.39,116823.72,116038.39,116559.69,741.17447
2025-09-17 23:00:00+00:00,116559.68,116990.68,116340.07,116447.59,836.73837
2025-09-18 00:00:00+00:00,116447.6,116470.52,116092.76,116350.65,442.99009
2025-09-18 01:00:00+00:00,116350.65,116869.46,116340.0,116634.84,440.77649
2025-09-18 02:00:00+00:00,116634.84,116959.96,116429.55,116950.47,318.2136
2025-09-18 03:00:00+00:00,116950.46,117896.0,116896.93,117581.66,1879.7006
2025-09-18 04:00:00+00:00,117581.67,117750.0,117219.5,117605.16,612.3817
2025-09-18 05:00:00+00:00,117605.16,117605.16,117176.1,117273.36,340.19852
2025-09-18 06:00:00+00:00,117273.37,117338.05,116888.02,117102.43,474.42047
2025-09-18 07:00:00+00:00,117102.43,117208.0,117048.81,117086.01,362.6272
2025-09-18 08:00:00+00:00,117086.01,117413.04,117010.59,117229.59,383.66591
2025-09-18 09:00:00+00:00,117229.58,117350.0,117107.57,117298.81,260.44715
2025-09-18 10:00:00+00:00,117298.82,117307.5,117078.72,117190.47,236.63641
2025-09-18 11:00:00+00:00,117190.48,117300.0,117013.77,117063.4,285.00282
2025-09-18 12:00:00+00:00,117063.41,117279.0,116977.59,117124.69,249.62123
2025-09-18 13:00:00+00:00,117124.69,117655.55,117004.28,117432.04,647.0176
2025-09-18 14:00:00+00:00,117432.04,117843.83,117400.54,117640.54,711.59459
2025-09-18 15:00:00+00:00,117640.54,117705.51,117322.41,117583.56,808.09852
2025-09-18 16:00:00+00:00,117583.56,117789.0,117500.01,117565.6,483.30991
2025-09-18 17:00:00+00:00,117565.59,117765.59,117418.45,117579.93,479.43176
2025-09-18 18:00:00+00:00,117579.94,117900.0,117512.11,117822.97,474.53821
2025-09-18 19:00:00+00:00,117822.98,117822.98,117196.33,117450.21,391.34362
2025-09-18 20:00:00+00:00,117450.21,117657.17,117337.95,117521.14,192.47211
2025-09-18 21:00:00+00:00,117521.14,117521.14,117299.21,117299.21,187.11636
2025-09-18 22:00:00+00:00,117299.21,117334.8,117027.34,117061.02,345.51742
2025-09-18 23:00:00+00:00,117061.02,117172.21,116612.03,117073.53,650.11136
2025-09-19 00:00:00+00:00,117073.53,117427.7,117020.0,117424.2,328.86734
2025-09-19 01:00:00+00:00,117424.21,117459.99,117118.21,117241.32,268.6749
2025-09-19 02:00:00+00:00,117241.32,117285.99,117044.13,117112.8,395.51641
2025-09-19 03:00:00+00:00,117112.81,117291.01,116871.61,116977.58,333.32919
2025-09-19 04:00:00+00:00,116977.58,117100.0,116700.02,116990.65,377.41298
2025-09-19 05:00:00+00:00,116990.65,117010.0,116780.75,116894.83,306.31482
2025-09-19 06:00:00+00:00,116894.83,116894.83,116633.86,116669.75,430.54942
2025-09-19 07:00:00+00:00,116669.76,116992.81,116665.0,116909.97,423.81384
2025-09-19 08:00:00+00:00,116909.98,117090.36,116882.47,116915.88,283.85786
2025-09-19 09:00:00+00:00,116915.88,116979.86,116488.0,116488.0,361.47256
2025-09-19 10:00:00+00:00,116488.0,116551.54,116434.23,116532.68,289.26548
2025-09-19 11:00:00+00:00,116532.68,116554.05,116300.0,116394.72,309.23241
2025-09-19 12:00:00+00:00,116394.72,116529.08,116133.66,116162.45,488.73837
2025-09-19 13:00:00+00:00,116162.45,116465.35,116075.0,116284.64,435.12378
2025-09-19 14:00:00+00:00,116284.63,116479.11,115800.0,115899.99,846.39402
2025-09-19 15:00:00+00:00,115899.99,115952.95,115464.19,115884.03,887.61948
2025-09-19 16:00:00+00:00,115884.03,116136.0,115800.0,116088.68,355.37234
2025-09-19 17:00:00+00:00,116088.68,116093.18,115538.67,115542.73,360.56628
2025-09-19 18:00:00+00:00,115542.73,115644.73,115382.98,115407.49,388.78402
2025-09-19 19:00:00+00:00,115407.49,115479.45,115112.58,115125.12,308.93231
2025-09-19 20:00:00+00:00,115125.13,115445.23,115100.0,115342.57,338.84816
2025-09-19 21:00:00+00:00,115342.56,115532.73,115306.07,115465.39,178.46294
2025-09-19 22:00:00+00:00,115465.39,115657.28,115465.39,115613.21,139.86142
2025-09-19 23:00:00+00:00,115613.21,115648.0,115448.01,115632.38,155.08032
2025-09-20 00:00:00+00:00,115632.39,115730.41,115548.92,115723.73,220.87363
2025-09-20 01:00:00+00:00,115723.72,115723.73,115610.84,115623.51,178.50409
2025-09-20 02:00:00+00:00,115623.5,115623.51,115444.0,115606.39,154.74621
2025-09-20 03:00:00+00:00,115606.4,115606.4,115408.47,115445.0,162.93905
2025-09-20 04:00:00+00:00,115445.0,115582.38,115409.08,115568.41,144.02474
2025-09-20 05:00:00+00:00,115568.41,115717.5,115512.63,115717.49,224.42562
2025-09-20 06:00:00+00:00,115717.49,115724.34,115625.85,115700.46,159.86607
2025-09-20 07:00:00+00:00,115700.47,115985.2,115683.47,115968.56,231.14483
2025-09-20 08:00:00+00:00,115968.56,115968.57,115700.01,115701.43,183.70782
2025-09-20 09:00:00+00:00,115701.43,115794.39,115664.11,115672.8,196.19831
2025-09-20 10:00:00+00:00,115672.8,115798.16,115672.79,115747.54,170.36368
2025-09-20 11:00:00+00:00,115747.54,115909.54,115747.54,115894.06,242.77605
2025-09-20 12:00:00+00:00,115894.05,115950.89,115804.47,115874.49,155.45643
2025-09-20 13:00:00+00:00,115874.5,115951.96,115859.48,115915.8,123.96705
2025-09-20 14:00:00+00:00,115915.79,116036.0,115883.3,115970.36,209.62425
2025-09-20 15:00:00+00:00,115970.36,116121.81,115946.91,115986.69,347.86651
2025-09-20 16:00:00+00:00,115986.7,116057.24,115882.58,116027.94,226.24762
2025-09-20 17:00:00+00:00,116027.95,116079.46,115817.28,115821.72,189.06923
2025-09-20 18:00:00+00:00,115821.73,115821.73,115700.0,115711.51,191.99051
2025-09-20 19:00:00+00:00,115711.51,115812.62,115698.08,115702.0,290.9007
2025-09-20 20:00:00+00:00,115702.0,115789.57,115689.91,115721.1,163.21635
2025-09-20 21:00:00+00:00,115721.1,115944.7,115721.1,115786.31,200.3631
2025-09-20 22:00:00+00:00,115786.3,115796.54,115742.14,115776.06,169.22355
2025-09-20 23:00:00+00:00,115776.06,115776.06,115603.42,115685.63,137.43212
2025-09-21 00:00:00+00:00,115685.63,115732.94,115559.97,115660.01,204.93197
2025-09-21 01:00:00+00:00,115660.01,115660.01,115500.0,115500.0,193.04313
2025-09-21 02:00:00+00:00,115500.01,115700.0,115441.83,115690.76,321.18986
2025-09-21 03:00:00+00:00,115690.76,115723.43,115616.38,115669.41,199.89426
2025-09-21 04:00:00+00:00,115669.42,115669.42,115494.22,115494.23,121.47731
2025-09-21 05:00:00+00:00,115494.23,115663.49,115487.56,115663.48,237.18676
2025-09-21 06:00:00+00:00,115663.48,115787.39,115663.48,115687.2,201.84931
2025-09-21 07:00:00+00:00,115687.21,115815.98,115615.0,115815.97,246.42642
2025-09-21 08:00:00+00:00,115815.98,115819.06,115560.94,115629.6,182.84602
2025-09-21 09:00:00+00:00,115629.6,115704.53,115329.03,115683.54,335.85586
2025-09-21 10:00:00+00:00,115683.53,115708.33,115504.13,115522.31,111.62025
2025-09-21 11:00:00+00:00,115522.31,115694.74,115522.31,115603.45,156.53082
2025-09-21 12:00:00+00:00,115603.45,115747.23,115603.44,115683.59,183.94971
2025-09-21 13:00:00+00:00,115683.59,115747.06,115645.2,115661.65,136.30562
2025-09-21 14:00:00+00:00,115661.65,115691.15,115500.0,115500.01,192.82816
2025-09-21 15:00:00+00:00,115500.0,115599.6,115473.19,115531.61,158.23691
2025-09-21 16:00:00+00:00,115531.62,115549.9,115209.02,115316.0,239.98829
2025-09-21 17:00:00+00:00,115316.01,115629.58,115249.94,115628.18,234.56593
2025-09-21 18:00:00+00:00,115628.19,115665.52,115513.98,115530.9,173.87321
2025-09-21 19:00:00+00:00,115530.89,115530.9,115318.02,115480.05,132.68903
2025-09-21 20:00:00+00:00,115480.05,115503.47,115307.51,115307.51,93.55507
2025-09-21 21:00:00+00:00,115307.52,115434.53,115250.01,115405.48,101.3744
2025-09-21 22:00:00+00:00,115405.48,115545.43,115188.0,115538.9,154.30721
2025-09-21 23:00:00+00:00,115538.91,115538.91,115200.0,115232.29,196.99668
2025-09-22 00:00:00+00:00,115232.29,115379.25,114290.16,114407.28,1196.13685
2025-09-22 01:00:00+00:00,114407.28,114750.0,114250.98,114273.45,660.65043
2025-09-22 02:00:00+00:00,114273.44,114618.89,114150.0,114187.81,895.13507
2025-09-22 03:00:00+00:00,114187.8,114654.36,114187.8,114649.89,326.66818
2025-09-22 04:00:00+00:00,114649.89,114649.9,114397.32,114433.53,208.01066
2025-09-22 05:00:00+00:00,114433.53,114551.8,113623.0,113691.19,753.79586
2025-09-22 06:00:00+00:00,113691.18,113698.38,111800.0,112800.77,5199.12797
2025-09-22 07:00:00+00:00,112800.77,112999.0,112476.17,112519.99,1129.8684
2025-09-22 08:00:00+00:00,112520.0,112780.0,112452.0,112629.07,810.01414
2025-09-22 09:00:00+00:00,112629.06,112662.87,112173.52,112336.62,1219.89658
2025-09-22 10:00:00+00:00,112336.62,112848.33,112262.22,112792.16,523.20588
2025-09-22 11:00:00+00:00,112792.16,112976.02,112683.49,112876.97,499.11385
2025-09-22 12:00:00+00:00,112876.97,112876.97,112520.0,112738.65,504.05132
2025-09-22 13:00:00+00:00,112738.64,113148.29,112380.0,113130.63,813.72754
2025-09-22 14:00:00+00:00,113130.63,113432.76,112754.15,112933.16,1386.14648
2025-09-22 15:00:00+00:00,112933.16,113024.23,112576.42,112815.5,609.57711
2025-09-22 16:00:00+00:00,112815.5,112888.0,112585.87,112600.68,359.00005
2025-09-22 17:00:00+00:00,112600.69,112622.95,112250.89,112398.66,595.0948
2025-09-22 18:00:00+00:00,112398.65,112816.55,112345.54,112429.13,470.04903
2025-09-22 19:00:00+00:00,112429.12,112600.87,111936.4,112122.9,1307.37365
2025-09-22 20:00:00+00:00,112122.9,112977.41,111975.28,112781.88,596.84005
2025-09-22 21:00:00+00:00,112781.87,112970.0,112602.79,112969.99,293.31156
2025-09-22 22:00:00+00:00,112969.99,112970.0,112594.33,112643.25,289.60715
2025-09-22 23:00:00+00:00,112643.25,112739.14,112592.2,112650.99,135.31095
2025-09-23 00:00:00+00:00,112650.99,112833.09,112385.23,112395.32,400.92095
2025-09-23 01:00:00+00:00,112395.32,112502.29,112138.88,112156.66,439.66589
2025-09-23 02:00:00+00:00,112156.66,112487.38,111674.0,111811.88,717.47413
2025-09-23 03:00:00+00:00,111811.88,112446.97,111478.0,112339.99,840.03485
2025-09-23 04:00:00+00:00,112339.99,112469.21,111876.15,112442.3,530.4818
2025-09-23 05:00:00+00:00,112442.29,112894.49,112413.01,112665.44,645.16259
2025-09-23 06:00:00+00:00,112665.44,113111.89,112616.93,112974.96,574.99132
2025-09-23 07:00:00+00:00,112974.97,113114.01,112882.48,113090.13,754.18067
2025-09-23 08:00:00+00:00,113090.13,113177.72,112936.98,113133.84,657.66339
2025-09-23 09:00:00+00:00,113133.84,113281.5,112888.0,112934.47,430.99222
2025-09-23 10:00:00+00:00,112934.48,113006.56,112828.62,112969.32,382.87944
2025-09-23 11:00:00+00:00,112969.32,113081.35,112683.33,112975.99,343.04129
2025-09-23 12:00:00+00:00,112975.99,113049.9,112811.4,112941.02,342.98937
2025-09-23 13:00:00+00:00,112941.01,113024.31,112722.78,112952.31,426.02927
2025-09-23 14:00:00+00:00,112952.32,113290.5,112571.81,112652.91,713.09459
2025-09-23 15:00:00+00:00,112652.91,113072.89,112496.61,112882.19,466.71943
2025-09-23 16:00:00+00:00,112882.2,112958.58,112486.37,112823.63,531.06975
2025-09-23 17:00:00+00:00,112823.62,112823.62,111888.0,111957.76,587.62346
2025-09-23 18:00:00+00:00,111957.76,112200.0,111686.9,111780.1,710.40527
2025-09-23 19:00:00+00:00,111780.09,111979.27,111540.2,111655.29,565.08344
2025-09-23 20:00:00+00:00,111655.29,111994.99,111458.73,111985.77,495.90964
2025-09-23 21:00:00+00:00,111985.78,112202.24,111893.44,112161.54,270.56814
2025-09-23 22:00:00+00:00,112161.53,112213.95,112002.16,112159.23,231.71626
2025-09-23 23:00:00+00:00,112159.24,112220.54,111879.73,111998.8,242.62314
2025-09-24 00:00:00+00:00,111998.8,112380.0,111816.86,112230.72,457.37128
2025-09-24 01:00:00+00:00,112230.73,112500.0,112140.0,112451.26,263.95045
2025-09-24 02:00:00+00:00,112451.25,112500.0,111896.43,112111.62,1045.64078
2025-09-24 03:00:00+00:00,112111.62,112223.15,111683.09,111683.09,1081.07058
2025-09-24 04:00:00+00:00,111683.1,112374.32,111042.66,112161.93,1377.98323
2025-09-24 05:00:00+00:00,112161.94,112666.74,112133.83,112636.84,480.95742
2025-09-24 06:00:00+00:00,112636.85,112779.37,112535.78,112596.69,508.56699
2025-09-24 07:00:00+00:00,112596.7,112742.06,112459.44,112583.54,538.1822
2025-09-24 08:00:00+00:00,112583.54,112636.85,112405.62,112622.8,369.32812
2025-09-24 09:00:00+00:00,112622.81,112837.42,112501.38,112735.06,247.34844
2025-09-24 10:00:00+00:00,112735.05,112960.0,112668.51,112941.98,402.84076
2025-09-24 11:00:00+00:00,112941.99,113162.17,112877.3,113029.46,548.21142
2025-09-24 12:00:00+00:00,113029.45,113097.99,112944.0,113070.69,272.77737
2025-09-24 13:00:00+00:00,113070.69,113222.69,112808.0,112823.62,578.33959
2025-09-24 14:00:00+00:00,112823.62,113890.0,112823.61,113720.64,966.18934
2025-09-24 15:00:00+00:00,113720.64,113883.68,113257.01,113346.41,717.74437
2025-09-24 16:00:00+00:00,113346.4,113753.0,113163.21,113732.01,447.67953
2025-09-24 17:00:00+00:00,113732.01,113940.0,113616.0,113761.3,361.88913
2025-09-24 18:00:00+00:00,113761.31,113830.66,113512.53,113639.8,202.61449
2025-09-24 19:00:00+00:00,113639.8,113682.46,113292.25,113420.01,306.5127
2025-09-24 20:00:00+00:00,113420.0,113609.25,113401.99,113501.52,233.37909
2025-09-24 21:00:00+00:00,113501.52,113584.02,113283.99,113339.63,274.44453
2025-09-24 22:00:00+00:00,113339.63,113647.58,113250.59,113336.33,268.57434
2025-09-24 23:00:00+00:00,113336.34,113429.12,113204.71,113307.0,417.66352
2025-09-25 00:00:00+00:00,113307.01,113510.23,112960.0,113062.35,567.08586
2025-09-25 01:00:00+00:00,113062.35,113369.98,112446.15,112661.24,1139.29698
2025-09-25 02:00:00+00:00,112661.24,113179.94,112510.06,112907.38,569.88139
2025-09-25 03:00:00+00:00,112907.38,112907.39,112214.74,112546.21,773.34995
2025-09-25 04:00:00+00:00,112546.22,112614.43,111584.23,111735.66,1337.55309
2025-09-25 05:00:00+00:00,111735.67,112040.0,111597.86,111749.91,705.54263
2025-09-25 06:00:00+00:00,111749.91,111843.3,111515.87,111533.26,371.96659
2025-09-25 07:00:00+00:00,111533.26,111883.23,111450.42,111766.72,515.14719
2025-09-25 08:00:00+00:00,111766.73,112031.18,111689.38,111727.21,537.9101
2025-09-25 09:00:00+00:00,111727.2,112246.46,111571.57,111571.58,771.79377
2025-09-25 10:00:00+00:00,111571.58,111854.12,111525.81,111648.19,434.41742
2025-09-25 11:00:00+00:00,111648.19,111728.48,111283.63,111348.0,543.64106
2025-09-25 12:00:00+00:00,111347.99,111656.81,111020.0,111111.0,1058.2697
2025-09-25 13:00:00+00:00,111111.01,111719.05,110629.99,111000.0,2220.16862
2025-09-25 14:00:00+00:00,111000.0,111729.52,110983.03,111540.0,856.73547
2025-09-25 15:00:00+00:00,111540.01,111587.75,110868.9,111580.77,599.58449
2025-09-25 16:00:00+00:00,111580.77,111672.58,110904.91,110957.29,585.10481
2025-09-25 17:00:00+00:00,110957.28,110968.4,108654.0,108833.63,2899.70308
2025-09-25 18:00:00+00:00,108833.63,109801.78,108631.51,109760.2,1427.42291
2025-09-25 19:00:00+00:00,109760.2,109973.4,109302.54,109360.0,1217.19366
2025-09-25 20:00:00+00:00,109360.0,109482.62,109057.06,109163.44,424.7182
2025-09-25 21:00:00+00:00,109163.45,109666.3,109074.11,109420.0,347.85454
2025-09-25 22:00:00+00:00,109420.0,109587.99,109261.02,109419.97,280.53982
2025-09-25 23:00:00+00:00,109419.97,109685.72,108765.0,108994.49,1046.26824
2025-09-26 00:00:00+00:00,108994.49,109614.67,108809.24,109472.13,868.75424
2025-09-26 01:00:00+00:00,109472.12,109762.59,109313.17,109680.4,452.15578
2025-09-26 02:00:00+00:00,109680.39,109798.84,109487.26,109621.7,497.29551
2025-09-26 03:00:00+00:00,109621.7,109635.8,109293.25,109580.01,504.99021
2025-09-26 04:00:00+00:00,109580.0,109625.94,109250.87,109338.01,315.34456
2025-09-26 05:00:00+00:00,109338.02,109579.99,109085.78,109252.79,371.75832
2025-09-26 06:00:00+00:00,109252.79,109624.16,109016.0,109360.0,592.34105
2025-09-26 07:00:00+00:00,109360.0,109593.49,108913.0,109320.02,1776.45411
2025-09-26 08:00:00+00:00,109320.02,109607.5,109304.72,109567.2,575.78415
2025-09-26 09:00:00+00:00,109567.2,109690.98,109393.37,109568.72,441.33309
2025-09-26 10:00:00+00:00,109568.72,109568.72,108697.42,108895.0,735.10273
2025-09-26 11:00:00+00:00,108894.99,109200.0,108620.07,109133.5,923.24217
2025-09-26 12:00:00+00:00,109133.5,109579.0,108824.82,109372.68,863.36244
2025-09-26 13:00:00+00:00,109372.68,109779.73,109000.0,109669.73,991.99403
2025-09-26 14:00:00+00:00,109669.72,109779.73,108764.76,108836.0,900.4525
2025-09-26 15:00:00+00:00,108836.0,109358.5,108802.04,109027.78,486.11543
2025-09-26 16:00:00+00:00,109027.79,109618.0,109027.78,109460.01,291.37899
2025-09-26 17:00:00+00:00,109460.0,110000.0,109392.35,109899.99,627.01224
2025-09-26 18:00:00+00:00,109900.0,110300.0,109700.0,109727.99,571.22129
2025-09-26 19:00:00+00:00,109727.99,109727.99,109030.41,109172.2,603.81607
2025-09-26 20:00:00+00:00,109172.21,109347.59,109087.57,109288.44,245.23004
2025-09-26 21:00:00+00:00,109288.45,109530.0,109189.17,109469.07,210.90009
2025-09-26 22:00:00+00:00,109469.07,109607.38,109348.0,109558.25,183.31873
2025-09-26 23:00:00+00:00,109558.24,109687.69,109432.07,109643.46,213.65814
2025-09-27 00:00:00+00:00,109643.46,109660.88,109472.23,109649.29,268.55384
2025-09-27 01:00:00+00:00,109649.29,109657.45,109330.08,109431.92,230.21003
2025-09-27 02:00:00+00:00,109431.92,109482.64,109324.42,109408.18,280.63961
2025-09-27 03:00:00+00:00,109408.18,109743.91,109384.63,109553.77,262.25571
2025-09-27 04:00:00+00:00,109553.77,109742.27,109514.63,109654.99,248.07725
2025-09-27 05:00:00+00:00,109654.99,109684.29,109593.65,109635.72,128.97939
2025-09-27 06:00:00+00:00,109635.73,109635.73,109481.44,109541.36,241.06138
2025-09-27 07:00:00+00:00,109541.36,109570.36,109332.02,109411.2,290.72314
2025-09-27 08:00:00+00:00,109411.19,109411.2,109252.0,109252.01,379.23249
2025-09-27 09:00:00+00:00,109252.01,109347.59,109064.4,109292.73,409.97831
2025-09-27 10:00:00+00:00,109292.74,109477.69,109256.07,109431.7,322.59239
2025-09-27 11:00:00+00:00,109431.71,109440.65,109280.0,109310.21,244.4871
2025-09-27 12:00:00+00:00,109310.22,109477.59,109227.14,109400.05,336.07633
2025-09-27 13:00:00+00:00,109400.06,109412.14,109299.64,109306.61,336.77227
2025-09-27 14:00:00+00:00,109306.61,109387.51,109255.9,109287.89,273.62629
2025-09-27 15:00:00+00:00,109287.89,109427.4,109193.0,109402.24,204.90854
2025-09-27 16:00:00+00:00,109402.25,109427.76,109308.0,109389.04,176.55452
2025-09-27 17:00:00+00:00,109389.05,109410.0,109243.89,109382.47,183.15972
2025-09-27 18:00:00+00:00,109382.48,109434.99,109345.11,109434.96,154.7658
2025-09-27 19:00:00+00:00,109434.96,109440.0,109383.48,109424.2,76.33855
2025-09-27 20:00:00+00:00,109424.21,109435.0,109362.72,109390.0,60.18528
2025-09-27 21:00:00+00:00,109390.0,109483.55,109389.47,109474.99,119.69499
2025-09-27 22:00:00+00:00,109474.98,109699.98,109474.98,109605.62,175.35372
2025-09-27 23:00:00+00:00,109605.63,109683.16,109461.53,109635.85,97.55978
2025-09-28 00:00:00+00:00,109635.85,109787.75,109548.0,109607.81,283.02575
2025-09-28 01:00:00+00:00,109607.81,109654.85,109325.05,109353.67,221.5149
2025-09-28 02:00:00+00:00,109353.68,109535.0,109353.67,109447.55,194.54739
2025-09-28 03:00:00+00:00,109447.54,109535.0,109409.17,109436.0,123.06023
2025-09-28 04:00:00+00:00,109436.0,109486.1,109365.88,109365.9,99.29239
2025-09-28 05:00:00+00:00,109365.9,109398.0,109356.42,109356.43,124.07352
2025-09-28 06:00:00+00:00,109356.44,109455.97,109260.0,109410.0,167.02015
2025-09-28 07:00:00+00:00,109410.0,109537.8,109350.0,109513.06,178.6647
2025-09-28 08:00:00+00:00,109513.06,109585.39,109423.21,109509.91,216.27847
2025-09-28 09:00:00+00:00,109509.91,109559.89,109323.88,109519.42,209.63846
2025-09-28 10:00:00+00:00,109519.43,109519.43,109368.43,109368.44,143.70537
2025-09-28 11:00:00+00:00,109368.43,109447.28,109250.0,109369.02,293.31231
2025-09-28 12:00:00+00:00,109369.02,109451.04,109189.99,109314.99,308.15163
2025-09-28 13:00:00+00:00,109314.99,109668.98,109314.98,109639.0,332.00919
2025-09-28 14:00:00+00:00,109639.0,109888.0,109502.56,109850.01,370.11862
2025-09-28 15:00:00+00:00,109850.0,110037.93,109712.23,110037.93,338.92347
2025-09-28 16:00:00+00:00,110037.92,110393.63,110008.54,110222.02,516.23853
2025-09-28 17:00:00+00:00,110222.01,110377.05,110130.26,110203.52,374.79675
2025-09-28 18:00:00+00:00,110203.53,110293.56,110060.88,110293.56,140.49771
2025-09-28 19:00:00+00:00,110293.56,110388.46,110119.71,110337.6,184.24395
2025-09-28 20:00:00+00:00,110337.61,110945.0,110294.78,110803.8,510.0654
2025-09-28 21:00:00+00:00,110803.8,110896.33,110640.81,110833.99,275.55071
2025-09-28 22:00:00+00:00,110833.99,112014.0,110833.99,111938.51,1130.21918
2025-09-28 23:00:00+00:00,111938.51,112350.0,111938.51,112163.95,807.38282
2025-09-29 00:00:00+00:00,112163.96,112309.98,111985.0,112260.57,716.5866
2025-09-29 01:00:00+00:00,112260.57,112310.0,111721.79,111855.3,649.21896
2025-09-29 02:00:00+00:00,111855.3,112022.27,111632.72,111750.02,621.54504
2025-09-29 03:00:00+00:00,111750.02,111857.51,111588.07,111857.51,310.12302
2025-09-29 04:00:00+00:00,111857.51,111904.34,111750.0,111812.0,278.79762
2025-09-29 05:00:00+00:00,111812.01,111812.01,111575.38,111753.34,348.73721
2025-09-29 06:00:00+00:00,111753.34,111850.0,111624.0,111632.83,334.53443
2025-09-29 07:00:00+00:00,111632.83,111865.96,111560.65,111865.95,869.2909
2025-09-29 08:00:00+00:00,111865.96,112421.99,111865.95,112099.75,787.97678
2025-09-29 09:00:00+00:00,112099.74,112219.0,111988.13,112110.9,460.23123
2025-09-29 10:00:00+00:00,112110.9,112225.0,112012.73,112090.18,476.12298
2025-09-29 11:00:00+00:00,112090.19,112112.86,111923.13,112100.0,401.91096
2025-09-29 12:00:00+00:00,112100.0,112515.0,111940.0,112022.16,744.63691
2025-09-29 13:00:00+00:00,112022.0,113490.0,111901.26,113227.29,1670.66371
2025-09-29 14:00:00+00:00,113227.29,114231.56,113220.21,114033.53,1791.07159
2025-09-29 15:00:00+00:00,114033.54,114127.13,113686.06,113815.57,858.42631
2025-09-29 16:00:00+00:00,113815.57,114053.0,113600.0,113626.15,728.01207
2025-09-29 17:00:00+00:00,113626.15,114151.0,113449.74,114043.91,843.56729
2025-09-29 18:00:00+00:00,114043.92,114137.73,113867.02,114008.79,396.89151
2025-09-29 19:00:00+00:00,114008.78,114390.93,113848.63,114265.55,747.93438
2025-09-29 20:00:00+00:00,114265.56,114400.0,114122.12,114258.29,497.44944
2025-09-29 21:00:00+00:00,114258.29,114329.8,114095.36,114176.73,218.26557
2025-09-29 22:00:00+00:00,114176.72,114216.41,114020.0,114189.81,443.81221
2025-09-29 23:00:00+00:00,114189.8,114395.92,114189.8,114311.96,345.31333
2025-09-30 00:00:00+00:00,114311.97,114758.0,114040.35,114525.97,953.85322
2025-09-30 01:00:00+00:00,114525.97,114792.0,114255.38,114500.31,766.2566
2025-09-30 02:00:00+00:00,114500.32,114583.19,114360.0,114455.96,385.99253
2025-09-30 03:00:00+00:00,114455.96,114514.5,114303.06,114376.39,388.27883
2025-09-30 04:00:00+00:00,114376.39,114376.4,114091.62,114091.63,355.43204
2025-09-30 05:00:00+00:00,114091.63,114205.17,113827.24,113904.0,698.31455
2025-09-30 06:00:00+00:00,113904.0,114084.22,113838.41,113891.64,527.62041
2025-09-30 07:00:00+00:00,113891.64,113994.61,113585.0,113699.23,745.45417
2025-09-30 08:00:00+00:00,113699.24,113741.37,113350.35,113451.89,653.46315
2025-09-30 09:00:00+00:00,113451.89,113451.89,112731.41,112781.97,995.05591
2025-09-30 10:00:00+00:00,112781.97,113085.23,112656.27,112923.49,721.99583
2025-09-30 11:00:00+00:00,112923.5,113135.44,112810.62,113055.01,498.77683
2025-09-30 12:00:00+00:00,113055.0,113255.99,112990.75,113002.06,347.5946
2025-09-30 13:00:00+00:00,113002.06,113677.23,112866.11,113404.53,823.64679
2025-09-30 14:00:00+00:00,113404.53,113630.13,112900.0,113595.05,910.17644
2025-09-30 15:00:00+00:00,113595.04,113598.27,112919.95,113106.16,758.86878
2025-09-30 16:00:00+00:00,113106.15,113279.92,112800.0,112841.24,386.78887
2025-09-30 17:00:00+00:00,112841.23,113503.99,112813.82,113246.11,745.57241
2025-09-30 18:00:00+00:00,113246.12,113714.56,113177.37,113714.56,431.8583
2025-09-30 19:00:00+00:00,113714.55,114563.46,113702.01,114359.99,971.66803
2025-09-30 20:00:00+00:00,114359.99,114723.57,114110.09,114626.36,710.64838
2025-09-30 21:00:00+00:00,114626.36,114754.87,114136.5,114161.0,649.46746
2025-09-30 22:00:00+00:00,114161.0,114356.98,113883.01,113940.39,348.9346
2025-09-30 23:00:00+00:00,113940.4,114048.94,113765.42,114048.93,268.4376
2025-10-01 00:00:00+00:00,114048.94,114308.0,113966.67,114239.53,434.59016
2025-10-01 01:00:00+00:00,114239.53,114550.0,114142.99,114549.99,597.2536
2025-10-01 02:00:00+00:00,114549.99,114551.76,114272.15,114272.15,508.42422
2025-10-01 03:00:00+00:00,114272.16,114530.48,114096.58,114176.92,502.30318
2025-10-01 04:00:00+00:00,114176.93,114700.0,114151.0,114289.01,597.89328
2025-10-01 05:00:00+00:00,114289.02,114740.0,114265.63,114569.84,559.75519
2025-10-01 06:00:00+00:00,114569.84,114624.3,114224.88,114256.81,392.52281
2025-10-01 07:00:00+00:00,114256.82,114584.35,114236.59,114539.02,446.26236
2025-10-01 08:00:00+00:00,114539.02,116591.8,114484.43,116111.28,2944.06599
2025-10-01 09:00:00+00:00,116111.27,116529.93,115950.0,116412.1,1081.73774
2025-10-01 10:00:00+00:00,116412.1,116551.0,116203.5,116281.64,549.64831
2025-10-01 11:00:00+00:00,116281.64,116795.85,116269.0,116789.58,642.47832
2025-10-01 12:00:00+00:00,116789.57,116887.0,116363.38,116402.65,645.19981
2025-10-01 13:00:00+00:00,116402.65,116843.73,116399.5,116806.96,1233.59755
2025-10-01 14:00:00+00:00,116806.96,117441.26,116704.74,117292.74,1631.53193
2025-10-01 15:00:00+00:00,117292.73,117649.99,117091.84,117423.73,1008.01671
2025-10-01 17:00:00+00:00,117535.79,117681.27,116724.56,116768.07,962.36022
2025-10-01 18:00:00+00:00,116768.08,117339.09,116768.07,117234.01,528.26692
2025-10-01 19:00:00+00:00,117234.01,117623.59,117214.8,117439.53,483.28734
2025-10-01 20:00:00+00:00,117439.53,117542.24,117163.25,117536.12,412.83403
2025-10-01 21:00:00+00:00,117536.13,117579.43,117339.54,117554.96,278.91184
2025-10-01 22:00:00+00:00,117554.95,118080.0,117554.95,117745.39,593.82096
2025-10-01 23:00:00+00:00,117745.39,118649.1,117686.28,118594.99,1161.22401
2025-10-02 00:00:00+00:00,118594.99,119456.92,118397.32,118428.46,2212.72285
2025-10-02 01:00:00+00:00,118428.46,118894.12,118368.05,118617.37,734.6179
2025-10-02 02:00:00+00:00,118617.37,118784.87,118483.39,118753.73,644.14993
2025-10-02 03:00:00+00:00,118753.73,119058.82,118688.61,118733.99,595.85707
2025-10-02 04:00:00+00:00,118733.99,118930.29,118432.64,118662.04,410.46135
2025-10-02 05:00:00+00:00,118662.04,118677.32,118279.31,118377.34,484.81157
2025-10-02 06:00:00+00:00,118377.34,118672.34,118295.87,118649.06,380.89847
2025-10-02 07:00:00+00:00,118649.07,118678.98,118424.0,118489.76,496.19299
2025-10-02 08:00:00+00:00,118489.76,118680.0,118354.61,118668.89,309.01675
2025-10-02 09:00:00+00:00,118668.89,118850.0,118567.0,118849.99,343.02582
2025-10-02 10:00:00+00:00,118849.99,118926.49,118567.85,118619.56,393.64914
2025-10-02 11:00:00+00:00,118619.55,118900.01,118537.1,118765.73,414.31674
2025-10-02 12:00:00+00:00,118765.72,119402.43,118742.91,119402.42,924.16679
2025-10-02 13:00:00+00:00,119402.43,119761.36,118933.25,119621.2,1531.32643
2025-10-02 14:00:00+00:00,119621.19,119788.0,118642.2,118814.09,1237.9215
2025-10-02 15:00:00+00:00,118814.09,119910.79,118516.39,119910.78,1405.75154
2025-10-02 16:00:00+00:00,119910.78,120300.0,119607.82,119731.4,1570.77716
2025-10-02 17:00:00+00:00,119731.4,119956.84,119359.63,119917.52,625.48952
2025-10-02 18:00:00+00:00,119917.52,120663.96,119907.01,120506.61,1340.0858
2025-10-02 19:00:00+00:00,120506.6,121022.07,120439.97,120836.49,1332.75893
2025-10-02 20:00:00+00:00,120836.49,120914.0,120306.02,120652.01,833.01817
2025-10-02 21:00:00+00:00,120652.01,120774.97,120141.72,120150.1,546.60875
2025-10-02 22:00:00+00:00,120150.1,120412.24,120072.46,120257.49,379.08266
2025-10-02 23:00:00+00:00,120257.49,120680.35,120251.81,120529.35,524.1272
2025-10-03 00:00:00+00:00,120529.35,120550.9,120079.0,120132.8,776.43359
2025-10-03 01:00:00+00:00,120132.8,120293.68,119820.0,119875.72,537.61051
2025-10-03 02:00:00+00:00,119875.72,120269.11,119866.18,120157.82,451.19476
2025-10-03 03:00:00+00:00,120157.82,120472.12,120157.82,120225.89,503.41637
2025-10-03 04:00:00+00:00,120225.88,120324.53,120000.4,120039.98,289.32576
2025-10-03 05:00:00+00:00,120039.98,120065.41,119746.81,119920.4,454.732
2025-10-03 06:00:00+00:00,119920.41,120075.62,119765.99,119916.93,356.16347
2025-10-03 07:00:00+00:00,119916.94,120011.05,119610.59,119640.21,1193.694
2025-10-03 08:00:00+00:00,119640.22,120072.59,119248.3,120038.6,1368.04834
2025-10-03 09:00:00+00:00,120038.6,120365.35,120008.6,120300.0,1073.47178
2025-10-03 10:00:00+00:00,120300.01,120515.89,120271.18,120425.95,575.58075
2025-10-03 11:00:00+00:00,120425.95,120471.0,120130.76,120334.5,450.30439
2025-10-03 12:00:00+00:00,120334.51,120400.0,120102.18,120358.07,423.63897
2025-10-03 13:00:00+00:00,120358.07,120691.44,120113.0,120374.73,795.86923
2025-10-03 14:00:00+00:00,120374.72,120975.0,119881.24,120917.85,1151.84039
2025-10-03 15:00:00+00:00,120917.1,122366.0,120641.27,122258.05,2558.07247
2025-10-03 16:00:00+00:00,122258.04,123894.99,122258.04,122553.3,4679.2754
2025-10-03 17:00:00+00:00,122553.3,123113.97,121603.42,122073.25,2932.08887
2025-10-03 18:00:00+00:00,122073.26,122732.12,121466.25,122538.46,1175.09154
2025-10-03 19:00:00+00:00,122538.46,122961.63,122355.08,122660.99,661.21371
2025-10-03 20:00:00+00:00,122661.0,122734.92,122037.43,122447.94,617.65815
2025-10-03 21:00:00+00:00,122447.94,122452.1,121999.33,122306.57,392.75542
2025-10-03 22:00:00+00:00,122306.57,122665.0,122306.56,122477.0,227.9953
2025-10-03 23:00:00+00:00,122477.0,122477.0,122180.79,122232.0,290.85283
2025-10-04 00:00:00+00:00,122232.21,122295.56,121982.23,122100.0,444.36212
2025-10-04 01:00:00+00:00,122100.0,122103.24,121698.8,121865.21,486.29697
2025-10-04 02:00:00+00:00,121865.22,122030.0,121684.97,121854.53,443.51459
2025-10-04 03:00:00+00:00,121854.53,122325.6,121829.54,122243.99,356.40352
2025-10-04 04:00:00+00:00,122243.99,122522.0,122219.3,122495.0,315.41672
2025-10-04 05:00:00+00:00,122495.01,122800.0,122405.64,122522.7,588.87932
2025-10-04 06:00:00+00:00,122522.7,122606.86,122373.9,122430.27,358.53969
2025-10-04 07:00:00+00:00,122430.27,122455.0,122259.98,122324.08,253.33958
2025-10-04 08:00:00+00:00,122324.08,122539.83,122197.63,122267.57,499.0421
2025-10-04 09:00:00+00:00,122267.58,122457.17,122186.03,122208.78,244.01487
2025-10-04 10:00:00+00:00,122208.79,122331.01,122099.69,122129.53,208.78248
2025-10-04 11:00:00+00:00,122129.53,122215.97,121962.81,121973.26,316.89688
2025-10-04 12:00:00+00:00,121973.26,122103.0,121945.0,122005.62,214.19564
2025-10-04 13:00:00+00:00,122005.62,122509.52,122005.62,122385.42,319.16828
2025-10-04 14:00:00+00:00,122385.42,122459.98,122000.0,122000.01,229.86148
2025-10-04 15:00:00+00:00,122000.01,122144.28,121698.88,121791.31,700.83126
2025-10-04 16:00:00+00:00,121791.31,121964.95,121595.67,121719.99,652.05349
2025-10-04 17:00:00+00:00,121720.0,121910.24,121660.57,121747.37,289.33463
2025-10-04 18:00:00+00:00,121747.36,121829.69,121510.0,121574.66,288.12119
2025-10-04 19:00:00+00:00,121574.66,121959.25,121574.65,121959.25,213.72533
2025-10-04 20:00:00+00:00,121959.25,122079.65,121891.49,121892.89,211.24587
2025-10-04 21:00:00+00:00,121892.89,122347.55,121871.01,122190.67,282.5404
2025-10-04 22:00:00+00:00,122190.67,122365.14,122139.98,122287.19,158.14137
2025-10-04 23:00:00+00:00,122287.19,122410.0,122214.0,122391.0,133.459
2025-10-05 00:00:00+00:00,122390.99,122410.0,122157.7,122157.7,191.66559
2025-10-05 01:00:00+00:00,122157.71,122410.0,122136.0,122377.72,308.73428
2025-10-05 02:00:00+00:00,122377.71,124362.28,122342.0,124031.44,2633.63494
2025-10-05 03:00:00+00:00,124031.44,124173.0,123344.98,123776.22,1077.99134
2025-10-05 04:00:00+00:00,123776.23,125708.42,123734.0,125172.81,3667.071773
2025-10-05 05:00:00+00:00,125172.81,125437.91,124876.72,125127.99,1956.24996
2025-10-05 06:00:00+00:00,125127.99,125225.54,124805.34,125000.01,821.20016
2025-10-05 07:00:00+00:00,125000.01,125164.26,124622.6,124713.63,898.02731
2025-10-05 08:00:00+00:00,124713.63,124838.37,124558.0,124595.99,532.28794
2025-10-05 09:00:00+00:00,124596.0,124665.37,122789.35,123020.5,2214.92936
2025-10-05 10:00:00+00:00,123020.51,123130.0,122520.24,123028.01,993.89021
2025-10-05 11:00:00+00:00,123028.01,123538.46,122850.0,123464.64,714.20213
2025-10-05 12:00:00+00:00,123464.64,123464.65,122927.17,123085.88,573.79261
2025-10-05 13:00:00+00:00,123085.89,123358.83,123070.46,123161.39,684.83212
2025-10-05 14:00:00+00:00,123161.4,123339.42,122770.32,123034.67,553.48643
2025-10-05 15:00:00+00:00,123034.67,123034.67,122675.0,122803.17,420.97888
2025-10-05 16:00:00+00:00,122803.17,123348.45,122301.63,123265.54,1014.58046
2025-10-05 17:00:00+00:00,123265.55,123464.0,122890.38,123057.05,390.32827
2025-10-05 18:00:00+00:00,123057.05,123220.3,122856.05,122999.44,586.52026
2025-10-05 19:00:00+00:00,122999.44,123026.0,122500.0,122591.79,394.73151
2025-10-05 20:00:00+00:00,122591.8,123055.05,122473.62,122705.32,347.70826
2025-10-05 21:00:00+00:00,122705.31,122801.44,122489.85,122729.99,239.86372
2025-10-05 22:00:00+00:00,122730.0,123278.76,122730.0,123237.4,329.01936
2025-10-05 23:00:00+00:00,123237.4,123548.83,123219.62,123482.31,497.37068
2025-10-06 00:00:00+00:00,123482.32,124358.46,123084.0,123347.29,1305.09536
2025-10-06 01:00:00+00:00,123347.29,124239.7,123192.01,124035.32,720.59287
2025-10-06 02:00:00+00:00,124035.33,124244.93,123476.04,124110.61,696.06889
2025-10-06 03:00:00+00:00,124110.61,124126.31,123742.64,123839.09,303.52731
2025-10-06 04:00:00+00:00,123839.09,123988.0,123554.27,123580.26,374.67011
2025-10-06 05:00:00+00:00,123580.27,123750.0,123294.93,123586.0,558.79238
2025-10-06 06:00:00+00:00,123586.01,124165.56,123586.0,123947.9,527.83575
2025-10-06 07:00:00+00:00,123947.91,124035.89,123280.49,123390.47,749.33011
2025-10-06 08:00:00+00:00,123390.47,123880.0,123390.46,123846.55,556.77898
2025-10-06 09:00:00+00:00,123846.56,124056.73,123779.31,123955.3,791.39727
2025-10-06 10:00:00+00:00,123955.29,124142.85,123899.42,123978.0,459.97878
2025-10-06 11:00:00+00:00,123978.0,124531.66,123735.73,124215.0,960.05678
2025-10-06 12:00:00+00:00,124215.0,124691.81,124178.0,124556.64,977.10945
2025-10-06 13:00:00+00:00,124556.65,125079.85,124385.74,125031.33,1406.49106
2025-10-06 14:00:00+00:00,125031.34,125330.0,124339.38,124530.0,1331.91784
2025-10-06 15:00:00+00:00,124529.99,125408.29,124513.35,125000.0,852.17645
2025-10-06 16:00:00+00:00,125000.0,125499.63,124800.0,125455.24,911.48586
2025-10-06 17:00:00+00:00,125455.25,125819.2,125126.67,125284.0,1451.39316
2025-10-06 18:00:00+00:00,125284.01,126199.63,125044.46,126011.18,1439.873253
2025-10-06 19:00:00+00:00,126011.18,126134.71,125252.74,125410.81,919.42008
2025-10-06 20:00:00+00:00,125410.8,125534.0,125032.01,125211.02,512.32035
2025-10-06 21:00:00+00:00,125211.03,125268.5,124511.15,125097.85,907.58302
2025-10-06 22:00:00+00:00,125097.86,125298.43,124784.41,125039.13,416.67058
2025-10-06 23:00:00+00:00,125039.13,125100.0,124628.0,124658.54,364.0631
2025-10-07 00:00:00+00:00,124658.54,124925.14,124600.0,124900.93,399.28672
2025-10-07 01:00:00+00:00,124900.93,125082.27,124442.87,124699.99,470.23469
2025-10-07 02:00:00+00:00,124699.99,124700.0,124159.22,124259.9,524.92821
2025-10-07 03:00:00+00:00,124259.91,124568.44,124101.26,124329.74,379.16017
2025-10-07 04:00:00+00:00,124329.74,124654.47,124109.1,124500.0,438.34342
2025-10-07 05:00:00+00:00,124499.99,124640.76,124240.37,124414.17,424.20697
2025-10-07 06:00:00+00:00,124414.17,124460.0,123800.0,123890.84,862.57843
2025-10-07 07:00:00+00:00,123890.84,124038.0,123567.6,123667.99,730.09708
2025-10-07 08:00:00+00:00,123668.0,123999.98,123322.9,123861.75,1172.93284
2025-10-07 09:00:00+00:00,123861.75,124246.64,123861.74,124117.48,423.70195
2025-10-07 10:00:00+00:00,124117.48,124413.75,124020.0,124282.19,385.65308
2025-10-07 11:00:00+00:00,124282.18,124509.6,124179.99,124453.38,462.44628
2025-10-07 12:00:00+00:00,124453.37,125126.0,124340.0,124917.99,747.53263
2025-10-07 13:00:00+00:00,124918.0,125046.16,123288.0,123891.68,1734.891
2025-10-07 14:00:00+00:00,123891.68,124000.0,122568.0,122725.36,2078.9177
2025-10-07 15:00:00+00:00,122725.36,122865.36,121172.89,121846.01,2798.67322
2025-10-07 16:00:00+00:00,121846.01,122084.14,120800.02,121684.17,2051.61019
2025-10-07 17:00:00+00:00,121684.17,121822.58,121100.0,121130.02,1241.13249
2025-10-07 18:00:00+00:00,121130.02,121306.13,120574.94,120895.37,1099.60495
2025-10-07 19:00:00+00:00,120895.37,122027.3,120860.46,121637.17,1334.54837
2025-10-07 20:00:00+00:00,121637.18,122196.48,121637.18,121943.61,493.62814
2025-10-07 21:00:00+00:00,121943.61,122292.62,121765.9,122016.0,397.91117
2025-10-07 22:00:00+00:00,122016.0,122173.5,121797.6,122011.17,404.31119
2025-10-07 23:00:00+00:00,122011.17,122022.88,121258.08,121332.95,577.66296
2025-10-08 00:00:00+00:00,121332.96,122089.68,121276.0,121914.09,651.73891
2025-10-08 01:00:00+00:00,121914.09,122056.0,121605.75,121950.01,519.56378
2025-10-08 02:00:00+00:00,121950.0,122229.66,121825.74,122048.28,534.11266
2025-10-08 03:00:00+00:00,122048.28,122048.28,121200.0,121374.75,701.35291
2025-10-08 04:00:00+00:00,121374.76,121910.24,121066.14,121900.0,712.4618
2025-10-08 05:00:00+00:00,121900.01,121900.01,121173.86,121374.01,708.85271
2025-10-08 06:00:00+00:00,121374.02,121841.54,121068.96,121784.29,552.19718
2025-10-08 07:00:00+00:00,121784.3,121872.37,121311.91,121597.06,697.34775
2025-10-08 08:00:00+00:00,121597.05,122850.0,121524.01,122381.85,1462.35304
2025-10-08 09:00:00+00:00,122381.84,122644.0,122381.84,122516.98,474.15682
2025-10-08 10:00:00+00:00,122516.99,123100.0,122498.05,122934.6,654.29848
2025-10-08 11:00:00+00:00,122934.61,123200.0,122743.36,122884.14,817.9321
2025-10-08 12:00:00+00:00,122884.14,123090.75,122542.27,122631.52,464.2609
2025-10-08 13:00:00+00:00,122631.52,122774.96,121649.68,122599.04,886.89853
2025-10-08 14:00:00+00:00,122599.04,123350.0,122112.16,122320.0,1462.74459
2025-10-08 15:00:00+00:00,122319.99,122622.55,121954.34,122189.72,559.46428
2025-10-08 16:00:00+00:00,122189.72,123129.23,122110.08,123051.03,641.94768
2025-10-08 17:00:00+00:00,123051.02,124164.36,122958.05,124033.19,1336.46427
2025-10-08 18:00:00+00:00,124033.19,124197.25,123415.58,123460.22,1152.35838
2025-10-08 19:00:00+00:00,123460.21,123759.94,123160.82,123450.0,664.75988
2025-10-08 20:00:00+00:00,123450.01,123737.0,122814.0,122856.69,673.60553
2025-10-08 21:00:00+00:00,122856.7,123332.01,122794.4,123277.33,261.93729
2025-10-08 22:00:00+00:00,123277.34,123416.73,123200.81,123200.82,132.25319
2025-10-08 23:00:00+00:00,123200.82,123537.11,123056.31,123306.0,289.55534
2025-10-09 00:00:00+00:00,123306.01,123348.32,122839.15,122839.15,383.1891
2025-10-09 01:00:00+00:00,122839.16,122857.32,122339.41,122548.23,649.56359
2025-10-09 02:00:00+00:00,122548.23,122548.23,121475.98,121617.81,831.85568
2025-10-09 03:00:00+00:00,121617.81,122120.28,121603.59,122038.01,454.57002
2025-10-09 04:00:00+00:00,122038.01,122264.0,121904.81,122144.7,328.47326
2025-10-09 05:00:00+00:00,122144.7,122196.99,121823.94,122100.92,394.74775
2025-10-09 06:00:00+00:00,122100.92,122185.98,121883.43,121957.32,336.40438
2025-10-09 07:00:00+00:00,121957.32,122067.61,121724.71,121906.1,391.52251
2025-10-09 08:00:00+00:00,121906.09,121960.97,121145.49,121261.62,951.24212
2025-10-09 09:00:00+00:00,121261.62,121855.44,121261.62,121813.04,495.55613
2025-10-09 10:00:00+00:00,121813.04,122340.0,121650.22,122170.27,462.62367
2025-10-09 11:00:00+00:00,122170.26,122833.02,122170.26,122737.57,780.01914
2025-10-09 12:00:00+00:00,122737.56,123762.94,122709.1,123563.38,1483.31285
2025-10-09 13:00:00+00:00,123563.38,123658.38,122277.76,122415.74,1233.13253
2025-10-09 14:00:00+00:00,122415.74,122608.0,120736.96,121315.0,2613.44219
2025-10-09 15:00:00+00:00,121315.01,121734.27,120673.99,121147.14,1236.17443
2025-10-09 16:00:00+00:00,121147.15,121481.9,119707.29,119819.77,2831.42858
2025-10-09 17:00:00+00:00,119819.76,121046.15,119651.47,120974.0,1671.39797
2025-10-09 18:00:00+00:00,120971.22,121100.0,120396.0,120649.32,956.31004
2025-10-09 19:00:00+00:00,120649.33,121108.12,120649.32,120951.72,714.9231
2025-10-09 20:00:00+00:00,120951.72,121199.97,120838.0,121109.09,743.67096
2025-10-09 21:00:00+00:00,121109.08,121512.7,121065.77,121461.02,436.22306
2025-10-09 22:00:00+00:00,121461.03,121768.01,121411.55,121686.19,467.98367
2025-10-09 23:00:00+00:00,121686.19,121900.0,121341.22,121662.4,711.59334
2025-10-10 00:00:00+00:00,121662.41,121863.74,121595.75,121745.27,292.90359
2025-10-10 01:00:00+00:00,121745.26,121874.13,121489.06,121623.97,353.28358
2025-10-10 02:00:00+00:00,121623.96,121651.33,120900.0,121059.73,812.25118
2025-10-10 03:00:00+00:00,121059.73,121575.99,120909.15,121026.01,636.2431
2025-10-10 04:00:00+00:00,121026.0,121388.58,121018.33,121234.51,480.17378
2025-10-10 05:00:00+00:00,121234.52,121604.49,120986.08,121583.89,503.29572
2025-10-10 06:00:00+00:00,121583.89,121754.34,121265.26,121378.18,687.86577
2025-10-10 07:00:00+00:00,121378.19,121388.61,120855.41,120932.05,895.21452
2025-10-10 08:00:00+00:00,120932.05,121660.43,120916.44,121631.54,433.113
2025-10-10 09:00:00+00:00,121631.54,121777.07,121276.56,121314.73,473.35018
2025-10-10 10:00:00+00:00,121314.73,121543.59,121228.83,121496.33,289.70624
2025-10-10 11:00:00+00:00,121496.34,121661.62,121424.5,121554.55,357.66752
2025-10-10 12:00:00+00:00,121554.55,121682.42,121420.0,121597.21,288.32785
2025-10-10 13:00:00+00:00,121597.22,122550.0,121384.6,121684.2,1452.77007
2025-10-10 14:00:00+00:00,121684.18,122069.76,120479.2,120493.17,1335.80488
2025-10-10 15:00:00+00:00,120493.16,120626.55,118500.0,119018.98,4690.68973
2025-10-10 16:00:00+00:00,119018.99,119456.28,118205.6,118205.61,2074.44286
2025-10-10 17:00:00+00:00,118205.61,118427.51,117579.79,117623.8,2197.93519
2025-10-10 18:00:00+00:00,117623.8,117851.5,117237.0,117237.7,1448.7532
2025-10-10 19:00:00+00:00,117237.7,117341.92,115952.47,116661.5,2733.41302
2025-10-10 20:00:00+00:00,116661.5,117214.64,113039.0,114266.82,4454.56036
2025-10-10 21:00:00+00:00,114266.82,115112.69,102000.0,113451.86,22932.63034
2025-10-10 22:00:00+00:00,113451.87,114109.03,110879.69,113700.0,9370.17448
2025-10-10 23:00:00+00:00,113700.0,114807.41,112652.76,112774.5,4977.36911
2025-10-11 00:00:00+00:00,112774.49,113178.66,111620.3,112514.58,3620.32878
2025-10-11 01:00:00+00:00,112514.57,112530.01,111019.43,111095.37,2796.42603
2025-10-11 02:00:00+00:00,111095.38,113297.92,111082.0,113196.48,2926.55879
2025-10-11 03:00:00+00:00,113196.48,113322.39,111800.0,112300.01,2190.21309
2025-10-11 04:00:00+00:00,112300.0,112991.16,111700.0,112945.79,1446.73937
2025-10-11 05:00:00+00:00,112945.79,112945.79,111992.85,112389.48,1256.8701
2025-10-11 06:00:00+00:00,112389.48,112753.91,112000.0,112045.99,1208.64004
2025-10-11 07:00:00+00:00,112046.0,112084.61,110090.29,110384.61,3230.51321
2025-10-11 08:00:00+00:00,110384.6,111535.29,110162.23,111328.38,1981.19694
2025-10-11 09:00:00+00:00,111328.38,111887.19,111274.41,111642.78,1627.2836
2025-10-11 10:00:00+00:00,111642.78,112271.34,111621.77,112114.64,1350.7519
2025-10-11 11:00:00+00:00,112114.63,112359.67,111700.0,112280.0,969.90748
2025-10-11 12:00:00+00:00,112280.01,112466.66,112037.98,112380.14,997.55713
2025-10-11 13:00:00+00:00,112380.13,112500.0,111890.33,112267.86,973.48531
2025-10-11 14:00:00+00:00,112267.86,112342.11,111890.29,111991.97,1058.55252
2025-10-11 15:00:00+00:00,111991.97,112385.93,111793.2,111793.2,651.64855
2025-10-11 16:00:00+00:00,111793.21,112089.92,111442.91,111846.18,834.57688
2025-10-11 17:00:00+00:00,111846.18,112185.53,111715.99,112005.57,678.72551
2025-10-11 18:00:00+00:00,112005.56,112025.4,111836.45,111955.27,292.78948
2025-10-11 19:00:00+00:00,111955.27,112025.4,110865.82,111178.31,1332.81972
2025-10-11 20:00:00+00:00,111178.3,111368.29,109653.65,110244.98,1752.53778
2025-10-11 21:00:00+00:00,110244.98,111000.0,109561.59,110893.54,1099.41658
2025-10-11 22:00:00+00:00,110893.55,111291.61,110652.0,111043.27,571.096
2025-10-11 23:00:00+00:00,111043.26,111114.46,110644.0,110644.4,599.88173
2025-10-12 00:00:00+00:00,110644.4,110685.63,109565.06,109641.54,1171.55172
2025-10-12 01:00:00+00:00,109641.54,110318.01,109641.46,109978.56,1205.41028
2025-10-12 02:00:00+00:00,109978.56,110708.89,109600.0,110119.02,1047.04823
2025-10-12 03:00:00+00:00,110119.02,111368.14,110002.2,110676.0,1361.57401
2025-10-12 04:00:00+00:00,110676.0,111957.14,110617.1,111524.87,887.82401
2025-10-12 05:00:00+00:00,111524.87,111816.04,111188.0,111700.38,537.50918
2025-10-12 06:00:00+00:00,111700.38,112125.51,111616.0,111686.01,764.04714
2025-10-12 07:00:00+00:00,111686.02,111933.85,111491.09,111525.2,541.91728
2025-10-12 08:00:00+00:00,111525.19,111798.99,111300.0,111310.9,573.49914
2025-10-12 09:00:00+00:00,111310.9,111920.01,111139.87,111837.04,596.04536
2025-10-12 10:00:00+00:00,111837.05,112026.63,111450.0,111651.64,536.97781
2025-10-12 11:00:00+00:00,111651.64,112133.33,111477.61,111848.36,1104.29864
2025-10-12 12:00:00+00:00,111848.35,112250.0,111555.0,111789.6,1014.55206
2025-10-12 13:00:00+00:00,111789.61,111934.51,111265.99,111297.52,1163.81644
2025-10-12 14:00:00+00:00,111297.51,112990.9,111177.75,112338.1,2798.771
2025-10-12 15:00:00+00:00,112338.11,113745.84,112078.0,113198.2,4043.27714
2025-10-12 16:00:00+00:00,113198.2,114700.0,113198.2,114069.35,3600.56207
2025-10-12 17:00:00+00:00,114069.35,114466.94,113516.38,113799.99,1614.34137
2025-10-12 18:00:00+00:00,113799.99,114236.87,113553.81,113878.93,817.9254
2025-10-12 19:00:00+00:00,113878.93,114396.69,113826.65,114342.28,602.52008
2025-10-12 20:00:00+00:00,114342.28,115468.65,114342.27,114927.97,1817.36254
2025-10-12 21:00:00+00:00,114927.97,115600.0,114217.75,114882.06,1611.66087
2025-10-12 22:00:00+00:00,114882.06,115770.0,114882.06,115221.4,1743.39625
2025-10-12 23:00:00+00:00,115221.4,115350.8,114733.65,114958.8,1099.4147
2025-10-13 00:00:00+00:00,114958.81,115888.0,114766.69,115280.84,1480.23716
2025-10-13 01:00:00+00:00,115280.83,115750.0,115079.18,115713.32,814.49823
2025-10-13 02:00:00+00:00,115713.31,115963.81,115001.62,115319.97,982.84078
2025-10-13 03:00:00+00:00,115319.98,115613.7,114619.45,114821.12,846.03241
2025-10-13 04:00:00+00:00,114821.13,115000.0,114398.24,114708.15,1086.01022
2025-10-13 05:00:00+00:00,114708.15,114834.7,114500.02,114611.82,834.97755
2025-10-13 06:00:00+00:00,114611.82,115379.84,114417.77,115221.22,599.41221
2025-10-13 07:00:00+00:00,115221.23,115554.83,115034.0,115399.67,916.61315
2025-10-13 08:00:00+00:00,115399.66,115438.17,115138.0,115254.23,644.85187
2025-10-13 09:00:00+00:00,115254.23,115254.23,114748.38,115127.04,1037.56556
2025-10-13 10:00:00+00:00,115127.05,115162.0,114740.34,114810.62,896.68402
2025-10-13 11:00:00+00:00,114810.61,114810.61,113616.5,114180.0,1981.76101
2025-10-13 12:00:00+00:00,114180.0,114748.97,113931.16,114412.26,1209.47056
2025-10-13 13:00:00+00:00,114412.25,115530.0,114220.07,115345.79,1815.19891
2025-10-13 14:00:00+00:00,115345.79,115476.18,113800.01,114036.63,1434.88366
2025-10-13 15:00:00+00:00,114036.63,114727.95,113968.02,114312.1,1078.57574
2025-10-13 16:00:00+00:00,114312.09,115174.0,114270.89,114669.24,985.04262
2025-10-13 17:00:00+00:00,114669.25,115053.43,114215.79,115040.55,669.90056
2025-10-13 18:00:00+00:00,115040.55,115377.48,114710.0,115160.63,724.92234
2025-10-13 19:00:00+00:00,115160.63,115891.3,115070.0,115792.84,989.05749
2025-10-13 20:00:00+00:00,115792.84,115868.0,115400.0,115713.37,419.35754
2025-10-13 21:00:00+00:00,115713.37,115786.04,115553.33,115700.0,221.7783
2025-10-13 22:00:00+00:00,115700.0,115835.04,115442.67,115507.19,332.95022
2025-10-13 23:00:00+00:00,115507.2,115507.2,115005.44,115166.0,554.61822
2025-10-14 00:00:00+00:00,115166.0,115409.96,114871.93,114959.03,759.03973
2025-10-14 01:00:00+00:00,114959.02,114991.99,114137.93,114274.57,705.31924
2025-10-14 02:00:00+00:00,114274.57,114298.08,113647.05,113647.05,851.40075
2025-10-14 03:00:00+00:00,113647.05,113700.0,113279.76,113500.0,1141.08489
2025-10-14 04:00:00+00:00,113500.0,113599.99,112787.0,113062.09,1189.90441
2025-10-14 05:00:00+00:00,113062.09,113691.0,112390.0,112493.11,1796.26245
2025-10-14 06:00:00+00:00,112493.1,112699.21,111355.01,111987.38,1853.68057
2025-10-14 07:00:00+00:00,111987.39,112194.0,111445.72,111724.41,1446.45172
2025-10-14 08:00:00+00:00,111724.41,112140.0,111513.63,111803.33,979.88421
2025-10-14 09:00:00+00:00,111803.33,112000.0,111055.91,111287.89,937.93171
2025-10-14 10:00:00+00:00,111287.9,111336.11,110012.24,110623.58,1937.91268
2025-10-14 11:00:00+00:00,110623.58,111630.28,110614.25,111313.98,1426.10618
2025-10-14 12:00:00+00:00,111313.98,111361.15,110737.29,110803.28,976.90627
2025-10-14 13:00:00+00:00,110803.29,111329.71,109866.0,111014.38,2420.02151
2025-10-14 14:00:00+00:00,111014.38,112200.0,110905.73,111435.21,2108.64964
2025-10-14 15:00:00+00:00,111435.2,112943.82,111062.15,112900.43,1681.40989
2025-10-14 16:00:00+00:00,112900.44,113187.62,112189.42,112328.83,2429.54292
2025-10-14 17:00:00+00:00,112328.83,112933.65,111692.31,112774.97,2031.41315
2025-10-14 18:00:00+00:00,112774.98,113450.0,112662.72,112861.36,1289.26282
2025-10-14 19:00:00+00:00,112861.36,113544.53,112021.59,112613.7,1685.79274
2025-10-14 20:00:00+00:00,112613.69,113008.47,112230.46,112992.87,564.85759
2025-10-14 21:00:00+00:00,112992.88,113186.0,112683.58,113128.7,561.06072
2025-10-14 22:00:00+00:00,113128.7,113577.0,112822.16,113211.87,588.63193
2025-10-14 23:00:00+00:00,113211.87,113520.0,112998.22,113028.14,507.80202
2025-10-15 00:00:00+00:00,113028.13,113112.41,112602.02,112993.86,1081.3257
2025-10-15 01:00:00+00:00,112993.85,113005.57,112326.26,112738.17,870.72777
2025-10-15 02:00:00+00:00,112738.17,113612.35,112673.9,112809.94,812.09712
2025-10-15 03:00:00+00:00,112809.94,112866.77,111825.93,112024.29,762.39853
2025-10-15 04:00:00+00:00,112024.3,112465.5,111746.76,112344.81,1145.73005
2025-10-15 05:00:00+00:00,112344.81,112659.0,112188.74,112431.95,623.36683
2025-10-15 06:00:00+00:00,112431.95,112563.8,111896.07,112460.47,740.50832
2025-10-15 07:00:00+00:00,112460.48,112680.0,112235.76,112584.5,932.59854
2025-10-15 08:00:00+00:00,112584.49,113520.88,112550.0,112944.85,1236.8164
2025-10-15 09:00:00+00:00,112944.84,113127.39,112380.8,112564.01,848.43925
2025-10-15 10:00:00+00:00,112564.0,112645.61,112072.86,112266.71,847.65271
2025-10-15 11:00:00+00:00,112266.7,112600.0,111693.26,111905.73,766.17498
2025-10-15 12:00:00+00:00,111905.72,112085.68,111400.0,111711.25,1005.50463
2025-10-15 13:00:00+00:00,111711.25,112011.75,110725.4,111389.0,1971.0633
2025-10-15 14:00:00+00:00,111389.01,112238.41,110800.0,111059.76,1777.74911
2025-10-15 15:00:00+00:00,111059.77,111588.69,110400.0,110798.01,1836.18334
2025-10-15 16:00:00+00:00,110798.01,111125.18,110602.8,110748.0,830.13195
2025-10-15 17:00:00+00:00,110748.0,111186.78,110164.0,111186.78,1335.06163
2025-10-15 18:00:00+00:00,111186.77,111512.41,110826.21,111444.76,562.70484
2025-10-15 19:00:00+00:00,111444.76,111557.7,111099.33,111271.73,589.84937
2025-10-15 20:00:00+00:00,111271.73,111556.27,110515.84,111109.76,852.76487
2025-10-15 21:00:00+00:00,111109.77,111424.69,110500.0,110854.19,779.36355
2025-10-15 22:00:00+00:00,110854.2,111395.82,110667.97,110667.97,422.7399
2025-10-15 23:00:00+00:00,110667.97,111006.0,110590.1,110763.28,355.53542
2025-10-16 00:00:00+00:00,110763.28,110856.11,110361.0,110431.27,753.8893
2025-10-16 01:00:00+00:00,110431.27,111330.0,110417.32,111299.99,776.36767
2025-10-16 02:00:00+00:00,111300.0,111562.24,111014.12,111510.43,544.40968
2025-10-16 03:00:00+00:00,111510.43,111867.17,111271.49,111329.48,640.75803
2025-10-16 04:00:00+00:00,111329.48,111675.21,110800.88,110966.03,573.55869
2025-10-16 05:00:00+00:00,110966.03,111485.03,110750.0,110951.14,831.0631
2025-10-16 06:00:00+00:00,110951.13,111716.86,110922.17,111666.83,576.47831
2025-10-16 07:00:00+00:00,111666.83,111773.7,110553.19,110584.2,1116.0425
2025-10-16 08:00:00+00:00,110584.21,110893.91,110405.0,110817.5,898.50628
2025-10-16 09:00:00+00:00,110817.5,111633.14,109635.15,111146.31,2599.38969
2025-10-16 10:00:00+00:00,111146.31,111728.7,111021.02,111469.63,1021.52177
2025-10-16 11:00:00+00:00,111469.63,111567.85,111001.44,111404.72,762.70034
2025-10-16 12:00:00+00:00,111404.73,111982.45,111332.18,111519.07,925.41606
2025-10-16 13:00:00+00:00,111519.08,111548.0,110684.32,110860.0,1245.15513
2025-10-16 14:00:00+00:00,110860.0,111420.02,109728.0,110529.34,2218.73
2025-10-16 15:00:00+00:00,110529.35,110727.35,108361.69,108549.21,3863.5105
2025-10-16 16:00:00+00:00,108549.21,109254.0,107577.57,109232.43,3658.11859
2025-10-16 17:00:00+00:00,109232.43,109244.91,108227.54,108276.7,1542.50028
2025-10-16 18:00:00+00:00,108276.69,108656.3,107680.0,108656.19,1228.35335
2025-10-16 19:00:00+00:00,108656.19,108751.02,107685.4,108197.66,1826.2967
2025-10-16 20:00:00+00:00,108197.67,108424.11,107427.0,107838.01,941.04286
2025-10-16 21:00:00+00:00,107838.0,108463.31,107592.0,108443.7,490.84182
2025-10-16 22:00:00+00:00,108443.71,108500.0,107783.76,107798.85,451.11345
2025-10-16 23:00:00+00:00,107798.85,108420.73,107736.56,108194.28,371.40842
2025-10-17 00:00:00+00:00,108194.27,108849.19,107934.4,108800.0,657.03622
2025-10-17 01:00:00+00:00,108799.99,109115.08,108506.79,108839.84,663.22366
2025-10-17 02:00:00+00:00,108839.84,109082.8,108390.21,108972.97,559.71151
2025-10-17 03:00:00+00:00,108972.98,109240.0,108910.45,109176.74,537.9217
2025-10-17 04:00:00+00:00,109176.74,109236.01,108786.0,108787.26,487.87266
2025-10-17 05:00:00+00:00,108787.26,108926.06,108299.12,108381.76,800.45747
2025-10-17 06:00:00+00:00,108381.75,108519.49,106639.79,106741.28,2840.49166
2025-10-17 07:00:00+00:00,106741.28,106901.85,105542.09,105633.75,3891.25354
2025-10-17 08:00:00+00:00,105633.75,105716.15,104505.0,104884.38,4632.98336
2025-10-17 09:00:00+00:00,104884.38,105626.67,104520.7,104531.35,2034.60892
2025-10-17 10:00:00+00:00,104530.0,104926.19,103528.23,104751.99,3620.28453
2025-10-17 11:00:00+00:00,104751.99,106651.22,104674.0,105683.72,3620.45641
2025-10-17 12:00:00+00:00,105683.71,106070.14,105227.45,105350.4,1384.38576
2025-10-17 13:00:00+00:00,105350.4,106166.0,104876.19,105835.63,2340.35273
2025-10-17 14:00:00+00:00,105835.62,105989.01,104533.21,105163.42,1894.44771
2025-10-17 15:00:00+00:00,105163.41,106852.14,105087.29,106803.53,2228.15693
2025-10-17 16:00:00+00:00,106803.52,107575.6,106239.75,106372.34,1909.04788
2025-10-17 17:00:00+00:00,106372.34,106729.0,106071.42,106453.27,723.50939
2025-10-17 18:00:00+00:00,106453.26,107089.99,106453.26,106647.11,761.17199
2025-10-17 19:00:00+00:00,106647.11,106889.11,106233.65,106454.72,522.73818
2025-10-17 20:00:00+00:00,106457.24,107177.08,106342.47,107021.37,502.81407
2025-10-17 21:00:00+00:00,107021.38,107440.02,107016.87,107301.4,474.97927
2025-10-17 22:00:00+00:00,107301.41,107415.73,106807.5,107000.1,467.14
2025-10-17 23:00:00+00:00,107000.09,107000.1,106392.08,106431.68,365.62283
2025-10-18 00:00:00+00:00,106431.68,106845.52,106322.2,106845.52,471.69377
2025-10-18 01:00:00+00:00,106845.52,107306.06,106824.0,107149.3,525.1252
2025-10-18 02:00:00+00:00,107149.3,107297.87,106493.23,106597.98,923.59727
2025-10-18 03:00:00+00:00,106597.97,107126.55,106573.6,107070.4,747.88716
2025-10-18 04:00:00+00:00,107070.41,107070.41,106439.38,106478.71,738.59104
2025-10-18 05:00:00+00:00,106478.66,106842.5,106478.66,106812.52,357.02039
2025-10-18 06:00:00+00:00,106812.52,106950.0,106711.95,106839.96,582.06053
2025-10-18 07:00:00+00:00,106839.97,107499.0,106607.2,106665.0,1298.66311
2025-10-18 08:00:00+00:00,106665.01,106966.62,106605.93,106719.2,1204.63747
2025-10-18 09:00:00+00:00,106719.2,106938.0,106629.66,106884.41,371.44202
2025-10-18 10:00:00+00:00,106884.41,107145.81,106788.41,106924.47,365.7402
2025-10-18 11:00:00+00:00,106924.47,107222.0,106770.0,107208.6,394.9085
2025-10-18 12:00:00+00:00,107208.61,107300.0,106965.23,107065.17,265.11201
2025-10-18 13:00:00+00:00,107065.17,107102.14,106810.0,106888.78,270.57628
2025-10-18 14:00:00+00:00,106888.77,107111.11,106739.33,107028.36,552.94765
2025-10-18 15:00:00+00:00,107028.37,107146.18,106815.86,106948.75,336.98269
2025-10-18 16:00:00+00:00,106948.75,107063.89,106484.0,106664.01,353.04791
2025-10-18 17:00:00+00:00,106664.01,106955.79,106567.95,106880.03,246.03342
2025-10-18 18:00:00+00:00,106880.04,106920.0,106722.72,106843.75,158.99856
2025-10-18 19:00:00+00:00,106843.75,107091.87,106762.83,107080.14,153.17902
2025-10-18 20:00:00+00:00,107080.14,107339.03,107000.0,107018.51,262.63077
2025-10-18 21:00:00+00:00,107018.5,107220.24,106851.84,107177.05,198.46296
2025-10-18 22:00:00+00:00,107177.05,107283.71,107067.54,107125.87,219.09125
2025-10-18 23:00:00+00:00,107125.88,107200.0,107014.58,107185.01,124.75848
2025-10-19 00:00:00+00:00,107185.0,107267.2,106755.88,106898.03,393.96341
2025-10-19 01:00:00+00:00,106898.03,106988.81,106734.17,106973.26,184.14483
2025-10-19 02:00:00+00:00,106973.27,107000.0,106805.05,106847.02,121.85742
2025-10-19 03:00:00+00:00,106847.03,107367.16,106802.32,107275.78,358.14644
2025-10-19 04:00:00+00:00,107275.79,107290.0,106949.9,107046.9,256.58858
2025-10-19 05:00:00+00:00,107046.89,107180.0,106794.23,106888.59,516.95583
2025-10-19 06:00:00+00:00,106888.6,106909.98,106558.61,106777.75,315.62124
2025-10-19 07:00:00+00:00,106777.75,106912.08,106702.0,106786.0,158.03024
2025-10-19 08:00:00+00:00,106786.0,107203.29,106278.74,106443.95,969.35569
2025-10-19 09:00:00+00:00,106443.96,108213.04,106103.36,107401.47,2187.761
2025-10-19 10:00:00+00:00,107401.47,107887.99,106999.57,107882.71,889.9682
2025-10-19 11:00:00+00:00,107882.71,108260.5,107633.05,107783.47,1012.47378
2025-10-19 12:00:00+00:00,107783.47,107859.42,107421.9,107631.43,816.5887
2025-10-19 13:00:00+00:00,107631.43,108227.44,107355.02,108096.34,912.20232
2025-10-19 14:00:00+00:00,108096.33,108508.0,107887.28,108405.47,1356.8762
2025-10-19 15:00:00+00:00,108405.47,108621.68,108328.25,108486.7,550.80586
2025-10-19 16:00:00+00:00,108486.71,108988.27,108240.0,108624.19,746.0028
2025-10-19 17:00:00+00:00,108624.19,109437.43,108615.2,109113.52,842.94186
2025-10-19 18:00:00+00:00,109113.53,109450.07,109037.5,109383.01,390.21394
2025-10-19 19:00:00+00:00,109383.0,109383.01,108800.57,108908.43,451.40437
2025-10-19 20:00:00+00:00,108908.43,108984.9,108810.17,108845.06,661.43199
2025-10-19 21:00:00+00:00,108845.07,108869.87,108620.0,108744.82,272.94763
2025-10-19 22:00:00+00:00,108744.83,109370.99,108744.83,109146.8,673.56143
2025-10-19 23:00:00+00:00,109146.8,109146.8,108471.1,108642.78,440.82047
2025-10-20 00:00:00+00:00,108642.77,108642.77,107402.52,108047.46,1198.8653
2025-10-20 01:00:00+00:00,108047.46,108276.04,107894.0,108053.58,602.84285
2025-10-20 02:00:00+00:00,108053.57,108970.51,107854.71,108767.02,605.86943
2025-10-20 03:00:00+00:00,108767.03,110102.44,108571.59,110063.53,901.58409
