Datetime,Open,High,Low,Close,Volume
2025-08-21 00:00:00+00:00,4336.16,4336.16,4315.36,4318.17,4599.432
2025-08-21 00:15:00+00:00,4318.17,4323.27,4306.63,4315.51,7082.5689
2025-08-21 00:30:00+00:00,4315.51,4332.93,4315.51,4322.03,4052.8224
2025-08-21 00:45:00+00:00,4322.03,4330.97,4311.16,4324.1,4088.2477
2025-08-21 01:00:00+00:00,4324.1,4328.51,4309.3,4312.85,2784.2652
2025-08-21 01:15:00+00:00,4312.85,4316.5,4297.0,4309.94,5608.7096
2025-08-21 01:30:00+00:00,4309.95,4324.2,4306.79,4319.19,3546.6617
2025-08-21 01:45:00+00:00,4319.19,4336.97,4314.71,4331.75,5516.0975
2025-08-21 02:00:00+00:00,4331.74,4340.26,4302.54,4303.07,4235.3909
2025-08-21 02:15:00+00:00,4303.07,4303.87,4282.61,4292.73,7123.7679
2025-08-21 02:30:00+00:00,4292.72,4293.75,4278.03,4284.19,6243.7354
2025-08-21 02:45:00+00:00,4284.19,4294.93,4278.53,4292.91,5207.5616
2025-08-21 03:00:00+00:00,4292.91,4333.23,4292.9,4324.77,10183.1322
2025-08-21 03:15:00+00:00,4324.76,4325.33,4303.41,4309.47,4321.7521
2025-08-21 03:30:00+00:00,4309.47,4317.18,4306.09,4312.28,2968.4782
2025-08-21 03:45:00+00:00,4312.27,4315.16,4292.6,4295.23,6940.1751
2025-08-21 04:00:00+00:00,4295.24,4302.53,4285.1,4292.2,3652.649
2025-08-21 04:15:00+00:00,4292.2,4294.46,4284.84,4291.6,2801.4544
2025-08-21 04:30:00+00:00,4291.59,4306.72,4286.66,4301.78,5118.9952
2025-08-21 04:45:00+00:00,4301.79,4308.07,4295.21,4295.52,1324.8871
2025-08-21 05:00:00+00:00,4295.52,4299.87,4283.17,4290.72,2178.2535
2025-08-21 05:15:00+00:00,4290.73,4303.42,4290.72,4300.69,2633.5713
2025-08-21 05:30:00+00:00,4300.7,4311.07,4300.0,4311.07,1525.8238
2025-08-21 05:45:00+00:00,4311.07,4321.36,4311.06,4317.97,3324.0242
2025-08-21 06:00:00+00:00,4317.98,4318.27,4288.88,4293.32,3656.0128
2025-08-21 06:15:00+00:00,4293.32,4297.79,4284.18,4293.04,3061.8668
2025-08-21 06:30:00+00:00,4293.05,4307.52,4293.05,4304.99,1671.7211
2025-08-21 06:45:00+00:00,4305.0,4309.0,4301.01,4307.4,1719.4796
2025-08-21 07:00:00+00:00,4307.39,4311.95,4292.68,4292.68,2144.136
2025-08-21 07:15:00+00:00,4292.69,4295.57,4270.89,4289.03,4483.3757
2025-08-21 07:30:00+00:00,4289.03,4307.52,4283.3,4300.45,3036.7355
2025-08-21 07:45:00+00:00,4300.45,4312.84,4299.32,4310.76,1890.1696
2025-08-21 08:00:00+00:00,4310.79,4315.01,4302.1,4312.15,2315.3716
2025-08-21 08:15:00+00:00,4312.14,4312.15,4288.71,4298.87,3568.0215
2025-08-21 08:30:00+00:00,4298.87,4301.35,4290.0,4295.61,2132.2216
2025-08-21 08:45:00+00:00,4295.61,4303.42,4285.33,4285.89,3001.9533
2025-08-21 09:00:00+00:00,4285.88,4286.3,4261.27,4269.7,8573.8937
2025-08-21 09:15:00+00:00,4269.69,4274.53,4256.34,4272.91,7780.5934
2025-08-21 09:30:00+00:00,4272.91,4290.49,4270.68,4290.49,3029.7848
2025-08-21 09:45:00+00:00,4290.5,4291.74,4275.63,4277.0,2673.3673
2025-08-21 10:00:00+00:00,4277.0,4286.43,4264.01,4282.36,2732.0129
2025-08-21 10:15:00+00:00,4282.37,4290.42,4276.79,4287.22,2984.8145
2025-08-21 10:30:00+00:00,4287.23,4305.79,4278.07,4297.34,10442.4694
2025-08-21 10:45:00+00:00,4297.34,4302.07,4287.64,4291.52,1961.6183
2025-08-21 11:00:00+00:00,4291.52,4302.37,4289.55,4298.86,2795.2235
2025-08-21 11:15:00+00:00,4298.87,4306.42,4295.23,4301.78,3501.2683
2025-08-21 11:30:00+00:00,4301.78,4310.0,4275.0,4285.47,4832.6859
2025-08-21 11:45:00+00:00,4285.45,4285.65,4267.06,4278.52,4626.4258
2025-08-21 12:00:00+00:00,4278.53,4284.53,4268.79,4270.39,3016.5125
2025-08-21 12:15:00+00:00,4270.4,4273.8,4251.42,4261.55,5556.2417
2025-08-21 12:30:00+00:00,4261.55,4286.34,4259.71,4271.2,4572.8342
2025-08-21 12:45:00+00:00,4271.19,4271.85,4236.87,4249.57,10557.0023
2025-08-21 13:00:00+00:00,4249.57,4266.06,4241.24,4261.32,6548.7718
2025-08-21 13:15:00+00:00,4261.31,4273.32,4256.69,4273.32,3070.2408
2025-08-21 13:30:00+00:00,4273.31,4294.66,4253.0,4288.89,11180.4853
2025-08-21 13:45:00+00:00,4288.89,4290.38,4254.62,4261.79,6148.8715
2025-08-21 14:00:00+00:00,4261.8,4303.67,4254.12,4298.87,8253.2062
2025-08-21 14:15:00+00:00,4298.86,4328.37,4295.81,4316.12,13561.8071
2025-08-21 14:30:00+00:00,4316.13,4318.51,4254.09,4278.52,11050.8931
2025-08-21 14:45:00+00:00,4278.53,4286.67,4265.77,4273.85,9956.9037
2025-08-21 15:00:00+00:00,4273.85,4276.77,4234.27,4235.59,10956.7274
2025-08-21 15:15:00+00:00,4235.6,4264.01,4226.98,4253.33,9807.9282
2025-08-21 15:30:00+00:00,4253.33,4270.27,4241.25,4261.16,5381.7799
2025-08-21 15:45:00+00:00,4261.17,4261.17,4237.57,4242.66,4332.2255
2025-08-21 16:00:00+00:00,4242.66,4255.78,4231.31,4251.41,4733.6327
2025-08-21 16:15:00+00:00,4251.42,4260.0,4236.01,4242.36,4109.2237
2025-08-21 16:30:00+00:00,4242.37,4253.0,4221.55,4233.67,6391.7789
2025-08-21 16:45:00+00:00,4233.66,4237.03,4215.5,4221.97,5295.4422
2025-08-21 17:00:00+00:00,4221.98,4223.62,4208.0,4215.32,5665.1223
2025-08-21 17:15:00+00:00,4215.31,4227.68,4212.1,4224.35,4028.1296
2025-08-21 17:30:00+00:00,4224.36,4242.65,4222.73,4238.84,5150.8331
2025-08-21 17:45:00+00:00,4238.84,4246.13,4233.08,4242.19,2871.9324
2025-08-21 18:00:00+00:00,4242.18,4249.11,4236.0,4240.61,2930.2338
2025-08-21 18:15:00+00:00,4240.61,4255.76,4236.33,4247.9,3216.0747
2025-08-21 18:30:00+00:00,4247.91,4254.85,4239.63,4245.49,2802.7901
2025-08-21 18:45:00+00:00,4245.49,4269.02,4233.84,4261.37,3820.0003
2025-08-21 19:00:00+00:00,4261.37,4274.38,4257.72,4260.99,3344.4757
2025-08-21 19:15:00+00:00,4260.99,4262.05,4235.48,4238.0,4545.8194
2025-08-21 19:30:00+00:00,4238.01,4239.69,4217.6,4225.41,3924.2481
2025-08-21 19:45:00+00:00,4225.41,4230.48,4219.5,4224.1,3512.6226
2025-08-21 20:00:00+00:00,4224.1,4234.47,4224.09,4232.01,1924.4618
2025-08-21 20:15:00+00:00,4232.0,4237.87,4227.44,4232.51,1280.5156
2025-08-21 20:30:00+00:00,4232.51,4233.8,4204.2,4227.06,3184.6432
2025-08-21 20:45:00+00:00,4227.06,4260.86,4225.78,4242.56,6498.2365
2025-08-21 21:00:00+00:00,4242.56,4247.71,4211.33,4242.04,4038.3726
2025-08-21 21:15:00+00:00,4242.03,4249.58,4220.0,4244.91,3179.0957
2025-08-21 21:30:00+00:00,4244.91,4257.86,4235.32,4235.67,2485.1957
2025-08-21 21:45:00+00:00,4235.68,4251.11,4235.03,4243.52,1295.9994
2025-08-21 22:00:00+00:00,4243.52,4255.97,4236.8,4254.99,1499.3437
2025-08-21 22:15:00+00:00,4254.99,4260.31,4249.08,4254.95,1768.4492
2025-08-21 22:30:00+00:00,4254.94,4257.83,4244.05,4246.0,1533.9596
2025-08-21 22:45:00+00:00,4246.0,4255.5,4243.06,4253.18,1590.9428
2025-08-21 23:00:00+00:00,4253.18,4253.67,4235.65,4236.09,2576.5428
2025-08-21 23:15:00+00:00,4236.1,4239.69,4224.62,4238.8,2191.125
2025-08-21 23:30:00+00:00,4238.79,4238.79,4210.13,4210.13,5915.4431
2025-08-21 23:45:00+00:00,4210.14,4227.72,4210.14,4225.3,6901.6019
2025-08-22 00:00:00+00:00,4225.3,4239.27,4223.62,4232.02,6621.7396
2025-08-22 00:15:00+00:00,4232.01,4245.0,4226.66,4243.22,2983.478
2025-08-22 00:30:00+00:00,4243.22,4256.3,4243.22,4250.07,6676.1133
2025-08-22 00:45:00+00:00,4250.07,4250.67,4235.4,4245.61,1309.1112
2025-08-22 01:00:00+00:00,4245.6,4251.17,4222.25,4226.01,2670.4082
2025-08-22 01:15:00+00:00,4226.0,4250.89,4225.39,4247.7,1685.3121
2025-08-22 01:30:00+00:00,4247.69,4258.63,4237.28,4257.32,2752.3998
2025-08-22 01:45:00+00:00,4257.4,4266.12,4252.72,4257.29,4684.7991
2025-08-22 02:00:00+00:00,4257.29,4280.57,4251.19,4280.57,5687.5269
2025-08-22 02:15:00+00:00,4280.57,4314.89,4278.79,4308.67,17355.9175
2025-08-22 02:30:00+00:00,4308.67,4309.55,4294.29,4298.14,6174.6393
2025-08-22 02:45:00+00:00,4298.15,4304.0,4285.79,4290.84,4328.2964
2025-08-22 03:00:00+00:00,4290.84,4300.74,4283.33,4297.06,2318.1217
2025-08-22 03:15:00+00:00,4297.06,4297.92,4276.5,4276.74,3125.1794
2025-08-22 03:30:00+00:00,4276.73,4284.64,4266.67,4269.72,4608.42
2025-08-22 03:45:00+00:00,4269.73,4280.45,4265.06,4278.93,4409.3889
2025-08-22 04:00:00+00:00,4278.93,4303.51,4277.72,4296.0,3536.5461
2025-08-22 04:15:00+00:00,4296.0,4307.83,4288.01,4293.27,4890.6955
2025-08-22 04:30:00+00:00,4293.28,4298.57,4285.79,4285.8,3532.0508
2025-08-22 04:45:00+00:00,4285.8,4291.37,4274.12,4281.28,2470.9767
2025-08-22 05:00:00+00:00,4281.27,4287.59,4275.57,4282.5,1855.8641
2025-08-22 05:15:00+00:00,4282.49,4285.0,4275.66,4281.23,2038.2024
2025-08-22 05:30:00+00:00,4281.23,4292.5,4272.55,4278.85,2638.6622
2025-08-22 05:45:00+00:00,4278.84,4294.92,4277.78,4291.19,3657.5031
2025-08-22 06:00:00+00:00,4291.19,4304.61,4284.58,4303.67,6545.8456
2025-08-22 06:15:00+00:00,4303.67,4319.2,4300.72,4311.07,9476.432
2025-08-22 06:30:00+00:00,4311.07,4314.18,4280.14,4287.03,6138.6899
2025-08-22 06:45:00+00:00,4287.03,4298.7,4283.39,4294.72,2385.7807
2025-08-22 07:00:00+00:00,4294.73,4324.84,4291.89,4313.35,8998.4598
2025-08-22 07:15:00+00:00,4313.36,4339.3,4307.71,4338.11,12602.2402
2025-08-22 07:30:00+00:00,4338.1,4338.11,4325.48,4331.4,6281.5842
2025-08-22 07:45:00+00:00,4331.39,4345.38,4327.31,4328.14,7563.8257
2025-08-22 08:00:00+00:00,4328.13,4350.0,4327.0,4344.34,5855.2254
2025-08-22 08:15:00+00:00,4344.34,4352.3,4338.32,4349.85,5038.1745
2025-08-22 08:30:00+00:00,4349.86,4354.19,4335.98,4343.13,5503.907
2025-08-22 08:45:00+00:00,4343.12,4343.12,4326.95,4328.93,5656.0215
2025-08-22 09:00:00+00:00,4328.93,4332.06,4317.14,4317.16,8319.4094
2025-08-22 09:15:00+00:00,4317.16,4322.26,4305.82,4315.36,6067.2097
2025-08-22 09:30:00+00:00,4315.36,4323.45,4307.42,4322.04,5477.6832
2025-08-22 09:45:00+00:00,4322.05,4332.0,4320.58,4328.6,4967.1572
2025-08-22 10:00:00+00:00,4328.6,4329.74,4317.74,4318.42,3769.3604
2025-08-22 10:15:00+00:00,4318.41,4318.57,4307.72,4315.08,7374.2895
2025-08-22 10:30:00+00:00,4315.07,4315.66,4297.98,4298.6,8291.6188
2025-08-22 10:45:00+00:00,4298.59,4305.0,4288.56,4296.43,4786.0328
2025-08-22 11:00:00+00:00,4296.43,4300.0,4276.47,4279.31,7719.7435
2025-08-22 11:15:00+00:00,4279.31,4286.19,4276.52,4280.91,6614.6592
2025-08-22 11:30:00+00:00,4280.9,4286.13,4275.35,4282.31,4227.62
2025-08-22 11:45:00+00:00,4282.31,4290.37,4273.75,4274.56,6996.9817
2025-08-22 12:00:00+00:00,4274.57,4278.04,4235.58,4243.87,17435.3045
2025-08-22 12:15:00+00:00,4243.87,4247.81,4223.31,4229.92,15103.4034
2025-08-22 12:30:00+00:00,4229.91,4241.26,4207.39,4241.14,14593.9851
2025-08-22 12:45:00+00:00,4241.14,4263.99,4233.4,4244.92,14860.9399
2025-08-22 13:00:00+00:00,4244.91,4260.0,4238.43,4245.75,8906.033
2025-08-22 13:15:00+00:00,4245.75,4261.16,4233.88,4260.53,8361.9529
2025-08-22 13:30:00+00:00,4260.52,4320.79,4245.46,4302.03,17585.5881
2025-08-22 13:45:00+00:00,4302.03,4316.33,4278.48,4290.47,13137.8594
2025-08-22 14:00:00+00:00,4290.47,4600.0,4289.94,4595.96,122177.8677
2025-08-22 14:15:00+00:00,4595.96,4647.7,4538.06,4576.32,111175.9961
2025-08-22 14:30:00+00:00,4576.32,4629.99,4572.09,4605.07,47035.5092
2025-08-22 14:45:00+00:00,4605.07,4645.0,4603.09,4613.93,31407.076
2025-08-22 15:00:00+00:00,4613.93,4668.18,4613.24,4630.0,33497.9389
2025-08-22 15:15:00+00:00,4629.99,4660.0,4629.82,4636.28,17512.5223
2025-08-22 15:30:00+00:00,4636.29,4657.22,4635.64,4648.53,15397.6554
2025-08-22 15:45:00+00:00,4648.52,4659.31,4615.29,4616.08,22609.9486
2025-08-22 16:00:00+00:00,4616.09,4768.88,4616.09,4765.64,55578.6344
2025-08-22 16:15:00+00:00,4765.5,4765.51,4732.71,4745.23,29395.6819
2025-08-22 16:30:00+00:00,4745.24,4779.12,4737.51,4753.57,23044.364
2025-08-22 16:45:00+00:00,4753.56,4756.4,4739.61,4745.96,11824.9608
2025-08-22 17:00:00+00:00,4745.95,4814.88,4745.95,4812.04,35707.5393
2025-08-22 17:15:00+00:00,4812.04,4849.82,4802.53,4845.15,36156.6714
2025-08-22 17:30:00+00:00,4845.15,4849.74,4785.93,4813.08,27674.5998
2025-08-22 17:45:00+00:00,4813.08,4815.51,4792.72,4799.5,16734.115
2025-08-22 18:00:00+00:00,4799.51,4805.28,4782.14,4791.0,12582.0698
2025-08-22 18:15:00+00:00,4791.0,4793.5,4753.23,4771.75,21478.6222
2025-08-22 18:30:00+00:00,4771.75,4797.94,4770.36,4795.58,15283.5663
2025-08-22 18:45:00+00:00,4795.58,4804.22,4781.69,4789.63,10317.3482
2025-08-22 19:00:00+00:00,4789.63,4810.45,4783.59,4809.32,7800.4578
2025-08-22 19:15:00+00:00,4809.31,4823.03,4803.81,4821.99,8611.471
2025-08-22 19:30:00+00:00,4821.99,4840.58,4804.39,4836.8,13942.2151
2025-08-22 19:45:00+00:00,4836.81,4859.1,4827.53,4833.0,21041.8653
2025-08-22 20:00:00+00:00,4833.0,4845.68,4815.3,4826.58,11214.8045
2025-08-22 20:15:00+00:00,4826.58,4834.61,4812.7,4833.01,6367.7656
2025-08-22 20:30:00+00:00,4833.0,4853.78,4822.03,4847.11,7314.3703
2025-08-22 20:45:00+00:00,4847.11,4868.0,4832.43,4849.58,11520.6311
2025-08-22 21:00:00+00:00,4849.34,4887.58,4838.24,4858.1,25003.39526
2025-08-22 21:15:00+00:00,4858.09,4887.4,4845.77,4879.61,10526.861
2025-08-22 21:30:00+00:00,4879.6,4887.59,4858.72,4874.94,7682.3876
2025-08-22 21:45:00+00:00,4874.95,4875.05,4841.64,4851.55,8731.015
2025-08-22 22:00:00+00:00,4851.55,4855.73,4812.28,4822.77,11784.7693
2025-08-22 22:15:00+00:00,4822.77,4837.61,4816.0,4821.92,8109.9553
2025-08-22 22:30:00+00:00,4821.93,4828.01,4796.48,4813.15,13764.6
2025-08-22 22:45:00+00:00,4813.14,4823.77,4797.25,4811.86,9810.8717
2025-08-22 23:00:00+00:00,4811.85,4830.01,4808.62,4822.2,9685.0054
2025-08-22 23:15:00+00:00,4822.16,4837.75,4817.01,4834.34,9414.121
2025-08-22 23:30:00+00:00,4834.33,4847.63,4831.67,4840.82,7431.5613
2025-08-22 23:45:00+00:00,4840.82,4841.05,4826.31,4832.07,2971.4539
2025-08-23 00:00:00+00:00,4832.07,4832.07,4802.59,4803.29,7939.2902
2025-08-23 00:15:00+00:00,4803.3,4822.72,4803.3,4821.21,4354.2154
2025-08-23 00:30:00+00:00,4821.21,4826.47,4804.4,4804.84,6648.8035
2025-08-23 00:45:00+00:00,4804.84,4816.92,4803.69,4807.69,4078.6452
2025-08-23 01:00:00+00:00,4807.69,4817.43,4799.01,4804.53,6626.7277
2025-08-23 01:15:00+00:00,4804.52,4805.15,4771.2,4771.55,13632.1661
2025-08-23 01:30:00+00:00,4771.55,4782.11,4756.79,4756.94,12328.0409
2025-08-23 01:45:00+00:00,4756.94,4790.0,4756.94,4780.59,8918.907
2025-08-23 02:00:00+00:00,4780.58,4791.81,4755.01,4760.8,10628.7597
2025-08-23 02:15:00+00:00,4760.81,4763.66,4704.02,4708.21,33758.1541
2025-08-23 02:30:00+00:00,4708.22,4723.2,4659.7,4696.3,31435.6005
2025-08-23 02:45:00+00:00,4696.31,4725.66,4686.11,4714.68,11368.7365
2025-08-23 03:00:00+00:00,4714.67,4723.45,4691.82,4720.01,9169.3779
2025-08-23 03:15:00+00:00,4720.01,4723.0,4700.0,4714.6,5798.4204
2025-08-23 03:30:00+00:00,4714.6,4715.28,4675.06,4677.33,9386.5349
2025-08-23 03:45:00+00:00,4677.33,4700.89,4676.16,4694.64,7423.3812
2025-08-23 04:00:00+00:00,4694.63,4716.41,4694.33,4711.99,5616.9699
2025-08-23 04:15:00+00:00,4711.98,4716.0,4696.13,4714.56,4563.9477
2025-08-23 04:30:00+00:00,4714.55,4737.97,4711.09,4733.27,10431.6741
2025-08-23 04:45:00+00:00,4733.27,4748.24,4725.37,4746.99,11520.8459
2025-08-23 05:00:00+00:00,4746.99,4747.52,4728.04,4731.0,7166.1465
2025-08-23 05:15:00+00:00,4731.01,4749.69,4730.43,4740.29,6346.1359
2025-08-23 05:30:00+00:00,4740.29,4760.92,4740.0,4757.71,7534.2704
2025-08-23 05:45:00+00:00,4757.72,4765.54,4749.04,4751.63,7339.5803
2025-08-23 06:00:00+00:00,4751.63,4762.93,4735.01,4740.59,7806.8936
2025-08-23 06:15:00+00:00,4740.59,4752.96,4735.37,4750.9,5705.3675
2025-08-23 06:30:00+00:00,4750.94,4756.57,4740.13,4746.22,4058.4201
2025-08-23 06:45:00+00:00,4746.22,4751.47,4737.0,4745.93,4488.7026
2025-08-23 07:00:00+00:00,4745.94,4751.04,4738.29,4745.94,2939.6024
2025-08-23 07:15:00+00:00,4745.94,4748.2,4722.22,4724.3,4760.0907
2025-08-23 07:30:00+00:00,4724.3,4735.69,4714.42,4729.19,7093.657
2025-08-23 07:45:00+00:00,4729.18,4729.18,4708.26,4713.88,5174.4807
2025-08-23 08:00:00+00:00,4713.89,4727.72,4713.64,4717.7,3883.8866
2025-08-23 08:15:00+00:00,4717.69,4721.54,4698.19,4703.31,6773.8119
2025-08-23 08:30:00+00:00,4703.31,4725.9,4701.48,4723.75,3440.2511
2025-08-23 08:45:00+00:00,4723.74,4730.02,4716.88,4718.89,2744.5743
2025-08-23 09:00:00+00:00,4718.88,4725.0,4707.29,4721.23,3650.4846
2025-08-23 09:15:00+00:00,4721.26,4726.77,4715.05,4719.82,3386.8057
2025-08-23 09:30:00+00:00,4719.82,4738.15,4718.0,4732.79,3933.4884
2025-08-23 09:45:00+00:00,4732.8,4742.72,4728.47,4738.79,3192.0504
2025-08-23 10:00:00+00:00,4738.8,4746.09,4728.74,4729.23,3870.0041
2025-08-23 10:15:00+00:00,4729.23,4731.12,4714.68,4722.69,4863.2752
2025-08-23 10:30:00+00:00,4722.68,4725.93,4713.83,4716.25,1777.3048
2025-08-23 10:45:00+00:00,4716.25,4722.51,4711.41,4712.67,2326.4309
2025-08-23 11:00:00+00:00,4712.67,4728.2,4708.67,4726.02,2096.3168
2025-08-23 11:15:00+00:00,4726.02,4730.0,4713.95,4714.93,1920.7826
2025-08-23 11:30:00+00:00,4714.94,4719.87,4712.3,4717.21,1425.8286
2025-08-23 11:45:00+00:00,4717.2,4722.45,4690.72,4704.93,6204.3285
2025-08-23 12:00:00+00:00,4704.95,4720.0,4692.81,4720.0,3604.3206
2025-08-23 12:15:00+00:00,4720.0,4729.32,4715.77,4719.74,4498.011
2025-08-23 12:30:00+00:00,4719.75,4735.0,4713.15,4727.64,6524.8271
2025-08-23 12:45:00+00:00,4727.63,4731.12,4708.54,4715.04,5646.6039
2025-08-23 13:00:00+00:00,4715.04,4726.19,4707.96,4725.08,5047.7467
2025-08-23 13:15:00+00:00,4725.09,4726.47,4714.25,4720.24,4242.0305
2025-08-23 13:30:00+00:00,4720.24,4728.47,4710.9,4716.4,9804.9253
2025-08-23 13:45:00+00:00,4716.4,4734.52,4713.63,4718.45,4884.4959
2025-08-23 14:00:00+00:00,4718.45,4731.73,4716.21,4727.98,2742.4352
2025-08-23 14:15:00+00:00,4727.99,4754.85,4724.45,4749.17,9964.9895
2025-08-23 14:30:00+00:00,4749.18,4757.76,4717.0,4726.98,11858.5945
2025-08-23 14:45:00+00:00,4726.98,4740.76,4717.61,4726.56,4021.5656
2025-08-23 15:00:00+00:00,4726.55,4735.91,4720.83,4731.35,3206.8562
2025-08-23 15:15:00+00:00,4731.36,4751.51,4728.92,4744.64,5740.0073
2025-08-23 15:30:00+00:00,4744.64,4754.54,4738.33,4751.63,4821.8548
2025-08-23 15:45:00+00:00,4751.64,4768.9,4749.14,4751.0,7032.2073
2025-08-23 16:00:00+00:00,4750.99,4757.21,4745.12,4746.13,4051.1947
2025-08-23 16:15:00+00:00,4746.13,4761.97,4745.44,4754.82,5246.5442
2025-08-23 16:30:00+00:00,4754.82,4755.52,4746.79,4746.79,3432.8434
2025-08-23 16:45:00+00:00,4746.79,4752.43,4742.86,4742.86,2233.7829
2025-08-23 17:00:00+00:00,4742.87,4751.79,4739.98,4748.35,3576.0127
2025-08-23 17:15:00+00:00,4748.34,4750.46,4727.8,4731.11,3667.3229
2025-08-23 17:30:00+00:00,4731.12,4748.18,4731.12,4746.44,1883.4365
2025-08-23 17:45:00+00:00,4746.44,4750.28,4742.19,4749.79,1291.2028
2025-08-23 18:00:00+00:00,4749.79,4757.29,4749.79,4755.0,1817.8296
2025-08-23 18:15:00+00:00,4754.99,4759.57,4744.04,4747.06,2294.9134
2025-08-23 18:30:00+00:00,4747.05,4754.0,4745.97,4753.04,1231.2618
2025-08-23 18:45:00+00:00,4753.04,4754.32,4748.68,4753.21,1253.9742
2025-08-23 19:00:00+00:00,4753.29,4760.64,4753.29,4756.35,1490.3055
2025-08-23 19:15:00+00:00,4756.36,4760.54,4748.16,4749.08,1442.2578
2025-08-23 19:30:00+00:00,4749.08,4758.47,4748.68,4751.72,1297.8147
2025-08-23 19:45:00+00:00,4751.72,4760.54,4751.71,4758.66,1691.7295
2025-08-23 20:00:00+00:00,4758.66,4759.15,4748.72,4750.79,1354.0098
2025-08-23 20:15:00+00:00,4750.78,4757.9,4749.13,4756.44,961.4943
2025-08-23 20:30:00+00:00,4756.44,4757.4,4742.57,4746.69,1643.8403
2025-08-23 20:45:00+00:00,4746.69,4755.23,4746.03,4752.14,1152.2808
2025-08-23 21:00:00+00:00,4752.14,4753.11,4745.02,4749.89,2711.9007
2025-08-23 21:15:00+00:00,4749.89,4751.12,4738.42,4738.71,2469.1158
2025-08-23 21:30:00+00:00,4738.7,4746.77,4738.0,4746.39,1365.1135
2025-08-23 21:45:00+00:00,4746.39,4752.72,4744.06,4749.96,3906.3858
2025-08-23 22:00:00+00:00,4749.97,4759.21,4749.96,4757.72,2175.7427
2025-08-23 22:15:00+00:00,4757.72,4765.13,4754.22,4762.24,2202.0636
2025-08-23 22:30:00+00:00,4762.24,4765.54,4757.05,4760.15,1164.9593
2025-08-23 22:45:00+00:00,4760.15,4786.25,4758.48,4781.86,4456.1094
2025-08-23 23:00:00+00:00,4781.87,4795.53,4781.01,4787.57,7632.5214
2025-08-23 23:15:00+00:00,4787.56,4797.34,4784.43,4786.51,2649.9266
2025-08-23 23:30:00+00:00,4786.51,4786.51,4772.02,4775.0,1866.6485
2025-08-23 23:45:00+00:00,4775.01,4778.61,4767.17,4778.4,1653.9073
2025-08-24 00:00:00+00:00,4778.4,4787.69,4777.56,4784.3,2064.2902
2025-08-24 00:15:00+00:00,4784.3,4795.48,4774.95,4792.69,5486.4237
2025-08-24 00:30:00+00:00,4792.69,4817.4,4790.6,4812.32,9487.7854
2025-08-24 00:45:00+00:00,4812.32,4812.33,4795.99,4798.25,3773.4135
2025-08-24 01:00:00+00:00,4798.26,4799.16,4765.19,4775.5,8344.7531
2025-08-24 01:15:00+00:00,4775.49,4781.32,4758.88,4771.22,7048.0745
2025-08-24 01:30:00+00:00,4771.21,4798.0,4768.89,4791.2,5187.1226
2025-08-24 01:45:00+00:00,4791.21,4791.69,4770.42,4776.71,2755.1828
2025-08-24 02:00:00+00:00,4776.71,4786.0,4772.12,4776.76,1538.9288
2025-08-24 02:15:00+00:00,4776.76,4789.11,4774.0,4788.91,2365.6806
2025-08-24 02:30:00+00:00,4788.9,4791.27,4778.36,4784.82,3036.2339
2025-08-24 02:45:00+00:00,4784.82,4785.34,4773.07,4776.2,3833.527
2025-08-24 03:00:00+00:00,4776.2,4777.57,4759.64,4759.64,6696.8402
2025-08-24 03:15:00+00:00,4759.64,4769.24,4753.42,4763.04,2762.6671
2025-08-24 03:30:00+00:00,4763.04,4781.59,4763.03,4776.9,4296.6081
2025-08-24 03:45:00+00:00,4776.9,4796.54,4775.63,4788.59,5313.1793
2025-08-24 04:00:00+00:00,4788.59,4800.01,4779.52,4789.29,6056.9387
2025-08-24 04:15:00+00:00,4789.29,4791.84,4778.4,4778.5,1896.2711
2025-08-24 04:30:00+00:00,4778.51,4789.99,4777.0,4782.33,3243.5353
2025-08-24 04:45:00+00:00,4782.33,4793.5,4779.31,4793.5,2315.152
2025-08-24 05:00:00+00:00,4793.49,4794.0,4784.5,4788.41,2599.3104
2025-08-24 05:15:00+00:00,4788.42,4794.0,4786.82,4791.58,2302.9411
2025-08-24 05:30:00+00:00,4791.58,4791.64,4780.21,4788.23,3232.3205
2025-08-24 05:45:00+00:00,4788.24,4789.35,4781.03,4783.86,2294.7548
2025-08-24 06:00:00+00:00,4783.86,4787.28,4779.54,4781.57,1813.9079
2025-08-24 06:15:00+00:00,4781.57,4783.14,4768.38,4778.02,3295.4351
2025-08-24 06:30:00+00:00,4778.02,4778.48,4763.24,4771.67,2304.5738
2025-08-24 06:45:00+00:00,4771.66,4771.67,4757.3,4760.72,2349.5701
2025-08-24 07:00:00+00:00,4760.71,4770.79,4760.16,4770.61,3031.0155
2025-08-24 07:15:00+00:00,4770.6,4783.26,4758.55,4779.84,4217.339
2025-08-24 07:30:00+00:00,4779.85,4784.42,4767.01,4767.02,1428.1885
2025-08-24 07:45:00+00:00,4767.01,4771.57,4758.66,4758.7,2589.5236
2025-08-24 08:00:00+00:00,4758.7,4775.42,4745.0,4771.38,5863.0187
2025-08-24 08:15:00+00:00,4771.38,4776.96,4763.5,4773.11,3091.6876
2025-08-24 08:30:00+00:00,4773.11,4776.98,4768.89,4776.11,2647.8074
2025-08-24 08:45:00+00:00,4776.1,4779.5,4774.59,4777.26,1770.5819
2025-08-24 09:00:00+00:00,4777.26,4780.16,4762.22,4765.12,3334.2616
2025-08-24 09:15:00+00:00,4765.13,4775.69,4765.13,4775.69,1670.2521
2025-08-24 09:30:00+00:00,4775.68,4786.5,4772.57,4785.43,2086.9555
2025-08-24 09:45:00+00:00,4785.43,4785.49,4772.64,4772.64,2499.4957
2025-08-24 10:00:00+00:00,4772.64,4775.55,4765.7,4765.86,1830.181
2025-08-24 10:15:00+00:00,4765.85,4768.15,4747.06,4750.05,5108.4384
2025-08-24 10:30:00+00:00,4750.05,4750.72,4733.88,4748.87,7260.0138
2025-08-24 10:45:00+00:00,4748.87,4754.93,4736.58,4740.01,2831.9047
2025-08-24 11:00:00+00:00,4740.01,4747.01,4728.52,4734.1,6525.1882
2025-08-24 11:15:00+00:00,4734.1,4738.15,4720.0,4738.14,7476.0649
2025-08-24 11:30:00+00:00,4738.15,4746.66,4737.44,4739.2,2131.9936
2025-08-24 11:45:00+00:00,4739.21,4750.67,4733.04,4747.73,3132.0493
2025-08-24 12:00:00+00:00,4747.73,4755.3,4741.5,4748.88,2591.4987
2025-08-24 12:15:00+00:00,4748.88,4757.19,4741.5,4745.89,3970.3945
2025-08-24 12:30:00+00:00,4745.88,4752.45,4738.67,4750.66,2778.8745
2025-08-24 12:45:00+00:00,4750.66,4756.47,4747.3,4755.0,4361.8716
2025-08-24 13:00:00+00:00,4754.99,4770.72,4753.57,4767.21,10138.4257
2025-08-24 13:15:00+00:00,4767.21,4786.19,4766.73,4773.3,14084.2817
2025-08-24 13:30:00+00:00,4773.31,4780.0,4759.98,4763.02,11638.9222
2025-08-24 13:45:00+00:00,4763.02,4773.7,4759.99,4769.04,6879.2851
2025-08-24 14:00:00+00:00,4769.04,4773.83,4760.0,4769.81,7382.9542
2025-08-24 14:15:00+00:00,4769.8,4791.41,4769.15,4780.49,8176.2259
2025-08-24 14:30:00+00:00,4780.48,4783.7,4774.88,4779.13,4279.3162
2025-08-24 14:45:00+00:00,4779.13,4799.48,4779.12,4795.0,8344.7697
2025-08-24 15:00:00+00:00,4795.0,4826.11,4785.31,4809.31,13687.9194
2025-08-24 15:15:00+00:00,4809.31,4829.74,4803.59,4816.5,9518.2306
2025-08-24 15:30:00+00:00,4816.5,4826.5,4804.43,4813.69,9599.7559
2025-08-24 15:45:00+00:00,4813.7,4813.7,4795.59,4798.32,5564.254
2025-08-24 16:00:00+00:00,4798.31,4823.02,4795.42,4816.72,9547.4306
2025-08-24 16:15:00+00:00,4816.72,4828.96,4811.76,4818.29,10109.0905
2025-08-24 16:30:00+00:00,4818.29,4837.77,4810.01,4824.02,8879.1311
2025-08-24 16:45:00+00:00,4824.02,4833.57,4820.09,4821.81,5967.6649
2025-08-24 17:00:00+00:00,4821.8,4874.58,4821.42,4872.17,16224.0482
2025-08-24 17:15:00+00:00,4872.16,4878.0,4853.22,4859.18,15893.9902
2025-08-24 17:30:00+00:00,4859.17,4937.04,4854.08,4929.89,34213.38344
2025-08-24 17:45:00+00:00,4929.88,4929.88,4889.98,4905.57,13841.6009
2025-08-24 18:00:00+00:00,4905.56,4928.2,4897.31,4922.01,11161.0486
2025-08-24 18:15:00+00:00,4922.0,4956.63,4918.17,4942.98,18769.16878
2025-08-24 18:30:00+00:00,4942.98,4956.63,4926.95,4930.97,14928.5347
2025-08-24 18:45:00+00:00,4930.97,4948.34,4919.68,4935.0,10101.5588
2025-08-24 19:00:00+00:00,4935.01,4956.78,4933.35,4941.14,10553.3776
2025-08-24 19:15:00+00:00,4941.14,4955.99,4933.85,4937.95,7939.7452
2025-08-24 19:30:00+00:00,4937.94,4939.33,4744.2,4850.78,76896.6276
2025-08-24 19:45:00+00:00,4850.78,4851.54,4753.32,4813.04,40224.3393
2025-08-24 20:00:00+00:00,4813.01,4816.65,4711.0,4740.62,46538.0035
2025-08-24 20:15:00+00:00,4740.66,4815.01,4734.71,4795.25,24821.1812
2025-08-24 20:30:00+00:00,4795.25,4811.82,4781.01,4810.8,10538.6239
2025-08-24 20:45:00+00:00,4810.8,4810.97,4781.75,4786.72,8920.6018
2025-08-24 21:00:00+00:00,4786.72,4794.74,4753.92,4781.93,12726.661
2025-08-24 21:15:00+00:00,4781.92,4799.61,4779.19,4793.01,4471.8502
2025-08-24 21:30:00+00:00,4793.02,4824.31,4791.32,4797.58,7744.1678
2025-08-24 21:45:00+00:00,4797.58,4811.95,4772.73,4785.0,6649.8654
2025-08-24 22:00:00+00:00,4785.0,4792.76,4760.0,4777.01,7945.2797
2025-08-24 22:15:00+00:00,4777.01,4777.01,4729.24,4729.45,10532.2635
2025-08-24 22:30:00+00:00,4729.44,4756.65,4723.71,4753.31,6147.4221
2025-08-24 22:45:00+00:00,4753.32,4782.03,4743.36,4781.32,4462.9175
2025-08-24 23:00:00+00:00,4781.33,4803.94,4773.02,4792.95,11990.7301
2025-08-24 23:15:00+00:00,4792.94,4803.61,4789.13,4795.96,3842.5263
2025-08-24 23:30:00+00:00,4795.96,4797.26,4780.1,4796.64,2881.797
2025-08-24 23:45:00+00:00,4796.64,4804.93,4771.82,4780.15,3985.7845
2025-08-25 00:00:00+00:00,4780.15,4797.97,4775.18,4788.94,3456.9563
2025-08-25 00:15:00+00:00,4788.95,4796.02,4760.0,4761.95,5774.1736
2025-08-25 00:30:00+00:00,4761.96,4762.38,4670.0,4694.5,30129.4282
2025-08-25 00:45:00+00:00,4694.5,4709.53,4679.59,4701.04,10711.1628
2025-08-25 01:00:00+00:00,4701.04,4722.75,4700.18,4720.14,5765.3915
2025-08-25 01:15:00+00:00,4720.15,4746.42,4702.83,4739.18,7942.441
2025-08-25 01:30:00+00:00,4739.19,4739.42,4715.28,4715.82,3730.4054
2025-08-25 01:45:00+00:00,4715.82,4737.02,4715.82,4732.08,2696.2788
2025-08-25 02:00:00+00:00,4732.07,4756.11,4727.82,4754.63,5026.6039
2025-08-25 02:15:00+00:00,4754.64,4775.44,4750.0,4763.09,6916.6978
2025-08-25 02:30:00+00:00,4763.09,4768.9,4754.43,4758.36,4647.6809
2025-08-25 02:45:00+00:00,4758.35,4776.28,4756.18,4764.33,5490.6058
2025-08-25 03:00:00+00:00,4764.33,4774.4,4749.24,4753.28,5709.5222
2025-08-25 03:15:00+00:00,4753.29,4760.08,4737.64,4741.09,3712.9104
2025-08-25 03:30:00+00:00,4741.1,4755.05,4730.0,4749.17,3712.5716
2025-08-25 03:45:00+00:00,4749.18,4757.3,4720.62,4727.41,6452.9828
2025-08-25 04:00:00+00:00,4727.41,4740.01,4709.04,4709.05,5251.8355
2025-08-25 04:15:00+00:00,4709.05,4729.21,4709.05,4712.83,9805.5852
2025-08-25 04:30:00+00:00,4712.84,4716.83,4693.3,4709.67,11154.7528
2025-08-25 04:45:00+00:00,4709.66,4723.79,4705.99,4718.23,5655.7795
2025-08-25 05:00:00+00:00,4718.23,4726.79,4701.21,4706.97,5468.624
2025-08-25 05:15:00+00:00,4706.97,4727.83,4703.4,4726.02,6431.5459
2025-08-25 05:30:00+00:00,4726.07,4730.5,4709.51,4721.34,4158.4215
2025-08-25 05:45:00+00:00,4721.35,4727.83,4705.0,4705.22,5423.5634
2025-08-25 06:00:00+00:00,4705.22,4708.9,4683.1,4688.67,10056.6086
2025-08-25 06:15:00+00:00,4688.7,4694.18,4656.48,4677.45,13596.7887
2025-08-25 06:30:00+00:00,4677.46,4680.41,4652.0,4653.53,12872.6047
2025-08-25 06:45:00+00:00,4653.53,4653.82,4616.75,4630.88,21995.6859
2025-08-25 07:00:00+00:00,4630.89,4654.59,4623.74,4642.24,10427.0664
2025-08-25 07:15:00+00:00,4642.24,4647.96,4623.0,4623.01,4708.4138
2025-08-25 07:30:00+00:00,4623.01,4633.94,4602.66,4625.44,15081.3312
2025-08-25 07:45:00+00:00,4625.45,4626.66,4581.55,4591.36,19636.5105
2025-08-25 08:00:00+00:00,4591.37,4599.86,4555.01,4591.02,29716.5083
2025-08-25 08:15:00+00:00,4591.02,4611.34,4589.75,4602.54,9426.9093
2025-08-25 08:30:00+00:00,4602.54,4615.05,4591.08,4599.65,8666.4124
2025-08-25 08:45:00+00:00,4599.65,4613.0,4596.34,4599.82,4159.4461
2025-08-25 09:00:00+00:00,4599.81,4603.62,4571.0,4592.61,8797.4073
2025-08-25 09:15:00+00:00,4592.6,4608.0,4584.65,4585.38,5260.1604
2025-08-25 09:30:00+00:00,4585.38,4610.59,4581.58,4605.46,5281.4763
2025-08-25 09:45:00+00:00,4605.45,4614.3,4599.29,4613.31,3894.2537
2025-08-25 10:00:00+00:00,4613.3,4613.3,4592.46,4602.96,6898.7361
2025-08-25 10:15:00+00:00,4602.96,4604.61,4531.6,4553.13,21229.0712
2025-08-25 10:30:00+00:00,4553.14,4556.09,4519.96,4543.28,17583.4041
2025-08-25 10:45:00+00:00,4543.27,4561.01,4535.16,4544.21,10830.3887
2025-08-25 11:00:00+00:00,4544.21,4559.54,4543.74,4557.83,8153.9762
2025-08-25 11:15:00+00:00,4557.84,4577.0,4553.37,4568.51,10099.3678
2025-08-25 11:30:00+00:00,4568.52,4599.0,4568.52,4586.39,10723.8173
2025-08-25 11:45:00+00:00,4586.06,4600.93,4585.62,4600.08,7376.3534
2025-08-25 12:00:00+00:00,4600.08,4613.37,4585.56,4606.97,14298.7754
2025-08-25 12:15:00+00:00,4606.97,4623.97,4600.26,4622.35,10170.4436
2025-08-25 12:30:00+00:00,4622.35,4637.01,4602.98,4635.37,12762.7992
2025-08-25 12:45:00+00:00,4635.37,4650.0,4626.54,4647.49,9816.0736
2025-08-25 13:00:00+00:00,4647.48,4651.03,4634.15,4637.75,10501.374
2025-08-25 13:15:00+00:00,4637.74,4663.16,4622.22,4654.23,18410.9479
2025-08-25 13:30:00+00:00,4654.24,4658.88,4615.0,4625.08,17307.7702
2025-08-25 13:45:00+00:00,4625.07,4645.71,4592.1,4630.29,17300.7686
2025-08-25 14:00:00+00:00,4630.28,4677.0,4620.18,4664.72,18856.795
2025-08-25 14:15:00+00:00,4664.72,4690.02,4647.2,4649.04,19924.9349
2025-08-25 14:30:00+00:00,4649.05,4670.0,4635.0,4642.65,11088.887
2025-08-25 14:45:00+00:00,4642.65,4663.42,4641.13,4659.82,7188.7245
2025-08-25 15:00:00+00:00,4659.81,4668.91,4627.36,4634.67,8191.2008
2025-08-25 15:15:00+00:00,4634.68,4648.0,4625.73,4631.67,15424.2707
2025-08-25 15:30:00+00:00,4631.68,4639.08,4613.59,4628.94,8759.4467
2025-08-25 15:45:00+00:00,4628.93,4628.93,4606.06,4612.57,5752.1854
2025-08-25 16:00:00+00:00,4612.58,4634.46,4590.68,4632.32,19628.4385
2025-08-25 16:15:00+00:00,4632.32,4645.54,4619.23,4619.53,8297.7011
2025-08-25 16:30:00+00:00,4619.52,4633.93,4609.9,4622.52,3837.0444
2025-08-25 16:45:00+00:00,4622.51,4627.37,4596.25,4596.26,8709.2782
2025-08-25 17:00:00+00:00,4596.26,4600.74,4567.54,4583.14,10481.8646
2025-08-25 17:15:00+00:00,4583.15,4599.01,4565.44,4592.35,6044.3884
2025-08-25 17:30:00+00:00,4592.35,4599.4,4574.67,4579.68,4438.5494
2025-08-25 17:45:00+00:00,4579.68,4599.06,4572.42,4586.81,3248.2474
2025-08-25 18:00:00+00:00,4586.81,4597.0,4574.17,4593.18,2656.5943
2025-08-25 18:15:00+00:00,4593.18,4595.35,4580.0,4584.96,2920.1128
2025-08-25 18:30:00+00:00,4584.97,4587.42,4569.49,4575.36,4466.4119
2025-08-25 18:45:00+00:00,4575.36,4580.62,4570.91,4574.59,2653.6408
2025-08-25 19:00:00+00:00,4574.6,4578.18,4555.84,4557.71,7550.288
2025-08-25 19:15:00+00:00,4557.7,4557.99,4507.0,4524.16,22683.8206
2025-08-25 19:30:00+00:00,4524.17,4524.17,4453.0,4467.45,22017.8968
2025-08-25 19:45:00+00:00,4467.45,4478.95,4416.0,4420.34,16594.4449
2025-08-25 20:00:00+00:00,4420.34,4446.19,4379.8,4400.0,30242.5823
2025-08-25 20:15:00+00:00,4400.01,4423.52,4386.51,4407.72,14119.0982
2025-08-25 20:30:00+00:00,4407.73,4409.96,4334.13,4372.77,31892.0266
2025-08-25 20:45:00+00:00,4372.77,4386.22,4338.93,4352.13,18553.1437
2025-08-25 21:00:00+00:00,4352.13,4378.62,4338.87,4352.22,21328.7085
2025-08-25 21:15:00+00:00,4352.22,4381.2,4351.72,4357.07,15231.7443
2025-08-25 21:30:00+00:00,4357.06,4385.71,4343.54,4362.01,17639.2373
2025-08-25 21:45:00+00:00,4362.01,4386.85,4348.84,4350.81,12358.2656
2025-08-25 22:00:00+00:00,4350.81,4372.52,4350.81,4365.05,9929.4629
2025-08-25 22:15:00+00:00,4365.05,4392.74,4355.22,4391.17,12626.2616
2025-08-25 22:30:00+00:00,4391.17,4416.94,4386.84,4415.72,13945.7477
2025-08-25 22:45:00+00:00,4415.72,4415.73,4384.61,4392.28,10104.9135
2025-08-25 23:00:00+00:00,4392.28,4392.29,4365.31,4374.58,13820.4777
2025-08-25 23:15:00+00:00,4374.58,4385.3,4353.56,4365.02,10857.2377
2025-08-25 23:30:00+00:00,4365.01,4384.5,4361.0,4384.5,6237.7725
2025-08-25 23:45:00+00:00,4384.5,4390.73,4371.09,4376.18,11347.747
2025-08-26 00:00:00+00:00,4376.17,4383.59,4345.28,4364.32,16165.9383
2025-08-26 00:15:00+00:00,4364.32,4386.11,4360.48,4380.74,9675.7779
2025-08-26 00:30:00+00:00,4380.73,4394.69,4347.99,4348.7,14747.5032
2025-08-26 00:45:00+00:00,4348.7,4372.26,4320.46,4331.63,17860.758
2025-08-26 01:00:00+00:00,4331.62,4366.39,4311.04,4350.81,16066.5667
2025-08-26 01:15:00+00:00,4350.82,4387.82,4344.81,4387.27,9606.6179
2025-08-26 01:30:00+00:00,4387.27,4397.39,4373.34,4390.73,8369.0972
2025-08-26 01:45:00+00:00,4390.72,4422.9,4389.46,4421.52,12870.0377
2025-08-26 02:00:00+00:00,4421.52,4451.72,4416.26,4444.05,11897.2254
2025-08-26 02:15:00+00:00,4444.04,4446.11,4409.48,4422.58,11488.76
2025-08-26 02:30:00+00:00,4422.57,4426.27,4397.02,4404.73,18319.8229
2025-08-26 02:45:00+00:00,4404.74,4417.92,4388.83,4396.53,8144.1199
2025-08-26 03:00:00+00:00,4396.52,4398.88,4383.09,4383.73,4136.8813
2025-08-26 03:15:00+00:00,4383.73,4406.58,4373.19,4391.58,6648.9515
2025-08-26 03:30:00+00:00,4391.58,4409.29,4390.71,4408.43,3577.0163
2025-08-26 03:45:00+00:00,4408.43,4408.65,4395.64,4402.58,2842.3125
2025-08-26 04:00:00+00:00,4402.58,4435.5,4402.58,4432.92,5738.9648
2025-08-26 04:15:00+00:00,4432.91,4445.07,4418.79,4425.34,8547.1025
2025-08-26 04:30:00+00:00,4425.37,4441.88,4425.37,4429.72,5986.4371
2025-08-26 04:45:00+00:00,4429.73,4442.7,4423.61,4434.36,4499.1381
2025-08-26 05:00:00+00:00,4434.37,4448.3,4432.79,4445.74,5380.1239
2025-08-26 05:15:00+00:00,4445.73,4446.86,4425.01,4428.36,5032.6494
2025-08-26 05:30:00+00:00,4428.37,4445.93,4421.48,4444.01,5077.9695
2025-08-26 05:45:00+00:00,4444.01,4445.02,4430.22,4430.5,3197.6703
2025-08-26 06:00:00+00:00,4430.49,4441.7,4419.48,4435.1,4814.4043
2025-08-26 06:15:00+00:00,4435.11,4439.44,4406.67,4421.32,7478.7282
2025-08-26 06:30:00+00:00,4421.33,4433.44,4414.89,4419.34,3721.1776
2025-08-26 06:45:00+00:00,4419.34,4426.19,4406.09,4414.71,4694.9374
2025-08-26 07:00:00+00:00,4414.7,4425.91,4404.45,4409.51,4933.8261
2025-08-26 07:15:00+00:00,4409.51,4416.81,4393.86,4406.6,6916.9216
2025-08-26 07:30:00+00:00,4406.6,4454.0,4403.08,4427.23,11474.4168
2025-08-26 07:45:00+00:00,4427.24,4433.44,4419.48,4429.7,6115.6471
2025-08-26 08:00:00+00:00,4429.7,4437.49,4422.0,4434.77,4299.8146
2025-08-26 08:15:00+00:00,4434.71,4447.18,4408.94,4411.95,8245.9196
2025-08-26 08:30:00+00:00,4411.93,4418.29,4405.09,4418.28,4756.2641
2025-08-26 08:45:00+00:00,4418.29,4430.53,4413.85,4419.87,4311.0935
2025-08-26 09:00:00+00:00,4419.87,4429.67,4413.88,4424.53,3923.5914
2025-08-26 09:15:00+00:00,4424.52,4442.02,4424.52,4437.41,4439.9355
2025-08-26 09:30:00+00:00,4437.42,4437.91,4408.33,4410.35,4294.2906
2025-08-26 09:45:00+00:00,4410.35,4420.56,4409.02,4419.93,4550.1754
2025-08-26 10:00:00+00:00,4419.93,4431.67,4419.93,4431.1,3800.4749
2025-08-26 10:15:00+00:00,4431.11,4434.2,4418.49,4422.41,3123.7465
2025-08-26 10:30:00+00:00,4422.4,4445.01,4422.4,4444.62,6938.742
2025-08-26 10:45:00+00:00,4444.61,4450.56,4432.23,4441.22,6034.4517
2025-08-26 11:00:00+00:00,4441.22,4465.86,4435.87,4444.59,10123.206
2025-08-26 11:15:00+00:00,4444.59,4444.59,4415.42,4421.25,4949.9197
2025-08-26 11:30:00+00:00,4421.26,4421.53,4408.02,4417.05,4550.9367
2025-08-26 11:45:00+00:00,4417.04,4427.25,4410.0,4427.24,2701.8373
2025-08-26 12:00:00+00:00,4427.24,4428.1,4405.84,4410.59,9431.7034
2025-08-26 12:15:00+00:00,4410.59,4423.06,4408.36,4418.97,3060.713
2025-08-26 12:30:00+00:00,4418.96,4555.0,4418.93,4510.12,35536.7855
2025-08-26 12:45:00+00:00,4510.11,4537.33,4457.78,4497.24,25536.9012
2025-08-26 13:00:00+00:00,4497.25,4497.85,4472.51,4479.77,8634.2297
2025-08-26 13:15:00+00:00,4479.84,4493.42,4473.16,4481.97,7499.8025
2025-08-26 13:30:00+00:00,4481.97,4519.93,4473.27,4484.37,15765.2709
2025-08-26 13:45:00+00:00,4484.4,4492.64,4435.95,4480.28,19166.7479
2025-08-26 14:00:00+00:00,4480.27,4487.64,4452.6,4467.23,11082.3797
2025-08-26 14:15:00+00:00,4467.22,4512.48,4460.82,4501.05,12243.814
2025-08-26 14:30:00+00:00,4501.05,4531.19,4500.29,4530.51,11715.2156
2025-08-26 14:45:00+00:00,4530.52,4560.53,4518.79,4553.12,16291.3819
2025-08-26 15:00:00+00:00,4553.12,4579.0,4542.98,4543.56,19463.3782
2025-08-26 15:15:00+00:00,4543.56,4568.47,4536.13,4537.57,9679.3867
2025-08-26 15:30:00+00:00,4537.57,4537.57,4505.91,4507.75,14135.0377
2025-08-26 15:45:00+00:00,4507.76,4526.22,4505.99,4519.02,8572.6839
2025-08-26 16:00:00+00:00,4519.03,4532.64,4498.58,4500.59,12448.8654
2025-08-26 16:15:00+00:00,4500.6,4520.54,4500.6,4518.92,7755.8853
2025-08-26 16:30:00+00:00,4518.92,4529.78,4510.5,4525.43,10038.4146
2025-08-26 16:45:00+00:00,4525.42,4556.29,4524.08,4554.48,13893.9892
2025-08-26 17:00:00+00:00,4554.47,4558.87,4523.85,4535.11,12058.7699
2025-08-26 17:15:00+00:00,4535.11,4551.72,4530.82,4542.96,14343.1643
2025-08-26 17:30:00+00:00,4543.14,4549.94,4512.44,4516.99,12593.7431
2025-08-26 17:45:00+00:00,4517.0,4522.53,4505.15,4522.51,16412.7035
2025-08-26 18:00:00+00:00,4522.51,4540.0,4521.25,4530.09,7571.3958
2025-08-26 18:15:00+00:00,4530.09,4552.64,4527.0,4548.82,5592.3052
2025-08-26 18:30:00+00:00,4548.82,4564.84,4538.84,4549.2,7056.9033
2025-08-26 18:45:00+00:00,4549.21,4553.99,4542.66,4548.02,3451.6399
2025-08-26 19:00:00+00:00,4548.03,4548.5,4527.08,4546.46,6125.6187
2025-08-26 19:15:00+00:00,4546.46,4574.65,4540.89,4568.67,9989.8914
2025-08-26 19:30:00+00:00,4568.66,4577.13,4553.79,4554.82,7067.9853
2025-08-26 19:45:00+00:00,4554.83,4598.28,4554.83,4596.7,23630.1788
2025-08-26 20:00:00+00:00,4596.69,4609.83,4581.92,4607.74,11896.101
2025-08-26 20:15:00+00:00,4607.73,4611.61,4598.3,4602.46,9394.1623
2025-08-26 20:30:00+00:00,4602.47,4602.47,4577.67,4578.69,7764.2445
2025-08-26 20:45:00+00:00,4578.68,4595.21,4570.0,4585.4,5836.9149
2025-08-26 21:00:00+00:00,4585.39,4588.58,4563.21,4568.88,5757.4245
2025-08-26 21:15:00+00:00,4568.88,4583.82,4568.88,4572.5,4662.8684
2025-08-26 21:30:00+00:00,4572.5,4596.08,4572.49,4582.87,4664.5418
2025-08-26 21:45:00+00:00,4582.87,4607.66,4579.07,4605.07,4025.0096
2025-08-26 22:00:00+00:00,4605.07,4609.7,4588.8,4600.46,3308.6983
2025-08-26 22:15:00+00:00,4600.45,4608.99,4577.71,4584.0,3621.4484
2025-08-26 22:30:00+00:00,4583.99,4595.51,4577.52,4581.38,3169.9622
2025-08-26 22:45:00+00:00,4581.38,4602.0,4577.52,4601.38,3561.1932
2025-08-26 23:00:00+00:00,4601.37,4633.46,4596.51,4625.5,8914.0742
2025-08-26 23:15:00+00:00,4625.5,4625.51,4600.3,4602.0,5327.3183
2025-08-26 23:30:00+00:00,4601.99,4608.58,4589.8,4606.88,4418.0825
2025-08-26 23:45:00+00:00,4606.87,4606.88,4590.01,4600.63,3509.4462
2025-08-27 00:00:00+00:00,4600.63,4601.52,4585.24,4590.02,5069.3574
2025-08-27 00:15:00+00:00,4590.02,4601.33,4584.31,4590.36,5086.4368
2025-08-27 00:30:00+00:00,4590.37,4600.0,4584.0,4584.46,3473.9479
2025-08-27 00:45:00+00:00,4584.47,4586.5,4564.1,4570.17,7889.3471
2025-08-27 01:00:00+00:00,4570.14,4574.05,4556.91,4565.24,5496.5791
2025-08-27 01:15:00+00:00,4565.23,4566.52,4548.02,4549.66,4904.8223
2025-08-27 01:30:00+00:00,4549.67,4565.22,4538.69,4545.82,16405.4807
2025-08-27 01:45:00+00:00,4545.82,4564.54,4544.92,4562.82,4033.4554
2025-08-27 02:00:00+00:00,4562.83,4566.55,4546.31,4551.16,3179.4023
2025-08-27 02:15:00+00:00,4551.16,4587.65,4551.16,4572.28,5464.1376
2025-08-27 02:30:00+00:00,4572.29,4588.4,4571.01,4582.82,3733.3947
2025-08-27 02:45:00+00:00,4582.82,4586.43,4574.3,4577.35,2375.2236
2025-08-27 03:00:00+00:00,4577.35,4584.68,4564.09,4565.84,2305.7188
2025-08-27 03:15:00+00:00,4565.83,4566.32,4546.74,4554.9,4026.2905
2025-08-27 03:30:00+00:00,4554.9,4579.48,4554.89,4570.84,4525.1997
2025-08-27 03:45:00+00:00,4570.84,4626.82,4570.83,4603.55,25672.9036
2025-08-27 04:00:00+00:00,4603.56,4643.0,4598.02,4627.99,12441.2747
2025-08-27 04:15:00+00:00,4627.98,4636.81,4610.22,4611.55,5540.237
2025-08-27 04:30:00+00:00,4611.55,4631.25,4608.01,4626.05,4840.9173
2025-08-27 04:45:00+00:00,4626.06,4636.2,4625.76,4628.97,3416.5457
2025-08-27 05:00:00+00:00,4628.98,4641.93,4616.0,4637.88,6287.5861
2025-08-27 05:15:00+00:00,4637.88,4645.93,4619.55,4624.29,14937.0499
2025-08-27 05:30:00+00:00,4624.28,4629.0,4610.52,4622.1,6817.0721
2025-08-27 05:45:00+00:00,4622.11,4622.11,4610.52,4614.48,2961.3928
2025-08-27 06:00:00+00:00,4614.49,4614.65,4593.3,4602.13,5724.0141
2025-08-27 06:15:00+00:00,4602.13,4607.31,4590.0,4601.21,4265.7437
2025-08-27 06:30:00+00:00,4601.2,4608.99,4595.0,4596.15,2295.9028
2025-08-27 06:45:00+00:00,4596.15,4596.69,4583.73,4586.91,3514.1308
2025-08-27 07:00:00+00:00,4586.92,4592.64,4578.0,4586.48,4926.0661
2025-08-27 07:15:00+00:00,4586.48,4586.79,4566.35,4571.92,4350.0439
2025-08-27 07:30:00+00:00,4571.92,4580.68,4566.35,4568.3,4856.6329
2025-08-27 07:45:00+00:00,4568.29,4585.32,4560.22,4580.45,13793.1921
2025-08-27 08:00:00+00:00,4580.46,4589.22,4569.6,4569.75,11681.7283
2025-08-27 08:15:00+00:00,4569.76,4572.18,4550.01,4562.27,5256.932
2025-08-27 08:30:00+00:00,4562.24,4574.99,4561.39,4570.41,5320.0701
2025-08-27 08:45:00+00:00,4570.42,4597.93,4560.16,4595.23,4710.6547
2025-08-27 09:00:00+00:00,4595.22,4606.73,4589.74,4596.34,5818.0239
2025-08-27 09:15:00+00:00,4596.34,4619.68,4595.5,4611.68,4740.2533
2025-08-27 09:30:00+00:00,4611.68,4618.05,4598.92,4600.52,4572.7161
2025-08-27 09:45:00+00:00,4600.53,4603.34,4587.29,4588.31,4123.7699
2025-08-27 10:00:00+00:00,4588.32,4607.27,4584.76,4607.26,3522.0554
2025-08-27 10:15:00+00:00,4607.27,4613.28,4587.27,4595.16,4328.3591
2025-08-27 10:30:00+00:00,4595.16,4600.8,4570.67,4578.82,5236.6479
2025-08-27 10:45:00+00:00,4578.82,4589.83,4577.52,4581.37,2023.0626
2025-08-27 11:00:00+00:00,4581.37,4596.47,4581.37,4596.41,2045.3288
2025-08-27 11:15:00+00:00,4596.4,4602.45,4590.0,4591.48,2029.2553
2025-08-27 11:30:00+00:00,4591.48,4604.19,4591.48,4600.0,3223.1938
2025-08-27 11:45:00+00:00,4599.99,4615.29,4599.93,4608.87,3412.161
2025-08-27 12:00:00+00:00,4608.87,4625.11,4593.21,4611.89,8572.8695
2025-08-27 12:15:00+00:00,4611.9,4617.18,4590.0,4590.2,3646.386
2025-08-27 12:30:00+00:00,4590.21,4594.37,4578.11,4584.12,4642.3263
2025-08-27 12:45:00+00:00,4584.13,4618.24,4581.59,4614.66,3880.54
2025-08-27 13:00:00+00:00,4614.66,4615.55,4589.0,4595.42,5571.1886
2025-08-27 13:15:00+00:00,4595.43,4610.71,4590.01,4606.68,3298.2843
2025-08-27 13:30:00+00:00,4606.68,4658.5,4575.17,4626.5,26597.9614
2025-08-27 13:45:00+00:00,4626.51,4634.53,4591.8,4595.41,15107.9033
2025-08-27 14:00:00+00:00,4595.43,4612.24,4583.89,4605.36,5342.0864
2025-08-27 14:15:00+00:00,4605.37,4634.03,4594.79,4632.63,6993.8977
2025-08-27 14:30:00+00:00,4632.63,4663.93,4629.26,4629.26,13574.1724
2025-08-27 14:45:00+00:00,4629.26,4632.38,4605.46,4613.38,10638.5799
2025-08-27 15:00:00+00:00,4613.38,4644.01,4608.81,4640.95,5239.7353
2025-08-27 15:15:00+00:00,4640.95,4648.72,4623.08,4637.91,7567.1366
2025-08-27 15:30:00+00:00,4637.9,4646.19,4627.7,4641.83,6210.743
2025-08-27 15:45:00+00:00,4641.84,4659.94,4639.13,4657.57,5599.5406
2025-08-27 16:00:00+00:00,4657.58,4658.0,4631.03,4638.67,5817.9543
2025-08-27 16:15:00+00:00,4638.67,4654.48,4616.91,4627.9,7186.9097
2025-08-27 16:30:00+00:00,4627.9,4628.16,4605.92,4621.62,5008.6066
2025-08-27 16:45:00+00:00,4621.6,4638.44,4617.9,4630.91,4179.0136
2025-08-27 17:00:00+00:00,4630.91,4632.0,4615.5,4618.02,4299.9022
2025-08-27 17:15:00+00:00,4618.01,4634.82,4610.09,4629.78,3665.3691
2025-08-27 17:30:00+00:00,4629.78,4637.7,4623.86,4634.7,2674.1655
2025-08-27 17:45:00+00:00,4634.69,4645.4,4631.24,4631.83,3065.6665
2025-08-27 18:00:00+00:00,4631.83,4643.53,4627.45,4640.28,2834.0308
2025-08-27 18:15:00+00:00,4640.28,4641.9,4619.0,4621.91,3729.9722
2025-08-27 18:30:00+00:00,4621.91,4622.45,4610.09,4611.46,3235.8279
2025-08-27 18:45:00+00:00,4611.47,4627.11,4589.09,4591.73,5072.1092
2025-08-27 19:00:00+00:00,4591.73,4599.78,4535.01,4545.37,15887.2718
2025-08-27 19:15:00+00:00,4545.37,4567.4,4540.88,4557.29,5729.7571
2025-08-27 19:30:00+00:00,4557.29,4580.0,4555.86,4575.21,4194.6832
2025-08-27 19:45:00+00:00,4575.21,4576.06,4561.24,4565.7,4415.6476
2025-08-27 20:00:00+00:00,4565.7,4567.14,4523.72,4561.47,9760.978
2025-08-27 20:15:00+00:00,4561.47,4614.0,4511.42,4587.5,27859.7547
2025-08-27 20:30:00+00:00,4587.5,4604.79,4574.0,4594.01,8480.6267
2025-08-27 20:45:00+00:00,4594.0,4597.46,4574.66,4594.7,3674.1439
2025-08-27 21:00:00+00:00,4594.7,4596.59,4573.03,4577.66,6270.5737
2025-08-27 21:15:00+00:00,4577.65,4577.65,4547.26,4558.92,5743.89
2025-08-27 21:30:00+00:00,4558.91,4570.38,4530.88,4542.55,4056.4535
2025-08-27 21:45:00+00:00,4542.56,4549.87,4514.15,4527.72,9137.252
2025-08-27 22:00:00+00:00,4527.7,4527.7,4481.53,4500.16,14598.474
2025-08-27 22:15:00+00:00,4500.17,4514.67,4498.82,4506.83,4516.3998
2025-08-27 22:30:00+00:00,4506.82,4536.59,4503.78,4536.11,5100.9232
2025-08-27 22:45:00+00:00,4536.1,4537.18,4519.99,4523.86,2833.1916
2025-08-27 23:00:00+00:00,4523.86,4539.36,4519.24,4524.07,2371.3781
2025-08-27 23:15:00+00:00,4524.06,4530.61,4504.25,4518.34,4281.7064
2025-08-27 23:30:00+00:00,4518.35,4523.64,4492.05,4494.9,3911.8301
2025-08-27 23:45:00+00:00,4494.9,4507.77,4490.58,4506.71,3937.8351
2025-08-28 00:00:00+00:00,4506.71,4519.79,4498.03,4517.94,5553.276
2025-08-28 00:15:00+00:00,4517.93,4521.96,4476.43,4497.71,6961.6714
2025-08-28 00:30:00+00:00,4497.71,4498.2,4467.63,4494.28,7442.1831
2025-08-28 00:45:00+00:00,4494.27,4507.45,4476.04,4493.67,4719.4281
2025-08-28 01:00:00+00:00,4493.67,4510.18,4493.67,4505.0,3672.4503
2025-08-28 01:15:00+00:00,4505.0,4513.38,4496.71,4500.19,5000.5961
2025-08-28 01:30:00+00:00,4500.19,4519.48,4500.19,4511.33,3691.491
2025-08-28 01:45:00+00:00,4511.33,4523.46,4506.45,4516.46,2631.1272
2025-08-28 02:00:00+00:00,4516.46,4527.82,4512.38,4512.39,4143.5941
2025-08-28 02:15:00+00:00,4512.38,4523.78,4506.89,4521.34,2474.2513
2025-08-28 02:30:00+00:00,4521.33,4527.0,4511.82,4514.94,2628.261
2025-08-28 02:45:00+00:00,4514.95,4518.96,4509.87,4512.24,2727.5865
2025-08-28 03:00:00+00:00,4512.25,4537.01,4506.59,4532.48,5810.7337
2025-08-28 03:15:00+00:00,4532.48,4540.0,4528.66,4538.34,3397.0273
2025-08-28 03:30:00+00:00,4538.34,4549.0,4537.66,4543.52,5483.1971
2025-08-28 03:45:00+00:00,4543.51,4548.68,4534.14,4541.63,3237.1179
2025-08-28 04:00:00+00:00,4541.62,4551.25,4534.99,4551.01,2278.6384
2025-08-28 04:15:00+00:00,4551.01,4556.83,4547.06,4553.46,3055.1583
2025-08-28 04:30:00+00:00,4553.47,4568.35,4550.84,4564.51,4010.6094
2025-08-28 04:45:00+00:00,4564.5,4580.47,4560.0,4571.1,6812.8152
2025-08-28 05:00:00+00:00,4571.1,4588.22,4568.18,4575.02,5433.0771
2025-08-28 05:15:00+00:00,4575.02,4581.5,4564.06,4566.07,4413.4616
2025-08-28 05:30:00+00:00,4566.07,4573.88,4560.0,4560.01,2415.457
2025-08-28 05:45:00+00:00,4560.01,4573.34,4553.4,4570.84,3563.8112
2025-08-28 06:00:00+00:00,4570.84,4575.65,4555.01,4559.2,2504.4123
2025-08-28 06:15:00+00:00,4559.19,4571.48,4555.71,4571.47,2876.2303
2025-08-28 06:30:00+00:00,4571.48,4582.02,4565.9,4579.39,3125.7776
2025-08-28 06:45:00+00:00,4579.39,4586.66,4573.53,4583.99,2565.4098
2025-08-28 07:00:00+00:00,4584.0,4587.09,4577.85,4580.08,3033.9758
2025-08-28 07:15:00+00:00,4580.09,4582.83,4566.25,4574.97,5104.3249
2025-08-28 07:30:00+00:00,4574.98,4576.66,4566.7,4575.77,2396.3727
2025-08-28 07:45:00+00:00,4575.78,4600.85,4575.46,4596.82,4075.2188
2025-08-28 08:00:00+00:00,4596.82,4633.97,4595.0,4619.23,16054.9026
2025-08-28 08:15:00+00:00,4619.22,4622.62,4600.42,4600.64,6737.469
2025-08-28 08:30:00+00:00,4600.64,4613.43,4597.81,4603.51,4747.3358
2025-08-28 08:45:00+00:00,4603.51,4607.28,4595.22,4604.34,3108.2844
2025-08-28 09:00:00+00:00,4604.33,4605.0,4591.19,4592.65,4628.7924
2025-08-28 09:15:00+00:00,4592.65,4599.36,4588.34,4598.59,4477.862
2025-08-28 09:30:00+00:00,4598.58,4598.59,4584.26,4588.77,3942.2937
2025-08-28 09:45:00+00:00,4588.77,4591.31,4581.28,4586.5,4262.229
2025-08-28 10:00:00+00:00,4586.49,4601.68,4581.98,4599.57,4059.8317
2025-08-28 10:15:00+00:00,4599.58,4603.99,4587.86,4603.9,2581.2409
2025-08-28 10:30:00+00:00,4603.91,4612.79,4602.2,4605.0,4087.5783
2025-08-28 10:45:00+00:00,4605.0,4610.0,4598.82,4610.0,3020.7147
2025-08-28 11:00:00+00:00,4610.0,4610.5,4588.68,4588.73,3393.5128
2025-08-28 11:15:00+00:00,4588.74,4599.85,4587.57,4598.71,1932.4148
2025-08-28 11:30:00+00:00,4598.7,4602.87,4590.0,4591.07,2519.7026
2025-08-28 11:45:00+00:00,4591.06,4595.0,4583.95,4594.8,2287.6561
2025-08-28 12:00:00+00:00,4594.79,4597.21,4586.53,4588.37,1937.7147
2025-08-28 12:15:00+00:00,4588.38,4592.3,4575.38,4584.67,3609.2258
2025-08-28 12:30:00+00:00,4584.68,4614.41,4581.25,4611.39,11124.8525
2025-08-28 12:45:00+00:00,4611.39,4614.44,4597.78,4599.87,6951.1043
2025-08-28 13:00:00+00:00,4599.87,4605.17,4594.67,4597.52,4164.5908
2025-08-28 13:15:00+00:00,4597.52,4616.02,4593.9,4598.57,11554.9153
2025-08-28 13:30:00+00:00,4598.56,4611.14,4583.87,4591.39,10391.6839
2025-08-28 13:45:00+00:00,4591.4,4593.59,4563.07,4575.17,14706.3246
2025-08-28 14:00:00+00:00,4575.21,4592.69,4566.55,4582.45,9216.9206
2025-08-28 14:15:00+00:00,4582.44,4591.32,4552.81,4555.14,10554.4522
2025-08-28 14:30:00+00:00,4555.15,4577.56,4544.48,4567.12,9517.2875
2025-08-28 14:45:00+00:00,4567.12,4583.0,4565.45,4567.63,4007.1171
2025-08-28 15:00:00+00:00,4567.63,4573.81,4546.61,4550.74,5326.7586
2025-08-28 15:15:00+00:00,4550.73,4564.06,4513.4,4516.46,16042.5478
2025-08-28 15:30:00+00:00,4516.5,4532.19,4516.04,4518.19,6909.3822
2025-08-28 15:45:00+00:00,4518.2,4518.61,4485.0,4504.01,15003.2967
2025-08-28 16:00:00+00:00,4504.01,4521.8,4499.78,4521.79,5529.8649
2025-08-28 16:15:00+00:00,4521.79,4530.5,4508.91,4522.78,6084.7728
2025-08-28 16:30:00+00:00,4522.78,4523.73,4510.0,4518.83,2551.9186
2025-08-28 16:45:00+00:00,4518.83,4519.63,4459.02,4465.11,13480.6476
2025-08-28 17:00:00+00:00,4465.12,4481.21,4463.98,4475.31,9562.3077
2025-08-28 17:15:00+00:00,4475.32,4491.3,4466.9,4489.37,7189.1035
2025-08-28 17:30:00+00:00,4489.37,4496.44,4472.04,4493.38,5127.9625
2025-08-28 17:45:00+00:00,4493.38,4497.71,4482.76,4489.77,4092.0536
2025-08-28 18:00:00+00:00,4489.77,4492.27,4473.88,4480.68,4628.9375
2025-08-28 18:15:00+00:00,4480.68,4505.56,4474.62,4504.19,3370.8001
2025-08-28 18:30:00+00:00,4504.19,4508.27,4492.65,4492.65,3079.2235
2025-08-28 18:45:00+00:00,4492.66,4496.81,4480.32,4481.3,3432.4266
2025-08-28 19:00:00+00:00,4481.3,4492.82,4475.87,4479.17,2968.9845
2025-08-28 19:15:00+00:00,4479.17,4480.3,4465.35,4480.28,3980.7088
2025-08-28 19:30:00+00:00,4480.29,4483.16,4453.44,4457.88,4957.4523
2025-08-28 19:45:00+00:00,4457.88,4468.18,4436.34,4438.46,12537.1732
2025-08-28 20:00:00+00:00,4438.49,4461.45,4430.0,4459.73,7159.791
2025-08-28 20:15:00+00:00,4459.73,4469.57,4456.67,4461.59,3634.8209
2025-08-28 20:30:00+00:00,4461.59,4470.46,4454.55,4465.19,6432.9447
2025-08-28 20:45:00+00:00,4465.18,4467.32,4454.12,4458.69,4685.2155
2025-08-28 21:00:00+00:00,4458.69,4474.0,4457.18,4473.32,2548.0415
2025-08-28 21:15:00+00:00,4473.31,4482.49,4470.0,4479.7,3108.3893
2025-08-28 21:30:00+00:00,4479.7,4489.45,4475.5,4477.01,2258.695
2025-08-28 21:45:00+00:00,4477.0,4492.02,4476.49,4488.4,4146.504
2025-08-28 22:00:00+00:00,4488.4,4505.45,4488.39,4500.56,3709.2393
2025-08-28 22:15:00+00:00,4500.56,4513.35,4497.5,4506.32,3332.2506
2025-08-28 22:30:00+00:00,4506.32,4515.78,4503.59,4505.1,1671.0577
2025-08-28 22:45:00+00:00,4505.11,4512.87,4502.85,4506.47,1825.0823
2025-08-28 23:00:00+00:00,4506.47,4512.73,4498.74,4501.83,2178.0631
2025-08-28 23:15:00+00:00,4501.84,4510.78,4496.04,4501.11,1386.569
2025-08-28 23:30:00+00:00,4501.12,4504.77,4493.61,4502.27,1977.6337
2025-08-28 23:45:00+00:00,4502.27,4514.84,4498.49,4511.21,2516.0295
2025-08-29 00:00:00+00:00,4511.2,4516.75,4496.59,4496.59,2931.759
2025-08-29 00:15:00+00:00,4496.6,4513.46,4490.26,4509.91,2984.2135
2025-08-29 00:30:00+00:00,4509.9,4510.96,4482.6,4485.0,6002.9739
2025-08-29 00:45:00+00:00,4485.01,4485.36,4469.43,4481.62,4484.3074
2025-08-29 01:00:00+00:00,4481.62,4490.7,4462.94,4468.2,5599.8876
2025-08-29 01:15:00+00:00,4468.2,4469.0,4434.79,4450.05,9443.5908
2025-08-29 01:30:00+00:00,4450.06,4470.0,4448.8,4466.21,3630.0291
2025-08-29 01:45:00+00:00,4466.22,4469.45,4455.99,4456.5,3855.9505
2025-08-29 02:00:00+00:00,4456.51,4494.29,4450.44,4489.09,5695.9567
2025-08-29 02:15:00+00:00,4489.08,4489.2,4475.57,4477.73,3253.3858
2025-08-29 02:30:00+00:00,4477.73,4479.08,4465.0,4472.82,2250.2941
2025-08-29 02:45:00+00:00,4472.81,4483.65,4471.01,4480.32,3688.2607
2025-08-29 03:00:00+00:00,4480.31,4487.95,4465.68,4476.12,5627.743
2025-08-29 03:15:00+00:00,4476.13,4485.43,4474.3,4485.3,2011.1721
2025-08-29 03:30:00+00:00,4485.31,4503.63,4481.06,4496.08,5864.6347
2025-08-29 03:45:00+00:00,4496.07,4504.79,4489.75,4489.75,2313.3492
2025-08-29 04:00:00+00:00,4489.75,4494.93,4482.8,4485.76,2092.0727
2025-08-29 04:15:00+00:00,4485.75,4497.0,4484.02,4493.88,1598.221
2025-08-29 04:30:00+00:00,4493.87,4493.88,4483.97,4487.23,1469.4151
2025-08-29 04:45:00+00:00,4487.22,4487.23,4470.0,4476.99,3682.094
2025-08-29 05:00:00+00:00,4477.0,4479.92,4464.83,4477.26,4391.1985
2025-08-29 05:15:00+00:00,4477.25,4477.25,4462.82,4471.4,3039.7679
2025-08-29 05:30:00+00:00,4471.4,4478.45,4468.91,4474.41,1750.6627
2025-08-29 05:45:00+00:00,4474.42,4483.83,4465.0,4479.49,2378.5449
2025-08-29 06:00:00+00:00,4479.49,4487.23,4463.98,4465.18,5408.1216
2025-08-29 06:15:00+00:00,4465.18,4465.67,4449.46,4453.9,7435.1121
2025-08-29 06:30:00+00:00,4453.89,4473.15,4443.37,4472.29,13399.6294
2025-08-29 06:45:00+00:00,4472.29,4473.17,4453.96,4456.15,8924.7365
2025-08-29 07:00:00+00:00,4456.16,4456.16,4390.0,4395.04,27763.9018
2025-08-29 07:15:00+00:00,4395.04,4401.5,4375.4,4384.42,16648.2926
2025-08-29 07:30:00+00:00,4384.41,4399.42,4381.55,4382.1,8916.5718
2025-08-29 07:45:00+00:00,4382.11,4394.59,4367.5,4381.03,9890.188
2025-08-29 08:00:00+00:00,4381.03,4398.43,4370.38,4374.01,12581.0323
2025-08-29 08:15:00+00:00,4374.0,4378.98,4355.98,4358.6,15616.4918
2025-08-29 08:30:00+00:00,4358.6,4372.72,4347.23,4356.41,11950.8096
2025-08-29 08:45:00+00:00,4356.4,4363.91,4329.0,4334.51,10512.9471
2025-08-29 09:00:00+00:00,4334.5,4336.71,4318.57,4327.98,9660.6182
2025-08-29 09:15:00+00:00,4327.98,4345.02,4325.0,4341.19,6229.4971
2025-08-29 09:30:00+00:00,4341.2,4341.96,4325.78,4329.81,5491.1827
2025-08-29 09:45:00+00:00,4329.81,4340.7,4328.01,4337.61,5213.8499
2025-08-29 10:00:00+00:00,4337.61,4355.66,4333.64,4350.33,15540.0837
2025-08-29 10:15:00+00:00,4350.34,4363.31,4347.0,4359.01,10555.8678
2025-08-29 10:30:00+00:00,4359.0,4359.0,4350.0,4353.0,6586.463
2025-08-29 10:45:00+00:00,4353.01,4355.75,4336.0,4346.46,7578.8197
2025-08-29 11:00:00+00:00,4346.46,4358.74,4333.8,4356.88,6797.4248
2025-08-29 11:15:00+00:00,4356.87,4356.87,4338.52,4342.09,4124.5245
2025-08-29 11:30:00+00:00,4342.09,4345.0,4335.72,4337.32,3586.2454
2025-08-29 11:45:00+00:00,4337.33,4349.18,4337.33,4346.48,3440.3568
2025-08-29 12:00:00+00:00,4346.48,4368.03,4346.48,4367.61,4876.7487
2025-08-29 12:15:00+00:00,4367.62,4371.85,4357.64,4367.56,6604.0785
2025-08-29 12:30:00+00:00,4367.55,4454.4,4367.55,4392.8,42275.8987
2025-08-29 12:45:00+00:00,4392.8,4417.5,4387.65,4407.38,7848.355
2025-08-29 13:00:00+00:00,4407.37,4413.13,4390.72,4400.83,5359.8102
2025-08-29 13:15:00+00:00,4400.83,4403.39,4387.26,4392.05,4610.2515
2025-08-29 13:30:00+00:00,4392.05,4395.1,4336.08,4347.3,15952.4435
2025-08-29 13:45:00+00:00,4347.3,4348.2,4315.0,4331.27,16003.4359
2025-08-29 14:00:00+00:00,4331.27,4356.11,4265.0,4288.24,34464.5339
2025-08-29 14:15:00+00:00,4288.25,4310.62,4269.23,4296.49,15793.2642
2025-08-29 14:30:00+00:00,4296.5,4322.2,4282.65,4311.47,10192.5154
2025-08-29 14:45:00+00:00,4311.48,4323.07,4274.27,4282.49,9497.8177
2025-08-29 15:00:00+00:00,4282.48,4329.79,4281.84,4324.32,11742.5895
2025-08-29 15:15:00+00:00,4324.33,4348.32,4318.29,4319.16,13192.3624
2025-08-29 15:30:00+00:00,4319.16,4335.77,4308.71,4335.2,7137.0235
2025-08-29 15:45:00+00:00,4335.2,4342.99,4308.74,4316.09,10230.2466
2025-08-29 16:00:00+00:00,4316.1,4340.6,4296.13,4340.25,13014.9379
2025-08-29 16:15:00+00:00,4340.25,4354.32,4326.28,4333.74,4928.3245
2025-08-29 16:30:00+00:00,4333.73,4344.07,4329.51,4330.5,3238.8854
2025-08-29 16:45:00+00:00,4330.5,4336.98,4315.77,4336.23,4382.0874
2025-08-29 17:00:00+00:00,4336.23,4338.56,4315.99,4318.8,7758.9374
2025-08-29 17:15:00+00:00,4318.81,4352.99,4314.62,4343.09,8033.4318
2025-08-29 17:30:00+00:00,4343.1,4358.81,4335.82,4345.28,6693.1897
2025-08-29 17:45:00+00:00,4345.28,4350.83,4330.81,4332.92,4162.4354
2025-08-29 18:00:00+00:00,4332.93,4341.47,4324.0,4329.01,4157.6207
2025-08-29 18:15:00+00:00,4329.04,4331.8,4306.64,4314.84,5669.9363
2025-08-29 18:30:00+00:00,4314.84,4322.22,4308.5,4312.8,3244.5781
2025-08-29 18:45:00+00:00,4312.79,4319.88,4307.91,4315.79,4035.685
2025-08-29 19:00:00+00:00,4315.79,4349.27,4306.37,4343.83,5557.8664
2025-08-29 19:15:00+00:00,4343.84,4360.6,4342.95,4352.99,4450.5086
2025-08-29 19:30:00+00:00,4352.99,4362.15,4338.52,4349.6,4394.2847
2025-08-29 19:45:00+00:00,4349.6,4366.66,4338.46,4340.78,5123.3689
2025-08-29 20:00:00+00:00,4340.79,4348.1,4322.82,4334.28,4673.3608
2025-08-29 20:15:00+00:00,4334.27,4346.44,4327.98,4340.19,3523.4941
2025-08-29 20:30:00+00:00,4340.2,4344.3,4325.85,4329.35,5868.0896
2025-08-29 20:45:00+00:00,4329.34,4337.95,4312.68,4321.25,7837.3426
2025-08-29 21:00:00+00:00,4321.25,4335.5,4305.57,4335.5,4319.6184
2025-08-29 21:15:00+00:00,4335.5,4340.77,4324.42,4339.09,2338.3804
2025-08-29 21:30:00+00:00,4339.1,4379.55,4339.1,4375.75,7290.1283
2025-08-29 21:45:00+00:00,4375.75,4378.08,4357.62,4364.79,3116.1589
2025-08-29 22:00:00+00:00,4364.79,4367.35,4345.14,4346.89,1806.2278
2025-08-29 22:15:00+00:00,4346.89,4363.73,4346.89,4362.14,1704.6555
2025-08-29 22:30:00+00:00,4362.15,4367.39,4349.67,4351.24,1120.8661
2025-08-29 22:45:00+00:00,4351.24,4366.65,4348.68,4366.39,1475.6772
2025-08-29 23:00:00+00:00,4366.39,4370.39,4358.0,4363.39,1945.1687
2025-08-29 23:15:00+00:00,4363.4,4372.9,4360.6,4364.67,1137.1593
2025-08-29 23:30:00+00:00,4364.66,4374.41,4363.8,4374.41,1116.3734
2025-08-29 23:45:00+00:00,4374.4,4374.41,4357.98,4360.18,1271.4701
2025-08-30 00:00:00+00:00,4360.18,4360.79,4347.88,4348.12,2900.9711
2025-08-30 00:15:00+00:00,4348.12,4362.61,4345.2,4349.39,2025.3737
2025-08-30 00:30:00+00:00,4349.4,4349.77,4328.68,4331.02,22313.2314
2025-08-30 00:45:00+00:00,4331.03,4342.65,4331.03,4342.65,3143.1281
2025-08-30 01:00:00+00:00,4342.64,4348.32,4337.97,4344.4,1575.8738
2025-08-30 01:15:00+00:00,4344.4,4344.4,4322.53,4325.58,2763.2079
2025-08-30 01:30:00+00:00,4325.58,4331.96,4320.0,4320.36,3012.1547
2025-08-30 01:45:00+00:00,4320.37,4321.24,4258.01,4265.09,21289.1284
2025-08-30 02:00:00+00:00,4265.1,4303.96,4257.2,4303.95,9322.8314
2025-08-30 02:15:00+00:00,4303.96,4312.73,4298.88,4309.29,5431.2628
2025-08-30 02:30:00+00:00,4309.3,4316.57,4307.06,4310.63,3876.5267
2025-08-30 02:45:00+00:00,4310.62,4315.26,4303.37,4304.44,3884.2505
2025-08-30 03:00:00+00:00,4304.45,4328.35,4303.42,4324.18,3923.2945
2025-08-30 03:15:00+00:00,4324.18,4381.61,4324.17,4359.15,10377.0548
2025-08-30 03:30:00+00:00,4359.14,4372.92,4353.51,4355.57,3775.5335
2025-08-30 03:45:00+00:00,4355.58,4363.38,4352.11,4352.45,2522.7288
2025-08-30 04:00:00+00:00,4352.46,4363.09,4350.07,4358.49,2634.6492
2025-08-30 04:15:00+00:00,4358.49,4368.0,4356.94,4367.99,1898.9388
2025-08-30 04:30:00+00:00,4367.99,4368.27,4356.14,4357.78,2327.3253
2025-08-30 04:45:00+00:00,4357.78,4360.7,4351.69,4352.59,1078.639
2025-08-30 05:00:00+00:00,4352.59,4373.1,4347.58,4364.86,6068.2622
2025-08-30 05:15:00+00:00,4364.85,4378.42,4364.55,4375.58,10967.794
2025-08-30 05:30:00+00:00,4375.58,4402.62,4373.51,4396.0,17640.6404
2025-08-30 05:45:00+00:00,4396.0,4401.98,4376.22,4379.87,13821.5718
2025-08-30 06:00:00+00:00,4379.87,4391.85,4376.13,4376.88,3644.0488
2025-08-30 06:15:00+00:00,4376.89,4391.79,4373.93,4390.84,5093.302
2025-08-30 06:30:00+00:00,4390.85,4399.0,4385.76,4396.63,6722.0377
2025-08-30 06:45:00+00:00,4396.64,4403.98,4390.67,4397.04,5180.5013
2025-08-30 07:00:00+00:00,4397.04,4404.88,4392.81,4400.11,4690.6975
2025-08-30 07:15:00+00:00,4400.11,4401.8,4389.77,4395.86,4933.938
2025-08-30 07:30:00+00:00,4395.86,4410.2,4390.54,4408.9,5852.3501
2025-08-30 07:45:00+00:00,4408.89,4415.61,4399.46,4402.39,5041.6051
2025-08-30 08:00:00+00:00,4402.39,4407.06,4393.38,4396.43,3628.9791
2025-08-30 08:15:00+00:00,4396.42,4401.2,4391.0,4394.55,2171.1249
2025-08-30 08:30:00+00:00,4394.54,4397.95,4385.45,4395.05,3944.5789
2025-08-30 08:45:00+00:00,4395.05,4402.63,4388.2,4395.79,4332.606
2025-08-30 09:00:00+00:00,4395.79,4395.79,4387.5,4388.0,2236.4094
2025-08-30 09:15:00+00:00,4388.0,4393.86,4384.49,4384.5,2115.5091
2025-08-30 09:30:00+00:00,4384.49,4389.99,4378.41,4385.69,4053.9205
2025-08-30 09:45:00+00:00,4385.7,4397.26,4382.88,4391.01,2690.8186
2025-08-30 10:00:00+00:00,4391.01,4401.1,4387.62,4395.04,3076.7008
2025-08-30 10:15:00+00:00,4395.03,4408.07,4395.03,4400.13,3224.7071
2025-08-30 10:30:00+00:00,4400.12,4401.14,4385.11,4386.99,1463.4472
2025-08-30 10:45:00+00:00,4386.98,4393.62,4383.77,4392.07,1683.6322
2025-08-30 11:00:00+00:00,4392.07,4402.11,4387.08,4396.92,2031.8869
2025-08-30 11:15:00+00:00,4396.92,4396.92,4390.35,4393.86,1414.1517
2025-08-30 11:30:00+00:00,4393.85,4396.6,4383.53,4387.81,1702.2656
2025-08-30 11:45:00+00:00,4387.81,4394.51,4387.26,4392.08,1373.5885
2025-08-30 12:00:00+00:00,4392.07,4393.48,4379.46,4384.73,1993.2938
2025-08-30 12:15:00+00:00,4384.72,4385.16,4366.8,4373.17,3604.7907
2025-08-30 12:30:00+00:00,4373.17,4373.5,4348.45,4355.51,7187.456
2025-08-30 12:45:00+00:00,4355.5,4370.0,4354.82,4367.82,2767.4849
2025-08-30 13:00:00+00:00,4367.83,4367.83,4338.03,4343.96,6812.5572
2025-08-30 13:15:00+00:00,4343.95,4355.4,4339.35,4349.77,3249.4227
2025-08-30 13:30:00+00:00,4349.77,4363.95,4341.82,4343.2,3367.2857
2025-08-30 13:45:00+00:00,4343.2,4360.33,4332.15,4359.25,4238.7417
2025-08-30 14:00:00+00:00,4359.24,4362.83,4345.78,4345.78,1512.9805
2025-08-30 14:15:00+00:00,4345.78,4355.16,4338.37,4355.15,1955.8946
2025-08-30 14:30:00+00:00,4355.15,4361.78,4348.78,4357.52,2028.4318
2025-08-30 14:45:00+00:00,4357.52,4369.6,4357.52,4363.78,3816.4311
2025-08-30 15:00:00+00:00,4363.78,4367.74,4357.0,4364.07,1973.3336
2025-08-30 15:15:00+00:00,4364.06,4377.55,4364.06,4371.5,3265.0968
2025-08-30 15:30:00+00:00,4371.49,4378.37,4365.34,4378.09,2630.3086
2025-08-30 15:45:00+00:00,4378.0,4383.46,4370.55,4376.35,2682.8019
2025-08-30 16:00:00+00:00,4376.24,4376.24,4362.17,4362.8,2659.0492
2025-08-30 16:15:00+00:00,4362.81,4368.7,4359.56,4362.7,1464.178
2025-08-30 16:30:00+00:00,4362.7,4371.85,4360.0,4368.67,1913.1562
2025-08-30 16:45:00+00:00,4368.68,4373.0,4361.42,4362.09,1153.4585
2025-08-30 17:00:00+00:00,4362.09,4373.44,4359.5,4371.22,1517.0534
2025-08-30 17:15:00+00:00,4371.22,4371.94,4364.5,4365.03,950.1416
2025-08-30 17:30:00+00:00,4365.03,4368.44,4353.09,4355.7,1172.7285
2025-08-30 17:45:00+00:00,4355.71,4363.38,4348.48,4362.45,1968.461
2025-08-30 18:00:00+00:00,4362.45,4366.62,4356.79,4358.4,1525.3776
2025-08-30 18:15:00+00:00,4358.4,4358.93,4347.82,4352.78,1008.3146
2025-08-30 18:30:00+00:00,4352.77,4354.4,4346.23,4349.64,1069.3884
2025-08-30 18:45:00+00:00,4349.64,4358.39,4349.43,4350.0,1135.7568
2025-08-30 19:00:00+00:00,4349.99,4353.85,4341.66,4346.57,938.3358
2025-08-30 19:15:00+00:00,4346.56,4350.0,4335.82,4347.99,1188.8574
2025-08-30 19:30:00+00:00,4348.0,4354.9,4342.48,4354.89,972.6196
2025-08-30 19:45:00+00:00,4354.89,4354.91,4346.73,4354.63,1128.1
2025-08-30 20:00:00+00:00,4354.63,4354.91,4340.0,4344.29,1048.4229
2025-08-30 20:15:00+00:00,4344.29,4350.11,4338.67,4349.67,1113.1908
2025-08-30 20:30:00+00:00,4349.68,4349.68,4334.4,4343.64,1840.4112
2025-08-30 20:45:00+00:00,4343.64,4344.85,4339.14,4343.9,964.2711
2025-08-30 21:00:00+00:00,4343.9,4355.83,4340.3,4354.83,1092.6832
2025-08-30 21:15:00+00:00,4354.83,4354.83,4341.93,4346.48,1170.1136
2025-08-30 21:30:00+00:00,4346.48,4348.03,4339.5,4345.49,820.5518
2025-08-30 21:45:00+00:00,4345.48,4351.33,4344.35,4346.91,797.3141
2025-08-30 22:00:00+00:00,4346.92,4350.46,4340.87,4342.29,2291.046
2025-08-30 22:15:00+00:00,4342.29,4353.38,4341.5,4353.14,1376.2556
2025-08-30 22:30:00+00:00,4353.15,4359.99,4350.0,4358.75,1023.9537
2025-08-30 22:45:00+00:00,4358.75,4360.43,4354.1,4358.69,1707.5581
2025-08-30 23:00:00+00:00,4358.69,4371.0,4357.83,4368.72,2154.1534
2025-08-30 23:15:00+00:00,4368.72,4378.66,4365.42,4374.33,2916.8122
2025-08-30 23:30:00+00:00,4374.33,4376.67,4369.4,4373.44,2933.5988
2025-08-30 23:45:00+00:00,4373.43,4376.09,4369.35,4373.7,1340.3781
2025-08-31 00:00:00+00:00,4373.7,4385.44,4372.63,4382.92,1853.2528
2025-08-31 00:15:00+00:00,4382.92,4386.0,4376.18,4384.87,1666.712
2025-08-31 00:30:00+00:00,4384.86,4420.19,4382.22,4417.6,13309.1154
2025-08-31 00:45:00+00:00,4417.6,4470.0,4416.94,4467.37,21138.9744
2025-08-31 01:00:00+00:00,4467.38,4469.73,4444.19,4445.36,10351.1769
2025-08-31 01:15:00+00:00,4445.37,4451.46,4435.86,4442.62,5556.0827
2025-08-31 01:30:00+00:00,4442.62,4456.61,4439.0,4449.99,3731.627
2025-08-31 01:45:00+00:00,4449.99,4460.03,4447.82,4456.5,2991.6722
2025-08-31 02:00:00+00:00,4456.5,4462.3,4446.83,4446.97,3589.9794
2025-08-31 02:15:00+00:00,4446.98,4456.21,4445.94,4455.6,1879.8884
2025-08-31 02:30:00+00:00,4455.59,4455.59,4447.31,4447.31,1751.4029
2025-08-31 02:45:00+00:00,4447.3,4453.05,4447.3,4449.49,1860.2073
2025-08-31 03:00:00+00:00,4449.49,4462.41,4448.83,4456.86,2539.3268
2025-08-31 03:15:00+00:00,4456.87,4463.87,4452.01,4454.38,1962.5176
2025-08-31 03:30:00+00:00,4454.37,4468.13,4450.0,4463.28,4048.1069
2025-08-31 03:45:00+00:00,4463.27,4488.58,4463.27,4488.12,8640.5161
2025-08-31 04:00:00+00:00,4488.12,4491.46,4473.51,4479.96,4310.1502
2025-08-31 04:15:00+00:00,4479.96,4479.97,4459.83,4462.04,8245.0731
2025-08-31 04:30:00+00:00,4462.04,4473.8,4459.54,4464.45,3722.1741
2025-08-31 04:45:00+00:00,4464.44,4472.43,4458.4,4465.3,3252.7116
2025-08-31 05:00:00+00:00,4465.3,4465.31,4455.05,4456.93,2980.1301
2025-08-31 05:15:00+00:00,4456.93,4459.28,4449.52,4450.15,2167.5248
2025-08-31 05:30:00+00:00,4450.15,4460.58,4449.78,4455.84,3372.6285
2025-08-31 05:45:00+00:00,4455.84,4460.96,4450.84,4459.76,1438.0301
2025-08-31 06:00:00+00:00,4459.76,4461.33,4452.76,4455.63,1194.3721
2025-08-31 06:15:00+00:00,4455.63,4455.64,4442.61,4443.71,2795.4769
2025-08-31 06:30:00+00:00,4443.7,4448.86,4439.33,4443.04,2826.6041
2025-08-31 06:45:00+00:00,4443.05,4444.49,4433.48,4434.6,3659.5101
2025-08-31 07:00:00+00:00,4434.6,4450.0,4433.04,4446.02,2049.1816
2025-08-31 07:15:00+00:00,4446.03,4449.76,4442.58,4449.71,1099.4486
2025-08-31 07:30:00+00:00,4449.7,4458.35,4448.65,4455.41,2171.6476
2025-08-31 07:45:00+00:00,4455.4,4456.67,4450.37,4450.84,820.973
2025-08-31 08:00:00+00:00,4450.84,4463.24,4450.84,4460.0,1796.0267
2025-08-31 08:15:00+00:00,4460.0,4469.0,4458.02,4461.98,3071.5113
2025-08-31 08:30:00+00:00,4461.97,4473.01,4456.75,4472.96,4837.9344
2025-08-31 08:45:00+00:00,4472.96,4473.4,4464.0,4471.85,1856.1846
2025-08-31 09:00:00+00:00,4471.86,4472.98,4466.0,4472.18,1827.2028
2025-08-31 09:15:00+00:00,4472.18,4480.18,4466.57,4471.85,2341.202
2025-08-31 09:30:00+00:00,4471.85,4478.5,4468.5,4472.7,2832.7804
2025-08-31 09:45:00+00:00,4472.7,4475.75,4459.82,4464.59,8142.302
2025-08-31 10:15:00+00:00,4453.25,4459.48,4450.0,4459.17,4696.5359
2025-08-31 10:30:00+00:00,4459.17,4464.56,4451.1,4453.03,6042.9655
2025-08-31 10:45:00+00:00,4453.03,4458.8,4449.0,4454.97,4123.4674
2025-08-31 11:00:00+00:00,4454.97,4456.59,4445.0,4445.38,1597.3458
2025-08-31 11:15:00+00:00,4445.39,4474.8,4440.47,4473.9,6242.1037
2025-08-31 11:30:00+00:00,4473.9,4478.09,4463.75,4470.76,3022.3229
2025-08-31 11:45:00+00:00,4470.76,4483.8,4470.03,4476.98,5270.5373
2025-08-31 12:00:00+00:00,4476.98,4477.77,4468.66,4473.56,3942.6128
2025-08-31 12:15:00+00:00,4473.57,4481.5,4470.9,4479.17,4459.9923
2025-08-31 12:30:00+00:00,4479.17,4481.99,4468.73,4471.08,2999.6922
2025-08-31 12:45:00+00:00,4471.09,4498.0,4461.96,4489.58,9316.4114
2025-08-31 13:00:00+00:00,4489.59,4498.47,4475.82,4480.26,6729.6859
2025-08-31 13:15:00+00:00,4480.26,4494.86,4474.34,4474.34,6880.6478
2025-08-31 13:30:00+00:00,4474.34,4476.69,4465.54,4475.47,5072.0218
2025-08-31 13:45:00+00:00,4475.46,4479.68,4465.54,4471.25,3578.5649
2025-08-31 14:00:00+00:00,4471.24,4474.93,4451.03,4459.29,7179.848
2025-08-31 14:15:00+00:00,4459.29,4469.2,4454.88,4464.2,3442.2961
2025-08-31 14:30:00+00:00,4464.2,4470.44,4460.41,4462.27,2934.4055
2025-08-31 14:45:00+00:00,4462.27,4463.5,4454.64,4459.81,3590.5772
2025-08-31 15:00:00+00:00,4459.81,4482.61,4458.05,4474.66,5102.2554
2025-08-31 15:15:00+00:00,4474.67,4478.4,4469.86,4473.0,2291.0733
2025-08-31 15:30:00+00:00,4472.99,4488.25,4464.19,4486.56,3816.5471
2025-08-31 15:45:00+00:00,4486.54,4490.71,4483.38,4485.27,3295.5041
2025-08-31 16:00:00+00:00,4485.28,4487.36,4475.26,4476.86,3044.3199
2025-08-31 16:15:00+00:00,4476.86,4476.86,4463.63,4468.91,2717.6252
2025-08-31 16:30:00+00:00,4468.9,4471.5,4460.8,4470.59,2583.527
2025-08-31 16:45:00+00:00,4470.59,4476.7,4466.1,4471.49,2850.8219
2025-08-31 17:00:00+00:00,4471.49,4482.27,4469.11,4482.27,1069.8351
2025-08-31 17:15:00+00:00,4482.27,4488.05,4474.4,4483.6,2729.9318
2025-08-31 17:30:00+00:00,4483.61,4488.1,4478.2,4483.76,1733.186
2025-08-31 17:45:00+00:00,4483.77,4486.99,4477.0,4477.3,928.4476
2025-08-31 18:00:00+00:00,4477.29,4484.29,4473.52,4483.71,1593.398
2025-08-31 18:15:00+00:00,4483.71,4489.01,4478.08,4478.84,2754.7852
2025-08-31 18:30:00+00:00,4478.84,4487.32,4478.08,4481.8,2359.6516
2025-08-31 18:45:00+00:00,4481.8,4490.87,4481.78,4489.71,2290.2874
2025-08-31 19:00:00+00:00,4489.71,4490.0,4473.89,4474.64,2224.2539
2025-08-31 19:15:00+00:00,4474.64,4478.48,4469.72,4469.73,1608.9805
2025-08-31 19:30:00+00:00,4469.73,4479.23,4469.04,4476.82,954.4881
2025-08-31 19:45:00+00:00,4476.81,4476.81,4454.89,4456.01,2427.948
2025-08-31 20:00:00+00:00,4456.0,4461.95,4445.42,4460.61,3805.5913
2025-08-31 20:15:00+00:00,4460.6,4462.23,4451.32,4458.9,1132.5903
2025-08-31 20:30:00+00:00,4458.89,4462.09,4450.01,4453.69,1237.9538
2025-08-31 20:45:00+00:00,4453.69,4457.82,4451.5,4455.03,1165.6167
2025-08-31 21:00:00+00:00,4455.03,4465.52,4450.02,4465.5,1447.3095
2025-08-31 21:15:00+00:00,4465.5,4465.52,4458.8,4461.7,787.965
2025-08-31 21:30:00+00:00,4461.67,4477.1,4460.11,4475.8,2809.7229
2025-08-31 21:45:00+00:00,4475.81,4475.81,4466.25,4470.01,813.989
2025-08-31 22:00:00+00:00,4470.01,4471.54,4452.65,4466.86,2098.7056
2025-08-31 22:15:00+00:00,4466.86,4473.8,4466.86,4468.53,1066.1599
2025-08-31 22:30:00+00:00,4468.53,4468.53,4441.29,4442.5,2923.8762
2025-08-31 22:45:00+00:00,4442.5,4445.6,4434.25,4445.4,4100.1573
2025-08-31 23:00:00+00:00,4445.39,4445.39,4424.6,4434.87,3659.5755
2025-08-31 23:15:00+00:00,4434.88,4434.88,4403.47,4407.99,7361.7743
2025-08-31 23:30:00+00:00,4407.99,4407.99,4378.43,4386.61,11578.656
2025-08-31 23:45:00+00:00,4386.62,4394.26,4382.46,4391.83,4836.5559
2025-09-01 00:00:00+00:00,4391.83,4395.86,4372.2,4387.14,6210.1595
2025-09-01 00:15:00+00:00,4387.13,4394.27,4364.37,4374.83,6918.027
2025-09-01 00:30:00+00:00,4374.83,4401.57,4360.0,4395.93,5776.982
2025-09-01 00:45:00+00:00,4395.93,4410.8,4390.22,4396.49,3861.9406
2025-09-01 01:00:00+00:00,4396.49,4407.45,4383.96,4393.7,3482.4466
2025-09-01 01:15:00+00:00,4393.7,4410.0,4384.0,4408.25,5189.7239
2025-09-01 01:30:00+00:00,4408.24,4426.8,4402.39,4425.72,7277.8336
2025-09-01 01:45:00+00:00,4425.72,4432.25,4408.7,4417.82,4870.669
2025-09-01 02:00:00+00:00,4417.83,4420.1,4392.53,4397.5,6564.7473
2025-09-01 02:15:00+00:00,4397.5,4399.99,4376.91,4392.28,8026.7037
2025-09-01 02:30:00+00:00,4392.29,4394.07,4370.14,4378.63,7105.3857
2025-09-01 02:45:00+00:00,4378.63,4390.03,4366.54,4387.59,7979.6692
2025-09-01 03:00:00+00:00,4387.59,4398.19,4375.04,4378.88,8820.0283
2025-09-01 03:15:00+00:00,4378.88,4384.34,4371.92,4384.32,3992.0511
2025-09-01 03:30:00+00:00,4384.32,4392.8,4372.5,4392.8,5482.3382
2025-09-01 03:45:00+00:00,4392.79,4408.65,4386.69,4404.16,5925.8139
2025-09-01 04:00:00+00:00,4404.15,4412.38,4396.34,4405.99,5227.0783
2025-09-01 04:15:00+00:00,4406.0,4407.29,4382.93,4389.02,3684.6067
2025-09-01 04:30:00+00:00,4389.02,4389.28,4373.12,4379.32,2914.5571
2025-09-01 04:45:00+00:00,4379.33,4389.97,4373.39,4385.65,2507.5193
2025-09-01 05:00:00+00:00,4385.65,4392.51,4363.93,4374.21,3948.4106
2025-09-01 05:15:00+00:00,4374.21,4394.33,4358.67,4393.07,4666.6572
2025-09-01 05:30:00+00:00,4393.07,4406.55,4385.87,4405.35,3670.9528
2025-09-01 05:45:00+00:00,4405.35,4406.71,4394.26,4395.01,1933.4238
2025-09-01 06:00:00+00:00,4395.0,4397.36,4375.0,4389.72,2390.6045
2025-09-01 06:15:00+00:00,4389.72,4403.28,4381.68,4396.88,2640.2271
2025-09-01 06:30:00+00:00,4396.89,4408.0,4394.25,4405.62,4183.2913
2025-09-01 06:45:00+00:00,4405.62,4408.68,4396.85,4397.59,3291.3225
2025-09-01 07:00:00+00:00,4397.58,4402.64,4380.18,4380.53,4705.9772
2025-09-01 07:15:00+00:00,4380.54,4424.77,4380.0,4421.13,8008.5421
2025-09-01 07:30:00+00:00,4421.13,4437.69,4414.32,4422.01,14100.0604
2025-09-01 07:45:00+00:00,4422.02,4464.0,4421.7,4463.29,14794.757
2025-09-01 08:00:00+00:00,4463.29,4491.84,4463.11,4474.33,17365.9623
2025-09-01 08:15:00+00:00,4474.34,4480.91,4466.0,4468.0,4671.4015
2025-09-01 08:30:00+00:00,4468.0,4476.18,4466.65,4472.11,4816.3988
2025-09-01 08:45:00+00:00,4472.11,4483.78,4468.28,4476.25,2709.4774
2025-09-01 09:00:00+00:00,4476.25,4482.81,4471.2,4482.07,2800.2729
2025-09-01 09:15:00+00:00,4482.07,4482.62,4474.61,4476.36,2907.2902
2025-09-01 09:30:00+00:00,4476.36,4482.0,4457.97,4461.81,4379.4487
2025-09-01 09:45:00+00:00,4461.82,4461.82,4438.35,4441.36,5273.087
2025-09-01 10:00:00+00:00,4441.36,4443.95,4426.0,4443.01,3234.8737
2025-09-01 10:15:00+00:00,4443.0,4445.49,4429.62,4431.23,2352.7511
2025-09-01 10:30:00+00:00,4431.23,4431.24,4392.41,4402.09,7376.0837
2025-09-01 10:45:00+00:00,4402.09,4409.92,4390.14,4408.5,5221.5665
2025-09-01 11:00:00+00:00,4408.49,4415.83,4400.99,4402.38,3109.6114
2025-09-01 11:15:00+00:00,4402.38,4408.26,4395.19,4401.4,3024.6166
2025-09-01 11:30:00+00:00,4401.4,4401.64,4382.0,4383.2,8556.354
2025-09-01 11:45:00+00:00,4383.2,4400.93,4381.99,4392.83,3754.7336
2025-09-01 12:00:00+00:00,4392.83,4406.8,4384.65,4399.79,3889.762
2025-09-01 12:15:00+00:00,4399.79,4412.48,4394.37,4404.94,3122.3778
2025-09-01 12:30:00+00:00,4404.94,4409.36,4394.5,4397.65,4503.1596
2025-09-01 12:45:00+00:00,4397.66,4406.25,4395.71,4403.2,3150.9998
2025-09-01 13:00:00+00:00,4403.21,4413.56,4397.31,4408.32,4585.9752
2025-09-01 13:15:00+00:00,4408.33,4423.78,4398.68,4416.01,4887.3504
2025-09-01 13:30:00+00:00,4416.0,4416.38,4386.29,4387.01,4861.1583
2025-09-01 13:45:00+00:00,4387.01,4390.72,4373.2,4385.71,4466.6144
2025-09-01 14:00:00+00:00,4385.7,4400.76,4383.99,4397.66,3182.9894
2025-09-01 14:15:00+00:00,4397.66,4402.58,4387.2,4398.29,2314.8526
2025-09-01 14:30:00+00:00,4398.29,4401.93,4384.5,4391.23,2097.0063
2025-09-01 14:45:00+00:00,4391.24,4402.4,4380.2,4396.26,2160.2362
2025-09-01 15:00:00+00:00,4396.26,4405.22,4375.63,4384.13,2890.1258
2025-09-01 15:15:00+00:00,4384.13,4390.41,4368.57,4371.38,6004.9112
2025-09-01 15:30:00+00:00,4371.37,4375.19,4362.05,4367.41,4551.0466
2025-09-01 15:45:00+00:00,4367.41,4374.24,4346.19,4362.01,8415.8991
2025-09-01 16:00:00+00:00,4362.01,4367.37,4348.69,4365.51,4743.3782
2025-09-01 16:15:00+00:00,4365.5,4371.54,4354.41,4361.01,3370.6426
2025-09-01 16:30:00+00:00,4361.01,4367.94,4352.67,4362.81,1963.3732
2025-09-01 16:45:00+00:00,4362.81,4367.55,4347.06,4355.22,2183.9755
2025-09-01 17:00:00+00:00,4355.22,4358.51,4317.64,4326.68,9337.5829
2025-09-01 17:15:00+00:00,4326.69,4336.75,4311.01,4319.01,6418.9309
2025-09-01 17:30:00+00:00,4319.0,4325.0,4309.69,4323.92,3649.0695
2025-09-01 17:45:00+00:00,4323.93,4329.81,4316.16,4323.16,2371.2206
2025-09-01 18:00:00+00:00,4323.15,4342.94,4322.69,4340.55,3703.8246
2025-09-01 18:15:00+00:00,4340.54,4346.8,4336.19,4343.36,2897.6304
2025-09-01 18:30:00+00:00,4343.36,4347.89,4335.29,4343.39,2028.342
2025-09-01 18:45:00+00:00,4343.39,4349.79,4342.66,4346.94,2017.7759
2025-09-01 19:00:00+00:00,4346.93,4358.0,4342.19,4353.12,4149.8396
2025-09-01 19:15:00+00:00,4353.11,4362.81,4350.0,4350.0,4640.5532
2025-09-01 19:30:00+00:00,4350.0,4368.36,4349.24,4366.19,2702.2921
2025-09-01 19:45:00+00:00,4366.2,4369.25,4357.65,4368.06,2644.231
2025-09-01 20:00:00+00:00,4368.05,4368.15,4356.07,4360.41,1524.0279
2025-09-01 20:15:00+00:00,4360.41,4360.74,4344.0,4349.97,2952.2511
2025-09-01 20:30:00+00:00,4349.98,4349.98,4271.28,4272.02,17407.5711
2025-09-01 20:45:00+00:00,4272.02,4293.3,4262.0,4288.99,18036.1582
2025-09-01 21:00:00+00:00,4288.98,4290.5,4251.59,4277.5,14141.8025
2025-09-01 21:15:00+00:00,4277.51,4287.69,4270.36,4272.29,5510.8108
2025-09-01 21:30:00+00:00,4272.3,4274.52,4210.61,4240.87,17928.4101
2025-09-01 21:45:00+00:00,4240.87,4262.21,4229.04,4261.62,8310.4175
2025-09-01 22:00:00+00:00,4261.61,4276.19,4252.31,4275.43,7661.6996
2025-09-01 22:15:00+00:00,4275.44,4300.0,4271.82,4272.73,6508.1437
2025-09-01 22:30:00+00:00,4272.73,4278.51,4259.62,4262.0,5846.1258
2025-09-01 22:45:00+00:00,4262.0,4291.0,4260.92,4284.56,3311.6388
2025-09-01 23:00:00+00:00,4284.56,4308.63,4283.41,4305.02,8890.3638
2025-09-01 23:15:00+00:00,4305.01,4305.55,4288.76,4298.04,2053.0935
2025-09-01 23:30:00+00:00,4298.04,4300.81,4282.68,4300.5,2951.2293
2025-09-01 23:45:00+00:00,4300.5,4319.07,4299.84,4314.5,5182.732
2025-09-02 00:00:00+00:00,4314.5,4319.13,4300.87,4302.89,5555.1492
2025-09-02 00:15:00+00:00,4302.89,4319.03,4302.46,4303.3,2952.1097
2025-09-02 00:30:00+00:00,4303.3,4314.2,4292.18,4293.14,3658.5408
2025-09-02 00:45:00+00:00,4293.13,4312.07,4290.98,4303.86,2764.6172
2025-09-02 01:00:00+00:00,4303.85,4313.53,4299.46,4302.41,4063.1496
2025-09-02 01:15:00+00:00,4302.41,4315.48,4292.98,4310.63,3273.6895
2025-09-02 01:30:00+00:00,4310.62,4338.91,4297.04,4331.68,6038.2076
2025-09-02 01:45:00+00:00,4331.68,4340.93,4322.7,4323.24,4681.4078
2025-09-02 02:00:00+00:00,4323.23,4336.5,4319.24,4327.41,2162.1013
2025-09-02 02:15:00+00:00,4327.41,4341.72,4315.48,4335.84,2355.9432
2025-09-02 02:30:00+00:00,4335.84,4351.16,4324.0,4335.78,7683.3312
2025-09-02 02:45:00+00:00,4335.78,4363.78,4333.65,4360.95,9594.6663
2025-09-02 03:00:00+00:00,4360.95,4385.2,4353.11,4383.45,12023.41
2025-09-02 03:15:00+00:00,4383.44,4394.97,4369.3,4370.49,6507.3964
2025-09-02 03:30:00+00:00,4370.48,4376.46,4364.36,4371.39,3438.019
2025-09-02 03:45:00+00:00,4371.39,4378.0,4363.89,4367.11,3544.3489
2025-09-02 04:00:00+00:00,4367.11,4377.02,4360.84,4376.97,2709.3677
2025-09-02 04:15:00+00:00,4376.97,4382.86,4374.5,4379.33,3547.1413
2025-09-02 04:30:00+00:00,4379.32,4384.74,4376.26,4382.49,3395.0698
2025-09-02 04:45:00+00:00,4382.5,4388.67,4378.64,4388.09,2902.2879
2025-09-02 05:00:00+00:00,4388.09,4389.62,4368.98,4379.92,7618.4123
2025-09-02 05:15:00+00:00,4379.93,4386.72,4377.53,4380.92,2364.2948
2025-09-02 05:30:00+00:00,4380.91,4387.59,4379.32,4383.61,2177.7821
2025-09-02 05:45:00+00:00,4383.62,4389.62,4382.92,4385.06,1564.5616
2025-09-02 06:00:00+00:00,4385.06,4401.31,4381.69,4395.2,3745.9924
2025-09-02 06:15:00+00:00,4395.2,4400.73,4392.06,4392.96,2919.9366
2025-09-02 06:30:00+00:00,4392.95,4416.78,4390.0,4408.59,7256.958
2025-09-02 06:45:00+00:00,4408.58,4415.6,4403.46,4412.46,3833.1741
2025-09-02 07:00:00+00:00,4412.46,4414.0,4393.62,4394.25,3520.2778
2025-09-02 07:15:00+00:00,4394.26,4402.97,4383.97,4396.57,5831.1769
2025-09-02 07:30:00+00:00,4396.57,4402.4,4382.85,4385.87,4401.0423
2025-09-02 07:45:00+00:00,4385.87,4391.2,4368.37,4377.53,6178.1122
2025-09-02 08:00:00+00:00,4377.53,4385.76,4369.24,4370.89,7520.1751
2025-09-02 08:15:00+00:00,4370.89,4397.05,4369.37,4396.37,6261.9496
2025-09-02 08:30:00+00:00,4396.37,4407.88,4388.02,4403.68,3327.7569
2025-09-02 08:45:00+00:00,4403.68,4405.75,4392.3,4392.31,3212.3885
2025-09-02 09:00:00+00:00,4392.3,4405.67,4386.12,4402.01,3677.6012
2025-09-02 09:15:00+00:00,4402.0,4408.0,4391.6,4393.15,5235.7545
2025-09-02 09:30:00+00:00,4393.15,4402.0,4388.89,4397.79,3080.8482
2025-09-02 09:45:00+00:00,4397.79,4401.11,4393.19,4400.16,1916.0791
2025-09-02 10:00:00+00:00,4400.16,4401.48,4392.41,4396.09,1703.0215
2025-09-02 10:15:00+00:00,4396.1,4397.26,4382.99,4384.69,3502.4643
2025-09-02 10:30:00+00:00,4384.69,4388.37,4377.67,4384.33,5290.218
2025-09-02 10:45:00+00:00,4384.33,4392.45,4382.05,4391.5,1775.585
2025-09-02 11:00:00+00:00,4391.51,4392.52,4377.08,4377.08,2135.9205
2025-09-02 11:15:00+00:00,4377.08,4382.5,4369.02,4369.68,2748.5266
2025-09-02 11:30:00+00:00,4369.67,4376.16,4365.41,4374.1,3153.2028
2025-09-02 11:45:00+00:00,4374.11,4376.16,4340.98,4347.98,7709.1891
2025-09-02 12:00:00+00:00,4347.98,4352.88,4321.91,4327.13,9458.718
2025-09-02 12:15:00+00:00,4327.13,4339.41,4321.5,4337.04,4983.3975
2025-09-02 12:30:00+00:00,4337.05,4339.52,4290.11,4302.14,12320.4494
2025-09-02 12:45:00+00:00,4302.13,4302.2,4271.31,4277.07,15778.6024
2025-09-02 13:00:00+00:00,4277.07,4299.99,4274.64,4293.46,9109.53
2025-09-02 13:15:00+00:00,4293.45,4320.0,4287.27,4306.31,9554.4925
2025-09-02 13:30:00+00:00,4306.31,4349.51,4279.35,4343.16,17587.656
2025-09-02 13:45:00+00:00,4343.16,4392.91,4339.04,4378.54,18550.4101
2025-09-02 14:00:00+00:00,4378.53,4397.44,4345.43,4354.76,16545.8311
2025-09-02 14:15:00+00:00,4354.76,4375.6,4333.97,4372.11,12311.635
2025-09-02 14:30:00+00:00,4372.11,4378.06,4349.15,4356.83,11292.1397
2025-09-02 14:45:00+00:00,4356.84,4364.07,4336.41,4348.51,6486.5407
2025-09-02 15:00:00+00:00,4348.5,4353.11,4318.51,4344.49,8563.3022
2025-09-02 15:15:00+00:00,4344.5,4353.42,4324.52,4336.04,7613.3167
2025-09-02 15:30:00+00:00,4336.03,4336.03,4300.11,4310.1,10827.5418
2025-09-02 15:45:00+00:00,4310.1,4318.44,4285.0,4295.66,8117.5613
2025-09-02 16:00:00+00:00,4295.65,4311.22,4288.74,4299.07,7880.8578
2025-09-02 16:15:00+00:00,4299.07,4307.13,4278.0,4283.09,7922.915
2025-09-02 16:30:00+00:00,4283.1,4301.87,4282.0,4294.29,4951.8234
2025-09-02 16:45:00+00:00,4294.29,4301.82,4286.2,4296.26,3705.2128
2025-09-02 17:00:00+00:00,4296.3,4309.45,4288.21,4291.65,4443.7628
2025-09-02 17:15:00+00:00,4291.64,4314.75,4290.81,4309.99,2407.2392
2025-09-02 17:30:00+00:00,4310.0,4320.61,4301.03,4307.17,4175.3731
2025-09-02 17:45:00+00:00,4307.17,4331.57,4307.1,4319.36,3707.4495
2025-09-02 18:00:00+00:00,4319.35,4322.8,4283.09,4296.23,5016.9288
2025-09-02 18:15:00+00:00,4296.23,4301.0,4280.84,4290.86,4147.2679
2025-09-02 18:30:00+00:00,4290.86,4299.41,4280.21,4283.79,3706.8055
2025-09-02 18:45:00+00:00,4283.78,4317.24,4267.18,4296.73,11269.9856
2025-09-02 19:00:00+00:00,4296.74,4314.28,4273.04,4273.04,6200.3819
2025-09-02 19:15:00+00:00,4273.04,4286.2,4264.61,4269.59,6950.9156
2025-09-02 19:30:00+00:00,4269.59,4283.01,4257.85,4276.86,3627.0195
2025-09-02 19:45:00+00:00,4276.85,4284.9,4265.52,4274.41,3030.9991
2025-09-02 20:00:00+00:00,4274.41,4295.7,4266.31,4295.69,4589.8179
2025-09-02 20:15:00+00:00,4295.69,4317.51,4293.61,4305.51,6216.9466
2025-09-02 20:30:00+00:00,4305.51,4327.93,4295.09,4318.24,4664.1432
2025-09-02 20:45:00+00:00,4318.24,4318.65,4303.75,4313.12,3112.474
2025-09-02 21:00:00+00:00,4313.12,4324.0,4310.61,4323.15,2647.6896
2025-09-02 21:15:00+00:00,4323.15,4324.11,4305.18,4310.35,2760.0591
2025-09-02 21:30:00+00:00,4310.35,4335.66,4310.13,4328.93,3455.0056
2025-09-02 21:45:00+00:00,4328.92,4334.35,4322.21,4328.69,2782.5969
2025-09-02 22:00:00+00:00,4328.69,4329.99,4310.6,4325.89,4127.9065
2025-09-02 22:15:00+00:00,4325.89,4329.12,4314.24,4316.21,2906.4477
2025-09-02 22:30:00+00:00,4316.2,4331.78,4309.11,4328.04,3964.3657
2025-09-02 22:45:00+00:00,4328.04,4333.42,4323.97,4329.2,3062.1093
2025-09-02 23:00:00+00:00,4329.21,4334.8,4319.65,4332.9,2887.8113
2025-09-02 23:15:00+00:00,4332.89,4337.4,4319.69,4319.91,3532.075
2025-09-02 23:30:00+00:00,4319.91,4323.42,4314.15,4318.25,3065.7483
2025-09-02 23:45:00+00:00,4318.24,4328.24,4316.16,4326.5,2071.4362
2025-09-03 00:00:00+00:00,4326.49,4327.47,4312.9,4319.16,4592.0688
2025-09-03 00:15:00+00:00,4319.16,4332.2,4312.68,4327.45,3944.7626
2025-09-03 00:30:00+00:00,4327.44,4330.0,4313.88,4318.04,3395.1094
2025-09-03 00:45:00+00:00,4318.03,4319.09,4304.34,4310.26,3105.6241
2025-09-03 01:00:00+00:00,4310.26,4312.63,4293.31,4293.99,4761.413
2025-09-03 01:15:00+00:00,4293.99,4302.44,4286.11,4286.62,2583.7512
2025-09-03 01:30:00+00:00,4286.63,4295.02,4286.0,4290.29,3801.4662
2025-09-03 01:45:00+00:00,4290.29,4325.46,4283.23,4325.05,3504.915
2025-09-03 02:00:00+00:00,4325.04,4336.26,4312.6,4318.39,4804.979
2025-09-03 02:15:00+00:00,4318.39,4355.37,4317.57,4353.65,8808.3094
2025-09-03 02:30:00+00:00,4353.65,4353.65,4338.13,4343.17,3273.5237
2025-09-03 02:45:00+00:00,4343.17,4351.28,4337.36,4338.3,2909.9144
2025-09-03 03:00:00+00:00,4338.31,4343.46,4323.64,4326.3,2686.4469
2025-09-03 03:15:00+00:00,4326.3,4337.7,4323.17,4330.58,2975.9899
2025-09-03 03:30:00+00:00,4330.58,4332.09,4320.54,4327.82,2754.7287
2025-09-03 03:45:00+00:00,4327.82,4337.07,4326.0,4335.02,2067.9676
2025-09-03 04:00:00+00:00,4335.02,4339.08,4320.0,4320.57,2556.7014
2025-09-03 04:15:00+00:00,4320.58,4333.54,4313.0,4329.29,3147.2087
2025-09-03 04:30:00+00:00,4329.29,4338.0,4329.29,4335.35,2585.672
2025-09-03 04:45:00+00:00,4335.35,4342.59,4331.3,4339.9,2534.5978
2025-09-03 05:00:00+00:00,4339.91,4340.75,4326.69,4335.02,1999.3593
2025-09-03 05:15:00+00:00,4335.01,4335.02,4317.19,4324.67,2589.699
2025-09-03 05:30:00+00:00,4324.67,4327.73,4320.99,4322.6,1625.8088
2025-09-03 05:45:00+00:00,4322.6,4326.45,4313.59,4315.01,2087.3583
2025-09-03 06:00:00+00:00,4315.01,4316.62,4291.19,4306.0,7788.6445
2025-09-03 06:15:00+00:00,4306.0,4317.26,4301.56,4317.25,2038.7663
2025-09-03 06:30:00+00:00,4317.24,4320.93,4310.59,4311.6,1769.5938
2025-09-03 06:45:00+00:00,4311.59,4318.07,4301.12,4307.92,2244.166
2025-09-03 07:00:00+00:00,4307.93,4315.44,4296.89,4306.43,1949.4169
2025-09-03 07:15:00+00:00,4306.43,4306.44,4285.71,4301.89,4392.8538
2025-09-03 07:30:00+00:00,4301.89,4312.49,4299.13,4311.57,2220.7223
2025-09-03 07:45:00+00:00,4311.57,4317.15,4308.49,4310.21,3666.1308
2025-09-03 08:00:00+00:00,4310.2,4324.57,4307.93,4323.58,2536.7074
2025-09-03 08:15:00+00:00,4323.57,4333.24,4317.52,4322.26,4254.1734
2025-09-03 08:30:00+00:00,4322.26,4326.89,4315.29,4325.92,2337.2306
2025-09-03 08:45:00+00:00,4325.92,4327.48,4310.9,4318.2,2333.4656
2025-09-03 09:00:00+00:00,4318.21,4321.39,4300.01,4305.09,2613.1207
2025-09-03 09:15:00+00:00,4305.1,4325.09,4305.09,4320.55,1545.983
2025-09-03 09:30:00+00:00,4320.54,4341.47,4316.65,4339.9,3675.8236
2025-09-03 09:45:00+00:00,4339.9,4353.0,4336.27,4351.68,4531.1307
2025-09-03 10:00:00+00:00,4351.69,4361.1,4344.72,4360.99,6348.1812
2025-09-03 10:15:00+00:00,4360.99,4377.37,4360.37,4368.82,8510.0886
2025-09-03 10:30:00+00:00,4368.82,4368.82,4357.33,4364.01,4596.9916
2025-09-03 10:45:00+00:00,4364.02,4372.96,4357.83,4371.72,3703.2266
2025-09-03 11:00:00+00:00,4371.71,4380.0,4367.44,4377.46,4985.8719
2025-09-03 11:15:00+00:00,4377.47,4380.43,4367.48,4373.91,5385.6918
2025-09-03 11:30:00+00:00,4373.91,4385.88,4366.34,4382.35,9583.177
2025-09-03 11:45:00+00:00,4382.35,4383.12,4370.28,4371.51,3307.3275
2025-09-03 12:00:00+00:00,4371.51,4379.67,4362.63,4364.35,6672.6665
2025-09-03 12:15:00+00:00,4364.35,4369.78,4358.25,4365.94,3619.8632
2025-09-03 12:30:00+00:00,4365.94,4373.29,4351.79,4351.79,4457.0141
2025-09-03 12:45:00+00:00,4351.79,4356.52,4339.99,4353.96,8983.7285
2025-09-03 13:00:00+00:00,4353.97,4379.43,4350.9,4377.13,6560.4178
2025-09-03 13:15:00+00:00,4377.12,4395.0,4374.85,4375.72,8916.9282
2025-09-03 13:30:00+00:00,4375.73,4424.93,4371.41,4419.99,12763.4472
2025-09-03 13:45:00+00:00,4419.93,4440.0,4409.8,4419.29,22065.8613
2025-09-03 14:00:00+00:00,4419.29,4454.4,4415.38,4420.0,16135.0168
2025-09-03 14:15:00+00:00,4420.0,4450.36,4419.11,4439.76,7020.4406
2025-09-03 14:30:00+00:00,4439.76,4481.22,4439.76,4477.98,15544.3969
2025-09-03 14:45:00+00:00,4477.98,4480.64,4461.57,4467.11,11535.1788
2025-09-03 15:00:00+00:00,4467.11,4471.28,4459.29,4461.07,7911.1078
2025-09-03 15:15:00+00:00,4461.08,4474.23,4452.7,4456.01,6479.6999
2025-09-03 15:30:00+00:00,4456.01,4478.01,4455.71,4471.27,10631.8164
2025-09-03 15:45:00+00:00,4471.28,4486.98,4465.0,4480.03,14063.3389
2025-09-03 16:00:00+00:00,4480.02,4484.74,4463.08,4472.49,15278.2199
2025-09-03 16:15:00+00:00,4472.49,4475.71,4456.1,4457.12,13645.2284
2025-09-03 16:30:00+00:00,4457.13,4466.54,4455.45,4456.68,13175.7502
2025-09-03 16:45:00+00:00,4456.68,4467.85,4455.42,4467.4,12947.7376
2025-09-03 17:00:00+00:00,4467.4,4484.89,4467.17,4483.46,14227.3305
2025-09-03 17:15:00+00:00,4483.45,4486.5,4471.28,4480.0,5700.3898
2025-09-03 17:30:00+00:00,4479.99,4490.64,4469.01,4469.85,4235.5894
2025-09-03 17:45:00+00:00,4469.85,4487.66,4465.87,4472.23,4460.1531
2025-09-03 18:00:00+00:00,4472.24,4479.47,4470.57,4475.51,3354.4629
2025-09-03 18:15:00+00:00,4475.52,4475.52,4460.07,4469.6,3999.8597
2025-09-03 18:30:00+00:00,4469.6,4474.72,4457.92,4461.38,4858.3595
2025-09-03 18:45:00+00:00,4461.39,4469.13,4459.15,4469.09,2211.5362
2025-09-03 19:00:00+00:00,4469.09,4469.67,4459.18,4464.3,2779.3263
2025-09-03 19:15:00+00:00,4464.29,4469.52,4458.9,4461.17,2921.7524
2025-09-03 19:30:00+00:00,4461.18,4467.66,4460.44,4465.99,1782.0928
2025-09-03 19:45:00+00:00,4466.0,4477.99,4464.19,4475.32,6528.7013
2025-09-03 20:00:00+00:00,4475.32,4479.42,4470.37,4471.87,3090.3626
2025-09-03 20:15:00+00:00,4471.87,4473.79,4467.39,4468.18,1384.5355
2025-09-03 20:30:00+00:00,4468.17,4473.73,4464.01,4466.99,1677.9159
2025-09-03 20:45:00+00:00,4466.99,4470.85,4463.32,4464.5,961.1478
2025-09-03 21:00:00+00:00,4464.5,4467.18,4460.96,4467.18,1377.1173
2025-09-03 21:15:00+00:00,4467.17,4472.9,4464.0,4471.5,1759.0765
2025-09-03 21:30:00+00:00,4471.49,4472.92,4455.33,4456.42,1586.0063
2025-09-03 21:45:00+00:00,4456.43,4466.74,4436.6,4460.75,4725.4112
2025-09-03 22:00:00+00:00,4460.75,4480.79,4459.8,4468.44,4302.2473
2025-09-03 22:15:00+00:00,4468.44,4473.53,4461.95,4461.95,1504.7643
2025-09-03 22:30:00+00:00,4461.95,4466.38,4459.0,4466.36,2174.1114
2025-09-03 22:45:00+00:00,4466.36,4470.84,4460.92,4469.63,1274.7845
2025-09-03 23:00:00+00:00,4469.63,4472.0,4458.08,4460.16,2680.55
2025-09-03 23:15:00+00:00,4460.15,4465.79,4458.99,4462.75,1573.4855
2025-09-03 23:30:00+00:00,4462.76,4464.61,4448.2,4448.4,2086.3934
2025-09-03 23:45:00+00:00,4448.4,4454.85,4444.24,4450.46,4050.5029
2025-09-04 00:00:00+00:00,4450.46,4460.45,4446.0,4460.45,3358.6773
2025-09-04 00:15:00+00:00,4460.45,4480.0,4454.89,4472.92,5881.4299
2025-09-04 00:30:00+00:00,4472.92,4482.05,4468.49,4468.75,5450.8321
2025-09-04 00:45:00+00:00,4468.76,4477.23,4465.6,4467.72,5549.2339
2025-09-04 01:00:00+00:00,4467.72,4468.66,4451.03,4455.01,2952.2909
2025-09-04 01:15:00+00:00,4455.0,4460.0,4449.53,4460.0,2736.736
2025-09-04 01:30:00+00:00,4459.99,4478.58,4458.01,4464.09,4985.509
2025-09-04 01:45:00+00:00,4464.1,4468.18,4459.47,4468.18,2041.4988
2025-09-04 02:00:00+00:00,4468.17,4470.91,4458.43,4460.68,2336.7611
2025-09-04 02:15:00+00:00,4460.69,4462.41,4441.03,4441.03,3713.1454
2025-09-04 02:30:00+00:00,4441.03,4443.42,4425.95,4427.93,7046.4588
2025-09-04 02:45:00+00:00,4427.93,4431.72,4419.13,4421.06,8663.8977
2025-09-04 03:00:00+00:00,4421.06,4422.92,4402.47,4408.66,19413.1894
2025-09-04 03:15:00+00:00,4408.66,4429.32,4404.01,4410.97,10998.8956
2025-09-04 03:30:00+00:00,4410.98,4412.63,4388.9,4398.67,14340.827
2025-09-04 03:45:00+00:00,4398.68,4401.27,4394.23,4398.03,2231.0775
2025-09-04 04:00:00+00:00,4398.03,4411.02,4387.87,4403.25,9062.7454
2025-09-04 04:15:00+00:00,4403.24,4408.9,4396.94,4400.25,2347.9882
2025-09-04 04:30:00+00:00,4400.25,4414.9,4398.51,4404.83,2271.2627
2025-09-04 04:45:00+00:00,4404.83,4409.19,4389.87,4392.0,2651.4341
2025-09-04 05:00:00+00:00,4391.99,4391.99,4369.3,4377.86,7865.6734
2025-09-04 05:15:00+00:00,4377.85,4381.46,4368.64,4373.96,3927.5413
2025-09-04 05:30:00+00:00,4373.95,4379.18,4365.46,4366.0,4483.566
2025-09-04 05:45:00+00:00,4366.0,4375.59,4362.22,4375.29,4053.4641
2025-09-04 06:00:00+00:00,4375.28,4382.76,4369.75,4376.81,3552.8287
2025-09-04 06:15:00+00:00,4376.81,4377.0,4358.61,4368.14,13150.8708
2025-09-04 06:30:00+00:00,4368.15,4368.15,4355.74,4359.65,3738.963
2025-09-04 06:45:00+00:00,4359.65,4369.15,4355.29,4365.01,2522.7648
2025-09-04 07:00:00+00:00,4365.01,4378.69,4363.56,4378.58,2929.9079
2025-09-04 07:15:00+00:00,4378.57,4383.18,4363.02,4368.36,3068.2928
2025-09-04 07:30:00+00:00,4368.36,4376.02,4365.65,4366.22,1437.5897
2025-09-04 07:45:00+00:00,4366.23,4374.8,4366.22,4371.04,1542.3038
2025-09-04 08:00:00+00:00,4371.05,4392.02,4370.0,4383.24,12862.3353
2025-09-04 08:15:00+00:00,4383.24,4389.99,4381.03,4389.99,3232.1901
2025-09-04 08:30:00+00:00,4389.99,4391.54,4375.2,4375.82,2275.4769
2025-09-04 08:45:00+00:00,4375.83,4376.07,4365.4,4369.82,2112.3917
2025-09-04 09:00:00+00:00,4369.83,4386.25,4369.82,4383.5,2292.6812
2025-09-04 09:15:00+00:00,4383.52,4385.62,4379.02,4381.3,1271.9872
2025-09-04 09:30:00+00:00,4381.31,4390.1,4379.13,4387.8,2202.7448
2025-09-04 09:45:00+00:00,4387.79,4395.71,4382.81,4395.71,2370.308
2025-09-04 10:00:00+00:00,4395.71,4414.57,4393.0,4410.43,5249.4923
2025-09-04 10:15:00+00:00,4410.43,4419.48,4404.28,4409.99,4241.8167
2025-09-04 10:30:00+00:00,4409.99,4428.0,4407.01,4422.32,5067.5072
2025-09-04 10:45:00+00:00,4422.32,4433.85,4407.5,4408.17,5977.4835
2025-09-04 11:00:00+00:00,4408.17,4429.7,4392.8,4426.2,8665.4448
2025-09-04 11:15:00+00:00,4426.19,4432.93,4414.0,4415.0,3064.3611
2025-09-04 11:30:00+00:00,4415.0,4422.81,4409.85,4420.46,2911.6125
2025-09-04 11:45:00+00:00,4420.47,4423.59,4406.42,4407.03,2553.5504
2025-09-04 12:00:00+00:00,4407.04,4417.94,4398.08,4417.6,5096.244
2025-09-04 12:15:00+00:00,4417.61,4428.39,4399.4,4414.72,5838.9397
2025-09-04 12:30:00+00:00,4414.71,4426.85,4383.33,4390.48,8726.9902
2025-09-04 12:45:00+00:00,4390.48,4417.99,4386.85,4416.62,4093.7306
2025-09-04 13:00:00+00:00,4416.62,4418.88,4396.8,4397.87,4564.955
2025-09-04 13:15:00+00:00,4397.87,4408.7,4395.5,4401.32,2559.2587
2025-09-04 13:30:00+00:00,4401.32,4406.41,4370.0,4383.37,11923.537
2025-09-04 13:45:00+00:00,4383.37,4386.25,4366.66,4377.56,7842.6291
2025-09-04 14:00:00+00:00,4377.56,4382.55,4328.22,4338.67,24343.5708
2025-09-04 14:15:00+00:00,4338.68,4354.79,4330.44,4351.93,6330.2054
2025-09-04 14:30:00+00:00,4351.97,4365.44,4349.74,4356.36,5422.1614
2025-09-04 14:45:00+00:00,4356.35,4361.31,4340.76,4341.68,4210.0741
2025-09-04 15:00:00+00:00,4341.68,4346.49,4306.13,4312.5,12197.6794
2025-09-04 15:15:00+00:00,4312.51,4319.85,4293.06,4306.71,13311.9488
2025-09-04 15:30:00+00:00,4306.7,4312.68,4298.0,4304.36,8394.7133
2025-09-04 15:45:00+00:00,4304.37,4316.26,4304.12,4305.33,4761.8262
2025-09-04 16:00:00+00:00,4305.32,4319.81,4298.18,4308.52,5519.6806
2025-09-04 16:15:00+00:00,4308.51,4310.07,4285.15,4289.42,7617.3868
2025-09-04 16:30:00+00:00,4289.41,4307.4,4285.0,4305.0,5153.2908
2025-09-04 16:45:00+00:00,4305.01,4311.51,4294.76,4296.3,2580.999
2025-09-04 17:00:00+00:00,4296.3,4314.99,4295.69,4308.37,2549.305
2025-09-04 17:15:00+00:00,4308.38,4323.79,4308.0,4318.57,2881.4593
2025-09-04 17:30:00+00:00,4318.56,4319.13,4302.86,4303.5,2109.5666
2025-09-04 17:45:00+00:00,4303.5,4316.0,4301.4,4305.83,1545.5263
2025-09-04 18:00:00+00:00,4305.84,4318.28,4305.33,4310.58,2775.1799
2025-09-04 18:15:00+00:00,4310.57,4317.63,4277.96,4280.6,8123.875
2025-09-04 18:30:00+00:00,4280.61,4307.2,4271.0,4299.74,6175.2597
2025-09-04 18:45:00+00:00,4299.73,4301.62,4273.87,4274.03,3225.442
2025-09-04 19:00:00+00:00,4274.03,4287.61,4269.18,4283.02,3901.8214
2025-09-04 19:15:00+00:00,4283.03,4284.5,4269.35,4281.69,3065.4637
2025-09-04 19:30:00+00:00,4281.69,4285.12,4266.0,4277.19,3019.9355
2025-09-04 19:45:00+00:00,4277.16,4281.0,4265.33,4275.92,2942.547
2025-09-04 20:00:00+00:00,4275.92,4300.87,4272.3,4296.83,6358.0391
2025-09-04 20:15:00+00:00,4296.83,4308.58,4291.48,4305.85,2495.9664
2025-09-04 20:30:00+00:00,4305.86,4307.58,4300.62,4300.62,1047.7127
2025-09-04 20:45:00+00:00,4300.62,4310.06,4298.89,4306.04,2481.2424
2025-09-04 21:00:00+00:00,4306.05,4311.0,4302.82,4303.71,1661.7513
2025-09-04 21:15:00+00:00,4303.7,4315.35,4303.7,4312.7,1138.1137
2025-09-04 21:30:00+00:00,4312.7,4322.26,4309.33,4317.45,1785.4117
2025-09-04 21:45:00+00:00,4317.44,4326.2,4312.85,4319.27,1686.0952
2025-09-04 22:00:00+00:00,4319.27,4325.93,4316.42,4321.12,2254.6987
2025-09-04 22:15:00+00:00,4321.12,4329.8,4316.64,4327.81,2171.6556
2025-09-04 22:30:00+00:00,4327.81,4330.32,4317.64,4318.52,2217.4036
2025-09-04 22:45:00+00:00,4318.52,4353.33,4317.68,4341.68,4189.9565
2025-09-04 23:00:00+00:00,4341.68,4349.96,4332.5,4337.04,3200.7938
2025-09-04 23:15:00+00:00,4337.04,4340.39,4331.11,4332.81,1653.0152
2025-09-04 23:30:00+00:00,4332.8,4333.43,4315.48,4317.4,2870.012
2025-09-04 23:45:00+00:00,4317.41,4319.32,4295.93,4297.55,5119.5986
2025-09-05 00:00:00+00:00,4297.56,4305.0,4292.0,4301.45,4329.8217
2025-09-05 00:15:00+00:00,4301.45,4305.62,4291.02,4303.58,4610.3384
2025-09-05 00:30:00+00:00,4303.59,4314.23,4298.96,4306.86,2288.8635
2025-09-05 00:45:00+00:00,4306.87,4306.87,4293.5,4301.31,2804.2773
2025-09-05 01:00:00+00:00,4301.32,4312.06,4298.32,4306.17,2706.1934
2025-09-05 01:15:00+00:00,4306.17,4323.33,4303.16,4321.32,2672.2113
2025-09-05 01:30:00+00:00,4321.32,4333.0,4316.68,4331.92,2323.9377
2025-09-05 01:45:00+00:00,4331.93,4332.87,4323.92,4326.19,1773.5783
2025-09-05 02:00:00+00:00,4326.2,4335.69,4321.81,4325.2,2906.305
2025-09-05 02:15:00+00:00,4325.21,4331.68,4299.18,4323.8,5610.2633
2025-09-05 02:30:00+00:00,4323.8,4328.82,4308.0,4309.83,3072.9122
2025-09-05 02:45:00+00:00,4309.82,4327.4,4308.12,4324.4,1664.3486
2025-09-05 03:00:00+00:00,4324.4,4324.4,4305.29,4305.48,2235.6564
2025-09-05 03:15:00+00:00,4305.48,4313.09,4297.79,4301.55,1991.1033
2025-09-05 03:30:00+00:00,4301.55,4314.84,4300.62,4314.81,1666.6142
2025-09-05 03:45:00+00:00,4314.82,4332.33,4313.17,4328.88,3160.2975
2025-09-05 04:00:00+00:00,4328.89,4331.27,4317.62,4317.63,1346.7769
2025-09-05 04:15:00+00:00,4317.62,4325.8,4316.57,4320.96,1088.9306
2025-09-05 04:30:00+00:00,4320.96,4327.9,4318.54,4327.2,2281.3385
2025-09-05 04:45:00+00:00,4327.19,4335.23,4324.71,4330.53,2691.6966
2025-09-05 05:00:00+00:00,4330.54,4336.49,4327.33,4335.5,3259.4115
2025-09-05 05:15:00+00:00,4335.5,4342.48,4329.06,4334.01,1611.674
2025-09-05 05:30:00+00:00,4334.01,4341.45,4330.42,4338.72,1674.3713
2025-09-05 05:45:00+00:00,4338.71,4341.86,4335.83,4338.14,1389.9921
2025-09-05 06:00:00+00:00,4338.15,4341.71,4334.07,4336.3,1906.8431
2025-09-05 06:15:00+00:00,4336.3,4339.5,4322.61,4326.76,2504.8288
2025-09-05 06:30:00+00:00,4326.76,4333.72,4324.87,4332.8,1028.0808
2025-09-05 06:45:00+00:00,4332.8,4334.88,4324.31,4332.66,1963.0318
2025-09-05 07:00:00+00:00,4332.66,4364.54,4332.16,4356.58,8148.6323
2025-09-05 07:15:00+00:00,4356.57,4378.26,4354.62,4373.89,9772.8618
2025-09-05 07:30:00+00:00,4373.89,4398.47,4370.92,4398.46,12589.8449
2025-09-05 07:45:00+00:00,4398.46,4428.67,4397.08,4417.29,19602.4738
2025-09-05 08:00:00+00:00,4417.29,4420.97,4396.99,4399.0,9260.4836
2025-09-05 08:15:00+00:00,4398.99,4405.98,4386.6,4395.23,11139.0178
2025-09-05 08:30:00+00:00,4395.22,4405.11,4392.85,4398.48,3065.6493
2025-09-05 08:45:00+00:00,4398.48,4406.84,4397.95,4406.33,4147.5938
2025-09-05 09:00:00+00:00,4406.34,4409.3,4396.04,4396.79,4365.4341
2025-09-05 09:15:00+00:00,4396.8,4396.8,4374.3,4377.87,6507.2259
2025-09-05 09:30:00+00:00,4377.86,4400.0,4373.2,4396.91,4042.4248
2025-09-05 09:45:00+00:00,4396.91,4398.62,4391.97,4397.4,2394.0186
2025-09-05 10:00:00+00:00,4397.39,4415.72,4395.49,4403.0,6547.0346
2025-09-05 10:15:00+00:00,4403.0,4411.37,4400.22,4409.06,3543.904
2025-09-05 10:30:00+00:00,4409.05,4423.0,4409.05,4414.66,4303.9356
2025-09-05 10:45:00+00:00,4414.66,4422.85,4409.57,4409.99,2796.1263
2025-09-05 11:00:00+00:00,4409.99,4421.16,4406.8,4412.77,6740.8727
2025-09-05 11:15:00+00:00,4412.77,4426.31,4409.93,4418.99,6060.8147
2025-09-05 11:30:00+00:00,4419.0,4424.66,4413.37,4421.33,4604.9688
2025-09-05 11:45:00+00:00,4421.34,4424.21,4416.5,4417.39,2034.5018
2025-09-05 12:00:00+00:00,4417.38,4421.44,4411.82,4418.82,2640.3326
2025-09-05 12:15:00+00:00,4418.82,4449.98,4418.82,4449.61,13071.8397
2025-09-05 12:30:00+00:00,4449.62,4490.0,4406.46,4433.18,60969.2165
2025-09-05 12:45:00+00:00,4433.19,4473.34,4427.45,4471.12,15444.2495
2025-09-05 13:00:00+00:00,4471.12,4479.95,4453.84,4458.72,10334.0936
2025-09-05 13:15:00+00:00,4458.73,4473.17,4449.48,4464.28,7622.6802
2025-09-05 13:30:00+00:00,4464.29,4477.75,4444.88,4460.95,13955.4207
2025-09-05 13:45:00+00:00,4460.96,4465.3,4434.61,4442.8,13927.1717
2025-09-05 14:00:00+00:00,4442.79,4442.79,4397.43,4401.63,23242.0427
2025-09-05 14:15:00+00:00,4401.63,4402.4,4317.19,4322.82,37118.5539
2025-09-05 14:30:00+00:00,4322.81,4327.84,4276.98,4291.49,42927.3451
2025-09-05 14:45:00+00:00,4291.49,4298.24,4263.37,4273.62,28501.4435
2025-09-05 15:00:00+00:00,4273.61,4290.5,4256.03,4286.71,21171.9923
2025-09-05 15:15:00+00:00,4286.7,4302.74,4282.42,4296.52,14489.6224
2025-09-05 15:30:00+00:00,4296.52,4304.95,4278.1,4304.47,7241.1035
2025-09-05 15:45:00+00:00,4304.47,4304.47,4278.11,4283.39,6328.1381
2025-09-05 16:00:00+00:00,4283.4,4295.34,4274.56,4295.17,6252.5079
2025-09-05 16:15:00+00:00,4295.17,4295.55,4278.09,4287.98,3498.5203
2025-09-05 16:30:00+00:00,4287.99,4301.0,4286.05,4299.89,4678.9398
2025-09-05 16:45:00+00:00,4299.88,4303.75,4288.24,4297.81,3462.968
2025-09-05 17:00:00+00:00,4297.81,4299.21,4281.5,4291.68,3004.626
2025-09-05 17:15:00+00:00,4291.68,4295.33,4285.02,4285.37,2424.4078
2025-09-05 17:30:00+00:00,4285.37,4286.55,4272.35,4279.33,5184.4091
2025-09-05 17:45:00+00:00,4279.34,4290.77,4277.26,4289.99,2647.7431
2025-09-05 18:00:00+00:00,4289.99,4301.87,4284.38,4286.45,3835.4242
2025-09-05 18:15:00+00:00,4286.46,4298.88,4286.22,4298.38,2612.0742
2025-09-05 18:30:00+00:00,4298.39,4307.5,4295.54,4307.04,3493.7548
2025-09-05 18:45:00+00:00,4307.03,4317.16,4307.03,4312.93,3657.0929
2025-09-05 19:00:00+00:00,4312.94,4320.31,4306.2,4319.21,2645.8829
2025-09-05 19:15:00+00:00,4319.21,4331.9,4317.63,4328.84,6184.939
2025-09-05 19:30:00+00:00,4328.85,4330.0,4315.0,4319.57,2805.478
2025-09-05 19:45:00+00:00,4319.57,4331.74,4319.51,4331.54,3278.1523
2025-09-05 20:00:00+00:00,4331.54,4337.0,4322.73,4329.66,4633.9213
2025-09-05 20:15:00+00:00,4329.66,4330.99,4321.76,4326.82,2935.0621
2025-09-05 20:30:00+00:00,4326.81,4343.03,4325.46,4339.99,2773.6861
2025-09-05 20:45:00+00:00,4340.0,4340.0,4332.74,4338.66,1380.757
2025-09-05 21:00:00+00:00,4338.65,4339.03,4323.14,4332.6,1802.6925
2025-09-05 21:15:00+00:00,4332.6,4333.52,4286.71,4303.21,13299.0461
2025-09-05 21:30:00+00:00,4303.21,4317.78,4295.33,4311.87,4058.1834
2025-09-05 21:45:00+00:00,4311.87,4311.87,4289.65,4296.91,2101.7764
2025-09-05 22:00:00+00:00,4296.9,4307.47,4295.47,4302.13,2883.4993
2025-09-05 22:15:00+00:00,4302.14,4305.81,4299.2,4302.06,1641.3201
2025-09-05 22:30:00+00:00,4302.06,4318.32,4300.0,4316.85,2314.1694
2025-09-05 22:45:00+00:00,4316.84,4319.59,4311.5,4313.0,951.2563
2025-09-05 23:00:00+00:00,4313.0,4318.75,4311.0,4311.09,1015.6428
2025-09-05 23:15:00+00:00,4311.1,4315.8,4308.51,4312.12,1260.4728
2025-09-05 23:30:00+00:00,4312.12,4313.02,4304.16,4309.9,1148.7546
2025-09-05 23:45:00+00:00,4309.9,4310.12,4304.3,4307.45,1085.9516
2025-09-06 00:00:00+00:00,4307.46,4308.71,4302.77,4304.52,1481.9344
2025-09-06 00:15:00+00:00,4304.53,4318.12,4302.8,4316.44,1925.0277
2025-09-06 00:30:00+00:00,4316.45,4329.3,4315.41,4324.85,2762.3439
2025-09-06 00:45:00+00:00,4324.86,4328.18,4319.18,4322.97,1609.7559
2025-09-06 01:00:00+00:00,4322.97,4324.49,4315.64,4322.99,875.5627
2025-09-06 01:15:00+00:00,4323.0,4325.33,4315.56,4316.09,865.3718
2025-09-06 01:30:00+00:00,4316.09,4321.77,4312.63,4320.07,1138.8942
2025-09-06 01:45:00+00:00,4320.07,4323.41,4317.23,4318.18,953.2112
2025-09-06 02:00:00+00:00,4318.18,4323.32,4307.4,4310.33,2412.0355
2025-09-06 02:15:00+00:00,4310.33,4311.87,4304.5,4309.99,890.1277
2025-09-06 02:30:00+00:00,4310.0,4315.14,4307.7,4312.49,699.4145
2025-09-06 02:45:00+00:00,4312.5,4323.36,4312.3,4323.1,800.3202
2025-09-06 03:00:00+00:00,4323.09,4323.36,4317.62,4318.31,1103.8816
2025-09-06 03:15:00+00:00,4318.31,4325.0,4318.11,4321.47,1444.8555
2025-09-06 03:30:00+00:00,4321.48,4322.18,4316.85,4321.17,873.6068
2025-09-06 03:45:00+00:00,4321.17,4321.17,4316.65,4320.42,546.9173
2025-09-06 04:00:00+00:00,4320.43,4320.43,4311.0,4311.0,964.5664
2025-09-06 04:15:00+00:00,4311.01,4312.2,4308.0,4308.79,1518.0836
2025-09-06 04:30:00+00:00,4308.78,4310.09,4301.94,4305.81,1935.1789
2025-09-06 04:45:00+00:00,4305.82,4311.82,4305.64,4309.24,760.4039
2025-09-06 05:00:00+00:00,4309.25,4312.47,4306.19,4310.83,1027.9641
2025-09-06 05:15:00+00:00,4310.82,4310.82,4293.51,4297.83,3367.574
2025-09-06 05:30:00+00:00,4297.82,4301.29,4291.89,4296.3,1390.2755
2025-09-06 05:45:00+00:00,4296.3,4297.19,4290.71,4295.0,1350.3037
2025-09-06 06:00:00+00:00,4295.01,4301.35,4292.95,4301.08,937.2428
2025-09-06 06:15:00+00:00,4301.08,4302.66,4295.53,4302.14,1062.2309
2025-09-06 06:30:00+00:00,4302.13,4307.4,4301.69,4303.1,868.0294
2025-09-06 06:45:00+00:00,4303.11,4305.13,4300.0,4302.61,454.7949
2025-09-06 07:00:00+00:00,4302.62,4308.18,4300.0,4308.18,804.1715
2025-09-06 07:15:00+00:00,4308.17,4308.18,4302.96,4305.36,638.2744
2025-09-06 07:30:00+00:00,4305.36,4309.66,4303.4,4309.56,845.0992
2025-09-06 07:45:00+00:00,4309.57,4314.33,4306.86,4312.26,939.4699
2025-09-06 08:00:00+00:00,4312.27,4315.05,4305.46,4307.14,1504.585
2025-09-06 08:15:00+00:00,4307.13,4310.29,4305.04,4307.37,711.4123
2025-09-06 08:30:00+00:00,4307.38,4313.19,4307.38,4311.65,1104.708
2025-09-06 08:45:00+00:00,4311.65,4313.34,4308.89,4310.82,946.249
2025-09-06 09:00:00+00:00,4310.81,4310.81,4294.2,4297.83,2095.813
2025-09-06 09:15:00+00:00,4297.83,4300.77,4292.02,4293.18,1188.3997
2025-09-06 09:30:00+00:00,4293.18,4300.0,4291.44,4298.44,843.2321
2025-09-06 09:45:00+00:00,4298.44,4300.05,4292.37,4292.99,1177.9922
2025-09-06 10:00:00+00:00,4293.0,4297.24,4292.45,4295.0,902.8415
2025-09-06 10:15:00+00:00,4295.01,4296.19,4286.08,4294.12,1534.2556
2025-09-06 10:30:00+00:00,4294.13,4302.76,4292.09,4302.75,813.7844
2025-09-06 10:45:00+00:00,4302.76,4303.43,4296.82,4300.94,723.3807
2025-09-06 11:00:00+00:00,4300.95,4301.47,4294.39,4296.18,710.4077
2025-09-06 11:15:00+00:00,4296.18,4296.69,4291.0,4296.69,756.7978
2025-09-06 11:30:00+00:00,4296.68,4297.09,4290.93,4295.37,1203.994
2025-09-06 11:45:00+00:00,4295.37,4300.73,4294.73,4299.99,1404.6949
2025-09-06 12:00:00+00:00,4300.0,4308.39,4296.76,4303.42,2434.1482
2025-09-06 12:15:00+00:00,4303.42,4303.96,4298.29,4299.31,809.8336
2025-09-06 12:30:00+00:00,4299.31,4300.91,4292.0,4297.05,1250.4344
2025-09-06 12:45:00+00:00,4297.06,4303.2,4295.23,4299.63,913.8441
2025-09-06 13:00:00+00:00,4299.63,4302.33,4297.02,4299.45,2752.4583
2025-09-06 13:15:00+00:00,4299.45,4301.77,4297.23,4299.41,2677.007
2025-09-06 13:30:00+00:00,4299.41,4299.41,4290.96,4293.23,5867.7047
2025-09-06 13:45:00+00:00,4293.23,4295.44,4287.17,4293.73,3712.5412
2025-09-06 14:00:00+00:00,4293.73,4301.1,4292.0,4295.79,2333.0935
2025-09-06 14:15:00+00:00,4295.8,4300.2,4294.23,4297.42,993.0838
2025-09-06 14:30:00+00:00,4297.43,4301.46,4292.62,4300.27,1497.3311
2025-09-06 14:45:00+00:00,4300.26,4300.64,4293.72,4295.91,1092.0868
2025-09-06 15:00:00+00:00,4295.91,4297.0,4270.1,4272.95,7696.134
2025-09-06 15:15:00+00:00,4272.96,4281.7,4269.57,4279.49,4133.2454
2025-09-06 15:30:00+00:00,4279.49,4283.95,4274.43,4276.16,2522.402
2025-09-06 15:45:00+00:00,4276.15,4276.15,4263.19,4270.24,4251.2588
2025-09-06 16:00:00+00:00,4270.23,4277.1,4257.22,4270.8,7832.496
2025-09-06 16:15:00+00:00,4270.81,4272.15,4236.0,4260.6,14814.1105
2025-09-06 16:30:00+00:00,4260.6,4277.2,4260.0,4274.04,4529.5227
2025-09-06 16:45:00+00:00,4274.05,4304.25,4268.32,4289.97,7727.857
2025-09-06 17:00:00+00:00,4289.97,4292.02,4281.08,4287.49,1786.7536
2025-09-06 17:15:00+00:00,4287.5,4289.62,4276.0,4277.24,1421.3785
2025-09-06 17:30:00+00:00,4277.25,4281.08,4267.46,4268.44,1935.8063
2025-09-06 17:45:00+00:00,4268.44,4275.29,4266.82,4273.23,1518.0616
2025-09-06 18:00:00+00:00,4273.23,4287.46,4271.5,4283.07,1582.3866
2025-09-06 18:15:00+00:00,4283.07,4283.89,4276.32,4277.2,1139.9991
2025-09-06 18:30:00+00:00,4277.2,4277.67,4269.27,4272.0,1572.3775
2025-09-06 18:45:00+00:00,4272.0,4282.41,4271.48,4279.17,1228.9716
2025-09-06 19:00:00+00:00,4279.17,4281.24,4272.67,4273.47,1307.8652
2025-09-06 19:15:00+00:00,4273.48,4274.01,4261.9,4263.5,5338.4657
2025-09-06 19:30:00+00:00,4263.5,4266.18,4259.18,4259.84,2623.2853
2025-09-06 19:45:00+00:00,4259.83,4262.24,4251.24,4255.48,3023.4627
2025-09-06 20:00:00+00:00,4255.48,4262.8,4253.35,4261.72,2128.7354
2025-09-06 20:15:00+00:00,4261.72,4265.45,4260.1,4265.0,1348.7395
2025-09-06 20:30:00+00:00,4265.0,4275.03,4264.07,4273.3,1319.5821
2025-09-06 20:45:00+00:00,4273.3,4280.59,4272.7,4279.06,1077.7963
2025-09-06 21:00:00+00:00,4279.07,4279.34,4274.38,4274.46,670.4886
2025-09-06 21:15:00+00:00,4274.45,4276.56,4271.96,4273.99,700.8999
2025-09-06 21:30:00+00:00,4273.99,4277.34,4269.0,4272.29,1385.9342
2025-09-06 21:45:00+00:00,4272.3,4286.55,4272.3,4283.31,7340.6756
2025-09-06 22:00:00+00:00,4283.3,4288.0,4275.16,4278.79,2899.9564
2025-09-06 22:15:00+00:00,4278.8,4284.0,4276.24,4276.59,1810.9046
2025-09-06 22:30:00+00:00,4276.58,4278.4,4271.62,4274.5,1353.4554
2025-09-06 22:45:00+00:00,4274.51,4277.93,4270.13,4277.78,3086.6682
2025-09-06 23:00:00+00:00,4277.79,4280.44,4268.01,4279.01,1368.2714
2025-09-06 23:15:00+00:00,4279.0,4283.7,4275.28,4280.1,1486.4212
2025-09-06 23:30:00+00:00,4280.1,4281.36,4274.51,4274.81,1094.6032
2025-09-06 23:45:00+00:00,4274.81,4274.82,4271.21,4273.14,904.0579
2025-09-07 00:00:00+00:00,4273.15,4279.5,4270.81,4278.54,1774.4956
2025-09-07 00:15:00+00:00,4278.54,4279.13,4273.9,4274.3,1062.414
2025-09-07 00:30:00+00:00,4274.3,4285.13,4271.43,4285.13,1397.5277
2025-09-07 00:45:00+00:00,4285.13,4288.69,4282.23,4284.0,1672.2078
2025-09-07 01:00:00+00:00,4284.01,4295.89,4283.0,4291.64,2152.3034
2025-09-07 01:15:00+00:00,4291.63,4296.29,4286.49,4293.03,1696.8257
2025-09-07 01:30:00+00:00,4293.02,4297.31,4291.17,4296.99,1334.52
2025-09-07 01:45:00+00:00,4296.99,4303.43,4293.35,4294.99,1949.5013
2025-09-07 02:00:00+00:00,4294.99,4295.13,4288.9,4293.68,1394.6296
2025-09-07 02:15:00+00:00,4293.69,4295.0,4288.47,4294.99,1071.9048
2025-09-07 02:30:00+00:00,4295.0,4298.88,4290.85,4294.24,842.2375
2025-09-07 02:45:00+00:00,4294.25,4303.43,4294.25,4299.43,1253.7867
2025-09-07 03:00:00+00:00,4299.43,4300.99,4295.2,4295.88,774.072
2025-09-07 03:15:00+00:00,4295.88,4303.58,4295.58,4303.21,1131.8571
2025-09-07 03:30:00+00:00,4303.21,4304.08,4295.89,4296.94,1517.0321
2025-09-07 03:45:00+00:00,4296.94,4298.31,4292.41,4296.9,899.6771
2025-09-07 04:00:00+00:00,4296.9,4298.97,4292.88,4292.88,857.951
2025-09-07 04:15:00+00:00,4292.88,4296.81,4292.88,4296.06,1075.4009
2025-09-07 04:30:00+00:00,4296.05,4297.61,4293.83,4294.72,835.835
2025-09-07 04:45:00+00:00,4294.73,4302.57,4294.72,4301.38,1019.1054
2025-09-07 05:00:00+00:00,4301.39,4301.39,4296.84,4299.73,760.53
2025-09-07 05:15:00+00:00,4299.73,4303.43,4297.51,4302.0,1085.549
2025-09-07 05:30:00+00:00,4302.01,4302.01,4294.26,4294.26,961.3005
2025-09-07 05:45:00+00:00,4294.26,4295.89,4292.12,4294.65,858.955
2025-09-07 06:00:00+00:00,4294.64,4295.38,4290.73,4290.74,1633.3363
2025-09-07 06:15:00+00:00,4290.73,4292.0,4288.79,4290.46,1033.7574
2025-09-07 06:30:00+00:00,4290.47,4292.98,4283.61,4286.61,1296.8557
2025-09-07 06:45:00+00:00,4286.61,4290.32,4283.0,4283.82,1170.7581
2025-09-07 07:00:00+00:00,4283.83,4286.22,4276.76,4285.55,2180.7937
2025-09-07 07:15:00+00:00,4285.55,4293.81,4283.29,4293.03,1050.9827
2025-09-07 07:30:00+00:00,4293.03,4307.2,4292.95,4298.89,2872.5532
2025-09-07 07:45:00+00:00,4298.9,4301.94,4291.79,4294.56,1308.4705
2025-09-07 08:00:00+00:00,4294.57,4302.8,4294.57,4301.65,2119.8521
2025-09-07 08:15:00+00:00,4301.65,4315.35,4300.01,4308.92,4717.9263
2025-09-07 08:30:00+00:00,4308.93,4313.68,4304.05,4304.06,2193.8213
2025-09-07 08:45:00+00:00,4304.05,4309.31,4301.14,4301.14,2066.6769
2025-09-07 09:00:00+00:00,4301.14,4308.48,4300.01,4306.31,1369.831
2025-09-07 09:15:00+00:00,4306.31,4312.01,4300.06,4301.03,5175.316
2025-09-07 09:30:00+00:00,4301.04,4301.04,4293.96,4294.46,1675.348
2025-09-07 09:45:00+00:00,4294.47,4299.76,4291.65,4299.75,782.1025
2025-09-07 10:00:00+00:00,4299.76,4306.1,4296.78,4305.48,834.3232
2025-09-07 10:15:00+00:00,4305.47,4306.19,4298.11,4299.63,1009.0392
2025-09-07 10:30:00+00:00,4299.63,4306.01,4299.63,4302.35,3579.5354
2025-09-07 10:45:00+00:00,4302.35,4306.0,4298.97,4305.59,4219.5166
2025-09-07 11:00:00+00:00,4305.58,4310.0,4305.26,4307.1,4911.4314
2025-09-07 11:15:00+00:00,4307.1,4307.47,4303.64,4304.42,1200.2689
2025-09-07 11:30:00+00:00,4304.41,4306.75,4303.62,4305.98,1948.6689
2025-09-07 11:45:00+00:00,4305.99,4310.88,4304.16,4310.87,3218.9614
2025-09-07 12:00:00+00:00,4310.88,4310.94,4298.02,4300.42,1721.5088
2025-09-07 12:15:00+00:00,4300.42,4300.43,4294.03,4296.49,1163.7423
2025-09-07 12:30:00+00:00,4296.5,4303.24,4295.57,4297.76,1339.9121
2025-09-07 12:45:00+00:00,4297.76,4300.91,4296.5,4300.91,758.5949
2025-09-07 13:00:00+00:00,4300.91,4301.04,4296.45,4296.45,1019.4756
2025-09-07 13:15:00+00:00,4296.45,4298.92,4288.95,4298.45,2320.8452
2025-09-07 13:30:00+00:00,4298.46,4308.0,4297.81,4302.06,1797.6789
2025-09-07 13:45:00+00:00,4302.06,4306.05,4298.52,4305.22,1348.0825
2025-09-07 14:00:00+00:00,4305.21,4310.0,4298.11,4302.49,2381.5018
2025-09-07 14:15:00+00:00,4302.5,4307.4,4297.31,4300.68,1860.9021
2025-09-07 14:30:00+00:00,4300.67,4311.23,4297.42,4310.9,1928.8342
2025-09-07 14:45:00+00:00,4310.9,4310.91,4297.81,4299.96,2071.9788
2025-09-07 15:00:00+00:00,4299.96,4300.47,4296.49,4297.34,1403.4528
2025-09-07 15:15:00+00:00,4297.34,4305.02,4296.89,4300.43,3821.6272
2025-09-07 15:30:00+00:00,4300.43,4305.09,4298.3,4305.08,1313.7115
2025-09-07 15:45:00+00:00,4305.08,4305.36,4297.38,4299.38,1330.0558
2025-09-07 16:00:00+00:00,4299.39,4301.62,4292.99,4294.82,2213.719
2025-09-07 16:15:00+00:00,4294.82,4296.49,4286.7,4290.93,2056.6478
2025-09-07 16:30:00+00:00,4290.93,4293.66,4286.4,4291.35,905.871
2025-09-07 16:45:00+00:00,4291.34,4292.93,4283.13,4284.06,2274.755
2025-09-07 17:00:00+00:00,4284.07,4287.88,4273.52,4277.94,4108.1651
2025-09-07 17:15:00+00:00,4277.94,4282.35,4272.3,4274.37,2741.6191
2025-09-07 17:30:00+00:00,4274.36,4285.82,4272.78,4283.3,1882.1132
2025-09-07 17:45:00+00:00,4283.3,4285.35,4275.28,4275.29,1455.8345
2025-09-07 18:00:00+00:00,4275.29,4281.69,4273.56,4279.65,1447.83
2025-09-07 18:15:00+00:00,4279.65,4283.5,4275.95,4275.96,607.2508
2025-09-07 18:30:00+00:00,4275.96,4280.82,4270.81,4277.27,1650.6173
2025-09-07 18:45:00+00:00,4277.27,4283.8,4275.39,4281.09,1306.2627
2025-09-07 19:00:00+00:00,4281.1,4288.38,4277.87,4278.07,1265.1269
2025-09-07 19:15:00+00:00,4278.07,4283.58,4277.0,4282.0,783.0586
2025-09-07 19:30:00+00:00,4282.0,4296.49,4281.09,4295.88,1452.8874
2025-09-07 19:45:00+00:00,4295.88,4296.49,4290.73,4293.48,738.5455
2025-09-07 20:00:00+00:00,4293.47,4294.29,4281.34,4281.75,1518.345
2025-09-07 20:15:00+00:00,4281.74,4287.0,4281.74,4285.58,722.4849
2025-09-07 20:30:00+00:00,4285.59,4287.27,4283.13,4287.26,1213.5992
2025-09-07 20:45:00+00:00,4287.26,4300.0,4287.26,4300.0,1276.5516
2025-09-07 21:00:00+00:00,4300.0,4300.7,4289.42,4296.93,1219.3543
2025-09-07 21:15:00+00:00,4296.93,4296.94,4288.25,4288.57,524.1863
2025-09-07 21:30:00+00:00,4288.57,4296.49,4288.57,4290.74,822.4987
2025-09-07 21:45:00+00:00,4290.73,4294.02,4287.28,4288.11,681.7802
2025-09-07 22:00:00+00:00,4288.1,4296.94,4287.12,4296.75,1755.8471
2025-09-07 22:15:00+00:00,4296.74,4306.19,4296.74,4304.56,1482.1836
2025-09-07 22:30:00+00:00,4304.56,4306.72,4295.39,4302.2,1672.7318
2025-09-07 22:45:00+00:00,4302.2,4311.0,4302.2,4309.46,2169.5241
2025-09-07 23:00:00+00:00,4309.47,4319.53,4309.47,4315.96,3546.8341
2025-09-07 23:15:00+00:00,4315.96,4336.02,4315.06,4327.92,6747.5088
2025-09-07 23:30:00+00:00,4327.92,4330.03,4319.0,4324.43,2336.3827
2025-09-07 23:45:00+00:00,4324.43,4325.63,4298.36,4306.19,4509.0705
2025-09-08 00:00:00+00:00,4306.19,4314.34,4301.03,4304.17,2745.6768
2025-09-08 00:15:00+00:00,4304.17,4317.33,4292.5,4316.97,3060.7864
2025-09-08 00:30:00+00:00,4316.97,4318.74,4306.59,4312.51,2069.9305
2025-09-08 00:45:00+00:00,4312.52,4312.92,4295.55,4298.86,2234.8592
2025-09-08 01:00:00+00:00,4298.85,4302.25,4292.17,4294.07,3555.2538
2025-09-08 01:15:00+00:00,4294.07,4297.86,4285.0,4287.84,5656.8216
2025-09-08 01:30:00+00:00,4287.84,4298.79,4286.86,4291.63,2812.8013
2025-09-08 01:45:00+00:00,4291.61,4295.02,4288.87,4292.4,1486.6922
2025-09-08 02:00:00+00:00,4292.41,4294.66,4284.63,4291.36,3479.6485
2025-09-08 02:15:00+00:00,4291.35,4296.0,4279.0,4286.98,3108.0922
2025-09-08 02:30:00+00:00,4286.98,4308.72,4285.69,4303.14,3477.7862
2025-09-08 02:45:00+00:00,4303.14,4309.22,4300.0,4309.1,2604.5609
2025-09-08 03:00:00+00:00,4309.1,4311.94,4304.03,4307.97,2866.1853
2025-09-08 03:15:00+00:00,4307.97,4311.07,4304.77,4308.97,2045.6544
2025-09-08 03:30:00+00:00,4308.98,4330.97,4308.97,4317.79,6915.5656
2025-09-08 03:45:00+00:00,4317.79,4319.29,4307.32,4311.87,3196.5021
2025-09-08 04:00:00+00:00,4311.87,4313.59,4297.17,4304.81,2477.391
2025-09-08 04:15:00+00:00,4304.81,4307.82,4300.61,4305.95,930.7724
2025-09-08 04:30:00+00:00,4305.96,4309.96,4300.62,4302.99,1202.8761
2025-09-08 04:45:00+00:00,4303.0,4304.3,4295.65,4298.15,1169.9009
2025-09-08 05:00:00+00:00,4298.15,4302.96,4295.58,4296.49,1109.2131
2025-09-08 05:15:00+00:00,4296.48,4304.34,4293.49,4297.04,1000.0075
2025-09-08 05:30:00+00:00,4297.04,4297.63,4289.7,4289.86,2222.3679
2025-09-08 05:45:00+00:00,4289.85,4299.17,4289.68,4297.05,1293.8063
2025-09-08 06:00:00+00:00,4297.06,4298.82,4289.56,4293.85,2416.0908
2025-09-08 06:15:00+00:00,4293.85,4302.33,4291.96,4301.98,1885.8089
2025-09-08 06:30:00+00:00,4301.98,4303.19,4298.91,4300.14,1478.201
2025-09-08 06:45:00+00:00,4300.13,4300.14,4292.15,4292.21,1787.7225
2025-09-08 07:00:00+00:00,4292.22,4298.71,4290.46,4298.7,1865.4514
2025-09-08 07:15:00+00:00,4298.71,4309.51,4297.03,4305.24,2780.8938
2025-09-08 07:30:00+00:00,4305.25,4311.67,4290.95,4294.99,5500.3692
2025-09-08 07:45:00+00:00,4295.0,4295.69,4287.68,4291.78,3091.4376
2025-09-08 08:00:00+00:00,4291.78,4294.96,4288.3,4292.08,2062.9563
2025-09-08 08:15:00+00:00,4292.09,4298.9,4289.12,4294.49,2711.8518
2025-09-08 08:30:00+00:00,4294.48,4304.69,4293.74,4302.0,4326.1566
2025-09-08 08:45:00+00:00,4301.99,4304.65,4295.3,4301.79,4097.951
2025-09-08 09:00:00+00:00,4301.79,4317.99,4297.39,4317.37,3836.6545
2025-09-08 09:15:00+00:00,4317.36,4334.98,4316.99,4320.0,14840.1729
2025-09-08 09:30:00+00:00,4320.0,4321.36,4307.08,4312.54,4428.8237
2025-09-08 09:45:00+00:00,4312.53,4319.31,4309.78,4318.93,4165.4923
2025-09-08 10:00:00+00:00,4318.93,4330.57,4315.18,4324.35,4103.4059
2025-09-08 10:15:00+00:00,4324.34,4333.91,4321.63,4332.75,6322.4027
2025-09-08 10:30:00+00:00,4332.76,4335.0,4321.6,4334.52,4354.1498
2025-09-08 10:45:00+00:00,4334.52,4337.77,4326.6,4328.69,4872.8766
2025-09-08 11:00:00+00:00,4328.69,4329.76,4318.0,4319.8,3781.4015
2025-09-08 11:15:00+00:00,4319.8,4324.15,4301.04,4304.36,9968.5485
2025-09-08 11:30:00+00:00,4304.36,4306.79,4300.0,4306.46,4368.751
2025-09-08 11:45:00+00:00,4306.46,4320.14,4306.45,4312.41,2983.9416
2025-09-08 12:00:00+00:00,4312.42,4320.14,4306.75,4308.39,3297.5363
2025-09-08 12:15:00+00:00,4308.38,4316.73,4306.19,4315.7,2141.5491
2025-09-08 12:30:00+00:00,4315.69,4322.45,4313.95,4321.51,1886.8079
2025-09-08 12:45:00+00:00,4321.51,4322.6,4316.48,4320.46,4298.0356
2025-09-08 13:00:00+00:00,4320.46,4362.88,4320.11,4358.92,20991.0715
2025-09-08 13:15:00+00:00,4358.92,4362.87,4337.26,4339.96,6825.7149
2025-09-08 13:30:00+00:00,4339.96,4348.98,4320.45,4334.02,8013.5912
2025-09-08 13:45:00+00:00,4334.01,4340.82,4316.4,4320.12,5881.0843
2025-09-08 14:00:00+00:00,4320.13,4337.5,4315.0,4327.56,4371.2365
2025-09-08 14:15:00+00:00,4327.55,4345.0,4319.2,4343.46,3466.1962
2025-09-08 14:30:00+00:00,4343.46,4358.0,4338.68,4343.6,9054.0831
2025-09-08 14:45:00+00:00,4343.6,4354.93,4341.17,4350.72,3370.6394
2025-09-08 15:00:00+00:00,4350.72,4368.0,4344.41,4362.55,9726.2332
2025-09-08 15:15:00+00:00,4362.57,4384.06,4362.57,4381.5,12301.919
2025-09-08 15:30:00+00:00,4381.5,4382.36,4362.36,4372.34,7214.7279
2025-09-08 15:45:00+00:00,4372.34,4373.43,4361.64,4371.64,3033.6198
2025-09-08 16:00:00+00:00,4371.64,4373.43,4358.4,4358.41,3049.7488
2025-09-08 16:15:00+00:00,4358.4,4368.6,4349.56,4365.59,2898.2231
2025-09-08 16:30:00+00:00,4365.59,4366.13,4336.07,4347.42,3431.6841
2025-09-08 16:45:00+00:00,4347.43,4347.43,4334.31,4339.02,3273.096
2025-09-08 17:00:00+00:00,4339.01,4340.85,4328.29,4330.66,6647.8812
2025-09-08 17:15:00+00:00,4330.67,4343.29,4330.67,4340.93,2779.1024
2025-09-08 17:30:00+00:00,4340.93,4341.54,4324.8,4325.01,2546.9332
2025-09-08 17:45:00+00:00,4325.02,4329.0,4300.16,4311.48,7800.316
2025-09-08 18:00:00+00:00,4311.47,4323.73,4310.0,4318.03,2645.9829
2025-09-08 18:15:00+00:00,4318.03,4329.17,4318.03,4329.16,1511.0784
2025-09-08 18:30:00+00:00,4329.16,4330.31,4320.28,4327.63,1444.6287
2025-09-08 18:45:00+00:00,4327.62,4336.16,4327.18,4329.71,2166.9655
2025-09-08 19:00:00+00:00,4329.72,4329.72,4310.0,4314.92,3660.9259
2025-09-08 19:15:00+00:00,4314.93,4315.87,4301.21,4310.91,4196.4417
2025-09-08 19:30:00+00:00,4310.91,4311.56,4284.44,4293.22,7812.5957
2025-09-08 19:45:00+00:00,4293.23,4300.3,4287.23,4293.0,3882.8852
2025-09-08 20:00:00+00:00,4293.0,4298.43,4285.68,4289.95,3095.551
2025-09-08 20:15:00+00:00,4289.95,4290.37,4281.8,4286.25,3387.7487
2025-09-08 20:30:00+00:00,4286.26,4301.93,4285.0,4288.36,2903.75
2025-09-08 20:45:00+00:00,4288.36,4298.46,4287.3,4298.45,1898.6895
2025-09-08 21:00:00+00:00,4298.45,4304.8,4294.27,4302.83,2336.8133
2025-09-08 21:15:00+00:00,4302.84,4309.0,4301.49,4308.25,1888.5701
2025-09-08 21:30:00+00:00,4308.26,4316.66,4305.0,4309.75,4981.0053
2025-09-08 21:45:00+00:00,4309.74,4322.18,4309.46,4322.17,2585.0478
2025-09-08 22:00:00+00:00,4322.18,4332.5,4317.9,4324.37,5214.1322
2025-09-08 22:15:00+00:00,4324.37,4324.9,4315.78,4318.75,1967.9152
2025-09-08 22:30:00+00:00,4318.75,4320.31,4310.31,4315.3,2314.56
2025-09-08 22:45:00+00:00,4315.3,4319.52,4307.59,4311.14,2012.5341
2025-09-08 23:00:00+00:00,4311.14,4320.05,4308.45,4314.45,1286.4852
2025-09-08 23:15:00+00:00,4314.46,4320.16,4296.55,4303.93,3221.3039
2025-09-08 23:30:00+00:00,4303.93,4305.73,4297.04,4300.18,1639.514
2025-09-08 23:45:00+00:00,4300.18,4311.68,4298.16,4306.37,1771.6164
2025-09-09 00:00:00+00:00,4306.36,4311.01,4303.4,4308.09,2031.5298
2025-09-09 00:15:00+00:00,4308.09,4316.03,4295.88,4300.44,5303.9171
2025-09-09 00:30:00+00:00,4300.43,4300.71,4289.29,4299.46,2949.2939
2025-09-09 00:45:00+00:00,4299.45,4307.5,4292.46,4301.99,1836.0272
2025-09-09 01:00:00+00:00,4301.99,4307.9,4297.5,4298.14,2438.167
2025-09-09 01:15:00+00:00,4298.14,4298.14,4284.13,4289.87,4942.3198
2025-09-09 01:30:00+00:00,4289.88,4294.92,4282.3,4294.1,4444.5319
2025-09-09 01:45:00+00:00,4294.1,4294.49,4283.99,4286.66,4453.1985
2025-09-09 02:00:00+00:00,4286.66,4288.0,4280.0,4281.83,2784.8427
2025-09-09 02:15:00+00:00,4281.84,4291.24,4276.76,4284.82,4748.8571
2025-09-09 02:30:00+00:00,4284.81,4294.88,4282.58,4288.98,1792.2654
2025-09-09 02:45:00+00:00,4288.98,4292.67,4277.27,4290.82,2241.5966
2025-09-09 03:00:00+00:00,4290.81,4297.79,4288.24,4296.36,2070.5058
2025-09-09 03:15:00+00:00,4296.36,4304.33,4293.4,4301.8,2447.0923
2025-09-09 03:30:00+00:00,4301.81,4304.19,4294.47,4301.3,1603.8879
2025-09-09 03:45:00+00:00,4301.3,4308.44,4298.99,4306.63,2280.7479
2025-09-09 04:00:00+00:00,4306.62,4307.95,4303.45,4303.83,1639.6457
2025-09-09 04:15:00+00:00,4303.84,4315.55,4303.29,4311.21,3120.8142
2025-09-09 04:30:00+00:00,4311.2,4314.86,4307.55,4309.75,3078.4781
2025-09-09 04:45:00+00:00,4309.75,4318.0,4307.13,4313.56,2607.2311
2025-09-09 05:00:00+00:00,4313.56,4314.21,4305.15,4306.72,1878.302
2025-09-09 05:15:00+00:00,4306.71,4310.88,4302.5,4307.4,1714.9042
2025-09-09 05:30:00+00:00,4307.4,4311.0,4305.99,4311.0,1191.7202
2025-09-09 05:45:00+00:00,4311.0,4320.65,4310.62,4318.87,1480.4355
2025-09-09 06:00:00+00:00,4318.87,4343.27,4315.46,4342.59,8256.3367
2025-09-09 06:15:00+00:00,4342.59,4352.99,4337.01,4345.95,13329.5088
2025-09-09 06:30:00+00:00,4345.95,4371.0,4345.95,4360.48,9598.7475
2025-09-09 06:45:00+00:00,4360.48,4375.41,4359.84,4365.66,9988.531
2025-09-09 07:00:00+00:00,4365.65,4378.31,4365.4,4374.98,6741.4627
2025-09-09 07:15:00+00:00,4374.98,4381.87,4368.11,4372.29,7291.8775
2025-09-09 07:30:00+00:00,4372.29,4372.71,4355.03,4356.1,9144.0159
2025-09-09 07:45:00+00:00,4356.09,4361.66,4346.06,4361.53,6596.4435
2025-09-09 08:00:00+00:00,4361.53,4366.77,4355.12,4357.74,4269.528
2025-09-09 08:15:00+00:00,4357.73,4360.1,4343.79,4359.58,5500.3396
2025-09-09 08:30:00+00:00,4359.58,4366.62,4359.58,4361.53,3855.7491
2025-09-09 08:45:00+00:00,4361.52,4362.0,4349.95,4359.68,3204.2067
2025-09-09 09:00:00+00:00,4359.68,4361.27,4352.64,4356.76,2003.1198
2025-09-09 09:15:00+00:00,4356.76,4365.82,4356.75,4365.82,2329.9715
2025-09-09 09:30:00+00:00,4365.81,4366.11,4359.26,4361.37,1962.2987
2025-09-09 09:45:00+00:00,4361.36,4362.28,4353.51,4357.2,3123.8344
2025-09-09 10:00:00+00:00,4357.2,4363.16,4356.57,4358.79,2533.9463
2025-09-09 10:15:00+00:00,4358.79,4361.25,4346.3,4346.3,3388.4014
2025-09-09 10:30:00+00:00,4346.31,4361.3,4342.16,4358.99,3869.949
2025-09-09 10:45:00+00:00,4358.99,4358.99,4343.66,4348.73,3146.8285
2025-09-09 11:00:00+00:00,4348.73,4354.76,4347.02,4350.8,1590.6805
2025-09-09 11:15:00+00:00,4350.8,4355.52,4344.54,4354.54,2407.9276
2025-09-09 11:30:00+00:00,4354.53,4355.47,4348.0,4352.4,2823.9675
2025-09-09 11:45:00+00:00,4352.39,4356.0,4346.78,4347.34,1682.2711
2025-09-09 12:00:00+00:00,4347.33,4358.99,4329.12,4356.34,8045.6625
2025-09-09 12:15:00+00:00,4356.33,4367.04,4355.72,4366.12,3323.5814
2025-09-09 12:30:00+00:00,4366.13,4367.44,4347.39,4348.82,4454.1871
2025-09-09 12:45:00+00:00,4348.81,4355.0,4345.0,4345.19,2268.8229
2025-09-09 13:00:00+00:00,4345.2,4347.84,4328.0,4340.11,6214.8265
2025-09-09 13:15:00+00:00,4340.11,4343.99,4324.07,4342.39,6843.1081
2025-09-09 13:30:00+00:00,4342.39,4360.01,4338.75,4357.79,7791.9419
2025-09-09 13:45:00+00:00,4357.79,4360.75,4338.95,4347.42,5277.0424
2025-09-09 14:00:00+00:00,4347.42,4362.11,4307.22,4336.69,22781.7328
2025-09-09 14:15:00+00:00,4336.69,4337.24,4313.59,4322.35,6298.7707
2025-09-09 14:30:00+00:00,4322.34,4322.34,4286.0,4292.46,19847.7722
2025-09-09 14:45:00+00:00,4292.46,4307.1,4288.37,4306.24,7810.9179
2025-09-09 15:00:00+00:00,4306.24,4310.0,4285.0,4291.29,15604.3412
2025-09-09 15:15:00+00:00,4291.29,4297.99,4282.07,4290.27,13490.6362
2025-09-09 15:30:00+00:00,4290.27,4292.25,4277.06,4278.97,13111.9955
2025-09-09 15:45:00+00:00,4278.97,4295.75,4278.0,4284.94,7680.0678
2025-09-09 16:00:00+00:00,4284.94,4294.42,4280.47,4294.42,4142.8286
2025-09-09 16:15:00+00:00,4294.42,4297.16,4281.68,4286.89,3677.2698
2025-09-09 16:30:00+00:00,4286.89,4290.87,4281.5,4282.59,4297.4788
2025-09-09 16:45:00+00:00,4282.59,4289.0,4278.13,4288.11,1909.2192
2025-09-09 17:00:00+00:00,4288.12,4296.66,4280.92,4290.94,4153.2759
2025-09-09 17:15:00+00:00,4290.94,4293.52,4281.55,4283.87,1681.3331
2025-09-09 17:30:00+00:00,4283.88,4286.02,4280.01,4285.83,2122.8366
2025-09-09 17:45:00+00:00,4285.83,4287.9,4281.62,4285.91,1806.8503
2025-09-09 18:00:00+00:00,4285.92,4290.36,4280.51,4285.77,2843.871
2025-09-09 18:15:00+00:00,4285.78,4294.85,4284.59,4290.62,4232.6995
2025-09-09 18:30:00+00:00,4290.62,4290.62,4282.57,4283.25,2664.3102
2025-09-09 18:45:00+00:00,4283.25,4290.32,4283.16,4286.64,1596.0379
2025-09-09 19:00:00+00:00,4286.64,4293.08,4285.44,4291.41,1758.5916
2025-09-09 19:15:00+00:00,4291.39,4296.41,4288.91,4296.12,1427.828
2025-09-09 19:30:00+00:00,4296.13,4299.99,4290.9,4292.87,1685.2387
2025-09-09 19:45:00+00:00,4292.86,4298.07,4292.58,4295.0,1784.3984
2025-09-09 20:00:00+00:00,4295.0,4295.01,4284.37,4287.58,3109.0837
2025-09-09 20:15:00+00:00,4287.57,4291.89,4281.0,4284.65,2585.065
2025-09-09 20:30:00+00:00,4284.66,4290.0,4284.57,4287.25,1615.0792
2025-09-09 20:45:00+00:00,4287.25,4306.14,4287.24,4304.88,3179.6678
2025-09-09 21:00:00+00:00,4304.89,4319.67,4299.82,4314.29,2910.8375
2025-09-09 21:15:00+00:00,4314.28,4319.37,4294.61,4299.4,1857.066
2025-09-09 21:30:00+00:00,4299.39,4313.09,4297.1,4302.34,1467.9639
2025-09-09 21:45:00+00:00,4302.34,4303.72,4297.25,4302.43,871.6368
2025-09-09 22:00:00+00:00,4302.44,4315.9,4299.2,4314.2,2192.8198
2025-09-09 22:15:00+00:00,4314.21,4314.82,4308.84,4309.01,753.0569
2025-09-09 22:30:00+00:00,4309.0,4314.6,4307.66,4314.6,1126.1375
2025-09-09 22:45:00+00:00,4314.59,4318.6,4310.52,4318.6,2242.6336
2025-09-09 23:00:00+00:00,4318.59,4318.6,4312.16,4312.51,1752.3283
2025-09-09 23:15:00+00:00,4312.5,4312.68,4305.34,4308.37,1009.2901
2025-09-09 23:30:00+00:00,4308.37,4315.7,4302.99,4315.35,1152.5064
2025-09-09 23:45:00+00:00,4315.35,4315.69,4308.08,4310.09,1310.8797
2025-09-10 00:00:00+00:00,4310.08,4314.96,4307.0,4311.22,1048.5043
2025-09-10 00:15:00+00:00,4311.22,4311.22,4296.0,4298.07,2395.1635
2025-09-10 00:30:00+00:00,4298.08,4305.19,4293.89,4299.09,2797.4347
2025-09-10 00:45:00+00:00,4299.09,4299.55,4285.1,4285.73,4098.1985
2025-09-10 01:00:00+00:00,4285.73,4291.87,4285.24,4291.23,5555.4545
2025-09-10 01:15:00+00:00,4291.23,4306.16,4290.13,4301.86,3514.6917
2025-09-10 01:30:00+00:00,4301.87,4314.33,4300.0,4304.22,2298.7782
2025-09-10 01:45:00+00:00,4304.22,4306.0,4297.59,4302.78,1411.3331
2025-09-10 02:00:00+00:00,4302.77,4316.04,4302.77,4313.79,3169.2095
2025-09-10 02:15:00+00:00,4313.79,4325.0,4311.2,4318.87,4773.2748
2025-09-10 02:30:00+00:00,4318.86,4326.09,4316.4,4321.79,3356.59
2025-09-10 02:45:00+00:00,4321.79,4323.37,4315.0,4317.27,2206.3251
2025-09-10 03:00:00+00:00,4317.26,4318.5,4311.45,4318.49,1404.6019
2025-09-10 03:15:00+00:00,4318.5,4323.74,4308.26,4310.43,2615.3359
2025-09-10 03:30:00+00:00,4310.43,4319.2,4310.34,4312.35,1237.3109
2025-09-10 03:45:00+00:00,4312.34,4320.45,4312.34,4320.44,2035.3564
2025-09-10 04:00:00+00:00,4320.45,4320.45,4311.6,4317.6,2107.668
2025-09-10 04:15:00+00:00,4317.61,4317.61,4311.21,4316.24,1119.6329
2025-09-10 04:30:00+00:00,4316.24,4317.82,4308.39,4310.88,1200.3852
2025-09-10 04:45:00+00:00,4310.87,4314.01,4307.78,4312.27,1273.8688
2025-09-10 05:00:00+00:00,4312.27,4312.27,4302.26,4310.31,2028.6352
2025-09-10 05:15:00+00:00,4310.31,4315.86,4301.98,4313.4,4569.3269
2025-09-10 05:30:00+00:00,4313.39,4317.5,4310.66,4316.19,2600.8808
2025-09-10 05:45:00+00:00,4316.2,4317.8,4294.92,4308.54,4857.7422
2025-09-10 06:00:00+00:00,4308.51,4308.57,4297.56,4299.98,2659.937
2025-09-10 06:15:00+00:00,4299.98,4310.62,4299.24,4310.01,3809.0449
2025-09-10 06:30:00+00:00,4310.01,4315.6,4306.92,4314.73,3344.2286
2025-09-10 06:45:00+00:00,4314.72,4318.5,4310.71,4312.99,4721.8215
2025-09-10 07:00:00+00:00,4313.0,4318.82,4311.77,4318.79,1809.89
2025-09-10 07:15:00+00:00,4318.8,4333.28,4312.69,4331.0,5198.2674
2025-09-10 07:30:00+00:00,4331.0,4333.12,4322.89,4325.14,5188.9626
2025-09-10 07:45:00+00:00,4325.14,4332.61,4321.96,4329.82,4489.589
2025-09-10 08:00:00+00:00,4329.83,4333.0,4324.56,4332.99,4753.9819
2025-09-10 08:15:00+00:00,4332.99,4334.67,4323.44,4328.65,4409.5207
2025-09-10 08:30:00+00:00,4328.64,4331.12,4323.8,4329.79,6756.7083
2025-09-10 08:45:00+00:00,4329.79,4335.02,4325.79,4332.41,9964.6051
2025-09-10 09:00:00+00:00,4332.42,4333.36,4309.5,4318.39,4704.4838
2025-09-10 09:15:00+00:00,4318.4,4325.01,4313.33,4321.6,2829.2562
2025-09-10 09:30:00+00:00,4321.59,4328.05,4319.66,4322.13,4106.9896
2025-09-10 09:45:00+00:00,4322.13,4327.4,4321.05,4325.08,2426.9539
2025-09-10 10:00:00+00:00,4325.08,4327.7,4321.17,4323.57,2795.417
2025-09-10 10:15:00+00:00,4323.56,4329.51,4317.26,4329.37,2658.6549
2025-09-10 10:30:00+00:00,4329.37,4333.0,4327.37,4329.77,3329.1511
2025-09-10 10:45:00+00:00,4329.77,4330.75,4325.9,4326.93,2182.9942
2025-09-10 11:00:00+00:00,4326.94,4332.49,4325.75,4332.48,2317.5923
2025-09-10 11:15:00+00:00,4332.49,4333.0,4326.69,4329.53,3078.9935
2025-09-10 11:30:00+00:00,4329.54,4329.96,4322.21,4325.41,2237.4142
2025-09-10 11:45:00+00:00,4325.41,4331.31,4324.07,4331.31,1889.5132
2025-09-10 12:00:00+00:00,4331.3,4336.19,4330.0,4333.51,3997.015
2025-09-10 12:15:00+00:00,4333.52,4349.18,4331.24,4344.69,6687.7505
2025-09-10 12:30:00+00:00,4344.68,4392.29,4344.68,4378.62,43426.7071
2025-09-10 12:45:00+00:00,4378.63,4382.85,4357.76,4370.99,10705.6659
2025-09-10 13:00:00+00:00,4370.99,4392.39,4365.89,4384.22,14938.294
2025-09-10 13:15:00+00:00,4384.22,4391.97,4369.13,4371.24,11844.1508
2025-09-10 13:30:00+00:00,4371.24,4389.66,4357.33,4387.86,9977.5776
2025-09-10 13:45:00+00:00,4387.87,4439.99,4387.87,4417.92,33562.8005
2025-09-10 14:00:00+00:00,4417.92,4453.57,4417.92,4435.61,17011.1544
2025-09-10 14:15:00+00:00,4435.61,4444.44,4424.67,4424.9,10109.7663
2025-09-10 14:30:00+00:00,4424.9,4432.16,4410.58,4420.41,7077.042
2025-09-10 14:45:00+00:00,4420.41,4422.0,4398.15,4401.26,9190.2645
2025-09-10 15:00:00+00:00,4401.26,4423.29,4401.26,4423.29,7763.9237
2025-09-10 15:15:00+00:00,4423.28,4425.0,4404.2,4406.48,7106.0177
2025-09-10 15:30:00+00:00,4406.48,4410.0,4396.09,4409.69,7275.6424
2025-09-10 15:45:00+00:00,4409.69,4410.89,4398.77,4404.9,3540.4648
2025-09-10 16:00:00+00:00,4404.9,4409.31,4383.08,4383.61,6835.2106
2025-09-10 16:15:00+00:00,4383.62,4389.0,4362.57,4374.0,8590.556
2025-09-10 16:30:00+00:00,4374.0,4379.68,4363.62,4374.55,6292.4224
2025-09-10 16:45:00+00:00,4374.55,4385.71,4369.89,4385.71,5866.8247
2025-09-10 17:00:00+00:00,4385.71,4395.1,4378.54,4392.18,8609.7608
2025-09-10 17:15:00+00:00,4392.18,4397.23,4344.84,4348.74,9594.5046
2025-09-10 17:30:00+00:00,4348.74,4360.28,4342.85,4356.62,5507.276
2025-09-10 17:45:00+00:00,4356.63,4368.45,4353.31,4367.14,3251.3071
2025-09-10 18:00:00+00:00,4367.14,4373.34,4353.99,4360.66,5706.5587
2025-09-10 18:15:00+00:00,4360.66,4360.67,4331.87,4336.46,6608.7631
2025-09-10 18:30:00+00:00,4336.45,4349.68,4328.83,4342.33,5534.3595
2025-09-10 18:45:00+00:00,4342.33,4345.11,4327.01,4341.5,5265.4968
2025-09-10 19:00:00+00:00,4341.5,4342.92,4322.5,4323.49,5483.4785
2025-09-10 19:15:00+00:00,4323.5,4325.44,4302.0,4309.35,9873.3911
2025-09-10 19:30:00+00:00,4309.32,4320.78,4300.59,4314.52,10865.3309
2025-09-10 19:45:00+00:00,4314.51,4327.1,4312.5,4322.72,4282.2235
2025-09-10 20:00:00+00:00,4322.71,4334.05,4320.75,4332.77,5443.2203
2025-09-10 20:30:00+00:00,4331.28,4335.0,4325.72,4329.96,2107.0506
2025-09-10 20:45:00+00:00,4329.97,4331.67,4326.04,4329.92,1491.4538
2025-09-10 21:00:00+00:00,4329.94,4342.59,4328.45,4339.44,2331.1744
2025-09-10 21:15:00+00:00,4339.44,4344.2,4331.4,4333.36,2759.2225
2025-09-10 21:30:00+00:00,4333.37,4351.08,4333.37,4349.06,4115.8619
2025-09-10 21:45:00+00:00,4349.05,4353.87,4343.87,4349.93,2709.4982
2025-09-10 22:00:00+00:00,4349.92,4355.7,4347.63,4352.62,2544.2853
2025-09-10 22:15:00+00:00,4352.63,4353.61,4343.25,4346.33,1556.9247
2025-09-10 22:30:00+00:00,4346.33,4346.74,4337.63,4340.36,1898.7669
2025-09-10 22:45:00+00:00,4340.36,4348.5,4339.0,4345.8,1654.5379
2025-09-10 23:00:00+00:00,4345.79,4355.41,4345.79,4348.08,1686.0538
2025-09-10 23:15:00+00:00,4348.07,4355.61,4345.51,4345.52,1709.8046
2025-09-10 23:30:00+00:00,4345.51,4347.61,4339.35,4346.04,1623.1909
2025-09-10 23:45:00+00:00,4346.04,4351.15,4343.87,4349.32,2065.853
2025-09-11 00:00:00+00:00,4349.33,4349.33,4339.12,4339.13,1773.7503
2025-09-11 00:15:00+00:00,4339.12,4347.95,4338.82,4347.95,1863.0089
2025-09-11 00:30:00+00:00,4347.95,4348.81,4340.19,4347.35,1485.9383
2025-09-11 00:45:00+00:00,4347.35,4360.5,4346.1,4359.83,3134.065
2025-09-11 01:00:00+00:00,4359.82,4382.75,4355.0,4380.01,5106.5794
2025-09-11 01:15:00+00:00,4380.0,4383.26,4367.54,4371.27,4220.6137
2025-09-11 01:30:00+00:00,4371.28,4376.9,4363.32,4366.51,1820.4335
2025-09-11 01:45:00+00:00,4366.5,4369.48,4362.58,4365.55,1432.1304
2025-09-11 02:00:00+00:00,4365.55,4377.91,4363.21,4375.1,1521.271
2025-09-11 02:15:00+00:00,4375.1,4375.11,4362.35,4371.17,2651.8065
2025-09-11 02:30:00+00:00,4371.18,4381.57,4367.85,4381.57,2813.6606
2025-09-11 02:45:00+00:00,4381.57,4385.3,4376.77,4376.77,2774.0814
2025-09-11 03:00:00+00:00,4376.77,4381.66,4372.76,4378.78,1662.5457
2025-09-11 03:15:00+00:00,4378.77,4395.83,4377.48,4394.24,5928.2323
2025-09-11 03:30:00+00:00,4394.24,4394.99,4387.16,4389.47,3216.7411
2025-09-11 03:45:00+00:00,4389.47,4408.0,4389.35,4404.1,7766.5525
2025-09-11 04:00:00+00:00,4404.11,4408.5,4395.05,4402.0,6589.2616
2025-09-11 04:15:00+00:00,4401.99,4418.25,4401.99,4413.12,5010.0952
2025-09-11 04:30:00+00:00,4413.13,4418.56,4405.0,4415.6,2930.2571
2025-09-11 04:45:00+00:00,4415.6,4416.25,4408.66,4411.32,2921.5155
2025-09-11 05:00:00+00:00,4411.32,4414.12,4403.13,4404.35,2657.8205
2025-09-11 05:15:00+00:00,4404.35,4414.0,4398.43,4406.35,4293.2688
2025-09-11 05:30:00+00:00,4406.35,4425.0,4406.35,4416.2,6938.7954
2025-09-11 05:45:00+00:00,4416.21,4422.39,4414.58,4419.03,2616.3988
2025-09-11 06:00:00+00:00,4419.02,4423.12,4406.83,4418.9,3771.8596
2025-09-11 06:15:00+00:00,4418.89,4433.5,4414.66,4426.83,11149.3295
2025-09-11 06:30:00+00:00,4426.83,4440.0,4425.22,4437.45,7306.9539
2025-09-11 06:45:00+00:00,4437.45,4443.16,4432.37,4440.0,3860.5764
2025-09-11 07:00:00+00:00,4440.0,4450.0,4425.83,4444.43,9488.132
2025-09-11 07:15:00+00:00,4444.43,4446.43,4434.5,4437.14,3501.1613
2025-09-11 07:30:00+00:00,4437.13,4444.0,4431.42,4441.79,3263.3565
2025-09-11 07:45:00+00:00,4441.78,4445.05,4437.94,4440.41,3823.0224
2025-09-11 08:00:00+00:00,4440.4,4442.47,4429.29,4433.11,3863.0663
2025-09-11 08:15:00+00:00,4433.11,4433.61,4427.2,4428.77,2691.2481
2025-09-11 08:30:00+00:00,4428.77,4440.0,4428.76,4437.21,3702.3029
2025-09-11 08:45:00+00:00,4437.21,4438.03,4431.41,4431.42,4122.9098
2025-09-11 09:00:00+00:00,4431.41,4434.76,4419.28,4419.89,3787.8155
2025-09-11 09:15:00+00:00,4419.89,4422.62,4412.68,4416.33,4945.6707
2025-09-11 09:30:00+00:00,4416.33,4416.34,4407.22,4411.33,5912.2341
2025-09-11 09:45:00+00:00,4411.32,4420.58,4406.3,4416.29,2709.4596
2025-09-11 10:00:00+00:00,4416.29,4428.53,4414.73,4427.72,3432.2775
2025-09-11 10:15:00+00:00,4427.72,4427.82,4421.59,4423.8,2125.1011
2025-09-11 10:30:00+00:00,4423.8,4425.34,4418.24,4421.67,2386.523
2025-09-11 10:45:00+00:00,4421.68,4430.37,4419.26,4427.82,1958.7205
2025-09-11 11:00:00+00:00,4427.81,4438.2,4423.02,4434.51,3621.8555
2025-09-11 11:15:00+00:00,4434.5,4435.48,4427.27,4427.28,1630.7818
2025-09-11 11:30:00+00:00,4427.27,4438.85,4423.3,4435.57,3194.3504
2025-09-11 11:45:00+00:00,4435.58,4438.91,4428.61,4429.8,1814.0564
2025-09-11 12:00:00+00:00,4429.81,4465.0,4423.63,4453.68,17311.4809
2025-09-11 12:15:00+00:00,4453.67,4473.5,4437.05,4473.0,10818.5192
2025-09-11 12:30:00+00:00,4473.0,4481.09,4350.01,4414.57,55094.8461
2025-09-11 12:45:00+00:00,4414.56,4445.49,4414.56,4426.06,12983.359
2025-09-11 13:00:00+00:00,4426.07,4427.87,4385.03,4393.09,14958.8155
2025-09-11 13:15:00+00:00,4393.09,4414.34,4385.68,4407.39,7373.7501
2025-09-11 13:30:00+00:00,4407.4,4424.77,4398.0,4400.46,8461.8595
2025-09-11 13:45:00+00:00,4400.45,4442.9,4392.6,4437.4,14226.904
2025-09-11 14:00:00+00:00,4437.4,4438.93,4410.37,4411.34,6713.1635
2025-09-11 14:15:00+00:00,4411.34,4411.77,4396.39,4408.71,7080.1229
2025-09-11 14:30:00+00:00,4408.71,4434.79,4408.24,4430.66,5724.1189
2025-09-11 14:45:00+00:00,4430.65,4433.0,4418.24,4427.53,4940.6279
2025-09-11 15:00:00+00:00,4427.54,4432.94,4418.56,4420.69,2982.2285
2025-09-11 15:15:00+00:00,4420.69,4431.48,4413.1,4416.12,3599.06
2025-09-11 15:30:00+00:00,4416.12,4422.66,4409.0,4411.66,2729.4308
2025-09-11 15:45:00+00:00,4411.72,4413.85,4401.0,4412.52,3529.5113
2025-09-11 16:00:00+00:00,4412.52,4423.26,4412.51,4420.75,2395.3389
2025-09-11 16:15:00+00:00,4420.74,4426.14,4412.0,4412.04,1602.3802
2025-09-11 16:30:00+00:00,4412.04,4422.08,4407.4,4418.52,1980.2833
2025-09-11 16:45:00+00:00,4418.52,4418.92,4408.95,4417.9,2464.7142
2025-09-11 17:00:00+00:00,4417.9,4433.84,4414.11,4430.88,2431.6835
2025-09-11 17:15:00+00:00,4430.88,4438.42,4427.98,4428.0,2768.7659
2025-09-11 17:30:00+00:00,4428.01,4441.5,4428.01,4436.73,3396.4614
2025-09-11 17:45:00+00:00,4436.73,4440.5,4427.59,4433.31,2909.7801
2025-09-11 18:00:00+00:00,4433.31,4437.19,4425.01,4425.11,2161.1005
2025-09-11 18:15:00+00:00,4425.11,4425.11,4411.71,4416.94,2526.2288
2025-09-11 18:30:00+00:00,4416.94,4423.66,4408.67,4423.65,2178.0269
2025-09-11 18:45:00+00:00,4423.65,4424.08,4414.11,4420.31,1284.623
2025-09-11 19:00:00+00:00,4420.3,4423.34,4413.93,4414.55,1825.5713
2025-09-11 19:15:00+00:00,4414.56,4429.08,4413.39,4423.4,2154.9847
2025-09-11 19:30:00+00:00,4423.39,4429.05,4422.22,4426.72,1763.2139
2025-09-11 19:45:00+00:00,4426.72,4430.66,4422.41,4423.73,1926.2383
2025-09-11 20:00:00+00:00,4423.73,4426.98,4415.57,4415.88,1126.7183
2025-09-11 20:15:00+00:00,4415.87,4423.66,4415.87,4419.38,1607.4744
2025-09-11 20:30:00+00:00,4419.38,4421.98,4416.29,4416.73,1093.6822
2025-09-11 20:45:00+00:00,4416.72,4420.0,4415.4,4417.28,1003.2311
2025-09-11 21:00:00+00:00,4417.28,4423.92,4415.69,4420.51,1386.1533
2025-09-11 21:15:00+00:00,4420.5,4423.02,4416.3,4419.33,1350.9251
2025-09-11 21:30:00+00:00,4419.32,4424.15,4419.32,4423.67,1185.2799
2025-09-11 21:45:00+00:00,4423.67,4430.51,4420.84,4429.22,1692.1771
2025-09-11 22:00:00+00:00,4429.23,4432.0,4424.36,4427.8,4195.8684
2025-09-11 22:15:00+00:00,4427.8,4450.63,4427.79,4443.61,11180.3182
2025-09-11 22:30:00+00:00,4443.6,4452.57,4438.15,4447.98,4014.6168
2025-09-11 22:45:00+00:00,4447.97,4462.01,4447.97,4453.72,4512.7542
2025-09-11 23:00:00+00:00,4453.72,4469.0,4451.32,4465.8,3868.2717
2025-09-11 23:15:00+00:00,4465.81,4468.8,4460.28,4461.09,2647.6186
2025-09-11 23:30:00+00:00,4461.08,4462.0,4454.29,4459.52,2588.2226
2025-09-11 23:45:00+00:00,4459.51,4463.66,4456.08,4458.82,2317.5717
2025-09-12 00:00:00+00:00,4458.83,4464.95,4452.58,4457.16,3934.05
2025-09-12 00:15:00+00:00,4457.17,4470.0,4450.71,4463.37,3813.6979
2025-09-12 00:30:00+00:00,4463.37,4517.49,4462.81,4508.16,20051.3439
2025-09-12 00:45:00+00:00,4508.15,4539.0,4492.81,4512.07,19897.154
2025-09-12 01:00:00+00:00,4512.06,4531.46,4512.06,4531.45,9841.6769
2025-09-12 01:15:00+00:00,4531.45,4532.84,4518.63,4522.47,6232.4429
2025-09-12 01:30:00+00:00,4522.46,4522.64,4507.52,4513.58,4213.0988
2025-09-12 01:45:00+00:00,4513.58,4515.0,4494.15,4497.61,5436.1458
2025-09-12 02:00:00+00:00,4497.61,4513.88,4496.25,4510.01,6449.062
2025-09-12 02:15:00+00:00,4510.01,4523.5,4510.01,4515.44,3770.5347
2025-09-12 02:30:00+00:00,4515.45,4524.35,4508.35,4515.0,2463.5143
2025-09-12 02:45:00+00:00,4515.0,4515.3,4503.53,4507.51,2371.8991
2025-09-12 03:00:00+00:00,4507.52,4509.37,4497.6,4501.89,2243.2492
2025-09-12 03:15:00+00:00,4501.9,4508.67,4499.5,4501.23,3767.5912
2025-09-12 03:30:00+00:00,4501.23,4506.1,4488.38,4496.99,4811.6599
2025-09-12 03:45:00+00:00,4496.99,4506.89,4496.37,4505.55,2996.5872
2025-09-12 04:00:00+00:00,4505.55,4511.33,4500.01,4509.51,2408.3512
2025-09-12 04:15:00+00:00,4509.51,4519.84,4507.85,4517.59,3801.807
2025-09-12 04:30:00+00:00,4517.6,4522.0,4515.99,4519.51,4352.568
2025-09-12 04:45:00+00:00,4519.5,4524.64,4514.72,4521.36,2992.6475
2025-09-12 05:00:00+00:00,4521.35,4523.18,4514.64,4516.67,2231.9362
2025-09-12 05:15:00+00:00,4516.68,4529.72,4516.2,4520.35,2879.6597
2025-09-12 05:30:00+00:00,4520.36,4529.99,4517.99,4529.01,2546.3315
2025-09-12 05:45:00+00:00,4529.0,4558.88,4528.49,4558.41,11392.5584
2025-09-12 06:00:00+00:00,4558.42,4563.0,4547.24,4547.41,10615.0572
2025-09-12 06:15:00+00:00,4547.41,4555.9,4543.79,4545.98,3098.2898
2025-09-12 06:30:00+00:00,4545.99,4550.29,4537.69,4543.1,3291.5416
2025-09-12 06:45:00+00:00,4543.09,4544.35,4531.63,4538.99,4571.9008
2025-09-12 07:00:00+00:00,4539.0,4550.23,4537.15,4546.7,3396.6245
2025-09-12 07:15:00+00:00,4546.69,4551.97,4535.0,4539.28,2853.7503
2025-09-12 07:30:00+00:00,4539.28,4539.29,4525.15,4529.5,6462.0271
2025-09-12 07:45:00+00:00,4529.49,4530.83,4524.17,4525.81,5278.7831
2025-09-12 08:00:00+00:00,4525.81,4533.32,4520.0,4525.91,3940.9249
2025-09-12 08:15:00+00:00,4525.92,4527.78,4513.83,4520.94,3197.8975
2025-09-12 08:30:00+00:00,4520.94,4522.44,4516.0,4518.53,2157.7049
2025-09-12 08:45:00+00:00,4518.53,4520.31,4513.67,4517.9,1613.2174
2025-09-12 09:00:00+00:00,4517.89,4525.22,4517.41,4523.45,1666.874
2025-09-12 09:15:00+00:00,4523.46,4523.89,4515.0,4518.05,1524.5001
2025-09-12 09:30:00+00:00,4518.05,4528.71,4517.76,4518.41,3089.2836
2025-09-12 09:45:00+00:00,4518.41,4521.58,4504.5,4515.12,5293.0663
2025-09-12 10:00:00+00:00,4515.11,4522.94,4508.62,4517.12,2722.6116
2025-09-12 10:15:00+00:00,4517.12,4517.12,4507.41,4511.25,2379.8875
2025-09-12 10:30:00+00:00,4511.25,4514.83,4509.78,4512.16,1618.8485
2025-09-12 10:45:00+00:00,4512.16,4517.54,4509.62,4516.69,1706.0973
2025-09-12 11:00:00+00:00,4516.69,4524.99,4513.59,4520.92,1887.161
2025-09-12 11:15:00+00:00,4520.92,4536.53,4520.91,4535.01,3181.535
2025-09-12 11:30:00+00:00,4535.0,4535.23,4524.5,4526.06,1529.8714
2025-09-12 11:45:00+00:00,4526.05,4526.06,4516.05,4520.76,1613.2394
2025-09-12 12:00:00+00:00,4520.76,4521.95,4504.11,4512.3,4849.8245
2025-09-12 12:15:00+00:00,4512.31,4520.58,4509.53,4519.16,2649.5931
2025-09-12 12:30:00+00:00,4519.16,4520.42,4512.0,4518.6,2037.671
2025-09-12 12:45:00+00:00,4518.6,4530.81,4517.16,4526.63,3417.0852
2025-09-12 13:00:00+00:00,4526.63,4529.67,4521.64,4522.49,2214.0431
2025-09-12 13:15:00+00:00,4522.49,4523.4,4516.84,4518.83,1569.8962
2025-09-12 13:30:00+00:00,4518.84,4526.11,4506.88,4515.0,5077.9353
2025-09-12 13:45:00+00:00,4515.01,4543.08,4511.4,4539.64,6797.3814
2025-09-12 14:00:00+00:00,4539.63,4564.35,4532.83,4545.76,13217.1197
2025-09-12 14:15:00+00:00,4545.77,4571.24,4542.79,4558.57,10713.3726
2025-09-12 14:30:00+00:00,4558.57,4564.23,4524.64,4525.55,9798.1967
2025-09-12 14:45:00+00:00,4525.55,4547.67,4525.55,4547.02,3629.4866
2025-09-12 15:00:00+00:00,4547.02,4549.88,4530.3,4533.08,3471.6591
2025-09-12 15:15:00+00:00,4533.08,4543.87,4530.41,4532.48,3548.0562
2025-09-12 15:30:00+00:00,4532.47,4543.89,4528.32,4541.35,3335.1476
2025-09-12 15:45:00+00:00,4541.35,4551.6,4538.92,4541.98,3749.3245
2025-09-12 16:00:00+00:00,4541.99,4548.11,4533.69,4548.1,2179.149
2025-09-12 16:15:00+00:00,4548.11,4572.0,4545.12,4568.96,6355.3162
2025-09-12 16:30:00+00:00,4568.95,4576.0,4552.51,4559.27,5264.6609
2025-09-12 16:45:00+00:00,4559.27,4576.2,4557.15,4575.8,5018.2236
2025-09-12 17:00:00+00:00,4575.79,4578.0,4564.81,4577.0,4898.6667
2025-09-12 17:15:00+00:00,4577.0,4592.71,4571.5,4589.67,7151.2062
2025-09-12 17:30:00+00:00,4589.68,4619.54,4588.2,4617.01,14185.5059
2025-09-12 17:45:00+00:00,4617.01,4628.0,4602.79,4613.05,8706.4873
2025-09-12 18:00:00+00:00,4613.06,4615.0,4599.54,4611.57,5480.2625
2025-09-12 18:15:00+00:00,4611.56,4620.0,4607.3,4615.44,4227.982
2025-09-12 18:30:00+00:00,4615.45,4627.45,4613.63,4615.14,5765.2855
2025-09-12 18:45:00+00:00,4615.14,4624.99,4611.57,4624.61,4203.9185
2025-09-12 19:00:00+00:00,4624.62,4626.58,4616.64,4619.72,3641.033
2025-09-12 19:15:00+00:00,4619.72,4630.0,4614.65,4628.99,4434.8782
2025-09-12 19:30:00+00:00,4628.99,4644.72,4622.66,4643.89,8014.7291
2025-09-12 19:45:00+00:00,4643.9,4660.0,4641.88,4657.18,12527.8865
2025-09-12 20:00:00+00:00,4657.19,4657.4,4638.73,4642.15,9418.4893
2025-09-12 20:15:00+00:00,4642.14,4645.17,4630.24,4643.87,4211.2252
2025-09-12 20:30:00+00:00,4643.87,4667.93,4643.63,4665.21,5779.098
2025-09-12 20:45:00+00:00,4665.21,4692.56,4663.54,4670.48,13732.1391
2025-09-12 21:00:00+00:00,4670.48,4671.89,4657.17,4668.91,7614.5365
2025-09-12 21:15:00+00:00,4668.9,4671.04,4655.04,4660.0,3287.5394
2025-09-12 21:30:00+00:00,4660.01,4660.01,4644.42,4650.1,4485.0522
2025-09-12 21:45:00+00:00,4650.1,4655.0,4648.76,4649.8,1694.9191
2025-09-12 22:00:00+00:00,4649.81,4669.94,4649.8,4664.38,3838.7342
2025-09-12 22:15:00+00:00,4664.38,4748.4,4664.22,4714.93,26917.7292
2025-09-12 22:30:00+00:00,4714.93,4725.0,4694.04,4697.0,8143.6456
2025-09-12 22:45:00+00:00,4697.0,4706.51,4689.39,4695.16,4379.6066
2025-09-12 23:00:00+00:00,4695.17,4696.99,4676.21,4678.92,4463.8404
2025-09-12 23:15:00+00:00,4678.92,4711.93,4671.51,4706.76,8743.824
2025-09-12 23:30:00+00:00,4706.75,4706.75,4693.63,4696.14,2892.6155
2025-09-12 23:45:00+00:00,4696.14,4715.27,4694.3,4712.16,5453.2999
2025-09-13 00:00:00+00:00,4712.16,4717.65,4697.58,4699.15,5666.4491
2025-09-13 00:15:00+00:00,4699.16,4709.82,4697.0,4699.21,3186.0323
2025-09-13 00:30:00+00:00,4699.21,4705.71,4698.21,4701.09,3551.9306
2025-09-13 00:45:00+00:00,4701.09,4711.31,4699.11,4704.71,3143.1812
2025-09-13 01:00:00+00:00,4704.7,4731.16,4702.11,4720.7,7144.0296
2025-09-13 01:15:00+00:00,4720.71,4733.58,4711.16,4713.13,5194.2882
2025-09-13 01:30:00+00:00,4713.12,4723.5,4711.92,4712.5,3385.946
2025-09-13 01:45:00+00:00,4712.5,4713.36,4700.01,4700.49,3234.8058
2025-09-13 02:00:00+00:00,4700.48,4714.45,4691.85,4709.04,4170.5157
2025-09-13 02:15:00+00:00,4709.03,4712.07,4700.0,4707.93,2857.5573
2025-09-13 02:30:00+00:00,4707.92,4708.0,4700.01,4703.62,2417.1899
2025-09-13 02:45:00+00:00,4703.61,4706.62,4699.7,4702.71,1475.9464
2025-09-13 03:00:00+00:00,4702.72,4715.0,4701.86,4713.12,6490.5802
2025-09-13 03:15:00+00:00,4713.11,4730.78,4710.98,4725.85,15802.1981
2025-09-13 03:30:00+00:00,4725.86,4750.01,4722.25,4747.33,19389.9447
2025-09-13 03:45:00+00:00,4747.33,4769.36,4741.66,4756.81,12838.2844
2025-09-13 04:00:00+00:00,4756.8,4756.91,4738.63,4739.53,6434.5557
2025-09-13 04:15:00+00:00,4739.53,4744.17,4734.88,4735.81,2907.8233
2025-09-13 04:30:00+00:00,4735.8,4747.55,4735.8,4747.37,3332.2474
2025-09-13 04:45:00+00:00,4747.37,4754.69,4743.1,4743.1,4489.4031
2025-09-13 05:00:00+00:00,4743.1,4743.11,4726.23,4731.72,4152.51
2025-09-13 05:15:00+00:00,4731.73,4731.73,4720.06,4721.76,5059.6798
2025-09-13 05:30:00+00:00,4721.77,4726.01,4717.96,4724.74,2389.8115
2025-09-13 05:45:00+00:00,4724.74,4724.74,4719.18,4723.43,1300.2752
2025-09-13 06:00:00+00:00,4723.43,4730.88,4719.83,4728.94,2732.8942
2025-09-13 06:15:00+00:00,4728.94,4728.95,4711.12,4715.99,3845.6512
2025-09-13 06:30:00+00:00,4716.0,4720.0,4711.0,4714.28,2868.5245
2025-09-13 06:45:00+00:00,4714.28,4714.28,4702.33,4711.09,5926.3274
2025-09-13 07:00:00+00:00,4711.09,4715.0,4707.29,4715.0,1596.4612
2025-09-13 07:15:00+00:00,4714.99,4721.95,4714.32,4718.89,2426.9936
2025-09-13 07:30:00+00:00,4718.89,4723.49,4713.83,4715.74,3130.5563
2025-09-13 07:45:00+00:00,4715.73,4715.9,4711.6,4711.7,1235.866
2025-09-13 08:00:00+00:00,4711.7,4720.0,4711.7,4718.35,1677.4291
2025-09-13 08:15:00+00:00,4718.35,4720.82,4714.82,4717.61,1997.3092
2025-09-13 08:30:00+00:00,4717.61,4727.7,4717.0,4723.75,3642.3981
2025-09-13 08:45:00+00:00,4723.75,4731.16,4720.81,4730.25,2383.4629
2025-09-13 09:00:00+00:00,4730.25,4730.26,4725.34,4728.32,2526.8012
2025-09-13 09:15:00+00:00,4728.31,4728.32,4721.21,4721.34,2246.8128
2025-09-13 09:30:00+00:00,4721.33,4725.87,4720.81,4725.86,2222.8404
2025-09-13 09:45:00+00:00,4725.86,4733.45,4724.27,4732.52,3275.7255
2025-09-13 10:00:00+00:00,4732.51,4738.58,4726.33,4735.23,4356.9474
2025-09-13 10:15:00+00:00,4735.23,4736.86,4720.47,4720.73,2967.8712
2025-09-13 10:30:00+00:00,4720.73,4720.73,4710.23,4719.63,3813.2828
2025-09-13 10:45:00+00:00,4719.64,4720.82,4713.0,4718.05,3365.5267
2025-09-13 11:00:00+00:00,4718.04,4720.0,4709.3,4711.29,2917.7855
2025-09-13 11:15:00+00:00,4711.29,4713.97,4709.01,4713.85,2426.7857
2025-09-13 11:30:00+00:00,4713.86,4724.75,4712.87,4724.14,2117.4068
2025-09-13 11:45:00+00:00,4724.13,4724.13,4719.28,4719.53,968.1284
2025-09-13 12:00:00+00:00,4719.53,4719.54,4714.86,4716.87,1209.6032
2025-09-13 12:15:00+00:00,4716.86,4718.3,4714.99,4717.96,1318.7305
2025-09-13 12:30:00+00:00,4717.95,4730.18,4717.95,4724.02,3072.7279
2025-09-13 12:45:00+00:00,4724.01,4725.1,4720.44,4720.45,1336.6756
2025-09-13 13:00:00+00:00,4720.45,4721.52,4715.1,4721.0,2614.942
2025-09-13 13:15:00+00:00,4721.0,4725.51,4715.1,4724.26,3131.3452
2025-09-13 13:30:00+00:00,4724.26,4724.26,4712.0,4712.0,2727.1478
2025-09-13 13:45:00+00:00,4712.01,4713.14,4650.1,4685.79,23661.5638
2025-09-13 14:00:00+00:00,4685.8,4690.27,4666.24,4684.96,13166.0548
2025-09-13 14:15:00+00:00,4684.96,4709.17,4682.52,4701.75,4950.1412
2025-09-13 14:30:00+00:00,4701.75,4703.59,4689.53,4696.41,2880.6872
2025-09-13 14:45:00+00:00,4696.41,4700.59,4689.12,4689.12,2496.1708
2025-09-13 15:00:00+00:00,4689.13,4698.98,4689.12,4695.13,2187.6999
2025-09-13 15:15:00+00:00,4695.13,4705.26,4673.46,4680.83,5350.8524
2025-09-13 15:30:00+00:00,4680.84,4681.7,4645.0,4655.67,14878.6976
2025-09-13 15:45:00+00:00,4655.66,4662.58,4649.53,4653.92,7883.3414
2025-09-13 16:00:00+00:00,4653.92,4667.92,4630.14,4632.98,13750.4933
2025-09-13 16:15:00+00:00,4632.98,4641.48,4622.85,4638.56,7950.9253
2025-09-13 16:30:00+00:00,4638.56,4645.54,4624.77,4635.99,7700.0127
2025-09-13 16:45:00+00:00,4635.99,4638.49,4616.32,4623.65,6082.2094
2025-09-13 17:00:00+00:00,4623.66,4625.93,4605.0,4607.24,12238.4256
2025-09-13 17:15:00+00:00,4607.24,4630.0,4607.24,4621.55,4039.9605
2025-09-13 17:30:00+00:00,4621.55,4637.5,4620.71,4633.58,3344.9546
2025-09-13 17:45:00+00:00,4633.58,4642.39,4631.02,4634.09,2277.6682
2025-09-13 18:00:00+00:00,4634.09,4643.39,4625.17,4643.01,3059.8478
2025-09-13 18:15:00+00:00,4643.01,4651.58,4636.51,4648.46,2907.6627
2025-09-13 18:30:00+00:00,4648.46,4648.46,4636.54,4646.21,2019.1645
2025-09-13 18:45:00+00:00,4646.21,4646.22,4640.97,4643.08,1072.5672
2025-09-13 19:00:00+00:00,4643.09,4648.62,4636.39,4639.5,1896.7102
2025-09-13 19:15:00+00:00,4639.49,4644.65,4635.31,4642.32,1579.9653
2025-09-13 19:30:00+00:00,4642.35,4648.18,4641.5,4644.09,1189.3133
2025-09-13 19:45:00+00:00,4644.09,4645.0,4638.21,4638.21,991.613
2025-09-13 20:00:00+00:00,4638.21,4662.03,4637.35,4657.84,5048.2587
2025-09-13 20:15:00+00:00,4657.84,4660.88,4652.29,4656.58,4129.0653
2025-09-13 20:30:00+00:00,4656.57,4660.59,4651.25,4651.88,1592.3611
2025-09-13 20:45:00+00:00,4651.88,4658.15,4650.0,4657.58,1049.8778
2025-09-13 21:00:00+00:00,4657.58,4665.77,4657.05,4658.99,2395.4995
2025-09-13 21:15:00+00:00,4658.99,4667.69,4657.07,4662.91,1811.3403
2025-09-13 21:30:00+00:00,4662.91,4663.51,4657.92,4660.24,1410.6957
2025-09-13 21:45:00+00:00,4660.24,4664.91,4656.56,4663.5,1977.697
2025-09-13 22:00:00+00:00,4663.51,4665.51,4661.25,4661.86,1495.2296
2025-09-13 22:15:00+00:00,4661.86,4661.88,4653.9,4657.65,1234.7093
2025-09-13 22:30:00+00:00,4657.64,4657.64,4647.62,4655.09,1826.7708
2025-09-13 22:45:00+00:00,4655.09,4658.94,4653.05,4658.53,967.6553
2025-09-13 23:00:00+00:00,4658.53,4665.6,4658.53,4665.31,1886.187
2025-09-13 23:15:00+00:00,4665.31,4672.94,4660.0,4660.0,2780.4791
2025-09-13 23:30:00+00:00,4660.01,4663.24,4656.26,4659.31,1364.0159
2025-09-13 23:45:00+00:00,4659.31,4667.96,4659.31,4666.53,1770.996
2025-09-14 00:00:00+00:00,4666.54,4677.93,4665.0,4676.73,2574.3632
2025-09-14 00:15:00+00:00,4676.72,4679.5,4669.0,4674.98,2122.266
2025-09-14 00:30:00+00:00,4674.98,4681.46,4667.31,4668.0,2909.4066
2025-09-14 00:45:00+00:00,4668.0,4673.83,4659.17,4670.27,2061.8063
2025-09-14 01:00:00+00:00,4670.27,4670.27,4654.49,4655.1,2968.046
2025-09-14 01:15:00+00:00,4655.1,4660.88,4650.44,4659.44,2320.3917
2025-09-14 01:30:00+00:00,4659.44,4665.74,4655.75,4665.36,1312.846
2025-09-14 01:45:00+00:00,4665.35,4678.07,4661.74,4673.13,2447.6291
2025-09-14 02:00:00+00:00,4673.13,4689.75,4671.21,4688.61,4120.929
2025-09-14 02:15:00+00:00,4688.61,4692.36,4679.74,4681.16,2492.7729
2025-09-14 02:30:00+00:00,4681.15,4681.15,4671.0,4678.86,1834.4841
2025-09-14 02:45:00+00:00,4678.86,4685.58,4675.03,4683.16,1973.5151
2025-09-14 03:00:00+00:00,4683.16,4686.62,4671.26,4675.74,2164.9991
2025-09-14 03:15:00+00:00,4675.74,4677.97,4667.48,4673.54,1086.7795
2025-09-14 03:30:00+00:00,4673.53,4678.06,4669.45,4672.89,1090.2233
2025-09-14 03:45:00+00:00,4672.9,4674.91,4661.27,4663.22,1755.3084
2025-09-14 04:00:00+00:00,4663.22,4664.99,4653.46,4656.08,2801.515
2025-09-14 04:15:00+00:00,4656.09,4660.53,4634.0,4658.71,5298.793
2025-09-14 04:30:00+00:00,4658.71,4665.6,4657.87,4665.6,876.1245
2025-09-14 04:45:00+00:00,4665.6,4667.33,4658.06,4658.97,1333.5495
2025-09-14 05:00:00+00:00,4658.97,4673.38,4658.47,4668.54,2058.8104
2025-09-14 05:15:00+00:00,4668.55,4678.5,4667.39,4676.27,1547.047
2025-09-14 05:30:00+00:00,4676.27,4679.96,4673.97,4674.45,1401.7561
2025-09-14 05:45:00+00:00,4674.45,4677.43,4673.68,4676.08,1014.7222
2025-09-14 06:00:00+00:00,4676.09,4681.47,4666.66,4670.03,2179.4963
2025-09-14 06:15:00+00:00,4670.03,4674.22,4666.31,4671.26,1437.6877
2025-09-14 06:30:00+00:00,4671.26,4671.76,4661.65,4662.46,1824.7624
2025-09-14 06:45:00+00:00,4662.46,4668.66,4660.24,4666.4,1051.3048
2025-09-14 07:00:00+00:00,4666.4,4666.4,4658.98,4660.99,950.8854
2025-09-14 07:15:00+00:00,4661.0,4667.96,4658.61,4666.14,818.3558
2025-09-14 07:30:00+00:00,4666.14,4667.95,4659.82,4659.82,716.081
2025-09-14 07:45:00+00:00,4659.83,4660.2,4641.85,4650.58,3112.4644
2025-09-14 08:00:00+00:00,4650.58,4654.57,4645.53,4654.38,2109.2767
2025-09-14 08:15:00+00:00,4654.38,4661.73,4648.14,4657.04,1188.3133
2025-09-14 08:30:00+00:00,4657.04,4663.68,4656.88,4663.25,557.1459
2025-09-14 08:45:00+00:00,4663.25,4664.52,4652.03,4656.01,885.8101
2025-09-14 09:00:00+00:00,4656.01,4663.95,4652.96,4660.58,1174.1323
2025-09-14 09:15:00+00:00,4660.58,4673.39,4659.5,4667.84,1961.0463
2025-09-14 09:30:00+00:00,4667.84,4674.38,4667.14,4669.3,1496.5409
2025-09-14 09:45:00+00:00,4669.29,4670.84,4665.02,4665.29,985.0994
2025-09-14 10:00:00+00:00,4665.3,4669.73,4662.75,4662.75,981.1803
2025-09-14 10:15:00+00:00,4662.75,4668.54,4657.15,4658.32,1028.5566
2025-09-14 10:30:00+00:00,4658.32,4661.1,4657.46,4659.06,997.3052
2025-09-14 10:45:00+00:00,4659.07,4663.67,4658.57,4659.83,776.3607
2025-09-14 11:00:00+00:00,4659.82,4667.96,4659.82,4663.06,1165.2176
2025-09-14 11:15:00+00:00,4663.05,4663.72,4638.0,4640.4,3738.8045
2025-09-14 11:30:00+00:00,4640.41,4643.66,4629.56,4631.51,3542.8955
2025-09-14 11:45:00+00:00,4631.51,4639.01,4626.68,4635.0,3561.4447
2025-09-14 12:00:00+00:00,4634.99,4640.21,4632.42,4635.03,2637.6913
2025-09-14 12:15:00+00:00,4635.03,4644.74,4635.02,4642.45,2250.5484
2025-09-14 12:30:00+00:00,4642.45,4644.73,4625.99,4627.73,4942.7525
2025-09-14 12:45:00+00:00,4627.74,4634.82,4615.05,4632.34,8011.6504
2025-09-14 13:00:00+00:00,4632.35,4635.0,4618.97,4623.92,5003.0381
2025-09-14 13:15:00+00:00,4623.91,4627.25,4608.88,4615.99,5369.6029
2025-09-14 13:30:00+00:00,4615.99,4627.3,4612.68,4622.43,2752.3364
2025-09-14 13:45:00+00:00,4622.42,4625.0,4606.69,4612.8,4352.68
2025-09-14 14:00:00+00:00,4612.8,4644.54,4612.36,4632.09,9604.5244
2025-09-14 14:15:00+00:00,4632.08,4632.51,4600.0,4614.72,25464.5602
2025-09-14 14:30:00+00:00,4614.71,4619.17,4578.85,4590.99,32052.8031
2025-09-14 14:45:00+00:00,4591.0,4606.61,4581.63,4601.89,7422.6817
2025-09-14 15:00:00+00:00,4601.88,4604.64,4576.89,4587.6,7157.3772
2025-09-14 15:15:00+00:00,4587.61,4595.69,4586.63,4588.65,3265.1783
2025-09-14 15:30:00+00:00,4588.65,4595.65,4580.0,4585.98,4119.6969
2025-09-14 15:45:00+00:00,4585.98,4590.0,4578.93,4582.22,1666.977
2025-09-14 16:00:00+00:00,4582.23,4600.0,4579.36,4588.43,4604.5937
2025-09-14 16:15:00+00:00,4588.44,4608.18,4587.95,4607.04,4032.5153
2025-09-14 16:30:00+00:00,4607.04,4610.5,4599.35,4607.11,1703.8709
2025-09-14 16:45:00+00:00,4607.1,4607.11,4593.46,4596.83,1695.0957
2025-09-14 17:00:00+00:00,4596.83,4605.3,4590.7,4605.0,3590.3432
2025-09-14 17:15:00+00:00,4605.01,4624.89,4604.33,4617.52,2937.1418
2025-09-14 17:30:00+00:00,4617.52,4625.29,4613.99,4624.47,3428.8559
2025-09-14 17:45:00+00:00,4624.48,4629.27,4616.67,4619.9,2166.2819
2025-09-14 18:00:00+00:00,4619.9,4620.43,4612.21,4617.39,1163.3661
2025-09-14 18:15:00+00:00,4617.39,4617.39,4609.66,4611.32,1415.0142
2025-09-14 18:30:00+00:00,4611.32,4614.33,4606.14,4607.1,1258.1502
2025-09-14 18:45:00+00:00,4607.1,4609.12,4600.34,4603.5,1438.3609
2025-09-14 19:00:00+00:00,4603.5,4613.92,4592.33,4611.74,2843.5499
2025-09-14 19:15:00+00:00,4611.74,4621.3,4610.85,4620.35,1364.0722
2025-09-14 19:30:00+00:00,4620.36,4625.37,4618.53,4621.42,1077.0034
2025-09-14 19:45:00+00:00,4621.42,4624.06,4610.0,4615.47,1865.9061
2025-09-14 20:00:00+00:00,4615.46,4627.3,4613.95,4625.75,1218.5869
2025-09-14 20:15:00+00:00,4625.75,4627.98,4619.13,4621.21,1257.4786
2025-09-14 20:30:00+00:00,4621.22,4624.04,4615.61,4624.04,861.8
2025-09-14 20:45:00+00:00,4624.04,4624.7,4615.11,4616.78,567.3752
2025-09-14 21:00:00+00:00,4616.79,4618.76,4598.46,4617.58,2240.8476
2025-09-14 21:15:00+00:00,4617.58,4623.24,4615.37,4615.37,1252.0405
2025-09-14 21:30:00+00:00,4615.37,4635.03,4615.37,4634.73,2162.3699
2025-09-14 21:45:00+00:00,4634.72,4636.27,4624.36,4629.83,1830.4686
2025-09-14 22:00:00+00:00,4629.83,4632.52,4611.03,4619.68,2579.7329
2025-09-14 22:15:00+00:00,4619.68,4622.39,4615.88,4620.66,1081.0374
2025-09-14 22:30:00+00:00,4620.66,4632.57,4618.68,4631.72,1587.1315
2025-09-14 22:45:00+00:00,4631.72,4636.51,4629.15,4629.15,1406.1749
2025-09-14 23:00:00+00:00,4629.15,4630.0,4608.58,4613.22,1771.3351
2025-09-14 23:15:00+00:00,4613.21,4619.99,4608.29,4610.94,1786.0285
2025-09-14 23:30:00+00:00,4610.92,4610.92,4601.91,4605.9,1939.8191
2025-09-14 23:45:00+00:00,4605.9,4612.35,4602.15,4604.49,2235.6218
2025-09-15 00:00:00+00:00,4604.48,4608.11,4593.6,4598.15,4618.9797
2025-09-15 00:15:00+00:00,4598.15,4615.89,4586.63,4614.8,2778.2889
2025-09-15 00:30:00+00:00,4614.8,4616.01,4602.2,4602.62,1480.1617
2025-09-15 00:45:00+00:00,4602.62,4612.06,4600.0,4601.68,933.3962
2025-09-15 01:00:00+00:00,4601.68,4604.77,4581.11,4585.48,2979.7843
2025-09-15 01:15:00+00:00,4585.48,4606.05,4580.1,4603.54,3426.3634
2025-09-15 01:30:00+00:00,4603.54,4622.32,4602.65,4617.4,2975.8238
2025-09-15 01:45:00+00:00,4617.4,4623.24,4610.59,4618.15,2016.8447
2025-09-15 02:00:00+00:00,4618.16,4629.76,4617.12,4622.72,4001.3813
2025-09-15 02:15:00+00:00,4622.73,4627.77,4617.22,4617.36,2047.2508
2025-09-15 02:30:00+00:00,4617.36,4621.0,4610.35,4620.78,2057.7945
2025-09-15 02:45:00+00:00,4620.78,4625.0,4614.96,4620.19,1798.2956
2025-09-15 03:00:00+00:00,4620.19,4635.49,4619.35,4632.53,3516.4798
2025-09-15 03:15:00+00:00,4632.53,4636.33,4627.18,4630.43,1543.7388
2025-09-15 03:30:00+00:00,4630.43,4634.28,4624.01,4629.65,1297.3204
2025-09-15 03:45:00+00:00,4629.65,4643.57,4629.65,4636.2,2998.4999
2025-09-15 04:00:00+00:00,4636.2,4650.34,4636.19,4643.19,4413.3628
2025-09-15 04:15:00+00:00,4643.2,4660.56,4640.99,4647.38,6075.8527
2025-09-15 04:30:00+00:00,4647.38,4654.73,4643.7,4644.99,1749.9423
2025-09-15 04:45:00+00:00,4645.0,4649.38,4640.01,4642.71,1775.973
2025-09-15 05:00:00+00:00,4642.72,4652.63,4640.4,4649.76,1236.2837
2025-09-15 05:15:00+00:00,4649.76,4664.07,4649.76,4660.14,4247.8045
2025-09-15 05:30:00+00:00,4660.14,4662.39,4656.17,4657.34,2044.2279
2025-09-15 05:45:00+00:00,4657.34,4663.06,4655.44,4662.84,2543.075
2025-09-15 06:00:00+00:00,4662.84,4670.28,4655.6,4665.99,3795.8406
2025-09-15 06:15:00+00:00,4665.99,4669.49,4651.01,4651.88,3570.4834
2025-09-15 06:30:00+00:00,4651.87,4654.55,4633.52,4640.02,4560.1262
2025-09-15 06:45:00+00:00,4640.01,4641.53,4617.77,4630.49,7167.794
2025-09-15 07:00:00+00:00,4630.49,4640.17,4628.52,4638.6,2243.3681
2025-09-15 07:15:00+00:00,4638.59,4642.44,4625.0,4625.45,1411.4057
2025-09-15 07:30:00+00:00,4625.46,4625.46,4596.1,4606.87,11454.4601
2025-09-15 07:45:00+00:00,4606.89,4611.04,4587.9,4597.37,15675.8632
2025-09-15 08:00:00+00:00,4597.37,4597.37,4540.0,4565.05,24469.4128
2025-09-15 08:15:00+00:00,4565.06,4570.85,4554.19,4560.04,5542.5163
2025-09-15 08:30:00+00:00,4560.04,4562.15,4547.63,4553.0,8499.9676
2025-09-15 08:45:00+00:00,4552.99,4553.45,4508.23,4510.62,24483.6823
2025-09-15 09:00:00+00:00,4510.62,4535.45,4498.22,4518.1,17597.2782
2025-09-15 09:15:00+00:00,4518.11,4534.97,4508.84,4529.98,7447.9612
2025-09-15 09:30:00+00:00,4529.97,4535.78,4519.5,4527.25,4665.6131
2025-09-15 09:45:00+00:00,4527.26,4527.26,4516.47,4526.22,3821.712
2025-09-15 10:00:00+00:00,4526.22,4527.24,4504.97,4509.14,14914.2599
2025-09-15 10:15:00+00:00,4509.15,4522.78,4507.55,4519.21,6097.6001
2025-09-15 10:30:00+00:00,4519.21,4525.0,4515.0,4524.33,1633.4084
2025-09-15 10:45:00+00:00,4524.32,4535.25,4522.04,4529.79,2381.4861
2025-09-15 11:00:00+00:00,4529.79,4536.87,4522.0,4535.53,2200.4579
2025-09-15 11:15:00+00:00,4535.54,4538.13,4527.67,4529.21,2001.0031
2025-09-15 11:30:00+00:00,4529.22,4539.5,4527.06,4533.16,1622.2548
2025-09-15 11:45:00+00:00,4533.16,4533.17,4523.31,4530.65,3307.7723
2025-09-15 12:00:00+00:00,4530.66,4531.5,4518.87,4530.77,3593.0456
2025-09-15 12:15:00+00:00,4530.77,4536.52,4512.67,4514.73,3440.2595
2025-09-15 12:30:00+00:00,4514.72,4528.0,4508.77,4528.0,2811.1569
2025-09-15 12:45:00+00:00,4527.99,4528.32,4509.08,4514.38,5851.725
2025-09-15 13:00:00+00:00,4514.38,4526.74,4509.16,4524.79,3044.9896
2025-09-15 13:15:00+00:00,4524.8,4530.5,4517.41,4528.46,2296.1107
2025-09-15 13:30:00+00:00,4528.47,4541.92,4491.3,4498.09,14801.7809
2025-09-15 13:45:00+00:00,4498.08,4525.0,4495.0,4515.42,6095.4256
2025-09-15 14:00:00+00:00,4515.42,4518.47,4497.61,4510.28,8014.7936
2025-09-15 14:15:00+00:00,4510.28,4529.52,4501.68,4527.85,4469.7667
2025-09-15 14:30:00+00:00,4527.84,4529.71,4512.76,4525.71,3923.8807
2025-09-15 14:45:00+00:00,4525.71,4528.46,4510.92,4511.24,1404.0342
2025-09-15 15:00:00+00:00,4511.24,4520.93,4498.43,4501.67,6859.3674
2025-09-15 15:15:00+00:00,4501.67,4505.0,4476.72,4491.29,12866.8473
2025-09-15 15:30:00+00:00,4491.3,4492.3,4466.0,4480.41,8117.5294
2025-09-15 15:45:00+00:00,4480.41,4509.99,4474.77,4500.01,6759.9474
2025-09-15 16:00:00+00:00,4500.01,4506.57,4479.89,4505.01,6527.2787
2025-09-15 16:15:00+00:00,4505.02,4508.6,4490.63,4492.6,2600.6025
2025-09-15 16:30:00+00:00,4492.6,4510.93,4487.46,4510.93,2210.407
2025-09-15 16:45:00+00:00,4510.93,4510.93,4489.09,4494.82,3482.413
2025-09-15 17:00:00+00:00,4494.82,4503.94,4490.48,4497.19,2346.6853
2025-09-15 17:15:00+00:00,4497.19,4500.72,4474.04,4485.9,3121.1894
2025-09-15 17:30:00+00:00,4485.9,4498.79,4483.33,4496.09,2422.753
2025-09-15 17:45:00+00:00,4496.09,4510.15,4490.75,4509.9,1901.7925
2025-09-15 18:00:00+00:00,4509.9,4512.86,4492.18,4494.35,2772.4481
2025-09-15 18:15:00+00:00,4494.36,4500.85,4489.36,4489.37,3332.3471
2025-09-15 18:30:00+00:00,4489.36,4496.47,4487.07,4487.52,1866.6039
2025-09-15 18:45:00+00:00,4487.52,4509.63,4487.0,4501.5,1943.755
2025-09-15 19:00:00+00:00,4501.5,4514.28,4495.72,4497.86,2260.7742
2025-09-15 19:15:00+00:00,4497.86,4497.86,4483.44,4486.67,5616.0819
2025-09-15 19:30:00+00:00,4486.67,4499.82,4476.12,4495.79,2832.5248
2025-09-15 19:45:00+00:00,4495.79,4503.2,4487.62,4493.41,2767.5325
2025-09-15 20:00:00+00:00,4493.41,4503.93,4488.49,4500.83,1857.3006
2025-09-15 20:15:00+00:00,4500.83,4510.23,4499.42,4503.85,3381.3933
2025-09-15 20:30:00+00:00,4503.85,4510.81,4501.66,4510.4,1923.3561
2025-09-15 20:45:00+00:00,4510.4,4513.07,4507.93,4510.71,1163.8253
2025-09-15 21:00:00+00:00,4510.71,4515.89,4506.81,4511.52,1479.2406
2025-09-15 21:15:00+00:00,4511.52,4520.0,4510.99,4516.76,1320.0886
2025-09-15 21:30:00+00:00,4516.77,4524.19,4514.0,4523.19,1240.7577
2025-09-15 21:45:00+00:00,4523.19,4528.55,4520.71,4524.26,3029.1507
2025-09-15 22:00:00+00:00,4524.25,4529.99,4513.45,4521.47,1737.8811
2025-09-15 22:15:00+00:00,4521.47,4525.49,4518.99,4520.19,633.3303
2025-09-15 22:30:00+00:00,4520.19,4522.5,4509.13,4514.14,1325.3699
2025-09-15 22:45:00+00:00,4514.14,4516.72,4510.8,4513.52,824.5603
2025-09-15 23:00:00+00:00,4513.52,4519.53,4508.37,4519.52,1156.2335
2025-09-15 23:15:00+00:00,4519.53,4528.18,4517.53,4525.66,2057.5788
2025-09-15 23:30:00+00:00,4525.66,4527.48,4519.68,4520.63,747.7701
2025-09-15 23:45:00+00:00,4520.63,4526.89,4519.66,4523.74,935.6293
2025-09-16 00:00:00+00:00,4523.74,4523.74,4515.34,4517.12,1309.2877
2025-09-16 00:15:00+00:00,4517.13,4523.4,4503.0,4508.52,2803.6563
2025-09-16 00:30:00+00:00,4508.52,4515.4,4507.47,4512.29,1043.9752
2025-09-16 00:45:00+00:00,4512.3,4515.0,4504.48,4513.45,1176.4591
2025-09-16 01:00:00+00:00,4513.46,4530.26,4513.12,4525.5,2229.6994
2025-09-16 01:15:00+00:00,4525.51,4538.25,4525.51,4532.11,2354.6624
2025-09-16 01:30:00+00:00,4532.11,4536.72,4523.55,4527.64,1020.3915
2025-09-16 01:45:00+00:00,4527.64,4534.37,4515.73,4517.63,3609.6608
2025-09-16 02:00:00+00:00,4517.63,4530.13,4517.32,4527.78,1348.065
2025-09-16 02:15:00+00:00,4527.78,4531.72,4522.47,4526.43,892.3312
2025-09-16 02:30:00+00:00,4526.43,4530.92,4517.52,4518.91,850.4352
2025-09-16 02:45:00+00:00,4518.91,4522.45,4513.68,4514.02,1015.5608
2025-09-16 03:00:00+00:00,4514.01,4519.62,4513.69,4517.92,999.4253
2025-09-16 03:15:00+00:00,4517.92,4520.56,4515.01,4519.29,928.1473
2025-09-16 03:30:00+00:00,4519.28,4531.75,4519.28,4525.74,1466.9561
2025-09-16 03:45:00+00:00,4525.74,4526.61,4520.77,4520.78,713.9485
2025-09-16 04:00:00+00:00,4520.77,4523.6,4507.02,4509.86,2195.1733
2025-09-16 04:15:00+00:00,4509.86,4514.04,4487.53,4514.04,5559.664
2025-09-16 04:30:00+00:00,4514.03,4516.88,4510.12,4514.2,1310.1005
2025-09-16 04:45:00+00:00,4514.2,4521.06,4511.91,4518.93,2215.3325
2025-09-16 05:00:00+00:00,4518.94,4531.0,4515.1,4528.4,2074.2523
2025-09-16 05:15:00+00:00,4528.4,4532.77,4512.24,4520.2,2557.2723
2025-09-16 05:30:00+00:00,4520.19,4528.51,4520.19,4527.54,1525.0844
2025-09-16 05:45:00+00:00,4527.53,4530.91,4524.03,4529.32,1463.5348
2025-09-16 06:00:00+00:00,4529.31,4536.21,4526.6,4534.97,2031.9117
2025-09-16 06:15:00+00:00,4534.98,4535.6,4515.62,4515.95,1644.0159
2025-09-16 06:30:00+00:00,4515.96,4516.79,4493.75,4506.5,4124.5008
2025-09-16 06:45:00+00:00,4506.49,4509.95,4500.0,4508.81,1661.3516
2025-09-16 07:00:00+00:00,4508.81,4512.71,4503.52,4506.01,1953.366
2025-09-16 07:15:00+00:00,4506.01,4513.24,4505.0,4510.53,1602.5335
2025-09-16 07:30:00+00:00,4510.53,4514.0,4502.4,4509.82,1899.1689
2025-09-16 07:45:00+00:00,4509.83,4516.37,4509.82,4512.86,2402.3916
2025-09-16 08:00:00+00:00,4512.87,4529.0,4512.63,4527.63,2318.2935
2025-09-16 08:15:00+00:00,4527.63,4531.35,4512.12,4513.46,2821.2025
2025-09-16 08:30:00+00:00,4513.47,4514.35,4499.0,4504.44,2692.1865
2025-09-16 08:45:00+00:00,4504.45,4514.04,4502.47,4511.6,1189.7933
2025-09-16 09:00:00+00:00,4511.59,4513.93,4508.65,4510.04,1283.1318
2025-09-16 09:15:00+00:00,4510.03,4515.11,4506.3,4506.98,1138.5938
2025-09-16 09:30:00+00:00,4506.99,4512.33,4503.0,4506.3,1436.8795
2025-09-16 09:45:00+00:00,4506.3,4516.46,4505.59,4511.29,916.9459
2025-09-16 10:00:00+00:00,4511.29,4514.59,4506.0,4510.28,1797.0778
2025-09-16 10:15:00+00:00,4510.28,4514.15,4507.94,4509.37,1407.135
2025-09-16 10:30:00+00:00,4509.38,4510.89,4501.63,4501.63,1234.147
2025-09-16 10:45:00+00:00,4501.64,4510.09,4493.31,4498.75,3747.3178
2025-09-16 11:00:00+00:00,4498.75,4502.0,4493.77,4497.01,2030.6559
2025-09-16 11:15:00+00:00,4497.01,4502.94,4495.0,4500.98,2089.634
2025-09-16 11:30:00+00:00,4500.98,4506.84,4500.21,4500.67,1676.6263
2025-09-16 11:45:00+00:00,4500.66,4506.71,4498.5,4501.26,1947.1611
2025-09-16 12:00:00+00:00,4501.26,4505.63,4499.59,4501.09,1302.7548
2025-09-16 12:15:00+00:00,4501.09,4505.0,4495.97,4497.35,1877.898
2025-09-16 12:30:00+00:00,4497.36,4507.11,4496.79,4502.02,2314.4967
2025-09-16 12:45:00+00:00,4502.02,4504.43,4498.0,4500.04,1551.7336
2025-09-16 13:00:00+00:00,4500.03,4510.0,4499.21,4500.09,2768.4708
2025-09-16 13:15:00+00:00,4500.09,4510.99,4497.38,4508.73,1484.6928
2025-09-16 13:30:00+00:00,4508.73,4512.49,4454.07,4455.3,23166.4255
2025-09-16 13:45:00+00:00,4455.3,4475.64,4430.59,4473.58,21312.7359
2025-09-16 14:00:00+00:00,4473.57,4473.58,4424.0,4434.88,12632.5602
2025-09-16 14:15:00+00:00,4434.87,4446.64,4427.41,4439.34,7903.102
2025-09-16 14:30:00+00:00,4439.34,4442.9,4429.18,4440.19,5125.2561
2025-09-16 14:45:00+00:00,4440.18,4453.02,4438.82,4446.71,3785.2706
2025-09-16 15:00:00+00:00,4446.71,4447.53,4430.54,4434.13,4313.8561
2025-09-16 15:15:00+00:00,4434.12,4454.33,4433.71,4446.39,3333.6969
2025-09-16 15:30:00+00:00,4446.39,4454.18,4442.3,4451.27,3723.3832
2025-09-16 15:45:00+00:00,4451.27,4478.66,4446.64,4468.2,13093.2379
2025-09-16 16:00:00+00:00,4468.19,4476.98,4456.96,4458.84,13329.3594
2025-09-16 16:15:00+00:00,4458.84,4469.56,4447.03,4463.0,8962.9427
2025-09-16 16:30:00+00:00,4463.0,4465.89,4455.72,4459.64,2856.5582
2025-09-16 16:45:00+00:00,4459.64,4464.99,4455.0,4463.54,1440.4352
2025-09-16 17:00:00+00:00,4463.53,4496.83,4462.63,4491.01,8061.3558
2025-09-16 17:15:00+00:00,4491.02,4510.51,4491.02,4503.0,6488.7256
2025-09-16 17:30:00+00:00,4503.01,4508.96,4486.44,4492.29,3405.0082
2025-09-16 17:45:00+00:00,4492.29,4495.72,4477.45,4486.62,4642.1649
2025-09-16 18:00:00+00:00,4486.62,4496.27,4486.2,4491.83,2084.8028
2025-09-16 18:15:00+00:00,4491.83,4496.45,4481.3,4484.1,1387.8079
2025-09-16 18:30:00+00:00,4484.1,4484.1,4466.37,4470.48,2485.3555
2025-09-16 18:45:00+00:00,4470.49,4482.01,4468.33,4474.63,3044.4165
2025-09-16 19:00:00+00:00,4474.63,4483.65,4471.24,4483.65,1270.7654
2025-09-16 19:15:00+00:00,4483.65,4486.39,4477.13,4479.09,1731.4207
2025-09-16 19:30:00+00:00,4479.08,4483.29,4473.84,4482.16,1033.7636
2025-09-16 19:45:00+00:00,4482.16,4494.79,4482.16,4491.21,1979.0969
2025-09-16 20:00:00+00:00,4491.22,4495.26,4486.35,4488.87,1764.7381
2025-09-16 20:15:00+00:00,4488.87,4492.28,4483.61,4489.65,1042.8889
2025-09-16 20:30:00+00:00,4489.65,4497.59,4487.1,4494.61,1494.2729
2025-09-16 20:45:00+00:00,4494.62,4498.65,4494.08,4498.23,1529.9922
2025-09-16 21:00:00+00:00,4498.23,4510.0,4492.12,4492.68,2343.2856
2025-09-16 21:15:00+00:00,4492.69,4501.21,4490.4,4496.8,1211.1984
2025-09-16 21:30:00+00:00,4496.8,4501.74,4496.8,4500.31,1378.6888
2025-09-16 21:45:00+00:00,4500.3,4509.03,4500.3,4507.65,970.7702
2025-09-16 22:00:00+00:00,4507.66,4515.91,4503.4,4511.29,1879.9455
2025-09-16 22:15:00+00:00,4511.29,4513.99,4507.53,4507.88,1576.8467
2025-09-16 22:30:00+00:00,4507.88,4521.24,4500.86,4520.6,2807.0188
2025-09-16 22:45:00+00:00,4520.59,4525.4,4517.94,4520.5,3072.3974
2025-09-16 23:00:00+00:00,4520.51,4523.57,4515.94,4519.72,1857.3383
2025-09-16 23:15:00+00:00,4519.72,4520.88,4503.66,4506.17,2336.5835
2025-09-16 23:30:00+00:00,4506.17,4509.71,4495.18,4499.72,2486.7903
2025-09-16 23:45:00+00:00,4499.72,4504.51,4497.64,4501.29,1951.7063
2025-09-17 00:00:00+00:00,4501.3,4504.08,4492.99,4497.83,3317.6616
2025-09-17 00:15:00+00:00,4497.83,4516.63,4497.83,4512.43,3325.3071
2025-09-17 00:30:00+00:00,4512.43,4516.66,4509.37,4513.98,1715.5091
2025-09-17 00:45:00+00:00,4513.98,4515.5,4508.1,4513.44,942.4709
2025-09-17 01:00:00+00:00,4513.44,4515.96,4508.63,4512.96,1153.0987
2025-09-17 01:15:00+00:00,4512.96,4519.98,4506.02,4517.29,2058.7062
2025-09-17 01:30:00+00:00,4517.29,4517.29,4502.52,4507.08,1436.6671
2025-09-17 01:45:00+00:00,4507.09,4513.8,4503.57,4513.8,1657.5012
2025-09-17 02:00:00+00:00,4513.8,4514.59,4507.44,4512.56,1827.4391
2025-09-17 02:15:00+00:00,4512.56,4517.34,4509.2,4516.62,1301.1487
2025-09-17 02:30:00+00:00,4516.63,4542.6,4515.55,4537.79,6150.2779
2025-09-17 02:45:00+00:00,4537.79,4553.02,4529.85,4530.85,7576.9387
2025-09-17 03:00:00+00:00,4530.84,4530.98,4516.47,4526.39,4174.3464
2025-09-17 03:15:00+00:00,4526.4,4530.18,4517.2,4519.88,2986.734
2025-09-17 03:30:00+00:00,4519.88,4521.0,4504.71,4504.88,1971.8345
2025-09-17 03:45:00+00:00,4504.89,4508.91,4495.87,4497.79,3378.995
2025-09-17 04:00:00+00:00,4497.79,4505.09,4496.56,4500.94,1550.1415
2025-09-17 04:15:00+00:00,4500.95,4501.0,4486.15,4487.87,3336.4004
2025-09-17 04:30:00+00:00,4487.87,4487.87,4479.13,4483.71,2231.595
2025-09-17 04:45:00+00:00,4483.7,4483.7,4464.0,4477.44,5070.6264
2025-09-17 05:00:00+00:00,4477.44,4490.47,4476.97,4487.34,3605.8728
2025-09-17 05:15:00+00:00,4487.34,4489.16,4480.91,4482.41,1563.6198
2025-09-17 05:30:00+00:00,4482.41,4491.17,4482.41,4490.57,1423.5752
2025-09-17 05:45:00+00:00,4490.58,4518.53,4478.76,4514.91,7573.231
2025-09-17 06:00:00+00:00,4514.91,4518.6,4505.34,4515.0,3945.5853
2025-09-17 06:15:00+00:00,4515.0,4525.87,4514.01,4518.73,4317.8785
2025-09-17 06:30:00+00:00,4518.73,4540.25,4518.73,4538.68,8814.0719
2025-09-17 06:45:00+00:00,4538.68,4557.67,4530.49,4545.99,11501.4917
2025-09-17 07:00:00+00:00,4545.99,4549.65,4537.51,4547.24,3021.0111
2025-09-17 07:15:00+00:00,4547.23,4555.61,4537.93,4542.32,6972.9056
2025-09-17 07:30:00+00:00,4542.33,4545.76,4539.36,4539.86,2371.6603
2025-09-17 07:45:00+00:00,4539.86,4545.99,4539.86,4544.07,1678.9662
2025-09-17 08:00:00+00:00,4544.07,4545.81,4516.79,4516.96,3910.4008
2025-09-17 08:15:00+00:00,4516.97,4522.68,4510.35,4511.22,4231.5658
2025-09-17 08:30:00+00:00,4511.21,4512.82,4497.58,4502.88,5124.0743
2025-09-17 08:45:00+00:00,4502.88,4513.72,4500.91,4511.08,1946.7274
2025-09-17 09:00:00+00:00,4511.08,4511.52,4504.01,4506.11,1282.9103
2025-09-17 09:15:00+00:00,4506.11,4510.24,4501.43,4507.51,1290.4689
2025-09-17 09:30:00+00:00,4507.52,4509.42,4501.47,4503.81,1161.5736
2025-09-17 09:45:00+00:00,4503.8,4504.86,4494.61,4494.85,2370.6255
2025-09-17 10:00:00+00:00,4494.84,4501.01,4490.23,4490.23,2423.8304
2025-09-17 10:15:00+00:00,4490.23,4492.68,4483.4,4485.02,1974.1712
2025-09-17 10:30:00+00:00,4485.02,4490.86,4480.33,4487.96,1765.2804
2025-09-17 10:45:00+00:00,4487.95,4488.69,4479.0,4484.02,1946.2198
2025-09-17 11:00:00+00:00,4484.02,4490.32,4479.57,4489.68,1962.1243
2025-09-17 11:15:00+00:00,4489.67,4497.77,4486.92,4493.94,1409.7965
2025-09-17 11:30:00+00:00,4493.94,4494.65,4489.98,4490.9,1276.2427
2025-09-17 11:45:00+00:00,4490.9,4495.91,4490.9,4491.64,1509.1128
2025-09-17 12:00:00+00:00,4491.64,4494.61,4483.09,4490.54,2223.5237
2025-09-17 12:15:00+00:00,4490.55,4506.13,4485.14,4506.12,1842.4123
2025-09-17 12:30:00+00:00,4506.12,4513.46,4492.82,4498.81,2683.1329
2025-09-17 12:45:00+00:00,4498.82,4506.39,4496.59,4502.06,1515.1031
2025-09-17 13:00:00+00:00,4502.06,4511.0,4500.59,4506.45,2509.3793
2025-09-17 13:15:00+00:00,4506.45,4512.28,4503.44,4504.64,2643.0408
2025-09-17 13:30:00+00:00,4504.64,4506.75,4483.65,4489.46,3998.4113
2025-09-17 13:45:00+00:00,4489.45,4506.34,4486.32,4495.95,3047.1015
2025-09-17 14:00:00+00:00,4495.96,4503.79,4492.37,4500.76,1700.4715
2025-09-17 14:15:00+00:00,4500.77,4502.67,4468.96,4474.32,4776.7134
2025-09-17 14:30:00+00:00,4474.33,4489.48,4467.36,4485.8,3634.5664
2025-09-17 14:45:00+00:00,4485.81,4495.0,4479.0,4489.93,2225.8718
2025-09-17 15:00:00+00:00,4489.93,4497.7,4485.98,4496.74,1713.3739
2025-09-17 15:15:00+00:00,4496.73,4498.97,4482.0,4482.0,2243.2479
2025-09-17 15:30:00+00:00,4482.01,4497.9,4482.01,4493.63,4737.6119
2025-09-17 15:45:00+00:00,4493.63,4495.21,4487.78,4489.54,2049.4228
2025-09-17 16:00:00+00:00,4489.53,4489.53,4477.69,4480.18,8075.6774
2025-09-17 16:15:00+00:00,4480.2,4483.36,4470.3,4482.96,3211.6604
2025-09-17 16:30:00+00:00,4482.95,4486.69,4479.95,4485.51,1939.3955
2025-09-17 16:45:00+00:00,4485.51,4492.0,4481.59,4487.13,2063.6586
2025-09-17 17:00:00+00:00,4487.14,4493.97,4479.56,4482.01,2218.7654
2025-09-17 17:15:00+00:00,4482.01,4485.46,4473.49,4482.82,1685.0721
2025-09-17 17:30:00+00:00,4482.82,4533.31,4482.12,4510.21,9767.3117
2025-09-17 17:45:00+00:00,4510.21,4527.82,4433.0,4433.77,19836.3318
2025-09-17 18:00:00+00:00,4433.77,4524.08,4412.0,4457.54,50728.3937
2025-09-17 18:15:00+00:00,4457.54,4500.5,4436.71,4497.75,20178.1628
2025-09-17 18:30:00+00:00,4497.75,4498.27,4438.98,4442.99,24006.5105
2025-09-17 18:45:00+00:00,4443.0,4463.17,4425.42,4456.17,17647.6184
2025-09-17 19:00:00+00:00,4456.16,4495.95,4453.82,4472.38,16387.7877
2025-09-17 19:15:00+00:00,4472.46,4516.86,4472.46,4507.68,10688.1648
2025-09-17 19:30:00+00:00,4507.67,4515.28,4495.68,4508.62,7956.222
2025-09-17 19:45:00+00:00,4508.61,4526.66,4500.46,4517.62,5039.4255
2025-09-17 20:00:00+00:00,4517.62,4541.44,4517.38,4532.17,6121.7928
2025-09-17 20:15:00+00:00,4532.16,4540.23,4513.08,4514.83,5680.0587
2025-09-17 20:30:00+00:00,4514.83,4526.19,4503.09,4509.53,3810.4436
2025-09-17 20:45:00+00:00,4509.53,4516.72,4495.45,4501.52,1987.5049
2025-09-17 21:00:00+00:00,4501.52,4519.43,4486.74,4517.86,4196.5113
2025-09-17 21:15:00+00:00,4517.86,4525.65,4514.08,4516.65,1774.6317
2025-09-17 21:30:00+00:00,4516.64,4530.0,4516.64,4530.0,1309.9505
2025-09-17 21:45:00+00:00,4529.99,4538.67,4524.17,4529.18,3534.0273
2025-09-17 22:00:00+00:00,4529.18,4549.93,4527.45,4548.54,5232.959
2025-09-17 22:15:00+00:00,4548.53,4567.49,4540.07,4563.51,7125.9745
2025-09-17 22:30:00+00:00,4563.5,4577.0,4562.15,4575.18,5591.4914
2025-09-17 22:45:00+00:00,4575.17,4601.0,4570.71,4587.12,10050.3764
2025-09-17 23:00:00+00:00,4587.12,4616.77,4586.7,4601.48,10870.1363
2025-09-17 23:15:00+00:00,4601.47,4606.0,4585.26,4588.28,9080.9527
2025-09-17 23:30:00+00:00,4588.28,4602.45,4582.01,4587.11,3875.5049
2025-09-17 23:45:00+00:00,4587.12,4597.41,4587.12,4590.53,2227.2037
2025-09-18 00:00:00+00:00,4590.54,4610.24,4590.54,4607.15,7552.5215
2025-09-18 00:15:00+00:00,4607.16,4608.74,4592.77,4595.01,3170.3537
2025-09-18 00:30:00+00:00,4595.0,4605.21,4594.2,4600.41,3265.654
2025-09-18 00:45:00+00:00,4600.4,4604.01,4582.99,4584.79,3994.7986
2025-09-18 01:00:00+00:00,4584.79,4608.7,4580.27,4604.34,4434.7954
2025-09-18 01:15:00+00:00,4604.35,4614.5,4601.05,4609.5,3193.4766
2025-09-18 01:30:00+00:00,4609.49,4633.19,4607.76,4632.0,7761.1449
2025-09-18 01:45:00+00:00,4632.0,4633.21,4617.49,4618.95,4045.6124
2025-09-18 02:00:00+00:00,4618.95,4620.03,4609.36,4615.42,2252.8015
2025-09-18 02:15:00+00:00,4615.41,4617.19,4604.65,4606.74,1718.0606
2025-09-18 02:30:00+00:00,4606.74,4613.52,4605.72,4608.52,1598.4263
2025-09-18 02:45:00+00:00,4608.52,4615.4,4605.39,4613.52,2316.5191
2025-09-18 03:00:00+00:00,4613.52,4639.9,4609.24,4638.45,7059.9761
2025-09-18 03:15:00+00:00,4638.44,4644.47,4625.01,4630.17,5227.7753
2025-09-18 03:30:00+00:00,4630.16,4632.09,4621.16,4621.71,3176.3382
2025-09-18 03:45:00+00:00,4621.71,4623.47,4613.0,4614.42,3379.4683
2025-09-18 04:00:00+00:00,4614.42,4619.16,4609.34,4616.0,2521.3927
2025-09-18 04:15:00+00:00,4616.01,4619.99,4606.47,4607.75,2574.1518
2025-09-18 04:30:00+00:00,4607.76,4610.64,4598.71,4605.49,3628.8357
2025-09-18 04:45:00+00:00,4605.49,4611.43,4602.15,4611.42,2869.1814
2025-09-18 05:00:00+00:00,4611.43,4611.43,4601.63,4602.31,1469.1762
2025-09-18 05:15:00+00:00,4602.31,4606.71,4590.0,4590.99,3058.0416
2025-09-18 05:30:00+00:00,4591.0,4593.88,4585.0,4589.26,3905.8457
2025-09-18 05:45:00+00:00,4589.26,4591.5,4585.58,4589.51,1890.6009
2025-09-18 06:00:00+00:00,4589.53,4593.87,4560.89,4562.91,6775.9236
2025-09-18 06:15:00+00:00,4562.91,4573.0,4556.64,4558.49,4455.7674
2025-09-18 06:30:00+00:00,4558.5,4570.68,4553.7,4568.35,3971.7742
2025-09-18 06:45:00+00:00,4568.36,4573.88,4564.74,4571.37,1940.9415
2025-09-18 07:00:00+00:00,4571.37,4579.7,4571.37,4578.58,1838.8758
2025-09-18 07:15:00+00:00,4578.58,4582.15,4571.32,4578.39,1597.0499
2025-09-18 07:30:00+00:00,4578.38,4581.2,4573.08,4581.09,2936.2368
2025-09-18 07:45:00+00:00,4581.08,4583.85,4574.5,4574.75,2807.6829
2025-09-18 08:00:00+00:00,4574.75,4583.5,4571.66,4583.43,2351.4026
2025-09-18 08:15:00+00:00,4583.44,4594.53,4580.76,4592.84,3562.1923
2025-09-18 08:30:00+00:00,4592.83,4607.76,4590.3,4594.29,2962.4992
2025-09-18 08:45:00+00:00,4594.3,4604.23,4592.66,4602.44,2680.3089
2025-09-18 09:00:00+00:00,4602.44,4603.0,4592.84,4595.77,1713.5671
2025-09-18 09:15:00+00:00,4595.76,4603.5,4595.76,4601.85,1343.5776
2025-09-18 09:30:00+00:00,4601.84,4603.82,4589.98,4592.44,4281.803
2025-09-18 09:45:00+00:00,4592.45,4599.23,4591.26,4597.0,950.5223
2025-09-18 10:00:00+00:00,4597.0,4600.78,4583.0,4587.24,3449.0233
2025-09-18 10:15:00+00:00,4587.25,4589.67,4570.59,4572.22,3619.8308
2025-09-18 10:30:00+00:00,4572.21,4580.4,4572.01,4578.35,1451.054
2025-09-18 10:45:00+00:00,4578.36,4578.36,4573.48,4574.28,1214.1894
2025-09-18 11:00:00+00:00,4574.28,4583.66,4574.28,4581.97,1962.338
2025-09-18 11:15:00+00:00,4581.97,4588.87,4581.62,4582.99,1371.5158
2025-09-18 11:30:00+00:00,4583.0,4585.82,4573.4,4575.52,1360.5543
2025-09-18 11:45:00+00:00,4575.51,4577.09,4568.59,4576.12,2258.362
2025-09-18 12:00:00+00:00,4576.12,4581.11,4568.81,4580.83,1440.9811
2025-09-18 12:15:00+00:00,4580.82,4588.06,4575.17,4585.98,2708.2911
2025-09-18 12:30:00+00:00,4585.98,4585.98,4568.78,4579.06,1889.9639
2025-09-18 12:45:00+00:00,4579.07,4581.48,4571.0,4571.04,1084.5483
2025-09-18 13:00:00+00:00,4571.04,4582.23,4563.55,4581.99,2155.6014
2025-09-18 13:15:00+00:00,4582.0,4586.21,4579.07,4585.11,2132.8466
2025-09-18 13:30:00+00:00,4585.1,4605.0,4571.49,4574.24,9340.6626
2025-09-18 13:45:00+00:00,4574.23,4588.51,4558.15,4588.5,6723.7705
2025-09-18 14:00:00+00:00,4588.5,4619.32,4587.12,4607.43,7656.7918
2025-09-18 14:15:00+00:00,4607.43,4625.0,4604.99,4608.34,7061.5442
2025-09-18 14:30:00+00:00,4608.33,4613.52,4593.88,4600.09,3899.1413
2025-09-18 14:45:00+00:00,4600.09,4600.54,4589.21,4596.45,3329.7896
2025-09-18 15:00:00+00:00,4596.46,4606.45,4589.4,4591.24,4098.7374
2025-09-18 15:15:00+00:00,4591.25,4606.66,4587.51,4590.74,2545.7907
2025-09-18 15:30:00+00:00,4590.75,4601.79,4590.75,4597.87,2982.4176
2025-09-18 15:45:00+00:00,4597.88,4608.49,4597.0,4599.34,3015.831
2025-09-18 16:00:00+00:00,4599.35,4606.69,4590.23,4598.99,2800.7089
2025-09-18 16:15:00+00:00,4598.99,4618.27,4598.99,4616.23,3958.3698
2025-09-18 16:30:00+00:00,4616.24,4632.51,4610.88,4630.09,6009.7397
2025-09-18 16:45:00+00:00,4630.09,4636.22,4620.0,4621.3,4590.5153
2025-09-18 17:00:00+00:00,4621.29,4625.0,4607.0,4615.99,5971.2974
2025-09-18 17:15:00+00:00,4615.99,4630.3,4604.69,4607.56,5759.3539
2025-09-18 17:30:00+00:00,4607.56,4607.76,4596.41,4604.43,3796.0413
2025-09-18 17:45:00+00:00,4604.43,4614.64,4604.43,4609.37,2256.6679
2025-09-18 18:00:00+00:00,4609.36,4613.52,4602.99,4611.5,2053.1034
2025-09-18 18:15:00+00:00,4611.5,4614.08,4605.66,4611.69,2063.957
2025-09-18 18:30:00+00:00,4611.69,4613.52,4603.29,4607.56,1986.1509
2025-09-18 18:45:00+00:00,4607.56,4622.61,4607.55,4618.2,2271.1597
2025-09-18 19:00:00+00:00,4618.19,4619.11,4606.45,4606.46,2436.912
2025-09-18 19:15:00+00:00,4606.45,4608.32,4590.56,4591.47,2687.0061
2025-09-18 19:30:00+00:00,4591.47,4596.29,4581.03,4594.6,3922.2519
2025-09-18 19:45:00+00:00,4594.61,4595.4,4586.46,4588.23,2096.4144
2025-09-18 20:00:00+00:00,4588.24,4597.35,4587.47,4595.95,1283.0787
2025-09-18 20:15:00+00:00,4595.94,4598.42,4590.27,4592.28,1299.8942
2025-09-18 20:30:00+00:00,4592.29,4603.94,4590.0,4602.92,2945.4144
2025-09-18 20:45:00+00:00,4602.92,4605.65,4601.24,4604.85,1256.0156
2025-09-18 21:00:00+00:00,4604.85,4605.0,4594.46,4594.46,1123.4573
2025-09-18 21:15:00+00:00,4594.47,4598.89,4591.22,4595.01,1158.9589
2025-09-18 21:30:00+00:00,4595.01,4598.6,4593.88,4595.73,655.5437
2025-09-18 21:45:00+00:00,4595.73,4603.01,4591.66,4594.73,800.5584
2025-09-18 22:00:00+00:00,4594.73,4595.0,4587.43,4587.82,1868.9488
2025-09-18 22:15:00+00:00,4587.82,4596.7,4587.66,4595.8,1229.6816
2025-09-18 22:30:00+00:00,4595.81,4601.98,4595.8,4599.6,1333.2051
2025-09-18 22:45:00+00:00,4599.6,4601.0,4589.0,4590.98,2320.714
2025-09-18 23:00:00+00:00,4590.97,4590.98,4573.47,4582.56,3532.6673
2025-09-18 23:15:00+00:00,4582.55,4582.55,4570.61,4577.71,1517.8736
2025-09-18 23:30:00+00:00,4577.71,4587.9,4576.88,4586.46,1469.9277
2025-09-18 23:45:00+00:00,4586.46,4592.29,4585.08,4587.66,1216.1378
2025-09-19 00:00:00+00:00,4587.66,4594.5,4587.51,4589.49,1396.0332
2025-09-19 00:15:00+00:00,4589.5,4602.0,4589.3,4600.27,1329.6793
2025-09-19 00:30:00+00:00,4600.27,4612.17,4599.38,4610.2,2433.8507
2025-09-19 00:45:00+00:00,4610.2,4612.0,4602.46,4609.79,2086.3343
2025-09-19 01:00:00+00:00,4609.79,4612.47,4600.76,4603.08,2444.5002
2025-09-19 01:15:00+00:00,4603.08,4617.42,4598.51,4616.92,3440.9555
2025-09-19 01:30:00+00:00,4616.92,4620.72,4604.52,4605.82,2127.3931
2025-09-19 01:45:00+00:00,4605.82,4610.51,4600.6,4606.93,1729.0836
2025-09-19 02:00:00+00:00,4606.92,4615.0,4597.25,4597.88,1814.4692
2025-09-19 02:15:00+00:00,4597.89,4601.59,4590.5,4592.34,1696.2383
2025-09-19 02:30:00+00:00,4592.34,4599.72,4589.0,4592.76,1474.6181
2025-09-19 02:45:00+00:00,4592.76,4596.6,4588.15,4589.1,1745.6859
2025-09-19 03:00:00+00:00,4589.1,4598.92,4589.1,4596.61,2211.2144
2025-09-19 03:15:00+00:00,4596.61,4601.59,4572.33,4577.28,4100.5021
2025-09-19 03:30:00+00:00,4577.29,4578.8,4542.27,4553.44,12785.6495
2025-09-19 03:45:00+00:00,4553.45,4555.62,4544.99,4549.98,4017.7715
2025-09-19 04:00:00+00:00,4549.98,4550.48,4532.62,4535.51,7758.669
2025-09-19 04:15:00+00:00,4535.5,4549.21,4534.97,4549.21,3733.2386
2025-09-19 04:30:00+00:00,4549.21,4554.11,4544.03,4549.73,2965.9015
2025-09-19 04:45:00+00:00,4549.73,4559.15,4549.73,4557.93,1741.5324
2025-09-19 05:00:00+00:00,4557.93,4558.39,4549.32,4554.11,1999.5166
2025-09-19 05:15:00+00:00,4554.1,4554.1,4529.78,4531.37,4174.6187
2025-09-19 05:30:00+00:00,4531.37,4540.0,4527.92,4535.81,1915.9544
2025-09-19 05:45:00+00:00,4535.8,4543.26,4535.8,4540.78,2652.1677
2025-09-19 06:00:00+00:00,4540.78,4541.7,4532.66,4533.55,2315.1765
2025-09-19 06:15:00+00:00,4533.54,4542.31,4530.01,4534.5,2610.2092
2025-09-19 06:30:00+00:00,4534.51,4538.01,4528.37,4533.28,2274.7856
2025-09-19 06:45:00+00:00,4533.29,4536.29,4520.02,4523.8,4041.9514
2025-09-19 07:00:00+00:00,4523.81,4530.36,4518.33,4528.04,3343.9019
2025-09-19 07:15:00+00:00,4528.04,4537.11,4528.04,4535.41,2197.8674
2025-09-19 07:30:00+00:00,4535.42,4543.45,4532.3,4542.06,2646.8695
2025-09-19 07:45:00+00:00,4542.06,4542.57,4538.16,4539.06,2226.0107
2025-09-19 08:00:00+00:00,4539.06,4544.8,4538.22,4542.85,1504.232
2025-09-19 08:15:00+00:00,4542.86,4549.0,4540.36,4540.75,2920.7079
2025-09-19 08:30:00+00:00,4540.76,4541.33,4531.13,4536.75,1986.5
2025-09-19 08:45:00+00:00,4536.74,4536.75,4531.61,4534.23,2033.5829
2025-09-19 09:00:00+00:00,4534.23,4542.83,4533.2,4541.73,1696.2818
2025-09-19 09:15:00+00:00,4541.73,4543.2,4528.23,4531.92,2552.9894
2025-09-19 09:30:00+00:00,4531.91,4539.83,4527.78,4527.79,1638.5825
2025-09-19 09:45:00+00:00,4527.79,4530.2,4516.09,4522.64,3890.4296
2025-09-19 10:00:00+00:00,4522.65,4529.3,4518.23,4528.93,2441.5697
2025-09-19 10:15:00+00:00,4528.92,4532.7,4525.7,4525.71,1931.7984
2025-09-19 10:30:00+00:00,4525.7,4533.1,4522.48,4531.78,2124.1867
2025-09-19 10:45:00+00:00,4531.77,4532.38,4527.71,4527.73,1362.3615
2025-09-19 11:00:00+00:00,4527.72,4528.52,4515.0,4521.25,2175.801
2025-09-19 11:15:00+00:00,4521.25,4524.03,4514.59,4515.41,2113.503
2025-09-19 11:30:00+00:00,4515.41,4517.0,4507.93,4509.21,3160.5786
2025-09-19 11:45:00+00:00,4509.21,4516.76,4508.47,4513.8,1688.7344
2025-09-19 12:00:00+00:00,4513.79,4518.61,4512.84,4518.29,1279.5612
2025-09-19 12:15:00+00:00,4518.3,4520.62,4509.0,4513.98,11356.2852
2025-09-19 12:30:00+00:00,4513.98,4521.65,4510.03,4519.09,2395.3628
2025-09-19 12:45:00+00:00,4519.08,4520.52,4515.53,4518.59,1291.9382
2025-09-19 13:00:00+00:00,4518.59,4529.36,4518.36,4527.5,1858.8887
2025-09-19 13:15:00+00:00,4527.5,4535.01,4522.59,4525.24,2721.2053
2025-09-19 13:30:00+00:00,4525.25,4531.01,4511.0,4522.66,7875.7311
2025-09-19 13:45:00+00:00,4522.66,4537.51,4519.95,4528.13,3142.1573
2025-09-19 14:00:00+00:00,4528.13,4542.03,4525.25,4539.51,4343.088
2025-09-19 14:15:00+00:00,4539.51,4544.44,4530.0,4533.84,3038.5742
2025-09-19 14:30:00+00:00,4533.84,4541.13,4523.0,4523.9,10059.0627
2025-09-19 14:45:00+00:00,4523.9,4526.46,4487.0,4495.75,29616.1408
2025-09-19 15:00:00+00:00,4495.75,4498.0,4456.7,4463.0,18462.1377
2025-09-19 15:15:00+00:00,4463.08,4470.46,4445.64,4469.01,13339.7312
2025-09-19 15:30:00+00:00,4469.0,4479.85,4458.86,4476.01,5740.0111
2025-09-19 15:45:00+00:00,4476.0,4478.53,4466.82,4474.93,4482.3731
2025-09-19 16:00:00+00:00,4474.93,4483.78,4472.15,4482.89,3404.4102
2025-09-19 16:15:00+00:00,4482.88,4485.1,4475.0,4483.47,2885.6926
2025-09-19 16:30:00+00:00,4483.46,4486.13,4475.23,4483.61,2406.1724
2025-09-19 16:45:00+00:00,4483.62,4489.21,4480.74,4481.85,1495.8625
2025-09-19 17:00:00+00:00,4481.86,4481.86,4464.59,4465.52,2406.1377
2025-09-19 17:15:00+00:00,4465.52,4475.66,4462.23,4472.62,2094.7175
2025-09-19 17:30:00+00:00,4472.62,4472.62,4458.02,4465.46,3815.7999
2025-09-19 17:45:00+00:00,4465.46,4467.1,4458.35,4459.52,2081.6639
2025-09-19 18:00:00+00:00,4459.53,4462.5,4435.7,4449.19,8384.2331
2025-09-19 18:15:00+00:00,4449.19,4455.0,4442.47,4450.99,4860.9084
2025-09-19 18:30:00+00:00,4451.0,4461.38,4450.99,4457.55,4505.0698
2025-09-19 18:45:00+00:00,4457.56,4460.68,4443.78,4448.83,3282.7751
2025-09-19 19:00:00+00:00,4448.84,4461.29,4448.27,4459.25,2202.8882
2025-09-19 19:15:00+00:00,4459.24,4465.71,4455.82,4464.64,2774.82
2025-09-19 19:30:00+00:00,4464.65,4465.72,4452.19,4452.19,2303.3699
2025-09-19 19:45:00+00:00,4452.2,4454.8,4440.68,4440.68,4072.4319
2025-09-19 20:00:00+00:00,4440.68,4454.47,4438.4,4449.6,4383.4574
2025-09-19 20:15:00+00:00,4449.6,4463.72,4447.05,4462.3,2964.4904
2025-09-19 20:30:00+00:00,4462.3,4464.32,4460.94,4464.31,949.4377
2025-09-19 20:45:00+00:00,4464.32,4464.44,4456.0,4459.12,1539.098
2025-09-19 21:00:00+00:00,4459.12,4461.89,4450.39,4461.89,1339.9724
2025-09-19 21:15:00+00:00,4461.89,4463.25,4460.22,4462.49,859.3759
2025-09-19 21:30:00+00:00,4462.48,4470.63,4462.48,4470.62,2286.6878
2025-09-19 21:45:00+00:00,4470.62,4471.92,4466.82,4471.38,859.5229
2025-09-19 22:00:00+00:00,4471.37,4475.38,4471.37,4475.37,763.9942
2025-09-19 22:15:00+00:00,4475.37,4478.21,4471.45,4472.21,1355.1397
2025-09-19 22:30:00+00:00,4472.22,4475.36,4468.3,4470.0,973.0508
2025-09-19 22:45:00+00:00,4470.01,4474.21,4468.89,4468.9,545.1881
2025-09-19 23:00:00+00:00,4468.9,4469.65,4455.19,4456.29,1669.1386
2025-09-19 23:15:00+00:00,4456.28,4460.77,4448.67,4449.36,2156.738
2025-09-19 23:30:00+00:00,4449.35,4459.73,4446.62,4459.73,1871.604
2025-09-19 23:45:00+00:00,4459.73,4469.99,4459.72,4468.59,2460.8612
2025-09-20 00:00:00+00:00,4468.59,4472.29,4465.19,4470.1,1532.2053
2025-09-20 00:15:00+00:00,4470.09,4471.19,4460.67,4462.75,1258.423
2025-09-20 00:30:00+00:00,4462.76,4473.49,4462.75,4472.99,1253.2517
2025-09-20 00:45:00+00:00,4473.0,4475.68,4472.11,4475.67,1189.6208
2025-09-20 01:00:00+00:00,4475.67,4475.91,4466.8,4466.8,1546.2588
2025-09-20 01:15:00+00:00,4466.8,4473.91,4465.96,4470.53,1020.9032
2025-09-20 01:30:00+00:00,4470.53,4471.2,4458.03,4470.38,2130.5121
2025-09-20 01:45:00+00:00,4470.39,4472.2,4466.01,4466.01,1171.1486
2025-09-20 02:00:00+00:00,4466.01,4466.76,4456.57,4458.49,1613.2829
2025-09-20 02:15:00+00:00,4458.5,4465.5,4454.45,4462.03,1169.9448
2025-09-20 02:30:00+00:00,4462.04,4465.99,4457.24,4465.62,997.934
2025-09-20 02:45:00+00:00,4465.61,4469.18,4463.2,4465.79,741.252
2025-09-20 03:00:00+00:00,4465.79,4465.8,4459.38,4463.42,635.1502
2025-09-20 03:15:00+00:00,4463.43,4467.49,4461.36,4461.37,675.0179
2025-09-20 03:30:00+00:00,4461.37,4466.0,4460.26,4465.51,595.904
2025-09-20 03:45:00+00:00,4465.51,4466.48,4462.22,4465.52,451.0123
2025-09-20 04:00:00+00:00,4465.52,4468.41,4462.82,4468.14,800.5552
2025-09-20 04:15:00+00:00,4468.15,4468.15,4464.25,4464.7,470.5378
2025-09-20 04:30:00+00:00,4464.7,4473.0,4464.53,4473.0,1174.5918
2025-09-20 04:45:00+00:00,4473.0,4476.56,4469.94,4474.08,1319.0165
2025-09-20 05:00:00+00:00,4474.08,4474.8,4466.7,4474.53,1473.2419
2025-09-20 05:15:00+00:00,4474.53,4477.25,4473.52,4476.16,1363.4065
2025-09-20 05:30:00+00:00,4476.16,4484.81,4473.19,4474.82,2262.2775
2025-09-20 05:45:00+00:00,4474.82,4479.7,4474.81,4478.67,770.8369
2025-09-20 06:00:00+00:00,4478.66,4478.67,4470.65,4471.3,937.311
2025-09-20 06:15:00+00:00,4471.3,4475.31,4471.3,4475.3,718.7055
2025-09-20 06:30:00+00:00,4475.31,4476.1,4473.09,4473.99,833.4634
2025-09-20 06:45:00+00:00,4474.0,4476.0,4472.63,4473.07,540.4699
2025-09-20 07:00:00+00:00,4473.08,4476.27,4473.07,4474.04,496.7316
2025-09-20 07:15:00+00:00,4474.04,4475.82,4471.04,4471.05,563.284
2025-09-20 07:30:00+00:00,4471.05,4477.86,4469.56,4476.1,952.8401
2025-09-20 07:45:00+00:00,4476.1,4483.22,4475.11,4483.22,1380.1072
2025-09-20 08:00:00+00:00,4483.21,4483.21,4476.63,4477.08,1360.7288
2025-09-20 08:15:00+00:00,4477.08,4478.22,4474.66,4475.1,624.559
2025-09-20 08:30:00+00:00,4475.1,4478.37,4474.81,4477.43,839.7504
2025-09-20 08:45:00+00:00,4477.42,4477.42,4464.78,4465.78,1315.96
2025-09-20 09:00:00+00:00,4465.78,4472.18,4464.79,4470.71,1370.0825
2025-09-20 09:15:00+00:00,4470.71,4471.4,4465.5,4465.5,684.0512
2025-09-20 09:30:00+00:00,4465.51,4465.51,4456.43,4464.02,2836.1651
2025-09-20 09:45:00+00:00,4464.01,4468.6,4462.46,4465.91,1013.9108
2025-09-20 10:00:00+00:00,4465.91,4475.72,4465.91,4472.84,1142.9913
2025-09-20 10:15:00+00:00,4472.84,4474.07,4470.01,4470.62,841.757
2025-09-20 10:30:00+00:00,4470.62,4470.63,4466.42,4468.0,744.2489
2025-09-20 10:45:00+00:00,4468.0,4469.77,4463.9,4463.91,530.8456
2025-09-20 11:00:00+00:00,4463.9,4471.29,4463.9,4470.01,1093.6482
2025-09-20 11:15:00+00:00,4470.0,4470.34,4463.68,4465.13,1071.6211
2025-09-20 11:30:00+00:00,4465.14,4467.37,4464.49,4466.35,685.3688
2025-09-20 11:45:00+00:00,4466.35,4471.22,4466.35,4469.96,760.2486
2025-09-20 12:00:00+00:00,4469.96,4471.0,4467.38,4469.46,1294.7952
2025-09-20 12:15:00+00:00,4469.46,4470.63,4466.02,4466.16,800.6436
2025-09-20 12:30:00+00:00,4466.16,4467.89,4463.8,4463.99,649.3632
2025-09-20 12:45:00+00:00,4464.0,4466.24,4463.41,4465.8,912.352
2025-09-20 13:00:00+00:00,4465.79,4467.58,4463.5,4464.0,797.2349
2025-09-20 13:15:00+00:00,4464.01,4469.66,4463.41,4468.78,954.5141
2025-09-20 13:30:00+00:00,4468.78,4470.72,4467.01,4468.49,825.9831
2025-09-20 13:45:00+00:00,4468.5,4471.54,4467.29,4468.15,1025.1961
2025-09-20 14:00:00+00:00,4468.15,4468.16,4463.74,4466.08,1015.7666
2025-09-20 14:15:00+00:00,4466.08,4468.01,4465.51,4467.1,605.6777
2025-09-20 14:30:00+00:00,4467.1,4473.64,4466.0,4473.63,1194.5915
2025-09-20 14:45:00+00:00,4473.64,4496.78,4473.63,4487.18,7664.1282
2025-09-20 15:00:00+00:00,4487.19,4499.48,4487.0,4496.99,3944.0389
2025-09-20 15:15:00+00:00,4496.99,4507.19,4496.41,4503.84,4902.7916
2025-09-20 15:30:00+00:00,4503.85,4504.0,4495.01,4499.21,1759.2436
2025-09-20 15:45:00+00:00,4499.21,4500.47,4494.64,4498.2,1487.1374
2025-09-20 16:00:00+00:00,4498.21,4504.22,4498.2,4500.01,1643.8728
2025-09-20 16:15:00+00:00,4500.02,4502.99,4489.81,4494.55,2634.0046
2025-09-20 16:30:00+00:00,4494.56,4508.71,4491.92,4504.22,2476.7819
2025-09-20 16:45:00+00:00,4504.21,4505.6,4500.19,4502.57,905.728
2025-09-20 17:00:00+00:00,4502.56,4502.98,4478.29,4481.85,2920.1014
2025-09-20 17:15:00+00:00,4481.86,4484.58,4470.0,4480.7,3317.4118
2025-09-20 17:30:00+00:00,4480.71,4486.5,4480.08,4484.77,1335.8045
2025-09-20 17:45:00+00:00,4484.77,4487.4,4482.5,4486.09,1079.5612
2025-09-20 18:00:00+00:00,4486.1,4486.1,4479.01,4481.53,1247.0139
2025-09-20 18:15:00+00:00,4481.54,4487.05,4477.17,4485.95,1817.2852
2025-09-20 18:30:00+00:00,4485.95,4486.48,4473.38,4483.42,3640.5698
2025-09-20 18:45:00+00:00,4483.42,4483.43,4474.02,4475.22,5375.893
2025-09-20 19:00:00+00:00,4475.23,4477.23,4471.74,4476.95,2554.8608
2025-09-20 19:15:00+00:00,4476.94,4485.2,4476.94,4481.85,1672.7171
2025-09-20 19:30:00+00:00,4481.85,4483.27,4477.44,4479.57,934.7765
2025-09-20 19:45:00+00:00,4479.57,4480.19,4476.7,4480.18,766.8084
2025-09-20 20:00:00+00:00,4480.18,4485.56,4478.23,4484.54,683.2652
2025-09-20 20:15:00+00:00,4484.54,4485.56,4481.34,4484.69,1260.7538
2025-09-20 20:30:00+00:00,4484.69,4487.6,4484.0,4486.2,660.139
2025-09-20 20:45:00+00:00,4486.21,4487.42,4482.91,4484.69,1051.5109
2025-09-20 21:00:00+00:00,4484.69,4491.62,4484.68,4491.62,1056.6335
2025-09-20 21:15:00+00:00,4491.62,4500.31,4487.8,4499.59,1088.9743
2025-09-20 21:30:00+00:00,4499.59,4501.39,4494.79,4498.61,1383.8895
2025-09-20 21:45:00+00:00,4498.62,4498.62,4488.89,4490.48,1227.5308
2025-09-20 22:00:00+00:00,4490.48,4493.01,4489.3,4493.0,941.9359
2025-09-20 22:15:00+00:00,4493.0,4494.66,4491.0,4493.48,613.6783
2025-09-20 22:30:00+00:00,4493.49,4494.14,4487.62,4489.71,964.0864
2025-09-20 22:45:00+00:00,4489.71,4494.49,4489.71,4493.74,725.393
2025-09-20 23:00:00+00:00,4493.75,4493.75,4488.25,4488.69,815.0978
2025-09-20 23:15:00+00:00,4488.7,4488.7,4482.81,4483.43,652.454
2025-09-20 23:30:00+00:00,4483.43,4483.93,4479.76,4481.27,1678.036
2025-09-20 23:45:00+00:00,4481.27,4482.08,4479.59,4480.42,866.7503
2025-09-21 00:00:00+00:00,4480.41,4485.0,4479.39,4482.91,772.6568
2025-09-21 00:15:00+00:00,4482.91,4483.6,4475.26,4476.99,892.0144
2025-09-21 00:30:00+00:00,4476.99,4484.04,4474.47,4483.15,1609.7091
2025-09-21 00:45:00+00:00,4483.16,4490.0,4483.15,4486.94,1721.1222
2025-09-21 01:00:00+00:00,4486.94,4488.93,4482.63,4484.67,866.1461
2025-09-21 01:15:00+00:00,4484.68,4487.41,4484.3,4485.74,1266.4638
2025-09-21 01:30:00+00:00,4485.75,4485.78,4479.72,4480.86,3061.7325
2025-09-21 01:45:00+00:00,4480.86,4482.37,4478.44,4481.26,1113.8934
2025-09-21 02:00:00+00:00,4481.18,4486.81,4480.02,4486.25,892.8146
2025-09-21 02:15:00+00:00,4486.25,4488.0,4458.0,4475.87,5833.5829
2025-09-21 02:30:00+00:00,4475.86,4479.08,4472.93,4476.85,910.3058
2025-09-21 02:45:00+00:00,4476.85,4480.11,4476.22,4478.57,918.0539
2025-09-21 03:00:00+00:00,4478.58,4479.47,4474.81,4477.36,977.6438
2025-09-21 03:15:00+00:00,4477.36,4478.44,4472.84,4477.61,872.8756
2025-09-21 03:30:00+00:00,4477.6,4477.61,4473.79,4476.37,852.6168
2025-09-21 03:45:00+00:00,4476.36,4478.74,4476.36,4478.26,708.6768
2025-09-21 04:00:00+00:00,4478.26,4478.71,4469.18,4470.12,912.7667
2025-09-21 04:15:00+00:00,4470.12,4472.01,4470.11,4470.12,713.5416
2025-09-21 04:30:00+00:00,4470.13,4472.63,4469.69,4471.23,794.077
2025-09-21 04:45:00+00:00,4471.23,4472.32,4470.24,4471.66,737.6904
2025-09-21 05:00:00+00:00,4471.67,4472.94,4466.9,4467.81,897.5955
2025-09-21 05:15:00+00:00,4467.82,4470.0,4467.37,4469.99,746.2344
2025-09-21 05:30:00+00:00,4470.0,4472.45,4468.35,4472.45,873.2113
2025-09-21 05:45:00+00:00,4472.44,4477.86,4472.44,4477.38,1196.7618
2025-09-21 06:00:00+00:00,4477.38,4483.98,4477.38,4483.23,1633.2256
2025-09-21 06:15:00+00:00,4483.22,4484.4,4480.01,4482.6,1035.931
2025-09-21 06:45:00+00:00,4491.61,4491.61,4484.6,4484.6,1074.9007
2025-09-21 07:00:00+00:00,4484.61,4485.58,4479.01,4481.71,1052.2203
2025-09-21 07:15:00+00:00,4481.7,4481.71,4478.19,4480.66,749.7532
2025-09-21 07:30:00+00:00,4480.67,4483.13,4480.52,4480.73,960.2993
2025-09-21 07:45:00+00:00,4480.72,4480.73,4476.05,4477.78,1197.016
2025-09-21 08:00:00+00:00,4477.78,4479.57,4473.72,4473.86,1069.6566
2025-09-21 08:15:00+00:00,4473.87,4474.75,4467.26,4467.46,1568.9417
2025-09-21 08:30:00+00:00,4467.46,4470.96,4466.76,4470.44,1113.8929
2025-09-21 08:45:00+00:00,4470.44,4470.83,4467.9,4469.49,1042.5688
2025-09-21 09:00:00+00:00,4469.5,4474.09,4465.94,4465.94,1623.5643
2025-09-21 09:15:00+00:00,4465.95,4465.95,4453.0,4456.25,2683.6858
2025-09-21 09:30:00+00:00,4456.26,4457.69,4444.34,4457.25,4615.401
2025-09-21 09:45:00+00:00,4457.24,4467.61,4453.52,4465.95,2140.0391
2025-09-21 10:00:00+00:00,4465.95,4469.02,4461.32,4464.36,1396.6786
2025-09-21 10:15:00+00:00,4464.37,4467.19,4459.5,4465.51,905.7919
2025-09-21 10:30:00+00:00,4465.5,4469.0,4463.99,4465.03,862.8082
2025-09-21 10:45:00+00:00,4465.03,4465.03,4458.27,4458.8,712.1028
2025-09-21 11:00:00+00:00,4458.81,4466.01,4456.2,4464.81,871.6135
2025-09-21 11:15:00+00:00,4464.81,4464.81,4460.17,4462.59,638.2223
2025-09-21 11:30:00+00:00,4462.59,4465.97,4461.37,4464.52,550.4536
2025-09-21 11:45:00+00:00,4464.52,4464.96,4460.01,4460.57,726.8644
2025-09-21 12:00:00+00:00,4460.58,4465.95,4460.32,4465.18,633.0474
2025-09-21 12:15:00+00:00,4465.18,4470.69,4465.17,4469.61,1446.921
2025-09-21 12:30:00+00:00,4469.6,4473.44,4464.53,4464.99,2105.515
2025-09-21 12:45:00+00:00,4464.98,4469.66,4461.57,4467.6,1026.1944
2025-09-21 13:00:00+00:00,4467.6,4472.29,4466.1,4469.24,822.4417
2025-09-21 13:15:00+00:00,4469.24,4472.0,4468.44,4471.4,699.1197
2025-09-21 13:30:00+00:00,4471.4,4481.29,4468.97,4470.39,2495.167
2025-09-21 13:45:00+00:00,4470.39,4477.0,4470.39,4475.88,1668.2464
2025-09-21 14:00:00+00:00,4475.88,4479.0,4471.56,4479.0,1853.596
2025-09-21 14:15:00+00:00,4479.0,4479.0,4474.81,4475.68,1006.7485
2025-09-21 14:30:00+00:00,4475.68,4479.4,4471.71,4479.4,1337.9225
2025-09-21 14:45:00+00:00,4479.4,4484.76,4472.43,4472.73,1505.1125
2025-09-21 15:00:00+00:00,4472.73,4483.11,4471.99,4483.11,1356.9712
2025-09-21 15:15:00+00:00,4483.11,4483.8,4478.29,4478.29,1887.6825
2025-09-21 15:30:00+00:00,4478.29,4485.0,4474.19,4484.33,1947.2728
2025-09-21 15:45:00+00:00,4484.34,4486.4,4481.39,4482.8,1446.0803
2025-09-21 16:00:00+00:00,4482.8,4488.95,4482.8,4482.94,3617.9041
2025-09-21 16:15:00+00:00,4482.95,4484.54,4476.33,4484.23,1649.1559
2025-09-21 16:30:00+00:00,4484.24,4485.71,4466.32,4471.16,3351.3807
2025-09-21 16:45:00+00:00,4471.16,4476.84,4464.59,4476.83,2743.4807
2025-09-21 17:00:00+00:00,4476.83,4478.13,4469.14,4470.93,1608.2034
2025-09-21 17:15:00+00:00,4470.92,4475.0,4467.1,4472.59,1651.5367
2025-09-21 17:30:00+00:00,4472.58,4475.0,4467.52,4473.68,1785.5285
2025-09-21 17:45:00+00:00,4473.69,4494.0,4473.35,4491.15,2746.5404
2025-09-21 18:00:00+00:00,4491.14,4495.0,4487.41,4487.42,2833.6762
2025-09-21 18:15:00+00:00,4487.41,4491.09,4484.12,4486.22,1092.177
2025-09-21 18:30:00+00:00,4486.21,4493.69,4486.21,4491.92,1323.67
2025-09-21 18:45:00+00:00,4491.92,4497.0,4491.62,4497.0,2019.46
2025-09-21 19:00:00+00:00,4497.0,4498.16,4476.45,4480.28,3568.4278
2025-09-21 19:15:00+00:00,4480.27,4492.47,4478.06,4492.47,2399.4316
2025-09-21 19:30:00+00:00,4492.48,4493.27,4485.62,4486.51,784.6003
2025-09-21 19:45:00+00:00,4486.5,4494.49,4486.5,4494.4,1028.296
2025-09-21 20:00:00+00:00,4494.4,4494.41,4484.43,4486.65,1089.3536
2025-09-21 20:15:00+00:00,4486.65,4491.62,4485.07,4490.59,835.7064
2025-09-21 20:30:00+00:00,4490.59,4490.59,4480.52,4480.52,1232.1149
2025-09-21 20:45:00+00:00,4480.52,4481.88,4475.25,4475.26,1704.7018
2025-09-21 21:00:00+00:00,4475.26,4475.86,4470.13,4475.85,1778.2741
2025-09-21 21:15:00+00:00,4475.85,4475.85,4467.57,4468.27,1263.9266
2025-09-21 21:30:00+00:00,4468.28,4477.94,4467.32,4476.51,1551.4749
2025-09-21 21:45:00+00:00,4476.5,4476.5,4470.62,4471.52,899.5236
2025-09-21 22:00:00+00:00,4471.51,4477.93,4457.31,4457.72,2667.4896
2025-09-21 22:15:00+00:00,4457.71,4460.93,4446.0,4457.63,2927.2132
2025-09-21 22:30:00+00:00,4457.63,4467.5,4453.23,4466.71,2047.6114
2025-09-21 22:45:00+00:00,4466.7,4470.0,4464.4,4465.3,1254.0884
2025-09-21 23:00:00+00:00,4465.31,4465.31,4443.0,4448.36,3855.7063
2025-09-21 23:15:00+00:00,4448.37,4453.11,4443.88,4451.93,2416.3992
2025-09-21 23:30:00+00:00,4451.93,4456.86,4448.0,4455.21,1545.5287
2025-09-21 23:45:00+00:00,4455.21,4455.22,4444.0,4444.97,1631.5733
2025-09-22 00:00:00+00:00,4444.98,4455.76,4439.86,4450.01,2528.0176
2025-09-22 00:15:00+00:00,4450.0,4451.9,4422.58,4427.62,6808.4209
2025-09-22 00:30:00+00:00,4427.63,4427.63,4351.15,4362.16,38834.6661
2025-09-22 00:45:00+00:00,4362.17,4366.8,4322.0,4336.27,24093.4833
2025-09-22 01:00:00+00:00,4336.28,4352.54,4330.0,4342.81,9490.6867
2025-09-22 01:15:00+00:00,4342.81,4349.81,4329.14,4340.32,8122.0443
2025-09-22 01:30:00+00:00,4340.31,4350.0,4335.01,4346.11,2992.2918
2025-09-22 01:45:00+00:00,4346.11,4350.89,4325.0,4328.22,12286.7063
2025-09-22 02:00:00+00:00,4328.22,4340.38,4319.2,4329.01,6374.1123
2025-09-22 02:15:00+00:00,4329.01,4332.63,4287.0,4309.37,25979.7605
2025-09-22 02:30:00+00:00,4309.36,4309.98,4261.6,4292.12,29637.8073
2025-09-22 02:45:00+00:00,4292.11,4299.12,4287.02,4288.13,13829.1281
2025-09-22 03:00:00+00:00,4288.13,4305.0,4287.0,4298.43,6624.9594
2025-09-22 03:15:00+00:00,4298.43,4306.45,4296.39,4304.73,2935.4706
2025-09-22 03:30:00+00:00,4304.73,4307.69,4292.5,4294.48,3476.1129
2025-09-22 03:45:00+00:00,4294.48,4307.71,4294.48,4305.87,3191.1971
2025-09-22 04:00:00+00:00,4305.87,4310.49,4297.06,4297.42,3150.1804
2025-09-22 04:15:00+00:00,4297.43,4302.82,4291.0,4301.36,3625.4583
2025-09-22 04:30:00+00:00,4301.36,4306.87,4297.54,4297.54,2432.6752
2025-09-22 04:45:00+00:00,4297.55,4297.55,4288.8,4290.45,2331.5235
2025-09-22 05:00:00+00:00,4290.44,4292.52,4282.62,4291.15,2773.0822
2025-09-22 05:15:00+00:00,4291.15,4298.3,4285.56,4296.3,2145.1952
2025-09-22 05:30:00+00:00,4296.31,4296.31,4278.64,4280.05,3624.4261
2025-09-22 05:45:00+00:00,4280.09,4287.0,4214.57,4219.39,14677.5102
2025-09-22 06:00:00+00:00,4219.39,4224.57,4077.0,4154.99,84679.1696
2025-09-22 06:15:00+00:00,4154.99,4202.83,4147.0,4180.65,23994.3546
2025-09-22 06:30:00+00:00,4180.65,4198.09,4173.54,4193.96,15257.0098
2025-09-22 06:45:00+00:00,4193.96,4195.39,4179.62,4192.12,9170.3585
2025-09-22 07:00:00+00:00,4192.12,4215.57,4185.0,4192.46,14628.9928
2025-09-22 07:15:00+00:00,4192.45,4203.1,4183.83,4201.89,7704.5364
2025-09-22 07:30:00+00:00,4201.89,4224.95,4196.44,4203.08,17738.7025
2025-09-22 07:45:00+00:00,4203.08,4206.0,4192.55,4193.38,8780.3243
2025-09-22 08:00:00+00:00,4193.38,4207.35,4186.31,4198.44,8666.7878
2025-09-22 08:15:00+00:00,4198.43,4205.72,4190.45,4194.01,6297.4269
2025-09-22 08:30:00+00:00,4194.0,4204.99,4190.19,4200.22,4889.6513
2025-09-22 08:45:00+00:00,4200.21,4205.0,4192.06,4194.67,3405.7296
2025-09-22 09:00:00+00:00,4194.68,4197.3,4183.66,4184.49,4556.244
2025-09-22 09:15:00+00:00,4184.5,4192.22,4176.18,4182.86,4133.7692
2025-09-22 09:30:00+00:00,4182.86,4184.04,4163.19,4166.69,7128.1002
2025-09-22 09:45:00+00:00,4166.69,4172.07,4136.47,4150.99,17262.8899
2025-09-22 10:00:00+00:00,4150.99,4171.73,4138.8,4164.08,23920.0672
2025-09-22 10:15:00+00:00,4164.09,4173.6,4163.82,4171.38,4500.1125
2025-09-22 10:30:00+00:00,4171.39,4171.39,4155.0,4158.91,2772.5465
2025-09-22 10:45:00+00:00,4158.92,4189.7,4158.83,4182.78,4811.8629
2025-09-22 11:00:00+00:00,4182.78,4190.0,4178.65,4182.62,4646.4518
2025-09-22 11:15:00+00:00,4182.63,4191.5,4173.83,4181.53,3892.28
2025-09-22 11:30:00+00:00,4181.52,4184.25,4178.16,4182.97,2833.9394
2025-09-22 11:45:00+00:00,4182.98,4189.3,4177.88,4181.62,2575.3491
2025-09-22 12:00:00+00:00,4181.63,4183.08,4169.17,4179.69,3614.1888
2025-09-22 12:15:00+00:00,4179.69,4190.0,4175.24,4184.14,2795.1084
2025-09-22 12:30:00+00:00,4184.13,4186.84,4174.65,4180.27,2705.9018
2025-09-22 12:45:00+00:00,4180.27,4199.77,4178.8,4192.43,5490.0878
2025-09-22 13:00:00+00:00,4192.44,4205.49,4188.6,4205.45,6065.9018
2025-09-22 13:15:00+00:00,4205.45,4216.66,4192.86,4203.1,6925.4212
2025-09-22 13:30:00+00:00,4203.1,4203.1,4179.3,4181.76,6412.6574
2025-09-22 13:45:00+00:00,4181.76,4208.31,4173.48,4207.1,7038.8737
2025-09-22 14:00:00+00:00,4207.1,4213.92,4197.04,4197.54,7054.9905
2025-09-22 14:15:00+00:00,4197.55,4218.9,4197.48,4216.75,9120.789
2025-09-22 14:30:00+00:00,4216.75,4219.34,4194.69,4198.75,5868.4008
2025-09-22 14:45:00+00:00,4198.75,4201.31,4183.39,4190.01,3855.6806
2025-09-22 15:00:00+00:00,4190.0,4195.85,4170.67,4174.81,5563.5174
2025-09-22 15:15:00+00:00,4174.8,4178.76,4167.33,4177.88,5690.0058
2025-09-22 15:30:00+00:00,4177.88,4182.29,4168.13,4171.54,4630.8849
2025-09-22 15:45:00+00:00,4171.54,4176.51,4159.16,4167.88,5012.7443
2025-09-22 16:00:00+00:00,4167.88,4180.18,4165.31,4179.39,3505.3374
2025-09-22 16:15:00+00:00,4179.38,4183.28,4169.35,4175.47,4478.7676
2025-09-22 16:30:00+00:00,4175.47,4180.69,4166.93,4167.18,4214.6054
2025-09-22 16:45:00+00:00,4167.17,4173.9,4160.96,4164.72,3784.3409
2025-09-22 17:00:00+00:00,4164.82,4166.6,4146.51,4153.97,7901.6743
2025-09-22 17:15:00+00:00,4153.98,4173.85,4151.51,4168.14,4187.2016
2025-09-22 17:30:00+00:00,4168.13,4180.0,4161.62,4171.97,3933.9845
2025-09-22 17:45:00+00:00,4171.97,4176.63,4161.89,4165.05,3475.2484
2025-09-22 18:00:00+00:00,4165.01,4173.94,4162.5,4173.61,1825.6427
2025-09-22 18:15:00+00:00,4173.6,4175.95,4169.24,4172.29,1570.5372
2025-09-22 18:30:00+00:00,4172.28,4178.02,4165.88,4165.88,1487.3171
2025-09-22 18:45:00+00:00,4165.89,4165.89,4155.25,4155.32,4354.3501
2025-09-22 19:00:00+00:00,4155.31,4158.27,4149.67,4155.66,2210.674
2025-09-22 19:15:00+00:00,4155.65,4166.6,4144.84,4153.63,2912.2233
2025-09-22 19:30:00+00:00,4153.63,4155.0,4122.0,4142.52,8656.0121
2025-09-22 19:45:00+00:00,4142.52,4149.11,4126.0,4134.98,7709.204
2025-09-22 20:00:00+00:00,4134.99,4156.04,4134.34,4151.62,2817.3048
2025-09-22 20:15:00+00:00,4151.63,4159.58,4145.98,4158.9,2939.8501
2025-09-22 20:30:00+00:00,4158.91,4176.34,4158.69,4176.02,3454.1346
2025-09-22 20:45:00+00:00,4176.02,4189.51,4172.12,4181.81,3735.8499
2025-09-22 21:00:00+00:00,4181.8,4186.97,4176.39,4181.21,2461.3908
2025-09-22 21:15:00+00:00,4181.21,4192.63,4181.11,4188.98,2289.9273
2025-09-22 21:30:00+00:00,4188.99,4196.38,4187.3,4195.1,1495.7972
2025-09-22 21:45:00+00:00,4195.1,4198.61,4191.03,4198.18,981.1367
2025-09-22 22:00:00+00:00,4198.18,4198.47,4186.45,4191.67,1961.6942
2025-09-22 22:15:00+00:00,4191.66,4198.55,4188.99,4189.52,2221.8586
2025-09-22 22:30:00+00:00,4189.51,4194.14,4184.7,4190.88,1414.5146
2025-09-22 22:45:00+00:00,4190.88,4192.0,4184.71,4190.74,1623.6183
2025-09-22 23:00:00+00:00,4190.74,4198.04,4189.51,4197.76,1083.7218
2025-09-22 23:15:00+00:00,4197.75,4207.91,4197.75,4203.7,2497.6059
2025-09-22 23:30:00+00:00,4203.71,4207.33,4200.43,4204.23,1145.7709
2025-09-22 23:45:00+00:00,4204.23,4204.92,4196.02,4199.08,1855.2112
2025-09-23 00:00:00+00:00,4199.09,4207.33,4195.1,4204.84,3659.6866
2025-09-23 00:15:00+00:00,4204.84,4211.56,4203.25,4207.68,3630.7961
2025-09-23 00:30:00+00:00,4207.69,4211.4,4194.19,4195.49,2998.6948
2025-09-23 00:45:00+00:00,4195.5,4197.5,4189.93,4191.39,1217.5938
2025-09-23 01:00:00+00:00,4191.39,4193.04,4175.61,4177.29,2746.1667
2025-09-23 01:15:00+00:00,4177.29,4198.86,4175.0,4198.0,1990.8409
2025-09-23 01:30:00+00:00,4197.99,4198.62,4168.34,4174.0,2356.7073
2025-09-23 01:45:00+00:00,4173.99,4180.0,4163.46,4163.71,3500.7412
2025-09-23 02:00:00+00:00,4163.72,4183.03,4161.04,4177.67,3347.0869
2025-09-23 02:15:00+00:00,4177.68,4178.37,4158.0,4159.01,2771.7979
2025-09-23 02:30:00+00:00,4159.0,4164.18,4153.54,4159.51,2816.002
2025-09-23 02:45:00+00:00,4159.51,4161.0,4141.34,4144.21,4633.2474
2025-09-23 03:00:00+00:00,4144.2,4144.2,4114.39,4137.57,10393.6102
2025-09-23 03:15:00+00:00,4137.55,4180.93,4136.55,4176.92,6467.5528
2025-09-23 03:30:00+00:00,4176.92,4197.4,4176.92,4183.42,6856.7868
2025-09-23 03:45:00+00:00,4183.43,4195.08,4183.43,4188.01,2853.3754
2025-09-23 04:00:00+00:00,4188.02,4193.91,4177.0,4177.01,2995.6958
2025-09-23 04:15:00+00:00,4177.0,4178.59,4163.45,4163.86,2500.7629
2025-09-23 04:30:00+00:00,4163.86,4176.23,4154.44,4173.91,3237.2272
2025-09-23 04:45:00+00:00,4173.91,4178.83,4168.17,4177.02,1549.7226
2025-09-23 05:00:00+00:00,4177.01,4183.17,4165.0,4182.13,2196.7221
2025-09-23 05:15:00+00:00,4182.14,4190.43,4175.71,4185.51,2798.0472
2025-09-23 05:30:00+00:00,4185.5,4194.62,4185.5,4189.98,3030.2426
2025-09-23 05:45:00+00:00,4189.98,4193.67,4183.34,4183.34,2164.3909
2025-09-23 06:00:00+00:00,4183.35,4196.47,4178.57,4195.06,3265.1601
2025-09-23 06:15:00+00:00,4195.06,4204.4,4190.0,4202.22,3632.2253
2025-09-23 06:30:00+00:00,4202.22,4215.78,4200.71,4203.76,4697.64
2025-09-23 06:45:00+00:00,4203.76,4212.5,4200.63,4205.56,3550.494
2025-09-23 07:00:00+00:00,4205.56,4208.65,4199.09,4205.61,4289.9663
2025-09-23 07:15:00+00:00,4205.6,4211.76,4201.6,4201.95,2281.4738
2025-09-23 07:30:00+00:00,4201.96,4210.5,4198.01,4207.72,4049.6457
2025-09-23 07:45:00+00:00,4207.71,4209.84,4204.14,4205.24,4147.657
2025-09-23 08:00:00+00:00,4205.23,4211.58,4194.39,4206.79,5386.0698
2025-09-23 08:15:00+00:00,4206.79,4214.61,4205.8,4210.48,4715.7849
2025-09-23 08:30:00+00:00,4210.48,4213.89,4204.66,4212.59,3201.0696
2025-09-23 08:45:00+00:00,4212.59,4212.81,4206.47,4208.87,2346.6876
2025-09-23 09:00:00+00:00,4208.86,4229.03,4205.25,4222.56,6291.4601
2025-09-23 09:15:00+00:00,4222.55,4222.56,4200.4,4204.82,3475.0382
2025-09-23 09:30:00+00:00,4204.82,4205.24,4195.0,4195.0,3922.7737
2025-09-23 09:45:00+00:00,4195.01,4195.79,4185.2,4192.55,3440.5978
2025-09-23 10:00:00+00:00,4192.54,4195.0,4185.96,4194.26,1713.1547
2025-09-23 10:15:00+00:00,4194.26,4196.75,4188.0,4191.47,2446.9975
2025-09-23 10:30:00+00:00,4191.47,4194.41,4186.04,4190.87,3212.4241
2025-09-23 10:45:00+00:00,4190.87,4196.26,4190.86,4193.06,2012.5885
2025-09-23 11:00:00+00:00,4193.05,4193.06,4178.27,4184.15,2550.4728
2025-09-23 11:15:00+00:00,4184.14,4191.05,4181.58,4189.24,2022.1413
2025-09-23 11:30:00+00:00,4189.23,4195.5,4188.14,4194.5,1294.1203
2025-09-23 11:45:00+00:00,4194.5,4195.43,4189.81,4192.08,1037.9186
2025-09-23 12:00:00+00:00,4192.09,4195.71,4186.06,4195.7,2073.535
2025-09-23 12:15:00+00:00,4195.71,4201.42,4184.58,4186.75,4179.9641
2025-09-23 12:30:00+00:00,4186.75,4199.21,4184.24,4198.72,2594.9255
2025-09-23 12:45:00+00:00,4198.73,4205.0,4190.22,4195.79,2963.7842
2025-09-23 13:00:00+00:00,4195.79,4198.17,4190.0,4194.56,1858.9092
2025-09-23 13:15:00+00:00,4194.56,4198.87,4187.46,4196.21,2612.8827
2025-09-23 13:30:00+00:00,4196.21,4209.24,4181.0,4188.84,6099.3234
2025-09-23 13:45:00+00:00,4188.85,4195.0,4181.78,4187.62,3856.2518
2025-09-23 14:00:00+00:00,4187.63,4211.5,4180.0,4198.29,8074.2478
2025-09-23 14:15:00+00:00,4198.29,4198.93,4181.74,4185.18,3483.5732
2025-09-23 14:30:00+00:00,4185.19,4194.03,4164.75,4191.41,8052.2873
2025-09-23 14:45:00+00:00,4191.41,4191.82,4172.17,4174.55,4684.8461
2025-09-23 15:00:00+00:00,4174.55,4187.42,4161.87,4182.35,6159.6021
2025-09-23 15:15:00+00:00,4182.36,4203.6,4174.7,4192.99,6744.5555
2025-09-23 15:30:00+00:00,4192.99,4194.44,4179.97,4180.96,2633.316
2025-09-23 15:45:00+00:00,4180.97,4189.51,4178.01,4181.01,1851.3219
2025-09-23 16:00:00+00:00,4181.01,4183.64,4165.13,4174.73,3851.0357
2025-09-23 16:15:00+00:00,4174.74,4193.87,4171.76,4188.86,3574.9409
2025-09-23 16:30:00+00:00,4188.86,4189.91,4164.0,4172.49,4845.4758
2025-09-23 16:45:00+00:00,4172.5,4207.0,4172.49,4192.52,6052.9118
2025-09-23 17:00:00+00:00,4192.51,4193.93,4174.25,4176.7,2490.8601
2025-09-23 17:15:00+00:00,4176.69,4186.34,4169.43,4169.44,2539.6531
2025-09-23 17:30:00+00:00,4169.43,4172.0,4139.78,4144.64,5263.7636
2025-09-23 17:45:00+00:00,4144.64,4159.0,4137.7,4149.0,3445.8946
2025-09-23 18:00:00+00:00,4149.01,4158.0,4146.51,4154.34,4621.1457
2025-09-23 18:15:00+00:00,4154.33,4164.46,4150.0,4159.47,2083.3722
2025-09-23 18:30:00+00:00,4159.46,4167.85,4150.37,4151.33,3660.67
2025-09-23 18:45:00+00:00,4151.34,4158.24,4146.62,4157.16,2445.383
2025-09-23 19:00:00+00:00,4157.16,4176.57,4157.16,4169.87,3566.0446
2025-09-23 19:15:00+00:00,4169.86,4182.87,4164.35,4170.18,2989.0154
2025-09-23 19:30:00+00:00,4170.19,4172.3,4156.64,4157.47,1568.8093
2025-09-23 19:45:00+00:00,4157.47,4158.88,4142.66,4153.43,3636.6129
2025-09-23 20:00:00+00:00,4153.43,4163.93,4150.53,4159.99,1800.094
2025-09-23 20:15:00+00:00,4160.0,4162.2,4149.47,4151.56,1739.7672
2025-09-23 20:30:00+00:00,4151.56,4167.5,4139.53,4164.99,2678.6041
2025-09-23 20:45:00+00:00,4165.0,4175.99,4157.58,4175.6,1877.3136
2025-09-23 21:00:00+00:00,4175.59,4175.59,4164.36,4169.71,2244.6466
2025-09-23 21:15:00+00:00,4169.72,4175.21,4165.72,4175.21,798.3617
2025-09-23 21:30:00+00:00,4175.21,4190.86,4174.72,4188.21,3466.8015
2025-09-23 21:45:00+00:00,4188.22,4188.42,4181.87,4183.66,894.5923
2025-09-23 22:00:00+00:00,4183.66,4183.87,4174.48,4177.72,1961.8314
2025-09-23 22:15:00+00:00,4177.75,4179.86,4169.27,4170.86,1276.6349
2025-09-23 22:30:00+00:00,4170.87,4189.51,4170.87,4184.31,1808.849
2025-09-23 22:45:00+00:00,4184.31,4185.54,4179.65,4181.93,1043.5771
2025-09-23 23:00:00+00:00,4181.93,4185.58,4175.13,4181.23,1245.5458
2025-09-23 23:15:00+00:00,4181.23,4183.44,4161.0,4162.94,3517.4926
2025-09-23 23:30:00+00:00,4162.94,4177.53,4161.98,4172.49,1617.3049
2025-09-23 23:45:00+00:00,4172.5,4172.5,4163.92,4164.26,1000.5147
2025-09-24 00:00:00+00:00,4164.25,4171.89,4158.25,4170.74,2532.4211
2025-09-24 00:15:00+00:00,4170.74,4194.37,4170.27,4185.39,2918.0199
2025-09-24 00:30:00+00:00,4185.4,4185.94,4174.21,4178.99,1693.8776
2025-09-24 00:45:00+00:00,4179.0,4187.91,4173.88,4174.45,2180.6176
2025-09-24 01:00:00+00:00,4174.45,4184.25,4169.14,4184.24,1567.8719
2025-09-24 01:15:00+00:00,4184.24,4190.31,4182.73,4190.0,1050.4157
2025-09-24 01:30:00+00:00,4190.01,4193.5,4184.5,4184.75,1920.9978
2025-09-24 01:45:00+00:00,4184.76,4192.89,4184.72,4189.71,1444.2279
2025-09-24 02:00:00+00:00,4189.71,4191.95,4168.38,4170.49,2494.719
2025-09-24 02:15:00+00:00,4170.48,4174.11,4161.12,4174.11,2658.8068
2025-09-24 02:30:00+00:00,4174.11,4176.32,4167.45,4171.34,1604.1109
2025-09-24 02:45:00+00:00,4171.33,4176.59,4160.26,4169.68,15392.9723
2025-09-24 03:00:00+00:00,4169.69,4174.25,4158.0,4163.9,6080.0955
2025-09-24 03:15:00+00:00,4163.9,4166.8,4130.58,4135.84,9311.1619
2025-09-24 03:30:00+00:00,4135.84,4146.25,4129.24,4144.21,4467.9819
2025-09-24 03:45:00+00:00,4144.21,4152.58,4138.97,4147.51,3412.8395
2025-09-24 04:00:00+00:00,4147.51,4147.51,4073.74,4100.1,30019.9145
2025-09-24 04:15:00+00:00,4100.1,4129.94,4095.0,4127.36,9386.0525
2025-09-24 04:30:00+00:00,4127.37,4161.36,4127.37,4154.13,9712.1252
2025-09-24 04:45:00+00:00,4154.13,4155.99,4137.0,4141.21,7059.0897
2025-09-24 05:00:00+00:00,4141.2,4151.7,4138.88,4150.89,2223.4534
2025-09-24 05:15:00+00:00,4150.88,4161.59,4148.42,4157.9,2576.6378
2025-09-24 05:30:00+00:00,4157.89,4171.04,4152.86,4169.74,3333.4103
2025-09-24 05:45:00+00:00,4169.74,4176.54,4166.35,4172.49,4139.2529
2025-09-24 06:00:00+00:00,4172.49,4180.36,4170.0,4176.67,4035.0666
2025-09-24 06:15:00+00:00,4176.66,4179.62,4167.44,4172.87,3229.3458
2025-09-24 06:30:00+00:00,4172.87,4176.66,4171.55,4174.65,2573.7844
2025-09-24 06:45:00+00:00,4174.65,4183.71,4174.65,4181.21,2723.0859
2025-09-24 07:00:00+00:00,4181.22,4183.41,4176.34,4178.45,2592.0362
2025-09-24 07:15:00+00:00,4178.46,4184.22,4164.35,4170.0,3414.5715
2025-09-24 07:30:00+00:00,4170.0,4178.85,4167.68,4176.61,2297.1151
2025-09-24 07:45:00+00:00,4176.62,4179.83,4171.0,4175.08,2393.4257
2025-09-24 08:00:00+00:00,4175.08,4178.31,4173.13,4176.72,1882.6164
2025-09-24 08:15:00+00:00,4176.72,4177.81,4168.12,4169.84,2905.3272
2025-09-24 08:30:00+00:00,4169.84,4178.01,4169.84,4177.2,2258.1953
2025-09-24 08:45:00+00:00,4177.19,4177.97,4170.76,4175.2,2242.5602
2025-09-24 09:00:00+00:00,4175.19,4175.4,4170.04,4171.78,1871.8825
2025-09-24 09:15:00+00:00,4171.79,4176.04,4170.41,4176.03,1716.1828
2025-09-24 09:30:00+00:00,4176.04,4184.32,4175.84,4179.76,2545.4785
2025-09-24 09:45:00+00:00,4179.77,4183.86,4176.8,4183.0,1573.7093
2025-09-24 10:00:00+00:00,4183.0,4183.97,4179.23,4180.0,2367.3164
2025-09-24 10:15:00+00:00,4180.0,4180.69,4168.4,4168.41,1576.885
2025-09-24 10:30:00+00:00,4168.4,4175.66,4164.66,4171.22,2182.4057
2025-09-24 10:45:00+00:00,4171.23,4182.89,4169.66,4178.43,3181.8569
2025-09-24 11:00:00+00:00,4178.42,4198.34,4175.5,4193.54,7159.9002
2025-09-24 11:15:00+00:00,4193.54,4198.18,4186.57,4187.6,2732.6814
2025-09-24 11:30:00+00:00,4187.6,4191.38,4179.71,4185.3,3322.766
2025-09-24 11:45:00+00:00,4185.29,4185.29,4176.78,4182.08,1847.6187
2025-09-24 12:00:00+00:00,4182.08,4184.91,4176.52,4179.89,1884.0575
2025-09-24 12:15:00+00:00,4179.89,4181.4,4171.55,4177.63,2821.7698
2025-09-24 12:30:00+00:00,4177.63,4186.28,4176.58,4184.05,2701.092
2025-09-24 12:45:00+00:00,4184.04,4187.25,4177.96,4180.18,3158.712
2025-09-24 13:00:00+00:00,4180.18,4185.51,4174.14,4175.92,3125.4977
2025-09-24 13:15:00+00:00,4175.91,4178.9,4173.03,4175.24,3543.2217
2025-09-24 13:30:00+00:00,4175.23,4182.6,4160.0,4173.59,7399.3664
2025-09-24 13:45:00+00:00,4173.6,4176.0,4145.96,4150.29,9970.5228
2025-09-24 14:00:00+00:00,4150.29,4170.65,4149.89,4168.3,5510.7923
2025-09-24 14:15:00+00:00,4168.3,4174.21,4164.16,4172.73,3481.8761
2025-09-24 14:30:00+00:00,4172.72,4182.05,4170.39,4182.05,2854.9006
2025-09-24 14:45:00+00:00,4182.04,4206.9,4179.89,4193.59,9147.8974
2025-09-24 15:00:00+00:00,4193.6,4198.27,4180.48,4188.0,4878.4833
2025-09-24 15:15:00+00:00,4188.0,4197.5,4188.0,4192.67,4621.3812
2025-09-24 15:30:00+00:00,4192.67,4196.37,4188.27,4192.14,4529.5863
2025-09-24 15:45:00+00:00,4192.14,4192.44,4162.97,4166.18,5781.103
2025-09-24 16:00:00+00:00,4166.17,4168.46,4155.0,4160.67,4531.7399
2025-09-24 16:15:00+00:00,4160.66,4173.35,4160.02,4170.77,4740.2183
2025-09-24 16:30:00+00:00,4170.77,4176.84,4166.14,4174.63,3196.3207
2025-09-24 16:45:00+00:00,4174.62,4175.65,4170.34,4173.57,2330.5454
2025-09-24 17:00:00+00:00,4173.57,4185.47,4166.18,4181.63,3728.6348
2025-09-24 17:15:00+00:00,4181.62,4182.97,4173.61,4179.87,2798.9109
2025-09-24 17:30:00+00:00,4179.88,4194.42,4179.25,4188.64,4984.8865
2025-09-24 17:45:00+00:00,4188.64,4188.64,4181.54,4183.86,2141.2537
2025-09-24 18:00:00+00:00,4183.86,4184.5,4170.54,4171.93,2781.3317
2025-09-24 18:15:00+00:00,4171.93,4180.63,4166.68,4179.62,2642.5346
2025-09-24 18:30:00+00:00,4179.62,4181.55,4174.62,4175.8,1789.4663
2025-09-24 18:45:00+00:00,4175.79,4176.73,4166.53,4173.09,2135.5922
2025-09-24 19:00:00+00:00,4173.09,4174.75,4165.28,4166.58,2248.5929
2025-09-24 19:15:00+00:00,4166.58,4171.38,4161.53,4162.9,1919.1623
2025-09-24 19:30:00+00:00,4162.9,4163.41,4157.08,4158.92,1888.5704
2025-09-24 19:45:00+00:00,4158.92,4166.04,4155.82,4161.5,2370.2659
2025-09-24 20:00:00+00:00,4161.5,4163.85,4157.11,4159.41,2201.1154
2025-09-24 20:15:00+00:00,4159.41,4164.56,4157.01,4159.88,1874.2863
2025-09-24 20:30:00+00:00,4159.92,4164.09,4149.5,4164.08,4014.2999
2025-09-24 20:45:00+00:00,4164.08,4169.45,4163.0,4165.69,2096.433
2025-09-24 21:00:00+00:00,4165.69,4172.23,4164.03,4171.87,1609.0365
2025-09-24 21:15:00+00:00,4171.87,4172.08,4167.86,4171.45,1408.3677
2025-09-24 21:30:00+00:00,4171.45,4171.46,4163.01,4166.85,3441.0583
2025-09-24 21:45:00+00:00,4166.85,4168.4,4131.2,4145.54,4404.292
2025-09-24 22:00:00+00:00,4145.54,4162.72,4144.35,4161.71,3461.3053
2025-09-24 22:15:00+00:00,4161.72,4164.26,4151.97,4155.15,1965.8403
2025-09-24 22:30:00+00:00,4155.15,4163.12,4153.44,4158.57,2494.1001
2025-09-24 22:45:00+00:00,4158.58,4160.44,4149.99,4154.62,1365.0333
2025-09-24 23:00:00+00:00,4154.62,4162.51,4154.61,4160.43,1925.9091
2025-09-24 23:15:00+00:00,4160.43,4161.13,4152.68,4156.0,2249.9631
2025-09-24 23:30:00+00:00,4156.01,4157.15,4148.44,4149.31,1662.9813
2025-09-24 23:45:00+00:00,4149.3,4154.55,4144.92,4152.81,2046.3716
2025-09-25 00:00:00+00:00,4152.81,4161.04,4150.5,4159.4,2120.8821
2025-09-25 00:15:00+00:00,4159.41,4159.61,4136.15,4139.32,2997.9771
2025-09-25 00:30:00+00:00,4139.31,4150.95,4133.05,4141.87,2698.4972
2025-09-25 00:45:00+00:00,4141.88,4143.89,4122.78,4129.23,6048.4001
2025-09-25 01:00:00+00:00,4129.22,4136.48,4118.0,4125.67,10542.4085
2025-09-25 01:15:00+00:00,4125.65,4128.6,4100.0,4109.82,10611.0757
2025-09-25 01:30:00+00:00,4109.82,4109.82,4082.0,4085.55,14078.9725
2025-09-25 01:45:00+00:00,4085.55,4103.31,4083.0,4102.17,8721.5192
2025-09-25 02:00:00+00:00,4102.18,4117.45,4088.76,4091.88,6980.7181
2025-09-25 02:15:00+00:00,4091.89,4092.23,4063.29,4083.0,14550.9558
2025-09-25 02:30:00+00:00,4083.0,4137.21,4082.14,4101.64,15305.9616
2025-09-25 02:45:00+00:00,4101.63,4112.0,4092.91,4102.22,3350.4438
2025-09-25 03:00:00+00:00,4102.22,4103.11,4085.21,4088.99,2997.2232
2025-09-25 03:15:00+00:00,4089.0,4092.05,4033.33,4037.79,20072.8778
2025-09-25 03:30:00+00:00,4037.79,4057.83,4022.0,4048.8,16483.8433
2025-09-25 03:45:00+00:00,4048.8,4065.91,4038.0,4062.78,9277.3453
2025-09-25 04:00:00+00:00,4062.77,4071.08,4042.32,4048.41,7897.8232
2025-09-25 04:15:00+00:00,4048.4,4048.53,4006.0,4035.34,20024.7685
2025-09-25 04:30:00+00:00,4035.34,4041.5,4010.0,4039.28,9827.6753
2025-09-25 04:45:00+00:00,4039.29,4043.51,3966.0,4002.88,31554.7695
2025-09-25 05:00:00+00:00,4002.87,4021.1,3978.95,4014.48,16562.8756
2025-09-25 05:15:00+00:00,4014.49,4040.85,4013.68,4033.79,8357.8019
2025-09-25 05:30:00+00:00,4033.78,4034.41,4022.87,4029.11,4097.5577
2025-09-25 05:45:00+00:00,4029.11,4032.38,4017.21,4025.69,3725.2446
2025-09-25 06:00:00+00:00,4025.69,4028.69,4005.37,4006.1,7496.7964
2025-09-25 06:15:00+00:00,4006.09,4020.86,3996.92,4005.44,8869.7394
2025-09-25 06:30:00+00:00,4005.45,4017.5,4001.0,4001.6,5125.1285
2025-09-25 06:45:00+00:00,4001.61,4010.66,3993.93,3997.75,8082.2561
2025-09-25 07:00:00+00:00,3997.76,4010.48,3985.78,4000.1,10040.3943
2025-09-25 07:15:00+00:00,4000.09,4018.46,3998.51,4012.59,8433.8664
2025-09-25 07:30:00+00:00,4012.59,4021.74,4010.0,4017.96,5942.8454
2025-09-25 07:45:00+00:00,4017.97,4019.74,4006.24,4009.18,5857.749
2025-09-25 08:00:00+00:00,4009.17,4031.7,4008.8,4031.37,9441.8953
2025-09-25 08:15:00+00:00,4031.37,4035.28,4022.26,4032.51,7052.0164
2025-09-25 08:30:00+00:00,4032.51,4032.51,4010.0,4012.2,6236.0525
2025-09-25 08:45:00+00:00,4012.2,4015.89,4003.86,4015.4,5981.1015
2025-09-25 09:00:00+00:00,4015.41,4033.76,4012.89,4033.2,4885.768
2025-09-25 09:15:00+00:00,4033.21,4046.0,4028.35,4038.59,6523.1342
2025-09-25 09:30:00+00:00,4038.59,4052.81,4038.01,4038.05,10040.9405
2025-09-25 09:45:00+00:00,4038.04,4038.04,4022.42,4025.17,4158.0655
2025-09-25 10:00:00+00:00,4025.17,4034.11,4019.57,4031.22,3995.0716
2025-09-25 10:15:00+00:00,4031.23,4042.72,4030.4,4030.41,4412.8557
2025-09-25 10:30:00+00:00,4030.41,4032.91,4020.0,4021.56,3348.0481
2025-09-25 10:45:00+00:00,4021.56,4022.13,4010.0,4013.75,4186.9423
2025-09-25 11:00:00+00:00,4013.75,4020.0,3991.39,4004.83,8598.3879
2025-09-25 11:15:00+00:00,4004.83,4009.0,3995.85,4007.43,6927.3871
2025-09-25 11:30:00+00:00,4007.42,4010.32,4000.0,4000.01,3396.8981
2025-09-25 11:45:00+00:00,4000.0,4006.0,3994.6,4002.51,6037.7465
2025-09-25 12:00:00+00:00,4002.51,4016.26,4000.92,4011.12,4898.9239
2025-09-25 12:15:00+00:00,4011.12,4011.24,3927.45,3942.44,19609.655
2025-09-25 12:30:00+00:00,3942.39,4004.45,3924.12,3995.98,37499.2895
2025-09-25 12:45:00+00:00,3995.98,4000.97,3977.34,3978.51,10549.3793
2025-09-25 13:00:00+00:00,3978.51,3981.28,3955.49,3975.94,21725.3021
2025-09-25 13:15:00+00:00,3975.94,4007.43,3969.1,4003.2,14623.6024
2025-09-25 13:30:00+00:00,4003.19,4004.7,3945.07,3958.77,18722.2807
2025-09-25 13:45:00+00:00,3958.76,3975.14,3954.16,3970.57,12896.7005
2025-09-25 14:00:00+00:00,3970.58,4002.98,3969.0,4001.14,13584.5369
2025-09-25 14:15:00+00:00,4001.15,4020.75,4001.15,4008.0,15073.8715
2025-09-25 14:30:00+00:00,4008.01,4022.87,4006.28,4015.94,6938.3764
2025-09-25 14:45:00+00:00,4015.94,4019.99,4004.39,4014.17,5287.4859
2025-09-25 15:00:00+00:00,4014.15,4017.44,3993.61,4004.38,8805.8481
2025-09-25 15:15:00+00:00,4004.39,4007.25,3980.18,3989.49,7997.2076
2025-09-25 15:30:00+00:00,3989.49,4008.39,3989.25,4000.18,7602.2363
2025-09-25 15:45:00+00:00,4000.17,4005.0,3992.04,4003.26,5463.6824
2025-09-25 16:00:00+00:00,4003.27,4006.77,3994.04,3998.58,5373.8465
2025-09-25 16:15:00+00:00,3998.58,3998.58,3964.48,3966.8,8411.9367
2025-09-25 16:30:00+00:00,3966.8,3978.91,3946.9,3951.92,11271.3109
2025-09-25 16:45:00+00:00,3951.93,3958.99,3927.39,3940.62,16272.3189
2025-09-25 17:00:00+00:00,3940.61,3942.98,3897.38,3897.52,16069.5213
2025-09-25 17:15:00+00:00,3897.51,3919.03,3873.0,3900.73,30414.1634
2025-09-25 17:30:00+00:00,3900.73,3906.81,3859.21,3866.77,21021.29
2025-09-25 17:45:00+00:00,3866.76,3871.28,3815.0,3838.77,35711.3296
2025-09-25 18:00:00+00:00,3838.76,3862.7,3824.25,3860.43,19781.8187
2025-09-25 18:15:00+00:00,3860.43,3890.0,3847.69,3882.0,12955.4394
2025-09-25 18:30:00+00:00,3882.0,3896.69,3870.44,3890.01,9165.0131
2025-09-25 18:45:00+00:00,3890.0,3925.27,3880.05,3924.96,13566.9816
2025-09-25 19:00:00+00:00,3924.96,3938.81,3923.36,3923.99,8448.009
2025-09-25 19:15:00+00:00,3923.98,3947.77,3918.69,3939.56,7751.6332
2025-09-25 19:30:00+00:00,3939.56,3944.69,3926.2,3931.0,4685.3388
2025-09-25 19:45:00+00:00,3931.0,3931.48,3907.27,3911.59,8944.6237
2025-09-25 20:00:00+00:00,3911.59,3918.6,3887.65,3896.32,7252.3676
2025-09-25 20:15:00+00:00,3896.32,3918.97,3889.53,3906.22,4920.7516
2025-09-25 20:30:00+00:00,3906.22,3906.3,3877.92,3892.78,6685.2579
2025-09-25 20:45:00+00:00,3892.78,3901.85,3879.0,3886.31,5049.6586
2025-09-25 21:00:00+00:00,3886.31,3918.33,3886.31,3900.69,6081.3538
2025-09-25 21:15:00+00:00,3900.69,3910.28,3889.05,3895.81,2550.9916
2025-09-25 21:30:00+00:00,3895.81,3896.81,3881.66,3891.78,3593.6362
2025-09-25 21:45:00+00:00,3891.78,3910.84,3890.28,3904.88,2829.1295
2025-09-25 22:00:00+00:00,3904.88,3930.27,3897.65,3929.2,3836.0013
2025-09-25 22:15:00+00:00,3929.2,3937.2,3909.58,3910.46,4035.7668
2025-09-25 22:30:00+00:00,3910.46,3911.69,3896.75,3901.19,2772.0862
2025-09-25 22:45:00+00:00,3901.19,3901.19,3882.01,3893.34,3998.4189
2025-09-25 23:00:00+00:00,3893.34,3905.48,3887.06,3891.31,5719.5317
2025-09-25 23:15:00+00:00,3891.3,3895.97,3877.92,3891.3,4368.7384
2025-09-25 23:30:00+00:00,3891.3,3891.3,3850.0,3873.33,14789.0458
2025-09-25 23:45:00+00:00,3873.33,3874.36,3855.78,3874.36,6763.3016
2025-09-26 00:00:00+00:00,3874.35,3898.29,3874.35,3895.59,4943.0719
2025-09-26 00:15:00+00:00,3895.6,3913.2,3891.31,3903.39,14836.7096
2025-09-26 00:30:00+00:00,3903.37,3903.37,3874.17,3874.57,5376.8703
2025-09-26 00:45:00+00:00,3874.57,3938.46,3867.65,3931.52,16839.8715
2025-09-26 01:00:00+00:00,3931.52,3941.0,3920.69,3937.28,5863.8971
2025-09-26 01:15:00+00:00,3937.29,3944.48,3929.07,3929.19,5992.9168
2025-09-26 01:30:00+00:00,3929.18,3943.38,3926.89,3943.27,3478.7407
2025-09-26 01:45:00+00:00,3943.27,3957.44,3938.24,3948.65,5352.4795
2025-09-26 02:00:00+00:00,3948.65,3968.0,3941.83,3946.87,8255.2364
2025-09-26 02:15:00+00:00,3946.87,3960.8,3943.38,3945.99,4300.4046
2025-09-26 02:30:00+00:00,3945.99,3959.15,3942.0,3959.15,3550.5562
2025-09-26 02:45:00+00:00,3959.15,3971.09,3953.69,3958.78,4719.4482
2025-09-26 03:00:00+00:00,3958.78,3963.82,3946.6,3960.83,4262.0606
2025-09-26 03:15:00+00:00,3960.84,3968.02,3954.0,3955.74,3152.3247
2025-09-26 03:30:00+00:00,3955.74,3957.9,3944.51,3957.65,6462.2237
2025-09-26 03:45:00+00:00,3957.66,3969.14,3953.27,3965.32,2617.8134
2025-09-26 04:00:00+00:00,3965.33,3971.7,3958.94,3966.11,3047.4213
2025-09-26 04:15:00+00:00,3966.11,3976.98,3958.18,3962.22,3900.8891
2025-09-26 04:30:00+00:00,3962.22,3962.27,3939.17,3943.93,3819.7039
2025-09-26 04:45:00+00:00,3943.93,3950.0,3940.28,3945.88,2214.9994
2025-09-26 05:00:00+00:00,3945.88,3958.14,3943.59,3952.89,2846.5312
2025-09-26 05:15:00+00:00,3952.89,3963.34,3952.88,3957.37,2021.1634
2025-09-26 05:30:00+00:00,3957.37,3958.01,3944.19,3944.51,1917.1653
2025-09-26 05:45:00+00:00,3944.51,3947.44,3920.0,3921.2,9580.5049
2025-09-26 06:00:00+00:00,3921.2,3933.0,3910.21,3930.8,6925.3771
2025-09-26 06:15:00+00:00,3930.78,3948.54,3930.02,3940.58,3542.7705
2025-09-26 06:30:00+00:00,3940.57,3948.0,3933.93,3944.04,2616.4418
2025-09-26 06:45:00+00:00,3944.04,3944.23,3915.51,3921.14,6136.0687
2025-09-26 07:00:00+00:00,3921.14,3934.46,3918.93,3934.39,4402.4115
2025-09-26 07:15:00+00:00,3934.4,3947.88,3930.38,3930.78,4715.0414
2025-09-26 07:30:00+00:00,3930.78,3930.78,3906.15,3908.91,31035.392
2025-09-26 07:45:00+00:00,3908.9,3939.51,3906.09,3938.11,24623.0027
2025-09-26 08:00:00+00:00,3938.11,3942.16,3933.29,3937.49,5157.9428
2025-09-26 08:15:00+00:00,3937.49,3940.99,3925.31,3936.37,3180.8938
2025-09-26 08:30:00+00:00,3936.37,3943.23,3933.94,3939.52,3597.7134
2025-09-26 08:45:00+00:00,3939.52,3944.58,3932.64,3933.93,2481.0047
2025-09-26 09:00:00+00:00,3933.93,3939.67,3927.1,3936.23,2611.5251
2025-09-26 09:15:00+00:00,3936.22,3936.36,3925.04,3927.25,2737.9253
2025-09-26 09:30:00+00:00,3927.24,3930.05,3896.0,3905.86,7630.7586
2025-09-26 09:45:00+00:00,3905.86,3916.73,3903.24,3915.12,2696.6461
2025-09-26 10:00:00+00:00,3915.12,3916.27,3885.0,3886.97,6162.7312
2025-09-26 10:15:00+00:00,3886.98,3893.75,3878.59,3886.27,5890.7346
2025-09-26 10:30:00+00:00,3886.26,3895.55,3874.54,3888.0,4983.0895
2025-09-26 10:45:00+00:00,3888.0,3894.5,3878.21,3888.44,4201.251
2025-09-26 11:00:00+00:00,3888.43,3891.31,3873.0,3877.3,3702.5299
2025-09-26 11:15:00+00:00,3877.29,3893.33,3875.69,3890.68,3396.8961
2025-09-26 11:30:00+00:00,3890.69,3915.28,3890.68,3909.97,4136.0197
2025-09-26 11:45:00+00:00,3909.96,3916.46,3905.0,3906.0,2218.2631
2025-09-26 12:00:00+00:00,3906.0,3906.0,3880.46,3880.46,3025.5539
2025-09-26 12:15:00+00:00,3880.47,3906.27,3875.71,3903.33,4151.4672
2025-09-26 12:30:00+00:00,3903.33,3964.88,3886.0,3949.11,37387.4493
2025-09-26 12:45:00+00:00,3949.1,3952.02,3926.68,3937.23,7637.4469
2025-09-26 13:00:00+00:00,3937.24,3940.35,3924.22,3928.43,4577.524
2025-09-26 13:15:00+00:00,3928.43,3930.87,3909.44,3915.45,6172.1546
2025-09-26 13:30:00+00:00,3915.46,3945.27,3906.6,3939.48,10064.6954
2025-09-26 13:45:00+00:00,3939.48,3985.41,3933.0,3971.14,19618.9069
2025-09-26 14:00:00+00:00,3971.14,3978.49,3945.0,3946.73,7887.6979
2025-09-26 14:15:00+00:00,3946.73,3957.46,3926.88,3940.68,6947.361
2025-09-26 14:30:00+00:00,3940.69,3948.0,3922.08,3941.29,12561.4421
2025-09-26 14:45:00+00:00,3941.29,3946.35,3924.7,3930.92,4516.1415
2025-09-26 15:00:00+00:00,3930.92,3955.29,3928.57,3938.42,4458.5462
2025-09-26 15:15:00+00:00,3938.42,3962.23,3934.5,3960.37,4435.0676
2025-09-26 15:30:00+00:00,3960.37,3961.98,3947.9,3951.83,2989.616
2025-09-26 15:45:00+00:00,3951.84,3955.0,3941.9,3946.0,3111.0669
2025-09-26 16:00:00+00:00,3945.98,3972.62,3942.94,3964.4,5459.2018
2025-09-26 16:15:00+00:00,3964.39,3994.96,3962.72,3981.62,13522.3021
2025-09-26 16:30:00+00:00,3981.61,3984.29,3971.5,3982.09,3979.6932
2025-09-26 16:45:00+00:00,3982.08,3993.5,3981.18,3990.81,4507.0063
2025-09-26 17:00:00+00:00,3990.81,3999.34,3977.76,3997.29,6139.3124
2025-09-26 17:15:00+00:00,3997.29,4030.22,3990.79,4025.82,13662.0397
2025-09-26 17:30:00+00:00,4025.83,4034.6,4016.3,4026.71,9538.4916
2025-09-26 17:45:00+00:00,4026.7,4046.48,4026.07,4044.71,12075.7772
2025-09-26 18:00:00+00:00,4044.71,4058.57,4036.58,4050.58,12503.511
2025-09-26 18:15:00+00:00,4050.57,4068.3,4049.88,4054.4,9115.824
2025-09-26 18:30:00+00:00,4054.4,4058.28,4040.37,4042.51,6534.9177
2025-09-26 18:45:00+00:00,4042.52,4049.73,4037.27,4044.11,4149.0646
2025-09-26 19:00:00+00:00,4044.11,4045.44,4029.19,4039.18,5395.5571
2025-09-26 19:15:00+00:00,4039.18,4045.7,4022.34,4022.74,4948.8596
2025-09-26 19:30:00+00:00,4022.74,4025.19,4007.76,4012.74,5786.6066
2025-09-26 19:45:00+00:00,4012.75,4028.43,4007.36,4024.07,3344.4945
2025-09-26 20:00:00+00:00,4024.08,4029.41,4011.6,4029.02,5633.5038
2025-09-26 20:15:00+00:00,4029.02,4029.89,4015.2,4018.28,2739.8973
2025-09-26 20:30:00+00:00,4018.28,4022.62,4008.94,4009.67,3209.7308
2025-09-26 20:45:00+00:00,4009.67,4015.22,4008.74,4009.83,1857.3644
2025-09-26 21:00:00+00:00,4009.82,4017.18,4005.0,4016.74,2301.0711
2025-09-26 21:15:00+00:00,4016.73,4019.64,4009.07,4019.56,1661.2471
2025-09-26 21:30:00+00:00,4019.56,4021.12,4012.29,4012.29,1612.8543
2025-09-26 21:45:00+00:00,4012.3,4025.16,4010.0,4023.34,2767.4656
2025-09-26 22:00:00+00:00,4023.34,4037.42,4019.4,4033.16,2488.0517
2025-09-26 22:15:00+00:00,4033.16,4039.56,4029.66,4030.19,2149.0976
2025-09-26 22:30:00+00:00,4030.18,4037.27,4029.66,4030.7,1820.3419
2025-09-26 22:45:00+00:00,4030.7,4035.77,4024.67,4026.24,1271.8975
2025-09-26 23:00:00+00:00,4026.24,4026.24,4017.54,4018.79,1424.8855
2025-09-26 23:15:00+00:00,4018.79,4024.5,4014.82,4023.68,1265.946
2025-09-26 23:30:00+00:00,4023.67,4034.76,4022.47,4033.19,2802.9328
2025-09-26 23:45:00+00:00,4033.19,4036.56,4030.56,4032.24,2364.5674
2025-09-27 00:00:00+00:00,4032.24,4032.24,4022.18,4022.95,3281.1146
2025-09-27 00:15:00+00:00,4022.95,4029.49,4021.06,4028.42,1739.6843
2025-09-27 00:30:00+00:00,4028.43,4032.44,4021.33,4022.16,2255.359
2025-09-27 00:45:00+00:00,4022.17,4027.78,4017.0,4027.19,1612.8643
2025-09-27 01:00:00+00:00,4027.2,4028.83,4017.81,4022.59,1342.3255
2025-09-27 01:15:00+00:00,4022.58,4025.04,4005.74,4014.98,2282.6689
2025-09-27 01:30:00+00:00,4014.98,4015.48,4008.36,4013.48,1925.3445
2025-09-27 01:45:00+00:00,4013.47,4018.84,4013.47,4018.29,1169.8528
2025-09-27 02:00:00+00:00,4018.28,4021.12,4014.41,4020.44,1357.2687
2025-09-27 02:15:00+00:00,4020.44,4023.01,4009.64,4012.56,2262.5183
2025-09-27 02:30:00+00:00,4012.57,4016.83,4009.62,4016.83,1231.4182
2025-09-27 02:45:00+00:00,4016.83,4018.45,4011.0,4012.74,1169.5151
2025-09-27 03:00:00+00:00,4012.74,4017.19,4010.41,4012.03,1188.7599
2025-09-27 03:15:00+00:00,4012.03,4024.87,4010.77,4023.41,1630.4596
2025-09-27 03:30:00+00:00,4023.4,4029.49,4020.87,4025.53,2331.9595
2025-09-27 03:45:00+00:00,4025.52,4027.64,4019.0,4019.41,1256.2077
2025-09-27 04:00:00+00:00,4019.4,4021.5,4014.99,4015.42,1544.4064
2025-09-27 04:15:00+00:00,4015.41,4026.86,4015.41,4026.67,1341.4169
2025-09-27 04:30:00+00:00,4026.68,4027.85,4021.5,4021.83,1589.3699
2025-09-27 04:45:00+00:00,4021.83,4023.68,4019.46,4022.01,733.5803
2025-09-27 05:00:00+00:00,4022.0,4022.0,4012.94,4014.04,1053.7325
2025-09-27 05:15:00+00:00,4014.03,4017.84,4012.02,4013.98,862.5383
2025-09-27 05:30:00+00:00,4013.97,4019.13,4012.31,4019.13,762.0513
2025-09-27 05:45:00+00:00,4019.13,4021.58,4018.52,4019.96,895.7337
2025-09-27 06:00:00+00:00,4019.96,4019.96,4014.57,4015.0,1104.0494
2025-09-27 06:15:00+00:00,4015.01,4016.09,4012.84,4014.41,684.1896
2025-09-27 06:30:00+00:00,4014.41,4016.75,4012.93,4016.18,852.1075
2025-09-27 06:45:00+00:00,4016.18,4020.18,4015.78,4019.0,1169.6988
2025-09-27 07:00:00+00:00,4019.01,4022.0,4018.52,4019.52,813.3041
2025-09-27 07:15:00+00:00,4019.53,4019.53,4013.21,4013.81,721.0704
2025-09-27 07:30:00+00:00,4013.8,4014.38,4008.73,4009.05,1290.0618
2025-09-27 07:45:00+00:00,4009.06,4011.21,4006.38,4007.93,1007.2004
2025-09-27 08:00:00+00:00,4007.92,4007.93,3984.24,3990.63,8825.947
2025-09-27 08:15:00+00:00,3990.63,3998.6,3988.2,3998.6,2488.3693
2025-09-27 08:30:00+00:00,3998.59,3998.59,3990.0,3990.63,1404.2195
2025-09-27 08:45:00+00:00,3990.62,3993.01,3983.33,3985.87,2268.6914
2025-09-27 09:00:00+00:00,3985.87,3988.02,3972.98,3976.47,3715.7189
2025-09-27 09:15:00+00:00,3976.46,3980.99,3974.75,3980.68,2052.5066
2025-09-27 09:30:00+00:00,3980.67,3991.39,3978.35,3989.56,1623.3137
2025-09-27 09:45:00+00:00,3989.55,3999.0,3988.36,3995.24,1738.7095
2025-09-27 10:00:00+00:00,3995.25,3997.96,3991.44,3992.66,1261.4663
2025-09-27 10:15:00+00:00,3992.67,3995.85,3989.31,3990.05,875.3815
2025-09-27 10:30:00+00:00,3990.05,4017.75,3990.04,4012.8,4622.5495
2025-09-27 10:45:00+00:00,4012.8,4017.9,4008.0,4008.99,4100.7651
2025-09-27 11:00:00+00:00,4008.99,4011.49,4006.67,4006.68,919.3708
2025-09-27 11:15:00+00:00,4006.68,4013.26,4006.68,4012.21,943.2004
2025-09-27 11:30:00+00:00,4012.23,4012.26,4003.0,4004.49,1017.1551
2025-09-27 11:45:00+00:00,4004.49,4005.03,3999.15,4002.16,1672.7685
2025-09-27 12:00:00+00:00,4002.15,4002.66,3994.77,3996.76,1150.1467
2025-09-27 12:15:00+00:00,3996.77,3999.41,3995.4,3998.0,692.1491
2025-09-27 12:30:00+00:00,3998.0,4012.19,3996.83,4010.43,2244.4038
2025-09-27 12:45:00+00:00,4010.42,4039.01,4008.88,4028.92,9093.1033
2025-09-27 13:00:00+00:00,4028.92,4031.73,4015.89,4015.9,3681.943
2025-09-27 13:15:00+00:00,4015.9,4022.15,4015.9,4020.62,1406.4804
2025-09-27 13:30:00+00:00,4020.62,4026.91,4017.67,4025.55,1169.3637
2025-09-27 13:45:00+00:00,4025.55,4026.84,4019.12,4019.92,1289.1788
2025-09-27 14:00:00+00:00,4019.91,4026.22,4015.64,4023.71,1031.3899
2025-09-27 14:15:00+00:00,4023.71,4024.36,4017.2,4018.68,1372.8243
2025-09-27 14:30:00+00:00,4018.69,4023.9,4017.41,4017.42,1585.7839
2025-09-27 14:45:00+00:00,4017.41,4017.41,4009.84,4014.93,1772.0409
2025-09-27 15:00:00+00:00,4014.93,4014.93,4000.0,4002.85,2745.6982
2025-09-27 15:15:00+00:00,4002.85,4013.27,4002.85,4013.2,2214.8183
2025-09-27 15:30:00+00:00,4013.21,4019.39,4009.34,4017.11,1315.7161
2025-09-27 15:45:00+00:00,4017.11,4022.2,4015.79,4018.92,1894.9389
2025-09-27 16:00:00+00:00,4018.92,4019.88,4011.52,4012.03,990.6688
2025-09-27 16:15:00+00:00,4012.02,4015.61,4008.2,4011.89,1581.4727
2025-09-27 16:30:00+00:00,4011.89,4014.34,4008.12,4009.65,1620.2275
2025-09-27 16:45:00+00:00,4009.65,4012.26,4004.06,4007.43,1778.9639
2025-09-27 17:00:00+00:00,4007.43,4007.68,3985.72,3995.34,6426.8925
2025-09-27 17:15:00+00:00,3995.33,3995.33,3980.98,3989.61,4608.3694
2025-09-27 17:30:00+00:00,3989.6,4000.36,3987.73,3996.0,2051.5947
2025-09-27 17:45:00+00:00,3996.0,4003.07,3991.1,4001.68,1903.4189
2025-09-27 18:00:00+00:00,4001.68,4004.07,3991.99,3996.05,3853.486
2025-09-27 18:15:00+00:00,3996.05,3998.58,3991.99,3995.97,2471.1077
2025-09-27 18:30:00+00:00,3995.97,3996.41,3986.5,3987.14,4598.1712
2025-09-27 18:45:00+00:00,3987.14,3996.48,3987.13,3996.08,1132.7844
2025-09-27 19:00:00+00:00,3996.09,3997.5,3992.15,3992.76,871.8356
2025-09-27 19:15:00+00:00,3992.77,3999.55,3991.74,3999.55,968.6363
2025-09-27 19:30:00+00:00,3999.54,3999.55,3994.46,3998.08,1012.7004
2025-09-27 19:45:00+00:00,3998.09,4003.41,3997.0,4002.45,1293.9245
2025-09-27 20:00:00+00:00,4002.45,4007.05,4000.9,4003.23,973.0067
2025-09-27 20:15:00+00:00,4003.23,4003.63,4001.18,4003.16,555.6507
2025-09-27 20:30:00+00:00,4003.17,4009.83,4001.33,4004.37,861.691
2025-09-27 20:45:00+00:00,4004.36,4006.56,4001.11,4006.55,512.8886
2025-09-27 21:00:00+00:00,4006.56,4013.73,4006.55,4013.72,775.2278
2025-09-27 21:15:00+00:00,4013.73,4013.73,4009.64,4011.17,438.5401
2025-09-27 21:30:00+00:00,4011.17,4017.23,4010.0,4016.43,813.7329
2025-09-27 21:45:00+00:00,4016.42,4020.45,4014.73,4014.73,946.4989
2025-09-27 22:00:00+00:00,4014.74,4023.2,4014.21,4022.62,1045.8464
2025-09-27 22:15:00+00:00,4022.62,4033.23,4022.07,4033.01,2647.8654
2025-09-27 22:30:00+00:00,4033.0,4033.01,4019.74,4019.74,1824.2316
2025-09-27 22:45:00+00:00,4019.73,4023.06,4015.26,4022.71,661.8146
2025-09-27 23:00:00+00:00,4022.71,4027.0,4016.38,4024.74,2084.706
2025-09-27 23:15:00+00:00,4024.72,4026.0,4015.44,4018.58,1024.3545
2025-09-27 23:30:00+00:00,4018.58,4020.62,4014.02,4017.92,890.0899
2025-09-27 23:45:00+00:00,4017.93,4021.61,4015.23,4018.38,820.9196
2025-09-28 00:00:00+00:00,4018.39,4022.99,4006.46,4012.47,2034.1485
2025-09-28 00:15:00+00:00,4012.47,4031.38,4011.23,4029.45,1958.0867
2025-09-28 00:30:00+00:00,4029.45,4031.75,4016.5,4025.17,1993.519
2025-09-28 00:45:00+00:00,4025.17,4025.2,4015.08,4016.43,1218.7477
2025-09-28 01:00:00+00:00,4016.43,4017.99,4004.14,4005.47,2395.876
2025-09-28 01:15:00+00:00,4005.48,4013.2,4005.25,4007.18,1300.7056
2025-09-28 01:30:00+00:00,4007.18,4012.81,3994.27,3997.45,2087.3575
2025-09-28 01:45:00+00:00,3997.38,4000.0,3994.37,3996.92,847.2695
2025-09-28 02:00:00+00:00,3996.89,4005.98,3995.75,3996.24,1360.6235
2025-09-28 02:15:00+00:00,3996.24,4006.98,3995.79,4004.61,734.3696
2025-09-28 02:30:00+00:00,4004.61,4010.74,4001.17,4002.99,1510.7007
2025-09-28 02:45:00+00:00,4003.0,4003.0,3997.83,4001.22,915.8877
2025-09-28 03:00:00+00:00,4001.22,4006.16,4001.22,4005.23,640.1183
2025-09-28 03:15:00+00:00,4005.23,4010.06,4000.77,4002.8,801.4432
2025-09-28 03:30:00+00:00,4002.8,4004.67,3997.0,3999.55,2099.9584
2025-09-28 03:45:00+00:00,3999.55,4003.8,3999.0,4002.74,651.1704
2025-09-28 04:00:00+00:00,4002.73,4005.44,3998.72,3998.72,1090.6463
2025-09-28 04:15:00+00:00,3998.72,4001.79,3997.12,3997.12,515.6976
2025-09-28 04:30:00+00:00,3997.13,4004.31,3996.24,4004.05,565.8395
2025-09-28 04:45:00+00:00,4004.05,4005.48,4001.09,4005.05,1030.6312
2025-09-28 05:00:00+00:00,4005.05,4009.04,4003.62,4003.62,1127.6078
2025-09-28 05:15:00+00:00,4003.63,4011.31,4003.62,4011.3,905.278
2025-09-28 05:30:00+00:00,4011.3,4019.87,4009.78,4011.6,1869.0037
2025-09-28 05:45:00+00:00,4011.61,4012.46,4007.66,4010.78,627.3815
2025-09-28 06:00:00+00:00,4010.77,4017.07,4010.77,4011.51,790.2215
2025-09-28 06:15:00+00:00,4011.52,4014.52,4000.07,4000.93,1276.1715
2025-09-28 06:30:00+00:00,4000.93,4012.2,3997.0,4002.53,2405.0591
2025-09-28 06:45:00+00:00,4002.53,4006.25,3999.8,4006.09,772.4921
2025-09-28 07:00:00+00:00,4006.09,4008.27,4002.45,4007.55,848.9989
2025-09-28 07:15:00+00:00,4007.54,4012.2,4006.93,4010.13,742.6706
2025-09-28 07:30:00+00:00,4010.13,4013.69,4007.8,4012.8,544.556
2025-09-28 07:45:00+00:00,4012.81,4016.0,4011.67,4014.32,851.7674
2025-09-28 08:00:00+00:00,4014.32,4016.0,4009.55,4012.03,616.1507
2025-09-28 08:15:00+00:00,4012.03,4013.31,4003.71,4005.59,1083.954
2025-09-28 08:30:00+00:00,4005.6,4007.01,4000.5,4004.28,1064.9118
2025-09-28 08:45:00+00:00,4004.29,4009.31,4002.02,4002.02,1426.7948
2025-09-28 09:00:00+00:00,4002.03,4006.25,3989.3,3993.23,3350.9407
2025-09-28 09:15:00+00:00,3993.23,3998.15,3989.23,3997.55,2790.1791
2025-09-28 09:30:00+00:00,3997.56,4004.2,3997.51,4002.76,1460.8771
2025-09-28 09:45:00+00:00,4002.76,4002.76,3995.9,3995.91,1228.1742
2025-09-28 10:00:00+00:00,3995.9,3995.91,3984.98,3994.37,2835.6207
2025-09-28 10:15:00+00:00,3994.37,3995.35,3990.8,3991.25,960.7906
2025-09-28 10:30:00+00:00,3991.25,4000.17,3991.24,3998.02,960.4172
2025-09-28 10:45:00+00:00,3998.02,4000.17,3995.93,3996.38,881.7247
2025-09-28 11:00:00+00:00,3996.38,3997.16,3992.06,3992.59,474.1131
2025-09-28 11:15:00+00:00,3992.59,3994.5,3984.45,3986.49,1786.019
2025-09-28 11:30:00+00:00,3986.48,3995.11,3986.2,3987.62,1817.2003
2025-09-28 11:45:00+00:00,3987.62,3994.76,3985.47,3992.39,1562.0411
2025-09-28 12:00:00+00:00,3992.39,3992.46,3986.5,3988.72,960.2226
2025-09-28 12:15:00+00:00,3988.73,3991.68,3984.56,3989.05,1127.6455
2025-09-28 12:30:00+00:00,3989.05,3989.57,3966.0,3971.65,5033.8204
2025-09-28 12:45:00+00:00,3971.65,3982.52,3966.74,3978.11,3389.6418
2025-09-28 13:00:00+00:00,3978.1,3992.01,3977.73,3987.77,2141.4892
2025-09-28 13:15:00+00:00,3987.78,4004.42,3985.69,3998.2,2563.4545
2025-09-28 13:30:00+00:00,3998.2,4003.83,3995.18,4000.8,1494.7041
2025-09-28 13:45:00+00:00,4000.79,4022.66,3996.44,4013.21,7223.3975
2025-09-28 14:00:00+00:00,4013.22,4015.51,4008.26,4013.76,1971.5494
2025-09-28 14:15:00+00:00,4013.76,4026.61,4012.36,4021.39,6044.6816
2025-09-28 14:30:00+00:00,4021.39,4021.78,4014.49,4018.02,2620.7042
2025-09-28 14:45:00+00:00,4018.02,4028.31,4015.69,4024.64,2714.882
2025-09-28 15:00:00+00:00,4024.64,4029.48,4017.94,4022.06,4703.0883
2025-09-28 15:15:00+00:00,4022.07,4026.17,4019.41,4023.23,1436.0298
2025-09-28 15:30:00+00:00,4023.23,4023.47,4016.15,4021.57,1843.8396
2025-09-28 15:45:00+00:00,4021.58,4023.42,4017.99,4021.69,2137.1624
2025-09-28 16:00:00+00:00,4021.68,4055.12,4021.68,4034.84,10216.0671
2025-09-28 16:15:00+00:00,4034.84,4038.33,4029.51,4030.94,2467.0231
2025-09-28 16:30:00+00:00,4030.94,4032.48,4024.02,4028.0,1323.398
2025-09-28 16:45:00+00:00,4027.99,4033.49,4026.69,4033.48,754.1777
2025-09-28 17:00:00+00:00,4033.48,4044.18,4029.31,4040.44,2955.568
2025-09-28 17:15:00+00:00,4040.43,4053.28,4023.83,4038.15,14516.4856
2025-09-28 17:30:00+00:00,4038.15,4048.81,4033.48,4045.64,4847.0023
2025-09-28 17:45:00+00:00,4045.63,4051.55,4036.26,4040.23,3071.5656
2025-09-28 18:00:00+00:00,4040.24,4045.32,4035.57,4038.2,2251.8724
2025-09-28 18:15:00+00:00,4038.2,4040.62,4036.72,4037.57,1372.8199
2025-09-28 18:30:00+00:00,4037.56,4042.69,4037.12,4040.01,1208.3476
2025-09-28 18:45:00+00:00,4040.0,4042.81,4037.87,4042.24,692.7254
2025-09-28 19:00:00+00:00,4042.25,4046.7,4034.63,4034.63,1631.9012
2025-09-28 19:15:00+00:00,4034.63,4040.02,4033.29,4038.43,863.1098
2025-09-28 19:30:00+00:00,4038.44,4040.04,4036.49,4037.43,538.1013
2025-09-28 19:45:00+00:00,4037.42,4040.0,4036.8,4039.45,350.8221
2025-09-28 20:00:00+00:00,4039.46,4040.28,4035.58,4037.38,677.0395
2025-09-28 20:15:00+00:00,4037.38,4054.42,4036.98,4048.77,2015.7841
2025-09-28 20:30:00+00:00,4048.76,4066.0,4047.91,4057.24,6043.9169
2025-09-28 20:45:00+00:00,4057.25,4061.26,4051.01,4051.41,2056.1747
2025-09-28 21:00:00+00:00,4051.41,4062.71,4051.4,4053.49,1424.383
2025-09-28 21:15:00+00:00,4053.49,4055.79,4050.6,4050.61,1316.0605
2025-09-28 21:30:00+00:00,4050.61,4050.61,4042.15,4045.68,1826.4653
2025-09-28 21:45:00+00:00,4045.69,4049.96,4043.42,4049.95,1131.191
2025-09-28 22:00:00+00:00,4049.95,4114.99,4049.95,4088.91,14812.3479
2025-09-28 22:15:00+00:00,4088.91,4117.0,4088.91,4108.42,6508.6397
2025-09-28 22:30:00+00:00,4108.41,4125.35,4107.14,4123.61,5569.394
2025-09-28 22:45:00+00:00,4123.61,4141.09,4122.15,4132.29,20715.7107
2025-09-28 23:00:00+00:00,4132.3,4139.57,4122.34,4128.79,6239.4914
2025-09-28 23:15:00+00:00,4128.78,4133.02,4121.26,4127.46,3835.5327
2025-09-28 23:30:00+00:00,4127.47,4143.0,4123.04,4139.51,3854.3101
2025-09-28 23:45:00+00:00,4139.51,4144.88,4136.15,4142.16,3024.2033
2025-09-29 00:00:00+00:00,4142.16,4146.38,4135.18,4137.19,3674.7154
2025-09-29 00:15:00+00:00,4137.19,4145.05,4128.53,4139.33,3551.3241
2025-09-29 00:30:00+00:00,4139.33,4140.19,4123.33,4128.7,2411.7387
2025-09-29 00:45:00+00:00,4128.67,4138.95,4125.89,4127.33,2077.2137
2025-09-29 01:00:00+00:00,4127.34,4136.54,4119.07,4134.06,3279.5688
2025-09-29 01:15:00+00:00,4134.06,4138.01,4117.68,4120.04,3056.6061
2025-09-29 01:30:00+00:00,4120.04,4126.71,4117.41,4124.38,2079.0789
2025-09-29 01:45:00+00:00,4124.38,4124.38,4112.42,4114.8,2391.5678
2025-09-29 02:00:00+00:00,4114.8,4121.77,4111.92,4118.81,1613.3844
2025-09-29 02:15:00+00:00,4118.8,4128.57,4111.38,4123.99,5145.6972
2025-09-29 02:30:00+00:00,4123.99,4126.09,4107.91,4109.28,3455.8546
2025-09-29 02:45:00+00:00,4109.29,4113.0,4108.04,4111.68,1811.0594
2025-09-29 03:00:00+00:00,4111.68,4112.75,4104.19,4104.39,2110.832
2025-09-29 03:15:00+00:00,4104.39,4112.42,4103.81,4111.9,1594.1118
2025-09-29 03:30:00+00:00,4111.89,4114.81,4107.9,4108.32,1275.5717
2025-09-29 03:45:00+00:00,4108.31,4121.8,4107.17,4121.8,1904.8689
2025-09-29 04:00:00+00:00,4121.8,4123.17,4116.23,4118.25,1485.8387
2025-09-29 04:15:00+00:00,4118.26,4123.99,4114.0,4114.17,1413.8385
2025-09-29 04:30:00+00:00,4114.17,4122.58,4113.75,4120.44,1448.2033
2025-09-29 04:45:00+00:00,4120.45,4121.87,4117.41,4119.26,961.0873
2025-09-29 05:00:00+00:00,4119.26,4120.61,4105.67,4108.76,2806.2922
2025-09-29 05:15:00+00:00,4108.75,4109.52,4103.8,4108.84,1874.7484
2025-09-29 05:30:00+00:00,4108.83,4113.39,4106.29,4111.33,1686.6852
2025-09-29 05:45:00+00:00,4111.34,4116.08,4110.44,4114.13,1167.1061
2025-09-29 06:00:00+00:00,4114.12,4114.8,4094.92,4099.49,3824.9946
2025-09-29 06:15:00+00:00,4099.48,4109.28,4097.81,4103.01,2433.1734
2025-09-29 06:30:00+00:00,4103.01,4109.0,4101.86,4108.89,1810.0531
2025-09-29 06:45:00+00:00,4108.9,4109.0,4096.99,4097.53,2976.0549
2025-09-29 07:00:00+00:00,4097.53,4100.98,4093.24,4098.47,2939.6091
2025-09-29 07:15:00+00:00,4098.48,4099.26,4088.15,4094.5,2237.4126
2025-09-29 07:30:00+00:00,4094.5,4110.46,4093.96,4106.6,4345.0567
2025-09-29 07:45:00+00:00,4106.59,4113.08,4104.83,4108.25,3692.1595
2025-09-29 08:00:00+00:00,4108.26,4119.12,4108.06,4109.43,2557.706
2025-09-29 08:15:00+00:00,4109.43,4123.07,4108.32,4121.3,1762.9175
2025-09-29 08:30:00+00:00,4121.3,4128.28,4117.1,4127.32,3029.1516
2025-09-29 08:45:00+00:00,4127.33,4135.88,4122.1,4122.3,5114.4002
2025-09-29 09:00:00+00:00,4122.21,4130.91,4121.68,4123.14,2378.4012
2025-09-29 09:15:00+00:00,4123.13,4139.0,4119.11,4135.78,11745.5392
2025-09-29 09:30:00+00:00,4135.78,4141.0,4125.49,4126.84,6990.7455
2025-09-29 09:45:00+00:00,4126.84,4135.15,4126.79,4134.97,5721.0041
2025-09-29 10:00:00+00:00,4134.97,4138.92,4131.62,4134.61,2947.3397
2025-09-29 10:15:00+00:00,4134.62,4135.18,4130.0,4132.99,1742.5598
2025-09-29 10:30:00+00:00,4133.0,4134.08,4120.08,4122.53,2343.8886
2025-09-29 10:45:00+00:00,4122.53,4124.9,4114.5,4116.34,1491.3235
2025-09-29 11:00:00+00:00,4116.34,4117.32,4095.0,4095.98,4115.0441
2025-09-29 11:15:00+00:00,4095.97,4105.69,4095.57,4105.21,3276.8717
2025-09-29 11:30:00+00:00,4105.2,4109.39,4100.65,4106.59,1939.6419
2025-09-29 11:45:00+00:00,4106.6,4107.09,4100.03,4103.21,1521.7779
2025-09-29 12:00:00+00:00,4103.21,4110.84,4098.97,4110.84,2287.4313
2025-09-29 12:15:00+00:00,4110.84,4119.5,4108.17,4119.0,2969.1282
2025-09-29 12:30:00+00:00,4119.0,4129.0,4098.09,4104.3,4757.0811
2025-09-29 12:45:00+00:00,4104.31,4114.89,4093.24,4098.03,3720.6996
2025-09-29 13:00:00+00:00,4098.03,4106.4,4082.25,4104.7,5901.5511
2025-09-29 13:15:00+00:00,4104.71,4112.48,4103.68,4108.52,3435.0019
2025-09-29 13:30:00+00:00,4108.52,4149.5,4105.08,4147.76,9014.1536
2025-09-29 13:45:00+00:00,4147.76,4186.31,4141.76,4169.13,22950.531
2025-09-29 14:00:00+00:00,4169.13,4182.17,4160.28,4181.99,14609.4825
2025-09-29 14:15:00+00:00,4181.99,4189.07,4165.5,4180.86,9435.3143
2025-09-29 14:30:00+00:00,4180.86,4195.58,4178.57,4192.21,6387.3414
2025-09-29 14:45:00+00:00,4192.21,4205.59,4184.44,4188.8,10594.6229
2025-09-29 15:00:00+00:00,4188.8,4200.01,4180.69,4183.35,10927.7728
2025-09-29 15:15:00+00:00,4183.34,4187.44,4166.99,4171.04,6594.2131
2025-09-29 15:30:00+00:00,4171.04,4176.08,4166.0,4170.72,4260.9238
2025-09-29 15:45:00+00:00,4170.73,4170.86,4152.51,4164.8,6683.5032
2025-09-29 16:00:00+00:00,4164.81,4170.86,4158.84,4169.47,4319.763
2025-09-29 16:15:00+00:00,4169.46,4174.67,4156.77,4158.13,4722.4513
2025-09-29 16:30:00+00:00,4158.13,4166.57,4150.13,4152.41,7651.3765
2025-09-29 16:45:00+00:00,4152.41,4156.44,4139.36,4142.6,6015.9682
2025-09-29 17:00:00+00:00,4142.6,4147.6,4128.53,4140.71,7974.0039
2025-09-29 17:15:00+00:00,4140.71,4151.29,4129.98,4147.32,8013.4468
2025-09-29 17:30:00+00:00,4147.31,4149.5,4140.37,4145.94,3160.6654
2025-09-29 17:45:00+00:00,4145.94,4159.31,4145.93,4155.53,3626.7475
2025-09-29 18:00:00+00:00,4155.54,4158.03,4142.63,4149.29,2853.0919
2025-09-29 18:15:00+00:00,4149.28,4154.17,4144.31,4153.1,2164.4955
2025-09-29 18:30:00+00:00,4153.09,4156.53,4147.98,4156.53,1521.1556
2025-09-29 18:45:00+00:00,4156.52,4163.38,4156.52,4162.29,1692.7071
2025-09-29 19:00:00+00:00,4162.29,4175.29,4160.29,4175.28,4074.2891
2025-09-29 19:15:00+00:00,4175.28,4175.29,4160.14,4172.56,2610.2363
2025-09-29 19:30:00+00:00,4172.55,4184.29,4163.12,4182.58,4001.6086
2025-09-29 19:45:00+00:00,4182.57,4193.44,4180.0,4188.32,5101.204
2025-09-29 20:00:00+00:00,4188.32,4195.37,4182.07,4195.36,3363.4076
2025-09-29 20:15:00+00:00,4195.37,4198.16,4187.75,4191.57,2473.3752
2025-09-29 20:30:00+00:00,4191.57,4233.45,4187.55,4230.38,11597.0163
2025-09-29 20:45:00+00:00,4230.38,4234.69,4218.29,4226.09,5467.8818
2025-09-29 21:00:00+00:00,4226.1,4235.86,4211.44,4215.05,4652.4633
2025-09-29 21:15:00+00:00,4215.05,4226.49,4214.37,4223.67,2113.053
2025-09-29 21:30:00+00:00,4223.67,4225.01,4219.76,4224.99,1453.0867
2025-09-29 21:45:00+00:00,4225.0,4229.03,4217.61,4224.0,1854.5386
2025-09-29 22:00:00+00:00,4224.0,4228.15,4217.63,4222.38,1867.0532
2025-09-29 22:15:00+00:00,4222.39,4222.76,4217.16,4219.76,1856.3515
2025-09-29 22:30:00+00:00,4219.76,4226.0,4213.49,4216.56,1495.6818
2025-09-29 22:45:00+00:00,4216.55,4230.79,4215.55,4226.06,2879.1665
2025-09-29 23:00:00+00:00,4226.07,4230.0,4219.1,4222.58,2154.406
2025-09-29 23:15:00+00:00,4222.57,4227.37,4218.92,4221.71,2692.0172
2025-09-29 23:30:00+00:00,4221.71,4221.75,4214.77,4215.19,1314.7638
2025-09-29 23:45:00+00:00,4215.19,4218.34,4212.99,4215.07,2248.6338
2025-09-30 00:00:00+00:00,4215.07,4223.94,4207.57,4212.18,4402.9706
2025-09-30 00:15:00+00:00,4212.17,4212.17,4194.32,4199.24,4167.6843
2025-09-30 00:30:00+00:00,4199.23,4224.61,4198.41,4219.15,4794.0968
2025-09-30 00:45:00+00:00,4219.16,4245.0,4199.32,4206.03,11505.814
2025-09-30 01:00:00+00:00,4206.02,4218.22,4201.02,4218.03,2497.9434
2025-09-30 01:15:00+00:00,4218.0,4227.18,4205.14,4212.59,3791.3681
2025-09-30 01:30:00+00:00,4212.59,4212.6,4200.0,4201.54,3776.2047
2025-09-30 01:45:00+00:00,4201.54,4204.28,4190.67,4203.24,2988.9304
2025-09-30 02:00:00+00:00,4203.28,4208.6,4199.49,4200.95,1583.1277
2025-09-30 02:15:00+00:00,4200.94,4208.16,4196.6,4197.43,2397.7865
2025-09-30 02:30:00+00:00,4197.44,4207.28,4197.05,4204.2,1243.6411
2025-09-30 02:45:00+00:00,4204.21,4211.22,4197.75,4198.73,2323.6408
2025-09-30 03:00:00+00:00,4198.72,4203.11,4188.03,4197.3,3244.4769
2025-09-30 03:15:00+00:00,4197.3,4204.08,4194.96,4202.2,1395.8968
2025-09-30 03:30:00+00:00,4202.21,4207.19,4198.44,4207.12,1416.5382
2025-09-30 03:45:00+00:00,4207.13,4207.69,4198.59,4198.68,1640.1457
2025-09-30 04:00:00+00:00,4198.69,4199.76,4194.8,4195.39,1108.7066
2025-09-30 04:15:00+00:00,4195.39,4200.62,4194.3,4196.73,2098.9791
2025-09-30 04:30:00+00:00,4196.74,4199.77,4192.96,4195.72,1738.91
2025-09-30 04:45:00+00:00,4195.71,4197.78,4188.63,4188.63,3071.8463
2025-09-30 05:00:00+00:00,4188.64,4194.71,4180.0,4185.92,3734.1192
2025-09-30 05:15:00+00:00,4185.91,4186.13,4178.0,4180.33,3127.4102
2025-09-30 05:30:00+00:00,4180.33,4181.58,4172.88,4176.52,3242.6079
2025-09-30 05:45:00+00:00,4176.52,4188.6,4169.38,4184.15,5452.0516
2025-09-30 06:00:00+00:00,4184.15,4191.46,4179.67,4190.78,2266.0868
2025-09-30 06:15:00+00:00,4190.78,4197.37,4185.02,4196.44,2299.1731
2025-09-30 06:30:00+00:00,4196.45,4202.72,4192.12,4200.17,3304.183
2025-09-30 06:45:00+00:00,4200.17,4200.72,4188.55,4189.73,4518.0188
2025-09-30 07:00:00+00:00,4189.74,4206.85,4188.0,4195.93,5770.1569
2025-09-30 07:15:00+00:00,4195.93,4196.34,4189.83,4192.79,3000.7272
2025-09-30 07:30:00+00:00,4192.79,4193.29,4173.84,4177.52,6828.397
2025-09-30 07:45:00+00:00,4177.52,4186.25,4175.5,4182.13,5860.4352
2025-09-30 08:00:00+00:00,4182.12,4183.21,4174.23,4178.64,5233.695
2025-09-30 08:15:00+00:00,4178.64,4180.11,4174.19,4177.71,2084.5015
2025-09-30 08:30:00+00:00,4177.7,4179.41,4165.5,4170.87,5698.0485
2025-09-30 08:45:00+00:00,4170.88,4175.24,4166.7,4169.12,2642.8148
2025-09-30 09:00:00+00:00,4169.12,4170.86,4154.74,4156.17,4714.9298
2025-09-30 09:15:00+00:00,4156.17,4170.15,4153.01,4170.15,4030.1379
2025-09-30 09:30:00+00:00,4170.15,4176.94,4153.07,4156.93,4121.3341
2025-09-30 09:45:00+00:00,4156.93,4156.93,4134.0,4140.78,7142.5642
2025-09-30 10:00:00+00:00,4140.78,4150.0,4135.0,4140.99,4162.2024
2025-09-30 10:15:00+00:00,4141.0,4147.5,4138.33,4144.5,2916.729
2025-09-30 10:30:00+00:00,4144.5,4157.0,4140.15,4156.18,2342.722
2025-09-30 10:45:00+00:00,4156.17,4165.68,4155.58,4158.1,3073.5804
2025-09-30 11:00:00+00:00,4158.11,4162.01,4151.03,4154.69,1720.3643
2025-09-30 11:15:00+00:00,4154.7,4162.39,4148.35,4161.3,2472.9334
2025-09-30 11:30:00+00:00,4161.3,4169.54,4160.21,4166.77,2484.2182
2025-09-30 11:45:00+00:00,4166.77,4169.99,4163.64,4165.39,1857.9559
2025-09-30 12:00:00+00:00,4165.38,4166.0,4158.45,4161.29,1736.2319
2025-09-30 12:15:00+00:00,4161.29,4169.23,4160.64,4167.92,1339.4238
2025-09-30 12:30:00+00:00,4167.91,4175.95,4165.46,4169.96,1938.9468
2025-09-30 12:45:00+00:00,4169.95,4170.4,4155.24,4158.42,2143.5212
2025-09-30 13:00:00+00:00,4158.42,4161.74,4149.0,4156.23,2985.3895
2025-09-30 13:15:00+00:00,4156.22,4167.0,4152.13,4167.0,2200.3744
2025-09-30 13:30:00+00:00,4167.0,4174.62,4150.0,4172.25,4753.0212
2025-09-30 13:45:00+00:00,4172.25,4175.39,4141.34,4154.39,5895.2593
2025-09-30 14:00:00+00:00,4154.38,4160.87,4129.32,4142.41,7435.6017
2025-09-30 14:15:00+00:00,4142.4,4152.42,4117.62,4126.24,8042.4003
2025-09-30 14:30:00+00:00,4126.25,4132.9,4118.68,4131.07,4917.9006
2025-09-30 14:45:00+00:00,4131.08,4150.54,4129.28,4149.28,3424.137
2025-09-30 15:00:00+00:00,4149.28,4149.81,4111.66,4118.24,6901.4956
2025-09-30 15:15:00+00:00,4118.24,4121.3,4094.59,4107.87,11942.5347
2025-09-30 15:30:00+00:00,4107.87,4117.5,4104.6,4110.1,4742.7039
2025-09-30 15:45:00+00:00,4110.11,4122.95,4107.93,4119.87,3547.5112
2025-09-30 16:00:00+00:00,4119.88,4124.67,4113.65,4117.45,5340.7149
2025-09-30 16:15:00+00:00,4117.45,4126.84,4109.0,4115.91,4832.401
2025-09-30 16:30:00+00:00,4115.92,4117.95,4099.58,4109.24,7590.3912
2025-09-30 16:45:00+00:00,4109.24,4112.82,4092.1,4099.11,5622.0205
2025-09-30 17:00:00+00:00,4099.11,4110.0,4097.06,4106.03,4175.3271
2025-09-30 17:15:00+00:00,4106.03,4110.88,4095.64,4100.5,3679.2444
2025-09-30 17:30:00+00:00,4100.49,4107.61,4094.05,4096.63,9140.1815
2025-09-30 17:45:00+00:00,4096.61,4104.34,4093.27,4100.73,4491.1901
2025-09-30 18:00:00+00:00,4100.73,4117.21,4093.05,4116.06,3234.3617
2025-09-30 18:15:00+00:00,4116.06,4117.88,4105.8,4110.49,2673.4797
2025-09-30 18:30:00+00:00,4110.5,4112.49,4103.11,4110.79,1269.5833
2025-09-30 18:45:00+00:00,4110.79,4118.6,4110.28,4116.53,3313.2058
2025-09-30 19:00:00+00:00,4116.53,4124.65,4108.82,4120.46,11352.3238
2025-09-30 19:15:00+00:00,4120.46,4126.29,4114.95,4125.35,4691.5356
2025-09-30 19:30:00+00:00,4125.35,4138.87,4125.35,4135.66,5645.3201
2025-09-30 19:45:00+00:00,4135.67,4170.43,4135.66,4160.1,8128.3033
2025-09-30 20:00:00+00:00,4160.11,4167.0,4148.57,4153.29,8393.7519
2025-09-30 20:15:00+00:00,4153.29,4170.9,4153.28,4163.81,3998.5062
2025-09-30 20:30:00+00:00,4163.81,4167.85,4162.04,4167.64,1139.8179
2025-09-30 20:45:00+00:00,4167.65,4197.44,4167.53,4195.36,7500.9468
2025-09-30 21:00:00+00:00,4195.37,4201.52,4180.69,4182.4,6300.6515
2025-09-30 21:15:00+00:00,4182.44,4190.75,4175.54,4175.55,3345.5636
2025-09-30 21:30:00+00:00,4175.55,4177.13,4165.49,4172.02,5420.4265
2025-09-30 21:45:00+00:00,4172.02,4174.33,4152.48,4152.74,4774.7392
2025-09-30 22:00:00+00:00,4152.74,4171.2,4151.72,4162.27,3430.525
2025-09-30 22:15:00+00:00,4162.27,4166.69,4155.29,4155.8,1246.3411
2025-09-30 22:30:00+00:00,4155.81,4159.17,4137.14,4143.56,4785.9951
2025-09-30 22:45:00+00:00,4143.57,4147.71,4130.9,4140.43,2673.525
2025-09-30 23:00:00+00:00,4140.42,4140.93,4116.64,4128.45,6860.1918
2025-09-30 23:15:00+00:00,4128.47,4141.0,4125.49,4138.18,2152.0328
2025-09-30 23:30:00+00:00,4138.18,4144.44,4134.72,4144.43,1355.4561
2025-09-30 23:45:00+00:00,4144.43,4146.24,4141.71,4145.15,1331.3033
2025-10-01 00:00:00+00:00,4145.15,4152.37,4144.35,4145.84,2328.7926
2025-10-01 00:15:00+00:00,4145.85,4147.04,4130.81,4132.93,2549.0886
2025-10-01 00:30:00+00:00,4132.93,4141.19,4125.35,4126.8,2294.4673
2025-10-01 00:45:00+00:00,4126.8,4148.46,4124.12,4148.45,3132.1749
2025-10-01 01:00:00+00:00,4148.46,4156.7,4142.68,4151.62,3030.2431
2025-10-01 01:15:00+00:00,4151.62,4159.0,4143.51,4153.07,3235.5295
2025-10-01 01:30:00+00:00,4153.08,4167.35,4146.35,4164.55,2747.7811
2025-10-01 01:45:00+00:00,4164.56,4174.63,4164.01,4171.33,3077.7683
2025-10-01 02:00:00+00:00,4171.33,4171.33,4161.54,4164.04,1939.1035
2025-10-01 02:15:00+00:00,4164.05,4170.0,4161.46,4166.5,2349.3956
2025-10-01 02:30:00+00:00,4166.49,4167.27,4159.43,4159.43,2240.5958
2025-10-01 02:45:00+00:00,4159.44,4160.41,4152.73,4152.96,3791.1973
2025-10-01 03:00:00+00:00,4152.95,4153.87,4145.88,4150.55,3028.2756
2025-10-01 03:15:00+00:00,4150.56,4151.71,4141.13,4141.21,2820.0246
2025-10-01 03:30:00+00:00,4141.2,4148.75,4136.51,4137.98,5044.9848
2025-10-01 03:45:00+00:00,4137.97,4137.97,4128.19,4128.66,5121.2744
2025-10-01 04:00:00+00:00,4128.65,4147.18,4126.5,4141.8,2682.703
2025-10-01 04:15:00+00:00,4141.81,4151.02,4141.15,4150.4,1498.7012
2025-10-01 04:30:00+00:00,4150.4,4156.61,4145.17,4147.04,3201.8729
2025-10-01 04:45:00+00:00,4147.03,4151.64,4136.89,4140.38,1786.3747
2025-10-01 05:00:00+00:00,4140.38,4156.17,4140.06,4149.6,1724.6152
2025-10-01 05:15:00+00:00,4149.61,4156.79,4144.12,4148.76,1547.4
2025-10-01 05:30:00+00:00,4148.76,4153.44,4144.95,4151.1,899.139
2025-10-01 05:45:00+00:00,4151.11,4152.79,4143.44,4143.86,3153.5522
2025-10-01 06:00:00+00:00,4143.86,4146.54,4135.0,4141.24,3676.5855
2025-10-01 06:15:00+00:00,4141.24,4145.62,4130.19,4135.23,3351.1113
2025-10-01 06:30:00+00:00,4135.23,4142.03,4132.65,4137.06,2282.0174
2025-10-01 06:45:00+00:00,4137.05,4137.49,4123.08,4126.26,3874.8481
2025-10-01 07:00:00+00:00,4126.27,4134.93,4125.0,4133.45,2689.5256
2025-10-01 07:15:00+00:00,4133.45,4141.23,4133.45,4140.46,2312.2109
2025-10-01 07:30:00+00:00,4140.45,4143.9,4137.45,4142.74,3792.0388
2025-10-01 07:45:00+00:00,4142.75,4147.55,4138.97,4145.8,1950.3388
2025-10-01 08:00:00+00:00,4145.8,4154.17,4142.92,4153.75,2435.3511
2025-10-01 08:15:00+00:00,4153.75,4166.85,4146.85,4166.25,8128.9001
2025-10-01 08:30:00+00:00,4166.24,4273.99,4166.24,4271.66,39704.6998
2025-10-01 08:45:00+00:00,4271.66,4329.0,4268.71,4291.23,55752.5696
2025-10-01 09:00:00+00:00,4291.24,4301.97,4280.06,4286.72,14956.8363
2025-10-01 09:15:00+00:00,4286.73,4294.97,4280.13,4294.96,8833.5798
2025-10-01 09:30:00+00:00,4294.97,4306.59,4291.78,4302.55,10725.0693
2025-10-01 09:45:00+00:00,4302.56,4318.11,4300.47,4310.89,7077.8219
2025-10-01 10:00:00+00:00,4310.89,4312.65,4287.58,4289.86,7911.1982
2025-10-01 10:15:00+00:00,4289.86,4297.4,4288.77,4288.99,2726.3716
2025-10-01 10:30:00+00:00,4288.99,4291.3,4284.36,4288.76,2401.2215
2025-10-01 10:45:00+00:00,4288.77,4291.54,4278.58,4282.62,3061.6526
2025-10-01 11:00:00+00:00,4282.62,4297.31,4282.62,4297.27,2668.3127
2025-10-01 11:15:00+00:00,4297.26,4305.2,4296.5,4298.98,3510.6509
2025-10-01 11:30:00+00:00,4298.98,4302.36,4291.84,4294.46,2525.9024
2025-10-01 11:45:00+00:00,4294.46,4300.18,4292.47,4298.2,2513.7552
2025-10-01 12:00:00+00:00,4298.21,4303.39,4291.78,4297.75,3096.8379
2025-10-01 12:15:00+00:00,4297.75,4314.0,4289.78,4309.05,5657.8198
2025-10-01 12:30:00+00:00,4309.05,4310.05,4290.17,4291.41,3502.4141
2025-10-01 12:45:00+00:00,4291.4,4292.85,4280.0,4284.39,4207.096
2025-10-01 13:00:00+00:00,4284.39,4298.32,4280.0,4298.08,4858.778
2025-10-01 13:15:00+00:00,4298.08,4300.0,4292.4,4295.8,3120.0039
2025-10-01 13:30:00+00:00,4295.81,4302.32,4288.59,4293.6,4616.2254
2025-10-01 13:45:00+00:00,4293.59,4302.36,4282.03,4295.26,4874.4741
2025-10-01 14:00:00+00:00,4295.25,4323.16,4291.22,4305.8,13793.1997
2025-10-01 14:15:00+00:00,4305.8,4321.54,4300.84,4315.86,7125.0075
2025-10-01 14:30:00+00:00,4315.87,4340.6,4311.52,4336.24,13291.7415
2025-10-01 14:45:00+00:00,4336.24,4336.88,4315.66,4323.95,9408.1439
2025-10-01 15:00:00+00:00,4323.95,4330.64,4314.43,4320.4,5246.2059
2025-10-01 15:15:00+00:00,4320.43,4344.0,4317.58,4335.39,6834.629
2025-10-01 15:30:00+00:00,4335.4,4343.64,4325.47,4335.47,5483.7779
2025-10-01 15:45:00+00:00,4335.47,4337.1,4321.5,4327.23,2782.9669
2025-10-01 16:00:00+00:00,4327.24,4337.0,4321.66,4335.84,3662.6179
2025-10-01 16:15:00+00:00,4335.84,4340.0,4329.08,4331.86,17148.725
2025-10-01 16:30:00+00:00,4331.86,4337.45,4327.86,4334.46,9072.2475
2025-10-01 17:00:00+00:00,4324.56,4332.86,4311.66,4313.14,3830.5178
2025-10-01 17:15:00+00:00,4313.13,4326.56,4313.06,4318.47,4034.0518
2025-10-01 17:30:00+00:00,4318.48,4319.09,4303.15,4304.64,3167.5986
2025-10-01 17:45:00+00:00,4304.64,4308.2,4288.64,4293.11,4290.6004
2025-10-01 18:00:00+00:00,4293.12,4310.19,4291.86,4309.41,4213.2917
2025-10-01 18:15:00+00:00,4309.41,4309.41,4300.5,4307.93,2080.7032
2025-10-01 18:30:00+00:00,4307.92,4315.65,4307.92,4308.42,2414.6694
2025-10-01 18:45:00+00:00,4308.42,4318.28,4306.45,4308.35,2496.0101
2025-10-01 19:00:00+00:00,4308.35,4318.93,4305.98,4317.18,1924.5764
2025-10-01 19:15:00+00:00,4317.18,4331.26,4316.71,4329.5,2710.654
2025-10-01 19:30:00+00:00,4329.51,4333.3,4319.37,4328.11,2781.1544
2025-10-01 19:45:00+00:00,4328.1,4339.88,4327.37,4334.53,6185.236
2025-10-01 20:00:00+00:00,4334.52,4337.32,4319.11,4323.63,5659.7344
2025-10-01 20:15:00+00:00,4323.63,4333.3,4315.23,4327.36,4750.614
2025-10-01 20:30:00+00:00,4327.37,4328.65,4325.0,4327.85,756.1087
2025-10-01 20:45:00+00:00,4327.86,4334.64,4325.22,4334.63,1422.8017
2025-10-01 21:00:00+00:00,4334.64,4335.01,4321.99,4324.28,9120.4839
2025-10-01 21:15:00+00:00,4324.28,4324.28,4315.66,4318.99,3490.4064
2025-10-01 21:30:00+00:00,4318.99,4318.99,4299.06,4309.13,12058.9366
2025-10-01 21:45:00+00:00,4309.13,4314.49,4287.5,4304.79,4061.3703
2025-10-01 22:00:00+00:00,4304.8,4329.41,4304.8,4319.07,3485.6315
2025-10-01 22:15:00+00:00,4319.07,4321.0,4311.45,4316.0,2582.0665
2025-10-01 22:30:00+00:00,4316.0,4316.15,4307.25,4311.77,1318.8503
2025-10-01 22:45:00+00:00,4311.77,4317.38,4309.26,4312.96,1257.7873
2025-10-01 23:00:00+00:00,4312.96,4323.54,4310.8,4323.53,1651.5875
2025-10-01 23:15:00+00:00,4323.52,4333.65,4322.15,4331.6,3839.1888
2025-10-01 23:30:00+00:00,4331.6,4342.62,4328.91,4336.0,3195.0681
2025-10-01 23:45:00+00:00,4336.01,4355.46,4335.31,4348.03,6840.4021
2025-10-02 00:00:00+00:00,4348.03,4380.87,4340.61,4379.01,19552.8661
2025-10-02 00:15:00+00:00,4379.01,4379.73,4352.26,4356.85,8905.427
2025-10-02 00:30:00+00:00,4356.85,4357.5,4336.82,4338.4,5735.3157
2025-10-02 00:45:00+00:00,4338.41,4341.93,4333.34,4335.15,3106.9984
2025-10-02 01:00:00+00:00,4335.15,4349.83,4332.73,4346.91,2550.4447
2025-10-02 01:15:00+00:00,4346.9,4358.4,4341.77,4351.47,3033.2229
2025-10-02 01:30:00+00:00,4351.46,4367.59,4350.78,4367.44,2761.2772
2025-10-02 01:45:00+00:00,4367.43,4398.62,4367.43,4393.31,9597.1282
2025-10-02 02:00:00+00:00,4393.31,4397.24,4366.37,4376.3,5628.0934
2025-10-02 02:15:00+00:00,4376.29,4381.06,4366.81,4375.52,3316.2497
2025-10-02 02:30:00+00:00,4375.54,4397.85,4372.28,4391.9,6490.7126
2025-10-02 02:45:00+00:00,4391.89,4399.11,4384.47,4386.25,3404.8662
2025-10-02 03:00:00+00:00,4386.24,4396.96,4383.65,4394.16,4137.9318
2025-10-02 03:15:00+00:00,4394.17,4398.29,4384.62,4393.8,3783.778
2025-10-02 03:30:00+00:00,4393.79,4398.4,4384.78,4385.0,14436.4573
2025-10-02 03:45:00+00:00,4384.99,4385.17,4370.47,4376.3,4017.0354
2025-10-02 04:00:00+00:00,4376.3,4384.99,4371.98,4383.13,3167.001
2025-10-02 04:15:00+00:00,4383.13,4383.67,4369.76,4370.03,3398.4315
2025-10-02 04:30:00+00:00,4370.03,4374.26,4358.26,4369.38,8455.9225
2025-10-02 04:45:00+00:00,4369.37,4375.81,4366.15,4371.99,7984.3579
2025-10-02 05:00:00+00:00,4371.99,4378.98,4370.13,4374.62,4091.7922
2025-10-02 05:15:00+00:00,4374.61,4397.0,4370.36,4391.19,4735.333
2025-10-02 05:30:00+00:00,4391.19,4394.39,4383.87,4387.07,3534.2349
2025-10-02 05:45:00+00:00,4387.07,4387.87,4381.74,4384.02,1460.4416
2025-10-02 06:00:00+00:00,4384.01,4388.24,4373.07,4376.0,13586.5952
2025-10-02 06:15:00+00:00,4375.99,4413.44,4375.72,4401.36,11680.5114
2025-10-02 06:30:00+00:00,4401.36,4423.35,4398.9,4403.55,16981.8084
2025-10-02 06:45:00+00:00,4403.54,4404.15,4394.56,4403.5,4330.5595
2025-10-02 07:00:00+00:00,4403.49,4409.56,4395.75,4395.75,5593.7036
2025-10-02 07:15:00+00:00,4395.75,4398.06,4391.06,4394.17,2976.0622
2025-10-02 07:30:00+00:00,4394.16,4394.51,4384.46,4384.48,3335.2629
2025-10-02 07:45:00+00:00,4384.48,4387.27,4370.56,4375.78,4803.2927
2025-10-02 08:00:00+00:00,4375.77,4382.86,4370.22,4370.22,3873.2677
2025-10-02 08:15:00+00:00,4370.22,4388.44,4369.32,4387.65,3840.3289
2025-10-02 08:30:00+00:00,4387.66,4389.66,4382.63,4389.14,1991.8875
2025-10-02 08:45:00+00:00,4389.14,4393.94,4385.71,4387.63,1031.2585
2025-10-02 09:00:00+00:00,4387.63,4387.63,4378.76,4385.15,1446.4296
2025-10-02 09:15:00+00:00,4385.15,4390.4,4385.14,4386.66,1145.2605
2025-10-02 09:30:00+00:00,4386.67,4390.98,4382.47,4390.98,1025.5166
2025-10-02 09:45:00+00:00,4390.99,4395.78,4385.84,4391.59,1960.6213
2025-10-02 10:00:00+00:00,4391.58,4395.98,4382.27,4384.55,2657.6694
2025-10-02 10:15:00+00:00,4384.56,4386.08,4375.1,4376.45,1659.2669
2025-10-02 10:30:00+00:00,4376.45,4387.28,4374.94,4384.3,3236.5561
2025-10-02 10:45:00+00:00,4384.3,4384.63,4378.7,4379.82,1229.8713
2025-10-02 11:00:00+00:00,4379.82,4381.77,4371.82,4376.31,3936.3256
2025-10-02 11:15:00+00:00,4376.32,4385.34,4374.91,4384.96,1821.5419
2025-10-02 11:30:00+00:00,4384.96,4388.2,4383.96,4388.03,1460.7107
2025-10-02 11:45:00+00:00,4388.02,4394.13,4377.19,4378.93,2762.0425
2025-10-02 12:00:00+00:00,4378.92,4388.86,4376.59,4388.27,2829.7386
2025-10-02 12:15:00+00:00,4388.28,4393.0,4386.4,4391.9,2275.8612
2025-10-02 12:30:00+00:00,4391.91,4397.14,4383.08,4392.57,3686.9563
2025-10-02 12:45:00+00:00,4392.56,4407.37,4391.18,4406.02,4823.8167
2025-10-02 13:00:00+00:00,4406.03,4417.8,4396.91,4397.07,9402.2598
2025-10-02 13:15:00+00:00,4397.06,4397.7,4379.38,4393.8,6591.1912
2025-10-02 13:30:00+00:00,4393.79,4404.6,4386.4,4398.32,6076.0306
2025-10-02 13:45:00+00:00,4398.33,4418.82,4396.14,4417.46,9761.0061
2025-10-02 14:00:00+00:00,4417.45,4420.76,4392.89,4400.3,8539.071
2025-10-02 14:15:00+00:00,4400.29,4419.27,4395.49,4415.89,9467.7598
2025-10-02 14:30:00+00:00,4415.89,4419.18,4383.59,4386.93,9594.8531
2025-10-02 14:45:00+00:00,4386.93,4391.91,4367.32,4374.42,10305.6695
2025-10-02 15:00:00+00:00,4374.42,4395.6,4335.74,4392.56,18424.1429
2025-10-02 15:15:00+00:00,4392.55,4418.75,4389.6,4407.33,10423.6511
2025-10-02 15:30:00+00:00,4407.34,4415.52,4392.69,4410.08,6903.019
2025-10-02 15:45:00+00:00,4410.09,4443.0,4408.23,4437.09,13350.0214
2025-10-02 16:00:00+00:00,4437.1,4470.0,4430.31,4458.96,18933.7863
2025-10-02 16:15:00+00:00,4458.96,4464.89,4437.14,4441.48,8694.3293
2025-10-02 16:30:00+00:00,4441.47,4451.39,4426.12,4432.77,7317.1477
2025-10-02 16:45:00+00:00,4432.78,4455.61,4432.77,4448.4,4995.8777
2025-10-02 17:00:00+00:00,4448.4,4460.81,4439.73,4460.69,5163.9849
2025-10-02 17:15:00+00:00,4460.69,4468.0,4445.49,4458.84,7334.6873
2025-10-02 17:30:00+00:00,4458.84,4476.77,4450.7,4469.48,5560.5685
2025-10-02 17:45:00+00:00,4469.49,4478.1,4461.44,4466.31,6368.9879
2025-10-02 18:00:00+00:00,4466.32,4480.63,4466.0,4475.91,5497.8379
2025-10-02 18:15:00+00:00,4475.9,4486.69,4472.95,4485.88,4799.9056
2025-10-02 18:30:00+00:00,4485.87,4497.0,4478.99,4483.07,9143.9948
2025-10-02 18:45:00+00:00,4483.08,4495.04,4482.1,4487.3,4686.333
2025-10-02 19:00:00+00:00,4487.3,4516.74,4484.54,4514.91,11813.102
2025-10-02 19:15:00+00:00,4514.91,4515.0,4498.73,4499.05,6430.3494
2025-10-02 19:30:00+00:00,4499.05,4504.0,4493.34,4501.29,4891.961
2025-10-02 19:45:00+00:00,4501.29,4511.41,4488.93,4495.61,4991.3412
2025-10-02 20:00:00+00:00,4495.62,4497.87,4483.73,4485.09,3472.4488
2025-10-02 20:15:00+00:00,4485.08,4489.29,4480.99,4482.14,2156.8369
2025-10-02 20:30:00+00:00,4482.14,4488.7,4468.08,4488.15,4401.4492
2025-10-02 20:45:00+00:00,4488.15,4491.48,4482.02,4491.46,2374.2488
2025-10-02 21:00:00+00:00,4491.45,4496.51,4486.91,4488.45,1939.273
2025-10-02 21:15:00+00:00,4488.45,4492.9,4477.37,4479.99,2178.0952
2025-10-02 21:30:00+00:00,4479.99,4482.51,4474.78,4477.75,2043.0362
2025-10-02 21:45:00+00:00,4477.75,4482.19,4468.02,4468.71,1742.2442
2025-10-02 22:00:00+00:00,4468.71,4485.09,4467.14,4480.42,2195.4652
2025-10-02 22:15:00+00:00,4480.41,4480.42,4460.52,4467.46,3970.981
2025-10-02 22:30:00+00:00,4467.46,4470.96,4462.0,4465.19,2011.245
2025-10-02 22:45:00+00:00,4465.19,4466.3,4457.27,4464.13,2931.6147
2025-10-02 23:00:00+00:00,4464.14,4473.46,4462.97,4473.45,1869.8378
2025-10-02 23:15:00+00:00,4473.46,4477.52,4465.57,4466.96,2028.4681
2025-10-02 23:30:00+00:00,4466.96,4474.17,4465.0,4472.84,1569.3371
2025-10-02 23:45:00+00:00,4472.83,4488.02,4469.75,4484.35,4795.663
2025-10-03 00:00:00+00:00,4484.35,4484.81,4466.22,4468.37,3342.6912
2025-10-03 00:15:00+00:00,4468.36,4475.0,4467.25,4474.77,1176.2489
2025-10-03 00:30:00+00:00,4474.77,4477.52,4468.47,4468.92,1796.5121
2025-10-03 00:45:00+00:00,4468.92,4474.21,4467.99,4468.41,910.9477
2025-10-03 01:00:00+00:00,4468.42,4479.33,4464.38,4472.13,3740.5328
2025-10-03 01:15:00+00:00,4472.14,4473.45,4461.01,4468.71,3207.1225
2025-10-03 01:30:00+00:00,4468.72,4477.7,4466.71,4475.69,2209.1118
2025-10-03 01:45:00+00:00,4475.68,4477.78,4466.32,4471.92,2332.2581
2025-10-03 02:00:00+00:00,4471.92,4494.24,4471.28,4493.27,4836.8437
2025-10-03 02:15:00+00:00,4493.27,4498.19,4482.71,4483.83,3013.2052
2025-10-03 02:30:00+00:00,4483.82,4515.14,4481.78,4503.58,7715.8365
2025-10-03 02:45:00+00:00,4503.58,4513.0,4493.27,4510.19,4679.9288
2025-10-03 03:00:00+00:00,4510.19,4560.0,4506.77,4531.65,18471.1617
2025-10-03 03:15:00+00:00,4531.66,4548.79,4527.4,4530.12,5257.8776
2025-10-03 03:30:00+00:00,4530.12,4532.8,4519.8,4520.01,3711.0937
2025-10-03 03:45:00+00:00,4520.01,4528.94,4491.0,4500.59,8722.9019
2025-10-03 04:00:00+00:00,4500.59,4506.78,4496.87,4505.01,2542.274
2025-10-03 04:15:00+00:00,4505.02,4510.79,4500.47,4500.9,1857.3916
2025-10-03 04:30:00+00:00,4500.9,4500.91,4481.66,4493.66,5054.8543
2025-10-03 04:45:00+00:00,4493.66,4499.88,4490.98,4496.98,2359.9379
2025-10-03 05:00:00+00:00,4496.98,4500.71,4482.13,4487.74,3297.4569
2025-10-03 05:15:00+00:00,4487.74,4487.74,4478.5,4481.26,2363.8622
2025-10-03 05:30:00+00:00,4481.26,4481.75,4472.86,4473.9,3327.9953
2025-10-03 05:45:00+00:00,4473.9,4478.46,4466.77,4476.32,6073.1159
2025-10-03 06:00:00+00:00,4476.32,4484.61,4470.91,4480.96,3084.889
2025-10-03 06:15:00+00:00,4480.97,4485.27,4478.46,4481.08,2192.8786
2025-10-03 06:30:00+00:00,4481.08,4483.06,4473.76,4473.8,1672.8076
2025-10-03 06:45:00+00:00,4473.81,4473.81,4458.1,4472.09,5618.0637
2025-10-03 07:00:00+00:00,4472.09,4476.45,4459.71,4464.25,3181.1814
2025-10-03 07:15:00+00:00,4464.26,4467.67,4454.0,4454.01,3299.952
2025-10-03 07:30:00+00:00,4454.01,4463.25,4454.01,4458.44,4612.8592
2025-10-03 07:45:00+00:00,4458.44,4462.61,4455.33,4462.33,6059.6898
2025-10-03 08:00:00+00:00,4462.32,4463.91,4440.25,4441.48,8651.4831
2025-10-03 08:15:00+00:00,4441.48,4451.0,4428.0,4449.38,8515.4112
2025-10-03 08:30:00+00:00,4449.38,4459.23,4448.25,4455.53,3506.8115
2025-10-03 08:45:00+00:00,4455.53,4466.58,4455.53,4466.23,7079.413
2025-10-03 09:00:00+00:00,4466.24,4472.98,4457.17,4460.47,3573.1715
2025-10-03 09:15:00+00:00,4460.47,4481.6,4457.79,4475.58,3615.3773
2025-10-03 09:30:00+00:00,4475.58,4477.34,4468.28,4475.49,1877.997
2025-10-03 09:45:00+00:00,4475.5,4480.0,4472.8,4473.26,1421.9919
2025-10-03 10:00:00+00:00,4473.26,4473.48,4467.97,4472.8,1263.7052
2025-10-03 10:15:00+00:00,4472.81,4485.09,4472.8,4483.01,1763.374
2025-10-03 10:30:00+00:00,4483.0,4493.02,4480.38,4491.66,2101.6742
2025-10-03 10:45:00+00:00,4491.66,4495.0,4486.99,4489.56,1878.6287
2025-10-03 11:00:00+00:00,4489.55,4490.32,4473.04,4474.69,3802.9404
2025-10-03 11:15:00+00:00,4474.68,4484.09,4466.17,4479.78,3019.6005
2025-10-03 11:30:00+00:00,4479.78,4487.68,4473.38,4485.08,2622.2748
2025-10-03 11:45:00+00:00,4485.08,4486.98,4477.51,4478.45,2119.8694
2025-10-03 12:00:00+00:00,4478.46,4484.07,4475.0,4480.7,1607.965
2025-10-03 12:15:00+00:00,4480.71,4484.51,4474.0,4474.0,3061.5824
2025-10-03 12:30:00+00:00,4474.0,4492.24,4472.99,4483.85,4547.4311
2025-10-03 12:45:00+00:00,4483.85,4486.25,4479.04,4482.41,1757.3861
2025-10-03 13:00:00+00:00,4482.41,4482.41,4450.44,4467.0,7606.6693
2025-10-03 13:15:00+00:00,4467.0,4494.24,4465.21,4491.48,5425.6905
2025-10-03 13:30:00+00:00,4491.48,4504.46,4466.1,4471.45,11010.1721
2025-10-03 13:45:00+00:00,4471.45,4483.99,4467.27,4470.97,3969.764
2025-10-03 14:00:00+00:00,4470.97,4470.97,4444.55,4451.24,8668.8016
2025-10-03 14:15:00+00:00,4451.23,4468.07,4436.26,4466.28,8283.1051
2025-10-03 14:30:00+00:00,4466.27,4481.33,4456.62,4471.9,4206.4792
2025-10-03 14:45:00+00:00,4471.9,4489.94,4471.9,4482.84,4593.8302
2025-10-03 15:00:00+00:00,4482.84,4482.84,4457.71,4467.65,3859.7983
2025-10-03 15:15:00+00:00,4467.64,4494.62,4467.64,4480.19,6046.1534
2025-10-03 15:30:00+00:00,4480.18,4506.0,4478.46,4501.37,6444.6048
2025-10-03 15:45:00+00:00,4501.38,4541.66,4497.15,4534.75,16562.8626
2025-10-03 16:00:00+00:00,4534.75,4559.0,4519.49,4541.54,19162.3586
2025-10-03 16:15:00+00:00,4541.54,4553.28,4530.49,4548.98,9683.0949
2025-10-03 16:30:00+00:00,4548.99,4591.59,4543.91,4581.03,15735.6259
2025-10-03 16:45:00+00:00,4581.04,4582.51,4521.85,4525.42,14265.862
2025-10-03 17:00:00+00:00,4525.42,4526.66,4465.83,4520.43,34180.9765
2025-10-03 17:15:00+00:00,4520.43,4521.27,4491.03,4498.99,13008.0818
2025-10-03 17:30:00+00:00,4498.99,4516.39,4490.58,4505.91,4794.6478
2025-10-03 17:45:00+00:00,4505.92,4507.4,4453.08,4471.66,15361.1616
2025-10-03 18:00:00+00:00,4471.67,4484.15,4450.62,4481.61,8031.7618
2025-10-03 18:15:00+00:00,4481.6,4504.89,4480.41,4502.11,4325.2489
2025-10-03 18:30:00+00:00,4502.12,4506.9,4492.52,4500.97,3766.9973
2025-10-03 18:45:00+00:00,4500.97,4512.6,4496.7,4512.57,3441.791
2025-10-03 19:00:00+00:00,4512.57,4520.34,4503.29,4512.02,4112.757
2025-10-03 19:15:00+00:00,4512.03,4544.74,4512.02,4530.61,8244.5635
2025-10-03 19:30:00+00:00,4530.61,4536.0,4521.83,4522.71,3502.4812
2025-10-03 19:45:00+00:00,4522.71,4523.27,4513.64,4519.48,2010.7095
2025-10-03 20:00:00+00:00,4519.49,4519.7,4493.72,4504.33,5930.8646
2025-10-03 20:15:00+00:00,4504.33,4519.25,4503.56,4517.96,2520.3857
2025-10-03 20:30:00+00:00,4517.97,4540.97,4517.97,4540.78,5086.7337
2025-10-03 20:45:00+00:00,4540.78,4542.97,4527.61,4534.94,2728.6942
2025-10-03 21:00:00+00:00,4534.95,4537.27,4528.31,4532.77,1591.5376
2025-10-03 21:15:00+00:00,4532.8,4535.0,4524.33,4527.85,1193.7904
2025-10-03 21:30:00+00:00,4527.85,4532.99,4518.67,4523.38,1653.8214
2025-10-03 21:45:00+00:00,4523.37,4528.08,4514.74,4523.1,1871.56
2025-10-03 22:00:00+00:00,4523.11,4534.49,4523.1,4530.1,1997.2085
2025-10-03 22:15:00+00:00,4530.09,4530.56,4524.56,4526.49,980.1417
2025-10-03 22:30:00+00:00,4526.49,4534.27,4525.99,4529.02,1116.9307
2025-10-03 22:45:00+00:00,4529.02,4532.45,4525.36,4528.4,887.9621
2025-10-03 23:00:00+00:00,4528.4,4528.7,4515.99,4517.86,1466.0982
2025-10-03 23:15:00+00:00,4517.85,4523.6,4516.1,4516.55,2243.9453
2025-10-03 23:30:00+00:00,4516.55,4523.38,4507.5,4517.65,2886.2992
2025-10-03 23:45:00+00:00,4517.65,4520.0,4511.11,4512.87,1710.4311
2025-10-04 00:00:00+00:00,4512.88,4516.91,4501.05,4508.7,5210.564
2025-10-04 00:15:00+00:00,4508.7,4510.53,4497.15,4497.23,3779.322
2025-10-04 00:30:00+00:00,4497.23,4504.61,4495.25,4499.04,2243.7227
2025-10-04 00:45:00+00:00,4499.04,4503.49,4496.41,4501.46,1270.7909
2025-10-04 01:00:00+00:00,4501.45,4501.91,4487.54,4491.77,3322.5921
2025-10-04 01:15:00+00:00,4491.77,4493.97,4486.71,4487.12,1411.5149
2025-10-04 01:30:00+00:00,4487.11,4492.37,4482.63,4483.45,2212.3643
2025-10-04 01:45:00+00:00,4483.46,4484.29,4468.51,4479.67,3763.9092
2025-10-04 02:00:00+00:00,4479.67,4489.31,4470.64,4473.57,2649.6635
2025-10-04 02:15:00+00:00,4473.57,4480.11,4463.17,4479.15,5751.6655
2025-10-04 02:30:00+00:00,4479.15,4482.64,4475.47,4480.57,1515.8385
2025-10-04 02:45:00+00:00,4480.57,4489.12,4478.0,4484.77,1728.4795
2025-10-04 03:00:00+00:00,4484.77,4488.08,4470.92,4474.38,2474.5193
2025-10-04 03:15:00+00:00,4474.39,4483.31,4472.9,4482.61,1685.0171
2025-10-04 03:30:00+00:00,4482.6,4486.81,4481.26,4482.9,1307.9542
2025-10-04 03:45:00+00:00,4482.91,4488.82,4479.15,4487.06,1673.3155
2025-10-04 04:00:00+00:00,4487.07,4491.61,4486.0,4489.22,1378.6354
2025-10-04 04:15:00+00:00,4489.22,4489.55,4481.47,4481.47,1390.0459
2025-10-04 04:30:00+00:00,4481.47,4495.97,4479.66,4494.71,2226.0358
2025-10-04 04:45:00+00:00,4494.71,4499.49,4490.3,4494.45,2908.0699
2025-10-04 05:00:00+00:00,4494.46,4505.27,4492.99,4505.26,4183.5555
2025-10-04 05:15:00+00:00,4505.27,4510.62,4500.59,4500.94,2127.9426
2025-10-04 05:30:00+00:00,4500.95,4501.94,4496.4,4496.99,1593.185
2025-10-04 05:45:00+00:00,4496.98,4504.06,4495.61,4504.05,1292.1687
2025-10-04 06:00:00+00:00,4504.05,4510.85,4502.14,4507.94,1384.0746
2025-10-04 06:15:00+00:00,4507.95,4517.93,4507.94,4510.7,2058.0307
2025-10-04 06:30:00+00:00,4510.71,4517.42,4507.5,4509.74,2276.7491
2025-10-04 06:45:00+00:00,4509.74,4513.09,4504.39,4506.77,1227.3464
2025-10-04 07:00:00+00:00,4506.78,4513.82,4506.0,4506.41,1073.835
2025-10-04 07:15:00+00:00,4506.4,4506.41,4500.0,4500.01,1954.4529
2025-10-04 07:30:00+00:00,4500.01,4505.96,4500.0,4504.05,932.1277
2025-10-04 07:45:00+00:00,4504.05,4504.05,4493.84,4498.29,1241.7649
2025-10-04 08:00:00+00:00,4498.28,4503.04,4497.95,4499.9,1496.367
2025-10-04 08:15:00+00:00,4499.9,4499.9,4492.46,4494.1,1264.56
2025-10-04 08:30:00+00:00,4494.1,4494.11,4483.01,4488.35,3060.1764
2025-10-04 08:45:00+00:00,4488.35,4492.44,4484.55,4489.22,3365.7704
2025-10-04 09:00:00+00:00,4489.22,4497.61,4483.42,4496.16,1939.1404
2025-10-04 09:15:00+00:00,4496.16,4502.19,4494.81,4495.47,909.4482
2025-10-04 09:30:00+00:00,4495.48,4498.68,4492.48,4498.19,1029.645
2025-10-04 09:45:00+00:00,4498.19,4499.91,4486.64,4489.69,1412.4232
2025-10-04 10:00:00+00:00,4489.69,4498.66,4488.06,4495.06,1040.452
2025-10-04 10:15:00+00:00,4495.07,4503.9,4494.0,4502.24,879.3305
2025-10-04 10:30:00+00:00,4502.24,4503.52,4485.69,4487.71,1871.1428
2025-10-04 10:45:00+00:00,4487.71,4490.25,4483.54,4487.55,1372.5625
2025-10-04 11:00:00+00:00,4487.55,4495.13,4485.0,4485.5,912.1326
2025-10-04 11:15:00+00:00,4485.5,4492.45,4483.3,4491.23,867.2575
2025-10-04 11:30:00+00:00,4491.23,4495.06,4486.8,4488.73,710.3585
2025-10-04 11:45:00+00:00,4488.74,4490.87,4479.93,4483.83,4176.0639
2025-10-04 12:00:00+00:00,4483.84,4488.3,4474.58,4487.48,4588.3609
2025-10-04 12:15:00+00:00,4487.47,4489.08,4482.4,4483.52,1197.9182
2025-10-04 12:30:00+00:00,4483.51,4488.75,4481.81,4486.23,1347.4477
2025-10-04 12:45:00+00:00,4486.22,4486.49,4479.14,4479.74,1605.1998
2025-10-04 13:00:00+00:00,4479.75,4509.15,4479.0,4499.55,4630.7767
2025-10-04 13:15:00+00:00,4499.56,4504.06,4495.75,4497.63,1896.0651
2025-10-04 13:30:00+00:00,4497.64,4504.06,4497.19,4500.63,1081.2019
2025-10-04 13:45:00+00:00,4500.64,4505.62,4496.3,4499.53,1063.3894
2025-10-04 14:00:00+00:00,4499.53,4507.66,4495.14,4507.41,1685.9453
2025-10-04 14:15:00+00:00,4507.42,4511.71,4500.0,4501.32,1587.0062
2025-10-04 14:30:00+00:00,4501.33,4504.8,4498.33,4498.34,1203.0665
2025-10-04 14:45:00+00:00,4498.33,4499.25,4469.67,4470.58,4965.428
2025-10-04 15:00:00+00:00,4470.58,4483.2,4464.5,4464.51,5293.9301
2025-10-04 15:15:00+00:00,4464.51,4470.93,4449.38,4452.76,6840.7979
2025-10-04 15:30:00+00:00,4452.77,4459.78,4441.34,4458.27,7100.2147
2025-10-04 15:45:00+00:00,4458.26,4466.66,4452.43,4455.05,3630.2126
2025-10-04 16:00:00+00:00,4455.08,4462.63,4448.9,4451.5,2914.6194
2025-10-04 16:15:00+00:00,4451.51,4453.45,4440.0,4452.99,7513.4794
2025-10-04 16:30:00+00:00,4452.98,4467.36,4452.72,4464.96,2825.7044
2025-10-04 16:45:00+00:00,4464.96,4467.36,4456.97,4466.58,1521.1214
2025-10-04 17:00:00+00:00,4466.59,4475.1,4462.8,4466.86,1591.3723
2025-10-04 17:15:00+00:00,4466.86,4472.5,4464.7,4472.49,873.6415
2025-10-04 17:30:00+00:00,4472.5,4476.46,4451.98,4456.99,6667.8283
2025-10-04 17:45:00+00:00,4457.0,4464.31,4453.27,4463.69,2022.4884
2025-10-04 18:00:00+00:00,4463.7,4466.66,4461.34,4465.03,1249.0124
2025-10-04 18:15:00+00:00,4465.04,4466.43,4452.1,4460.17,1748.6342
2025-10-04 18:30:00+00:00,4460.17,4460.67,4452.99,4454.23,909.7633
2025-10-04 18:45:00+00:00,4454.23,4455.89,4450.27,4454.93,893.6526
2025-10-04 19:00:00+00:00,4454.94,4462.19,4454.93,4462.19,1036.9933
2025-10-04 19:15:00+00:00,4462.18,4467.4,4458.7,4465.95,853.915
2025-10-04 19:30:00+00:00,4465.96,4468.88,4464.33,4464.33,729.9605
2025-10-04 19:45:00+00:00,4464.33,4467.21,4464.13,4467.12,585.9261
2025-10-04 20:00:00+00:00,4467.13,4475.14,4467.13,4474.5,1577.0753
2025-10-04 20:15:00+00:00,4474.5,4485.31,4474.5,4484.85,1564.9423
2025-10-04 20:30:00+00:00,4484.85,4485.1,4480.39,4483.0,1373.291
2025-10-04 20:45:00+00:00,4482.99,4483.49,4472.6,4475.16,1460.316
2025-10-04 21:00:00+00:00,4475.16,4489.32,4474.61,4488.77,1519.792
2025-10-04 21:15:00+00:00,4488.78,4493.83,4483.97,4493.59,1711.1555
2025-10-04 21:30:00+00:00,4493.59,4493.59,4484.66,4490.97,1429.3717
2025-10-04 21:45:00+00:00,4490.97,4491.0,4480.82,4484.5,916.3762
2025-10-04 22:00:00+00:00,4484.5,4492.91,4483.3,4485.0,1437.2157
2025-10-04 22:15:00+00:00,4485.0,4487.65,4480.64,4486.81,547.5518
2025-10-04 22:30:00+00:00,4486.81,4494.5,4486.8,4491.29,983.9653
2025-10-04 22:45:00+00:00,4491.29,4493.0,4488.47,4489.6,516.057
2025-10-04 23:00:00+00:00,4489.6,4489.91,4482.63,4482.63,583.7618
2025-10-04 23:15:00+00:00,4482.64,4486.2,4482.3,4485.63,407.492
2025-10-04 23:30:00+00:00,4485.63,4488.18,4484.74,4488.15,1644.8396
2025-10-04 23:45:00+00:00,4488.15,4489.34,4485.27,4487.15,848.3479
2025-10-05 00:00:00+00:00,4487.16,4489.51,4482.03,4483.69,816.5312
2025-10-05 00:15:00+00:00,4483.69,4493.8,4482.21,4492.74,870.1137
2025-10-05 00:30:00+00:00,4492.74,4492.75,4480.0,4480.01,772.1798
2025-10-05 00:45:00+00:00,4480.0,4480.41,4467.05,4470.93,1733.2606
2025-10-05 01:00:00+00:00,4470.94,4482.05,4470.58,4481.03,919.6224
2025-10-05 01:15:00+00:00,4481.03,4484.09,4474.0,4479.38,2950.0769
2025-10-05 01:30:00+00:00,4479.39,4485.61,4479.38,4485.6,1070.4
2025-10-05 01:45:00+00:00,4485.61,4488.77,4483.8,4487.51,989.5764
2025-10-05 02:00:00+00:00,4487.51,4487.8,4480.51,4483.3,953.9931
2025-10-05 02:15:00+00:00,4483.3,4492.0,4480.0,4492.0,1227.8859
2025-10-05 02:30:00+00:00,4492.0,4544.19,4492.0,4522.16,30903.8443
2025-10-05 02:45:00+00:00,4522.15,4551.0,4518.66,4548.9,11896.3917
2025-10-05 03:00:00+00:00,4548.91,4575.0,4548.91,4553.78,17699.8023
2025-10-05 03:15:00+00:00,4553.78,4553.78,4535.0,4545.73,21472.1524
2025-10-05 03:30:00+00:00,4545.73,4564.7,4544.52,4559.2,8397.5511
2025-10-05 03:45:00+00:00,4559.19,4562.99,4528.24,4531.54,7321.2421
2025-10-05 04:00:00+00:00,4531.55,4546.66,4529.0,4537.79,3331.8731
2025-10-05 04:15:00+00:00,4537.8,4546.87,4532.7,4536.04,3102.6687
2025-10-05 04:30:00+00:00,4536.04,4554.68,4530.77,4547.71,3649.7815
2025-10-05 04:45:00+00:00,4547.71,4588.98,4547.71,4574.62,17800.7575
2025-10-05 05:00:00+00:00,4574.63,4585.91,4560.35,4569.75,9420.4453
2025-10-05 05:15:00+00:00,4569.76,4577.15,4560.01,4577.15,3615.4901
2025-10-05 05:30:00+00:00,4577.15,4578.18,4561.05,4568.87,5713.684
2025-10-05 05:45:00+00:00,4568.86,4569.24,4557.35,4569.23,6968.5461
2025-10-05 06:00:00+00:00,4569.24,4573.62,4564.47,4571.33,6766.9986
2025-10-05 06:15:00+00:00,4571.32,4572.0,4553.91,4566.51,9549.2263
2025-10-05 06:30:00+00:00,4566.51,4566.81,4551.89,4563.67,5668.8056
2025-10-05 06:45:00+00:00,4563.68,4569.12,4554.97,4559.66,8825.0194
2025-10-05 07:00:00+00:00,4559.66,4584.4,4558.86,4578.41,6338.5086
2025-10-05 07:15:00+00:00,4578.4,4583.27,4571.28,4571.9,11067.3743
2025-10-05 07:30:00+00:00,4571.9,4579.07,4568.59,4578.21,3071.875
2025-10-05 07:45:00+00:00,4578.2,4615.0,4578.2,4605.97,17613.7193
2025-10-05 08:00:00+00:00,4605.98,4618.17,4594.84,4594.89,17227.6447
2025-10-05 08:15:00+00:00,4594.89,4611.78,4590.1,4600.22,14728.909
2025-10-05 08:30:00+00:00,4600.23,4600.23,4586.27,4590.24,10424.2463
2025-10-05 08:45:00+00:00,4590.23,4591.81,4583.55,4587.54,8138.7504
2025-10-05 09:00:00+00:00,4587.53,4588.88,4582.62,4585.95,3015.1797
2025-10-05 09:15:00+00:00,4585.96,4590.35,4568.26,4574.92,13351.0404
2025-10-05 09:30:00+00:00,4574.93,4574.93,4547.0,4551.39,20558.4534
2025-10-05 09:45:00+00:00,4551.39,4564.63,4538.26,4549.22,19516.9553
2025-10-05 10:00:00+00:00,4549.22,4551.7,4526.17,4538.69,15055.2047
2025-10-05 10:15:00+00:00,4538.69,4550.81,4532.19,4537.26,5026.5708
2025-10-05 10:30:00+00:00,4537.27,4537.37,4523.45,4536.67,4608.0589
2025-10-05 10:45:00+00:00,4536.67,4547.92,4536.67,4542.57,3970.7806
2025-10-05 11:00:00+00:00,4542.56,4550.95,4535.56,4536.99,4161.8546
2025-10-05 11:15:00+00:00,4537.0,4553.83,4537.0,4548.45,2992.1521
2025-10-05 11:30:00+00:00,4548.45,4550.26,4543.89,4549.81,1746.2219
2025-10-05 11:45:00+00:00,4549.81,4556.63,4549.67,4551.06,2570.0722
2025-10-05 12:00:00+00:00,4551.07,4551.07,4534.85,4543.52,3574.1126
2025-10-05 12:15:00+00:00,4543.51,4550.67,4541.28,4543.05,1348.1707
2025-10-05 12:30:00+00:00,4543.05,4549.51,4532.67,4535.26,4200.1031
2025-10-05 12:45:00+00:00,4535.26,4542.61,4530.3,4531.65,2643.8698
2025-10-05 13:00:00+00:00,4531.66,4539.32,4531.01,4535.6,2563.7962
2025-10-05 13:15:00+00:00,4535.6,4541.74,4532.3,4539.42,5237.4616
2025-10-05 13:30:00+00:00,4539.42,4543.92,4535.0,4537.21,2117.7613
2025-10-05 13:45:00+00:00,4537.22,4541.29,4533.44,4538.93,3610.2842
2025-10-05 14:00:00+00:00,4538.93,4550.0,4538.6,4548.17,3430.0409
2025-10-05 14:15:00+00:00,4548.18,4550.61,4544.92,4547.75,3704.7225
2025-10-05 14:30:00+00:00,4547.76,4549.12,4532.11,4536.44,2404.4802
2025-10-05 14:45:00+00:00,4536.43,4539.52,4530.32,4535.7,3093.4249
2025-10-05 15:00:00+00:00,4535.7,4537.09,4530.0,4537.08,1223.6388
2025-10-05 15:15:00+00:00,4537.08,4543.5,4537.08,4538.19,1175.5738
2025-10-05 15:30:00+00:00,4538.19,4538.19,4527.16,4528.04,2099.5388
2025-10-05 15:45:00+00:00,4528.04,4535.0,4526.74,4532.0,2116.8444
2025-10-05 16:00:00+00:00,4532.0,4540.71,4530.0,4537.62,2141.1
2025-10-05 16:15:00+00:00,4537.62,4539.55,4531.35,4535.01,1711.8641
2025-10-05 16:30:00+00:00,4535.0,4538.9,4525.93,4526.9,8082.6243
2025-10-05 16:45:00+00:00,4526.9,4531.44,4491.13,4528.51,17845.626
2025-10-05 17:00:00+00:00,4528.5,4537.95,4520.78,4525.8,2911.8228
2025-10-05 17:15:00+00:00,4525.81,4531.76,4520.81,4522.32,1334.8406
2025-10-05 17:30:00+00:00,4522.32,4522.32,4505.0,4514.37,3094.7605
2025-10-05 17:45:00+00:00,4514.36,4514.99,4503.5,4511.48,1948.7943
2025-10-05 18:00:00+00:00,4511.47,4516.73,4497.3,4508.36,3156.8537
2025-10-05 18:15:00+00:00,4508.36,4513.56,4505.3,4512.02,1442.566
2025-10-05 18:30:00+00:00,4512.03,4522.13,4511.86,4519.6,1471.1285
2025-10-05 18:45:00+00:00,4519.65,4525.15,4517.69,4518.56,1006.4868
2025-10-05 19:00:00+00:00,4518.55,4519.32,4494.5,4499.69,3211.0478
2025-10-05 19:15:00+00:00,4499.69,4511.42,4495.0,4506.73,1648.6124
2025-10-05 19:30:00+00:00,4506.73,4507.0,4497.83,4500.73,1328.8415
2025-10-05 19:45:00+00:00,4500.73,4502.34,4482.06,4487.26,4140.4808
2025-10-05 20:00:00+00:00,4487.26,4500.73,4474.0,4497.14,4136.5504
2025-10-05 20:15:00+00:00,4497.14,4500.5,4489.72,4498.95,1170.2216
2025-10-05 20:30:00+00:00,4499.0,4509.5,4499.0,4504.84,2014.6452
2025-10-05 20:45:00+00:00,4504.85,4507.43,4498.57,4498.57,920.2994
2025-10-05 21:00:00+00:00,4498.57,4502.37,4491.93,4496.0,1662.3905
2025-10-05 21:15:00+00:00,4496.0,4506.8,4493.1,4501.26,1642.2945
2025-10-05 21:30:00+00:00,4501.26,4506.22,4496.33,4503.94,884.9803
2025-10-05 21:45:00+00:00,4503.93,4508.0,4500.16,4505.42,928.2231
2025-10-05 22:00:00+00:00,4505.43,4518.95,4501.52,4503.31,2203.976
2025-10-05 22:15:00+00:00,4503.31,4517.26,4501.64,4508.95,1531.3551
2025-10-05 22:30:00+00:00,4508.95,4511.98,4504.5,4508.33,702.9785
2025-10-05 22:45:00+00:00,4508.32,4513.54,4507.18,4513.29,1447.9799
2025-10-05 23:00:00+00:00,4513.29,4523.48,4512.68,4519.48,3821.5956
2025-10-05 23:15:00+00:00,4519.48,4521.3,4512.44,4515.98,1334.8858
2025-10-05 23:30:00+00:00,4515.99,4522.63,4515.99,4517.97,838.9506
2025-10-05 23:45:00+00:00,4517.97,4519.64,4513.02,4514.32,733.8687
2025-10-06 00:00:00+00:00,4514.32,4520.95,4500.71,4519.95,3028.519
2025-10-06 00:15:00+00:00,4519.96,4552.44,4507.79,4514.39,10031.4868
2025-10-06 00:30:00+00:00,4514.39,4521.55,4501.0,4513.19,5225.2908
2025-10-06 00:45:00+00:00,4513.2,4515.44,4488.25,4499.29,5615.7913
2025-10-06 01:00:00+00:00,4499.29,4508.07,4490.05,4502.53,2527.9555
2025-10-06 01:15:00+00:00,4502.53,4531.94,4496.03,4529.99,4867.9054
2025-10-06 01:30:00+00:00,4529.98,4541.29,4516.63,4522.2,8287.8274
2025-10-06 01:45:00+00:00,4522.19,4529.79,4517.27,4527.87,2025.0356
2025-10-06 02:00:00+00:00,4527.86,4531.7,4520.99,4524.72,1313.4324
2025-10-06 02:15:00+00:00,4524.72,4528.68,4518.24,4518.59,1627.8127
2025-10-06 02:30:00+00:00,4518.59,4522.5,4505.96,4520.82,2696.9881
2025-10-06 02:45:00+00:00,4520.82,4550.0,4520.82,4538.32,6377.7754
2025-10-06 03:00:00+00:00,4538.31,4541.94,4534.8,4538.34,1961.7112
2025-10-06 03:15:00+00:00,4538.34,4540.38,4530.86,4537.4,2052.0477
2025-10-06 03:30:00+00:00,4537.41,4540.12,4530.23,4531.34,3404.5471
2025-10-06 03:45:00+00:00,4531.34,4540.33,4527.74,4537.08,4167.4587
2025-10-06 04:00:00+00:00,4537.09,4539.36,4529.6,4535.29,1455.5698
2025-10-06 04:15:00+00:00,4535.29,4540.36,4533.07,4539.93,1077.2904
2025-10-06 04:30:00+00:00,4539.93,4541.94,4526.4,4528.54,2473.1815
2025-10-06 04:45:00+00:00,4528.55,4533.53,4522.54,4524.66,1893.4017
2025-10-06 05:00:00+00:00,4524.66,4524.66,4513.22,4513.64,2553.7701
2025-10-06 05:15:00+00:00,4513.64,4522.44,4509.0,4522.44,3665.7414
2025-10-06 05:30:00+00:00,4522.44,4523.66,4513.48,4520.49,2764.9846
2025-10-06 05:45:00+00:00,4520.49,4529.35,4520.49,4527.83,1552.6787
2025-10-06 06:00:00+00:00,4527.83,4550.0,4527.57,4548.07,4927.9202
2025-10-06 06:15:00+00:00,4548.07,4564.09,4540.39,4561.83,5758.454
2025-10-06 06:30:00+00:00,4561.84,4576.5,4560.92,4566.09,7164.1416
2025-10-06 06:45:00+00:00,4566.09,4566.4,4552.5,4560.26,3637.629
2025-10-06 07:00:00+00:00,4560.26,4573.36,4557.81,4573.35,3041.7316
2025-10-06 07:15:00+00:00,4573.36,4577.8,4563.97,4568.64,2814.5056
2025-10-06 07:30:00+00:00,4568.65,4569.62,4528.98,4538.41,6695.4894
2025-10-06 07:45:00+00:00,4538.4,4538.4,4529.34,4533.19,2918.1026
2025-10-06 08:00:00+00:00,4533.2,4552.56,4533.2,4546.58,2845.6083
2025-10-06 08:15:00+00:00,4546.59,4551.0,4540.71,4548.87,1702.6432
2025-10-06 08:30:00+00:00,4548.87,4567.0,4548.87,4562.08,3466.4713
2025-10-06 08:45:00+00:00,4562.08,4565.33,4558.32,4561.61,2188.5838
2025-10-06 09:00:00+00:00,4561.61,4573.59,4560.31,4569.01,2474.6371
2025-10-06 09:15:00+00:00,4569.01,4571.33,4561.4,4566.89,2586.3963
2025-10-06 09:30:00+00:00,4566.89,4572.6,4565.33,4567.9,2350.1803
2025-10-06 09:45:00+00:00,4567.9,4577.26,4567.32,4573.0,4297.5513
2025-10-06 10:00:00+00:00,4572.99,4579.67,4562.62,4565.0,5935.8226
2025-10-06 10:15:00+00:00,4565.01,4569.43,4558.14,4565.49,4854.0729
2025-10-06 10:30:00+00:00,4565.5,4567.75,4558.14,4562.85,3075.9419
2025-10-06 10:45:00+00:00,4562.86,4578.43,4562.34,4573.2,5317.4076
2025-10-06 11:00:00+00:00,4573.21,4573.93,4565.5,4565.51,2120.1677
2025-10-06 11:15:00+00:00,4565.5,4590.0,4565.0,4588.32,4384.8546
2025-10-06 11:30:00+00:00,4588.32,4593.65,4571.28,4577.39,6104.3305
2025-10-06 11:45:00+00:00,4577.39,4581.7,4569.54,4571.71,2029.7298
2025-10-06 12:00:00+00:00,4571.71,4586.94,4570.25,4585.57,2456.5518
2025-10-06 12:15:00+00:00,4585.56,4595.43,4584.48,4585.29,4567.7343
2025-10-06 12:30:00+00:00,4585.29,4589.55,4574.69,4576.97,5229.8719
2025-10-06 12:45:00+00:00,4576.97,4581.92,4576.1,4581.29,1761.1889
2025-10-06 13:00:00+00:00,4581.29,4590.0,4579.44,4581.93,2416.9909
2025-10-06 13:15:00+00:00,4581.94,4602.11,4577.47,4590.89,6445.4164
2025-10-06 13:30:00+00:00,4590.88,4631.76,4579.33,4605.77,20819.1338
2025-10-06 13:45:00+00:00,4605.88,4638.0,4596.01,4637.87,13734.356
2025-10-06 14:00:00+00:00,4637.88,4663.47,4630.01,4641.44,18273.1592
2025-10-06 14:15:00+00:00,4641.45,4666.22,4635.0,4661.36,11185.5966
2025-10-06 14:30:00+00:00,4661.36,4676.55,4649.0,4652.49,14809.1124
2025-10-06 14:45:00+00:00,4652.49,4658.23,4635.2,4638.51,7641.029
2025-10-06 15:00:00+00:00,4638.52,4656.7,4637.78,4655.42,7606.0803
2025-10-06 15:15:00+00:00,4655.42,4693.8,4655.41,4690.95,15088.1126
2025-10-06 15:30:00+00:00,4690.96,4693.24,4660.93,4670.17,7352.563
2025-10-06 15:45:00+00:00,4670.17,4685.09,4670.07,4673.39,3434.0501
2025-10-06 16:00:00+00:00,4673.39,4682.62,4660.86,4663.49,3840.5285
2025-10-06 16:15:00+00:00,4663.49,4673.39,4659.99,4661.54,2837.2725
2025-10-06 16:30:00+00:00,4661.55,4684.19,4661.1,4681.78,3520.871
2025-10-06 16:45:00+00:00,4681.78,4682.03,4670.0,4678.18,2508.706
2025-10-06 17:00:00+00:00,4678.19,4695.73,4673.78,4694.24,5188.7571
2025-10-06 17:15:00+00:00,4694.24,4718.6,4688.18,4709.14,16804.2166
2025-10-06 17:30:00+00:00,4709.14,4713.5,4689.6,4693.78,6516.4501
2025-10-06 17:45:00+00:00,4693.78,4705.88,4687.0,4696.0,5044.0417
2025-10-06 18:00:00+00:00,4696.0,4700.8,4690.07,4695.96,2196.65
2025-10-06 18:15:00+00:00,4695.95,4701.64,4688.19,4689.35,2488.7546
2025-10-06 18:30:00+00:00,4689.36,4692.38,4679.48,4685.0,2760.6895
2025-10-06 18:45:00+00:00,4685.01,4716.99,4683.61,4711.96,5681.7919
2025-10-06 19:00:00+00:00,4711.97,4715.91,4699.09,4709.14,4708.5309
2025-10-06 19:15:00+00:00,4709.15,4716.05,4695.07,4708.29,6049.3042
2025-10-06 19:30:00+00:00,4708.3,4714.73,4695.22,4702.2,3823.26
2025-10-06 19:45:00+00:00,4702.2,4733.18,4695.22,4722.62,8361.3654
2025-10-06 20:00:00+00:00,4722.61,4735.93,4711.49,4718.0,5820.3284
2025-10-06 20:15:00+00:00,4718.0,4718.23,4695.65,4700.29,5102.6162
2025-10-06 20:30:00+00:00,4700.29,4709.56,4687.64,4689.38,3015.176
2025-10-06 20:45:00+00:00,4689.38,4693.24,4686.53,4689.12,5770.1793
2025-10-06 21:00:00+00:00,4689.13,4697.53,4685.9,4693.36,2276.8256
2025-10-06 21:15:00+00:00,4693.35,4693.35,4672.56,4686.37,3596.7803
2025-10-06 21:30:00+00:00,4686.38,4693.38,4673.92,4690.59,3792.5021
2025-10-06 21:45:00+00:00,4690.59,4693.65,4677.84,4693.64,2716.9332
2025-10-06 22:00:00+00:00,4693.64,4707.6,4691.73,4699.33,4447.9688
2025-10-06 22:15:00+00:00,4699.32,4700.81,4689.4,4696.06,1827.5753
2025-10-06 22:30:00+00:00,4696.06,4697.91,4682.3,4684.73,1849.9133
2025-10-06 22:45:00+00:00,4684.73,4705.0,4684.73,4698.57,5469.6971
2025-10-06 23:00:00+00:00,4698.57,4704.32,4689.12,4691.46,3465.6091
2025-10-06 23:15:00+00:00,4691.47,4704.99,4687.46,4704.04,2589.3312
2025-10-06 23:30:00+00:00,4704.05,4704.66,4695.01,4695.01,1876.5111
2025-10-06 23:45:00+00:00,4695.02,4696.15,4683.14,4684.01,2089.9921
2025-10-07 00:00:00+00:00,4684.02,4692.69,4682.41,4682.41,2361.4255
2025-10-07 00:15:00+00:00,4682.41,4685.43,4676.78,4676.8,3512.9976
2025-10-07 00:30:00+00:00,4676.79,4681.84,4673.0,4681.84,1987.3773
2025-10-07 00:45:00+00:00,4681.84,4684.2,4672.12,4680.03,2357.7385
2025-10-07 01:00:00+00:00,4680.03,4698.99,4678.78,4690.0,4151.2517
2025-10-07 01:15:00+00:00,4690.01,4690.79,4663.71,4678.83,5201.5422
2025-10-07 01:30:00+00:00,4678.82,4688.51,4670.0,4687.99,2139.2514
2025-10-07 01:45:00+00:00,4687.99,4688.0,4672.52,4675.25,2590.8907
2025-10-07 02:00:00+00:00,4675.25,4680.93,4673.69,4679.33,1662.4857
2025-10-07 02:15:00+00:00,4679.33,4688.26,4668.96,4686.35,3025.3291
2025-10-07 02:30:00+00:00,4686.35,4691.2,4674.34,4677.24,1737.1797
2025-10-07 02:45:00+00:00,4677.24,4686.42,4677.23,4686.41,1503.6801
2025-10-07 03:00:00+00:00,4686.41,4695.5,4678.36,4694.05,2906.841
2025-10-07 03:15:00+00:00,4694.06,4694.06,4681.62,4683.11,3354.3521
2025-10-07 03:30:00+00:00,4683.11,4690.0,4681.14,4690.0,2434.737
2025-10-07 03:45:00+00:00,4689.99,4692.24,4687.67,4690.59,2005.2137
2025-10-07 04:00:00+00:00,4690.59,4690.93,4680.17,4682.81,2216.0024
2025-10-07 04:15:00+00:00,4682.8,4691.5,4679.14,4691.32,2001.4912
2025-10-07 04:30:00+00:00,4691.32,4710.0,4691.31,4706.0,4936.0209
2025-10-07 04:45:00+00:00,4705.99,4718.11,4705.29,4713.6,4764.7406
2025-10-07 05:00:00+00:00,4713.6,4716.47,4706.54,4710.23,5376.6339
2025-10-07 05:15:00+00:00,4710.23,4717.4,4704.4,4714.25,2708.1755
2025-10-07 05:30:00+00:00,4714.25,4730.94,4711.79,4723.73,6878.8751
2025-10-07 05:45:00+00:00,4723.74,4725.15,4708.04,4711.64,5163.1312
2025-10-07 06:00:00+00:00,4711.64,4719.28,4697.79,4702.58,5199.5817
2025-10-07 06:15:00+00:00,4702.58,4702.74,4677.55,4677.55,5653.2882
2025-10-07 06:30:00+00:00,4677.55,4687.36,4666.13,4670.89,5694.488
2025-10-07 06:45:00+00:00,4670.89,4675.39,4666.0,4669.39,4127.7935
2025-10-07 07:00:00+00:00,4669.4,4681.61,4667.01,4674.74,3705.5651
2025-10-07 07:15:00+00:00,4674.74,4682.82,4665.03,4681.47,4560.1269
2025-10-07 07:30:00+00:00,4681.47,4681.9,4666.72,4674.22,4218.9204
2025-10-07 07:45:00+00:00,4674.22,4678.29,4670.63,4678.19,3604.3378
2025-10-07 08:00:00+00:00,4678.2,4678.22,4647.53,4653.16,9516.9666
2025-10-07 08:15:00+00:00,4653.16,4657.59,4639.15,4650.99,7282.0146
2025-10-07 08:30:00+00:00,4650.99,4671.95,4638.92,4671.37,6007.9787
2025-10-07 08:45:00+00:00,4671.38,4678.22,4660.43,4670.36,3808.25
2025-10-07 09:00:00+00:00,4670.36,4681.11,4667.9,4678.92,2424.5956
2025-10-07 09:15:00+00:00,4678.92,4681.73,4668.55,4674.16,4034.2116
2025-10-07 09:30:00+00:00,4674.16,4681.42,4672.87,4678.0,5671.4764
2025-10-07 09:45:00+00:00,4678.0,4683.37,4676.36,4680.14,2830.9192
2025-10-07 10:00:00+00:00,4680.14,4699.42,4674.1,4697.4,7027.8956
2025-10-07 10:15:00+00:00,4697.39,4697.4,4685.32,4687.29,3574.5325
2025-10-07 10:30:00+00:00,4687.3,4697.55,4684.57,4691.96,2724.1045
2025-10-07 10:45:00+00:00,4691.96,4695.58,4690.93,4692.38,1486.5905
2025-10-07 11:00:00+00:00,4692.39,4697.01,4687.34,4687.49,2211.2767
2025-10-07 11:15:00+00:00,4687.5,4698.11,4687.34,4696.27,2146.2633
2025-10-07 11:30:00+00:00,4696.27,4708.84,4695.53,4696.56,5068.091
2025-10-07 11:45:00+00:00,4696.56,4713.17,4695.9,4708.81,3406.5434
2025-10-07 12:00:00+00:00,4708.82,4715.0,4701.39,4704.91,3399.1852
2025-10-07 12:15:00+00:00,4704.91,4706.12,4696.2,4701.07,3648.0889
2025-10-07 12:30:00+00:00,4701.07,4707.44,4695.43,4706.71,4415.594
2025-10-07 12:45:00+00:00,4706.71,4747.46,4705.93,4747.46,12994.104
2025-10-07 13:00:00+00:00,4747.46,4750.0,4733.43,4741.82,8894.93
2025-10-07 13:15:00+00:00,4741.81,4755.0,4732.2,4753.56,10472.9539
2025-10-07 13:30:00+00:00,4753.55,4753.78,4671.48,4687.86,22546.8601
2025-10-07 13:45:00+00:00,4687.86,4710.94,4663.75,4704.63,15212.3462
2025-10-07 14:00:00+00:00,4704.63,4710.12,4648.77,4655.04,23763.2781
2025-10-07 14:15:00+00:00,4655.04,4676.5,4625.0,4630.32,14980.7315
2025-10-07 14:30:00+00:00,4630.31,4647.08,4610.01,4622.75,16911.3013
2025-10-07 14:45:00+00:00,4622.75,4627.12,4590.04,4592.84,19967.7333
2025-10-07 15:00:00+00:00,4592.84,4605.99,4521.75,4553.5,36204.7238
2025-10-07 15:15:00+00:00,4553.49,4577.47,4547.69,4553.01,15533.928
2025-10-07 15:30:00+00:00,4553.01,4554.3,4477.43,4510.91,42863.9336
2025-10-07 15:45:00+00:00,4510.91,4517.28,4487.1,4511.99,20721.7861
2025-10-07 16:00:00+00:00,4511.99,4512.14,4480.72,4482.13,15042.6654
2025-10-07 16:15:00+00:00,4482.12,4494.33,4454.71,4482.61,15991.4497
2025-10-07 16:30:00+00:00,4482.62,4520.0,4481.8,4510.43,13026.7327
2025-10-07 16:45:00+00:00,4510.42,4524.0,4493.61,4499.3,11483.0925
2025-10-07 17:00:00+00:00,4499.29,4507.66,4485.86,4488.51,5770.3996
2025-10-07 17:15:00+00:00,4488.51,4500.0,4481.23,4494.96,4664.2451
2025-10-07 17:30:00+00:00,4494.96,4497.86,4483.39,4494.46,3672.7104
2025-10-07 17:45:00+00:00,4494.46,4503.48,4468.83,4475.31,5956.2017
2025-10-07 18:00:00+00:00,4475.32,4483.91,4465.66,4479.32,5145.8864
2025-10-07 18:15:00+00:00,4479.32,4482.96,4450.0,4461.78,14391.779
2025-10-07 18:30:00+00:00,4461.78,4474.19,4446.13,4465.67,7448.2633
2025-10-07 18:45:00+00:00,4465.67,4470.04,4458.21,4464.91,3053.9414
2025-10-07 19:00:00+00:00,4464.9,4487.5,4462.34,4477.27,7133.4267
2025-10-07 19:15:00+00:00,4477.28,4484.05,4460.28,4462.54,4588.3393
2025-10-07 19:30:00+00:00,4462.53,4481.87,4459.15,4469.83,5059.7701
2025-10-07 19:45:00+00:00,4469.82,4495.3,4465.19,4479.44,7420.6708
2025-10-07 20:00:00+00:00,4479.48,4509.92,4476.22,4503.85,6475.483
2025-10-07 20:15:00+00:00,4503.85,4513.41,4497.6,4512.45,3604.1326
2025-10-07 20:30:00+00:00,4512.45,4517.09,4505.76,4505.77,3145.2171
2025-10-07 20:45:00+00:00,4505.77,4515.0,4505.76,4509.3,2324.8987
2025-10-07 21:00:00+00:00,4509.29,4513.44,4500.78,4506.93,2401.649
2025-10-07 21:15:00+00:00,4506.93,4513.98,4503.91,4512.45,2125.6463
2025-10-07 21:30:00+00:00,4512.45,4512.56,4489.55,4498.81,3143.8764
2025-10-07 21:45:00+00:00,4498.81,4499.07,4480.44,4493.46,2655.8145
2025-10-07 22:00:00+00:00,4493.47,4498.35,4483.11,4496.09,1960.4196
2025-10-07 22:15:00+00:00,4496.08,4506.06,4495.04,4499.74,2451.7098
2025-10-07 22:30:00+00:00,4499.74,4505.4,4491.79,4495.98,2226.7648
2025-10-07 22:45:00+00:00,4495.98,4500.82,4494.37,4498.19,1062.8893
2025-10-07 23:00:00+00:00,4498.2,4499.29,4482.04,4483.48,4275.7431
2025-10-07 23:15:00+00:00,4483.48,4486.2,4469.17,4473.34,3593.7019
2025-10-07 23:30:00+00:00,4473.35,4473.35,4452.25,4461.4,3676.0812
2025-10-07 23:45:00+00:00,4461.4,4466.48,4430.43,4447.7,10217.6766
2025-10-08 00:00:00+00:00,4447.7,4460.95,4445.61,4451.46,6350.0871
2025-10-08 00:15:00+00:00,4451.47,4466.58,4451.46,4456.44,5334.2439
2025-10-08 00:30:00+00:00,4456.44,4474.72,4434.31,4470.03,6212.0237
2025-10-08 00:45:00+00:00,4470.04,4481.02,4467.28,4471.6,4232.2463
2025-10-08 01:00:00+00:00,4471.6,4475.0,4460.6,4462.12,3938.5771
2025-10-08 01:15:00+00:00,4462.12,4487.25,4457.5,4480.04,3158.3136
2025-10-08 01:30:00+00:00,4480.05,4488.0,4475.9,4478.0,2555.3106
2025-10-08 01:45:00+00:00,4478.0,4489.36,4476.3,4483.02,1771.8206
2025-10-08 02:00:00+00:00,4483.03,4486.73,4476.26,4482.01,1965.7028
2025-10-08 02:15:00+00:00,4482.01,4498.22,4480.82,4497.43,3242.4142
2025-10-08 02:30:00+00:00,4497.44,4498.0,4478.05,4479.23,3385.4597
2025-10-08 02:45:00+00:00,4479.22,4487.36,4471.34,4480.83,3740.3653
2025-10-08 03:00:00+00:00,4480.83,4480.83,4457.74,4463.72,3824.2331
2025-10-08 03:15:00+00:00,4463.72,4466.76,4435.75,4441.73,6779.8253
2025-10-08 03:30:00+00:00,4441.74,4450.41,4433.68,4439.64,4361.3932
2025-10-08 03:45:00+00:00,4439.64,4450.64,4436.58,4443.6,2326.9413
2025-10-08 04:00:00+00:00,4443.59,4447.84,4410.08,4440.55,15452.5105
2025-10-08 04:15:00+00:00,4440.55,4452.84,4440.55,4446.74,3518.9637
2025-10-08 04:30:00+00:00,4446.74,4465.5,4446.74,4459.84,4242.836
2025-10-08 04:45:00+00:00,4459.84,4463.78,4455.0,4461.63,1678.8823
2025-10-08 05:00:00+00:00,4461.64,4461.97,4445.76,4448.2,3272.3534
2025-10-08 05:15:00+00:00,4448.19,4451.19,4424.04,4433.67,6569.1013
2025-10-08 05:30:00+00:00,4433.67,4440.5,4430.0,4430.0,2204.8595
2025-10-08 05:45:00+00:00,4430.0,4440.0,4421.05,4437.49,3612.5169
2025-10-08 06:00:00+00:00,4437.5,4448.94,4424.17,4447.36,4086.5582
2025-10-08 06:15:00+00:00,4447.35,4453.46,4439.26,4443.35,2560.2403
2025-10-08 06:30:00+00:00,4443.35,4453.9,4438.66,4449.64,3482.9319
2025-10-08 06:45:00+00:00,4449.65,4458.42,4447.11,4455.6,2220.9308
2025-10-08 07:00:00+00:00,4455.6,4463.08,4448.6,4451.15,2791.0977
2025-10-08 07:15:00+00:00,4451.15,4455.69,4446.05,4451.63,3337.466
2025-10-08 07:30:00+00:00,4451.63,4454.46,4442.74,4450.7,4266.5352
2025-10-08 07:45:00+00:00,4450.71,4464.7,4443.93,4463.48,5591.7375
2025-10-08 08:00:00+00:00,4463.48,4471.64,4458.92,4460.53,3539.3296
2025-10-08 08:15:00+00:00,4460.54,4476.95,4458.22,4472.37,4474.2253
2025-10-08 08:30:00+00:00,4472.37,4496.71,4470.33,4494.69,11264.3961
2025-10-08 08:45:00+00:00,4494.69,4496.83,4469.94,4475.51,7081.6847
2025-10-08 09:00:00+00:00,4475.5,4484.0,4474.86,4479.74,2532.5146
2025-10-08 09:15:00+00:00,4479.73,4479.73,4471.28,4476.97,1760.0861
2025-10-08 09:30:00+00:00,4476.97,4484.62,4473.92,4481.01,1950.0951
2025-10-08 09:45:00+00:00,4481.01,4484.4,4475.49,4484.39,1368.9557
2025-10-08 10:00:00+00:00,4484.39,4494.15,4480.38,4481.48,3215.6937
2025-10-08 10:15:00+00:00,4481.47,4493.25,4479.61,4488.01,1411.6901
2025-10-08 10:30:00+00:00,4488.0,4499.21,4485.45,4494.53,3519.0796
2025-10-08 10:45:00+00:00,4494.53,4504.68,4493.63,4500.08,7653.3907
2025-10-08 11:00:00+00:00,4500.09,4506.85,4492.82,4504.54,2829.2723
2025-10-08 11:15:00+00:00,4504.54,4504.54,4489.64,4493.3,2277.5304
2025-10-08 11:30:00+00:00,4493.29,4493.3,4483.0,4485.09,1977.2559
2025-10-08 11:45:00+00:00,4485.08,4491.66,4483.21,4487.3,1145.5769
2025-10-08 12:00:00+00:00,4487.3,4496.66,4480.0,4490.93,2120.001
2025-10-08 12:15:00+00:00,4490.93,4492.55,4473.25,4479.97,5670.1333
2025-10-08 12:30:00+00:00,4479.97,4484.33,4473.32,4481.98,1799.7023
2025-10-08 12:45:00+00:00,4481.99,4483.0,4469.05,4477.85,2093.0352
2025-10-08 13:00:00+00:00,4477.86,4486.11,4469.1,4484.2,2919.2917
2025-10-08 13:15:00+00:00,4484.2,4490.71,4476.44,4476.79,5298.5022
2025-10-08 13:30:00+00:00,4476.78,4481.59,4448.74,4456.21,9491.1977
2025-10-08 13:45:00+00:00,4456.21,4478.9,4439.75,4476.29,7532.2309
2025-10-08 14:00:00+00:00,4476.29,4522.6,4476.2,4494.5,15110.5112
2025-10-08 14:15:00+00:00,4494.5,4508.11,4482.21,4486.16,5876.1163
2025-10-08 14:30:00+00:00,4486.16,4496.69,4458.35,4466.07,8019.0359
2025-10-08 14:45:00+00:00,4466.06,4472.8,4438.87,4450.09,7393.7927
2025-10-08 15:00:00+00:00,4450.1,4469.34,4447.12,4458.32,3397.5891
2025-10-08 15:15:00+00:00,4458.32,4466.24,4437.08,4460.38,7844.7766
2025-10-08 15:30:00+00:00,4460.38,4460.87,4452.15,4455.56,2953.1421
2025-10-08 15:45:00+00:00,4455.56,4455.94,4440.27,4447.14,2785.2195
2025-10-08 16:00:00+00:00,4447.15,4457.59,4439.0,4457.59,4352.9208
2025-10-08 16:15:00+00:00,4457.58,4465.36,4455.0,4463.89,5090.043
2025-10-08 16:30:00+00:00,4463.89,4468.39,4455.21,4467.57,2561.8664
2025-10-08 16:45:00+00:00,4467.56,4499.0,4464.09,4496.35,8396.5968
2025-10-08 17:00:00+00:00,4496.35,4515.65,4490.0,4513.4,8042.9382
2025-10-08 17:15:00+00:00,4513.4,4547.0,4509.66,4539.36,15049.9011
2025-10-08 17:30:00+00:00,4539.36,4558.0,4527.75,4527.75,8996.6475
2025-10-08 17:45:00+00:00,4527.75,4545.55,4524.89,4538.46,4063.5838
2025-10-08 18:00:00+00:00,4538.47,4543.95,4525.76,4539.44,4306.3433
2025-10-08 18:15:00+00:00,4539.44,4540.43,4528.21,4529.84,2726.1075
2025-10-08 18:30:00+00:00,4529.84,4536.11,4513.22,4515.59,6677.6057
2025-10-08 18:45:00+00:00,4515.6,4535.22,4515.6,4523.48,3288.3405
2025-10-08 19:00:00+00:00,4523.48,4526.67,4500.02,4503.29,6309.1539
2025-10-08 19:15:00+00:00,4503.28,4520.08,4500.0,4516.73,9490.5828
2025-10-08 19:30:00+00:00,4516.73,4526.09,4511.1,4514.19,2895.1822
2025-10-08 19:45:00+00:00,4514.18,4519.2,4509.22,4515.27,2406.8261
2025-10-08 20:00:00+00:00,4515.28,4517.36,4505.04,4511.06,1710.5586
2025-10-08 20:15:00+00:00,4511.06,4527.06,4510.94,4520.98,2152.9415
2025-10-08 20:30:00+00:00,4520.98,4521.11,4513.54,4517.22,1192.4546
2025-10-08 20:45:00+00:00,4517.21,4517.31,4500.18,4503.66,2261.9724
2025-10-08 21:00:00+00:00,4503.65,4513.0,4502.16,4513.0,1125.4018
2025-10-08 21:15:00+00:00,4512.99,4526.18,4511.23,4522.89,1260.7055
2025-10-08 21:30:00+00:00,4522.89,4527.77,4521.03,4523.19,1002.3903
2025-10-08 21:45:00+00:00,4523.19,4525.6,4514.62,4525.59,1086.9073
2025-10-08 22:00:00+00:00,4525.6,4539.31,4522.55,4529.39,4731.7321
2025-10-08 22:15:00+00:00,4529.4,4533.54,4523.96,4525.37,970.5356
2025-10-08 22:30:00+00:00,4525.37,4530.01,4525.37,4528.3,738.2499
2025-10-08 22:45:00+00:00,4528.3,4528.74,4521.31,4521.32,680.2245
2025-10-08 23:00:00+00:00,4521.31,4521.81,4509.45,4513.77,1886.0746
2025-10-08 23:15:00+00:00,4513.77,4532.0,4513.22,4531.88,1212.154
2025-10-08 23:30:00+00:00,4531.88,4537.55,4529.06,4529.71,1835.1818
2025-10-08 23:45:00+00:00,4529.72,4530.0,4523.53,4525.72,1028.6711
2025-10-09 00:00:00+00:00,4525.72,4527.71,4514.28,4516.67,1664.0317
2025-10-09 00:15:00+00:00,4516.68,4531.52,4516.67,4519.17,2022.4797
2025-10-09 00:30:00+00:00,4519.18,4522.71,4510.02,4515.72,1500.9467
2025-10-09 00:45:00+00:00,4515.72,4521.48,4507.92,4511.29,1798.3448
2025-10-09 01:00:00+00:00,4511.28,4514.01,4500.0,4500.0,8309.9728
2025-10-09 01:15:00+00:00,4500.0,4501.95,4475.02,4481.52,15440.6964
2025-10-09 01:30:00+00:00,4481.52,4481.52,4463.01,4464.1,6526.9996
2025-10-09 01:45:00+00:00,4464.1,4479.67,4464.1,4478.99,6229.7241
2025-10-09 02:00:00+00:00,4478.99,4481.5,4451.83,4463.02,7145.2897
2025-10-09 02:15:00+00:00,4463.01,4464.68,4441.5,4447.45,5894.5527
2025-10-09 02:30:00+00:00,4447.45,4453.14,4415.61,4421.84,9400.9262
2025-10-09 02:45:00+00:00,4421.84,4432.23,4398.17,4412.82,15181.9777
2025-10-09 03:00:00+00:00,4412.82,4434.79,4412.05,4431.71,4974.7228
2025-10-09 03:15:00+00:00,4431.71,4444.6,4431.71,4440.85,3159.4556
2025-10-09 03:30:00+00:00,4440.85,4448.9,4436.96,4440.95,3138.8317
2025-10-09 03:45:00+00:00,4440.94,4453.32,4440.94,4450.8,2791.2328
2025-10-09 04:00:00+00:00,4450.8,4453.02,4438.49,4438.68,2614.2146
2025-10-09 04:15:00+00:00,4438.68,4458.5,4438.68,4457.27,4468.9058
2025-10-09 04:30:00+00:00,4457.28,4457.74,4444.37,4446.14,3069.0569
2025-10-09 04:45:00+00:00,4446.14,4455.94,4446.14,4455.04,2522.8439
2025-10-09 05:00:00+00:00,4455.05,4460.0,4442.4,4442.4,3746.7187
2025-10-09 05:15:00+00:00,4442.4,4447.0,4437.73,4447.0,2294.5111
2025-10-09 05:30:00+00:00,4447.0,4454.66,4441.61,4447.18,1788.9167
2025-10-09 05:45:00+00:00,4447.17,4455.0,4443.55,4454.69,1411.1926
2025-10-09 06:00:00+00:00,4454.69,4454.69,4431.57,4438.2,7460.9442
2025-10-09 06:15:00+00:00,4438.19,4442.58,4423.86,4434.36,4605.911
2025-10-09 06:30:00+00:00,4434.36,4444.18,4430.04,4440.66,1697.9377
2025-10-09 06:45:00+00:00,4440.66,4443.78,4424.79,4429.55,3280.8167
2025-10-09 07:00:00+00:00,4429.56,4433.68,4425.0,4427.67,1657.5996
2025-10-09 07:15:00+00:00,4427.67,4434.8,4419.0,4424.4,2553.0824
2025-10-09 07:30:00+00:00,4424.39,4425.0,4411.0,4417.02,5958.2747
2025-10-09 07:45:00+00:00,4417.03,4437.5,4416.06,4426.6,4161.3968
2025-10-09 08:00:00+00:00,4426.6,4426.69,4403.43,4403.85,4229.4981
2025-10-09 08:15:00+00:00,4403.85,4405.51,4336.37,4340.43,31502.64
2025-10-09 08:30:00+00:00,4340.43,4360.1,4329.0,4339.36,19048.4319
2025-10-09 08:45:00+00:00,4339.36,4351.9,4320.0,4328.0,9063.867
2025-10-09 09:00:00+00:00,4328.01,4349.62,4325.9,4346.6,5418.2337
2025-10-09 09:15:00+00:00,4346.59,4356.66,4334.82,4351.02,7303.5769
2025-10-09 09:30:00+00:00,4351.01,4353.57,4337.85,4338.0,9591.894
2025-10-09 09:45:00+00:00,4337.99,4345.0,4331.12,4334.82,7851.0085
2025-10-09 10:00:00+00:00,4334.82,4346.08,4329.87,4344.26,8673.0883
2025-10-09 10:15:00+00:00,4344.27,4348.68,4324.28,4329.65,6440.0729
2025-10-09 10:30:00+00:00,4329.65,4357.52,4329.65,4350.07,5758.0632
2025-10-09 10:45:00+00:00,4350.07,4358.48,4345.41,4354.7,4295.7067
2025-10-09 11:00:00+00:00,4354.69,4363.0,4354.13,4359.53,5146.8241
2025-10-09 11:15:00+00:00,4359.52,4376.14,4358.79,4374.63,3759.4318
2025-10-09 11:30:00+00:00,4374.64,4387.15,4366.83,4384.4,4452.1916
2025-10-09 11:45:00+00:00,4384.39,4384.78,4371.98,4373.05,2951.2553
2025-10-09 12:00:00+00:00,4373.06,4391.99,4369.63,4382.34,5500.4838
2025-10-09 12:15:00+00:00,4382.33,4390.46,4377.62,4383.97,2641.7416
2025-10-09 12:30:00+00:00,4383.96,4413.76,4378.0,4405.02,9682.0504
2025-10-09 12:45:00+00:00,4405.02,4409.6,4395.57,4404.37,4632.495
2025-10-09 13:00:00+00:00,4404.37,4407.39,4386.08,4389.5,5031.6133
2025-10-09 13:15:00+00:00,4389.49,4402.0,4387.37,4398.77,2162.9195
2025-10-09 13:30:00+00:00,4398.77,4398.77,4362.06,4367.95,11099.1959
2025-10-09 13:45:00+00:00,4367.94,4387.36,4347.14,4350.81,7811.5428
2025-10-09 14:00:00+00:00,4350.81,4373.24,4335.99,4370.97,12261.2993
2025-10-09 14:15:00+00:00,4370.97,4374.83,4338.89,4341.51,5593.8411
2025-10-09 14:30:00+00:00,4341.5,4341.5,4305.73,4318.49,14538.6363
2025-10-09 14:45:00+00:00,4318.5,4347.69,4316.0,4344.88,7168.0436
2025-10-09 15:00:00+00:00,4344.89,4363.5,4344.89,4348.39,5356.6433
2025-10-09 15:15:00+00:00,4348.39,4355.0,4313.62,4315.98,6801.905
2025-10-09 15:30:00+00:00,4316.07,4320.03,4291.82,4294.67,13835.101
2025-10-09 15:45:00+00:00,4294.67,4325.0,4294.16,4314.79,5642.0629
2025-10-09 16:00:00+00:00,4314.78,4325.43,4312.14,4317.92,3439.7514
2025-10-09 16:15:00+00:00,4317.91,4327.9,4292.87,4308.14,7998.3509
2025-10-09 16:30:00+00:00,4308.15,4309.03,4286.56,4303.61,8187.4827
2025-10-09 16:45:00+00:00,4303.62,4306.08,4265.06,4277.34,12403.3285
2025-10-09 17:00:00+00:00,4277.34,4309.87,4269.11,4304.86,8258.2882
2025-10-09 17:15:00+00:00,4304.87,4317.09,4298.75,4301.68,4288.9378
2025-10-09 17:30:00+00:00,4301.68,4322.29,4301.31,4316.67,4119.8884
2025-10-09 17:45:00+00:00,4316.68,4335.9,4314.14,4334.4,4417.146
2025-10-09 18:00:00+00:00,4334.4,4338.03,4320.04,4329.71,3694.495
2025-10-09 18:15:00+00:00,4329.71,4340.62,4324.32,4325.59,4004.4116
2025-10-09 18:30:00+00:00,4325.6,4327.43,4307.6,4311.26,3521.8364
2025-10-09 18:45:00+00:00,4311.25,4314.33,4301.05,4308.24,3213.0715
2025-10-09 19:00:00+00:00,4308.23,4323.2,4307.21,4320.83,2518.4391
2025-10-09 19:15:00+00:00,4320.84,4335.6,4315.0,4334.67,2105.4253
2025-10-09 19:30:00+00:00,4334.68,4337.47,4328.23,4329.31,2375.5395
2025-10-09 19:45:00+00:00,4329.32,4344.33,4323.7,4338.0,2854.315
2025-10-09 20:00:00+00:00,4338.03,4347.48,4331.3,4331.45,1901.5895
2025-10-09 20:15:00+00:00,4331.45,4333.4,4327.89,4329.14,1010.3753
2025-10-09 20:30:00+00:00,4329.14,4341.99,4329.13,4341.44,2317.9769
2025-10-09 20:45:00+00:00,4341.44,4345.33,4333.55,4337.46,2963.9145
2025-10-09 21:00:00+00:00,4337.45,4357.6,4335.91,4355.52,3700.3141
2025-10-09 21:15:00+00:00,4355.52,4358.81,4345.62,4345.96,2194.1584
2025-10-09 21:30:00+00:00,4345.96,4356.1,4340.75,4351.73,2820.9141
2025-10-09 21:45:00+00:00,4351.74,4359.54,4349.17,4357.85,2833.1256
2025-10-09 22:00:00+00:00,4357.85,4365.49,4352.82,4363.18,2074.9682
2025-10-09 22:15:00+00:00,4363.17,4373.75,4361.29,4373.74,2095.2372
2025-10-09 22:30:00+00:00,4373.74,4380.86,4367.81,4379.22,2706.0536
2025-10-09 22:45:00+00:00,4379.23,4383.0,4374.33,4377.83,1506.6715
2025-10-09 23:00:00+00:00,4377.83,4379.24,4363.98,4367.65,2809.0312
2025-10-09 23:15:00+00:00,4367.65,4369.69,4357.69,4366.32,1829.665
2025-10-09 23:30:00+00:00,4366.31,4368.33,4361.33,4367.4,921.071
2025-10-09 23:45:00+00:00,4367.41,4369.12,4364.47,4368.09,1174.5423
2025-10-10 00:00:00+00:00,4368.09,4371.96,4362.99,4366.65,1745.0439
2025-10-10 00:15:00+00:00,4366.66,4384.71,4366.65,4383.29,4445.9638
2025-10-10 00:30:00+00:00,4383.28,4384.2,4376.09,4377.68,1198.9051
2025-10-10 00:45:00+00:00,4377.68,4381.49,4372.83,4380.7,1574.0767
2025-10-10 01:00:00+00:00,4380.7,4389.44,4377.27,4387.05,2486.8184
2025-10-10 01:15:00+00:00,4387.05,4393.63,4384.68,4392.31,2489.7209
2025-10-10 01:30:00+00:00,4392.31,4392.74,4371.18,4373.7,2307.9479
2025-10-10 01:45:00+00:00,4373.69,4382.02,4371.01,4373.38,2112.2483
2025-10-10 02:00:00+00:00,4373.38,4374.25,4359.48,4366.36,2617.3951
2025-10-10 02:15:00+00:00,4366.36,4380.24,4366.14,4376.5,2006.7885
2025-10-10 02:30:00+00:00,4376.5,4379.72,4364.0,4368.28,1815.3807
2025-10-10 02:45:00+00:00,4368.28,4368.5,4351.0,4359.19,6737.8561
2025-10-10 03:00:00+00:00,4359.18,4361.57,4347.31,4354.67,3002.5473
2025-10-10 03:15:00+00:00,4354.68,4377.68,4350.43,4376.96,2651.9897
2025-10-10 03:30:00+00:00,4376.97,4392.63,4376.97,4385.93,4446.985
2025-10-10 03:45:00+00:00,4385.94,4389.94,4342.98,4347.13,8615.8448
2025-10-10 04:00:00+00:00,4347.12,4361.93,4344.81,4357.03,6921.9252
2025-10-10 04:15:00+00:00,4357.04,4357.85,4346.15,4348.46,4105.4653
2025-10-10 04:30:00+00:00,4348.46,4355.08,4333.0,4342.13,3625.2423
2025-10-10 04:45:00+00:00,4342.13,4346.15,4338.85,4344.49,1396.3245
2025-10-10 05:00:00+00:00,4344.49,4344.92,4327.37,4334.38,2728.0187
2025-10-10 05:15:00+00:00,4334.39,4363.68,4333.89,4355.2,3305.9676
2025-10-10 05:30:00+00:00,4355.2,4358.51,4345.0,4358.07,2031.7838
2025-10-10 05:45:00+00:00,4358.08,4370.08,4357.64,4368.34,2024.5661
2025-10-10 06:00:00+00:00,4368.35,4377.14,4364.16,4367.8,2491.1057
2025-10-10 06:15:00+00:00,4367.8,4372.2,4350.92,4351.61,2233.4643
2025-10-10 06:30:00+00:00,4351.62,4357.3,4337.86,4348.67,3804.791
2025-10-10 06:45:00+00:00,4348.67,4354.45,4320.8,4328.0,5468.9967
2025-10-10 07:00:00+00:00,4328.01,4330.13,4315.23,4327.14,2937.8855
2025-10-10 07:15:00+00:00,4327.15,4332.87,4318.37,4328.0,2943.8718
2025-10-10 07:30:00+00:00,4328.0,4334.67,4321.88,4332.83,3878.0213
2025-10-10 07:45:00+00:00,4332.83,4332.84,4318.76,4323.39,4680.2587
2025-10-10 08:00:00+00:00,4323.4,4332.88,4313.39,4324.89,4034.0062
2025-10-10 08:15:00+00:00,4324.89,4336.48,4324.16,4335.01,1757.7786
2025-10-10 08:30:00+00:00,4335.0,4338.85,4326.16,4331.62,1752.6837
2025-10-10 08:45:00+00:00,4331.62,4349.7,4331.62,4346.12,2680.9387
2025-10-10 09:00:00+00:00,4346.12,4346.12,4334.7,4339.39,2113.4983
2025-10-10 09:15:00+00:00,4339.38,4350.57,4331.85,4348.62,1862.4268
2025-10-10 09:30:00+00:00,4348.62,4351.27,4340.9,4342.22,2479.9889
2025-10-10 09:45:00+00:00,4342.22,4345.07,4318.89,4322.12,5493.3778
2025-10-10 10:00:00+00:00,4322.12,4330.25,4320.96,4325.0,1462.4646
2025-10-10 10:15:00+00:00,4325.0,4334.71,4323.94,4325.21,4146.6849
2025-10-10 10:30:00+00:00,4325.2,4332.47,4322.78,4332.46,1281.3955
2025-10-10 10:45:00+00:00,4332.47,4345.66,4329.97,4342.89,2168.2708
2025-10-10 11:00:00+00:00,4342.89,4347.74,4336.1,4336.11,1847.1672
2025-10-10 11:15:00+00:00,4336.1,4339.08,4328.8,4334.99,1210.2477
2025-10-10 11:30:00+00:00,4334.99,4340.44,4334.71,4338.32,1223.1134
2025-10-10 11:45:00+00:00,4338.32,4347.12,4337.74,4343.02,1606.2885
2025-10-10 12:00:00+00:00,4343.02,4352.68,4336.21,4338.03,6347.5118
2025-10-10 12:15:00+00:00,4338.03,4347.4,4334.53,4344.43,1310.4637
2025-10-10 12:30:00+00:00,4344.43,4348.78,4339.02,4339.03,3639.3831
2025-10-10 12:45:00+00:00,4339.03,4348.54,4338.2,4348.54,1121.2923
2025-10-10 13:00:00+00:00,4348.54,4361.5,4348.54,4354.49,6256.4697
2025-10-10 13:15:00+00:00,4354.5,4368.46,4349.18,4365.24,4701.3266
2025-10-10 13:30:00+00:00,4365.24,4390.46,4359.57,4376.24,8323.9597
2025-10-10 13:45:00+00:00,4376.25,4378.37,4344.85,4356.1,7900.988
2025-10-10 14:00:00+00:00,4356.11,4375.7,4345.62,4351.24,7078.6833
2025-10-10 14:15:00+00:00,4351.23,4355.4,4320.99,4326.52,14195.5323
2025-10-10 14:30:00+00:00,4326.53,4341.0,4324.11,4330.5,3969.9625
2025-10-10 14:45:00+00:00,4330.5,4332.42,4279.12,4280.35,15971.0738
2025-10-10 15:00:00+00:00,4280.35,4284.28,4245.03,4258.47,30342.3129
2025-10-10 15:15:00+00:00,4258.46,4268.21,4161.24,4162.01,56654.3977
2025-10-10 15:30:00+00:00,4162.0,4162.0,4073.55,4139.19,91462.9892
2025-10-10 15:45:00+00:00,4139.2,4142.48,4093.11,4103.11,27548.265
2025-10-10 16:00:00+00:00,4103.1,4130.08,4086.4,4112.49,27876.5859
2025-10-10 16:15:00+00:00,4112.49,4129.7,4097.79,4117.3,19866.7057
2025-10-10 16:30:00+00:00,4117.3,4138.52,4110.82,4113.12,15197.7007
2025-10-10 16:45:00+00:00,4113.11,4119.03,4100.21,4108.99,13445.0732
2025-10-10 17:00:00+00:00,4108.99,4112.64,4090.0,4093.02,10327.9464
2025-10-10 17:15:00+00:00,4093.03,4110.66,4088.38,4105.33,8071.9722
2025-10-10 17:30:00+00:00,4105.32,4107.62,4091.31,4095.9,4708.9904
2025-10-10 17:45:00+00:00,4095.87,4104.63,4077.57,4093.97,7199.525
2025-10-10 18:00:00+00:00,4093.97,4100.26,4075.0,4084.71,8940.5741
2025-10-10 18:15:00+00:00,4084.71,4100.0,4078.28,4088.19,4881.6827
2025-10-10 18:30:00+00:00,4088.19,4094.0,4061.22,4074.34,7170.1792
2025-10-10 18:45:00+00:00,4074.33,4084.23,4053.1,4053.84,9235.6578
2025-10-10 19:00:00+00:00,4053.83,4064.24,4023.23,4031.17,17049.0252
2025-10-10 19:15:00+00:00,4031.16,4032.42,3951.65,3951.65,30368.447
2025-10-10 19:30:00+00:00,3951.86,4028.55,3950.69,4026.51,27389.5997
2025-10-10 19:45:00+00:00,4026.51,4039.85,3992.49,3997.56,15028.0913
2025-10-10 20:00:00+00:00,3997.56,4020.39,3995.9,4003.63,8354.0133
2025-10-10 20:15:00+00:00,4003.62,4024.82,3997.19,4024.4,5489.2051
2025-10-10 20:30:00+00:00,4024.4,4024.99,4008.0,4017.18,3745.7202
2025-10-10 20:45:00+00:00,4017.17,4020.14,3850.0,3871.3,56315.0656
2025-10-10 21:00:00+00:00,3871.31,3914.9,3640.0,3731.82,86236.2069
2025-10-10 21:15:00+00:00,3731.16,3789.49,3435.0,3590.0,140999.3834
2025-10-10 21:30:00+00:00,3603.17,3875.51,3562.44,3813.49,59592.5091
2025-10-10 21:45:00+00:00,3813.48,4380.0,3789.7,3949.99,114477.8824
2025-10-10 22:00:00+00:00,3950.0,4200.0,3835.54,3895.51,85795.1026
2025-10-10 22:15:00+00:00,3895.73,3913.63,3833.54,3867.31,64953.8785
2025-10-10 22:30:00+00:00,3867.31,3887.52,3850.0,3867.75,37658.1652
2025-10-10 22:45:00+00:00,3867.74,3898.57,3836.0,3855.09,48175.2836
2025-10-10 23:00:00+00:00,3855.08,3875.0,3791.81,3825.52,34844.1547
2025-10-10 23:15:00+00:00,3825.52,3882.91,3817.0,3865.51,32943.4459
2025-10-10 23:30:00+00:00,3865.51,3917.91,3861.12,3901.14,26774.0161
2025-10-10 23:45:00+00:00,3901.14,3901.14,3806.26,3829.72,32081.0914
2025-10-11 00:00:00+00:00,3829.72,3878.3,3822.5,3871.39,20365.3232
2025-10-11 00:15:00+00:00,3871.38,3874.31,3806.35,3847.31,23949.7007
2025-10-11 00:30:00+00:00,3847.3,3848.68,3821.15,3842.4,12677.1445
2025-10-11 00:45:00+00:00,3842.39,3870.41,3835.8,3838.48,11760.8385
2025-10-11 01:00:00+00:00,3838.47,3840.23,3801.5,3808.47,12024.4219
2025-10-11 01:15:00+00:00,3808.47,3810.39,3756.7,3764.99,21754.6652
2025-10-11 01:30:00+00:00,3765.0,3794.67,3745.93,3749.5,16873.9963
2025-10-11 01:45:00+00:00,3749.49,3774.05,3726.16,3733.35,21177.0028
2025-10-11 02:00:00+00:00,3733.34,3779.33,3730.1,3775.33,15330.7122
2025-10-11 02:15:00+00:00,3775.33,3816.48,3774.02,3806.93,15859.1507
2025-10-11 02:30:00+00:00,3806.98,3862.07,3804.69,3857.73,19375.5595
2025-10-11 02:45:00+00:00,3857.73,3857.73,3832.29,3841.17,14103.5558
2025-10-11 03:00:00+00:00,3841.16,3847.99,3778.46,3790.79,14732.9308
2025-10-11 03:15:00+00:00,3790.8,3791.01,3769.4,3778.34,10350.7253
2025-10-11 03:30:00+00:00,3778.34,3788.81,3756.61,3777.21,12814.0409
2025-10-11 03:45:00+00:00,3777.21,3796.06,3771.12,3792.26,8097.4666
2025-10-11 04:00:00+00:00,3792.27,3810.52,3784.42,3798.65,13073.7129
2025-10-11 04:15:00+00:00,3798.64,3819.29,3793.4,3810.67,9948.9235
2025-10-11 04:30:00+00:00,3810.67,3812.52,3781.0,3796.17,8210.8657
2025-10-11 04:45:00+00:00,3796.17,3820.54,3781.43,3820.54,7029.7798
2025-10-11 05:00:00+00:00,3820.54,3831.98,3805.41,3812.24,6507.9031
2025-10-11 05:15:00+00:00,3812.24,3812.87,3762.36,3769.99,11547.9501
2025-10-11 05:30:00+00:00,3769.99,3788.0,3768.71,3775.98,6564.5923
2025-10-11 05:45:00+00:00,3775.98,3802.89,3774.07,3789.47,5698.2807
2025-10-11 06:00:00+00:00,3789.47,3809.91,3780.98,3800.83,6999.0325
2025-10-11 06:15:00+00:00,3800.82,3812.45,3792.26,3803.52,6465.3782
2025-10-11 06:30:00+00:00,3803.51,3807.36,3782.0,3788.64,5627.7789
2025-10-11 06:45:00+00:00,3788.63,3794.58,3773.42,3781.78,7204.1044
2025-10-11 07:00:00+00:00,3781.79,3784.45,3755.0,3772.52,13726.1516
2025-10-11 07:15:00+00:00,3772.52,3785.0,3751.08,3762.7,11227.2465
2025-10-11 07:30:00+00:00,3762.71,3771.47,3746.44,3757.43,13120.0252
2025-10-11 07:45:00+00:00,3757.44,3765.0,3733.7,3758.81,11471.9646
2025-10-11 08:00:00+00:00,3758.82,3770.91,3749.13,3770.91,9777.5849
2025-10-11 08:15:00+00:00,3770.91,3816.09,3770.52,3800.85,15904.488
2025-10-11 08:30:00+00:00,3800.85,3819.9,3786.95,3807.31,11156.9201
2025-10-11 08:45:00+00:00,3807.3,3821.52,3806.27,3815.36,8794.5436
2025-10-11 09:00:00+00:00,3815.34,3846.88,3813.15,3832.59,13844.7607
2025-10-11 09:15:00+00:00,3832.58,3838.38,3822.54,3827.7,6963.0598
2025-10-11 09:30:00+00:00,3827.71,3842.18,3817.56,3834.78,9027.4541
2025-10-11 09:45:00+00:00,3834.79,3835.98,3821.61,3829.37,5768.5889
2025-10-11 10:00:00+00:00,3829.36,3834.61,3818.32,3833.73,5341.3956
2025-10-11 10:15:00+00:00,3833.73,3854.55,3825.0,3854.3,7077.735
2025-10-11 10:30:00+00:00,3854.3,3857.24,3828.75,3837.02,8824.5509
2025-10-11 10:45:00+00:00,3837.01,3838.31,3826.38,3833.89,3658.7913
2025-10-11 11:00:00+00:00,3833.9,3833.9,3808.11,3812.81,7326.4575
2025-10-11 11:15:00+00:00,3812.8,3828.36,3788.5,3823.66,8829.7059
2025-10-11 11:30:00+00:00,3823.66,3834.8,3815.0,3829.44,5417.0366
2025-10-11 11:45:00+00:00,3829.44,3842.73,3826.96,3839.99,6162.1402
2025-10-11 12:00:00+00:00,3839.99,3839.99,3822.02,3829.54,5074.9236
2025-10-11 12:15:00+00:00,3829.55,3845.0,3826.0,3845.0,4216.8777
2025-10-11 12:30:00+00:00,3845.0,3845.0,3818.45,3824.66,6049.7814
2025-10-11 12:45:00+00:00,3824.69,3825.81,3806.0,3823.52,5991.3932
2025-10-11 13:00:00+00:00,3823.53,3829.3,3810.0,3827.25,4862.8958
2025-10-11 13:15:00+00:00,3827.25,3829.49,3814.77,3820.49,4548.7994
2025-10-11 13:30:00+00:00,3820.49,3821.51,3786.07,3804.83,10089.9049
2025-10-11 13:45:00+00:00,3804.83,3838.37,3803.27,3832.39,6021.4409
2025-10-11 14:00:00+00:00,3832.38,3837.7,3816.17,3821.41,4198.3049
2025-10-11 14:15:00+00:00,3821.41,3823.52,3798.12,3804.46,5435.1926
2025-10-11 14:30:00+00:00,3804.47,3812.73,3799.85,3808.48,2810.9955
2025-10-11 14:45:00+00:00,3808.49,3816.1,3801.28,3814.2,2574.8082
2025-10-11 15:00:00+00:00,3814.21,3855.06,3814.2,3842.94,7585.2916
2025-10-11 15:15:00+00:00,3842.93,3851.65,3835.39,3839.11,6424.4637
2025-10-11 15:30:00+00:00,3839.1,3839.47,3817.61,3818.33,3798.2228
2025-10-11 15:45:00+00:00,3818.33,3833.32,3816.65,3825.13,3126.3496
2025-10-11 16:00:00+00:00,3825.14,3845.65,3817.0,3841.8,4327.9071
2025-10-11 16:15:00+00:00,3841.77,3848.0,3828.35,3831.46,4862.5821
2025-10-11 16:30:00+00:00,3831.46,3832.0,3809.79,3812.82,4577.3789
2025-10-11 16:45:00+00:00,3812.81,3827.19,3809.52,3820.07,2256.9501
2025-10-11 17:00:00+00:00,3820.06,3834.55,3813.4,3830.99,3053.5797
2025-10-11 17:15:00+00:00,3830.99,3841.36,3824.45,3835.21,3977.7817
2025-10-11 17:30:00+00:00,3835.21,3835.8,3813.51,3819.9,3254.1323
2025-10-11 17:45:00+00:00,3819.9,3827.34,3813.56,3825.14,2586.6717
2025-10-11 18:00:00+00:00,3825.14,3825.14,3813.76,3817.03,1950.0335
2025-10-11 18:15:00+00:00,3817.02,3823.82,3814.12,3816.03,1573.0103
2025-10-11 18:30:00+00:00,3816.03,3825.92,3811.11,3822.75,1825.0402
2025-10-11 18:45:00+00:00,3822.75,3823.17,3814.51,3815.48,993.9093
2025-10-11 19:00:00+00:00,3815.48,3816.15,3771.0,3785.0,9300.129
2025-10-11 19:15:00+00:00,3785.01,3785.28,3745.71,3768.79,11013.2686
2025-10-11 19:30:00+00:00,3768.8,3770.2,3739.14,3753.08,8399.9536
2025-10-11 19:45:00+00:00,3753.07,3762.93,3731.03,3760.61,9621.256
2025-10-11 20:00:00+00:00,3760.61,3766.66,3740.97,3747.59,5530.0821
2025-10-11 20:15:00+00:00,3747.6,3753.5,3707.0,3720.36,11603.9876
2025-10-11 20:30:00+00:00,3720.36,3720.59,3683.77,3692.49,16695.1284
2025-10-11 20:45:00+00:00,3692.46,3722.7,3660.57,3695.15,13895.357
2025-10-11 21:00:00+00:00,3695.16,3696.31,3643.33,3671.57,14970.6242
2025-10-11 21:15:00+00:00,3671.58,3743.65,3665.56,3723.63,12558.5654
2025-10-11 21:30:00+00:00,3723.63,3740.14,3710.5,3722.26,4806.522
2025-10-11 21:45:00+00:00,3722.26,3737.92,3721.74,3735.75,2147.5353
2025-10-11 22:00:00+00:00,3735.75,3747.52,3726.1,3738.41,4170.286
2025-10-11 22:15:00+00:00,3738.41,3745.64,3725.57,3740.86,2517.8871
2025-10-11 22:30:00+00:00,3740.86,3763.14,3738.5,3745.08,3728.5953
2025-10-11 22:45:00+00:00,3745.08,3755.97,3742.24,3742.94,2167.25
2025-10-11 23:00:00+00:00,3742.95,3749.42,3732.52,3739.82,3794.4271
2025-10-11 23:15:00+00:00,3739.82,3749.19,3734.08,3747.24,1849.4846
2025-10-11 23:30:00+00:00,3747.23,3750.98,3740.22,3749.3,1834.745
2025-10-11 23:45:00+00:00,3749.31,3752.44,3742.46,3746.79,1685.8132
2025-10-12 00:00:00+00:00,3746.8,3748.26,3729.06,3732.99,3934.4104
2025-10-12 00:15:00+00:00,3732.99,3743.43,3715.41,3719.12,5678.8326
2025-10-12 00:30:00+00:00,3719.12,3763.97,3718.91,3725.81,9886.463
2025-10-12 00:45:00+00:00,3725.81,3731.0,3694.74,3701.01,8956.0761
2025-10-12 01:00:00+00:00,3701.01,3729.98,3695.29,3729.08,7274.0786
2025-10-12 01:15:00+00:00,3729.08,3740.0,3708.98,3721.0,6422.1957
2025-10-12 01:30:00+00:00,3720.99,3734.73,3710.96,3726.33,8173.6272
2025-10-12 01:45:00+00:00,3726.32,3737.46,3713.18,3719.24,4875.1246
2025-10-12 02:00:00+00:00,3719.25,3723.62,3708.63,3713.81,6217.517
2025-10-12 02:15:00+00:00,3713.78,3740.91,3713.19,3735.82,5346.1959
2025-10-12 02:30:00+00:00,3735.82,3749.5,3717.44,3724.95,4121.4614
2025-10-12 02:45:00+00:00,3724.95,3735.33,3707.02,3734.06,4802.6655
2025-10-12 03:15:00+00:00,3759.11,3791.51,3754.31,3782.04,13221.5868
2025-10-12 03:30:00+00:00,3782.05,3819.22,3778.27,3794.88,12770.0925
2025-10-12 03:45:00+00:00,3794.89,3795.3,3778.83,3781.61,5533.7274
2025-10-12 04:00:00+00:00,3781.62,3812.84,3776.27,3808.69,12832.4843
2025-10-12 04:15:00+00:00,3808.69,3822.61,3805.83,3812.51,4716.6619
2025-10-12 04:30:00+00:00,3812.52,3820.64,3797.0,3800.99,5501.5248
2025-10-12 04:45:00+00:00,3801.0,3812.71,3795.63,3801.9,3398.3243
2025-10-12 05:00:00+00:00,3801.9,3808.9,3796.63,3807.79,2531.6105
2025-10-12 05:15:00+00:00,3807.79,3813.36,3802.0,3812.09,2016.6003
2025-10-12 05:30:00+00:00,3812.08,3817.29,3809.65,3812.44,2797.4407
2025-10-12 05:45:00+00:00,3812.44,3817.42,3805.93,3806.33,2709.1828
2025-10-12 06:00:00+00:00,3806.34,3825.82,3804.14,3820.42,3697.1791
2025-10-12 06:15:00+00:00,3820.43,3839.19,3814.46,3831.09,5992.5133
2025-10-12 06:30:00+00:00,3831.09,3835.0,3822.61,3834.86,3700.8469
2025-10-12 06:45:00+00:00,3834.85,3837.5,3829.12,3832.84,2768.3429
2025-10-12 07:00:00+00:00,3832.84,3844.5,3831.45,3832.35,4949.0549
2025-10-12 07:15:00+00:00,3832.36,3839.42,3820.02,3820.77,4776.9927
2025-10-12 07:30:00+00:00,3820.77,3826.53,3816.8,3824.03,3651.8788
2025-10-12 07:45:00+00:00,3824.03,3833.56,3822.06,3827.99,3478.2432
2025-10-12 08:00:00+00:00,3827.98,3838.1,3825.0,3833.89,4409.5603
2025-10-12 08:15:00+00:00,3833.9,3845.64,3833.61,3840.66,3170.0536
2025-10-12 08:30:00+00:00,3840.66,3841.16,3832.0,3832.7,3076.8323
2025-10-12 08:45:00+00:00,3832.7,3833.25,3821.7,3823.17,3315.5821
2025-10-12 09:00:00+00:00,3823.17,3823.74,3806.34,3813.06,6267.2131
2025-10-12 09:15:00+00:00,3813.07,3828.65,3813.07,3820.16,4154.3734
2025-10-12 09:30:00+00:00,3820.16,3832.15,3816.42,3831.8,2851.2913
2025-10-12 09:45:00+00:00,3831.8,3848.81,3826.62,3843.8,6192.9451
2025-10-12 10:00:00+00:00,3843.8,3866.6,3830.22,3831.08,12310.8967
2025-10-12 10:15:00+00:00,3831.07,3833.27,3813.99,3821.25,11430.7716
2025-10-12 10:30:00+00:00,3821.25,3829.13,3817.48,3824.57,2526.7599
2025-10-12 10:45:00+00:00,3824.56,3828.6,3819.06,3820.0,1798.871
2025-10-12 11:00:00+00:00,3819.99,3833.62,3814.62,3829.65,3968.6192
2025-10-12 11:15:00+00:00,3829.64,3830.32,3814.99,3821.02,3496.8632
2025-10-12 11:30:00+00:00,3821.02,3830.23,3815.44,3820.01,3552.2816
2025-10-12 11:45:00+00:00,3820.0,3822.58,3815.8,3820.36,1991.1827
2025-10-12 12:00:00+00:00,3820.36,3839.94,3818.72,3838.6,5622.5449
2025-10-12 12:15:00+00:00,3838.59,3849.76,3832.59,3842.93,5559.5268
2025-10-12 12:30:00+00:00,3842.94,3846.93,3828.55,3833.37,4738.2785
2025-10-12 12:45:00+00:00,3833.37,3837.76,3822.71,3832.1,4092.8624
2025-10-12 13:00:00+00:00,3832.1,3833.29,3821.22,3831.44,3831.1597
2025-10-12 13:15:00+00:00,3831.43,3835.01,3801.07,3815.18,7281.3689
2025-10-12 13:30:00+00:00,3815.18,3828.2,3793.56,3819.66,10759.6323
2025-10-12 13:45:00+00:00,3819.66,3821.66,3800.38,3810.13,5658.7383
2025-10-12 14:00:00+00:00,3810.14,3826.94,3808.63,3824.08,3367.0437
2025-10-12 14:15:00+00:00,3824.07,3834.58,3818.0,3832.16,4208.2924
2025-10-12 14:30:00+00:00,3832.15,3843.69,3818.24,3837.01,7284.4611
2025-10-12 14:45:00+00:00,3837.01,4027.29,3837.01,3975.19,80330.456
2025-10-12 15:00:00+00:00,3975.19,4041.45,3965.77,4032.7,37761.567
2025-10-12 15:15:00+00:00,4032.71,4080.0,4024.17,4052.2,36380.4826
2025-10-12 15:30:00+00:00,4052.21,4052.21,3983.64,4009.25,27633.6436
2025-10-12 15:45:00+00:00,4009.25,4043.91,4009.25,4034.59,12326.9019
2025-10-12 16:00:00+00:00,4034.59,4105.66,4034.58,4083.35,27342.0898
2025-10-12 16:15:00+00:00,4083.35,4086.39,4064.88,4073.85,11023.9722
2025-10-12 16:30:00+00:00,4073.86,4126.76,4055.0,4120.91,16355.6383
2025-10-12 16:45:00+00:00,4120.92,4170.0,4085.16,4106.27,30596.6646
2025-10-12 17:00:00+00:00,4106.28,4150.01,4098.5,4141.12,14177.2787
2025-10-12 17:15:00+00:00,4141.11,4158.1,4129.53,4137.29,10875.2343
2025-10-12 17:30:00+00:00,4137.3,4144.49,4120.0,4140.45,6733.7525
2025-10-12 17:45:00+00:00,4140.45,4151.66,4109.28,4127.85,9162.077
2025-10-12 18:00:00+00:00,4127.85,4147.0,4126.44,4135.38,4830.5552
2025-10-12 18:15:00+00:00,4135.38,4144.4,4116.53,4119.63,4710.9617
2025-10-12 18:30:00+00:00,4119.63,4129.18,4099.14,4103.59,6745.7846
2025-10-12 18:45:00+00:00,4103.58,4113.5,4095.6,4109.5,5802.5074
2025-10-12 19:00:00+00:00,4109.49,4131.68,4108.15,4130.01,4210.8979
2025-10-12 19:15:00+00:00,4130.0,4139.47,4125.0,4138.08,3160.5824
2025-10-12 19:30:00+00:00,4138.08,4139.61,4120.55,4122.89,4273.3211
2025-10-12 19:45:00+00:00,4122.9,4140.28,4122.89,4135.68,2785.9079
2025-10-12 20:00:00+00:00,4135.68,4145.0,4126.03,4132.49,5888.9099
2025-10-12 20:15:00+00:00,4132.56,4149.13,4126.04,4148.12,8772.418
2025-10-12 20:30:00+00:00,4148.12,4159.85,4136.84,4151.04,14458.214
2025-10-12 20:45:00+00:00,4151.03,4197.7,4129.59,4136.24,19013.2956
2025-10-12 21:00:00+00:00,4136.24,4165.03,4122.35,4150.55,14636.6409
2025-10-12 21:15:00+00:00,4150.56,4153.24,4097.17,4121.9,11621.6782
2025-10-12 21:30:00+00:00,4121.89,4122.21,4080.7,4121.02,9758.2686
2025-10-12 21:45:00+00:00,4121.02,4135.88,4117.06,4135.53,3985.9138
2025-10-12 22:00:00+00:00,4135.54,4155.0,4111.59,4129.93,8303.4218
2025-10-12 22:15:00+00:00,4129.94,4144.68,4119.4,4127.49,5223.932
2025-10-12 22:30:00+00:00,4127.49,4140.62,4126.7,4140.42,3570.2563
2025-10-12 22:45:00+00:00,4140.41,4150.88,4132.2,4134.57,4616.4795
2025-10-12 23:00:00+00:00,4134.56,4136.68,4118.64,4126.96,4784.4417
2025-10-12 23:15:00+00:00,4126.96,4143.69,4108.82,4140.75,5856.9024
2025-10-12 23:30:00+00:00,4140.75,4152.57,4133.67,4143.0,3681.1632
2025-10-12 23:45:00+00:00,4143.0,4161.35,4137.45,4152.29,5420.2352
2025-10-13 00:00:00+00:00,4152.29,4155.32,4132.18,4148.22,9063.3519
2025-10-13 00:15:00+00:00,4148.23,4186.03,4148.23,4148.96,11223.6634
2025-10-13 00:30:00+00:00,4148.96,4150.09,4126.47,4132.25,8326.4979
2025-10-13 00:45:00+00:00,4132.25,4152.99,4124.54,4139.8,5558.9137
2025-10-13 01:00:00+00:00,4139.78,4150.0,4126.54,4137.16,6773.5647
2025-10-13 01:15:00+00:00,4137.15,4163.07,4131.06,4155.41,6626.6048
2025-10-13 01:30:00+00:00,4155.4,4175.37,4154.56,4165.51,4847.4617
2025-10-13 01:45:00+00:00,4165.5,4199.73,4163.0,4198.77,7399.071
2025-10-13 02:00:00+00:00,4198.77,4220.89,4170.0,4172.14,12978.3392
2025-10-13 02:15:00+00:00,4172.14,4183.4,4160.0,4168.43,5992.3654
2025-10-13 02:30:00+00:00,4168.43,4176.07,4153.33,4160.28,5522.8233
2025-10-13 02:45:00+00:00,4160.27,4168.55,4155.69,4158.51,4461.1655
2025-10-13 03:00:00+00:00,4158.51,4169.93,4153.08,4163.53,5972.8761
2025-10-13 03:15:00+00:00,4163.53,4166.93,4154.45,4155.87,4969.0414
2025-10-13 03:30:00+00:00,4155.87,4157.98,4135.68,4144.48,6256.6328
2025-10-13 03:45:00+00:00,4144.47,4148.66,4132.55,4139.78,4151.1006
2025-10-13 04:00:00+00:00,4139.79,4146.93,4125.02,4127.91,3807.5091
2025-10-13 04:15:00+00:00,4127.93,4131.88,4116.07,4122.97,5190.0888
2025-10-13 04:30:00+00:00,4122.97,4138.0,4121.4,4128.55,5040.7972
2025-10-13 04:45:00+00:00,4128.54,4145.54,4124.37,4142.16,6046.0626
2025-10-13 05:00:00+00:00,4142.15,4144.7,4126.77,4132.85,3305.1461
2025-10-13 05:15:00+00:00,4132.85,4137.63,4123.22,4133.74,2680.6365
2025-10-13 05:30:00+00:00,4133.74,4138.67,4126.5,4126.5,2040.0378
2025-10-13 05:45:00+00:00,4126.5,4133.2,4124.25,4131.55,1657.7228
2025-10-13 06:00:00+00:00,4131.55,4145.64,4116.84,4142.16,5031.0344
2025-10-13 06:15:00+00:00,4142.15,4160.0,4140.91,4159.8,4268.753
2025-10-13 06:30:00+00:00,4159.8,4183.19,4153.13,4154.89,6562.3073
2025-10-13 06:45:00+00:00,4154.87,4174.38,4149.24,4170.0,4744.9311
2025-10-13 07:00:00+00:00,4170.0,4188.91,4159.3,4183.67,6742.1103
2025-10-13 07:15:00+00:00,4183.67,4194.51,4177.5,4188.36,5217.5355
2025-10-13 07:30:00+00:00,4188.37,4198.0,4178.0,4187.9,5972.6603
2025-10-13 07:45:00+00:00,4187.89,4187.89,4162.45,4178.3,6482.6663
2025-10-13 08:00:00+00:00,4178.29,4192.93,4170.0,4186.95,5127.6492
2025-10-13 08:15:00+00:00,4186.95,4195.52,4178.73,4185.28,3213.3445
2025-10-13 08:30:00+00:00,4185.29,4191.57,4174.0,4174.82,3739.557
2025-10-13 08:45:00+00:00,4174.83,4183.72,4167.56,4175.36,2719.7783
2025-10-13 09:00:00+00:00,4175.36,4177.0,4147.78,4149.47,5344.292
2025-10-13 09:15:00+00:00,4149.47,4157.41,4142.63,4148.69,4845.5544
2025-10-13 09:30:00+00:00,4148.69,4165.03,4146.81,4157.4,3462.9656
2025-10-13 09:45:00+00:00,4157.41,4165.67,4157.4,4164.56,2779.9316
2025-10-13 10:00:00+00:00,4164.56,4167.13,4150.54,4152.7,4324.5128
2025-10-13 10:15:00+00:00,4152.7,4160.88,4140.0,4154.08,3670.7741
2025-10-13 10:30:00+00:00,4154.07,4156.68,4144.23,4152.24,2126.026
2025-10-13 10:45:00+00:00,4152.24,4161.12,4147.8,4151.75,1709.634
2025-10-13 11:00:00+00:00,4151.75,4154.99,4113.95,4126.11,13909.9907
2025-10-13 11:15:00+00:00,4126.1,4130.4,4042.29,4043.12,18398.7376
2025-10-13 11:30:00+00:00,4043.11,4090.0,4042.75,4081.5,16637.0454
2025-10-13 11:45:00+00:00,4081.5,4096.37,4070.05,4080.39,5637.6667
2025-10-13 12:00:00+00:00,4080.38,4113.31,4056.57,4101.78,11783.3381
2025-10-13 12:15:00+00:00,4101.77,4110.52,4090.0,4108.24,3941.546
2025-10-13 12:30:00+00:00,4108.24,4133.64,4102.36,4117.99,6719.412
2025-10-13 12:45:00+00:00,4117.98,4125.76,4087.21,4097.12,9874.5827
2025-10-13 13:00:00+00:00,4097.12,4112.66,4092.08,4100.26,9936.7103
2025-10-13 13:15:00+00:00,4100.26,4117.08,4095.64,4102.06,8173.2454
2025-10-13 13:30:00+00:00,4102.06,4180.0,4101.39,4136.23,32856.3043
2025-10-13 13:45:00+00:00,4136.22,4170.7,4116.67,4164.66,10650.1061
2025-10-13 14:00:00+00:00,4164.66,4175.7,4128.36,4137.0,8719.9416
2025-10-13 14:15:00+00:00,4136.99,4145.8,4096.87,4109.32,11810.7891
2025-10-13 14:30:00+00:00,4109.32,4133.99,4084.23,4111.83,11101.5743
2025-10-13 14:45:00+00:00,4111.84,4116.2,4081.29,4095.45,12928.8264
2025-10-13 15:00:00+00:00,4095.45,4127.6,4093.32,4115.24,12779.2859
2025-10-13 15:15:00+00:00,4115.23,4140.93,4113.14,4117.21,9462.6937
2025-10-13 15:30:00+00:00,4117.22,4140.0,4116.57,4121.46,4919.8765
2025-10-13 15:45:00+00:00,4121.45,4148.2,4121.45,4135.0,5463.9993
2025-10-13 16:00:00+00:00,4135.01,4164.38,4133.38,4150.01,8042.5116
2025-10-13 16:15:00+00:00,4150.02,4167.9,4129.14,4152.48,9176.4221
2025-10-13 16:30:00+00:00,4152.47,4155.5,4140.99,4141.99,4601.2177
2025-10-13 16:45:00+00:00,4142.0,4174.68,4139.69,4165.01,6656.5429
2025-10-13 17:00:00+00:00,4165.01,4188.58,4157.2,4163.61,8289.6221
2025-10-13 17:15:00+00:00,4163.62,4173.96,4158.35,4168.99,3021.8378
2025-10-13 17:30:00+00:00,4169.0,4188.0,4161.7,4183.45,6898.2003
2025-10-13 17:45:00+00:00,4183.45,4239.0,4170.31,4234.62,16217.8017
2025-10-13 18:00:00+00:00,4234.62,4236.53,4200.0,4206.26,7082.448
2025-10-13 18:15:00+00:00,4206.26,4230.6,4205.87,4228.48,4604.5487
2025-10-13 18:30:00+00:00,4228.47,4235.75,4217.3,4235.61,5183.9767
2025-10-13 18:45:00+00:00,4235.61,4239.75,4214.02,4228.35,3672.6214
2025-10-13 19:00:00+00:00,4228.35,4252.92,4223.42,4252.05,7113.3704
2025-10-13 19:15:00+00:00,4252.06,4265.31,4241.45,4248.51,8336.9228
2025-10-13 19:30:00+00:00,4248.51,4265.99,4244.4,4265.46,5256.661
2025-10-13 19:45:00+00:00,4265.46,4271.12,4249.45,4251.96,9552.114
2025-10-13 20:00:00+00:00,4251.96,4267.83,4250.52,4261.55,4493.6403
2025-10-13 20:15:00+00:00,4261.54,4262.36,4244.36,4250.07,3911.2184
2025-10-13 20:30:00+00:00,4250.07,4262.71,4243.72,4255.94,4064.8944
2025-10-13 20:45:00+00:00,4255.94,4291.57,4255.94,4286.21,8484.4823
2025-10-13 21:00:00+00:00,4286.21,4292.0,4267.1,4267.81,5745.6479
2025-10-13 21:15:00+00:00,4267.8,4282.01,4264.36,4267.1,3250.697
2025-10-13 21:30:00+00:00,4267.11,4270.39,4259.72,4265.89,1864.2886
2025-10-13 21:45:00+00:00,4265.89,4266.64,4255.22,4258.29,1558.596
2025-10-13 22:00:00+00:00,4258.29,4272.17,4255.22,4261.7,3428.9388
2025-10-13 22:15:00+00:00,4261.7,4268.4,4251.84,4253.01,2539.3432
2025-10-13 22:30:00+00:00,4253.01,4265.92,4251.9,4264.92,1717.8264
2025-10-13 22:45:00+00:00,4264.92,4276.13,4261.88,4271.15,2054.3249
2025-10-13 23:00:00+00:00,4271.16,4271.16,4253.94,4256.01,3460.331
2025-10-13 23:15:00+00:00,4256.01,4260.53,4249.14,4251.35,3072.2306
2025-10-13 23:30:00+00:00,4251.34,4255.52,4236.08,4243.93,3566.0275
2025-10-13 23:45:00+00:00,4243.94,4244.37,4236.73,4240.85,2211.4541
2025-10-14 00:00:00+00:00,4240.86,4247.33,4235.36,4236.71,2278.6031
2025-10-14 00:15:00+00:00,4236.7,4257.38,4235.7,4250.87,3121.1037
2025-10-14 00:30:00+00:00,4250.88,4263.38,4244.46,4248.44,3409.2538
2025-10-14 00:45:00+00:00,4248.44,4248.44,4227.38,4242.11,4112.0646
2025-10-14 01:00:00+00:00,4242.11,4243.86,4203.0,4217.33,9003.3435
2025-10-14 01:15:00+00:00,4217.33,4231.43,4214.06,4224.38,4207.8348
2025-10-14 01:30:00+00:00,4224.38,4228.28,4215.0,4220.64,1786.4
2025-10-14 01:45:00+00:00,4220.65,4220.7,4203.0,4211.33,2834.3103
2025-10-14 02:00:00+00:00,4211.33,4211.64,4193.56,4201.85,5046.7351
2025-10-14 02:15:00+00:00,4201.84,4207.38,4182.7,4191.25,7213.3961
2025-10-14 02:30:00+00:00,4191.24,4199.16,4178.52,4181.89,6084.8553
2025-10-14 02:45:00+00:00,4181.89,4186.43,4167.86,4172.31,6103.6263
2025-10-14 03:00:00+00:00,4172.31,4174.59,4140.84,4152.9,13131.6211
2025-10-14 03:15:00+00:00,4152.9,4164.35,4137.63,4141.33,7559.6154
2025-10-14 03:30:00+00:00,4141.33,4156.54,4138.53,4154.05,5033.0356
2025-10-14 03:45:00+00:00,4154.05,4166.24,4150.98,4153.56,5538.7716
2025-10-14 04:00:00+00:00,4153.56,4160.75,4139.08,4150.24,5045.5909
2025-10-14 04:15:00+00:00,4150.24,4158.82,4140.57,4155.7,3637.5311
2025-10-14 04:30:00+00:00,4155.71,4155.71,4116.01,4123.39,8650.8035
2025-10-14 04:45:00+00:00,4123.4,4123.4,4087.17,4100.09,13239.7083
2025-10-14 05:00:00+00:00,4100.1,4126.84,4097.3,4120.09,7451.9068
2025-10-14 05:15:00+00:00,4120.09,4120.09,4095.62,4100.91,4426.0182
2025-10-14 05:30:00+00:00,4100.91,4104.4,4057.03,4060.56,14749.6064
2025-10-14 05:45:00+00:00,4060.56,4074.43,4055.29,4069.99,6736.0802
2025-10-14 06:00:00+00:00,4070.0,4091.1,4064.32,4064.89,8346.8888
2025-10-14 06:15:00+00:00,4064.89,4072.9,4044.32,4045.55,11060.0689
2025-10-14 06:30:00+00:00,4045.55,4059.83,3989.46,3993.93,23110.4297
2025-10-14 06:45:00+00:00,3993.93,4014.66,3965.56,4003.38,24424.1759
2025-10-14 07:00:00+00:00,4003.39,4018.74,3986.4,4004.69,13291.808
2025-10-14 07:15:00+00:00,4004.69,4025.78,3996.0,4016.21,8440.5387
2025-10-14 07:30:00+00:00,4016.21,4018.01,3976.88,3987.19,12545.5384
2025-10-14 07:45:00+00:00,3987.2,3988.09,3969.3,3981.19,15713.4242
2025-10-14 08:00:00+00:00,3981.19,3991.06,3951.14,3987.24,15877.5307
2025-10-14 08:15:00+00:00,3987.25,3993.38,3965.46,3992.97,8739.9441
2025-10-14 08:30:00+00:00,3992.98,4011.0,3992.18,4005.01,8516.3224
2025-10-14 08:45:00+00:00,4005.0,4007.23,3980.51,3996.3,4856.3319
2025-10-14 09:00:00+00:00,3996.31,4005.92,3988.19,3996.28,4466.1089
2025-10-14 09:15:00+00:00,3996.28,4010.0,3990.1,3999.75,5206.0152
2025-10-14 09:30:00+00:00,3999.74,4014.61,3992.98,3997.85,5432.0709
2025-10-14 09:45:00+00:00,3997.85,3999.08,3970.0,3985.27,12121.9047
2025-10-14 10:00:00+00:00,3985.26,3986.12,3959.11,3966.29,5619.9013
2025-10-14 10:15:00+00:00,3966.29,3966.58,3916.0,3919.57,21313.7741
2025-10-14 10:30:00+00:00,3919.57,3941.13,3888.74,3929.81,27127.2177
2025-10-14 10:45:00+00:00,3929.81,3947.99,3918.24,3942.37,9571.2046
2025-10-14 11:00:00+00:00,3942.37,3982.97,3941.12,3976.29,13091.3712
2025-10-14 11:15:00+00:00,3976.29,3982.09,3959.1,3969.23,8601.2331
2025-10-14 11:30:00+00:00,3969.22,3986.0,3966.57,3970.31,6069.9771
2025-10-14 11:45:00+00:00,3970.3,3984.6,3968.25,3971.85,6506.1831
2025-10-14 12:00:00+00:00,3971.85,3973.97,3951.85,3968.97,6864.2575
2025-10-14 12:15:00+00:00,3968.97,3969.54,3938.16,3950.4,5708.9466
2025-10-14 12:30:00+00:00,3950.39,3953.87,3931.5,3942.4,7817.011
2025-10-14 12:45:00+00:00,3942.4,3963.8,3933.33,3941.1,6613.8664
2025-10-14 13:00:00+00:00,3941.1,3948.49,3924.21,3940.68,6002.2811
2025-10-14 13:15:00+00:00,3940.68,3954.56,3924.43,3948.01,6967.3564
2025-10-14 13:30:00+00:00,3948.0,3968.87,3893.77,3938.49,23678.5425
2025-10-14 13:45:00+00:00,3938.47,3976.24,3928.0,3956.03,38875.9356
2025-10-14 14:00:00+00:00,3956.02,3983.94,3940.13,3983.79,39059.2223
2025-10-14 14:15:00+00:00,3983.79,4017.56,3968.37,3977.95,25748.9379
2025-10-14 14:30:00+00:00,3977.94,3999.86,3952.86,3988.51,12642.5172
2025-10-14 14:45:00+00:00,3988.52,4011.29,3967.44,3970.14,12739.9564
2025-10-14 15:00:00+00:00,3970.13,3994.95,3960.24,3963.77,10662.046
2025-10-14 15:15:00+00:00,3963.77,3989.12,3950.15,3980.47,7764.694
2025-10-14 15:30:00+00:00,3980.48,4031.72,3978.56,4023.01,16973.8168
2025-10-14 15:45:00+00:00,4023.02,4088.79,4023.02,4085.4,24040.2867
2025-10-14 16:00:00+00:00,4085.41,4101.81,4057.59,4091.56,13946.6183
2025-10-14 16:15:00+00:00,4091.56,4164.62,4087.89,4132.32,32121.6089
2025-10-14 16:30:00+00:00,4132.33,4144.18,4109.35,4129.59,15184.1652
2025-10-14 16:45:00+00:00,4129.59,4149.1,4078.43,4096.23,17562.3871
2025-10-14 17:00:00+00:00,4096.23,4136.79,4048.49,4125.19,23112.3377
2025-10-14 17:15:00+00:00,4125.18,4141.22,4111.21,4122.65,9709.8117
2025-10-14 17:30:00+00:00,4122.65,4133.69,4091.43,4112.37,11718.3436
2025-10-14 17:45:00+00:00,4112.37,4123.0,4099.53,4101.42,7315.1976
2025-10-14 18:00:00+00:00,4101.42,4133.88,4097.06,4129.1,8466.3426
2025-10-14 18:15:00+00:00,4129.09,4137.92,4112.51,4115.68,6744.1844
2025-10-14 18:30:00+00:00,4115.67,4127.79,4093.91,4103.79,11144.1508
2025-10-14 18:45:00+00:00,4103.79,4130.0,4100.97,4120.91,11255.1785
2025-10-14 19:00:00+00:00,4120.9,4130.79,4114.77,4129.16,5125.5514
2025-10-14 19:15:00+00:00,4129.16,4148.49,4127.04,4133.19,7259.3372
2025-10-14 19:30:00+00:00,4133.19,4135.0,4049.16,4057.44,24655.4074
2025-10-14 19:45:00+00:00,4057.45,4122.75,4051.33,4102.94,17512.9487
2025-10-14 20:00:00+00:00,4102.96,4115.18,4072.69,4087.64,10655.4759
2025-10-14 20:15:00+00:00,4087.64,4115.97,4085.4,4107.2,6959.4207
2025-10-14 20:30:00+00:00,4107.2,4126.0,4098.76,4122.38,4452.4285
2025-10-14 20:45:00+00:00,4122.38,4124.99,4113.0,4118.0,2465.5592
2025-10-14 21:00:00+00:00,4118.0,4122.63,4092.73,4097.03,2743.785
2025-10-14 21:15:00+00:00,4097.03,4115.0,4097.02,4110.6,1733.8378
2025-10-14 21:30:00+00:00,4110.6,4119.14,4099.51,4110.33,1823.3791
2025-10-14 21:45:00+00:00,4110.33,4122.5,4102.45,4117.9,2083.7572
2025-10-14 22:00:00+00:00,4117.9,4141.47,4117.9,4130.7,5378.3049
2025-10-14 22:15:00+00:00,4130.7,4131.24,4121.17,4122.37,2005.6647
2025-10-14 22:30:00+00:00,4122.38,4123.36,4110.67,4112.59,1904.838
2025-10-14 22:45:00+00:00,4112.6,4120.22,4101.84,4119.22,3453.4862
2025-10-14 23:00:00+00:00,4119.22,4144.54,4117.2,4140.73,4233.1597
2025-10-14 23:15:00+00:00,4140.73,4143.4,4132.25,4137.61,3313.2499
2025-10-14 23:30:00+00:00,4137.6,4142.99,4134.79,4134.79,1906.8942
2025-10-14 23:45:00+00:00,4134.79,4139.76,4121.74,4125.02,2438.5
2025-10-15 00:00:00+00:00,4125.01,4132.23,4110.33,4114.09,3664.1349
2025-10-15 00:15:00+00:00,4114.09,4118.37,4097.06,4104.12,5252.7015
2025-10-15 00:30:00+00:00,4104.09,4114.47,4093.6,4102.12,4258.4829
2025-10-15 00:45:00+00:00,4102.12,4123.99,4102.12,4119.49,3940.3013
2025-10-15 01:00:00+00:00,4119.5,4121.08,4087.09,4099.79,6705.7686
2025-10-15 01:15:00+00:00,4099.78,4102.7,4085.78,4087.03,3355.6905
2025-10-15 01:30:00+00:00,4087.02,4098.44,4082.6,4097.3,4242.63
2025-10-15 01:45:00+00:00,4097.3,4118.82,4092.1,4113.41,3825.2147
2025-10-15 02:00:00+00:00,4113.41,4124.82,4107.34,4124.29,5012.1941
2025-10-15 02:15:00+00:00,4124.29,4143.65,4119.89,4141.71,6095.6113
2025-10-15 02:30:00+00:00,4141.71,4145.73,4121.5,4122.93,3021.4352
2025-10-15 02:45:00+00:00,4122.94,4130.5,4115.17,4118.54,2522.9121
2025-10-15 03:00:00+00:00,4118.53,4123.55,4095.61,4103.31,5589.9034
2025-10-15 03:15:00+00:00,4103.3,4105.35,4080.53,4097.02,12050.0873
2025-10-15 03:30:00+00:00,4097.01,4097.1,4069.34,4075.7,13926.2132
2025-10-15 03:45:00+00:00,4075.7,4084.86,4060.11,4080.7,10221.4993
2025-10-15 04:00:00+00:00,4080.7,4089.79,4072.0,4086.81,3553.9317
2025-10-15 04:15:00+00:00,4086.81,4109.37,4086.39,4101.86,4771.3373
2025-10-15 04:30:00+00:00,4101.86,4105.39,4093.02,4102.54,3755.7898
2025-10-15 04:45:00+00:00,4102.55,4123.66,4099.4,4116.04,4474.063
2025-10-15 05:00:00+00:00,4116.04,4123.0,4111.26,4118.24,4317.7816
2025-10-15 05:15:00+00:00,4118.24,4125.0,4102.14,4106.27,4425.2184
2025-10-15 05:30:00+00:00,4106.28,4116.06,4093.74,4110.51,5674.3301
2025-10-15 05:45:00+00:00,4110.51,4112.76,4099.52,4110.35,4741.6198
2025-10-15 06:00:00+00:00,4110.36,4118.79,4090.16,4100.66,6493.1931
2025-10-15 06:15:00+00:00,4100.66,4103.23,4075.0,4082.07,7194.3618
2025-10-15 06:30:00+00:00,4082.06,4123.33,4077.0,4110.43,9867.3851
2025-10-15 06:45:00+00:00,4110.43,4119.09,4106.17,4118.52,5634.6424
2025-10-15 07:00:00+00:00,4118.52,4124.55,4104.5,4119.12,8561.4966
2025-10-15 07:15:00+00:00,4119.13,4129.37,4113.01,4113.02,5683.3578
2025-10-15 07:30:00+00:00,4113.02,4118.29,4107.85,4114.52,4767.5791
2025-10-15 07:45:00+00:00,4114.53,4124.71,4111.6,4122.04,4235.8883
2025-10-15 08:00:00+00:00,4122.03,4138.85,4119.08,4138.01,4973.1624
2025-10-15 08:15:00+00:00,4138.0,4177.59,4131.61,4173.82,18026.8802
2025-10-15 08:30:00+00:00,4173.83,4217.6,4172.25,4193.77,21441.0035
2025-10-15 08:45:00+00:00,4193.77,4195.0,4178.83,4181.79,6817.5857
2025-10-15 09:00:00+00:00,4181.8,4185.79,4169.78,4177.77,9078.2186
2025-10-15 09:15:00+00:00,4177.77,4181.0,4146.67,4153.5,8593.2948
2025-10-15 09:30:00+00:00,4153.51,4165.83,4137.03,4160.83,8659.2571
2025-10-15 09:45:00+00:00,4160.82,4169.56,4147.92,4155.87,3801.8113
2025-10-15 10:00:00+00:00,4155.88,4157.61,4144.32,4154.99,2823.7633
2025-10-15 10:15:00+00:00,4154.99,4154.99,4116.65,4127.57,9669.7824
2025-10-15 10:30:00+00:00,4127.57,4131.91,4112.5,4123.22,6065.8183
2025-10-15 10:45:00+00:00,4123.22,4127.27,4117.47,4118.66,3019.2661
2025-10-15 11:00:00+00:00,4118.66,4131.17,4111.58,4114.37,2991.534
2025-10-15 11:15:00+00:00,4114.37,4116.15,4087.78,4104.37,9706.4165
2025-10-15 11:30:00+00:00,4104.38,4115.53,4097.44,4115.06,3109.9762
2025-10-15 11:45:00+00:00,4115.06,4115.52,4096.09,4099.9,2814.5932
2025-10-15 12:00:00+00:00,4099.89,4107.14,4089.07,4101.8,4710.9253
2025-10-15 12:15:00+00:00,4101.8,4106.6,4070.2,4077.9,7409.9072
2025-10-15 12:30:00+00:00,4077.9,4088.87,4075.0,4083.86,6214.8438
2025-10-15 12:45:00+00:00,4083.86,4096.0,4081.65,4094.8,3840.0838
2025-10-15 13:00:00+00:00,4094.8,4094.8,4068.75,4071.66,6004.4235
2025-10-15 13:15:00+00:00,4071.65,4086.1,4067.05,4076.83,3498.2534
2025-10-15 13:30:00+00:00,4076.83,4103.82,4056.1,4078.21,13868.4903
2025-10-15 13:45:00+00:00,4078.21,4086.15,4018.03,4055.23,23271.4867
2025-10-15 14:00:00+00:00,4055.24,4105.23,4053.25,4086.88,13003.7156
2025-10-15 14:15:00+00:00,4086.88,4099.79,4073.02,4079.93,6266.9818
2025-10-15 14:30:00+00:00,4079.93,4080.27,4032.76,4040.22,9844.4647
2025-10-15 14:45:00+00:00,4040.23,4040.56,3993.26,4009.87,13031.9415
2025-10-15 15:00:00+00:00,4009.86,4021.78,3988.88,4005.63,9071.5575
2025-10-15 15:15:00+00:00,4005.63,4035.69,3991.5,4009.4,9858.6486
2025-10-15 15:30:00+00:00,4009.39,4018.86,3975.25,3985.39,13189.8079
2025-10-15 15:45:00+00:00,3985.39,3985.4,3959.33,3980.97,10773.1224
2025-10-15 16:00:00+00:00,3980.98,3993.37,3966.44,3987.39,7365.1384
2025-10-15 16:15:00+00:00,3987.39,4003.11,3974.89,3994.45,5132.8666
2025-10-15 16:30:00+00:00,3994.45,3998.34,3980.0,3984.41,3324.8272
2025-10-15 16:45:00+00:00,3984.41,3994.32,3974.1,3976.07,4660.5532
2025-10-15 17:00:00+00:00,3976.08,3976.69,3936.0,3938.11,11915.3492
2025-10-15 17:15:00+00:00,3938.11,3956.97,3929.66,3947.22,14125.9873
2025-10-15 17:30:00+00:00,3947.22,3971.2,3935.52,3968.59,6336.5094
2025-10-15 17:45:00+00:00,3968.59,3994.32,3968.59,3993.0,6930.4122
2025-10-15 18:00:00+00:00,3992.99,3995.69,3970.11,3982.27,5049.1079
2025-10-15 18:15:00+00:00,3982.26,4005.5,3982.17,3994.7,5028.5259
2025-10-15 18:30:00+00:00,3994.69,3999.19,3978.86,3987.05,3614.8164
2025-10-15 18:45:00+00:00,3987.05,4013.17,3984.61,4007.81,3724.7946
2025-10-15 19:00:00+00:00,4007.8,4008.7,3980.32,3991.0,3682.9895
2025-10-15 19:15:00+00:00,3991.0,4009.76,3985.82,4001.97,5828.2064
2025-10-15 19:30:00+00:00,4001.97,4006.41,3980.6,3994.94,4887.1716
2025-10-15 19:45:00+00:00,3994.93,3994.99,3971.75,3983.21,5410.4912
2025-10-15 20:00:00+00:00,3983.21,3996.16,3981.16,3985.21,2715.0521
2025-10-15 20:15:00+00:00,3985.22,3994.75,3957.0,3960.75,4927.4263
2025-10-15 20:30:00+00:00,3960.75,3985.29,3937.02,3983.29,13023.9247
2025-10-15 20:45:00+00:00,3983.29,3985.0,3960.0,3961.52,5942.1147
2025-10-15 21:00:00+00:00,3961.52,3974.23,3926.74,3956.78,9255.3911
2025-10-15 21:15:00+00:00,3956.7,3976.88,3944.67,3973.56,4402.7919
2025-10-15 21:30:00+00:00,3973.56,3981.77,3965.19,3970.09,2849.6715
2025-10-15 21:45:00+00:00,3970.09,3972.33,3939.66,3954.17,4380.8768
2025-10-15 22:00:00+00:00,3954.17,3971.3,3951.74,3970.0,3426.0844
2025-10-15 22:15:00+00:00,3970.01,3980.79,3963.36,3965.5,3695.2375
2025-10-15 22:30:00+00:00,3965.5,3979.92,3964.71,3974.67,2452.6255
2025-10-15 22:45:00+00:00,3974.67,3975.7,3953.11,3961.65,2584.9798
2025-10-15 23:00:00+00:00,3961.65,3985.89,3953.66,3979.78,3702.1047
2025-10-15 23:15:00+00:00,3979.78,3985.14,3967.22,3980.42,3659.6872
2025-10-15 23:30:00+00:00,3980.41,3993.8,3977.27,3988.21,3151.8102
2025-10-15 23:45:00+00:00,3988.22,3989.04,3978.38,3985.61,1606.3974
2025-10-16 00:00:00+00:00,3985.61,3994.4,3976.33,3976.34,3869.2941
2025-10-16 00:15:00+00:00,3976.34,3997.64,3976.07,3994.5,3088.6682
2025-10-16 00:30:00+00:00,3994.49,3994.49,3979.1,3980.97,3870.8932
2025-10-16 00:45:00+00:00,3980.97,3990.0,3978.6,3981.89,2609.2358
2025-10-16 01:00:00+00:00,3981.89,4009.99,3980.0,4000.18,3604.1792
2025-10-16 01:15:00+00:00,4000.19,4002.53,3988.05,3994.19,3279.7737
2025-10-16 01:30:00+00:00,3994.18,4005.1,3990.6,3998.3,2986.6975
2025-10-16 01:45:00+00:00,3998.3,4011.51,3993.51,4010.22,4252.1446
2025-10-16 02:00:00+00:00,4010.22,4035.66,4000.25,4018.52,12305.5336
2025-10-16 02:15:00+00:00,4018.51,4028.88,4016.0,4026.49,8926.9089
2025-10-16 02:30:00+00:00,4026.49,4026.92,4011.42,4016.74,8212.9827
2025-10-16 02:45:00+00:00,4016.71,4035.0,4014.9,4031.33,9610.1119
2025-10-16 03:00:00+00:00,4031.33,4036.61,4023.14,4025.26,3193.2161
2025-10-16 03:15:00+00:00,4025.26,4036.84,4021.36,4031.26,2453.4728
2025-10-16 03:30:00+00:00,4031.25,4031.26,4022.48,4027.5,3230.3908
2025-10-16 03:45:00+00:00,4027.49,4028.0,4011.81,4014.85,2037.8216
2025-10-16 04:00:00+00:00,4014.85,4028.61,4012.85,4025.58,1492.0085
2025-10-16 04:15:00+00:00,4025.58,4031.53,4024.97,4025.91,1979.7242
2025-10-16 04:30:00+00:00,4025.91,4028.11,4006.66,4008.3,2909.2485
2025-10-16 04:45:00+00:00,4008.31,4010.19,3993.27,3999.01,5600.534
2025-10-16 05:00:00+00:00,3999.02,4006.57,3991.68,4004.82,3035.9764
2025-10-16 05:15:00+00:00,4004.83,4006.57,3995.69,3999.22,2721.8059
2025-10-16 05:30:00+00:00,3999.22,4020.37,3999.22,4017.4,2789.8853
2025-10-16 05:45:00+00:00,4017.4,4019.67,3979.36,3996.5,5210.5011
2025-10-16 06:00:00+00:00,3996.51,4013.18,3994.61,4002.1,3500.7774
2025-10-16 06:15:00+00:00,4002.1,4018.32,4000.18,4018.02,2754.3066
2025-10-16 06:30:00+00:00,4018.01,4030.75,4017.78,4020.29,4659.3936
2025-10-16 06:45:00+00:00,4020.3,4049.88,4020.29,4042.08,6053.9561
2025-10-16 07:00:00+00:00,4042.08,4046.03,4027.11,4033.7,3253.9786
2025-10-16 07:15:00+00:00,4033.7,4034.18,4003.0,4003.0,5993.2463
2025-10-16 07:30:00+00:00,4003.01,4010.8,3999.94,4008.44,3244.4854
2025-10-16 07:45:00+00:00,4008.43,4011.19,3994.95,4004.3,5555.5742
2025-10-16 08:00:00+00:00,4004.31,4007.04,3991.76,4005.72,2689.7168
2025-10-16 08:15:00+00:00,4005.72,4007.13,3994.11,3996.02,3618.5741
2025-10-16 08:30:00+00:00,3996.01,4001.86,3982.41,3992.1,5985.4086
2025-10-16 08:45:00+00:00,3992.11,3997.84,3987.82,3994.77,4046.9903
2025-10-16 09:00:00+00:00,3994.77,4007.51,3991.53,4001.28,2864.4103
2025-10-16 09:15:00+00:00,4001.28,4004.32,3988.41,3988.42,2589.8069
2025-10-16 09:30:00+00:00,3988.41,4027.93,3940.66,4019.81,20351.2488
2025-10-16 09:45:00+00:00,4019.81,4047.88,4015.05,4030.13,13888.4594
2025-10-16 10:00:00+00:00,4030.13,4068.83,4029.7,4058.87,8840.8629
2025-10-16 10:15:00+00:00,4058.86,4078.96,4048.0,4049.76,8031.0892
2025-10-16 10:30:00+00:00,4049.77,4059.74,4045.18,4055.98,4391.5319
2025-10-16 10:45:00+00:00,4055.98,4060.96,4046.48,4049.09,2639.844
2025-10-16 11:00:00+00:00,4049.09,4055.49,4037.09,4047.67,4886.2838
2025-10-16 11:15:00+00:00,4047.67,4052.4,4035.25,4038.9,3140.402
2025-10-16 11:30:00+00:00,4038.9,4056.31,4033.22,4053.22,3316.2148
2025-10-16 11:45:00+00:00,4053.23,4063.85,4050.31,4061.85,2681.003
2025-10-16 12:00:00+00:00,4061.86,4086.49,4047.56,4047.57,11163.7419
2025-10-16 12:15:00+00:00,4047.56,4055.0,4040.3,4046.29,5198.3791
2025-10-16 12:30:00+00:00,4046.29,4059.21,4039.78,4052.58,8784.5482
2025-10-16 12:45:00+00:00,4052.59,4061.25,4048.87,4054.63,5311.7485
2025-10-16 13:00:00+00:00,4054.62,4057.18,4043.51,4051.23,4250.8166
2025-10-16 13:15:00+00:00,4051.23,4055.0,4034.61,4045.38,5833.7033
2025-10-16 13:30:00+00:00,4045.39,4068.72,4041.8,4053.34,8263.0515
2025-10-16 13:45:00+00:00,4053.35,4060.36,4007.18,4021.3,10770.3133
2025-10-16 14:00:00+00:00,4021.3,4026.52,3983.34,3987.71,11228.7133
2025-10-16 14:15:00+00:00,3987.7,4000.95,3970.01,3996.53,13850.007
2025-10-16 14:30:00+00:00,3996.52,4059.35,3995.34,4055.0,13047.0009
2025-10-16 14:45:00+00:00,4055.0,4057.64,4012.54,4015.52,8061.1046
2025-10-16 15:00:00+00:00,4015.52,4020.8,3985.89,4012.8,8944.4548
2025-10-16 15:15:00+00:00,4012.81,4014.4,3973.21,3979.18,9145.7997
2025-10-16 15:30:00+00:00,3979.18,3986.6,3945.01,3954.0,15129.3231
2025-10-16 15:45:00+00:00,3953.99,3954.61,3892.0,3907.18,30553.2342
2025-10-16 16:00:00+00:00,3907.17,3914.86,3871.15,3902.34,22660.9297
2025-10-16 16:15:00+00:00,3902.35,3910.5,3868.0,3879.73,14742.7165
2025-10-16 16:30:00+00:00,3879.73,3909.41,3857.12,3894.16,16320.1296
2025-10-16 16:45:00+00:00,3894.16,3967.6,3885.6,3964.41,14272.9705
2025-10-16 17:00:00+00:00,3964.41,3964.91,3926.31,3929.01,12720.1861
2025-10-16 17:15:00+00:00,3929.0,3961.74,3927.91,3946.22,7370.9639
2025-10-16 17:30:00+00:00,3946.23,3953.93,3920.79,3927.16,7103.0081
2025-10-16 17:45:00+00:00,3927.16,3934.76,3916.04,3921.37,6363.1135
2025-10-16 18:00:00+00:00,3921.37,3921.95,3877.83,3885.99,9398.3518
2025-10-16 18:15:00+00:00,3885.98,3907.18,3878.38,3888.8,8069.6144
2025-10-16 18:30:00+00:00,3888.79,3915.88,3881.8,3907.31,8140.3792
2025-10-16 18:45:00+00:00,3907.4,3918.56,3891.41,3904.89,10870.3154
2025-10-16 19:00:00+00:00,3904.9,3912.5,3879.51,3883.26,6855.569
2025-10-16 19:15:00+00:00,3883.27,3889.47,3860.0,3874.57,5772.3988
2025-10-16 19:30:00+00:00,3874.58,3877.43,3851.11,3862.07,10178.8396
2025-10-16 19:45:00+00:00,3862.07,3890.6,3852.66,3867.01,6707.8779
2025-10-16 20:00:00+00:00,3867.14,3880.85,3857.61,3861.17,4103.0995
2025-10-16 20:15:00+00:00,3861.17,3871.74,3852.4,3858.31,2512.84
2025-10-16 20:30:00+00:00,3858.3,3861.43,3826.04,3846.91,12615.6221
2025-10-16 20:45:00+00:00,3846.92,3864.0,3839.24,3850.99,7744.7815
2025-10-16 21:00:00+00:00,3850.99,3864.86,3839.87,3859.34,8142.8271
2025-10-16 21:15:00+00:00,3859.33,3873.63,3855.29,3870.37,6063.9151
2025-10-16 21:30:00+00:00,3870.36,3879.92,3866.25,3872.31,5104.6973
2025-10-16 21:45:00+00:00,3872.32,3885.87,3870.63,3883.82,3497.2323
2025-10-16 22:00:00+00:00,3884.0,3889.49,3865.87,3866.9,4587.2664
2025-10-16 22:15:00+00:00,3866.9,3878.73,3863.7,3874.06,3247.5808
2025-10-16 22:30:00+00:00,3874.07,3880.31,3868.36,3871.98,3063.5383
2025-10-16 22:45:00+00:00,3871.97,3878.47,3864.06,3865.45,2393.6341
2025-10-16 23:00:00+00:00,3865.44,3885.0,3861.5,3880.02,3352.6509
2025-10-16 23:15:00+00:00,3880.02,3898.05,3880.02,3893.01,3644.8211
2025-10-16 23:30:00+00:00,3893.01,3896.0,3884.09,3887.2,2553.797
2025-10-16 23:45:00+00:00,3887.21,3895.89,3884.31,3894.51,1844.4352
2025-10-17 00:00:00+00:00,3894.5,3905.63,3888.24,3903.5,3412.6696
2025-10-17 00:15:00+00:00,3903.51,3915.56,3899.22,3914.53,4074.7143
2025-10-17 00:30:00+00:00,3914.53,3927.3,3909.0,3920.37,3982.369
2025-10-17 00:45:00+00:00,3920.37,3927.99,3914.3,3927.99,3241.0085
2025-10-17 01:00:00+00:00,3927.99,3950.45,3923.04,3934.67,7828.6754
2025-10-17 01:15:00+00:00,3934.67,3942.38,3926.64,3930.69,4432.429
2025-10-17 01:30:00+00:00,3930.7,3933.72,3909.92,3919.53,3807.2252
2025-10-17 01:45:00+00:00,3919.56,3923.46,3906.06,3920.21,2765.8425
2025-10-17 02:00:00+00:00,3920.2,3925.5,3908.88,3914.7,2978.339
2025-10-17 02:15:00+00:00,3914.7,3915.17,3900.03,3902.7,3147.1326
2025-10-17 02:30:00+00:00,3902.7,3925.0,3901.63,3920.74,4981.9859
2025-10-17 02:45:00+00:00,3920.75,3930.88,3915.04,3922.3,3654.4051
2025-10-17 03:00:00+00:00,3922.31,3932.0,3918.97,3924.81,3630.6179
2025-10-17 03:15:00+00:00,3924.8,3933.33,3924.42,3928.9,2603.4059
2025-10-17 03:30:00+00:00,3928.9,3932.69,3922.33,3923.46,2643.5894
2025-10-17 03:45:00+00:00,3923.47,3935.42,3923.46,3933.25,2040.6922
2025-10-17 04:00:00+00:00,3933.26,3935.97,3925.8,3929.64,1443.2543
2025-10-17 04:15:00+00:00,3929.64,3930.98,3918.09,3921.0,2421.3859
2025-10-17 04:30:00+00:00,3921.0,3929.65,3919.51,3919.7,2081.6135
2025-10-17 04:45:00+00:00,3919.69,3922.26,3910.33,3912.83,2895.6759
2025-10-17 05:00:00+00:00,3912.83,3917.41,3908.69,3911.02,3865.3752
2025-10-17 05:15:00+00:00,3911.03,3923.46,3906.37,3920.89,2777.0223
2025-10-17 05:30:00+00:00,3920.89,3923.41,3896.9,3900.83,6725.1111
2025-10-17 05:45:00+00:00,3900.82,3904.66,3893.4,3895.66,5694.3082
2025-10-17 06:00:00+00:00,3895.66,3906.18,3890.68,3895.74,4854.4614
2025-10-17 06:15:00+00:00,3895.75,3899.5,3862.48,3866.62,8651.2373
2025-10-17 06:30:00+00:00,3866.61,3871.11,3825.37,3828.56,16245.8059
2025-10-17 06:45:00+00:00,3828.56,3837.17,3807.6,3819.71,15248.7662
2025-10-17 07:00:00+00:00,3819.71,3824.33,3768.45,3779.01,32704.8988
2025-10-17 07:15:00+00:00,3779.0,3803.02,3778.03,3784.84,14200.7428
2025-10-17 07:30:00+00:00,3784.83,3796.54,3765.69,3777.39,19775.9626
2025-10-17 07:45:00+00:00,3777.4,3790.29,3752.89,3756.49,23561.4914
2025-10-17 08:00:00+00:00,3756.49,3770.0,3735.26,3742.8,22906.2986
2025-10-17 08:15:00+00:00,3742.8,3744.83,3706.0,3731.41,51185.0463
2025-10-17 08:30:00+00:00,3731.41,3759.37,3721.77,3721.77,15985.0971
2025-10-17 08:45:00+00:00,3721.78,3728.39,3704.21,3708.8,28549.6634
2025-10-17 09:00:00+00:00,3708.8,3739.71,3696.74,3735.55,23070.1835
2025-10-17 09:15:00+00:00,3735.58,3744.3,3723.77,3743.94,10034.2183
2025-10-17 09:30:00+00:00,3743.93,3769.02,3742.7,3745.35,19009.6068
2025-10-17 09:45:00+00:00,3745.35,3751.57,3724.0,3724.36,9193.6573
2025-10-17 10:00:00+00:00,3724.35,3738.98,3701.67,3718.91,12355.3874
2025-10-17 10:15:00+00:00,3718.9,3719.68,3674.5,3686.67,20577.7011
2025-10-17 10:30:00+00:00,3686.66,3711.44,3680.8,3697.71,9478.2288
2025-10-17 10:45:00+00:00,3697.71,3731.85,3695.75,3725.36,10671.19
2025-10-17 11:00:00+00:00,3725.37,3783.28,3720.65,3777.43,16623.4995
2025-10-17 11:15:00+00:00,3777.43,3817.7,3776.32,3797.78,24081.5263
2025-10-17 11:30:00+00:00,3797.78,3804.08,3767.95,3782.95,11740.1809
2025-10-17 11:45:00+00:00,3782.94,3796.39,3769.47,3778.54,6908.2202
2025-10-17 12:00:00+00:00,3778.53,3794.0,3771.58,3786.55,6155.9136
2025-10-17 12:15:00+00:00,3786.56,3811.42,3781.84,3787.47,8073.729
2025-10-17 12:30:00+00:00,3787.47,3799.68,3779.09,3788.05,6281.4727
2025-10-17 12:45:00+00:00,3788.06,3790.33,3770.94,3775.44,4820.3659
2025-10-17 13:00:00+00:00,3775.44,3787.68,3758.58,3758.59,6482.1024
2025-10-17 13:15:00+00:00,3758.58,3789.76,3757.82,3778.5,6205.5225
2025-10-17 13:30:00+00:00,3778.52,3806.5,3744.86,3754.21,17669.2406
2025-10-17 13:45:00+00:00,3754.2,3809.08,3740.08,3789.57,15086.5682
2025-10-17 14:00:00+00:00,3789.56,3798.29,3756.5,3782.2,10704.7477
2025-10-17 14:15:00+00:00,3782.21,3790.96,3753.33,3756.69,8975.8605
2025-10-17 14:30:00+00:00,3756.68,3765.4,3714.0,3748.24,24995.1109
2025-10-17 14:45:00+00:00,3748.24,3781.99,3745.2,3750.31,13525.446
2025-10-17 15:00:00+00:00,3750.31,3773.63,3746.4,3747.74,8706.5739
2025-10-17 15:15:00+00:00,3747.73,3780.9,3746.84,3770.26,6581.2155
2025-10-17 15:30:00+00:00,3770.26,3786.42,3744.79,3770.85,10330.2188
2025-10-17 15:45:00+00:00,3770.84,3800.94,3770.4,3797.75,8569.8702
2025-10-17 16:00:00+00:00,3797.76,3846.19,3794.88,3821.82,18313.7682
2025-10-17 16:15:00+00:00,3821.82,3840.62,3804.36,3813.33,11132.3533
2025-10-17 16:30:00+00:00,3813.33,3819.79,3789.13,3797.2,12069.4937
2025-10-17 16:45:00+00:00,3797.2,3811.94,3779.01,3787.94,6412.5751
2025-10-17 17:00:00+00:00,3787.95,3805.84,3782.81,3798.91,4478.3572
2025-10-17 17:15:00+00:00,3798.91,3803.13,3780.01,3792.36,3254.0298
2025-10-17 17:30:00+00:00,3792.36,3814.84,3787.1,3803.71,4320.3713
2025-10-17 17:45:00+00:00,3803.7,3826.47,3789.71,3817.61,6119.9599
2025-10-17 18:00:00+00:00,3817.61,3830.18,3814.05,3815.39,3376.6129
2025-10-17 18:15:00+00:00,3815.39,3840.43,3812.44,3835.62,3994.8785
2025-10-17 18:30:00+00:00,3835.62,3849.29,3830.68,3838.44,4518.6638
2025-10-17 18:45:00+00:00,3838.45,3843.05,3825.31,3835.69,3401.5163
2025-10-17 19:00:00+00:00,3835.69,3847.43,3832.3,3844.89,3050.5323
2025-10-17 19:15:00+00:00,3844.88,3850.36,3828.31,3832.94,3696.263
2025-10-17 19:30:00+00:00,3832.93,3832.93,3815.25,3822.0,3980.4044
2025-10-17 19:45:00+00:00,3822.0,3833.43,3818.83,3827.76,2566.2855
2025-10-17 20:00:00+00:00,3827.77,3842.99,3818.25,3841.24,3606.6128
2025-10-17 20:15:00+00:00,3841.24,3863.3,3839.36,3858.19,5613.4822
2025-10-17 20:30:00+00:00,3858.2,3860.17,3845.31,3851.45,3503.8121
2025-10-17 20:45:00+00:00,3851.45,3863.48,3850.88,3858.95,3139.1182
2025-10-17 21:00:00+00:00,3858.94,3882.85,3853.33,3872.42,9460.1489
2025-10-17 21:15:00+00:00,3872.42,3883.17,3868.13,3876.51,4195.8236
2025-10-17 21:30:00+00:00,3876.51,3880.89,3864.32,3875.93,5074.0321
2025-10-17 21:45:00+00:00,3875.92,3880.95,3871.86,3876.73,2602.5829
2025-10-17 22:00:00+00:00,3876.72,3882.68,3862.75,3864.05,4123.9213
2025-10-17 22:15:00+00:00,3864.05,3870.42,3858.94,3868.99,1953.6524
2025-10-17 22:30:00+00:00,3869.0,3870.06,3846.74,3849.19,3908.0641
2025-10-17 22:45:00+00:00,3849.19,3854.74,3849.19,3854.43,1009.4167
2025-10-17 23:00:00+00:00,3854.43,3854.74,3842.28,3844.4,2473.0959
2025-10-17 23:15:00+00:00,3844.4,3848.26,3838.4,3839.38,2246.5469
2025-10-17 23:30:00+00:00,3839.38,3844.67,3836.03,3838.86,1741.858
2025-10-17 23:45:00+00:00,3838.87,3840.75,3828.74,3831.57,2882.977
2025-10-18 00:00:00+00:00,3831.58,3836.3,3820.33,3822.19,2545.7755
2025-10-18 00:15:00+00:00,3822.19,3843.46,3819.07,3840.11,4107.0209
2025-10-18 00:30:00+00:00,3840.11,3844.0,3830.87,3842.91,2026.1278
2025-10-18 00:45:00+00:00,3842.91,3843.01,3835.35,3840.25,1424.8707
2025-10-18 01:00:00+00:00,3840.25,3852.5,3839.62,3848.18,2701.8636
2025-10-18 01:15:00+00:00,3848.17,3877.38,3844.68,3874.83,13328.8665
2025-10-18 01:30:00+00:00,3874.83,3878.9,3863.09,3864.5,3255.5842
2025-10-18 01:45:00+00:00,3864.5,3871.05,3860.03,3868.36,1836.9228
2025-10-18 02:00:00+00:00,3868.37,3882.28,3858.61,3861.9,3935.4284
2025-10-18 02:15:00+00:00,3861.91,3868.84,3854.54,3866.91,2536.694
2025-10-18 02:30:00+00:00,3866.91,3869.65,3854.7,3855.75,1886.0966
2025-10-18 02:45:00+00:00,3855.75,3857.0,3846.41,3851.24,2165.8964
2025-10-18 03:00:00+00:00,3851.23,3862.36,3849.59,3860.99,1610.2121
2025-10-18 03:15:00+00:00,3860.99,3871.43,3858.0,3871.43,1288.4157
2025-10-18 03:30:00+00:00,3871.44,3878.74,3867.74,3869.18,2566.7103
2025-10-18 03:45:00+00:00,3869.17,3875.0,3867.74,3870.57,1221.6819
2025-10-18 04:00:00+00:00,3870.56,3870.57,3849.07,3852.3,3134.9906
2025-10-18 04:15:00+00:00,3852.3,3858.0,3847.43,3856.82,1456.474
2025-10-18 04:30:00+00:00,3856.82,3857.2,3842.34,3844.1,1953.3895
2025-10-18 04:45:00+00:00,3844.1,3847.46,3841.3,3844.44,2044.7358
2025-10-18 05:00:00+00:00,3844.43,3855.63,3843.16,3855.27,2335.1532
2025-10-18 05:15:00+00:00,3855.27,3860.48,3853.13,3854.99,2018.8514
2025-10-18 05:30:00+00:00,3855.0,3864.0,3847.53,3863.3,2308.0541
2025-10-18 05:45:00+00:00,3863.3,3868.7,3863.29,3867.35,1611.9115
2025-10-18 06:00:00+00:00,3867.35,3876.65,3861.74,3875.21,3324.8647
2025-10-18 06:15:00+00:00,3875.21,3875.86,3866.05,3868.88,1238.7869
2025-10-18 06:30:00+00:00,3868.89,3873.03,3860.43,3864.39,1044.2813
2025-10-18 06:45:00+00:00,3864.39,3874.34,3863.18,3872.67,1128.0015
2025-10-18 07:00:00+00:00,3872.68,3927.73,3872.22,3909.39,14729.8562
2025-10-18 07:15:00+00:00,3909.39,3910.0,3884.37,3893.91,4686.2225
2025-10-18 07:30:00+00:00,3893.9,3905.01,3888.29,3900.02,6447.193
2025-10-18 07:45:00+00:00,3900.01,3908.52,3883.18,3892.43,5998.3729
2025-10-18 08:00:00+00:00,3892.44,3906.0,3889.37,3898.34,3720.2918
2025-10-18 08:15:00+00:00,3898.34,3898.34,3886.24,3887.54,1696.1119
2025-10-18 08:30:00+00:00,3887.54,3892.15,3883.39,3883.85,1993.5309
2025-10-18 08:45:00+00:00,3883.85,3888.25,3875.0,3876.68,3507.6465
2025-10-18 09:00:00+00:00,3876.69,3883.0,3871.51,3874.2,3186.372
2025-10-18 09:15:00+00:00,3874.19,3886.61,3865.52,3885.25,4670.2608
2025-10-18 09:30:00+00:00,3885.26,3886.99,3874.77,3878.61,3360.3234
2025-10-18 09:45:00+00:00,3878.61,3880.49,3870.93,3878.14,3938.7979
2025-10-18 10:00:00+00:00,3878.15,3879.28,3866.75,3867.25,2909.344
2025-10-18 10:15:00+00:00,3867.25,3877.41,3861.98,3873.71,3382.567
2025-10-18 10:30:00+00:00,3873.72,3893.22,3873.21,3889.64,5514.4305
2025-10-18 10:45:00+00:00,3889.64,3889.64,3868.9,3876.36,3655.0039
2025-10-18 11:00:00+00:00,3876.36,3876.9,3870.21,3876.15,2519.0205
2025-10-18 11:15:00+00:00,3876.15,3883.19,3870.0,3872.52,3308.1478
2025-10-18 11:30:00+00:00,3872.51,3878.81,3868.46,3878.81,2816.7925
2025-10-18 11:45:00+00:00,3878.81,3883.25,3873.5,3881.99,3467.7396
2025-10-18 12:00:00+00:00,3881.99,3889.18,3877.0,3886.2,1672.5131
2025-10-18 12:15:00+00:00,3886.2,3893.38,3876.43,3880.44,2191.2246
2025-10-18 12:30:00+00:00,3880.44,3880.47,3873.54,3880.21,1072.9914
2025-10-18 12:45:00+00:00,3880.21,3885.45,3878.75,3883.18,1028.2513
2025-10-18 13:00:00+00:00,3883.19,3883.32,3868.23,3873.83,2149.6581
2025-10-18 13:15:00+00:00,3873.82,3875.67,3863.37,3874.01,1435.0188
2025-10-18 13:30:00+00:00,3874.01,3874.01,3855.35,3861.61,2567.5641
2025-10-18 13:45:00+00:00,3861.6,3871.11,3857.19,3865.61,2658.8325
2025-10-18 14:00:00+00:00,3865.62,3875.0,3848.81,3854.26,7893.0116
2025-10-18 14:15:00+00:00,3854.25,3868.4,3854.25,3866.62,1418.6531
2025-10-18 14:30:00+00:00,3866.62,3881.41,3866.62,3870.98,2245.6461
2025-10-18 14:45:00+00:00,3870.99,3880.45,3870.03,3873.77,1672.1222
2025-10-18 15:00:00+00:00,3873.78,3880.38,3870.46,3872.0,3009.6841
2025-10-18 15:15:00+00:00,3871.99,3880.39,3871.52,3874.0,2990.2653
2025-10-18 15:30:00+00:00,3874.01,3874.01,3864.06,3873.31,1758.7256
2025-10-18 15:45:00+00:00,3873.32,3879.7,3873.32,3877.89,1704.5781
2025-10-18 16:00:00+00:00,3877.9,3882.56,3871.12,3875.78,1913.009
2025-10-18 16:15:00+00:00,3875.78,3877.32,3862.74,3867.82,1061.3749
2025-10-18 16:30:00+00:00,3867.81,3867.82,3853.69,3854.11,5474.0079
2025-10-18 16:45:00+00:00,3854.18,3868.21,3853.16,3865.53,2819.8049
2025-10-18 17:00:00+00:00,3865.53,3870.01,3858.55,3870.01,1931.3127
2025-10-18 17:15:00+00:00,3870.0,3891.0,3869.88,3886.6,4128.8065
2025-10-18 17:30:00+00:00,3886.61,3887.74,3877.78,3880.01,2033.5888
2025-10-18 17:45:00+00:00,3880.01,3898.39,3877.5,3893.43,2064.4128
2025-10-18 18:00:00+00:00,3893.43,3898.83,3885.2,3886.46,1494.457
2025-10-18 18:15:00+00:00,3886.47,3889.74,3882.62,3889.15,1254.2399
2025-10-18 18:30:00+00:00,3889.15,3893.51,3888.25,3889.96,1154.3906
2025-10-18 18:45:00+00:00,3889.96,3889.96,3884.36,3888.12,994.1228
2025-10-18 19:00:00+00:00,3888.12,3891.45,3882.71,3885.59,739.4079
2025-10-18 19:15:00+00:00,3885.58,3893.71,3885.58,3890.23,822.4617
2025-10-18 19:30:00+00:00,3890.23,3890.44,3886.88,3888.98,689.3981
2025-10-18 19:45:00+00:00,3888.99,3894.82,3888.69,3893.64,788.1842
2025-10-18 20:00:00+00:00,3893.63,3898.64,3887.07,3887.34,1333.6887
2025-10-18 20:15:00+00:00,3887.33,3900.97,3885.97,3899.44,1539.4628
2025-10-18 20:30:00+00:00,3899.45,3908.94,3892.58,3894.4,3164.0575
2025-10-18 20:45:00+00:00,3894.4,3898.83,3885.71,3885.71,1935.0984
2025-10-18 21:00:00+00:00,3885.71,3888.31,3869.62,3878.87,2435.8698
2025-10-18 21:15:00+00:00,3878.88,3888.2,3870.76,3888.2,1052.43
2025-10-18 21:30:00+00:00,3888.19,3896.43,3884.66,3890.1,1837.9629
2025-10-18 21:45:00+00:00,3890.09,3896.34,3888.48,3891.92,791.7948
2025-10-18 22:00:00+00:00,3891.91,3894.44,3883.65,3885.98,1267.9751
2025-10-18 22:15:00+00:00,3885.98,3893.8,3885.19,3891.39,766.0483
2025-10-18 22:30:00+00:00,3891.39,3895.15,3889.48,3890.98,627.6107
2025-10-18 22:45:00+00:00,3890.97,3890.97,3883.35,3886.14,830.5124
2025-10-18 23:00:00+00:00,3886.13,3889.3,3881.83,3886.0,1458.742
2025-10-18 23:15:00+00:00,3886.0,3888.11,3881.0,3886.84,1446.6791
2025-10-18 23:30:00+00:00,3886.84,3890.5,3885.53,3886.66,3097.8333
2025-10-18 23:45:00+00:00,3886.66,3889.73,3886.0,3889.21,2747.4391
2025-10-19 00:00:00+00:00,3889.2,3892.48,3882.46,3885.11,4478.995
2025-10-19 00:15:00+00:00,3885.1,3889.55,3880.38,3881.51,4183.7346
2025-10-19 00:30:00+00:00,3881.52,3882.48,3864.38,3867.53,4058.3258
2025-10-19 00:45:00+00:00,3867.52,3871.07,3862.44,3869.17,4091.9459
2025-10-19 01:00:00+00:00,3869.17,3869.17,3855.7,3860.03,2834.9581
2025-10-19 01:15:00+00:00,3860.02,3871.62,3859.0,3871.3,2066.0185
2025-10-19 01:30:00+00:00,3871.3,3872.61,3864.45,3869.23,831.4198
2025-10-19 01:45:00+00:00,3869.24,3876.63,3868.99,3874.0,1014.3115
2025-10-19 02:00:00+00:00,3874.0,3875.69,3865.5,3867.23,1072.4744
2025-10-19 02:15:00+00:00,3867.22,3873.0,3865.15,3868.37,999.8462
2025-10-19 02:30:00+00:00,3868.37,3872.51,3866.83,3868.62,855.8866
2025-10-19 02:45:00+00:00,3868.62,3874.07,3866.53,3872.95,1217.8303
2025-10-19 03:00:00+00:00,3872.96,3875.43,3868.51,3869.01,1049.6338
2025-10-19 03:15:00+00:00,3869.01,3887.11,3869.01,3885.83,1934.4237
2025-10-19 03:30:00+00:00,3885.83,3903.14,3885.82,3899.63,6521.3319
2025-10-19 03:45:00+00:00,3899.63,3906.57,3895.36,3906.29,3270.6409
2025-10-19 04:00:00+00:00,3906.3,3908.17,3891.6,3895.29,4594.4268
2025-10-19 04:15:00+00:00,3895.29,3901.35,3894.63,3900.95,3252.0549
2025-10-19 04:30:00+00:00,3900.95,3903.99,3898.0,3899.39,2469.6334
2025-10-19 04:45:00+00:00,3899.39,3903.27,3898.45,3903.27,3501.9362
2025-10-19 05:00:00+00:00,3903.26,3906.12,3901.22,3902.86,2690.4286
2025-10-19 05:15:00+00:00,3902.85,3921.61,3902.0,3906.66,7302.5457
2025-10-19 05:30:00+00:00,3906.65,3912.49,3900.22,3903.0,2703.4243
2025-10-19 05:45:00+00:00,3902.99,3902.99,3894.5,3897.21,3350.2478
2025-10-19 06:00:00+00:00,3897.22,3901.13,3889.11,3890.17,2916.2579
2025-10-19 06:15:00+00:00,3890.16,3892.17,3886.03,3888.86,2973.6216
2025-10-19 06:30:00+00:00,3888.87,3888.87,3875.86,3880.53,3611.0991
2025-10-19 06:45:00+00:00,3880.53,3882.72,3873.91,3881.48,1400.8506
2025-10-19 07:00:00+00:00,3881.48,3887.87,3877.86,3886.91,1087.9104
2025-10-19 07:15:00+00:00,3886.92,3891.05,3882.76,3884.2,1144.783
2025-10-19 07:30:00+00:00,3884.2,3893.51,3879.18,3881.6,4636.1979
2025-10-19 07:45:00+00:00,3881.59,3888.01,3879.18,3888.01,1326.6866
2025-10-19 08:00:00+00:00,3888.01,3896.35,3885.65,3887.85,2059.8591
2025-10-19 08:15:00+00:00,3887.85,3955.6,3827.04,3876.03,36408.9363
2025-10-19 08:30:00+00:00,3876.02,3876.02,3860.0,3862.99,3118.3463
2025-10-19 08:45:00+00:00,3862.99,3874.17,3858.48,3863.3,3616.6891
2025-10-19 09:00:00+00:00,3863.29,3865.12,3849.56,3861.31,4709.1294
2025-10-19 09:15:00+00:00,3861.31,3868.2,3851.78,3854.14,2697.4821
2025-10-19 09:30:00+00:00,3854.14,3905.4,3853.6,3896.32,8022.7727
2025-10-19 09:45:00+00:00,3896.32,3930.0,3890.53,3912.81,13083.5649
2025-10-19 10:00:00+00:00,3912.85,3926.78,3898.73,3910.0,5508.9511
2025-10-19 10:15:00+00:00,3910.0,3949.97,3906.63,3934.66,11232.6062
2025-10-19 10:30:00+00:00,3934.67,3935.98,3919.28,3924.91,5787.9965
2025-10-19 10:45:00+00:00,3924.9,3931.44,3917.22,3930.92,2578.5735
2025-10-19 11:00:00+00:00,3930.91,3951.1,3930.91,3946.2,7720.4057
2025-10-19 11:15:00+00:00,3946.2,3951.34,3925.27,3930.56,4647.2585
2025-10-19 11:30:00+00:00,3930.57,3934.53,3923.06,3923.4,1811.9939
2025-10-19 11:45:00+00:00,3923.41,3926.64,3915.24,3923.82,2953.1469
2025-10-19 12:00:00+00:00,3923.82,3930.35,3915.66,3918.09,3640.3872
2025-10-19 12:15:00+00:00,3918.09,3922.0,3911.66,3914.08,1751.8916
2025-10-19 12:30:00+00:00,3914.08,3923.4,3908.17,3915.78,2119.234
2025-10-19 12:45:00+00:00,3915.78,3924.08,3912.51,3923.13,1202.0464
2025-10-19 13:00:00+00:00,3923.14,3926.0,3913.96,3917.25,1488.0817
2025-10-19 13:15:00+00:00,3917.25,3926.13,3915.1,3926.1,3066.9326
2025-10-19 13:30:00+00:00,3926.09,3949.59,3925.52,3946.5,8658.559
2025-10-19 13:45:00+00:00,3946.51,3988.61,3944.08,3972.23,15719.5497
2025-10-19 14:00:00+00:00,3972.23,3974.62,3955.0,3967.83,6409.5567
2025-10-19 14:15:00+00:00,3967.83,4002.08,3963.22,3991.52,14587.0678
2025-10-19 14:30:00+00:00,3991.52,3996.5,3971.29,3982.47,9112.5946
2025-10-19 14:45:00+00:00,3982.47,3991.61,3979.5,3989.31,4272.4872
2025-10-19 15:00:00+00:00,3989.31,3992.85,3977.38,3981.2,6666.3528
2025-10-19 15:15:00+00:00,3981.2,3989.55,3977.0,3981.91,5547.6487
2025-10-19 15:30:00+00:00,3981.91,3983.1,3972.94,3974.65,5485.6801
2025-10-19 15:45:00+00:00,3974.65,3981.48,3974.65,3978.65,1979.6224
2025-10-19 16:00:00+00:00,3978.65,3979.77,3968.01,3969.63,5029.1109
2025-10-19 16:15:00+00:00,3969.64,3972.39,3962.3,3968.73,5708.6699
2025-10-19 16:30:00+00:00,3968.73,3987.55,3958.71,3984.75,6085.3397
2025-10-19 16:45:00+00:00,3984.74,3988.41,3978.09,3981.01,3546.0324
2025-10-19 17:00:00+00:00,3981.01,4026.95,3980.45,4011.64,16694.1599
2025-10-19 17:15:00+00:00,4011.65,4017.17,3988.78,3989.53,7471.671
2025-10-19 17:30:00+00:00,3989.53,3995.88,3986.48,3991.0,2309.3891
2025-10-19 17:45:00+00:00,3991.0,3995.89,3985.4,3993.66,1228.3349
2025-10-19 18:00:00+00:00,3993.66,4005.63,3988.73,3992.42,2870.2721
2025-10-19 18:15:00+00:00,3992.43,3997.82,3986.43,3993.9,2723.2184
2025-10-19 18:30:00+00:00,3993.9,4004.78,3991.4,4001.78,1806.3511
2025-10-19 18:45:00+00:00,4001.78,4005.15,3999.75,4001.51,1235.8828
2025-10-19 19:00:00+00:00,4001.52,4005.0,3980.0,3989.82,4215.5408
2025-10-19 19:15:00+00:00,3989.81,3991.43,3985.68,3991.39,3672.6275
2025-10-19 19:30:00+00:00,3991.39,3991.4,3980.0,3985.23,2682.465
2025-10-19 19:45:00+00:00,3985.23,3989.76,3979.01,3985.75,3372.9233
2025-10-19 20:00:00+00:00,3985.75,3987.4,3977.89,3978.67,3611.5235
2025-10-19 20:15:00+00:00,3978.67,3984.35,3974.65,3984.35,1741.4871
2025-10-19 20:30:00+00:00,3984.35,3985.96,3980.64,3983.79,632.1259
2025-10-19 20:45:00+00:00,3983.8,4003.77,3983.79,4001.13,3108.5286
2025-10-19 21:00:00+00:00,4001.13,4003.99,3995.67,4002.3,1796.148
2025-10-19 21:15:00+00:00,4002.3,4002.69,3986.88,3986.88,1158.588
2025-10-19 21:30:00+00:00,3986.87,3994.68,3984.84,3991.27,1034.0003
2025-10-19 21:45:00+00:00,3991.28,3997.97,3988.86,3997.5,1141.9805
2025-10-19 22:00:00+00:00,3997.5,4009.79,3988.73,4004.6,3277.6905
2025-10-19 22:15:00+00:00,4004.6,4019.77,4002.55,4015.55,2691.3087
2025-10-19 22:30:00+00:00,4015.56,4023.12,4011.31,4022.92,1735.417
2025-10-19 22:45:00+00:00,4022.91,4030.94,4018.88,4020.76,2968.8311
2025-10-19 23:00:00+00:00,4020.76,4020.76,3999.11,4002.73,3814.7677
2025-10-19 23:15:00+00:00,4002.73,4002.73,3992.51,3994.28,1776.5079
2025-10-19 23:30:00+00:00,3994.28,3997.0,3970.0,3976.52,5785.102
2025-10-19 23:45:00+00:00,3976.52,3987.59,3974.4,3982.58,4502.9724
2025-10-20 00:00:00+00:00,3982.58,3982.58,3953.98,3956.56,5789.8022
2025-10-20 00:15:00+00:00,3956.55,3960.54,3921.29,3926.23,14335.568
2025-10-20 00:30:00+00:00,3926.2,3942.31,3908.73,3932.96,8876.8439
2025-10-20 00:45:00+00:00,3932.97,3945.45,3928.17,3941.76,3514.1877
2025-10-20 01:00:00+00:00,3941.75,3952.69,3930.37,3943.4,6206.7962
2025-10-20 01:15:00+00:00,3943.39,3954.42,3940.0,3947.86,2784.0501
2025-10-20 01:30:00+00:00,3947.86,3951.39,3935.5,3943.96,1962.5308
2025-10-20 01:45:00+00:00,3943.96,3950.46,3937.16,3938.21,2190.4503
2025-10-20 02:00:00+00:00,3938.22,3938.22,3919.21,3928.22,3478.2229
2025-10-20 02:15:00+00:00,3928.21,3950.24,3926.13,3946.7,3755.285
2025-10-20 02:30:00+00:00,3946.69,3963.13,3942.0,3958.0,4023.5997
2025-10-20 02:45:00+00:00,3957.99,3966.49,3952.09,3956.54,2420.5666
2025-10-20 03:00:00+00:00,3956.55,3957.11,3948.08,3956.82,1481.861
2025-10-20 03:15:00+00:00,3956.82,3968.89,3955.17,3962.0,1822.729
2025-10-20 03:30:00+00:00,3961.99,3987.08,3955.23,3979.3,4789.4379
2025-10-20 03:45:00+00:00,3979.31,4025.55,3975.56,4018.05,7133.8531
