rsi_period,entry,exit,stop,final,return_pct,trades,win_rate
10,53,70,0.01,1057.8912729478525,-29.473915136809836,179,50.27932960893855
10,51,70,0.01,1052.8696917990042,-29.808687213399722,168,50.0
10,53,69,0.01,1050.8244008546676,-29.945039943022156,187,50.80213903743316
10,46,70,0.01,1039.6147096377845,-30.692352690814374,146,50.0
10,45,70,0.01,1038.0792087056575,-30.79471941962283,144,49.30555555555556
10,51,69,0.01,1035.9211178556666,-30.938592142955557,175,50.857142857142854
10,52,70,0.01,1028.5647767032115,-31.429014886452567,172,50.0
10,51,70,0.007,1026.2214762055119,-31.585234919632544,200,43.5
10,53,70,0.007,1025.633003358194,-31.624466442787067,212,44.339622641509436
10,53,69,0.007,1025.5599529818317,-31.629336467877888,220,45.45454545454545
10,46,69,0.01,1024.8889637513057,-31.67406908324628,151,50.331125827814574
10,51,69,0.007,1023.7155475124613,-31.75229683250258,207,44.44444444444444
10,45,69,0.01,1020.8214264170434,-31.945238238863773,147,49.65986394557823
10,50,70,0.01,1020.4582369708468,-31.969450868610217,162,49.382716049382715
10,52,69,0.01,1018.1553951866902,-32.12297365422066,179,50.27932960893855
10,49,70,0.01,1015.7528802917416,-32.28314131388389,154,49.35064935064935
10,48,70,0.01,1005.5440431089194,-32.96373045940537,151,49.00662251655629
10,49,69,0.01,1005.1464785193016,-32.9902347653799,161,50.31055900621118
10,47,70,0.01,1005.0217192293404,-32.9985520513773,147,48.29931972789115
10,50,70,0.007,1004.7797913751014,-33.014680574993235,195,42.56410256410256
10,50,69,0.01,1004.5311883228994,-33.03125411180671,169,50.29585798816568
10,54,70,0.01,1003.8362045879974,-33.07758636080017,183,49.18032786885246
10,50,69,0.007,1002.8251540772303,-33.14498972818465,202,43.56435643564357
10,54,69,0.01,997.7573318290401,-33.48284454473066,192,48.95833333333333
10,57,70,0.01,995.2094755404421,-33.652701630637196,196,48.46938775510204
8,46,69,0.01,994.0973971022378,-33.726840193184145,182,53.2967032967033
10,48,69,0.01,991.3008952203693,-33.91327365197539,156,50.0
10,47,69,0.01,990.7859698593461,-33.94760200937693,152,49.34210526315789
8,48,69,0.01,989.966312538508,-34.00224583076613,196,53.57142857142857
10,45,66,0.01,989.2877475203486,-34.04748349864343,160,52.5
10,57,69,0.01,989.1044747029548,-34.05970168646968,206,49.029126213592235
8,46,68,0.01,987.2167965378849,-34.18554689747434,189,53.43915343915344
10,49,69,0.007,987.00228585192,-34.199847609872,194,43.29896907216495
10,49,70,0.007,984.8853950453318,-34.34097366364455,187,42.24598930481284
8,46,70,0.01,983.3279504077094,-34.44480330615271,176,53.40909090909091
10,45,63,0.01,983.0313233676898,-34.464578442154014,184,53.80434782608695
8,48,70,0.01,980.5459757016728,-34.63026828655514,190,53.1578947368421
10,45,65,0.01,979.6418238226314,-34.69054507849124,166,51.80722891566265
10,53,68,0.01,979.0956021487623,-34.72695985674918,191,50.78534031413613
10,46,68,0.01,978.7973128617433,-34.746845809217106,153,50.326797385620914
10,53,70,0.005,977.6866708920301,-34.820888607198,252,37.301587301587304
10,46,67,0.01,976.4441930058621,-34.903720466275864,159,51.57232704402516
10,46,66,0.01,976.3846496071366,-34.9076900261909,164,53.04878048780488
10,45,68,0.01,976.2035222635496,-34.91976518243003,149,49.664429530201346
10,45,67,0.01,975.3251286082065,-34.9783247594529,155,50.967741935483865
8,48,68,0.01,974.8626147690585,-35.009159015396094,205,53.65853658536586
10,51,68,0.01,972.7677087123469,-35.14881941917687,178,50.56179775280899
10,55,70,0.01,971.95294860949,-35.20313675936734,189,48.67724867724868
8,45,69,0.01,971.6833691230166,-35.221108725132225,176,52.84090909090909
10,53,69,0.005,971.1640811594184,-35.25572792270544,261,38.31417624521073
10,56,69,0.01,969.0517364204624,-35.396550905302504,201,48.258706467661696
10,56,70,0.01,969.0293371032951,-35.398044193113655,191,48.167539267015705
10,54,70,0.007,968.7939780632265,-35.413734795784904,217,43.31797235023041
10,45,64,0.01,968.7051826609764,-35.41965448926824,172,51.162790697674424
8,45,68,0.01,968.3879034680531,-35.440806435463124,183,53.00546448087432
10,54,69,0.007,968.2298910147804,-35.45134059901465,226,44.24778761061947
10,46,65,0.01,966.7308802466922,-35.55127465022052,171,52.63157894736842
10,46,63,0.01,965.2022884796886,-35.65318076802077,190,54.736842105263165
8,46,67,0.01,965.0585866422321,-35.662760890517866,200,53.5
10,58,70,0.01,964.9304413376532,-35.67130391082313,202,48.51485148514851
10,55,69,0.01,963.9116517935058,-35.73922321376628,198,48.484848484848484
8,45,70,0.01,960.3742967256329,-35.975046884957806,170,52.94117647058824
10,46,64,0.01,958.3601023238534,-36.1093265117431,178,52.24719101123596
8,45,67,0.01,958.3127298235373,-36.112484678430846,193,52.84974093264248
10,48,70,0.007,957.8671564093215,-36.1421895727119,184,41.84782608695652
10,51,68,0.007,957.7533888185129,-36.14977407876581,210,44.285714285714285
10,49,66,0.01,957.3955944491748,-36.173627036721676,175,54.285714285714285
8,47,69,0.01,955.6120717303381,-36.29252855131079,188,52.659574468085104
10,53,66,0.01,955.6118543065355,-36.29254304623096,206,54.36893203883495
10,49,68,0.01,954.613307331179,-36.35911284458806,163,50.306748466257666
10,49,67,0.01,954.3359632150217,-36.37760245233188,170,52.352941176470594
10,57,69,0.007,954.0649579183563,-36.39566947210958,240,45.0
10,57,70,0.007,953.8974173496841,-36.40683884335439,230,43.913043478260875
10,52,68,0.01,953.7637007377219,-36.415753284151876,183,50.27322404371585
10,58,69,0.01,952.5204752677483,-36.498634982150115,212,49.056603773584904
10,53,68,0.007,951.7773242283918,-36.54817838477388,224,45.535714285714285
10,50,68,0.01,951.0598827476448,-36.596007816823686,172,50.0
10,51,70,0.005,950.3347149852717,-36.64435233431522,236,36.86440677966102
10,50,66,0.01,949.0606422235066,-36.72929051843289,184,53.80434782608695
10,52,70,0.007,948.613433283027,-36.759104447798194,207,42.99516908212561
10,48,69,0.007,948.0206389985992,-36.798624066760055,189,42.857142857142854
8,49,69,0.01,947.1915351479623,-36.853897656802516,202,53.46534653465347
8,49,70,0.01,947.1873926358569,-36.8541738242762,196,52.55102040816326
10,50,67,0.01,946.8488860280708,-36.876740931461946,179,51.955307262569825
8,47,70,0.01,946.5186435125999,-36.89875709916001,182,52.74725274725275
10,52,69,0.007,945.2607858136892,-36.982614279087386,214,43.925233644859816
8,48,67,0.01,945.1628473908071,-36.98914350727953,216,52.77777777777778
10,45,70,0.007,944.1311738651219,-37.057921742325206,178,41.01123595505618
10,50,68,0.007,944.034072085512,-37.0643951942992,205,43.41463414634146
10,56,69,0.007,943.8801393467022,-37.07465737688652,237,44.303797468354425
10,47,66,0.01,943.6310415924055,-37.09126389383963,166,52.40963855421686
10,51,66,0.01,943.0699126386207,-37.12867249075862,192,54.166666666666664
10,53,67,0.01,942.1566617576549,-37.18955588282301,200,52.5
10,46,70,0.007,941.9385937799065,-37.20409374800624,179,41.899441340782126
10,45,62,0.01,941.737430171885,-37.21750465520767,187,51.87165775401069
10,48,68,0.01,941.4638029083069,-37.23574647277954,158,50.0
10,47,68,0.01,940.9747651288212,-37.26834899141191,154,49.35064935064935
10,50,70,0.005,940.3987830556031,-37.30674779629312,230,36.08695652173913
10,48,66,0.01,940.3685223392857,-37.308765177380955,170,53.529411764705884
10,51,67,0.01,940.3236892874879,-37.3117540475008,186,52.1505376344086
8,47,68,0.01,940.3210980880217,-37.31192679413189,196,52.55102040816326
10,56,70,0.007,939.4374237111642,-37.37083841925571,227,43.17180616740088
10,51,69,0.005,938.8623933024572,-37.40917377983618,244,37.704918032786885
10,59,70,0.01,938.4095925834183,-37.43936049443878,208,49.519230769230774
10,47,67,0.01,938.1847085572678,-37.45435276284882,160,50.625
10,48,67,0.01,937.363305980192,-37.509112934653864,165,51.515151515151516
10,55,70,0.007,937.0740271814507,-37.52839818790329,224,43.30357142857143
8,49,68,0.01,935.9056328670445,-37.60629114219704,212,54.24528301886793
8,45,66,0.01,935.5589579521023,-37.62940280319318,204,52.94117647058824
10,55,69,0.007,934.438818752647,-37.70407874982353,233,44.20600858369099
8,46,66,0.01,932.4277098961013,-37.83815267359325,210,53.333333333333336
10,46,69,0.007,932.2558160571041,-37.849612262859736,184,42.391304347826086
10,49,68,0.007,930.9231981424402,-37.93845345717065,197,43.14720812182741
10,47,65,0.01,930.8580815030705,-37.94279456646197,173,52.02312138728323
10,59,69,0.01,929.9415025874338,-38.00389982750442,218,50.0
10,50,69,0.005,929.5088628131622,-38.03274247912252,238,36.97478991596639
8,46,70,0.007,929.4261784766646,-38.03825476822236,211,46.44549763033176
10,45,69,0.007,928.1543948431756,-38.1230403437883,182,41.208791208791204
10,54,68,0.01,927.6020147012894,-38.15986568658071,198,49.494949494949495
10,48,65,0.01,926.7206962833774,-38.21862024777484,178,53.37078651685393
10,60,70,0.01,925.2864319642813,-38.314237869047915,211,50.23696682464455
10,47,70,0.007,924.1909645331284,-38.387269031124774,182,41.208791208791204
10,46,62,0.01,923.523641213464,-38.43175725243574,193,52.84974093264248
10,52,67,0.01,923.4916364767873,-38.43389090154751,192,52.083333333333336
10,52,70,0.005,922.9887097627792,-38.46741934914806,244,36.47540983606557
10,51,67,0.007,922.8694400841827,-38.475370661054484,219,45.662100456621005
10,47,64,0.01,922.7979207725555,-38.48013861516297,180,51.66666666666667
10,52,66,0.01,922.5396632037558,-38.49735578641628,198,54.04040404040404
10,49,65,0.01,922.0224639499145,-38.53183573667237,184,53.80434782608695
10,49,70,0.005,921.1342622864339,-38.5910491809044,222,35.585585585585584
10,45,70,0.005,920.9225989640123,-38.605160069065846,212,34.43396226415094
10,54,70,0.005,918.9136017179317,-38.739093218804555,259,36.67953667953668
8,50,69,0.01,918.6293400053095,-38.75804399964603,206,52.42718446601942
8,50,70,0.01,918.6253224090613,-38.75831183939592,200,52.0
10,50,67,0.007,918.3110717493906,-38.77926188337396,213,45.07042253521127
10,46,70,0.005,917.9596487184543,-38.802690085436375,214,35.046728971962615
10,53,65,0.01,917.0176780781912,-38.86548812812058,218,55.5045871559633
8,47,67,0.01,915.7357022984236,-38.950953180105095,207,52.17391304347826
10,48,64,0.01,915.5727740378813,-38.96181506414125,185,52.972972972972975
10,49,64,0.01,914.9479543804292,-39.003469707971384,192,53.125
10,57,68,0.01,914.7344376449622,-39.01770415700252,211,49.763033175355446
10,47,69,0.007,914.6906258251801,-39.02062494498799,187,42.24598930481284
8,48,66,0.01,914.2156327707969,-39.05229114861354,227,53.74449339207048
10,49,69,0.005,914.2028001152072,-39.05314665898618,230,36.52173913043478
10,47,63,0.01,913.8710941877187,-39.07526038748542,193,53.8860103626943
10,52,69,0.005,913.65578951238,-39.089614032508,252,37.301587301587304
10,53,67,0.007,912.9599225099847,-39.13600516600102,234,47.008547008547005
10,54,66,0.01,912.8637588195019,-39.142416078699874,213,52.58215962441315
10,54,69,0.005,912.316618819078,-39.17889207872813,269,37.9182156133829
10,45,53,0.01,911.9224610799906,-39.205169261333964,267,50.187265917603
10,58,70,0.007,911.3312851303075,-39.24458099131284,236,43.64406779661017
10,57,70,0.005,911.1222536259108,-39.25851642493928,275,37.09090909090909
8,49,67,0.01,910.9975326072542,-39.26683115951638,224,53.125
10,60,69,0.01,910.3907445131293,-39.30728369912471,221,50.2262443438914
10,45,61,0.01,909.9092632526762,-39.33938244982159,195,52.307692307692314
8,46,67,0.007,909.5580770148757,-39.36279486567496,236,49.152542372881356
10,49,67,0.007,909.320538356067,-39.3786307762622,205,44.87804878048781
10,50,65,0.01,908.8652850227547,-39.408980998483024,194,53.608247422680414
10,45,54,0.01,908.2657730817293,-39.448948461218045,258,52.71317829457365
10,51,65,0.01,905.9697544806297,-39.602016367958015,203,54.679802955665025
10,58,69,0.007,905.3222611305735,-39.645182591295104,246,44.71544715447154
10,45,69,0.005,904.2107026801227,-39.71928648799182,217,35.02304147465438
8,46,69,0.007,904.1459689010597,-39.72360207326269,218,46.788990825688074
10,53,68,0.005,903.7382578268173,-39.75078281154551,265,38.49056603773585
8,50,68,0.01,903.696177342355,-39.75358817717633,217,53.45622119815668
8,45,67,0.007,902.712805197277,-39.81914632018153,229,48.90829694323144
8,46,68,0.007,900.6517867200313,-39.956547551997915,225,47.55555555555556
10,56,70,0.005,899.7083550525947,-40.01944299649368,271,36.53136531365313
10,54,68,0.007,899.4183508512008,-40.03877660991995,231,44.58874458874459
8,48,70,0.007,898.9705433804006,-40.06863044130663,225,46.22222222222222
10,51,64,0.01,898.5488542318599,-40.09674305120934,211,54.502369668246445
10,50,64,0.01,898.3398101629738,-40.110679322468414,202,53.46534653465347
10,59,70,0.007,898.3326467865029,-40.11115688089981,243,44.44444444444444
8,45,70,0.007,898.2114953118225,-40.119233645878495,205,45.36585365853659
10,55,70,0.005,898.2098084708583,-40.119346101942774,266,36.84210526315789
8,53,69,0.01,897.531283956559,-40.16458106956273,224,52.23214285714286
8,45,65,0.01,897.5221072980144,-40.165192846799044,212,53.77358490566038
8,48,65,0.01,897.0308060755956,-40.19794626162696,237,54.43037974683544
10,53,64,0.01,896.3958445419933,-40.240277030533775,227,55.06607929515418
10,46,69,0.005,896.1421168228637,-40.25719221180909,221,35.74660633484163
10,48,68,0.007,895.9568264318389,-40.26954490454408,192,42.70833333333333
10,48,70,0.005,894.946743903783,-40.3368837397478,219,35.15981735159817
10,60,70,0.007,894.7134401452917,-40.35243732364723,246,45.1219512195122
10,56,68,0.01,893.6939429916229,-40.42040380055848,207,49.275362318840585
8,46,65,0.01,893.0203061844866,-40.465312921034226,218,53.669724770642205
10,58,70,0.005,892.626789111416,-40.49154739257227,279,37.27598566308244
10,55,68,0.01,892.5861181618312,-40.49425878921126,204,49.01960784313725
10,51,70,0.003,892.3917521299428,-40.507216524670476,300,28.999999999999996
10,57,66,0.01,891.6490458792331,-40.556730274717786,228,52.19298245614035
10,46,61,0.01,891.481547302527,-40.5678968464982,201,52.736318407960205
10,54,67,0.01,890.5674536913702,-40.62883642057532,207,50.72463768115942
10,55,69,0.005,889.7717542781609,-40.681883048122614,276,38.04347826086957
10,57,69,0.005,889.4997512502163,-40.70001658331892,289,38.062283737024224
10,48,63,0.01,888.8999331427012,-40.740004457153255,200,54.0
10,56,69,0.005,888.5842455129683,-40.76105029913545,283,37.80918727915194
10,45,60,0.01,888.0219208177552,-40.79853861214965,202,52.97029702970298
10,58,68,0.01,887.8778187172148,-40.80814541885235,218,49.54128440366973
8,45,64,0.01,886.7224651543811,-40.885168989707935,220,55.00000000000001
10,52,65,0.01,886.2471604389126,-40.916855970739164,209,54.54545454545454
10,51,69,0.003,886.0949246168337,-40.92700502554442,308,29.87012987012987
8,49,70,0.007,885.7116129543492,-40.95255913637672,233,46.3519313304721
8,51,69,0.01,885.6179840184549,-40.95880106543635,211,51.65876777251185
10,49,63,0.01,884.0004998749675,-41.06663334166883,207,54.589371980676326
10,45,52,0.01,883.9488274510153,-41.07007816993231,278,47.122302158273385
8,47,66,0.01,883.7535070335069,-41.08309953109954,218,52.752293577981646
10,45,68,0.007,882.5898973765298,-41.16067350823134,185,41.08108108108108
8,51,70,0.01,882.5872771247948,-41.160848191680344,205,51.21951219512195
10,47,70,0.005,882.5523823481196,-41.16317451012536,217,34.56221198156682
10,52,68,0.007,882.2066015942139,-41.18622656038574,218,44.03669724770643
8,53,68,0.01,881.90436192428,-41.20637587171466,235,52.76595744680851
10,46,68,0.007,881.8522597695429,-41.209849348697134,188,42.5531914893617
10,57,68,0.007,881.6861340122653,-41.220924399182316,245,45.714285714285715
10,54,65,0.01,881.3385691582369,-41.24409538945088,229,55.021834061135365
8,53,70,0.01,881.2337294487346,-41.251084703417696,217,51.1520737327189
10,53,70,0.003,880.9875718624479,-41.267495209170136,320,29.375
10,53,69,0.003,880.8148420466817,-41.279010530221214,328,30.48780487804878
10,51,66,0.007,880.5446761474235,-41.29702159017177,228,46.92982456140351
10,51,68,0.005,880.520573411113,-41.29862843925913,247,37.65182186234818
8,48,69,0.007,879.8114199404641,-41.34590533730239,232,46.12068965517241
10,50,68,0.005,878.9275505312872,-41.40482996458085,241,36.92946058091287
8,48,64,0.01,878.8266735955992,-41.41155509362672,245,54.285714285714285
10,48,69,0.005,878.804309638009,-41.413046024132726,226,35.84070796460177
8,50,67,0.01,878.527916198502,-41.4314722534332,229,52.40174672489083
10,52,70,0.003,878.2428498109168,-41.45047667927221,307,28.990228013029316
8,47,70,0.007,878.2084380433039,-41.45277079711307,217,46.08294930875576
8,45,66,0.007,878.005042716563,-41.466330485562466,242,49.586776859504134
10,59,69,0.007,877.8937673404516,-41.473748843969894,254,45.2755905511811
8,46,64,0.01,877.5339824729543,-41.49773450180304,227,55.06607929515418
8,50,70,0.007,876.9839134318349,-41.534405771211006,234,46.15384615384615
8,46,66,0.007,876.7729460176308,-41.548470265491275,248,49.596774193548384
10,50,66,0.007,875.684635625529,-41.62102429163139,221,46.15384615384615
10,52,69,0.003,875.0296509478918,-41.66468993680721,314,29.936305732484076
8,45,69,0.007,874.4922139392991,-41.70051907071339,212,45.75471698113208
10,47,62,0.01,874.4089923712739,-41.70606717524841,196,51.53061224489795
8,45,68,0.007,874.2090512133014,-41.7193965857799,219,46.57534246575342
10,60,69,0.007,874.0627773599438,-41.72914817600375,257,45.525291828793776
10,53,63,0.01,874.0020090719701,-41.73319939520199,251,56.17529880478087
10,56,66,0.01,873.9562490169249,-41.736250065538336,224,52.23214285714286
10,55,66,0.01,873.800758973403,-41.7466160684398,220,51.81818181818182
8,49,66,0.01,873.6389797455106,-41.7574013502993,236,53.813559322033896
10,56,68,0.007,872.587636692304,-41.82749088717973,242,45.04132231404959
10,50,63,0.01,872.2979018009423,-41.846806546603844,218,54.58715596330275
10,45,70,0.003,871.6411694089401,-41.890588706070666,258,27.906976744186046
8,46,69,0.005,871.6256228305157,-41.891625144632286,250,40.8
10,59,68,0.01,871.504127111304,-41.899724859246405,226,50.442477876106196
8,51,68,0.01,871.2305792692487,-41.91796138205008,222,52.702702702702695
10,48,67,0.007,870.9748298523933,-41.93501134317378,201,44.27860696517413
8,52,69,0.01,869.8934590999975,-42.00710272666684,213,50.70422535211267
10,45,58,0.01,869.4172820732568,-42.03884786178288,226,55.75221238938053
10,52,64,0.01,869.3725493670987,-42.04183004219342,218,54.12844036697248
8,52,70,0.01,868.4509786621428,-42.10326808919048,207,50.24154589371981
10,53,66,0.007,868.420330812947,-42.10531127913687,244,47.950819672131146
8,55,69,0.01,867.6386257412826,-42.15742495058116,233,52.78969957081545
10,49,66,0.007,867.2647530164144,-42.182349798905705,212,46.22641509433962
10,55,68,0.007,867.1652523055586,-42.188983179629425,238,44.537815126050425
10,49,68,0.005,866.8378630209327,-42.21080913193782,232,36.637931034482754
10,51,63,0.01,866.3755333871521,-42.24163110752319,229,55.021834061135365
10,45,51,0.01,866.2834600852535,-42.24776932764976,292,46.917808219178085
8,46,70,0.005,866.0703954671735,-42.26197363552176,244,40.16393442622951
10,45,50,0.01,865.5535079476464,-42.296432803490234,301,46.51162790697674
10,50,70,0.003,865.2601076363175,-42.315992824245505,293,28.327645051194537
8,49,69,0.007,864.7055244164869,-42.35296503890087,240,46.666666666666664
10,45,63,0.007,864.6058042654035,-42.3596130489731,222,47.2972972972973
10,47,68,0.007,864.457245516248,-42.369516965583465,190,42.10526315789473
10,45,57,0.01,864.4074625778591,-42.372835828142726,234,55.98290598290598
8,53,67,0.01,864.127601487573,-42.3914932341618,249,53.41365461847389
10,58,69,0.005,863.9945231253329,-42.40036512497781,294,38.095238095238095
10,57,67,0.01,863.6536792195361,-42.42308805203092,221,51.13122171945701
8,48,67,0.007,863.2463461348906,-42.4502435910073,253,48.22134387351779
10,54,64,0.01,863.226106279782,-42.4515929146812,239,54.811715481171554
8,48,68,0.007,861.8648047115807,-42.54234635256129,242,46.69421487603306
10,47,69,0.005,861.5763897995461,-42.561574013363604,224,35.267857142857146
10,45,67,0.007,860.9584554250384,-42.60276963833077,193,42.487046632124354
10,45,54,0.007,860.8027584369273,-42.613149437538176,294,50.34013605442177
10,54,67,0.007,860.7662227933683,-42.61558514710878,241,45.643153526970956
6,46,70,0.01,860.3553840431244,-42.64297439712503,251,54.18326693227091
10,50,69,0.003,859.5823901700899,-42.69450732199401,301,29.2358803986711
10,59,70,0.005,859.2318344269613,-42.717877704869245,287,37.97909407665505
10,46,67,0.007,858.9436847958474,-42.737087680276844,196,43.87755102040816
10,58,66,0.01,858.6619289831998,-42.75587140112002,235,51.91489361702127
8,55,68,0.01,858.3223407954943,-42.77851061363371,245,53.46938775510204
8,56,69,0.01,858.2783197769354,-42.78144534820431,238,52.52100840336135
10,60,68,0.01,858.1712097542276,-42.78858601638483,230,50.8695652173913
10,46,63,0.007,857.8207451683714,-42.81195032210857,228,48.68421052631579
8,54,69,0.01,857.0239412478987,-42.86507058347342,228,51.75438596491229
10,60,70,0.005,856.6442680404697,-42.89038213063535,291,38.48797250859107
8,50,69,0.007,856.1848164544533,-42.92101223636978,241,46.058091286307054
8,52,68,0.01,855.7615088566566,-42.949232742889556,224,51.33928571428571
10,50,67,0.005,855.2444992226817,-42.98370005182122,249,38.55421686746988
10,45,53,0.007,855.1167892737902,-42.99221404841398,302,49.00662251655629
10,57,70,0.003,855.0043050145078,-42.999712999032816,338,30.473372781065088
10,46,60,0.01,854.8327172073703,-43.011152186175316,210,52.85714285714286
10,52,68,0.005,854.7998520849994,-43.01334319433337,256,37.5
8,50,66,0.01,854.4936775293246,-43.03375483137836,244,53.68852459016394
10,55,67,0.01,854.4685000609891,-43.03543332926739,214,50.467289719626166
10,45,68,0.005,854.3339493257743,-43.044403378281714,220,35.0
6,45,70,0.01,853.9923117958116,-43.06717921361256,246,54.0650406504065
10,45,66,0.007,853.6116301272864,-43.092557991514234,198,43.93939393939394
8,47,69,0.007,853.1848931305847,-43.12100712462769,224,46.42857142857143
10,54,70,0.003,853.0888593476274,-43.12740937682484,324,29.32098765432099
8,46,68,0.005,852.834695576174,-43.144353628255075,259,41.6988416988417
6,48,70,0.01,852.6085813166831,-43.159427912221126,265,54.71698113207547
10,54,69,0.003,852.4856979287299,-43.16762013808467,333,30.630630630630627
10,49,70,0.003,852.3565911292983,-43.17622725804679,284,27.816901408450708
8,49,67,0.007,852.1452263929,-43.19031824047334,262,49.23664122137404
8,51,70,0.007,851.933316333342,-43.20444557777721,239,45.60669456066946
8,49,65,0.01,851.5111629758129,-43.23258913494581,248,54.43548387096774
10,52,67,0.007,851.4924790749895,-43.23383472833403,228,45.614035087719294
8,46,67,0.005,851.4608653068843,-43.23594231287438,271,43.17343173431734
10,49,69,0.003,851.4572730522688,-43.23618179651542,291,28.865979381443296
10,45,69,0.003,851.004474900426,-43.266368339971606,264,28.40909090909091
10,52,63,0.01,850.9086822503333,-43.272754516644454,241,55.18672199170125
6,46,69,0.01,850.857946434794,-43.27613690434706,263,53.99239543726235
10,58,70,0.003,850.4820758908086,-43.30119494061277,341,30.791788856304986
8,54,68,0.01,850.4259533513426,-43.304936443243825,240,52.5
8,49,68,0.007,849.941506442099,-43.33723290386007,251,47.808764940239044
10,54,68,0.005,849.4883619801666,-43.36744253465557,274,38.32116788321168
10,46,70,0.003,849.3360971609194,-43.37759352260537,266,27.819548872180448
8,45,58,0.007,848.793156975953,-43.41378953493646,308,51.94805194805194
8,56,68,0.01,848.7191562516863,-43.418722916554245,250,52.800000000000004
10,46,66,0.007,848.5932738929062,-43.427115073806256,201,45.27363184079602
10,45,59,0.01,848.481828970523,-43.434544735298466,216,54.166666666666664
10,51,65,0.007,848.3961184084864,-43.44025877276758,240,47.083333333333336
10,52,66,0.007,848.2819353097997,-43.44787097934669,235,47.23404255319149
10,55,70,0.003,847.5929135149385,-43.49380576567077,329,29.78723404255319
10,53,67,0.005,847.298083759681,-43.51346108268793,276,39.85507246376812
10,49,67,0.005,846.9857051494332,-43.53428632337112,240,38.333333333333336
10,56,67,0.01,846.5163882905167,-43.56557411396555,217,50.69124423963134
10,48,62,0.01,846.3381183070532,-43.577458779529785,204,51.470588235294116
10,45,64,0.007,846.2666107831209,-43.58222594779194,210,44.761904761904766
8,45,69,0.005,846.2423708616469,-43.583841942556866,245,40.0
8,47,67,0.007,845.841772864128,-43.6105484757248,243,48.559670781893004
10,58,68,0.007,845.8415486964742,-43.610563420235046,253,45.45454545454545
10,46,68,0.005,845.5908378445348,-43.627277477031015,224,35.714285714285715
10,45,65,0.007,845.5404052262165,-43.63063965158557,205,43.90243902439025
8,45,64,0.007,845.5318241288513,-43.631211724743245,256,50.78125
8,51,67,0.01,845.4467470900528,-43.636883527329815,234,51.70940170940172
10,56,70,0.003,845.3505857248161,-43.64329428501226,334,29.94011976047904
8,47,65,0.01,845.1152057168056,-43.6589862855463,227,52.863436123348016
10,55,69,0.003,845.1038181453924,-43.659745456973845,338,31.06508875739645
10,47,61,0.01,844.8384016623111,-43.67743988917926,206,51.94174757281553
10,47,63,0.007,844.7122496469882,-43.68585002353412,230,48.69565217391305
6,45,69,0.01,844.5651159536017,-43.695658936426554,258,54.263565891472865
8,53,70,0.007,844.4726991701934,-43.70182005532044,251,46.613545816733065
8,45,63,0.01,844.4666110489219,-43.70222593007187,227,55.06607929515418
8,45,58,0.01,844.059002268706,-43.729399848752934,274,54.379562043795616
6,47,70,0.01,843.5308225667119,-43.76461182888587,256,54.296875
10,46,53,0.01,843.0814458133,-43.79457027911333,285,49.473684210526315
10,50,66,0.005,842.7255238349373,-43.81829841100418,256,39.84375
6,48,69,0.01,842.4351828295112,-43.83765447803258,279,54.83870967741935
8,53,66,0.01,842.4108682728828,-43.83927544847448,269,55.39033457249071
10,46,64,0.007,842.0352205360474,-43.86431863093018,216,46.2962962962963
10,59,66,0.01,841.7392060878002,-43.884052927479985,246,52.84552845528455
10,49,62,0.01,841.673276992551,-43.8884482004966,211,52.13270142180095
8,55,70,0.01,841.6075857251953,-43.892827618320304,226,51.76991150442478
10,47,67,0.007,841.5270729792464,-43.8981951347169,198,43.43434343434344
8,54,70,0.01,841.1237209829455,-43.92508526780363,221,50.678733031674206
10,50,65,0.007,841.0673021454978,-43.92884652363348,232,46.12068965517241
8,47,68,0.007,840.7420839466519,-43.950527736889875,232,46.98275862068966
8,45,57,0.007,840.369649922728,-43.97535667181813,320,51.5625
10,45,67,0.005,840.2990180644384,-43.980065462370774,226,36.72566371681416
8,45,65,0.007,840.1851914006131,-43.98765390662579,250,50.4
8,45,70,0.005,840.1644143004415,-43.98903904663724,239,39.33054393305439
10,51,64,0.007,840.0310028853797,-43.99793314097469,248,47.983870967741936
10,48,70,0.003,839.8295198906185,-44.01136534062543,279,27.598566308243726
10,50,64,0.007,839.7190615083888,-44.01872923277408,239,47.28033472803347
8,46,64,0.007,839.4413541149218,-44.03724305900521,264,50.75757575757576
10,56,69,0.003,839.313393146797,-44.04577379021353,346,31.213872832369944
8,46,65,0.007,839.3125680255598,-44.045828798296014,256,50.390625
10,46,65,0.007,839.1866924164344,-44.05422050557104,210,45.23809523809524
10,46,54,0.01,838.9609120085887,-44.06927253276075,273,51.64835164835166
10,51,68,0.003,838.7650943650439,-44.082327042330405,310,30.32258064516129
8,56,70,0.01,838.5395736189594,-44.09736175873604,231,51.515151515151516
10,55,65,0.01,838.3152708796338,-44.112315274691085,236,54.23728813559322
10,58,67,0.01,838.2967922436122,-44.11354718375918,228,50.877192982456144
10,49,65,0.007,837.6821118600466,-44.154525875996896,222,45.94594594594595
10,49,64,0.007,837.5244482598762,-44.165036782674925,230,46.95652173913044
8,55,67,0.01,836.9429558337355,-44.20380294441764,261,54.406130268199234
10,50,63,0.007,836.6231907151283,-44.22512061899144,254,49.21259842519685
8,45,67,0.005,836.4310037613112,-44.237933082579254,265,42.64150943396226
10,57,67,0.007,836.3678553721804,-44.24214297518797,256,46.484375
10,47,66,0.007,836.2638804995976,-44.249074633360166,204,45.09803921568628
10,54,63,0.01,835.8036628884774,-44.27975580743484,264,56.060606060606055
10,53,65,0.007,835.80242977691,-44.27983801487267,257,48.63813229571984
8,45,57,0.01,835.7256175221476,-44.28495883185683,285,52.98245614035088
10,49,66,0.005,835.3121192911394,-44.31252538059071,247,39.67611336032389
8,50,68,0.007,834.946826975376,-44.3368782016416,253,47.43083003952569
10,46,69,0.003,834.8305118217957,-44.34463254521363,273,28.57142857142857
8,46,63,0.01,834.3220625791977,-44.37852916138682,234,55.12820512820513
8,56,67,0.01,833.88760950195,-44.40749269987,268,54.1044776119403
10,45,66,0.005,833.7042993164495,-44.41971337890337,232,37.93103448275862
10,47,64,0.007,833.6237614568807,-44.42508256954129,217,46.54377880184332
10,60,66,0.01,833.4494324291472,-44.436704504723515,257,54.08560311284047
10,48,68,0.005,833.2733718210005,-44.448441878599965,228,35.96491228070175
10,49,63,0.007,833.1874250887108,-44.454171660752614,244,48.77049180327869
8,50,67,0.007,833.0915425258586,-44.46056383160942,265,48.679245283018865
10,57,65,0.01,832.6513178192863,-44.48991214538091,245,53.46938775510204
10,45,52,0.007,832.6293103391253,-44.49137931072499,314,46.81528662420382
8,52,67,0.01,832.4837828520472,-44.50108114319685,238,51.68067226890757
8,60,70,0.01,832.4042058098133,-44.506386279345776,245,53.46938775510204
8,50,65,0.01,832.3709357592896,-44.508604282714025,256,53.90625
10,56,65,0.01,832.1768691711537,-44.52154205525641,240,54.166666666666664
8,54,67,0.01,831.6298763696351,-44.55800824202433,255,53.333333333333336
6,47,69,0.01,831.5925096186602,-44.56049935875599,269,54.27509293680297
8,46,58,0.007,831.5347304455436,-44.56435130363043,319,51.410658307210035
10,57,69,0.003,831.5040177406523,-44.566398817289844,354,31.35593220338983
10,55,67,0.007,831.4606803719001,-44.56928797520666,249,45.78313253012048
8,45,68,0.005,830.9418359394336,-44.603877604037756,254,40.94488188976378
10,47,65,0.007,830.8036885338314,-44.6130874310779,211,45.497630331753555
10,48,66,0.007,830.692521320426,-44.62049857863827,208,45.67307692307692
10,46,67,0.005,830.4472959711596,-44.636846935256024,230,37.391304347826086
8,47,64,0.01,830.3323127374533,-44.64451248416977,236,53.813559322033896
10,53,62,0.01,829.7272886390523,-44.68484742406318,262,55.343511450381676
8,57,69,0.01,829.5703036531567,-44.69531308978956,242,52.066115702479344
10,51,67,0.005,829.2839737961307,-44.71440174692462,257,38.91050583657588
10,45,62,0.007,829.2305393150793,-44.717964045661375,226,46.902654867256636
8,48,66,0.007,829.1224825225712,-44.725167831828585,265,49.056603773584904
8,51,66,0.01,829.0825475113575,-44.7278301659095,254,53.937007874015755
8,48,63,0.01,828.565935937096,-44.762270937526935,253,54.9407114624506
10,56,67,0.007,828.5425798394675,-44.76382801070217,253,45.8498023715415
10,45,63,0.005,827.6970097796226,-44.820199348025156,259,41.312741312741316
8,47,69,0.005,827.6542599630029,-44.8230493357998,259,40.15444015444015
10,55,68,0.005,827.3585624561813,-44.84276250292125,281,38.43416370106761
8,48,69,0.005,827.1444917845353,-44.857033881030986,271,39.85239852398524
8,60,69,0.01,826.6131634463239,-44.892455770245064,255,53.72549019607843
10,60,69,0.005,826.4468216074189,-44.90354522617207,306,38.88888888888889
10,55,64,0.01,826.3705387659512,-44.90863074893659,246,54.47154471544715
10,59,69,0.005,826.339875627238,-44.910674958184124,302,38.741721854304636
10,52,68,0.003,826.2797947257859,-44.91468035161428,317,30.5993690851735
8,55,66,0.01,826.1360757898066,-44.92426161401289,283,56.53710247349824
10,51,63,0.007,826.0495442069225,-44.93003038620517,265,49.43396226415094
8,47,70,0.005,825.7239882615191,-44.951734115898724,252,39.682539682539684
10,57,68,0.005,825.6826646457562,-44.95448902361625,294,38.775510204081634
10,53,68,0.003,825.5252140836154,-44.96498572775898,332,31.024096385542173
8,48,70,0.005,825.2154089745183,-44.98563940169878,264,39.39393939393939
10,56,68,0.005,824.849886260006,-45.01000758266627,288,38.54166666666667
10,48,69,0.003,824.6812522292881,-45.021249851380794,286,28.321678321678323
10,48,65,0.007,824.4510995174502,-45.03659336550332,216,46.2962962962963
8,59,69,0.01,824.0986667896935,-45.0600888806871,250,53.6
10,54,66,0.007,824.0553944485191,-45.062973703432064,251,46.613545816733065
8,52,70,0.007,823.9334983519831,-45.07110010986779,242,45.45454545454545
10,60,68,0.007,823.6678284439533,-45.08881143706978,267,46.441947565543074
8,51,69,0.007,823.1679883069013,-45.12213411287325,247,45.34412955465587
10,59,68,0.007,822.6808986885458,-45.154606754096946,263,46.00760456273764
6,49,70,0.01,822.5879659685628,-45.16080226876248,279,55.55555555555556
8,49,64,0.01,822.4657419609526,-45.16895053593649,257,54.08560311284047
10,48,64,0.007,822.3537486836352,-45.176416754424324,223,47.08520179372198
6,45,63,0.01,822.1300213588054,-45.19133190941298,312,54.166666666666664
6,46,63,0.01,821.9535331736307,-45.203097788424614,322,53.72670807453416
10,46,62,0.007,821.7143757601257,-45.219041615991614,232,48.275862068965516
8,46,57,0.007,821.330941859167,-45.244603876055535,332,51.204819277108435
10,56,64,0.01,821.3038959070716,-45.24640693952856,251,54.18326693227091
10,46,66,0.005,821.0073149452055,-45.266179003652965,236,38.559322033898304
10,48,63,0.007,820.910976382389,-45.2726015745074,237,48.52320675105485
10,45,56,0.01,820.6846217026205,-45.28769188649196,236,54.23728813559322
10,50,62,0.01,820.5260157407126,-45.29826561728583,222,52.702702702702695
10,50,68,0.003,820.3696557284505,-45.308689618103294,303,29.7029702970297
8,56,66,0.01,820.3678389013398,-45.308810739910676,290,56.55172413793104
8,45,62,0.01,820.0663904929385,-45.32890730047077,242,54.958677685950406
10,59,67,0.01,818.6777577139875,-45.421482819067506,238,52.10084033613446
8,46,58,0.01,818.4651212228015,-45.43565858514656,284,53.87323943661971
10,47,70,0.003,818.2487821769095,-45.450081188206035,274,27.00729927007299
10,57,64,0.01,818.1230571304366,-45.45846285797089,256,53.90625
8,46,66,0.005,817.9407692464476,-45.470615383570156,281,44.128113879003564
10,51,66,0.005,817.6215921563994,-45.49189385624004,265,40.37735849056604
10,45,61,0.007,817.539527570543,-45.497364828630474,233,48.06866952789699
10,48,61,0.01,817.3686856823424,-45.50875428784384,215,52.093023255813954
10,52,65,0.007,817.3112855347978,-45.51258096434682,247,47.368421052631575
10,47,68,0.005,816.9380322057783,-45.53746451961478,226,35.39823008849557
8,55,70,0.007,816.3405863751516,-45.57729424165656,259,47.10424710424711
10,45,65,0.005,816.259810897208,-45.58267927351947,240,38.333333333333336
10,58,69,0.003,815.7220320552991,-45.61853119631339,359,31.47632311977716
8,52,66,0.01,815.66373305939,-45.62241779604067,258,53.875968992248055
10,51,62,0.01,815.5554242008106,-45.629638386612626,235,54.04255319148936
10,53,64,0.007,815.3258661674868,-45.64494225550089,266,49.24812030075188
8,45,66,0.005,815.2537499740769,-45.64975000172821,275,44.0
8,49,66,0.007,815.0506088370082,-45.66329274419946,274,50.0
8,54,70,0.007,814.7635989868342,-45.682426734211056,255,46.27450980392157
8,47,66,0.007,814.4142176064025,-45.705718826239824,256,49.21875
10,46,57,0.01,814.3506745492277,-45.70995503005149,249,57.028112449799195
10,48,67,0.005,814.1899016206344,-45.720673225291044,236,37.71186440677966
10,46,52,0.01,814.1124829825461,-45.72583446783026,301,45.84717607973422
10,46,58,0.01,813.568955009409,-45.762069666039395,239,56.48535564853556
10,46,59,0.01,813.5624097031263,-45.76250601979158,226,54.86725663716814
8,48,65,0.007,813.1446878107027,-45.79035414595315,275,49.81818181818182
8,48,68,0.005,813.0947192965449,-45.79368538023034,281,40.92526690391459
8,47,68,0.005,812.9807584928562,-45.801282767142915,268,41.04477611940299
8,59,70,0.01,812.5618909197544,-45.82920727201637,242,52.892561983471076
8,51,68,0.007,812.4991997258165,-45.833386684945566,259,46.71814671814672
10,49,61,0.01,812.4539643431611,-45.83640237712259,223,52.91479820627802
6,49,69,0.01,812.3569174821112,-45.84287216785926,293,55.2901023890785
8,58,69,0.01,812.1655189288883,-45.85563207140745,245,52.6530612244898
10,53,63,0.007,811.894090353639,-45.873727309757406,289,50.86505190311419
8,45,56,0.01,811.7724651474987,-45.881835656833424,294,51.70068027210885
10,46,70,0.002,811.5830436871695,-45.8944637541887,312,24.03846153846154
10,46,63,0.005,811.3245021550246,-45.9116998563317,265,42.26415094339623
10,56,63,0.01,810.9910413156982,-45.93393057895345,278,56.11510791366906
8,49,69,0.005,810.8822231543862,-45.94118512304092,278,40.28776978417266
10,47,60,0.01,810.8302718190351,-45.94464854539766,216,51.85185185185185
10,53,70,0.002,810.6573431128403,-45.95617712581065,366,25.683060109289617
8,54,66,0.01,810.4981111567432,-45.96679258955045,275,55.27272727272727
8,57,70,0.01,810.4917865023787,-45.96721423317476,235,51.48936170212765
10,45,64,0.005,809.8770668942299,-46.008195540384676,246,39.02439024390244
10,46,61,0.007,809.3762251784669,-46.0415849881022,239,48.95397489539749
10,45,68,0.003,809.2431800850655,-46.050454660995634,267,28.46441947565543
8,51,67,0.007,809.2391309660311,-46.050724602264594,271,47.97047970479705
8,49,70,0.005,809.1662986797356,-46.05558008801762,271,39.85239852398524
10,47,62,0.007,809.157627424093,-46.056158171727134,234,48.29059829059829
8,57,68,0.01,808.7186057587925,-46.085426282747164,255,52.156862745098046
8,47,67,0.005,808.5984808754223,-46.09343460830518,280,42.5
8,46,57,0.01,808.4634430353617,-46.10243713097588,296,52.702702702702695
8,50,66,0.007,808.1689698417861,-46.122068677214266,280,50.0
8,53,69,0.007,808.1256249100171,-46.12495833933219,262,46.56488549618321
10,60,67,0.01,807.9924699196092,-46.13383533869272,246,52.84552845528455
8,48,67,0.005,807.4749896549002,-46.16833402300665,293,42.32081911262799
10,58,68,0.005,806.8946899013685,-46.207020673242106,301,38.87043189368771
8,45,63,0.007,806.7860417361023,-46.21426388425984,264,51.13636363636363
10,55,63,0.01,806.7613341916971,-46.21591105388686,271,55.71955719557196
10,52,67,0.005,806.4030255854306,-46.239798294304634,267,38.951310861423224
6,47,63,0.01,806.1696317080161,-46.25535788613225,329,52.88753799392097
8,53,65,0.01,805.8459221797311,-46.27693852135126,281,55.871886120996436
8,51,65,0.01,804.9379140449786,-46.33747239700142,266,54.51127819548872
10,57,63,0.01,804.894906873405,-46.340339541773,285,56.14035087719298
10,51,70,0.002,804.5344472883039,-46.36437018077974,351,24.786324786324787
10,52,62,0.01,804.3994020100286,-46.373373199331425,250,54.400000000000006
10,47,69,0.003,804.2741288233368,-46.38172474511087,281,27.75800711743772
8,48,64,0.007,804.1366240444979,-46.3908917303668,285,50.175438596491226
8,45,56,0.007,804.0625211094897,-46.39583192603403,330,50.303030303030305
10,46,65,0.005,803.7173809468072,-46.41884127021285,245,39.183673469387756
8,50,69,0.005,803.4121540061884,-46.439189732920774,282,39.361702127659576
10,54,65,0.007,803.361431761879,-46.442571215874736,268,48.507462686567166
8,50,64,0.01,802.969423173528,-46.468705121764806,265,53.20754716981132
10,48,66,0.005,802.9683241326799,-46.46877839115467,243,39.09465020576132
10,58,67,0.007,802.3656659412926,-46.508955603913826,264,46.21212121212121
10,49,68,0.003,802.2365986773297,-46.51756008817802,295,29.152542372881356
10,52,64,0.007,801.9227266093612,-46.538484892709256,255,48.23529411764706
6,46,68,0.01,801.8481286193255,-46.543458092044965,269,53.159851301115246
8,50,70,0.005,801.7120370978082,-46.55253086014612,275,39.27272727272727
10,46,51,0.01,801.5846266743727,-46.56102488837516,319,45.141065830721004
10,53,69,0.002,801.1754462309299,-46.588303584604674,379,26.385224274406333
10,45,70,0.002,800.864427373374,-46.609038175108395,310,23.548387096774192
10,46,50,0.01,800.4040786391685,-46.6397280907221,328,44.207317073170735
6,48,63,0.01,800.355045833197,-46.64299694445353,339,53.392330383480825
10,46,69,0.002,800.3282709713376,-46.64478193524416,320,24.6875
10,50,65,0.005,800.2109067381551,-46.652606217456324,269,40.520446096654275
8,57,67,0.01,800.148463294805,-46.656769113679665,273,53.11355311355312
8,49,68,0.005,799.8136126583383,-46.67909248944411,289,41.522491349480966
10,54,68,0.003,799.7270363231378,-46.684864245124146,338,31.360946745562128
10,45,51,0.007,799.715430603166,-46.68563795978893,329,46.20060790273556
8,46,63,0.007,799.638675670201,-46.69075495531993,272,51.10294117647059
8,45,62,0.007,799.4836419656787,-46.701090535621425,277,50.90252707581227
10,46,64,0.005,799.4528886740425,-46.703140755063835,252,40.07936507936508
10,47,67,0.005,799.3433652621294,-46.71044231585804,233,36.9098712446352
6,46,69,0.007,799.2302099504035,-46.717986003306436,299,49.83277591973244
10,51,67,0.003,798.7636771120837,-46.74908819252776,322,31.366459627329192
8,46,62,0.01,798.5900762168163,-46.760661585545584,250,54.800000000000004
6,50,70,0.01,798.4741750328403,-46.76838833114398,283,55.12367491166078
8,53,67,0.007,797.8459638919337,-46.81026907387109,289,49.13494809688581
10,47,61,0.007,797.7326744775139,-46.81782170149907,243,49.382716049382715
10,49,65,0.005,797.6486358556467,-46.82342427629022,259,40.15444015444015
10,50,70,0.002,797.142268433077,-46.857182104461536,341,24.34017595307918
10,50,67,0.003,797.0281880191852,-46.86478746538765,312,31.08974358974359
8,48,70,0.003,796.8305784398491,-46.877961437343394,326,32.20858895705521
10,57,66,0.007,796.7922051764987,-46.88051965490009,267,46.81647940074906
8,53,68,0.007,796.7068647011122,-46.88620901992585,274,47.44525547445255
10,53,66,0.005,796.6751377608675,-46.8883241492755,287,40.76655052264808
8,48,69,0.003,796.6389246458143,-46.89073835694572,334,32.93413173652694
10,46,54,0.007,796.4270695981244,-46.904862026791704,312,49.67948717948718
10,52,63,0.007,796.0936194158729,-46.92709203894181,277,49.81949458483754
6,45,68,0.01,795.6148189235021,-46.95901207176652,263,53.2319391634981
8,56,70,0.007,795.544930563215,-46.96367129578567,269,47.21189591078067
10,47,70,0.002,795.5290619146855,-46.96472920568764,315,23.809523809523807
10,45,63,0.003,795.1626650893176,-46.989155660712164,309,34.95145631067961
10,47,66,0.005,794.8930112754497,-47.00713258163669,240,38.333333333333336
8,52,69,0.007,794.7069713305975,-47.01953524462683,250,45.2
10,47,53,0.01,794.6479845885754,-47.023467694094975,300,48.333333333333336
10,54,67,0.005,794.6174588711663,-47.02550274192225,285,39.29824561403509
6,45,62,0.01,794.3766266846602,-47.04155822102265,324,53.39506172839506
10,49,62,0.007,794.1972892821755,-47.053514047854975,249,48.19277108433735
10,55,66,0.007,794.1272901926604,-47.05818065382263,259,46.33204633204633
6,48,68,0.01,793.9105201583588,-47.07263198944275,285,54.03508771929825
10,45,54,0.003,793.8254864595563,-47.07830090269625,385,41.2987012987013
8,59,68,0.01,793.6702347180169,-47.08865101879888,265,52.45283018867924
10,58,65,0.01,793.5043761098874,-47.099708259340844,253,52.17391304347826
10,50,61,0.01,793.4309784144212,-47.10460143903858,235,53.61702127659574
6,52,70,0.01,793.2887428448071,-47.114083810346195,296,55.74324324324324
8,58,70,0.01,793.1220244697943,-47.12519836868038,238,52.10084033613446
10,45,62,0.005,792.9281971203925,-47.13812019197383,262,41.603053435114504
10,51,69,0.002,792.7580306596342,-47.14946462269105,363,25.344352617079892
8,48,62,0.01,792.7321538946336,-47.15118974035776,268,54.1044776119403
10,46,53,0.007,792.347775571912,-47.17681496187252,323,48.60681114551084
10,49,64,0.005,792.2502944719914,-47.183313701867235,266,40.97744360902256
10,45,67,0.003,792.2255762575267,-47.184961582831555,275,29.818181818181817
8,47,63,0.01,792.0508703414032,-47.19660864390646,243,54.32098765432099
10,50,64,0.005,791.8661242655064,-47.20892504896624,276,41.30434782608695
6,48,69,0.007,791.7884036426874,-47.214106423820844,316,50.9493670886076
8,49,67,0.005,791.7065828678418,-47.21956114214388,300,43.0
10,55,68,0.003,791.6798921247201,-47.22134052501866,343,31.778425655976676
8,49,69,0.003,791.5508744925232,-47.22994170049844,341,33.43108504398827
8,51,66,0.007,791.4883906198738,-47.23410729200841,291,50.171821305841924
6,45,69,0.007,791.4656782856456,-47.23562144762363,294,50.0
10,46,68,0.003,791.1229861819096,-47.2584675878727,277,28.51985559566787
10,45,50,0.007,791.008638472419,-47.2660907685054,339,46.017699115044245
8,50,68,0.005,790.5849671526122,-47.29433552315919,294,40.816326530612244
8,49,65,0.007,790.4369947223446,-47.3042003518437,285,50.877192982456144
10,54,62,0.01,790.3008532295629,-47.313276451362476,276,55.072463768115945
10,45,66,0.003,790.1631919838946,-47.32245386774036,281,30.96085409252669
10,60,70,0.003,790.0353924664128,-47.330973835572486,358,31.28491620111732
8,60,68,0.01,789.9651117446263,-47.33565921702492,274,53.284671532846716
6,51,70,0.01,789.8520880680702,-47.34319412879532,287,55.052264808362374
8,46,70,0.003,789.6477365709865,-47.356817561934236,312,31.73076923076923
10,56,66,0.007,789.3372097366639,-47.377519350889074,264,46.590909090909086
10,45,58,0.007,789.2740328517059,-47.38173114321961,265,50.943396226415096
8,46,69,0.003,789.2143271054344,-47.38571152630438,320,32.5
8,45,61,0.01,788.8182096390317,-47.412119357397884,255,54.90196078431373
10,52,70,0.002,788.8004396672401,-47.413304022184,355,25.070422535211268
8,49,70,0.003,788.6139578808835,-47.425736141274434,333,32.732732732732735
8,52,67,0.007,788.6088987609918,-47.42607341593388,276,47.82608695652174
10,52,67,0.003,788.1865818632788,-47.45422787578142,330,31.818181818181817
8,45,55,0.01,787.5725460713169,-47.495163595245536,301,50.16611295681063
10,49,70,0.002,787.3673603594551,-47.508842642702994,332,23.795180722891565
6,46,62,0.01,787.0075467310359,-47.53283021793094,334,52.99401197604791
10,59,70,0.003,786.9681846879621,-47.535454354135865,351,31.054131054131055
8,46,65,0.005,786.5868756293206,-47.5608749580453,288,45.13888888888889
10,50,63,0.005,786.5697582720927,-47.56201611519381,293,43.344709897610926
10,45,57,0.007,786.4036663846944,-47.573088907687044,272,51.470588235294116
10,45,55,0.01,786.3144906184764,-47.57903395876825,244,53.68852459016394
10,45,60,0.007,786.2009574510218,-47.586602836598544,244,48.36065573770492
10,52,66,0.005,786.0794983009038,-47.59470011327308,276,40.21739130434783
10,51,66,0.003,786.0110710163316,-47.599261932244566,330,32.72727272727273
10,50,69,0.002,785.8650446044625,-47.608997026369174,353,24.929178470254957
8,46,56,0.007,785.5961881714784,-47.62692078856811,343,49.85422740524781
8,52,65,0.01,785.5100421833426,-47.63266385444383,270,54.44444444444444
8,45,65,0.005,785.3178621903834,-47.64547585397444,282,45.39007092198582
10,54,64,0.007,785.2324389496933,-47.65117073668711,278,49.280575539568346
8,46,56,0.01,785.0416734895846,-47.66388843402769,306,51.307189542483655
8,58,68,0.01,784.8172660602423,-47.678848929317176,260,52.307692307692314
6,54,70,0.01,784.5481042839499,-47.696793047736676,303,56.43564356435643
10,56,68,0.003,784.520610071082,-47.6986259952612,351,31.908831908831907
10,47,69,0.002,784.4969206565181,-47.70020528956545,323,24.458204334365323
10,45,69,0.002,784.4577807127804,-47.70281461914797,317,23.974763406940063
8,52,68,0.007,784.4070559044906,-47.70619627303396,262,46.18320610687023
10,48,60,0.01,784.3299930020844,-47.711333799861045,225,51.55555555555556
10,45,53,0.003,784.2968927281177,-47.71354048479216,395,41.77215189873418
10,50,62,0.007,784.1494099332624,-47.72337267111584,258,48.837209302325576
10,49,63,0.005,784.1383110314081,-47.724112597906135,281,42.704626334519574
10,50,66,0.003,783.8461243626737,-47.74359170915508,319,32.288401253918494
8,46,62,0.007,783.7677952058787,-47.74881365294142,286,50.6993006993007
8,56,65,0.01,783.7503722621309,-47.74997518252461,307,56.35179153094463
6,47,68,0.01,783.6923900230316,-47.75384066513122,275,53.45454545454545
8,57,70,0.007,783.645697235307,-47.756953517646195,271,46.86346863468634
8,50,65,0.007,783.3116115856435,-47.779225894290434,291,50.51546391752577
6,45,63,0.007,783.0582519824666,-47.79611653450223,349,51.57593123209169
10,49,67,0.003,782.649947032236,-47.82333686451759,304,30.592105263157894
8,55,65,0.01,782.5549801919555,-47.829667987202974,297,55.892255892255896
10,48,62,0.007,782.4953336465197,-47.833644423565346,242,47.93388429752066
10,59,67,0.007,782.3074157948035,-47.84617228034643,276,47.10144927536232
10,49,61,0.007,782.2558891480548,-47.84960739012968,260,50.0
8,45,54,0.01,782.1916154293193,-47.85389230471204,311,48.231511254019296
6,46,70,0.007,781.5840214998261,-47.894398566678255,289,49.48096885813148
8,50,67,0.005,781.5774093256773,-47.89483937828818,305,42.295081967213115
10,48,65,0.005,781.4566058345856,-47.902892944360964,254,39.76377952755906
8,57,66,0.01,781.4152774872651,-47.90564816751566,295,54.57627118644067
6,56,70,0.01,781.2968084955102,-47.91354610029932,312,57.37179487179487
6,53,70,0.01,781.2485476634771,-47.91676348910152,301,55.48172757475083
10,53,67,0.003,781.1946053175069,-47.920359645499545,346,32.080924855491325
6,47,69,0.007,780.8108869966246,-47.94594086689169,306,50.326797385620914
10,49,69,0.002,780.5311650812993,-47.96458899458005,343,24.489795918367346
10,48,70,0.002,780.5227156202958,-47.96515229198028,325,23.692307692307693
10,47,63,0.005,780.2215425354057,-47.98523049763962,268,41.7910447761194
8,46,61,0.01,780.0754822917734,-47.99496784721511,263,55.13307984790875
8,54,69,0.007,780.0087450804344,-47.9994169946377,266,46.2406015037594
10,58,64,0.01,779.659158805651,-48.022722746289936,264,53.40909090909091
8,58,67,0.01,779.5501937732006,-48.02998708178663,278,52.87769784172662
8,53,70,0.005,779.0587271031816,-48.06275152645456,297,40.06734006734007
10,51,65,0.005,778.8161135397206,-48.07892576401862,279,41.21863799283154
8,47,64,0.007,778.4318252270242,-48.10454498486505,273,50.18315018315018
8,47,65,0.007,778.4317390631786,-48.10455072912143,265,49.81132075471698
8,45,64,0.005,778.4277670612936,-48.10481552924709,291,47.07903780068728
6,50,69,0.01,778.1788716886767,-48.12140855408822,298,54.69798657718121
8,55,69,0.007,778.0526109174124,-48.129825938839176,270,47.03703703703704
8,48,68,0.003,777.7780874890708,-48.14812750072861,345,33.91304347826087
8,49,63,0.01,777.6998382646799,-48.153344115688,266,54.51127819548872
6,46,63,0.007,777.4739127657837,-48.16840581561442,361,50.96952908587258
10,47,54,0.01,777.4566162135966,-48.16955891909356,286,50.0
8,58,70,0.007,777.3537927876677,-48.176413814155495,274,47.44525547445255
10,48,68,0.003,777.0084345039979,-48.19943769973347,290,28.620689655172416
10,47,59,0.01,776.9562882320678,-48.20291411786215,234,52.56410256410257
10,57,68,0.003,776.9416699202667,-48.20388867198222,359,32.03342618384401
10,52,69,0.002,776.8743071680867,-48.20837952212755,367,25.61307901907357
10,47,65,0.005,776.4799596189794,-48.234669358734706,249,38.95582329317269
10,46,62,0.005,776.290490997606,-48.247300600159605,268,42.53731343283582
8,45,60,0.01,776.0496562208801,-48.263356251941325,261,55.172413793103445
10,51,61,0.01,775.8654544201152,-48.27563637199233,249,54.21686746987952
10,45,65,0.003,775.8343949871756,-48.27770700085495,290,31.724137931034484
8,53,66,0.007,775.7491254564683,-48.28339163623545,309,51.1326860841424
10,47,58,0.01,775.7428521379321,-48.28380985747119,248,54.83870967741935
8,49,68,0.003,775.432978492319,-48.30446810051207,353,34.56090651558073
10,54,63,0.007,775.4080874704719,-48.30612750196855,302,50.993377483443716
6,47,62,0.01,775.3044584809115,-48.313036101272566,340,52.352941176470594
10,60,67,0.007,775.1764287120086,-48.32157141919943,285,47.719298245614034
10,60,68,0.005,774.9343001208508,-48.33771332527661,318,39.62264150943396
10,59,68,0.005,774.8615235648218,-48.342565095678545,312,39.42307692307692
10,51,62,0.007,774.8092391752093,-48.34605072165271,271,49.815498154981555
10,48,63,0.005,774.2101297505637,-48.385991349962424,274,41.97080291970803
10,45,54,0.005,774.2067081003692,-48.386219459975386,334,46.40718562874252
10,53,66,0.003,774.1490182145493,-48.39006545236339,354,33.61581920903955
10,46,60,0.007,774.0329110520188,-48.39780592986541,250,49.2
8,46,68,0.003,774.0302968364039,-48.39798021090641,329,33.43465045592705
6,45,70,0.007,773.9909227805227,-48.400605147965145,284,49.29577464788733
8,49,64,0.007,773.8713501883198,-48.40857665411201,295,51.186440677966104
6,49,69,0.007,773.7883890240737,-48.41410739839509,329,51.3677811550152
10,50,61,0.007,773.7146762714023,-48.41902158190652,270,50.74074074074074
6,48,70,0.007,773.7087133996093,-48.41941910669271,304,50.32894736842105
10,46,67,0.003,773.3203332525716,-48.445311116495226,285,29.82456140350877
8,59,67,0.01,773.0902341663631,-48.460651055575795,285,53.68421052631579
10,58,63,0.01,773.056520243864,-48.46289865040906,295,54.57627118644067
10,55,67,0.005,772.9904188445294,-48.467305410364716,293,39.59044368600683
6,47,70,0.007,772.9485571620455,-48.470096189196965,294,50.0
8,47,66,0.005,772.3188516013993,-48.51207655990672,292,43.49315068493151
10,45,64,0.003,771.7137100940004,-48.552419327066644,297,32.323232323232325
8,50,69,0.003,771.1361704505592,-48.59092196996272,348,33.04597701149425
10,48,61,0.007,771.1184025905023,-48.59210649396651,252,49.60317460317461
8,45,55,0.007,770.8870233800052,-48.60753177466633,338,48.5207100591716
10,45,61,0.005,770.8838226736888,-48.607745155087414,269,43.12267657992565
8,45,53,0.01,770.8229610849519,-48.61180259433654,326,46.93251533742331
8,51,64,0.01,770.7562195057786,-48.61625203294809,278,53.956834532374096
8,52,66,0.007,770.642937023025,-48.623804198465,296,50.0
10,48,64,0.005,770.5108235998139,-48.63261176001241,260,40.38461538461539
10,45,53,0.005,770.4629550704293,-48.63580299530471,344,45.05813953488372
10,54,70,0.002,770.4619181562358,-48.63587212291761,372,25.537634408602152
10,49,66,0.003,770.3738601295144,-48.64174265803237,311,31.832797427652732
10,46,56,0.01,770.0356585508283,-48.66428942994477,251,54.18326693227091
10,47,54,0.007,769.6286241801528,-48.69142505465648,324,48.45679012345679
8,48,66,0.005,769.5769766929684,-48.69486822046877,305,43.278688524590166
8,54,65,0.01,769.5053123170849,-48.69964584552767,288,55.55555555555556
10,47,53,0.007,769.4694704946104,-48.702035300359306,338,47.337278106508876
8,48,58,0.01,769.3060603056005,-48.71292931295997,309,53.398058252427184
6,55,70,0.01,769.0098765858559,-48.73267489427627,307,56.67752442996743
10,48,69,0.002,768.9480409237058,-48.73679727175295,333,24.324324324324326
10,46,66,0.003,768.5712445995262,-48.76191702669826,291,30.927835051546392
10,55,65,0.007,768.5639977890106,-48.76240014739929,276,47.82608695652174
8,50,70,0.003,768.274999170464,-48.781666721969074,340,32.35294117647059
10,47,64,0.005,768.215834386668,-48.785611040888796,255,39.6078431372549
10,53,62,0.007,768.0044149190848,-48.79970567206101,300,51.0
8,54,70,0.005,767.797648947971,-48.813490070135266,300,40.0
10,58,68,0.003,767.6153836020692,-48.82564109319538,366,32.51366120218579
6,51,69,0.01,767.5854669790161,-48.82763553473226,302,54.3046357615894
8,54,67,0.007,767.4943227094726,-48.833711819368496,295,48.47457627118644
8,54,68,0.007,767.2770123143924,-48.848199179040506,279,47.31182795698925
6,48,62,0.01,767.2062866774775,-48.8529142215015,350,52.85714285714286
8,60,67,0.01,767.0663702365106,-48.862241984232625,299,54.84949832775919
10,52,66,0.003,766.8397806905816,-48.87734795396123,339,33.03834808259587
8,46,64,0.005,766.8012395197644,-48.87991736534904,300,46.666666666666664
10,47,52,0.01,766.7106861323219,-48.8859542578452,318,44.65408805031446
10,45,62,0.003,766.4102560009907,-48.90598293326729,312,35.57692307692308
10,56,67,0.005,765.9452651020966,-48.93698232652689,300,39.666666666666664
8,50,64,0.007,765.9328630430587,-48.93780913046275,301,50.498338870431894
6,49,68,0.01,765.7506744685386,-48.94995503543076,300,54.666666666666664
10,46,63,0.003,765.6061647542659,-48.959589016382274,321,35.202492211838006
10,57,67,0.005,765.4327762591882,-48.971148249387454,306,39.869281045751634
10,60,65,0.01,765.3063585473384,-48.9795760968441,280,53.214285714285715
10,59,65,0.01,765.0549441296283,-48.99633705802478,265,52.45283018867924
8,46,67,0.003,765.043166736499,-48.997122217566734,340,34.705882352941174
8,45,61,0.007,764.9808315084877,-49.00127789943416,291,51.546391752577314
10,55,62,0.01,764.8913099427729,-49.00724600381514,285,54.736842105263165
10,49,60,0.01,764.5990475534697,-49.026730163102016,234,52.13675213675214
8,48,61,0.01,764.3133403933288,-49.045777307111415,283,54.06360424028268
8,46,61,0.007,764.2956828106352,-49.04695447929098,300,51.66666666666667
10,51,64,0.005,764.0541005601614,-49.063059962655906,287,41.81184668989547
10,47,60,0.007,763.5788579504274,-49.09474280330484,255,49.411764705882355
8,55,68,0.007,763.0090112898116,-49.13273258067923,283,48.0565371024735
8,45,59,0.01,762.9536553971157,-49.136422973525626,267,54.30711610486891
8,51,65,0.007,762.8602823496113,-49.14264784335924,303,50.495049504950494
6,52,69,0.01,762.7921235179535,-49.14719176546976,311,54.983922829581985
6,45,62,0.007,762.7084315472964,-49.152771230180235,360,51.11111111111111
6,47,63,0.007,762.5352048086548,-49.16431967942301,370,50.810810810810814
8,47,70,0.003,762.3914311315967,-49.17390459122688,319,31.661442006269592
8,48,67,0.003,762.32728576793,-49.17818094880466,356,35.1123595505618
10,46,52,0.007,762.276249536255,-49.18158336424967,341,45.45454545454545
8,46,55,0.01,762.2145113424924,-49.18569924383384,314,49.681528662420384
10,47,57,0.01,761.9468912420616,-49.20354058386256,260,55.00000000000001
8,51,69,0.003,761.9169286009164,-49.20553809327224,357,33.0532212885154
8,49,67,0.003,761.757750531038,-49.21614996459746,367,35.967302452316076
8,55,70,0.005,761.5810708436165,-49.227928610425565,306,40.52287581699346
8,50,63,0.01,761.359443477443,-49.24270376817046,275,53.81818181818182
6,46,67,0.01,761.1532963423165,-49.25644691051223,282,54.60992907801418
8,47,69,0.003,760.9593788426956,-49.26937474382029,327,32.415902140672785
10,56,62,0.01,760.8990640794701,-49.27339572803533,294,55.78231292517006
8,46,69,0.002,759.9051951478526,-49.33965365680982,366,28.96174863387978
8,47,58,0.01,759.481440990818,-49.36790393394547,297,53.535353535353536
6,46,68,0.007,759.0622269921731,-49.39585153385513,306,49.34640522875817
8,59,70,0.007,758.9948021455123,-49.40034652363251,280,47.85714285714286
10,54,69,0.002,758.9766641803603,-49.40155572130931,387,26.356589147286826
8,58,66,0.01,758.9357942901531,-49.40428038065646,300,54.0
10,46,68,0.002,758.7932956707267,-49.41378028861821,323,25.077399380804955
6,45,61,0.01,758.7091914914093,-49.41938723390604,332,51.80722891566265
10,58,66,0.007,758.7022295833676,-49.419851361108826,275,46.54545454545455
8,46,54,0.01,758.6357666479397,-49.424282223470684,327,47.09480122324159
8,47,62,0.01,758.1292564146911,-49.45804957235392,259,54.054054054054056
10,48,67,0.003,758.0377299051028,-49.464151339659814,299,30.100334448160538
10,53,65,0.005,758.0366617202991,-49.464222551980065,302,41.390728476821195
6,48,63,0.007,757.924210902816,-49.471719273145595,381,51.70603674540683
6,45,67,0.01,757.8644382297737,-49.47570411801509,276,55.072463768115945
10,47,68,0.003,757.7809972759478,-49.481266848270145,285,28.07017543859649
8,46,60,0.01,757.493338408934,-49.500444106071065,270,55.18518518518518
8,45,69,0.003,757.1291492960953,-49.52472338026032,311,31.511254019292608
8,45,54,0.007,756.9926466211334,-49.53382355859111,348,46.55172413793103
6,58,70,0.01,756.59764068439,-49.56015728770734,320,57.1875
6,49,70,0.007,756.5067807940079,-49.566214613732804,317,50.78864353312302
8,48,65,0.005,756.4861192926315,-49.567592047157895,315,44.12698412698413
8,55,67,0.007,756.3069191583793,-49.57953872277472,300,49.333333333333336
6,49,63,0.01,756.2395697996632,-49.58402868002245,358,52.513966480446925
10,51,61,0.007,756.0234315706284,-49.59843789529144,285,51.2280701754386
8,52,64,0.01,755.908061232964,-49.606129251135734,283,54.06360424028268
8,51,70,0.003,755.8844388494193,-49.60770407670538,348,32.4712643678161
10,55,70,0.002,755.6555415798556,-49.622963894676296,379,25.857519788918204
8,52,70,0.005,755.2265955029977,-49.65156029980016,288,38.88888888888889
10,54,67,0.003,755.0536030898887,-49.66309312734075,352,32.10227272727273
8,45,57,0.005,754.6800339729277,-49.687997735138154,359,47.353760445682454
10,46,65,0.003,754.529677638581,-49.69802149076127,301,31.893687707641195
8,45,58,0.005,754.5241471973432,-49.69839018684379,348,48.56321839080459
10,60,69,0.003,754.1770686147487,-49.721528759016756,377,31.830238726790448
8,59,66,0.01,754.0976914328809,-49.726820571141275,310,54.83870967741935
10,46,61,0.005,754.0070784744449,-49.732861435037,275,43.63636363636363
6,57,70,0.01,753.9957838984303,-49.73361440677131,313,56.23003194888179
8,46,55,0.007,753.7520945852449,-49.749860360983675,352,48.01136363636363
8,51,70,0.005,753.5722951330406,-49.76184699113063,284,39.08450704225352
10,56,65,0.007,753.4892105172964,-49.76738596551357,281,47.686832740213525
10,57,62,0.01,752.9927408266409,-49.80048394489061,301,55.14950166112956
8,45,70,0.003,752.9479605178461,-49.803469298810256,303,30.693069306930692
8,56,69,0.007,752.79656807242,-49.81356212850534,280,47.14285714285714
8,45,60,0.007,752.5981323116108,-49.82679117922595,297,52.18855218855219
8,48,63,0.007,752.4840323296633,-49.834397844689114,294,50.68027210884354
10,46,64,0.003,752.4234836852826,-49.83843442098116,309,32.68608414239482
8,50,68,0.003,752.1152396885652,-49.85898402076232,361,34.34903047091413
6,48,68,0.007,751.9944335098284,-49.86703776601145,323,50.464396284829725
10,59,69,0.003,751.5018760406825,-49.899874930621166,370,31.62162162162162
10,55,64,0.007,751.2574340282376,-49.91617106478415,287,48.78048780487805
6,53,69,0.01,751.2147929018627,-49.91901380654249,316,54.74683544303798
6,46,61,0.01,751.1555468395532,-49.922963544029784,343,51.31195335276968
10,49,62,0.005,751.149793752361,-49.923347083175926,285,42.80701754385965
10,57,70,0.002,750.7595321358764,-49.949364524274905,394,26.14213197969543
10,45,59,0.007,750.683487813974,-49.954434145735064,257,49.0272373540856
6,46,62,0.007,750.4054560078363,-49.97296959947758,372,50.53763440860215
8,45,67,0.003,750.3377454159222,-49.97748363893852,329,34.04255319148936
10,47,51,0.01,750.166899684953,-49.98887335433646,337,43.02670623145401
6,59,70,0.01,750.0963362419122,-49.993577583872515,326,57.668711656441715
10,48,53,0.01,749.968924017333,-50.00207173217779,323,46.43962848297213
10,52,62,0.007,749.8844031232,-50.00770645845334,286,50.0
8,46,70,0.002,749.3147508817482,-50.04568327455012,359,27.85515320334262
10,52,65,0.005,748.7710521260957,-50.08192985826029,290,41.03448275862069
8,51,69,0.005,748.6637427303145,-50.08908381797903,292,39.04109589041096
8,53,64,0.01,748.523767724012,-50.098415485065864,296,55.067567567567565
8,56,70,0.005,748.4104766393136,-50.10596822404576,314,41.082802547770704
10,57,65,0.007,748.1867602753706,-50.12088264830863,285,48.07017543859649
8,48,57,0.01,748.1738270388365,-50.12174486407757,322,51.5527950310559
10,58,67,0.005,748.015756035018,-50.132282930998805,313,39.936102236421725
10,47,50,0.01,747.8980308218383,-50.14013127854411,349,42.12034383954155
6,48,67,0.01,747.8924410392026,-50.140503930719824,298,54.69798657718121
10,50,60,0.01,747.3966228046997,-50.17355847968668,246,52.84552845528455
8,45,51,0.01,747.3913097718487,-50.17391268187675,349,43.553008595988544
10,46,57,0.007,747.0798251475205,-50.19467832349863,288,53.125
10,45,60,0.005,746.9191125185974,-50.20539249876017,277,44.04332129963899
10,45,52,0.003,746.878050084118,-50.20812999439214,410,40.487804878048784
10,45,56,0.007,746.6263578148416,-50.22490947901056,274,50.36496350364964
10,47,62,0.005,746.5305962446927,-50.231293583687155,271,42.066420664206646
8,45,69,0.002,746.4382584574754,-50.237449436168305,358,28.49162011173184
8,51,64,0.007,746.3676582320464,-50.24215611786358,316,50.63291139240506
6,45,68,0.007,746.3317985200456,-50.2445467653303,300,49.333333333333336
8,50,66,0.005,746.2886425376092,-50.24742383082605,321,43.613707165109034
8,46,53,0.01,746.2096352177747,-50.252690985481685,345,45.79710144927536
10,48,59,0.01,745.9480145472361,-50.2701323635176,244,52.459016393442624
10,51,63,0.005,745.9338229803551,-50.271078467976324,307,43.32247557003257
8,46,68,0.002,745.9058816979634,-50.27294122013577,376,29.78723404255319
10,51,65,0.003,745.8687162855596,-50.27541891429603,343,33.819241982507286
8,49,66,0.005,745.3505995148045,-50.30996003234637,313,43.76996805111821
8,45,68,0.003,745.2018993533974,-50.31987337644017,320,32.5
8,47,57,0.01,745.174246971637,-50.32171686855753,310,51.935483870967744
10,51,64,0.003,744.9703929556752,-50.33530713628832,354,34.463276836158194
8,45,53,0.007,744.9329246268968,-50.337805024873546,365,45.75342465753425
10,48,66,0.003,744.9253216023965,-50.33831189317357,306,31.372549019607842
10,46,58,0.007,744.7704551223509,-50.348636325176614,279,52.32974910394266
8,53,70,0.003,744.765460646684,-50.34896929022107,363,33.33333333333333
10,45,68,0.002,744.7311904647961,-50.351253969013584,320,24.375
10,45,52,0.005,744.6865033533572,-50.35423310977618,356,43.53932584269663
8,47,58,0.007,744.5524125063778,-50.363172499574816,333,50.750750750750754
10,55,67,0.003,744.365468115833,-50.375635458944465,359,32.590529247910865
6,45,60,0.01,744.328583508555,-50.378094432763,343,51.60349854227405
8,57,65,0.01,744.0072788893026,-50.39951474071316,314,54.77707006369427
6,50,69,0.007,743.6835275878868,-50.421098160807546,334,50.898203592814376
6,60,70,0.01,743.39296645383,-50.440468903078006,332,57.53012048192772
8,54,66,0.007,743.2716612056995,-50.448555919620034,316,50.9493670886076
8,51,68,0.003,743.1311866040905,-50.457920893060624,370,34.32432432432432
10,54,66,0.005,742.9463304311548,-50.47024463792301,296,40.2027027027027
10,48,54,0.01,742.854909558166,-50.47633936278893,306,48.69281045751634
8,45,52,0.01,742.7623309004703,-50.48251127330199,341,44.28152492668622
10,59,66,0.007,742.5344918609744,-50.4977005426017,288,47.22222222222222
10,53,68,0.002,742.4153018816902,-50.50564654122065,386,26.683937823834196
8,47,68,0.003,742.3816158085231,-50.5078922794318,337,33.23442136498516
8,46,60,0.007,742.1703430581839,-50.52197712945441,307,52.11726384364821
8,52,65,0.007,741.874783511392,-50.541681099240535,308,50.324675324675326
8,53,65,0.007,741.7988646022815,-50.546742359847904,321,51.4018691588785
8,46,54,0.007,741.7592510265407,-50.54938326489729,365,45.47945205479452
10,50,62,0.005,741.7354184346134,-50.550972104359104,297,43.43434343434344
10,58,70,0.002,741.6538320433552,-50.556411197109654,399,26.31578947368421
10,48,62,0.005,741.6392887604097,-50.55738074930603,278,42.086330935251794
6,47,68,0.007,741.5686286184942,-50.56209142543372,313,49.84025559105431
8,57,69,0.007,741.5367363925192,-50.564217573832046,282,47.16312056737589
8,46,59,0.01,741.5195841747783,-50.565361055014776,276,54.347826086956516
10,56,70,0.002,741.4965949155566,-50.56689367229623,388,25.773195876288657
10,50,65,0.003,741.4814433150855,-50.56790377899429,331,33.23262839879154
6,50,68,0.01,741.4636802991281,-50.56908798005813,307,54.39739413680782
6,48,61,0.01,741.4337489809515,-50.5710834012699,361,51.8005540166205
10,55,69,0.002,741.0110908602213,-50.599260609318584,395,26.582278481012654
8,55,66,0.007,740.8360303787377,-50.61093130808415,325,51.69230769230769
8,49,62,0.01,740.7193415653272,-50.61871056231152,284,53.52112676056338
10,47,68,0.002,740.6273568482882,-50.6248428767808,327,24.770642201834864
10,55,63,0.007,740.5548905612891,-50.62967396258073,312,50.32051282051282
10,47,58,0.007,740.4986494720663,-50.633423368528916,286,51.39860139860139
6,47,67,0.01,740.3654780980046,-50.64230146013302,288,53.81944444444444
10,47,67,0.003,740.3121061823034,-50.645859587846445,293,29.351535836177472
10,48,58,0.01,740.2413262875464,-50.6505782474969,261,54.02298850574713
10,51,68,0.002,740.1959428096321,-50.653603812691195,368,25.543478260869566
10,47,66,0.003,740.0821106085864,-50.66119262609424,300,30.666666666666664
8,45,59,0.007,739.8978808757519,-50.67347460828321,303,51.15511551155115
8,47,65,0.005,739.8975405395059,-50.673497297366275,301,44.18604651162791
10,45,61,0.003,739.8426186580302,-50.67715875613133,321,36.44859813084112
8,60,70,0.007,739.8236251698868,-50.67842498867421,288,48.26388888888889
10,47,52,0.007,739.6560036853917,-50.689599754307224,358,44.134078212290504
10,59,64,0.01,739.4991204632851,-50.700058635781,279,52.32974910394266
6,47,61,0.01,739.2199505007998,-50.71866996661335,349,51.00286532951289
10,57,69,0.002,738.6410195640393,-50.757265362397376,412,26.941747572815533
10,50,68,0.002,738.6123396591828,-50.75917735605449,358,25.139664804469277
10,53,61,0.01,738.524268107961,-50.76504879280259,278,53.597122302158276
10,53,65,0.003,738.3489152972986,-50.77673898018009,369,34.959349593495936
8,46,67,0.002,738.3022771856848,-50.77984818762101,388,30.927835051546392
10,52,61,0.01,738.2769052936075,-50.78153964709284,265,53.20754716981132
10,46,51,0.007,738.1878422344661,-50.78747718436893,359,44.28969359331476
10,60,66,0.007,738.1542431408677,-50.789717123942154,300,48.333333333333336
8,45,67,0.002,738.1162813392025,-50.79224791071984,378,30.687830687830687
10,46,67,0.002,738.0220888471939,-50.79852741018706,333,26.126126126126124
10,48,60,0.007,737.9757673067526,-50.80161551288316,264,49.24242424242424
10,54,66,0.003,737.9720644134028,-50.80186237243982,362,33.42541436464088
10,60,64,0.01,737.9522565646084,-50.803182895692764,295,52.54237288135594
8,56,68,0.007,737.9427267226278,-50.80381821849148,293,47.781569965870304
10,49,60,0.007,737.9413896650123,-50.80390735566584,272,49.63235294117647
10,50,64,0.003,737.4610084479984,-50.83593277013343,341,34.01759530791789
8,53,69,0.003,737.4579412697299,-50.83613724868468,378,33.86243386243386
8,56,67,0.007,737.0367405424247,-50.864217297171685,312,49.358974358974365
10,46,62,0.003,737.0177504994707,-50.86548330003529,324,35.80246913580247
8,47,63,0.007,736.9963234837977,-50.86691176774683,281,50.5338078291815
10,59,63,0.01,736.9745657984953,-50.86836228010032,314,53.503184713375795
10,49,68,0.002,736.8833688322188,-50.87444207785208,347,24.78386167146974
8,51,68,0.005,736.7183814989405,-50.885441233403974,304,40.46052631578947
8,45,63,0.005,736.704945431837,-50.886336971210866,298,47.31543624161073
6,54,69,0.01,736.6580096999586,-50.88946602000276,321,54.82866043613706
8,48,60,0.01,736.4961825942108,-50.900254493719274,292,54.109589041095894
8,60,66,0.01,736.4655918227324,-50.90229387848451,326,54.90797546012271
6,47,62,0.007,735.9868526660727,-50.93420982226182,381,50.39370078740157
6,50,63,0.01,735.8500853712495,-50.94332764191669,370,52.972972972972975
6,46,60,0.01,735.8129563912302,-50.94580290725133,356,51.40449438202247
10,53,64,0.003,735.7058293173171,-50.95294471217886,379,35.62005277044855
8,45,70,0.002,735.4363146536161,-50.97091235642559,351,27.350427350427353
8,45,68,0.002,735.291416281149,-50.9805722479234,368,29.347826086956523
6,49,68,0.007,735.0775207937487,-50.99483194708342,337,51.038575667655785
8,46,66,0.003,734.7284956254593,-51.018100291636046,352,35.79545454545455
8,50,67,0.003,734.7153280814077,-51.018978127906145,376,35.638297872340424
10,46,59,0.007,734.6898636781524,-51.020675754789835,266,50.75187969924813
10,53,64,0.005,734.342792966046,-51.04381380226359,310,41.935483870967744
8,48,66,0.003,734.0167731044776,-51.065548459701496,368,36.41304347826087
10,46,55,0.01,733.6327728468309,-51.09114847687795,258,53.100775193798455
8,47,61,0.01,733.3773582743017,-51.10817611504655,274,54.379562043795616
10,56,69,0.002,733.342345323435,-51.11051031177101,405,26.666666666666668
8,45,66,0.003,733.2528011802567,-51.11647992131623,341,35.483870967741936
6,46,66,0.01,733.0589416680504,-51.129403888796645,286,53.84615384615385
10,49,65,0.003,732.8507471711938,-51.14328352192041,322,32.608695652173914
8,53,69,0.005,731.6394445385354,-51.2240370307643,310,40.0
10,47,59,0.007,731.6243920491306,-51.22504053005797,272,49.26470588235294
8,47,67,0.003,730.98423660539,-51.26771755964066,348,34.48275862068966
6,50,70,0.007,730.8792528036506,-51.274716479756634,321,50.467289719626166
8,51,63,0.01,730.8155322034979,-51.27896451976681,288,53.81944444444444
8,48,64,0.005,730.7350335207248,-51.28433109861835,328,45.426829268292686
10,48,54,0.007,730.6011361740902,-51.293257588393985,344,46.80232558139535
10,46,50,0.007,730.575331324175,-51.29497791172166,370,44.054054054054056
10,54,62,0.007,730.5667470285587,-51.29555019809609,314,50.955414012738856
8,48,62,0.007,730.4364592123591,-51.3042360525094,310,50.645161290322584
10,46,63,0.002,729.995186603739,-51.3336542264174,369,30.89430894308943
6,45,66,0.01,729.9883873868621,-51.33410750754253,279,54.121863799283155
10,53,63,0.005,729.788500792748,-51.347433280483465,336,43.75
10,56,67,0.003,729.6953528343766,-51.35364314437489,367,32.69754768392371
8,46,58,0.005,729.6090892673637,-51.35939404884242,361,47.64542936288089
8,48,58,0.007,729.5422327157719,-51.36385115228188,351,50.997150997150996
8,45,58,0.002,729.5280512639843,-51.36479658240105,465,39.35483870967742
8,52,69,0.003,729.1693263866683,-51.388711574222114,363,32.78236914600551
6,48,62,0.007,729.1544927271052,-51.389700484859645,392,51.02040816326531
6,56,69,0.01,729.0849502682375,-51.39433664878417,333,55.55555555555556
10,47,57,0.007,728.9219221754413,-51.40520518830392,298,51.67785234899329
8,52,64,0.007,728.7192717986093,-51.41871521342605,322,50.31055900621118
6,45,59,0.01,728.7145320319362,-51.41903119787092,350,50.28571428571429
8,50,62,0.01,728.576250469368,-51.428249968708805,295,52.88135593220339
8,46,53,0.007,728.5754481612202,-51.42830345591866,385,44.675324675324674
10,51,60,0.01,728.5317648254887,-51.43121567830076,260,52.69230769230769
8,49,58,0.01,728.5261229260361,-51.43159180493093,330,51.81818181818182
6,45,61,0.007,728.4628953120541,-51.435806979196386,368,49.72826086956522
8,45,58,0.003,728.283015342609,-51.4477989771594,412,42.4757281553398
8,49,66,0.003,728.2777314641023,-51.44815123572651,382,37.17277486910995
10,50,60,0.007,728.2721410425972,-51.448523930493515,283,50.17667844522968
8,47,56,0.01,728.2253406860746,-51.4516439542617,319,50.470219435736674
10,59,67,0.005,728.1755432002075,-51.45496378665284,325,40.92307692307692
8,46,57,0.005,728.0299641392642,-51.46466905738238,373,46.64879356568365
10,52,64,0.005,727.9249618974542,-51.47166920683639,298,41.61073825503356
10,52,65,0.003,727.6765225212679,-51.48823183191548,352,34.090909090909086
10,52,64,0.003,727.6287642197707,-51.49141571868196,362,34.806629834254146
10,49,64,0.003,727.4991499200027,-51.500056671999815,330,33.33333333333333
10,45,51,0.003,727.4856726194072,-51.500955158706184,421,40.61757719714964
8,45,66,0.002,727.3616519423357,-51.50922320384428,388,31.958762886597935
6,49,63,0.007,726.8176809841028,-51.54548793439315,398,50.502512562814076
10,47,61,0.005,726.6323435339848,-51.557843764401014,280,43.57142857142857
8,46,59,0.007,726.5197147836319,-51.56535234775787,313,51.118210862619804
8,47,57,0.007,726.5091659455398,-51.56605560363068,346,50.0
10,56,64,0.007,726.5030875474981,-51.5664608301668,294,48.29931972789115
10,49,61,0.005,726.4969217608024,-51.56687188261317,297,44.44444444444444
6,52,68,0.01,726.315559514404,-51.57896269903974,321,54.51713395638629
6,48,66,0.01,726.2916427296194,-51.58055715135871,303,53.79537953795379
8,49,63,0.007,726.2841419162494,-51.58105720558337,305,51.47540983606558
10,45,58,0.005,726.2270500446037,-51.584863330359745,304,47.03947368421053
8,52,70,0.003,725.9772952186945,-51.60151365208703,353,32.29461756373937
10,48,68,0.002,725.9479803010488,-51.60346797993007,337,24.629080118694365
10,45,63,0.002,725.7659275068628,-51.61560483287582,361,30.193905817174517
6,51,68,0.01,725.6267357889288,-51.62488428073808,311,53.69774919614147
8,55,64,0.01,725.6145299134016,-51.62569800577322,314,55.4140127388535
10,45,67,0.002,725.4371683692776,-51.63752210871482,330,25.454545454545453
10,52,61,0.007,725.2104644416412,-51.65263570389058,301,50.16611295681063
8,51,67,0.005,725.122536188159,-51.65849758745607,316,41.77215189873418
10,47,65,0.003,724.9988874755172,-51.666740834965516,310,31.61290322580645
10,60,67,0.005,724.9386792004086,-51.670754719972756,335,41.492537313432834
8,45,50,0.01,724.8449663715674,-51.67700224189551,359,42.061281337047355
6,49,62,0.01,724.8334329072194,-51.677771139518704,370,51.891891891891895
8,51,67,0.003,724.6365330462484,-51.69089779691678,385,35.58441558441559
10,48,65,0.003,724.5405893408692,-51.69729404394205,316,32.278481012658226
10,48,57,0.01,724.4762180771578,-51.70158546152281,274,54.01459854014598
10,56,63,0.007,724.3783079541338,-51.70811280305775,322,50.31055900621118
10,46,66,0.002,724.278727090995,-51.71475152726701,339,27.13864306784661
10,45,51,0.005,723.7103428578039,-51.75264380947975,371,43.66576819407008
10,55,66,0.005,723.6880821898833,-51.754127854007784,303,40.26402640264026
10,47,63,0.003,723.595206146865,-51.760319590208994,331,34.44108761329305
8,45,57,0.003,722.8740273937738,-51.808398173748415,427,41.68618266978923
10,50,63,0.003,722.70999261131,-51.819333825912665,359,35.65459610027855
8,58,65,0.01,722.6039359983105,-51.8264042667793,319,53.91849529780565
10,46,60,0.005,722.562721772127,-51.829151881858195,284,44.36619718309859
10,48,53,0.007,722.5135060662747,-51.83243292891502,362,45.30386740331492
10,53,61,0.007,722.3573786168984,-51.84284142554011,315,50.476190476190474
10,58,62,0.01,722.3503773209534,-51.84330817860311,313,53.674121405750796
10,45,57,0.003,722.1951930862929,-51.85365379424714,361,41.55124653739612
10,52,68,0.002,722.0538819385381,-51.8630745374308,374,25.935828877005346
10,48,52,0.01,722.0244485080666,-51.86503676612889,346,43.0635838150289
8,50,65,0.005,721.9407378994578,-51.870617473369485,334,44.01197604790419
10,55,66,0.003,721.8947397753575,-51.87368401497616,371,33.42318059299191
8,58,69,0.007,721.8164868201346,-51.878900878657696,287,47.386759581881535
8,57,67,0.007,721.7121643625811,-51.88585570916126,315,49.2063492063492
8,48,56,0.01,721.5856428164942,-51.89429047890039,333,50.150150150150154
8,49,65,0.005,721.448958670905,-51.90340275527301,326,44.47852760736196
10,57,67,0.003,721.4341713207123,-51.90438857861919,375,32.800000000000004
8,54,69,0.005,721.3537305281144,-51.909751298125705,313,39.936102236421725
10,47,56,0.01,721.3223683031641,-51.91184211312239,263,52.851711026615966
6,55,69,0.01,721.2541896057628,-51.91638735961581,327,54.74006116207951
8,47,64,0.005,721.1757388059542,-51.92161741293639,313,45.68690095846645
10,50,61,0.005,721.1438847710353,-51.92374101526431,309,44.983818770226534
10,60,63,0.01,721.1136920545036,-51.92575386303309,331,53.17220543806647
8,57,68,0.007,721.0396021159104,-51.930693192272635,295,47.45762711864407
8,46,51,0.01,720.9612866068421,-51.935914226210535,370,42.432432432432435
8,53,64,0.007,720.90487226309,-51.93967518246067,336,51.488095238095234
8,50,63,0.007,720.8170261852381,-51.9455315876508,312,50.96153846153846
6,47,60,0.01,720.8111263509509,-51.945924909936615,363,50.688705234159784
10,58,69,0.002,720.5625603570614,-51.96249597619591,419,26.968973747016705
6,46,67,0.007,720.5277708759903,-51.964815274933976,320,50.9375
8,46,63,0.005,720.2320220841402,-51.98453186105731,308,46.75324675324675
8,52,69,0.005,720.18838811232,-51.987440792512004,297,38.72053872053872
8,47,62,0.007,720.094092628025,-51.99372715813166,296,50.33783783783784
6,51,69,0.007,720.0733935964506,-51.995107093569956,342,50.29239766081871
10,47,67,0.002,719.9483485333753,-52.00344343110831,337,25.816023738872403
10,45,60,0.003,719.8636324634314,-52.00909116910457,330,37.57575757575757
8,56,66,0.007,719.5459555658601,-52.03026962894266,337,51.632047477744806
10,45,57,0.005,719.4267879479385,-52.03821413680409,313,47.92332268370607
10,45,58,0.003,719.2973232654707,-52.046845115635286,355,40.28169014084507
8,53,68,0.005,719.1128154726405,-52.0591456351573,322,40.993788819875775
10,47,64,0.003,719.0959502011531,-52.06026998658979,317,32.17665615141956
8,46,52,0.01,719.0450154917713,-52.06366563388192,360,43.611111111111114
6,47,66,0.01,718.9820752312085,-52.06786165125277,293,52.901023890784984
10,53,63,0.003,718.9627164464326,-52.06915223690449,406,37.68472906403941
10,52,63,0.005,718.6942091319623,-52.087052724535845,324,43.51851851851852
8,53,68,0.003,718.4231750656354,-52.105121662290976,391,34.78260869565217
6,53,68,0.01,718.3962856461818,-52.106914290254544,325,54.15384615384615
6,46,59,0.01,718.3953376093759,-52.106977492708275,363,49.586776859504134
8,48,65,0.003,718.3308479007696,-52.11127680661536,380,37.10526315789473
10,49,59,0.01,718.1154935429034,-52.125633763806434,252,52.77777777777778
8,56,64,0.01,718.0861324977285,-52.1275911668181,325,55.38461538461539
8,45,56,0.005,717.8661434446507,-52.14225710368996,367,46.59400544959128
10,48,61,0.005,717.6601395109923,-52.15599069926717,289,43.59861591695502
8,52,63,0.01,717.4703649394038,-52.168642337373086,296,53.71621621621622
10,51,63,0.003,717.1962125068701,-52.186919166208654,375,35.733333333333334
10,45,66,0.002,717.189970965281,-52.18733526898127,334,26.646706586826348
8,59,65,0.01,717.1417008278207,-52.19055327814528,330,54.24242424242425
10,57,64,0.007,716.8236874034047,-52.21175417310635,299,48.82943143812709
6,51,70,0.007,716.5538821671514,-52.22974118885657,328,50.30487804878049
6,46,61,0.007,716.2208583643807,-52.251942775707946,381,49.08136482939632
10,48,64,0.003,716.1979880485419,-52.25346746343054,323,32.81733746130031
10,49,58,0.01,715.5257119682166,-52.298285868785555,271,54.61254612546126
10,56,66,0.005,715.2772051793779,-52.31485298804147,311,40.51446945337621
10,49,54,0.007,715.1405520927017,-52.32396319381989,360,45.83333333333333
8,45,52,0.007,715.1004762762228,-52.32663491491848,381,44.09448818897638
10,57,66,0.005,714.7986179957464,-52.34675880028357,317,40.37854889589905
10,54,65,0.005,714.7519698576705,-52.349868676155296,315,41.58730158730159
8,48,69,0.002,714.5991406983985,-52.36005728677343,391,28.388746803069054
8,49,69,0.002,714.4540605219601,-52.369729298535994,397,28.967254408060455
8,46,66,0.002,714.0632238079936,-52.395785079467096,399,32.08020050125313
6,49,67,0.01,713.7111987858083,-52.419253414279446,314,54.77707006369427
8,57,70,0.005,713.4262645662922,-52.43824902891385,321,40.49844236760124
6,50,68,0.007,713.3294654820863,-52.44470230119425,344,50.872093023255815
8,45,57,0.002,712.819821275054,-52.47867858166306,482,39.004149377593365
10,58,67,0.003,712.7741883361986,-52.48172077758676,382,33.246073298429316
10,45,55,0.007,712.5896181965711,-52.49402545356192,283,49.82332155477032
8,50,66,0.003,712.4226765512251,-52.50515489658499,394,37.309644670050766
8,55,69,0.005,712.3400569877065,-52.51066286748623,319,40.43887147335423
10,45,54,0.002,712.2780340028677,-52.51479773314216,445,37.30337078651685
10,57,63,0.007,712.261446651937,-52.51590355653752,329,51.06382978723404
8,54,64,0.01,712.0687857759315,-52.52874761493791,304,54.93421052631579
8,45,62,0.005,711.9630194819,-52.53579870120666,315,47.3015873015873
6,48,60,0.01,711.840273384373,-52.54398177437514,378,51.05820105820106
10,47,51,0.007,711.7798708931604,-52.54800860712264,377,42.17506631299735
8,53,63,0.01,711.7181324799146,-52.55212450133902,311,54.340836012861736
8,52,68,0.003,711.191005754451,-52.587266283036605,376,33.77659574468085
10,46,53,0.003,711.114146385302,-52.59239024097987,421,40.85510688836104
8,49,61,0.01,711.0145629955016,-52.59902913363324,300,53.0
10,49,54,0.01,710.982868017292,-52.60114213218052,323,47.6780185758514
6,45,65,0.01,710.9779251497525,-52.60147165668316,292,54.109589041095894
10,60,68,0.003,710.9220523572616,-52.60519650951589,389,32.904884318766065
6,45,67,0.007,710.9088854718785,-52.60607430187476,314,51.27388535031847
10,46,61,0.003,710.8076148100282,-52.61282567933145,333,36.33633633633634
10,47,66,0.002,710.6864937636547,-52.62090041575635,344,27.03488372093023
8,50,58,0.01,710.5480137126283,-52.630132419158116,344,51.45348837209303
10,49,63,0.003,710.5109643143957,-52.632602379040286,347,35.158501440922194
6,47,59,0.01,710.242704357893,-52.65048637614047,373,49.32975871313673
10,54,65,0.003,710.0940710815698,-52.66039526122868,382,35.340314136125656
8,47,69,0.002,709.6771419813285,-52.6881905345781,377,28.381962864721483
10,47,63,0.002,709.5399925324025,-52.69733383117317,375,30.666666666666664
10,46,54,0.003,709.4888391278898,-52.70074405814068,410,40.731707317073166
10,51,60,0.007,709.362484880777,-52.70916767461487,298,50.0
8,53,67,0.005,709.3438803528343,-52.71040797647771,339,42.772861356932154
10,46,54,0.005,709.1740512935406,-52.72172991376396,352,46.02272727272727
10,46,64,0.002,709.1164696054989,-52.72556869296674,357,28.851540616246496
10,48,63,0.003,709.064825161192,-52.729011655920544,339,34.51327433628318
6,50,63,0.007,709.0404138750932,-52.73063907499378,411,51.09489051094891
10,45,59,0.005,708.9883824772155,-52.73410783485231,293,45.73378839590443
10,54,64,0.003,708.9540794356752,-52.73639470428832,393,36.1323155216285
8,52,68,0.005,708.6973675651424,-52.753508828990505,309,39.80582524271845
10,46,53,0.005,708.5943136468625,-52.76037909020916,364,44.505494505494504
10,52,63,0.003,708.5413488269279,-52.7639100782048,388,36.597938144329895
10,45,50,0.005,708.5203489383103,-52.765310070779314,381,43.30708661417323
8,59,70,0.005,708.5080844193965,-52.76612770537356,329,41.641337386018236
8,51,66,0.003,708.4302347741676,-52.77131768172217,408,37.745098039215684
6,48,61,0.007,708.4201296599316,-52.77199135600456,402,50.24875621890548
10,45,50,0.003,708.3384982949644,-52.777433447002366,433,40.64665127020785
8,49,65,0.003,708.2526856683819,-52.78315428877454,396,37.878787878787875
6,48,67,0.007,708.1684589457714,-52.78876940361524,338,51.4792899408284
6,45,57,0.01,707.9719242991987,-52.80187171338675,363,47.658402203856745
6,52,70,0.007,707.8543832338559,-52.80970778440961,338,50.887573964497044
10,48,58,0.007,707.6499062502431,-52.82333958331713,298,51.006711409395976
8,58,70,0.005,707.640774252384,-52.823948383174404,324,41.04938271604938
8,54,68,0.005,707.4263515026526,-52.83824323315649,326,41.104294478527606
8,47,60,0.01,706.9624060256922,-52.869172931620525,283,54.416961130742045
6,46,65,0.01,706.7051065966772,-52.88632622688818,300,53.666666666666664
10,46,56,0.007,706.4255278795548,-52.90496480802969,290,51.03448275862069
6,45,60,0.007,706.2564777352924,-52.91623481764718,381,49.86876640419948
10,56,66,0.003,705.8762657245985,-52.94158228502677,380,33.68421052631579
8,48,57,0.007,705.6006088010112,-52.95995941326592,364,49.72527472527473
8,54,65,0.007,705.2932669765681,-52.98044886822879,330,51.21212121212121
10,58,65,0.007,705.0082451454366,-52.999450323637554,294,46.93877551020408
6,45,58,0.01,704.9880530795673,-53.00079646136218,355,49.014084507042256
8,54,70,0.003,704.8047823553225,-53.013014509645174,366,33.060109289617486
8,47,66,0.003,704.7744314513596,-53.01503790324269,360,35.833333333333336
8,52,67,0.005,704.5896938348843,-53.02735374434104,325,41.53846153846154
6,51,63,0.01,704.5657971094952,-53.02894685936699,378,51.587301587301596
10,54,61,0.01,704.3019954878838,-53.04653363414108,295,54.23728813559322
10,59,68,0.003,704.2161639191276,-53.05225573872483,381,32.54593175853018
8,60,65,0.01,704.2024825107032,-53.053167832619785,349,54.15472779369628
10,51,62,0.005,703.9338444805932,-53.07107703462712,313,44.08945686900959
8,49,68,0.002,703.7507614437945,-53.0832825704137,410,30.0
6,54,68,0.01,703.6070658708444,-53.09286227527704,331,53.776435045317214
10,47,50,0.007,703.3449866264706,-53.11033422490197,391,41.94373401534527
10,45,64,0.002,703.0806388701501,-53.127957408656656,349,28.08022922636103
8,49,62,0.007,703.0752079946864,-53.1283194670209,322,50.931677018633536
8,48,59,0.01,703.050617474293,-53.12995883504714,300,53.666666666666664
10,48,59,0.007,702.8130197215042,-53.145798685233046,281,49.11032028469751
10,46,62,0.002,702.7365179051487,-53.15089880632342,372,31.451612903225808
10,49,67,0.002,702.5877939862162,-53.16081373425226,359,25.62674094707521
6,46,70,0.003,702.5447247271558,-53.163685018189625,402,38.059701492537314
10,46,65,0.002,702.4960393426921,-53.16693071048719,351,28.205128205128204
8,51,63,0.007,702.4042730197048,-53.17304846535302,327,50.45871559633027
8,45,65,0.003,702.2206504500472,-53.18528996999685,350,36.857142857142854
10,54,68,0.002,701.9013698497796,-53.20657534334803,396,26.767676767676768
6,50,62,0.01,701.8343137076937,-53.21104575282042,384,51.822916666666664
6,52,69,0.007,701.8194398294362,-53.21203734470426,353,50.991501416430594
6,47,61,0.007,701.7322792945713,-53.21784804702858,390,49.23076923076923
8,48,68,0.002,701.5131318976242,-53.23245787349171,403,29.280397022332505
8,52,67,0.003,701.4646424088251,-53.23569050607833,392,35.45918367346938
8,54,67,0.005,701.3804266959105,-53.241304886939304,343,42.857142857142854
8,55,65,0.007,701.371179686872,-53.24192135420853,340,51.17647058823529
10,50,67,0.002,701.321912583603,-53.245205827759804,370,25.945945945945947
8,48,70,0.002,701.238086435093,-53.25079423766046,384,27.34375
8,51,66,0.005,700.8600091669816,-53.27599938886789,336,43.75
6,47,67,0.007,700.8412532055078,-53.277249786299485,328,50.609756097560975
10,50,59,0.01,700.8027020427301,-53.279819863818,265,53.20754716981132
8,49,57,0.01,700.5763816487437,-53.294907890083756,346,50.0
6,57,69,0.01,700.422317958397,-53.30517880277353,335,54.328358208955216
8,59,69,0.007,700.3984959938425,-53.30676693374383,295,47.79661016949153
8,49,70,0.002,700.3173369981237,-53.312177533458424,389,28.020565552699228
10,58,66,0.005,700.2838284135569,-53.31441143909621,324,40.4320987654321
6,48,59,0.01,700.1229722570332,-53.32513518286446,391,49.61636828644501
8,47,55,0.01,699.9597276126226,-53.33601815915849,330,48.78787878787879
8,46,65,0.003,699.7373093323358,-53.350846044510945,362,36.74033149171271
8,47,56,0.007,699.6601652295495,-53.35598898469669,357,48.17927170868347
10,50,66,0.002,699.6441763625505,-53.357054909163296,376,27.127659574468083
10,55,62,0.007,699.6056356454445,-53.3596242903037,326,50.306748466257666
10,45,62,0.002,699.5228457247197,-53.36514361835203,364,30.76923076923077
8,57,66,0.007,699.4290095634767,-53.37139936243489,340,50.588235294117645
8,46,52,0.007,699.3980702949864,-53.373461980334234,401,43.391521197007485
10,53,67,0.002,699.2909094299839,-53.380606038001076,402,27.611940298507463
8,47,70,0.002,699.2899159384463,-53.380672270770255,369,27.371273712737125
6,49,62,0.007,699.1471843645586,-53.390187709029426,410,50.24390243902439
8,45,56,0.003,698.850840048175,-53.409943996788336,435,41.839080459770116
8,55,70,0.003,698.7189855767208,-53.41873429488528,373,33.51206434316354
8,48,61,0.007,698.5599174995638,-53.429338833362415,327,51.07033639143731
8,47,54,0.01,698.4193108063062,-53.43871261291293,342,45.90643274853801
8,45,55,0.005,698.3184065362047,-53.445439564253014,375,45.86666666666667
10,45,65,0.002,698.2810803896178,-53.447927974025475,344,27.61627906976744
8,54,69,0.003,698.1699641167195,-53.45533572555203,381,33.59580052493438
8,49,58,0.007,698.0368985735705,-53.464206761761965,368,49.72826086956522
10,57,66,0.003,697.8847499027061,-53.47435000648626,388,33.50515463917525
8,50,62,0.007,697.6476126228016,-53.4901591584799,332,50.602409638554214
8,46,50,0.01,697.0584954948356,-53.52943363367763,383,40.73107049608355
10,50,58,0.01,696.8567371265752,-53.542884191561654,284,54.22535211267606
10,52,60,0.01,696.8053914817929,-53.54630723454714,277,52.34657039711191
10,47,62,0.003,696.5755184034268,-53.5616321064382,334,35.029940119760475
8,55,68,0.005,696.4473742441974,-53.57017505038684,332,41.566265060240966
8,53,67,0.003,696.3966485936031,-53.573556760426456,410,36.34146341463415
10,49,58,0.007,696.1459416387621,-53.590270557415856,307,51.79153094462541
8,50,61,0.01,696.1327474349918,-53.59115017100056,311,52.09003215434084
6,49,61,0.01,696.1073689227227,-53.592842071818495,381,50.65616797900262
10,49,57,0.01,695.8488863116663,-53.6100742458889,286,54.1958041958042
8,58,68,0.007,695.7176296962489,-53.618824686916746,302,47.35099337748344
8,45,64,0.003,695.6114062163323,-53.62590625224451,358,38.26815642458101
8,56,70,0.003,695.3637025382939,-53.642419830780405,380,34.21052631578947
6,48,65,0.01,695.202002006073,-53.6531998662618,317,53.62776025236593
8,56,69,0.005,695.0025954961347,-53.66649363359102,327,40.97859327217125
10,53,62,0.005,694.5511003769944,-53.69659330820037,347,44.38040345821326
10,49,66,0.002,694.5473151924344,-53.6968456538377,365,26.84931506849315
8,48,64,0.003,694.4963008141184,-53.7002466123921,393,38.16793893129771
8,58,67,0.007,694.3577617690155,-53.7094825487323,322,48.75776397515528
10,47,64,0.002,694.3127547774934,-53.71248301483378,362,28.7292817679558
6,56,68,0.01,694.1063012538033,-53.726246583079785,344,54.06976744186046
10,51,67,0.002,694.1046162911764,-53.726358913921565,382,26.17801047120419
10,48,57,0.007,694.0952654275624,-53.72698230482917,311,51.12540192926045
6,46,66,0.007,693.9329143012034,-53.73780571325311,324,50.617283950617285
8,45,65,0.002,693.8832078670505,-53.74111947552998,398,33.165829145728644
6,45,70,0.003,693.7919013908785,-53.74720657394143,395,37.721518987341774
10,54,64,0.005,693.7829950614657,-53.747800329235616,324,42.28395061728395
10,50,54,0.01,693.5799993113804,-53.76133337924131,343,46.647230320699705
10,48,51,0.01,693.4526469129784,-53.76982353913478,368,40.48913043478261
10,48,52,0.007,693.4265960931378,-53.771560260457484,387,42.377260981912144
6,46,60,0.007,693.3462545768177,-53.77691636154549,396,49.494949494949495
6,58,69,0.01,693.3142849983045,-53.779047666779704,344,54.94186046511628
8,45,51,0.007,693.3109158944051,-53.77927227370633,390,42.82051282051282
6,47,65,0.01,693.1343105387783,-53.79104596408144,307,52.76872964169381
10,45,53,0.002,692.9273715152937,-53.80484189898043,455,38.02197802197802
8,47,61,0.007,692.9255030075805,-53.80496646616131,312,50.96153846153846
10,47,60,0.005,692.8539952934107,-53.80973364710595,291,43.986254295532646
10,51,66,0.002,692.8480023226683,-53.81013317848877,389,27.506426735218508
6,52,63,0.01,692.6817787630682,-53.821214749128785,395,51.64556962025316
8,48,55,0.01,692.5457325047322,-53.830284499684524,344,47.96511627906977
8,50,65,0.003,692.4344151258018,-53.83770565827988,408,37.745098039215684
6,46,58,0.01,692.2662587985399,-53.84891608009734,369,48.509485094850945
10,50,54,0.007,692.2612970087239,-53.849246866085075,382,45.0261780104712
10,49,59,0.007,692.2095787479411,-53.85269475013725,289,49.82698961937716
10,48,67,0.002,692.1613536165924,-53.85590975889385,349,25.501432664756447
8,50,69,0.002,692.0482610359857,-53.86344926426763,405,28.641975308641975
10,51,61,0.005,691.7964950075433,-53.88023366616378,326,45.0920245398773
10,55,65,0.005,691.6848739003432,-53.88767507331045,322,41.30434782608695
6,49,66,0.01,691.6359336732212,-53.89093775511859,319,53.29153605015674
8,49,67,0.002,691.560641141855,-53.89595725720967,425,31.294117647058822
10,53,60,0.01,691.5431998800498,-53.897120007996676,291,52.57731958762887
10,53,66,0.002,690.9764257550828,-53.934904949661146,412,28.883495145631066
6,46,70,0.005,690.7783605528289,-53.94810929647807,336,44.345238095238095
10,45,59,0.003,690.7618516617099,-53.94920988921934,344,38.662790697674424
6,46,63,0.005,690.7248236630116,-53.95167842246589,410,45.85365853658537
8,47,59,0.01,690.4765585925416,-53.96822942716389,289,53.979238754325266
6,50,67,0.01,690.3603384691232,-53.97597743539178,321,54.51713395638629
10,50,57,0.01,690.1524632998055,-53.989835780012974,297,53.535353535353536
6,48,70,0.005,690.139455265943,-53.99070298227046,351,45.58404558404558
8,46,56,0.005,690.1197156992263,-53.992018953384914,383,45.95300261096606
10,47,56,0.007,690.0581828670365,-53.99612114219756,301,50.16611295681063
8,48,54,0.01,690.0181504080467,-53.99878997279688,359,45.682451253481894
8,49,64,0.005,689.9284814759596,-54.00476790160269,339,45.72271386430678
8,45,54,0.005,689.7516522667595,-54.016556515549375,385,45.19480519480519
4,48,70,0.01,689.5876656345337,-54.027488957697756,398,49.246231155778894
8,50,64,0.005,689.5323410980551,-54.03117726012966,347,44.95677233429395
6,46,57,0.01,689.3737257236942,-54.041751618420385,378,47.08994708994709
8,52,63,0.007,689.3610553138799,-54.04259631240801,335,50.14925373134328
8,47,68,0.002,689.2396671335899,-54.050688857760676,388,29.12371134020619
8,51,62,0.01,689.1141965413715,-54.05905356390856,308,52.5974025974026
6,46,63,0.003,688.9824848331385,-54.06783434445743,485,40.618556701030926
10,49,53,0.01,688.8497813888054,-54.07668124074632,345,45.21739130434783
6,46,69,0.003,688.5327348681178,-54.09781767545881,417,38.1294964028777
8,46,62,0.005,688.4599713806106,-54.10266857462596,326,46.62576687116564
6,45,70,0.005,688.2270586050439,-54.118196092997074,328,44.51219512195122
8,49,60,0.01,687.854011148866,-54.14306592340894,309,53.398058252427184
6,55,68,0.01,687.8458501724613,-54.14360998850258,337,53.70919881305638
10,47,65,0.002,687.8305344785618,-54.14463103476255,356,28.08988764044944
10,45,56,0.003,687.7618612611541,-54.149209249256394,362,41.16022099447514
6,48,66,0.007,687.714977654212,-54.15233482305253,343,51.02040816326531
8,55,67,0.005,687.4901000831915,-54.16732666112056,351,43.3048433048433
10,48,50,0.01,687.1630148149183,-54.18913234567211,386,39.119170984455955
8,56,65,0.007,687.0529650421308,-54.19646899719128,355,51.54929577464789
8,50,58,0.007,686.8148616560683,-54.212342556262115,381,49.60629921259843
8,45,55,0.003,686.751779265885,-54.21654804894101,442,40.723981900452486
6,45,63,0.003,686.7113165669333,-54.219245562204456,474,40.92827004219409
8,48,67,0.002,686.6604587588263,-54.22263608274491,415,30.361445783132528
10,54,61,0.007,686.3742618504277,-54.24171587663815,333,50.750750750750754
8,45,61,0.005,686.3326558626931,-54.2444896091538,328,48.170731707317074
6,59,69,0.01,686.332615346331,-54.244492310244596,350,55.42857142857143
8,51,65,0.003,686.2692745926478,-54.24871502715681,422,38.15165876777251
10,59,62,0.01,686.2668833198245,-54.24887444534503,334,52.69461077844312
8,55,63,0.01,686.2243006655808,-54.25171328896128,332,55.42168674698795
6,49,67,0.007,685.8717892796474,-54.275214048023514,352,51.42045454545454
4,47,70,0.01,685.7135115637777,-54.28576589574815,393,49.36386768447837
6,47,58,0.01,685.6082328669348,-54.29278447553768,378,48.148148148148145
8,45,53,0.005,685.4456544567444,-54.30362303621704,401,44.38902743142145
8,46,58,0.003,685.2949072393519,-54.31367285070987,431,42.22737819025522
6,51,68,0.007,685.259162368452,-54.3160558421032,352,50.28409090909091
8,52,66,0.003,685.1828791000631,-54.32114139332913,415,37.59036144578313
10,55,65,0.003,684.9243880012264,-54.33837413325158,393,34.86005089058524
6,47,63,0.005,684.9170557099881,-54.338862952667455,417,45.80335731414868
10,48,56,0.01,684.8916242379671,-54.34055838413553,279,51.25448028673835
8,55,69,0.003,684.8064094633289,-54.3462393691114,390,33.84615384615385
6,47,70,0.005,684.7753646429875,-54.34830902380084,343,44.89795918367347
6,45,66,0.007,684.759971185335,-54.349335254311,317,50.78864353312302
8,54,64,0.007,684.6872891649573,-54.354180722336174,345,51.30434782608696
10,55,68,0.002,684.593195999756,-54.36045360001627,404,26.980198019801982
10,50,58,0.007,684.4992917506095,-54.366713883292704,319,51.410658307210035
6,45,64,0.01,684.4179743859702,-54.37213504093532,301,53.48837209302325
10,52,67,0.002,684.3444174796174,-54.37703883469218,390,26.923076923076923
10,59,66,0.005,684.2890667884345,-54.38072888077103,337,41.246290801186944
6,45,63,0.005,684.2791135536984,-54.38139242975344,396,46.21212121212121
8,46,64,0.003,684.2009692861242,-54.386602047591715,373,38.069705093833775
10,48,60,0.005,684.1799533106421,-54.38800311262386,300,43.666666666666664
10,46,60,0.003,684.0351960123515,-54.397653599176564,343,37.31778425655977
6,48,69,0.005,683.9691509417829,-54.402056603881135,365,45.75342465753425
4,46,70,0.01,683.9567360225535,-54.402884265163095,387,49.6124031007752
10,55,64,0.003,683.8586442980246,-54.409423713465024,405,35.80246913580247
10,47,55,0.01,683.7467533306017,-54.416883111293224,270,51.11111111111111
8,60,69,0.007,683.7202687245159,-54.41864875169894,303,48.18481848184818
10,45,56,0.005,683.6947328902685,-54.42035114064877,314,47.13375796178344
6,60,69,0.01,683.6440212573874,-54.42373191617418,360,55.27777777777778
6,46,69,0.005,683.4518791951516,-54.4365413869899,349,44.412607449856736
8,47,53,0.01,683.4495216608635,-54.43669855594243,362,43.92265193370166
8,45,64,0.002,683.4339686428466,-54.43773542381023,408,34.55882352941176
6,45,59,0.007,683.3911985860175,-54.44058676093218,388,48.1958762886598
10,49,53,0.007,683.3452278712122,-54.44365147525252,383,44.38642297650131
10,53,62,0.003,683.2678466609719,-54.44881022260187,418,38.516746411483254
10,54,63,0.003,683.2472093107419,-54.45018604595053,423,38.061465721040186
10,46,59,0.005,683.1750182160164,-54.45499878559891,302,46.688741721854306
8,53,63,0.007,683.1748899634224,-54.455007335771846,351,50.997150997150996
10,47,62,0.002,683.0451389501144,-54.463657403325705,378,31.216931216931215
10,54,63,0.005,682.9574313010353,-54.469504579930984,352,44.034090909090914
10,58,66,0.003,682.9520925673888,-54.46986049550742,396,33.83838383838384
10,50,62,0.003,682.6608314268844,-54.48927790487437,363,36.08815426997245
4,45,70,0.01,682.4134354239392,-54.50577097173739,379,49.07651715039577
4,46,69,0.01,682.394434523613,-54.5070376984258,398,49.74874371859296
8,55,64,0.007,682.2620715520054,-54.51586189653297,356,51.40449438202247
10,50,59,0.007,682.0143685032841,-54.532375433114396,301,50.16611295681063
10,49,62,0.003,681.763610442038,-54.549092637197475,351,35.61253561253561
10,46,52,0.005,681.7419745198001,-54.55053503201333,382,42.67015706806283
6,51,63,0.007,681.596622265639,-54.560225182290736,422,50.0
4,45,69,0.01,681.4241798279136,-54.571721344805766,388,49.48453608247423
10,48,66,0.002,681.420416151047,-54.571972256596865,356,26.685393258426966
10,52,62,0.005,681.1098714241974,-54.592675238386846,333,44.14414414414414
10,59,65,0.007,680.9947923142797,-54.60034717904803,307,47.23127035830619
10,60,66,0.005,680.9440128701484,-54.60373247532344,351,42.16524216524217
6,45,69,0.005,680.9276366737017,-54.60482422175321,341,44.868035190615835
10,52,60,0.007,680.8303552350648,-54.61130965099568,316,50.31645569620253
6,45,56,0.01,680.8150793465435,-54.61232804356377,373,45.57640750670242
6,47,66,0.007,680.5993979241644,-54.626706805055704,333,50.150150150150154
8,52,66,0.005,680.4246185476577,-54.63835876348948,345,43.47826086956522
10,60,70,0.002,680.3866265256858,-54.64089156495429,419,26.730310262529834
10,48,62,0.003,680.3759822423208,-54.64160118384528,343,34.98542274052478
10,51,59,0.01,680.3385829969477,-54.64409446687015,282,53.191489361702125
8,46,65,0.002,680.0562138198146,-54.66291907867902,409,33.007334963325185
6,45,69,0.003,679.9544832957508,-54.66970111361661,410,38.048780487804876
8,51,64,0.003,679.7352767194707,-54.68431488536862,435,39.310344827586206
10,60,65,0.007,679.731117185092,-54.68459218766053,323,47.987616099071204
8,47,67,0.002,679.631129603959,-54.691258026402735,400,30.25
10,49,60,0.005,679.5932217732777,-54.69378521511482,309,44.336569579288025
6,46,64,0.01,679.5883031325753,-54.69411312449497,310,52.903225806451616
8,47,58,0.005,679.4864385807908,-54.700904094613946,376,47.07446808510639
6,48,60,0.007,679.3235816696499,-54.71176122202335,420,49.76190476190476
10,49,57,0.007,679.2978758865629,-54.7134749408958,321,51.4018691588785
8,53,66,0.005,679.2279511981278,-54.71813658679147,360,44.44444444444444
8,56,68,0.005,679.2219128811234,-54.71853914125844,340,41.76470588235294
10,57,65,0.005,679.1398813581693,-54.72400790945537,335,41.19402985074627
8,56,63,0.01,679.1129515684318,-54.725803228771206,344,54.360465116279066
8,49,56,0.01,679.0191675439198,-54.73205549707201,358,49.162011173184354
10,47,54,0.005,678.9740239779276,-54.73506506813817,366,45.3551912568306
10,55,61,0.01,678.8120675837968,-54.74586216108022,305,53.11475409836065
6,50,62,0.007,678.7042255853834,-54.7530516276411,425,50.35294117647059
8,50,68,0.002,678.6859063542496,-54.7542729097167,419,29.832935560859188
6,47,57,0.01,678.6816467225394,-54.75455688516404,387,46.51162790697674
8,54,68,0.003,678.6365901759129,-54.75756065493913,395,34.68354430379747
10,56,65,0.005,678.5193400955984,-54.765377326960106,330,41.21212121212121
10,57,68,0.002,678.5162332461163,-54.76558445025892,421,27.315914489311165
8,48,56,0.007,678.355986890206,-54.776267540652924,377,48.275862068965516
8,50,70,0.002,678.3548754538983,-54.77634163640678,397,27.70780856423174
10,46,54,0.002,678.317387100837,-54.7788408599442,469,37.10021321961621
10,53,60,0.007,678.2452933814286,-54.783647107904756,329,50.15197568389058
8,46,58,0.002,678.2094251113735,-54.78603832590843,484,39.0495867768595
8,48,63,0.005,678.1028278652765,-54.793144808981566,337,45.6973293768546
10,51,62,0.003,677.9515950956505,-54.8032269936233,381,36.74540682414698
6,47,69,0.005,677.8799166766928,-54.80800555488714,356,44.9438202247191
8,45,56,0.002,677.521358731053,-54.83190941792979,492,39.02439024390244
10,52,66,0.002,677.1417940376613,-54.85721373082257,397,28.211586901763226
6,52,68,0.007,677.1154874711706,-54.85896750192196,364,51.098901098901095
8,47,63,0.005,677.1018903657085,-54.859873975619436,321,45.794392523364486
8,49,64,0.003,677.0985450451244,-54.8600969969917,409,38.87530562347188
8,47,55,0.007,676.9381579603272,-54.87078946931152,368,46.46739130434783
8,46,57,0.003,676.934858085296,-54.87100946098027,448,41.517857142857146
8,53,66,0.003,676.8120823455465,-54.879194510296905,433,38.33718244803695
8,56,69,0.003,676.4378763140662,-54.90414157906225,397,34.5088161209068
8,46,61,0.005,676.3771736227774,-54.908188425148175,339,47.78761061946903
10,56,62,0.007,676.231271122248,-54.91791525851679,339,50.737463126843664
8,57,64,0.01,676.1294620102524,-54.924702532649846,332,53.6144578313253
8,48,60,0.007,676.1093468601581,-54.92604354265613,335,51.64179104477612
8,47,57,0.005,676.0674223852208,-54.92883850765195,388,46.134020618556704
8,51,65,0.005,675.7445531711916,-54.95036312192057,349,44.126074498567334
8,46,51,0.007,675.6831552291125,-54.95445631805917,412,41.99029126213592
6,47,60,0.007,675.6356035704517,-54.95762642863655,406,49.01477832512315
10,49,52,0.01,675.6034086981251,-54.959772753458324,370,41.62162162162162
8,56,67,0.005,675.5973015929214,-54.96017989380524,361,43.76731301939058
4,49,70,0.01,675.4654307866737,-54.968971280888425,405,49.629629629629626
10,58,64,0.007,675.4551627576965,-54.96965581615356,308,47.72727272727273
8,45,60,0.005,675.2230300047736,-54.98513133301509,334,48.80239520958084
8,55,66,0.005,675.1670885222613,-54.98886076518258,372,45.43010752688172
6,49,61,0.007,675.0217500394517,-54.998549997369885,420,49.28571428571429
10,46,61,0.002,674.7544837932619,-55.016367747115865,383,32.375979112271544
10,46,58,0.005,674.7031219448742,-55.01979187034172,318,47.79874213836478
8,48,53,0.01,674.5012454325424,-55.03325030449717,381,43.569553805774284
10,50,53,0.01,674.0514366301733,-55.06323755798845,367,43.869209809264305
6,46,59,0.007,673.7333523338926,-55.08444317774048,403,47.39454094292804
4,47,69,0.01,673.7192282595598,-55.08538478269601,405,49.382716049382715
6,53,63,0.01,673.6738310206399,-55.088411265290674,402,50.74626865671642
8,45,63,0.002,673.556341829095,-55.096243878060335,414,35.02415458937198
8,54,63,0.01,673.4580193715042,-55.10279870856638,321,54.51713395638629
10,59,70,0.002,673.269715698509,-55.115352286766075,413,26.39225181598063
8,50,60,0.01,673.2692592690682,-55.11538271539544,320,52.5
10,58,63,0.007,673.231798652724,-55.11788008981839,340,49.11764705882353
10,46,52,0.003,673.2264837519298,-55.118234416538016,442,39.59276018099548
10,45,61,0.002,673.1722988939431,-55.12184674040379,374,31.818181818181817
10,50,60,0.005,673.0960143246501,-55.12693237835666,322,44.72049689440994
8,59,68,0.007,672.9441777556364,-55.137054816290906,310,47.096774193548384
10,46,57,0.005,672.905002497398,-55.13966650017347,329,48.93617021276596
8,50,57,0.01,672.5706948365982,-55.16195367756011,362,49.171270718232044
8,45,63,0.003,672.5278156082207,-55.16481229278528,364,38.73626373626374
6,51,67,0.01,672.406870944995,-55.17287527033366,325,53.53846153846153
8,47,65,0.003,672.1941426206613,-55.18705715862258,371,36.65768194070081
10,56,68,0.002,671.9989197701293,-55.20007201532471,415,26.987951807228917
8,46,55,0.005,671.835118272643,-55.21099211515714,392,45.1530612244898
6,50,61,0.01,671.7485159105336,-55.216765605964426,395,50.63291139240506
10,45,52,0.002,671.7243537859562,-55.218376414269585,466,37.553648068669524
10,52,62,0.003,671.6527677931524,-55.22314881378985,398,37.437185929648244
8,52,62,0.01,671.5526942524721,-55.22982038316853,319,52.35109717868338
10,55,64,0.005,671.4258531294066,-55.23827645803956,332,42.168674698795186
8,49,61,0.007,671.33555908656,-55.244296060896005,339,50.737463126843664
8,47,60,0.007,670.9182181456978,-55.27211879028682,320,51.5625
10,56,61,0.01,670.8320386585052,-55.27786408943298,318,53.144654088050316
8,58,66,0.007,670.8300990684904,-55.27799339543398,347,49.85590778097983
8,54,66,0.005,670.7680598091121,-55.28212934605919,364,44.505494505494504
6,52,67,0.01,670.7334316563308,-55.28443788957795,335,54.328358208955216
10,47,53,0.005,670.3723187281832,-55.30851208478778,383,43.86422976501306
6,48,58,0.01,670.2500213089262,-55.316665246071594,396,48.484848484848484
10,52,61,0.005,670.2185559485193,-55.318762936765374,345,44.34782608695652
6,46,62,0.005,669.8328866982456,-55.344474220116965,420,45.714285714285715
6,50,66,0.01,669.8014215370134,-55.346571897532435,327,53.21100917431193
6,45,62,0.005,669.6517461849838,-55.356550254334415,406,45.812807881773395
6,49,70,0.005,669.5690773758602,-55.362061508275985,365,46.02739726027397
6,48,63,0.005,669.5441502261342,-55.36372331825772,429,46.620046620046615
6,45,62,0.003,669.3487469787384,-55.37675020141744,485,41.23711340206185
8,49,57,0.007,669.3064455017771,-55.37957029988152,384,48.4375
10,51,58,0.01,668.7737473996356,-55.415083506690955,301,53.820598006644516
10,47,61,0.003,668.5950192761292,-55.42699871492472,347,35.73487031700288
8,47,51,0.01,668.4915571486004,-55.433896190093314,390,39.743589743589745
8,59,67,0.007,668.4459212775315,-55.4369385814979,330,48.484848484848484
10,45,58,0.002,668.3860284506002,-55.44093143662665,406,36.45320197044335
10,51,61,0.003,668.2355108077974,-55.450965946146844,395,37.9746835443038
10,49,52,0.007,668.0637762134163,-55.462414919105576,410,41.21951219512195
6,46,56,0.01,667.2610931431599,-55.515927123789346,391,45.26854219948849
8,57,65,0.007,666.7422412645559,-55.55051724902961,360,50.55555555555556
10,46,51,0.005,666.5852237221601,-55.56098508518933,401,42.394014962593516
6,47,64,0.01,666.538228668618,-55.5641180887588,317,52.05047318611987
6,49,60,0.01,666.2158390265461,-55.5856107315636,398,49.74874371859296
8,45,54,0.003,666.1830077220147,-55.58779948519902,453,40.618101545253865
6,57,68,0.01,666.1050369339046,-55.5929975377397,347,52.73775216138329
10,46,55,0.007,665.9406409563239,-55.60395726957841,300,49.666666666666664
6,50,67,0.007,665.5419052968768,-55.63053964687488,359,51.25348189415042
10,50,57,0.007,665.4681393773925,-55.6354573748405,333,50.750750750750754
10,60,62,0.01,665.3595432205748,-55.64269711862835,353,51.27478753541076
10,58,68,0.002,665.186200544868,-55.65425329700879,430,27.674418604651162
8,45,50,0.007,665.039455707065,-55.664036286195675,401,41.895261845386536
6,48,57,0.01,664.9688295053566,-55.66874469964289,406,46.55172413793103
10,56,65,0.003,664.7040438630005,-55.68639707579997,402,34.82587064676617
6,49,66,0.007,664.6576040358831,-55.689493064274465,357,50.14005602240896
6,51,62,0.01,664.604502306968,-55.69303317953547,394,49.746192893401016
6,48,70,0.003,664.4860576239785,-55.700929491734776,424,38.443396226415096
6,46,62,0.003,664.4427615842625,-55.7038158943825,497,40.845070422535215
6,47,62,0.005,664.2007827981467,-55.71994781345688,427,45.66744730679157
6,52,63,0.007,664.126802095838,-55.72487986027747,440,50.0
8,51,58,0.01,663.9864179245692,-55.734238805028724,360,50.55555555555556
8,48,66,0.002,663.8125144455792,-55.74583237029472,427,31.61592505854801
10,60,67,0.003,663.6916770179836,-55.75388819880109,410,34.390243902439025
8,55,68,0.003,663.6084612482405,-55.759435916783964,404,34.900990099009896
10,46,57,0.003,663.5107766425953,-55.76594822382699,383,42.03655352480418
8,57,70,0.003,663.2703645315264,-55.78197569789825,389,33.933161953727506
6,49,69,0.005,663.2431610467853,-55.783789263547646,379,46.17414248021108
8,50,67,0.002,663.196642043878,-55.78689053040813,435,31.03448275862069
8,50,61,0.007,663.0804487081842,-55.79463675278772,349,50.1432664756447
10,57,62,0.007,662.9944118978096,-55.80037254014603,346,50.86705202312138
8,52,65,0.003,662.9502240995972,-55.80331839336019,429,37.995337995338
8,57,69,0.005,662.5149180102201,-55.83233879931866,334,40.41916167664671
10,45,57,0.002,662.367938531684,-55.84213743122106,415,37.34939759036144
10,57,64,0.005,662.3281635823993,-55.84478909450672,346,42.48554913294797
10,47,59,0.005,662.2399168109764,-55.85067221260157,310,45.16129032258064
8,49,66,0.002,662.1478293690416,-55.85681137539723,441,32.426303854875286
10,51,57,0.01,661.8968353995937,-55.87354430669376,314,52.547770700636946
6,48,64,0.01,661.7307494272649,-55.88461670484901,327,52.59938837920489
10,51,59,0.007,661.6068856781618,-55.89287428812255,319,50.15673981191222
10,54,60,0.01,661.4574592588226,-55.90283604941182,310,52.903225806451616
8,56,66,0.005,661.2689004690411,-55.91540663539726,382,45.54973821989529
8,50,64,0.003,661.1453141685043,-55.923645722099714,421,38.47980997624703
6,45,58,0.007,661.1404183740796,-55.92397210839471,393,46.81933842239186
8,56,64,0.007,661.0616192074976,-55.92922538616683,372,51.61290322580645
8,46,54,0.005,660.9865523163876,-55.934229845574166,405,44.19753086419753
8,46,64,0.002,660.9478047370515,-55.93681301752991,422,34.360189573459714
6,45,57,0.007,660.678625745844,-55.9547582836104,402,45.77114427860697
10,60,69,0.002,660.5419119655996,-55.96387253562669,439,27.33485193621868
6,50,69,0.005,660.4880319321197,-55.96746453785868,385,45.714285714285715
10,46,53,0.002,660.4713071801842,-55.96857952132105,482,37.75933609958506
10,52,61,0.003,660.4414682642464,-55.97056878238358,412,38.10679611650485
6,53,67,0.01,660.3812132052954,-55.97458578631365,340,54.11764705882353
8,59,70,0.003,660.2691980097437,-55.98205346601708,405,34.32098765432099
8,47,54,0.007,660.2192704289575,-55.98538197140284,381,43.832020997375324
8,46,57,0.002,660.0796691533262,-55.99468872311159,503,38.767395626242546
8,60,70,0.003,660.0675416269552,-55.99549722486965,414,34.78260869565217
8,58,70,0.003,659.9708678941131,-56.00194214039246,392,34.183673469387756
8,45,62,0.003,659.9038773043644,-56.006408179709034,379,39.31398416886543
6,53,70,0.007,659.8828406712802,-56.00781062191466,345,50.14492753623189
10,54,67,0.002,659.6205403047287,-56.025297313018086,412,27.427184466019416
8,45,59,0.005,659.5850772617883,-56.02766151588078,342,47.368421052631575
10,59,67,0.003,659.2620748013321,-56.04919501324452,398,33.66834170854271
8,58,64,0.01,659.0144387629243,-56.06570408247171,338,52.662721893491124
10,53,61,0.005,658.9802010059603,-56.067986599602634,361,44.32132963988919
10,47,58,0.005,658.954265570351,-56.069715628643266,327,47.09480122324159
8,51,64,0.005,658.950104901582,-56.069993006561205,364,45.32967032967033
10,46,51,0.003,658.8218702423804,-56.078541983841305,457,39.606126914660834
6,48,69,0.003,658.8089342427659,-56.0794043838156,438,39.04109589041096
8,52,64,0.003,658.6212423030993,-56.091917179793384,444,39.189189189189186
6,49,65,0.01,658.6178927186775,-56.0921404854215,334,52.09580838323353
8,51,62,0.007,658.5670376626059,-56.09553082249295,350,50.0
8,53,62,0.01,658.5432392020424,-56.097117386530506,335,52.537313432835816
4,48,69,0.01,658.5143248841639,-56.0990450077224,411,49.148418491484186
6,48,59,0.007,658.429082274482,-56.104727848367865,432,47.91666666666667
10,58,65,0.005,658.426833091087,-56.104877793927535,343,40.524781341107875
8,49,59,0.01,658.4229001029032,-56.10513999313979,321,52.64797507788161
6,56,70,0.007,658.3789606723518,-56.10806928850989,361,51.24653739612188
6,58,68,0.01,658.3527910207235,-56.109813931951756,358,53.351955307262564
8,48,51,0.01,658.2998150480347,-56.11334566346435,413,39.22518159806295
8,48,58,0.005,658.2496084160662,-56.116692772262255,395,46.835443037974684
10,50,64,0.002,657.9152909992613,-56.13898060004925,401,29.177057356608476
8,47,66,0.002,657.8914888454251,-56.140567410304996,412,31.55339805825243
10,57,61,0.01,657.7589137697744,-56.1494057486817,327,52.293577981651374
8,45,55,0.002,657.6022283928041,-56.15985144047973,500,38.4
10,48,54,0.005,657.4618535370718,-56.169209764195216,385,44.41558441558441
10,49,56,0.01,657.4189968669625,-56.17206687553583,292,51.02739726027398
8,51,69,0.002,657.3115239835583,-56.17923173442945,418,28.4688995215311
8,57,68,0.005,657.2054117560947,-56.186305882927016,347,40.92219020172911
8,47,52,0.01,657.1765520642824,-56.188229862381164,377,41.644562334217504
8,47,64,0.003,657.1685816250474,-56.18876122499684,382,37.95811518324607
10,56,64,0.005,657.0768675932217,-56.194875493785226,341,42.22873900293255
10,47,54,0.003,656.9597376911819,-56.2026841539212,432,40.0462962962963
6,47,56,0.01,656.9119776256052,-56.20586815829298,400,44.75
6,50,70,0.005,656.8847787588271,-56.207681416078195,371,45.28301886792453
8,46,60,0.005,656.7969573481353,-56.21353617679099,346,48.26589595375722
8,48,63,0.003,656.4303493248049,-56.23797671167967,401,38.90274314214464
10,46,58,0.003,656.4096817301606,-56.23935455132263,375,40.53333333333333
8,54,67,0.003,656.3731307859186,-56.241791280938756,415,36.144578313253014
6,59,68,0.01,656.2293589844958,-56.25137606770028,365,53.97260273972603
10,48,56,0.007,656.1706538501426,-56.255289743323836,316,49.050632911392405
8,59,69,0.005,655.8977644605014,-56.2734823692999,343,41.690962099125365
10,48,63,0.002,655.8963784830526,-56.2735747677965,390,29.743589743589745
10,50,53,0.007,655.6849829244525,-56.2876678050365,408,43.38235294117647
8,51,61,0.01,655.6778015096311,-56.28814656602459,324,51.85185185185185
8,46,53,0.005,655.6302054706688,-56.29131963528875,424,43.39622641509434
10,50,63,0.002,655.620479071217,-56.29196806191887,418,30.861244019138756
10,49,64,0.002,655.5606306352868,-56.295957957647545,387,28.68217054263566
10,50,52,0.01,655.5475471229935,-56.29683019180043,394,39.847715736040605
8,48,55,0.007,655.349265554829,-56.3100489630114,388,46.134020618556704
10,55,63,0.005,655.3109222821366,-56.31260518119089,361,43.76731301939058
6,47,59,0.007,655.2777002937645,-56.3148199804157,415,47.2289156626506
8,52,65,0.005,655.2518324954707,-56.316544500301944,358,43.85474860335196
8,56,68,0.003,655.2338707615359,-56.317741949230935,411,35.27980535279806
8,57,67,0.005,655.2198887580897,-56.31867408279402,369,43.08943089430895
10,45,60,0.002,655.0185337139037,-56.33209775240642,383,32.89817232375979
10,57,65,0.003,654.7316244062848,-56.35122503958101,411,34.54987834549878
10,48,64,0.002,654.7134672487988,-56.352435516746745,376,28.191489361702125
6,54,63,0.01,654.5961609921233,-56.36025593385845,414,49.51690821256038
8,46,63,0.003,654.5704479079891,-56.3619701394674,380,38.68421052631579
6,45,65,0.007,654.4549484093496,-56.36967010604336,331,50.755287009063444
10,50,61,0.003,654.4331508458146,-56.37112327694569,379,37.46701846965699
6,53,69,0.007,654.2568875214181,-56.382874165238796,360,50.27777777777778
10,49,61,0.003,654.0651028153655,-56.39565981230896,365,36.71232876712329
6,46,65,0.007,653.9844969792731,-56.401033534715125,340,50.294117647058826
10,46,59,0.003,653.8037972378538,-56.413080184143084,359,38.99721448467967
6,50,61,0.007,653.7966398975998,-56.41355734016001,435,49.42528735632184
6,54,69,0.007,653.6299846016631,-56.42466769322246,365,50.41095890410959
10,48,51,0.007,653.5613671488211,-56.42924219007859,409,39.36430317848411
10,47,53,0.003,653.4733304270443,-56.43511130486372,445,40.0
10,55,63,0.003,653.439621377496,-56.43735857483361,436,37.61467889908257
8,46,56,0.003,653.306818458839,-56.44621210274408,457,41.57549234135667
10,59,69,0.002,653.1856464096824,-56.454290239354506,433,27.02078521939954
6,49,59,0.01,653.135176229202,-56.4576549180532,413,48.18401937046005
6,54,70,0.007,653.1332833406152,-56.457781110625646,350,50.857142857142854
10,48,61,0.003,653.0628903375094,-56.46247397749937,356,35.95505617977528
10,55,61,0.007,652.9898783638388,-56.46734144241074,346,49.71098265895954
10,48,65,0.002,652.986021969206,-56.467598535386266,369,27.64227642276423
10,46,50,0.005,652.973559270107,-56.46842938199287,412,41.99029126213592
4,46,68,0.01,652.9712987762385,-56.46858008158409,410,49.26829268292683
6,56,69,0.007,652.9523088576706,-56.46984607615529,380,50.78947368421053
10,45,55,0.005,652.9003424195558,-56.47331050536295,322,46.273291925465834
8,59,64,0.01,652.8962937055167,-56.47358041963222,350,52.57142857142857
10,45,55,0.003,652.8916605229667,-56.47388929846888,373,41.01876675603217
10,47,61,0.002,652.8215816899963,-56.478561220666926,393,32.31552162849873
8,47,59,0.007,652.7871704455326,-56.48085530363116,327,50.764525993883794
6,52,62,0.01,652.5465986576382,-56.496893422824115,412,49.75728155339806
6,45,55,0.01,652.5356364966523,-56.49762423355651,383,44.64751958224543
6,46,68,0.003,652.5184727751265,-56.49876848165823,424,37.735849056603776
4,45,68,0.01,652.4274668816889,-56.50483554122074,400,49.25
6,51,66,0.01,652.2646172802146,-56.515692181319025,332,52.108433734939766
10,50,65,0.002,652.0568404169517,-56.52954397220322,391,28.13299232736573
10,48,59,0.005,651.976275460153,-56.534914969323125,319,44.827586206896555
8,58,69,0.005,651.9755626591848,-56.534962489387674,337,40.94955489614243
10,53,61,0.003,651.970507461439,-56.53529950257074,433,39.03002309468822
8,60,68,0.007,651.8640081989704,-56.542399453401984,322,48.13664596273292
8,47,62,0.005,651.7825475787508,-56.54783016141661,339,46.017699115044245
8,50,57,0.007,651.3980557028307,-56.57346295314463,399,47.86967418546366
10,49,65,0.002,650.9604363926793,-56.60263757382138,379,27.70448548812665
10,48,55,0.01,650.9337278142644,-56.604418145715705,289,50.51903114186851
8,45,52,0.005,650.9031164214063,-56.606458905239585,420,42.61904761904762
8,49,55,0.01,650.810568405442,-56.61262877297053,373,46.64879356568365
6,46,57,0.007,650.7645123474558,-56.61569917683627,418,45.21531100478469
8,48,62,0.005,650.6317112764123,-56.624552581572516,355,45.91549295774648
8,53,65,0.003,650.4740638076902,-56.63506241282066,447,38.702460850111855
10,57,63,0.005,650.2380025172115,-56.6507998321859,379,44.854881266490764
6,45,63,0.002,649.9499665297126,-56.6700022313525,536,37.87313432835821
8,51,70,0.002,649.9050788802577,-56.67299474131615,409,27.628361858190708
8,46,63,0.002,649.8603605951689,-56.67597596032208,428,35.046728971962615
8,53,65,0.005,649.7274831558528,-56.68483445627648,373,44.77211796246649
6,47,70,0.003,649.706234419972,-56.68625103866853,412,37.86407766990291
8,45,62,0.002,649.6667108163423,-56.688885945577184,434,35.944700460829495
8,48,65,0.002,649.6268529833204,-56.69154313444531,439,32.57403189066059
8,50,56,0.01,649.5698449705317,-56.695343668631224,376,48.138297872340424
10,45,51,0.002,649.48772591505,-56.70081827233,476,37.81512605042017
8,49,60,0.007,649.467509074744,-56.70216606168373,348,51.14942528735632
10,49,51,0.01,649.3403357702521,-56.7106442819832,397,38.539042821158695
10,53,65,0.002,649.290524462117,-56.71396503585886,430,30.23255813953488
6,46,58,0.007,649.2286946071249,-56.718087026191675,409,46.21026894865526
10,46,58,0.002,649.2078801701299,-56.719474655324674,425,37.1764705882353
8,48,57,0.005,649.1760832587779,-56.7215944494148,407,45.20884520884521
8,59,66,0.007,649.1048646172392,-56.72634235885072,358,50.0
6,51,62,0.007,648.8251262649827,-56.74499158233448,438,48.858447488584474
10,56,63,0.005,648.6455588421243,-56.756962743858374,372,44.354838709677416
8,45,53,0.003,648.5497285434593,-56.763351430436046,471,40.552016985138
10,46,60,0.002,648.3621469294176,-56.77585687137216,394,33.24873096446701
10,59,64,0.007,648.0514954389841,-56.79656697073439,324,47.22222222222222
10,51,64,0.002,647.9430978186535,-56.80379347875644,416,29.567307692307693
10,49,63,0.002,647.8616487558369,-56.80922341627755,402,30.34825870646766
10,51,65,0.002,647.7545294224705,-56.816364705168645,405,28.641975308641975
10,46,57,0.002,647.7129435276656,-56.81913709815562,436,38.30275229357798
10,48,58,0.005,647.6337856999089,-56.824414286672734,338,46.74556213017752
10,54,62,0.005,647.3901102663164,-56.84065931557891,364,44.505494505494504
6,52,66,0.01,647.2348990008668,-56.85100673327555,344,52.32558139534884
10,47,55,0.007,647.2213504707845,-56.851909968614365,311,48.231511254019296
6,49,70,0.003,647.1972214881474,-56.85351856745684,438,39.26940639269406
6,48,62,0.005,647.1787375191454,-56.85475083205698,439,46.46924829157175
8,48,52,0.01,647.1573171740986,-56.856178855060094,400,40.75
10,56,64,0.003,647.1445590118387,-56.85702939921076,417,35.73141486810552
10,46,50,0.003,646.8732271536514,-56.87511818975657,468,39.52991452991453
10,50,56,0.01,646.7730742113165,-56.8817950525789,303,50.495049504950494
10,54,62,0.003,646.7370167409858,-56.884198883934275,436,38.76146788990826
8,47,50,0.01,646.3601608970894,-56.9093226068607,409,38.386308068459655
10,51,58,0.007,646.2527959339271,-56.91648027107152,340,50.882352941176464
6,52,70,0.005,646.2403844222646,-56.91730770518236,389,46.01542416452442
8,46,50,0.007,646.1341005994769,-56.924393293368205,426,41.07981220657277
6,49,60,0.007,645.9711652654953,-56.93525564896697,438,48.63013698630137
10,52,59,0.01,645.775246118749,-56.948316925416734,301,51.49501661129568
4,49,69,0.01,645.773716151555,-56.94841892322966,420,49.28571428571429
6,50,66,0.007,645.7220808032212,-56.951861279785255,365,50.136986301369866
8,47,53,0.007,645.56186580007,-56.96254227999533,402,42.53731343283582
6,50,63,0.005,645.520450058961,-56.965303329402595,462,46.320346320346324
6,54,67,0.01,645.415937801669,-56.97227081322207,347,53.89048991354467
10,54,66,0.002,645.3893358405082,-56.97404427729945,423,28.60520094562648
10,60,64,0.007,645.2838351785276,-56.981077654764825,341,47.50733137829912
8,57,69,0.003,645.2180278723326,-56.98546480851115,406,33.99014778325123
10,59,63,0.007,645.1074310729049,-56.99283792847301,359,48.467966573816156
8,60,70,0.005,644.9805806321256,-57.00129462452497,342,41.228070175438596
8,51,63,0.003,644.9735922929614,-57.001760513802566,445,39.7752808988764
10,47,57,0.005,644.9239173750345,-57.00507217499769,341,47.80058651026393
8,50,63,0.005,644.6747061247498,-57.021686258350016,358,45.2513966480447
6,47,63,0.003,644.6351990235909,-57.024320065093946,494,40.48582995951417
8,51,68,0.002,644.6266344874198,-57.02489103417201,432,29.629629629629626
8,60,67,0.007,644.6028959923045,-57.02647360051303,346,49.421965317919074
10,51,54,0.01,644.5217097961037,-57.031886013593095,369,45.52845528455284
8,53,64,0.003,644.3491724371964,-57.04338850418691,462,40.04329004329004
6,48,68,0.005,644.1745504506351,-57.05502996995766,372,45.16129032258064
8,50,66,0.002,644.0291060600407,-57.064726262663946,454,32.59911894273127
8,54,63,0.007,643.874234995065,-57.075051000329005,362,51.10497237569061
10,51,54,0.007,643.7915778106179,-57.08056147929214,412,44.90291262135923
6,51,69,0.005,643.7262124685972,-57.084919168760194,395,45.31645569620253
6,46,68,0.005,643.6873745386982,-57.08750836408678,356,43.82022471910113
10,51,60,0.005,643.6555968458725,-57.089626876941836,339,44.54277286135693
6,52,69,0.005,643.5377636879011,-57.097482420806585,403,46.15384615384615
6,48,65,0.007,643.5156040595357,-57.09895972936428,359,50.974930362116986
8,49,63,0.005,643.2703353722931,-57.115310975180456,349,45.845272206303726
6,48,63,0.003,643.2006396349943,-57.11995735766704,509,41.45383104125737
8,45,61,0.003,643.1350736964246,-57.124328420238356,394,40.609137055837564
8,48,59,0.007,642.9577570030063,-57.13614953313291,344,50.872093023255815
8,45,61,0.002,642.9171126857404,-57.13885915428397,447,37.360178970917225
8,50,59,0.01,642.6480692819248,-57.156795381205015,332,52.108433734939766
6,50,60,0.01,642.487371474343,-57.16750856837714,414,49.275362318840585
8,46,55,0.003,642.4816693013776,-57.167888713241496,465,40.64516129032258
10,58,64,0.005,642.1278549309748,-57.19147633793502,354,41.80790960451977
4,47,68,0.01,642.0922884381839,-57.1938474374544,419,48.92601431980907
6,51,70,0.005,642.0413921881308,-57.19724052079128,381,45.14435695538058
10,49,56,0.007,641.7820548744539,-57.214529675036395,327,48.62385321100918
4,51,70,0.01,641.7346132044363,-57.217692453037586,425,49.88235294117647
10,47,52,0.005,641.5923199328415,-57.227178671143896,403,42.18362282878412
8,59,68,0.005,641.5902347587377,-57.22731768275082,358,41.340782122905026
6,50,69,0.003,641.5879322530402,-57.22747118313065,458,39.519650655021834
8,52,62,0.007,641.5821760246213,-57.227854931691915,361,49.584487534626035
8,52,64,0.005,641.5050204214715,-57.23299863856857,374,44.919786096256686
10,54,60,0.007,641.425632659374,-57.23829115604173,351,50.142450142450144
6,47,65,0.007,641.4185661506657,-57.23876225662229,349,50.1432664756447
10,47,60,0.003,641.34415697761,-57.24372286815933,359,36.768802228412255
6,49,69,0.003,641.3394955511671,-57.244033629922185,452,39.823008849557525
8,50,60,0.007,641.3025161975312,-57.246498920164576,358,50.5586592178771
8,58,68,0.005,641.0863810022922,-57.26090793318052,352,41.19318181818182
8,60,64,0.01,640.9199174792541,-57.27200550138306,374,52.139037433155075
8,51,58,0.007,640.7058094167002,-57.286279372219994,402,48.756218905472636
8,49,63,0.003,640.7040432371595,-57.286397117522704,418,39.473684210526315
10,60,66,0.003,640.6481584417005,-57.290122770553296,429,35.1981351981352
6,47,69,0.003,640.4648537465554,-57.30234308356297,426,38.26291079812207
10,55,60,0.01,640.3223109805623,-57.31184593462918,323,51.08359133126935
10,48,53,0.005,640.265341266205,-57.31564391558632,405,42.71604938271605
6,60,68,0.01,640.0565069822865,-57.3295662011809,379,53.825857519788926
6,48,56,0.01,640.0385957112807,-57.330760285914614,419,44.868735083532215
6,45,68,0.003,640.009744420102,-57.33268370532654,416,37.5
6,50,65,0.01,639.818916188001,-57.345405587466594,344,51.74418604651163
6,45,61,0.005,639.6578141799811,-57.35614572133459,414,45.169082125603865
8,58,65,0.007,639.4798580627893,-57.36800946248071,367,49.59128065395095
6,46,61,0.005,639.3920966593865,-57.37386022270756,429,44.988344988344984
8,55,62,0.01,639.359515141947,-57.376032323870206,358,53.072625698324025
8,49,56,0.007,639.2778390050544,-57.38147739966304,398,47.23618090452261
8,55,67,0.003,639.0446038908377,-57.39702640727749,426,36.38497652582159
10,59,65,0.005,638.9107807427266,-57.405947950484894,356,41.01123595505618
8,46,59,0.005,638.8367147522965,-57.410885683180226,354,46.89265536723164
6,45,68,0.005,638.7745008416205,-57.415033277225305,347,44.09221902017291
10,47,54,0.002,638.6073037707685,-57.42617974861544,487,36.96098562628337
8,45,54,0.002,638.5899566875993,-57.42733622082672,508,38.38582677165354
6,47,68,0.005,638.4395991887201,-57.43736005408533,363,44.352617079889804
8,49,65,0.002,638.3971413906719,-57.440190573955206,456,33.33333333333333
10,60,65,0.005,638.3735633352245,-57.441762444318364,374,41.711229946524064
8,48,54,0.007,638.2354016281274,-57.45097322479151,404,44.05940594059406
4,52,70,0.01,638.2302127210786,-57.45131915192809,430,49.76744186046512
10,55,67,0.002,638.0248776425963,-57.46500815716025,423,27.659574468085108
10,53,64,0.002,637.9790486757062,-57.46806342161959,443,30.9255079006772
10,49,59,0.005,637.7390969644553,-57.48406020236965,328,45.426829268292686
8,55,63,0.007,637.6399511040887,-57.49066992639409,375,51.46666666666667
10,49,50,0.01,637.5040333846745,-57.49973110768837,417,37.170263788968825
10,48,50,0.007,637.4493373610211,-57.50337750926526,430,38.372093023255815
8,58,67,0.005,637.3057996114445,-57.51294669257037,374,43.04812834224599
10,46,52,0.002,637.3049941293591,-57.51300039137605,498,37.34939759036144
8,57,63,0.01,637.2221565976371,-57.51852289349087,352,52.55681818181818
6,55,70,0.007,637.0372358617278,-57.53085094255148,356,50.84269662921348
6,55,63,0.01,636.9028638546788,-57.53980907635474,424,48.34905660377358
6,55,69,0.007,636.8029442381129,-57.54647038412581,373,50.134048257372655
6,53,66,0.01,636.752864272789,-57.549809048480725,349,52.14899713467048
6,45,61,0.003,636.7108771524196,-57.55260818983869,494,40.89068825910931
6,56,67,0.01,636.678861097246,-57.55474259351694,366,54.09836065573771
8,57,66,0.005,636.6305578037209,-57.557962813085275,390,44.1025641025641
6,49,63,0.005,636.5224259273534,-57.565171604843115,448,45.75892857142857
10,49,58,0.005,636.3657143104576,-57.57561904596948,348,47.41379310344828
8,47,58,0.003,636.2873186592795,-57.5808454227147,444,41.66666666666667
8,53,70,0.002,636.2765423574299,-57.581563842838015,427,28.57142857142857
6,46,55,0.01,636.1918162389705,-57.5872122507353,401,43.89027431421446
6,51,61,0.01,636.1582873791521,-57.58944750805652,407,48.157248157248155
10,49,54,0.005,635.9588119627887,-57.60274586914742,405,43.95061728395061
8,56,67,0.003,635.7899676649606,-57.6140021556693,435,37.01149425287356
8,48,58,0.003,635.2167652831201,-57.65221564779199,461,42.0824295010846
8,54,66,0.003,635.0969810379969,-57.66020126413353,439,38.041002277904326
10,46,56,0.005,634.8977979094915,-57.67348013936724,331,47.43202416918429
8,46,62,0.003,634.6950667765185,-57.6869955482321,396,39.141414141414145
10,46,59,0.002,634.6420250342856,-57.69053166438096,412,35.43689320388349
8,59,69,0.003,634.4769394699467,-57.701537368670216,424,34.43396226415094
10,51,63,0.002,634.2980498771831,-57.71346334152112,436,30.963302752293576
8,53,64,0.005,634.2486204575549,-57.716758636163014,389,46.01542416452442
4,50,70,0.01,634.2429046723094,-57.71713968851271,418,49.760765550239235
8,51,60,0.01,634.1429983981418,-57.72380010679055,333,52.25225225225225
10,59,66,0.003,634.0690132981221,-57.72873244679187,413,34.14043583535109
8,47,56,0.005,633.885741444842,-57.74095057034388,400,45.25
10,47,58,0.002,633.7942939891998,-57.74704706738668,437,37.29977116704806
8,57,64,0.007,633.7517799091186,-57.7498813393921,379,50.3957783641161
10,60,63,0.007,633.7413953562288,-57.75057364291808,377,48.275862068965516
8,60,69,0.003,633.4938361350028,-57.76707759099982,434,34.7926267281106
8,53,62,0.007,633.4139089575389,-57.77240606949741,377,49.86737400530504
10,57,64,0.003,633.400212223072,-57.773319185128535,427,35.597189695550355
8,52,58,0.01,633.3845405617502,-57.77436396254998,381,47.76902887139108
6,53,68,0.007,633.360143620232,-57.77599042531787,370,50.0
6,47,61,0.005,633.359948871962,-57.77600340853586,436,44.95412844036697
10,56,60,0.01,633.2061865552106,-57.78625422965262,338,50.0
10,52,65,0.002,633.0705474775708,-57.79529683482861,413,29.297820823244553
6,53,62,0.01,632.8999640778161,-57.806669061478935,420,48.80952380952381
6,46,61,0.003,632.6965876196064,-57.82022749202624,508,40.55118110236221
8,58,69,0.003,632.6131175955644,-57.825792160295705,410,34.146341463414636
8,52,61,0.01,632.4417405357561,-57.83721729761626,338,51.183431952662716
6,51,69,0.003,632.1779244109805,-57.854805039267966,465,39.35483870967742
6,54,68,0.007,631.9732908325399,-57.86844727783067,376,49.734042553191486
8,45,51,0.005,631.9578812057302,-57.86947458628465,431,41.76334106728538
10,58,65,0.003,631.9018224966634,-57.873211833555786,422,34.12322274881517
8,47,61,0.005,631.8824322954903,-57.87450451363399,354,47.175141242937855
6,55,67,0.01,631.6974176180589,-57.88683882546274,354,53.672316384180796
10,48,57,0.005,631.5774190246527,-57.894838731689816,353,47.30878186968839
6,52,62,0.007,631.374855529891,-57.908342964673935,457,48.796498905908095
8,54,62,0.01,631.2162100612121,-57.918919329252525,345,53.04347826086957
10,45,59,0.002,631.1539178002645,-57.923072146649034,398,34.67336683417086
6,51,67,0.007,631.0560885258307,-57.92959409827796,368,50.27173913043478
10,50,59,0.005,630.601668044957,-57.95988879700287,342,45.90643274853801
10,50,52,0.007,630.5597967165643,-57.96268021889571,438,39.95433789954338
10,53,59,0.01,630.5076912437472,-57.96615391708352,318,51.886792452830186
8,48,62,0.003,630.3277473977284,-57.97815017348478,418,39.473684210526315
6,56,63,0.01,630.2556533402143,-57.98295644398572,438,47.26027397260274
4,45,67,0.01,630.2167726104057,-57.985548492639616,407,49.385749385749385
10,52,59,0.007,630.1790960414384,-57.9880602639041,339,49.26253687315634
8,59,67,0.005,630.1440420835094,-57.99039719443271,381,43.044619422572175
8,48,61,0.005,630.1419043147355,-57.99053971235097,370,46.75675675675676
6,45,62,0.002,630.0733335198323,-57.995111098677846,550,38.18181818181819
6,57,70,0.007,630.0457382087716,-57.99695078608189,364,50.27472527472527
6,50,68,0.005,630.0420691079102,-57.99719539280599,395,45.56962025316456
6,45,64,0.007,630.0065223865529,-57.99956517422981,340,50.588235294117645
8,45,60,0.002,629.8668571287776,-58.00887619141483,455,38.02197802197802
6,45,54,0.01,629.7120126125768,-58.01919915916154,395,43.037974683544306
8,53,69,0.002,629.3891398640831,-58.04072400906113,441,29.47845804988662
8,46,56,0.002,629.3804903234703,-58.04130064510198,513,38.79142300194932
10,48,62,0.002,629.358736922454,-58.042750871836404,394,30.20304568527919
8,51,67,0.002,629.1962999264543,-58.05358000490304,448,30.80357142857143
4,53,70,0.01,629.1058236121163,-58.05961175919225,435,49.42528735632184
4,46,67,0.01,629.0014744669284,-58.066568368871444,418,48.803827751196174
6,52,61,0.01,628.9099811276097,-58.072667924826014,427,48.24355971896955
6,46,64,0.007,628.8906227343872,-58.07395848437419,350,50.0
10,45,50,0.002,628.8826669390115,-58.074488870732566,485,37.93814432989691
6,48,61,0.005,628.8475791472144,-58.07682805685237,449,46.10244988864143
8,51,57,0.01,628.830461717725,-58.07796921881834,379,48.284960422163586
6,50,59,0.01,628.7545972194514,-58.08302685203657,429,47.785547785547784
8,56,62,0.01,628.5171533937726,-58.09885644041517,370,51.621621621621614
4,45,66,0.01,628.48347595467,-58.101101603022,415,49.1566265060241
8,47,63,0.003,628.4529933656631,-58.10313377562246,389,38.56041131105398
10,48,54,0.003,628.3947243221198,-58.107018378525346,455,39.120879120879124
10,52,58,0.01,628.3160485197839,-58.11226343201441,321,52.024922118380054
6,47,58,0.007,628.3131074288234,-58.112459504745104,421,46.080760095011875
8,45,60,0.003,628.3067120582886,-58.11288586278076,402,41.04477611940299
8,52,63,0.003,628.1885477183829,-58.12076348544114,456,39.69298245614035
6,52,69,0.003,628.1637375570897,-58.122417496194025,476,39.91596638655462
10,45,56,0.002,628.0251616070251,-58.131655892865,417,37.170263788968825
8,52,69,0.002,628.0081716436134,-58.13278855709244,426,28.4037558685446
10,58,61,0.01,627.9902556106628,-58.133982959289156,342,50.0
10,50,58,0.005,627.9652816313045,-58.135647891246364,362,47.23756906077348
10,47,60,0.002,627.898361413002,-58.140109239133196,404,33.415841584158414
6,50,70,0.003,627.7639815857743,-58.149067894281714,446,38.56502242152467
4,46,66,0.01,627.6912142773224,-58.1539190481785,426,48.82629107981221
8,47,65,0.002,627.4785031165011,-58.168099792233264,423,32.38770685579196
8,53,61,0.01,627.4647297290635,-58.16901801806244,356,51.12359550561798
10,52,64,0.002,627.341185573933,-58.17725429507114,425,30.117647058823525
8,50,63,0.003,627.3343210387828,-58.17771193074781,431,39.21113689095127
10,53,63,0.002,627.2171139190373,-58.185525738730846,471,32.696390658174096
10,46,56,0.003,627.1959823078523,-58.18693451280985,385,41.03896103896104
10,56,61,0.007,627.0256673786931,-58.198288841420464,363,49.311294765840216
10,49,51,0.007,626.9336959462925,-58.20442027024717,438,37.89954337899543
4,48,68,0.01,626.8383869665241,-58.21077420223173,425,48.470588235294116
6,47,57,0.007,626.811770511812,-58.21254863254586,431,45.243619489559165
6,51,65,0.01,626.7953117740362,-58.213645881730926,350,50.57142857142857
10,53,59,0.007,626.7342691479997,-58.21771539013335,354,49.717514124293785
8,48,64,0.002,626.5745723211022,-58.228361845259855,453,33.554083885209714
8,49,54,0.01,626.5140725927963,-58.232395160480245,396,43.93939393939394
8,48,50,0.01,626.2648332189628,-58.249011118735815,434,36.86635944700461
8,60,69,0.005,626.2052828145745,-58.25298114569504,355,41.40845070422535
6,48,58,0.007,626.1134048869227,-58.25910634087181,438,47.03196347031963
10,58,62,0.007,625.9218286476994,-58.27187809015337,359,49.02506963788301
6,47,55,0.01,625.9209593114338,-58.27193604590442,410,43.170731707317074
10,48,60,0.003,625.7536820837219,-58.28308786108521,368,36.684782608695656
6,45,70,0.002,625.6941170373238,-58.28705886417841,454,33.259911894273124
10,56,63,0.003,625.4352452555866,-58.3043169829609,450,38.0
8,57,68,0.003,625.3045214364327,-58.313031904237825,421,34.441805225653205
6,49,64,0.01,625.2912783395453,-58.31391477736365,345,51.30434782608696
6,50,60,0.007,625.2550495807045,-58.316330027953036,455,48.35164835164835
8,56,65,0.005,625.1108251797526,-58.32594498801649,400,45.5
6,51,61,0.007,625.0569425912504,-58.329537160583314,450,47.55555555555556
8,52,70,0.002,625.0369627980197,-58.33086914679869,417,27.577937649880095
10,51,57,0.007,624.8341891014504,-58.344387393236644,356,50.28089887640449
6,49,68,0.005,624.8061183228485,-58.346258778476766,387,45.73643410852713
6,45,69,0.002,624.7178416584825,-58.3521438894345,471,33.54564755838641
6,58,70,0.007,624.6743313789997,-58.35504457473335,371,50.673854447439346
6,45,56,0.007,624.616252548921,-58.3589164967386,414,43.96135265700483
10,55,66,0.002,624.5880542766146,-58.36079638155902,433,28.63741339491917
8,45,52,0.003,624.4682763729309,-58.36878157513794,484,39.46280991735537
10,51,60,0.003,624.3540132187796,-58.376399118748026,410,38.29268292682927
10,50,54,0.005,624.2921117965527,-58.38052588022982,426,43.1924882629108
8,55,66,0.003,624.1916323360034,-58.3872245109331,453,38.41059602649007
6,46,63,0.002,624.177707003832,-58.388152866411204,549,37.15846994535519
6,49,59,0.007,624.0821986404809,-58.39452009063461,452,46.68141592920354
10,49,55,0.01,623.9860903932561,-58.400927307116255,305,50.1639344262295
10,52,60,0.005,623.9266383916796,-58.40489077388802,360,44.72222222222222
10,59,64,0.005,623.9223961103482,-58.40517359264346,369,41.734417344173444
10,50,56,0.007,623.6402783189516,-58.42398144540323,339,48.08259587020649
6,48,68,0.003,623.6004672850305,-58.426635514331295,445,38.651685393258425
6,52,70,0.003,623.5203586823485,-58.43197608784343,464,39.439655172413794
8,51,61,0.007,623.473286946421,-58.43511420357193,367,49.863760217983646
8,46,54,0.003,623.301040678864,-58.44659728807573,478,40.1673640167364
8,55,65,0.005,623.2847950045465,-58.44768033303023,388,44.84536082474227
6,49,58,0.01,623.1856877683381,-58.454287482110786,420,47.14285714285714
10,51,53,0.01,623.1663672869137,-58.45557551420575,396,42.676767676767675
10,57,67,0.002,623.0031463519948,-58.46645690986701,441,27.89115646258503
10,55,62,0.005,622.8540645840629,-58.4763956943958,375,44.266666666666666
8,46,52,0.005,622.5901954241581,-58.49398697172279,443,41.98645598194131
6,46,67,0.003,622.1082045148443,-58.52611969901038,440,39.31818181818182
10,47,52,0.003,622.0710624000292,-58.528595839998054,466,38.62660944206009
6,54,66,0.01,621.930041295186,-58.53799724698761,357,51.820728291316534
8,48,53,0.007,621.6869008056989,-58.55420661295341,428,42.757009345794394
10,47,51,0.005,621.6867006338518,-58.554219957743214,424,41.0377358490566
6,47,62,0.003,621.6750081206901,-58.55499945862066,506,40.71146245059288
10,49,62,0.002,621.6490932675697,-58.556727115495356,406,30.78817733990148
10,58,63,0.005,621.3340908144601,-58.577727279036,391,43.22250639386189
6,57,69,0.007,621.3329779305858,-58.57780147129428,384,49.73958333333333
10,47,58,0.003,621.187314832819,-58.58751234447874,393,39.94910941475827
6,50,62,0.005,620.8273101257498,-58.611512658283345,475,45.89473684210526
8,50,55,0.01,620.7712199860455,-58.6152520009303,392,45.40816326530612
8,45,59,0.002,620.6879433630949,-58.62080377579368,463,38.22894168466522
8,50,65,0.002,620.5705762178753,-58.628628252141645,469,33.26226012793177
6,52,67,0.007,620.552347776438,-58.62984348157081,380,51.05263157894737
10,47,59,0.002,620.5484092250545,-58.630106051663034,423,35.22458628841608
8,47,55,0.005,620.4308520285251,-58.63794319809832,410,44.146341463414636
10,60,64,0.005,620.3778211836134,-58.64147858775911,389,42.159383033419026
6,51,70,0.003,620.3219110664103,-58.64520592890599,453,38.63134657836645
8,45,53,0.002,620.2149094543456,-58.65233936971029,526,38.40304182509506
10,55,62,0.003,620.1857561384295,-58.654282924104706,451,38.58093126385809
4,55,70,0.01,620.1775851148406,-58.65482765901062,449,48.55233853006681
8,52,58,0.007,620.0128859362082,-58.665807604252784,422,46.208530805687204
8,46,62,0.002,619.9820966280082,-58.66786022479945,449,35.85746102449889
6,48,62,0.003,619.8890402653142,-58.67406398231238,520,41.73076923076923
6,45,53,0.01,619.8420056110104,-58.67719962593263,407,42.01474201474201
10,47,59,0.003,619.6940644099684,-58.68706237266878,376,38.03191489361702
6,56,69,0.005,619.6725821002349,-58.68849452665101,431,45.93967517401392
8,49,59,0.007,619.3205476983812,-58.711963486774586,361,50.13850415512465
8,49,58,0.005,619.3174612906288,-58.71216924729141,415,45.78313253012048
10,54,61,0.005,619.3090556126753,-58.71272962582166,380,44.73684210526316
10,50,62,0.002,619.289100633708,-58.71405995775281,422,31.27962085308057
6,51,63,0.005,619.2417009838733,-58.71721993440844,476,45.588235294117645
8,50,62,0.005,619.1688183559165,-58.72207877627223,381,45.14435695538058
10,47,57,0.002,618.9877105248235,-58.73415263167844,452,38.27433628318584
8,56,66,0.003,618.9361051453027,-58.73759299031316,462,38.74458874458874
10,47,53,0.002,618.9336026719999,-58.737759821866675,503,37.57455268389662
6,48,57,0.007,618.8794667201529,-58.74136888532314,450,45.77777777777778
8,54,65,0.005,618.794081849549,-58.74706121003006,379,44.59102902374671
6,49,65,0.007,618.7348611624661,-58.751009255835584,374,49.19786096256685
8,50,56,0.007,618.6159233454359,-58.7589384436376,416,46.875
8,50,58,0.005,618.5557494822569,-58.7629500345162,429,45.68764568764569
6,54,69,0.003,618.5520963595586,-58.76319357602943,492,39.83739837398374
4,47,67,0.01,618.521820068332,-58.76521199544453,427,48.24355971896955
4,54,70,0.01,618.4090327900789,-58.77273114732808,443,48.306997742663654
8,47,52,0.007,618.3981101943909,-58.773459320373945,418,41.14832535885167
8,60,66,0.007,618.3675943707929,-58.775493708613816,377,50.132625994694955
6,45,60,0.003,618.185353716548,-58.78764308556347,507,41.81459566074951
10,52,57,0.01,618.1397857866841,-58.7906809475544,339,49.852507374631266
8,46,61,0.003,618.0684010944798,-58.795439927034685,411,40.38929440389295
10,56,67,0.002,618.0555362647307,-58.796297582351286,435,27.586206896551722
8,59,65,0.007,618.0324413751415,-58.797837241657234,379,49.340369393139845
8,55,61,0.01,617.993047191487,-58.80046352056753,386,51.813471502590666
6,46,70,0.002,617.7566531902595,-58.81622312064937,460,33.47826086956522
8,58,63,0.01,617.7367934745195,-58.81754710169871,359,51.25348189415042
10,52,60,0.003,617.4155720586924,-58.838961862753834,429,39.16083916083916
8,58,66,0.005,617.3023207074001,-58.84651195283999,395,43.79746835443038
8,51,66,0.002,617.2535942723944,-58.849760381840376,471,32.90870488322717
8,47,57,0.003,617.1106267483598,-58.85929155010935,464,40.51724137931034
10,48,55,0.007,617.0679228712331,-58.86213847525112,329,47.41641337386018
4,47,66,0.01,616.9166628230877,-58.87222247846082,438,48.17351598173516
6,47,64,0.007,616.8068560693648,-58.87954292870901,359,49.86072423398329
6,56,68,0.007,616.687784362239,-58.8874810425174,394,49.746192893401016
10,47,57,0.003,616.6378612554149,-58.890809249639005,404,41.089108910891085
6,59,70,0.007,616.6341120773316,-58.891059194844566,380,51.31578947368421
8,53,68,0.002,616.5118894524237,-58.89920736983842,455,30.32967032967033
8,49,62,0.005,616.4447455787993,-58.90368362808005,369,45.799457994579946
4,46,70,0.007,616.4242160192485,-58.90505226538343,434,47.926267281105986
6,46,69,0.002,616.1852797169153,-58.92098135220565,477,33.542976939203356
6,52,65,0.01,616.1270690901747,-58.924862060655016,365,51.50684931506849
8,51,63,0.005,616.0820021172722,-58.927866525515185,375,45.33333333333333
10,49,60,0.003,616.0454859271096,-58.930300938192694,378,37.301587301587304
8,52,68,0.002,615.8887823292525,-58.9407478447165,440,29.318181818181817
6,55,69,0.003,615.8855258194596,-58.94096494536936,502,40.0398406374502
8,53,63,0.003,615.6629246333921,-58.95580502444054,476,40.33613445378151
6,53,69,0.003,615.5880436722776,-58.96079708851482,487,39.630390143737166
10,49,57,0.005,615.3432422955715,-58.97711718029524,365,47.671232876712324
10,51,56,0.01,615.2310241498666,-58.98459839000889,322,49.68944099378882
8,60,68,0.005,615.2075496210562,-58.98616335859626,374,41.711229946524064
6,49,62,0.005,615.1883227998832,-58.98744514667445,459,45.751633986928105
10,52,63,0.002,615.0609658181518,-58.99593561212322,452,31.858407079646017
10,50,60,0.003,615.0308858117664,-58.99794094588224,393,37.913486005089055
8,49,64,0.002,614.814483580276,-59.012367761314934,470,34.25531914893617
4,56,70,0.01,614.7716789061795,-59.0152214062547,459,49.01960784313725
10,50,51,0.01,614.7638046234313,-59.015746358437916,428,36.44859813084112
8,45,51,0.003,614.7226629918125,-59.01848913387917,492,39.22764227642276
6,54,62,0.01,614.6712584929531,-59.02191610046978,434,47.465437788018434
8,48,56,0.005,614.6266582496822,-59.02488945002118,421,44.655581947743464
8,49,55,0.007,614.5011959270911,-59.03325360486059,413,44.55205811138014
4,49,68,0.01,614.3156730044278,-59.045621799704804,434,48.38709677419355
8,45,59,0.003,614.2170887451348,-59.05219408365768,411,40.87591240875913
6,53,63,0.007,614.177197705102,-59.05485348632653,447,48.99328859060403
6,55,68,0.007,613.797249916769,-59.080183338882065,384,49.73958333333333
8,46,61,0.002,613.650102404991,-59.0899931730006,462,37.22943722943723
10,48,53,0.003,613.4924466511104,-59.10050355659264,472,38.771186440677965
8,59,66,0.005,613.4924377841186,-59.10050414772543,405,44.19753086419753
6,46,60,0.003,613.3666163370195,-59.1088922441987,523,41.68260038240918
6,45,67,0.003,613.2228862880285,-59.11847424746477,431,39.21113689095127
4,51,69,0.01,613.0885271323871,-59.12743152450752,440,49.54545454545455
6,48,64,0.007,613.0770706948916,-59.12819528700722,370,50.810810810810814
10,54,65,0.002,613.0211605972024,-59.131922626853175,445,30.56179775280899
8,56,63,0.007,612.7032195456584,-59.153118696956106,393,50.63613231552163
8,53,61,0.007,612.6221916471046,-59.15852055685969,397,49.37027707808564
6,46,67,0.005,612.6037322649214,-59.159751182338574,373,45.0402144772118
10,46,56,0.002,612.465954298258,-59.168936380116136,438,37.67123287671233
6,52,61,0.007,612.4268916964079,-59.17154055357281,471,47.5583864118896
8,47,58,0.002,612.3281314483867,-59.178124570107556,503,37.97216699801193
6,51,66,0.007,612.3012696820145,-59.17991535453236,375,49.06666666666666
8,56,64,0.005,612.253142981069,-59.18312380126207,417,46.52278177458034
6,46,56,0.007,612.1988476425922,-59.18674349049385,434,43.54838709677419
4,45,70,0.007,612.0353096520878,-59.19764602319415,425,47.76470588235294
8,59,63,0.01,611.897311166459,-59.20684592223606,372,51.344086021505376
10,57,60,0.01,611.8572123527371,-59.20951917648419,349,48.71060171919771
8,47,60,0.005,611.8138727946692,-59.212408480355386,362,47.790055248618785
8,49,62,0.003,611.7546366346669,-59.21635755768888,438,39.726027397260275
10,48,52,0.005,611.4415989189099,-59.237226738739345,430,40.69767441860465
8,46,55,0.002,611.3385893524357,-59.244094043170946,522,38.31417624521073
10,58,64,0.003,611.3142141812359,-59.24571905458427,438,35.15981735159817
6,45,67,0.005,611.1191732406492,-59.25872178395672,363,45.45454545454545
10,53,60,0.003,611.087280011017,-59.26084799926553,449,39.643652561247215
6,53,70,0.003,611.0376241771198,-59.264158388192016,475,39.1578947368421
10,60,68,0.002,611.0349721496684,-59.2643351900221,456,28.07017543859649
6,46,54,0.01,610.9062538055396,-59.27291641296403,414,42.028985507246375
6,45,60,0.005,610.8252059609098,-59.27831960260601,429,45.22144522144522
10,58,67,0.002,610.7637158020113,-59.28241894653258,450,28.22222222222222
8,48,57,0.003,610.6528599024391,-59.28980933983738,481,40.54054054054054
4,47,70,0.007,610.552180576654,-59.296521294889736,441,47.84580498866213
8,51,62,0.003,610.2217621965699,-59.31854918689534,469,40.085287846481876
6,50,68,0.003,610.1857960663253,-59.320946928911646,470,39.361702127659576
6,56,66,0.01,610.1100236960534,-59.325998420263105,377,51.724137931034484
8,49,53,0.01,610.090069697884,-59.32732868680773,419,42.243436754176614
8,52,61,0.007,610.0728329160526,-59.32847780559649,380,49.21052631578947
10,54,61,0.003,610.0588861047004,-59.329407593019965,457,39.16849015317287
8,52,60,0.01,610.0307657187616,-59.33128228541589,348,50.287356321839084
8,58,64,0.007,610.0002631691943,-59.33331578872038,387,49.6124031007752
8,48,60,0.005,609.8901764653856,-59.34065490230762,378,47.354497354497354
10,57,62,0.005,609.829182318566,-59.34472117876226,395,45.063291139240505
8,50,59,0.007,609.8131314576607,-59.345791236155954,371,49.865229110512125
6,50,64,0.01,609.7668667911875,-59.34887554725417,356,51.96629213483146
8,47,64,0.002,609.7539426348054,-59.34973715767964,436,33.715596330275226
6,46,60,0.005,609.6557928922191,-59.35628047385207,446,45.2914798206278
6,50,63,0.003,609.6376776545816,-59.35748815636123,547,41.49908592321755
6,45,59,0.003,609.6362134101095,-59.35758577265937,513,41.13060428849902
10,47,56,0.005,609.6197274887903,-59.35868483408064,344,46.80232558139535
6,52,63,0.005,609.6182205433437,-59.35878529711043,493,45.63894523326572
6,57,67,0.01,609.5455380508963,-59.36363079660691,369,52.84552845528455
6,53,61,0.01,609.4242153135584,-59.3717189790961,436,46.559633027522935
8,47,62,0.003,609.3706427855576,-59.375290480962825,405,39.01234567901234
6,46,66,0.003,609.2867078686364,-59.38088614209091,446,39.686098654708516
10,52,58,0.007,609.2689628307172,-59.38206914461885,361,49.86149584487535
6,51,68,0.005,609.2308341276097,-59.38461105815935,405,45.18518518518518
10,56,62,0.005,609.2283627696934,-59.38477581535378,389,44.987146529562985
6,52,68,0.005,609.2070705783048,-59.38619529477969,415,46.024096385542165
4,52,69,0.01,609.1807561075914,-59.38794959282725,446,49.55156950672646
6,60,70,0.007,609.159421181147,-59.38937192125686,387,51.42118863049095
8,55,64,0.005,609.0126898996896,-59.39915400668736,405,46.17283950617284
10,51,53,0.007,608.724923313358,-59.41833844577613,439,42.8246013667426
8,48,63,0.002,608.6556462128403,-59.42295691914398,460,34.34782608695652
6,45,52,0.01,608.6464875093028,-59.423567499379814,418,40.909090909090914
4,46,69,0.007,608.4276156895831,-59.4381589540278,447,48.322147651006716
10,57,66,0.002,608.3389729502347,-59.44406846998436,452,28.761061946902654
10,57,63,0.003,608.204216370214,-59.45305224198574,463,38.01295896328294
10,47,50,0.005,608.1932417434725,-59.453783883768494,438,40.63926940639269
8,57,67,0.003,608.1610800697794,-59.45592799534805,446,36.32286995515695
10,53,60,0.005,608.1091090593652,-59.45939272937566,377,44.297082228116714
10,46,51,0.002,608.0690889537779,-59.46206073641481,513,37.62183235867446
6,48,55,0.01,608.0343551522029,-59.46437632318647,430,42.55813953488372
10,50,55,0.01,608.005138430295,-59.46632410464701,319,48.589341692789965
8,51,57,0.007,607.9884105603162,-59.46743929597892,421,47.50593824228028
6,58,69,0.007,607.682252651516,-59.48784982323227,392,50.0
8,51,56,0.01,607.5351561783557,-59.49765625477629,397,47.858942065491185
8,49,57,0.005,607.4139679062692,-59.505735472915376,429,44.28904428904429
6,49,68,0.003,607.2120507474326,-59.519196616837824,460,39.565217391304344
8,49,58,0.003,607.2043759942508,-59.51970826704995,489,41.922290388548056
8,46,53,0.003,607.0334599722191,-59.531102668518734,498,40.16064257028113
6,54,63,0.007,607.0320012040494,-59.531199919730035,459,47.930283224400874
10,57,61,0.007,606.9062966696854,-59.53958022202097,373,49.06166219839142
6,55,66,0.01,606.8899388621585,-59.540670742522764,364,51.64835164835166
10,49,53,0.005,606.8015969574614,-59.546560202835906,429,42.19114219114219
6,47,68,0.003,606.23674227347,-59.58421718176867,433,37.87528868360277
8,54,61,0.01,606.0452121172158,-59.59698585885228,369,51.76151761517615
4,50,69,0.01,605.9882751585752,-59.600781656094995,433,49.42263279445728
8,47,51,0.007,605.8443641586795,-59.6103757227547,432,39.351851851851855
8,58,68,0.003,605.7423139359195,-59.61717907093871,429,34.731934731934736
10,55,60,0.007,605.6817807985597,-59.62121461342935,366,48.36065573770492
6,48,69,0.002,605.5756158436703,-59.62829227708865,500,34.2
6,54,70,0.003,605.5157281274827,-59.63228479150116,480,39.375
10,50,57,0.005,605.4846510657154,-59.634356595618975,378,47.354497354497354
8,60,68,0.003,605.4720906125641,-59.63519395916239,458,35.37117903930131
8,54,70,0.002,605.1319086909114,-59.657872753939245,432,28.240740740740737
8,47,54,0.005,604.9619635865531,-59.66920242756313,423,42.78959810874704
10,47,51,0.003,604.9343284558572,-59.671044769609516,482,37.96680497925311
8,53,58,0.007,604.9202959742751,-59.67198026838167,444,45.27027027027027
6,57,63,0.01,604.784722123143,-59.6810185251238,444,45.72072072072072
10,49,55,0.007,604.7607011142358,-59.68261992571762,344,47.093023255813954
4,45,69,0.007,604.6009580439646,-59.693269463735696,436,48.39449541284404
10,49,50,0.007,604.374136149838,-59.70839092334413,460,36.73913043478261
8,51,59,0.01,604.2392611076715,-59.7173825928219,345,51.8840579710145
6,56,69,0.003,604.1256701391626,-59.72495532405583,514,40.07782101167315
10,46,55,0.005,604.0827983355795,-59.727813444294696,339,46.312684365781706
6,56,70,0.005,603.897386398032,-59.7401742401312,414,45.893719806763286
4,48,67,0.01,603.8278717508042,-59.74480854994639,433,47.80600461893764
8,59,68,0.003,603.7876737576003,-59.747488416159975,444,34.45945945945946
6,51,60,0.01,603.6415360916876,-59.75723092722083,428,46.26168224299065
6,55,70,0.003,603.5858494066832,-59.76094337288779,488,39.75409836065574
6,53,65,0.01,603.5792915066461,-59.7613805662236,371,50.673854447439346
10,54,64,0.002,603.5713346265445,-59.76191102489703,459,31.372549019607842
10,56,66,0.002,603.5078191163103,-59.76614539224598,446,28.699551569506728
8,54,64,0.005,603.3998199590452,-59.773345336063656,395,45.822784810126585
8,53,58,0.01,603.3720371316844,-59.77519752455438,404,46.03960396039604
8,51,60,0.007,602.9961952273572,-59.800253651509514,376,50.26595744680851
6,47,54,0.01,602.937230300621,-59.80418464662527,427,41.451990632318505
8,50,62,0.003,602.8222694743672,-59.81184870170886,454,39.647577092511014
6,50,65,0.007,602.6202151171445,-59.82531899219037,385,49.09090909090909
10,48,61,0.002,602.5481902662622,-59.830120648915866,410,31.463414634146343
6,47,60,0.005,602.5388652853142,-59.83074231431239,453,44.81236203090508
4,48,66,0.01,602.2608475137062,-59.849276832419584,444,47.74774774774775
6,49,63,0.003,601.9015794798671,-59.87322803467552,532,40.97744360902256
8,52,63,0.005,601.8035277278254,-59.87976481814496,387,44.96124031007752
6,58,67,0.01,601.7929659267861,-59.88046893821426,380,53.68421052631579
10,54,59,0.01,601.7169386679062,-59.88553742213958,337,51.632047477744806
4,45,65,0.01,601.4878190502739,-59.90081206331508,424,46.93396226415094
8,60,67,0.005,601.4235926069551,-59.90509382620299,401,43.64089775561097
6,45,59,0.005,601.4103733062859,-59.90597511291427,435,44.36781609195402
8,48,58,0.002,601.3407889327729,-59.91061407114848,526,38.02281368821293
8,48,55,0.005,601.187888350522,-59.92080744329853,431,43.38747099767982
6,50,59,0.007,601.1681578940403,-59.922122807063985,469,46.481876332622605
4,46,70,0.003,600.8945816277261,-59.94036122481826,566,40.282685512367486
6,45,61,0.002,600.8556559916545,-59.94295626722304,559,38.28264758497317
8,46,51,0.005,600.6854445787595,-59.95430369474937,457,40.70021881838075
8,45,50,0.005,600.6852288872561,-59.95431807418292,442,40.95022624434389
8,56,61,0.01,600.6765437593849,-59.95489708270767,400,49.5
6,45,66,0.003,600.6642564115435,-59.95571623923044,436,39.44954128440367
10,48,58,0.003,600.5892569204162,-59.96071620530559,405,39.75308641975309
10,51,59,0.005,600.5699782662465,-59.9620014489169,362,45.85635359116022
10,53,58,0.01,600.412401508918,-59.972506566072134,341,51.02639296187683
8,52,67,0.002,600.3698682574595,-59.97534211616937,459,30.501089324618736
10,59,68,0.002,600.2058325631815,-59.98627782912123,449,27.616926503340757
10,48,59,0.003,600.1703442993829,-59.988643713374465,386,37.82383419689119
8,54,62,0.007,600.1139358127261,-59.99240427915159,388,50.25773195876289
8,50,57,0.005,600.081785337909,-59.99454764413941,445,43.82022471910113
4,46,65,0.01,600.0645413627522,-59.99569724248319,436,46.330275229357795
6,46,59,0.003,599.968017921307,-60.00213213857953,530,40.75471698113208
8,57,65,0.005,599.7807939409265,-60.014613737271574,410,44.390243902439025
10,48,54,0.002,599.7582516376348,-60.01611655749102,516,35.85271317829458
10,51,62,0.002,599.5895783905501,-60.02736144062999,442,31.90045248868778
8,53,60,0.01,599.5439051290393,-60.03040632473071,368,49.45652173913043
6,48,61,0.003,599.448855633577,-60.03674295776153,533,41.46341463414634
8,47,63,0.002,599.2813987280181,-60.04790675146546,442,34.38914027149321
6,50,58,0.01,599.0119060346581,-60.06587293102279,436,46.559633027522935
6,59,69,0.007,598.9669591991717,-60.06886938672189,401,50.62344139650873
6,52,66,0.007,598.9573750645192,-60.06950832903206,389,49.3573264781491
8,52,57,0.01,598.9481543443138,-60.07012304371242,402,46.01990049751244
6,52,60,0.01,598.9282336201017,-60.071451091993225,450,46.44444444444444
8,54,69,0.002,598.8223154712847,-60.07851230191436,446,29.14798206278027
10,47,52,0.002,598.6582512090425,-60.08944991939716,520,37.11538461538461
6,46,59,0.005,598.6073022371244,-60.09284651752505,452,44.02654867256637
10,59,61,0.01,598.5954390517387,-60.09363739655076,364,48.9010989010989
8,47,53,0.005,598.525630126292,-60.098291324913866,443,41.534988713318285
6,47,67,0.005,598.5058695140383,-60.09960869906411,380,45.0
8,60,63,0.01,598.4354765749549,-60.10430156166967,399,50.37593984962406
6,49,57,0.01,598.0838437803816,-60.12774374797456,431,44.5475638051044
10,55,61,0.005,598.0394012201273,-60.130706585324845,391,44.24552429667519
8,48,61,0.003,597.9508249021451,-60.13661167319033,435,40.229885057471265
8,49,63,0.002,597.9017817674933,-60.139881215500445,478,34.93723849372385
10,59,62,0.007,597.7112182474586,-60.15258545016942,380,48.1578947368421
6,50,61,0.005,597.5289254660859,-60.16473830226094,484,44.83471074380165
8,55,70,0.002,597.4559648791851,-60.16960234138766,441,28.57142857142857
6,51,64,0.01,597.3549760875736,-60.17633492749509,362,50.82872928176796
6,46,62,0.002,597.2959001101874,-60.1802733259875,565,37.34513274336283
6,52,68,0.003,597.0180613472857,-60.198795910180955,489,39.87730061349693
6,48,70,0.002,596.9706764513367,-60.20195490324423,484,33.67768595041322
6,51,60,0.007,596.9593159316311,-60.2027122712246,472,46.186440677966104
8,50,64,0.002,596.8964075783838,-60.20690616144109,483,33.95445134575569
8,46,60,0.003,596.8276471077983,-60.21149019281344,420,40.95238095238095
6,59,67,0.01,596.7122691756518,-60.21918205495654,387,54.00516795865633
8,47,59,0.005,596.6385326110678,-60.224097825928816,370,46.75675675675676
6,51,68,0.003,596.5149309211401,-60.23233793859066,477,39.20335429769392
4,48,70,0.007,596.4425673395001,-60.237162177366656,446,47.53363228699551
8,47,56,0.003,596.3990027449697,-60.240066483668684,475,40.63157894736842
6,56,70,0.003,596.3671836947345,-60.24218775368436,498,39.75903614457831
10,48,56,0.005,596.1700387439303,-60.25533075040465,358,45.81005586592179
6,46,53,0.01,596.1158236053444,-60.258945092977044,427,40.5152224824356
8,53,63,0.005,596.0485640590211,-60.26342906273192,404,45.79207920792079
6,48,60,0.005,595.8330460760488,-60.277796928263406,468,45.72649572649573
10,50,53,0.005,595.2315214514497,-60.31789856990335,453,41.280353200883
8,53,67,0.002,595.1720055191372,-60.32186629872418,477,31.446540880503143
10,53,58,0.007,595.122314873908,-60.32517900840614,378,48.94179894179894
10,51,52,0.01,594.9942352636425,-60.3337176490905,428,38.55140186915888
10,50,61,0.002,594.993884802929,-60.33374101313807,439,32.57403189066059
8,46,54,0.002,594.9413190107872,-60.337245399280846,533,38.27392120075047
6,55,62,0.01,594.8722524383595,-60.34184983744271,444,46.62162162162162
10,49,61,0.002,594.8671065392158,-60.342192897385615,423,32.15130023640662
6,60,69,0.007,594.7031847526409,-60.3531210164906,412,50.728155339805824
10,49,54,0.003,594.5765175279689,-60.361565498135406,476,38.445378151260506
10,53,57,0.01,594.4450682833352,-60.37032878111099,364,48.9010989010989
10,53,62,0.002,594.3822383086023,-60.37451744609319,484,33.47107438016529
6,48,67,0.005,594.0645607535616,-60.395695949762555,391,45.78005115089514
10,45,55,0.002,594.0346566741064,-60.39768955505957,430,36.97674418604651
6,49,61,0.005,594.0281866269105,-60.3981208915393,469,44.776119402985074
6,45,55,0.007,593.8997166581138,-60.40668555612575,426,43.66197183098591
8,60,65,0.007,593.7140078520603,-60.41906614319599,400,49.25
10,48,58,0.002,593.679658990697,-60.421356067286865,455,36.7032967032967
8,48,52,0.007,593.6624209743306,-60.42250526837796,448,40.848214285714285
8,51,58,0.003,593.6427938986677,-60.42381374008882,526,41.06463878326996
4,47,69,0.007,593.4462685007292,-60.436915433284724,455,47.91208791208791
8,50,54,0.01,593.2575857243806,-60.4494942850413,418,43.0622009569378
8,49,61,0.005,593.0185500730975,-60.465429995126826,385,46.23376623376623
8,50,55,0.007,592.9080314414415,-60.472797903903896,432,44.21296296296296
8,50,61,0.005,592.89179936523,-60.473880042317994,397,45.34005037783375
6,55,63,0.007,592.8393480086214,-60.477376799425244,470,47.23404255319149
4,46,69,0.003,592.805662047182,-60.47962253018787,578,41.34948096885813
10,48,57,0.003,592.3673056939466,-60.50884628707023,417,40.7673860911271
4,53,69,0.01,592.1307819832551,-60.52461453444966,452,49.11504424778761
8,50,58,0.003,592.0052226942395,-60.53298515371737,508,41.53543307086614
8,45,50,0.003,591.8443186541531,-60.54371208972314,499,38.677354709418836
8,58,65,0.005,591.8067434250287,-60.54621710499809,416,43.99038461538461
8,49,51,0.01,591.6116946375178,-60.55922035749881,455,37.362637362637365
6,49,58,0.007,591.4767521897855,-60.56821652068096,460,45.869565217391305
8,55,63,0.005,591.469926869657,-60.56867154202287,423,46.57210401891253
8,58,67,0.003,591.449080477563,-60.570061301495805,454,36.34361233480176
10,54,59,0.007,591.3739773333369,-60.57506817777754,376,49.202127659574465
6,47,61,0.003,591.3597239417105,-60.57601840388597,517,40.232108317214696
8,46,60,0.002,591.3331352299322,-60.57779098467119,472,37.92372881355932
6,46,66,0.005,591.0576993338109,-60.59615337774594,377,44.297082228116714
10,47,50,0.003,590.6547314918108,-60.62301790054594,497,37.82696177062374
10,60,65,0.003,590.644655696566,-60.62368962022893,460,35.0
8,47,57,0.002,590.6037132171764,-60.62641911885491,524,37.404580152671755
10,46,55,0.003,590.3232049572448,-60.64511966951701,396,40.65656565656566
4,51,68,0.01,590.0941555863463,-60.66038962757692,457,49.01531728665208
4,49,67,0.01,590.0242166521474,-60.66505222319017,442,47.511312217194565
8,55,69,0.002,590.0032524535982,-60.66644983642679,454,29.515418502202646
6,45,58,0.003,589.786848329186,-60.68087677805427,518,40.54054054054054
4,47,65,0.01,589.7642119496359,-60.68238587002428,448,45.75892857142857
6,47,59,0.005,589.7240973382792,-60.68506017744806,461,43.817787418655094
6,45,66,0.005,589.7036415426709,-60.68642389715527,366,44.53551912568306
8,52,62,0.003,589.6824195387535,-60.68783869741643,483,39.75155279503105
6,51,59,0.01,589.6681545415234,-60.68878969723177,443,45.372460496613996
6,47,56,0.007,589.6655953348321,-60.688960311011186,447,43.624161073825505
4,49,70,0.007,589.548344348276,-60.69677704344827,454,48.23788546255506
6,51,62,0.005,589.4372481431216,-60.704183457125225,491,44.806517311608964
4,49,66,0.01,589.4294052187083,-60.70470631875278,455,47.47252747252747
10,59,63,0.005,589.4057213762663,-60.706285241582236,410,42.68292682926829
6,54,65,0.01,589.2835340866469,-60.714431060890206,379,50.3957783641161
6,54,61,0.01,589.0065004834094,-60.73289996777271,452,45.35398230088495
8,55,60,0.01,588.9960099138665,-60.73359933907556,399,49.62406015037594
8,54,63,0.005,588.7224738798518,-60.75183507467654,411,45.98540145985402
8,57,62,0.01,588.6774830784826,-60.75483446143449,378,49.735449735449734
10,51,54,0.005,588.5938793490494,-60.76040804339671,455,42.637362637362635
8,59,64,0.007,588.5170429484174,-60.76553047010551,400,49.0
8,55,62,0.007,588.4555766101952,-60.76962822598699,403,49.87593052109181
8,52,60,0.007,588.4545145497914,-60.7696990300139,390,48.46153846153846
8,52,57,0.007,588.4496527464066,-60.77002315023956,443,45.372460496613996
8,49,58,0.002,588.3310533912696,-60.77792977391536,551,38.11252268602541
6,54,69,0.005,588.2829434765982,-60.78113710156012,417,45.563549160671464
6,49,69,0.002,588.1694564687623,-60.78870290208251,519,34.8747591522158
6,45,68,0.002,588.0180453205631,-60.79879697862912,477,33.542976939203356
8,51,65,0.002,587.9788853999705,-60.80140764000197,488,33.40163934426229
6,49,64,0.007,587.9482765375049,-60.80344823083301,386,49.22279792746114
4,45,64,0.01,587.9300118969617,-60.80466587353589,428,46.728971962616825
6,56,63,0.007,587.9270320587684,-60.80486452941544,487,46.61190965092403
8,57,66,0.003,587.7071676538808,-60.81952215640795,473,37.63213530655391
8,56,70,0.002,587.6979783521662,-60.82013477652226,452,28.98230088495575
10,51,58,0.005,587.6888382588246,-60.82074411607836,384,46.61458333333333
10,49,52,0.005,587.5845205629621,-60.82769862913586,455,39.78021978021978
8,59,65,0.005,587.4532254327368,-60.83645163781755,427,44.02810304449648
6,48,63,0.002,587.4221512613984,-60.838523249240104,577,37.43500866551127
4,46,68,0.007,587.3841862488525,-60.841054250076496,460,48.26086956521739
6,56,62,0.01,587.1979880173448,-60.85346746551035,458,45.633187772925766
8,49,54,0.007,587.0412100952354,-60.86391932698431,436,41.97247706422018
6,52,60,0.007,587.0184829588022,-60.865434469413195,495,46.26262626262626
6,46,52,0.01,586.7794965572441,-60.88136689618373,440,39.31818181818182
6,48,67,0.003,586.6809125874187,-60.887939160838755,463,39.956803455723545
10,54,63,0.002,586.6737959089728,-60.88841360606848,491,32.9938900203666
8,52,66,0.002,586.2670839167962,-60.91552773888025,483,32.50517598343685
10,46,50,0.002,586.2066735423415,-60.91955509717724,522,37.35632183908046
6,57,68,0.007,586.1964409105144,-60.92023727263237,399,48.62155388471178
6,47,53,0.01,586.0611278330397,-60.929258144464015,442,39.81900452488688
6,54,68,0.003,586.0222133798885,-60.93185244134076,507,39.64497041420118
10,47,56,0.002,585.9853048005589,-60.934313013296084,455,38.02197802197802
4,46,64,0.01,585.8848030488737,-60.94101313007509,440,45.909090909090914
4,55,69,0.01,585.8386538029758,-60.94408974646828,469,47.76119402985074
6,52,59,0.01,585.6930211873233,-60.95379858751178,466,45.493562231759654
4,52,68,0.01,585.6854673367156,-60.954302177552286,463,48.81209503239741
6,53,70,0.005,585.5734109996015,-60.96177260002656,397,45.08816120906801
8,54,61,0.007,585.5630695780834,-60.962462028127774,411,49.87834549878345
10,52,57,0.007,585.5565743622482,-60.9628950425168,382,48.42931937172775
4,45,68,0.007,585.4226771815306,-60.971821521231284,449,48.55233853006681
10,58,66,0.002,585.4000306535796,-60.973331289761354,462,29.004329004329005
8,53,60,0.007,585.3618279188569,-60.97587813874288,409,47.92176039119804
8,57,63,0.007,585.3598701651122,-60.976008655659186,401,49.37655860349127
10,48,52,0.003,585.3518932512759,-60.97654044991494,497,37.223340040241446
8,54,68,0.002,585.2659008016151,-60.98227327989233,461,30.151843817787416
6,45,58,0.005,585.2279334175118,-60.98480443883254,440,43.63636363636363
6,52,64,0.01,585.0514223741358,-60.99657184172429,378,51.05820105820106
6,53,68,0.003,584.9448579487964,-61.00367613674691,500,39.6
8,49,52,0.01,584.8274242272006,-61.011505051519954,442,39.14027149321267
10,58,60,0.01,584.7528420521342,-61.01647719652439,365,46.3013698630137
6,57,66,0.01,584.4895136831504,-61.03403242112331,381,50.65616797900262
6,45,51,0.01,584.3562494171737,-61.042916705521755,431,39.90719257540603
8,51,62,0.005,584.2169848164979,-61.052201012233475,399,44.86215538847117
6,50,62,0.003,584.0731590142016,-61.061789399053225,561,41.53297682709447
8,46,52,0.003,583.9071771142602,-61.07285485904932,511,38.94324853228962
4,48,69,0.007,583.6780260858151,-61.08813159427899,460,47.82608695652174
8,48,62,0.002,583.6113356534465,-61.09257762310356,481,35.13513513513514
10,47,56,0.003,583.5670945566549,-61.09552702955634,407,40.54054054054054
10,55,65,0.002,583.4564402494439,-61.10290398337042,456,30.043859649122805
8,51,56,0.007,583.3628097788875,-61.10914601474084,440,47.04545454545455
8,48,54,0.005,583.1882840697587,-61.120781062016086,448,42.1875
8,60,66,0.005,583.1344476960951,-61.12437015359367,427,44.26229508196721
6,53,69,0.005,583.1245036267294,-61.12503309155137,411,45.25547445255474
8,57,64,0.005,583.0731623276381,-61.128455844824124,427,45.19906323185012
8,56,63,0.005,582.904971169785,-61.139668588681005,438,46.34703196347032
6,55,68,0.003,582.6620632216249,-61.15586245189167,517,39.65183752417795
6,54,70,0.005,582.6096621680754,-61.15935585546164,403,45.40942928039702
8,48,56,0.003,582.4326343937072,-61.17115770708619,494,40.48582995951417
6,53,62,0.007,582.2876648517704,-61.18082234321531,465,47.74193548387097
6,47,66,0.005,582.2691683928011,-61.18205544047992,385,44.15584415584416
8,45,52,0.002,582.208868937169,-61.186075404188735,540,37.592592592592595
10,58,62,0.005,582.0309566638978,-61.19793622240681,409,43.52078239608802
6,45,60,0.002,581.9894079478405,-61.20070613681064,575,38.95652173913044
10,50,55,0.007,581.9675884350742,-61.20216077099505,358,45.81005586592179
10,56,60,0.007,581.9087710107804,-61.206081932614644,385,47.27272727272727
10,60,62,0.007,581.8131658535835,-61.21245560976109,400,47.0
6,46,68,0.002,581.787724140629,-61.21415172395807,485,33.4020618556701
10,55,59,0.01,581.667154091917,-61.222189727205524,351,50.142450142450144
8,48,51,0.007,581.6108200056357,-61.22594533295762,462,39.39393939393939
6,60,67,0.01,581.5263065318613,-61.23157956454257,402,53.482587064676615
6,48,59,0.005,581.5017539239478,-61.233216405070145,480,44.79166666666667
10,52,62,0.002,581.381333485941,-61.24124443427059,463,32.6133909287257
6,51,63,0.003,581.3111899899598,-61.245920667336016,560,40.89285714285714
8,54,65,0.003,581.2357400107535,-61.250950665949766,457,38.29321663019694
4,54,69,0.01,581.2295476432041,-61.25136349045306,461,47.939262472885034
10,56,61,0.005,581.112915083151,-61.2591389944566,409,44.25427872860636
8,48,59,0.005,581.0008677111432,-61.266608819257115,388,46.391752577319586
8,55,61,0.007,580.990950822471,-61.2672699451686,430,49.53488372093023
8,46,59,0.003,580.9440250747725,-61.2703983283485,429,40.79254079254079
6,50,67,0.005,580.7896219379594,-61.280691870802706,413,45.76271186440678
10,51,56,0.007,580.7814111283086,-61.28123925811275,364,47.8021978021978
6,54,62,0.007,580.5120041581916,-61.29919972278722,478,46.65271966527197
10,49,56,0.005,580.4844349466048,-61.30103767022634,371,45.55256064690027
6,46,58,0.005,580.2050109167894,-61.319665938880696,458,43.44978165938865
4,45,70,0.003,580.2044631585663,-61.31970245609557,559,39.89266547406082
6,49,70,0.002,580.1086652573993,-61.32608898284004,503,34.39363817097416
6,46,65,0.003,580.0950252216134,-61.32699831855911,463,39.524838012958966
8,50,63,0.002,580.0126603601902,-61.33248930932065,493,34.68559837728195
8,47,61,0.003,579.9891202373299,-61.33405865084467,422,40.047393364928915
8,60,67,0.003,579.9884479390442,-61.33410347073038,489,37.01431492842536
6,51,65,0.007,579.8992584003621,-61.340049439975864,395,48.10126582278481
4,45,61,0.01,579.7346303306126,-61.35102464462583,457,42.4507658643326
6,52,62,0.005,579.523918331171,-61.36507211125527,509,44.79371316306484
6,49,62,0.003,579.5014110079737,-61.36657259946842,544,41.36029411764706
10,56,62,0.003,579.4554162785952,-61.36963891476033,468,38.88888888888889
10,48,60,0.002,579.4435755204277,-61.37042829863816,421,32.304038004750595
8,49,57,0.003,579.4367596272774,-61.370882691514836,512,40.4296875
8,47,50,0.007,579.3780216744254,-61.3747985550383,452,38.716814159292035
6,55,69,0.005,579.3606376093363,-61.37595749271092,424,45.28301886792453
10,48,51,0.005,579.1531975383721,-61.38978683077519,454,38.54625550660793
6,48,54,0.01,579.1524362981538,-61.389837580123086,449,40.089086859688194
6,47,69,0.002,579.1463183921898,-61.39024544052069,488,33.40163934426229
10,58,63,0.003,579.0971968253468,-61.39352021164355,479,36.74321503131524
6,46,55,0.007,579.0413161124775,-61.397245592501505,446,42.82511210762332
6,48,56,0.007,578.9466158315643,-61.40355894456238,466,44.20600858369099
8,46,53,0.002,578.8955852720211,-61.40696098186527,552,38.224637681159415
8,54,60,0.01,578.670355007997,-61.4219763328002,381,50.13123359580053
8,46,59,0.002,578.3519864319899,-61.44320090453401,481,38.04573804573805
6,47,63,0.002,578.3103087763091,-61.44597941491272,562,36.654804270462634
8,53,66,0.002,578.2688954521252,-61.44874030319165,501,33.33333333333333
10,48,59,0.002,578.2476266998451,-61.45015822001032,439,34.39635535307517
10,60,63,0.005,578.200945629663,-61.4532702913558,431,42.92343387470998
6,46,58,0.003,578.1463122342727,-61.456912517715146,536,40.11194029850746
8,50,53,0.01,578.1137380783036,-61.4590841281131,441,40.816326530612244
6,53,60,0.01,578.1009647282584,-61.45993568478277,461,44.90238611713666
8,51,55,0.01,578.0648621476258,-61.46234252349161,414,45.169082125603865
10,59,65,0.003,578.0327783266039,-61.46448144489307,440,34.090909090909086
6,57,69,0.005,578.0075286817099,-61.466164754552665,438,44.97716894977169
8,59,67,0.003,577.9885331482296,-61.46743112345136,470,35.95744680851064
6,48,66,0.005,577.9483466761513,-61.470110221589906,396,44.94949494949495
6,45,57,0.005,577.9450997812753,-61.47032668124831,450,43.111111111111114
4,56,69,0.01,577.9285605079615,-61.47142929946923,481,48.024948024948024
8,51,58,0.005,577.8515183187793,-61.47656544541471,449,44.766146993318486
6,53,67,0.007,577.7932074448914,-61.480452837007235,387,50.3875968992248
10,48,57,0.002,577.7364364398528,-61.484237570676484,471,37.57961783439491
10,50,54,0.003,577.6386693540812,-61.49075537639459,502,37.84860557768924
6,56,68,0.005,577.3905700309266,-61.507295331271564,447,45.19015659955257
8,58,64,0.005,577.3675054744349,-61.50883296837101,434,44.93087557603687
10,51,55,0.01,577.1080386447892,-61.52613075701405,342,47.66081871345029
6,58,66,0.01,577.0556193672252,-61.529625375518314,392,51.53061224489795
4,50,68,0.01,576.8203209843748,-61.545311934375015,448,48.660714285714285
10,51,52,0.007,576.7721083875132,-61.54852610749912,473,39.112050739957716
6,47,67,0.003,576.7649115303608,-61.54900589797594,449,39.198218262806236
8,48,53,0.005,576.7554618930259,-61.549635873798266,469,41.15138592750533
6,58,69,0.005,576.7430477609082,-61.55046348260612,447,45.41387024608501
4,45,63,0.01,576.4294415177258,-61.57137056548495,439,46.46924829157175
8,47,55,0.003,576.370354352627,-61.575309709824865,487,39.630390143737166
8,49,61,0.003,576.1868175877656,-61.587545494148955,457,40.48140043763676
6,45,65,0.003,576.1308829873458,-61.59127446751028,453,39.51434878587197
8,49,60,0.005,576.0854426510979,-61.59430382326014,394,46.954314720812185
8,56,69,0.002,576.0755638998711,-61.59496240667526,465,29.89247311827957
4,47,64,0.01,575.8278740794738,-61.61147506136842,452,45.35398230088495
8,53,62,0.003,575.8251770224402,-61.61165486517065,503,40.15904572564612
8,50,60,0.005,575.8017876239296,-61.613214158404695,406,46.05911330049261
6,56,65,0.01,575.7238263000323,-61.61841157999785,401,50.12468827930174
10,50,51,0.007,575.6883831880269,-61.62077445413154,473,36.36363636363637
4,49,69,0.007,575.607940268138,-61.62613731545748,470,48.08510638297872
10,53,57,0.007,575.5983907627165,-61.62677394915224,404,47.524752475247524
10,49,58,0.003,575.5819661182263,-61.62786892545158,417,40.04796163069545
4,48,65,0.01,575.5230292732833,-61.631798048447784,456,45.614035087719294
8,48,60,0.003,575.5047984829529,-61.63301343446981,445,40.89887640449438
6,54,67,0.007,575.3065087571347,-61.64623274952435,394,50.25380710659898
10,55,61,0.003,575.1870079574762,-61.65419946950159,475,38.526315789473685
6,45,54,0.007,575.1611103000513,-61.65592597999658,437,42.33409610983982
8,54,64,0.003,575.1410057877578,-61.657266280816145,472,39.61864406779661
4,47,70,0.003,575.1177307003817,-61.65881795330789,579,39.72366148531952
10,60,61,0.01,575.0096679793883,-61.66602213470745,387,46.51162790697674
8,48,57,0.002,574.9039732196969,-61.67306845202021,547,37.111517367458866
8,55,68,0.002,574.8805810064579,-61.674627932902816,469,30.49040511727079
6,50,64,0.007,574.8256407547054,-61.67829061635297,398,50.0
8,52,59,0.01,574.781179662808,-61.68125468914614,363,49.03581267217631
10,55,64,0.002,574.4907877979489,-61.70061414680341,471,30.997876857749468
6,55,70,0.005,574.4210125060796,-61.70526583292803,408,45.34313725490196
10,47,55,0.005,574.249611347079,-61.7166925768614,353,45.04249291784703
6,45,65,0.005,574.2366743957286,-61.71755504028476,380,45.0
10,51,59,0.003,574.1366505960127,-61.724223293599145,434,39.1705069124424
4,45,69,0.003,573.8647292353327,-61.742351384311156,568,41.021126760563384
10,57,61,0.005,573.7973732955074,-61.7468417802995,418,44.01913875598086
4,47,68,0.007,573.6747966340091,-61.75501355773272,469,47.97441364605544
4,57,70,0.01,573.3299618845012,-61.77800254103325,463,47.94816414686825
6,55,65,0.01,573.2899625728296,-61.78066916181135,387,50.3875968992248
10,54,60,0.005,573.2690397528598,-61.78206401647601,399,44.3609022556391
10,48,53,0.002,573.0833081269051,-61.79444612487299,535,36.26168224299066
10,51,61,0.002,573.0574684118857,-61.79616877254095,460,32.826086956521735
10,49,53,0.003,572.9982795210242,-61.800114698598385,497,38.028169014084504
6,51,59,0.007,572.9219694352488,-61.805202037650076,486,44.8559670781893
8,46,51,0.003,572.7569252243177,-61.81620498504549,521,38.38771593090211
6,49,67,0.005,572.6478081219329,-61.82347945853781,406,45.812807881773395
10,49,59,0.003,572.5825717881861,-61.82782854745425,397,38.0352644836272
6,59,66,0.01,572.5510160606982,-61.829932262620126,400,51.74999999999999
8,47,62,0.002,572.5112494045264,-61.83258337303157,463,35.20518358531318
6,46,65,0.005,572.4935456520245,-61.833763623198365,392,44.642857142857146
6,58,68,0.007,572.4546877177789,-61.836354152148076,409,48.899755501222494
8,51,59,0.007,572.3816697535475,-61.841222016430166,389,49.61439588688946
8,49,62,0.002,572.3417529671494,-61.84388313552337,501,35.528942115768466
10,46,55,0.002,572.2995244584886,-61.846698369434094,452,37.16814159292036
6,53,64,0.01,572.2480055597647,-61.85013296268236,385,50.12987012987013
6,47,70,0.002,572.2029643530474,-61.853135709796845,473,32.98097251585624
8,59,64,0.005,572.1242292545667,-61.858384716362224,446,44.61883408071749
10,57,65,0.002,571.8389162327878,-61.877405584480805,475,30.105263157894736
10,50,58,0.003,571.8078888243334,-61.87947407837777,433,40.415704387990765
10,58,61,0.007,571.7077603933011,-61.88614930711326,388,46.649484536082475
6,47,52,0.01,571.6624022163985,-61.88917318557343,456,38.377192982456144
6,46,61,0.002,571.6609380478307,-61.88927079681129,575,37.391304347826086
4,45,62,0.01,571.5170457544501,-61.898863616369994,451,44.789356984478935
6,48,60,0.003,571.5146040469104,-61.899026396872635,551,41.74228675136116
10,54,60,0.003,571.3472264240415,-61.9101849050639,476,39.705882352941174
8,49,56,0.005,571.3465155962729,-61.910232293581814,444,43.69369369369369
6,48,68,0.002,571.0844661482063,-61.927702256786255,508,34.05511811023622
10,52,56,0.01,571.0126542567134,-61.93248971621911,351,46.438746438746435
6,46,57,0.005,570.9762445857184,-61.93491702761877,468,42.94871794871795
6,50,57,0.01,570.9254473393725,-61.9383035107085,447,43.84787472035794
6,45,57,0.003,570.8938618495332,-61.94040921003112,529,40.07561436672968
6,47,60,0.003,570.6778722876403,-61.954808514157314,533,40.90056285178236
4,53,68,0.01,570.3411896865862,-61.97725402089426,469,48.40085287846482
6,58,70,0.005,570.1722770682462,-61.988514862116915,427,45.433255269320846
8,53,57,0.007,570.1699838218615,-61.988667745209234,466,44.20600858369099
10,50,59,0.003,569.9861479641665,-62.00092346905557,413,38.7409200968523
4,51,67,0.01,569.9597545179389,-62.002683032137405,467,47.96573875802998
6,55,61,0.01,569.8813416906523,-62.00791055395651,461,44.46854663774403
8,58,66,0.003,569.7828259267507,-62.014478271549955,481,37.42203742203743
8,60,64,0.007,569.7619928360557,-62.01586714426295,425,48.94117647058824
8,56,60,0.01,569.5945017511787,-62.02703321658809,415,46.024096385542165
10,50,52,0.005,569.5059968587427,-62.03293354275048,481,38.46153846153847
6,49,57,0.007,569.4137038983514,-62.039086406776576,473,43.97463002114165
8,51,64,0.002,569.3875935799609,-62.04082709466927,504,34.32539682539682
10,56,59,0.01,569.3869776951376,-62.04086815365749,367,47.41144414168937
8,51,61,0.003,569.2926685239096,-62.047155431739355,488,40.57377049180328
8,46,50,0.005,569.2016138743372,-62.05322574171085,471,39.91507430997877
6,46,51,0.01,569.1134314406187,-62.05910457062542,456,38.377192982456144
6,50,58,0.007,568.8945046440787,-62.073699690394754,477,45.492662473794546
10,52,59,0.005,568.645067016073,-62.09032886559513,385,44.675324675324674
8,52,62,0.005,568.5736955832843,-62.095086961114376,414,44.44444444444444
4,51,66,0.01,568.3936398373493,-62.107090677510044,481,47.60914760914761
8,47,56,0.002,568.3832167091255,-62.10778555272497,535,37.570093457943926
10,49,54,0.002,568.3432472813402,-62.11045018124399,540,35.55555555555556
6,59,68,0.007,568.1459502342825,-62.12360331771449,419,49.64200477326969
10,49,58,0.002,568.0001661087324,-62.13332225941783,471,36.94267515923567
4,58,70,0.01,567.8631569254625,-62.142456204969164,473,48.20295983086681
10,47,51,0.002,567.6047135254659,-62.15968576496894,536,36.75373134328358
6,57,70,0.005,567.591204234187,-62.16058638438753,419,44.868735083532215
6,49,56,0.01,567.4466428395422,-62.17022381069719,445,43.146067415730336
8,56,65,0.003,567.1686264582819,-62.18875823611454,485,38.96907216494846
8,47,52,0.005,567.1611363294409,-62.189257578037285,462,40.04329004329004
8,55,65,0.003,567.1245693796849,-62.19169537468767,473,38.266384778012686
4,46,67,0.007,566.9543222876684,-62.2030451808221,470,47.87234042553192
6,50,69,0.002,566.8163785534498,-62.21224142977002,528,34.46969696969697
10,51,57,0.005,566.7845571634666,-62.21436285576889,400,46.5
6,48,66,0.003,566.717431531622,-62.218837897891866,470,40.21276595744681
8,53,57,0.01,566.6365054321004,-62.2242329711933,426,44.13145539906103
4,46,68,0.003,566.5881183599122,-62.22745877600586,594,41.582491582491585
10,50,56,0.005,566.5729787745067,-62.22846808169955,384,45.05208333333333
6,45,67,0.002,566.5089559299324,-62.23273627133784,494,35.22267206477733
6,50,67,0.003,566.4663716100314,-62.235575225997906,490,40.0
6,47,58,0.005,566.1976859773522,-62.25348760150986,467,43.0406852248394
6,45,59,0.002,565.9708046889433,-62.26861302073712,582,38.48797250859107
4,45,67,0.007,565.9383992080699,-62.270773386128674,457,48.35886214442014
8,48,61,0.002,565.6571453360721,-62.289523644261855,498,36.144578313253014
4,45,60,0.01,565.6331335200696,-62.29112443199536,464,40.30172413793103
8,57,70,0.002,565.3913188710328,-62.30724540859781,460,28.913043478260867
6,56,67,0.007,565.3514284222367,-62.309904771850874,417,50.35971223021583
6,52,59,0.007,565.3280317858142,-62.31146454761238,510,44.70588235294118
6,51,61,0.005,565.2646314934183,-62.31569123377212,502,43.42629482071713
8,49,53,0.007,564.9959991932305,-62.333600053784636,462,40.909090909090914
6,52,65,0.007,564.9479987120603,-62.33680008586264,411,48.9051094890511
10,56,65,0.002,564.8850942310879,-62.340993717927475,470,30.0
8,56,62,0.007,564.8354900947347,-62.34430066035102,420,48.80952380952381
10,57,62,0.003,564.7591900641866,-62.34938732905423,481,38.66943866943867
8,58,62,0.01,564.5844524077579,-62.36103650614948,386,48.18652849740933
8,57,61,0.01,564.5209361618106,-62.36527092254596,411,46.95863746958637
4,48,70,0.003,564.4842172547574,-62.36771884968284,585,39.65811965811966
4,52,67,0.01,564.4772806523292,-62.36818128984471,474,47.67932489451477
6,60,66,0.01,564.3318757193147,-62.37787495204569,415,51.325301204819276
6,50,60,0.005,564.325581969509,-62.37829453536607,505,44.15841584158416
6,53,61,0.007,564.3028441122674,-62.3798103925155,480,45.83333333333333
6,55,62,0.007,564.2505839946729,-62.38329440035515,489,46.216768916155424
4,48,68,0.007,564.2319965385519,-62.38453356409654,474,47.89029535864979
8,50,58,0.002,564.0619932873532,-62.39586711417646,575,38.08695652173913
6,56,61,0.01,564.0488922569397,-62.396740516204034,478,43.72384937238494
6,47,65,0.005,563.9810480647991,-62.40126346234673,400,44.5
8,50,61,0.003,563.9222505578718,-62.40518329614188,473,40.169133192389005
8,54,67,0.002,563.8652657835698,-62.40898228109535,485,31.1340206185567
6,45,53,0.007,563.8547175797775,-62.40968549468151,450,41.333333333333336
4,46,66,0.007,563.7574707635556,-62.416168615762956,479,47.59916492693111
6,49,67,0.003,563.7056932531347,-62.419620449791026,480,40.208333333333336
10,49,57,0.003,563.578264887377,-62.42811567417487,431,41.067285382830626
8,58,63,0.007,563.222937430019,-62.45180417133207,410,48.292682926829265
6,56,68,0.003,563.1184975515763,-62.458766829894905,531,39.35969868173258
10,48,50,0.005,563.1148278605814,-62.45901147596125,473,37.63213530655391
10,48,55,0.005,563.0680516153077,-62.46212989231281,370,44.5945945945946
6,57,62,0.01,562.8654085169143,-62.47563943220571,465,44.3010752688172
4,49,65,0.01,562.832604768457,-62.477826348769526,467,45.82441113490364
10,53,59,0.005,562.780019967624,-62.481332002158396,405,44.44444444444444
8,51,55,0.007,562.4100306367739,-62.50599795754841,457,44.63894967177243
4,45,66,0.007,562.3710056508593,-62.50859962327605,466,47.85407725321888
10,49,60,0.002,562.3189435810324,-62.51207042793118,435,32.87356321839081
8,55,64,0.003,562.3170718403136,-62.51219521064576,489,39.672801635991824
8,50,54,0.007,562.3007758832338,-62.51328160778442,458,41.70305676855895
6,50,66,0.005,562.2892044941144,-62.5140530337257,420,44.52380952380952
4,45,70,0.005,562.2691728535204,-62.515388476431966,478,43.93305439330544
4,52,66,0.01,562.2068664155353,-62.51954223896432,488,47.13114754098361
10,51,58,0.003,562.1140998351821,-62.525726677654525,457,40.26258205689278
8,49,50,0.01,562.0503308434767,-62.52997794376822,479,35.281837160751564
8,60,65,0.005,561.9694881309748,-62.535367457935024,451,43.90243902439025
6,48,62,0.002,561.7585576135036,-62.54942949243309,592,37.66891891891892
10,54,58,0.01,561.7401074521293,-62.550659503191376,361,49.584487534626035
6,49,60,0.005,561.6888644893122,-62.55407570071252,488,44.4672131147541
6,45,50,0.01,561.6467911086601,-62.556880592755995,447,36.68903803131991
8,48,55,0.003,561.5657548917426,-62.562283007217154,506,38.93280632411067
6,50,61,0.003,561.5544994770503,-62.56303336819664,572,40.73426573426573
10,57,64,0.002,561.433471142942,-62.571101923803866,492,31.300813008130078
10,60,64,0.003,561.3658283574118,-62.575611442839204,482,35.26970954356847
10,50,58,0.002,561.2088533050007,-62.58607644633328,491,37.06720977596741
8,56,68,0.002,561.0828704022881,-62.59447530651412,480,30.625000000000004
6,59,69,0.005,561.0636590948767,-62.59575606034156,455,45.714285714285715
8,52,56,0.01,560.9858840407863,-62.60094106394758,423,44.44444444444444
8,51,57,0.005,560.8900300559311,-62.60733132960459,466,43.34763948497854
4,55,68,0.01,560.8545991059021,-62.60969339293986,486,47.11934156378601
8,50,56,0.005,560.6279090026756,-62.624806066488304,462,43.290043290043286
8,47,51,0.005,560.3152493251433,-62.645650044990454,478,38.49372384937239
4,46,63,0.01,560.1156221076562,-62.65895852615625,451,45.67627494456763
10,50,60,0.002,560.0613261485527,-62.662578256763155,453,33.11258278145696
8,50,62,0.002,560.0294348986955,-62.66470434008697,519,35.45279383429673
6,54,61,0.007,559.8586588617344,-62.6760894092177,495,44.84848484848485
10,48,56,0.003,559.8152337656943,-62.678984415620384,422,40.047393364928915
8,49,57,0.002,559.6538618077916,-62.68974254614723,574,37.282229965156795
6,52,61,0.005,559.5780207171244,-62.69479861885837,522,43.486590038314176
6,46,67,0.002,559.4185246005193,-62.70543169329872,502,35.0597609561753
6,55,67,0.007,559.414846735837,-62.70567688427753,403,50.12406947890818
10,55,59,0.007,559.3875852592595,-62.70749431604936,393,47.837150127226465
8,56,64,0.003,559.1083621903861,-62.726109187307586,503,39.960238568588466
6,56,62,0.007,559.0475560273969,-62.730162931506875,506,45.65217391304348
4,47,69,0.003,559.0125754560646,-62.7324949695957,592,40.70945945945946
6,47,66,0.003,558.9899706932209,-62.73400195378527,456,39.473684210526315
10,49,51,0.005,558.8917501683745,-62.74054998877503,483,37.47412008281574
6,51,67,0.005,558.6325962981794,-62.75782691345471,424,45.04716981132076
6,56,63,0.005,558.5276205850857,-62.76482529432762,545,43.11926605504588
6,50,70,0.002,558.5078934627708,-62.766140435815274,512,33.7890625
8,47,61,0.002,558.4829141807269,-62.76780572128487,479,36.53444676409186
8,47,60,0.003,558.4355897729477,-62.77096068180349,432,40.74074074074074
4,50,67,0.01,558.227814650461,-62.78481235663593,458,47.81659388646288
6,46,54,0.007,558.0006404150467,-62.79995730566355,458,41.26637554585153
8,51,57,0.003,557.974325284206,-62.80171164771959,552,39.311594202898554
10,60,67,0.002,557.9164193287464,-62.805572044750235,484,29.132231404958674
6,54,64,0.01,557.8847930510234,-62.8076804632651,395,49.62025316455696
10,57,60,0.007,557.8818611763622,-62.80787592157585,397,46.59949622166247
8,52,65,0.002,557.7897975122488,-62.81401349918341,500,33.0
6,52,67,0.005,557.7810217235731,-62.81459855176179,434,45.852534562211986
6,46,57,0.003,557.6645981378493,-62.82236012414337,547,39.6709323583181
10,55,63,0.002,557.6307696949572,-62.82461535366952,504,32.53968253968254
10,51,53,0.005,557.5317236695796,-62.83121842202804,485,40.41237113402062
8,47,54,0.003,557.502722744179,-62.833151817054734,500,39.0
4,49,68,0.007,557.3864348056821,-62.840904346287864,483,47.82608695652174
6,47,55,0.007,557.3690799211463,-62.84206133859025,459,42.70152505446623
4,46,61,0.01,557.3203480668847,-62.84531012887435,471,41.825902335456476
6,53,66,0.007,557.2552263559573,-62.849651576269515,396,48.73737373737374
8,51,61,0.005,557.222052948548,-62.85186313676346,415,45.06024096385542
8,55,67,0.002,557.2216325574103,-62.851891162839316,495,31.717171717171716
8,54,60,0.007,557.0990119753608,-62.86006586830928,424,48.34905660377358
10,56,64,0.002,556.9171651551686,-62.87218898965543,486,31.069958847736622
4,59,70,0.01,556.8979578913309,-62.87346947391128,482,48.13278008298755
6,49,61,0.003,556.8913750291495,-62.87390833139004,557,40.57450628366247
10,52,59,0.003,556.8892724762808,-62.87404850158128,456,38.81578947368421
6,51,58,0.01,556.8539052771198,-62.87640631485868,453,44.370860927152314
6,49,63,0.002,556.7580908297602,-62.88279394468266,603,37.3134328358209
10,50,53,0.003,556.698924015408,-62.886738398972795,526,37.452471482889734
4,54,68,0.01,556.5911072679727,-62.893926182135154,478,47.48953974895397
4,50,66,0.01,556.5149403157191,-62.89900397895206,471,47.346072186836516
10,55,60,0.005,556.4367586234841,-62.90421609176773,411,43.30900243309003
6,60,69,0.005,556.3466214681519,-62.910225235456544,466,45.92274678111588
4,51,70,0.007,556.3269927056559,-62.91153381962293,479,48.22546972860125
8,50,57,0.003,556.1407116880187,-62.92395255413209,533,39.587242026266416
8,59,66,0.003,556.0417108640263,-62.93055260906492,501,37.3253493013972
10,59,60,0.01,555.8895848173113,-62.94069434551258,385,44.675324675324674
6,45,66,0.002,555.8321064572119,-62.94452623618587,499,35.671342685370746
4,50,70,0.007,555.6818423130495,-62.95454384579671,467,47.96573875802998
6,59,70,0.005,555.4992043678301,-62.966719708811326,435,45.74712643678161
8,53,62,0.005,555.4537237238843,-62.96975175174104,432,44.675925925925924
8,58,70,0.002,555.3574055912335,-62.97617296058444,468,28.846153846153843
6,48,53,0.01,555.2595584848557,-62.982696101009616,468,38.88888888888889
10,54,58,0.007,555.1199276878783,-62.99200482080811,400,47.25
6,54,68,0.005,554.986061870225,-63.00092920865167,431,45.011600928074245
8,59,62,0.01,554.8522640722314,-63.00984906185124,401,47.63092269326683
6,49,68,0.002,554.8043786144816,-63.01304142570123,528,34.84848484848485
8,52,58,0.003,554.7350197133268,-63.01766535244489,554,38.98916967509025
6,45,64,0.003,554.6084033935995,-63.0261064404267,462,39.82683982683983
6,47,57,0.005,554.5484845599466,-63.03010102933689,478,42.67782426778243
10,48,52,0.002,554.512277035386,-63.03251486430761,556,35.61151079136691
6,54,66,0.007,554.5065212042634,-63.03289858638244,404,48.51485148514851
4,45,68,0.003,554.3891939118037,-63.04072040587976,583,41.680960548885075
6,53,59,0.01,554.3465479665787,-63.043563468894746,478,43.93305439330544
6,47,59,0.003,554.3391550584288,-63.04405632943808,543,40.147329650092075
8,49,60,0.003,554.3081941536958,-63.04612038975361,468,41.23931623931624
8,57,69,0.002,554.2100446830989,-63.05266368779341,473,29.59830866807611
6,54,60,0.01,553.8859027282407,-63.07427315145062,477,43.60587002096436
6,49,66,0.005,553.74944811157,-63.083370125895335,412,44.417475728155345
8,49,55,0.005,553.7474331905584,-63.08350445396278,459,42.0479302832244
10,54,62,0.002,553.7450435221381,-63.08366376519079,505,33.663366336633665
4,47,67,0.007,553.7217602268846,-63.08521598487435,479,47.390396659707726
10,51,54,0.003,553.7015481838351,-63.08656345441099,534,37.453183520599254
6,48,58,0.005,553.6859594978198,-63.087602700145354,486,44.03292181069959
4,56,68,0.01,553.5417831542635,-63.09721445638243,497,47.08249496981891
6,47,51,0.01,553.5330690104446,-63.09779539930369,473,37.420718816067655
6,48,65,0.005,553.5190406843097,-63.098730621046016,412,45.14563106796117
6,47,62,0.002,553.4038985173588,-63.10640676550941,578,36.851211072664356
10,49,52,0.003,553.2838755374232,-63.11440829750512,524,36.6412213740458
8,51,63,0.002,553.281957698884,-63.11453615340774,514,35.019455252918284
6,48,59,0.003,553.2231898543545,-63.1184540097097,565,41.06194690265487
8,57,63,0.005,553.2040135935504,-63.11973242709664,449,44.98886414253897
10,52,61,0.002,553.1543474160026,-63.12304350559983,482,32.98755186721991
6,51,64,0.007,553.1526397904961,-63.123157347300264,408,49.01960784313725
8,56,61,0.007,553.1334187406841,-63.12443875062106,448,47.544642857142854
4,46,70,0.005,553.1210613094281,-63.12526257937145,486,44.03292181069959
6,46,60,0.002,552.8809742286224,-63.14126838475851,593,38.27993254637437
10,59,67,0.002,552.8529712303223,-63.143135251311854,471,28.450106157112526
10,50,57,0.003,552.7902771989855,-63.14731485340097,448,41.07142857142857
8,60,66,0.003,552.7518172374271,-63.14987885083819,523,37.858508604206506
6,57,69,0.003,552.7393212466969,-63.15071191688687,525,39.42857142857143
8,59,70,0.002,552.6141767632178,-63.159054882452146,483,28.985507246376812
6,46,64,0.003,552.5230524406007,-63.16512983729328,473,39.53488372093023
8,49,61,0.002,552.4958560081467,-63.166942932790214,519,36.60886319845857
6,45,56,0.005,552.3801121407981,-63.17465919061346,461,42.0824295010846
6,45,52,0.007,552.3687450801032,-63.175416994659784,461,40.780911062906725
8,52,59,0.007,552.348407991036,-63.176772800597604,406,47.04433497536946
8,48,56,0.002,552.3228969230371,-63.178473538464196,560,37.142857142857146
8,52,58,0.005,552.1379784249045,-63.190801438339705,475,42.94736842105264
4,47,63,0.01,552.0849427854604,-63.194337147635984,462,45.02164502164502
4,46,62,0.01,552.046629608374,-63.19689135944173,465,43.87096774193549
10,48,51,0.003,552.0162528063904,-63.198916479573974,519,35.64547206165704
4,60,70,0.01,551.8120431735802,-63.21253045509465,489,47.443762781186095
8,55,60,0.007,551.7351229546205,-63.21765846969196,444,47.52252252252252
8,45,51,0.002,551.6757843369088,-63.22161437753942,550,36.90909090909091
8,52,61,0.003,551.6240990969469,-63.22506006020354,505,40.1980198019802
6,60,68,0.007,551.5653375568918,-63.228977496207214,434,50.0
8,48,50,0.007,551.4472192638007,-63.236852049079964,484,37.8099173553719
6,45,64,0.005,551.3590610705346,-63.24272926196436,389,44.987146529562985
6,57,63,0.007,551.3183571718962,-63.245442855206925,495,45.05050505050505
6,51,62,0.003,551.2145914874579,-63.252360567502805,576,40.45138888888889
6,45,58,0.002,551.075566122761,-63.261628925149274,587,37.819420783645654
10,50,54,0.002,551.0657224575916,-63.26228516949389,568,34.859154929577464
6,57,70,0.003,550.8021908179031,-63.27985394547313,507,39.053254437869825
6,53,68,0.005,550.7985405025177,-63.28009729983215,424,45.04716981132076
10,52,58,0.005,550.7667874901077,-63.28221416732616,408,45.588235294117645
10,59,64,0.003,550.7116358453819,-63.285890943641206,461,34.70715835140998
6,54,63,0.005,550.5571660182874,-63.29618893211417,516,44.37984496124031
10,53,61,0.002,550.4767111410044,-63.301552590599705,504,33.92857142857143
8,55,66,0.002,550.3730506934015,-63.30846328710656,520,33.84615384615385
4,47,66,0.007,550.3169878391399,-63.31220081072401,491,47.04684317718941
8,49,59,0.005,550.3064499952279,-63.31290333365147,408,45.83333333333333
10,59,62,0.005,550.2234989597025,-63.3184334026865,430,42.7906976744186
6,57,65,0.01,550.1417976811878,-63.32388015458748,407,48.894348894348894
8,53,59,0.01,549.8416449530222,-63.34389033646519,385,47.27272727272727
6,58,70,0.003,549.8316813236643,-63.34455457842238,516,39.53488372093023
8,46,50,0.003,549.7418548250355,-63.35054301166429,531,37.85310734463277
4,53,67,0.01,549.6886328122072,-63.354091145852856,480,47.291666666666664
10,53,56,0.01,549.5057241656649,-63.36628505562234,380,45.26315789473684
8,53,61,0.003,549.3206343042755,-63.37862437971498,525,40.76190476190476
6,46,64,0.005,549.1064701410036,-63.39290199059976,402,44.527363184079604
8,49,56,0.003,549.0643872849159,-63.39570751433894,526,40.3041825095057
10,59,61,0.007,549.0502018268984,-63.39665321154011,410,45.85365853658537
10,49,55,0.005,549.0275017292336,-63.39816655138443,387,44.44444444444444
6,46,66,0.002,548.8024394818702,-63.41317070120864,508,35.62992125984252
6,50,66,0.003,548.5317142613933,-63.431219049240454,497,40.24144869215292
6,52,63,0.003,548.501574571472,-63.43322836190186,583,40.651801029159515
6,58,69,0.003,548.0660425245311,-63.46226383169793,535,39.81308411214953
4,48,64,0.01,548.0596254805191,-63.46269163463205,462,45.02164502164502
6,60,70,0.005,548.053275366158,-63.46311497558948,442,45.92760180995475
8,50,59,0.005,548.0530576872096,-63.46312948751935,420,45.23809523809524
8,56,67,0.002,547.9935087070203,-63.46709941953198,508,32.08661417322835
4,47,61,0.01,547.7170768427993,-63.48552821048005,484,41.52892561983471
6,51,67,0.003,547.6163828804333,-63.49224114130445,498,39.558232931726906
8,51,60,0.003,547.523185634979,-63.49845429100141,499,41.28256513026052
8,52,56,0.007,547.3657366543415,-63.50895088971056,465,43.87096774193549
10,49,57,0.002,547.3346122547925,-63.51102584968049,490,37.755102040816325
8,54,66,0.002,547.3240302205163,-63.51173131863225,509,33.00589390962672
4,53,66,0.01,547.113483915093,-63.52576773899381,496,46.774193548387096
10,56,63,0.002,546.8132479423447,-63.54578347051035,522,32.95019157088122
6,46,56,0.005,546.6000801769674,-63.55999465486883,483,42.028985507246375
6,48,61,0.002,546.5409454285884,-63.56393697142744,604,37.913907284768214
10,51,55,0.007,546.5220376534792,-63.56519748976805,385,45.45454545454545
8,53,65,0.002,546.5027481025654,-63.56648345982897,518,33.78378378378378
10,47,55,0.003,546.48138513929,-63.56790765738067,418,39.71291866028708
6,49,59,0.005,546.4099570519553,-63.57266952986964,502,43.42629482071713
6,47,68,0.002,546.16047510421,-63.58930165971933,496,33.266129032258064
4,52,70,0.007,546.1595380572675,-63.5893641295155,485,48.04123711340206
8,47,55,0.002,545.854174756783,-63.60972168288113,547,37.111517367458866
4,55,70,0.007,545.7778215932727,-63.61481189378182,506,47.82608695652174
6,55,68,0.005,545.7368762130319,-63.617541585797866,438,44.97716894977169
6,48,55,0.007,545.6136715481367,-63.62575523012421,479,42.58872651356994
8,51,54,0.01,545.5643592486778,-63.62904271675481,442,42.081447963800905
6,46,50,0.01,545.4935499641915,-63.63376333572057,474,35.232067510548525
8,50,52,0.01,545.4810368319675,-63.63459754453551,470,37.4468085106383
8,55,62,0.005,545.43897634736,-63.637401576842656,455,45.05494505494506
10,49,59,0.002,545.4035980670398,-63.63976012886401,454,34.58149779735683
8,54,63,0.003,545.3717519963657,-63.64188320024229,491,39.5112016293279
6,47,64,0.005,545.3359546650986,-63.644269688993425,409,44.49877750611247
10,57,63,0.002,545.0628555882993,-63.66247629411338,532,33.27067669172932
10,58,61,0.005,544.9234435980557,-63.67177042679628,435,42.06896551724138
6,45,56,0.003,544.8965442087834,-63.67356371941444,540,39.62962962962963
8,58,69,0.002,544.8770387108216,-63.674864085945224,481,29.521829521829524
10,48,56,0.002,544.8569543369262,-63.67620304420492,477,37.10691823899371
10,47,55,0.002,544.786262841663,-63.6809158105558,469,37.10021321961621
8,54,62,0.005,544.632410486375,-63.69117263424167,441,44.89795918367347
4,48,67,0.007,544.6073910389646,-63.692840597402366,484,47.31404958677686
4,46,67,0.003,544.4788150814369,-63.70141232790421,604,41.22516556291391
8,48,59,0.003,544.2414406452523,-63.71723729031651,457,41.13785557986871
10,47,50,0.002,544.1493471782223,-63.72337685478517,549,36.42987249544626
10,53,59,0.003,544.1421832704633,-63.72385444863578,480,39.166666666666664
6,50,59,0.005,544.0884968654883,-63.72743354230078,520,43.269230769230774
6,53,63,0.005,543.4221340114743,-63.77185773256837,504,44.84126984126984
6,52,58,0.01,543.3422028556232,-63.77718647629178,476,43.69747899159664
8,48,60,0.002,543.2950763659488,-63.78032824227008,509,36.93516699410609
8,59,63,0.007,543.2943105764055,-63.7803792949063,424,47.87735849056604
8,60,64,0.005,543.1609118827297,-63.789272541151355,475,44.42105263157895
6,50,63,0.002,543.123290503684,-63.79178063308773,621,37.68115942028986
6,55,64,0.01,542.988412440722,-63.80077250395186,404,49.00990099009901
6,58,65,0.01,542.9812527731178,-63.80124981512547,419,49.88066825775656
10,58,65,0.002,542.948281416676,-63.80344790555493,488,29.713114754098363
10,55,60,0.003,542.883784080479,-63.807747727968064,494,38.8663967611336
8,53,59,0.007,542.8690363016655,-63.8087309132223,426,45.774647887323944
6,49,66,0.003,542.8411732188749,-63.81058845207501,487,40.24640657084189
6,53,70,0.002,542.8074101545285,-63.81283932303143,547,34.18647166361974
8,58,61,0.01,542.8060790511483,-63.81292806325678,418,45.69377990430622
4,51,65,0.01,542.7884443512737,-63.814103709915095,494,45.95141700404859
4,51,69,0.007,542.785168124426,-63.81432212503826,495,48.08080808080808
8,60,62,0.01,542.7593949671202,-63.81604033552533,431,46.635730858468676
4,47,62,0.01,542.5342306248083,-63.83105129167945,478,43.51464435146444
6,55,61,0.007,542.4203765599659,-63.83864156266894,505,44.35643564356436
8,48,54,0.003,542.3939615152473,-63.84040256565018,522,38.50574712643678
8,50,60,0.003,542.3581299166624,-63.84279133888917,484,40.909090909090914
8,47,59,0.003,542.3345298340196,-63.844364677732024,441,40.816326530612244
4,47,70,0.005,542.332902556415,-63.84447316290567,494,43.7246963562753
4,47,68,0.003,542.3318203714965,-63.84454530856689,609,41.050903119868636
6,46,53,0.007,542.2873270361899,-63.84751153092068,472,39.83050847457627
10,51,57,0.003,542.2548200053765,-63.84967866630824,473,40.803382663847785
4,50,69,0.007,542.2067560546768,-63.852882929688214,483,47.82608695652174
10,57,59,0.01,542.1454544760841,-63.8569697015944,380,45.0
4,45,59,0.01,542.1276584759671,-63.85815610160219,472,38.771186440677965
8,60,70,0.002,541.9698962079048,-63.86867358613968,496,29.233870967741936
8,59,69,0.002,541.9612842239153,-63.86924771840565,497,29.77867203219316
6,51,58,0.007,541.9099845661841,-63.87266769558772,496,43.95161290322581
6,51,69,0.002,541.8944552653086,-63.873702982312764,540,33.88888888888889
6,56,66,0.007,541.8907580857713,-63.87394946094857,428,48.36448598130841
4,56,70,0.007,541.8887570246789,-63.87408286502141,515,48.15533980582524
8,50,55,0.005,541.7763121088526,-63.88157919274315,478,41.63179916317992
4,48,66,0.007,541.2586618750403,-63.91608920833065,496,46.975806451612904
8,51,60,0.005,541.1602159698665,-63.92265226867557,424,45.75471698113208
4,46,60,0.01,541.1515562809244,-63.9232295812717,478,39.9581589958159
10,55,58,0.01,541.0298502110209,-63.931343319265274,380,47.63157894736842
10,53,58,0.005,541.0261235608638,-63.931591762609074,429,44.28904428904429
6,50,56,0.01,540.9536764879878,-63.936421567467484,463,42.33261339092873
4,45,69,0.005,540.9352441859181,-63.93765038760546,491,44.602851323828915
8,47,53,0.003,540.7052699285155,-63.95298200476564,522,38.50574712643678
8,58,63,0.005,540.7014866984626,-63.95323422010249,457,44.42013129102845
6,49,55,0.01,540.302698549511,-63.97982009669927,459,40.95860566448802
4,57,70,0.007,540.2988669396252,-63.98007553735832,516,47.480620155038764
10,49,50,0.005,540.2446435777255,-63.98369042815164,503,36.18290258449304
10,50,59,0.002,539.9794867174224,-64.00136755217184,474,34.810126582278485
6,48,52,0.01,539.9072659000472,-64.0061822733302,483,37.47412008281574
6,51,66,0.005,539.896684643874,-64.0068876904084,432,44.21296296296296
8,52,61,0.005,539.8234790833005,-64.0117680611133,433,44.57274826789838
10,52,58,0.003,539.6605893489008,-64.02262737673995,480,40.0
6,50,68,0.002,539.6345811990138,-64.02436125339908,540,34.629629629629626
10,56,60,0.005,539.5916974946356,-64.0272201670243,432,42.592592592592595
6,59,65,0.01,539.5520845345083,-64.02986103103278,428,49.76635514018692
4,54,70,0.007,539.511390336189,-64.03257397758739,501,47.30538922155689
8,48,52,0.005,539.4849287967487,-64.03433808021674,494,39.473684210526315
8,49,54,0.005,539.4686905156404,-64.03542063229064,482,40.66390041493776
6,55,63,0.005,539.3894402113714,-64.04070398590858,527,43.643263757115754
10,54,57,0.01,539.3873360604248,-64.04084426263834,389,46.7866323907455
6,56,64,0.01,539.3336147435656,-64.0444256837623,418,48.5645933014354
10,52,56,0.007,539.2134827294744,-64.0524344847017,395,45.56962025316456
4,46,65,0.007,538.944723836928,-64.0703517442048,489,45.39877300613497
6,56,61,0.007,538.870237319288,-64.07531751204746,525,44.0
4,57,69,0.01,538.8695833565049,-64.07536110956634,485,47.01030927835051
10,60,66,0.002,538.8094921614903,-64.07936718923398,501,30.13972055888224
6,47,54,0.007,538.8081192408757,-64.07945871727495,475,41.26315789473684
6,53,60,0.007,538.7750188763871,-64.08166540824087,506,44.66403162055336
6,57,68,0.005,538.7637446387977,-64.08241702408016,454,44.27312775330397
8,49,52,0.007,538.3600026944084,-64.1093331537061,486,38.68312757201646
6,52,67,0.003,538.2555602499007,-64.11629598333995,512,40.0390625
4,45,65,0.007,538.2151204090551,-64.11899197272966,475,45.89473684210526
6,50,57,0.007,538.1906697440193,-64.12062201706539,491,43.38085539714868
6,53,69,0.002,538.189414928493,-64.1207056714338,566,34.45229681978799
6,45,57,0.002,538.1524403124143,-64.12317064583904,595,37.81512605042017
4,53,70,0.007,538.1441038543982,-64.12372640970678,492,47.96747967479675
8,46,52,0.002,538.0380070405984,-64.13079953062677,567,37.38977072310406
8,57,68,0.002,537.9912695734313,-64.13391536177124,488,30.122950819672127
8,56,66,0.002,537.9077535486954,-64.13948309675364,531,33.89830508474576
6,52,70,0.002,537.7327914805602,-64.15114723462932,537,34.07821229050279
4,48,69,0.003,537.6398167681348,-64.15734554879103,599,40.56761268781302
6,55,66,0.007,537.5765866649007,-64.16156088900662,413,48.426150121065376
6,48,57,0.005,537.4431262416106,-64.17045825055929,499,43.28657314629258
10,50,57,0.002,537.4117119467152,-64.17255253688565,510,37.450980392156865
6,60,69,0.003,537.306951960911,-64.17953653593926,562,39.8576512455516
6,57,61,0.01,537.2059650617707,-64.18626899588196,488,42.41803278688525
10,50,51,0.005,537.199620190696,-64.18669198728692,514,35.992217898832685
4,49,64,0.01,537.1278950644347,-64.19147366237101,474,45.56962025316456
6,60,70,0.003,537.1219726410052,-64.19186849059966,539,39.51762523191095
10,51,60,0.002,537.0977920744424,-64.1934805283705,475,33.26315789473684
10,58,62,0.003,537.0941093243102,-64.19372604504599,499,37.4749498997996
8,52,64,0.002,536.9413491113727,-64.20391005924182,518,33.78378378378378
6,52,64,0.007,536.9303015934113,-64.20464656043924,425,49.1764705882353
6,58,68,0.005,536.7759217052138,-64.21493855298574,465,44.73118279569893
8,47,60,0.002,536.6141802875173,-64.22572131416551,490,37.3469387755102
6,51,70,0.002,536.563312371268,-64.22911250858213,523,33.460803059273424
8,57,62,0.007,536.5584468596123,-64.22943687602584,428,47.19626168224299
8,53,61,0.005,536.3998182151727,-64.24001211898849,452,44.690265486725664
6,52,66,0.005,536.2513713820625,-64.24990857452917,444,44.5945945945946
6,46,59,0.002,536.1841039580307,-64.25439306946461,600,37.666666666666664
6,50,65,0.005,536.1301792824117,-64.25798804783922,440,44.09090909090909
4,54,67,0.01,536.0992248774908,-64.26005167483395,489,46.62576687116564
8,50,53,0.007,536.004136221566,-64.26639091856227,484,39.66942148760331
4,52,65,0.01,535.9235488498758,-64.27176341000828,501,45.70858283433134
4,55,67,0.01,535.8723736195095,-64.2751750920327,497,46.076458752515094
8,59,63,0.005,535.6996568515353,-64.28668954323098,470,44.46808510638298
4,46,66,0.003,535.2020391462149,-64.319864056919,612,41.17647058823529
8,52,57,0.005,535.1265251780301,-64.32489832146466,494,41.70040485829959
6,56,67,0.005,535.0170229801763,-64.33219846798825,472,45.55084745762712
8,57,65,0.003,534.9376852021513,-64.33748765318992,499,38.276553106212425
10,48,50,0.003,534.8983734434643,-64.34010843710239,539,35.25046382189239
10,60,62,0.005,534.8299152931997,-64.34467231378669,453,42.384105960264904
10,49,56,0.003,534.570876945233,-64.36194153698447,437,40.045766590389015
8,49,56,0.002,534.1745209267216,-64.38836527155189,588,37.244897959183675
6,57,67,0.007,534.0429202753281,-64.39713864831145,422,49.28909952606635
6,45,65,0.002,533.9520040567633,-64.40319972954912,517,35.783365570599614
8,57,60,0.01,533.9230614360281,-64.40512923759813,428,43.45794392523364
6,47,50,0.01,533.9066917961502,-64.40622054692332,492,34.34959349593496
6,52,69,0.002,533.9022574525089,-64.40651616983274,556,34.352517985611506
8,53,58,0.003,533.8700898813611,-64.40866067457594,579,38.68739205526771
6,48,65,0.003,533.6447026302511,-64.42368649131659,488,40.16393442622951
4,45,67,0.003,533.5778554991329,-64.42814296672448,591,41.455160744500844
10,51,53,0.003,533.5690988255271,-64.42872674496486,560,36.78571428571429
10,54,57,0.007,533.5411372669099,-64.43059084887267,429,45.45454545454545
8,50,61,0.002,533.3657898037326,-64.44228067975116,539,36.36363636363637
8,45,50,0.002,533.3599756803854,-64.4426682879743,556,36.510791366906474
8,60,69,0.002,533.2561948672658,-64.44958700884895,509,30.05893909626719
8,56,62,0.005,533.1834500956867,-64.45443666028756,471,44.37367303609342
6,50,60,0.003,533.1387758854405,-64.45741494097064,592,40.54054054054054
6,46,56,0.003,533.1285722221976,-64.45809518518682,562,39.32384341637011
6,48,64,0.005,533.0959352085478,-64.46027098609682,421,45.36817102137768
8,48,51,0.005,532.9731059187491,-64.46845960541673,510,38.23529411764706
8,55,59,0.01,532.968515713256,-64.46876561911627,417,46.76258992805755
10,49,53,0.002,532.8700375738435,-64.47533082841043,565,35.75221238938053
4,48,70,0.005,532.6635598054594,-64.48909601296937,499,43.48697394789579
6,46,52,0.007,532.5390975212945,-64.49739349858037,485,39.175257731958766
4,52,69,0.007,532.37598173932,-64.50826788404534,502,48.007968127490045
6,49,62,0.002,532.3720763316028,-64.50852824455981,619,37.64135702746365
4,58,69,0.01,532.3141122555032,-64.51239251629978,495,46.86868686868687
8,55,61,0.005,532.274321002334,-64.51504526651107,483,45.54865424430642
4,50,65,0.01,532.2490938094852,-64.51672707936766,484,45.867768595041326
8,47,50,0.005,532.137866500991,-64.52414223326727,497,37.82696177062374
10,59,66,0.002,531.8991807132845,-64.54005461911436,484,29.132231404958674
4,55,69,0.007,531.8218591813803,-64.54520938790797,526,47.338403041825096
6,54,69,0.002,531.802021823459,-64.54653187843607,576,34.54861111111111
4,46,69,0.005,531.6894882277559,-64.5540341181496,501,44.510978043912175
10,58,64,0.002,531.5460282853999,-64.56359811430667,503,30.81510934393638
6,47,65,0.003,531.5442092138799,-64.56371938574135,473,39.323467230443974
10,54,59,0.005,531.4941741183551,-64.56705505877633,427,44.26229508196721
6,55,60,0.01,531.4586036465633,-64.56942642356245,488,42.41803278688525
6,47,58,0.003,531.3850010419827,-64.57433326386781,548,39.23357664233576
4,58,70,0.007,531.3445706952891,-64.57702862031405,528,47.72727272727273
6,59,70,0.003,531.2582093630564,-64.5827860424629,527,39.658444022770404
10,56,61,0.003,531.192827571978,-64.5871448285348,495,38.18181818181819
10,56,59,0.007,531.1587182763818,-64.58941878157455,413,45.52058111380145
6,51,61,0.003,531.141707838281,-64.59055281078126,590,39.49152542372881
8,52,55,0.01,531.0785395885207,-64.59476402743196,443,41.760722347629795
10,52,55,0.01,531.0530826419292,-64.59646115720471,373,45.30831099195711
6,47,56,0.005,530.8736554222426,-64.6084229718505,493,41.784989858012175
4,49,67,0.007,530.7838862642251,-64.61440758238498,494,47.16599190283401
10,50,55,0.005,530.6742656694915,-64.62171562203389,402,43.28358208955223
6,48,67,0.002,530.6372414778427,-64.62418390147715,528,35.41666666666667
10,51,52,0.005,530.5626041518093,-64.62915972321271,517,37.33075435203095
6,51,57,0.01,530.4300365966598,-64.63799756022269,466,42.06008583690987
8,49,60,0.002,530.4152691845221,-64.63898205436519,531,37.47645951035782
10,53,56,0.007,530.4114731842984,-64.63923512104677,421,44.418052256532064
10,50,52,0.003,530.383985026662,-64.64106766488919,556,35.431654676258994
6,51,66,0.003,530.3114550735628,-64.64590299509581,506,39.920948616600796
8,53,56,0.007,530.2497111447368,-64.65001925701755,487,42.71047227926078
4,54,66,0.01,530.0669780665029,-64.66220146223314,505,45.742574257425744
4,45,70,0.002,529.921502824673,-64.67189981168846,638,36.36363636363637
6,54,60,0.007,529.895031924964,-64.67366453833574,521,43.5700575815739
6,49,60,0.003,529.8528285146585,-64.67647809902277,575,40.869565217391305
8,48,55,0.002,529.6411818869077,-64.69058787420614,572,36.53846153846153
6,51,60,0.005,529.6374224115665,-64.69083850589557,525,42.285714285714285
8,47,54,0.002,529.6356438699678,-64.69095707533548,558,36.91756272401434
6,54,59,0.01,529.5254304886929,-64.69830463408715,496,42.54032258064516
8,59,61,0.01,529.1299998197234,-64.72466667868511,434,44.47004608294931
6,53,63,0.003,529.0427277217145,-64.73048481855237,599,40.40066777963272
4,49,70,0.003,529.0016340895663,-64.73322439402891,605,39.83471074380166
8,53,56,0.01,528.9418031797799,-64.73721312134802,447,42.72930648769575
4,55,66,0.01,528.9030456404652,-64.73979695730232,514,45.13618677042802
6,59,69,0.003,528.7631924319054,-64.74912050453965,546,39.92673992673993
8,51,54,0.007,528.6393917681472,-64.75737388212353,484,41.52892561983471
10,56,58,0.01,528.4305052522817,-64.77129964984789,400,45.5
6,49,56,0.007,528.424095032469,-64.7717269978354,489,42.740286298568506
8,57,67,0.002,528.413730721337,-64.77241795191087,516,31.782945736434108
6,47,61,0.002,528.3734644913778,-64.77510236724147,589,36.84210526315789
8,50,57,0.002,528.351508787227,-64.77656608085154,600,36.833333333333336
8,55,63,0.003,528.3275475159668,-64.77816349893556,509,39.68565815324165
6,60,65,0.01,528.2329273092055,-64.78447151271963,446,49.10313901345291
6,45,51,0.007,528.1775291783464,-64.78816472144358,474,39.87341772151899
8,52,63,0.002,528.142746109453,-64.79048359270313,531,34.463276836158194
10,52,57,0.005,528.0022416600558,-64.79985055599629,429,44.75524475524475
4,52,70,0.005,527.9615924794234,-64.80256050137176,538,44.795539033457246
10,55,62,0.002,527.8968560785379,-64.8068762614308,520,33.46153846153846
8,49,55,0.003,527.7799427963357,-64.81467048024429,541,38.632162661737524
8,58,65,0.003,527.7502979811818,-64.81664680125454,508,38.188976377952756
4,56,69,0.007,527.7353194937693,-64.81764536708205,536,47.38805970149254
10,57,60,0.005,527.7330587227193,-64.81779608515204,443,41.98645598194131
6,49,65,0.005,527.6098011597707,-64.82601325601529,429,43.82284382284382
4,49,70,0.005,527.5816144172858,-64.82789237218095,509,43.811394891944985
8,54,59,0.01,527.5512233085728,-64.82991844609514,398,47.23618090452261
4,47,60,0.01,527.4261890866413,-64.83825406089058,495,39.39393939393939
4,51,68,0.007,527.1664505142732,-64.85556996571512,510,48.03921568627451
8,53,58,0.005,527.1154026674341,-64.8589731555044,499,41.883767535070135
10,51,56,0.005,527.0222739609569,-64.8651817359362,407,44.22604422604422
8,50,51,0.01,526.9631599812315,-64.8691226679179,488,36.0655737704918
4,49,66,0.007,526.7580556974608,-64.88279628683595,508,46.8503937007874
8,52,60,0.003,526.5344864111538,-64.89770090592309,518,39.96138996138996
8,50,56,0.003,526.4005861144816,-64.9066275923679,549,39.526411657559194
8,49,53,0.005,526.2733424636119,-64.91511050242586,505,39.801980198019805
10,59,61,0.005,526.2568432247489,-64.91621045168341,457,41.57549234135667
6,52,60,0.005,526.2109379527976,-64.91927080314683,547,42.413162705667276
4,45,68,0.005,526.1403063828525,-64.9239795744765,505,45.34653465346535
4,47,65,0.007,526.0957990180275,-64.92694673213151,501,44.91017964071856
8,54,61,0.005,526.0929558233014,-64.92713627844657,465,45.16129032258064
4,57,69,0.007,526.0884951074373,-64.92743365950417,537,46.74115456238361
6,48,58,0.003,525.9293147921506,-64.93804568052329,570,40.17543859649123
8,53,64,0.002,525.8769378892233,-64.94153747405178,537,34.63687150837989
10,60,61,0.007,525.8212131200362,-64.94525245866424,435,44.13793103448276
6,59,68,0.005,525.793586213325,-64.947094252445,474,44.936708860759495
4,46,70,0.002,525.6019607154207,-64.95986928563862,647,36.476043276661514
8,48,53,0.003,525.5138208874334,-64.9657452741711,546,37.91208791208791
4,50,68,0.007,525.3631933533832,-64.97578710977446,497,47.68611670020121
6,52,58,0.007,525.293457091136,-64.98043619392426,520,43.07692307692308
8,51,56,0.005,525.1452100254036,-64.99031933163977,486,43.20987654320987
8,52,55,0.007,525.0414483557147,-64.99723677628569,485,41.44329896907217
6,54,63,0.003,524.9611966104821,-65.00258689263451,612,40.032679738562095
6,53,67,0.003,524.9549176816621,-65.0030054878892,524,39.88549618320611
6,53,65,0.007,524.9115353428109,-65.0058976438126,418,47.84688995215311
10,48,55,0.003,524.9048664903801,-65.00634223397466,439,39.40774487471526
4,56,67,0.01,524.8959188216442,-65.00693874522372,509,46.16895874263262
10,58,60,0.007,524.8269799096669,-65.01153467268888,414,44.20289855072464
6,54,67,0.003,524.8074858475555,-65.01283427682962,532,40.037593984962406
8,51,53,0.01,524.741842006313,-65.01721053291246,470,39.787234042553195
8,49,51,0.007,524.5185579901237,-65.03209613399176,500,37.0
6,56,60,0.01,524.4767939948929,-65.03488040034047,506,41.699604743083
4,48,63,0.01,524.2731990277498,-65.04845339815002,473,44.397463002114165
4,45,66,0.003,524.1361207187169,-65.05759195208553,599,41.235392320534224
8,60,63,0.007,524.021143130889,-65.0652571246074,452,47.34513274336283
8,50,54,0.005,523.9743445829765,-65.06837702780157,504,40.27777777777778
10,49,52,0.002,523.9715583524994,-65.06856277650004,588,35.034013605442176
4,51,70,0.005,523.9666881446635,-65.06888745702244,532,44.73684210526316
8,51,62,0.002,523.9583038374947,-65.06944641083369,543,35.543278084714544
8,49,59,0.003,523.7326572252313,-65.08448951831791,485,41.44329896907217
6,57,62,0.007,523.6772611955801,-65.08818258696132,515,44.271844660194176
4,45,58,0.01,523.6575066773042,-65.08949955484638,483,37.47412008281574
6,45,55,0.005,523.5688585772288,-65.09540942818475,474,41.139240506329116
10,55,58,0.007,523.1676991370027,-65.12215339086649,422,45.497630331753555
4,54,69,0.007,523.0712143491925,-65.12858571005383,519,47.20616570327553
6,54,62,0.005,522.8488266464835,-65.1434115569011,535,43.36448598130841
8,51,56,0.003,522.56845853504,-65.16210276433067,573,39.44153577661431
6,55,67,0.003,522.4096271545847,-65.1726915230277,543,39.963167587476974
8,57,64,0.003,522.2720819340981,-65.18186120439347,517,39.071566731141196
4,53,69,0.007,522.1145696585359,-65.19236202276429,509,47.93713163064833
10,49,51,0.003,521.9383954119484,-65.20410697253678,551,35.027223230490016
6,47,53,0.007,521.9150564205394,-65.20566290529737,491,39.71486761710794
8,47,59,0.002,521.7399726708665,-65.21733515527556,500,37.4
6,60,68,0.005,521.6993747323688,-65.22004168450874,487,45.58521560574948
4,48,68,0.003,521.5968179144807,-65.22687880570129,616,40.909090909090914
6,48,54,0.007,521.5412515116617,-65.23058323255589,497,40.44265593561368
6,45,55,0.003,521.4607579894157,-65.2359494673723,552,38.94927536231884
4,53,65,0.01,521.363481967814,-65.24243453547906,509,45.383104125736736
4,59,69,0.01,521.351010178884,-65.2432659880744,504,46.82539682539682
6,54,65,0.007,521.2789808047535,-65.24806794634976,426,47.652582159624416
4,46,59,0.01,521.2654904464874,-65.24896730356751,487,38.398357289527716
8,52,60,0.005,521.258992037435,-65.24940053083768,444,44.36936936936937
4,47,67,0.003,521.169042145807,-65.25539719027952,619,40.54927302100161
6,53,62,0.005,521.1150541878555,-65.2589963874763,521,43.953934740882914
6,58,67,0.007,520.9536535169117,-65.2697564322059,432,49.53703703703704
4,46,68,0.005,520.9272245894368,-65.27151836070422,514,45.13618677042802
6,48,60,0.002,520.7795219168853,-65.28136520554098,624,38.30128205128205
6,49,58,0.005,520.6508572780589,-65.28994284812941,510,42.745098039215684
8,52,57,0.003,520.6213748365712,-65.29190834422857,582,37.45704467353952
10,51,58,0.002,520.5097039873078,-65.29935306751281,522,36.7816091954023
4,46,64,0.007,520.1861743760871,-65.32092170826085,494,45.34412955465587
6,54,70,0.002,520.1201299047705,-65.3253246730153,559,34.16815742397138
10,50,56,0.003,520.1050030456136,-65.32633313029244,454,39.647577092511014
4,45,64,0.007,520.0618537889125,-65.32920974740584,480,46.041666666666664
8,58,68,0.002,520.0414206752489,-65.33057195498341,502,30.0796812749004
10,53,57,0.005,520.0392359447108,-65.33071760368595,455,43.51648351648352
6,46,58,0.002,520.0156253063144,-65.3322916462457,606,36.96369636963696
6,55,69,0.002,519.9544281323242,-65.33637145784506,586,34.641638225255974
4,55,70,0.005,519.9466801629392,-65.3368879891374,563,45.11545293072824
8,57,61,0.007,519.5430302034842,-65.36379798643439,459,45.53376906318083
4,59,70,0.007,519.4971604045007,-65.3668559730333,536,47.201492537313435
6,52,62,0.003,519.4287041646753,-65.37141972235499,600,40.166666666666664
8,53,60,0.003,519.4095895940552,-65.37269402706298,540,40.0
8,56,60,0.007,519.4089028227486,-65.37273981181676,464,44.396551724137936
8,47,52,0.003,519.0057550361162,-65.3996163309256,535,37.19626168224299
8,51,58,0.002,518.8973460473458,-65.40684359684361,603,37.47927031509121
10,52,60,0.002,518.7324395199555,-65.41783736533631,499,34.06813627254509
6,46,65,0.002,518.711891767787,-65.41920721548087,528,35.41666666666667
6,55,63,0.003,518.5978616469881,-65.42680922353412,626,39.456869009584665
6,52,66,0.003,518.5174729597388,-65.43216846935074,522,40.229885057471265
6,57,63,0.005,518.4037646289779,-65.43974902473481,556,42.086330935251794
6,57,64,0.01,518.2638047856315,-65.4490796809579,424,47.40566037735849
8,53,63,0.002,518.2454109872261,-65.45030593418493,552,35.14492753623188
10,49,56,0.002,518.0874600580966,-65.4608359961269,497,36.820925553319924
4,56,66,0.01,518.0693459412008,-65.46204360391994,526,45.247148288973385
10,58,59,0.01,518.0517524830807,-65.46321650112795,398,42.462311557788944
6,53,59,0.007,517.9303187165427,-65.47131208556381,522,43.103448275862064
6,51,65,0.005,517.859655368089,-65.47602297546074,453,43.70860927152318
6,50,58,0.005,517.6514227899356,-65.48990514733762,528,42.42424242424242
10,53,58,0.003,517.5211590180694,-65.49858939879539,508,39.56692913385827
4,48,65,0.007,517.2290810347556,-65.51806126434963,508,45.07874015748031
8,58,60,0.01,517.191027271341,-65.5205981819106,437,42.33409610983982
8,58,64,0.003,517.0874952810138,-65.52750031459908,527,39.08918406072106
6,50,64,0.005,516.9868605416686,-65.53420929722209,451,45.23281596452328
8,60,61,0.01,516.9533991097105,-65.53644005935263,464,43.96551724137931
6,50,62,0.002,516.7893937785653,-65.54737374809565,639,37.715179968701094
6,57,68,0.003,516.6823072798044,-65.55451284801303,542,38.74538745387454
6,56,62,0.005,516.6685198749731,-65.55543200833513,564,42.198581560283685
8,57,66,0.002,516.6359049201338,-65.55760633865775,538,33.27137546468401
4,60,69,0.01,516.589730777135,-65.56068461485766,511,46.1839530332681
4,52,68,0.007,516.4858095469183,-65.56761269687212,517,47.582205029013544
4,45,69,0.002,516.3996196714396,-65.57335868857069,650,37.230769230769226
8,48,59,0.002,516.2870244079534,-65.58086503946978,521,37.23608445297505
6,46,51,0.007,516.2749757901146,-65.58166828065903,500,38.4
8,60,65,0.003,516.2707854993172,-65.58194763337886,551,38.294010889292196
4,57,68,0.01,516.1309726527097,-65.59126848981936,501,46.10778443113773
4,54,70,0.005,516.1149315811456,-65.59233789459029,557,44.703770197486534
4,58,69,0.007,515.9958994371295,-65.60027337085803,549,46.63023679417122
6,50,59,0.003,515.984843954337,-65.6010104030442,608,39.80263157894737
6,52,57,0.01,515.782523772833,-65.61449841514447,491,41.54786150712831
10,55,59,0.005,515.728619019311,-65.61809206537926,442,43.21266968325792
4,51,64,0.01,515.6477207128389,-65.62348528581074,502,45.61752988047809
10,55,57,0.01,515.6247063743813,-65.62501957504125,409,44.49877750611247
8,54,59,0.007,515.4509258479696,-65.6366049434687,440,45.68181818181819
6,50,55,0.01,515.3931971948315,-65.64045352034456,478,40.37656903765691
10,57,61,0.003,515.1976034654166,-65.65349310230556,510,37.84313725490196
8,47,51,0.003,515.0044408908831,-65.66637060727446,549,36.42987249544626
6,56,67,0.003,514.814775958857,-65.6790149360762,560,40.0
8,48,54,0.002,514.8048127813613,-65.67967914790924,585,36.41025641025641
6,45,64,0.002,514.643642765125,-65.69042381565833,525,36.57142857142857
4,56,70,0.005,514.473269355748,-65.70178204295013,571,45.359019264448335
8,59,65,0.003,514.4090284859144,-65.7060647676057,529,37.80718336483932
6,49,61,0.002,514.2941054501385,-65.71372630332411,631,37.400950871632325
8,56,61,0.005,514.2313960063707,-65.71790693290862,501,44.11177644710579
8,51,59,0.005,514.1771526306638,-65.72152315795574,438,44.97716894977169
8,59,68,0.002,514.0748693394116,-65.72834204403922,519,29.865125240847785
8,47,53,0.002,514.0698447288019,-65.72867701807988,578,36.67820069204152
6,48,51,0.01,514.060589712462,-65.7292940191692,501,36.52694610778443
10,60,63,0.003,514.0216891479848,-65.73188739013435,527,36.43263757115749
6,53,58,0.01,513.9609681746504,-65.73593545502331,489,42.535787321063395
6,48,66,0.002,513.8091709140725,-65.74605527239517,535,35.88785046728972
6,46,55,0.005,513.4730852111937,-65.76846098592041,497,40.643863179074444
8,56,59,0.01,513.4309202009389,-65.77127198660408,435,43.67816091954023
4,47,69,0.005,513.3732344972984,-65.77511770018009,510,44.11764705882353
4,49,63,0.01,513.317761085727,-65.7788159276182,486,44.8559670781893
10,53,60,0.002,513.2126390813305,-65.78582406124464,522,34.48275862068966
8,53,60,0.005,513.0868361511883,-65.7942109232541,465,43.87096774193549
6,51,57,0.007,512.9734858889057,-65.80176760740629,511,42.07436399217221
6,59,67,0.007,512.88978581822,-65.80734761211866,443,49.887133182844245
4,53,70,0.005,512.7565357488019,-65.81623095007987,546,45.05494505494506
8,51,59,0.003,512.6738106215305,-65.82174595856462,517,41.19922630560928
10,51,59,0.002,512.5931242763822,-65.82712504824119,501,35.12974051896208
6,56,65,0.007,512.5768330181108,-65.82821113212593,451,47.671840354767184
8,56,63,0.003,512.5714905441843,-65.82856729705439,525,39.42857142857143
6,53,68,0.002,512.5457587605596,-65.83028274929603,579,34.715025906735754
10,50,53,0.002,512.5342451823336,-65.83105032117776,597,35.00837520938023
6,51,68,0.002,512.471172491623,-65.83525516722514,552,34.05797101449276
6,52,65,0.005,512.4235831571252,-65.83842778952499,467,44.53961456102783
4,48,61,0.01,512.3806111964237,-65.84129258690508,495,41.21212121212121
6,50,65,0.003,512.3626723934701,-65.84248850710199,520,39.61538461538461
4,46,65,0.003,512.3572262367277,-65.84285158421815,621,40.09661835748793
6,47,67,0.002,512.2749582547175,-65.84833611635217,515,34.56310679611651
4,55,68,0.007,512.2748695738244,-65.8483420284117,541,46.58040665434381
6,57,66,0.007,512.2149503624128,-65.85233664250582,434,47.465437788018434
4,50,70,0.005,512.0832385359496,-65.8611174309367,524,44.083969465648856
4,47,66,0.003,512.026539722905,-65.86489735180633,630,40.317460317460316
4,58,70,0.005,511.77369835272714,-65.88175344315152,586,44.88054607508533
6,54,67,0.005,511.54506635901186,-65.89699557606588,451,45.23281596452328
6,58,68,0.003,511.54272735676,-65.89715150954933,554,39.16967509025271
10,54,61,0.002,511.4780402371861,-65.90146398418759,529,34.215500945179585
6,49,54,0.01,511.431895085891,-65.90454032760726,478,38.49372384937239
6,48,56,0.005,511.3248134926737,-65.91167910048841,514,42.4124513618677
10,48,55,0.002,511.3078005143533,-65.91281329904312,495,36.36363636363637
6,49,59,0.003,511.2397915733654,-65.91734722844231,591,40.10152284263959
4,46,69,0.002,510.9252768691703,-65.93831487538864,662,37.31117824773414
10,52,57,0.003,510.92480080830063,-65.93834661277995,503,39.761431411530815
6,45,50,0.007,510.90610918641147,-65.9395927209059,489,37.01431492842536
6,56,66,0.005,510.7966489674706,-65.9468900688353,484,44.214876033057855
8,58,62,0.007,510.75580625896123,-65.94961291606924,438,45.89041095890411
6,49,67,0.002,510.72281378953204,-65.9518124140312,549,35.701275045537336
6,45,54,0.005,510.6387586340852,-65.95741609106098,486,40.534979423868315
6,47,60,0.002,510.38590668654103,-65.97427288756393,607,37.56177924217463
8,50,60,0.002,510.3466802512603,-65.97688798324933,552,37.13768115942029
4,47,70,0.002,510.25331606295276,-65.98311226246982,659,36.26707132018209
6,55,60,0.007,510.22952563868284,-65.98469829075448,534,42.50936329588015
6,47,57,0.003,510.1283683897505,-65.99144210734997,560,39.107142857142854
4,58,68,0.01,509.8521219250763,-66.00985853832825,511,45.79256360078278
6,51,59,0.005,509.7185629360418,-66.01876247093055,540,41.66666666666667
10,59,63,0.003,509.6068010174691,-66.02621326550207,505,36.039603960396036
4,50,64,0.01,509.5068473952125,-66.03287684031916,492,45.52845528455284
8,49,55,0.002,509.4741809943134,-66.03505460037911,604,36.423841059602644
6,58,64,0.01,509.47320353383344,-66.03511976441109,437,48.2837528604119
4,60,70,0.007,509.22816369236176,-66.05145575384255,543,46.59300184162063
4,52,64,0.01,509.132251215871,-66.05784991894194,510,45.490196078431374
6,55,70,0.002,509.1067627639724,-66.0595491490685,567,34.39153439153439
4,45,67,0.005,509.0747516274734,-66.0616832248351,512,45.1171875
6,55,65,0.007,509.03299299863426,-66.06446713342437,435,47.81609195402299
10,51,52,0.003,508.916206215371,-66.07225291897527,593,34.73861720067454
8,54,62,0.003,508.8649722903098,-66.07566851397935,520,39.42307692307692
8,50,59,0.003,508.7301244958971,-66.0846583669402,502,41.03585657370518
10,48,51,0.002,508.7285943502753,-66.08476037664832,578,34.42906574394463
6,52,68,0.002,508.56808870858436,-66.09546075276104,569,34.62214411247803
10,58,63,0.002,508.2961844237548,-66.113587705083,549,32.240437158469945
8,55,59,0.007,508.16613229626,-66.122257846916,460,45.21739130434783
8,50,53,0.005,508.0529984876055,-66.1298001008263,527,38.70967741935484
8,46,51,0.002,508.0140823273146,-66.13239451151236,579,36.61485319516407
6,55,59,0.01,508.0023885655175,-66.13317409563217,508,41.53543307086614
6,56,69,0.002,507.94140141315285,-66.13723990578981,598,34.78260869565217
8,60,68,0.002,507.9299487453158,-66.13800341697895,534,30.711610486891384
6,54,59,0.007,507.85833955685797,-66.14277736287613,539,41.929499072356215
4,47,64,0.007,507.78447017383814,-66.14770198841079,506,44.86166007905138
4,56,68,0.007,507.65105129105666,-66.15659658059623,551,46.46098003629764
4,45,63,0.007,507.6202579525737,-66.15864946982842,492,45.9349593495935
10,54,59,0.003,507.6080722471282,-66.15946185019146,507,39.25049309664694
8,55,60,0.005,507.58557530654815,-66.16096164623012,497,44.26559356136821
6,46,55,0.003,507.52418673651374,-66.16505421756575,574,38.32752613240418
4,48,62,0.01,507.1784827520229,-66.18810114986515,489,42.740286298568506
6,60,68,0.003,507.1391327639177,-66.19072448240549,584,39.726027397260275
8,51,55,0.005,507.1287203553879,-66.19141864297414,503,41.5506958250497
10,56,62,0.002,506.9109999864387,-66.20593333423741,541,33.826247689463955
4,57,70,0.005,506.85932081324034,-66.20937861245065,574,44.77351916376306
6,49,64,0.005,506.8322074338928,-66.21118617107382,439,44.19134396355353
8,53,55,0.007,506.721024688492,-66.21859835410054,508,40.15748031496063
8,60,63,0.005,506.68582943931204,-66.22094470404588,502,43.82470119521912
6,49,65,0.003,506.6844306086794,-66.22103795942138,507,39.447731755424066
6,48,59,0.002,506.65062409443885,-66.2232917270374,637,37.990580847723706
10,51,56,0.003,506.6301630279301,-66.22465579813799,481,39.2931392931393
8,49,59,0.002,506.4912719773968,-66.23391520150687,547,37.6599634369287
6,45,56,0.002,506.4136918133671,-66.2390872124422,604,37.41721854304636
6,47,64,0.003,506.2798614240456,-66.24800923839696,483,39.33747412008282
4,57,68,0.007,506.0669008653962,-66.2622066089736,552,45.83333333333333
8,53,57,0.005,505.90872742329947,-66.27275150511338,520,40.38461538461539
6,56,70,0.002,505.54851045214997,-66.29676596985668,574,34.66898954703833
6,56,60,0.007,505.40357612382843,-66.30642825841144,555,42.16216216216216
6,53,66,0.003,505.3137361427884,-66.31241759048076,534,39.8876404494382
4,47,59,0.01,505.23197733859746,-66.31786817742685,504,37.89682539682539
6,54,68,0.002,505.01115810524067,-66.33258945965062,591,34.51776649746193
8,57,62,0.005,504.99860289501214,-66.33342647366585,482,42.738589211618255
4,53,68,0.007,504.962540837812,-66.33583061081254,524,47.51908396946565
6,48,64,0.003,504.85301696312104,-66.3431322024586,498,40.36144578313253
6,54,66,0.003,504.85279954015357,-66.34314669732309,543,40.147329650092075
4,51,67,0.007,504.83997250629614,-66.34400183291359,523,47.22753346080306
6,46,57,0.002,504.8272565832216,-66.34484956111856,615,36.91056910569105
4,48,69,0.005,504.75657364541996,-66.349561756972,515,43.883495145631066
4,54,65,0.01,504.5987788458853,-66.36008141027432,518,44.20849420849421
10,50,56,0.002,504.58794526150234,-66.36080364923318,517,36.36363636363637
8,49,54,0.003,504.57873453761675,-66.36141769749221,563,37.83303730017762
8,60,64,0.003,504.52701099132156,-66.3648659339119,576,38.88888888888889
8,50,55,0.003,504.5208580407913,-66.36527613061392,565,37.876106194690266
10,53,55,0.01,504.4721712139876,-66.36852191906749,405,43.20987654320987
6,57,67,0.005,504.2935246838602,-66.38043168774266,479,45.3027139874739
4,50,67,0.007,504.09647074969774,-66.39356861668682,510,47.05882352941176
4,54,68,0.007,503.980815380418,-66.4012789746388,534,46.81647940074906
6,52,61,0.003,503.9537631309291,-66.40308245793807,616,39.285714285714285
4,45,66,0.005,503.87344758034743,-66.40843682797683,520,45.0
4,59,69,0.007,503.82937828794377,-66.41137478080374,557,46.14003590664273
4,47,68,0.005,503.64350523521165,-66.42376631765255,524,44.847328244274806
6,55,67,0.005,503.60914917590947,-66.42605672160605,459,45.09803921568628
4,46,67,0.005,503.24936963645865,-66.45004202423608,523,44.74187380497132
10,57,62,0.002,503.20665760229343,-66.45288949318045,552,33.8768115942029
8,59,64,0.003,503.1398892163408,-66.4573407189106,549,38.43351548269581
6,54,61,0.005,503.08665437739467,-66.46088970817368,552,41.48550724637681
6,51,60,0.003,503.0832599464503,-66.46111600356998,611,38.95253682487725
8,58,67,0.002,503.0507623329713,-66.46328251113525,530,31.32075471698113
6,52,59,0.005,502.9902843789803,-66.46731437473466,564,41.66666666666667
4,49,65,0.007,502.98917214854987,-66.46738852343002,520,45.19230769230769
8,48,53,0.002,502.932846841486,-66.47114354390094,605,36.19834710743802
4,49,69,0.003,502.7357013338047,-66.48428657774636,621,40.41867954911433
6,53,61,0.005,502.72511369073766,-66.48499242061749,535,42.05607476635514
6,48,57,0.003,502.7059158290925,-66.4862722780605,584,40.06849315068493
8,51,53,0.007,502.65944853641145,-66.48937009757256,514,39.494163424124515
8,54,60,0.005,502.6129682223646,-66.4924687851757,478,44.35146443514644
6,45,54,0.003,502.50860274009676,-66.49942648399355,560,38.035714285714285
4,45,65,0.003,502.319751099977,-66.51201659333486,607,40.362438220757824
4,55,65,0.01,502.26671896726344,-66.5155520688491,528,43.371212121212125
8,50,56,0.002,502.2583093062555,-66.5161127129163,615,36.58536585365854
6,53,67,0.005,501.9929350201794,-66.53380433198804,444,45.04504504504504
6,58,67,0.005,501.8836439423327,-66.54109040384448,490,45.714285714285715
8,48,50,0.005,501.84262499635116,-66.54382500024325,531,36.91148775894539
6,56,59,0.01,501.5637274503547,-66.56241816997635,530,41.132075471698116
6,57,61,0.007,501.5372981122985,-66.56418012584678,537,42.64432029795158
6,56,63,0.003,501.50175332389915,-66.56654977840672,646,38.85448916408669
10,56,60,0.003,501.2458335590119,-66.58361109606588,517,37.9110251450677
4,48,67,0.003,501.2431573581303,-66.58378950945799,626,40.415335463258785
6,48,53,0.007,501.21267838351156,-66.58582144109924,516,39.34108527131783
6,59,64,0.01,501.05676813024496,-66.59621545798366,446,47.53363228699551
10,54,58,0.005,501.0453958004743,-66.59697361330171,451,43.23725055432372
10,52,55,0.007,500.929993450255,-66.60466710331634,416,43.99038461538461
10,60,61,0.005,500.92740142389295,-66.6048399050738,485,40.41237113402062
6,47,56,0.003,500.72550613005143,-66.6182995913299,575,38.78260869565218
6,49,57,0.005,500.56898405648093,-66.6287343962346,523,41.491395793499045
4,46,58,0.01,500.54595743868794,-66.63026950408747,499,36.87374749498998
8,51,55,0.003,500.4946664921626,-66.63368890052249,590,37.79661016949152
4,51,66,0.007,500.4257595596364,-66.63828269602425,537,46.74115456238361
8,48,52,0.003,500.32163923726944,-66.64522405084871,565,36.46017699115045
10,55,57,0.007,500.2654286950656,-66.64897142032895,452,43.36283185840708
8,55,65,0.002,500.1369598021288,-66.65753601319142,541,34.011090573012936
6,58,63,0.01,500.06575961732517,-66.66228269217832,461,45.770065075921906
10,49,50,0.003,499.9033855027461,-66.67310763315027,573,34.3804537521815
6,47,52,0.007,499.8105893935301,-66.67929404043133,505,38.613861386138616
6,58,66,0.007,499.66068202853404,-66.6892878647644,444,47.74774774774775
8,52,54,0.01,499.64128916634263,-66.69058072224384,477,39.41299790356394
6,53,62,0.003,499.62762452795835,-66.6914916981361,617,39.87034035656402
10,58,60,0.005,499.6112575398465,-66.6925828306769,462,40.25974025974026
6,55,62,0.005,499.435556610314,-66.70429622597906,546,42.49084249084249
6,53,64,0.007,499.38435159507577,-66.70770989366162,432,47.91666666666667
6,51,64,0.005,499.36871262923404,-66.70875249138439,464,44.827586206896555
4,50,66,0.007,499.2413027555417,-66.71724648296389,524,46.37404580152672
6,49,55,0.007,499.13668176431025,-66.72422121571265,505,41.18811881188119
10,51,57,0.002,499.1010911307425,-66.72659392461718,540,37.22222222222222
10,59,60,0.007,498.94239613023086,-66.73717359131794,436,42.88990825688073
10,51,54,0.002,498.8096436449775,-66.7460237570015,606,34.32343234323432
8,59,60,0.01,498.79613107660583,-66.74692459489295,459,40.74074074074074
4,49,69,0.005,498.79407782958253,-66.74706147802783,527,43.833017077798864
6,50,56,0.007,498.77947933939635,-66.74803471070692,509,42.04322200392927
4,59,68,0.01,498.5710264673612,-66.76193156884258,521,45.87332053742802
8,54,65,0.002,498.50859294508945,-66.7660938036607,529,33.459357277882795
4,46,66,0.005,498.44085768831957,-66.77060948744537,531,44.8210922787194
4,50,70,0.003,498.40635062304483,-66.77290995846367,624,39.58333333333333
6,47,55,0.005,498.37839291889253,-66.77477380540718,507,40.23668639053255
6,46,54,0.005,498.3178013353796,-66.77881324430803,510,39.80392156862745
6,51,65,0.003,498.3077669931515,-66.77948220045657,530,39.24528301886793
4,59,70,0.005,498.1693692446385,-66.7887087170241,596,44.46308724832215
6,50,61,0.002,498.10723300944363,-66.79285113270376,651,37.48079877112136
8,47,50,0.003,498.0726702264214,-66.79515531823857,564,35.99290780141844
6,46,50,0.007,498.0207587760718,-66.79861608159521,517,35.5899419729207
10,56,57,0.01,497.7856733889257,-66.8142884407383,436,42.201834862385326
6,51,56,0.01,497.7318684918344,-66.8178754338777,484,40.49586776859504
6,55,66,0.003,497.71578634274954,-66.81894757715003,554,39.891696750902526
6,47,66,0.002,497.6772903043458,-66.82151397971028,522,35.05747126436782
10,54,56,0.01,497.6753358038835,-66.8216442797411,410,42.926829268292686
6,57,60,0.01,497.6101181604929,-66.8259921226338,517,40.42553191489361
8,53,57,0.003,497.5876593786978,-66.82748937475348,608,37.006578947368425
6,60,67,0.007,497.51117229416485,-66.83258851372233,459,49.89106753812636
6,55,68,0.002,497.2792148858284,-66.84805234094478,600,34.66666666666667
8,50,52,0.007,497.1331551595992,-66.85778965602672,516,37.2093023255814
6,51,63,0.002,497.10006360702494,-66.85999575953167,641,36.661466458658346
10,49,55,0.003,497.0628921268839,-66.86247385820774,460,39.34782608695652
4,45,62,0.007,497.0503334857262,-66.86331110095158,503,44.333996023856855
6,46,64,0.002,497.0385584721829,-66.86409610185447,539,35.99257884972171
10,50,52,0.002,497.0326651512721,-66.86448898991519,623,33.386837881219904
10,50,51,0.003,496.9637009835469,-66.86908660109687,587,33.73083475298126
6,59,68,0.003,496.9385886883018,-66.8707607541132,566,39.399293286219084
6,47,59,0.002,496.9058097048659,-66.87294601967562,616,37.17532467532468
6,50,67,0.002,496.758321223714,-66.88277858508573,561,35.47237076648842
8,49,50,0.007,496.6340561794382,-66.89106292137079,525,35.42857142857142
8,48,51,0.003,496.4643716967439,-66.90237522021707,579,35.92400690846287
4,58,68,0.007,496.35840379682315,-66.90943974687846,564,45.56737588652482
4,52,69,0.005,496.27332328470453,-66.9151117810197,558,44.44444444444444
4,48,70,0.002,496.11329253324703,-66.92578049778352,669,36.32286995515695
8,52,62,0.002,495.9864418327515,-66.9342372111499,564,34.9290780141844
4,49,62,0.01,495.82022138404545,-66.94531857439698,503,42.94234592445328
6,56,61,0.005,495.7041230412605,-66.95305846391597,584,40.582191780821915
8,51,61,0.002,495.5673332146827,-66.96217778568783,564,36.347517730496456
4,55,69,0.005,495.55574237099864,-66.96295050860009,585,44.44444444444444
10,56,58,0.007,495.5543559287894,-66.9630429380807,445,43.82022471910113
6,52,57,0.007,495.53701616098067,-66.96419892260128,537,41.340782122905026
8,49,52,0.005,495.4041160547356,-66.9730589296843,532,37.96992481203007
4,45,68,0.002,495.3447242565087,-66.97701838289942,663,38.009049773755656
4,45,57,0.01,495.31908825146206,-66.97872744990254,492,36.17886178861789
4,53,64,0.01,495.300055102402,-66.97999632650652,518,45.173745173745175
6,54,64,0.007,495.2098639767696,-66.98600906821535,442,47.511312217194565
4,48,68,0.005,495.19015203476084,-66.98732319768261,529,44.61247637051039
6,45,53,0.003,495.11618177410065,-66.99225454839328,571,37.3029772329247
4,46,63,0.007,495.0940179334277,-66.99373213777149,506,45.25691699604743
10,56,59,0.005,495.05922034664474,-66.99605197689036,464,41.5948275862069
4,51,69,0.005,495.02348177955884,-66.99843454802941,550,44.36363636363637
4,60,68,0.01,494.0177870714805,-67.06548086190129,528,45.07575757575758
6,59,67,0.005,493.986755031516,-67.0675496645656,498,45.58232931726908
4,60,69,0.007,493.8700895305439,-67.0753273646304,564,45.56737588652482
8,46,50,0.002,493.7582750823516,-67.08278166117655,588,36.394557823129254
4,52,67,0.007,493.54130630762927,-67.09724624615805,531,46.70433145009416
4,48,60,0.01,493.39880852898415,-67.10674609806773,506,39.130434782608695
10,52,54,0.01,493.3776805638125,-67.10815462907918,402,42.53731343283582
10,57,59,0.007,493.3199768474363,-67.11200154350425,427,43.32552693208431
8,53,55,0.01,493.2893235934357,-67.11404509377094,468,39.95726495726496
4,49,61,0.01,493.2607298321772,-67.11595134452152,510,41.37254901960784
10,51,55,0.005,493.2507269319098,-67.11661820453935,428,42.523364485981304
10,53,57,0.003,493.080606418894,-67.12795957207373,536,39.17910447761194
8,58,61,0.007,493.0764933517447,-67.12823377655035,469,44.349680170575695
6,49,53,0.01,492.91498754405916,-67.13900083039606,498,37.34939759036144
6,49,66,0.002,492.8703589164675,-67.1419760722355,556,36.15107913669065
8,52,56,0.005,492.8202408593016,-67.14531727604655,516,40.50387596899225
6,54,62,0.003,492.7192155918647,-67.15205229387568,633,39.33649289099526
6,48,50,0.01,492.67955919618396,-67.15469605358774,520,33.46153846153846
4,48,66,0.003,492.4502007355694,-67.16998661762871,637,40.1883830455259
6,52,64,0.005,492.3289377701446,-67.1780708153237,479,45.093945720250524
6,59,66,0.007,492.24214349178095,-67.18385710054794,456,48.026315789473685
10,48,50,0.002,492.17895346251026,-67.18806976916598,599,34.05676126878131
8,52,54,0.007,491.96046306677965,-67.20263579554802,518,38.996138996138995
8,56,65,0.002,491.9473730022393,-67.20350846651738,556,34.352517985611506
4,45,56,0.01,491.94567405103356,-67.2036217299311,503,35.387673956262425
8,55,62,0.003,491.39847813585567,-67.24010145760963,540,39.25925925925926
4,56,65,0.01,491.2309014193987,-67.25127323870676,542,43.35793357933579
6,60,64,0.01,491.1182131036247,-67.25878579309168,466,47.21030042918455
6,54,66,0.005,491.1096406038426,-67.25935729307716,462,44.15584415584416
6,59,63,0.01,491.0628658090801,-67.262475612728,471,45.22292993630573
6,45,53,0.005,491.01587453397394,-67.26560836440174,499,39.67935871743487
8,51,52,0.01,491.0056425216539,-67.26629049855642,499,36.27254509018036
6,54,58,0.01,490.9481333028413,-67.27012444647724,507,41.222879684418146
10,54,56,0.007,490.7339774303252,-67.28440150464499,451,42.12860310421286
4,54,69,0.005,490.66233452783086,-67.28917769814461,577,44.367417677642976
10,57,58,0.01,490.6126672093925,-67.29248885270717,420,42.38095238095238
6,48,56,0.003,490.3960229284448,-67.30693180477034,599,39.73288814691152
4,51,63,0.01,490.27954640478333,-67.31469690634778,517,45.06769825918762
4,48,64,0.007,490.23618636776376,-67.31758757548242,515,44.85436893203884
4,47,65,0.003,490.1709606161402,-67.321935958924,639,39.280125195618155
8,58,66,0.002,490.112565844143,-67.3258289437238,552,32.608695652173914
4,56,69,0.005,490.06336576254864,-67.32910894916341,594,44.612794612794616
10,60,65,0.002,489.9495868755938,-67.33669420829375,531,30.69679849340866
8,52,59,0.005,489.9248547566381,-67.33834301622412,461,43.16702819956616
8,59,67,0.002,489.73638211385486,-67.35090785907633,549,30.965391621129324
6,60,67,0.005,489.73604995229573,-67.35093000318028,512,46.09375
4,57,67,0.01,489.542504673929,-67.36383302173807,515,45.24271844660194
4,46,64,0.003,489.4299972421956,-67.37133351718695,625,40.0
6,56,66,0.003,489.22443530723797,-67.38503764618413,572,39.68531468531469
6,50,57,0.005,489.06766614334776,-67.39548892377681,542,41.14391143911439
6,49,60,0.002,489.0489264331972,-67.39673823778685,651,37.78801843317972
4,49,68,0.005,489.0262561331337,-67.39824959112441,541,44.54713493530499
6,55,59,0.007,488.9316249815037,-67.40455833456642,553,40.86799276672694
4,46,68,0.002,488.8410736772391,-67.41059508818405,675,37.77777777777778
4,46,62,0.007,488.62734446122295,-67.42484370258514,518,43.62934362934363
4,49,68,0.003,488.57190332835705,-67.42853977810952,637,40.816326530612244
4,47,69,0.002,488.4449665097066,-67.43700223268623,675,37.03703703703704
10,52,56,0.005,488.3775528922408,-67.44149647385062,440,42.27272727272727
4,52,66,0.007,488.3201888317685,-67.44532074454877,546,46.15384615384615
4,45,61,0.007,488.19947682871344,-67.45336821141909,510,42.15686274509804
6,50,58,0.003,488.15272716437295,-67.45648485570848,615,38.86178861788618
4,53,69,0.005,487.8142979509094,-67.4790468032727,565,44.7787610619469
10,58,61,0.003,487.62949286288637,-67.49136714247423,531,36.346516007532955
4,60,70,0.005,487.5056497805357,-67.49962334796429,605,44.132231404958674
4,52,68,0.005,487.4635428349278,-67.50243047767148,574,45.1219512195122
6,53,57,0.01,487.2412783438092,-67.51724811041272,505,40.0
4,50,63,0.01,487.2055639129616,-67.51962907246923,505,44.95049504950495
8,59,62,0.007,487.05051718080244,-67.52996552127983,455,44.83516483516484
4,51,68,0.005,486.7734271058751,-67.54843819294166,566,45.22968197879859
8,49,51,0.005,486.72173700028685,-67.55188419998089,548,36.496350364963504
4,51,70,0.003,486.7132487708977,-67.55245008194015,634,39.43217665615142
6,46,54,0.003,486.66191713549546,-67.55587219096697,583,37.22126929674099
8,57,60,0.007,486.60271240499355,-67.55981917300042,477,42.34800838574424
4,47,67,0.005,486.55217958876415,-67.56318802741572,533,44.27767354596623
10,53,55,0.007,486.30466974254716,-67.5796886838302,445,42.02247191011236
8,51,57,0.002,486.30353751763977,-67.57976416549067,629,36.40699523052464
4,58,69,0.005,486.10643300865934,-67.59290446608938,609,43.84236453201971
6,60,66,0.007,486.0715766402824,-67.59522822398118,472,48.09322033898305
10,52,58,0.002,486.02565509789,-67.59828966014067,549,36.42987249544626
8,49,54,0.002,486.0233622787332,-67.59844251475113,625,35.839999999999996
8,52,59,0.003,485.9536009902816,-67.60309326731456,540,39.44444444444444
6,56,65,0.005,485.7700531664877,-67.61532978890081,509,43.811394891944985
10,57,60,0.003,485.6939616587839,-67.62040255608107,533,37.148217636022515
6,50,64,0.003,485.3183137381197,-67.64544575079202,532,40.225563909774436
4,55,67,0.007,485.28540204065774,-67.64763986395614,555,45.765765765765764
6,47,54,0.005,485.19245345753706,-67.6538364361642,524,39.50381679389313
6,56,68,0.002,484.5643470614933,-67.69571019590043,614,34.69055374592834
6,56,59,0.007,484.5341428284842,-67.69772381143439,578,40.830449826989614
10,49,55,0.002,484.5116397223352,-67.69922401851099,519,36.22350674373796
8,51,54,0.005,484.4320449491692,-67.70453033672206,532,39.473684210526315
6,49,58,0.003,484.3993357762772,-67.70671094824819,598,39.297658862876254
10,55,58,0.005,484.3990583436246,-67.70672944375836,471,41.825902335456476
8,57,61,0.005,484.1364147333944,-67.72423901777371,515,41.94174757281554
4,47,58,0.01,484.04689337413697,-67.73020710839086,517,35.97678916827853
6,53,58,0.007,483.9573306289648,-67.736177958069,532,41.72932330827068
4,59,68,0.007,483.8972819691568,-67.74018120205622,573,45.20069808027923
4,50,69,0.005,483.841998654357,-67.7438667563762,542,44.095940959409596
6,55,64,0.007,483.794594451743,-67.74702703655046,452,47.123893805309734
6,47,51,0.007,483.7434154474486,-67.7504389701701,521,37.61996161228407
8,50,59,0.002,483.67706734998944,-67.75486217666737,570,37.19298245614035
10,55,61,0.002,483.6109871236543,-67.75926752508971,546,33.6996336996337
6,52,56,0.01,483.5961455056977,-67.76025696628682,510,39.80392156862745
10,52,59,0.002,483.5712766745205,-67.7619148883653,527,34.9146110056926
6,57,65,0.007,483.27169013163694,-67.78188732455754,459,46.62309368191721
6,45,55,0.002,483.26472247032814,-67.78235183531145,617,37.11507293354943
4,45,65,0.005,483.13850864288196,-67.79076609047453,528,43.371212121212125
10,49,51,0.002,483.0232264062917,-67.79845157291389,615,33.82113821138211
8,54,58,0.01,482.9148661918089,-67.80567558721273,420,45.476190476190474
8,53,62,0.002,482.85358899741624,-67.80976073350558,586,35.32423208191126
4,45,67,0.002,482.7794998705973,-67.81470000862684,670,38.2089552238806
4,57,69,0.005,482.7203280454707,-67.81864479696861,597,44.0536013400335
6,50,54,0.01,482.6654051560784,-67.8223063229281,498,37.95180722891566
4,53,67,0.007,482.529950358441,-67.8313366427706,538,46.6542750929368
10,59,65,0.002,482.4956631458432,-67.83362245694379,509,29.469548133595286
6,53,66,0.005,482.2436435416343,-67.85042376389106,454,43.83259911894273
6,53,61,0.003,482.22645512535627,-67.85156965830959,634,38.48580441640379
6,55,66,0.005,482.04452788498696,-67.86369814100087,470,44.04255319148936
4,52,70,0.003,482.03832616739527,-67.86411158884032,641,39.31357254290172
6,48,58,0.002,481.9462198132242,-67.87025201245172,642,37.07165109034268
6,48,52,0.007,481.91648433005315,-67.87223437799645,532,38.15789473684211
6,56,64,0.007,481.8380752729394,-67.8774616484707,468,46.794871794871796
8,60,67,0.002,481.7819796256945,-67.88120135828703,568,32.21830985915493
6,57,66,0.005,481.7776718080579,-67.88148854612948,492,43.90243902439025
4,57,66,0.01,481.7756186295186,-67.88162542469875,533,44.27767354596623
4,47,66,0.005,481.6559243944279,-67.88960504037146,544,44.11764705882353
10,50,55,0.003,481.6490527039422,-67.89006315307053,479,38.413361169102295
4,47,63,0.007,481.4348699954186,-67.90434200030543,518,44.78764478764479
8,55,64,0.002,481.36681075889544,-67.9088792827403,561,34.93761140819964
6,51,58,0.005,481.3534022095297,-67.90977318603136,550,40.909090909090914
10,53,56,0.005,481.34614343201594,-67.91025710453226,470,40.85106382978723
8,49,53,0.003,481.30170801879916,-67.91321946541339,590,37.28813559322034
4,54,67,0.007,481.2890870171846,-67.91406086552104,548,46.167883211678834
6,48,65,0.002,481.17750638765193,-67.92149957415654,556,35.79136690647482
8,52,56,0.003,481.098247085897,-67.92678352760686,603,36.981757877280266
6,60,63,0.01,481.06235578433734,-67.92917628104418,492,45.32520325203252
8,56,60,0.005,480.99096408757913,-67.93393572749473,518,41.891891891891895
6,50,66,0.002,480.49916539348726,-67.96672230710085,568,36.09154929577465
4,45,64,0.003,480.37732277990773,-67.97484514800615,611,40.42553191489361
10,54,57,0.005,480.35950042291006,-67.97603330513932,480,42.083333333333336
4,52,63,0.01,480.24061203998133,-67.98395919733457,526,44.866920152091254
6,45,52,0.003,480.15567186509395,-67.9896218756604,580,37.24137931034483
8,54,61,0.003,480.0019070695229,-67.99987286203181,546,40.10989010989011
10,55,59,0.003,479.8143532374528,-68.01237645083648,527,38.51992409867172
6,58,66,0.005,479.4753881653814,-68.0349741223079,503,44.333996023856855
4,54,64,0.01,479.3852047818917,-68.04098634787388,529,43.667296786389414
8,58,62,0.005,479.2524360248288,-68.04983759834475,491,41.75152749490835
4,55,68,0.005,479.18426775336206,-68.05438214977586,601,44.592346089850246
8,54,64,0.002,479.1761073881404,-68.05492617412398,548,34.306569343065696
6,52,60,0.003,479.0628854477381,-68.06247430348414,639,38.810641627543035
6,57,62,0.005,479.0396175330843,-68.06402549779438,576,41.31944444444444
6,46,53,0.003,478.99636330630597,-68.06690911291294,595,36.30252100840336
8,50,54,0.003,478.8402837321523,-68.07731441785651,590,36.94915254237288
6,48,55,0.005,478.6020349499196,-68.09319767000537,529,40.26465028355388
4,48,67,0.005,478.38569400569037,-68.10762039962064,538,44.05204460966542
8,57,59,0.01,478.2929204867918,-68.11380530088054,455,40.21978021978022
8,52,53,0.01,478.2729235588124,-68.1151384294125,507,37.08086785009862
6,49,64,0.003,478.1111334745225,-68.12592443503182,518,39.768339768339764
6,49,56,0.005,477.90480274165884,-68.13967981722274,538,41.07806691449814
4,51,65,0.007,477.88240491643745,-68.14117300557083,550,45.09090909090909
6,55,61,0.005,477.8796340696892,-68.1413577286874,563,40.67495559502664
10,57,59,0.005,477.81843728134,-68.14543751457734,476,40.12605042016807
6,45,52,0.005,477.74531736533885,-68.15031217564407,511,39.33463796477495
4,46,61,0.007,477.6434082610281,-68.15710611593147,525,41.714285714285715
8,50,55,0.002,477.6384681073661,-68.15743545950892,632,35.75949367088608
10,59,60,0.005,477.629086922205,-68.158060871853,484,39.25619834710744
4,58,67,0.01,477.48506411150066,-68.16766239256663,527,44.78178368121442
6,51,59,0.003,477.4810297706908,-68.16793134862061,630,38.25396825396825
4,50,65,0.007,477.4727715902062,-68.16848189398625,537,44.878957169459966
4,46,65,0.005,477.4003768526608,-68.17330820982261,540,42.96296296296296
4,56,67,0.007,477.27773064533443,-68.18148462364437,566,45.75971731448763
6,49,52,0.01,477.147565216571,-68.19016231889526,514,35.60311284046693
4,53,66,0.007,477.1077071803589,-68.1928195213094,555,46.126126126126124
6,46,56,0.002,476.9643352952316,-68.20237764698456,627,36.84210526315789
6,47,55,0.003,476.7747656928585,-68.2150156204761,587,37.64906303236798
4,46,67,0.002,476.6679735253516,-68.2221350983099,684,37.86549707602339
8,55,58,0.01,476.63375030554994,-68.22441664629667,441,44.89795918367347
6,47,58,0.002,476.618400374894,-68.22543997500708,621,36.231884057971016
8,56,59,0.007,476.5533252095468,-68.22977831936355,482,42.531120331950206
6,52,65,0.003,476.3439268496533,-68.24373821002312,550,39.63636363636363
8,57,63,0.003,475.98435442243897,-68.26770970517073,542,38.56088560885609
4,53,68,0.005,475.9564570395834,-68.26956953069444,581,45.26678141135972
4,57,67,0.007,475.90636231295184,-68.27290917913655,569,45.16695957820738
8,52,58,0.002,475.7133136081859,-68.2857790927876,636,35.84905660377358
8,59,66,0.002,475.3759936373163,-68.30826709084559,576,32.63888888888889
10,54,60,0.002,475.36809991808775,-68.30879333879415,551,34.66424682395644
8,47,52,0.002,475.24279122935627,-68.31714725137626,594,35.69023569023569
4,51,62,0.01,475.2197233728097,-68.31868510847936,536,43.47014925373134
8,56,62,0.003,475.11419203704645,-68.32572053086356,556,38.84892086330935
4,48,59,0.01,475.02789180322736,-68.33147387978484,516,37.7906976744186
6,46,53,0.005,475.01269012007776,-68.33248732532815,524,38.54961832061068
4,49,60,0.01,474.98724790746115,-68.33418347283593,521,39.34740882917466
6,52,63,0.002,474.74991747889686,-68.35000550140687,668,36.67664670658682
4,53,70,0.003,474.66583439075043,-68.35561104061664,652,39.7239263803681
4,50,68,0.005,474.6566304391422,-68.35622463739053,557,44.88330341113106
6,57,59,0.01,474.6277432626465,-68.3581504491569,541,39.55637707948244
8,50,52,0.005,474.55583373490913,-68.36294441767272,559,36.67262969588551
6,54,58,0.007,474.5460102792499,-68.36359931471667,549,40.43715846994536
6,50,60,0.002,474.5391870173756,-68.36405419884163,671,37.5558867362146
10,60,64,0.002,474.4049963359408,-68.37300024427063,552,31.34057971014493
4,60,68,0.007,474.33199465616093,-68.37786702292262,580,44.48275862068966
4,54,68,0.005,474.1450513270444,-68.39032991153037,593,44.68802698145025
6,57,70,0.002,474.1088603539086,-68.39274264307275,581,34.07917383820998
6,51,56,0.007,474.08018083397974,-68.39465461106802,530,40.75471698113208
4,49,64,0.007,473.7432656903351,-68.41711562064432,529,45.17958412098299
4,46,57,0.01,473.73146517324926,-68.41790232178337,509,35.75638506876228
4,55,64,0.01,473.6760981730874,-68.4215934551275,541,42.69870609981516
6,55,62,0.003,473.6157758985238,-68.42561494009841,648,38.58024691358025
4,48,66,0.005,473.5716195087841,-68.4285586994144,549,43.89799635701275
8,50,51,0.007,473.56147592108124,-68.42923493859459,534,35.95505617977528
8,51,60,0.002,473.5185055211147,-68.4320996319257,577,37.088388214904676
8,52,55,0.005,473.5098270989195,-68.43267819340537,536,38.80597014925373
4,50,69,0.003,473.36663964987457,-68.44222402334171,640,40.15625
4,56,68,0.005,473.23247296782466,-68.4511684688117,610,44.59016393442623
6,58,65,0.007,473.1607134925956,-68.45595243382697,471,47.346072186836516
6,50,55,0.007,473.097446410442,-68.46017023930386,525,40.57142857142857
10,52,56,0.003,472.89554058644734,-68.47363062757017,515,37.66990291262136
8,55,63,0.002,472.75855232853263,-68.48276317809783,581,35.45611015490533
8,54,63,0.002,472.748083517608,-68.48346109882613,567,34.74426807760141
8,48,50,0.003,472.6695331772196,-68.48869778818536,598,34.94983277591973
4,59,69,0.005,472.56410814834356,-68.49572612344377,619,43.45718901453958
8,53,54,0.007,472.53241958317784,-68.4978386944548,543,37.38489871086556
10,54,58,0.003,472.43301322336526,-68.50446578510898,536,38.80597014925373
4,47,68,0.002,472.376204685561,-68.5082530209626,690,37.53623188405797
6,51,55,0.01,472.2428781943844,-68.51714145370771,500,38.6
4,50,62,0.01,472.2401638131077,-68.51732241245949,524,43.320610687022906
6,59,66,0.005,472.23398253255436,-68.51773449782971,512,44.140625
10,51,55,0.003,472.09610529210863,-68.52692631385942,508,37.99212598425197
6,51,64,0.003,472.0052771799175,-68.53298152133883,542,39.85239852398524
8,56,64,0.002,471.9516856564885,-68.53655428956743,578,34.94809688581315
6,58,70,0.002,471.8623684560511,-68.5425087695966,591,34.51776649746193
4,45,66,0.002,471.56650280267337,-68.56223314648844,680,38.23529411764706
10,60,62,0.003,471.4481053652295,-68.5701263089847,550,36.54545454545455
4,48,65,0.003,471.2415611754004,-68.58389592163996,648,39.351851851851855
4,47,62,0.007,471.2372975496477,-68.58418016335682,533,43.33958724202627
10,59,62,0.003,471.01856760151776,-68.59876215989883,527,36.62239089184061
6,53,60,0.005,470.89870126375166,-68.60675324908323,562,41.10320284697509
8,59,62,0.005,470.8427882640066,-68.61048078239956,506,41.30434782608695
10,55,56,0.01,470.68535147979543,-68.62097656801363,437,40.503432494279174
6,54,61,0.003,470.6420871588482,-68.62386085607679,654,37.920489296636084
10,52,53,0.01,470.6357971636456,-68.6242801890903,433,40.877598152424945
4,45,60,0.007,470.634146383192,-68.62439024112054,519,40.26974951830443
6,53,63,0.002,470.507274249806,-68.63284838334627,681,36.71071953010279
4,48,69,0.002,470.34138958571475,-68.64390736095235,686,37.02623906705539
6,49,59,0.002,470.30078015652515,-68.64661465623165,666,37.23723723723724
4,55,66,0.007,470.1753032265927,-68.65497978489383,573,44.67713787085515
6,55,58,0.01,470.10586708539995,-68.65960886097334,521,40.30710172744721
6,47,65,0.002,469.93592523167564,-68.67093831788829,542,34.87084870848708
4,58,66,0.01,469.9094766079541,-68.67270155946973,545,43.853211009174316
8,58,63,0.003,469.88447102690003,-68.67436859820666,552,38.405797101449274
6,49,54,0.007,469.84119794019165,-68.6772534706539,523,39.0057361376673
10,59,64,0.002,469.437406430337,-68.7041729046442,528,30.303030303030305
4,58,68,0.005,469.41143837655954,-68.70590410822936,625,43.68
8,53,59,0.005,469.2530191698688,-68.71646538867542,484,41.942148760330575
8,53,59,0.003,469.1209693510558,-68.72526870992961,564,39.00709219858156
8,55,61,0.003,468.9791183068196,-68.73472544621202,570,40.0
6,51,62,0.002,468.9735243902932,-68.73509837398045,661,36.61119515885023
10,51,53,0.002,468.8111257721563,-68.74592494852291,635,34.330708661417326
6,54,60,0.005,468.80945163532687,-68.74603655764487,579,40.58721934369603
8,49,53,0.002,468.7441297541198,-68.75039134972535,647,35.394126738794434
10,58,62,0.002,468.7072671550671,-68.75284885632887,571,32.9246935201401
6,57,60,0.007,468.5934337843165,-68.76043774771223,568,40.845070422535215
8,51,53,0.005,468.5400613815113,-68.76399590789924,559,37.924865831842574
6,45,51,0.003,468.5261068643734,-68.76492620904177,590,36.610169491525426
6,54,65,0.005,468.46581900578275,-68.7689453996145,485,43.71134020618557
4,45,64,0.005,468.46305338366244,-68.76912977442251,534,43.445692883895134
6,57,67,0.003,468.31832237258953,-68.77877850849403,573,39.26701570680628
6,59,65,0.007,468.30788820748796,-68.7794741195008,483,47.4120082815735
8,60,62,0.007,468.2523940842663,-68.78317372771559,486,44.23868312757202
4,47,64,0.003,468.2365342334743,-68.78423105110171,643,39.19129082426128
4,46,56,0.01,468.2288095562302,-68.78474602958465,519,34.8747591522158
10,56,57,0.007,468.0024313665169,-68.79983790889888,481,41.37214137214137
10,52,54,0.007,467.9991939904568,-68.80005373396955,447,42.281879194630875
6,47,50,0.007,467.32133926113806,-68.84524404925747,540,35.0
10,50,55,0.002,467.31169960319835,-68.84588669312011,541,35.304990757855826
4,53,63,0.01,467.1933491499861,-68.85377672333426,534,44.569288389513105
4,54,66,0.007,467.1318406006928,-68.85787729328715,565,45.13274336283185
8,57,65,0.002,467.01251597211814,-68.86583226852545,567,33.86243386243386
4,51,61,0.01,466.69927126947226,-68.88671524870185,545,41.65137614678899
4,51,67,0.005,466.67949377183055,-68.88803374854463,578,44.463667820069205
6,52,58,0.005,466.6196100056376,-68.89202599962417,574,40.243902439024396
4,45,63,0.003,466.6087078653325,-68.89275280897783,625,40.160000000000004
8,51,54,0.003,466.44398128119275,-68.90373458125381,618,36.407766990291265
4,52,67,0.005,466.32976658491975,-68.91134889433867,587,44.29301533219762
6,50,56,0.005,466.2986147882017,-68.91342568078656,559,40.608228980322004
10,53,59,0.002,466.26499124860675,-68.91566725009288,555,35.13513513513514
6,48,51,0.007,466.2392373737494,-68.91738417508337,549,37.15846994535519
4,49,67,0.005,466.2076517528511,-68.91948988314326,551,43.920145190562614
4,57,68,0.005,466.1416268839904,-68.9238915410673,613,44.04567699836868
4,46,66,0.002,465.9084432477312,-68.93943711681791,694,38.04034582132565
4,58,67,0.007,465.77823274302665,-68.94811781713155,582,44.84536082474227
6,60,66,0.005,465.708952151135,-68.95273652325767,528,44.50757575757576
8,52,53,0.007,465.5456794588815,-68.9636213694079,550,36.90909090909091
4,52,65,0.007,465.4910927045401,-68.96726048636398,559,44.72271914132379
4,52,62,0.01,465.4891530343512,-68.96738979770993,545,43.30275229357798
8,58,60,0.007,465.2377573681035,-68.98414950879311,489,41.308793456032724
6,46,52,0.003,464.8454310352757,-69.01030459764829,606,36.13861386138614
6,57,69,0.002,464.8233654819652,-69.01177563453565,609,34.31855500821018
10,51,56,0.002,464.7926984416323,-69.01382010389119,549,35.88342440801457
8,59,61,0.007,464.75649006073434,-69.01623399595105,487,42.71047227926078
10,53,54,0.01,464.67935002632066,-69.02137666491195,435,40.45977011494253
4,45,55,0.01,464.45586407131094,-69.03627572857927,515,34.75728155339806
6,46,52,0.005,464.34981604444397,-69.04334559703706,537,38.17504655493482
8,53,56,0.005,464.3493779768191,-69.04337480154538,542,39.29889298892989
4,59,67,0.01,464.12429804845397,-69.05838013010307,539,44.15584415584416
4,50,61,0.01,464.08139356277724,-69.06124042914819,532,41.54135338345865
4,48,63,0.007,463.74594178911383,-69.08360388072575,528,44.696969696969695
4,49,67,0.003,463.6270931381583,-69.09152712412279,648,40.27777777777778
4,46,63,0.003,463.55989269716645,-69.09600715352224,639,39.749608763693274
8,51,56,0.002,463.53450226000746,-69.09769984933284,648,36.11111111111111
6,48,57,0.002,463.4918095197294,-69.10054603201804,656,37.19512195121951
10,58,59,0.007,463.380370333494,-69.1079753111004,446,40.80717488789238
6,51,67,0.002,463.3772975261181,-69.10818016492546,576,34.54861111111111
8,54,58,0.007,463.1531906272177,-69.12312062485215,463,44.49244060475162
6,58,67,0.003,463.15297817983173,-69.12313478801121,585,39.65811965811966
4,51,69,0.003,463.13510716411383,-69.12432618905908,650,40.0
6,48,55,0.003,462.9254552251529,-69.1383029849898,612,38.0718954248366
8,60,66,0.002,462.85435304459065,-69.14304313036061,597,33.33333333333333
6,48,54,0.005,462.7244009180055,-69.1517066054663,549,38.97996357012751
6,58,62,0.01,462.66226943860437,-69.15584870409303,485,43.50515463917526
6,50,53,0.01,462.5133014507961,-69.16577990328025,519,36.80154142581888
6,56,60,0.005,462.5028561442192,-69.16647625705205,615,39.83739837398374
4,56,64,0.01,462.49061540450793,-69.16729230636614,556,42.62589928057554
4,60,69,0.005,462.4484900690153,-69.17010066206565,628,43.152866242038215
4,56,66,0.007,462.4169628549218,-69.17220247633855,584,44.69178082191781
4,46,64,0.005,462.3830690508232,-69.17446206327845,546,42.857142857142854
10,52,57,0.002,462.26895105959704,-69.1820699293602,572,36.36363636363637
6,53,65,0.003,462.1022177541691,-69.1931854830554,563,39.07637655417407
10,49,50,0.002,461.9046383469812,-69.20635744353459,638,33.22884012539185
8,53,54,0.01,461.87808587829477,-69.20812760811368,504,37.698412698412696
4,49,66,0.005,461.6163971410867,-69.22557352392755,564,43.794326241134755
8,47,51,0.002,461.3982826362174,-69.24011449091884,609,35.139573070607554
4,47,65,0.005,461.3239791088729,-69.24506805940848,553,42.31464737793852
4,51,66,0.005,461.27891747843864,-69.24807216810409,592,43.91891891891892
8,52,61,0.002,461.1541904997018,-69.25638730001988,589,35.483870967741936
8,51,52,0.007,461.03750341911075,-69.26416643872595,548,36.67883211678832
6,47,53,0.005,461.03517062155606,-69.26432195856293,540,38.148148148148145
6,52,59,0.003,461.0180167309682,-69.26546555126878,657,38.20395738203957
6,54,65,0.003,460.785366700913,-69.28097555327246,572,39.33566433566433
4,47,61,0.007,460.64427513674156,-69.29038165755057,540,41.48148148148148
4,47,67,0.002,460.61311201875515,-69.29245919874965,699,37.48211731044349
8,49,52,0.003,460.5615989301336,-69.29589340465776,612,35.62091503267974
6,47,57,0.002,460.50258744119856,-69.2998275039201,631,36.29160063391442
8,50,51,0.005,460.4669465728164,-69.30220356181223,578,35.6401384083045
10,56,61,0.002,460.4603846931032,-69.30264102045979,572,33.39160839160839
10,55,60,0.002,460.44301660001486,-69.30379889333234,567,34.21516754850088
6,53,67,0.002,460.42570504286664,-69.30495299714222,605,35.37190082644628
4,50,68,0.003,460.3111641578605,-69.31258905614264,657,40.63926940639269
8,58,59,0.01,460.30643055008835,-69.31290462999411,466,39.05579399141631
6,53,65,0.005,460.19999951443117,-69.32000003237125,477,43.39622641509434
4,52,66,0.005,460.0799176218293,-69.32800549187806,602,43.68770764119601
6,54,63,0.002,459.8800408907434,-69.34133060728378,699,36.33762517882689
4,57,66,0.007,459.75219257402597,-69.34985382839827,588,44.047619047619044
6,56,58,0.01,459.7404946395997,-69.35063369069336,545,39.26605504587156
6,58,69,0.002,459.5727208045605,-69.3618186130293,621,34.62157809983897
6,49,57,0.003,459.54565456856653,-69.36362302876223,613,38.825448613376835
6,54,57,0.01,459.432871211388,-69.37114191924081,528,38.63636363636363
6,60,65,0.007,459.3297858571447,-69.37801427619034,502,47.211155378486055
8,52,55,0.003,459.2726195548197,-69.38182536301201,622,35.36977491961415
10,53,56,0.003,459.2355445957991,-69.38429702694673,550,36.90909090909091
6,52,67,0.002,458.9548859355275,-69.40300760429817,594,35.18518518518518
8,48,52,0.002,458.93311581439485,-69.40445894570702,627,35.08771929824561
6,55,65,0.005,458.9107307496675,-69.40595128335549,494,43.7246963562753
6,45,51,0.005,458.77735112158035,-69.4148432585613,524,38.54961832061068
6,49,65,0.002,458.6310406798623,-69.42459728800918,579,35.57858376511226
6,56,64,0.005,458.55649735307145,-69.42956684312858,526,43.536121673003805
4,60,67,0.01,458.4897890563999,-69.43401406290668,547,43.144424131627055
4,49,70,0.002,458.37218140602056,-69.44185457293196,689,36.42960812772134
4,52,69,0.003,458.26553517191354,-69.44896432187242,658,39.96960486322189
8,55,59,0.005,458.25358579858784,-69.4497609467608,517,41.97292069632495
4,46,60,0.007,458.24562457555885,-69.45029169496276,534,39.8876404494382
8,58,61,0.005,458.07691056900893,-69.4615392953994,524,41.030534351145036
8,56,63,0.002,458.0258033609488,-69.46494644260342,601,35.27454242928453
8,53,61,0.002,457.8276632356639,-69.47815578428906,611,36.00654664484452
8,59,63,0.003,457.80353376768267,-69.47976441548782,574,38.153310104529616
8,49,50,0.005,457.66442869609085,-69.48903808692728,572,35.13986013986014
6,52,56,0.007,457.59561193606567,-69.49362587092895,557,39.85637342908438
6,56,62,0.003,457.5707158258465,-69.49528561161024,668,38.17365269461078
10,58,60,0.003,457.5698780915554,-69.49534146056297,556,35.79136690647482
10,55,57,0.005,457.32086036311273,-69.51194264245915,502,40.23904382470119
10,56,58,0.005,457.27301692422196,-69.51513220505188,498,40.36144578313253
8,56,58,0.01,457.23905349264885,-69.51739643382341,464,41.810344827586206
4,52,61,0.01,457.14316519339883,-69.52378898710674,554,41.51624548736462
6,48,64,0.002,457.1237230066764,-69.52508513288824,568,36.267605633802816
6,57,65,0.005,457.00530601393285,-69.53297959907114,519,43.35260115606936
6,60,67,0.003,456.9702022011604,-69.53531985325597,616,39.935064935064936
4,47,57,0.01,456.96076525567605,-69.53594898295493,527,34.53510436432637
8,55,58,0.007,456.9218897706467,-69.53854068195689,484,43.80165289256198
4,49,59,0.01,456.8600879295055,-69.54266080469964,531,38.22975517890772
8,53,56,0.003,456.8302621130913,-69.54464919246057,630,36.666666666666664
4,59,66,0.01,456.76068712812156,-69.54928752479191,557,43.08797127468581
6,57,61,0.005,456.6527075862211,-69.5564861609186,599,39.73288814691152
6,53,60,0.003,456.6153993289761,-69.55897337806827,659,37.93626707132019
10,55,56,0.007,456.40682293885453,-69.57287847074302,480,39.791666666666664
4,57,65,0.01,456.2097044117004,-69.58601970588664,550,42.36363636363637
6,53,56,0.01,456.204193942099,-69.58638707052674,525,38.285714285714285
6,45,54,0.002,456.1528756259772,-69.58980829160153,623,36.75762439807384
8,60,63,0.003,456.13762571064416,-69.59082495262372,605,38.34710743801653
6,47,54,0.003,456.0857465528523,-69.59428356314318,600,36.5
6,55,58,0.007,456.0001579725609,-69.59998946849595,565,39.469026548672566
4,50,67,0.005,455.9523418799949,-69.60317720800033,569,44.288224956063274
6,53,57,0.007,455.93395239888355,-69.60440317340777,550,39.63636363636363
6,49,51,0.01,455.90538035671,-69.60630797621934,535,34.57943925233645
10,53,58,0.002,455.88674397806454,-69.60755040146236,582,35.9106529209622
8,54,59,0.005,455.83759472052674,-69.61082701863155,498,41.967871485943775
10,57,58,0.007,455.66313443259577,-69.62245770449363,466,41.201716738197426
4,59,68,0.005,455.6208596118147,-69.62527602587902,636,43.39622641509434
4,49,66,0.003,455.59297055445234,-69.62713529636984,661,40.09077155824508
6,58,65,0.005,455.48896405901866,-69.63406906273208,531,43.87947269303202
4,48,58,0.01,455.39859824358996,-69.64009345042734,530,36.0377358490566
6,51,57,0.005,455.3296891683037,-69.64468738877976,565,39.64601769911504
4,53,67,0.005,455.32156563965674,-69.64522895735622,594,44.44444444444444
4,45,61,0.003,455.16497787565464,-69.65566814162302,644,38.04347826086957
8,50,53,0.003,455.1055764283206,-69.65962823811196,616,35.87662337662338
6,50,57,0.003,455.087634434399,-69.66082437104006,631,38.193343898573694
6,52,55,0.01,455.00970713077896,-69.66601952461473,531,38.22975517890772
4,48,68,0.002,454.7632351764159,-69.68245098823894,701,37.51783166904422
10,54,55,0.01,454.7408020998485,-69.68394652667676,437,39.359267734553775
4,53,65,0.007,454.6525406561467,-69.68983062292355,568,44.71830985915493
8,54,60,0.003,454.54171975112905,-69.69721868325807,561,39.39393939393939
10,59,61,0.003,454.36797637080497,-69.70880157527967,558,35.842293906810035
6,59,62,0.01,454.2600736527883,-69.71599508981411,497,43.05835010060362
6,55,65,0.003,454.2460378450823,-69.71693081032785,584,39.21232876712329
6,50,59,0.002,454.1565375250961,-69.72289749832692,686,37.02623906705539
4,46,62,0.003,454.1296573138942,-69.72468951240704,648,38.88888888888889
8,49,51,0.003,453.7096242673103,-69.75269171551265,627,34.76874003189793
6,51,61,0.002,453.63173590854177,-69.75788427276387,674,36.20178041543027
6,46,55,0.002,453.5932146705692,-69.76045235529539,640,36.40625
10,50,51,0.002,453.43948088310725,-69.77070127445953,653,32.159264931087286
4,48,65,0.005,453.39941094794005,-69.77337260347066,560,42.32142857142857
4,55,67,0.005,453.3756942408842,-69.77495371727439,615,43.73983739837398
6,57,63,0.003,452.7669906093526,-69.8155339593765,663,37.55656108597285
6,54,67,0.002,452.6961003781071,-69.82025997479286,618,35.275080906148865
6,57,64,0.007,452.4696649954968,-69.83535566696688,476,45.588235294117645
8,50,54,0.002,452.3449589356032,-69.84366940429312,656,35.0609756097561
4,54,67,0.005,452.23559077720523,-69.85096061485298,607,43.986820428336074
8,54,57,0.01,452.1878750883441,-69.85414166077706,443,43.566591422121896
4,45,62,0.003,451.7976292764695,-69.88015804823537,635,39.21259842519685
8,57,60,0.005,451.6682782071729,-69.88878145285514,534,39.70037453183521
4,47,56,0.01,451.6529106871168,-69.88980595419221,537,33.70577281191806
10,52,55,0.005,451.638423905099,-69.89077173966007,464,40.94827586206897
6,49,53,0.007,451.6143212378994,-69.89237858414003,544,38.23529411764706
4,53,62,0.01,451.4605439249584,-69.90263040500278,554,43.14079422382672
4,51,68,0.003,451.4260706157394,-69.90492862561737,668,40.5688622754491
4,54,63,0.01,451.4245741282405,-69.90502839145063,546,43.40659340659341
4,59,67,0.007,451.36585327321256,-69.90894311511916,593,43.84485666104553
4,45,65,0.002,451.34382473830124,-69.91041168411326,690,37.826086956521735
10,60,61,0.003,451.31505867116965,-69.91232942192202,585,35.38461538461539
4,45,54,0.01,451.2620193249121,-69.91586537833919,533,33.771106941838646
6,51,58,0.003,451.0538390051686,-69.9297440663221,639,37.40219092331768
8,58,65,0.002,450.8340377396401,-69.944397484024,582,33.33333333333333
8,53,58,0.002,450.7681741752543,-69.94878838831637,664,35.24096385542169
10,57,61,0.002,450.7576705663866,-69.94948862890755,586,33.27645051194539
10,51,52,0.002,450.58865469070764,-69.96075635395283,665,32.78195488721805
4,50,66,0.005,450.53099608639786,-69.9646002609068,582,43.6426116838488
10,53,54,0.007,450.45468022549284,-69.96968798496714,477,40.25157232704403
4,48,64,0.003,450.3977850179995,-69.97348099880003,653,39.20367534456356
6,47,64,0.002,450.30059761191757,-69.97996015920549,553,35.44303797468354
4,47,66,0.002,449.98495443241137,-70.00100303783925,712,37.640449438202246
4,58,66,0.007,449.9678523231058,-70.0021431784596,601,43.760399334442596
8,52,54,0.005,449.7796755335018,-70.01468829776655,570,37.01754385964912
4,48,62,0.007,449.6914013507952,-70.02057324328032,544,43.01470588235294
8,56,61,0.003,449.64046597859874,-70.02396893476008,587,39.01192504258944
4,50,64,0.007,449.59251934012923,-70.02716537732472,546,44.68864468864469
6,52,64,0.003,449.55914217899084,-70.0293905214006,563,39.786856127886324
6,53,59,0.005,449.3061435564068,-70.04625709623954,580,40.3448275862069
6,59,65,0.005,449.08474256100084,-70.06101716259994,541,43.622920517560075
4,55,70,0.003,448.9452819343816,-70.07031453770789,681,39.20704845814978
4,53,66,0.005,448.92040176394636,-70.0719732157369,611,43.862520458265145
4,53,69,0.003,448.86123084733555,-70.07591794351096,670,40.298507462686565
6,54,64,0.005,448.65306345675737,-70.0897957695495,500,44.2
4,45,59,0.007,448.42443332082854,-70.10503777861143,528,39.58333333333333
6,49,55,0.005,448.3417866164326,-70.11054755890449,556,39.20863309352518
4,60,66,0.01,448.2972774336801,-70.11351483775465,568,41.901408450704224
6,45,53,0.002,448.23180187606187,-70.11787987492922,635,36.22047244094488
6,59,67,0.003,448.14828941607254,-70.12344737226184,597,39.698492462311556
4,46,61,0.003,448.08972791308094,-70.12735147246127,657,37.74733637747336
6,57,59,0.007,448.0704949936502,-70.12863366708999,591,39.424703891708965
6,45,50,0.003,447.99197122434526,-70.13386858504364,604,34.437086092715234
8,51,59,0.002,447.9860350583981,-70.13426432944013,595,36.97478991596639
6,46,51,0.003,447.9557872337183,-70.13628085108546,618,35.59870550161812
6,51,55,0.007,447.8011347302179,-70.14659101798549,547,39.30530164533821
4,49,63,0.007,447.7097402372544,-70.15268398418304,543,44.935543278084715
6,50,65,0.002,447.4395227091246,-70.17069848605836,594,35.69023569023569
6,49,58,0.002,447.35542097878874,-70.17630526808075,672,36.30952380952381
10,58,59,0.005,447.294658454846,-70.18035610301027,498,38.152610441767074
6,55,60,0.005,447.1836205478721,-70.18775863014186,593,39.96627318718381
6,47,53,0.003,447.1632349167338,-70.18911767221773,614,35.50488599348534
6,56,58,0.007,446.99011493522653,-70.20065900431824,592,38.85135135135135
6,51,66,0.002,446.8722719194036,-70.2085152053731,585,35.21367521367522
6,48,56,0.002,446.8473998376622,-70.21017334415586,668,37.12574850299401
8,52,57,0.002,446.83108678834157,-70.21126088077723,663,34.99245852187028
4,47,64,0.005,446.8123772615547,-70.21250818256301,559,42.21824686940966
8,47,50,0.002,446.7738915004669,-70.21507389996887,623,34.99197431781702
6,47,56,0.002,446.7211773553973,-70.21858817630684,643,36.236391912908246
4,51,64,0.007,446.5590769995507,-70.22939486669661,559,44.90161001788909
10,54,55,0.007,446.5479698447912,-70.23013534368059,476,38.865546218487395
4,55,65,0.007,446.4965910814403,-70.23356059457065,587,42.759795570698465
6,55,67,0.002,446.2873461549001,-70.24751025634,628,35.509554140127385
8,60,61,0.007,446.262592155786,-70.24916052294759,518,42.471042471042466
6,59,70,0.002,446.2159246436039,-70.2522716904264,605,34.710743801652896
4,52,68,0.003,446.1907485522962,-70.25395009651359,676,40.38461538461539
4,48,61,0.007,446.18463283792795,-70.2543578108048,552,41.48550724637681
6,52,62,0.002,446.0371147820915,-70.26419234786057,690,36.52173913043478
6,56,65,0.003,446.02532192136084,-70.26497853857595,603,38.97180762852405
4,54,70,0.003,446.0173557658496,-70.26550961561003,674,38.87240356083086
6,54,57,0.007,445.9958936229602,-70.266940425136,571,38.353765323992995
6,54,59,0.005,445.9642853223435,-70.2690476451771,599,39.73288814691152
4,60,68,0.005,445.867925511788,-70.27547163254746,645,42.945736434108525
4,51,60,0.01,445.81079020996134,-70.27928065266924,558,39.784946236559136
4,55,63,0.01,445.6879970876375,-70.28746686082417,558,42.473118279569896
4,46,65,0.002,445.6360336476435,-70.29093109015709,705,37.4468085106383
8,48,51,0.002,445.5637316115662,-70.29575122589559,642,34.73520249221183
6,46,51,0.005,445.47130929240325,-70.30191271383978,553,37.43218806509946
6,57,66,0.003,445.3291507990854,-70.31138994672763,586,38.907849829351534
8,53,55,0.005,445.1604089832631,-70.3226394011158,562,37.544483985765126
6,49,56,0.003,445.00106724852935,-70.33326218343137,630,38.25396825396825
4,58,65,0.01,444.96730274346965,-70.33551315043536,562,41.99288256227758
10,55,58,0.003,444.9266754464635,-70.33822163690243,561,37.78966131907308
8,59,61,0.005,444.8365495842451,-70.34423002771699,540,40.0
6,55,63,0.002,444.8080596586547,-70.34612935608968,715,36.08391608391609
4,45,63,0.005,444.7946743688386,-70.3470217087441,547,42.96160877513711
4,54,65,0.007,444.68749437466016,-70.35416704168934,578,43.42560553633218
4,50,60,0.01,444.5421481483956,-70.36385679010696,545,39.633027522935784
6,50,52,0.01,444.4358780761417,-70.37094146159055,536,34.701492537313435
4,56,67,0.005,444.36712908457883,-70.37552472769475,625,43.84
8,57,59,0.007,444.21933575502464,-70.3853776163317,501,39.52095808383233
4,47,63,0.003,444.1727299881524,-70.38848466745651,656,38.8719512195122
8,60,62,0.005,443.9005240561369,-70.40663172959087,541,41.0351201478743
10,54,56,0.005,443.7850312680899,-70.41433124879401,500,39.4
6,48,50,0.007,443.61885989100557,-70.42540934059961,568,34.50704225352113
8,55,60,0.003,443.2888908902789,-70.44740727398141,586,38.907849829351534
8,57,64,0.002,442.9283603573045,-70.47144264284637,590,34.23728813559322
8,55,57,0.01,442.9062429426278,-70.47291713715815,466,42.91845493562232
6,60,70,0.002,442.74408695749827,-70.48372753616678,616,34.74025974025974
4,48,67,0.002,442.54029996540606,-70.4973133356396,710,37.46478873239437
8,57,62,0.003,442.5086105746167,-70.49942596169222,572,37.76223776223776
6,51,54,0.01,442.4732460763348,-70.50178359491102,522,36.206896551724135
6,55,61,0.003,442.36468253215145,-70.50902116452325,668,36.82634730538922
4,53,61,0.01,442.2956233244793,-70.51362511170139,563,41.207815275310836
4,46,55,0.01,442.0642924547009,-70.5290471696866,531,34.27495291902072
4,45,53,0.01,442.00085086471745,-70.53327660901884,549,32.240437158469945
6,56,59,0.005,441.9209166824274,-70.53860555450484,639,39.280125195618155
4,55,66,0.005,441.90771777687706,-70.53948548154153,635,42.83464566929134
6,57,68,0.002,441.862778483747,-70.54248143441687,626,34.185303514377
10,53,55,0.005,441.81494427286265,-70.54567038180916,496,39.314516129032256
4,49,65,0.005,441.6171040242817,-70.55885973171456,575,42.434782608695656
4,54,66,0.005,441.579558943944,-70.5613627370704,626,43.13099041533546
6,53,64,0.005,441.37637359487275,-70.57490842700848,490,44.08163265306123
6,53,66,0.002,441.35976211493545,-70.5760158590043,616,35.714285714285715
4,51,65,0.005,441.3287272140117,-70.57808485239923,604,42.549668874172184
6,58,64,0.007,441.2320648212062,-70.58452901191959,489,46.216768916155424
10,59,63,0.002,441.11378722258826,-70.59241418516078,576,31.59722222222222
4,60,67,0.007,441.1007041685912,-70.59328638876059,601,42.76206322795341
4,45,58,0.007,440.8561676171046,-70.60958882552636,536,38.24626865671642
4,47,60,0.007,440.7577015261429,-70.61615323159047,552,39.492753623188406
6,50,54,0.007,440.5944572250987,-70.62703618499341,544,38.23529411764706
8,51,55,0.002,440.50184464459034,-70.63321035702731,666,35.28528528528528
6,58,66,0.003,440.4173670121669,-70.63884219918887,598,39.297658862876254
6,52,66,0.002,440.2901281218471,-70.64732479187685,605,35.70247933884298
8,51,53,0.003,440.25666491169,-70.649555672554,649,35.28505392912172
8,54,62,0.002,440.19754423390896,-70.65349705107273,602,35.04983388704319
4,50,67,0.003,440.1335817701288,-70.65776121532474,670,40.14925373134328
6,56,67,0.002,440.12449121342325,-70.65836725243845,647,35.85780525502319
6,50,56,0.003,440.09368782991476,-70.66042081133901,650,37.53846153846154
4,58,67,0.005,439.9456054754007,-70.67029296830663,643,42.92379471228615
6,60,65,0.005,439.90343493702045,-70.67310433753198,560,43.75
6,52,57,0.005,439.8769995973026,-70.67486669351317,591,39.08629441624365
4,45,60,0.003,439.7084317484777,-70.68610455010149,651,36.71274961597542
6,55,64,0.005,439.7004885078469,-70.68663409947688,510,43.72549019607843
6,47,52,0.005,439.4988144420203,-70.70007903719863,554,37.36462093862816
4,52,65,0.005,439.3970939598955,-70.70686040267363,614,42.671009771986974
4,56,70,0.003,439.2057467870896,-70.7196168808607,693,39.39393939393939
10,53,57,0.002,439.089582368053,-70.72736117546313,608,36.01973684210527
6,60,62,0.01,439.0231893757535,-70.73178737494976,522,42.5287356321839
4,46,63,0.005,439.0218719419245,-70.7318752038717,559,42.39713774597496
6,55,57,0.01,438.9732734539252,-70.73511510307165,544,37.68382352941176
8,58,60,0.005,438.9563457686456,-70.73624361542363,545,39.08256880733945
8,55,62,0.002,438.8624804696114,-70.7425013020259,619,35.37964458804523
10,56,60,0.002,438.8495616743055,-70.7433625550463,595,33.78151260504202
4,49,58,0.01,438.76182249280873,-70.74921183381275,546,36.63003663003663
6,54,60,0.003,438.7092144797727,-70.75271903468182,681,37.00440528634361
6,49,50,0.01,438.6939141112818,-70.75373905924788,554,31.768953068592058
10,56,59,0.003,438.5343494545241,-70.76437670303173,551,36.66061705989111
8,52,60,0.002,438.51760646636285,-70.76549290224247,604,35.76158940397351
4,56,65,0.007,438.4615752205216,-70.76922831863189,600,42.66666666666667
8,50,53,0.002,438.34667513371073,-70.77688832441929,678,34.070796460176986
8,59,65,0.002,438.26032401423083,-70.78264506571794,607,33.44316309719934
6,47,52,0.003,438.1936212057505,-70.78709191961663,627,35.24720893141946
6,53,59,0.003,438.06655547288386,-70.7955629684744,677,37.22304283604136
4,52,60,0.01,438.0021068657897,-70.79985954228069,568,39.7887323943662
10,54,57,0.003,437.91977189692864,-70.80534854020476,567,37.742504409171076
10,60,63,0.002,437.8826708056588,-70.80782194628941,602,32.39202657807309
4,57,67,0.005,437.8173535766703,-70.81217642822197,630,43.333333333333336
6,50,55,0.005,437.72207357921735,-70.81852842805218,578,38.92733564013841
10,52,55,0.003,437.68875589513374,-70.82074960699109,543,36.83241252302026
4,53,68,0.003,437.44725359263583,-70.83684976049094,687,40.61135371179039
6,53,64,0.003,437.3183131804195,-70.84544578797203,578,39.44636678200692
6,58,61,0.01,437.0350491363166,-70.8643300575789,510,40.98039215686274
6,58,68,0.002,436.9691605051143,-70.86872263299237,639,34.58528951486698
10,57,58,0.005,436.9454746509993,-70.87030168993338,519,38.72832369942196
6,48,54,0.003,436.9407089467179,-70.87061940355214,627,36.36363636363637
4,48,64,0.005,436.9336305122654,-70.87109129918231,567,42.151675485008816
10,52,53,0.007,436.70709943144584,-70.88619337123694,478,41.00418410041841
4,45,62,0.005,436.59876206901856,-70.89341586206544,559,41.86046511627907
6,57,58,0.01,436.44029519355956,-70.90398032042935,557,37.70197486535009
4,59,66,0.007,436.0446867884982,-70.93035421410012,612,42.64705882352941
6,59,69,0.002,435.7428145870586,-70.95047902752943,634,34.85804416403786
6,48,53,0.005,435.64510160132727,-70.95699322657818,570,37.89473684210527
8,59,60,0.007,435.41965595585106,-70.9720229362766,512,39.453125
6,54,64,0.003,435.3821078123535,-70.9745261458431,589,39.55857385398981
4,57,65,0.007,435.35497390563944,-70.97633507295737,605,41.98347107438016
6,60,66,0.003,435.3252784701939,-70.97831476865373,631,39.61965134706815
8,54,57,0.007,435.27108852306515,-70.98192743179565,486,43.415637860082306
4,52,64,0.007,434.98523394644127,-71.00098440357058,569,44.63971880492091
4,56,63,0.01,434.7950307081976,-71.0136646194535,573,42.40837696335078
6,53,62,0.002,434.60542586806605,-71.02630494212893,706,36.40226628895184
6,49,64,0.002,434.5806969559383,-71.02795353627079,592,36.14864864864865
6,60,69,0.002,434.5421587695946,-71.0305227486937,649,34.9768875192604
6,45,50,0.005,434.4800984021009,-71.0346601065266,539,35.99257884972171
4,49,65,0.003,434.47128863225237,-71.0352474245165,672,39.43452380952381
6,52,61,0.002,434.41133547139486,-71.039244301907,705,36.17021276595745
4,46,59,0.007,433.80562369803675,-71.07962508679755,545,39.44954128440367
8,60,65,0.002,433.62043516110526,-71.09197098925965,629,34.181240063593
6,45,52,0.002,433.59832986899823,-71.09344467540012,644,36.18012422360248
4,49,69,0.002,433.56401206224933,-71.09573252918338,708,37.005649717514125
4,49,62,0.007,433.47672604972576,-71.10155159668494,560,43.03571428571429
6,54,66,0.002,433.36065886697054,-71.10928940886862,630,35.714285714285715
10,51,55,0.002,433.2680497029621,-71.11546335313585,574,34.84320557491289
8,53,55,0.003,433.1674200524754,-71.12217199650163,650,35.07692307692308
4,56,66,0.005,433.12702106279005,-71.12486526248067,645,42.945736434108525
6,49,54,0.005,432.8303147680078,-71.14464568213282,576,38.02083333333333
4,54,62,0.01,432.80276715478294,-71.14648218968114,567,41.7989417989418
8,52,53,0.005,432.6317889530687,-71.15788073646209,599,35.72621035058431
4,48,66,0.002,432.329153292383,-71.17805644717447,723,37.6210235131397
6,49,52,0.007,432.28981077256265,-71.18067928182916,561,36.72014260249554
6,59,64,0.007,432.22203857190965,-71.18519742853935,501,45.70858283433134
4,45,64,0.002,432.0798291189077,-71.1946780587395,695,37.84172661870503
8,49,52,0.002,432.02480999382004,-71.19834600041199,672,34.077380952380956
4,50,65,0.005,431.69795004450174,-71.22013666369989,594,42.42424242424242
6,53,56,0.007,431.6860667419419,-71.22092888387056,571,38.353765323992995
6,58,63,0.007,431.6253372827437,-71.22497751448375,513,44.639376218323584
4,50,66,0.003,431.6145817025444,-71.22569455316369,683,39.67789165446559
8,51,52,0.005,431.4434442727032,-71.23710371515313,592,35.810810810810814
8,49,50,0.003,431.37172956385496,-71.241884695743,649,33.59013867488444
6,50,58,0.002,431.34270772427936,-71.24381948504805,692,35.982658959537574
6,56,63,0.002,431.32690758117246,-71.24487282792184,738,35.77235772357724
4,59,65,0.01,431.0773662904751,-71.26150891396833,577,40.90121317157712
8,56,59,0.005,430.8210686166435,-71.2785954255571,540,40.0
4,51,67,0.003,430.7959301581514,-71.28027132278991,681,39.94126284875183
4,46,60,0.003,430.79371401734454,-71.28041906551037,664,36.44578313253012
8,53,60,0.002,430.6907818423917,-71.28728121050723,628,35.828025477707
8,50,52,0.003,430.5327092368674,-71.29781938420884,645,33.95348837209302
4,47,65,0.002,430.40540089064336,-71.30630660729045,723,37.06777316735823
6,55,64,0.003,430.2495123585591,-71.31669917609607,602,39.202657807308974
10,54,59,0.002,430.2072076535104,-71.31951948976597,585,35.21367521367522
6,51,60,0.002,430.19967293303716,-71.32002180446419,695,35.97122302158273
10,52,54,0.005,430.1067404533614,-71.32621730310925,496,39.71774193548387
6,51,56,0.005,429.61973451967486,-71.358684365355,583,38.93653516295026
4,48,57,0.01,429.2105930325629,-71.38596046449581,542,34.50184501845018
6,56,61,0.003,429.15801000079375,-71.38946599994709,690,36.666666666666664
4,46,54,0.01,429.1472742683023,-71.39018171544652,550,33.27272727272727
8,58,64,0.002,429.1050221994857,-71.3929985200343,606,33.82838283828383
4,49,61,0.007,428.96570307001696,-71.40228646199887,568,41.54929577464789
4,57,64,0.01,428.85214723739,-71.40985685084067,564,41.66666666666667
4,45,61,0.005,428.8243521162026,-71.41170985891982,566,40.282685512367486
6,57,60,0.005,428.63630752867516,-71.42424616475499,630,38.88888888888889
4,53,65,0.005,428.5976064475726,-71.4268262368285,623,42.857142857142854
6,53,55,0.01,428.2834505993016,-71.44776996004656,548,36.31386861313868
6,46,50,0.003,428.2512202633124,-71.4499186491125,633,33.33333333333333
6,54,56,0.01,428.04489022513235,-71.46367398499119,551,37.38656987295826
6,52,58,0.003,427.68231087838143,-71.48784594144124,667,36.73163418290854
6,55,57,0.007,427.6352365248111,-71.49098423167925,589,37.351443123938886
4,58,66,0.005,427.57474870080983,-71.49501675327934,664,42.01807228915663
8,57,63,0.002,427.40494057084294,-71.50633729527713,616,34.41558441558442
6,59,61,0.01,427.3433433614893,-71.51044377590071,525,40.57142857142857
8,55,57,0.007,427.1497698326403,-71.52334867782399,508,42.71653543307087
4,46,62,0.005,427.10346788356844,-71.52643547442877,573,41.18673647469459
10,57,59,0.003,427.09808541507624,-71.52679430566158,568,35.73943661971831
6,55,59,0.005,427.0832064203279,-71.52778623864481,613,39.151712887438826
6,56,57,0.01,427.02580642636013,-71.53161290490932,569,36.37961335676626
4,48,60,0.007,426.9222995717337,-71.53851336188441,564,39.53900709219858
8,56,58,0.007,426.70311368686913,-71.55312575420872,511,41.291585127201564
8,52,54,0.003,426.6784837745734,-71.55476774836178,656,34.45121951219512
4,55,62,0.01,426.56154476053433,-71.56256368263104,579,40.932642487046635
4,57,70,0.003,426.479676813647,-71.56802154575686,698,38.825214899713465
6,59,66,0.003,426.4227562882379,-71.5718162474508,611,39.27986906710311
10,52,56,0.002,426.4141733142738,-71.57238844571508,585,34.35897435897436
4,58,70,0.003,426.3934516053483,-71.57376989297678,710,39.154929577464785
10,56,57,0.005,426.3738281731964,-71.5750781217869,535,38.504672897196265
4,51,59,0.01,426.3539897479725,-71.5764006834685,570,38.421052631578945
6,57,64,0.005,426.2119983159606,-71.58586677893595,537,42.83054003724395
4,52,67,0.003,426.2029010545165,-71.58647326303223,691,39.65267727930535
4,46,64,0.002,426.13996241979925,-71.59066917201338,710,37.32394366197183
4,50,59,0.01,426.11961327202823,-71.59202578186479,557,38.240574506283664
4,58,65,0.007,426.0841535156522,-71.59438976562319,618,41.90938511326861
4,47,62,0.003,426.0252704647747,-71.59831530234835,668,37.87425149700599
6,49,57,0.002,426.01493408645456,-71.59900439423636,686,35.8600583090379
6,52,54,0.01,425.97075806560326,-71.60194946229312,556,35.79136690647482
8,48,50,0.002,425.92191329164854,-71.60520578055676,660,34.090909090909086
6,60,64,0.007,425.8883734520046,-71.60744176986636,521,45.68138195777352
4,45,52,0.01,425.7529874781136,-71.61646750145908,565,31.68141592920354
6,50,64,0.002,425.5976590413242,-71.62682273057838,608,36.67763157894737
4,57,66,0.005,425.50634124442075,-71.6329105837053,651,42.3963133640553
4,47,55,0.01,425.3343773568331,-71.6443748428778,550,32.90909090909091
10,59,60,0.003,425.22244083573963,-71.65183727761736,583,34.81989708404803
4,50,63,0.007,425.13435378664275,-71.65770974755715,561,44.563279857397504
4,51,63,0.007,425.0802434310836,-71.66131710459442,574,44.599303135888505
6,52,55,0.007,425.0739446529478,-71.66173702313682,580,38.62068965517241
6,47,55,0.002,424.91879975882557,-71.6720800160783,656,35.670731707317074
4,55,69,0.003,424.8877401787888,-71.67415065474741,702,39.45868945868946
4,53,64,0.007,424.85698407807376,-71.67620106146175,578,44.636678200692046
6,46,54,0.002,424.65957935476484,-71.689361376349,648,35.95679012345679
6,55,66,0.002,424.6351847521891,-71.69098768318739,641,35.8814352574103
8,58,62,0.003,424.4944260708363,-71.70037159527757,583,37.22126929674099
4,59,67,0.005,424.4637665988434,-71.7024155600771,656,42.073170731707314
4,48,63,0.003,424.43446084880935,-71.70436927674604,667,38.68065967016492
4,48,56,0.01,424.22507221694394,-71.71832851887041,552,33.69565217391305
4,54,61,0.01,424.0206702797583,-71.73195531468278,577,40.03466204506066
4,46,58,0.007,423.9767546058307,-71.73488302627796,554,37.90613718411552
8,56,62,0.002,423.45468410679445,-71.7696877262137,640,35.0
8,57,58,0.01,423.4047704981839,-71.77301530012107,488,38.31967213114754
4,60,66,0.007,423.3719397144715,-71.77520401903523,623,41.41252006420545
6,54,62,0.002,423.22049094643,-71.78530060357133,726,36.08815426997245
10,57,60,0.002,423.194431507767,-71.7870378994822,612,33.169934640522875
4,47,63,0.005,423.16249431100607,-71.78916704593293,572,41.78321678321678
6,58,64,0.005,423.09954918857807,-71.79336338742812,550,43.27272727272727
6,50,51,0.01,423.08799989472516,-71.79413334035165,558,33.51254480286738
6,50,53,0.007,422.71207221974004,-71.81919518535067,567,37.56613756613756
4,51,66,0.003,422.5935432522446,-71.82709711651702,695,39.568345323741006
6,55,60,0.003,422.4321610847748,-71.83785592768169,696,36.206896551724135
6,47,51,0.003,422.28425666428,-71.84771622238134,640,34.6875
6,59,63,0.007,422.17368727077906,-71.8550875152814,526,44.29657794676806
8,58,59,0.007,421.9671802716106,-71.8688546485593,515,38.44660194174757
8,59,60,0.005,421.95232979217843,-71.86984468052144,567,37.742504409171076
4,45,59,0.003,421.58655692677183,-71.8942295382152,660,36.06060606060606
6,48,55,0.002,421.38513944311205,-71.9076573704592,682,36.070381231671554
6,49,55,0.003,421.3843919039147,-71.90770720640569,646,36.9969040247678
8,53,57,0.002,421.3067908684035,-71.9128806087731,692,34.2485549132948
8,53,54,0.005,421.2926486315846,-71.91382342456103,598,35.785953177257525
8,54,56,0.01,421.26851802665504,-71.91543213155633,466,41.84549356223176
4,54,65,0.005,421.15466469688,-71.92302235354133,638,42.00626959247649
4,54,69,0.003,421.0959154392626,-71.92693897071582,693,39.39393939393939
6,53,61,0.002,421.08050770799855,-71.92796615280011,722,35.59556786703601
4,53,60,0.01,421.0200501075743,-71.93199665949504,581,39.41480206540447
6,51,57,0.003,421.01549771160325,-71.93230015255978,656,36.890243902439025
6,47,51,0.005,420.93225391946646,-71.93784973870223,571,36.42732049036778
6,46,50,0.005,420.71970418522807,-71.9520197209848,570,34.91228070175438
4,55,65,0.005,420.44300255442727,-71.97046649637151,648,41.51234567901235
4,47,61,0.003,420.35912971592103,-71.9760580189386,677,36.779911373707534
8,56,60,0.003,420.25893811007603,-71.98273745932826,605,37.1900826446281
4,45,63,0.002,420.25065661980614,-71.98328955867959,708,38.13559322033898
6,54,56,0.007,420.193190472407,-71.98712063517286,595,37.47899159663866
4,58,64,0.01,419.9631121749029,-72.00245918833981,578,41.522491349480966
8,56,57,0.01,419.8043466005045,-72.01304355996636,491,39.91853360488798
4,60,65,0.01,419.74583369271903,-72.0169444204854,591,39.424703891708965
6,51,53,0.01,419.7246332997876,-72.01835778001416,544,34.55882352941176
6,49,51,0.007,419.69993742121494,-72.020004171919,581,35.628227194492254
4,52,66,0.003,419.689303526951,-72.02071309820326,706,39.23512747875354
6,54,59,0.003,419.61901215681553,-72.02539918954562,701,36.233951497860204
4,46,53,0.01,419.52849335284594,-72.03143377647694,566,31.62544169611308
6,51,65,0.002,419.13901015758825,-72.05739932282744,612,34.80392156862745
4,52,59,0.01,419.07029381144577,-72.06198041257028,581,38.38209982788296
4,49,68,0.002,418.9346181258125,-72.07102545827917,723,37.48271092669433
8,60,61,0.005,418.8603210085714,-72.07597859942857,575,40.0
4,55,61,0.01,418.7072817131419,-72.08618121912387,590,39.66101694915255
6,50,55,0.003,418.53499987544245,-72.09766667497051,666,36.486486486486484
4,45,57,0.007,418.5034801606796,-72.09976798928804,544,37.31617647058824
6,51,54,0.007,418.085994071427,-72.1276003952382,567,36.860670194003525
4,53,67,0.003,417.85108531370554,-72.14326097908629,702,39.88603988603989
6,56,64,0.003,417.8455839612293,-72.14362773591805,621,38.808373590982285
10,55,56,0.005,417.71134504344656,-72.15257699710355,529,37.61814744801512
4,45,56,0.007,417.65568934309914,-72.15628737712673,554,36.462093862815884
4,46,61,0.005,417.5025372453371,-72.16649751697753,580,39.827586206896555
4,45,51,0.01,417.4745107500765,-72.1683659499949,581,30.46471600688468
8,50,51,0.003,417.3845901400735,-72.17436065732844,664,33.58433734939759
6,50,54,0.005,417.2398911926909,-72.18400725382061,600,37.5
6,59,68,0.002,417.1759520872944,-72.18826986084704,653,34.915773353751916
6,60,68,0.002,417.02904325231674,-72.19806378317888,671,35.17138599105812
6,48,52,0.005,416.96595072245964,-72.20226995183603,586,37.03071672354949
6,46,53,0.002,416.8448195818393,-72.21034536121071,661,35.24962178517398
4,54,64,0.007,416.7298519641627,-72.21800986905582,590,43.22033898305085
8,51,54,0.002,416.5967944508539,-72.22688036994307,693,34.1991341991342
6,53,58,0.005,416.5730289042781,-72.2284647397148,591,39.08629441624365
10,58,61,0.002,416.49585413318334,-72.23360972445445,609,32.01970443349754
4,47,59,0.007,416.41320147407,-72.23911990172867,562,38.79003558718861
6,56,66,0.002,416.36692913240046,-72.24220472450665,662,35.95166163141994
4,56,62,0.01,416.13604397029485,-72.257597068647,594,41.07744107744108
4,49,64,0.005,415.9049816591949,-72.27300122272034,583,42.36706689536878
8,49,51,0.002,415.8022959543432,-72.27984693637713,688,33.43023255813954
6,60,63,0.007,415.7623999891343,-72.28250666739105,547,44.424131627056674
8,54,61,0.002,415.70166191401944,-72.28655587239871,630,35.87301587301587
4,45,61,0.002,415.66245491993266,-72.28916967200449,724,36.60220994475138
8,57,61,0.003,415.65767572406213,-72.28948828506252,606,37.29372937293729
4,49,64,0.003,415.51961925828505,-72.29869204944767,678,39.38053097345133
4,56,69,0.003,415.4363771871925,-72.30424152085384,715,39.58041958041958
8,54,59,0.003,415.4162919106845,-72.3055805392877,587,37.819420783645654
10,53,55,0.003,415.3620223174856,-72.30919851216763,582,35.56701030927835
4,55,64,0.007,415.36173076675425,-72.30921794888306,601,42.42928452579035
4,52,70,0.002,415.2393184749966,-72.31737876833357,733,36.56207366984993
10,53,54,0.005,415.22988621996535,-72.31800758533564,529,37.80718336483932
4,50,70,0.002,415.0189288718724,-72.33207140854184,714,36.27450980392157
4,60,67,0.005,414.86034765096645,-72.34264348993558,665,41.35338345864661
6,60,61,0.01,414.81288360310646,-72.3458077597929,555,40.0
6,52,56,0.005,414.70414469407706,-72.35305702039486,610,38.196721311475414
6,56,57,0.007,414.584934548557,-72.36100436342954,618,36.407766990291265
6,45,51,0.002,414.54248717773396,-72.36383418815106,655,35.26717557251908
8,59,64,0.002,414.44858300354423,-72.37009446643039,633,33.80726698262243
6,48,53,0.003,414.4331115566789,-72.37112589622141,645,35.65891472868217
4,59,70,0.003,414.34540562570174,-72.37697295828656,724,38.950276243093924
10,55,57,0.003,414.28193644615163,-72.38120423692322,592,36.6554054054054
4,52,64,0.005,414.13559912765373,-72.39096005815642,622,42.443729903536976
4,59,66,0.005,413.9972707464952,-72.40018195023366,676,41.124260355029584
4,48,63,0.005,413.95891851159786,-72.40273876589347,582,41.75257731958763
4,49,57,0.01,413.7862391125865,-72.41425072582757,560,35.17857142857143
6,57,62,0.003,413.7432684441934,-72.41711543705378,685,37.08029197080292
6,54,58,0.005,413.4746336860125,-72.4350244209325,610,38.52459016393443
6,52,60,0.002,413.466347557226,-72.43557682951827,728,35.989010989010985
4,50,65,0.003,413.1483987086655,-72.45677341942229,696,39.224137931034484
4,48,65,0.002,413.127793622558,-72.45814709182947,735,37.142857142857146
4,46,59,0.003,413.08261310052256,-72.46115912663183,675,36.0
4,50,62,0.007,413.0552819313002,-72.46298120457999,580,42.931034482758626
4,51,62,0.007,413.00270897883973,-72.46648606807736,593,43.00168634064081
6,59,64,0.005,412.86688498868136,-72.47554100075457,560,42.5
8,52,59,0.002,412.60139688525265,-72.49324020764982,624,35.41666666666667
4,51,70,0.002,412.49514525059726,-72.50032364996018,724,36.46408839779006
4,51,64,0.005,412.366998907527,-72.5088667394982,612,42.3202614379085
6,58,63,0.005,412.361744285204,-72.50921704765307,576,41.84027777777778
4,45,60,0.005,412.3457278901902,-72.51028480732066,575,38.78260869565218
4,54,68,0.003,411.95213255918065,-72.53652449605462,707,39.603960396039604
6,57,58,0.007,411.7914912418004,-72.54723391721332,606,37.45874587458746
8,60,64,0.002,411.7464694860199,-72.55023536759867,660,34.54545454545455
4,47,64,0.002,411.575652578038,-72.56162316146413,728,36.95054945054945
4,59,65,0.007,411.52621156517176,-72.56491922898856,632,40.50632911392405
4,56,65,0.005,411.46250863659117,-72.56916609089392,660,41.515151515151516
8,59,62,0.003,411.2307806102794,-72.58461462598137,607,36.57331136738056
4,53,66,0.003,411.19139469726866,-72.58724035351543,719,39.360222531293466
4,51,58,0.01,410.7672772581677,-72.6155148494555,587,36.626916524701876
4,52,63,0.007,410.5376770361029,-72.63082153092648,585,44.27350427350427
4,49,60,0.007,410.44673194421097,-72.63688453705261,580,39.6551724137931
8,58,63,0.002,410.1419969350597,-72.65720020432936,632,33.860759493670884
10,55,59,0.002,409.9015419004709,-72.67323053996861,606,34.81848184818482
4,47,54,0.01,409.79857598961524,-72.68009493402565,572,31.818181818181817
6,49,53,0.005,409.44878370843236,-72.70341441943783,598,36.95652173913043
8,55,61,0.002,409.1114822102786,-72.72590118598143,654,36.08562691131498
6,51,59,0.002,408.88750305227853,-72.7408331298481,711,35.44303797468354
4,56,61,0.01,408.8292845679037,-72.74471436213975,605,40.0
8,54,58,0.005,408.68900977008246,-72.75406601532784,519,41.23314065510597
6,56,60,0.003,408.6187338571317,-72.75875107619122,719,36.02225312934632
8,55,58,0.005,408.60035125005135,-72.75997658332992,540,40.925925925925924
4,45,62,0.002,408.5913995561318,-72.76057336292455,716,37.43016759776536
6,57,59,0.005,408.4916349331137,-72.76722433779241,654,38.07339449541284
8,60,62,0.003,408.4084468024486,-72.77277021317009,641,36.817472698907956
6,58,62,0.007,407.56925101598137,-72.82871659893458,536,43.09701492537313
4,49,56,0.01,407.4395514711151,-72.83736323525899,570,34.385964912280706
6,54,61,0.002,407.41892434603426,-72.83873837693105,745,35.033557046979865
4,56,64,0.007,407.20213844750685,-72.85319077016621,615,42.27642276422765
8,52,56,0.002,407.1152554208906,-72.85898297194062,687,33.9155749636099
10,54,56,0.003,407.09616135074066,-72.86025590995062,586,35.32423208191126
10,54,58,0.002,407.0023338509883,-72.86651107660079,615,35.44715447154472
4,55,68,0.003,406.93351294411013,-72.87109913705933,718,39.55431754874652
6,49,56,0.002,406.90913744198065,-72.87272417053462,700,36.0
4,45,58,0.003,406.79805245727664,-72.88012983618155,669,35.57548579970104
4,50,58,0.01,406.75520320388455,-72.88298645307437,572,36.53846153846153
4,50,64,0.005,406.4566897284064,-72.90288735143957,602,42.19269102990033
10,53,56,0.002,406.3755215895771,-72.90829856069486,624,33.81410256410257
4,47,58,0.007,406.05324035862213,-72.92978397609185,572,36.888111888111894
6,53,65,0.002,405.9814035683704,-72.93457309544198,647,35.239567233384854
6,47,50,0.003,405.8575712314028,-72.94282858457315,657,32.42009132420091
4,45,55,0.007,405.71784401874953,-72.95214373208336,566,35.86572438162544
4,58,65,0.005,405.64222211891564,-72.95718519207229,680,40.73529411764706
6,52,65,0.002,405.5392961875388,-72.96404692083074,636,35.37735849056604
6,57,65,0.003,405.4750401022668,-72.96833065984887,620,38.225806451612904
4,48,62,0.003,405.4432442576723,-72.97045038282185,679,37.55522827687776
6,53,58,0.003,405.3913906488072,-72.97390729007952,689,35.84905660377358
4,48,59,0.007,405.38277780026897,-72.97448147998207,575,38.95652173913044
8,55,56,0.01,405.1411965969792,-72.99058689353473,495,40.80808080808081
6,60,64,0.005,404.98682392597624,-73.00087840493492,581,42.68502581755594
4,53,59,0.01,404.9772101484961,-73.0015193234336,597,38.19095477386934
6,48,52,0.003,404.8375833536679,-73.01082777642213,659,35.204855842185125
4,47,62,0.005,404.4524357828786,-73.03650428114143,589,40.57724957555178
6,46,52,0.002,404.22159115643245,-73.0518939229045,672,35.11904761904761
4,46,63,0.002,404.14908448933005,-73.05672770071133,723,37.6210235131397
4,46,52,0.01,404.1266812655449,-73.05822124896368,582,31.099656357388316
10,59,62,0.002,404.02898131908137,-73.06473457872791,601,32.11314475873544
8,54,56,0.007,403.99190454460546,-73.06720636369297,509,41.650294695481335
4,53,64,0.005,403.956987815318,-73.06953414564548,631,42.47226624405705
4,51,65,0.003,403.9020927885018,-73.07319381409988,708,38.983050847457626
10,52,53,0.005,403.83348600240714,-73.07776759983953,529,38.37429111531191
4,57,64,0.007,403.68986350723844,-73.08734243285078,620,41.612903225806456
4,57,65,0.005,403.68531062358215,-73.08764595842786,667,40.929535232383806
6,50,57,0.002,403.65354399201897,-73.0897637338654,707,35.36067892503536
4,45,50,0.01,403.64315570340295,-73.0904562864398,592,28.885135135135137
6,58,65,0.003,403.63039927437205,-73.09130671504187,632,38.765822784810126
6,55,59,0.003,403.546221573328,-73.09691856177814,717,35.70432357043236
4,57,69,0.003,403.32354512484886,-73.1117636583434,720,39.02777777777778
8,55,59,0.003,403.28936695832147,-73.11404220277858,612,37.41830065359477
4,54,60,0.01,403.2188202138832,-73.11874531907445,596,38.25503355704698
4,52,58,0.01,403.19150779994874,-73.12056614667009,599,36.56093489148581
10,56,58,0.003,403.15202404783923,-73.12319839681072,589,36.16298811544992
8,51,52,0.003,402.9510402451392,-73.13659731699072,682,33.28445747800586
10,52,54,0.003,402.8299229762726,-73.14467180158182,578,35.294117647058826
8,52,53,0.003,402.82423990330284,-73.14505067311315,688,33.13953488372093
4,46,57,0.007,402.71215769037144,-73.1525228206419,563,37.12255772646537
10,58,59,0.003,402.6506334621825,-73.1566244358545,593,34.40134907251265
4,49,67,0.002,402.5691800075144,-73.16205466616572,733,37.3806275579809
4,47,60,0.003,402.4727070843329,-73.1684861943778,687,35.37117903930131
4,60,70,0.003,402.459966727741,-73.16933555148393,734,38.555858310626704
6,51,52,0.01,402.26636304928206,-73.1822424633812,564,32.801418439716315
6,56,58,0.005,402.2283092193552,-73.18477938537632,655,37.70992366412214
4,58,69,0.003,402.1712465201248,-73.18858356532502,732,39.07103825136612
4,59,64,0.01,402.07706845907194,-73.19486210272854,594,39.8989898989899
8,51,53,0.002,401.8919110524053,-73.20720592983965,720,33.33333333333333
6,59,63,0.005,401.7817861866009,-73.21454758755993,587,41.22657580919932
4,45,60,0.002,401.7089349416064,-73.21940433722625,733,35.33424283765348
6,50,52,0.007,401.6577397781275,-73.22281734812483,585,35.72649572649573
6,51,55,0.005,401.6149848113773,-73.22566767924151,603,37.3134328358209
4,46,56,0.007,401.5161874348239,-73.23225417101173,573,36.3001745200698
6,55,56,0.007,401.39869488385233,-73.24008700774318,616,36.201298701298704
6,54,55,0.01,401.3601323589992,-73.24265784273338,576,35.41666666666667
6,52,53,0.01,401.30506351344974,-73.24632909910336,580,34.13793103448276
6,47,50,0.005,400.9822820129475,-73.26784786580349,589,33.95585738539898
4,53,63,0.007,400.9786670998892,-73.26808886000738,594,44.27609427609428
6,58,60,0.01,400.8609923412292,-73.27593384391807,541,38.817005545286506
6,55,56,0.01,400.83511468525717,-73.27765902098285,572,36.18881118881119
8,53,54,0.003,400.7974442265129,-73.28017038489914,686,33.965014577259474
4,60,66,0.005,400.58714936102325,-73.29419004259844,689,40.20319303338171
10,54,55,0.005,400.51105951082883,-73.29926269927807,530,36.79245283018868
6,53,55,0.007,400.45486785022763,-73.30300880998483,596,36.74496644295302
4,52,65,0.003,400.41142286527895,-73.30590514231474,719,38.80389429763561
6,59,62,0.007,400.29637166270436,-73.31357522248638,549,42.62295081967213
4,47,53,0.01,399.88152145382463,-73.34123190307835,588,30.272108843537417
4,48,61,0.003,399.7720814730923,-73.34852790179384,688,36.337209302325576
6,45,50,0.002,399.75007826291966,-73.34999478247201,668,33.68263473053892
4,51,61,0.007,399.7107954416605,-73.35261363722263,604,41.22516556291391
4,46,60,0.005,399.5301815167623,-73.36465456554919,589,38.37011884550085
4,57,63,0.01,399.5028429814549,-73.36647713456968,582,41.40893470790378
6,48,51,0.005,399.19262888743447,-73.38715807417104,604,36.092715231788084
8,57,59,0.005,398.9490989842643,-73.40339340104904,564,37.234042553191486
6,47,54,0.002,398.91372291201634,-73.40575180586558,666,35.13513513513514
6,60,65,0.003,398.8881320619025,-73.40745786253984,667,38.830584707646175
4,52,62,0.007,398.8733312685217,-73.40844458209855,604,42.71523178807947
4,48,55,0.01,398.8341044312843,-73.41105970458105,567,32.62786596119929
6,54,65,0.002,398.70396847790676,-73.41973543480623,661,35.400907715582456
6,51,64,0.002,398.67864254792903,-73.42142383013807,626,35.78274760383386
6,51,56,0.003,398.6424419928293,-73.42383720047805,676,35.946745562130175
6,55,62,0.002,398.5402924097158,-73.43064717268561,743,35.66621803499327
4,53,70,0.002,398.5136436649032,-73.43242375567311,747,36.41231593038822
8,50,52,0.002,398.39422831165683,-73.44038477922288,709,32.58110014104372
6,53,54,0.01,398.26313295322035,-73.4491244697853,573,34.031413612565444
6,52,57,0.003,397.82981862092635,-73.47801209193825,686,36.29737609329446
4,45,54,0.007,397.3887328014898,-73.50741781323401,583,34.81989708404803
4,50,61,0.007,397.3516740069715,-73.50988839953523,589,41.08658743633276
4,56,68,0.003,397.3434344784581,-73.51043770143613,731,39.53488372093023
4,55,60,0.01,397.2691854149413,-73.51538763900392,609,37.76683087027914
6,51,53,0.007,397.0732471162898,-73.52845019224733,591,35.53299492385787
4,54,64,0.005,396.95169651589475,-73.53655356560702,648,41.51234567901235
4,58,64,0.007,396.67944166606924,-73.55470388892871,635,41.732283464566926
6,52,54,0.007,396.5358343065426,-73.56427771289715,603,36.152570480928695
6,53,60,0.002,396.52828018553754,-73.56478132096416,747,35.20749665327978
4,50,64,0.003,396.4125656273224,-73.57249562484517,704,39.20454545454545
10,52,55,0.002,396.3987770842391,-73.57341486105074,610,33.60655737704918
4,48,64,0.002,395.9054364574667,-73.60630423616888,740,37.027027027027025
8,54,57,0.005,395.5870457460138,-73.62753028359907,541,39.92606284658041
4,48,58,0.007,395.548514254046,-73.63009904973026,586,37.20136518771331
6,57,67,0.002,395.3958994091264,-73.6402733727249,662,35.196374622356494
8,57,58,0.007,395.37778383842334,-73.64148107743844,534,38.20224719101123
4,47,61,0.005,395.3606815022193,-73.64262123318538,596,39.261744966442954
6,55,58,0.005,395.22318317986924,-73.65178778800872,626,38.019169329073485
8,49,50,0.002,394.9844034159861,-73.66770643893426,708,32.48587570621469
8,53,59,0.002,394.8760827086191,-73.67492781942539,651,34.86943164362519
6,60,63,0.005,394.86899254447366,-73.6754004970351,608,41.44736842105263
4,60,65,0.007,394.8627361533272,-73.67581758977819,646,39.0092879256966
8,56,57,0.007,394.74229070702773,-73.68384728619814,537,40.03724394785848
4,46,58,0.003,394.6893706179026,-73.68737529213982,686,35.27696793002916
6,52,59,0.002,394.5591168314469,-73.69605887790354,743,35.39703903095558
8,57,62,0.002,393.8413616545759,-73.74390922302827,655,34.045801526717554
6,49,54,0.003,393.66999425097885,-73.75533371660141,663,35.444947209653094
4,49,66,0.002,393.36576954389204,-73.77561536374053,748,37.5668449197861
4,46,51,0.01,393.2598874711643,-73.78267416858904,597,29.81574539363484
4,54,67,0.003,393.2506895038519,-73.78328736640987,722,39.05817174515235
6,49,50,0.007,393.1239583991065,-73.79173610672622,603,33.16749585406302
6,57,61,0.003,393.0318773573138,-73.79787484284574,710,35.91549295774648
4,50,69,0.002,392.99364919149474,-73.80042338723368,732,36.74863387978142
4,52,69,0.002,392.8043685647281,-73.8130420956848,752,37.101063829787236
4,54,63,0.007,392.6498294087029,-73.82334470608647,607,43.163097199341024
6,59,65,0.003,392.5314275762479,-73.83123816158349,645,38.759689922480625
10,60,62,0.002,392.45708249489684,-73.83619450034021,630,32.38095238095238
8,54,55,0.01,392.2107958577085,-73.8526136094861,489,38.85480572597137
6,53,57,0.005,392.17523679806817,-73.85498421346213,609,37.60262725779967
4,53,65,0.003,392.17424583041355,-73.85505027797244,732,38.9344262295082
4,49,63,0.003,392.0180516680567,-73.86546322212955,693,38.961038961038966
10,57,58,0.003,392.01653043721876,-73.86556463751874,613,35.07340946166394
4,55,64,0.005,392.0122567836534,-73.86584954775644,660,40.75757575757576
4,48,62,0.005,391.96733646191353,-73.86884423587243,600,40.33333333333333
8,59,63,0.002,391.6573655070998,-73.88950896619335,662,34.13897280966767
4,46,62,0.002,391.569247237143,-73.89538351752381,732,36.885245901639344
4,59,65,0.005,391.454409572615,-73.90303936182568,695,39.568345323741006
6,58,67,0.002,391.350798458405,-73.90994676943967,675,35.55555555555556
6,46,51,0.002,391.31308145894127,-73.91246123607058,686,34.25655976676385
6,59,60,0.01,391.3046653807087,-73.91302230795276,558,37.992831541218635
4,45,59,0.005,391.2965780534648,-73.91356146310235,585,37.94871794871795
4,60,64,0.01,391.17300273741046,-73.92179981750597,610,38.36065573770492
4,49,63,0.005,391.1690449380928,-73.92206367079382,599,41.90317195325542
4,55,63,0.007,391.0444969871013,-73.93036686752659,618,42.394822006472495
4,47,63,0.002,390.9402052261831,-73.9373196515878,740,37.16216216216216
8,54,60,0.002,390.78676161426364,-73.94754922571576,647,35.7032457496136
6,47,53,0.002,390.63231293207696,-73.9578458045282,681,34.36123348017621
4,51,69,0.002,390.5670391335937,-73.96219739109375,742,36.92722371967655
6,56,59,0.003,390.5333403072292,-73.96444397951805,744,35.752688172043015
8,56,61,0.002,390.3060099670487,-73.97959933553008,677,35.450516986706056
4,59,69,0.003,390.2953032159064,-73.98031311893958,746,38.8739946380697
4,53,58,0.01,390.26925251697276,-73.98204983220182,617,36.466774716369535
6,50,54,0.003,390.17967331953497,-73.98802177869767,685,34.89051094890511
10,58,60,0.002,390.1571033135212,-73.98952644576525,637,31.868131868131865
6,49,52,0.005,390.143972906059,-73.99040180626272,615,35.77235772357724
4,46,61,0.002,390.1399160734557,-73.99067226176962,740,36.08108108108108
4,46,55,0.007,390.03965721358276,-73.99735618576115,585,35.72649572649573
8,55,57,0.005,389.75381456377363,-74.0164123624151,565,39.469026548672566
4,58,63,0.01,389.6496123594325,-74.02335917603784,600,41.0
6,54,55,0.007,389.3206596089399,-74.04528935940401,622,35.852090032154344
6,54,57,0.005,389.24222012690024,-74.05051865820664,631,37.08399366085578
8,58,61,0.003,388.9684107806186,-74.06877261462542,618,36.56957928802589
6,60,62,0.007,388.91466224897306,-74.07235585006846,574,42.1602787456446
4,48,61,0.005,388.91070982985553,-74.0726193446763,608,39.30921052631579
6,50,51,0.007,388.83528340129953,-74.0776477732467,606,34.48844884488449
10,56,59,0.002,388.79335195674423,-74.08044320288371,635,33.70078740157481
8,55,56,0.007,388.63135935364954,-74.0912427097567,537,40.59590316573557
4,49,59,0.007,388.5410075332297,-74.09726616445136,591,39.08629441624365
4,53,62,0.007,388.3968641719456,-74.1068757218703,614,42.83387622149837
6,54,58,0.003,388.319840343211,-74.11201064378594,713,34.922861150070126
4,51,57,0.01,388.310665292515,-74.11262231383233,605,35.20661157024794
8,60,63,0.002,388.27779260720075,-74.1148138261866,692,34.68208092485549
4,51,63,0.005,388.0441615025039,-74.13038923316641,630,42.06349206349206
6,48,51,0.003,387.96233499198144,-74.13584433386791,674,34.56973293768546
4,56,60,0.01,387.896948411172,-74.1402034392552,624,37.980769230769226
8,57,60,0.003,387.49034485288206,-74.1673103431412,626,35.46325878594249
6,48,54,0.002,387.4413784187362,-74.17057477208425,697,35.00717360114778
4,54,59,0.01,387.3326639374436,-74.17782240417043,613,37.03099510603589
6,55,65,0.002,387.0855978010458,-74.19429347993028,674,35.60830860534125
6,51,58,0.002,386.9039765074086,-74.20640156617276,719,34.4923504867872
6,57,63,0.002,386.7801815583974,-74.2146545627735,757,34.87450462351387
6,52,55,0.005,386.652243084537,-74.2231837943642,634,36.90851735015773
10,55,58,0.002,386.3689878156967,-74.24206747895356,641,34.945397815912635
6,58,61,0.007,386.328588790466,-74.24476074730227,560,41.07142857142857
6,56,62,0.002,386.0970354916586,-74.26019763388942,766,35.37859007832898
6,50,53,0.005,386.09264838368637,-74.26049010775424,625,36.480000000000004
4,52,61,0.007,386.0361519565102,-74.26425653623265,615,40.97560975609756
8,52,55,0.002,385.9604832469187,-74.26930111687209,707,33.097595473833096
4,57,68,0.003,385.90626248752756,-74.27291583416483,736,38.994565217391305
4,45,57,0.003,385.58334116423003,-74.29444392238467,679,34.75699558173785
4,55,67,0.003,385.3437872108819,-74.31041418594121,733,38.88130968622101
8,58,59,0.005,385.21218614591277,-74.31918759027248,577,36.56845753899481
4,47,59,0.003,385.20846297713217,-74.31943580152452,697,34.86370157819225
6,50,56,0.002,385.03402056206363,-74.33106529586242,723,35.40802213001383
4,47,52,0.01,384.8977782609475,-74.34014811593683,605,29.75206611570248
4,58,68,0.003,384.8037251990568,-74.34641832006288,748,38.903743315508024
4,47,57,0.007,384.71478588796134,-74.35234760746926,581,35.800344234079176
4,50,57,0.01,384.7134872944651,-74.35243418036899,589,34.974533106960955
6,49,55,0.002,384.59848912664853,-74.3601007248901,717,35.146443514644346
4,51,64,0.003,384.59608317388705,-74.36026112174086,716,38.96648044692738
4,45,59,0.002,384.440558648791,-74.37062942341393,742,35.04043126684636
6,52,64,0.002,384.339334756935,-74.377377682871,651,35.944700460829495
4,48,54,0.01,384.2662543942792,-74.38224970704806,589,31.40916808149406
4,45,53,0.007,384.23555650960265,-74.38429623269316,601,33.61064891846922
6,53,64,0.002,384.161853885011,-74.38920974099928,663,35.8974358974359
4,54,66,0.003,383.83111114201995,-74.41125925719867,740,38.37837837837838
4,47,56,0.007,383.57226403456207,-74.4285157310292,591,35.025380710659896
10,54,57,0.002,383.5664944678561,-74.4289003688096,645,34.72868217054263
8,55,60,0.002,383.493439970846,-74.43377066861026,672,35.56547619047619
4,49,55,0.01,383.3226373337447,-74.44515751108369,586,32.93515358361775
4,56,63,0.007,383.0380588975445,-74.46412940683035,632,42.24683544303797
4,56,64,0.005,382.9948763190374,-74.46700824539751,673,40.713224368499255
4,48,60,0.003,382.76164468212846,-74.48255702119144,698,34.95702005730659
8,54,55,0.007,382.73683854818483,-74.48421076345436,532,38.90977443609023
8,53,56,0.002,382.5719235028936,-74.4952050998071,716,33.24022346368715
8,56,58,0.005,382.5320765272757,-74.4978615648483,568,39.08450704225352
4,50,63,0.005,382.5060103982551,-74.499599306783,619,41.84168012924071
6,47,52,0.002,382.50478745434475,-74.49968083637701,694,34.14985590778098
6,51,54,0.005,382.4065633173333,-74.50622911217778,625,35.68
10,52,53,0.003,382.0797572711936,-74.52801618192042,610,35.24590163934426
4,55,59,0.01,381.76285323291484,-74.54914311780567,627,36.52312599681021
4,46,54,0.007,381.71286430051697,-74.55247571329888,603,34.660033167495854
4,50,63,0.003,381.539065633538,-74.56406229109747,720,39.02777777777778
4,57,62,0.01,381.15053246178064,-74.58996450254796,603,39.96683250414594
10,57,59,0.002,380.9688624059029,-74.60207583960647,653,32.7718223583461
8,56,59,0.003,380.86749717814286,-74.60883352145714,633,36.018957345971565
4,52,63,0.005,380.85183302663404,-74.6098777982244,642,42.05607476635514
8,59,61,0.003,380.6682543730449,-74.62211637513035,642,35.66978193146417
10,53,54,0.003,380.55207837060766,-74.62986144195949,618,34.46601941747573
6,58,59,0.01,380.37408445809353,-74.64172770279376,569,37.96133567662566
10,59,61,0.002,380.25394252419153,-74.64973716505389,638,31.661442006269592
10,55,56,0.003,380.18907069016086,-74.65406195398927,619,34.24878836833602
4,51,60,0.007,379.8469120813755,-74.6768725279083,617,39.546191247974065
4,49,58,0.007,379.79072899245665,-74.68061806716956,603,37.47927031509121
4,58,64,0.005,379.219688284874,-74.71868744767507,694,40.20172910662824
4,46,59,0.005,379.1750394761924,-74.72166403492051,601,37.60399334442596
6,56,65,0.002,379.148119656273,-74.7234586895818,696,35.63218390804598
4,60,69,0.003,379.0997380773757,-74.72668412817495,756,38.492063492063494
6,53,56,0.005,379.0946335184947,-74.72702443210035,629,36.88394276629571
4,52,57,0.01,379.07449729584357,-74.72836684694376,618,34.95145631067961
4,52,68,0.002,379.0163808332511,-74.73224127778326,770,37.532467532467535
6,58,62,0.005,378.8042740844885,-74.74638172770076,599,40.56761268781302
4,50,68,0.002,378.7232625768952,-74.75178249487365,749,37.24966622162884
4,50,60,0.007,378.65448353264776,-74.75636776449015,602,39.202657807308974
4,59,64,0.007,378.6281073214833,-74.75812617856778,650,39.84615384615385
4,45,56,0.003,378.4581738942507,-74.76945507371661,685,34.01459854014598
4,46,50,0.01,378.36274605873496,-74.77581692941767,609,28.078817733990146
6,57,64,0.003,378.3348935254653,-74.77767376496898,638,37.93103448275862
4,52,64,0.003,378.1891765906111,-74.7873882272926,729,38.820301783264746
6,59,61,0.007,377.88293732189993,-74.80780417854001,576,40.625
6,54,60,0.002,377.71512030442875,-74.81899197970475,772,34.4559585492228
8,60,61,0.003,377.5850451379209,-74.82766365747194,676,36.09467455621302
4,51,68,0.002,377.27420473896046,-74.84838635073596,760,37.5
4,54,62,0.007,377.05488758532874,-74.86300749431142,628,41.56050955414013
6,52,56,0.003,377.0431368472639,-74.86379087684907,707,35.36067892503536
4,60,65,0.005,376.9335386038926,-74.87109742640716,710,38.309859154929576
4,45,58,0.005,376.8723949972688,-74.87517366684875,595,36.806722689075634
6,54,64,0.002,376.72888208681616,-74.88474119421225,679,35.93519882179676
6,53,57,0.003,376.5921966093829,-74.89385355937448,709,35.119887165021154
6,51,55,0.003,376.56935775762935,-74.89537614949138,694,34.87031700288185
4,51,56,0.01,376.4253799858668,-74.90497466760888,618,34.14239482200647
6,57,60,0.003,376.33707113549826,-74.91086192430012,740,35.4054054054054
6,46,50,0.002,376.3128691462676,-74.91247539024883,701,32.52496433666191
6,51,52,0.007,376.3106358344361,-74.91262427770427,612,33.98692810457516
4,54,70,0.002,375.8088754180284,-74.94607497213144,769,35.890767230169054
6,53,59,0.002,375.7377179348354,-74.95081880434431,763,34.469200524246396
4,47,60,0.005,375.73227060396954,-74.95118195973535,609,37.60262725779967
4,50,56,0.01,375.61686703341934,-74.95887553110538,601,33.94342762063228
4,49,65,0.002,375.6088626745225,-74.95940915503184,760,37.10526315789473
8,54,58,0.003,375.57190379317336,-74.9618730804551,609,37.11001642036125
4,55,66,0.003,375.4465963049064,-74.97022691300623,752,38.16489361702128
4,46,60,0.002,375.2316764750786,-74.98455490166143,749,34.84646194926569
4,57,64,0.005,375.17290375900365,-74.9884730827331,680,40.14705882352941
6,58,64,0.003,375.1080759672021,-74.99279493551985,651,38.40245775729647
8,50,51,0.002,375.0853653789565,-74.99430897473623,729,32.23593964334705
4,53,61,0.007,374.98929360396016,-75.00071375973599,625,40.96
4,55,62,0.007,374.8618729587441,-75.00920846941706,639,40.845070422535215
6,57,66,0.002,374.853829983194,-75.00974466778707,678,35.25073746312684
4,47,51,0.01,374.71264972898587,-75.01915668473428,621,28.663446054750402
4,55,70,0.002,374.582680226229,-75.0278213182514,777,36.16473616473617
6,49,53,0.003,374.50367127597036,-75.03308858160199,682,34.75073313782991
4,46,57,0.003,374.3220147404404,-75.04519901730397,697,34.576757532281206
4,57,61,0.01,374.2732074505815,-75.0484528366279,614,39.08794788273616
6,55,61,0.002,374.27032344473366,-75.04864510368442,762,34.38320209973753
6,48,50,0.005,374.18738489238683,-75.05417434050754,624,33.65384615384615
4,48,57,0.007,374.14756366558146,-75.05682908896122,597,36.01340033500838
4,48,53,0.01,374.0680310033192,-75.06213126644539,606,29.7029702970297
6,52,53,0.007,374.02864095650085,-75.06475726956661,629,34.81717011128776
4,53,69,0.002,373.9509645183777,-75.06993569877483,767,36.89700130378096
4,49,62,0.003,373.9041423986674,-75.07305717342217,706,37.818696883852695
4,48,63,0.002,373.80409669539705,-75.07972688697353,754,37.0026525198939
4,45,58,0.002,373.7790631016528,-75.08139579322315,749,34.57943925233645
6,49,51,0.005,373.31038988972165,-75.11264067401856,636,34.74842767295597
4,57,63,0.007,373.15712822345085,-75.12285811843661,639,41.47104851330204
6,60,67,0.002,373.0403352453701,-75.13064431697532,708,35.87570621468927
4,48,56,0.007,373.0364242356342,-75.13090505095772,607,35.25535420098847
6,54,56,0.005,372.95451518159484,-75.13636565456035,656,36.58536585365854
4,59,68,0.003,372.8568632856141,-75.14287578095906,763,38.79423328964614
6,55,58,0.003,372.74243217102304,-75.1505045219318,731,34.47332421340629
4,59,63,0.01,372.55638876788515,-75.16290741547432,619,39.4184168012924
8,58,60,0.003,372.452164982748,-75.1698556678168,640,35.15625
4,56,59,0.01,372.20361950893925,-75.18642536607072,644,36.80124223602485
6,59,67,0.002,372.17344312689295,-75.1884371248738,690,35.65217391304348
4,54,58,0.01,371.97532982956795,-75.2016446780288,633,35.3870458135861
4,56,67,0.003,371.8217701428432,-75.21188199047712,747,38.82195448460509
4,47,55,0.007,371.66466257994665,-75.22235582800356,604,34.271523178807946
4,53,63,0.005,371.491269037123,-75.23391539752512,651,42.08909370199693
6,55,57,0.005,371.25254376703265,-75.24983041553116,649,36.67180277349769
6,48,50,0.003,371.1741374248695,-75.2550575050087,691,32.41678726483357
6,53,54,0.007,371.0660488320151,-75.26226341119899,619,34.41033925686591
6,58,66,0.002,371.018884840079,-75.26540767732807,691,35.60057887120116
4,51,63,0.003,370.95930133787675,-75.26937991080823,732,38.79781420765027
4,47,62,0.002,370.84017015728807,-75.27732198951414,752,36.3031914893617
4,49,54,0.01,370.7727961006781,-75.28181359328812,611,32.0785597381342
4,53,64,0.003,370.40915079126114,-75.30605661391591,742,38.94878706199461
6,47,51,0.002,370.30023587944277,-75.31331760803714,709,33.286318758815234
4,58,62,0.01,370.2141545679407,-75.31905636213729,623,39.48635634028893
10,53,55,0.002,370.128098378454,-75.3247934414364,653,32.7718223583461
10,54,55,0.003,370.07548963525494,-75.32830069098301,617,33.22528363047002
4,49,62,0.005,369.82127732438704,-75.3452481783742,618,40.29126213592233
10,56,57,0.003,369.72820846588564,-75.35145276894096,627,34.92822966507177
4,48,60,0.005,369.6025196824062,-75.35983202117292,621,37.52012882447665
4,47,61,0.002,369.48650559937516,-75.36756629337499,760,35.526315789473685
6,59,62,0.005,369.45210684818534,-75.36985954345431,612,40.19607843137255
4,56,70,0.002,369.3111968164456,-75.3792535455703,792,36.36363636363637
6,56,57,0.005,368.8445777920083,-75.41036148053279,680,36.029411764705884
6,48,53,0.002,368.7950957438721,-75.41366028374186,716,34.497206703910614
6,60,61,0.007,368.7417777461361,-75.41721481692426,606,40.099009900990104
6,60,64,0.003,368.5988449037538,-75.42674367308308,686,38.19241982507289
6,57,58,0.005,368.401432162008,-75.4399045225328,672,36.45833333333333
4,46,53,0.007,368.36603503158375,-75.44226433122775,621,33.33333333333333
4,48,59,0.003,368.196513299083,-75.45356578006113,709,34.55571227080395
4,51,62,0.005,368.14703407482926,-75.45686439501138,651,40.706605222734254
10,60,61,0.002,368.0500096836525,-75.4633326877565,669,31.390134529147986
4,52,60,0.007,367.9605130988327,-75.46929912674449,629,39.42766295707472
6,52,54,0.005,367.85231075095555,-75.47651261660296,659,35.204855842185125
4,47,58,0.003,367.7840728147698,-75.48106181234868,709,33.99153737658674
8,57,61,0.002,367.38716682904027,-75.50752221139732,695,34.10071942446043
4,56,62,0.007,367.18676590288703,-75.52088227314087,653,40.888208269525265
8,58,62,0.002,367.0080594845519,-75.5327960343632,672,33.18452380952381
4,50,67,0.002,366.69833208666466,-75.5534445275557,761,37.18791064388962
4,45,52,0.007,366.6559734067826,-75.55626843954782,619,32.794830371567045
6,52,58,0.002,366.64229867279914,-75.55718008848005,752,33.909574468085104
4,53,57,0.01,366.4394049617495,-75.57070633588336,637,35.00784929356358
4,52,56,0.01,366.4115433537338,-75.57256377641775,632,33.70253164556962
4,55,58,0.01,366.19962212662796,-75.5866918582248,649,34.82280431432974
4,49,61,0.005,365.97269173687596,-75.60182055087495,626,39.29712460063898
4,54,65,0.003,365.7021229707871,-75.61985846861418,753,37.98140770252324
4,58,63,0.007,365.2030606741402,-75.65312928839066,658,41.33738601823708
6,50,52,0.005,365.19182276874255,-75.65387848208383,643,34.99222395023328
4,51,67,0.002,364.58267085761304,-75.69448860949247,772,37.30569948186528
6,50,55,0.002,364.549910175396,-75.6966726549736,741,34.68286099865047
6,55,64,0.002,364.50483535255506,-75.699677643163,694,35.87896253602306
4,54,63,0.005,364.43782312748306,-75.70414512483447,669,41.554559043348284
8,52,54,0.002,364.4031746095615,-75.70645502602923,740,32.432432432432435
8,51,52,0.002,364.1384043973779,-75.72410637350814,753,31.872509960159363
4,54,61,0.007,364.04233067819314,-75.73051128812047,640,39.84375
8,56,60,0.002,363.31418628754716,-75.77905424749686,697,34.433285509325685
4,47,54,0.007,363.09911049033565,-75.79339263397762,624,33.01282051282051
6,49,52,0.003,363.0646701384045,-75.7956886574397,696,34.05172413793103
4,60,64,0.007,362.9860163406365,-75.80093224395756,666,38.288288288288285
4,50,62,0.005,362.89285399544417,-75.80714306697038,640,40.46875
4,60,63,0.01,362.77165624028515,-75.81522291731433,636,37.89308176100629
4,55,61,0.007,362.61886650270554,-75.82540889981964,652,39.57055214723926
8,55,58,0.003,362.5481795819312,-75.83012136120459,635,36.37795275590551
4,58,61,0.01,362.50876128534156,-75.83274924764389,635,38.582677165354326
4,52,67,0.002,362.4865952445509,-75.83422698369661,784,37.244897959183675
4,49,64,0.002,362.4246708784074,-75.83835527477284,764,37.17277486910995
4,46,58,0.005,362.41423636478044,-75.83905090901465,613,36.378466557911906
8,54,56,0.005,362.3693933004544,-75.84204044663637,565,38.58407079646018
4,56,66,0.003,362.27187946279054,-75.8485413691473,766,38.1201044386423
4,60,68,0.003,362.16151731073995,-75.85589884595068,773,38.42173350582148
6,56,61,0.002,362.11192028319306,-75.85920531445379,788,34.263959390862944
10,56,58,0.002,362.0001011687612,-75.86665992208259,673,33.87815750371471
4,59,64,0.005,361.6595612268046,-75.88936258487969,710,38.59154929577465
6,51,57,0.002,361.5873360808409,-75.89417759461061,736,33.96739130434783
10,55,57,0.002,361.34984568914325,-75.91001028739045,673,33.87815750371471
6,54,57,0.003,361.3237676872297,-75.91174882085136,736,34.23913043478261
4,52,62,0.005,361.32349526359883,-75.91176698242674,663,40.874811463046754
8,53,55,0.002,361.23039014037744,-75.91797399064151,737,32.56445047489824
4,57,67,0.003,361.20877766553343,-75.91941482229777,754,38.46153846153847
8,56,57,0.005,361.0847354772292,-75.92768430151806,595,37.47899159663866
6,59,64,0.003,361.04723831251755,-75.93018411249884,664,37.95180722891566
4,48,55,0.007,360.84907614861083,-75.94339492342594,622,34.244372990353696
8,54,59,0.002,360.6776713292413,-75.95482191138392,672,34.226190476190474
4,50,62,0.003,360.55028479137775,-75.96331434724148,737,37.99185888738128
6,50,53,0.003,360.00847766279287,-75.99943482248047,710,34.36619718309859
4,46,59,0.002,360.0025541008427,-75.99982972661049,759,34.51910408432148
6,48,52,0.002,359.981566494229,-76.00122890038473,730,34.10958904109589
8,59,60,0.003,359.8363576915942,-76.01090948722705,670,34.02985074626866
4,53,68,0.002,359.64568908019555,-76.02362072798697,786,37.531806615776084
4,55,63,0.005,359.6121232755545,-76.02585844829636,681,40.822320117474305
4,49,53,0.01,359.61160406615744,-76.02589306225617,628,30.254777070063692
4,49,57,0.007,359.46448819145587,-76.03570078723627,616,36.36363636363637
4,58,67,0.003,359.4065344004312,-76.03956437330459,767,38.33116036505867
6,57,59,0.003,358.7409192478713,-76.08393871680859,765,35.03267973856209
10,52,54,0.002,358.6418744173584,-76.09054170550944,651,32.41167434715822
4,48,52,0.01,358.3342051146957,-76.11105299235362,624,29.00641025641026
4,52,63,0.003,358.25221918376275,-76.11651872108249,746,38.47184986595174
6,60,62,0.005,358.21151940601976,-76.11923203959869,637,39.87441130298273
4,47,50,0.01,358.08899554395487,-76.12740029706968,633,26.856240126382307
4,46,56,0.003,357.6355375280958,-76.15763083146028,706,33.711048158640224
4,49,61,0.003,357.6155312810517,-76.15896458126322,716,36.592178770949715
6,56,58,0.003,357.6031669555737,-76.15978886962841,760,34.078947368421055
4,50,66,0.002,357.57600802497115,-76.16159946500191,776,37.24226804123711
4,51,59,0.007,357.5256023122138,-76.16495984585241,630,38.730158730158735
4,45,55,0.003,357.4110957064578,-76.17259361956948,698,33.5243553008596
6,58,61,0.005,357.3924655890501,-76.17383562739666,624,38.621794871794876
4,50,59,0.007,357.2238732383666,-76.18507511744222,615,38.3739837398374
4,49,56,0.007,357.0471341279842,-76.19685772480105,626,35.623003194888184
4,55,65,0.003,356.8439748511883,-76.21040167658745,766,37.59791122715404
6,58,60,0.007,356.83650333983985,-76.21089977734401,593,39.12310286677909
6,54,59,0.002,356.83204933075325,-76.21119671128311,790,33.67088607594937
4,57,60,0.01,356.5904116723497,-76.22730588851002,634,37.22397476340694
4,57,62,0.007,356.5847193687904,-76.22768537541398,660,40.0
4,45,54,0.003,356.4720961061856,-76.23519359292096,713,32.81907433380084
4,51,61,0.005,356.2987375878879,-76.24675082747414,662,39.42598187311178
4,45,57,0.005,355.898470462802,-76.27343530247987,606,36.303630363036305
8,55,56,0.005,355.720345272425,-76.28531031517167,594,37.878787878787875
6,47,50,0.002,355.7054170046989,-76.28630553302007,728,31.59340659340659
4,51,66,0.002,355.41203365670884,-76.30586442288607,788,37.309644670050766
4,56,58,0.01,355.34978393757854,-76.31001440416144,666,34.98498498498498
4,47,60,0.002,355.16187206084055,-76.32254186261062,771,34.37094682230869
4,53,60,0.007,355.1062158153171,-76.32625227897886,643,39.346811819595644
4,56,61,0.007,355.012744630532,-76.33248369129787,666,39.78978978978979
4,57,70,0.002,354.8384643003736,-76.3441023799751,796,36.05527638190954
4,45,51,0.007,354.80389852394904,-76.34640676507006,634,31.230283911671926
6,55,60,0.002,354.62172320436366,-76.35855178637576,791,33.88116308470291
4,47,59,0.005,354.6155064994662,-76.35896623336892,621,36.71497584541063
6,53,55,0.005,354.4548248827411,-76.36967834115059,654,35.16819571865443
10,54,56,0.002,354.32349406408093,-76.37843372906127,666,32.432432432432435
6,52,55,0.003,354.22925859798045,-76.38471609346797,730,34.52054794520548
10,57,58,0.002,354.15295563775413,-76.38980295748306,698,32.808022922636106
4,51,55,0.01,353.8107552865267,-76.41261631423156,635,32.59842519685039
4,48,58,0.003,353.29832078402353,-76.44677861439844,722,33.933518005540165
4,59,62,0.01,353.20797256952204,-76.45280182869854,643,37.947122861586315
6,56,64,0.002,353.1280773017693,-76.45812817988204,716,35.754189944134076
6,59,66,0.002,353.06431654575147,-76.4623788969499,707,35.64356435643564
4,50,55,0.01,353.05081561833856,-76.46327895877742,618,32.362459546925564
4,52,66,0.002,352.71449535454536,-76.48570030969697,801,37.07865168539326
6,51,54,0.003,352.61805052478104,-76.4921299650146,714,33.33333333333333
4,53,56,0.01,352.61311188994046,-76.4924592073373,651,33.794162826420894
4,48,54,0.007,352.5327849607885,-76.49781433594744,642,32.86604361370716
6,49,51,0.003,352.3995113552044,-76.50669924298637,713,33.2398316970547
8,55,59,0.002,352.3363923498015,-76.5109071766799,697,34.146341463414636
4,54,69,0.002,352.1408613885459,-76.52394257409694,790,36.32911392405063
8,57,58,0.005,352.11855391591405,-76.52542973893907,596,36.241610738255034
6,58,63,0.003,352.07333107822285,-76.52844459478514,685,37.22627737226277
4,45,56,0.005,352.0385983397998,-76.53076011068,616,35.714285714285715
4,53,62,0.005,351.89189497301425,-76.54054033513238,674,41.09792284866469
6,49,54,0.002,351.82712802298596,-76.54485813180094,733,34.106412005457024
6,49,50,0.005,351.7960929357168,-76.54692713761888,657,32.724505327245055
4,48,62,0.002,351.7474783220699,-76.550168111862,767,35.98435462842243
4,56,63,0.005,351.0425995461533,-76.59716003025645,694,40.778097982708935
4,46,52,0.007,350.95008643469396,-76.6033275710204,639,32.550860719874805
4,48,61,0.002,350.70788720822054,-76.61947418611862,775,35.35483870967742
4,48,59,0.005,350.59524615200024,-76.62698358986665,634,36.75078864353312
4,51,62,0.003,350.5525221153792,-76.62983185897471,749,37.78371161548731
4,58,70,0.002,350.4136680190461,-76.63908879873026,810,36.2962962962963
6,51,53,0.005,350.40146995529386,-76.6399020029804,651,34.254992319508446
4,54,57,0.01,350.3911680808109,-76.64058879461261,655,33.74045801526718
6,55,56,0.005,350.32276796304825,-76.64514880246345,678,35.693215339233035
10,58,59,0.002,350.01358457686814,-76.66576102820879,680,31.470588235294116
4,57,66,0.003,349.9664787429517,-76.66890141713655,775,37.67741935483871
8,52,53,0.002,349.7828280414254,-76.6811447972383,769,31.469440832249674
4,47,53,0.007,349.7629110396739,-76.68247259735507,642,31.775700934579437
6,60,66,0.002,349.7423052043987,-76.68384631970675,727,35.763411279229715
4,52,61,0.005,349.69480481294624,-76.68701301247025,674,39.61424332344214
8,57,59,0.003,349.2913665879078,-76.71390889413948,661,33.88804841149773
8,54,57,0.003,349.17292867891774,-76.72180475473883,640,35.3125
4,55,69,0.002,349.1477753835205,-76.72348164109863,801,36.329588014981276
4,50,61,0.005,349.09633002644694,-76.72691133157021,649,39.13713405238829
10,59,60,0.002,348.9874685024156,-76.73416876650563,668,30.988023952095805
4,53,63,0.003,348.9011779083978,-76.73992147277347,759,38.6034255599473
6,50,51,0.005,348.6305646709519,-76.75796235526987,665,33.83458646616541
6,59,60,0.007,348.44181141060994,-76.77054590595932,611,38.46153846153847
4,58,66,0.003,348.2203286814771,-76.78531142123487,788,37.56345177664975
4,59,63,0.007,348.11855584387143,-76.79209627707525,676,39.49704142011834
4,45,57,0.002,348.06951727272775,-76.79536551515149,757,33.81770145310436
4,60,64,0.005,347.94607258599353,-76.80359516093375,727,37.27647867950481
4,47,57,0.003,347.9253394849873,-76.80497736766752,720,33.05555555555556
4,48,51,0.01,347.9237677234571,-76.80508215176954,641,27.769110764430575
4,49,60,0.005,347.8033018429311,-76.81311321047126,639,37.558685446009385
4,57,59,0.01,347.7529786566052,-76.81646808955965,654,36.08562691131498
8,59,62,0.002,347.7130824113186,-76.81912783924543,704,33.096590909090914
4,51,58,0.007,347.5074871620745,-76.83283418919503,643,36.70295489891136
6,48,51,0.002,347.50342850342,-76.83310476643867,747,33.19946452476573
6,59,61,0.005,347.1433595722185,-76.85710936185211,640,38.28125
6,53,56,0.003,347.13840289069526,-76.857439807287,731,34.19972640218879
4,54,64,0.003,347.13088420046034,-76.85794105330265,764,37.95811518324607
4,50,61,0.003,347.1139325202314,-76.8590711653179,749,36.715620827770366
4,50,58,0.007,347.0595123769456,-76.8626991748703,627,36.68261562998405
6,60,63,0.003,346.76704798563856,-76.88219680095743,721,37.17059639389736
6,57,62,0.002,346.7564483675051,-76.88290344216632,785,34.64968152866242
4,46,58,0.002,346.61371843569486,-76.89241877095367,770,34.02597402597402
4,52,59,0.007,346.48998315576046,-76.90066778961597,643,38.72472783825817
4,59,67,0.003,346.16292456135875,-76.92247169590942,784,37.755102040816325
6,50,52,0.003,346.0792353547865,-76.92805097634756,727,33.28748280605227
6,55,57,0.003,346.076205933362,-76.92825293777587,756,33.730158730158735
4,59,61,0.01,345.856534744641,-76.9428976836906,655,37.25190839694656
4,49,55,0.007,345.62506997994313,-76.9583286680038,642,34.26791277258567
4,58,60,0.01,345.5625493805491,-76.9624967079634,656,36.890243902439025
4,58,63,0.005,345.0069153006846,-76.99953897995435,719,40.055632823365784
4,58,62,0.007,344.7917476526,-77.01388348982667,682,39.882697947214076
6,53,58,0.002,344.6151897360505,-77.02565401759664,774,33.0749354005168
4,57,61,0.007,344.59200589303623,-77.02719960713091,673,39.07875185735513
4,55,57,0.01,344.43106990811555,-77.0379286727923,672,33.18452380952381
4,54,60,0.007,344.39348076257744,-77.04043461582816,659,38.23975720789075
4,49,52,0.01,344.06858113692687,-77.06209459087154,647,29.520865533230296
4,52,55,0.01,344.0009303678609,-77.06660464214261,650,32.30769230769231
4,53,67,0.002,343.9607043960871,-77.0692863735942,800,37.25
4,56,65,0.003,343.7987312865649,-77.08008458089569,782,37.468030690537084
4,60,62,0.01,343.699947313566,-77.0866701790956,660,36.666666666666664
8,60,62,0.002,343.59721037585143,-77.09351930827657,737,33.51424694708277
4,54,62,0.005,343.2130184218563,-77.11913210520957,693,40.4040404040404
4,57,63,0.005,342.70273477111675,-77.15315101525889,701,40.22824536376605
4,56,69,0.002,342.6750191887105,-77.15499872075263,818,36.552567237163814
4,46,57,0.005,342.46026041315776,-77.16931597245616,625,36.0
4,49,60,0.003,342.3988699076313,-77.17340867282458,726,35.26170798898072
6,54,55,0.005,342.38931643553394,-77.1740455709644,684,34.7953216374269
6,52,57,0.002,342.38684283135194,-77.17421047790987,770,33.506493506493506
4,55,60,0.007,342.2740955076226,-77.1817269661585,671,37.85394932935917
6,56,60,0.002,342.09544162928034,-77.19363722471464,818,33.74083129584352
4,50,65,0.002,341.9780961057302,-77.20146025961799,789,36.88212927756654
8,57,60,0.002,341.8713919412714,-77.20857387058192,716,32.960893854748605
6,58,59,0.007,341.8221673301381,-77.21185551132412,620,37.74193548387097
4,51,54,0.01,341.81535196385687,-77.21230986907621,661,31.77004538577912
6,51,56,0.002,341.3238420634392,-77.24507719577072,753,33.731739707835324
8,56,58,0.003,340.9580353208963,-77.26946431194025,661,35.09833585476551
6,57,65,0.002,340.8994164152082,-77.27337223898611,715,34.96503496503497
8,54,55,0.005,340.84735955097364,-77.27684269660176,590,36.440677966101696
4,45,56,0.002,340.8312958072376,-77.27791361285082,765,33.20261437908496
4,50,54,0.01,340.73629026335936,-77.28424731577604,643,31.57076205287714
4,45,55,0.005,340.65808595286165,-77.28946093647589,629,35.453100158982515
4,49,63,0.002,340.6247700533061,-77.29168199644626,779,37.09884467265726
4,47,58,0.005,340.02795646734074,-77.33146956884394,633,35.3870458135861
4,45,50,0.007,339.98706023985903,-77.3341959840094,647,29.984544049459043
8,53,54,0.002,339.9782183693724,-77.33478544204185,772,31.73575129533679
4,45,53,0.003,339.80330576235565,-77.34644628250962,728,32.28021978021978
4,53,61,0.005,339.7444863573159,-77.35036757617894,685,39.70802919708029
4,47,59,0.002,339.2366472727159,-77.38422351515227,781,33.80281690140845
4,46,51,0.007,339.0985947667532,-77.39342701554979,654,31.039755351681958
4,59,70,0.002,339.06877661299126,-77.39541489246726,826,36.19854721549637
4,52,62,0.003,338.99465276983983,-77.40035648201068,764,37.56544502617801
4,49,54,0.007,338.9866429114259,-77.4008904725716,665,33.23308270676692
4,48,53,0.007,338.77046275562043,-77.41530248295864,661,31.46747352496218
6,59,63,0.003,338.3647642670985,-77.4423490488601,699,36.9098712446352
4,51,65,0.002,338.21604173550355,-77.45226388429977,802,36.78304239401496
4,55,62,0.005,338.08084385088847,-77.46127707660744,705,39.71631205673759
6,60,61,0.005,338.0513403011701,-77.463243979922,670,37.91044776119403
4,46,55,0.003,337.7464622212171,-77.4835691852522,719,33.24061196105703
4,54,68,0.002,337.1910221337816,-77.52059852441457,808,36.88118811881188
4,48,60,0.002,337.1112824954633,-77.52591450030245,786,34.223918575063614
6,58,60,0.005,337.07910698112454,-77.5280595345917,656,37.65243902439025
4,51,61,0.003,336.9494161641333,-77.53670558905779,762,36.48293963254593
4,46,54,0.003,336.57736623695183,-77.56150891753654,735,32.517006802721085
4,51,60,0.005,336.5075704832824,-77.56616196778118,676,37.721893491124256
6,49,50,0.003,336.4917109283281,-77.5672192714448,731,31.326949384404923
6,58,65,0.002,336.32040299521793,-77.57863980031881,730,35.342465753424655
4,52,58,0.007,336.31535389062145,-77.5789764072919,657,36.68188736681887
4,55,64,0.003,336.2426337484272,-77.58382441677152,779,37.48395378690629
4,53,59,0.007,336.1745800648361,-77.58836132901092,660,38.78787878787879
4,60,61,0.01,336.09719891514646,-77.59352007232356,673,36.2555720653789
4,59,66,0.003,336.08067520698523,-77.59462165286766,804,36.81592039800995
4,54,56,0.01,335.92699094627073,-77.60486727024862,669,32.585949177877424
8,55,57,0.003,335.9061358629025,-77.60625760913985,668,34.880239520958085
6,49,53,0.002,335.8924848815694,-77.60716767456204,753,33.59893758300132
10,56,57,0.002,335.5471583384191,-77.6301894441054,713,32.81907433380084
4,48,58,0.005,335.5024762948566,-77.63316824700956,646,35.44891640866873
6,55,59,0.002,335.38650884875744,-77.64089941008282,811,33.292231812577064
4,60,67,0.003,335.2127462407943,-77.65248358394705,795,37.10691823899371
4,45,54,0.005,335.13351654564264,-77.65776556362383,645,34.418604651162795
4,56,60,0.007,335.09471593140614,-77.6603522712396,685,37.95620437956204
6,52,53,0.005,334.7583982439344,-77.68277345040437,687,33.770014556040756
4,52,65,0.002,334.5406097361539,-77.6972926842564,815,36.56441717791411
4,53,66,0.002,334.46537929395856,-77.70230804706944,819,36.996336996337
6,53,54,0.005,334.4520589155384,-77.70319607229744,680,33.82352941176471
4,52,60,0.005,334.43242084383024,-77.70450527707798,689,38.02612481857765
6,48,50,0.002,334.3067059417905,-77.7128862705473,768,31.510416666666668
10,53,54,0.002,334.05956780553277,-77.72936214629782,694,31.84438040345821
4,60,63,0.007,334.030390165609,-77.73130732229274,693,37.95093795093795
6,54,56,0.003,333.9852644211668,-77.73431570525555,761,33.77135348226019
4,60,70,0.002,333.9378258022801,-77.73747827984799,836,35.88516746411483
4,56,57,0.01,333.7602807595017,-77.74931461603322,690,33.33333333333333
4,58,59,0.01,333.69776377604745,-77.75348241493016,678,35.84070796460177
4,48,57,0.003,333.67370346046596,-77.75508643596893,735,32.92517006802721
8,58,59,0.003,333.56329562236925,-77.76244695850872,677,33.53028064992615
6,50,51,0.003,333.28299155952345,-77.78113389603178,745,32.348993288590606
4,49,51,0.01,333.1046536331518,-77.79302309112322,666,28.22822822822823
4,47,52,0.007,332.9641957005522,-77.80238695329652,661,31.01361573373676
6,50,54,0.002,332.9130013467058,-77.8057999102196,759,33.59683794466403
4,58,61,0.007,332.7152159152803,-77.81898560564798,696,38.93678160919541
4,56,62,0.005,332.26758479859177,-77.84882768009388,718,39.83286908077994
8,58,61,0.002,332.0394461198465,-77.86403692534356,713,32.959326788218796
4,48,50,0.01,331.98746710763703,-77.8675021928242,654,25.993883792048926
8,56,59,0.002,331.7706228482702,-77.88195847678199,724,33.28729281767956
4,57,65,0.003,331.6790279502824,-77.8880648033145,792,36.994949494949495
4,46,56,0.005,331.66383393361923,-77.88907773775871,636,35.22012578616352
4,51,53,0.01,331.43361931559974,-77.90442537896001,679,30.04418262150221
4,54,61,0.005,331.36837966890016,-77.90877468874,705,39.148936170212764
4,50,64,0.002,330.9915045912158,-77.93389969391895,794,36.90176322418136
4,53,55,0.01,330.92865751287167,-77.9380894991419,671,32.3397913561848
4,50,60,0.003,330.7899453544058,-77.94733697637295,761,35.4796320630749
4,50,60,0.005,330.6215616711429,-77.95856255525713,663,37.405731523378584
4,47,56,0.003,330.58097995946787,-77.96126800270214,729,32.098765432098766
6,51,52,0.005,330.56723734640696,-77.9621841769062,672,33.035714285714285
6,52,54,0.003,330.5144600955449,-77.96570266029701,754,33.02387267904509
10,52,53,0.002,330.4194712440932,-77.97203525039379,686,32.798833819241985
4,50,53,0.01,330.3873312457222,-77.97417791695185,661,29.80332829046899
10,55,56,0.002,330.3047801247541,-77.97968132501639,701,31.526390870185452
4,49,59,0.005,330.20872532433174,-77.98608497837789,652,36.963190184049076
4,58,65,0.003,330.01971083864754,-77.99868594409017,805,37.01863354037267
4,52,54,0.01,329.716949309326,-78.01887004604492,679,31.22238586156112
4,51,57,0.007,329.69477709769876,-78.02034819348675,660,35.60606060606061
4,50,57,0.007,329.4372232842689,-78.0375184477154,643,35.45878693623639
4,55,56,0.01,329.4313259650961,-78.03791160232693,687,31.877729257641924
4,57,69,0.002,329.18450854088195,-78.05436609727454,822,36.25304136253041
4,59,60,0.01,329.17481095879356,-78.0550126027471,677,35.89364844903989
4,57,58,0.01,329.15280546968637,-78.05647963535425,676,34.171597633136095
4,53,62,0.003,329.1386332821681,-78.05742444785547,778,37.789203084832906
6,49,52,0.002,329.0917939630816,-78.06054706912789,767,32.98565840938723
6,59,60,0.005,328.75422237243504,-78.08305184183766,673,37.147102526002975
4,59,63,0.005,328.5916186029997,-78.09389209313335,738,38.482384823848236
4,55,68,0.002,328.2955994456494,-78.11362670362337,820,36.70731707317073
6,57,58,0.003,328.2597022493442,-78.11601985004373,782,33.37595907928389
4,49,59,0.003,328.0325781073391,-78.13116145951074,737,34.599728629579374
4,59,62,0.007,327.95128667759127,-78.13658088816058,701,38.088445078459344
6,57,61,0.002,327.48536371095855,-78.16764241926944,810,33.58024691358025
6,54,58,0.002,327.2754863682527,-78.18163424211649,801,32.33458177278402
4,55,61,0.005,327.0391075407653,-78.19739283061564,718,38.85793871866296
4,53,58,0.007,326.8361865139439,-78.2109208990704,676,36.83431952662722
4,54,63,0.003,326.70019771704887,-78.2199868188634,782,37.97953964194373
6,53,55,0.003,326.63233437869906,-78.22451104142006,755,33.24503311258278
4,57,60,0.007,326.6144461962894,-78.22570358691404,693,37.37373737373738
4,47,58,0.002,326.3784764573459,-78.24143490284361,793,33.16519546027743
4,52,61,0.003,325.84004714695755,-78.27733019020283,777,36.293436293436294
4,45,52,0.003,325.7377085205427,-78.28415276529715,746,31.501340482573724
4,54,59,0.007,325.5944857814947,-78.29370094790036,677,37.66617429837518
6,56,57,0.003,324.8898426879072,-78.34067715413951,787,33.03684879288437
4,49,53,0.007,324.56082614971126,-78.36261159001924,684,31.725146198830412
6,56,59,0.002,324.4573328697131,-78.36951114201912,841,33.41260404280618
10,54,55,0.002,324.3840439907207,-78.37439706728529,696,30.603448275862068
4,58,69,0.002,324.253179231944,-78.38312138453706,836,36.24401913875598
4,58,62,0.005,324.1783155468072,-78.38811229687951,745,39.06040268456376
4,51,64,0.002,323.9147496971478,-78.40568335352349,808,36.757425742574256
4,46,57,0.002,323.8371547785663,-78.41085634809558,779,33.37612323491656
4,55,59,0.007,323.7140956675532,-78.41906028882978,690,37.2463768115942
4,48,59,0.002,323.62464579531814,-78.42502361364545,797,33.75156838143036
6,52,56,0.002,323.50331656558575,-78.43311222896094,788,33.24873096446701
4,56,64,0.003,323.4065842648037,-78.43956104901308,796,37.31155778894472
4,54,55,0.01,323.3620564202862,-78.44252957198093,693,31.16883116883117
4,57,62,0.005,323.34907065578756,-78.44339528961416,725,39.17241379310345
8,54,58,0.002,323.0936729668612,-78.46042180220924,693,34.1991341991342
4,50,56,0.007,323.01773853646705,-78.46548409756886,654,34.5565749235474
4,54,67,0.002,322.9136554319361,-78.47242297120425,822,36.73965936739659
4,53,60,0.005,322.80316019996695,-78.4797893200022,704,38.06818181818182
6,53,57,0.002,322.54435595404686,-78.49704293639688,793,32.66078184110971
4,46,50,0.007,322.36416416374897,-78.50905572241673,669,29.74588938714499
6,51,55,0.002,322.36245648371033,-78.50916956775265,773,32.988357050452784
6,51,53,0.003,322.1717826998474,-78.52188115334351,740,32.432432432432435
4,47,51,0.007,321.8614739858792,-78.54256840094138,677,29.68980797636632
4,47,57,0.005,321.8480982738119,-78.5434601150792,644,34.62732919254658
4,56,68,0.002,321.77365920653557,-78.54842271956429,837,36.79808841099164
4,60,66,0.003,321.17366297707446,-78.58842246819503,820,35.97560975609756
4,51,60,0.003,321.0130769237477,-78.59912820508349,775,35.35483870967742
4,51,56,0.007,320.96499891953135,-78.60233340536458,672,34.82142857142857
4,45,53,0.005,320.9552345361834,-78.60298436425444,661,33.13161875945537
4,46,55,0.005,320.9419858516709,-78.6038676098886,649,34.9768875192604
6,59,65,0.002,320.52584217425857,-78.6316105217161,747,35.475234270414994
8,54,56,0.003,320.3494701200134,-78.64336865866576,664,34.93975903614458
4,46,53,0.003,320.2194803657054,-78.65203464228631,750,31.866666666666667
4,49,62,0.002,320.0353435313754,-78.66431043124163,793,36.0655737704918
4,45,55,0.002,319.99679571826226,-78.66688028544918,778,32.64781491002571
4,48,52,0.007,319.9768276246621,-78.66821149168919,681,30.54331864904552
4,56,61,0.005,319.4378598199864,-78.70414267866758,732,39.07103825136612
4,52,64,0.002,319.28209807236493,-78.71452679517567,823,36.57351154313487
6,50,53,0.002,319.2717189785336,-78.71521873476442,782,33.248081841432224
4,51,52,0.01,319.2184625853621,-78.71876916097587,699,29.0414878397711
6,58,62,0.003,319.09609883258173,-78.72692674449455,711,36.427566807313646
4,52,53,0.01,318.86500586495305,-78.74233294233646,698,29.512893982808023
4,45,51,0.003,318.2545965191214,-78.78302689872524,756,30.29100529100529
4,50,52,0.01,318.2278626640548,-78.78480915572969,681,28.781204111600587
4,50,63,0.002,318.10015652571866,-78.79332289828542,809,37.08281829419035
6,49,51,0.002,318.0912558583383,-78.79391627611079,787,32.02033036848793
4,46,56,0.002,318.0418790012593,-78.79720806658271,788,32.86802030456853
4,51,59,0.005,317.66412420128876,-78.82239171991408,691,36.90303907380608
8,59,61,0.002,317.6472251955364,-78.82351832029757,744,32.39247311827957
6,57,64,0.002,317.576377966484,-78.82824146890106,735,35.10204081632653
4,59,65,0.003,317.4548064331197,-78.83634623779201,824,36.04368932038835
8,58,60,0.002,317.36537933714516,-78.84230804419032,736,32.20108695652174
6,58,59,0.005,317.35961232019497,-78.842692511987,684,36.69590643274854
4,52,57,0.007,317.3396276087656,-78.84402482608229,675,35.40740740740741
4,53,65,0.002,317.126987010152,-78.85820086598987,833,36.49459783913566
4,48,57,0.005,317.04383924739477,-78.86374405017368,659,34.59787556904401
4,48,56,0.003,317.03979951545233,-78.86401336563651,744,31.989247311827956
4,49,58,0.005,316.55653635369146,-78.89623090975391,665,35.78947368421053
4,59,61,0.007,316.46460189229475,-78.90235987384702,715,37.34265734265734
4,56,59,0.007,316.4540074418186,-78.90306617054543,706,37.39376770538244
4,60,63,0.005,316.41002346205295,-78.90599843586314,756,37.16931216931217
4,55,63,0.003,316.1993609350777,-78.92004260432816,797,37.51568381430364
6,55,56,0.003,316.05958636458547,-78.92936090902764,785,33.12101910828025
4,52,59,0.005,315.84399542797786,-78.9437336381348,705,37.163120567375884
4,50,59,0.003,315.8306444563985,-78.94462370290677,774,34.62532299741602
4,53,61,0.003,315.6026559769879,-78.95982293486747,791,36.40960809102402
8,60,61,0.002,315.5736872920601,-78.96175418052933,775,32.903225806451616
4,58,60,0.007,315.5223254609693,-78.96517830260204,717,37.37796373779637
4,47,56,0.005,315.4757801857774,-78.96828132094818,656,33.993902439024396
4,46,54,0.005,315.4566521328059,-78.96955652447961,666,33.933933933933936
4,54,58,0.007,315.4558364927985,-78.9696109004801,693,35.78643578643579
4,49,58,0.003,315.3202866012654,-78.97864755991564,751,34.0878828229028
4,54,60,0.005,315.2712965125651,-78.981913565829,724,37.569060773480665
6,54,55,0.003,314.97259626673525,-79.00182691555098,786,32.82442748091603
4,49,50,0.01,314.75504043069026,-79.01633063795398,681,26.725403817914835
6,60,65,0.002,314.69970124853387,-79.02001991676441,770,35.45454545454545
4,53,54,0.01,314.6696115560887,-79.02202589626074,702,31.196581196581196
4,45,54,0.002,314.5584416411456,-79.02943722392362,794,31.863979848866496
4,60,62,0.007,314.4675100585382,-79.03549932943079,718,36.768802228412255
4,52,60,0.003,314.3410596360239,-79.04392935759842,791,35.39823008849557
6,60,62,0.003,313.7523013164135,-79.0831799122391,754,36.07427055702917
4,59,69,0.002,313.3439480549446,-79.11040346300369,852,36.15023474178404
4,55,58,0.007,313.2689458440516,-79.11540361039656,708,35.31073446327684
4,50,59,0.005,312.8263508299554,-79.14490994466964,678,36.57817109144543
4,58,61,0.005,312.8237812724077,-79.14508124850616,759,38.3399209486166
4,48,58,0.002,312.7238522681272,-79.15174318212486,809,33.25092707045735
8,56,57,0.003,312.6099311340634,-79.15933792439577,696,33.47701149425287
4,55,67,0.002,312.2383460003812,-79.18411026664126,833,36.49459783913566
4,50,55,0.007,312.15572747941445,-79.18961816803903,671,32.93591654247392
6,58,64,0.002,312.0580733054325,-79.1961284463045,751,35.41944074567244
4,47,55,0.003,311.9310375704188,-79.20459749530542,743,31.62853297442799
4,47,54,0.003,311.82606399014924,-79.21159573399005,760,30.789473684210527
4,57,64,0.003,311.5217855795977,-79.23188096136016,806,36.848635235732004
4,54,66,0.002,311.4418348400256,-79.23721101066496,842,36.342042755344416
4,51,63,0.002,311.39455429406723,-79.24036304706219,824,37.01456310679612
4,58,64,0.003,311.20765247542863,-79.25282316830476,821,37.028014616321556
4,55,60,0.005,310.9325175397198,-79.27116549735202,738,37.262872628726285
8,57,58,0.003,310.8245874461433,-79.27836083692378,693,32.900432900432904
4,48,56,0.005,310.76664139421075,-79.28222390705261,671,33.97913561847988
4,57,61,0.005,310.7102464476508,-79.28598357015662,739,38.56562922868741
6,57,60,0.002,310.6475763852992,-79.29016157431339,841,33.17479191438763
6,59,62,0.003,310.6228911244306,-79.29180725837129,727,36.17606602475929
4,51,55,0.007,310.1720146611839,-79.32186568925441,689,33.236574746008706
4,45,52,0.005,309.80863347592054,-79.3460911016053,679,32.54786450662739
4,49,61,0.002,309.5181960210983,-79.36545359859345,802,35.41147132169576
8,55,58,0.002,309.48360720697195,-79.36775951953521,721,33.70319001386963
4,57,68,0.002,309.10599820809705,-79.39293345279353,841,36.385255648038054
6,51,52,0.003,308.8977120814968,-79.40681919456688,760,31.57894736842105
8,57,59,0.002,308.81743199730295,-79.4121712001798,751,31.424766977363518
4,54,62,0.003,308.75072517040365,-79.41661832197309,802,37.1571072319202
4,60,69,0.002,308.6022776470559,-79.4265148235296,862,35.84686774941995
4,48,51,0.007,308.48416086192685,-79.43438927587154,698,29.083094555873924
4,59,62,0.005,308.08627738385854,-79.46091484107609,765,37.51633986928105
4,52,56,0.007,308.0455339864581,-79.46363106756947,688,34.30232558139535
6,49,50,0.002,307.714769157879,-79.4856820561414,806,30.3970223325062
6,55,58,0.002,307.65727006068846,-79.48951532928743,823,31.95625759416768
4,50,51,0.01,307.62267897247244,-79.49182140183517,702,27.492877492877493
4,53,57,0.007,307.38944705620315,-79.50737019625312,696,35.63218390804598
6,50,52,0.002,306.562474374834,-79.5625017083444,799,32.29036295369212
4,53,59,0.005,306.49201096607806,-79.56719926892812,723,37.344398340248965
4,46,52,0.003,306.4733718373354,-79.56844187751098,768,31.119791666666668
6,54,57,0.002,306.21687604065426,-79.58554159728972,823,31.95625759416768
4,49,52,0.007,306.1841731128546,-79.58772179247636,705,30.78014184397163
4,51,59,0.003,305.791821427369,-79.61387857150874,788,34.51776649746193
4,57,59,0.007,305.5349508799704,-79.63100327466864,715,36.78321678321678
4,50,54,0.007,305.48256907639046,-79.6344953949073,694,31.988472622478387
4,51,58,0.005,305.33073312106416,-79.64461779192906,706,35.41076487252124
4,45,50,0.003,305.3145986977753,-79.6456934201483,768,29.427083333333332
6,52,55,0.002,304.7951929934959,-79.68032046710027,811,32.79901356350185
8,54,55,0.003,304.7324453964541,-79.68450364023639,686,33.38192419825073
8,55,56,0.003,304.6838045431269,-79.68774636379155,699,34.33476394849785
4,47,55,0.005,304.503865089135,-79.699742327391,670,33.582089552238806
4,58,68,0.002,304.4754538508029,-79.70163640994647,855,36.25730994152047
4,56,58,0.007,304.3424797285119,-79.71050135143254,725,35.44827586206897
4,55,62,0.003,304.0879890023661,-79.72746739984227,817,36.84210526315789
4,47,50,0.007,303.91607037891373,-79.73892864140575,692,28.32369942196532
4,51,54,0.007,303.84850191890143,-79.74343320540657,713,32.25806451612903
4,56,63,0.003,303.7739862725732,-79.74840091516178,815,37.30061349693251
4,56,60,0.005,303.7056292692681,-79.75295804871546,752,37.36702127659575
4,53,64,0.002,303.6339557557821,-79.75773628294786,840,36.42857142857142
4,47,57,0.002,303.46023043863073,-79.76931797075795,803,32.378580323785805
4,52,58,0.005,303.1614440530786,-79.7892370631281,721,35.64493758668516
4,60,61,0.007,303.0480692476281,-79.79679538349146,733,36.289222373806275
6,53,54,0.003,303.03123956627314,-79.79791736224846,778,31.876606683804624
4,56,67,0.002,302.42349957628176,-79.83843336158122,851,36.54524089306698
4,53,60,0.003,302.26955140752335,-79.84869657283178,808,35.396039603960396
6,58,63,0.002,302.0160872991743,-79.86559418005506,782,34.52685421994885
8,54,57,0.002,302.0089744724906,-79.86606836850063,723,33.19502074688796
4,60,65,0.003,301.67071933942935,-79.8886187107047,842,35.03562945368171
4,46,53,0.005,301.5275996521928,-79.89816002318715,682,32.55131964809384
4,50,58,0.003,301.1832493156859,-79.92111671228761,789,34.09378960709759
4,52,63,0.002,300.75010500122755,-79.94999299991817,841,36.623067776456594
4,52,59,0.003,300.4514101292778,-79.96990599138147,804,34.57711442786069
8,59,60,0.002,300.37884710779235,-79.97474352614718,773,31.4359637774903
4,45,53,0.002,300.1731255187561,-79.98845829874959,810,30.987654320987655
4,50,62,0.002,300.15742439203865,-79.98950504053074,825,36.24242424242424
6,52,53,0.003,299.9099232610075,-80.00600511593284,782,32.09718670076726
4,59,60,0.007,299.64360778361254,-80.0237594810925,737,36.092265943012215
4,48,55,0.005,299.4549276671692,-80.03633815552205,687,33.18777292576419
4,48,55,0.003,299.0630491757836,-80.06246338828109,760,31.44736842105263
4,46,51,0.003,298.98569666751985,-80.06762022216535,778,29.94858611825193
4,48,54,0.003,298.96240603605963,-80.06917293092935,777,30.630630630630627
6,51,54,0.002,298.9525989144156,-80.06982673903896,792,32.196969696969695
4,54,59,0.005,298.938145648649,-80.07079029009006,744,36.82795698924731
4,58,60,0.005,298.8133603624117,-80.07910930917255,781,36.875800256081945
4,47,54,0.005,298.7802233574229,-80.08131844283848,689,32.365747460087086
4,49,57,0.005,298.65808087332886,-80.0894612751114,680,35.0
4,46,55,0.002,298.6004613912497,-80.09330257391669,801,32.33458177278402
4,49,57,0.003,298.5984363622424,-80.0934375758505,765,32.94117647058823
6,58,61,0.003,298.5921332329433,-80.09385778447044,739,34.912043301759134
4,55,66,0.002,298.5920410815508,-80.09386392789662,854,35.94847775175644
4,50,58,0.005,298.07259562153433,-80.12849362523104,691,35.31114327062229
4,47,56,0.002,297.8781342841748,-80.14145771438834,812,31.896551724137932
4,54,57,0.007,297.6449831669463,-80.15700112220358,715,34.4055944055944
6,50,51,0.002,297.629539828284,-80.1580306781144,820,31.341463414634145
4,49,60,0.002,297.5184756948612,-80.16543495367591,813,34.31734317343174
4,52,55,0.007,297.3433220263222,-80.17711186491185,706,33.0028328611898
4,53,56,0.007,297.3286878696922,-80.17808747535385,710,34.647887323943664
4,59,61,0.005,297.29537611667394,-80.1803082588884,779,36.97047496790758
4,51,58,0.003,297.0502502590725,-80.1966499827285,805,33.91304347826087
4,57,60,0.005,296.6392304780838,-80.22405130146109,760,36.973684210526315
4,60,62,0.005,296.4652131131256,-80.23565245912496,783,36.39846743295019
6,53,56,0.002,296.407202854796,-80.23951980968027,812,32.389162561576356
4,47,53,0.003,296.12906854165436,-80.25806209722303,775,30.193548387096776
4,54,61,0.003,296.05604442309516,-80.26293037179366,816,35.90686274509804
4,59,64,0.003,295.84438622965706,-80.27704091802286,841,35.6718192627824
4,54,65,0.002,295.6907626745133,-80.28728248836579,855,35.78947368421053
4,58,59,0.007,295.64010908935506,-80.29065939404299,740,36.75675675675676
4,55,57,0.007,295.1363901596837,-80.32424065602109,731,33.926128590971274
4,55,59,0.005,294.9364893343376,-80.33756737771083,759,36.49538866930172
4,50,53,0.007,294.516825627204,-80.36554495818639,713,30.575035063113603
4,45,51,0.005,294.4178477624192,-80.3721434825054,692,30.924855491329478
4,49,51,0.007,294.33162730870475,-80.37789151275302,724,29.2817679558011
4,53,58,0.005,294.21363338105476,-80.38575777459636,741,35.76248313090418
4,56,62,0.003,294.12420899040325,-80.39171940063979,835,36.76646706586826
6,57,59,0.002,293.8612691357309,-80.40924872428461,864,32.754629629629626
4,51,62,0.002,293.8300578266356,-80.41132947822429,840,36.19047619047619
4,48,54,0.005,293.8261888652466,-80.41158740898355,706,32.01133144475921
6,59,64,0.002,293.6798535690255,-80.4213430953983,769,35.110533159947984
6,56,58,0.002,293.44069350662676,-80.43728709955822,856,31.6588785046729
4,46,54,0.002,293.28022421283333,-80.44798505247778,818,31.54034229828851
4,51,53,0.007,292.941415699426,-80.47057228670494,732,30.87431693989071
4,50,61,0.002,292.2048635889336,-80.51967576073775,836,35.526315789473685
4,55,61,0.003,292.1440370303499,-80.52373086464334,832,35.9375
4,59,68,0.002,292.0741227507023,-80.52839181661984,872,36.12385321100918
4,52,58,0.003,291.4588823639192,-80.56940784240538,822,33.941605839416056
4,57,58,0.007,291.0924616050972,-80.59383589299351,735,34.82993197278911
4,49,56,0.005,291.05341028375,-80.59643931441667,693,34.34343434343434
4,46,52,0.005,290.85128070067185,-80.60991461995522,699,32.04577968526466
4,48,50,0.007,290.84560812236157,-80.61029279184257,714,27.73109243697479
4,57,63,0.003,290.79361670339074,-80.61375888644062,826,36.92493946731235
8,56,58,0.002,290.66137603003375,-80.62257493133109,754,33.02387267904509
4,57,67,0.002,290.58967170202436,-80.62735521986504,857,36.17269544924154
4,53,59,0.003,290.4588837043224,-80.63607441971185,824,34.70873786407767
4,48,57,0.002,289.50040816924434,-80.69997278871705,821,32.39951278928137
6,59,61,0.003,289.4746363144806,-80.70169091236797,758,34.696569920844325
4,58,63,0.003,289.33270734241665,-80.7111528438389,845,36.92307692307693
4,56,66,0.002,289.2061502573975,-80.71958998284016,872,36.00917431192661
6,60,61,0.003,289.17428643068354,-80.72171423795443,790,34.55696202531646
4,52,54,0.007,288.9840011514839,-80.7343999232344,733,31.78717598908595
4,51,57,0.005,288.75517275821215,-80.74965514945252,725,34.62068965517241
4,46,50,0.003,288.0378169111062,-80.79747887259292,792,29.040404040404038
4,60,68,0.002,287.654317506807,-80.8230454995462,882,35.827664399092974
6,60,64,0.002,287.3090723972958,-80.84606184018028,794,34.886649874055415
6,55,57,0.002,287.2359424871344,-80.85093716752438,847,31.52302243211334
4,56,59,0.005,287.2055745138205,-80.85296169907863,775,36.645161290322584
8,55,57,0.002,287.14494775283833,-80.85700348314411,754,32.891246684350136
4,51,61,0.002,286.801315292573,-80.87991231382847,852,35.44600938967136
4,49,59,0.002,286.76435443353387,-80.88237637109773,822,33.81995133819951
4,54,56,0.007,286.7562103553603,-80.88291930964265,729,33.470507544581615
4,53,63,0.002,286.54944157989024,-80.89670389467398,858,36.5967365967366
4,53,55,0.007,286.3973806943552,-80.90684128704298,730,33.28767123287671
4,56,57,0.007,286.3269042498252,-80.91153971667833,749,34.045393858477965
4,45,52,0.002,286.0934338841236,-80.9271044077251,828,30.193236714975846
4,60,61,0.005,285.69950013690004,-80.95336665753999,798,36.09022556390977
4,54,58,0.005,285.4339105074802,-80.97107263283465,763,35.38663171690695
4,58,67,0.002,285.2900718366647,-80.98066187755568,873,35.967926689576174
4,52,57,0.005,285.14314235005395,-80.99045717666307,741,34.68286099865047
4,49,56,0.003,285.07737167942133,-80.99484188803858,775,32.12903225806451
4,47,53,0.005,285.06573300612826,-80.99561779959144,705,31.06382978723404
4,50,57,0.003,284.99218511075856,-81.0005209926161,807,32.96158612143743
6,58,60,0.003,284.8450449035592,-81.01033033976273,771,34.24124513618677
6,51,53,0.002,284.8268164854199,-81.01154556763868,815,31.533742331288344
8,58,59,0.002,284.8258374945328,-81.01161083369782,773,30.659767141009052
4,48,56,0.002,284.17510042523236,-81.0549933049845,830,31.92771084337349
4,47,52,0.003,283.74858663004466,-81.08342755799703,794,29.47103274559194
6,59,63,0.002,283.6722648087909,-81.08851567941394,801,34.332084893882644
4,55,56,0.007,283.6663700021513,-81.08890866652325,746,32.84182305630027
4,59,60,0.005,283.53772587036775,-81.09748494197548,802,35.785536159601
4,54,60,0.003,283.2639546356631,-81.11573635762245,834,34.89208633093525
4,48,53,0.003,283.23222453071,-81.11785169795267,793,29.88650693568726
6,54,56,0.002,283.21562609405817,-81.11895826039613,845,31.952662721893493
4,54,64,0.002,283.11674529501727,-81.12555031366551,864,35.879629629629626
4,56,61,0.003,283.05925018633275,-81.12938332091116,850,35.88235294117647
6,52,54,0.002,282.96605748502617,-81.13559616766493,834,32.014388489208635
4,45,50,0.005,282.81492469428787,-81.14567168704747,704,30.113636363636363
4,55,65,0.002,282.8016403233508,-81.14655731177662,868,35.25345622119816
4,50,57,0.005,282.03442227491985,-81.197705181672,709,34.41466854724965
4,53,58,0.003,282.0042973056728,-81.19971351295514,842,33.966745843230406
4,55,58,0.005,281.28524203535767,-81.24765053097616,780,35.128205128205124
4,51,57,0.003,280.938490205039,-81.27076731966407,824,32.88834951456311
4,60,64,0.003,280.89433492342124,-81.27371100510526,861,34.61091753774681
4,45,51,0.002,280.86506940537913,-81.27566203964139,839,29.082240762812873
4,49,55,0.005,280.65648966214434,-81.28956735585705,710,33.23943661971831
4,47,55,0.002,280.0781521579345,-81.32812318947103,825,31.393939393939398
4,55,60,0.003,280.0541241538053,-81.32972505641298,850,34.8235294117647
4,52,62,0.002,280.0110307764853,-81.33259794823431,858,35.8974358974359
4,48,53,0.005,279.6669365052607,-81.35553756631595,723,30.567081604426004
4,50,60,0.002,279.6178904087764,-81.35880730608157,849,34.275618374558306
4,57,62,0.003,279.4895905391882,-81.36736063072078,847,36.24557260920897
4,58,59,0.005,278.8743619663849,-81.40837586890768,806,36.10421836228288
4,46,53,0.002,278.82008092086335,-81.41199460527577,833,30.4921968787515
6,53,55,0.002,278.7928012853754,-81.41381324764164,837,31.899641577060933
4,53,54,0.007,278.3091683195019,-81.44605544536654,757,31.968295904887718
4,57,59,0.005,278.21721111822575,-81.45218592545162,784,36.224489795918366
4,52,53,0.007,277.8804977958198,-81.47463348027868,753,30.411686586985393
4,49,58,0.002,277.78476206430025,-81.48101586237998,834,33.45323741007194
4,57,66,0.002,277.77069452118224,-81.48195369858784,879,35.60864618885097
4,46,51,0.005,277.68586147730275,-81.48760923484647,713,30.575035063113603
4,50,52,0.007,277.53294990878464,-81.49780333941436,737,29.579375848032562
6,59,60,0.003,277.2789237286473,-81.51473841809019,791,33.88116308470291
4,49,50,0.007,277.17377394374364,-81.52174840375042,741,27.93522267206478
4,47,51,0.003,276.9377738672483,-81.53748174218345,805,28.4472049689441
4,58,62,0.003,276.93663667796415,-81.53755755480239,868,36.29032258064516
4,49,54,0.005,276.4633475243709,-81.56911016504193,732,32.37704918032787
4,53,57,0.005,276.3607729999506,-81.57594846666996,762,34.7769028871391
4,51,52,0.007,276.0335323944469,-81.59776450703687,756,29.894179894179896
4,54,55,0.007,275.9255662120833,-81.60496225252778,753,32.005312084993356
4,51,56,0.005,275.8063394330911,-81.61291070446059,740,33.648648648648646
4,47,54,0.002,275.8038216609289,-81.61307855593807,843,30.604982206405694
6,60,63,0.002,275.55540036087945,-81.62963997594137,829,34.37876960193004
4,59,63,0.003,275.5034252103448,-81.63310498597701,867,35.524798154555945
4,47,52,0.005,275.29390318812517,-81.64707312079166,723,30.567081604426004
8,54,56,0.002,274.49242425167694,-81.7005050498882,749,32.176234979973295
4,51,60,0.002,274.3698683887605,-81.7086754407493,866,34.29561200923787
4,52,57,0.003,274.15004946531235,-81.72333003564584,842,32.779097387173394
4,56,65,0.002,273.4958052717964,-81.76694631521357,888,35.24774774774775
4,52,61,0.002,273.31285477440093,-81.77914301503993,870,35.172413793103445
6,51,52,0.002,272.7745165517131,-81.8150322298858,835,30.778443113772454
4,58,66,0.002,272.7048794608476,-81.81967470261016,895,35.41899441340782
4,56,58,0.005,272.6230330465124,-81.8251311302325,796,35.175879396984925
4,59,67,0.002,272.031478160124,-81.8645681226584,892,35.42600896860987
4,54,59,0.003,272.0070956592178,-81.86619362271881,851,34.19506462984724
4,52,56,0.005,271.5703822604002,-81.89530784930665,757,33.42140026420079
4,45,50,0.002,271.4564844186,-81.90290103876,849,28.26855123674912
4,56,60,0.003,271.34529665697147,-81.91031355620191,868,34.67741935483871
4,49,54,0.003,271.3264016420541,-81.91157322386306,810,30.864197530864196
4,50,56,0.005,271.32179644125813,-81.91188023724946,723,33.471645919778695
4,50,56,0.003,270.3037705607309,-81.97974862928461,818,32.02933985330073
4,49,55,0.003,270.1901594262146,-81.98732270491902,791,31.3527180783818
6,58,62,0.002,269.81587805625213,-82.01227479624987,813,34.07134071340713
4,50,59,0.002,269.30947281460703,-82.04603514569287,859,33.527357392316645
4,55,59,0.003,269.02729916835335,-82.06484672210978,868,34.10138248847927
4,54,57,0.005,268.98022564737926,-82.06798495684137,786,34.223918575063614
8,57,58,0.002,268.93770907307237,-82.0708193951285,785,31.0828025477707
4,57,61,0.003,268.8423993103119,-82.07717337931254,862,35.498839907192576
4,48,52,0.003,268.3610003131109,-82.10926664579262,816,29.28921568627451
6,58,59,0.003,268.24905135545316,-82.11672990963646,800,33.75
6,52,53,0.002,267.75050413920286,-82.14996639071981,859,31.31548311990687
8,56,57,0.002,267.50198480378054,-82.16653434641464,788,31.979695431472084
4,55,64,0.002,267.386551208109,-82.17422991945939,880,35.22727272727273
4,48,52,0.005,267.1330876444439,-82.1911274903704,743,30.013458950201883
4,48,55,0.002,267.11290758924554,-82.19247282738364,845,31.4792899408284
6,54,55,0.002,266.9924401809331,-82.2005039879378,871,31.45809414466131
4,54,63,0.002,266.739345493777,-82.21737696708153,883,36.12684031710079
6,56,57,0.002,266.68588066221156,-82.22094128918589,883,30.91732729331823
4,50,51,0.007,266.38711227819994,-82.24085918145335,758,28.100263852242747
4,60,67,0.002,266.12550762323247,-82.2582994917845,904,34.84513274336283
4,53,62,0.002,265.97534839120664,-82.26831010725289,876,35.84474885844749
4,51,55,0.005,265.7036323829933,-82.28642450780045,758,32.45382585751979
4,46,50,0.005,265.4561923254448,-82.30292051163701,727,29.711141678129298
4,58,61,0.003,265.408512528767,-82.30609916474887,884,35.52036199095023
4,46,52,0.002,265.3167646799952,-82.31221568800032,851,29.72972972972973
4,47,50,0.003,264.9995871692354,-82.33336085538431,819,27.472527472527474
4,53,57,0.003,264.9057596028647,-82.33961602647568,863,32.79258400926999
4,52,60,0.002,264.7609747966146,-82.34926834689236,885,34.23728813559322
4,55,57,0.005,264.6714816790905,-82.3552345547273,804,33.95522388059701
6,57,58,0.002,264.20756164698287,-82.38616255686782,881,30.98751418842225
4,51,59,0.002,263.64786882793663,-82.42347541147089,876,33.56164383561644
4,51,56,0.003,263.5242783298325,-82.43171477801117,837,31.899641577060933
4,57,58,0.005,263.3570042259535,-82.44286638493644,806,34.7394540942928
4,59,62,0.003,263.12953428867604,-82.4580310474216,891,34.90460157126824
4,48,54,0.002,263.03644236603685,-82.46423717559755,863,30.82271147161066
6,55,56,0.002,262.98800195031606,-82.46746653664559,874,31.35011441647597
4,47,51,0.005,262.94820162985536,-82.47011989134297,738,29.268292682926827
4,54,58,0.003,262.9075823313142,-82.47282784457906,869,33.4867663981588
4,57,65,0.002,262.3321319433788,-82.51119120377474,896,34.82142857142857
4,49,53,0.005,262.17765461620627,-82.52148969225291,749,30.8411214953271
4,60,63,0.003,261.8113160751074,-82.54591226165951,888,34.572072072072075
4,53,56,0.005,261.77966901488065,-82.54802206567462,780,33.71794871794872
4,47,53,0.002,261.72628206744,-82.551581195504,858,29.603729603729604
4,51,54,0.005,261.4189729432191,-82.57206847045207,781,31.626120358514726
4,50,55,0.005,261.38335691377296,-82.57444287241513,741,32.25371120107962
6,59,62,0.002,261.35897369620005,-82.57606842025334,832,33.894230769230774
4,48,51,0.003,261.22261537115224,-82.58515897525652,828,28.140096618357486
4,56,59,0.003,261.2101793635294,-82.58598804243138,887,34.04735062006765
4,46,51,0.002,260.07915805219733,-82.66138946318684,862,28.65429234338747
4,53,61,0.002,259.75619359037717,-82.68292042730819,887,35.062006764374296
4,55,58,0.003,259.7248110766127,-82.6850125948925,888,33.22072072072072
4,59,66,0.002,259.5472800762092,-82.69684799491938,913,34.61117196056955
8,54,55,0.002,259.3343571662158,-82.71104285558562,773,31.306597671410092
4,57,60,0.003,258.79105738418974,-82.74726284105401,881,34.39273552780931
4,50,58,0.002,258.689161969268,-82.75405586871547,872,33.02752293577982
4,49,53,0.003,258.48855969505126,-82.76742935366325,825,30.06060606060606
4,56,64,0.002,258.1537764574032,-82.78974823617312,901,35.18312985571587
4,52,55,0.005,257.84329930198834,-82.81044671320078,777,32.3037323037323
4,49,57,0.002,257.8408950060536,-82.81060699959643,847,32.82172373081464
8,55,56,0.002,257.8326803599702,-82.81115464266865,786,31.806615776081426
4,58,65,0.002,257.54443311774577,-82.83037112548361,912,34.75877192982456
4,50,54,0.005,256.90832739751954,-82.8727781734987,763,31.45478374836173
4,52,56,0.003,256.41458121627767,-82.90569458558149,856,31.542056074766357
4,56,57,0.005,256.16330292230026,-82.92244647184665,821,33.86114494518879
6,53,54,0.002,256.1400381860445,-82.9239974542637,861,31.010452961672474
4,58,60,0.003,255.6192699845882,-82.95871533436079,904,34.51327433628318
4,51,58,0.002,255.60820131992742,-82.95945324533818,891,32.88439955106622
4,50,54,0.003,254.60933286293812,-83.02604447580413,854,30.562060889929743
4,48,51,0.005,254.47444558960265,-83.03503696069315,759,28.590250329380762
4,49,56,0.002,254.31504634750823,-83.04566357683278,857,32.43873978996499
4,52,59,0.002,254.24265424985737,-83.05048971667618,895,33.5195530726257
4,50,55,0.003,254.1054701740858,-83.05963532172761,835,31.017964071856284
4,54,56,0.005,253.77350262807408,-83.08176649146174,804,33.2089552238806
4,57,59,0.003,253.50523300013788,-83.09965113332413,900,33.77777777777778
4,55,63,0.002,252.95207921273732,-83.13652805248418,899,35.483870967741936
4,46,50,0.002,252.42609742906683,-83.17159350472888,874,27.80320366132723
4,59,61,0.003,252.17616251747464,-83.18825583216835,907,34.28886438809261
4,52,54,0.005,251.99681892777602,-83.2002120714816,802,31.296758104738153
6,58,61,0.002,251.30428016262084,-83.24638132249194,841,32.69916765755054
4,56,58,0.003,251.08222680024906,-83.2611848799834,907,33.0760749724366
4,60,66,0.002,250.88323532162428,-83.27445097855838,930,33.97849462365591
6,60,62,0.002,250.63273309659672,-83.29115112689355,865,33.641618497109825
4,49,52,0.005,250.12429622045678,-83.32504691863622,770,30.25974025974026
4,51,53,0.005,249.93952160746286,-83.33736522616914,798,30.200501253132835
4,60,62,0.003,249.88411173288247,-83.34105921780784,912,34.10087719298245
4,53,60,0.002,249.81408654465068,-83.34572756368995,905,33.92265193370166
4,48,50,0.003,249.79264701485067,-83.34715686567662,843,27.046263345195733
4,48,53,0.002,249.77908541094178,-83.34806097260388,878,29.726651480637813
4,47,50,0.005,249.67393140424787,-83.3550712397168,752,28.324468085106385
4,47,52,0.002,249.34212022333327,-83.37719198511111,877,28.848346636259976
4,58,59,0.003,248.95821180764779,-83.40278587949015,925,33.83783783783784
4,55,56,0.005,248.9378855065633,-83.40414096622911,823,32.806804374240585
4,53,55,0.005,248.92700774044903,-83.40486615063674,801,32.58426966292135
4,51,54,0.003,248.47471996070604,-83.43501866928626,874,30.434782608695656
4,54,62,0.002,247.8936371316054,-83.47375752455963,902,35.36585365853659
4,51,55,0.003,247.73224771662603,-83.48451681889159,854,30.913348946135834
4,53,56,0.003,247.16741183601425,-83.52217254426571,878,31.662870159453306
4,57,64,0.002,246.55888275930067,-83.56274114937996,910,34.72527472527472
4,52,58,0.002,246.1489144146205,-83.59007237235863,911,32.82107574094402
4,50,53,0.005,245.62694789814037,-83.62487014012397,780,30.0
4,50,53,0.003,244.55375633301463,-83.6964162444657,868,29.723502304147466
4,59,65,0.002,244.30274556139204,-83.7131502959072,933,33.86923901393355
4,49,52,0.003,244.144840210558,-83.72367731929613,849,29.44640753828033
4,54,57,0.003,243.97383911212464,-83.73507739252503,892,32.28699551569507
4,56,63,0.002,243.83235882896943,-83.74450941140203,921,35.39630836047774
4,58,64,0.002,243.03079542222392,-83.79794697185174,928,34.80603448275862
4,47,51,0.002,242.9323263877067,-83.80451157415288,889,27.78402699662542
4,53,54,0.005,242.77874026089629,-83.81475064927358,827,31.559854897218862
4,59,60,0.003,242.49635817497878,-83.83357612166809,928,33.512931034482754
6,59,61,0.002,242.4320259212346,-83.83786493858436,863,32.560834298957126
4,54,61,0.002,242.09959490322794,-83.86002700645147,914,34.68271334792122
4,54,55,0.005,241.51545475112508,-83.89896968325833,828,31.76328502415459
4,53,59,0.002,241.17289401610526,-83.92180706559299,918,33.33333333333333
4,51,53,0.003,240.75701451027314,-83.9495323659818,889,29.696287964004497
4,55,57,0.003,240.65727972322443,-83.95618135178505,912,32.01754385964912
4,50,57,0.002,240.5913182686862,-83.96057878208758,889,32.39595050618673
4,57,58,0.003,240.34297374701424,-83.97713508353239,920,32.608695652173914
4,52,53,0.005,240.29983934563475,-83.98001071029103,820,29.878048780487802
4,49,55,0.002,240.1810380321544,-83.98793079785638,872,31.76605504587156
4,55,62,0.002,240.08002095211242,-83.99466526985917,918,34.967320261437905
4,48,50,0.005,239.48614688729378,-84.03425687418041,775,27.612903225806452
4,60,61,0.003,239.16246306807471,-84.05583579546169,929,33.692142088266955
4,52,55,0.003,238.82522403907234,-84.07831839739518,874,30.663615560640732
4,52,54,0.003,238.48278712159302,-84.10114752522713,896,30.13392857142857
4,50,56,0.002,238.39416515210823,-84.10705565652611,901,31.96448390677026
6,58,60,0.002,237.69853972587032,-84.15343068494198,874,32.265446224256294
4,51,57,0.002,237.60506097213883,-84.1596626018574,909,32.34323432343234
4,49,54,0.002,237.59017050697972,-84.1606552995347,892,31.390134529147986
4,49,51,0.005,237.58128364217217,-84.16124775718852,788,28.80710659898477
4,48,52,0.002,237.30618336202252,-84.17958777586516,899,28.9210233592881
4,49,51,0.003,236.9620364170427,-84.2025309055305,863,28.27346465816918
4,51,52,0.005,235.0245742347713,-84.33169505101525,822,29.44038929440389
4,55,61,0.002,234.91812039112838,-84.33879197392477,931,34.58646616541353
4,47,50,0.002,234.60854072101526,-84.35943061859899,900,26.77777777777778
4,60,65,0.002,233.83804712548002,-84.41079685830132,954,33.123689727463315
4,53,58,0.002,233.64744456021418,-84.42350369598573,934,32.54817987152035
4,56,62,0.002,232.99737063544228,-84.46684195763719,940,35.0
4,51,56,0.002,232.84214555961694,-84.47719029602554,923,31.852654387865652
4,56,57,0.003,232.3248703362633,-84.51167531091578,932,31.86695278969957
4,54,60,0.002,232.1449091724856,-84.5236727218343,933,33.547695605573416
4,57,63,0.002,231.52161555875273,-84.56522562941649,930,34.946236559139784
4,50,52,0.005,230.98178119912995,-84.60121458672467,804,29.228855721393032
4,48,51,0.002,230.59059873024685,-84.62729341798354,912,27.74122807017544
4,52,53,0.003,230.46998302114375,-84.63533446525709,912,29.385964912280706
4,53,55,0.003,230.3276085469894,-84.64482609686738,898,30.734966592427615
6,59,60,0.002,230.24629696758282,-84.65024686882781,897,31.995540691192865
6,60,61,0.002,230.13071688501853,-84.65795220766543,901,32.29744728079911
4,53,54,0.003,229.52091643604146,-84.69860557093057,921,30.184581976112923
4,50,52,0.003,228.42271846624584,-84.77181876891694,894,28.859060402684566
4,59,64,0.002,227.82874971839863,-84.8114166854401,950,33.578947368421055
4,54,56,0.003,227.56947806686406,-84.82870146220907,907,31.201764057331864
4,52,57,0.002,227.56660956377553,-84.8288926957483,930,32.15053763440861
4,58,63,0.002,227.29140692440293,-84.84723953837315,952,34.87394957983193
4,56,61,0.002,227.12963311651603,-84.85802445889892,954,34.59119496855346
4,50,55,0.002,226.73800627080013,-84.88413291527999,916,31.222707423580786
4,49,50,0.003,226.32535683479887,-84.91164287768007,879,27.189988623435724
4,55,60,0.002,226.1873447824573,-84.92084368116952,951,33.33333333333333
4,51,52,0.003,224.86431136478052,-85.00904590901463,915,28.852459016393446
4,49,53,0.002,224.78954432135177,-85.01403037857655,907,30.209481808158767
4,54,59,0.002,223.8134892151286,-85.07910071899143,947,32.946145723336855
4,50,54,0.002,223.795759022267,-85.08028273184887,936,30.87606837606838
4,55,56,0.003,223.7833051794236,-85.08111298803843,928,30.81896551724138
6,58,59,0.002,223.69387817286972,-85.08707478847535,901,31.74250832408435
4,49,50,0.005,223.32328509280572,-85.11178099381296,805,27.82608695652174
4,52,56,0.002,222.3614235649429,-85.17590509567047,945,31.428571428571427
4,48,50,0.002,222.2279932785523,-85.18480044809651,925,26.594594594594597
4,51,55,0.002,221.45744979252103,-85.23617001383192,938,31.13006396588486
4,50,51,0.003,221.3680724390744,-85.24212850406171,910,27.692307692307693
4,57,62,0.002,219.6098426759554,-85.35934382160298,950,34.421052631578945
4,50,51,0.005,219.06779421483472,-85.39548038567769,824,27.791262135922327
4,51,54,0.002,218.77674197896096,-85.41488386806927,958,30.79331941544885
4,56,60,0.002,218.68831808505698,-85.42077879432954,974,33.26488706365503
4,55,59,0.002,218.15283229020284,-85.45647784731982,966,32.71221532091098
4,60,64,0.002,218.08706032535633,-85.46086264497625,973,32.8879753340185
4,54,55,0.003,217.95589325845395,-85.46960711610308,929,30.355220667384287
4,58,62,0.002,217.34949552375795,-85.51003363174947,974,34.29158110882957
4,54,58,0.002,216.0796352856737,-85.5946909809551,964,32.15767634854772
4,53,57,0.002,215.72292038869344,-85.6184719740871,954,31.865828092243188
4,57,61,0.002,213.9735665689378,-85.73509556207082,964,34.128630705394194
4,52,55,0.002,212.96550086682183,-85.80229994221187,961,30.905306971904267
4,49,52,0.002,212.89162422805097,-85.80722505146326,929,29.38643702906351
4,50,53,0.002,212.8441335596748,-85.81039109602169,950,29.68421052631579
4,59,63,0.002,212.7971927812182,-85.81352048125213,976,33.60655737704918
4,58,61,0.002,211.93921080200366,-85.87071927986642,989,33.9737108190091
4,55,58,0.002,210.83470817384156,-85.94435278841055,985,31.878172588832488
4,56,59,0.002,209.9104503805541,-86.00596997462972,992,32.66129032258064
4,51,53,0.002,209.8977113735031,-86.00681924176645,973,29.701952723535456
4,52,54,0.002,209.4581629199871,-86.03612247200086,983,30.51881993896236
4,53,56,0.002,208.80012861496462,-86.07999142566902,970,31.237113402061855
4,57,60,0.002,206.8799806428577,-86.20800129047616,985,32.89340101522843
4,49,51,0.002,206.26757827125186,-86.24882811524988,944,28.177966101694917
4,58,60,0.002,204.89795399611864,-86.34013640025876,1011,32.838773491592484
4,60,63,0.002,204.69900533712863,-86.35339964419143,999,32.932932932932935
4,59,62,0.002,203.0491733978473,-86.46338844014352,999,33.033033033033036
4,53,55,0.002,202.18999283527842,-86.52066714431477,986,30.73022312373225
4,57,59,0.002,202.0676577077942,-86.52882281948038,1003,32.30309072781655
4,56,58,0.002,201.9873161543936,-86.53417892304043,1011,31.750741839762615
4,52,53,0.002,200.43078835420957,-86.6379474430527,999,29.429429429429426
4,58,59,0.002,199.3694747611603,-86.70870168258932,1030,32.23300970873787
4,49,50,0.002,198.55174157037186,-86.76321722864188,958,27.035490605427974
4,53,54,0.002,198.44817855950606,-86.77012142936627,1009,30.327056491575817
4,59,61,0.002,197.99485368133773,-86.80034308791082,1014,32.84023668639053
4,50,52,0.002,197.9368366893467,-86.80421088737688,976,28.790983606557376
4,54,57,0.002,197.0849982852607,-86.86100011431596,986,31.33874239350913
4,60,62,0.002,195.19051005990255,-86.98729932933983,1022,32.4853228962818
4,51,52,0.002,194.9091929973891,-87.00605380017406,999,28.82882882882883
4,55,57,0.002,192.0115053590782,-87.19923297606145,1008,31.051587301587304
4,59,60,0.002,191.80218119672716,-87.21318792021819,1036,31.949806949806952
4,50,51,0.002,191.73502968588176,-87.21766468760788,992,27.62096774193548
4,57,58,0.002,191.6748744853083,-87.22167503431278,1022,31.213307240704502
4,54,56,0.002,190.8170136057536,-87.27886575961644,1002,30.738522954091817
4,54,55,0.002,190.77951060782843,-87.28136595947811,1019,30.42198233562316
4,60,61,0.002,190.07776412016955,-87.32814905865536,1038,32.46628131021195
4,55,56,0.002,185.33127200089112,-87.64458186660727,1025,30.341463414634145
4,56,57,0.002,183.69757003676168,-87.75349533088256,1035,30.917874396135264
