Datetime,Open,High,Low,Close,Volume
2025-08-21 00:00:00+00:00,187.95,188.5,187.4,187.4,53715.547
2025-08-21 00:15:00+00:00,187.41,187.62,187.02,187.28,25042.238
2025-08-21 00:30:00+00:00,187.28,189.22,187.28,188.23,47304.511
2025-08-21 00:45:00+00:00,188.23,188.4,187.52,187.93,13466.521
2025-08-21 01:00:00+00:00,187.92,188.23,187.46,187.46,16147.029
2025-08-21 01:15:00+00:00,187.46,187.61,186.88,187.04,24123.636
2025-08-21 01:30:00+00:00,187.03,187.58,186.79,187.23,31710.641
2025-08-21 01:45:00+00:00,187.23,189.28,186.92,189.09,83634.191
2025-08-21 02:00:00+00:00,189.08,189.99,186.94,187.02,78224.155
2025-08-21 02:15:00+00:00,187.02,187.14,186.17,186.63,47770.342
2025-08-21 02:30:00+00:00,186.62,186.67,185.51,185.91,71783.634
2025-08-21 02:45:00+00:00,185.91,186.58,185.79,186.47,56467.423
2025-08-21 03:00:00+00:00,186.47,190.1,186.35,189.1,174187.311
2025-08-21 03:15:00+00:00,189.09,189.39,188.37,188.66,52892.971
2025-08-21 03:30:00+00:00,188.65,188.85,188.07,188.65,36278.666
2025-08-21 03:45:00+00:00,188.66,188.94,188.17,188.43,35055.812
2025-08-21 04:00:00+00:00,188.43,188.64,187.69,187.77,29007.228
2025-08-21 04:15:00+00:00,187.77,187.88,187.22,187.42,38894.74
2025-08-21 04:30:00+00:00,187.42,188.29,187.26,188.11,46732.481
2025-08-21 04:45:00+00:00,188.12,188.7,187.75,187.75,34586.81
2025-08-21 05:00:00+00:00,187.76,187.87,186.78,186.97,29981.748
2025-08-21 05:15:00+00:00,186.97,187.27,186.64,187.11,15920.681
2025-08-21 05:30:00+00:00,187.11,187.72,187.09,187.72,16637.357
2025-08-21 05:45:00+00:00,187.72,188.17,187.48,188.1,15110.726
2025-08-21 06:00:00+00:00,188.1,188.1,186.77,186.86,15734.029
2025-08-21 06:15:00+00:00,186.86,187.21,186.6,186.71,13142.121
2025-08-21 06:30:00+00:00,186.72,187.48,186.72,187.38,11721.077
2025-08-21 06:45:00+00:00,187.37,187.41,186.5,186.6,13589.106
2025-08-21 07:00:00+00:00,186.6,187.2,186.28,186.44,22567.081
2025-08-21 07:15:00+00:00,186.45,186.8,185.89,186.56,18935.819
2025-08-21 07:30:00+00:00,186.55,187.42,186.41,186.86,20000.238
2025-08-21 07:45:00+00:00,186.86,187.17,186.61,186.98,15840.998
2025-08-21 08:00:00+00:00,186.99,187.04,186.47,187.0,15636.645
2025-08-21 08:15:00+00:00,186.99,186.99,185.7,186.05,18103.778
2025-08-21 08:30:00+00:00,186.05,186.23,185.78,186.11,16446.655
2025-08-21 08:45:00+00:00,186.1,186.39,185.64,185.65,14011.125
2025-08-21 09:00:00+00:00,185.66,185.73,184.5,184.61,50326.659
2025-08-21 09:15:00+00:00,184.62,184.85,184.05,184.75,46976.791
2025-08-21 09:30:00+00:00,184.74,185.36,184.63,185.3,52483.455
2025-08-21 09:45:00+00:00,185.31,185.5,184.85,184.93,28536.843
2025-08-21 10:00:00+00:00,184.93,185.31,184.31,184.75,26315.139
2025-08-21 10:15:00+00:00,184.75,184.95,183.89,184.29,30541.076
2025-08-21 10:30:00+00:00,184.29,184.66,183.9,184.43,18887.099
2025-08-21 10:45:00+00:00,184.43,184.77,184.15,184.33,20207.328
2025-08-21 11:00:00+00:00,184.34,184.98,184.21,184.64,15857.145
2025-08-21 11:15:00+00:00,184.64,184.9,184.51,184.67,14285.933
2025-08-21 11:30:00+00:00,184.67,184.93,183.67,184.17,24675.145
2025-08-21 11:45:00+00:00,184.18,184.22,183.48,184.03,24021.309
2025-08-21 12:00:00+00:00,184.03,184.32,183.59,184.02,13124.848
2025-08-21 12:15:00+00:00,184.02,184.06,183.22,183.67,20264.64
2025-08-21 12:30:00+00:00,183.67,184.86,183.56,184.22,26346.925
2025-08-21 12:45:00+00:00,184.23,184.29,182.76,183.75,28067.32
2025-08-21 13:00:00+00:00,183.74,184.57,183.37,184.31,21469.133
2025-08-21 13:15:00+00:00,184.31,184.93,184.09,184.93,15232.14
2025-08-21 13:30:00+00:00,184.93,185.82,184.09,185.42,52331.792
2025-08-21 13:45:00+00:00,185.42,185.49,184.02,184.08,50243.021
2025-08-21 14:00:00+00:00,184.09,185.67,183.7,185.45,41793.483
2025-08-21 14:15:00+00:00,185.44,186.42,185.29,186.3,40454.699
2025-08-21 14:30:00+00:00,186.3,186.33,183.7,184.76,56944.667
2025-08-21 14:45:00+00:00,184.77,185.28,184.12,184.82,38676.43
2025-08-21 15:00:00+00:00,184.82,185.06,182.9,182.92,70063.688
2025-08-21 15:15:00+00:00,182.92,184.06,182.82,183.17,60741.009
2025-08-21 15:30:00+00:00,183.17,183.68,182.3,183.32,57894.625
2025-08-21 15:45:00+00:00,183.31,183.32,181.44,181.65,59911.668
2025-08-21 16:00:00+00:00,181.65,182.07,181.0,181.98,59651.388
2025-08-21 16:15:00+00:00,181.98,182.38,181.3,181.69,33075.322
2025-08-21 16:30:00+00:00,181.69,182.26,181.12,181.42,26436.942
2025-08-21 16:45:00+00:00,181.43,181.62,180.8,180.96,31094.489
2025-08-21 17:00:00+00:00,180.96,181.03,179.85,180.48,50856.03
2025-08-21 17:15:00+00:00,180.47,180.75,180.26,180.54,19695.352
2025-08-21 17:30:00+00:00,180.54,181.59,180.46,181.14,24780.692
2025-08-21 17:45:00+00:00,181.14,181.42,180.73,181.17,15261.01
2025-08-21 18:00:00+00:00,181.17,181.49,180.72,181.22,12313.211
2025-08-21 18:15:00+00:00,181.21,181.99,181.04,181.7,17070.993
2025-08-21 18:30:00+00:00,181.71,181.75,181.08,181.08,11665.626
2025-08-21 18:45:00+00:00,181.09,182.3,180.55,182.16,21381.628
2025-08-21 19:00:00+00:00,182.15,182.93,182.12,182.17,24887.051
2025-08-21 19:15:00+00:00,182.17,182.2,180.84,181.11,32654.476
2025-08-21 19:30:00+00:00,181.11,181.14,180.23,180.23,21466.334
2025-08-21 19:45:00+00:00,180.24,180.4,179.94,180.15,17500.7
2025-08-21 20:00:00+00:00,180.15,180.5,180.01,180.29,9469.67
2025-08-21 20:15:00+00:00,180.28,180.73,180.22,180.42,17360.295
2025-08-21 20:30:00+00:00,180.42,180.63,179.43,180.29,58002.792
2025-08-21 20:45:00+00:00,180.29,181.47,180.22,180.84,11053.94
2025-08-21 21:00:00+00:00,180.84,181.08,180.0,180.94,15935.918
2025-08-21 21:15:00+00:00,180.94,181.42,180.27,181.27,11264.254
2025-08-21 21:30:00+00:00,181.27,181.61,180.77,180.96,9501.821
2025-08-21 21:45:00+00:00,180.95,181.35,180.86,181.15,5667.801
2025-08-21 22:00:00+00:00,181.16,181.66,180.91,181.63,7720.294
2025-08-21 22:15:00+00:00,181.64,181.86,181.44,181.73,9095.829
2025-08-21 22:30:00+00:00,181.72,181.85,181.23,181.31,7145.576
2025-08-21 22:45:00+00:00,181.3,181.85,181.21,181.79,9230.811
2025-08-21 23:00:00+00:00,181.78,181.78,180.81,180.82,7173.036
2025-08-21 23:15:00+00:00,180.82,181.05,180.43,181.01,7395.316
2025-08-21 23:30:00+00:00,181.0,181.0,179.86,179.99,18382.813
2025-08-21 23:45:00+00:00,179.99,180.47,179.94,180.29,13241.112
2025-08-22 00:00:00+00:00,180.3,181.25,180.26,181.0,17167.161
2025-08-22 00:15:00+00:00,181.0,181.55,180.77,181.38,21565.164
2025-08-22 00:30:00+00:00,181.37,181.81,181.33,181.57,14737.466
2025-08-22 00:45:00+00:00,181.58,181.62,180.86,181.15,10568.385
2025-08-22 01:00:00+00:00,181.15,181.55,180.0,180.24,16399.064
2025-08-22 01:15:00+00:00,180.23,181.5,180.22,181.36,13266.766
2025-08-22 01:30:00+00:00,181.36,181.99,181.2,181.92,18634.113
2025-08-22 01:45:00+00:00,181.93,182.1,181.66,181.97,17164.681
2025-08-22 02:00:00+00:00,181.98,182.88,181.69,182.88,38667.411
2025-08-22 02:15:00+00:00,182.88,183.5,182.56,183.29,56750.982
2025-08-22 02:30:00+00:00,183.28,183.29,182.38,182.63,34393.038
2025-08-22 02:45:00+00:00,182.63,182.95,182.32,182.62,18601.655
2025-08-22 03:00:00+00:00,182.63,183.44,182.21,183.21,31380.724
2025-08-22 03:15:00+00:00,183.21,183.23,182.25,182.25,19445.942
2025-08-22 03:30:00+00:00,182.26,182.28,181.41,181.68,17113.77
2025-08-22 03:45:00+00:00,181.68,181.99,181.45,181.76,11991.91
2025-08-22 04:00:00+00:00,181.76,182.63,181.75,182.62,15628.437
2025-08-22 04:15:00+00:00,182.61,183.23,182.61,182.8,19820.77
2025-08-22 04:30:00+00:00,182.8,183.38,182.56,182.92,24180.685
2025-08-22 04:45:00+00:00,182.93,183.14,182.42,182.9,14338.931
2025-08-22 05:00:00+00:00,182.9,183.35,182.76,183.31,15336.552
2025-08-22 05:15:00+00:00,183.31,183.4,182.93,183.11,11135.697
2025-08-22 05:30:00+00:00,183.11,183.76,182.67,183.13,15863.398
2025-08-22 05:45:00+00:00,183.13,183.9,183.08,183.67,15737.652
2025-08-22 06:00:00+00:00,183.67,183.81,183.12,183.78,22894.458
2025-08-22 06:15:00+00:00,183.78,184.12,183.63,183.87,25970.769
2025-08-22 06:30:00+00:00,183.87,184.0,182.53,182.64,20143.326
2025-08-22 06:45:00+00:00,182.64,183.16,182.38,182.94,14152.115
2025-08-22 07:00:00+00:00,182.94,184.0,182.8,183.69,28043.695
2025-08-22 07:15:00+00:00,183.7,184.05,183.45,183.95,20880.988
2025-08-22 07:30:00+00:00,183.96,184.22,183.69,183.87,19660.233
2025-08-22 07:45:00+00:00,183.88,184.36,183.57,183.98,23007.224
2025-08-22 08:00:00+00:00,183.97,184.7,183.97,184.66,39179.487
2025-08-22 08:15:00+00:00,184.66,185.1,184.59,185.01,40089.855
2025-08-22 08:30:00+00:00,185.01,185.07,184.35,184.69,20368.028
2025-08-22 08:45:00+00:00,184.7,184.7,183.74,183.77,44380.116
2025-08-22 09:00:00+00:00,183.76,184.04,183.24,183.25,44697.906
2025-08-22 09:15:00+00:00,183.25,183.58,182.86,183.02,39797.936
2025-08-22 09:30:00+00:00,183.02,183.37,182.44,182.73,25586.908
2025-08-22 09:45:00+00:00,182.73,183.28,182.58,182.94,13658.654
2025-08-22 10:00:00+00:00,182.94,182.96,182.09,182.11,19853.643
2025-08-22 10:15:00+00:00,182.12,182.12,181.57,181.87,18749.646
2025-08-22 10:30:00+00:00,181.87,181.94,181.14,181.27,29877.378
2025-08-22 10:45:00+00:00,181.27,181.57,180.87,181.18,18367.607
2025-08-22 11:00:00+00:00,181.19,181.3,180.3,180.36,28071.181
2025-08-22 11:15:00+00:00,180.37,180.57,180.13,180.14,36078.206
2025-08-22 11:30:00+00:00,180.15,180.34,179.89,180.1,33023.182
2025-08-22 11:45:00+00:00,180.09,180.53,179.6,179.63,24600.097
2025-08-22 12:00:00+00:00,179.63,179.82,178.38,178.63,83618.585
2025-08-22 12:15:00+00:00,178.63,178.84,178.16,178.28,37781.325
2025-08-22 12:30:00+00:00,178.28,178.4,177.27,178.4,104600.701
2025-08-22 12:45:00+00:00,178.39,179.56,178.13,178.45,91124.014
2025-08-22 13:00:00+00:00,178.45,179.42,178.37,178.67,33944.356
2025-08-22 13:15:00+00:00,178.68,179.03,178.23,178.7,22618.356
2025-08-22 13:30:00+00:00,178.7,181.15,178.0,180.33,88874.6
2025-08-22 13:45:00+00:00,180.34,181.28,179.59,180.25,85752.753
2025-08-22 14:00:00+00:00,180.25,190.49,180.22,190.48,761095.565
2025-08-22 14:15:00+00:00,190.47,193.28,186.48,189.24,769110.246
2025-08-22 14:30:00+00:00,189.24,191.68,189.2,190.81,293076.847
2025-08-22 14:45:00+00:00,190.8,192.4,190.76,191.7,159560.155
2025-08-22 15:00:00+00:00,191.7,193.93,191.66,192.93,191760.933
2025-08-22 15:15:00+00:00,192.93,194.42,192.84,193.99,123591.494
2025-08-22 15:30:00+00:00,193.99,195.42,193.99,195.04,173531.384
2025-08-22 15:45:00+00:00,195.04,195.14,193.22,193.47,176456.432
2025-08-22 16:00:00+00:00,193.48,197.96,193.48,196.89,288248.533
2025-08-22 16:15:00+00:00,196.89,196.89,195.59,196.41,115469.016
2025-08-22 16:30:00+00:00,196.41,196.57,195.49,196.07,100748.918
2025-08-22 16:45:00+00:00,196.06,196.06,194.56,194.9,100874.093
2025-08-22 17:00:00+00:00,194.9,197.2,194.9,197.18,127626.849
2025-08-22 17:15:00+00:00,197.19,198.1,196.63,197.91,115981.589
2025-08-22 17:30:00+00:00,197.9,197.99,196.21,196.81,83838.294
2025-08-22 17:45:00+00:00,196.82,197.05,196.19,196.88,55059.003
2025-08-22 18:00:00+00:00,196.88,197.54,196.79,197.04,39982.104
2025-08-22 18:15:00+00:00,197.03,197.08,195.68,196.39,52375.636
2025-08-22 18:30:00+00:00,196.4,197.2,196.39,197.02,35883.122
2025-08-22 18:45:00+00:00,197.02,197.36,196.39,196.82,29913.791
2025-08-22 19:00:00+00:00,196.83,197.32,196.6,197.14,24795.612
2025-08-22 19:15:00+00:00,197.14,198.18,196.96,198.13,52571.859
2025-08-22 19:30:00+00:00,198.13,198.43,197.56,198.27,35676.094
2025-08-22 19:45:00+00:00,198.27,199.73,198.16,198.97,106835.318
2025-08-22 20:00:00+00:00,198.97,199.4,198.52,198.79,35708.48
2025-08-22 20:15:00+00:00,198.78,199.02,198.58,198.87,22768.311
2025-08-22 20:30:00+00:00,198.88,199.21,198.38,198.76,34756.414
2025-08-22 20:45:00+00:00,198.76,199.63,198.52,199.61,40842.233
2025-08-22 21:00:00+00:00,199.61,202.06,199.42,200.56,213884.779
2025-08-22 21:15:00+00:00,200.56,202.4,199.71,201.77,103118.198
2025-08-22 21:30:00+00:00,201.78,201.91,200.76,201.11,47406.969
2025-08-22 21:45:00+00:00,201.12,201.14,199.75,200.2,45101.686
2025-08-22 22:00:00+00:00,200.19,200.44,199.04,199.37,73996.806
2025-08-22 22:15:00+00:00,199.37,199.96,199.0,199.17,55792.63
2025-08-22 22:30:00+00:00,199.17,199.45,198.59,199.11,53685.759
2025-08-22 22:45:00+00:00,199.1,199.64,198.99,199.41,33096.915
2025-08-22 23:00:00+00:00,199.4,199.74,199.13,199.13,21836.11
2025-08-22 23:15:00+00:00,199.13,199.89,199.03,199.82,19131.277
2025-08-22 23:30:00+00:00,199.82,200.09,199.59,199.85,25444.524
2025-08-22 23:45:00+00:00,199.86,200.96,199.61,200.69,64146.729
2025-08-23 00:00:00+00:00,200.69,200.82,198.41,199.13,71610.625
2025-08-23 00:15:00+00:00,199.14,199.67,199.08,199.67,34807.833
2025-08-23 00:30:00+00:00,199.67,200.15,198.77,198.81,25945.25
2025-08-23 00:45:00+00:00,198.82,199.17,198.5,198.53,41081.463
2025-08-23 01:00:00+00:00,198.53,199.01,198.11,198.5,50375.372
2025-08-23 01:15:00+00:00,198.5,198.5,197.46,197.51,80842.167
2025-08-23 01:30:00+00:00,197.52,197.95,196.77,196.82,79395.762
2025-08-23 01:45:00+00:00,196.83,197.97,196.83,197.82,45980.657
2025-08-23 02:00:00+00:00,197.82,198.2,197.55,197.9,24914.797
2025-08-23 02:15:00+00:00,197.9,198.37,196.57,196.59,42610.865
2025-08-23 02:30:00+00:00,196.6,196.96,195.26,196.64,102956.389
2025-08-23 02:45:00+00:00,196.63,197.7,196.08,197.56,27207.15
2025-08-23 03:00:00+00:00,197.55,198.53,197.15,197.88,33040.613
2025-08-23 03:15:00+00:00,197.89,198.19,197.55,198.14,18472.615
2025-08-23 03:30:00+00:00,198.13,198.22,197.53,197.72,28215.682
2025-08-23 03:45:00+00:00,197.73,198.71,197.43,198.16,28160.8
2025-08-23 04:00:00+00:00,198.15,199.11,198.1,199.02,37245.743
2025-08-23 04:15:00+00:00,199.03,200.0,198.55,199.86,53006.3
2025-08-23 04:30:00+00:00,199.85,204.41,199.54,204.35,272812.424
2025-08-23 04:45:00+00:00,204.34,204.95,203.51,204.67,271047.732
2025-08-23 05:00:00+00:00,204.66,207.13,204.35,206.72,249484.344
2025-08-23 05:15:00+00:00,206.71,208.62,206.28,207.37,213926.159
2025-08-23 05:30:00+00:00,207.37,208.18,206.75,207.97,122672.498
2025-08-23 05:45:00+00:00,207.96,208.46,207.24,207.54,160250.835
2025-08-23 06:00:00+00:00,207.54,207.89,206.05,206.75,129301.237
2025-08-23 06:15:00+00:00,206.75,207.44,205.74,205.95,140657.344
2025-08-23 06:30:00+00:00,205.95,207.14,205.94,206.35,80933.584
2025-08-23 06:45:00+00:00,206.35,206.95,206.27,206.54,59858.435
2025-08-23 07:00:00+00:00,206.53,207.3,206.18,207.06,50006.423
2025-08-23 07:15:00+00:00,207.05,207.09,205.44,205.61,58102.595
2025-08-23 07:30:00+00:00,205.61,206.37,205.07,205.77,106838.252
2025-08-23 07:45:00+00:00,205.77,205.81,204.92,205.18,66220.238
2025-08-23 08:00:00+00:00,205.18,205.66,204.3,204.38,97550.2
2025-08-23 08:15:00+00:00,204.39,204.99,202.28,202.3,167989.458
2025-08-23 08:30:00+00:00,202.3,203.65,202.15,203.4,202685.693
2025-08-23 08:45:00+00:00,203.4,203.85,203.12,203.82,42324.712
2025-08-23 09:00:00+00:00,203.82,204.09,203.2,203.82,38695.845
2025-08-23 09:15:00+00:00,203.83,203.88,203.35,203.73,25519.795
2025-08-23 09:30:00+00:00,203.73,204.35,203.61,204.21,31730.553
2025-08-23 09:45:00+00:00,204.22,204.7,203.93,204.47,31469.623
2025-08-23 10:00:00+00:00,204.47,204.71,203.35,203.43,41771.533
2025-08-23 10:15:00+00:00,203.44,203.72,203.0,203.3,22901.463
2025-08-23 10:30:00+00:00,203.3,203.44,202.62,202.7,21188.794
2025-08-23 10:45:00+00:00,202.7,203.11,201.8,201.97,57234.086
2025-08-23 11:00:00+00:00,201.98,202.9,201.81,202.87,34282.802
2025-08-23 11:15:00+00:00,202.86,203.02,202.46,202.47,13972.163
2025-08-23 11:30:00+00:00,202.47,202.67,202.22,202.23,17048.491
2025-08-23 11:45:00+00:00,202.22,202.56,201.53,201.98,28798.732
2025-08-23 12:00:00+00:00,201.99,202.37,201.08,202.35,28198.853
2025-08-23 12:15:00+00:00,202.34,203.0,202.03,202.38,21520.654
2025-08-23 12:30:00+00:00,202.38,203.18,202.1,202.95,28652.742
2025-08-23 12:45:00+00:00,202.94,203.19,201.83,201.99,23704.761
2025-08-23 13:00:00+00:00,202.0,202.44,201.72,202.28,22032.781
2025-08-23 13:15:00+00:00,202.28,202.46,201.7,201.89,28632.979
2025-08-23 13:30:00+00:00,201.88,201.9,200.58,201.07,93788.454
2025-08-23 13:45:00+00:00,201.07,201.95,200.97,201.49,28392.209
2025-08-23 14:00:00+00:00,201.5,202.06,200.97,201.93,27140.93
2025-08-23 14:15:00+00:00,201.92,203.0,201.73,202.9,35381.833
2025-08-23 14:30:00+00:00,202.9,203.28,202.11,202.61,43225.284
2025-08-23 14:45:00+00:00,202.6,203.47,202.47,202.72,42196.92
2025-08-23 15:00:00+00:00,202.72,203.8,202.7,203.69,57653.398
2025-08-23 15:15:00+00:00,203.68,203.69,202.62,203.04,99665.938
2025-08-23 15:30:00+00:00,203.03,203.12,202.61,202.67,24446.851
2025-08-23 15:45:00+00:00,202.68,203.16,202.43,202.58,20940.079
2025-08-23 16:00:00+00:00,202.57,202.86,202.2,202.52,19954.572
2025-08-23 16:15:00+00:00,202.53,203.5,202.46,203.02,22820.122
2025-08-23 16:30:00+00:00,203.03,203.12,202.78,203.0,13056.666
2025-08-23 16:45:00+00:00,203.0,203.58,203.0,203.26,15718.193
2025-08-23 17:00:00+00:00,203.25,203.77,203.18,203.46,17942.008
2025-08-23 17:15:00+00:00,203.45,203.48,202.27,202.74,23566.344
2025-08-23 17:30:00+00:00,202.74,203.7,202.63,203.45,26795.848
2025-08-23 17:45:00+00:00,203.46,203.65,203.25,203.26,23168.011
2025-08-23 18:00:00+00:00,203.26,203.72,203.23,203.7,17565.324
2025-08-23 18:15:00+00:00,203.71,204.14,203.53,203.92,22541.94
2025-08-23 18:30:00+00:00,203.93,204.35,203.81,204.17,19198.683
2025-08-23 18:45:00+00:00,204.17,204.24,203.7,204.0,15997.284
2025-08-23 19:00:00+00:00,204.0,204.57,203.99,204.05,22010.589
2025-08-23 19:15:00+00:00,204.05,204.13,203.9,204.04,12107.172
2025-08-23 19:30:00+00:00,204.04,204.18,203.78,203.84,14972.996
2025-08-23 19:45:00+00:00,203.85,204.26,203.84,204.09,9888.331
2025-08-23 20:00:00+00:00,204.08,204.23,203.43,203.46,8673.942
2025-08-23 20:15:00+00:00,203.45,204.0,203.23,203.96,10136.354
2025-08-23 20:30:00+00:00,203.95,204.26,203.31,203.38,28776.831
2025-08-23 20:45:00+00:00,203.38,203.84,203.28,203.77,5443.396
2025-08-23 21:00:00+00:00,203.77,204.09,203.44,203.89,11672.919
2025-08-23 21:15:00+00:00,203.9,203.92,203.26,203.27,12143.641
2025-08-23 21:30:00+00:00,203.26,203.53,203.23,203.53,7076.695
2025-08-23 21:45:00+00:00,203.53,203.53,203.03,203.08,9800.874
2025-08-23 22:00:00+00:00,203.08,203.53,203.03,203.3,9463.427
2025-08-23 22:15:00+00:00,203.31,203.37,202.91,203.03,7136.695
2025-08-23 22:30:00+00:00,203.04,203.31,202.8,203.25,5930.462
2025-08-23 22:45:00+00:00,203.24,203.64,203.17,203.52,8100.472
2025-08-23 23:00:00+00:00,203.53,204.41,203.53,204.39,16360.103
2025-08-23 23:15:00+00:00,204.38,204.86,204.29,204.38,18478.939
2025-08-23 23:30:00+00:00,204.38,204.71,204.16,204.29,9648.169
2025-08-23 23:45:00+00:00,204.29,204.32,203.91,204.14,13772.965
2025-08-24 00:00:00+00:00,204.15,205.2,204.14,205.04,43927.821
2025-08-24 00:15:00+00:00,205.04,205.7,204.64,205.65,35327.019
2025-08-24 00:30:00+00:00,205.65,206.86,205.6,206.7,60199.397
2025-08-24 00:45:00+00:00,206.7,206.7,205.62,206.13,24778.628
2025-08-24 01:00:00+00:00,206.12,206.66,204.96,206.66,39282.345
2025-08-24 01:15:00+00:00,206.66,207.65,205.52,206.1,79624.57
2025-08-24 01:30:00+00:00,206.11,207.48,205.75,207.3,47645.168
2025-08-24 01:45:00+00:00,207.3,208.85,206.86,208.13,160947.172
2025-08-24 02:00:00+00:00,208.13,209.21,207.49,209.13,133517.29
2025-08-24 02:15:00+00:00,209.13,211.99,208.47,211.4,266728.46
2025-08-24 02:30:00+00:00,211.4,211.55,209.76,209.87,112128.213
2025-08-24 02:45:00+00:00,209.87,209.87,208.36,208.76,89365.213
2025-08-24 03:00:00+00:00,208.76,209.06,207.77,207.77,72897.017
2025-08-24 03:15:00+00:00,207.77,208.39,207.21,208.38,55533.169
2025-08-24 03:30:00+00:00,208.37,209.06,208.17,208.34,38872.213
2025-08-24 03:45:00+00:00,208.35,209.41,208.11,209.05,31393.405
2025-08-24 04:00:00+00:00,209.06,209.85,208.87,209.35,48497.373
2025-08-24 04:15:00+00:00,209.35,210.66,209.35,209.66,66204.872
2025-08-24 04:30:00+00:00,209.65,210.02,208.67,208.73,48123.992
2025-08-24 04:45:00+00:00,208.73,210.7,208.4,210.67,82212.06
2025-08-24 05:00:00+00:00,210.66,210.76,209.64,209.92,94030.045
2025-08-24 05:15:00+00:00,209.93,210.16,209.21,209.27,55931.923
2025-08-24 05:30:00+00:00,209.26,209.82,208.99,209.49,52648.654
2025-08-24 05:45:00+00:00,209.49,209.68,208.1,208.57,67307.603
2025-08-24 06:00:00+00:00,208.58,208.87,208.16,208.41,51506.449
2025-08-24 06:15:00+00:00,208.41,208.48,207.66,208.15,51718.266
2025-08-24 06:30:00+00:00,208.15,208.25,207.5,208.13,38908.575
2025-08-24 06:45:00+00:00,208.13,208.13,207.05,207.37,51318.288
2025-08-24 07:00:00+00:00,207.37,208.04,207.37,208.03,37492.487
2025-08-24 07:15:00+00:00,208.03,208.1,207.13,207.95,36476.9
2025-08-24 07:30:00+00:00,207.96,208.24,207.22,207.39,28707.524
2025-08-24 07:45:00+00:00,207.38,207.54,206.6,206.66,65305.488
2025-08-24 08:00:00+00:00,206.67,207.45,206.11,207.29,57123.277
2025-08-24 08:15:00+00:00,207.28,207.92,207.08,207.69,24949.382
2025-08-24 08:30:00+00:00,207.68,208.16,207.5,207.9,26028.305
2025-08-24 08:45:00+00:00,207.9,208.22,207.68,208.15,23691.893
2025-08-24 09:00:00+00:00,208.15,208.62,207.63,207.84,38188.262
2025-08-24 09:15:00+00:00,207.84,209.0,207.84,208.66,27704.909
2025-08-24 09:30:00+00:00,208.66,208.98,208.18,208.46,26668.89
2025-08-24 09:45:00+00:00,208.45,208.69,207.93,208.18,32814.309
2025-08-24 10:00:00+00:00,208.19,208.25,207.46,207.47,36471.792
2025-08-24 10:15:00+00:00,207.47,207.63,206.08,206.41,74714.334
2025-08-24 10:30:00+00:00,206.41,206.42,204.5,205.35,175157.508
2025-08-24 10:45:00+00:00,205.35,205.65,204.52,204.82,46935.768
2025-08-24 11:00:00+00:00,204.81,205.35,204.01,204.53,60307.393
2025-08-24 11:15:00+00:00,204.53,204.9,203.43,204.09,97296.713
2025-08-24 11:30:00+00:00,204.09,204.64,203.41,203.51,38518.887
2025-08-24 11:45:00+00:00,203.5,204.72,203.5,204.48,32948.388
2025-08-24 12:00:00+00:00,204.48,204.92,204.21,204.64,29436.798
2025-08-24 12:15:00+00:00,204.63,204.89,203.94,204.18,25410.661
2025-08-24 12:30:00+00:00,204.18,204.46,203.76,203.94,22966.728
2025-08-24 12:45:00+00:00,203.95,204.53,203.57,204.37,27237.285
2025-08-24 13:00:00+00:00,204.37,205.17,204.22,204.85,39996.394
2025-08-24 13:15:00+00:00,204.85,205.51,204.74,205.0,40429.413
2025-08-24 13:30:00+00:00,205.01,205.67,204.78,204.95,39072.489
2025-08-24 13:45:00+00:00,204.95,205.2,204.5,204.73,25405.52
2025-08-24 14:00:00+00:00,204.73,204.82,204.0,204.26,35111.665
2025-08-24 14:15:00+00:00,204.26,206.0,204.16,205.48,62848.957
2025-08-24 14:30:00+00:00,205.48,205.87,204.95,205.11,29069.227
2025-08-24 14:45:00+00:00,205.11,206.46,205.07,206.08,48509.316
2025-08-24 15:00:00+00:00,206.07,208.7,205.76,207.65,118014.493
2025-08-24 15:15:00+00:00,207.65,209.35,207.23,208.46,116969.519
2025-08-24 15:30:00+00:00,208.45,208.72,206.67,207.05,103756.021
2025-08-24 15:45:00+00:00,207.06,207.13,205.38,205.62,85635.921
2025-08-24 16:00:00+00:00,205.62,206.7,205.53,206.6,88722.394
2025-08-24 16:15:00+00:00,206.59,206.74,205.75,205.98,47968.102
2025-08-24 16:30:00+00:00,205.99,207.32,205.93,206.74,35519.953
2025-08-24 16:45:00+00:00,206.73,207.11,206.19,206.61,30585.905
2025-08-24 17:00:00+00:00,206.61,208.49,206.5,208.36,68257.159
2025-08-24 17:15:00+00:00,208.37,208.59,207.21,207.83,37173.513
2025-08-24 17:30:00+00:00,207.82,209.68,207.71,209.68,75977.471
2025-08-24 17:45:00+00:00,209.68,209.78,208.37,209.35,64233.967
2025-08-24 18:00:00+00:00,209.35,210.0,208.82,209.95,84127.439
2025-08-24 18:15:00+00:00,209.94,210.6,209.75,210.54,88807.559
2025-08-24 18:30:00+00:00,210.53,211.91,210.24,211.76,215923.013
2025-08-24 18:45:00+00:00,211.77,211.97,210.9,211.23,79498.068
2025-08-24 19:00:00+00:00,211.23,211.24,210.26,210.51,53539.997
2025-08-24 19:15:00+00:00,210.51,211.89,210.37,210.61,52443.136
2025-08-24 19:30:00+00:00,210.62,210.7,201.44,206.57,665534.578
2025-08-24 19:45:00+00:00,206.57,206.66,202.72,205.01,280820.91
2025-08-24 20:00:00+00:00,205.01,205.08,201.09,202.34,287920.25
2025-08-24 20:15:00+00:00,202.34,205.02,202.2,204.0,166999.324
2025-08-24 20:30:00+00:00,204.0,205.36,203.42,205.36,70804.921
2025-08-24 20:45:00+00:00,205.35,205.36,203.48,203.63,51566.655
2025-08-24 21:00:00+00:00,203.64,204.0,202.23,203.52,94591.23
2025-08-24 21:15:00+00:00,203.51,204.35,203.25,204.0,47820.816
2025-08-24 21:30:00+00:00,203.99,205.66,203.86,204.47,63232.01
2025-08-24 21:45:00+00:00,204.47,205.61,203.74,204.4,65164.531
2025-08-24 22:00:00+00:00,204.41,204.63,203.1,204.03,103488.674
2025-08-24 22:15:00+00:00,204.02,204.02,201.53,201.53,79833.617
2025-08-24 22:30:00+00:00,201.53,203.66,201.38,203.5,41525.801
2025-08-24 22:45:00+00:00,203.5,205.51,203.27,205.09,48195.073
2025-08-24 23:00:00+00:00,205.09,206.52,204.71,206.05,70974.529
2025-08-24 23:15:00+00:00,206.05,207.15,206.01,206.66,71893.806
2025-08-24 23:30:00+00:00,206.67,206.94,206.11,206.51,50040.586
2025-08-24 23:45:00+00:00,206.5,206.72,205.57,205.98,44516.235
2025-08-25 00:00:00+00:00,205.99,208.07,205.94,207.87,104133.527
2025-08-25 00:15:00+00:00,207.88,208.19,205.72,205.74,57310.537
2025-08-25 00:30:00+00:00,205.75,205.77,202.23,203.08,123225.998
2025-08-25 00:45:00+00:00,203.09,204.42,202.98,203.49,68209.661
2025-08-25 01:00:00+00:00,203.49,204.52,203.44,204.36,32763.44
2025-08-25 01:15:00+00:00,204.36,208.9,203.66,207.73,129856.937
2025-08-25 01:30:00+00:00,207.73,208.43,205.98,206.0,73200.926
2025-08-25 01:45:00+00:00,206.0,207.54,206.0,206.95,43561.179
2025-08-25 02:00:00+00:00,206.95,210.08,206.69,209.97,111084.223
2025-08-25 02:15:00+00:00,209.97,213.37,209.41,211.74,259670.934
2025-08-25 02:30:00+00:00,211.74,213.6,211.59,212.1,180678.119
2025-08-25 02:45:00+00:00,212.1,213.05,211.97,212.55,73068.98
2025-08-25 03:00:00+00:00,212.55,212.98,210.73,210.97,62116.33
2025-08-25 03:15:00+00:00,210.97,211.77,209.45,210.14,88931.308
2025-08-25 03:30:00+00:00,210.14,210.62,209.16,210.26,60536.773
2025-08-25 03:45:00+00:00,210.27,210.81,208.8,209.24,57505.783
2025-08-25 04:00:00+00:00,209.24,209.71,207.48,207.51,83703.543
2025-08-25 04:15:00+00:00,207.52,208.39,207.06,207.74,120387.492
2025-08-25 04:30:00+00:00,207.75,208.07,206.77,207.4,49334.506
2025-08-25 04:45:00+00:00,207.4,207.93,207.01,207.32,48223.173
2025-08-25 05:00:00+00:00,207.33,208.0,205.41,205.52,87088.975
2025-08-25 05:15:00+00:00,205.52,206.61,205.33,205.75,60945.172
2025-08-25 05:30:00+00:00,205.75,205.91,204.43,204.91,51004.006
2025-08-25 05:45:00+00:00,204.91,205.25,203.39,203.71,110554.318
2025-08-25 06:00:00+00:00,203.71,204.46,203.25,203.78,80664.152
2025-08-25 06:15:00+00:00,203.79,204.72,202.72,203.57,77902.706
2025-08-25 06:30:00+00:00,203.57,203.71,202.53,202.85,91150.769
2025-08-25 06:45:00+00:00,202.86,203.35,201.7,201.93,118529.008
2025-08-25 07:00:00+00:00,201.94,204.43,201.89,203.45,199752.506
2025-08-25 07:15:00+00:00,203.46,203.93,202.43,202.46,57569.455
2025-08-25 07:30:00+00:00,202.47,202.76,200.91,201.95,114094.436
2025-08-25 07:45:00+00:00,201.95,202.05,198.69,199.82,193041.601
2025-08-25 08:00:00+00:00,199.81,200.16,198.11,199.52,188451.027
2025-08-25 08:15:00+00:00,199.52,200.78,199.42,199.98,71349.964
2025-08-25 08:30:00+00:00,199.98,200.8,199.28,199.67,57015.962
2025-08-25 08:45:00+00:00,199.67,200.66,199.46,199.94,61451.936
2025-08-25 09:00:00+00:00,199.93,200.23,198.5,199.22,121162.95
2025-08-25 09:15:00+00:00,199.21,199.68,198.68,198.71,26564.417
2025-08-25 09:30:00+00:00,198.71,199.42,198.19,199.23,88778.971
2025-08-25 09:45:00+00:00,199.23,199.47,198.65,199.47,24697.293
2025-08-25 10:00:00+00:00,199.47,199.47,197.24,197.67,98751.134
2025-08-25 10:15:00+00:00,197.67,198.03,195.2,196.12,169370.7
2025-08-25 10:30:00+00:00,196.12,196.42,195.03,195.32,81877.488
2025-08-25 10:45:00+00:00,195.32,196.38,195.0,195.87,60149.082
2025-08-25 11:00:00+00:00,195.87,196.18,195.44,196.13,31277.961
2025-08-25 11:15:00+00:00,196.13,196.49,195.69,195.77,50852.467
2025-08-25 11:30:00+00:00,195.78,196.8,195.68,196.38,98917.692
2025-08-25 11:45:00+00:00,196.39,197.55,196.36,197.55,76898.212
2025-08-25 12:00:00+00:00,197.54,197.92,196.9,197.78,56506.499
2025-08-25 12:15:00+00:00,197.78,198.5,197.39,198.49,71049.197
2025-08-25 12:30:00+00:00,198.49,198.51,196.78,197.95,69382.509
2025-08-25 12:45:00+00:00,197.95,198.01,196.89,198.0,69359.718
2025-08-25 13:00:00+00:00,198.0,198.02,197.07,197.42,44052.085
2025-08-25 13:15:00+00:00,197.41,198.47,196.69,197.7,59975.929
2025-08-25 13:30:00+00:00,197.71,197.97,196.26,196.95,86305.267
2025-08-25 13:45:00+00:00,196.95,198.42,195.56,198.24,123050.591
2025-08-25 14:00:00+00:00,198.23,199.5,197.58,198.67,168969.259
2025-08-25 14:15:00+00:00,198.67,199.29,197.72,197.83,91884.386
2025-08-25 14:30:00+00:00,197.84,198.74,197.01,197.02,61170.633
2025-08-25 14:45:00+00:00,197.01,198.66,196.86,198.31,57508.995
2025-08-25 15:00:00+00:00,198.3,198.54,196.48,196.88,65812.186
2025-08-25 15:15:00+00:00,196.89,198.35,196.79,197.79,58026.711
2025-08-25 15:30:00+00:00,197.8,198.27,196.95,197.47,44521.157
2025-08-25 15:45:00+00:00,197.47,197.51,196.09,196.56,36394.886
2025-08-25 16:00:00+00:00,196.57,197.55,195.61,197.54,59076.824
2025-08-25 16:15:00+00:00,197.55,198.36,197.1,197.2,31428.377
2025-08-25 16:30:00+00:00,197.2,198.15,196.8,197.97,18963.203
2025-08-25 16:45:00+00:00,197.96,198.14,196.44,196.45,31368.574
2025-08-25 17:00:00+00:00,196.45,196.6,195.15,196.0,54567.009
2025-08-25 17:15:00+00:00,196.01,197.36,195.61,197.04,26689.447
2025-08-25 17:30:00+00:00,197.03,197.3,196.34,196.67,18566.487
2025-08-25 17:45:00+00:00,196.67,197.2,196.02,196.69,22370.671
2025-08-25 18:00:00+00:00,196.7,197.75,196.11,197.45,34466.007
2025-08-25 18:15:00+00:00,197.45,197.84,197.17,197.33,30514.393
2025-08-25 18:30:00+00:00,197.34,197.45,196.21,196.56,26084.835
2025-08-25 18:45:00+00:00,196.55,196.87,196.31,196.46,11510.133
2025-08-25 19:00:00+00:00,196.46,196.49,195.36,195.36,36075.121
2025-08-25 19:15:00+00:00,195.36,195.54,192.85,193.66,254297.317
2025-08-25 19:30:00+00:00,193.66,193.92,192.01,192.43,139480.354
2025-08-25 19:45:00+00:00,192.43,192.74,190.98,191.47,126121.723
2025-08-25 20:00:00+00:00,191.47,192.12,188.41,189.6,272591.418
2025-08-25 20:15:00+00:00,189.6,190.49,188.5,189.26,120118.008
2025-08-25 20:30:00+00:00,189.25,189.34,186.92,188.26,221463.261
2025-08-25 20:45:00+00:00,188.26,188.76,186.28,186.29,89864.67
2025-08-25 21:00:00+00:00,186.3,187.86,185.99,186.67,153661.431
2025-08-25 21:15:00+00:00,186.68,187.98,186.68,186.94,60576.773
2025-08-25 21:30:00+00:00,186.95,187.98,186.28,187.19,68219.844
2025-08-25 21:45:00+00:00,187.2,188.43,186.39,186.41,56561.502
2025-08-25 22:00:00+00:00,186.4,187.37,186.12,186.2,71140.101
2025-08-25 22:15:00+00:00,186.2,187.36,185.33,187.36,47251.901
2025-08-25 22:30:00+00:00,187.36,188.52,187.0,188.43,71266.905
2025-08-25 22:45:00+00:00,188.42,188.44,186.74,187.03,38260.3
2025-08-25 23:00:00+00:00,187.02,187.22,186.44,186.9,41796.766
2025-08-25 23:15:00+00:00,186.9,187.21,185.69,186.46,100451.994
2025-08-25 23:30:00+00:00,186.46,187.12,186.29,187.11,48870.843
2025-08-25 23:45:00+00:00,187.11,187.6,186.62,187.2,28086.824
2025-08-26 00:00:00+00:00,187.19,187.57,186.63,187.55,65439.983
2025-08-26 00:15:00+00:00,187.54,188.3,186.9,187.75,45774.689
2025-08-26 00:30:00+00:00,187.74,188.66,186.31,186.38,88023.041
2025-08-26 00:45:00+00:00,186.37,187.24,185.58,186.29,91993.619
2025-08-26 01:00:00+00:00,186.3,187.76,185.66,186.93,76974.58
2025-08-26 01:15:00+00:00,186.93,187.97,186.82,187.74,66825.701
2025-08-26 01:30:00+00:00,187.75,188.21,187.16,187.71,66875.116
2025-08-26 01:45:00+00:00,187.71,188.97,187.71,188.22,97103.827
2025-08-26 02:00:00+00:00,188.22,189.29,187.86,189.12,100300.212
2025-08-26 02:15:00+00:00,189.11,189.23,187.6,188.49,56809.089
2025-08-26 02:30:00+00:00,188.48,188.5,187.59,187.98,30394.343
2025-08-26 02:45:00+00:00,187.98,188.44,186.88,187.51,77690.683
2025-08-26 03:00:00+00:00,187.51,187.63,186.58,186.77,57689.915
2025-08-26 03:15:00+00:00,186.76,187.74,186.41,187.13,49425.341
2025-08-26 03:30:00+00:00,187.13,187.97,187.05,187.89,19331.521
2025-08-26 03:45:00+00:00,187.89,187.92,186.67,186.9,41759.028
2025-08-26 04:00:00+00:00,186.9,188.0,186.9,187.98,44174.595
2025-08-26 04:15:00+00:00,187.98,188.5,187.12,187.41,40226.704
2025-08-26 04:30:00+00:00,187.42,188.14,187.42,187.78,34129.382
2025-08-26 04:45:00+00:00,187.77,188.31,187.5,187.89,24548.232
2025-08-26 05:00:00+00:00,187.89,188.84,187.87,188.67,30131.399
2025-08-26 05:15:00+00:00,188.67,188.92,188.32,188.83,27577.579
2025-08-26 05:30:00+00:00,188.82,189.26,188.48,189.25,32366.058
2025-08-26 05:45:00+00:00,189.26,189.59,188.75,188.75,34094.3
2025-08-26 06:00:00+00:00,188.74,189.75,188.31,189.14,56320.185
2025-08-26 06:15:00+00:00,189.14,189.59,187.72,187.91,42396.914
2025-08-26 06:30:00+00:00,187.9,188.33,187.73,187.95,27507.011
2025-08-26 06:45:00+00:00,187.96,188.18,187.38,187.93,22673.002
2025-08-26 07:00:00+00:00,187.92,188.37,187.21,187.55,37126.541
2025-08-26 07:15:00+00:00,187.55,188.29,187.34,187.99,22046.685
2025-08-26 07:30:00+00:00,187.99,189.92,187.89,189.15,67885.222
2025-08-26 07:45:00+00:00,189.16,189.65,188.72,188.92,52166.112
2025-08-26 08:00:00+00:00,188.92,189.88,188.84,189.8,71769.869
2025-08-26 08:15:00+00:00,189.79,190.37,188.63,188.81,38534.41
2025-08-26 08:30:00+00:00,188.81,188.86,187.98,188.85,88975.723
2025-08-26 08:45:00+00:00,188.84,189.26,188.46,188.71,17277.237
2025-08-26 09:00:00+00:00,188.7,189.11,187.55,188.33,52355.472
2025-08-26 09:15:00+00:00,188.34,189.29,188.29,188.85,30289.848
2025-08-26 09:30:00+00:00,188.86,189.21,187.52,187.58,39995.767
2025-08-26 09:45:00+00:00,187.59,188.07,187.5,188.02,27671.434
2025-08-26 10:00:00+00:00,188.02,188.58,188.01,188.45,23090.103
2025-08-26 10:15:00+00:00,188.45,188.75,187.81,188.0,25250.723
2025-08-26 10:30:00+00:00,188.0,188.69,187.98,188.68,17826.904
2025-08-26 10:45:00+00:00,188.68,188.96,188.09,188.62,24760.997
2025-08-26 11:00:00+00:00,188.63,189.09,188.19,188.49,28521.009
2025-08-26 11:15:00+00:00,188.49,188.49,187.23,187.65,33568.014
2025-08-26 11:30:00+00:00,187.64,187.72,186.67,187.38,50508.988
2025-08-26 11:45:00+00:00,187.39,187.98,187.13,187.97,24068.357
2025-08-26 12:00:00+00:00,187.98,188.04,187.19,187.28,27757.079
2025-08-26 12:15:00+00:00,187.29,187.85,187.18,187.72,20879.419
2025-08-26 12:30:00+00:00,187.71,191.64,187.69,190.81,113738.984
2025-08-26 12:45:00+00:00,190.8,192.32,188.41,190.54,158454.073
2025-08-26 13:00:00+00:00,190.54,190.58,188.9,189.49,59073.232
2025-08-26 13:15:00+00:00,189.49,189.81,188.85,189.21,42137.307
2025-08-26 13:30:00+00:00,189.21,191.06,188.8,189.4,148341.258
2025-08-26 13:45:00+00:00,189.41,189.8,187.71,189.4,126357.294
2025-08-26 14:00:00+00:00,189.41,190.04,188.42,188.92,76008.939
2025-08-26 14:15:00+00:00,188.91,190.74,188.75,190.0,95576.928
2025-08-26 14:30:00+00:00,189.99,190.57,189.75,190.38,55195.637
2025-08-26 14:45:00+00:00,190.39,191.81,189.88,191.52,61250.551
2025-08-26 15:00:00+00:00,191.52,192.35,191.12,191.13,64796.837
2025-08-26 15:15:00+00:00,191.13,192.55,190.73,191.38,49339.014
2025-08-26 15:30:00+00:00,191.38,191.42,189.95,190.07,55389.39
2025-08-26 15:45:00+00:00,190.07,191.0,190.06,190.77,24908.944
2025-08-26 16:00:00+00:00,190.76,191.34,190.58,190.78,26160.3
2025-08-26 16:15:00+00:00,190.78,192.05,190.77,191.87,52899.533
2025-08-26 16:30:00+00:00,191.86,192.91,191.53,192.66,86587.223
2025-08-26 16:45:00+00:00,192.66,193.74,192.31,193.65,50860.454
2025-08-26 17:00:00+00:00,193.64,193.89,193.01,193.88,72426.031
2025-08-26 17:15:00+00:00,193.87,194.25,193.47,193.83,57896.325
2025-08-26 17:30:00+00:00,193.84,193.9,192.25,192.51,48775.728
2025-08-26 17:45:00+00:00,192.52,193.73,192.26,193.72,43106.25
2025-08-26 18:00:00+00:00,193.72,194.1,193.51,193.84,24958.166
2025-08-26 18:15:00+00:00,193.84,194.54,193.7,194.45,31297.243
2025-08-26 18:30:00+00:00,194.45,195.19,194.03,194.86,40455.12
2025-08-26 18:45:00+00:00,194.86,195.37,194.53,194.86,38661.594
2025-08-26 19:00:00+00:00,194.85,195.14,194.3,195.12,25264.936
2025-08-26 19:15:00+00:00,195.12,196.41,194.86,196.39,52119.2
2025-08-26 19:30:00+00:00,196.38,196.44,195.6,195.73,36579.397
2025-08-26 19:45:00+00:00,195.74,197.51,195.72,197.43,65024.116
2025-08-26 20:00:00+00:00,197.43,197.43,196.4,197.17,48630.372
2025-08-26 20:15:00+00:00,197.16,197.74,196.94,197.54,55525.227
2025-08-26 20:30:00+00:00,197.53,197.6,196.37,196.55,36998.832
2025-08-26 20:45:00+00:00,196.55,196.8,195.91,196.35,34689.687
2025-08-26 21:00:00+00:00,196.34,196.36,195.58,195.73,41627.502
2025-08-26 21:15:00+00:00,195.74,196.11,195.37,195.49,28376.791
2025-08-26 21:30:00+00:00,195.49,196.7,195.49,195.73,31774.206
2025-08-26 21:45:00+00:00,195.74,196.87,195.64,196.79,23970.152
2025-08-26 22:00:00+00:00,196.79,197.0,196.2,196.63,29640.253
2025-08-26 22:15:00+00:00,196.63,197.9,196.06,196.28,79276.705
2025-08-26 22:30:00+00:00,196.27,196.7,195.79,195.95,25782.32
2025-08-26 22:45:00+00:00,195.95,196.76,195.76,196.76,16784.672
2025-08-26 23:00:00+00:00,196.75,198.1,196.45,197.72,48271.011
2025-08-26 23:15:00+00:00,197.71,197.71,196.71,196.74,25935.731
2025-08-26 23:30:00+00:00,196.74,196.82,195.76,196.23,36640.85
2025-08-26 23:45:00+00:00,196.23,196.23,195.59,195.86,15973.245
2025-08-27 00:00:00+00:00,195.85,195.91,195.15,195.39,29985.195
2025-08-27 00:15:00+00:00,195.38,195.88,195.11,195.19,24272.024
2025-08-27 00:30:00+00:00,195.19,196.24,195.19,195.52,15772.022
2025-08-27 00:45:00+00:00,195.53,195.65,194.42,194.63,49285.586
2025-08-27 01:00:00+00:00,194.64,194.81,193.78,194.56,41171.299
2025-08-27 01:15:00+00:00,194.56,195.13,194.09,195.09,38693.09
2025-08-27 01:30:00+00:00,195.09,196.12,194.96,195.16,27514.41
2025-08-27 01:45:00+00:00,195.17,196.76,195.08,196.26,44346.489
2025-08-27 02:00:00+00:00,196.27,196.5,195.59,196.2,25924.642
2025-08-27 02:15:00+00:00,196.2,199.42,196.14,198.27,135592.492
2025-08-27 02:30:00+00:00,198.26,199.75,198.16,199.31,96196.506
2025-08-27 02:45:00+00:00,199.3,199.31,198.14,198.29,52407.822
2025-08-27 03:00:00+00:00,198.28,198.81,197.8,197.85,33833.646
2025-08-27 03:15:00+00:00,197.84,198.03,196.9,197.58,39109.835
2025-08-27 03:30:00+00:00,197.57,199.05,197.54,198.71,44575.065
2025-08-27 03:45:00+00:00,198.72,202.81,198.72,201.92,211029.137
2025-08-27 04:00:00+00:00,201.91,205.0,201.68,204.58,259215.775
2025-08-27 04:15:00+00:00,204.58,205.6,204.14,204.33,193166.208
2025-08-27 04:30:00+00:00,204.34,205.45,204.2,205.27,97750.122
2025-08-27 04:45:00+00:00,205.27,205.7,204.49,205.17,81665.037
2025-08-27 05:00:00+00:00,205.18,205.35,203.45,204.19,104360.179
2025-08-27 05:15:00+00:00,204.18,204.83,202.92,203.05,72132.414
2025-08-27 05:30:00+00:00,203.06,203.47,202.51,203.13,62227.28
2025-08-27 05:45:00+00:00,203.12,203.64,202.71,202.87,56313.073
2025-08-27 06:00:00+00:00,202.88,203.41,202.36,203.12,71007.987
2025-08-27 06:15:00+00:00,203.12,203.66,202.66,203.43,62542.264
2025-08-27 06:30:00+00:00,203.42,204.17,203.01,203.02,58704.651
2025-08-27 06:45:00+00:00,203.03,203.15,201.91,202.24,79140.81
2025-08-27 07:00:00+00:00,202.25,202.73,201.94,202.33,66180.75
2025-08-27 07:15:00+00:00,202.34,202.4,200.86,201.16,101337.422
2025-08-27 07:30:00+00:00,201.17,201.88,200.81,201.41,81794.078
2025-08-27 07:45:00+00:00,201.41,202.69,201.22,202.43,58274.502
2025-08-27 08:00:00+00:00,202.44,203.39,202.02,202.25,57058.746
2025-08-27 08:15:00+00:00,202.25,202.45,201.48,201.96,55363.628
2025-08-27 08:30:00+00:00,201.96,202.52,201.72,202.09,36010.029
2025-08-27 08:45:00+00:00,202.1,203.66,201.53,203.49,59836.462
2025-08-27 09:00:00+00:00,203.48,204.42,203.08,203.9,78428.255
2025-08-27 09:15:00+00:00,203.89,204.71,203.85,204.55,46850.001
2025-08-27 09:30:00+00:00,204.54,205.14,203.66,204.03,63008.808
2025-08-27 09:45:00+00:00,204.02,204.45,203.75,203.91,40711.623
2025-08-27 10:00:00+00:00,203.91,204.76,203.84,204.68,43674.221
2025-08-27 10:15:00+00:00,204.69,205.38,204.11,204.56,95099.225
2025-08-27 10:30:00+00:00,204.57,204.9,203.28,203.82,61867.503
2025-08-27 10:45:00+00:00,203.82,204.5,203.58,204.09,35288.335
2025-08-27 11:00:00+00:00,204.1,205.33,204.09,204.97,38506.909
2025-08-27 11:15:00+00:00,204.96,205.21,204.33,204.6,28776.335
2025-08-27 11:30:00+00:00,204.6,205.22,204.45,204.66,29637.592
2025-08-27 11:45:00+00:00,204.65,205.38,204.64,205.01,43430.681
2025-08-27 12:00:00+00:00,205.01,205.65,203.62,204.43,97173.92
2025-08-27 12:15:00+00:00,204.42,204.57,203.86,204.01,38047.468
2025-08-27 12:30:00+00:00,204.0,204.69,203.18,203.36,59573.278
2025-08-27 12:45:00+00:00,203.37,204.81,203.33,204.64,40330.284
2025-08-27 13:00:00+00:00,204.63,204.74,203.85,204.12,50791.586
2025-08-27 13:15:00+00:00,204.13,204.25,203.7,203.76,34654.007
2025-08-27 13:30:00+00:00,203.76,205.8,202.62,204.65,151632.215
2025-08-27 13:45:00+00:00,204.65,205.98,204.29,204.44,77853.581
2025-08-27 14:00:00+00:00,204.44,205.04,203.36,204.55,59117.454
2025-08-27 14:15:00+00:00,204.54,205.97,204.15,205.88,66338.174
2025-08-27 14:30:00+00:00,205.88,208.0,205.7,207.09,195471.429
2025-08-27 14:45:00+00:00,207.08,207.97,205.9,206.72,130881.774
2025-08-27 15:00:00+00:00,206.73,208.95,206.26,208.74,131008.678
2025-08-27 15:15:00+00:00,208.73,209.4,206.85,207.41,126074.8
2025-08-27 15:30:00+00:00,207.41,207.74,206.33,207.65,98208.245
2025-08-27 15:45:00+00:00,207.65,208.85,207.45,208.66,81834.573
2025-08-27 16:00:00+00:00,208.66,209.0,207.53,208.01,67109.725
2025-08-27 16:15:00+00:00,208.0,208.96,207.23,207.64,98350.003
2025-08-27 16:30:00+00:00,207.63,207.74,206.59,207.54,68986.671
2025-08-27 16:45:00+00:00,207.53,209.09,207.26,207.94,74777.003
2025-08-27 17:00:00+00:00,207.94,208.23,207.42,207.97,49382.308
2025-08-27 17:15:00+00:00,207.97,209.18,207.63,208.75,99082.122
2025-08-27 17:30:00+00:00,208.75,209.9,208.71,209.9,104053.316
2025-08-27 17:45:00+00:00,209.9,210.0,209.05,209.18,73479.174
2025-08-27 18:00:00+00:00,209.18,210.3,208.87,210.08,87050.885
2025-08-27 18:15:00+00:00,210.07,211.77,209.86,211.12,136513.92
2025-08-27 18:30:00+00:00,211.12,212.08,210.57,210.92,100779.878
2025-08-27 18:45:00+00:00,210.91,211.33,208.21,208.36,105266.328
2025-08-27 19:00:00+00:00,208.36,209.3,205.95,206.33,163132.398
2025-08-27 19:15:00+00:00,206.33,207.84,206.15,207.06,75250.067
2025-08-27 19:30:00+00:00,207.05,208.14,206.95,207.12,64457.256
2025-08-27 19:45:00+00:00,207.11,207.19,206.28,206.4,78871.077
2025-08-27 20:00:00+00:00,206.4,206.61,203.06,204.88,220974.157
2025-08-27 20:15:00+00:00,204.88,207.98,202.95,206.28,565186.325
2025-08-27 20:30:00+00:00,206.27,209.49,205.99,208.22,239338.93
2025-08-27 20:45:00+00:00,208.21,208.71,207.0,208.58,80417.801
2025-08-27 21:00:00+00:00,208.58,208.78,207.48,207.83,63208.163
2025-08-27 21:15:00+00:00,207.82,208.29,205.68,206.29,77571.068
2025-08-27 21:30:00+00:00,206.28,206.91,204.91,206.14,55998.543
2025-08-27 21:45:00+00:00,206.13,206.39,204.82,205.61,34006.611
2025-08-27 22:00:00+00:00,205.61,205.73,203.41,204.08,104566.364
2025-08-27 22:15:00+00:00,204.09,204.85,203.71,204.25,51061.806
2025-08-27 22:30:00+00:00,204.25,205.48,204.15,205.41,52316.496
2025-08-27 22:45:00+00:00,205.4,205.42,204.16,204.36,29559.738
2025-08-27 23:00:00+00:00,204.35,205.36,204.12,204.55,28492.771
2025-08-27 23:15:00+00:00,204.54,204.87,203.77,204.38,29941.297
2025-08-27 23:30:00+00:00,204.37,204.81,202.72,202.79,44206.696
2025-08-27 23:45:00+00:00,202.8,203.49,202.57,202.95,43689.626
2025-08-28 00:00:00+00:00,202.95,204.55,202.84,204.45,45379.582
2025-08-28 00:15:00+00:00,204.44,204.95,202.94,203.76,47790.813
2025-08-28 00:30:00+00:00,203.75,203.83,201.72,203.74,88220.147
2025-08-28 00:45:00+00:00,203.73,205.11,202.64,203.93,117741.664
2025-08-28 01:00:00+00:00,203.93,204.36,203.15,204.06,53527.15
2025-08-28 01:15:00+00:00,204.05,205.18,203.97,204.44,74421.473
2025-08-28 01:30:00+00:00,204.44,206.0,204.43,205.37,64399.488
2025-08-28 01:45:00+00:00,205.37,206.43,205.0,205.91,42387.896
2025-08-28 02:00:00+00:00,205.91,206.61,205.3,205.38,47420.445
2025-08-28 02:15:00+00:00,205.39,207.87,205.34,207.46,52505.481
2025-08-28 02:30:00+00:00,207.46,207.65,206.55,206.65,46573.678
2025-08-28 02:45:00+00:00,206.66,207.04,205.92,206.24,28734.79
2025-08-28 03:00:00+00:00,206.25,207.66,206.05,207.26,45857.92
2025-08-28 03:15:00+00:00,207.25,207.59,206.68,207.42,28222.157
2025-08-28 03:30:00+00:00,207.41,208.0,207.21,207.42,36004.261
2025-08-28 03:45:00+00:00,207.42,208.35,207.0,208.15,29652.292
2025-08-28 04:00:00+00:00,208.16,208.84,207.47,208.84,49558.228
2025-08-28 04:15:00+00:00,208.84,209.5,208.33,209.29,57677.109
2025-08-28 04:30:00+00:00,209.29,210.84,209.17,210.3,90537.488
2025-08-28 04:45:00+00:00,210.3,212.55,210.19,212.08,253906.177
2025-08-28 05:00:00+00:00,212.08,213.17,211.37,211.6,130124.595
2025-08-28 05:15:00+00:00,211.61,212.4,210.93,211.83,107926.613
2025-08-28 05:30:00+00:00,211.83,212.33,211.4,211.42,62763.773
2025-08-28 05:45:00+00:00,211.43,212.0,210.74,211.63,135840.778
2025-08-28 06:00:00+00:00,211.64,211.72,209.71,210.12,92761.917
2025-08-28 06:15:00+00:00,210.11,210.8,209.77,210.8,54523.299
2025-08-28 06:30:00+00:00,210.79,211.2,210.14,210.93,45079.905
2025-08-28 06:45:00+00:00,210.93,211.89,210.47,211.67,53397.993
2025-08-28 07:00:00+00:00,211.67,212.37,211.28,211.81,69348.542
2025-08-28 07:15:00+00:00,211.8,212.28,210.51,211.24,73415.704
2025-08-28 07:30:00+00:00,211.25,211.58,210.58,211.36,28180.571
2025-08-28 07:45:00+00:00,211.36,213.33,211.3,213.11,67580.51
2025-08-28 08:00:00+00:00,213.11,216.28,213.06,215.6,419014.992
2025-08-28 08:15:00+00:00,215.6,216.5,214.33,214.52,162802.073
2025-08-28 08:30:00+00:00,214.51,215.4,214.05,214.18,89763.081
2025-08-28 08:45:00+00:00,214.17,214.27,213.4,214.24,82463.512
2025-08-28 09:00:00+00:00,214.23,214.3,212.7,213.07,95982.912
2025-08-28 09:15:00+00:00,213.07,213.3,212.65,213.15,70000.219
2025-08-28 09:30:00+00:00,213.14,213.22,212.15,212.52,81413.367
2025-08-28 09:45:00+00:00,212.52,212.76,211.32,211.6,131785.178
2025-08-28 10:00:00+00:00,211.6,212.67,211.07,212.63,75790.65
2025-08-28 10:15:00+00:00,212.62,212.65,211.76,212.64,31102.456
2025-08-28 10:30:00+00:00,212.65,213.83,212.4,213.43,71919.411
2025-08-28 10:45:00+00:00,213.42,213.94,212.88,213.94,41683.443
2025-08-28 11:00:00+00:00,213.94,213.97,212.53,212.63,47194.154
2025-08-28 11:15:00+00:00,212.64,213.65,212.58,213.61,32819.744
2025-08-28 11:30:00+00:00,213.6,213.79,212.65,212.78,41658.375
2025-08-28 11:45:00+00:00,212.78,213.2,212.4,213.14,31846.73
2025-08-28 12:00:00+00:00,213.15,213.5,212.53,212.78,29198.718
2025-08-28 12:15:00+00:00,212.77,213.24,211.97,212.41,43344.802
2025-08-28 12:30:00+00:00,212.41,214.31,212.0,213.87,112550.464
2025-08-28 12:45:00+00:00,213.87,214.23,213.05,213.13,83555.107
2025-08-28 13:00:00+00:00,213.13,213.9,212.51,213.9,44455.228
2025-08-28 13:15:00+00:00,213.9,216.07,213.7,215.37,209201.993
2025-08-28 13:30:00+00:00,215.38,216.89,214.83,215.07,243631.43
2025-08-28 13:45:00+00:00,215.06,215.18,212.16,212.74,193413.326
2025-08-28 14:00:00+00:00,212.74,215.12,211.66,214.34,151483.189
2025-08-28 14:15:00+00:00,214.35,215.0,213.06,213.17,100591.976
2025-08-28 14:30:00+00:00,213.17,215.29,212.66,214.56,84419.586
2025-08-28 14:45:00+00:00,214.56,216.0,214.18,215.64,79266.796
2025-08-28 15:00:00+00:00,215.64,216.07,214.26,214.33,88003.501
2025-08-28 15:15:00+00:00,214.34,215.09,212.0,212.23,135252.312
2025-08-28 15:30:00+00:00,212.23,212.71,210.58,211.13,148152.696
2025-08-28 15:45:00+00:00,211.13,211.23,210.2,211.06,129105.732
2025-08-28 16:00:00+00:00,211.06,212.5,210.98,212.49,84514.329
2025-08-28 16:15:00+00:00,212.5,214.0,212.44,212.92,98627.16
2025-08-28 16:30:00+00:00,212.92,213.16,211.89,212.29,47478.589
2025-08-28 16:45:00+00:00,212.28,212.42,207.17,207.43,180133.29
2025-08-28 17:00:00+00:00,207.43,209.31,207.28,208.96,109329.495
2025-08-28 17:15:00+00:00,208.97,210.37,208.63,210.12,57314.93
2025-08-28 17:30:00+00:00,210.11,210.67,209.2,210.54,48864.317
2025-08-28 17:45:00+00:00,210.55,210.63,209.92,210.41,37499.339
2025-08-28 18:00:00+00:00,210.4,210.79,209.61,209.94,33670.033
2025-08-28 18:15:00+00:00,209.95,211.71,209.5,211.59,38541.499
2025-08-28 18:30:00+00:00,211.58,212.19,211.2,211.55,30234.311
2025-08-28 18:45:00+00:00,211.54,212.75,211.02,212.05,50214.305
2025-08-28 19:00:00+00:00,212.06,213.03,211.83,212.31,31512.696
2025-08-28 19:15:00+00:00,212.31,212.33,211.19,211.92,37966.847
2025-08-28 19:30:00+00:00,211.93,212.13,210.02,210.33,44458.144
2025-08-28 19:45:00+00:00,210.33,211.05,209.79,209.94,48858.62
2025-08-28 20:00:00+00:00,209.95,211.56,209.64,211.37,57120.519
2025-08-28 20:15:00+00:00,211.37,212.61,211.24,212.29,45567.554
2025-08-28 20:30:00+00:00,212.29,213.08,211.79,212.93,23240.345
2025-08-28 20:45:00+00:00,212.93,213.64,212.33,213.21,41508.748
2025-08-28 21:00:00+00:00,213.22,213.94,213.06,213.27,31579.59
2025-08-28 21:15:00+00:00,213.28,213.4,212.03,212.26,59961.954
2025-08-28 21:30:00+00:00,212.27,212.68,211.9,212.58,24366.876
2025-08-28 21:45:00+00:00,212.59,213.76,212.38,213.71,21188.581
2025-08-28 22:00:00+00:00,213.71,214.81,213.55,213.96,61890.228
2025-08-28 22:15:00+00:00,213.96,215.0,213.84,214.99,38338.168
2025-08-28 22:30:00+00:00,214.99,215.73,214.25,214.62,56022.979
2025-08-28 22:45:00+00:00,214.61,214.96,214.0,214.22,33526.827
2025-08-28 23:00:00+00:00,214.22,215.31,213.98,214.28,51045.062
2025-08-28 23:15:00+00:00,214.29,214.75,213.76,214.01,29841.256
2025-08-28 23:30:00+00:00,214.02,215.23,213.71,214.66,48523.82
2025-08-28 23:45:00+00:00,214.67,215.12,213.96,214.43,40036.543
2025-08-29 00:00:00+00:00,214.43,215.91,214.09,215.39,69279.572
2025-08-29 00:15:00+00:00,215.4,217.97,214.67,217.4,147006.107
2025-08-29 00:30:00+00:00,217.4,217.6,214.92,215.15,121911.382
2025-08-29 00:45:00+00:00,215.15,215.46,214.3,215.07,57414.878
2025-08-29 01:00:00+00:00,215.07,215.43,213.4,213.84,73571.224
2025-08-29 01:15:00+00:00,213.84,213.95,212.0,212.69,95808.88
2025-08-29 01:30:00+00:00,212.69,214.8,212.69,214.79,73958.579
2025-08-29 01:45:00+00:00,214.79,215.0,213.44,213.47,66828.228
2025-08-29 02:00:00+00:00,213.47,216.48,212.77,216.2,99828.312
2025-08-29 02:15:00+00:00,216.2,217.5,215.12,216.63,132995.785
2025-08-29 02:30:00+00:00,216.63,216.89,215.67,216.25,78752.033
2025-08-29 02:45:00+00:00,216.25,216.51,215.24,215.3,76773.209
2025-08-29 03:00:00+00:00,215.31,215.87,214.22,214.62,73953.859
2025-08-29 03:15:00+00:00,214.62,216.45,214.59,215.94,47588.109
2025-08-29 03:30:00+00:00,215.93,217.22,215.28,216.65,68097.223
2025-08-29 03:45:00+00:00,216.66,217.8,216.35,216.86,77648.92
2025-08-29 04:00:00+00:00,216.86,217.39,216.2,216.27,61182.267
2025-08-29 04:15:00+00:00,216.28,218.0,216.17,217.59,140676.176
2025-08-29 04:30:00+00:00,217.58,217.9,217.13,217.72,101827.441
2025-08-29 04:45:00+00:00,217.72,217.89,216.07,217.13,118146.079
2025-08-29 05:00:00+00:00,217.13,217.25,215.8,215.98,43120.114
2025-08-29 05:15:00+00:00,215.98,216.01,214.66,215.04,90061.924
2025-08-29 05:30:00+00:00,215.04,215.89,214.66,215.55,48631.501
2025-08-29 05:45:00+00:00,215.55,216.48,215.21,215.8,38715.475
2025-08-29 06:00:00+00:00,215.81,216.21,213.91,213.93,57012.18
2025-08-29 06:15:00+00:00,213.94,214.08,212.97,213.07,134461.508
2025-08-29 06:30:00+00:00,213.07,215.0,212.7,215.0,171545.446
2025-08-29 06:45:00+00:00,214.98,215.2,212.72,212.73,213064.27
2025-08-29 07:00:00+00:00,212.73,212.73,208.53,208.68,245091.249
2025-08-29 07:15:00+00:00,208.67,210.0,207.8,209.0,168122.838
2025-08-29 07:30:00+00:00,209.0,210.44,208.5,209.16,145891.873
2025-08-29 07:45:00+00:00,209.16,209.74,207.95,208.77,91702.831
2025-08-29 08:00:00+00:00,208.78,210.07,207.77,207.89,111185.632
2025-08-29 08:15:00+00:00,207.9,208.48,206.75,207.94,129164.802
2025-08-29 08:30:00+00:00,207.95,209.08,207.67,208.36,100999.307
2025-08-29 08:45:00+00:00,208.37,208.8,206.15,206.82,129674.141
2025-08-29 09:00:00+00:00,206.81,206.83,205.34,206.13,190640.211
2025-08-29 09:15:00+00:00,206.12,207.86,205.92,207.33,94188.983
2025-08-29 09:30:00+00:00,207.33,207.48,206.38,206.59,52259.151
2025-08-29 09:45:00+00:00,206.58,207.88,206.48,207.71,58579.274
2025-08-29 10:00:00+00:00,207.7,208.87,207.45,208.33,84791.818
2025-08-29 10:15:00+00:00,208.32,209.38,208.0,208.98,64945.75
2025-08-29 10:30:00+00:00,208.98,208.99,207.7,207.92,70270.574
2025-08-29 10:45:00+00:00,207.92,208.16,206.89,207.57,43872.081
2025-08-29 11:00:00+00:00,207.57,209.18,206.73,208.8,69552.132
2025-08-29 11:15:00+00:00,208.79,208.9,207.86,208.26,45085.305
2025-08-29 11:30:00+00:00,208.26,208.32,207.08,207.12,43814.263
2025-08-29 11:45:00+00:00,207.13,207.76,207.13,207.62,26182.696
2025-08-29 12:00:00+00:00,207.61,208.65,207.12,208.63,35450.612
2025-08-29 12:15:00+00:00,208.62,209.46,208.0,209.38,61888.34
2025-08-29 12:30:00+00:00,209.38,214.94,209.37,211.01,470386.32
2025-08-29 12:45:00+00:00,211.01,212.32,210.62,211.9,105956.417
2025-08-29 13:00:00+00:00,211.9,212.0,210.43,211.37,73365.157
2025-08-29 13:15:00+00:00,211.37,211.66,209.92,210.97,56136.599
2025-08-29 13:30:00+00:00,210.97,211.97,209.78,209.95,146420.267
2025-08-29 13:45:00+00:00,209.95,210.73,207.63,209.0,196622.387
2025-08-29 14:00:00+00:00,209.0,211.0,206.87,208.56,238901.933
2025-08-29 14:15:00+00:00,208.56,210.51,207.67,209.43,141140.823
2025-08-29 14:30:00+00:00,209.44,210.49,208.82,209.15,98650.724
2025-08-29 14:45:00+00:00,209.14,210.19,207.1,207.51,115096.083
2025-08-29 15:00:00+00:00,207.52,209.42,207.19,208.53,72631.325
2025-08-29 15:15:00+00:00,208.53,210.55,208.53,209.07,96912.101
2025-08-29 15:30:00+00:00,209.07,209.62,207.74,208.17,87997.421
2025-08-29 15:45:00+00:00,208.17,208.64,203.81,204.46,210135.605
2025-08-29 16:00:00+00:00,204.46,205.47,202.74,205.01,245653.814
2025-08-29 16:15:00+00:00,205.01,205.3,203.85,204.75,78182.418
2025-08-29 16:30:00+00:00,204.75,205.5,204.33,204.85,50737.609
2025-08-29 16:45:00+00:00,204.85,205.23,204.04,204.84,42779.85
2025-08-29 17:00:00+00:00,204.83,204.9,202.83,203.02,94759.488
2025-08-29 17:15:00+00:00,203.02,203.89,202.1,202.86,99136.798
2025-08-29 17:30:00+00:00,202.87,203.8,202.62,203.8,59443.161
2025-08-29 17:45:00+00:00,203.81,204.28,202.44,202.51,52845.795
2025-08-29 18:00:00+00:00,202.51,203.25,201.76,202.58,69230.383
2025-08-29 18:15:00+00:00,202.58,202.91,201.34,201.76,60653.143
2025-08-29 18:30:00+00:00,201.76,202.36,201.35,202.18,38418.846
2025-08-29 18:45:00+00:00,202.17,202.54,201.8,202.11,40323.838
2025-08-29 19:00:00+00:00,202.1,203.57,201.66,203.11,49103.062
2025-08-29 19:15:00+00:00,203.1,204.55,203.03,204.12,44602.154
2025-08-29 19:30:00+00:00,204.13,204.46,203.08,204.01,42983.702
2025-08-29 19:45:00+00:00,204.0,204.56,202.7,202.95,52416.166
2025-08-29 20:00:00+00:00,202.95,203.51,201.81,202.11,39910.538
2025-08-29 20:15:00+00:00,202.11,202.72,201.61,201.66,45972.701
2025-08-29 20:30:00+00:00,201.66,202.04,200.8,201.74,71842.856
2025-08-29 20:45:00+00:00,201.73,202.26,200.78,201.02,53042.255
2025-08-29 21:00:00+00:00,201.01,201.62,199.85,201.21,96402.247
2025-08-29 21:15:00+00:00,201.22,201.97,200.5,201.95,56358.038
2025-08-29 21:30:00+00:00,201.96,203.96,201.96,203.74,74679.028
2025-08-29 21:45:00+00:00,203.74,204.0,203.15,203.76,27405.742
2025-08-29 22:00:00+00:00,203.76,203.92,202.58,202.58,25725.983
2025-08-29 22:15:00+00:00,202.58,203.49,202.47,203.48,28721.424
2025-08-29 22:30:00+00:00,203.48,204.0,202.85,202.85,31701.247
2025-08-29 22:45:00+00:00,202.85,203.17,202.56,203.15,14745.723
2025-08-29 23:00:00+00:00,203.15,204.21,203.14,204.2,32905.181
2025-08-29 23:15:00+00:00,204.2,205.03,204.08,204.68,53034.123
2025-08-29 23:30:00+00:00,204.67,205.11,204.47,204.75,38114.28
2025-08-29 23:45:00+00:00,204.75,205.5,204.36,205.08,42087.298
2025-08-30 00:00:00+00:00,205.09,205.16,204.23,204.41,38333.616
2025-08-30 00:15:00+00:00,204.41,205.38,204.17,204.61,32617.786
2025-08-30 00:30:00+00:00,204.62,204.75,203.53,203.84,39386.327
2025-08-30 00:45:00+00:00,203.84,205.08,203.84,205.0,39839.101
2025-08-30 01:00:00+00:00,204.99,205.16,204.55,204.75,33166.444
2025-08-30 01:15:00+00:00,204.74,205.03,203.49,203.64,115366.571
2025-08-30 01:30:00+00:00,203.63,204.15,203.24,203.49,38741.786
2025-08-30 01:45:00+00:00,203.49,203.53,200.9,201.12,151042.278
2025-08-30 02:00:00+00:00,201.13,202.71,200.68,202.62,154609.586
2025-08-30 02:15:00+00:00,202.62,203.05,202.0,202.59,42893.488
2025-08-30 02:30:00+00:00,202.59,203.45,202.54,203.3,52802.8
2025-08-30 02:45:00+00:00,203.29,203.71,203.03,203.32,46226.009
2025-08-30 03:00:00+00:00,203.32,204.99,203.18,204.91,40559.999
2025-08-30 03:15:00+00:00,204.91,206.57,204.75,205.97,80648.644
2025-08-30 03:30:00+00:00,205.96,206.65,205.59,205.82,54071.031
2025-08-30 03:45:00+00:00,205.83,206.43,205.32,205.61,55750.663
2025-08-30 04:00:00+00:00,205.61,206.2,205.22,205.86,35366.353
2025-08-30 04:15:00+00:00,205.85,206.43,205.62,206.36,33758.767
2025-08-30 04:30:00+00:00,206.36,206.54,205.33,205.5,74618.966
2025-08-30 04:45:00+00:00,205.5,205.73,204.61,204.65,27827.832
2025-08-30 05:00:00+00:00,204.65,205.64,204.37,205.12,25116.283
2025-08-30 05:15:00+00:00,205.12,205.83,205.07,205.49,15577.283
2025-08-30 05:30:00+00:00,205.49,207.06,205.34,206.78,92398.127
2025-08-30 05:45:00+00:00,206.77,206.91,205.99,206.09,81261.949
2025-08-30 06:00:00+00:00,206.09,206.64,205.68,205.75,41231.963
2025-08-30 06:15:00+00:00,205.75,205.97,205.19,205.5,36982.62
2025-08-30 06:30:00+00:00,205.49,206.2,205.36,206.17,18930.346
2025-08-30 06:45:00+00:00,206.16,206.27,205.04,205.1,40196.304
2025-08-30 07:00:00+00:00,205.1,205.54,204.77,205.46,31963.119
2025-08-30 07:15:00+00:00,205.46,205.66,204.69,204.98,22145.173
2025-08-30 07:30:00+00:00,204.98,205.42,204.46,205.42,23436.747
2025-08-30 07:45:00+00:00,205.41,205.44,204.77,205.14,35195.82
2025-08-30 08:00:00+00:00,205.13,205.28,204.58,205.07,37261.682
2025-08-30 08:15:00+00:00,205.06,205.25,204.66,205.08,33460.511
2025-08-30 08:30:00+00:00,205.08,205.56,204.65,204.79,41154.354
2025-08-30 08:45:00+00:00,204.78,204.8,202.61,203.02,63692.267
2025-08-30 09:00:00+00:00,203.02,203.36,202.3,202.41,61226.904
2025-08-30 09:15:00+00:00,202.41,203.0,202.41,202.59,27578.643
2025-08-30 09:30:00+00:00,202.59,202.63,201.65,201.94,68823.458
2025-08-30 09:45:00+00:00,201.94,202.84,201.68,202.42,23913.103
2025-08-30 10:00:00+00:00,202.43,203.26,202.22,202.79,58551.129
2025-08-30 10:15:00+00:00,202.79,203.31,202.67,202.7,31029.23
2025-08-30 10:30:00+00:00,202.69,202.86,201.78,202.27,39752.236
2025-08-30 10:45:00+00:00,202.27,202.71,202.07,202.71,12446.081
2025-08-30 11:00:00+00:00,202.7,202.9,202.22,202.81,18874.743
2025-08-30 11:15:00+00:00,202.81,202.81,202.25,202.4,20830.269
2025-08-30 11:30:00+00:00,202.4,202.49,201.77,202.31,21042.638
2025-08-30 11:45:00+00:00,202.31,202.86,202.26,202.64,9336.715
2025-08-30 12:00:00+00:00,202.64,202.67,202.03,202.25,19710.282
2025-08-30 12:15:00+00:00,202.25,202.25,200.89,201.07,59283.041
2025-08-30 12:30:00+00:00,201.08,201.15,199.26,200.1,211053.216
2025-08-30 12:45:00+00:00,200.1,200.81,200.04,200.6,54971.786
2025-08-30 13:00:00+00:00,200.61,200.65,197.52,198.05,203476.75
2025-08-30 13:15:00+00:00,198.06,198.74,197.61,198.74,53124.124
2025-08-30 13:30:00+00:00,198.75,199.2,198.15,198.29,47568.442
2025-08-30 13:45:00+00:00,198.29,199.4,198.01,199.17,43355.018
2025-08-30 14:00:00+00:00,199.16,199.33,198.42,198.55,38336.23
2025-08-30 14:15:00+00:00,198.56,199.01,198.22,199.01,31436.054
2025-08-30 14:30:00+00:00,199.0,199.66,198.97,199.48,37914.515
2025-08-30 14:45:00+00:00,199.48,200.52,199.38,199.96,52068.17
2025-08-30 15:00:00+00:00,199.96,200.2,199.46,200.07,30640.716
2025-08-30 15:15:00+00:00,200.07,200.72,200.01,200.34,42582.227
2025-08-30 15:30:00+00:00,200.34,201.28,199.76,201.27,46100.644
2025-08-30 15:45:00+00:00,201.27,201.67,200.59,201.05,40866.518
2025-08-30 16:00:00+00:00,201.05,201.06,199.91,200.09,37634.463
2025-08-30 16:15:00+00:00,200.08,200.23,199.74,200.06,17618.651
2025-08-30 16:30:00+00:00,200.06,200.86,199.9,200.64,28082.673
2025-08-30 16:45:00+00:00,200.64,200.99,200.26,200.37,16415.596
2025-08-30 17:00:00+00:00,200.38,201.41,200.27,201.36,17403.563
2025-08-30 17:15:00+00:00,201.36,201.61,200.68,201.13,23424.755
2025-08-30 17:30:00+00:00,201.13,201.25,200.45,200.48,19960.587
2025-08-30 17:45:00+00:00,200.48,201.06,200.0,200.93,18514.285
2025-08-30 18:00:00+00:00,200.92,201.59,200.8,201.13,28344.461
2025-08-30 18:15:00+00:00,201.14,201.21,200.5,201.12,18687.71
2025-08-30 18:30:00+00:00,201.12,201.22,200.56,200.96,14488.583
2025-08-30 18:45:00+00:00,200.96,201.48,200.91,201.04,21196.203
2025-08-30 19:00:00+00:00,201.04,201.32,200.91,201.13,11320.634
2025-08-30 19:15:00+00:00,201.13,201.4,200.59,201.23,27251.922
2025-08-30 19:30:00+00:00,201.23,201.41,200.7,201.28,15677.693
2025-08-30 19:45:00+00:00,201.27,201.3,200.8,201.25,9730.328
2025-08-30 20:00:00+00:00,201.25,201.3,200.28,200.49,14062.913
2025-08-30 20:15:00+00:00,200.5,200.66,200.12,200.48,15161.502
2025-08-30 20:30:00+00:00,200.49,200.5,199.75,200.18,20226.602
2025-08-30 20:45:00+00:00,200.18,200.67,199.88,200.67,7955.805
2025-08-30 21:00:00+00:00,200.66,201.28,200.23,201.19,16060.466
2025-08-30 21:15:00+00:00,201.19,201.19,200.2,200.56,19972.297
2025-08-30 21:30:00+00:00,200.56,200.7,200.32,200.67,10597.389
2025-08-30 21:45:00+00:00,200.67,200.93,200.48,200.61,6598.471
2025-08-30 22:00:00+00:00,200.6,200.7,200.08,200.29,16239.916
2025-08-30 22:15:00+00:00,200.28,201.13,200.28,200.99,43719.045
2025-08-30 22:30:00+00:00,201.0,201.13,200.71,200.95,10176.715
2025-08-30 22:45:00+00:00,200.96,201.58,200.95,201.44,14085.502
2025-08-30 23:00:00+00:00,201.43,202.15,201.38,201.96,32430.052
2025-08-30 23:15:00+00:00,201.96,203.33,201.87,202.89,50486.402
2025-08-30 23:30:00+00:00,202.89,203.19,202.61,202.99,37309.249
2025-08-30 23:45:00+00:00,202.98,202.98,202.43,202.7,20216.205
2025-08-31 00:00:00+00:00,202.7,203.66,202.69,203.38,43294.772
2025-08-31 00:15:00+00:00,203.38,203.84,202.85,203.78,28945.79
2025-08-31 00:30:00+00:00,203.78,204.75,203.66,204.74,65047.404
2025-08-31 00:45:00+00:00,204.74,205.98,204.31,205.43,140036.938
2025-08-31 01:00:00+00:00,205.44,205.71,204.24,204.36,53903.19
2025-08-31 01:15:00+00:00,204.36,204.95,204.18,204.8,58509.038
2025-08-31 01:30:00+00:00,204.8,206.33,204.74,206.29,95419.284
2025-08-31 01:45:00+00:00,206.29,206.64,206.01,206.41,50012.153
2025-08-31 02:00:00+00:00,206.41,206.66,205.58,205.69,37709.073
2025-08-31 02:15:00+00:00,205.7,206.03,205.61,205.79,21688.665
2025-08-31 02:30:00+00:00,205.79,205.91,205.1,205.13,20772.268
2025-08-31 02:45:00+00:00,205.14,205.37,204.89,205.04,18084.585
2025-08-31 03:00:00+00:00,205.03,205.58,205.03,205.14,23363.917
2025-08-31 03:15:00+00:00,205.14,205.3,204.82,204.88,23460.269
2025-08-31 03:30:00+00:00,204.88,205.56,204.82,205.45,17053.013
2025-08-31 03:45:00+00:00,205.45,205.7,205.14,205.58,22638.196
2025-08-31 04:00:00+00:00,205.57,205.65,205.11,205.36,16969.796
2025-08-31 04:15:00+00:00,205.37,205.37,204.29,204.3,51950.465
2025-08-31 04:30:00+00:00,204.29,204.59,203.8,203.91,49042.668
2025-08-31 04:45:00+00:00,203.9,204.43,203.47,204.42,25031.402
2025-08-31 05:00:00+00:00,204.43,204.9,203.97,204.71,25202.163
2025-08-31 05:15:00+00:00,204.71,204.8,203.92,203.94,21764.904
2025-08-31 05:30:00+00:00,203.93,204.63,203.89,204.44,17193.779
2025-08-31 05:45:00+00:00,204.43,204.65,204.1,204.64,16273.11
2025-08-31 06:00:00+00:00,204.65,204.89,204.5,204.64,17590.428
2025-08-31 06:15:00+00:00,204.65,204.65,203.54,203.73,41876.473
2025-08-31 06:30:00+00:00,203.73,203.98,202.98,203.59,67480.125
2025-08-31 06:45:00+00:00,203.58,203.59,202.73,202.94,71930.72
2025-08-31 07:00:00+00:00,202.94,203.87,202.92,203.62,23942.345
2025-08-31 07:15:00+00:00,203.62,203.84,203.39,203.84,11374.312
2025-08-31 07:30:00+00:00,203.84,203.92,203.32,203.82,14906.774
2025-08-31 07:45:00+00:00,203.82,203.82,203.41,203.55,34054.27
2025-08-31 08:00:00+00:00,203.56,204.31,203.53,204.0,26296.817
2025-08-31 08:15:00+00:00,204.0,204.84,203.98,204.44,31034.39
2025-08-31 08:30:00+00:00,204.44,204.99,204.1,204.98,15226.597
2025-08-31 08:45:00+00:00,204.98,206.0,204.7,205.81,54067.166
2025-08-31 09:00:00+00:00,205.81,205.85,205.01,205.05,19898.603
2025-08-31 09:15:00+00:00,205.04,205.51,204.76,204.97,20342.578
2025-08-31 09:30:00+00:00,204.97,205.42,204.8,204.83,27450.091
2025-08-31 09:45:00+00:00,204.83,204.83,203.89,204.05,37403.335
2025-08-31 10:15:00+00:00,203.81,203.94,203.21,203.63,50929.398
2025-08-31 10:30:00+00:00,203.64,203.82,202.92,203.09,31011.584
2025-08-31 10:45:00+00:00,203.08,203.84,202.73,203.54,39659.426
2025-08-31 11:00:00+00:00,203.55,203.8,203.08,203.23,14999.08
2025-08-31 11:15:00+00:00,203.23,203.62,202.23,203.52,35856.287
2025-08-31 11:30:00+00:00,203.52,203.84,202.89,203.41,16169.962
2025-08-31 11:45:00+00:00,203.4,203.74,203.15,203.65,23426.287
2025-08-31 12:00:00+00:00,203.65,203.79,202.67,202.77,37742.993
2025-08-31 12:15:00+00:00,202.78,203.12,202.42,202.53,26494.186
2025-08-31 12:30:00+00:00,202.53,203.29,202.45,203.21,70864.19
2025-08-31 12:45:00+00:00,203.2,203.64,202.71,203.39,42457.399
2025-08-31 13:00:00+00:00,203.38,203.82,202.74,202.79,31469.616
2025-08-31 13:15:00+00:00,202.78,203.61,202.66,202.81,29507.125
2025-08-31 13:30:00+00:00,202.81,203.06,201.8,202.36,27524.915
2025-08-31 13:45:00+00:00,202.36,202.67,201.73,202.08,19120.102
2025-08-31 14:00:00+00:00,202.09,202.52,201.5,202.02,30846.845
2025-08-31 14:15:00+00:00,202.02,202.59,201.74,202.5,18170.714
2025-08-31 14:30:00+00:00,202.49,203.35,202.46,203.34,27439.105
2025-08-31 14:45:00+00:00,203.34,203.94,203.28,203.75,59788.207
2025-08-31 15:00:00+00:00,203.76,204.89,203.65,204.13,38401.498
2025-08-31 15:15:00+00:00,204.14,204.52,203.8,204.08,29195.301
2025-08-31 15:30:00+00:00,204.08,204.54,203.6,204.44,40613.593
2025-08-31 15:45:00+00:00,204.44,204.67,204.13,204.58,29097.364
2025-08-31 16:00:00+00:00,204.58,204.59,203.84,204.47,28323.566
2025-08-31 16:15:00+00:00,204.48,204.58,203.68,204.07,20332.675
2025-08-31 16:30:00+00:00,204.06,204.98,203.72,204.97,28879.884
2025-08-31 16:45:00+00:00,204.97,205.3,204.47,205.11,28713.832
2025-08-31 17:00:00+00:00,205.12,205.29,204.74,205.1,22910.539
2025-08-31 17:15:00+00:00,205.11,205.55,204.52,205.43,76910.89
2025-08-31 17:30:00+00:00,205.43,205.7,204.96,205.05,29067.898
2025-08-31 17:45:00+00:00,205.06,205.37,204.86,204.96,20874.127
2025-08-31 18:00:00+00:00,204.95,205.2,204.68,205.18,10885.144
2025-08-31 18:15:00+00:00,205.18,205.38,204.95,205.11,14036.979
2025-08-31 18:30:00+00:00,205.11,205.61,204.9,205.27,19478.627
2025-08-31 18:45:00+00:00,205.28,205.73,205.23,205.67,13558.193
2025-08-31 19:00:00+00:00,205.67,205.99,204.97,204.98,27223.903
2025-08-31 19:15:00+00:00,204.98,205.19,204.64,204.68,22403.546
2025-08-31 19:30:00+00:00,204.69,205.07,204.61,204.94,10172.984
2025-08-31 19:45:00+00:00,204.94,204.94,204.45,204.62,8929.766
2025-08-31 20:00:00+00:00,204.61,205.22,204.33,204.81,15179.634
2025-08-31 20:15:00+00:00,204.8,205.03,204.55,204.98,8982.32
2025-08-31 20:30:00+00:00,204.98,205.15,204.62,204.66,9804.03
2025-08-31 20:45:00+00:00,204.65,204.89,204.47,204.84,8441.639
2025-08-31 21:00:00+00:00,204.83,204.83,204.25,204.73,13194.179
2025-08-31 21:15:00+00:00,204.74,205.08,204.58,204.87,16276.701
2025-08-31 21:30:00+00:00,204.86,205.22,204.76,205.17,34078.434
2025-08-31 21:45:00+00:00,205.18,205.42,205.02,205.37,13037.377
2025-08-31 22:00:00+00:00,205.38,205.47,204.4,205.05,27023.232
2025-08-31 22:15:00+00:00,205.06,205.78,204.97,205.5,21668.01
2025-08-31 22:30:00+00:00,205.5,205.55,203.79,203.85,26767.766
2025-08-31 22:45:00+00:00,203.85,204.19,203.45,203.75,36108.544
2025-08-31 23:00:00+00:00,203.74,203.91,203.12,203.47,47012.891
2025-08-31 23:15:00+00:00,203.47,203.47,202.31,202.42,92004.855
2025-08-31 23:30:00+00:00,202.42,202.42,200.48,200.66,179243.757
2025-08-31 23:45:00+00:00,200.66,201.17,200.28,200.62,89436.005
2025-09-01 00:00:00+00:00,200.62,200.87,199.2,200.02,103693.841
2025-09-01 00:15:00+00:00,200.02,200.5,198.63,199.08,80730.4
2025-09-01 00:30:00+00:00,199.07,200.44,198.49,200.23,63510.221
2025-09-01 00:45:00+00:00,200.22,201.43,199.79,200.44,55997.516
2025-09-01 01:00:00+00:00,200.44,201.09,199.88,200.49,33096.514
2025-09-01 01:15:00+00:00,200.49,201.98,199.91,201.92,33395.206
2025-09-01 01:30:00+00:00,201.92,202.49,201.37,201.99,49456.876
2025-09-01 01:45:00+00:00,201.98,202.38,200.68,200.97,44091.536
2025-09-01 02:00:00+00:00,200.97,201.24,199.98,200.25,53364.917
2025-09-01 02:15:00+00:00,200.25,200.28,197.63,198.97,155427.395
2025-09-01 02:30:00+00:00,198.97,199.04,197.84,198.35,78078.864
2025-09-01 02:45:00+00:00,198.36,198.6,196.03,197.53,168496.744
2025-09-01 03:00:00+00:00,197.53,198.16,197.01,197.2,69762.67
2025-09-01 03:15:00+00:00,197.2,198.03,196.93,198.02,51775.2
2025-09-01 03:30:00+00:00,198.02,198.54,197.43,198.35,32191.737
2025-09-01 03:45:00+00:00,198.35,198.75,197.84,198.42,22279.335
2025-09-01 04:00:00+00:00,198.41,198.49,197.59,198.18,29516.625
2025-09-01 04:15:00+00:00,198.17,198.29,197.3,198.01,36841.761
2025-09-01 04:30:00+00:00,198.02,198.07,196.89,197.07,65624.478
2025-09-01 04:45:00+00:00,197.07,197.77,196.77,197.54,23635.534
2025-09-01 05:00:00+00:00,197.54,197.97,196.61,197.18,32517.513
2025-09-01 05:15:00+00:00,197.19,198.23,196.75,198.05,29224.679
2025-09-01 05:30:00+00:00,198.06,198.97,197.93,198.81,40289.059
2025-09-01 05:45:00+00:00,198.8,198.93,198.3,198.4,17242.518
2025-09-01 06:00:00+00:00,198.4,198.6,197.53,198.13,36091.012
2025-09-01 06:15:00+00:00,198.12,199.14,197.76,198.83,41407.824
2025-09-01 06:30:00+00:00,198.84,199.4,198.5,199.4,28010.388
2025-09-01 06:45:00+00:00,199.39,199.48,198.77,198.78,25583.617
2025-09-01 07:00:00+00:00,198.77,199.31,198.0,198.06,49903.624
2025-09-01 07:15:00+00:00,198.07,200.07,197.86,199.91,68870.887
2025-09-01 07:30:00+00:00,199.91,201.24,199.79,200.62,79430.602
2025-09-01 07:45:00+00:00,200.62,202.93,200.62,202.92,119010.585
2025-09-01 08:00:00+00:00,202.92,204.58,202.92,203.23,138428.936
2025-09-01 08:15:00+00:00,203.23,203.49,202.4,202.46,60284.64
2025-09-01 08:30:00+00:00,202.46,203.1,202.4,202.95,54490.333
2025-09-01 08:45:00+00:00,202.95,203.6,202.68,203.08,34624.048
2025-09-01 09:00:00+00:00,203.07,203.84,202.94,203.73,62351.26
2025-09-01 09:15:00+00:00,203.74,203.79,202.72,202.78,31978.337
2025-09-01 09:30:00+00:00,202.79,203.02,201.85,202.09,36047.693
2025-09-01 09:45:00+00:00,202.1,202.12,201.01,201.04,58266.56
2025-09-01 10:00:00+00:00,201.04,201.59,200.68,201.4,35660.68
2025-09-01 10:15:00+00:00,201.4,201.48,200.23,200.34,23190.791
2025-09-01 10:30:00+00:00,200.35,200.41,198.36,199.09,84369.206
2025-09-01 10:45:00+00:00,199.08,199.48,198.5,199.47,51252.342
2025-09-01 11:00:00+00:00,199.47,199.68,198.96,199.11,29732.023
2025-09-01 11:15:00+00:00,199.12,199.49,198.92,199.2,31551.973
2025-09-01 11:30:00+00:00,199.19,199.33,198.67,198.68,40238.185
2025-09-01 11:45:00+00:00,198.69,199.48,198.69,199.4,23843.259
2025-09-01 12:00:00+00:00,199.41,199.87,198.77,199.72,33331.48
2025-09-01 12:15:00+00:00,199.71,200.32,199.36,199.99,28281.719
2025-09-01 12:30:00+00:00,199.99,200.49,199.62,199.63,31303.925
2025-09-01 12:45:00+00:00,199.63,200.08,199.27,199.6,30556.276
2025-09-01 13:00:00+00:00,199.61,200.34,199.06,199.9,37666.849
2025-09-01 13:15:00+00:00,199.9,201.13,199.35,200.78,42605.907
2025-09-01 13:30:00+00:00,200.79,200.89,199.6,199.7,42445.08
2025-09-01 13:45:00+00:00,199.69,200.2,198.94,199.68,40782.977
2025-09-01 14:00:00+00:00,199.68,200.72,199.54,200.52,24210.693
2025-09-01 14:15:00+00:00,200.52,200.7,199.87,200.1,25359.083
2025-09-01 14:30:00+00:00,200.11,200.25,199.27,199.79,23221.202
2025-09-01 14:45:00+00:00,199.8,200.42,198.94,200.22,74570.949
2025-09-01 15:00:00+00:00,200.21,200.87,199.16,199.9,61301.624
2025-09-01 15:15:00+00:00,199.89,200.24,198.86,199.16,39770.728
2025-09-01 15:30:00+00:00,199.15,199.38,198.35,198.43,41827.688
2025-09-01 15:45:00+00:00,198.43,198.96,197.67,198.37,51734.294
2025-09-01 16:00:00+00:00,198.36,198.68,197.44,198.68,74417.057
2025-09-01 16:15:00+00:00,198.68,198.98,198.05,198.5,26347.894
2025-09-01 16:30:00+00:00,198.5,198.69,197.66,198.34,35641.95
2025-09-01 16:45:00+00:00,198.33,198.92,198.0,198.56,27698.43
2025-09-01 17:00:00+00:00,198.56,199.12,197.41,198.0,32635.318
2025-09-01 17:15:00+00:00,198.01,198.58,197.49,198.1,29894.467
2025-09-01 17:30:00+00:00,198.09,198.34,197.27,198.0,28586.821
2025-09-01 17:45:00+00:00,198.01,198.83,197.53,198.55,24586.724
2025-09-01 18:00:00+00:00,198.54,199.24,198.42,199.09,27226.037
2025-09-01 18:15:00+00:00,199.1,199.35,198.63,198.86,23814.837
2025-09-01 18:30:00+00:00,198.85,199.29,198.47,199.11,18784.949
2025-09-01 18:45:00+00:00,199.12,199.52,198.89,199.23,19342.748
2025-09-01 19:00:00+00:00,199.23,199.75,199.14,199.63,16562.884
2025-09-01 19:15:00+00:00,199.62,199.88,199.19,199.19,13352.621
2025-09-01 19:30:00+00:00,199.19,199.98,199.18,199.92,16906.563
2025-09-01 19:45:00+00:00,199.92,200.16,199.6,200.16,14857.117
2025-09-01 20:00:00+00:00,200.16,200.17,199.5,199.7,9566.209
2025-09-01 20:15:00+00:00,199.7,199.76,199.31,199.66,10302.659
2025-09-01 20:30:00+00:00,199.66,199.79,196.48,196.51,74439.321
2025-09-01 20:45:00+00:00,196.52,197.76,196.16,197.71,136164.016
2025-09-01 21:00:00+00:00,197.71,197.8,196.53,197.11,59631.137
2025-09-01 21:15:00+00:00,197.1,197.47,195.64,196.0,95576.83
2025-09-01 21:30:00+00:00,196.0,196.18,194.61,194.64,94613.134
2025-09-01 21:45:00+00:00,194.65,195.55,194.43,195.06,34654.468
2025-09-01 22:00:00+00:00,195.07,195.22,194.45,194.67,44745.503
2025-09-01 22:15:00+00:00,194.67,195.56,194.58,194.7,37402.709
2025-09-01 22:30:00+00:00,194.7,195.28,194.19,194.31,42307.73
2025-09-01 22:45:00+00:00,194.31,195.97,194.2,195.76,38577.253
2025-09-01 23:00:00+00:00,195.76,196.55,195.76,196.33,44268.295
2025-09-01 23:15:00+00:00,196.32,196.33,195.67,196.31,17256.415
2025-09-01 23:30:00+00:00,196.3,196.49,195.47,196.49,19774.833
2025-09-01 23:45:00+00:00,196.48,197.44,196.42,197.32,31000.426
2025-09-02 00:00:00+00:00,197.32,197.53,196.77,196.98,30781.931
2025-09-02 00:15:00+00:00,196.98,197.9,196.93,197.23,31141.955
2025-09-02 00:30:00+00:00,197.22,197.98,197.04,197.1,26713.279
2025-09-02 00:45:00+00:00,197.11,197.99,196.99,197.71,19580.667
2025-09-02 01:00:00+00:00,197.71,198.18,197.38,197.75,28830.201
2025-09-02 01:15:00+00:00,197.75,198.7,197.24,198.21,47725.27
2025-09-02 01:30:00+00:00,198.21,199.68,197.65,199.59,41510.518
2025-09-02 01:45:00+00:00,199.59,200.02,199.17,199.27,60277.023
2025-09-02 02:00:00+00:00,199.26,200.03,198.95,199.56,32212.327
2025-09-02 02:15:00+00:00,199.55,200.5,198.84,199.85,52304.235
2025-09-02 02:30:00+00:00,199.85,200.44,199.46,200.25,37021.912
2025-09-02 02:45:00+00:00,200.26,202.4,200.18,202.25,83686.253
2025-09-02 03:00:00+00:00,202.25,203.0,201.82,202.78,68696.641
2025-09-02 03:15:00+00:00,202.78,203.36,202.09,202.29,53129.648
2025-09-02 03:30:00+00:00,202.29,202.39,201.58,201.91,34668.27
2025-09-02 03:45:00+00:00,201.91,202.4,201.78,201.85,34996.519
2025-09-02 04:00:00+00:00,201.86,202.2,201.39,202.05,28542.713
2025-09-02 04:15:00+00:00,202.05,202.57,201.82,202.37,27712.211
2025-09-02 04:30:00+00:00,202.37,202.85,202.28,202.59,26986.343
2025-09-02 04:45:00+00:00,202.59,203.14,202.19,203.0,22446.294
2025-09-02 05:00:00+00:00,203.0,203.15,201.94,202.59,27351.441
2025-09-02 05:15:00+00:00,202.6,203.0,202.42,202.71,17624.619
2025-09-02 05:30:00+00:00,202.71,203.07,202.62,202.72,15525.954
2025-09-02 05:45:00+00:00,202.72,203.5,202.72,203.26,35573.565
2025-09-02 06:00:00+00:00,203.27,204.45,203.14,203.95,105634.839
2025-09-02 06:15:00+00:00,203.94,204.33,203.66,203.87,38084.224
2025-09-02 06:30:00+00:00,203.86,204.45,203.68,204.17,27453.21
2025-09-02 06:45:00+00:00,204.16,204.29,203.88,204.1,19364.926
2025-09-02 07:00:00+00:00,204.11,204.2,203.13,203.19,64690.573
2025-09-02 07:15:00+00:00,203.18,203.55,202.59,203.05,32632.844
2025-09-02 07:30:00+00:00,203.04,203.41,202.59,202.75,29532.226
2025-09-02 07:45:00+00:00,202.74,203.12,201.85,202.12,54728.47
2025-09-02 08:00:00+00:00,202.12,202.96,202.03,202.72,34158.327
2025-09-02 08:15:00+00:00,202.73,203.57,202.66,203.45,32638.092
2025-09-02 08:30:00+00:00,203.44,203.62,202.98,203.39,22949.336
2025-09-02 08:45:00+00:00,203.38,203.9,203.07,203.1,35579.437
2025-09-02 09:00:00+00:00,203.1,204.15,202.81,203.8,31830.938
2025-09-02 09:15:00+00:00,203.8,204.06,203.22,203.35,27475.871
2025-09-02 09:30:00+00:00,203.36,204.29,203.09,204.16,33237.691
2025-09-02 09:45:00+00:00,204.16,204.39,203.81,204.39,39055.3
2025-09-02 10:00:00+00:00,204.39,204.45,203.67,204.07,32336.335
2025-09-02 10:15:00+00:00,204.06,204.28,203.57,203.63,32151.319
2025-09-02 10:30:00+00:00,203.62,203.92,203.39,203.79,28796.228
2025-09-02 10:45:00+00:00,203.78,203.91,203.5,203.71,17092.496
2025-09-02 11:00:00+00:00,203.71,203.78,202.6,202.64,25023.299
2025-09-02 11:15:00+00:00,202.63,203.11,202.44,202.53,24496.205
2025-09-02 11:30:00+00:00,202.54,203.1,202.53,202.79,26249.066
2025-09-02 11:45:00+00:00,202.8,202.94,201.67,201.98,42103.707
2025-09-02 12:00:00+00:00,201.97,202.23,200.43,200.52,78405.356
2025-09-02 12:15:00+00:00,200.53,201.01,200.21,200.72,38118.586
2025-09-02 12:30:00+00:00,200.72,200.99,198.69,198.95,72916.112
2025-09-02 12:45:00+00:00,198.95,198.95,197.37,197.99,112365.16
2025-09-02 13:00:00+00:00,197.99,199.68,197.81,199.05,91706.77
2025-09-02 13:15:00+00:00,199.04,200.16,198.58,199.37,60889.509
2025-09-02 13:30:00+00:00,199.38,202.5,198.5,202.12,150109.399
2025-09-02 13:45:00+00:00,202.11,204.3,201.81,204.05,179069.642
2025-09-02 14:00:00+00:00,204.04,205.15,202.66,203.35,154935.982
2025-09-02 14:15:00+00:00,203.34,204.66,202.77,204.56,90547.032
2025-09-02 14:30:00+00:00,204.56,204.99,203.76,204.14,80902.336
2025-09-02 14:45:00+00:00,204.14,204.58,203.42,204.37,68741.455
2025-09-02 15:00:00+00:00,204.36,204.62,202.7,203.82,62909.019
2025-09-02 15:15:00+00:00,203.83,204.19,202.49,203.35,62468.88
2025-09-02 15:30:00+00:00,203.34,203.44,201.55,201.84,59548.509
2025-09-02 15:45:00+00:00,201.84,202.28,199.77,200.3,73339.195
2025-09-02 16:00:00+00:00,200.29,201.7,200.26,201.33,47861.097
2025-09-02 16:15:00+00:00,201.33,201.99,199.48,199.74,51853.144
2025-09-02 16:30:00+00:00,199.73,201.14,199.71,200.75,39117.801
2025-09-02 16:45:00+00:00,200.74,201.61,200.34,201.47,27894.5
2025-09-02 17:00:00+00:00,201.48,202.75,201.48,201.98,45425.193
2025-09-02 17:15:00+00:00,201.99,204.2,201.91,203.99,47747.015
2025-09-02 17:30:00+00:00,203.99,205.36,203.96,204.72,117331.461
2025-09-02 17:45:00+00:00,204.71,205.19,204.4,204.8,57309.465
2025-09-02 18:00:00+00:00,204.79,205.02,203.72,204.29,71495.973
2025-09-02 18:15:00+00:00,204.3,204.47,203.72,204.06,34295.686
2025-09-02 18:30:00+00:00,204.05,204.42,203.33,204.13,33254.26
2025-09-02 18:45:00+00:00,204.13,206.52,203.4,205.65,103250.582
2025-09-02 19:00:00+00:00,205.66,207.0,205.52,205.53,67457.867
2025-09-02 19:15:00+00:00,205.52,206.17,204.69,204.99,53304.884
2025-09-02 19:30:00+00:00,205.0,205.56,204.43,205.11,29912.763
2025-09-02 19:45:00+00:00,205.1,206.11,204.96,205.54,33330.811
2025-09-02 20:00:00+00:00,205.53,206.22,204.91,206.22,23070.56
2025-09-02 20:15:00+00:00,206.22,208.23,206.2,207.13,86097.9
2025-09-02 20:30:00+00:00,207.13,208.2,206.71,207.58,62282.172
2025-09-02 20:45:00+00:00,207.58,207.59,206.72,206.73,42623.847
2025-09-02 21:00:00+00:00,206.73,207.99,206.65,207.73,50124.964
2025-09-02 21:15:00+00:00,207.72,207.73,206.85,207.1,32938.889
2025-09-02 21:30:00+00:00,207.1,208.0,207.01,207.99,39117.296
2025-09-02 21:45:00+00:00,208.0,208.0,207.15,207.26,22784.467
2025-09-02 22:00:00+00:00,207.26,207.59,206.63,207.58,43068.98
2025-09-02 22:15:00+00:00,207.58,207.86,207.13,207.21,21463.84
2025-09-02 22:30:00+00:00,207.21,208.4,206.9,208.31,65730.586
2025-09-02 22:45:00+00:00,208.32,208.87,207.6,208.66,96771.813
2025-09-02 23:00:00+00:00,208.66,209.54,207.96,209.0,89558.554
2025-09-02 23:15:00+00:00,208.99,209.68,208.44,208.84,79395.4
2025-09-02 23:30:00+00:00,208.84,209.39,208.48,208.73,64666.177
2025-09-02 23:45:00+00:00,208.73,209.65,208.68,209.65,34791.912
2025-09-03 00:00:00+00:00,209.64,210.47,208.68,210.31,117604.939
2025-09-03 00:15:00+00:00,210.3,210.31,209.27,209.51,71743.391
2025-09-03 00:30:00+00:00,209.51,209.9,208.48,209.15,41908.844
2025-09-03 00:45:00+00:00,209.15,209.15,207.88,208.37,114239.928
2025-09-03 01:00:00+00:00,208.36,208.82,207.68,207.9,67665.358
2025-09-03 01:15:00+00:00,207.91,208.74,207.42,207.49,53001.09
2025-09-03 01:30:00+00:00,207.5,208.2,207.5,208.17,38947.83
2025-09-03 01:45:00+00:00,208.17,211.84,207.62,211.47,119339.991
2025-09-03 02:00:00+00:00,211.46,211.97,210.59,211.24,97020.843
2025-09-03 02:15:00+00:00,211.25,211.94,210.74,211.13,60958.887
2025-09-03 02:30:00+00:00,211.13,211.17,210.34,210.64,59067.017
2025-09-03 02:45:00+00:00,210.64,211.76,210.64,211.28,73701.106
2025-09-03 03:00:00+00:00,211.27,211.84,210.84,210.9,29607.492
2025-09-03 03:15:00+00:00,210.9,211.1,210.27,210.38,30292.189
2025-09-03 03:30:00+00:00,210.37,210.49,209.32,209.48,58668.389
2025-09-03 03:45:00+00:00,209.48,210.4,209.43,210.03,40634.136
2025-09-03 04:00:00+00:00,210.02,210.39,209.23,209.5,40634.946
2025-09-03 04:15:00+00:00,209.5,210.17,209.21,209.71,23635.417
2025-09-03 04:30:00+00:00,209.7,210.32,209.64,210.02,27483.652
2025-09-03 04:45:00+00:00,210.03,210.46,209.82,210.28,17204.08
2025-09-03 05:00:00+00:00,210.28,210.48,209.65,210.26,19675.461
2025-09-03 05:15:00+00:00,210.27,210.27,208.93,209.1,22343.669
2025-09-03 05:30:00+00:00,209.11,209.55,209.09,209.3,23141.135
2025-09-03 05:45:00+00:00,209.3,209.5,208.95,209.03,28603.382
2025-09-03 06:00:00+00:00,209.04,209.17,207.94,208.46,143998.103
2025-09-03 06:15:00+00:00,208.47,208.93,208.19,208.81,19180.864
2025-09-03 06:30:00+00:00,208.82,209.45,208.52,208.76,28710.197
2025-09-03 06:45:00+00:00,208.75,209.0,208.09,208.44,54974.699
2025-09-03 07:00:00+00:00,208.44,208.93,208.06,208.72,35478.132
2025-09-03 07:15:00+00:00,208.72,208.74,208.04,208.58,32309.819
2025-09-03 07:30:00+00:00,208.58,209.18,208.35,209.09,21846.772
2025-09-03 07:45:00+00:00,209.09,209.41,208.79,209.36,25841.368
2025-09-03 08:00:00+00:00,209.36,210.34,209.28,210.26,52512.246
2025-09-03 08:15:00+00:00,210.25,210.75,209.59,209.95,32709.143
2025-09-03 08:30:00+00:00,209.95,210.12,209.38,209.87,60777.049
2025-09-03 08:45:00+00:00,209.86,210.0,208.93,209.4,24643.887
2025-09-03 09:00:00+00:00,209.4,209.59,208.28,208.33,47103.329
2025-09-03 09:15:00+00:00,208.33,208.95,208.15,208.69,33892.561
2025-09-03 09:30:00+00:00,208.68,209.31,208.45,209.19,27828.226
2025-09-03 09:45:00+00:00,209.19,209.68,208.74,209.61,29451.552
2025-09-03 10:00:00+00:00,209.62,209.74,208.93,209.43,20847.209
2025-09-03 10:15:00+00:00,209.44,210.32,209.41,210.21,48641.284
2025-09-03 10:30:00+00:00,210.21,210.37,209.82,210.27,34353.168
2025-09-03 10:45:00+00:00,210.26,210.28,209.67,209.92,21465.367
2025-09-03 11:00:00+00:00,209.91,210.85,209.65,210.75,31640.037
2025-09-03 11:15:00+00:00,210.75,210.87,210.32,210.69,26404.523
2025-09-03 11:30:00+00:00,210.69,211.34,210.18,210.89,38920.16
2025-09-03 11:45:00+00:00,210.9,211.0,210.35,210.38,41570.047
2025-09-03 12:00:00+00:00,210.37,211.4,210.37,210.89,119577.108
2025-09-03 12:15:00+00:00,210.9,211.2,210.24,210.33,26360.493
2025-09-03 12:30:00+00:00,210.33,211.13,209.3,209.31,39630.521
2025-09-03 12:45:00+00:00,209.3,209.72,208.69,209.14,62906.265
2025-09-03 13:00:00+00:00,209.14,210.75,209.1,210.63,80262.975
2025-09-03 13:15:00+00:00,210.63,211.06,210.13,210.2,40888.115
2025-09-03 13:30:00+00:00,210.2,212.44,210.19,212.05,123220.92
2025-09-03 13:45:00+00:00,212.04,213.02,211.29,211.62,120678.072
2025-09-03 14:00:00+00:00,211.63,212.66,210.48,210.56,149899.991
2025-09-03 14:15:00+00:00,210.56,211.51,210.35,211.11,78171.876
2025-09-03 14:30:00+00:00,211.12,212.66,210.79,212.3,108813.62
2025-09-03 14:45:00+00:00,212.31,212.48,211.59,212.07,44557.961
2025-09-03 15:00:00+00:00,212.07,212.66,211.65,212.12,76838.544
2025-09-03 15:15:00+00:00,212.12,212.3,211.46,211.57,20290.755
2025-09-03 15:30:00+00:00,211.56,212.24,211.47,211.94,46186.332
2025-09-03 15:45:00+00:00,211.93,212.07,210.91,211.37,29089.474
2025-09-03 16:00:00+00:00,211.37,211.97,210.76,211.22,34141.097
2025-09-03 16:15:00+00:00,211.21,211.27,210.2,210.23,30373.424
2025-09-03 16:30:00+00:00,210.24,210.64,209.71,209.82,28277.186
2025-09-03 16:45:00+00:00,209.82,210.13,209.46,209.93,25102.434
2025-09-03 17:00:00+00:00,209.93,210.94,209.93,210.89,24634.404
2025-09-03 17:15:00+00:00,210.88,211.17,210.62,211.16,19816.102
2025-09-03 17:30:00+00:00,211.15,211.56,210.45,210.52,22225.385
2025-09-03 17:45:00+00:00,210.53,211.35,210.31,210.81,21412.253
2025-09-03 18:00:00+00:00,210.8,211.19,210.6,211.08,22968.356
2025-09-03 18:15:00+00:00,211.07,211.07,209.94,209.98,16735.409
2025-09-03 18:30:00+00:00,209.98,210.34,209.16,209.25,27026.728
2025-09-03 18:45:00+00:00,209.25,209.68,208.83,209.68,35136.446
2025-09-03 19:00:00+00:00,209.67,209.97,209.29,209.61,26476.577
2025-09-03 19:15:00+00:00,209.6,209.91,209.29,209.58,12815.362
2025-09-03 19:30:00+00:00,209.59,210.0,209.36,209.54,14796.02
2025-09-03 19:45:00+00:00,209.55,210.48,209.51,210.38,26667.152
2025-09-03 20:00:00+00:00,210.38,210.46,209.88,209.91,17181.471
2025-09-03 20:15:00+00:00,209.9,210.03,209.33,209.36,14290.145
2025-09-03 20:30:00+00:00,209.36,209.82,209.22,209.7,17203.486
2025-09-03 20:45:00+00:00,209.7,209.94,209.26,209.43,16241.912
2025-09-03 21:00:00+00:00,209.42,209.47,209.16,209.27,11459.732
2025-09-03 21:15:00+00:00,209.28,209.52,209.03,209.21,10946.29
2025-09-03 21:30:00+00:00,209.2,209.22,208.39,208.82,24898.423
2025-09-03 21:45:00+00:00,208.81,209.11,208.38,208.88,14324.689
2025-09-03 22:00:00+00:00,208.88,209.0,208.51,208.88,31891.813
2025-09-03 22:15:00+00:00,208.87,209.43,208.81,209.02,17268.251
2025-09-03 22:30:00+00:00,209.02,209.38,208.83,209.37,14750.052
2025-09-03 22:45:00+00:00,209.37,209.89,209.14,209.88,12805.44
2025-09-03 23:00:00+00:00,209.89,210.18,209.65,209.79,13335.305
2025-09-03 23:15:00+00:00,209.79,210.66,209.74,210.65,14142.192
2025-09-03 23:30:00+00:00,210.65,210.96,209.85,210.01,17595.128
2025-09-03 23:45:00+00:00,210.01,210.81,209.96,210.77,46657.083
2025-09-04 00:00:00+00:00,210.77,211.8,210.45,211.65,61226.864
2025-09-04 00:15:00+00:00,211.64,211.94,211.12,211.4,24509.094
2025-09-04 00:30:00+00:00,211.41,211.41,210.9,211.0,21617.9
2025-09-04 00:45:00+00:00,211.0,211.52,210.8,211.23,10734.642
2025-09-04 01:00:00+00:00,211.24,211.25,210.25,210.26,14652.111
2025-09-04 01:15:00+00:00,210.26,210.35,209.75,209.95,21589.507
2025-09-04 01:30:00+00:00,209.95,210.93,209.88,210.73,39776.11
2025-09-04 01:45:00+00:00,210.74,210.76,210.1,210.39,22985.776
2025-09-04 02:00:00+00:00,210.39,210.54,209.83,209.94,16361.633
2025-09-04 02:15:00+00:00,209.94,209.95,208.2,208.21,102552.574
2025-09-04 02:30:00+00:00,208.2,208.78,207.47,208.45,62987.97
2025-09-04 02:45:00+00:00,208.46,208.83,208.06,208.25,19630.375
2025-09-04 03:00:00+00:00,208.25,208.37,207.6,208.18,22398.514
2025-09-04 03:15:00+00:00,208.18,208.67,207.7,207.75,17121.549
2025-09-04 03:30:00+00:00,207.76,208.23,207.57,208.2,16724.759
2025-09-04 03:45:00+00:00,208.2,208.43,207.86,208.19,14116.684
2025-09-04 04:00:00+00:00,208.19,208.56,207.65,208.05,12259.927
2025-09-04 04:15:00+00:00,208.05,208.4,207.55,207.6,16193.594
2025-09-04 04:30:00+00:00,207.6,207.99,207.55,207.58,17543.979
2025-09-04 04:45:00+00:00,207.58,208.0,206.94,207.17,23753.145
2025-09-04 05:00:00+00:00,207.17,207.17,206.18,206.6,38413.9
2025-09-04 05:15:00+00:00,206.59,206.75,205.68,206.23,65853.023
2025-09-04 05:30:00+00:00,206.24,206.71,205.98,206.11,25892.93
2025-09-04 05:45:00+00:00,206.12,206.82,205.96,206.79,16991.668
2025-09-04 06:00:00+00:00,206.79,207.22,206.39,207.03,26155.5
2025-09-04 06:15:00+00:00,207.04,207.18,206.57,207.14,19208.569
2025-09-04 06:30:00+00:00,207.14,207.15,206.65,207.05,15272.416
2025-09-04 06:45:00+00:00,207.05,207.05,206.31,206.33,16697.785
2025-09-04 07:00:00+00:00,206.33,207.18,206.25,207.18,14903.065
2025-09-04 07:15:00+00:00,207.17,207.44,206.79,206.83,18919.525
2025-09-04 07:30:00+00:00,206.84,206.93,206.44,206.62,12076.935
2025-09-04 07:45:00+00:00,206.62,206.98,206.47,206.68,13260.187
2025-09-04 08:00:00+00:00,206.68,207.75,206.58,207.49,15480.57
2025-09-04 08:15:00+00:00,207.49,207.95,207.31,207.92,14142.722
2025-09-04 08:30:00+00:00,207.92,208.15,207.5,207.55,15807.815
2025-09-04 08:45:00+00:00,207.56,207.59,207.0,207.06,9767.601
2025-09-04 09:00:00+00:00,207.07,208.12,207.07,207.9,11912.814
2025-09-04 09:15:00+00:00,207.91,207.98,207.49,207.55,22328.684
2025-09-04 09:30:00+00:00,207.56,207.95,207.52,207.82,17095.622
2025-09-04 09:45:00+00:00,207.82,208.09,207.6,208.06,8646.011
2025-09-04 10:00:00+00:00,208.06,208.75,207.79,208.48,46712.729
2025-09-04 10:15:00+00:00,208.48,208.62,208.08,208.08,20531.156
2025-09-04 10:30:00+00:00,208.09,208.79,208.02,208.38,12336.203
2025-09-04 10:45:00+00:00,208.38,208.55,207.54,207.54,14167.363
2025-09-04 11:00:00+00:00,207.53,208.1,207.0,208.09,22255.296
2025-09-04 11:15:00+00:00,208.08,208.42,207.53,207.68,13421.673
2025-09-04 11:30:00+00:00,207.68,208.14,207.48,207.89,15475.003
2025-09-04 11:45:00+00:00,207.9,208.07,207.21,207.22,19389.058
2025-09-04 12:00:00+00:00,207.23,208.02,207.05,208.02,19621.857
2025-09-04 12:15:00+00:00,208.02,208.49,207.31,208.15,25692.09
2025-09-04 12:30:00+00:00,208.14,208.5,207.0,207.29,34409.283
2025-09-04 12:45:00+00:00,207.28,208.37,207.11,208.37,25074.842
2025-09-04 13:00:00+00:00,208.36,208.42,207.68,207.75,13917.535
2025-09-04 13:15:00+00:00,207.75,208.48,207.32,207.93,41293.431
2025-09-04 13:30:00+00:00,207.92,208.29,206.99,207.38,54204.76
2025-09-04 13:45:00+00:00,207.39,207.5,206.33,207.06,56795.605
2025-09-04 14:00:00+00:00,207.05,207.71,204.18,205.23,143846.447
2025-09-04 14:15:00+00:00,205.23,206.33,204.68,206.16,64150.7
2025-09-04 14:30:00+00:00,206.15,206.82,205.74,206.34,47178.338
2025-09-04 14:45:00+00:00,206.34,206.46,205.39,205.39,33015.589
2025-09-04 15:00:00+00:00,205.39,205.41,203.55,204.1,99463.68
2025-09-04 15:15:00+00:00,204.1,204.56,203.69,204.05,51541.256
2025-09-04 15:30:00+00:00,204.05,204.2,203.38,203.83,35975.062
2025-09-04 15:45:00+00:00,203.83,204.43,203.7,203.76,38714.969
2025-09-04 16:00:00+00:00,203.77,204.43,203.67,204.2,25720.907
2025-09-04 16:15:00+00:00,204.2,204.25,203.54,203.76,24400.103
2025-09-04 16:30:00+00:00,203.75,204.19,203.53,204.07,29869.257
2025-09-04 16:45:00+00:00,204.07,204.87,204.01,204.59,20500.559
2025-09-04 17:00:00+00:00,204.58,205.18,204.43,204.52,25122.295
2025-09-04 17:15:00+00:00,204.51,205.12,204.43,205.0,16836.409
2025-09-04 17:30:00+00:00,205.0,205.04,204.04,204.05,14838.874
2025-09-04 17:45:00+00:00,204.06,204.52,203.94,203.96,16099.634
2025-09-04 18:00:00+00:00,203.97,204.71,203.94,204.15,26255.958
2025-09-04 18:15:00+00:00,204.15,204.51,203.14,203.16,31794.034
2025-09-04 18:30:00+00:00,203.16,203.77,202.28,203.17,68096.118
2025-09-04 18:45:00+00:00,203.17,203.41,202.81,203.08,18979.336
2025-09-04 19:00:00+00:00,203.07,203.66,202.92,203.64,13835.662
2025-09-04 19:15:00+00:00,203.64,203.67,202.93,203.43,12517.072
2025-09-04 19:30:00+00:00,203.43,203.56,202.36,202.36,20430.162
2025-09-04 19:45:00+00:00,202.36,202.67,201.84,202.12,36141.093
2025-09-04 20:00:00+00:00,202.11,203.13,201.88,202.97,29940.449
2025-09-04 20:15:00+00:00,202.98,203.79,202.7,203.79,36796.134
2025-09-04 20:30:00+00:00,203.78,203.79,202.95,202.96,31602.293
2025-09-04 20:45:00+00:00,202.95,202.96,202.43,202.63,21002.994
2025-09-04 21:00:00+00:00,202.63,203.38,202.47,203.18,18279.913
2025-09-04 21:15:00+00:00,203.18,203.45,202.87,203.02,20496.212
2025-09-04 21:30:00+00:00,203.03,203.71,202.73,203.65,18265.796
2025-09-04 21:45:00+00:00,203.65,204.02,203.27,203.82,31388.831
2025-09-04 22:00:00+00:00,203.81,204.19,203.02,203.18,30914.024
2025-09-04 22:15:00+00:00,203.18,203.64,202.76,203.58,30406.854
2025-09-04 22:30:00+00:00,203.57,203.81,203.21,203.24,13605.398
2025-09-04 22:45:00+00:00,203.25,204.74,203.22,204.19,33693.791
2025-09-04 23:00:00+00:00,204.2,204.82,204.0,204.34,37122.642
2025-09-04 23:15:00+00:00,204.33,204.39,203.84,203.87,17109.423
2025-09-04 23:30:00+00:00,203.86,203.9,203.01,203.24,19310.778
2025-09-04 23:45:00+00:00,203.23,203.29,202.23,202.32,28658.298
2025-09-05 00:00:00+00:00,202.32,202.78,202.14,202.67,30596.565
2025-09-05 00:15:00+00:00,202.66,202.92,201.71,202.5,33978.695
2025-09-05 00:30:00+00:00,202.5,202.78,201.92,202.1,23508.689
2025-09-05 00:45:00+00:00,202.11,202.21,201.0,201.19,49250.193
2025-09-05 01:00:00+00:00,201.19,201.86,200.95,201.66,42332.533
2025-09-05 01:15:00+00:00,201.67,202.6,201.52,202.53,18837.018
2025-09-05 01:30:00+00:00,202.53,203.6,202.44,203.59,40621.088
2025-09-05 01:45:00+00:00,203.59,203.78,203.21,203.47,22304.409
2025-09-05 02:00:00+00:00,203.47,203.92,203.25,203.34,20406.665
2025-09-05 02:15:00+00:00,203.35,203.61,202.66,203.19,21630.461
2025-09-05 02:30:00+00:00,203.2,203.94,203.02,203.46,26726.267
2025-09-05 02:45:00+00:00,203.46,204.05,203.33,204.04,26479.969
2025-09-05 03:00:00+00:00,204.03,204.03,203.2,203.2,14167.39
2025-09-05 03:15:00+00:00,203.2,203.29,202.56,202.74,13315.882
2025-09-05 03:30:00+00:00,202.74,203.06,202.48,203.06,15640.283
2025-09-05 03:45:00+00:00,203.06,203.64,202.88,203.53,28356.615
2025-09-05 04:00:00+00:00,203.53,203.6,203.04,203.09,8210.553
2025-09-05 04:15:00+00:00,203.09,203.66,203.0,203.38,9623.045
2025-09-05 04:30:00+00:00,203.38,203.79,203.38,203.79,13567.394
2025-09-05 04:45:00+00:00,203.79,204.46,203.7,204.12,33017.849
2025-09-05 05:00:00+00:00,204.12,204.39,203.94,204.33,16172.574
2025-09-05 05:15:00+00:00,204.33,204.87,203.95,204.26,63860.998
2025-09-05 05:30:00+00:00,204.26,204.8,203.92,204.69,34460.906
2025-09-05 05:45:00+00:00,204.69,204.89,204.39,204.67,33481.401
2025-09-05 06:00:00+00:00,204.67,204.74,204.15,204.27,55853.415
2025-09-05 06:15:00+00:00,204.28,204.54,203.9,203.98,27973.036
2025-09-05 06:30:00+00:00,203.99,204.49,203.96,204.46,17294.97
2025-09-05 06:45:00+00:00,204.46,204.87,204.41,204.86,27932.931
2025-09-05 07:00:00+00:00,204.86,205.84,204.75,205.55,48122.825
2025-09-05 07:15:00+00:00,205.56,207.26,205.54,207.22,96883.093
2025-09-05 07:30:00+00:00,207.22,208.08,206.86,207.78,99709.939
2025-09-05 07:45:00+00:00,207.78,208.43,207.68,207.87,91969.429
2025-09-05 08:00:00+00:00,207.87,207.96,206.9,207.17,105810.66
2025-09-05 08:15:00+00:00,207.16,207.36,206.49,207.23,43597.366
2025-09-05 08:30:00+00:00,207.23,207.3,206.61,206.71,35008.293
2025-09-05 08:45:00+00:00,206.72,206.94,206.49,206.55,24204.23
2025-09-05 09:00:00+00:00,206.56,206.93,206.2,206.4,43838.46
2025-09-05 09:15:00+00:00,206.4,206.41,204.69,204.8,58388.664
2025-09-05 09:30:00+00:00,204.8,205.67,204.52,205.41,58419.981
2025-09-05 09:45:00+00:00,205.41,205.88,205.34,205.88,17968.427
2025-09-05 10:00:00+00:00,205.88,206.62,205.73,205.98,26535.76
2025-09-05 10:15:00+00:00,205.97,206.37,205.92,206.13,11716.521
2025-09-05 10:30:00+00:00,206.13,206.59,205.94,206.09,14229.101
2025-09-05 10:45:00+00:00,206.09,206.28,205.81,206.05,12303.433
2025-09-05 11:00:00+00:00,206.04,207.0,206.0,206.53,22433.243
2025-09-05 11:15:00+00:00,206.53,207.0,206.31,206.93,32751.288
2025-09-05 11:30:00+00:00,206.93,207.04,206.62,206.95,21038.271
2025-09-05 11:45:00+00:00,206.95,207.01,206.61,206.67,11851.392
2025-09-05 12:00:00+00:00,206.67,206.8,206.36,206.62,15624.935
2025-09-05 12:15:00+00:00,206.61,207.94,206.61,207.91,41793.71
2025-09-05 12:30:00+00:00,207.91,209.74,204.93,207.55,358717.23
2025-09-05 12:45:00+00:00,207.56,209.42,207.0,209.04,87045.618
2025-09-05 13:00:00+00:00,209.05,209.4,208.39,208.88,60503.249
2025-09-05 13:15:00+00:00,208.89,209.33,208.49,209.19,46084.639
2025-09-05 13:30:00+00:00,209.19,210.0,208.52,209.46,73463.003
2025-09-05 13:45:00+00:00,209.46,210.0,208.78,209.65,55603.158
2025-09-05 14:00:00+00:00,209.66,209.66,207.75,207.84,73405.798
2025-09-05 14:15:00+00:00,207.84,207.94,204.88,205.14,183124.424
2025-09-05 14:30:00+00:00,205.14,205.59,202.38,203.06,198091.54
2025-09-05 14:45:00+00:00,203.06,203.38,201.62,202.24,163185.518
2025-09-05 15:00:00+00:00,202.24,203.1,201.61,202.78,96743.175
2025-09-05 15:15:00+00:00,202.78,204.34,202.43,203.83,87674.108
2025-09-05 15:30:00+00:00,203.83,204.45,202.78,204.42,53902.844
2025-09-05 15:45:00+00:00,204.41,204.41,203.27,203.56,45011.653
2025-09-05 16:00:00+00:00,203.55,203.56,202.54,203.42,67470.676
2025-09-05 16:15:00+00:00,203.42,203.48,202.5,202.97,28031.092
2025-09-05 16:30:00+00:00,202.97,203.89,202.96,203.89,27606.784
2025-09-05 16:45:00+00:00,203.89,204.07,203.34,203.76,27699.18
2025-09-05 17:00:00+00:00,203.76,203.79,203.01,203.29,28582.208
2025-09-05 17:15:00+00:00,203.28,203.62,202.8,202.81,41198.402
2025-09-05 17:30:00+00:00,202.81,203.38,202.21,202.61,47503.776
2025-09-05 17:45:00+00:00,202.61,202.98,202.29,202.41,19614.871
2025-09-05 18:00:00+00:00,202.41,202.73,201.91,202.12,29815.2
2025-09-05 18:15:00+00:00,202.12,203.02,202.11,203.02,17258.088
2025-09-05 18:30:00+00:00,203.01,203.82,202.81,203.78,33079.476
2025-09-05 18:45:00+00:00,203.79,204.7,203.67,204.33,46290.498
2025-09-05 19:00:00+00:00,204.33,204.92,203.88,204.67,20633.747
2025-09-05 19:15:00+00:00,204.66,205.55,204.58,205.4,49950.698
2025-09-05 19:30:00+00:00,205.4,205.51,204.68,204.78,20130.444
2025-09-05 19:45:00+00:00,204.79,205.45,204.66,205.44,22987.342
2025-09-05 20:00:00+00:00,205.43,205.69,204.43,204.93,32938.724
2025-09-05 20:15:00+00:00,204.93,205.16,204.43,205.02,11969.59
2025-09-05 20:30:00+00:00,205.03,205.51,204.59,205.29,18421.364
2025-09-05 20:45:00+00:00,205.3,205.56,204.9,205.56,12098.873
2025-09-05 21:00:00+00:00,205.56,205.67,204.71,205.07,16612.629
2025-09-05 21:15:00+00:00,205.07,205.18,202.9,204.16,80128.331
2025-09-05 21:30:00+00:00,204.16,204.74,203.55,204.1,28001.243
2025-09-05 21:45:00+00:00,204.1,204.19,202.98,203.13,17850.854
2025-09-05 22:00:00+00:00,203.13,203.51,202.7,203.05,17078.583
2025-09-05 22:15:00+00:00,203.06,203.5,202.99,203.14,10853.821
2025-09-05 22:30:00+00:00,203.14,204.21,203.03,204.18,15676.912
2025-09-05 22:45:00+00:00,204.17,204.37,203.99,204.12,6207.573
2025-09-05 23:00:00+00:00,204.11,204.49,204.0,204.28,6881.771
2025-09-05 23:15:00+00:00,204.28,204.46,203.9,203.91,10399.783
2025-09-05 23:30:00+00:00,203.91,203.93,203.55,203.8,9585.048
2025-09-05 23:45:00+00:00,203.8,203.8,203.22,203.36,12480.902
2025-09-06 00:00:00+00:00,203.37,203.86,203.18,203.8,17920.424
2025-09-06 00:15:00+00:00,203.81,204.29,203.74,204.06,9304.955
2025-09-06 00:30:00+00:00,204.05,204.25,203.79,203.8,11991.429
2025-09-06 00:45:00+00:00,203.8,204.15,203.66,203.87,14637.596
2025-09-06 01:00:00+00:00,203.86,203.87,203.49,203.83,9409.63
2025-09-06 01:15:00+00:00,203.84,204.08,203.68,203.72,8683.238
2025-09-06 01:30:00+00:00,203.73,204.3,203.58,204.27,10889.211
2025-09-06 01:45:00+00:00,204.27,204.68,204.23,204.41,16284.707
2025-09-06 02:00:00+00:00,204.42,204.66,203.87,203.87,8911.148
2025-09-06 02:15:00+00:00,203.88,203.95,203.14,203.56,42721.597
2025-09-06 02:30:00+00:00,203.56,203.82,203.33,203.58,14783.151
2025-09-06 02:45:00+00:00,203.58,204.31,203.57,204.31,14537.134
2025-09-06 03:00:00+00:00,204.3,204.35,203.97,203.98,8536.578
2025-09-06 03:15:00+00:00,203.97,204.57,203.97,204.38,13625.023
2025-09-06 03:30:00+00:00,204.39,204.42,204.01,204.21,10288.937
2025-09-06 03:45:00+00:00,204.21,204.21,203.8,204.07,7218.743
2025-09-06 04:00:00+00:00,204.06,204.07,203.42,203.5,10868.541
2025-09-06 04:15:00+00:00,203.5,203.8,203.34,203.71,9071.004
2025-09-06 04:30:00+00:00,203.72,203.72,203.23,203.24,14347.732
2025-09-06 04:45:00+00:00,203.24,203.56,203.21,203.23,6183.638
2025-09-06 05:00:00+00:00,203.23,203.35,203.09,203.27,18033.613
2025-09-06 05:15:00+00:00,203.28,203.28,202.47,202.74,66740.35
2025-09-06 05:30:00+00:00,202.74,202.92,202.29,202.37,24062.187
2025-09-06 05:45:00+00:00,202.37,202.46,202.13,202.26,19052.439
2025-09-06 06:00:00+00:00,202.25,202.64,202.07,202.63,16861.414
2025-09-06 06:15:00+00:00,202.63,202.63,202.18,202.37,21521.0
2025-09-06 06:30:00+00:00,202.37,202.62,202.28,202.4,14702.701
2025-09-06 06:45:00+00:00,202.4,202.59,202.39,202.44,7280.985
2025-09-06 07:00:00+00:00,202.44,202.84,202.4,202.84,12954.767
2025-09-06 07:15:00+00:00,202.83,203.0,202.61,202.98,11079.774
2025-09-06 07:30:00+00:00,202.99,203.27,202.88,203.21,10556.264
2025-09-06 07:45:00+00:00,203.22,203.23,202.91,203.03,7024.155
2025-09-06 08:00:00+00:00,203.03,203.15,202.66,202.74,10692.434
2025-09-06 08:15:00+00:00,202.74,203.15,202.67,203.09,8829.547
2025-09-06 08:30:00+00:00,203.1,203.46,203.1,203.41,11706.989
2025-09-06 08:45:00+00:00,203.41,203.56,203.23,203.49,15392.693
2025-09-06 09:00:00+00:00,203.49,203.49,202.95,203.0,16821.034
2025-09-06 09:15:00+00:00,203.01,203.32,202.92,202.94,10711.969
2025-09-06 09:30:00+00:00,202.94,203.24,202.87,203.24,7032.754
2025-09-06 09:45:00+00:00,203.24,203.29,202.68,202.69,10492.606
2025-09-06 10:00:00+00:00,202.7,202.92,202.51,202.68,7704.998
2025-09-06 10:15:00+00:00,202.67,202.8,202.42,202.58,14949.691
2025-09-06 10:30:00+00:00,202.59,203.1,202.51,203.07,18544.736
2025-09-06 10:45:00+00:00,203.06,203.08,202.82,202.91,9587.657
2025-09-06 11:00:00+00:00,202.91,202.91,202.59,202.84,4883.127
2025-09-06 11:15:00+00:00,202.83,202.93,202.16,202.42,44725.204
2025-09-06 11:30:00+00:00,202.42,202.42,201.8,202.17,27866.703
2025-09-06 11:45:00+00:00,202.18,202.56,202.17,202.38,6970.575
2025-09-06 12:00:00+00:00,202.38,202.71,202.25,202.57,5431.471
2025-09-06 12:15:00+00:00,202.56,202.78,202.51,202.73,5362.473
2025-09-06 12:30:00+00:00,202.73,202.87,202.23,202.42,9877.439
2025-09-06 12:45:00+00:00,202.42,202.63,202.2,202.27,8893.237
2025-09-06 13:00:00+00:00,202.27,202.49,202.0,202.14,8178.076
2025-09-06 13:15:00+00:00,202.14,202.3,202.02,202.05,8557.952
2025-09-06 13:30:00+00:00,202.04,202.05,201.41,201.66,39510.858
2025-09-06 13:45:00+00:00,201.67,202.48,201.61,202.33,18464.591
2025-09-06 14:00:00+00:00,202.33,202.66,202.14,202.17,13356.359
2025-09-06 14:15:00+00:00,202.18,202.34,201.86,202.32,35606.373
2025-09-06 14:30:00+00:00,202.32,202.51,202.16,202.44,13275.915
2025-09-06 14:45:00+00:00,202.43,202.43,201.89,202.05,11458.68
2025-09-06 15:00:00+00:00,202.05,202.13,201.52,201.52,21301.07
2025-09-06 15:15:00+00:00,201.53,202.28,201.52,202.15,9407.512
2025-09-06 15:30:00+00:00,202.16,202.22,201.66,201.74,7344.32
2025-09-06 15:45:00+00:00,201.75,201.75,201.01,201.26,34353.541
2025-09-06 16:00:00+00:00,201.26,201.71,201.05,201.37,20563.294
2025-09-06 16:15:00+00:00,201.38,201.68,200.75,201.66,35600.698
2025-09-06 16:30:00+00:00,201.67,201.96,201.57,201.8,10412.588
2025-09-06 16:45:00+00:00,201.79,202.37,201.52,201.62,17010.114
2025-09-06 17:00:00+00:00,201.62,201.79,201.44,201.61,7123.361
2025-09-06 17:15:00+00:00,201.62,201.67,201.13,201.17,10071.966
2025-09-06 17:30:00+00:00,201.16,201.34,199.75,200.05,84318.701
2025-09-06 17:45:00+00:00,200.05,200.33,199.62,200.15,35896.497
2025-09-06 18:00:00+00:00,200.14,200.81,199.91,200.62,19172.587
2025-09-06 18:15:00+00:00,200.62,200.7,200.32,200.43,12338.339
2025-09-06 18:30:00+00:00,200.43,200.44,199.64,199.66,29261.149
2025-09-06 18:45:00+00:00,199.66,200.19,199.32,200.04,34747.779
2025-09-06 19:00:00+00:00,200.05,200.19,199.7,199.9,13260.358
2025-09-06 19:15:00+00:00,199.89,200.28,199.8,200.01,11607.285
2025-09-06 19:30:00+00:00,200.01,200.27,199.59,199.74,17257.889
2025-09-06 19:45:00+00:00,199.74,199.93,199.37,199.71,16721.907
2025-09-06 20:00:00+00:00,199.7,200.19,199.7,200.19,10887.527
2025-09-06 20:15:00+00:00,200.19,200.44,200.12,200.33,6137.858
2025-09-06 20:30:00+00:00,200.32,200.5,200.0,200.46,17666.321
2025-09-06 20:45:00+00:00,200.46,200.8,200.46,200.8,9137.182
2025-09-06 21:00:00+00:00,200.8,200.83,200.4,200.4,5540.119
2025-09-06 21:15:00+00:00,200.4,200.73,200.35,200.61,3984.894
2025-09-06 21:30:00+00:00,200.62,201.2,200.57,201.11,10057.966
2025-09-06 21:45:00+00:00,201.1,201.12,200.7,200.76,7724.795
2025-09-06 22:00:00+00:00,200.76,201.07,200.41,200.52,12443.913
2025-09-06 22:15:00+00:00,200.52,200.86,200.41,200.45,7130.005
2025-09-06 22:30:00+00:00,200.45,200.52,200.1,200.2,5512.769
2025-09-06 22:45:00+00:00,200.19,200.4,200.01,200.4,6450.14
2025-09-06 23:00:00+00:00,200.39,200.55,199.92,200.52,11019.435
2025-09-06 23:15:00+00:00,200.52,201.0,200.44,200.67,8567.172
2025-09-06 23:30:00+00:00,200.67,200.68,200.2,200.28,7970.039
2025-09-06 23:45:00+00:00,200.28,200.28,200.01,200.16,8529.701
2025-09-07 00:00:00+00:00,200.17,200.84,200.12,200.81,14550.837
2025-09-07 00:15:00+00:00,200.81,200.85,200.5,200.7,11476.515
2025-09-07 00:30:00+00:00,200.7,201.04,200.51,201.03,10537.636
2025-09-07 00:45:00+00:00,201.04,201.36,200.96,201.15,9305.279
2025-09-07 01:00:00+00:00,201.15,202.15,201.1,201.85,23864.228
2025-09-07 01:15:00+00:00,201.85,202.28,201.6,202.28,21450.193
2025-09-07 01:30:00+00:00,202.27,202.51,202.17,202.48,17969.614
2025-09-07 01:45:00+00:00,202.47,203.19,202.44,202.7,25350.603
2025-09-07 02:00:00+00:00,202.71,202.75,202.14,202.21,22452.614
2025-09-07 02:15:00+00:00,202.22,202.37,202.02,202.33,8911.295
2025-09-07 02:30:00+00:00,202.32,202.67,202.1,202.28,9106.976
2025-09-07 02:45:00+00:00,202.29,202.96,202.27,202.81,13287.509
2025-09-07 03:00:00+00:00,202.81,202.91,202.57,202.65,7425.224
2025-09-07 03:15:00+00:00,202.64,203.27,202.6,202.97,16216.739
2025-09-07 03:30:00+00:00,202.97,203.06,202.64,202.73,8520.966
2025-09-07 03:45:00+00:00,202.74,202.89,202.61,202.86,8743.455
2025-09-07 04:00:00+00:00,202.85,203.02,202.53,202.53,5548.457
2025-09-07 04:15:00+00:00,202.54,202.65,202.38,202.38,6779.937
2025-09-07 04:30:00+00:00,202.38,202.65,202.3,202.64,8473.265
2025-09-07 04:45:00+00:00,202.64,203.09,202.64,203.08,9795.442
2025-09-07 05:00:00+00:00,203.08,203.25,202.9,203.1,10836.472
2025-09-07 05:15:00+00:00,203.11,203.14,202.76,203.12,7429.745
2025-09-07 05:30:00+00:00,203.11,203.14,202.88,202.95,6121.476
2025-09-07 05:45:00+00:00,202.95,202.95,202.78,202.83,5755.891
2025-09-07 06:00:00+00:00,202.82,202.95,202.75,202.75,6762.748
2025-09-07 06:15:00+00:00,202.75,202.84,202.5,202.51,6909.394
2025-09-07 06:30:00+00:00,202.51,202.6,202.25,202.4,14615.617
2025-09-07 06:45:00+00:00,202.4,202.62,202.23,202.28,9851.694
2025-09-07 07:00:00+00:00,202.28,202.61,202.25,202.57,6343.12
2025-09-07 07:15:00+00:00,202.57,202.66,202.3,202.59,6558.337
2025-09-07 07:30:00+00:00,202.59,203.3,202.58,203.03,17833.227
2025-09-07 07:45:00+00:00,203.04,203.24,202.77,202.99,15000.929
2025-09-07 08:00:00+00:00,203.0,203.34,202.99,203.09,14689.197
2025-09-07 08:15:00+00:00,203.1,203.78,203.07,203.69,26041.379
2025-09-07 08:30:00+00:00,203.69,203.94,203.56,203.6,17480.762
2025-09-07 08:45:00+00:00,203.6,203.74,203.33,203.54,11359.791
2025-09-07 09:00:00+00:00,203.54,203.87,203.33,203.75,18355.951
2025-09-07 09:15:00+00:00,203.75,203.97,203.5,203.51,9237.904
2025-09-07 09:30:00+00:00,203.5,203.51,202.8,202.8,11014.445
2025-09-07 09:45:00+00:00,202.8,203.18,202.72,203.18,9477.186
2025-09-07 10:00:00+00:00,203.18,203.33,203.0,203.3,9641.569
2025-09-07 10:15:00+00:00,203.29,203.3,202.86,202.98,10551.047
2025-09-07 10:30:00+00:00,202.98,203.3,202.98,203.26,8329.346
2025-09-07 10:45:00+00:00,203.26,203.38,203.1,203.38,8916.155
2025-09-07 11:00:00+00:00,203.37,203.54,203.29,203.31,13367.031
2025-09-07 11:15:00+00:00,203.32,203.32,203.13,203.19,8133.178
2025-09-07 11:30:00+00:00,203.19,203.62,203.18,203.55,15847.154
2025-09-07 11:45:00+00:00,203.54,203.99,203.45,203.96,10653.867
2025-09-07 12:00:00+00:00,203.96,204.0,203.59,203.77,12669.231
2025-09-07 12:15:00+00:00,203.77,203.78,203.35,203.49,20612.664
2025-09-07 12:30:00+00:00,203.5,203.81,203.39,203.61,11169.661
2025-09-07 12:45:00+00:00,203.61,203.83,203.48,203.77,9791.349
2025-09-07 13:00:00+00:00,203.78,203.79,203.51,203.52,6236.399
2025-09-07 13:15:00+00:00,203.51,203.52,203.08,203.27,10076.201
2025-09-07 13:30:00+00:00,203.27,203.71,203.21,203.46,12730.939
2025-09-07 13:45:00+00:00,203.46,203.57,203.14,203.43,11956.924
2025-09-07 14:00:00+00:00,203.43,203.97,203.16,203.62,29563.963
2025-09-07 14:15:00+00:00,203.63,203.88,203.35,203.59,15954.443
2025-09-07 14:30:00+00:00,203.59,203.94,203.42,203.9,14119.433
2025-09-07 14:45:00+00:00,203.89,203.94,203.56,203.68,14163.878
2025-09-07 15:00:00+00:00,203.68,203.9,203.47,203.64,14431.074
2025-09-07 15:15:00+00:00,203.64,204.12,203.54,204.09,27792.276
2025-09-07 15:30:00+00:00,204.09,205.39,204.02,205.28,85427.864
2025-09-07 15:45:00+00:00,205.28,205.55,204.89,205.2,81461.211
2025-09-07 16:00:00+00:00,205.2,205.48,204.57,204.8,39745.71
2025-09-07 16:15:00+00:00,204.8,204.95,204.09,204.23,51301.377
2025-09-07 16:30:00+00:00,204.23,204.41,203.84,204.21,20483.964
2025-09-07 16:45:00+00:00,204.22,204.27,203.39,203.45,22568.759
2025-09-07 17:00:00+00:00,203.46,203.7,203.03,203.03,31358.363
2025-09-07 17:15:00+00:00,203.03,203.14,201.8,201.81,78438.506
2025-09-07 17:30:00+00:00,201.81,202.69,201.72,202.51,49178.343
2025-09-07 17:45:00+00:00,202.5,202.51,201.91,201.98,37366.28
2025-09-07 18:00:00+00:00,201.97,202.2,201.78,202.0,30301.447
2025-09-07 18:15:00+00:00,201.99,202.26,201.81,201.82,16865.02
2025-09-07 18:30:00+00:00,201.82,202.07,201.48,201.92,14976.531
2025-09-07 18:45:00+00:00,201.92,202.26,201.74,202.14,12268.671
2025-09-07 19:00:00+00:00,202.14,202.54,201.92,202.01,12752.146
2025-09-07 19:15:00+00:00,202.01,202.51,201.87,202.06,18055.856
2025-09-07 19:30:00+00:00,202.05,202.89,202.01,202.79,19286.69
2025-09-07 19:45:00+00:00,202.79,203.09,202.68,203.08,19305.547
2025-09-07 20:00:00+00:00,203.08,203.5,202.69,202.7,26066.992
2025-09-07 20:15:00+00:00,202.7,203.08,202.58,202.95,9546.732
2025-09-07 20:30:00+00:00,202.96,203.23,202.91,203.23,12664.65
2025-09-07 20:45:00+00:00,203.23,204.93,203.19,204.92,37745.524
2025-09-07 21:00:00+00:00,204.93,205.09,204.59,204.76,55295.686
2025-09-07 21:15:00+00:00,204.77,204.98,204.44,204.92,35309.359
2025-09-07 21:30:00+00:00,204.93,205.16,204.57,204.59,46295.819
2025-09-07 21:45:00+00:00,204.58,205.16,204.58,204.68,23889.254
2025-09-07 22:00:00+00:00,204.68,205.14,204.34,205.09,28549.131
2025-09-07 22:15:00+00:00,205.09,205.75,204.81,205.26,50802.541
2025-09-07 22:30:00+00:00,205.27,205.98,204.7,205.95,36921.451
2025-09-07 22:45:00+00:00,205.96,207.46,205.95,207.1,109966.896
2025-09-07 23:00:00+00:00,207.1,207.91,207.1,207.29,59770.003
2025-09-07 23:15:00+00:00,207.29,207.95,207.29,207.51,92446.35
2025-09-07 23:30:00+00:00,207.51,207.58,206.94,207.13,84002.198
2025-09-07 23:45:00+00:00,207.12,207.32,206.25,206.35,78946.061
2025-09-08 00:00:00+00:00,206.35,206.62,205.77,206.03,60139.863
2025-09-08 00:15:00+00:00,206.03,207.09,205.66,207.02,45229.662
2025-09-08 00:30:00+00:00,207.02,207.1,206.45,206.51,41134.049
2025-09-08 00:45:00+00:00,206.51,206.55,205.66,205.66,23689.22
2025-09-08 01:00:00+00:00,205.67,206.31,205.59,206.18,27104.003
2025-09-08 01:15:00+00:00,206.18,206.71,205.81,205.82,24449.683
2025-09-08 01:30:00+00:00,205.83,207.38,205.75,206.93,38158.322
2025-09-08 01:45:00+00:00,206.94,207.14,206.63,206.89,16332.147
2025-09-08 02:00:00+00:00,206.89,207.1,206.48,207.02,19169.508
2025-09-08 02:15:00+00:00,207.02,207.15,206.12,206.64,26461.354
2025-09-08 02:30:00+00:00,206.65,208.0,206.46,207.45,66923.296
2025-09-08 02:45:00+00:00,207.45,207.86,207.36,207.81,26810.395
2025-09-08 03:00:00+00:00,207.82,208.49,207.67,208.08,58241.682
2025-09-08 03:15:00+00:00,208.07,208.23,207.5,207.71,25068.011
2025-09-08 03:30:00+00:00,207.72,209.0,207.71,208.1,125858.662
2025-09-08 03:45:00+00:00,208.11,208.2,207.49,207.65,65166.576
2025-09-08 04:00:00+00:00,207.64,207.83,206.96,207.46,31128.007
2025-09-08 04:15:00+00:00,207.46,208.19,207.41,208.11,25804.847
2025-09-08 04:30:00+00:00,208.12,208.64,207.9,208.11,28558.215
2025-09-08 04:45:00+00:00,208.11,208.35,207.66,207.82,21525.049
2025-09-08 05:00:00+00:00,207.83,207.93,207.29,207.42,75766.477
2025-09-08 05:15:00+00:00,207.41,207.87,207.18,207.33,17576.016
2025-09-08 05:30:00+00:00,207.34,207.34,206.69,206.75,24037.214
2025-09-08 05:45:00+00:00,206.74,207.46,206.74,207.32,22010.992
2025-09-08 06:00:00+00:00,207.33,207.59,206.66,206.96,35796.091
2025-09-08 06:15:00+00:00,206.96,207.55,206.72,207.38,24241.315
2025-09-08 06:30:00+00:00,207.37,207.7,207.17,207.61,17551.951
2025-09-08 06:45:00+00:00,207.61,207.65,207.08,207.08,16936.469
2025-09-08 07:00:00+00:00,207.08,208.15,207.02,208.08,43870.086
2025-09-08 07:15:00+00:00,208.08,208.56,207.9,208.43,64927.731
2025-09-08 07:30:00+00:00,208.43,208.87,208.01,208.51,64909.744
2025-09-08 07:45:00+00:00,208.51,208.59,207.82,207.92,27947.863
2025-09-08 08:00:00+00:00,207.91,208.09,207.39,207.56,20383.232
2025-09-08 08:15:00+00:00,207.56,209.15,207.41,208.79,82494.594
2025-09-08 08:30:00+00:00,208.8,209.48,208.68,209.11,54287.255
2025-09-08 08:45:00+00:00,209.1,209.33,208.68,208.93,42170.619
2025-09-08 09:00:00+00:00,208.93,209.29,208.65,209.17,37152.805
2025-09-08 09:15:00+00:00,209.17,209.73,209.12,209.33,69978.324
2025-09-08 09:30:00+00:00,209.33,209.89,209.18,209.78,66173.368
2025-09-08 09:45:00+00:00,209.79,210.94,209.73,210.87,113101.254
2025-09-08 10:00:00+00:00,210.87,212.88,210.43,212.18,193448.436
2025-09-08 10:15:00+00:00,212.18,214.4,212.16,213.64,244852.184
2025-09-08 10:30:00+00:00,213.64,214.57,213.06,214.5,115329.235
2025-09-08 10:45:00+00:00,214.5,215.84,214.27,215.22,227944.355
2025-09-08 11:00:00+00:00,215.22,215.3,213.44,213.59,128267.301
2025-09-08 11:15:00+00:00,213.59,214.14,213.24,213.28,79056.29
2025-09-08 11:30:00+00:00,213.28,213.7,212.96,213.52,61368.856
2025-09-08 11:45:00+00:00,213.53,214.58,213.5,214.28,62213.728
2025-09-08 12:00:00+00:00,214.28,215.0,213.71,214.18,102613.915
2025-09-08 12:15:00+00:00,214.18,214.25,213.52,213.9,63177.615
2025-09-08 12:30:00+00:00,213.9,214.68,213.86,214.67,46269.0
2025-09-08 12:45:00+00:00,214.67,214.89,214.23,214.47,26613.898
2025-09-08 13:00:00+00:00,214.47,216.31,214.47,216.02,121503.019
2025-09-08 13:15:00+00:00,216.02,216.17,214.58,214.77,77441.968
2025-09-08 13:30:00+00:00,214.77,215.24,212.97,213.88,118871.586
2025-09-08 13:45:00+00:00,213.88,214.65,212.8,213.28,93989.854
2025-09-08 14:00:00+00:00,213.28,214.49,212.99,214.13,82615.909
2025-09-08 14:15:00+00:00,214.13,214.6,213.63,214.58,56446.517
2025-09-08 14:30:00+00:00,214.59,215.78,214.54,215.0,75754.343
2025-09-08 14:45:00+00:00,215.0,215.35,214.81,215.27,63419.442
2025-09-08 15:00:00+00:00,215.28,215.97,214.71,215.06,84204.032
2025-09-08 15:15:00+00:00,215.07,216.83,215.07,216.63,202969.348
2025-09-08 15:30:00+00:00,216.63,216.65,215.52,216.04,106213.404
2025-09-08 15:45:00+00:00,216.04,216.1,214.8,215.04,68587.229
2025-09-08 16:00:00+00:00,215.04,215.14,214.02,214.28,58849.148
2025-09-08 16:15:00+00:00,214.27,215.49,213.9,215.4,75975.199
2025-09-08 16:30:00+00:00,215.39,215.39,213.88,214.57,63041.713
2025-09-08 16:45:00+00:00,214.57,214.96,214.05,214.93,27467.141
2025-09-08 17:00:00+00:00,214.93,214.93,213.98,214.35,26060.486
2025-09-08 17:15:00+00:00,214.35,217.0,214.35,216.77,170803.598
2025-09-08 17:30:00+00:00,216.77,216.77,215.15,215.17,47118.034
2025-09-08 17:45:00+00:00,215.18,216.05,214.69,215.42,46699.131
2025-09-08 18:00:00+00:00,215.43,216.22,214.78,215.42,33737.053
2025-09-08 18:15:00+00:00,215.41,215.98,215.38,215.79,19508.773
2025-09-08 18:30:00+00:00,215.78,215.94,215.22,215.73,13674.519
2025-09-08 18:45:00+00:00,215.72,217.0,215.67,216.67,98124.188
2025-09-08 19:00:00+00:00,216.67,217.11,215.85,216.06,96622.101
2025-09-08 19:15:00+00:00,216.05,216.75,215.2,215.59,109353.962
2025-09-08 19:30:00+00:00,215.59,215.96,214.79,215.14,50679.243
2025-09-08 19:45:00+00:00,215.13,216.15,215.13,216.15,71907.043
2025-09-08 20:00:00+00:00,216.16,216.22,215.23,215.42,36223.015
2025-09-08 20:15:00+00:00,215.41,215.49,214.23,214.62,42337.376
2025-09-08 20:30:00+00:00,214.61,215.12,214.24,214.25,39249.669
2025-09-08 20:45:00+00:00,214.25,214.72,213.92,214.47,64181.294
2025-09-08 21:00:00+00:00,214.47,214.79,214.25,214.68,45604.044
2025-09-08 21:15:00+00:00,214.69,215.65,214.49,215.51,73655.779
2025-09-08 21:30:00+00:00,215.51,215.85,215.14,215.42,23632.823
2025-09-08 21:45:00+00:00,215.42,215.71,214.92,215.08,16666.834
2025-09-08 22:00:00+00:00,215.08,215.52,214.52,215.28,26870.801
2025-09-08 22:15:00+00:00,215.27,215.44,214.72,214.87,14885.494
2025-09-08 22:30:00+00:00,214.87,215.35,214.66,215.23,16404.895
2025-09-08 22:45:00+00:00,215.22,215.29,214.46,214.69,18372.74
2025-09-08 23:00:00+00:00,214.7,215.24,214.61,214.84,18535.051
2025-09-08 23:15:00+00:00,214.84,215.06,213.89,214.06,20870.677
2025-09-08 23:30:00+00:00,214.06,214.09,213.55,213.78,27294.377
2025-09-08 23:45:00+00:00,213.77,214.35,213.62,214.11,13835.319
2025-09-09 00:00:00+00:00,214.11,214.91,214.1,214.5,32867.75
2025-09-09 00:15:00+00:00,214.5,214.67,213.16,213.38,29433.436
2025-09-09 00:30:00+00:00,213.37,213.39,212.2,212.86,53011.985
2025-09-09 00:45:00+00:00,212.85,213.88,212.5,213.22,22742.335
2025-09-09 01:00:00+00:00,213.21,214.0,213.16,213.49,15635.927
2025-09-09 01:15:00+00:00,213.48,213.57,212.48,212.9,18087.102
2025-09-09 01:30:00+00:00,212.9,213.36,212.08,213.23,112263.13
2025-09-09 01:45:00+00:00,213.23,213.36,212.69,213.21,17019.58
2025-09-09 02:00:00+00:00,213.21,213.5,212.45,212.48,31426.179
2025-09-09 02:15:00+00:00,212.48,212.7,211.84,212.1,93861.509
2025-09-09 02:30:00+00:00,212.09,212.87,211.9,212.28,35667.489
2025-09-09 02:45:00+00:00,212.28,212.28,210.79,211.62,104136.498
2025-09-09 03:00:00+00:00,211.61,212.42,211.38,212.34,38958.051
2025-09-09 03:15:00+00:00,212.33,212.82,211.89,212.81,23625.002
2025-09-09 03:30:00+00:00,212.8,213.78,212.69,213.61,38625.323
2025-09-09 03:45:00+00:00,213.61,214.78,213.36,214.63,68901.61
2025-09-09 04:00:00+00:00,214.62,214.62,213.96,214.14,19256.528
2025-09-09 04:15:00+00:00,214.15,215.46,214.14,215.15,72255.57
2025-09-09 04:30:00+00:00,215.15,215.69,214.83,215.04,55761.314
2025-09-09 04:45:00+00:00,215.03,215.15,214.23,214.85,50411.686
2025-09-09 05:00:00+00:00,214.85,214.9,214.28,214.5,16669.366
2025-09-09 05:15:00+00:00,214.49,214.66,214.05,214.43,24305.553
2025-09-09 05:30:00+00:00,214.43,214.58,214.19,214.58,26903.07
2025-09-09 05:45:00+00:00,214.58,215.45,214.57,215.23,24174.525
2025-09-09 06:00:00+00:00,215.23,217.44,215.02,217.11,75901.774
2025-09-09 06:15:00+00:00,217.1,218.73,217.09,218.04,194385.357
2025-09-09 06:30:00+00:00,218.04,219.76,217.94,218.92,128465.698
2025-09-09 06:45:00+00:00,218.93,219.43,218.38,218.43,62192.318
2025-09-09 07:00:00+00:00,218.43,219.46,218.38,219.14,72759.61
2025-09-09 07:15:00+00:00,219.14,219.6,218.94,219.58,45694.355
2025-09-09 07:30:00+00:00,219.59,219.79,218.56,218.6,70891.809
2025-09-09 07:45:00+00:00,218.59,219.48,218.3,219.23,83230.061
2025-09-09 08:00:00+00:00,219.23,219.45,218.6,218.86,47225.739
2025-09-09 08:15:00+00:00,218.86,219.23,218.46,219.07,33229.648
2025-09-09 08:30:00+00:00,219.07,219.5,218.97,219.12,44062.927
2025-09-09 08:45:00+00:00,219.11,219.2,218.57,218.99,24533.068
2025-09-09 09:00:00+00:00,218.99,219.1,218.52,218.69,23517.371
2025-09-09 09:15:00+00:00,218.68,219.17,218.66,219.17,19900.158
2025-09-09 09:30:00+00:00,219.16,219.29,218.86,219.13,23497.832
2025-09-09 09:45:00+00:00,219.13,219.22,218.71,218.98,32788.159
2025-09-09 10:00:00+00:00,218.98,219.19,218.85,219.0,22497.694
2025-09-09 10:15:00+00:00,218.99,219.02,218.24,218.26,26864.694
2025-09-09 10:30:00+00:00,218.26,218.62,217.87,218.47,49310.961
2025-09-09 10:45:00+00:00,218.46,218.5,217.42,217.75,55519.692
2025-09-09 11:00:00+00:00,217.75,217.9,217.49,217.58,23839.029
2025-09-09 11:15:00+00:00,217.58,217.73,217.0,217.52,39603.072
2025-09-09 11:30:00+00:00,217.51,217.75,217.1,217.69,22300.6
2025-09-09 11:45:00+00:00,217.69,218.04,217.2,217.25,21951.376
2025-09-09 12:00:00+00:00,217.24,218.03,216.61,217.9,49009.817
2025-09-09 12:15:00+00:00,217.9,218.36,217.73,218.23,35651.306
2025-09-09 12:30:00+00:00,218.23,218.29,216.91,216.99,50230.531
2025-09-09 12:45:00+00:00,216.99,217.69,216.96,217.64,22756.64
2025-09-09 13:00:00+00:00,217.64,217.9,216.32,217.18,80975.2
2025-09-09 13:15:00+00:00,217.18,217.44,216.3,217.3,36935.996
2025-09-09 13:30:00+00:00,217.29,218.07,217.13,217.82,40531.66
2025-09-09 13:45:00+00:00,217.82,218.48,217.8,218.03,46180.075
2025-09-09 14:00:00+00:00,218.04,218.54,215.33,217.76,205038.918
2025-09-09 14:15:00+00:00,217.76,217.79,215.7,216.28,78390.31
2025-09-09 14:30:00+00:00,216.27,216.27,213.23,214.51,250458.893
2025-09-09 14:45:00+00:00,214.5,215.83,214.35,215.49,52273.288
2025-09-09 15:00:00+00:00,215.49,215.8,213.59,213.79,131364.936
2025-09-09 15:15:00+00:00,213.79,214.15,213.36,213.51,179653.351
2025-09-09 15:30:00+00:00,213.51,213.58,211.78,212.17,114457.81
2025-09-09 15:45:00+00:00,212.18,213.37,211.69,213.07,134870.736
2025-09-09 16:00:00+00:00,213.07,214.18,213.0,214.14,56831.624
2025-09-09 16:15:00+00:00,214.13,214.7,213.48,213.79,49847.84
2025-09-09 16:30:00+00:00,213.79,214.98,213.68,214.63,32469.279
2025-09-09 16:45:00+00:00,214.63,214.85,214.04,214.17,36381.097
2025-09-09 17:00:00+00:00,214.16,215.69,214.13,215.42,46060.321
2025-09-09 17:15:00+00:00,215.42,215.52,214.29,214.32,43561.753
2025-09-09 17:30:00+00:00,214.32,214.85,214.02,214.69,32298.588
2025-09-09 17:45:00+00:00,214.69,215.21,214.64,214.9,15652.775
2025-09-09 18:00:00+00:00,214.9,215.09,214.45,214.95,16814.718
2025-09-09 18:15:00+00:00,214.95,216.91,214.9,216.9,195999.833
2025-09-09 18:30:00+00:00,216.9,216.91,215.81,216.22,53966.644
2025-09-09 18:45:00+00:00,216.23,216.89,216.08,216.44,41634.539
2025-09-09 19:00:00+00:00,216.44,216.51,216.11,216.16,25250.63
2025-09-09 19:15:00+00:00,216.17,216.8,215.84,216.67,40604.477
2025-09-09 19:30:00+00:00,216.66,216.99,216.2,216.32,18581.176
2025-09-09 19:45:00+00:00,216.32,216.62,216.27,216.34,15154.761
2025-09-09 20:00:00+00:00,216.35,216.4,215.6,215.7,24369.217
2025-09-09 20:15:00+00:00,215.69,215.94,215.24,215.28,18978.652
2025-09-09 20:30:00+00:00,215.28,216.09,215.28,215.83,19456.085
2025-09-09 20:45:00+00:00,215.83,216.33,215.67,216.32,15100.837
2025-09-09 21:00:00+00:00,216.32,216.6,215.77,216.5,20694.284
2025-09-09 21:15:00+00:00,216.49,216.49,215.44,215.48,13939.574
2025-09-09 21:30:00+00:00,215.49,215.99,215.41,215.67,14931.388
2025-09-09 21:45:00+00:00,215.66,215.92,215.17,215.19,15538.091
2025-09-09 22:00:00+00:00,215.19,216.26,215.01,216.16,21078.487
2025-09-09 22:15:00+00:00,216.15,216.43,215.79,216.04,71325.265
2025-09-09 22:30:00+00:00,216.04,216.97,215.96,216.84,33377.363
2025-09-09 22:45:00+00:00,216.84,217.34,216.44,217.21,66261.862
2025-09-09 23:00:00+00:00,217.22,217.8,216.8,217.62,37580.573
2025-09-09 23:15:00+00:00,217.62,217.71,216.95,217.22,33731.014
2025-09-09 23:30:00+00:00,217.22,217.54,216.58,217.19,39978.984
2025-09-09 23:45:00+00:00,217.2,217.68,217.08,217.21,32909.995
2025-09-10 00:00:00+00:00,217.22,217.54,216.65,216.94,19568.516
2025-09-10 00:15:00+00:00,216.94,216.94,215.79,216.12,106258.255
2025-09-10 00:30:00+00:00,216.12,216.57,215.64,216.25,39161.887
2025-09-10 00:45:00+00:00,216.24,216.3,215.09,215.23,38855.573
2025-09-10 01:00:00+00:00,215.22,215.64,215.15,215.48,20926.941
2025-09-10 01:15:00+00:00,215.48,216.43,215.39,215.85,68597.046
2025-09-10 01:30:00+00:00,215.85,216.54,215.78,216.0,19243.214
2025-09-10 01:45:00+00:00,216.0,216.32,215.6,216.31,25089.558
2025-09-10 02:00:00+00:00,216.32,218.31,216.32,217.95,104068.623
2025-09-10 02:15:00+00:00,217.95,219.49,217.29,218.84,111119.585
2025-09-10 02:30:00+00:00,218.83,219.59,218.62,219.44,81451.788
2025-09-10 02:45:00+00:00,219.43,219.65,218.92,219.19,51062.453
2025-09-10 03:00:00+00:00,219.19,219.19,218.51,219.09,31885.026
2025-09-10 03:15:00+00:00,219.1,219.53,218.06,218.17,31178.01
2025-09-10 03:30:00+00:00,218.18,218.97,218.09,218.97,14984.419
2025-09-10 03:45:00+00:00,218.97,219.25,218.78,219.2,20721.148
2025-09-10 04:00:00+00:00,219.2,219.2,218.5,218.83,17299.762
2025-09-10 04:15:00+00:00,218.83,218.97,218.55,218.86,12599.41
2025-09-10 04:30:00+00:00,218.85,219.15,217.82,217.9,32330.102
2025-09-10 04:45:00+00:00,217.89,218.58,217.85,218.4,23671.601
2025-09-10 05:00:00+00:00,218.4,218.65,217.86,218.65,23823.925
2025-09-10 05:15:00+00:00,218.64,218.77,218.04,218.65,20285.773
2025-09-10 05:30:00+00:00,218.64,219.06,218.31,218.96,18812.193
2025-09-10 05:45:00+00:00,218.96,219.29,217.88,218.63,34027.033
2025-09-10 06:00:00+00:00,218.63,218.77,218.0,218.55,20495.693
2025-09-10 06:15:00+00:00,218.56,219.36,218.51,219.22,35785.57
2025-09-10 06:30:00+00:00,219.22,219.55,218.75,219.37,37314.074
2025-09-10 06:45:00+00:00,219.38,219.63,219.05,219.19,27279.7
2025-09-10 07:00:00+00:00,219.2,219.95,219.09,219.88,66804.237
2025-09-10 07:15:00+00:00,219.88,221.96,219.87,221.6,194124.037
2025-09-10 07:30:00+00:00,221.6,222.85,221.21,222.32,185095.977
2025-09-10 07:45:00+00:00,222.31,222.89,221.88,222.25,82713.542
2025-09-10 08:00:00+00:00,222.25,222.45,221.55,222.07,56161.077
2025-09-10 08:15:00+00:00,222.08,222.34,221.19,221.3,66786.731
2025-09-10 08:30:00+00:00,221.3,221.46,220.48,220.58,51562.267
2025-09-10 08:45:00+00:00,220.58,220.91,220.42,220.74,28569.541
2025-09-10 09:00:00+00:00,220.74,221.2,219.91,220.63,54871.294
2025-09-10 09:15:00+00:00,220.62,221.04,220.16,220.85,29950.607
2025-09-10 09:30:00+00:00,220.85,221.25,220.59,220.62,36673.546
2025-09-10 09:45:00+00:00,220.62,220.99,220.45,220.45,51887.085
2025-09-10 10:00:00+00:00,220.45,220.59,219.65,219.95,68822.561
2025-09-10 10:15:00+00:00,219.94,219.95,218.77,219.58,70126.109
2025-09-10 10:30:00+00:00,219.58,220.4,219.57,220.33,49451.348
2025-09-10 10:45:00+00:00,220.32,220.4,219.74,220.09,20735.205
2025-09-10 11:00:00+00:00,220.09,220.43,219.94,220.14,20772.078
2025-09-10 11:15:00+00:00,220.13,220.38,219.65,219.97,23798.64
2025-09-10 11:30:00+00:00,219.97,219.98,218.93,219.15,35075.265
2025-09-10 11:45:00+00:00,219.15,220.3,219.14,220.25,29800.862
2025-09-10 12:00:00+00:00,220.24,220.34,219.84,220.03,25411.541
2025-09-10 12:15:00+00:00,220.03,220.82,219.74,220.8,36823.082
2025-09-10 12:30:00+00:00,220.79,224.9,220.74,223.8,428335.555
2025-09-10 12:45:00+00:00,223.8,223.96,222.46,223.43,83885.77
2025-09-10 13:00:00+00:00,223.42,224.7,223.22,224.3,150454.343
2025-09-10 13:15:00+00:00,224.29,224.67,222.9,223.62,84395.359
2025-09-10 13:30:00+00:00,223.63,224.4,222.53,224.29,61456.12
2025-09-10 13:45:00+00:00,224.3,226.0,223.57,224.18,210084.422
2025-09-10 14:00:00+00:00,224.18,225.08,223.64,223.79,90451.039
2025-09-10 14:15:00+00:00,223.8,224.15,223.16,223.17,49819.432
2025-09-10 14:30:00+00:00,223.17,223.65,222.31,223.62,62427.029
2025-09-10 14:45:00+00:00,223.61,223.65,222.56,222.71,64650.871
2025-09-10 15:00:00+00:00,222.7,224.16,222.7,223.77,62517.006
2025-09-10 15:15:00+00:00,223.76,223.83,222.91,223.61,48734.23
2025-09-10 15:30:00+00:00,223.61,224.04,223.06,224.03,41775.876
2025-09-10 15:45:00+00:00,224.04,224.04,222.79,223.17,53995.462
2025-09-10 16:00:00+00:00,223.16,223.28,222.51,222.92,46557.059
2025-09-10 16:15:00+00:00,222.92,223.42,222.83,223.23,34596.061
2025-09-10 16:30:00+00:00,223.23,223.28,222.42,222.72,38692.11
2025-09-10 16:45:00+00:00,222.71,223.97,222.51,223.77,39818.679
2025-09-10 17:00:00+00:00,223.76,224.13,223.35,223.45,32880.406
2025-09-10 17:15:00+00:00,223.46,223.78,221.66,221.86,61105.689
2025-09-10 17:30:00+00:00,221.86,222.59,221.55,222.57,25903.489
2025-09-10 17:45:00+00:00,222.58,223.03,222.28,222.67,18085.103
2025-09-10 18:00:00+00:00,222.66,223.2,222.29,222.55,35001.338
2025-09-10 18:15:00+00:00,222.56,222.56,221.29,221.65,40463.914
2025-09-10 18:30:00+00:00,221.65,222.49,221.51,222.25,37971.93
2025-09-10 18:45:00+00:00,222.24,222.91,221.76,222.86,32273.603
2025-09-10 19:00:00+00:00,222.86,222.89,221.77,221.79,31387.448
2025-09-10 19:15:00+00:00,221.8,222.22,220.92,221.28,49722.181
2025-09-10 19:30:00+00:00,221.28,221.62,220.53,221.51,40937.755
2025-09-10 19:45:00+00:00,221.51,221.96,220.95,221.23,33146.808
2025-09-10 20:00:00+00:00,221.23,221.94,220.95,221.75,25016.013
2025-09-10 20:30:00+00:00,222.0,222.17,221.56,222.12,12527.526
2025-09-10 20:45:00+00:00,222.11,222.63,222.03,222.52,23851.721
2025-09-10 21:00:00+00:00,222.53,223.22,222.35,222.83,34891.116
2025-09-10 21:15:00+00:00,222.83,223.18,222.72,223.05,15003.544
2025-09-10 21:30:00+00:00,223.06,223.73,222.92,223.09,26513.249
2025-09-10 21:45:00+00:00,223.1,223.72,223.09,223.47,12753.437
2025-09-10 22:00:00+00:00,223.47,223.83,223.23,223.81,54373.769
2025-09-10 22:15:00+00:00,223.82,223.93,223.2,223.77,16100.732
2025-09-10 22:30:00+00:00,223.78,223.82,223.42,223.61,9025.48
2025-09-10 22:45:00+00:00,223.61,224.65,223.5,224.49,27933.825
2025-09-10 23:00:00+00:00,224.48,224.6,224.16,224.24,20028.539
2025-09-10 23:15:00+00:00,224.24,224.5,223.92,223.98,13840.482
2025-09-10 23:30:00+00:00,223.98,224.47,223.77,223.89,14595.944
2025-09-10 23:45:00+00:00,223.9,224.25,223.67,224.07,17172.711
2025-09-11 00:00:00+00:00,224.06,224.56,223.85,224.26,24037.906
2025-09-11 00:15:00+00:00,224.27,225.29,224.26,225.28,49760.602
2025-09-11 00:30:00+00:00,225.29,225.29,224.38,224.73,38836.43
2025-09-11 00:45:00+00:00,224.73,225.43,224.64,225.0,27412.629
2025-09-11 01:00:00+00:00,225.01,225.52,224.65,225.48,37795.096
2025-09-11 01:15:00+00:00,225.49,225.5,224.49,225.04,36219.93
2025-09-11 01:30:00+00:00,225.03,225.59,225.03,225.55,29581.179
2025-09-11 01:45:00+00:00,225.55,225.55,224.8,224.82,22360.288
2025-09-11 02:00:00+00:00,224.83,225.05,224.5,224.78,32999.895
2025-09-11 02:15:00+00:00,224.78,224.78,223.84,223.89,29953.212
2025-09-11 02:30:00+00:00,223.89,223.89,223.13,223.5,42244.938
2025-09-11 02:45:00+00:00,223.5,223.69,222.94,223.02,21456.478
2025-09-11 03:00:00+00:00,223.02,223.8,223.0,223.59,17931.46
2025-09-11 03:15:00+00:00,223.59,224.57,223.59,224.4,31352.512
2025-09-11 03:30:00+00:00,224.4,224.48,223.87,224.12,25501.001
2025-09-11 03:45:00+00:00,224.11,224.55,224.03,224.17,19811.545
2025-09-11 04:00:00+00:00,224.17,224.29,222.87,222.98,39167.833
2025-09-11 04:15:00+00:00,222.98,223.38,222.67,223.11,28332.01
2025-09-11 04:30:00+00:00,223.12,223.79,222.58,223.79,23163.778
2025-09-11 04:45:00+00:00,223.79,223.79,223.25,223.52,21447.263
2025-09-11 05:00:00+00:00,223.52,223.96,222.93,223.3,26233.02
2025-09-11 05:15:00+00:00,223.3,223.44,222.43,222.63,21668.322
2025-09-11 05:30:00+00:00,222.63,222.89,221.74,222.17,59177.676
2025-09-11 05:45:00+00:00,222.18,222.38,221.72,222.27,22850.712
2025-09-11 06:00:00+00:00,222.26,222.56,221.91,222.55,16290.159
2025-09-11 06:15:00+00:00,222.56,223.25,221.98,223.01,37164.861
2025-09-11 06:30:00+00:00,223.0,223.46,222.85,223.27,25787.406
2025-09-11 06:45:00+00:00,223.26,223.62,223.17,223.33,25233.083
2025-09-11 07:00:00+00:00,223.33,223.34,221.94,222.55,38339.832
2025-09-11 07:15:00+00:00,222.55,222.74,222.07,222.43,17396.701
2025-09-11 07:30:00+00:00,222.43,223.15,222.23,223.01,23944.619
2025-09-11 07:45:00+00:00,223.0,223.54,222.95,223.23,22647.902
2025-09-11 08:00:00+00:00,223.23,223.57,222.85,223.21,20781.643
2025-09-11 08:15:00+00:00,223.21,223.22,222.42,222.65,16890.969
2025-09-11 08:30:00+00:00,222.65,222.95,222.28,222.94,45451.5
2025-09-11 08:45:00+00:00,222.94,223.5,222.83,223.5,21255.127
2025-09-11 09:00:00+00:00,223.49,224.75,223.46,224.07,72533.748
2025-09-11 09:15:00+00:00,224.06,225.23,223.85,224.66,66323.721
2025-09-11 09:30:00+00:00,224.66,225.0,224.3,224.48,21661.606
2025-09-11 09:45:00+00:00,224.48,224.53,223.99,224.49,27100.228
2025-09-11 10:00:00+00:00,224.49,225.7,224.34,224.86,62046.782
2025-09-11 10:15:00+00:00,224.87,224.94,224.45,224.75,13854.655
2025-09-11 10:30:00+00:00,224.75,225.35,224.6,225.12,22287.111
2025-09-11 10:45:00+00:00,225.11,225.85,224.69,225.75,50583.196
2025-09-11 11:00:00+00:00,225.74,225.75,225.02,225.39,27274.685
2025-09-11 11:15:00+00:00,225.39,225.43,224.8,224.98,26525.276
2025-09-11 11:30:00+00:00,224.99,225.22,224.47,224.99,27405.537
2025-09-11 11:45:00+00:00,225.0,225.2,224.78,225.03,23318.536
2025-09-11 12:00:00+00:00,225.04,228.44,224.8,227.85,263838.929
2025-09-11 12:15:00+00:00,227.86,228.35,226.84,228.35,69212.538
2025-09-11 12:30:00+00:00,228.35,228.8,222.79,227.01,394350.394
2025-09-11 12:45:00+00:00,227.02,228.14,226.39,226.71,110395.948
2025-09-11 13:00:00+00:00,226.72,226.85,224.42,224.53,127242.495
2025-09-11 13:15:00+00:00,224.53,226.31,224.26,226.02,72167.516
2025-09-11 13:30:00+00:00,226.02,228.95,226.02,227.48,154250.516
2025-09-11 13:45:00+00:00,227.49,228.52,227.11,228.22,77705.448
2025-09-11 14:00:00+00:00,228.23,228.3,226.41,226.78,57032.673
2025-09-11 14:15:00+00:00,226.78,226.8,225.66,225.88,62387.03
2025-09-11 14:30:00+00:00,225.87,227.39,225.76,227.23,59368.904
2025-09-11 14:45:00+00:00,227.23,227.35,226.44,227.09,33963.906
2025-09-11 15:00:00+00:00,227.09,227.25,226.0,226.13,45828.153
2025-09-11 15:15:00+00:00,226.12,227.0,225.37,225.75,40589.964
2025-09-11 15:30:00+00:00,225.75,226.36,225.66,226.07,29666.175
2025-09-11 15:45:00+00:00,226.06,227.09,226.03,226.82,33415.913
2025-09-11 16:00:00+00:00,226.82,228.37,226.78,228.0,73536.801
2025-09-11 16:15:00+00:00,227.99,228.18,226.68,226.7,46971.4
2025-09-11 16:30:00+00:00,226.7,227.05,226.2,226.79,45994.882
2025-09-11 16:45:00+00:00,226.79,226.79,225.3,225.9,48321.283
2025-09-11 17:00:00+00:00,225.9,227.07,225.64,226.88,31435.345
2025-09-11 17:15:00+00:00,226.88,227.5,226.8,227.03,38862.932
2025-09-11 17:30:00+00:00,227.04,227.69,226.9,227.49,28623.594
2025-09-11 17:45:00+00:00,227.5,227.69,226.91,227.49,28243.329
2025-09-11 18:00:00+00:00,227.49,227.74,227.11,227.17,36013.343
2025-09-11 18:15:00+00:00,227.16,227.36,226.05,226.45,42350.46
2025-09-11 18:30:00+00:00,226.45,226.69,225.94,226.29,35737.143
2025-09-11 18:45:00+00:00,226.28,226.58,225.99,226.34,23228.073
2025-09-11 19:00:00+00:00,226.34,226.55,225.92,226.17,32325.432
2025-09-11 19:15:00+00:00,226.18,226.82,226.0,226.61,35003.278
2025-09-11 19:30:00+00:00,226.61,226.91,226.32,226.55,37821.429
2025-09-11 19:45:00+00:00,226.55,226.84,226.26,226.71,35562.939
2025-09-11 20:00:00+00:00,226.69,226.71,225.85,225.88,32974.983
2025-09-11 20:15:00+00:00,225.88,226.15,225.47,225.85,34570.635
2025-09-11 20:30:00+00:00,225.85,226.2,225.53,226.11,29296.144
2025-09-11 20:45:00+00:00,226.11,226.25,225.53,225.57,23361.712
2025-09-11 21:00:00+00:00,225.56,226.56,225.54,226.32,28745.66
2025-09-11 21:15:00+00:00,226.32,226.49,226.09,226.42,18617.25
2025-09-11 21:30:00+00:00,226.43,226.75,225.94,226.75,35443.089
2025-09-11 21:45:00+00:00,226.74,227.0,226.34,226.72,31150.696
2025-09-11 22:00:00+00:00,226.71,227.56,226.38,227.49,67130.109
2025-09-11 22:15:00+00:00,227.48,228.54,227.36,228.49,82345.59
2025-09-11 22:30:00+00:00,228.49,228.5,227.29,227.89,48787.974
2025-09-11 22:45:00+00:00,227.89,228.58,227.79,228.04,48023.555
2025-09-11 23:00:00+00:00,228.04,228.68,227.96,228.6,33385.298
2025-09-11 23:15:00+00:00,228.6,228.71,228.18,228.28,36550.941
2025-09-11 23:30:00+00:00,228.28,228.9,228.28,228.82,32966.183
2025-09-11 23:45:00+00:00,228.83,228.94,228.43,228.73,36164.419
2025-09-12 00:00:00+00:00,228.73,228.82,228.12,228.25,49971.078
2025-09-12 00:15:00+00:00,228.26,229.68,228.11,229.43,81080.417
2025-09-12 00:30:00+00:00,229.43,233.39,229.39,232.89,211982.299
2025-09-12 00:45:00+00:00,232.9,234.98,231.38,232.99,262146.204
2025-09-12 01:00:00+00:00,232.99,233.94,232.38,233.32,69077.5
2025-09-12 01:15:00+00:00,233.33,233.61,232.5,232.71,56054.258
2025-09-12 01:30:00+00:00,232.71,232.79,231.54,232.44,58376.221
2025-09-12 01:45:00+00:00,232.44,232.5,231.7,232.23,31207.465
2025-09-12 02:00:00+00:00,232.24,233.29,232.15,233.11,44989.812
2025-09-12 02:15:00+00:00,233.12,233.86,232.86,233.19,37477.589
2025-09-12 02:30:00+00:00,233.19,233.43,232.44,233.09,29115.842
2025-09-12 02:45:00+00:00,233.09,233.15,232.48,232.7,26584.612
2025-09-12 03:00:00+00:00,232.69,233.0,232.22,232.98,20650.005
2025-09-12 03:15:00+00:00,232.98,233.79,232.79,233.47,42361.712
2025-09-12 03:30:00+00:00,233.47,234.36,233.29,234.16,70475.556
2025-09-12 03:45:00+00:00,234.15,235.81,234.11,235.09,116125.335
2025-09-12 04:00:00+00:00,235.08,235.35,234.22,234.77,76412.229
2025-09-12 04:15:00+00:00,234.77,237.12,234.71,236.75,115629.754
2025-09-12 04:30:00+00:00,236.76,237.92,236.31,236.82,174350.011
2025-09-12 04:45:00+00:00,236.82,238.2,236.53,237.42,99946.827
2025-09-12 05:00:00+00:00,237.42,238.48,237.05,238.2,88060.585
2025-09-12 05:15:00+00:00,238.21,239.86,238.15,238.41,181293.747
2025-09-12 05:30:00+00:00,238.4,239.09,237.91,238.98,108033.78
2025-09-12 05:45:00+00:00,238.97,239.5,238.56,238.63,65105.213
2025-09-12 06:00:00+00:00,238.64,238.64,237.38,237.93,96343.545
2025-09-12 06:15:00+00:00,237.92,238.29,237.37,237.4,49566.916
2025-09-12 06:30:00+00:00,237.39,238.1,237.28,238.01,51380.844
2025-09-12 06:45:00+00:00,238.02,238.33,237.53,238.15,32403.646
2025-09-12 07:00:00+00:00,238.15,238.89,237.88,238.31,128511.245
2025-09-12 07:15:00+00:00,238.3,238.62,237.65,237.81,26417.472
2025-09-12 07:30:00+00:00,237.8,237.86,237.32,237.69,39600.882
2025-09-12 07:45:00+00:00,237.69,237.92,237.01,237.33,43462.961
2025-09-12 08:00:00+00:00,237.33,237.75,236.93,237.3,34911.002
2025-09-12 08:15:00+00:00,237.29,238.35,236.72,238.02,41715.389
2025-09-12 08:30:00+00:00,238.02,238.17,237.6,237.65,20061.335
2025-09-12 08:45:00+00:00,237.66,238.04,237.41,237.73,19259.882
2025-09-12 09:00:00+00:00,237.73,238.5,237.49,238.44,33605.798
2025-09-12 09:15:00+00:00,238.44,238.49,237.71,238.03,28345.367
2025-09-12 09:30:00+00:00,238.03,238.2,237.46,238.02,26390.521
2025-09-12 09:45:00+00:00,238.02,238.6,237.96,238.46,33226.425
2025-09-12 10:00:00+00:00,238.45,238.49,237.55,237.83,26195.061
2025-09-12 10:15:00+00:00,237.82,238.29,237.7,238.2,28266.434
2025-09-12 10:30:00+00:00,238.2,238.55,238.15,238.52,18195.601
2025-09-12 10:45:00+00:00,238.52,239.29,238.32,239.06,34853.764
2025-09-12 11:00:00+00:00,239.07,239.33,238.51,239.25,32723.671
2025-09-12 11:15:00+00:00,239.25,239.55,238.91,239.34,49393.96
2025-09-12 11:30:00+00:00,239.34,239.38,238.62,239.06,29700.953
2025-09-12 11:45:00+00:00,239.07,239.39,238.76,239.18,34505.238
2025-09-12 12:00:00+00:00,239.18,239.21,237.56,237.73,67954.426
2025-09-12 12:15:00+00:00,237.74,238.42,237.7,238.19,47922.893
2025-09-12 12:30:00+00:00,238.2,238.74,237.92,238.74,33378.509
2025-09-12 12:45:00+00:00,238.74,240.44,238.7,239.34,122303.472
2025-09-12 13:00:00+00:00,239.34,239.97,239.0,239.94,46768.778
2025-09-12 13:15:00+00:00,239.94,240.1,239.26,239.71,56643.648
2025-09-12 13:30:00+00:00,239.7,240.0,238.05,238.49,85989.448
2025-09-12 13:45:00+00:00,238.49,239.72,238.23,239.57,48979.581
2025-09-12 14:00:00+00:00,239.57,241.78,239.0,240.21,176673.507
2025-09-12 14:15:00+00:00,240.21,241.84,240.0,241.28,94249.267
2025-09-12 14:30:00+00:00,241.28,241.35,239.32,239.36,81596.977
2025-09-12 14:45:00+00:00,239.36,240.59,239.34,240.26,44782.07
2025-09-12 15:00:00+00:00,240.26,240.35,238.51,238.7,142695.273
2025-09-12 15:15:00+00:00,238.71,239.26,238.53,238.94,47775.92
2025-09-12 15:30:00+00:00,238.94,239.4,238.62,239.03,29428.211
2025-09-12 15:45:00+00:00,239.02,239.77,239.02,239.31,33629.098
2025-09-12 16:00:00+00:00,239.32,239.38,237.94,238.77,55253.653
2025-09-12 16:15:00+00:00,238.76,238.97,238.3,238.85,29000.978
2025-09-12 16:30:00+00:00,238.85,239.4,238.3,238.54,38172.747
2025-09-12 16:45:00+00:00,238.54,238.88,238.17,238.82,29308.225
2025-09-12 17:00:00+00:00,238.82,239.34,238.26,239.33,42821.29
2025-09-12 17:15:00+00:00,239.34,240.13,239.34,239.76,49264.731
2025-09-12 17:30:00+00:00,239.76,240.98,239.29,240.77,93380.196
2025-09-12 17:45:00+00:00,240.76,241.3,239.68,240.25,82111.829
2025-09-12 18:00:00+00:00,240.25,240.87,239.87,240.69,45423.838
2025-09-12 18:15:00+00:00,240.69,241.22,240.58,241.2,40878.623
2025-09-12 18:30:00+00:00,241.2,241.48,240.51,240.54,63255.045
2025-09-12 18:45:00+00:00,240.55,240.87,240.19,240.73,45884.63
2025-09-12 19:00:00+00:00,240.74,240.78,239.72,239.85,35411.594
2025-09-12 19:15:00+00:00,239.86,240.31,239.61,240.23,25647.167
2025-09-12 19:30:00+00:00,240.24,240.75,239.81,240.64,36623.192
2025-09-12 19:45:00+00:00,240.65,241.26,240.58,241.0,51473.637
2025-09-12 20:00:00+00:00,241.0,241.24,240.02,240.19,59714.834
2025-09-12 20:15:00+00:00,240.2,240.23,239.0,239.37,67205.618
2025-09-12 20:30:00+00:00,239.37,240.0,239.11,239.83,36223.195
2025-09-12 20:45:00+00:00,239.83,240.59,239.49,239.72,42611.988
2025-09-12 21:00:00+00:00,239.72,239.74,238.33,238.89,48575.166
2025-09-12 21:15:00+00:00,238.89,240.27,238.72,240.26,68944.05
2025-09-12 21:30:00+00:00,240.27,240.3,239.5,239.51,21815.476
2025-09-12 21:45:00+00:00,239.5,240.3,239.3,240.11,15733.934
2025-09-12 22:00:00+00:00,240.12,242.0,240.11,241.9,79672.115
2025-09-12 22:15:00+00:00,241.9,244.04,241.88,243.28,184177.044
2025-09-12 22:30:00+00:00,243.28,243.55,241.84,242.2,42569.095
2025-09-12 22:45:00+00:00,242.19,242.21,240.85,241.16,48168.777
2025-09-12 23:00:00+00:00,241.16,241.23,240.0,240.42,36712.044
2025-09-12 23:15:00+00:00,240.42,241.75,240.29,241.62,48538.489
2025-09-12 23:30:00+00:00,241.61,242.7,241.31,242.31,61282.146
2025-09-12 23:45:00+00:00,242.3,242.53,241.9,242.18,29481.544
2025-09-13 00:00:00+00:00,242.18,243.22,241.63,243.15,57384.869
2025-09-13 00:15:00+00:00,243.14,243.74,242.52,242.91,55956.855
2025-09-13 00:30:00+00:00,242.92,243.34,242.78,242.84,42846.78
2025-09-13 00:45:00+00:00,242.84,243.75,242.84,243.16,58904.845
2025-09-13 01:00:00+00:00,243.17,244.14,242.99,243.61,70849.321
2025-09-13 01:15:00+00:00,243.62,243.99,242.64,242.77,48019.479
2025-09-13 01:30:00+00:00,242.77,243.42,242.76,243.11,34545.412
2025-09-13 01:45:00+00:00,243.11,243.11,241.58,241.62,37398.165
2025-09-13 02:00:00+00:00,241.62,242.31,240.68,242.22,63213.379
2025-09-13 02:15:00+00:00,242.21,242.88,241.93,242.41,42649.35
2025-09-13 02:30:00+00:00,242.41,242.61,242.03,242.39,27099.352
2025-09-13 02:45:00+00:00,242.38,242.52,242.0,242.51,24073.463
2025-09-13 03:00:00+00:00,242.51,242.61,241.84,242.17,22908.431
2025-09-13 03:15:00+00:00,242.17,242.71,242.02,242.68,21725.794
2025-09-13 03:30:00+00:00,242.68,243.0,242.3,243.0,37407.657
2025-09-13 03:45:00+00:00,243.0,243.99,242.75,243.61,66425.352
2025-09-13 04:00:00+00:00,243.62,243.62,242.88,243.11,32054.695
2025-09-13 04:15:00+00:00,243.12,243.39,242.52,243.06,26351.349
2025-09-13 04:30:00+00:00,243.06,243.58,242.89,243.58,23763.891
2025-09-13 04:45:00+00:00,243.57,243.67,242.81,242.97,28271.864
2025-09-13 05:00:00+00:00,242.98,243.12,242.59,242.92,21469.278
2025-09-13 05:15:00+00:00,242.93,243.35,242.26,242.53,32987.837
2025-09-13 05:30:00+00:00,242.52,242.52,241.46,241.79,31416.111
2025-09-13 05:45:00+00:00,241.79,241.79,241.23,241.69,32040.703
2025-09-13 06:00:00+00:00,241.68,242.44,241.68,241.97,32555.635
2025-09-13 06:15:00+00:00,241.97,242.42,241.79,242.28,23300.043
2025-09-13 06:30:00+00:00,242.28,242.55,241.79,242.39,33613.269
2025-09-13 06:45:00+00:00,242.39,242.8,242.27,242.69,26553.378
2025-09-13 07:00:00+00:00,242.69,242.85,242.35,242.73,22258.939
2025-09-13 07:15:00+00:00,242.73,242.88,242.54,242.87,14086.836
2025-09-13 07:30:00+00:00,242.87,243.18,242.76,242.86,13874.777
2025-09-13 07:45:00+00:00,242.85,243.09,242.44,242.46,20913.436
2025-09-13 08:00:00+00:00,242.45,242.77,242.01,242.18,20880.645
2025-09-13 08:15:00+00:00,242.18,242.86,242.16,242.53,19933.834
2025-09-13 08:30:00+00:00,242.53,243.12,242.52,243.04,34761.852
2025-09-13 08:45:00+00:00,243.04,243.5,242.79,243.49,47416.726
2025-09-13 09:00:00+00:00,243.49,243.6,242.97,243.25,37881.355
2025-09-13 09:15:00+00:00,243.26,243.28,242.77,242.87,35708.383
2025-09-13 09:30:00+00:00,242.88,243.1,242.77,243.02,23730.039
2025-09-13 09:45:00+00:00,243.03,243.72,242.91,243.46,32283.785
2025-09-13 10:00:00+00:00,243.46,243.46,242.94,242.96,39329.271
2025-09-13 10:15:00+00:00,242.96,243.34,242.66,242.72,24241.42
2025-09-13 10:30:00+00:00,242.72,243.04,242.22,242.52,30920.497
2025-09-13 10:45:00+00:00,242.51,242.67,242.22,242.64,20329.183
2025-09-13 11:00:00+00:00,242.64,242.65,241.29,241.53,48316.759
2025-09-13 11:15:00+00:00,241.53,242.15,241.26,241.96,28315.631
2025-09-13 11:30:00+00:00,241.97,242.5,241.8,242.43,20186.461
2025-09-13 11:45:00+00:00,242.44,242.44,241.86,241.93,47179.09
2025-09-13 12:00:00+00:00,241.93,241.94,241.31,241.8,33419.437
2025-09-13 12:15:00+00:00,241.79,242.19,241.79,242.08,15312.584
2025-09-13 12:30:00+00:00,242.08,242.46,242.04,242.36,17696.27
2025-09-13 12:45:00+00:00,242.35,242.55,242.25,242.44,14582.08
2025-09-13 13:00:00+00:00,242.45,242.58,241.96,242.57,19352.263
2025-09-13 13:15:00+00:00,242.57,243.09,242.31,242.8,32647.79
2025-09-13 13:30:00+00:00,242.8,242.81,241.5,241.69,30833.737
2025-09-13 13:45:00+00:00,241.69,241.84,237.93,240.06,199209.524
2025-09-13 14:00:00+00:00,240.06,240.11,238.59,239.59,99239.391
2025-09-13 14:15:00+00:00,239.59,241.08,239.43,240.93,60237.745
2025-09-13 14:30:00+00:00,240.92,240.99,239.59,239.99,39668.332
2025-09-13 14:45:00+00:00,240.0,240.63,239.81,240.35,28045.262
2025-09-13 15:00:00+00:00,240.35,240.83,240.22,240.62,29750.983
2025-09-13 15:15:00+00:00,240.62,240.86,239.92,240.19,25356.875
2025-09-13 15:30:00+00:00,240.2,240.26,238.5,239.07,57925.061
2025-09-13 15:45:00+00:00,239.06,239.59,238.91,239.43,30632.957
2025-09-13 16:00:00+00:00,239.43,239.69,238.16,238.84,53178.706
2025-09-13 16:15:00+00:00,238.84,239.0,238.09,238.78,36116.986
2025-09-13 16:30:00+00:00,238.77,239.32,237.42,238.49,60974.855
2025-09-13 16:45:00+00:00,238.5,238.71,237.33,237.52,43661.563
2025-09-13 17:00:00+00:00,237.53,237.74,235.73,236.2,116888.321
2025-09-13 17:15:00+00:00,236.2,237.49,236.14,237.1,41316.891
2025-09-13 17:30:00+00:00,237.1,237.89,236.93,237.81,25364.705
2025-09-13 17:45:00+00:00,237.81,238.41,237.63,237.8,23756.998
2025-09-13 18:00:00+00:00,237.8,238.14,237.15,238.1,17589.236
2025-09-13 18:15:00+00:00,238.09,238.77,237.86,238.57,14875.475
2025-09-13 18:30:00+00:00,238.57,238.86,238.12,238.66,15003.366
2025-09-13 18:45:00+00:00,238.66,238.66,238.24,238.42,12427.825
2025-09-13 19:00:00+00:00,238.42,238.99,238.06,238.85,20309.686
2025-09-13 19:15:00+00:00,238.85,239.02,238.52,238.77,14920.724
2025-09-13 19:30:00+00:00,238.77,239.33,238.67,239.14,16902.769
2025-09-13 19:45:00+00:00,239.15,239.3,238.82,238.98,17685.541
2025-09-13 20:00:00+00:00,238.98,239.94,238.84,239.91,28303.633
2025-09-13 20:15:00+00:00,239.91,240.14,239.44,239.81,23951.861
2025-09-13 20:30:00+00:00,239.8,240.2,239.67,239.75,11593.102
2025-09-13 20:45:00+00:00,239.75,240.39,239.74,240.23,16453.46
2025-09-13 21:00:00+00:00,240.24,240.83,240.19,240.64,19301.77
2025-09-13 21:15:00+00:00,240.63,241.45,240.42,241.07,33880.486
2025-09-13 21:30:00+00:00,241.08,241.08,240.26,240.47,15555.264
2025-09-13 21:45:00+00:00,240.47,240.48,239.88,240.1,16663.211
2025-09-13 22:00:00+00:00,240.11,241.35,239.99,241.23,17667.738
2025-09-13 22:15:00+00:00,241.22,241.28,240.72,241.25,14357.304
2025-09-13 22:30:00+00:00,241.25,241.3,240.85,241.12,15385.979
2025-09-13 22:45:00+00:00,241.12,242.04,241.12,241.89,33108.077
2025-09-13 23:00:00+00:00,241.89,242.57,241.71,242.53,61719.843
2025-09-13 23:15:00+00:00,242.53,243.18,242.01,242.19,66323.056
2025-09-13 23:30:00+00:00,242.19,242.47,241.86,242.44,13901.171
2025-09-13 23:45:00+00:00,242.44,242.82,242.28,242.38,14275.896
2025-09-14 00:00:00+00:00,242.38,243.15,242.29,242.83,28660.516
2025-09-14 00:15:00+00:00,242.83,243.44,242.2,243.21,48269.994
2025-09-14 00:30:00+00:00,243.21,243.97,242.64,243.08,65183.269
2025-09-14 00:45:00+00:00,243.08,244.09,242.28,243.5,67075.299
2025-09-14 01:00:00+00:00,243.5,244.16,242.81,242.88,71324.177
2025-09-14 01:15:00+00:00,242.89,243.92,242.84,243.59,49250.907
2025-09-14 01:30:00+00:00,243.59,243.9,243.12,243.55,23016.534
2025-09-14 01:45:00+00:00,243.55,246.59,243.46,245.79,143148.536
2025-09-14 02:00:00+00:00,245.79,247.25,245.75,247.12,105983.145
2025-09-14 02:15:00+00:00,247.13,247.33,246.31,246.9,45965.07
2025-09-14 02:30:00+00:00,246.89,247.81,246.03,247.81,61711.891
2025-09-14 02:45:00+00:00,247.81,249.2,247.35,248.68,110808.999
2025-09-14 03:00:00+00:00,248.68,249.6,248.08,248.12,106416.605
2025-09-14 03:15:00+00:00,248.12,248.43,247.53,248.07,39550.99
2025-09-14 03:30:00+00:00,248.07,248.71,247.69,247.72,35660.401
2025-09-14 03:45:00+00:00,247.73,248.08,246.8,246.89,37041.435
2025-09-14 04:00:00+00:00,246.89,247.63,246.04,246.05,52129.649
2025-09-14 04:15:00+00:00,246.05,247.36,244.5,247.06,88970.983
2025-09-14 04:30:00+00:00,247.07,248.01,247.01,247.63,49986.362
2025-09-14 04:45:00+00:00,247.63,247.69,246.02,246.24,39429.675
2025-09-14 05:00:00+00:00,246.25,246.89,246.04,246.62,21977.062
2025-09-14 05:15:00+00:00,246.62,246.95,246.2,246.7,18640.514
2025-09-14 05:30:00+00:00,246.69,247.86,246.43,247.8,27629.028
2025-09-14 05:45:00+00:00,247.8,248.08,247.53,247.71,22468.05
2025-09-14 06:00:00+00:00,247.72,248.4,247.08,247.46,38490.778
2025-09-14 06:15:00+00:00,247.46,247.83,246.77,247.2,22520.807
2025-09-14 06:30:00+00:00,247.2,247.2,246.43,246.57,31598.067
2025-09-14 06:45:00+00:00,246.57,247.11,246.24,247.05,22679.294
2025-09-14 07:00:00+00:00,247.05,247.24,246.33,247.0,21818.737
2025-09-14 07:15:00+00:00,247.0,247.11,246.61,246.66,17006.569
2025-09-14 07:30:00+00:00,246.66,247.04,246.11,246.69,31959.799
2025-09-14 07:45:00+00:00,246.69,247.09,245.71,246.39,33103.621
2025-09-14 08:00:00+00:00,246.4,246.86,245.88,246.75,36265.288
2025-09-14 08:15:00+00:00,246.76,246.8,246.08,246.19,15070.006
2025-09-14 08:30:00+00:00,246.2,246.85,246.1,246.82,15529.852
2025-09-14 08:45:00+00:00,246.82,247.1,246.28,246.42,14611.815
2025-09-14 09:00:00+00:00,246.42,246.81,246.13,246.59,13492.592
2025-09-14 09:15:00+00:00,246.59,247.46,246.5,247.11,30207.088
2025-09-14 09:30:00+00:00,247.11,247.7,247.11,247.37,27820.404
2025-09-14 09:45:00+00:00,247.37,247.76,247.27,247.76,24907.631
2025-09-14 10:00:00+00:00,247.75,248.09,247.27,247.27,21195.879
2025-09-14 10:15:00+00:00,247.27,247.8,246.98,247.1,24325.499
2025-09-14 10:30:00+00:00,247.1,247.83,247.09,247.8,23767.687
2025-09-14 10:45:00+00:00,247.8,247.99,247.5,247.67,17755.749
2025-09-14 11:00:00+00:00,247.67,247.92,247.21,247.4,22449.473
2025-09-14 11:15:00+00:00,247.41,247.53,246.3,246.38,28734.201
2025-09-14 11:30:00+00:00,246.39,246.71,245.59,245.6,32867.003
2025-09-14 11:45:00+00:00,245.61,246.44,245.58,246.09,28330.426
2025-09-14 12:00:00+00:00,246.1,246.75,245.73,245.87,29095.129
2025-09-14 12:15:00+00:00,245.87,246.6,245.76,246.47,16408.258
2025-09-14 12:30:00+00:00,246.48,246.77,245.55,245.74,23113.595
2025-09-14 12:45:00+00:00,245.75,245.92,244.69,245.26,68873.48
2025-09-14 13:00:00+00:00,245.27,245.88,244.5,245.72,54123.798
2025-09-14 13:15:00+00:00,245.72,245.92,244.68,245.0,46857.057
2025-09-14 13:30:00+00:00,245.0,245.85,244.72,245.56,46701.417
2025-09-14 13:45:00+00:00,245.57,245.59,243.31,243.8,87839.204
2025-09-14 14:00:00+00:00,243.79,245.1,243.7,244.54,36592.725
2025-09-14 14:15:00+00:00,244.54,244.59,242.72,242.88,78148.264
2025-09-14 14:30:00+00:00,242.87,243.67,241.71,242.25,114919.057
2025-09-14 14:45:00+00:00,242.25,243.37,241.53,243.24,76041.534
2025-09-14 15:00:00+00:00,243.24,243.56,241.87,242.68,57037.929
2025-09-14 15:15:00+00:00,242.68,243.98,242.68,243.66,55197.624
2025-09-14 15:30:00+00:00,243.65,244.26,242.88,243.65,36221.284
2025-09-14 15:45:00+00:00,243.66,244.27,243.46,243.81,32491.957
2025-09-14 16:00:00+00:00,243.81,245.39,243.43,244.56,58744.753
2025-09-14 16:15:00+00:00,244.56,245.67,244.15,245.59,51912.993
2025-09-14 16:30:00+00:00,245.59,245.84,245.07,245.79,32905.477
2025-09-14 16:45:00+00:00,245.78,245.78,244.85,245.16,21762.012
2025-09-14 17:00:00+00:00,245.16,245.71,244.51,245.56,39204.299
2025-09-14 17:15:00+00:00,245.56,247.28,245.32,246.86,63045.314
2025-09-14 17:30:00+00:00,246.86,247.81,246.84,247.7,55802.699
2025-09-14 17:45:00+00:00,247.7,248.45,247.48,247.92,67317.51
2025-09-14 18:00:00+00:00,247.93,247.96,247.04,247.57,35881.108
2025-09-14 18:15:00+00:00,247.56,247.56,246.62,246.93,34105.532
2025-09-14 18:30:00+00:00,246.92,247.13,246.44,246.64,17996.04
2025-09-14 18:45:00+00:00,246.64,246.64,244.66,244.66,60625.505
2025-09-14 19:00:00+00:00,244.67,245.15,243.28,244.99,61600.652
2025-09-14 19:15:00+00:00,245.0,245.29,244.18,244.46,37133.875
2025-09-14 19:30:00+00:00,244.46,244.63,243.27,243.42,51307.019
2025-09-14 19:45:00+00:00,243.42,243.75,242.13,242.51,67888.953
2025-09-14 20:00:00+00:00,242.5,243.4,242.28,243.14,38441.409
2025-09-14 20:15:00+00:00,243.14,243.47,242.6,242.94,35554.366
2025-09-14 20:30:00+00:00,242.95,242.95,240.99,242.05,53014.783
2025-09-14 20:45:00+00:00,242.05,242.66,241.54,242.45,22795.66
2025-09-14 21:00:00+00:00,242.45,242.92,240.57,241.65,46707.766
2025-09-14 21:15:00+00:00,241.65,242.72,241.57,242.12,32047.192
2025-09-14 21:30:00+00:00,242.12,244.17,242.11,243.89,36891.667
2025-09-14 21:45:00+00:00,243.89,244.72,243.31,244.14,37104.698
2025-09-14 22:00:00+00:00,244.15,244.29,241.41,241.46,39738.877
2025-09-14 22:15:00+00:00,241.46,241.79,240.79,241.6,35625.66
2025-09-14 22:30:00+00:00,241.59,242.78,241.42,242.72,34812.007
2025-09-14 22:45:00+00:00,242.72,243.52,242.5,242.99,34625.865
2025-09-14 23:00:00+00:00,242.98,242.98,241.01,241.41,38824.003
2025-09-14 23:15:00+00:00,241.41,242.03,240.92,241.06,27965.106
2025-09-14 23:30:00+00:00,241.05,241.1,240.17,240.44,31458.85
2025-09-14 23:45:00+00:00,240.44,240.65,239.23,239.76,45859.81
2025-09-15 00:00:00+00:00,239.75,241.28,239.66,240.96,34489.53
2025-09-15 00:15:00+00:00,240.95,242.16,240.33,241.92,34089.278
2025-09-15 00:30:00+00:00,241.91,242.0,240.58,240.72,31944.355
2025-09-15 00:45:00+00:00,240.73,241.49,240.62,240.68,17764.781
2025-09-15 01:00:00+00:00,240.69,240.69,239.61,239.83,26522.409
2025-09-15 01:15:00+00:00,239.84,241.31,239.15,240.81,30369.901
2025-09-15 01:30:00+00:00,240.8,241.77,240.66,240.88,33868.136
2025-09-15 01:45:00+00:00,240.88,241.58,240.81,241.11,22905.72
2025-09-15 02:00:00+00:00,241.12,242.25,241.0,241.85,29492.682
2025-09-15 02:15:00+00:00,241.85,242.36,241.58,241.69,16263.197
2025-09-15 02:30:00+00:00,241.68,242.13,240.34,242.13,32895.759
2025-09-15 02:45:00+00:00,242.13,242.76,241.91,242.1,26945.639
2025-09-15 03:00:00+00:00,242.1,243.32,242.01,243.1,37174.156
2025-09-15 03:15:00+00:00,243.09,243.41,242.35,242.44,24440.804
2025-09-15 03:30:00+00:00,242.43,242.78,242.04,242.47,16888.266
2025-09-15 03:45:00+00:00,242.47,243.03,242.47,242.64,29565.949
2025-09-15 04:00:00+00:00,242.65,243.01,242.25,242.3,29316.44
2025-09-15 04:15:00+00:00,242.3,243.48,242.04,243.03,44614.197
2025-09-15 04:30:00+00:00,243.04,243.51,242.81,243.28,28635.313
2025-09-15 04:45:00+00:00,243.28,243.51,242.66,242.83,16260.555
2025-09-15 05:00:00+00:00,242.83,243.2,242.59,243.02,13077.847
2025-09-15 05:15:00+00:00,243.02,243.79,242.73,243.6,26708.095
2025-09-15 05:30:00+00:00,243.6,243.62,243.2,243.33,17716.131
2025-09-15 05:45:00+00:00,243.33,243.97,243.2,243.97,23318.86
2025-09-15 06:00:00+00:00,243.96,244.0,243.26,243.57,25819.845
2025-09-15 06:15:00+00:00,243.58,243.78,242.12,242.14,50707.8
2025-09-15 06:30:00+00:00,242.14,242.47,241.0,241.33,52233.15
2025-09-15 06:45:00+00:00,241.34,241.34,239.59,240.31,60569.206
2025-09-15 07:00:00+00:00,240.31,240.95,240.26,240.86,27131.833
2025-09-15 07:15:00+00:00,240.86,241.28,239.63,239.75,28867.915
2025-09-15 07:30:00+00:00,239.74,239.74,236.17,237.5,190792.841
2025-09-15 07:45:00+00:00,237.51,238.21,237.06,237.98,75369.979
2025-09-15 08:00:00+00:00,237.98,238.11,234.72,237.32,205584.319
2025-09-15 08:15:00+00:00,237.33,237.33,235.85,236.3,52738.954
2025-09-15 08:30:00+00:00,236.3,236.75,234.87,235.53,118507.256
2025-09-15 08:45:00+00:00,235.53,235.53,231.77,232.07,277447.263
2025-09-15 09:00:00+00:00,232.07,233.72,231.55,233.33,178086.436
2025-09-15 09:15:00+00:00,233.33,235.08,232.74,234.66,66037.406
2025-09-15 09:30:00+00:00,234.65,235.17,234.41,234.91,59589.875
2025-09-15 09:45:00+00:00,234.91,235.6,234.56,235.59,33104.037
2025-09-15 10:00:00+00:00,235.58,235.64,234.02,234.59,50112.57
2025-09-15 10:15:00+00:00,234.59,235.26,234.43,235.07,22367.26
2025-09-15 10:30:00+00:00,235.08,236.7,234.81,236.65,36733.611
2025-09-15 10:45:00+00:00,236.65,236.84,235.89,236.18,108572.314
2025-09-15 11:00:00+00:00,236.18,236.52,235.19,236.48,67642.669
2025-09-15 11:15:00+00:00,236.48,236.95,235.58,235.99,90359.564
2025-09-15 11:30:00+00:00,235.98,236.47,235.6,235.88,15988.775
2025-09-15 11:45:00+00:00,235.88,236.61,235.19,236.45,68880.991
2025-09-15 12:00:00+00:00,236.46,236.71,234.91,236.25,61527.62
2025-09-15 12:15:00+00:00,236.26,238.16,235.82,235.83,80885.144
2025-09-15 12:30:00+00:00,235.83,236.44,235.37,235.8,49478.487
2025-09-15 12:45:00+00:00,235.8,235.93,234.42,234.8,48412.142
2025-09-15 13:00:00+00:00,234.8,235.41,234.14,235.19,51085.351
2025-09-15 13:15:00+00:00,235.19,236.0,234.7,235.88,47612.619
2025-09-15 13:30:00+00:00,235.88,237.12,234.89,234.98,137766.718
2025-09-15 13:45:00+00:00,234.97,236.37,234.81,235.2,59535.055
2025-09-15 14:00:00+00:00,235.2,235.31,232.72,234.23,129480.607
2025-09-15 14:15:00+00:00,234.23,235.64,233.71,235.53,34330.086
2025-09-15 14:30:00+00:00,235.52,235.57,234.2,234.56,37823.119
2025-09-15 14:45:00+00:00,234.56,234.75,233.23,233.44,38812.163
2025-09-15 15:00:00+00:00,233.44,234.15,232.66,232.95,38946.539
2025-09-15 15:15:00+00:00,232.95,234.41,232.3,233.89,173359.085
2025-09-15 15:30:00+00:00,233.89,233.9,232.68,232.71,84635.649
2025-09-15 15:45:00+00:00,232.71,233.43,231.96,233.0,46334.28
2025-09-15 16:00:00+00:00,233.0,233.37,231.66,233.36,58239.235
2025-09-15 16:15:00+00:00,233.37,233.66,232.16,232.31,42773.441
2025-09-15 16:30:00+00:00,232.3,233.46,232.03,233.46,26440.633
2025-09-15 16:45:00+00:00,233.46,233.46,230.74,231.39,71673.26
2025-09-15 17:00:00+00:00,231.38,231.95,230.81,231.09,45589.286
2025-09-15 17:15:00+00:00,231.08,231.38,230.15,231.19,52899.068
2025-09-15 17:30:00+00:00,231.2,232.64,230.98,232.26,48406.121
2025-09-15 17:45:00+00:00,232.26,233.37,231.82,233.3,42904.233
2025-09-15 18:00:00+00:00,233.29,233.37,232.22,232.56,25765.681
2025-09-15 18:15:00+00:00,232.56,233.6,232.41,232.82,21728.383
2025-09-15 18:30:00+00:00,232.82,233.37,232.59,232.66,13315.506
2025-09-15 18:45:00+00:00,232.66,233.6,232.33,233.24,29312.833
2025-09-15 19:00:00+00:00,233.24,234.67,233.16,233.76,41726.866
2025-09-15 19:15:00+00:00,233.77,233.79,232.29,232.52,77672.332
2025-09-15 19:30:00+00:00,232.53,233.83,231.8,233.61,49790.285
2025-09-15 19:45:00+00:00,233.61,233.8,232.37,233.0,31027.38
2025-09-15 20:00:00+00:00,232.99,233.92,232.78,233.42,15698.18
2025-09-15 20:15:00+00:00,233.42,233.85,233.29,233.51,14660.247
2025-09-15 20:30:00+00:00,233.52,233.8,233.24,233.65,9112.632
2025-09-15 20:45:00+00:00,233.66,234.47,233.49,234.34,21919.322
2025-09-15 21:00:00+00:00,234.35,234.47,233.71,234.37,15727.515
2025-09-15 21:15:00+00:00,234.37,234.6,234.05,234.29,22302.09
2025-09-15 21:30:00+00:00,234.29,234.98,234.11,234.96,22695.763
2025-09-15 21:45:00+00:00,234.97,235.37,234.68,235.18,23682.168
2025-09-15 22:00:00+00:00,235.18,235.34,234.2,234.7,32050.119
2025-09-15 22:15:00+00:00,234.71,235.28,234.38,234.91,29726.909
2025-09-15 22:30:00+00:00,234.91,235.0,233.7,234.19,20320.94
2025-09-15 22:45:00+00:00,234.18,234.18,233.73,233.94,23541.227
2025-09-15 23:00:00+00:00,233.93,234.05,233.04,233.75,29047.165
2025-09-15 23:15:00+00:00,233.74,234.37,233.67,234.23,10723.992
2025-09-15 23:30:00+00:00,234.22,234.35,233.37,233.49,10931.258
2025-09-15 23:45:00+00:00,233.49,234.52,233.3,234.31,23647.016
2025-09-16 00:00:00+00:00,234.32,234.4,233.99,234.26,12150.116
2025-09-16 00:15:00+00:00,234.26,234.7,233.26,233.39,27181.455
2025-09-16 00:30:00+00:00,233.39,234.11,233.32,233.83,14696.282
2025-09-16 00:45:00+00:00,233.83,233.95,232.87,233.8,26504.383
2025-09-16 01:00:00+00:00,233.81,235.38,233.79,235.01,64772.3
2025-09-16 01:15:00+00:00,235.01,235.7,234.96,235.07,38088.925
2025-09-16 01:30:00+00:00,235.07,235.43,234.32,234.97,39953.008
2025-09-16 01:45:00+00:00,234.96,235.41,233.85,233.97,28722.957
2025-09-16 02:00:00+00:00,233.97,234.86,233.9,234.7,19994.847
2025-09-16 02:15:00+00:00,234.71,235.05,234.23,234.41,13381.815
2025-09-16 02:30:00+00:00,234.4,234.99,234.26,234.51,11863.269
2025-09-16 02:45:00+00:00,234.52,234.7,233.83,233.87,9051.919
2025-09-16 03:00:00+00:00,233.87,234.64,233.85,234.45,17965.276
2025-09-16 03:15:00+00:00,234.45,235.32,234.24,235.03,37620.362
2025-09-16 03:30:00+00:00,235.02,235.8,234.99,235.4,29011.607
2025-09-16 03:45:00+00:00,235.41,235.51,234.87,235.08,15573.544
2025-09-16 04:00:00+00:00,235.09,235.25,233.92,234.05,18199.946
2025-09-16 04:15:00+00:00,234.05,234.55,232.97,234.44,23013.71
2025-09-16 04:30:00+00:00,234.45,234.62,233.63,233.91,11686.494
2025-09-16 04:45:00+00:00,233.91,234.73,233.57,234.49,47916.496
2025-09-16 05:00:00+00:00,234.49,235.79,234.37,235.54,73330.788
2025-09-16 05:15:00+00:00,235.54,235.86,234.63,235.14,24141.377
2025-09-16 05:30:00+00:00,235.15,236.0,235.05,236.0,20976.926
2025-09-16 05:45:00+00:00,235.99,236.61,235.71,236.55,42089.686
2025-09-16 06:00:00+00:00,236.56,236.98,236.22,236.85,36136.325
2025-09-16 06:15:00+00:00,236.84,237.03,235.79,235.9,19926.453
2025-09-16 06:30:00+00:00,235.91,235.94,234.75,235.23,24843.332
2025-09-16 06:45:00+00:00,235.22,235.93,234.99,235.87,24873.949
2025-09-16 07:00:00+00:00,235.87,236.31,235.86,236.07,20344.868
2025-09-16 07:15:00+00:00,236.06,236.43,235.93,236.15,12314.381
2025-09-16 07:30:00+00:00,236.15,236.37,235.35,235.89,26655.293
2025-09-16 07:45:00+00:00,235.89,236.27,235.47,235.77,13266.736
2025-09-16 08:00:00+00:00,235.77,236.91,235.77,236.76,60719.312
2025-09-16 08:15:00+00:00,236.77,236.93,235.74,235.88,28763.559
2025-09-16 08:30:00+00:00,235.89,235.89,235.12,235.27,26081.471
2025-09-16 08:45:00+00:00,235.27,236.35,235.21,236.1,18450.393
2025-09-16 09:00:00+00:00,236.11,236.36,235.65,235.77,16365.182
2025-09-16 09:15:00+00:00,235.77,236.27,235.62,235.72,15904.292
2025-09-16 09:30:00+00:00,235.72,235.89,235.06,235.06,20413.138
2025-09-16 09:45:00+00:00,235.06,235.45,234.87,235.31,18854.794
2025-09-16 10:00:00+00:00,235.3,235.57,234.77,235.11,22378.652
2025-09-16 10:15:00+00:00,235.11,235.66,234.86,235.57,9537.993
2025-09-16 10:30:00+00:00,235.57,236.0,235.2,235.61,12951.698
2025-09-16 10:45:00+00:00,235.61,236.0,235.24,235.25,15774.032
2025-09-16 11:00:00+00:00,235.25,235.54,234.81,235.37,26340.643
2025-09-16 11:15:00+00:00,235.37,235.74,235.13,235.54,16778.518
2025-09-16 11:30:00+00:00,235.55,235.91,235.48,235.61,13963.953
2025-09-16 11:45:00+00:00,235.61,235.82,235.18,235.37,34570.291
2025-09-16 12:00:00+00:00,235.36,235.73,235.17,235.54,10216.495
2025-09-16 12:15:00+00:00,235.53,235.89,235.0,235.15,16222.026
2025-09-16 12:30:00+00:00,235.15,235.7,234.97,235.11,18197.972
2025-09-16 12:45:00+00:00,235.12,235.34,234.45,235.26,20990.416
2025-09-16 13:00:00+00:00,235.25,235.53,234.67,234.73,15016.535
2025-09-16 13:15:00+00:00,234.73,235.64,234.6,235.53,15763.932
2025-09-16 13:30:00+00:00,235.53,235.59,233.27,233.35,43731.805
2025-09-16 13:45:00+00:00,233.35,233.38,231.29,233.09,170093.139
2025-09-16 14:00:00+00:00,233.08,233.08,231.26,231.85,69415.884
2025-09-16 14:15:00+00:00,231.85,232.76,231.73,232.53,52330.338
2025-09-16 14:30:00+00:00,232.54,233.35,232.11,233.14,28489.222
2025-09-16 14:45:00+00:00,233.13,234.35,233.12,234.14,28793.165
2025-09-16 15:00:00+00:00,234.14,234.99,233.13,234.47,49265.974
2025-09-16 15:15:00+00:00,234.48,235.58,234.21,234.8,43298.713
2025-09-16 15:30:00+00:00,234.8,236.19,234.59,236.18,58450.115
2025-09-16 15:45:00+00:00,236.18,238.09,235.7,237.79,164399.113
2025-09-16 16:00:00+00:00,237.79,239.27,237.23,237.65,168783.814
2025-09-16 16:15:00+00:00,237.65,237.65,236.24,237.25,110578.262
2025-09-16 16:30:00+00:00,237.24,238.25,237.2,237.45,63082.492
2025-09-16 16:45:00+00:00,237.44,238.4,237.42,238.25,39952.723
2025-09-16 17:00:00+00:00,238.24,239.67,238.1,239.47,83771.97
2025-09-16 17:15:00+00:00,239.47,240.95,239.45,240.21,89101.565
2025-09-16 17:30:00+00:00,240.21,240.21,238.25,238.48,69736.654
2025-09-16 17:45:00+00:00,238.49,238.97,237.83,238.16,35692.604
2025-09-16 18:00:00+00:00,238.15,238.92,238.13,238.71,24204.367
2025-09-16 18:15:00+00:00,238.71,239.08,237.93,238.08,15377.668
2025-09-16 18:30:00+00:00,238.08,238.29,236.85,237.33,48764.716
2025-09-16 18:45:00+00:00,237.32,237.9,237.13,237.64,15449.902
2025-09-16 19:00:00+00:00,237.63,238.02,237.35,238.02,15695.888
2025-09-16 19:15:00+00:00,238.03,238.18,237.46,237.62,20579.453
2025-09-16 19:30:00+00:00,237.63,237.78,237.13,237.56,14594.864
2025-09-16 19:45:00+00:00,237.56,238.36,237.55,237.82,27718.523
2025-09-16 20:00:00+00:00,237.82,238.19,237.32,237.98,15844.148
2025-09-16 20:15:00+00:00,237.98,238.25,237.55,237.92,9299.687
2025-09-16 20:30:00+00:00,237.92,238.01,237.61,238.0,13025.8
2025-09-16 20:45:00+00:00,238.0,238.4,237.99,238.29,10065.654
2025-09-16 21:00:00+00:00,238.3,238.78,237.73,237.76,25758.142
2025-09-16 21:15:00+00:00,237.76,238.17,237.13,237.49,16424.28
2025-09-16 21:30:00+00:00,237.49,238.05,237.49,237.93,13255.241
2025-09-16 21:45:00+00:00,237.92,238.7,237.89,238.54,9856.991
2025-09-16 22:00:00+00:00,238.54,239.03,238.23,238.61,26645.421
2025-09-16 22:15:00+00:00,238.61,238.61,237.72,237.85,24875.86
2025-09-16 22:30:00+00:00,237.86,238.32,237.2,238.24,27649.865
2025-09-16 22:45:00+00:00,238.24,238.51,237.86,237.92,21678.846
2025-09-16 23:00:00+00:00,237.92,238.1,237.51,237.93,15446.844
2025-09-16 23:15:00+00:00,237.93,238.21,237.4,237.6,23361.083
2025-09-16 23:30:00+00:00,237.59,237.86,237.19,237.34,26701.926
2025-09-16 23:45:00+00:00,237.35,237.88,236.44,236.96,49880.217
2025-09-17 00:00:00+00:00,236.96,237.05,235.84,235.98,40912.274
2025-09-17 00:15:00+00:00,235.99,236.72,235.98,236.31,39450.8
2025-09-17 00:30:00+00:00,236.31,236.46,235.98,236.39,20002.504
2025-09-17 00:45:00+00:00,236.39,236.46,235.48,236.23,44111.884
2025-09-17 01:00:00+00:00,236.24,236.7,236.16,236.63,22046.521
2025-09-17 01:15:00+00:00,236.62,236.95,236.16,236.75,22140.866
2025-09-17 01:30:00+00:00,236.75,236.8,235.97,236.18,16700.435
2025-09-17 01:45:00+00:00,236.19,236.41,235.84,236.29,14175.741
2025-09-17 02:00:00+00:00,236.3,236.5,235.84,236.47,11719.502
2025-09-17 02:15:00+00:00,236.47,236.65,236.1,236.55,7585.424
2025-09-17 02:30:00+00:00,236.55,237.35,236.35,237.22,21910.833
2025-09-17 02:45:00+00:00,237.22,237.85,236.32,236.33,36425.86
2025-09-17 03:00:00+00:00,236.32,236.44,235.73,236.23,39194.631
2025-09-17 03:15:00+00:00,236.22,236.52,235.8,235.99,27411.078
2025-09-17 03:30:00+00:00,235.99,236.03,234.75,234.9,28275.114
2025-09-17 03:45:00+00:00,234.91,235.0,233.84,234.07,50022.496
2025-09-17 04:00:00+00:00,234.07,234.72,233.97,234.52,18006.428
2025-09-17 04:15:00+00:00,234.52,234.63,234.0,234.35,26434.742
2025-09-17 04:30:00+00:00,234.35,234.62,234.07,234.28,15706.629
2025-09-17 04:45:00+00:00,234.27,234.27,233.44,233.73,25348.758
2025-09-17 05:00:00+00:00,233.73,234.33,233.7,234.19,37955.769
2025-09-17 05:15:00+00:00,234.2,234.38,233.2,233.53,29660.277
2025-09-17 05:30:00+00:00,233.53,234.33,233.48,234.06,45009.757
2025-09-17 05:45:00+00:00,234.07,235.44,233.39,235.07,97554.604
2025-09-17 06:00:00+00:00,235.07,235.54,234.78,235.29,24948.653
2025-09-17 06:15:00+00:00,235.3,235.35,234.91,235.01,17035.706
2025-09-17 06:30:00+00:00,235.02,236.6,234.91,236.52,59771.981
2025-09-17 06:45:00+00:00,236.52,236.71,235.95,236.09,36368.406
2025-09-17 07:00:00+00:00,236.09,236.52,235.74,236.5,24814.789
2025-09-17 07:15:00+00:00,236.5,237.93,236.5,237.25,65220.7
2025-09-17 07:30:00+00:00,237.24,238.09,237.17,237.75,33620.701
2025-09-17 07:45:00+00:00,237.75,238.03,237.55,237.69,16958.526
2025-09-17 08:00:00+00:00,237.69,237.73,235.66,235.93,50186.361
2025-09-17 08:15:00+00:00,235.94,236.36,235.76,235.83,21516.852
2025-09-17 08:30:00+00:00,235.83,235.83,235.06,235.38,38029.235
2025-09-17 08:45:00+00:00,235.37,236.11,235.24,235.87,13369.363
2025-09-17 09:00:00+00:00,235.86,236.31,235.61,236.07,14412.703
2025-09-17 09:15:00+00:00,236.07,236.18,235.54,235.86,11823.705
2025-09-17 09:30:00+00:00,235.87,235.95,235.35,235.36,14336.792
2025-09-17 09:45:00+00:00,235.36,235.62,235.2,235.2,12014.081
2025-09-17 10:00:00+00:00,235.2,236.38,235.2,235.57,41480.063
2025-09-17 10:15:00+00:00,235.57,235.57,233.81,234.25,42019.857
2025-09-17 10:30:00+00:00,234.25,234.7,234.16,234.63,20143.284
2025-09-17 10:45:00+00:00,234.63,234.79,233.66,234.16,80220.09
2025-09-17 11:00:00+00:00,234.16,234.55,233.92,234.54,12782.617
2025-09-17 11:15:00+00:00,234.55,234.7,234.04,234.41,13503.136
2025-09-17 11:30:00+00:00,234.4,234.41,234.05,234.05,12239.723
2025-09-17 11:45:00+00:00,234.05,234.36,234.0,234.17,27228.446
2025-09-17 12:00:00+00:00,234.18,234.57,233.96,234.48,14251.49
2025-09-17 12:15:00+00:00,234.47,234.83,234.03,234.81,22124.218
2025-09-17 12:30:00+00:00,234.81,235.29,234.17,234.63,20005.305
2025-09-17 12:45:00+00:00,234.64,234.88,234.18,234.78,21794.804
2025-09-17 13:00:00+00:00,234.78,235.22,234.56,235.12,24177.714
2025-09-17 13:15:00+00:00,235.12,235.63,235.0,235.31,39105.573
2025-09-17 13:30:00+00:00,235.31,235.74,234.19,234.49,39806.145
2025-09-17 13:45:00+00:00,234.48,235.99,234.2,235.48,30861.742
2025-09-17 14:00:00+00:00,235.48,235.93,234.99,235.4,16514.488
2025-09-17 14:15:00+00:00,235.4,235.52,234.42,234.75,19609.605
2025-09-17 14:30:00+00:00,234.76,235.22,234.26,234.44,36238.122
2025-09-17 14:45:00+00:00,234.44,234.64,233.56,233.96,33182.019
2025-09-17 15:00:00+00:00,233.96,235.03,233.79,234.83,32334.701
2025-09-17 15:15:00+00:00,234.82,235.2,233.76,233.8,21575.723
2025-09-17 15:30:00+00:00,233.81,234.32,233.62,234.1,34311.749
2025-09-17 15:45:00+00:00,234.11,234.2,233.62,233.9,36566.218
2025-09-17 16:00:00+00:00,233.9,233.9,232.73,232.98,120714.797
2025-09-17 16:15:00+00:00,232.99,233.33,232.27,233.3,74066.898
2025-09-17 16:30:00+00:00,233.3,234.15,233.0,234.07,23280.329
2025-09-17 16:45:00+00:00,234.07,234.74,233.8,234.07,23433.122
2025-09-17 17:00:00+00:00,234.06,234.45,233.15,233.46,15193.628
2025-09-17 17:15:00+00:00,233.46,233.86,232.85,233.7,15377.828
2025-09-17 17:30:00+00:00,233.69,236.44,233.62,235.43,74070.424
2025-09-17 17:45:00+00:00,235.44,237.21,232.5,232.51,249075.806
2025-09-17 18:00:00+00:00,232.65,238.42,232.23,234.33,395191.233
2025-09-17 18:15:00+00:00,234.33,237.23,233.12,236.97,154610.221
2025-09-17 18:30:00+00:00,236.97,237.09,232.97,233.3,135338.278
2025-09-17 18:45:00+00:00,233.31,235.57,232.54,233.67,106879.786
2025-09-17 19:00:00+00:00,233.67,236.77,233.53,235.69,114263.57
2025-09-17 19:15:00+00:00,235.7,238.2,235.57,237.91,96430.957
2025-09-17 19:30:00+00:00,237.9,239.1,237.17,238.87,99957.522
2025-09-17 19:45:00+00:00,238.86,238.98,237.92,238.74,69317.008
2025-09-17 20:00:00+00:00,238.74,241.24,238.74,241.01,102662.589
2025-09-17 20:15:00+00:00,241.0,241.18,239.26,239.48,54514.604
2025-09-17 20:30:00+00:00,239.48,240.3,238.28,238.69,73125.663
2025-09-17 20:45:00+00:00,238.69,239.18,237.61,238.01,35685.641
2025-09-17 21:00:00+00:00,238.0,238.05,236.01,238.05,55083.397
2025-09-17 21:15:00+00:00,238.05,239.5,238.01,238.78,45106.405
2025-09-17 21:30:00+00:00,238.78,240.48,238.78,240.28,50455.093
2025-09-17 21:45:00+00:00,240.28,240.68,239.75,240.26,40047.983
2025-09-17 22:00:00+00:00,240.26,243.5,240.26,243.09,130812.836
2025-09-17 22:15:00+00:00,243.09,244.22,242.52,244.07,120023.534
2025-09-17 22:30:00+00:00,244.06,245.0,243.95,244.12,63641.372
2025-09-17 22:45:00+00:00,244.13,245.72,243.82,244.89,71744.623
2025-09-17 23:00:00+00:00,244.89,246.62,244.86,245.4,137571.89
2025-09-17 23:15:00+00:00,245.41,245.51,244.18,244.58,54498.081
2025-09-17 23:30:00+00:00,244.59,245.07,243.79,243.99,46396.344
2025-09-17 23:45:00+00:00,243.99,245.26,243.92,244.84,38689.718
2025-09-18 00:00:00+00:00,244.84,245.15,244.16,245.11,39342.688
2025-09-18 00:15:00+00:00,245.11,246.09,244.87,245.11,52794.719
2025-09-18 00:30:00+00:00,245.11,245.58,244.85,245.31,52312.153
2025-09-18 00:45:00+00:00,245.32,245.53,244.52,244.73,40906.908
2025-09-18 01:00:00+00:00,244.72,245.95,244.49,245.8,32033.967
2025-09-18 01:15:00+00:00,245.81,246.2,245.41,245.69,62582.79
2025-09-18 01:30:00+00:00,245.69,246.61,245.56,246.61,38004.885
2025-09-18 01:45:00+00:00,246.6,247.5,246.14,246.3,58820.289
2025-09-18 02:00:00+00:00,246.31,246.6,245.55,245.99,39446.913
2025-09-18 02:15:00+00:00,245.98,246.19,245.07,245.28,28020.89
2025-09-18 02:30:00+00:00,245.27,245.8,245.21,245.42,23278.03
2025-09-18 02:45:00+00:00,245.42,246.5,245.39,246.42,27858.121
2025-09-18 03:00:00+00:00,246.41,247.41,246.11,247.31,50347.657
2025-09-18 03:15:00+00:00,247.31,247.99,246.81,246.92,74819.079
2025-09-18 03:30:00+00:00,246.92,246.97,246.29,246.52,51896.363
2025-09-18 03:45:00+00:00,246.53,247.19,246.4,246.72,44433.493
2025-09-18 04:00:00+00:00,246.71,246.97,246.12,246.57,28184.597
2025-09-18 04:15:00+00:00,246.57,246.83,245.63,245.74,34737.007
2025-09-18 04:30:00+00:00,245.74,246.22,245.58,245.88,30012.319
2025-09-18 04:45:00+00:00,245.88,246.27,245.6,246.27,25554.315
2025-09-18 05:00:00+00:00,246.26,246.36,245.62,245.75,23495.416
2025-09-18 05:15:00+00:00,245.75,246.0,244.9,244.94,23889.187
2025-09-18 05:30:00+00:00,244.94,245.14,244.33,244.76,26890.875
2025-09-18 05:45:00+00:00,244.76,244.95,244.46,244.93,16009.496
2025-09-18 06:00:00+00:00,244.93,245.06,243.28,243.58,52853.963
2025-09-18 06:15:00+00:00,243.59,244.12,242.75,242.91,52604.891
2025-09-18 06:30:00+00:00,242.92,243.9,242.58,243.83,50306.731
2025-09-18 06:45:00+00:00,243.82,244.46,243.5,244.28,43207.119
2025-09-18 07:00:00+00:00,244.27,244.92,244.27,244.81,21473.511
2025-09-18 07:15:00+00:00,244.8,245.11,244.49,244.81,24419.286
2025-09-18 07:30:00+00:00,244.81,245.28,244.65,245.23,17784.547
2025-09-18 07:45:00+00:00,245.23,245.31,244.56,244.75,30368.775
2025-09-18 08:00:00+00:00,244.75,245.61,244.34,245.6,36130.035
2025-09-18 08:15:00+00:00,245.61,246.3,245.1,246.19,43405.209
2025-09-18 08:30:00+00:00,246.19,247.17,246.0,246.5,46572.751
2025-09-18 08:45:00+00:00,246.5,247.14,246.24,247.03,32949.231
2025-09-18 09:00:00+00:00,247.02,247.02,246.28,246.3,21592.693
2025-09-18 09:15:00+00:00,246.29,246.89,246.29,246.7,21518.445
2025-09-18 09:30:00+00:00,246.69,246.79,246.13,246.27,17517.922
2025-09-18 09:45:00+00:00,246.28,247.13,246.21,247.09,30261.155
2025-09-18 10:00:00+00:00,247.09,247.11,246.15,246.5,21500.449
2025-09-18 10:15:00+00:00,246.5,246.61,245.31,245.46,34037.221
2025-09-18 10:30:00+00:00,245.47,246.07,245.43,245.83,18680.138
2025-09-18 10:45:00+00:00,245.83,246.45,245.68,246.05,22180.147
2025-09-18 11:00:00+00:00,246.06,246.96,246.04,246.64,43308.008
2025-09-18 11:15:00+00:00,246.64,247.04,246.63,246.96,26953.742
2025-09-18 11:30:00+00:00,246.96,247.0,246.15,246.29,22275.299
2025-09-18 11:45:00+00:00,246.29,246.35,245.64,245.97,28617.533
2025-09-18 12:00:00+00:00,245.96,246.9,245.84,246.86,19460.114
2025-09-18 12:15:00+00:00,246.86,246.88,246.48,246.75,17426.782
2025-09-18 12:30:00+00:00,246.75,246.75,245.84,246.28,22797.688
2025-09-18 12:45:00+00:00,246.28,246.64,246.0,246.04,23279.916
2025-09-18 13:00:00+00:00,246.04,246.75,245.71,246.74,31025.238
2025-09-18 13:15:00+00:00,246.74,247.43,246.5,247.32,54444.876
2025-09-18 13:30:00+00:00,247.33,248.39,245.43,245.82,134388.224
2025-09-18 13:45:00+00:00,245.82,246.62,245.01,246.15,64595.759
2025-09-18 14:00:00+00:00,246.15,247.28,246.1,246.71,42989.785
2025-09-18 14:15:00+00:00,246.71,248.0,246.42,247.5,59090.52
2025-09-18 14:30:00+00:00,247.5,247.94,246.62,247.04,36321.526
2025-09-18 14:45:00+00:00,247.04,248.15,246.5,247.73,54657.59
2025-09-18 15:00:00+00:00,247.74,248.5,247.43,247.5,46713.53
2025-09-18 15:15:00+00:00,247.49,248.99,247.29,248.42,87975.071
2025-09-18 15:30:00+00:00,248.43,248.84,248.0,248.07,35341.917
2025-09-18 15:45:00+00:00,248.07,248.56,247.98,248.24,25064.242
2025-09-18 16:00:00+00:00,248.25,249.19,248.2,248.74,54283.335
2025-09-18 16:15:00+00:00,248.74,249.28,248.2,248.51,33276.783
2025-09-18 16:30:00+00:00,248.51,249.12,247.65,248.97,37901.013
2025-09-18 16:45:00+00:00,248.98,250.22,248.91,249.83,145649.452
2025-09-18 17:00:00+00:00,249.82,253.3,249.24,252.48,251491.359
2025-09-18 17:15:00+00:00,252.48,253.51,251.37,251.5,104952.333
2025-09-18 17:30:00+00:00,251.5,251.84,250.72,251.02,90850.53
2025-09-18 17:45:00+00:00,251.02,252.09,250.87,251.38,45457.659
2025-09-18 18:00:00+00:00,251.38,251.45,250.13,250.71,57526.861
2025-09-18 18:15:00+00:00,250.72,250.99,250.29,250.69,35201.556
2025-09-18 18:30:00+00:00,250.69,250.77,249.83,250.31,28620.913
2025-09-18 18:45:00+00:00,250.31,250.76,250.16,250.43,21026.327
2025-09-18 19:00:00+00:00,250.43,250.49,248.47,248.52,63590.658
2025-09-18 19:15:00+00:00,248.53,248.85,248.05,248.15,32839.295
2025-09-18 19:30:00+00:00,248.15,248.79,247.33,248.48,37630.087
2025-09-18 19:45:00+00:00,248.47,249.07,248.06,248.36,41634.269
2025-09-18 20:00:00+00:00,248.36,248.92,247.84,248.5,28385.585
2025-09-18 20:15:00+00:00,248.49,248.7,248.01,248.49,15441.59
2025-09-18 20:30:00+00:00,248.49,249.22,248.27,248.55,30440.912
2025-09-18 20:45:00+00:00,248.55,249.14,248.3,248.33,28885.176
2025-09-18 21:00:00+00:00,248.33,248.48,247.88,247.93,14204.165
2025-09-18 21:15:00+00:00,247.92,248.26,247.62,248.17,17655.807
2025-09-18 21:30:00+00:00,248.17,248.48,248.06,248.25,12259.266
2025-09-18 21:45:00+00:00,248.25,248.65,247.44,247.61,17048.831
2025-09-18 22:00:00+00:00,247.62,247.79,246.9,247.17,33085.0
2025-09-18 22:15:00+00:00,247.18,248.0,247.13,247.91,18275.928
2025-09-18 22:30:00+00:00,247.91,248.16,247.67,247.71,11462.458
2025-09-18 22:45:00+00:00,247.7,247.81,246.92,247.09,29201.967
2025-09-18 23:00:00+00:00,247.09,247.09,246.04,246.76,51334.497
2025-09-18 23:15:00+00:00,246.76,246.76,245.88,246.5,33271.457
2025-09-18 23:30:00+00:00,246.51,247.2,246.5,247.01,21353.768
2025-09-18 23:45:00+00:00,247.01,247.73,246.99,247.5,30888.335
2025-09-19 00:00:00+00:00,247.5,248.03,247.19,247.22,26247.014
2025-09-19 00:15:00+00:00,247.22,248.13,247.16,248.07,24300.572
2025-09-19 00:30:00+00:00,248.08,248.31,247.71,248.2,23732.988
2025-09-19 00:45:00+00:00,248.2,248.33,247.66,248.18,33714.325
2025-09-19 01:00:00+00:00,248.19,248.57,247.54,247.62,53540.356
2025-09-19 01:15:00+00:00,247.63,247.98,247.02,247.51,23296.796
2025-09-19 01:30:00+00:00,247.52,247.78,246.94,247.28,17415.745
2025-09-19 01:45:00+00:00,247.29,247.73,246.8,247.47,13886.873
2025-09-19 02:00:00+00:00,247.47,248.03,246.66,246.78,22553.6
2025-09-19 02:15:00+00:00,246.77,247.0,246.5,246.73,14735.115
2025-09-19 02:30:00+00:00,246.73,247.14,246.42,246.99,15299.93
2025-09-19 02:45:00+00:00,246.99,247.28,246.63,246.71,13872.78
2025-09-19 03:00:00+00:00,246.71,247.49,246.62,247.33,19663.898
2025-09-19 03:15:00+00:00,247.33,247.74,246.85,247.01,20820.234
2025-09-19 03:30:00+00:00,247.01,247.09,245.56,245.84,74953.406
2025-09-19 03:45:00+00:00,245.84,245.98,244.66,245.0,88422.146
2025-09-19 04:00:00+00:00,245.0,245.0,242.83,243.13,136431.8
2025-09-19 04:15:00+00:00,243.14,244.8,243.11,244.79,50786.4
2025-09-19 04:30:00+00:00,244.79,245.37,244.5,245.09,35659.978
2025-09-19 04:45:00+00:00,245.09,245.39,244.64,245.02,21093.28
2025-09-19 05:00:00+00:00,245.02,245.3,244.31,245.25,21390.96
2025-09-19 05:15:00+00:00,245.24,245.7,244.41,244.56,36591.902
2025-09-19 05:30:00+00:00,244.56,245.22,244.29,245.01,26728.075
2025-09-19 05:45:00+00:00,245.01,245.73,245.01,245.67,29841.217
2025-09-19 06:00:00+00:00,245.67,245.68,244.96,245.08,19018.283
2025-09-19 06:15:00+00:00,245.09,245.58,244.6,245.06,19034.795
2025-09-19 06:30:00+00:00,245.06,245.13,244.48,244.7,21255.637
2025-09-19 06:45:00+00:00,244.69,245.0,243.51,243.63,38379.465
2025-09-19 07:00:00+00:00,243.63,244.18,243.16,243.83,55420.429
2025-09-19 07:15:00+00:00,243.84,244.45,243.77,244.3,27586.806
2025-09-19 07:30:00+00:00,244.29,244.88,243.96,244.44,33204.378
2025-09-19 07:45:00+00:00,244.43,244.63,243.81,243.82,18776.025
2025-09-19 08:00:00+00:00,243.81,244.48,243.77,244.31,33177.919
2025-09-19 08:15:00+00:00,244.31,244.83,244.28,244.4,16299.567
2025-09-19 08:30:00+00:00,244.4,244.4,243.46,243.8,27266.597
2025-09-19 08:45:00+00:00,243.81,243.95,243.53,243.8,18530.852
2025-09-19 09:00:00+00:00,243.8,244.31,243.52,244.09,19916.185
2025-09-19 09:15:00+00:00,244.09,244.1,242.73,242.94,35931.078
2025-09-19 09:30:00+00:00,242.93,243.37,242.51,242.69,23788.234
2025-09-19 09:45:00+00:00,242.7,242.99,242.14,242.87,27492.514
2025-09-19 10:00:00+00:00,242.87,243.0,241.76,242.3,56195.585
2025-09-19 10:15:00+00:00,242.3,242.46,241.99,242.09,12024.345
2025-09-19 10:30:00+00:00,242.1,242.56,241.86,242.51,14591.364
2025-09-19 10:45:00+00:00,242.51,242.65,242.15,242.32,27353.484
2025-09-19 11:00:00+00:00,242.32,242.42,241.3,241.56,69674.032
2025-09-19 11:15:00+00:00,241.56,241.77,240.56,240.79,47655.953
2025-09-19 11:30:00+00:00,240.8,241.02,240.0,240.25,48622.978
2025-09-19 11:45:00+00:00,240.25,241.17,240.1,240.91,42964.08
2025-09-19 12:00:00+00:00,240.92,241.92,240.86,241.69,31410.978
2025-09-19 12:15:00+00:00,241.69,242.07,240.58,240.82,34159.529
2025-09-19 12:30:00+00:00,240.81,241.06,240.44,241.02,33424.389
2025-09-19 12:45:00+00:00,241.02,241.04,240.67,240.84,17443.988
2025-09-19 13:00:00+00:00,240.83,241.58,240.71,241.36,29089.616
2025-09-19 13:15:00+00:00,241.36,241.8,241.0,241.27,25919.468
2025-09-19 13:30:00+00:00,241.26,241.83,240.66,241.58,30690.137
2025-09-19 13:45:00+00:00,241.59,242.31,241.29,242.11,29270.328
2025-09-19 14:00:00+00:00,242.11,242.58,241.92,242.31,37861.599
2025-09-19 14:15:00+00:00,242.31,242.71,242.0,242.07,20774.0
2025-09-19 14:30:00+00:00,242.06,242.38,241.21,241.3,21038.28
2025-09-19 14:45:00+00:00,241.3,241.54,239.54,239.6,99789.409
2025-09-19 15:00:00+00:00,239.59,239.6,235.81,236.91,306238.717
2025-09-19 15:15:00+00:00,236.92,238.17,236.51,237.68,123714.567
2025-09-19 15:30:00+00:00,237.69,238.19,236.74,237.86,79952.461
2025-09-19 15:45:00+00:00,237.86,238.09,237.23,237.54,43752.054
2025-09-19 16:00:00+00:00,237.54,238.36,237.21,238.35,40344.564
2025-09-19 16:15:00+00:00,238.36,238.74,238.04,238.7,29282.041
2025-09-19 16:30:00+00:00,238.7,238.78,238.04,238.68,24672.615
2025-09-19 16:45:00+00:00,238.68,238.87,238.45,238.62,24095.518
2025-09-19 17:00:00+00:00,238.62,238.69,237.53,237.8,27778.932
2025-09-19 17:15:00+00:00,237.8,238.2,236.81,237.63,62237.966
2025-09-19 17:30:00+00:00,237.63,237.63,236.45,237.19,34738.783
2025-09-19 17:45:00+00:00,237.19,237.31,236.61,236.65,18779.351
2025-09-19 18:00:00+00:00,236.64,236.87,235.12,236.1,70980.555
2025-09-19 18:15:00+00:00,236.11,236.63,235.62,236.47,16391.018
2025-09-19 18:30:00+00:00,236.46,237.04,236.3,236.85,31049.289
2025-09-19 18:45:00+00:00,236.84,237.08,236.29,236.98,22353.603
2025-09-19 19:00:00+00:00,236.97,237.85,236.92,237.38,44433.181
2025-09-19 19:15:00+00:00,237.39,237.94,237.38,237.84,27510.769
2025-09-19 19:30:00+00:00,237.84,237.85,237.12,237.23,23314.364
2025-09-19 19:45:00+00:00,237.23,237.43,235.91,235.98,54795.694
2025-09-19 20:00:00+00:00,235.98,236.66,235.98,236.63,35641.243
2025-09-19 20:15:00+00:00,236.63,237.47,236.37,237.42,20640.648
2025-09-19 20:30:00+00:00,237.43,237.75,237.32,237.75,12449.309
2025-09-19 20:45:00+00:00,237.75,237.75,236.96,237.0,15574.523
2025-09-19 21:00:00+00:00,237.0,237.31,236.41,237.23,21189.281
2025-09-19 21:15:00+00:00,237.23,237.71,237.11,237.68,12797.812
2025-09-19 21:30:00+00:00,237.68,238.23,237.65,238.14,21665.68
2025-09-19 21:45:00+00:00,238.14,238.4,237.75,238.39,22893.091
2025-09-19 22:00:00+00:00,238.4,238.81,238.32,238.81,15418.725
2025-09-19 22:15:00+00:00,238.8,238.85,238.49,238.54,12085.0
2025-09-19 22:30:00+00:00,238.55,238.61,238.37,238.38,8753.656
2025-09-19 22:45:00+00:00,238.37,238.77,238.35,238.53,7480.559
2025-09-19 23:00:00+00:00,238.52,238.56,237.96,238.03,14282.901
2025-09-19 23:15:00+00:00,238.03,238.14,236.91,236.95,19148.563
2025-09-19 23:30:00+00:00,236.94,237.64,236.78,237.64,13053.262
2025-09-19 23:45:00+00:00,237.63,238.53,237.63,238.53,15483.707
2025-09-20 00:00:00+00:00,238.53,238.92,238.33,238.78,15794.566
2025-09-20 00:15:00+00:00,238.77,239.07,238.26,238.67,39825.953
2025-09-20 00:30:00+00:00,238.67,239.29,238.57,239.24,22422.112
2025-09-20 00:45:00+00:00,239.24,239.7,239.23,239.67,21658.872
2025-09-20 01:00:00+00:00,239.67,239.7,239.14,239.22,23751.269
2025-09-20 01:15:00+00:00,239.22,239.96,239.1,239.61,18007.53
2025-09-20 01:30:00+00:00,239.61,239.61,238.7,239.02,19265.963
2025-09-20 01:45:00+00:00,239.02,239.05,238.4,238.4,22516.132
2025-09-20 02:00:00+00:00,238.4,238.52,237.85,237.9,16333.534
2025-09-20 02:15:00+00:00,237.89,238.32,237.36,238.18,17814.313
2025-09-20 02:30:00+00:00,238.19,238.34,237.44,238.16,13293.556
2025-09-20 02:45:00+00:00,238.15,238.46,238.01,238.37,9833.678
2025-09-20 03:00:00+00:00,238.37,238.4,237.77,238.11,13409.754
2025-09-20 03:15:00+00:00,238.11,238.36,238.01,238.06,11460.995
2025-09-20 03:30:00+00:00,238.05,238.38,237.93,238.35,9075.726
2025-09-20 03:45:00+00:00,238.35,238.38,237.74,238.09,17813.536
2025-09-20 04:00:00+00:00,238.09,238.3,237.73,238.29,7172.586
2025-09-20 04:15:00+00:00,238.29,238.34,238.1,238.18,7351.424
2025-09-20 04:30:00+00:00,238.18,238.86,238.1,238.84,17099.779
2025-09-20 04:45:00+00:00,238.83,238.87,238.5,238.7,11623.444
2025-09-20 05:00:00+00:00,238.69,238.94,238.46,238.93,8249.603
2025-09-20 05:15:00+00:00,238.93,239.29,238.84,239.2,16161.623
2025-09-20 05:30:00+00:00,239.2,239.49,239.0,239.23,17677.013
2025-09-20 05:45:00+00:00,239.22,239.45,239.18,239.42,9805.963
2025-09-20 06:00:00+00:00,239.41,239.41,238.72,238.82,16339.395
2025-09-20 06:15:00+00:00,238.82,239.21,238.77,239.18,6538.44
2025-09-20 06:30:00+00:00,239.18,239.38,239.15,239.19,9438.139
2025-09-20 06:45:00+00:00,239.19,239.44,239.05,239.15,9604.199
2025-09-20 07:00:00+00:00,239.14,239.6,239.08,239.41,11857.513
2025-09-20 07:15:00+00:00,239.41,239.53,239.03,239.13,6228.332
2025-09-20 07:30:00+00:00,239.12,239.57,238.98,239.51,11062.57
2025-09-20 07:45:00+00:00,239.51,239.78,239.36,239.78,22204.592
2025-09-20 08:00:00+00:00,239.77,239.78,239.22,239.28,14670.606
2025-09-20 08:15:00+00:00,239.29,239.36,238.57,238.62,10309.414
2025-09-20 08:30:00+00:00,238.62,238.88,238.53,238.69,8316.452
2025-09-20 08:45:00+00:00,238.68,238.68,237.5,237.62,26803.651
2025-09-20 09:00:00+00:00,237.62,238.09,237.45,238.03,14346.893
2025-09-20 09:15:00+00:00,238.02,238.1,237.82,237.83,8028.025
2025-09-20 09:30:00+00:00,237.83,237.87,237.21,237.62,13259.346
2025-09-20 09:45:00+00:00,237.61,237.79,237.19,237.24,10194.636
2025-09-20 10:00:00+00:00,237.24,237.74,237.23,237.67,8575.188
2025-09-20 10:15:00+00:00,237.68,237.83,237.28,237.28,9432.254
2025-09-20 10:30:00+00:00,237.29,237.48,236.91,237.45,16515.955
2025-09-20 10:45:00+00:00,237.44,237.6,237.12,237.32,8278.295
2025-09-20 11:00:00+00:00,237.33,238.29,237.33,238.16,10124.864
2025-09-20 11:15:00+00:00,238.15,238.23,237.54,237.64,20940.995
2025-09-20 11:30:00+00:00,237.64,238.13,237.64,238.04,7210.371
2025-09-20 11:45:00+00:00,238.04,238.45,238.04,238.14,11943.564
2025-09-20 12:00:00+00:00,238.14,238.21,237.8,237.84,17134.076
2025-09-20 12:15:00+00:00,237.84,237.89,237.28,237.43,20922.316
2025-09-20 12:30:00+00:00,237.43,237.73,237.32,237.4,17488.959
2025-09-20 12:45:00+00:00,237.39,237.67,237.27,237.67,14812.828
2025-09-20 13:00:00+00:00,237.66,237.94,237.45,237.73,8231.489
2025-09-20 13:15:00+00:00,237.73,238.09,237.65,237.96,5539.841
2025-09-20 13:30:00+00:00,237.97,238.08,237.58,237.9,5240.396
2025-09-20 13:45:00+00:00,237.9,238.03,237.37,237.44,18701.427
2025-09-20 14:00:00+00:00,237.44,237.58,237.05,237.28,18744.576
2025-09-20 14:15:00+00:00,237.28,237.72,237.23,237.64,10633.106
2025-09-20 14:30:00+00:00,237.64,238.15,237.53,238.15,12908.365
2025-09-20 14:45:00+00:00,238.15,238.99,238.06,238.77,29595.096
2025-09-20 15:00:00+00:00,238.77,239.97,238.77,239.84,66682.846
2025-09-20 15:15:00+00:00,239.84,241.22,239.83,240.84,128779.352
2025-09-20 15:30:00+00:00,240.83,241.01,240.1,240.41,54676.941
2025-09-20 15:45:00+00:00,240.4,240.41,239.5,240.1,40546.566
2025-09-20 16:00:00+00:00,240.11,241.1,240.05,240.52,30812.319
2025-09-20 16:15:00+00:00,240.52,240.54,239.23,239.6,22649.73
2025-09-20 16:30:00+00:00,239.6,240.48,239.25,240.33,28481.844
2025-09-20 16:45:00+00:00,240.32,240.44,239.92,240.39,15483.782
2025-09-20 17:00:00+00:00,240.4,240.56,239.68,239.73,12043.284
2025-09-20 17:15:00+00:00,239.74,240.18,239.44,239.45,14331.179
2025-09-20 17:30:00+00:00,239.45,239.7,238.97,239.23,9945.532
2025-09-20 17:45:00+00:00,239.23,239.45,238.92,239.14,7564.955
2025-09-20 18:00:00+00:00,239.13,239.13,238.29,238.73,13515.001
2025-09-20 18:15:00+00:00,238.74,239.07,238.39,238.96,8370.207
2025-09-20 18:30:00+00:00,238.95,238.96,238.23,238.63,11797.277
2025-09-20 18:45:00+00:00,238.63,238.63,238.24,238.41,9750.871
2025-09-20 19:00:00+00:00,238.41,238.62,237.97,238.6,26894.57
2025-09-20 19:15:00+00:00,238.59,239.04,238.59,238.94,7529.269
2025-09-20 19:30:00+00:00,238.94,239.05,238.38,238.38,5395.611
2025-09-20 19:45:00+00:00,238.38,238.66,238.2,238.64,5820.073
2025-09-20 20:00:00+00:00,238.64,239.13,238.44,238.91,16462.123
2025-09-20 20:15:00+00:00,238.91,239.26,238.72,239.26,14177.937
2025-09-20 20:30:00+00:00,239.26,239.58,239.18,239.45,11582.606
2025-09-20 20:45:00+00:00,239.44,240.04,239.43,239.73,29409.249
2025-09-20 21:00:00+00:00,239.73,239.92,239.48,239.92,12848.42
2025-09-20 21:15:00+00:00,239.91,240.09,239.64,240.07,9420.27
2025-09-20 21:30:00+00:00,240.08,240.31,239.94,240.31,8771.18
2025-09-20 21:45:00+00:00,240.31,240.31,239.69,239.8,11740.49
2025-09-20 22:00:00+00:00,239.79,239.92,239.55,239.92,9068.51
2025-09-20 22:15:00+00:00,239.92,240.02,239.75,239.93,6960.981
2025-09-20 22:30:00+00:00,239.93,239.94,239.35,239.56,6000.113
2025-09-20 22:45:00+00:00,239.57,240.21,239.56,240.11,6317.294
2025-09-20 23:00:00+00:00,240.11,240.21,239.66,239.69,4043.905
2025-09-20 23:15:00+00:00,239.68,239.71,239.18,239.34,8127.948
2025-09-20 23:30:00+00:00,239.33,239.45,239.01,239.21,7248.526
2025-09-20 23:45:00+00:00,239.21,239.55,239.1,239.48,7643.366
2025-09-21 00:00:00+00:00,239.48,239.67,239.18,239.63,7928.258
2025-09-21 00:15:00+00:00,239.63,239.77,239.24,239.38,6167.934
2025-09-21 00:30:00+00:00,239.38,239.84,238.96,239.8,11079.244
2025-09-21 00:45:00+00:00,239.8,240.69,239.67,240.68,24105.94
2025-09-21 01:00:00+00:00,240.68,240.77,240.1,240.52,13817.814
2025-09-21 01:15:00+00:00,240.52,240.68,240.13,240.18,11052.019
2025-09-21 01:30:00+00:00,240.18,240.48,239.91,240.21,13114.022
2025-09-21 01:45:00+00:00,240.21,240.3,239.9,240.12,11211.089
2025-09-21 02:00:00+00:00,240.12,240.91,240.05,240.84,36167.187
2025-09-21 02:15:00+00:00,240.84,241.02,239.89,240.56,29431.454
2025-09-21 02:30:00+00:00,240.56,240.91,240.36,240.67,16347.887
2025-09-21 02:45:00+00:00,240.67,241.12,240.57,241.12,14827.766
2025-09-21 03:00:00+00:00,241.12,241.34,240.55,240.78,14706.363
2025-09-21 03:15:00+00:00,240.78,241.11,240.48,240.96,10918.749
2025-09-21 03:30:00+00:00,240.96,241.19,240.67,241.05,9424.15
2025-09-21 03:45:00+00:00,241.05,241.79,241.01,241.78,26511.969
2025-09-21 04:00:00+00:00,241.78,241.82,241.01,241.1,26404.345
2025-09-21 04:15:00+00:00,241.11,241.47,241.11,241.27,12034.734
2025-09-21 04:30:00+00:00,241.28,241.39,240.67,240.71,9223.041
2025-09-21 04:45:00+00:00,240.72,240.72,240.36,240.51,14307.317
2025-09-21 05:00:00+00:00,240.51,240.8,240.17,240.23,11313.3
2025-09-21 05:15:00+00:00,240.23,240.53,240.16,240.28,7146.476
2025-09-21 05:30:00+00:00,240.28,240.47,240.17,240.3,9669.942
2025-09-21 05:45:00+00:00,240.31,240.65,240.21,240.39,7120.08
2025-09-21 06:00:00+00:00,240.4,240.76,240.14,240.76,14254.291
2025-09-21 06:15:00+00:00,240.76,240.86,240.35,240.53,17188.131
2025-09-21 06:45:00+00:00,241.05,241.05,240.3,240.31,15593.899
2025-09-21 07:00:00+00:00,240.31,240.31,239.45,239.76,20456.741
2025-09-21 07:15:00+00:00,239.76,240.18,239.57,240.04,7491.018
2025-09-21 07:30:00+00:00,240.03,240.17,239.93,240.0,9819.48
2025-09-21 07:45:00+00:00,240.0,240.18,239.69,239.87,15430.794
2025-09-21 08:00:00+00:00,239.87,240.09,239.35,239.44,7227.362
2025-09-21 08:15:00+00:00,239.45,239.45,238.65,238.76,16424.212
2025-09-21 08:30:00+00:00,238.76,239.08,238.53,239.02,9346.487
2025-09-21 08:45:00+00:00,239.02,239.02,238.65,238.84,8828.846
2025-09-21 09:00:00+00:00,238.84,239.02,238.16,238.3,13012.93
2025-09-21 09:15:00+00:00,238.3,238.34,237.51,237.75,32035.82
2025-09-21 09:30:00+00:00,237.75,238.03,237.1,238.02,40555.667
2025-09-21 09:45:00+00:00,238.01,238.49,237.64,238.48,17445.608
2025-09-21 10:00:00+00:00,238.48,238.67,238.24,238.41,7999.403
2025-09-21 10:15:00+00:00,238.41,238.89,238.04,238.75,11745.363
2025-09-21 10:30:00+00:00,238.74,239.21,238.63,238.64,11499.528
2025-09-21 10:45:00+00:00,238.63,238.64,238.22,238.38,5165.206
2025-09-21 11:00:00+00:00,238.38,239.01,238.2,238.92,10411.22
2025-09-21 11:15:00+00:00,238.92,238.92,238.44,238.66,7799.733
2025-09-21 11:30:00+00:00,238.66,239.06,238.52,238.88,8361.741
2025-09-21 11:45:00+00:00,238.88,238.92,238.54,238.64,8616.499
2025-09-21 12:00:00+00:00,238.64,239.5,238.54,239.4,13880.743
2025-09-21 12:15:00+00:00,239.4,240.05,239.34,239.78,18478.158
2025-09-21 12:30:00+00:00,239.77,240.0,239.44,239.57,8990.758
2025-09-21 12:45:00+00:00,239.56,239.89,239.28,239.5,8320.005
2025-09-21 13:00:00+00:00,239.49,239.9,239.36,239.77,8905.469
2025-09-21 13:15:00+00:00,239.78,240.0,239.6,239.96,5688.099
2025-09-21 13:30:00+00:00,239.95,240.28,239.18,239.44,19805.428
2025-09-21 13:45:00+00:00,239.43,239.61,239.34,239.52,6571.42
2025-09-21 14:00:00+00:00,239.51,239.75,239.22,239.54,9142.396
2025-09-21 14:15:00+00:00,239.55,239.59,239.0,239.01,14997.814
2025-09-21 14:30:00+00:00,239.01,239.55,238.88,239.55,6137.503
2025-09-21 14:45:00+00:00,239.55,239.91,238.45,238.58,17008.753
2025-09-21 15:00:00+00:00,238.57,238.74,238.35,238.5,14462.568
2025-09-21 15:15:00+00:00,238.5,238.5,237.78,238.0,24232.451
2025-09-21 15:30:00+00:00,238.0,238.3,237.72,238.29,9312.051
2025-09-21 15:45:00+00:00,238.29,238.46,237.7,237.91,11033.056
2025-09-21 16:00:00+00:00,237.91,238.41,237.91,238.19,11645.26
2025-09-21 16:15:00+00:00,238.19,238.36,236.96,237.67,52081.77
2025-09-21 16:30:00+00:00,237.66,237.77,236.3,236.36,37784.87
2025-09-21 16:45:00+00:00,236.36,237.13,236.08,237.04,26915.361
2025-09-21 17:00:00+00:00,237.04,237.38,236.58,236.95,15548.189
2025-09-21 17:15:00+00:00,236.95,237.12,236.41,236.7,10624.644
2025-09-21 17:30:00+00:00,236.69,237.13,236.27,237.13,13605.876
2025-09-21 17:45:00+00:00,237.12,237.85,237.01,237.82,10659.876
2025-09-21 18:00:00+00:00,237.83,237.95,237.33,237.6,13021.921
2025-09-21 18:15:00+00:00,237.61,237.86,237.2,237.31,8554.499
2025-09-21 18:30:00+00:00,237.31,237.74,237.25,237.69,7474.789
2025-09-21 18:45:00+00:00,237.69,238.13,237.64,238.12,7366.984
2025-09-21 19:00:00+00:00,238.12,238.17,237.15,237.37,11289.807
2025-09-21 19:15:00+00:00,237.37,237.88,237.2,237.88,6640.945
2025-09-21 19:30:00+00:00,237.87,237.91,237.32,237.54,7302.553
2025-09-21 19:45:00+00:00,237.53,238.05,237.43,237.99,9453.303
2025-09-21 20:00:00+00:00,237.99,238.0,237.24,237.43,7381.287
2025-09-21 20:15:00+00:00,237.42,238.03,237.34,238.01,8673.457
2025-09-21 20:30:00+00:00,238.0,238.02,237.57,237.62,8904.635
2025-09-21 20:45:00+00:00,237.63,237.84,237.35,237.64,6103.938
2025-09-21 21:00:00+00:00,237.64,237.76,237.0,237.26,19345.835
2025-09-21 21:15:00+00:00,237.26,237.27,236.75,236.76,7633.896
2025-09-21 21:30:00+00:00,236.77,237.61,236.7,237.54,11033.861
2025-09-21 21:45:00+00:00,237.54,237.56,237.23,237.28,5717.144
2025-09-21 22:00:00+00:00,237.28,237.56,235.71,235.76,57034.961
2025-09-21 22:15:00+00:00,235.75,236.21,235.32,236.1,26984.869
2025-09-21 22:30:00+00:00,236.1,236.79,235.83,236.79,11103.128
2025-09-21 22:45:00+00:00,236.79,238.11,236.71,237.92,21441.05
2025-09-21 23:00:00+00:00,237.93,237.93,236.05,236.35,29943.088
2025-09-21 23:15:00+00:00,236.35,236.63,235.96,236.61,12412.942
2025-09-21 23:30:00+00:00,236.6,236.95,236.22,236.85,14011.233
2025-09-21 23:45:00+00:00,236.85,236.89,236.13,236.16,12197.377
2025-09-22 00:00:00+00:00,236.16,236.96,235.86,236.34,20599.557
2025-09-22 00:15:00+00:00,236.33,236.33,234.37,234.75,52192.361
2025-09-22 00:30:00+00:00,234.74,234.74,232.25,232.93,208623.032
2025-09-22 00:45:00+00:00,232.93,233.27,231.17,232.27,119908.672
2025-09-22 01:00:00+00:00,232.27,234.18,232.0,233.32,60082.846
2025-09-22 01:15:00+00:00,233.32,233.99,232.43,233.71,88966.224
2025-09-22 01:30:00+00:00,233.7,234.75,233.36,234.23,38105.498
2025-09-22 01:45:00+00:00,234.23,234.48,233.11,233.19,47419.809
2025-09-22 02:00:00+00:00,233.18,233.97,232.81,232.83,32693.387
2025-09-22 02:15:00+00:00,232.82,233.09,231.88,232.52,108044.507
2025-09-22 02:30:00+00:00,232.53,232.53,230.5,230.99,134686.572
2025-09-22 02:45:00+00:00,230.99,232.0,230.9,231.69,30878.467
2025-09-22 03:00:00+00:00,231.7,232.44,231.65,231.95,31843.197
2025-09-22 03:15:00+00:00,231.94,232.76,231.83,232.76,13790.841
2025-09-22 03:30:00+00:00,232.76,232.77,231.89,231.97,28162.262
2025-09-22 03:45:00+00:00,231.97,233.05,231.97,232.81,29280.295
2025-09-22 04:00:00+00:00,232.81,233.16,232.15,232.16,20624.055
2025-09-22 04:15:00+00:00,232.17,232.44,231.8,232.14,17490.985
2025-09-22 04:30:00+00:00,232.14,232.48,231.87,232.09,15312.55
2025-09-22 04:45:00+00:00,232.08,232.19,231.56,231.74,27115.047
2025-09-22 05:00:00+00:00,231.73,231.94,231.22,231.5,22852.83
2025-09-22 05:15:00+00:00,231.5,231.85,231.16,231.55,18247.202
2025-09-22 05:30:00+00:00,231.56,231.56,230.69,230.71,23353.508
2025-09-22 05:45:00+00:00,230.71,231.1,224.78,224.99,257632.413
2025-09-22 06:00:00+00:00,224.98,225.33,214.5,223.32,780077.636
2025-09-22 06:15:00+00:00,223.32,225.23,222.7,223.93,247462.045
2025-09-22 06:30:00+00:00,223.94,225.21,223.51,224.89,100587.26
2025-09-22 06:45:00+00:00,224.9,224.95,223.8,224.44,75697.701
2025-09-22 07:00:00+00:00,224.44,224.49,222.92,223.12,96295.441
2025-09-22 07:15:00+00:00,223.12,223.61,222.73,223.32,43535.876
2025-09-22 07:30:00+00:00,223.32,224.04,221.96,222.48,108204.07
2025-09-22 07:45:00+00:00,222.47,222.76,221.82,221.88,66101.934
2025-09-22 08:00:00+00:00,221.88,222.78,221.29,222.26,56283.366
2025-09-22 08:15:00+00:00,222.25,222.42,221.24,221.48,38647.475
2025-09-22 08:30:00+00:00,221.47,222.17,220.96,221.95,48919.371
2025-09-22 08:45:00+00:00,221.94,222.5,221.17,221.5,36118.015
2025-09-22 09:00:00+00:00,221.5,221.66,219.77,220.01,98415.431
2025-09-22 09:15:00+00:00,220.0,220.8,219.46,220.5,84910.597
2025-09-22 09:30:00+00:00,220.5,220.94,220.1,220.92,50973.863
2025-09-22 09:45:00+00:00,220.92,221.07,219.32,220.48,85657.525
2025-09-22 10:00:00+00:00,220.48,221.56,219.94,221.17,50922.185
2025-09-22 10:15:00+00:00,221.18,221.66,220.89,221.48,27945.496
2025-09-22 10:30:00+00:00,221.47,221.47,219.93,220.43,49653.864
2025-09-22 10:45:00+00:00,220.43,222.67,220.39,222.41,56184.326
2025-09-22 11:00:00+00:00,222.4,222.78,221.89,221.9,64971.64
2025-09-22 11:15:00+00:00,221.9,222.2,221.09,221.39,31286.19
2025-09-22 11:30:00+00:00,221.39,221.62,221.18,221.5,18232.511
2025-09-22 11:45:00+00:00,221.5,222.0,221.35,221.49,29115.971
2025-09-22 12:00:00+00:00,221.49,221.54,220.61,220.88,39511.836
2025-09-22 12:15:00+00:00,220.88,222.02,220.73,221.69,26417.958
2025-09-22 12:30:00+00:00,221.68,221.98,221.42,221.72,20937.774
2025-09-22 12:45:00+00:00,221.72,222.97,221.69,222.9,38241.857
2025-09-22 13:00:00+00:00,222.9,223.99,222.58,223.99,57618.759
2025-09-22 13:15:00+00:00,223.99,224.03,222.83,223.24,43687.154
2025-09-22 13:30:00+00:00,223.24,223.36,221.84,221.86,45148.714
2025-09-22 13:45:00+00:00,221.86,223.76,221.36,223.74,64922.584
2025-09-22 14:00:00+00:00,223.73,224.0,223.0,223.06,42641.623
2025-09-22 14:15:00+00:00,223.07,223.89,222.8,223.83,35876.409
2025-09-22 14:30:00+00:00,223.83,224.0,222.15,222.23,50958.105
2025-09-22 14:45:00+00:00,222.23,222.33,220.95,221.38,66400.597
2025-09-22 15:00:00+00:00,221.38,221.77,220.4,220.41,78487.353
2025-09-22 15:15:00+00:00,220.41,221.33,219.98,221.33,67758.095
2025-09-22 15:30:00+00:00,221.32,221.36,220.16,220.31,57313.442
2025-09-22 15:45:00+00:00,220.32,220.89,219.91,220.73,36294.481
2025-09-22 16:00:00+00:00,220.73,221.45,220.53,221.36,48615.061
2025-09-22 16:15:00+00:00,221.36,221.53,220.65,221.1,64388.855
2025-09-22 16:30:00+00:00,221.09,221.4,220.15,220.43,42641.207
2025-09-22 16:45:00+00:00,220.42,220.69,219.17,219.71,101533.977
2025-09-22 17:00:00+00:00,219.71,219.73,217.8,219.22,126761.686
2025-09-22 17:15:00+00:00,219.22,220.94,219.1,220.76,52518.098
2025-09-22 17:30:00+00:00,220.76,221.4,220.61,221.08,73475.094
2025-09-22 17:45:00+00:00,221.07,221.35,220.77,221.08,65401.758
2025-09-22 18:00:00+00:00,221.08,221.2,220.73,220.8,19926.1
2025-09-22 18:15:00+00:00,220.8,220.85,220.23,220.45,18348.382
2025-09-22 18:30:00+00:00,220.46,221.02,220.15,220.15,15711.561
2025-09-22 18:45:00+00:00,220.14,220.41,219.45,219.45,20110.271
2025-09-22 19:00:00+00:00,219.45,219.59,218.5,218.8,48817.735
2025-09-22 19:15:00+00:00,218.8,219.12,217.74,218.23,44561.242
2025-09-22 19:30:00+00:00,218.24,218.26,216.56,217.67,98887.339
2025-09-22 19:45:00+00:00,217.68,218.03,216.8,217.1,67507.794
2025-09-22 20:00:00+00:00,217.1,217.35,216.45,217.21,42514.792
2025-09-22 20:15:00+00:00,217.2,217.92,216.71,217.87,29942.355
2025-09-22 20:30:00+00:00,217.87,219.59,217.81,219.4,34099.299
2025-09-22 20:45:00+00:00,219.4,219.75,219.08,219.44,28009.584
2025-09-22 21:00:00+00:00,219.45,219.83,218.97,219.83,21517.377
2025-09-22 21:15:00+00:00,219.83,220.7,219.75,220.28,31309.299
2025-09-22 21:30:00+00:00,220.28,220.89,220.23,220.65,26853.048
2025-09-22 21:45:00+00:00,220.65,221.1,220.08,220.89,30731.151
2025-09-22 22:00:00+00:00,220.89,220.89,220.16,220.45,22783.124
2025-09-22 22:15:00+00:00,220.44,220.54,219.9,219.92,14654.283
2025-09-22 22:30:00+00:00,219.91,220.33,219.85,220.33,11466.653
2025-09-22 22:45:00+00:00,220.33,220.39,219.7,219.83,17356.413
2025-09-22 23:00:00+00:00,219.82,220.17,219.72,220.01,10295.964
2025-09-22 23:15:00+00:00,220.01,220.57,219.76,220.11,16421.084
2025-09-22 23:30:00+00:00,220.12,220.5,219.74,220.21,11775.737
2025-09-22 23:45:00+00:00,220.21,220.58,219.96,220.38,11334.733
2025-09-23 00:00:00+00:00,220.39,220.83,219.72,220.22,27709.453
2025-09-23 00:15:00+00:00,220.22,221.24,220.22,221.03,38036.509
2025-09-23 00:30:00+00:00,221.02,221.41,220.28,220.34,19845.169
2025-09-23 00:45:00+00:00,220.34,220.36,219.42,219.7,35762.65
2025-09-23 01:00:00+00:00,219.69,219.91,218.31,218.4,23529.225
2025-09-23 01:15:00+00:00,218.4,219.14,218.23,219.14,37198.873
2025-09-23 01:30:00+00:00,219.14,219.19,217.42,217.81,25150.669
2025-09-23 01:45:00+00:00,217.81,218.31,216.54,216.6,53989.353
2025-09-23 02:00:00+00:00,216.6,217.86,216.34,217.43,47342.936
2025-09-23 02:15:00+00:00,217.43,217.54,215.3,215.38,59660.905
2025-09-23 02:30:00+00:00,215.37,216.35,215.3,216.0,41798.151
2025-09-23 02:45:00+00:00,216.0,216.11,213.22,214.1,116015.458
2025-09-23 03:00:00+00:00,214.1,214.13,212.34,213.69,172703.174
2025-09-23 03:15:00+00:00,213.7,216.85,213.54,216.62,68437.255
2025-09-23 03:30:00+00:00,216.62,217.82,216.47,216.85,106713.258
2025-09-23 03:45:00+00:00,216.85,217.72,216.6,216.94,35332.479
2025-09-23 04:00:00+00:00,216.94,217.42,215.86,215.92,49762.716
2025-09-23 04:15:00+00:00,215.93,216.36,215.05,215.06,31353.539
2025-09-23 04:30:00+00:00,215.05,215.54,214.02,215.28,64272.39
2025-09-23 04:45:00+00:00,215.28,215.96,214.85,215.78,30881.95
2025-09-23 05:00:00+00:00,215.77,216.48,214.68,216.26,47532.505
2025-09-23 05:15:00+00:00,216.27,216.89,215.91,216.74,18556.455
2025-09-23 05:30:00+00:00,216.74,217.78,216.74,217.62,39703.147
2025-09-23 05:45:00+00:00,217.63,217.81,216.95,216.96,34300.877
2025-09-23 06:00:00+00:00,216.96,218.54,216.95,218.08,33546.437
2025-09-23 06:15:00+00:00,218.09,218.82,218.0,218.74,34864.052
2025-09-23 06:30:00+00:00,218.74,220.26,218.52,219.34,88348.341
2025-09-23 06:45:00+00:00,219.34,219.6,218.85,219.23,30856.521
2025-09-23 07:00:00+00:00,219.22,219.37,218.7,218.95,21448.45
2025-09-23 07:15:00+00:00,218.94,219.47,218.66,218.91,29103.188
2025-09-23 07:30:00+00:00,218.92,219.35,218.63,218.94,32867.535
2025-09-23 07:45:00+00:00,218.94,219.3,218.85,219.0,18882.254
2025-09-23 08:00:00+00:00,219.0,219.46,218.45,219.1,38665.259
2025-09-23 08:15:00+00:00,219.11,220.22,219.05,219.99,32519.305
2025-09-23 08:30:00+00:00,219.98,220.35,219.7,220.22,22621.636
2025-09-23 08:45:00+00:00,220.22,220.28,219.76,220.07,18196.228
2025-09-23 09:00:00+00:00,220.06,220.86,219.68,220.76,34649.392
2025-09-23 09:15:00+00:00,220.75,220.76,219.2,219.29,36640.323
2025-09-23 09:30:00+00:00,219.29,219.44,218.97,219.05,26376.39
2025-09-23 09:45:00+00:00,219.05,219.09,218.24,218.67,33197.925
2025-09-23 10:00:00+00:00,218.67,218.8,218.25,218.76,14596.936
2025-09-23 10:15:00+00:00,218.76,219.01,218.23,218.55,13961.89
2025-09-23 10:30:00+00:00,218.54,219.02,218.37,218.66,13786.721
2025-09-23 10:45:00+00:00,218.67,219.26,218.66,219.08,19017.238
2025-09-23 11:00:00+00:00,219.08,219.09,217.87,218.01,23153.706
2025-09-23 11:15:00+00:00,218.01,218.54,217.94,218.36,19011.495
2025-09-23 11:30:00+00:00,218.35,219.22,218.19,219.22,15478.255
2025-09-23 11:45:00+00:00,219.22,219.63,218.94,219.34,14593.03
2025-09-23 12:00:00+00:00,219.33,219.75,218.9,219.47,20212.8
2025-09-23 12:15:00+00:00,219.47,219.69,218.74,218.96,25041.742
2025-09-23 12:30:00+00:00,218.96,220.01,218.76,219.97,27376.942
2025-09-23 12:45:00+00:00,219.96,220.65,219.57,219.89,27578.885
2025-09-23 13:00:00+00:00,219.88,219.96,219.48,219.71,16398.45
2025-09-23 13:15:00+00:00,219.7,219.7,218.84,219.25,15136.648
2025-09-23 13:30:00+00:00,219.26,220.18,218.94,219.25,29577.383
2025-09-23 13:45:00+00:00,219.26,220.15,218.56,219.04,38307.296
2025-09-23 14:00:00+00:00,219.05,220.65,218.74,220.02,59222.618
2025-09-23 14:15:00+00:00,220.03,220.17,218.98,219.52,40011.801
2025-09-23 14:30:00+00:00,219.52,219.68,217.7,218.72,44035.788
2025-09-23 14:45:00+00:00,218.72,218.77,217.61,217.7,25220.804
2025-09-23 15:00:00+00:00,217.7,219.8,216.97,219.13,49644.287
2025-09-23 15:15:00+00:00,219.14,219.93,218.28,219.53,34608.998
2025-09-23 15:30:00+00:00,219.53,219.89,218.84,219.02,23917.835
2025-09-23 15:45:00+00:00,219.03,219.71,218.78,219.28,18816.884
2025-09-23 16:00:00+00:00,219.27,219.66,217.85,218.3,25687.338
2025-09-23 16:15:00+00:00,218.3,219.41,218.0,219.31,16447.423
2025-09-23 16:30:00+00:00,219.31,219.39,218.18,218.52,37553.571
2025-09-23 16:45:00+00:00,218.53,221.71,218.51,220.43,93268.087
2025-09-23 17:00:00+00:00,220.42,220.61,218.3,218.36,42005.902
2025-09-23 17:15:00+00:00,218.37,218.68,217.78,217.78,23661.105
2025-09-23 17:30:00+00:00,217.79,218.13,216.16,216.38,50894.749
2025-09-23 17:45:00+00:00,216.38,217.37,215.91,216.73,36488.194
2025-09-23 18:00:00+00:00,216.74,217.21,215.81,216.77,75870.449
2025-09-23 18:15:00+00:00,216.77,217.11,216.03,216.58,46059.99
2025-09-23 18:30:00+00:00,216.57,217.14,216.17,216.26,20130.414
2025-09-23 18:45:00+00:00,216.27,216.4,215.12,215.76,43753.013
2025-09-23 19:00:00+00:00,215.75,216.73,215.74,216.59,26251.042
2025-09-23 19:15:00+00:00,216.59,217.16,216.07,216.22,26183.227
2025-09-23 19:30:00+00:00,216.22,216.29,214.91,215.11,43678.527
2025-09-23 19:45:00+00:00,215.11,215.36,214.35,214.52,59127.755
2025-09-23 20:00:00+00:00,214.51,215.2,214.11,214.49,40093.483
2025-09-23 20:15:00+00:00,214.49,214.59,212.96,213.49,57801.077
2025-09-23 20:30:00+00:00,213.49,214.75,213.25,214.64,36619.276
2025-09-23 20:45:00+00:00,214.64,215.32,214.0,215.27,27091.614
2025-09-23 21:00:00+00:00,215.27,215.27,214.48,214.73,20195.573
2025-09-23 21:15:00+00:00,214.74,215.67,214.47,215.59,21881.889
2025-09-23 21:30:00+00:00,215.58,216.68,215.47,216.46,26774.105
2025-09-23 21:45:00+00:00,216.46,216.47,215.77,215.84,10112.939
2025-09-23 22:00:00+00:00,215.83,216.45,215.25,216.1,35703.782
2025-09-23 22:15:00+00:00,216.1,216.36,214.76,214.93,15073.68
2025-09-23 22:30:00+00:00,214.93,215.72,214.9,215.42,11783.426
2025-09-23 22:45:00+00:00,215.43,215.52,214.96,215.29,11890.467
2025-09-23 23:00:00+00:00,215.29,215.96,215.01,215.51,21123.894
2025-09-23 23:15:00+00:00,215.5,215.71,213.67,213.91,19240.57
2025-09-23 23:30:00+00:00,213.91,215.09,213.82,214.73,14622.354
2025-09-23 23:45:00+00:00,214.72,214.77,213.22,213.3,24758.789
2025-09-24 00:00:00+00:00,213.29,214.17,213.29,214.12,26502.979
2025-09-24 00:15:00+00:00,214.12,215.61,214.05,215.21,26469.556
2025-09-24 00:30:00+00:00,215.21,215.23,213.73,213.88,20322.47
2025-09-24 00:45:00+00:00,213.87,214.49,213.34,213.45,20935.727
2025-09-24 01:00:00+00:00,213.45,214.7,212.82,214.69,33542.035
2025-09-24 01:15:00+00:00,214.7,215.72,214.54,215.63,19760.9
2025-09-24 01:30:00+00:00,215.63,216.28,215.15,215.85,20004.775
2025-09-24 01:45:00+00:00,215.85,216.42,215.74,216.2,22430.359
2025-09-24 02:00:00+00:00,216.21,216.45,214.03,214.14,25702.331
2025-09-24 02:15:00+00:00,214.14,214.64,213.54,214.64,38345.878
2025-09-24 02:30:00+00:00,214.64,214.93,214.02,214.46,31510.907
2025-09-24 02:45:00+00:00,214.47,214.61,213.27,214.29,144875.451
2025-09-24 03:00:00+00:00,214.28,214.68,212.9,213.55,159105.103
2025-09-24 03:15:00+00:00,213.55,213.67,207.41,208.58,344820.225
2025-09-24 03:30:00+00:00,208.58,210.11,208.22,208.8,159576.624
2025-09-24 03:45:00+00:00,208.8,209.13,208.25,208.51,102525.448
2025-09-24 04:00:00+00:00,208.5,208.56,204.81,206.97,398788.833
2025-09-24 04:15:00+00:00,206.97,207.97,205.62,207.82,217535.014
2025-09-24 04:30:00+00:00,207.82,209.19,207.82,208.9,112581.445
2025-09-24 04:45:00+00:00,208.9,209.07,207.75,208.04,80163.916
2025-09-24 05:00:00+00:00,208.04,208.87,207.82,208.06,70719.845
2025-09-24 05:15:00+00:00,208.06,209.04,207.94,208.8,54531.301
2025-09-24 05:30:00+00:00,208.8,209.88,208.36,209.76,46856.707
2025-09-24 05:45:00+00:00,209.77,210.55,209.35,209.74,50699.167
2025-09-24 06:00:00+00:00,209.73,209.87,209.01,209.5,60411.889
2025-09-24 06:15:00+00:00,209.5,209.82,208.62,209.17,73121.398
2025-09-24 06:30:00+00:00,209.17,209.96,209.05,209.96,28481.148
2025-09-24 06:45:00+00:00,209.96,211.43,209.95,210.96,103706.647
2025-09-24 07:00:00+00:00,210.97,211.0,209.97,210.17,53949.963
2025-09-24 07:15:00+00:00,210.17,210.98,209.53,209.77,55063.267
2025-09-24 07:30:00+00:00,209.76,210.9,209.6,210.62,28370.828
2025-09-24 07:45:00+00:00,210.62,211.02,210.29,210.63,30613.231
2025-09-24 08:00:00+00:00,210.63,211.15,210.46,211.04,19095.617
2025-09-24 08:15:00+00:00,211.04,211.2,210.02,210.08,28817.353
2025-09-24 08:30:00+00:00,210.07,210.7,210.07,210.61,23956.316
2025-09-24 08:45:00+00:00,210.6,210.9,210.32,210.88,26486.59
2025-09-24 09:00:00+00:00,210.89,210.89,210.05,210.13,19351.904
2025-09-24 09:15:00+00:00,210.14,210.48,209.83,210.38,27456.434
2025-09-24 09:30:00+00:00,210.39,211.18,210.38,210.68,30946.408
2025-09-24 09:45:00+00:00,210.67,211.02,210.47,210.98,19916.608
2025-09-24 10:00:00+00:00,210.98,211.47,210.73,210.93,34145.172
2025-09-24 10:15:00+00:00,210.92,211.35,210.21,210.23,26074.652
2025-09-24 10:30:00+00:00,210.22,210.79,210.12,210.35,18760.901
2025-09-24 10:45:00+00:00,210.34,211.0,210.24,210.9,16550.911
2025-09-24 11:00:00+00:00,210.9,212.5,210.73,212.16,33589.26
2025-09-24 11:15:00+00:00,212.16,212.6,211.9,212.05,35995.833
2025-09-24 11:30:00+00:00,212.04,212.53,211.6,212.17,32411.698
2025-09-24 11:45:00+00:00,212.16,212.6,211.85,212.35,30894.983
2025-09-24 12:00:00+00:00,212.36,213.4,212.32,212.79,48346.573
2025-09-24 12:15:00+00:00,212.8,212.97,212.14,212.22,18658.763
2025-09-24 12:30:00+00:00,212.22,212.87,212.21,212.57,16947.858
2025-09-24 12:45:00+00:00,212.56,212.73,211.79,211.95,18666.11
2025-09-24 13:00:00+00:00,211.96,212.26,211.47,211.79,18727.222
2025-09-24 13:15:00+00:00,211.79,212.37,211.55,211.96,17649.204
2025-09-24 13:30:00+00:00,211.95,213.14,211.68,212.41,39759.383
2025-09-24 13:45:00+00:00,212.42,213.01,211.43,211.62,29964.559
2025-09-24 14:00:00+00:00,211.61,212.56,211.41,212.39,24613.994
2025-09-24 14:15:00+00:00,212.39,213.82,212.37,213.41,37987.847
2025-09-24 14:30:00+00:00,213.41,214.17,213.14,214.14,44290.263
2025-09-24 14:45:00+00:00,214.14,216.24,213.83,215.61,108823.023
2025-09-24 15:00:00+00:00,215.62,216.05,214.5,214.66,95136.024
2025-09-24 15:15:00+00:00,214.67,215.54,214.67,215.19,70543.38
2025-09-24 15:30:00+00:00,215.18,215.38,214.39,214.45,54116.513
2025-09-24 15:45:00+00:00,214.46,214.53,213.28,213.61,61895.251
2025-09-24 16:00:00+00:00,213.6,213.85,213.21,213.35,33525.016
2025-09-24 16:15:00+00:00,213.35,214.11,213.26,213.88,24313.468
2025-09-24 16:30:00+00:00,213.89,214.45,213.5,214.2,24861.02
2025-09-24 16:45:00+00:00,214.2,214.26,213.69,213.87,14074.171
2025-09-24 17:00:00+00:00,213.88,214.89,213.5,214.6,21737.198
2025-09-24 17:15:00+00:00,214.6,214.6,214.17,214.43,12658.884
2025-09-24 17:30:00+00:00,214.44,215.51,214.39,215.26,37031.196
2025-09-24 17:45:00+00:00,215.26,215.28,214.65,215.17,15594.852
2025-09-24 18:00:00+00:00,215.17,215.2,214.03,214.1,16288.0
2025-09-24 18:15:00+00:00,214.1,214.29,213.39,214.2,33111.154
2025-09-24 18:30:00+00:00,214.19,214.36,213.9,213.91,8839.197
2025-09-24 18:45:00+00:00,213.9,214.04,213.35,213.92,10634.898
2025-09-24 19:00:00+00:00,213.93,214.21,213.71,213.94,8367.414
2025-09-24 19:15:00+00:00,213.93,214.16,213.4,213.53,19715.525
2025-09-24 19:30:00+00:00,213.52,213.53,212.41,212.68,27132.78
2025-09-24 19:45:00+00:00,212.68,213.73,212.51,213.18,31348.706
2025-09-24 20:00:00+00:00,213.18,213.24,212.28,212.75,21228.048
2025-09-24 20:15:00+00:00,212.75,212.97,212.35,212.41,13104.896
2025-09-24 20:30:00+00:00,212.42,212.43,210.9,211.82,55281.856
2025-09-24 20:45:00+00:00,211.81,212.55,211.79,212.11,13303.965
2025-09-24 21:00:00+00:00,212.11,212.42,211.87,212.37,14474.897
2025-09-24 21:15:00+00:00,212.37,212.53,211.89,212.53,9388.426
2025-09-24 21:30:00+00:00,212.52,212.61,211.69,211.74,14075.674
2025-09-24 21:45:00+00:00,211.74,212.08,210.72,211.28,13858.406
2025-09-24 22:00:00+00:00,211.28,212.24,210.94,212.22,19178.49
2025-09-24 22:15:00+00:00,212.21,212.32,211.11,211.37,21192.352
2025-09-24 22:30:00+00:00,211.36,211.8,211.18,211.48,17327.397
2025-09-24 22:45:00+00:00,211.47,211.82,211.14,211.74,16758.447
2025-09-24 23:00:00+00:00,211.75,212.22,211.5,212.12,14462.24
2025-09-24 23:15:00+00:00,212.12,212.24,211.53,211.79,16677.719
2025-09-24 23:30:00+00:00,211.79,212.09,211.36,211.6,16603.256
2025-09-24 23:45:00+00:00,211.59,211.94,211.3,211.6,18706.004
2025-09-25 00:00:00+00:00,211.61,212.44,211.35,212.19,25099.734
2025-09-25 00:15:00+00:00,212.19,212.22,210.42,210.55,37990.776
2025-09-25 00:30:00+00:00,210.55,211.5,210.37,211.11,19154.014
2025-09-25 00:45:00+00:00,211.12,211.42,210.26,210.73,32711.317
2025-09-25 01:00:00+00:00,210.72,211.22,209.8,210.82,52707.284
2025-09-25 01:15:00+00:00,210.81,211.12,210.32,210.68,30980.101
2025-09-25 01:30:00+00:00,210.68,211.07,208.62,209.01,77582.131
2025-09-25 01:45:00+00:00,209.0,209.52,207.73,208.22,65860.676
2025-09-25 02:00:00+00:00,208.23,209.84,208.17,208.87,41140.47
2025-09-25 02:15:00+00:00,208.88,208.91,206.82,208.31,83520.415
2025-09-25 02:30:00+00:00,208.31,211.97,208.26,209.93,93715.039
2025-09-25 02:45:00+00:00,209.93,210.64,209.79,210.06,25368.753
2025-09-25 03:00:00+00:00,210.06,210.13,208.94,209.11,29001.137
2025-09-25 03:15:00+00:00,209.11,209.26,206.3,206.44,111381.065
2025-09-25 03:30:00+00:00,206.45,207.22,206.02,206.71,81726.493
2025-09-25 03:45:00+00:00,206.72,207.4,206.44,207.3,40986.326
2025-09-25 04:00:00+00:00,207.3,207.63,205.71,205.95,74827.127
2025-09-25 04:15:00+00:00,205.95,206.15,202.76,204.44,218926.292
2025-09-25 04:30:00+00:00,204.44,204.75,203.38,204.66,113924.902
2025-09-25 04:45:00+00:00,204.66,204.87,203.08,204.36,114468.628
2025-09-25 05:00:00+00:00,204.35,205.1,203.25,204.64,75538.988
2025-09-25 05:15:00+00:00,204.63,205.91,204.27,205.87,46878.675
2025-09-25 05:30:00+00:00,205.86,205.88,204.89,205.53,31909.304
2025-09-25 05:45:00+00:00,205.52,205.91,204.92,205.45,20981.348
2025-09-25 06:00:00+00:00,205.44,205.73,204.01,204.16,34126.687
2025-09-25 06:15:00+00:00,204.16,204.55,203.33,203.8,55810.009
2025-09-25 06:30:00+00:00,203.81,204.73,203.36,203.55,32090.271
2025-09-25 06:45:00+00:00,203.54,204.21,203.47,203.64,31833.126
2025-09-25 07:00:00+00:00,203.63,204.64,203.3,204.02,40145.903
2025-09-25 07:15:00+00:00,204.01,205.24,203.85,204.91,39097.314
2025-09-25 07:30:00+00:00,204.91,205.07,204.26,204.95,16392.688
2025-09-25 07:45:00+00:00,204.95,205.07,203.82,204.19,20451.263
2025-09-25 08:00:00+00:00,204.19,205.52,204.08,205.37,37073.826
2025-09-25 08:15:00+00:00,205.38,205.77,204.68,205.35,25175.797
2025-09-25 08:30:00+00:00,205.35,205.35,204.08,204.28,23514.468
2025-09-25 08:45:00+00:00,204.29,204.39,203.62,204.32,33299.702
2025-09-25 09:00:00+00:00,204.32,205.35,204.01,205.34,20767.552
2025-09-25 09:15:00+00:00,205.35,205.88,204.83,205.53,38698.064
2025-09-25 09:30:00+00:00,205.52,205.91,203.93,203.98,55865.338
2025-09-25 09:45:00+00:00,203.98,203.98,201.76,202.25,155001.201
2025-09-25 10:00:00+00:00,202.26,203.4,201.96,203.12,38952.736
2025-09-25 10:15:00+00:00,203.13,203.69,202.89,203.04,28960.309
2025-09-25 10:30:00+00:00,203.04,203.65,202.69,202.97,19202.902
2025-09-25 10:45:00+00:00,202.96,203.12,201.93,202.0,38932.589
2025-09-25 11:00:00+00:00,202.0,202.53,201.2,201.61,56589.498
2025-09-25 11:15:00+00:00,201.62,201.74,200.69,201.27,67034.777
2025-09-25 11:30:00+00:00,201.26,201.63,200.9,201.23,53616.016
2025-09-25 11:45:00+00:00,201.24,201.47,200.86,201.35,36489.202
2025-09-25 12:00:00+00:00,201.34,202.57,201.18,202.28,34180.171
2025-09-25 12:15:00+00:00,202.28,202.28,197.43,198.28,204887.989
2025-09-25 12:30:00+00:00,198.3,200.7,197.03,200.02,236428.307
2025-09-25 12:45:00+00:00,200.02,200.35,198.18,198.59,91009.932
2025-09-25 13:00:00+00:00,198.59,199.62,197.57,199.38,115400.419
2025-09-25 13:15:00+00:00,199.38,201.32,199.08,201.14,98695.605
2025-09-25 13:30:00+00:00,201.13,201.62,198.96,199.52,110508.305
2025-09-25 13:45:00+00:00,199.52,200.89,199.42,200.79,83148.709
2025-09-25 14:00:00+00:00,200.79,202.33,200.79,202.16,60447.279
2025-09-25 14:15:00+00:00,202.15,203.35,202.15,202.6,77021.948
2025-09-25 14:30:00+00:00,202.61,204.06,202.59,203.05,52501.764
2025-09-25 14:45:00+00:00,203.05,203.14,202.28,202.65,26509.141
2025-09-25 15:00:00+00:00,202.65,203.27,201.98,202.15,51714.662
2025-09-25 15:15:00+00:00,202.16,202.33,200.89,201.02,41724.416
2025-09-25 15:30:00+00:00,201.02,201.55,200.76,200.79,37021.384
2025-09-25 15:45:00+00:00,200.79,201.27,200.37,201.15,36979.866
2025-09-25 16:00:00+00:00,201.14,201.95,200.73,201.58,46349.585
2025-09-25 16:15:00+00:00,201.57,201.58,198.74,199.15,80743.058
2025-09-25 16:30:00+00:00,199.16,199.97,199.0,199.44,42613.943
2025-09-25 16:45:00+00:00,199.44,199.83,198.38,198.72,44382.857
2025-09-25 17:00:00+00:00,198.71,198.93,196.81,196.83,108486.859
2025-09-25 17:15:00+00:00,196.83,197.94,195.61,196.93,229807.039
2025-09-25 17:30:00+00:00,196.92,197.48,194.37,196.09,247860.897
2025-09-25 17:45:00+00:00,196.1,196.75,193.6,194.84,217877.445
2025-09-25 18:00:00+00:00,194.84,196.3,194.43,196.23,153855.041
2025-09-25 18:15:00+00:00,196.22,198.29,195.63,197.85,138432.254
2025-09-25 18:30:00+00:00,197.85,198.51,197.15,198.08,73702.609
2025-09-25 18:45:00+00:00,198.07,199.6,197.59,199.45,91491.314
2025-09-25 19:00:00+00:00,199.46,199.77,198.95,199.04,78221.734
2025-09-25 19:15:00+00:00,199.04,200.85,198.73,200.39,69749.397
2025-09-25 19:30:00+00:00,200.39,200.89,198.58,199.23,78507.547
2025-09-25 19:45:00+00:00,199.23,199.27,197.34,198.09,122452.799
2025-09-25 20:00:00+00:00,198.09,198.49,197.53,198.22,44416.639
2025-09-25 20:15:00+00:00,198.21,198.7,196.84,197.1,63156.775
2025-09-25 20:30:00+00:00,197.1,197.13,195.87,196.47,52341.722
2025-09-25 20:45:00+00:00,196.46,196.87,195.21,196.22,53431.276
2025-09-25 21:00:00+00:00,196.22,197.38,195.69,196.34,56376.593
2025-09-25 21:15:00+00:00,196.34,197.1,195.52,195.92,50513.762
2025-09-25 21:30:00+00:00,195.91,196.15,194.75,195.57,64488.054
2025-09-25 21:45:00+00:00,195.58,196.69,195.56,196.35,20862.754
2025-09-25 22:00:00+00:00,196.35,197.31,195.81,197.27,28808.8
2025-09-25 22:15:00+00:00,197.27,197.58,196.02,196.11,33907.779
2025-09-25 22:30:00+00:00,196.11,196.23,195.16,195.32,31970.706
2025-09-25 22:45:00+00:00,195.32,195.32,193.9,194.64,117045.429
2025-09-25 23:00:00+00:00,194.64,196.07,194.53,195.09,48158.515
2025-09-25 23:15:00+00:00,195.09,195.28,193.93,194.48,78686.659
2025-09-25 23:30:00+00:00,194.47,194.48,191.32,192.57,203180.229
2025-09-25 23:45:00+00:00,192.57,193.0,191.7,192.74,85695.091
2025-09-26 00:00:00+00:00,192.73,194.86,192.61,194.54,66220.892
2025-09-26 00:15:00+00:00,194.54,195.73,194.51,194.99,54877.683
2025-09-26 00:30:00+00:00,194.98,195.0,192.58,192.65,52446.688
2025-09-26 00:45:00+00:00,192.66,195.97,192.53,195.71,66323.106
2025-09-26 01:00:00+00:00,195.71,196.94,195.33,196.63,55442.651
2025-09-26 01:15:00+00:00,196.62,197.18,196.01,196.07,46064.034
2025-09-26 01:30:00+00:00,196.06,196.51,195.18,195.7,51697.28
2025-09-26 01:45:00+00:00,195.71,196.46,195.33,195.9,67045.205
2025-09-26 02:00:00+00:00,195.89,197.43,195.54,196.29,85309.045
2025-09-26 02:15:00+00:00,196.28,197.34,195.88,195.99,38099.672
2025-09-26 02:30:00+00:00,195.98,196.75,195.44,196.63,29401.797
2025-09-26 02:45:00+00:00,196.63,197.55,196.25,196.46,40987.723
2025-09-26 03:00:00+00:00,196.46,196.88,195.44,196.81,28634.001
2025-09-26 03:15:00+00:00,196.82,197.37,196.42,196.48,37292.166
2025-09-26 03:30:00+00:00,196.48,196.61,195.15,195.96,50474.772
2025-09-26 03:45:00+00:00,195.95,196.68,195.37,196.47,23519.035
2025-09-26 04:00:00+00:00,196.47,196.92,195.84,196.6,27891.056
2025-09-26 04:15:00+00:00,196.6,197.42,196.32,196.58,25072.566
2025-09-26 04:30:00+00:00,196.58,196.62,195.1,195.32,32048.679
2025-09-26 04:45:00+00:00,195.32,196.06,195.21,195.76,24429.542
2025-09-26 05:00:00+00:00,195.76,196.84,195.61,196.65,35479.31
2025-09-26 05:15:00+00:00,196.65,197.29,196.6,197.05,34942.879
2025-09-26 05:30:00+00:00,197.05,197.05,195.74,195.91,27207.867
2025-09-26 05:45:00+00:00,195.91,196.12,194.43,195.08,57819.673
2025-09-26 06:00:00+00:00,195.09,195.79,193.75,194.79,103620.723
2025-09-26 06:15:00+00:00,194.79,196.99,194.77,196.23,37952.037
2025-09-26 06:30:00+00:00,196.23,196.47,195.74,196.11,26932.305
2025-09-26 06:45:00+00:00,196.12,196.15,195.0,195.2,54931.712
2025-09-26 07:00:00+00:00,195.2,196.64,195.1,196.51,62979.645
2025-09-26 07:15:00+00:00,196.51,196.85,195.71,195.71,54468.745
2025-09-26 07:30:00+00:00,195.7,195.7,194.05,194.87,70321.778
2025-09-26 07:45:00+00:00,194.88,196.39,194.66,196.31,50315.08
2025-09-26 08:00:00+00:00,196.31,196.92,196.17,196.48,37172.81
2025-09-26 08:15:00+00:00,196.48,196.98,195.76,196.36,31896.039
2025-09-26 08:30:00+00:00,196.35,196.6,195.83,196.37,29044.766
2025-09-26 08:45:00+00:00,196.37,196.62,195.87,196.15,30335.357
2025-09-26 09:00:00+00:00,196.15,196.56,195.51,196.34,23154.942
2025-09-26 09:15:00+00:00,196.34,196.36,195.45,195.55,27733.778
2025-09-26 09:30:00+00:00,195.54,195.78,193.74,194.23,63914.113
2025-09-26 09:45:00+00:00,194.22,194.91,194.01,194.63,28467.71
2025-09-26 10:00:00+00:00,194.63,194.7,192.33,192.56,59834.881
2025-09-26 10:15:00+00:00,192.56,193.03,192.15,192.59,61589.833
2025-09-26 10:30:00+00:00,192.58,193.08,191.78,192.28,65283.009
2025-09-26 10:45:00+00:00,192.27,192.48,191.94,192.11,37662.956
2025-09-26 11:00:00+00:00,192.11,192.37,190.8,190.96,102698.192
2025-09-26 11:15:00+00:00,190.96,191.83,190.81,191.66,95344.288
2025-09-26 11:30:00+00:00,191.66,193.21,191.66,192.94,39782.957
2025-09-26 11:45:00+00:00,192.94,194.0,192.64,193.47,52918.643
2025-09-26 12:00:00+00:00,193.46,193.46,192.15,192.16,44700.601
2025-09-26 12:15:00+00:00,192.15,194.61,192.15,194.25,75219.095
2025-09-26 12:30:00+00:00,194.24,198.31,192.98,197.1,322337.571
2025-09-26 12:45:00+00:00,197.1,197.34,195.66,196.67,113671.049
2025-09-26 13:00:00+00:00,196.67,196.94,195.32,195.78,55993.051
2025-09-26 13:15:00+00:00,195.78,196.33,194.67,195.07,44512.475
2025-09-26 13:30:00+00:00,195.08,196.94,194.44,196.16,96206.533
2025-09-26 13:45:00+00:00,196.16,197.37,195.71,197.16,135172.403
2025-09-26 14:00:00+00:00,197.16,197.36,195.47,195.92,147613.903
2025-09-26 14:15:00+00:00,195.93,196.68,194.5,195.19,91648.766
2025-09-26 14:30:00+00:00,195.19,195.24,193.28,194.12,134009.992
2025-09-26 14:45:00+00:00,194.12,194.86,193.71,194.42,101083.351
2025-09-26 15:00:00+00:00,194.42,195.8,194.21,195.1,57053.476
2025-09-26 15:15:00+00:00,195.1,196.67,194.86,196.45,74418.039
2025-09-26 15:30:00+00:00,196.45,196.83,195.94,196.42,52167.906
2025-09-26 15:45:00+00:00,196.41,196.65,195.76,196.02,31786.596
2025-09-26 16:00:00+00:00,196.02,199.01,195.81,197.8,88978.051
2025-09-26 16:15:00+00:00,197.79,199.34,197.67,198.43,122693.738
2025-09-26 16:30:00+00:00,198.42,199.3,198.02,199.17,45540.957
2025-09-26 16:45:00+00:00,199.17,199.8,198.83,199.6,87527.236
2025-09-26 17:00:00+00:00,199.59,200.5,199.19,199.88,81560.132
2025-09-26 17:15:00+00:00,199.87,202.03,199.57,201.63,113046.395
2025-09-26 17:30:00+00:00,201.63,201.7,200.42,200.72,77350.465
2025-09-26 17:45:00+00:00,200.73,201.57,200.55,201.4,60680.946
2025-09-26 18:00:00+00:00,201.4,202.05,200.87,201.73,61269.867
2025-09-26 18:15:00+00:00,201.72,202.66,201.66,202.2,91911.235
2025-09-26 18:30:00+00:00,202.2,202.58,201.64,201.81,47521.017
2025-09-26 18:45:00+00:00,201.81,202.18,201.42,201.83,28833.88
2025-09-26 19:00:00+00:00,201.83,201.92,200.76,201.35,64940.755
2025-09-26 19:15:00+00:00,201.34,201.97,200.18,200.28,49815.643
2025-09-26 19:30:00+00:00,200.27,200.58,198.92,199.54,127488.375
2025-09-26 19:45:00+00:00,199.53,201.1,199.53,200.68,43286.233
2025-09-26 20:00:00+00:00,200.68,200.94,199.76,200.81,35346.563
2025-09-26 20:15:00+00:00,200.81,200.91,199.88,200.17,22482.617
2025-09-26 20:30:00+00:00,200.17,200.46,199.62,199.66,23633.248
2025-09-26 20:45:00+00:00,199.66,200.28,199.56,199.96,18988.597
2025-09-26 21:00:00+00:00,199.96,200.61,199.74,200.56,15779.052
2025-09-26 21:15:00+00:00,200.56,201.46,199.98,201.29,41664.629
2025-09-26 21:30:00+00:00,201.29,202.34,200.94,201.49,43188.862
2025-09-26 21:45:00+00:00,201.5,202.68,201.45,202.32,31585.342
2025-09-26 22:00:00+00:00,202.32,203.58,201.86,203.46,46742.99
2025-09-26 22:15:00+00:00,203.46,203.88,203.0,203.17,44977.91
2025-09-26 22:30:00+00:00,203.17,203.97,203.0,203.43,44924.872
2025-09-26 22:45:00+00:00,203.43,203.96,203.2,203.57,34494.923
2025-09-26 23:00:00+00:00,203.57,203.57,202.83,203.02,17963.692
2025-09-26 23:15:00+00:00,203.01,203.92,202.86,203.91,20635.748
2025-09-26 23:30:00+00:00,203.91,204.69,203.69,204.59,41617.692
2025-09-26 23:45:00+00:00,204.6,205.52,204.45,205.17,62052.784
2025-09-27 00:00:00+00:00,205.16,205.17,204.04,204.2,57972.126
2025-09-27 00:15:00+00:00,204.21,204.98,204.04,204.34,28532.967
2025-09-27 00:30:00+00:00,204.33,204.8,204.24,204.76,24842.71
2025-09-27 00:45:00+00:00,204.76,205.35,204.38,205.19,26876.504
2025-09-27 01:00:00+00:00,205.18,205.43,204.35,204.77,31816.184
2025-09-27 01:15:00+00:00,204.77,204.99,203.81,204.02,56426.633
2025-09-27 01:30:00+00:00,204.02,204.11,203.57,203.78,18390.138
2025-09-27 01:45:00+00:00,203.78,204.47,203.77,204.35,34301.181
2025-09-27 02:00:00+00:00,204.35,204.74,204.01,204.72,24442.211
2025-09-27 02:15:00+00:00,204.72,204.77,203.77,203.86,16046.453
2025-09-27 02:30:00+00:00,203.86,204.35,203.69,204.3,13590.251
2025-09-27 02:45:00+00:00,204.3,204.4,203.62,203.7,19147.58
2025-09-27 03:00:00+00:00,203.71,204.28,203.67,203.76,16216.685
2025-09-27 03:15:00+00:00,203.76,204.76,203.58,204.54,22785.062
2025-09-27 03:30:00+00:00,204.55,205.09,204.5,204.73,38220.748
2025-09-27 03:45:00+00:00,204.73,204.86,203.82,203.88,38710.597
2025-09-27 04:00:00+00:00,203.88,203.88,203.22,203.43,80059.371
2025-09-27 04:15:00+00:00,203.42,204.1,203.32,204.06,22516.169
2025-09-27 04:30:00+00:00,204.06,204.12,203.46,203.47,19647.514
2025-09-27 04:45:00+00:00,203.47,203.7,203.16,203.66,12718.982
2025-09-27 05:00:00+00:00,203.65,203.65,202.37,202.38,45351.153
2025-09-27 05:15:00+00:00,202.38,202.69,202.23,202.5,26535.499
2025-09-27 05:30:00+00:00,202.5,202.82,202.36,202.81,12892.306
2025-09-27 05:45:00+00:00,202.8,202.85,202.29,202.48,16073.328
2025-09-27 06:00:00+00:00,202.47,202.63,202.12,202.25,8114.532
2025-09-27 06:15:00+00:00,202.25,202.27,201.78,201.94,27534.264
2025-09-27 06:30:00+00:00,201.93,202.21,201.76,202.15,11507.17
2025-09-27 06:45:00+00:00,202.16,202.65,202.1,202.64,8817.513
2025-09-27 07:00:00+00:00,202.65,203.11,202.64,202.94,22429.866
2025-09-27 07:15:00+00:00,202.94,203.0,202.37,202.45,21766.544
2025-09-27 07:30:00+00:00,202.46,202.52,201.93,202.0,12597.44
2025-09-27 07:45:00+00:00,201.99,202.15,201.52,202.05,29047.702
2025-09-27 08:00:00+00:00,202.05,202.21,201.18,201.36,24229.323
2025-09-27 08:15:00+00:00,201.35,201.9,201.26,201.84,21316.215
2025-09-27 08:30:00+00:00,201.83,201.9,201.44,201.49,19242.26
2025-09-27 08:45:00+00:00,201.5,201.75,200.86,200.93,23092.772
2025-09-27 09:00:00+00:00,200.93,201.24,199.88,200.19,38728.102
2025-09-27 09:15:00+00:00,200.2,200.59,199.95,200.13,40883.38
2025-09-27 09:30:00+00:00,200.14,201.43,200.11,201.11,39611.661
2025-09-27 09:45:00+00:00,201.11,201.57,201.05,201.18,21162.768
2025-09-27 10:00:00+00:00,201.17,201.29,200.77,201.0,9179.062
2025-09-27 10:15:00+00:00,201.0,201.05,200.49,200.76,18259.048
2025-09-27 10:30:00+00:00,200.76,201.99,200.67,201.75,41524.025
2025-09-27 10:45:00+00:00,201.76,202.07,201.49,201.63,15270.867
2025-09-27 11:00:00+00:00,201.63,201.78,201.4,201.49,10070.816
2025-09-27 11:15:00+00:00,201.5,202.0,201.47,201.94,13307.662
2025-09-27 11:30:00+00:00,201.95,202.03,201.52,201.53,8109.528
2025-09-27 11:45:00+00:00,201.54,201.72,201.28,201.71,11461.267
2025-09-27 12:00:00+00:00,201.71,201.72,200.97,201.29,19890.167
2025-09-27 12:15:00+00:00,201.3,201.49,201.03,201.26,19841.262
2025-09-27 12:30:00+00:00,201.25,202.2,201.24,202.18,15911.537
2025-09-27 12:45:00+00:00,202.18,203.07,202.05,202.45,41725.947
2025-09-27 13:00:00+00:00,202.45,202.72,202.17,202.17,25707.485
2025-09-27 13:15:00+00:00,202.17,202.96,202.17,202.79,16437.391
2025-09-27 13:30:00+00:00,202.79,203.25,202.67,203.24,16756.926
2025-09-27 13:45:00+00:00,203.24,203.39,202.63,202.9,18149.586
2025-09-27 14:00:00+00:00,202.89,203.56,202.62,203.39,11055.523
2025-09-27 14:15:00+00:00,203.39,203.4,203.05,203.32,23230.741
2025-09-27 14:30:00+00:00,203.32,203.77,203.0,203.0,17127.529
2025-09-27 14:45:00+00:00,203.0,203.0,202.33,202.69,19431.401
2025-09-27 15:00:00+00:00,202.68,202.69,201.8,202.28,32128.756
2025-09-27 15:15:00+00:00,202.28,202.85,202.28,202.7,13576.444
2025-09-27 15:30:00+00:00,202.7,203.3,202.37,203.11,13060.43
2025-09-27 15:45:00+00:00,203.12,203.69,203.04,203.52,17601.84
2025-09-27 16:00:00+00:00,203.52,203.61,202.95,203.17,24428.047
2025-09-27 16:15:00+00:00,203.17,203.49,202.92,203.02,12334.224
2025-09-27 16:30:00+00:00,203.02,203.46,202.72,203.29,17347.648
2025-09-27 16:45:00+00:00,203.29,203.56,202.76,202.93,23733.404
2025-09-27 17:00:00+00:00,202.92,202.95,201.83,201.88,32768.803
2025-09-27 17:15:00+00:00,201.88,201.89,200.89,201.09,43840.04
2025-09-27 17:30:00+00:00,201.09,201.79,200.92,201.59,22363.879
2025-09-27 17:45:00+00:00,201.59,201.97,201.17,201.87,25373.606
2025-09-27 18:00:00+00:00,201.86,202.17,201.31,201.61,36442.486
2025-09-27 18:15:00+00:00,201.62,201.74,201.19,201.72,23294.93
2025-09-27 18:30:00+00:00,201.72,201.82,200.85,201.13,75346.321
2025-09-27 18:45:00+00:00,201.14,201.65,201.14,201.64,7006.779
2025-09-27 19:00:00+00:00,201.65,201.74,201.28,201.46,7050.554
2025-09-27 19:15:00+00:00,201.46,202.02,201.32,201.96,7140.049
2025-09-27 19:30:00+00:00,201.97,202.02,201.63,201.79,7268.101
2025-09-27 19:45:00+00:00,201.79,202.33,201.74,202.19,7271.702
2025-09-27 20:00:00+00:00,202.19,202.52,202.0,202.15,6820.013
2025-09-27 20:15:00+00:00,202.16,202.49,201.89,202.49,4507.88
2025-09-27 20:30:00+00:00,202.48,202.89,202.22,202.49,8378.49
2025-09-27 20:45:00+00:00,202.5,202.63,202.28,202.63,5273.032
2025-09-27 21:00:00+00:00,202.62,202.68,202.26,202.44,9446.617
2025-09-27 21:15:00+00:00,202.44,202.92,202.39,202.91,5437.704
2025-09-27 21:30:00+00:00,202.92,203.71,202.73,203.67,15633.673
2025-09-27 21:45:00+00:00,203.66,204.05,203.66,203.8,13286.087
2025-09-27 22:00:00+00:00,203.81,204.42,203.7,204.28,20688.294
2025-09-27 22:15:00+00:00,204.28,204.89,204.16,204.75,19724.671
2025-09-27 22:30:00+00:00,204.75,204.77,203.89,203.97,23414.389
2025-09-27 22:45:00+00:00,203.98,204.05,203.4,203.89,12685.123
2025-09-27 23:00:00+00:00,203.89,204.3,203.46,203.96,13684.026
2025-09-27 23:15:00+00:00,203.96,204.05,203.34,203.55,16718.259
2025-09-27 23:30:00+00:00,203.55,203.83,203.24,203.44,15347.252
2025-09-27 23:45:00+00:00,203.44,203.78,203.34,203.46,17868.228
2025-09-28 00:00:00+00:00,203.47,203.73,202.54,202.73,40248.234
2025-09-28 00:15:00+00:00,202.73,204.0,202.6,203.87,24420.794
2025-09-28 00:30:00+00:00,203.86,204.07,203.03,203.56,28646.429
2025-09-28 00:45:00+00:00,203.57,203.63,202.77,202.95,34663.07
2025-09-28 01:00:00+00:00,202.96,203.19,201.74,201.82,27728.014
2025-09-28 01:15:00+00:00,201.82,202.42,201.75,201.91,25072.422
2025-09-28 01:30:00+00:00,201.9,202.11,201.0,201.29,26953.356
2025-09-28 01:45:00+00:00,201.3,201.44,201.02,201.13,20092.291
2025-09-28 02:00:00+00:00,201.13,201.83,201.06,201.44,15356.449
2025-09-28 02:15:00+00:00,201.43,201.92,201.35,201.81,16575.585
2025-09-28 02:30:00+00:00,201.81,202.06,201.23,201.38,13661.3
2025-09-28 02:45:00+00:00,201.37,201.56,201.0,201.48,14226.521
2025-09-28 03:00:00+00:00,201.48,201.87,201.44,201.76,10362.086
2025-09-28 03:15:00+00:00,201.77,201.97,201.42,201.52,15873.362
2025-09-28 03:30:00+00:00,201.52,201.71,200.74,201.23,14908.694
2025-09-28 03:45:00+00:00,201.23,201.48,200.93,201.4,12504.229
2025-09-28 04:00:00+00:00,201.4,201.71,201.2,201.47,7185.684
2025-09-28 04:15:00+00:00,201.47,201.77,201.42,201.47,6652.523
2025-09-28 04:30:00+00:00,201.48,201.91,201.42,201.91,7686.155
2025-09-28 04:45:00+00:00,201.9,201.99,201.52,201.9,21395.56
2025-09-28 05:00:00+00:00,201.9,202.45,201.31,201.35,24901.665
2025-09-28 05:15:00+00:00,201.36,201.93,201.36,201.92,9054.919
2025-09-28 05:30:00+00:00,201.92,202.26,201.47,201.57,12374.568
2025-09-28 05:45:00+00:00,201.56,201.66,201.17,201.28,6204.253
2025-09-28 06:00:00+00:00,201.29,201.67,201.24,201.24,8255.817
2025-09-28 06:15:00+00:00,201.24,201.49,200.51,200.57,14330.834
2025-09-28 06:30:00+00:00,200.58,201.8,200.38,201.53,20623.899
2025-09-28 06:45:00+00:00,201.53,201.73,201.05,201.72,12343.028
2025-09-28 07:00:00+00:00,201.73,201.88,201.16,201.54,6309.235
2025-09-28 07:15:00+00:00,201.55,202.05,201.5,201.74,7026.957
2025-09-28 07:30:00+00:00,201.74,202.14,201.5,201.86,10287.757
2025-09-28 07:45:00+00:00,201.85,202.3,201.73,202.1,8047.279
2025-09-28 08:00:00+00:00,202.1,202.4,201.85,201.96,9761.911
2025-09-28 08:15:00+00:00,201.96,202.04,201.49,201.78,10464.244
2025-09-28 08:30:00+00:00,201.79,201.95,201.41,201.84,11471.872
2025-09-28 08:45:00+00:00,201.85,202.7,201.8,201.81,25347.461
2025-09-28 09:00:00+00:00,201.82,202.02,201.17,201.38,12266.25
2025-09-28 09:15:00+00:00,201.38,201.56,200.64,201.04,24919.504
2025-09-28 09:30:00+00:00,201.04,201.53,201.04,201.42,15413.452
2025-09-28 09:45:00+00:00,201.43,201.45,200.66,200.7,20958.985
2025-09-28 10:00:00+00:00,200.69,200.72,200.21,200.46,21053.109
2025-09-28 10:15:00+00:00,200.46,200.73,200.43,200.66,12326.849
2025-09-28 10:30:00+00:00,200.67,201.05,200.37,200.7,15841.945
2025-09-28 10:45:00+00:00,200.7,201.04,200.61,200.83,10204.403
2025-09-28 11:00:00+00:00,200.82,200.88,200.36,200.37,10246.564
2025-09-28 11:15:00+00:00,200.38,200.63,199.48,199.67,35756.735
2025-09-28 11:30:00+00:00,199.67,200.33,199.32,199.54,26283.871
2025-09-28 11:45:00+00:00,199.54,200.0,199.23,199.86,18023.997
2025-09-28 12:00:00+00:00,199.86,199.98,199.3,199.71,28236.399
2025-09-28 12:15:00+00:00,199.72,199.89,199.44,199.83,13238.881
2025-09-28 12:30:00+00:00,199.83,199.85,198.18,198.45,34408.211
2025-09-28 12:45:00+00:00,198.46,198.69,198.0,198.43,44995.131
2025-09-28 13:00:00+00:00,198.43,199.31,198.3,199.15,17762.169
2025-09-28 13:15:00+00:00,199.15,199.88,199.01,199.66,18345.229
2025-09-28 13:30:00+00:00,199.67,200.37,199.42,200.28,19641.391
2025-09-28 13:45:00+00:00,200.29,201.4,200.01,201.17,30927.463
2025-09-28 14:00:00+00:00,201.18,201.37,200.44,200.76,18498.281
2025-09-28 14:15:00+00:00,200.75,201.66,200.61,201.45,18377.962
2025-09-28 14:30:00+00:00,201.45,201.49,201.07,201.33,9910.979
2025-09-28 14:45:00+00:00,201.33,202.03,201.15,201.89,38071.724
2025-09-28 15:00:00+00:00,201.89,202.93,201.84,202.53,92884.169
2025-09-28 15:15:00+00:00,202.53,202.78,202.36,202.76,11582.327
2025-09-28 15:30:00+00:00,202.77,202.96,202.21,202.55,15978.084
2025-09-28 15:45:00+00:00,202.54,203.55,202.41,203.42,32638.51
2025-09-28 16:00:00+00:00,203.43,204.75,203.28,203.78,44100.222
2025-09-28 16:15:00+00:00,203.78,204.1,203.27,203.79,32299.202
2025-09-28 16:30:00+00:00,203.8,204.02,203.26,203.91,17683.679
2025-09-28 16:45:00+00:00,203.9,204.13,203.63,204.05,14672.619
2025-09-28 17:00:00+00:00,204.05,205.4,204.0,205.16,67126.571
2025-09-28 17:15:00+00:00,205.15,205.2,203.97,204.45,23441.314
2025-09-28 17:30:00+00:00,204.45,205.37,204.42,204.97,54936.412
2025-09-28 17:45:00+00:00,204.97,205.84,204.82,205.05,47355.542
2025-09-28 18:00:00+00:00,205.05,205.45,204.8,205.04,19971.939
2025-09-28 18:15:00+00:00,205.04,205.55,204.93,205.39,19680.973
2025-09-28 18:30:00+00:00,205.39,205.92,205.33,205.88,19373.367
2025-09-28 18:45:00+00:00,205.89,206.37,205.77,206.12,23938.454
2025-09-28 19:00:00+00:00,206.13,206.67,205.41,205.48,18465.033
2025-09-28 19:15:00+00:00,205.49,206.21,205.44,206.06,11708.948
2025-09-28 19:30:00+00:00,206.05,206.39,205.93,206.11,8242.042
2025-09-28 19:45:00+00:00,206.11,206.6,206.03,206.18,9490.374
2025-09-28 20:00:00+00:00,206.18,206.49,206.02,206.18,9126.471
2025-09-28 20:15:00+00:00,206.17,207.79,206.03,207.49,26566.959
2025-09-28 20:30:00+00:00,207.49,207.77,206.96,207.08,29986.253
2025-09-28 20:45:00+00:00,207.08,207.54,206.67,206.82,20055.384
2025-09-28 21:00:00+00:00,206.82,207.27,206.79,207.11,14788.965
2025-09-28 21:15:00+00:00,207.11,207.26,206.76,206.98,16521.867
2025-09-28 21:30:00+00:00,206.97,206.98,206.54,206.61,13025.51
2025-09-28 21:45:00+00:00,206.61,207.3,206.54,207.22,12040.821
2025-09-28 22:00:00+00:00,207.23,209.53,207.23,208.82,101081.085
2025-09-28 22:15:00+00:00,208.83,209.81,208.7,209.26,48141.137
2025-09-28 22:30:00+00:00,209.26,209.82,209.21,209.81,28977.498
2025-09-28 22:45:00+00:00,209.81,209.98,209.29,209.54,31990.141
2025-09-28 23:00:00+00:00,209.55,210.6,209.55,210.05,49579.642
2025-09-28 23:15:00+00:00,210.06,210.44,209.63,210.2,23524.547
2025-09-28 23:30:00+00:00,210.2,210.9,210.02,210.59,51588.692
2025-09-28 23:45:00+00:00,210.58,211.0,210.3,210.83,34967.38
2025-09-29 00:00:00+00:00,210.83,210.89,209.72,209.79,69598.303
2025-09-29 00:15:00+00:00,209.79,210.54,209.56,210.13,24940.358
2025-09-29 00:30:00+00:00,210.14,210.18,209.28,209.62,22743.507
2025-09-29 00:45:00+00:00,209.63,210.05,209.0,209.19,27415.017
2025-09-29 01:00:00+00:00,209.19,209.7,209.08,209.3,16648.658
2025-09-29 01:15:00+00:00,209.29,209.65,208.74,208.91,30297.202
2025-09-29 01:30:00+00:00,208.92,209.95,208.92,209.73,17249.981
2025-09-29 01:45:00+00:00,209.74,209.74,209.17,209.4,23634.075
2025-09-29 02:00:00+00:00,209.41,209.75,208.94,209.69,34106.622
2025-09-29 02:15:00+00:00,209.68,210.84,209.47,210.38,100575.519
2025-09-29 02:30:00+00:00,210.37,210.61,209.64,209.72,24204.386
2025-09-29 02:45:00+00:00,209.73,209.92,209.33,209.69,16433.941
2025-09-29 03:00:00+00:00,209.7,209.74,209.14,209.22,20807.283
2025-09-29 03:15:00+00:00,209.22,209.61,209.12,209.5,19784.0
2025-09-29 03:30:00+00:00,209.5,209.82,209.41,209.6,14422.571
2025-09-29 03:45:00+00:00,209.6,210.37,209.51,210.28,17646.507
2025-09-29 04:00:00+00:00,210.27,210.58,210.14,210.27,29808.691
2025-09-29 04:15:00+00:00,210.27,210.64,209.83,209.92,32232.365
2025-09-29 04:30:00+00:00,209.92,210.47,209.87,210.26,30516.597
2025-09-29 04:45:00+00:00,210.27,210.4,210.04,210.06,11193.115
2025-09-29 05:00:00+00:00,210.05,210.19,209.16,209.47,31446.639
2025-09-29 05:15:00+00:00,209.47,209.47,208.94,209.24,31267.683
2025-09-29 05:30:00+00:00,209.23,209.41,208.77,209.36,14265.055
2025-09-29 05:45:00+00:00,209.36,209.5,209.08,209.12,10238.086
2025-09-29 06:00:00+00:00,209.12,209.2,207.9,208.07,33706.304
2025-09-29 06:15:00+00:00,208.06,208.6,207.88,208.08,23055.298
2025-09-29 06:30:00+00:00,208.07,208.63,207.83,208.59,23913.773
2025-09-29 06:45:00+00:00,208.59,208.84,208.14,208.14,18111.472
2025-09-29 07:00:00+00:00,208.14,208.32,207.72,207.95,23218.811
2025-09-29 07:15:00+00:00,207.94,207.95,207.37,207.89,23679.799
2025-09-29 07:30:00+00:00,207.88,209.13,207.83,208.86,26059.226
2025-09-29 07:45:00+00:00,208.86,209.36,208.7,208.95,19765.647
2025-09-29 08:00:00+00:00,208.94,209.49,208.62,208.63,24165.119
2025-09-29 08:15:00+00:00,208.62,209.0,208.26,208.93,14045.188
2025-09-29 08:30:00+00:00,208.93,209.2,208.67,209.16,9283.945
2025-09-29 08:45:00+00:00,209.16,209.69,208.9,208.91,15976.884
2025-09-29 09:00:00+00:00,208.9,209.12,208.69,208.69,14351.719
2025-09-29 09:15:00+00:00,208.69,208.99,208.4,208.8,14415.831
2025-09-29 09:30:00+00:00,208.8,208.82,208.02,208.06,17020.212
2025-09-29 09:45:00+00:00,208.05,208.26,207.87,208.2,10110.428
2025-09-29 10:00:00+00:00,208.21,208.32,207.9,208.03,11567.154
2025-09-29 10:15:00+00:00,208.04,208.28,207.84,208.25,16760.412
2025-09-29 10:30:00+00:00,208.26,208.32,206.72,206.89,29619.54
2025-09-29 10:45:00+00:00,206.9,207.21,206.48,206.6,24208.43
2025-09-29 11:00:00+00:00,206.6,206.7,206.02,206.34,43265.03
2025-09-29 11:15:00+00:00,206.33,207.27,206.3,207.13,21796.674
2025-09-29 11:30:00+00:00,207.13,207.45,206.92,207.12,21590.814
2025-09-29 11:45:00+00:00,207.12,207.28,206.84,207.07,12519.856
2025-09-29 12:00:00+00:00,207.07,207.12,206.55,207.12,16562.974
2025-09-29 12:15:00+00:00,207.12,207.8,206.96,207.72,21644.07
2025-09-29 12:30:00+00:00,207.72,208.04,206.15,206.56,29245.549
2025-09-29 12:45:00+00:00,206.56,207.08,205.22,205.37,66999.974
2025-09-29 13:00:00+00:00,205.37,206.05,204.58,206.02,65529.611
2025-09-29 13:15:00+00:00,206.03,206.5,205.69,206.37,29860.532
2025-09-29 13:30:00+00:00,206.37,208.95,206.03,208.88,51865.701
2025-09-29 13:45:00+00:00,208.88,209.49,208.0,208.86,127782.848
2025-09-29 14:00:00+00:00,208.87,210.87,208.69,210.72,88043.252
2025-09-29 14:15:00+00:00,210.71,212.2,210.21,210.57,120874.547
2025-09-29 14:30:00+00:00,210.56,211.67,210.2,211.27,77765.979
2025-09-29 14:45:00+00:00,211.26,212.82,211.18,212.35,115440.314
2025-09-29 15:00:00+00:00,212.34,213.5,211.42,211.63,137884.189
2025-09-29 15:15:00+00:00,211.63,211.97,210.71,211.15,56428.842
2025-09-29 15:30:00+00:00,211.16,211.72,210.71,211.12,45073.884
2025-09-29 15:45:00+00:00,211.12,211.16,209.69,210.07,73782.643
2025-09-29 16:00:00+00:00,210.07,211.13,210.06,211.0,33319.994
2025-09-29 16:15:00+00:00,210.99,211.57,210.01,210.03,37575.216
2025-09-29 16:30:00+00:00,210.03,210.88,209.33,209.46,42966.404
2025-09-29 16:45:00+00:00,209.46,209.67,208.36,208.72,52200.58
2025-09-29 17:00:00+00:00,208.72,209.07,207.67,208.59,51101.047
2025-09-29 17:15:00+00:00,208.59,209.04,207.85,208.84,34752.174
2025-09-29 17:30:00+00:00,208.84,209.37,208.43,209.36,33318.731
2025-09-29 17:45:00+00:00,209.35,210.32,209.17,210.19,30927.824
2025-09-29 18:00:00+00:00,210.18,210.26,209.32,209.68,30230.936
2025-09-29 18:15:00+00:00,209.68,210.0,209.13,209.78,21497.511
2025-09-29 18:30:00+00:00,209.78,210.26,209.66,209.99,27126.44
2025-09-29 18:45:00+00:00,209.99,210.76,209.99,210.76,26073.219
2025-09-29 19:00:00+00:00,210.77,211.86,210.45,211.7,30729.118
2025-09-29 19:15:00+00:00,211.69,212.13,210.75,211.81,37135.052
2025-09-29 19:30:00+00:00,211.81,212.24,211.16,212.24,33789.624
2025-09-29 19:45:00+00:00,212.24,213.5,211.94,212.93,43225.964
2025-09-29 20:00:00+00:00,212.93,214.04,212.51,213.95,40465.759
2025-09-29 20:15:00+00:00,213.94,214.34,213.04,213.37,44477.698
2025-09-29 20:30:00+00:00,213.38,214.55,213.2,214.32,31452.555
2025-09-29 20:45:00+00:00,214.32,214.5,213.77,214.42,24167.453
2025-09-29 21:00:00+00:00,214.41,214.74,213.69,213.89,26641.362
2025-09-29 21:15:00+00:00,213.89,214.49,213.74,214.14,15790.392
2025-09-29 21:30:00+00:00,214.13,214.39,213.94,214.36,13665.134
2025-09-29 21:45:00+00:00,214.36,214.43,213.72,214.16,9827.697
2025-09-29 22:00:00+00:00,214.16,214.3,213.3,213.55,25320.85
2025-09-29 22:15:00+00:00,213.55,213.6,213.06,213.59,18402.053
2025-09-29 22:30:00+00:00,213.59,213.98,213.14,213.27,15071.456
2025-09-29 22:45:00+00:00,213.27,213.89,213.22,213.58,11803.742
2025-09-29 23:00:00+00:00,213.59,213.96,212.86,213.1,17631.332
2025-09-29 23:15:00+00:00,213.1,213.41,212.9,213.04,16892.147
2025-09-29 23:30:00+00:00,213.03,213.19,212.63,212.69,16544.597
2025-09-29 23:45:00+00:00,212.69,213.17,212.43,212.75,30506.154
2025-09-30 00:00:00+00:00,212.74,213.67,212.5,213.09,20642.973
2025-09-30 00:15:00+00:00,213.09,213.09,211.58,211.76,41515.799
2025-09-30 00:30:00+00:00,211.76,212.61,211.51,212.35,29482.164
2025-09-30 00:45:00+00:00,212.35,213.29,211.22,211.34,62171.557
2025-09-30 01:00:00+00:00,211.33,212.57,210.97,212.55,26357.044
2025-09-30 01:15:00+00:00,212.56,212.97,211.83,211.83,35481.682
2025-09-30 01:30:00+00:00,211.83,211.83,210.61,210.63,46015.448
2025-09-30 01:45:00+00:00,210.63,210.63,209.83,210.58,52577.92
2025-09-30 02:00:00+00:00,210.57,210.68,210.06,210.3,31268.552
2025-09-30 02:15:00+00:00,210.31,210.84,210.0,210.59,28639.055
2025-09-30 02:30:00+00:00,210.58,211.11,210.42,210.85,32206.598
2025-09-30 02:45:00+00:00,210.85,211.24,210.39,210.53,19523.726
2025-09-30 03:00:00+00:00,210.53,210.98,210.12,210.54,23214.886
2025-09-30 03:15:00+00:00,210.53,211.05,210.37,210.81,11967.417
2025-09-30 03:30:00+00:00,210.81,211.4,210.55,211.4,15489.387
2025-09-30 03:45:00+00:00,211.39,211.46,210.45,210.71,25705.566
2025-09-30 04:00:00+00:00,210.71,211.4,210.6,210.98,20402.073
2025-09-30 04:15:00+00:00,210.98,211.72,210.95,211.53,22872.871
2025-09-30 04:30:00+00:00,211.52,211.55,211.07,211.18,11728.917
2025-09-30 04:45:00+00:00,211.19,211.24,210.2,210.22,14840.12
2025-09-30 05:00:00+00:00,210.22,210.75,210.0,210.6,18081.25
2025-09-30 05:15:00+00:00,210.59,210.6,209.88,210.21,30494.915
2025-09-30 05:30:00+00:00,210.21,210.3,209.53,209.55,26545.344
2025-09-30 05:45:00+00:00,209.55,210.38,208.96,210.0,33927.782
2025-09-30 06:00:00+00:00,210.0,210.16,209.48,209.92,13242.238
2025-09-30 06:15:00+00:00,209.93,210.52,209.84,210.37,18563.515
2025-09-30 06:30:00+00:00,210.37,210.9,210.28,210.9,17806.632
2025-09-30 06:45:00+00:00,210.89,210.9,210.07,210.31,13291.709
2025-09-30 07:00:00+00:00,210.32,210.82,210.11,210.49,25109.279
2025-09-30 07:15:00+00:00,210.49,210.55,210.06,210.22,14526.362
2025-09-30 07:30:00+00:00,210.21,210.21,208.62,208.7,27677.294
2025-09-30 07:45:00+00:00,208.7,209.32,208.55,209.0,23929.204
2025-09-30 08:00:00+00:00,208.99,209.0,208.35,208.84,21595.115
2025-09-30 08:15:00+00:00,208.84,208.92,208.41,208.52,14513.259
2025-09-30 08:30:00+00:00,208.51,208.58,207.87,208.02,53565.446
2025-09-30 08:45:00+00:00,208.02,208.24,207.71,207.77,30329.404
2025-09-30 09:00:00+00:00,207.77,207.94,206.17,206.3,58142.806
2025-09-30 09:15:00+00:00,206.3,207.46,206.16,207.45,38654.843
2025-09-30 09:30:00+00:00,207.45,207.72,206.49,206.54,27491.831
2025-09-30 09:45:00+00:00,206.54,206.54,205.56,205.89,35066.642
2025-09-30 10:00:00+00:00,205.89,206.51,205.53,206.19,28872.924
2025-09-30 10:15:00+00:00,206.2,206.73,205.95,206.21,19302.081
2025-09-30 10:30:00+00:00,206.22,206.79,205.99,206.62,26591.278
2025-09-30 10:45:00+00:00,206.62,207.01,206.52,206.58,34727.372
2025-09-30 11:00:00+00:00,206.58,206.69,206.03,206.11,15522.358
2025-09-30 11:15:00+00:00,206.11,206.43,205.92,206.29,22307.604
2025-09-30 11:30:00+00:00,206.28,206.9,206.16,206.8,29017.615
2025-09-30 11:45:00+00:00,206.79,207.42,206.71,207.08,52345.348
2025-09-30 12:00:00+00:00,207.07,207.29,206.51,206.52,19953.997
2025-09-30 12:15:00+00:00,206.51,207.2,206.41,206.83,9691.411
2025-09-30 12:30:00+00:00,206.84,207.48,206.64,207.25,16754.063
2025-09-30 12:45:00+00:00,207.25,207.28,206.0,206.19,18995.976
2025-09-30 13:00:00+00:00,206.18,206.64,205.69,206.62,29015.299
2025-09-30 13:15:00+00:00,206.63,207.99,206.48,207.9,42348.2
2025-09-30 13:30:00+00:00,207.91,209.49,206.94,209.26,70466.561
2025-09-30 13:45:00+00:00,209.26,209.64,207.44,207.71,56689.988
2025-09-30 14:00:00+00:00,207.71,208.13,206.08,207.03,40840.107
2025-09-30 14:15:00+00:00,207.03,207.66,206.2,206.73,28952.405
2025-09-30 14:30:00+00:00,206.73,207.66,206.41,207.13,26936.953
2025-09-30 14:45:00+00:00,207.14,208.89,207.05,208.79,31942.285
2025-09-30 15:00:00+00:00,208.8,208.82,206.51,207.09,39040.026
2025-09-30 15:15:00+00:00,207.09,207.22,204.65,205.57,107202.956
2025-09-30 15:30:00+00:00,205.57,206.46,204.85,205.32,64577.663
2025-09-30 15:45:00+00:00,205.32,206.26,204.77,206.0,48536.711
2025-09-30 16:00:00+00:00,205.99,206.03,205.02,205.3,51763.026
2025-09-30 16:15:00+00:00,205.3,206.31,204.91,205.47,53568.865
2025-09-30 16:30:00+00:00,205.47,205.63,204.29,204.78,98316.805
2025-09-30 16:45:00+00:00,204.78,205.45,204.69,205.12,40145.726
2025-09-30 17:00:00+00:00,205.12,205.97,204.99,205.87,43444.529
2025-09-30 17:15:00+00:00,205.86,205.88,205.0,205.33,22604.738
2025-09-30 17:30:00+00:00,205.33,206.29,204.71,205.62,63985.12
2025-09-30 17:45:00+00:00,205.62,206.08,205.3,205.64,54239.316
2025-09-30 18:00:00+00:00,205.64,206.87,205.33,206.71,37688.943
2025-09-30 18:15:00+00:00,206.71,207.5,206.34,207.2,42193.393
2025-09-30 18:30:00+00:00,207.19,207.32,206.65,207.28,22371.328
2025-09-30 18:45:00+00:00,207.28,207.87,207.18,207.57,23053.126
2025-09-30 19:00:00+00:00,207.56,208.41,207.13,208.01,93937.438
2025-09-30 19:15:00+00:00,208.01,208.14,207.33,208.09,30692.859
2025-09-30 19:30:00+00:00,208.08,208.7,207.86,207.97,40021.161
2025-09-30 19:45:00+00:00,207.97,209.21,207.91,208.92,51165.819
2025-09-30 20:00:00+00:00,208.92,209.19,208.17,208.46,29999.356
2025-09-30 20:15:00+00:00,208.46,209.54,208.45,209.08,44358.026
2025-09-30 20:30:00+00:00,209.09,209.21,208.81,209.09,11861.975
2025-09-30 20:45:00+00:00,209.09,210.22,209.05,209.86,20341.22
2025-09-30 21:00:00+00:00,209.87,210.76,209.32,209.47,44015.73
2025-09-30 21:15:00+00:00,209.48,210.98,209.48,209.68,49722.606
2025-09-30 21:30:00+00:00,209.68,210.34,209.22,210.34,51210.814
2025-09-30 21:45:00+00:00,210.33,210.88,209.56,209.6,38489.904
2025-09-30 22:00:00+00:00,209.61,210.93,209.61,210.32,23571.401
2025-09-30 22:15:00+00:00,210.31,210.56,209.7,209.8,30861.789
2025-09-30 22:30:00+00:00,209.81,210.08,208.84,209.02,38313.212
2025-09-30 22:45:00+00:00,209.01,209.23,207.81,208.06,30269.115
2025-09-30 23:00:00+00:00,208.06,208.37,207.42,208.08,36691.192
2025-09-30 23:15:00+00:00,208.08,208.88,207.94,208.45,25348.291
2025-09-30 23:30:00+00:00,208.45,208.78,208.28,208.55,12220.517
2025-09-30 23:45:00+00:00,208.55,208.81,208.46,208.68,13024.339
2025-10-01 00:00:00+00:00,208.68,209.42,208.53,208.54,29646.622
2025-10-01 00:15:00+00:00,208.54,208.55,207.54,207.59,31850.47
2025-10-01 00:30:00+00:00,207.6,207.84,206.43,206.63,33563.914
2025-10-01 00:45:00+00:00,206.63,207.62,206.44,207.54,24721.278
2025-10-01 01:00:00+00:00,207.53,208.24,207.13,208.02,26695.786
2025-10-01 01:15:00+00:00,208.02,209.08,207.37,208.99,52695.08
2025-10-01 01:30:00+00:00,208.98,210.01,208.39,209.85,43571.304
2025-10-01 01:45:00+00:00,209.85,210.73,209.7,210.59,44306.46
2025-10-01 02:00:00+00:00,210.58,210.9,210.16,210.35,42982.031
2025-10-01 02:15:00+00:00,210.34,210.5,209.99,210.16,48077.082
2025-10-01 02:30:00+00:00,210.17,210.42,209.57,209.63,24995.175
2025-10-01 02:45:00+00:00,209.63,209.83,209.15,209.19,20579.256
2025-10-01 03:00:00+00:00,209.19,209.59,208.95,209.48,23583.331
2025-10-01 03:15:00+00:00,209.48,209.55,208.66,208.84,24415.14
2025-10-01 03:30:00+00:00,208.84,209.35,207.7,207.91,45644.915
2025-10-01 03:45:00+00:00,207.9,207.91,206.6,206.69,88127.831
2025-10-01 04:00:00+00:00,206.68,208.23,206.31,208.12,43023.355
2025-10-01 04:15:00+00:00,208.12,209.03,208.1,209.02,34872.552
2025-10-01 04:30:00+00:00,209.03,209.5,208.79,209.06,36889.951
2025-10-01 04:45:00+00:00,209.06,209.34,208.2,208.5,25368.47
2025-10-01 05:00:00+00:00,208.5,210.0,208.47,209.55,40711.366
2025-10-01 05:15:00+00:00,209.55,209.92,208.86,209.24,26124.3
2025-10-01 05:30:00+00:00,209.24,209.67,208.83,209.39,21564.324
2025-10-01 05:45:00+00:00,209.4,209.56,208.95,208.97,17591.145
2025-10-01 06:00:00+00:00,208.98,209.28,208.66,208.98,21887.085
2025-10-01 06:15:00+00:00,208.98,209.51,207.8,208.63,32037.229
2025-10-01 06:30:00+00:00,208.63,209.24,208.42,208.97,13866.571
2025-10-01 06:45:00+00:00,208.97,209.07,207.9,207.98,15076.367
2025-10-01 07:00:00+00:00,207.98,208.86,207.87,208.65,17174.624
2025-10-01 07:15:00+00:00,208.65,209.51,208.64,209.45,14154.513
2025-10-01 07:30:00+00:00,209.45,210.11,209.43,210.05,30437.422
2025-10-01 07:45:00+00:00,210.04,210.34,209.78,210.18,17821.694
2025-10-01 08:00:00+00:00,210.18,210.65,209.86,210.48,19808.46
2025-10-01 08:15:00+00:00,210.49,211.71,210.0,211.62,62776.988
2025-10-01 08:30:00+00:00,211.62,215.39,211.57,215.21,177468.73
2025-10-01 08:45:00+00:00,215.2,217.42,214.65,216.57,322607.398
2025-10-01 09:00:00+00:00,216.57,217.08,215.8,216.46,124007.445
2025-10-01 09:15:00+00:00,216.46,217.45,215.94,217.45,97272.068
2025-10-01 09:30:00+00:00,217.45,217.94,216.97,217.87,70991.51
2025-10-01 09:45:00+00:00,217.86,217.95,217.41,217.58,34052.408
2025-10-01 10:00:00+00:00,217.57,217.74,216.13,216.14,59197.387
2025-10-01 10:15:00+00:00,216.14,216.99,216.13,216.37,34721.159
2025-10-01 10:30:00+00:00,216.38,216.59,215.99,216.48,56323.486
2025-10-01 10:45:00+00:00,216.48,216.95,216.33,216.59,22288.574
2025-10-01 11:00:00+00:00,216.6,217.59,216.58,217.55,25672.605
2025-10-01 11:15:00+00:00,217.56,217.86,217.28,217.58,25363.074
2025-10-01 11:30:00+00:00,217.59,217.78,217.12,217.17,23796.629
2025-10-01 11:45:00+00:00,217.17,217.88,216.89,217.75,29233.138
2025-10-01 12:00:00+00:00,217.75,218.01,217.16,217.68,53485.461
2025-10-01 12:15:00+00:00,217.68,219.26,217.2,218.62,86088.08
2025-10-01 12:30:00+00:00,218.62,219.38,218.43,218.6,60980.833
2025-10-01 12:45:00+00:00,218.6,218.84,218.2,218.5,45586.091
2025-10-01 13:00:00+00:00,218.51,219.52,218.48,219.35,67755.262
2025-10-01 13:15:00+00:00,219.35,219.48,219.07,219.13,33189.711
2025-10-01 13:30:00+00:00,219.14,219.96,218.83,219.11,69402.407
2025-10-01 13:45:00+00:00,219.11,219.47,218.33,219.36,49159.435
2025-10-01 14:00:00+00:00,219.36,220.48,218.87,219.2,76441.611
2025-10-01 14:15:00+00:00,219.21,220.1,219.06,219.77,50378.73
2025-10-01 14:30:00+00:00,219.78,220.66,219.52,220.42,50818.501
2025-10-01 14:45:00+00:00,220.42,220.46,219.25,219.52,55740.637
2025-10-01 15:00:00+00:00,219.52,219.87,218.75,219.18,34854.808
2025-10-01 15:15:00+00:00,219.18,220.18,219.15,219.8,66837.025
2025-10-01 15:30:00+00:00,219.8,220.25,219.24,220.15,45901.802
2025-10-01 15:45:00+00:00,220.14,220.28,219.39,220.25,42508.708
2025-10-01 16:00:00+00:00,220.24,220.72,220.04,220.62,78843.178
2025-10-01 16:15:00+00:00,220.62,221.0,220.12,220.24,27957.556
2025-10-01 16:30:00+00:00,220.24,220.51,219.82,220.29,30387.204
2025-10-01 17:00:00+00:00,219.09,219.75,218.57,218.63,40074.849
2025-10-01 17:15:00+00:00,218.63,219.55,218.63,219.35,26151.227
2025-10-01 17:30:00+00:00,219.35,219.53,218.95,219.08,21397.922
2025-10-01 17:45:00+00:00,219.07,219.15,217.34,217.39,90113.71
2025-10-01 18:00:00+00:00,217.4,218.61,217.39,218.54,37385.003
2025-10-01 18:15:00+00:00,218.54,218.55,217.89,218.37,20284.917
2025-10-01 18:30:00+00:00,218.38,219.2,218.37,218.89,19392.045
2025-10-01 18:45:00+00:00,218.89,219.66,218.86,219.13,19017.998
2025-10-01 19:00:00+00:00,219.13,219.55,219.02,219.48,12357.73
2025-10-01 19:15:00+00:00,219.47,220.17,219.4,220.17,23653.095
2025-10-01 19:30:00+00:00,220.17,220.18,219.55,219.68,22835.076
2025-10-01 19:45:00+00:00,219.68,220.45,219.63,220.05,42407.322
2025-10-01 20:00:00+00:00,220.05,220.27,219.38,219.6,31666.886
2025-10-01 20:15:00+00:00,219.6,220.22,219.6,219.87,23791.672
2025-10-01 20:30:00+00:00,219.87,219.88,219.52,219.71,10749.565
2025-10-01 20:45:00+00:00,219.71,219.78,219.23,219.48,16245.898
2025-10-01 21:00:00+00:00,219.48,219.48,218.62,218.78,47305.775
2025-10-01 21:15:00+00:00,218.79,219.13,218.41,219.06,21975.425
2025-10-01 21:30:00+00:00,219.05,219.06,218.59,218.78,17661.171
2025-10-01 21:45:00+00:00,218.78,219.25,218.46,219.03,8173.825
2025-10-01 22:00:00+00:00,219.04,219.89,219.03,219.59,18778.583
2025-10-01 22:15:00+00:00,219.59,219.77,219.32,219.77,11727.229
2025-10-01 22:30:00+00:00,219.78,219.87,219.23,219.44,9163.031
2025-10-01 22:45:00+00:00,219.44,219.97,219.38,219.58,18132.815
2025-10-01 23:00:00+00:00,219.57,219.78,219.42,219.72,8654.346
2025-10-01 23:15:00+00:00,219.71,220.78,219.67,220.65,57225.541
2025-10-01 23:30:00+00:00,220.66,220.86,220.12,220.61,20225.406
2025-10-01 23:45:00+00:00,220.61,222.77,220.51,222.04,80254.878
2025-10-02 00:00:00+00:00,222.04,222.44,221.47,222.3,88184.99
2025-10-02 00:15:00+00:00,222.31,222.46,220.84,220.97,47674.865
2025-10-02 00:30:00+00:00,220.96,220.99,219.86,219.99,45238.367
2025-10-02 00:45:00+00:00,220.0,220.36,219.71,219.81,39161.146
2025-10-02 01:00:00+00:00,219.81,220.93,219.52,220.83,32584.275
2025-10-02 01:15:00+00:00,220.82,221.6,220.31,221.19,31025.485
2025-10-02 01:30:00+00:00,221.2,222.45,221.19,222.37,36453.199
2025-10-02 01:45:00+00:00,222.36,223.07,222.3,222.83,66109.31
2025-10-02 02:00:00+00:00,222.83,223.33,221.41,222.27,53770.42
2025-10-02 02:15:00+00:00,222.28,222.48,221.55,221.92,32879.631
2025-10-02 02:30:00+00:00,221.92,223.92,221.85,223.6,42545.659
2025-10-02 02:45:00+00:00,223.6,224.09,222.69,223.28,56604.746
2025-10-02 03:00:00+00:00,223.28,224.0,222.86,223.79,48376.55
2025-10-02 03:15:00+00:00,223.78,224.08,223.23,223.92,37434.012
2025-10-02 03:30:00+00:00,223.93,225.06,223.93,224.61,57109.263
2025-10-02 03:45:00+00:00,224.6,224.6,223.53,223.8,51405.406
2025-10-02 04:00:00+00:00,223.81,225.01,223.36,224.92,71672.425
2025-10-02 04:15:00+00:00,224.93,224.97,223.36,223.41,23060.791
2025-10-02 04:30:00+00:00,223.41,223.5,222.7,223.49,33438.786
2025-10-02 04:45:00+00:00,223.5,223.86,223.08,223.82,24915.835
2025-10-02 05:00:00+00:00,223.83,224.28,223.83,223.93,18975.984
2025-10-02 05:15:00+00:00,223.93,226.74,223.86,225.98,88978.589
2025-10-02 05:30:00+00:00,225.98,226.13,224.27,224.48,58433.887
2025-10-02 05:45:00+00:00,224.48,224.56,223.86,224.13,23689.643
2025-10-02 06:00:00+00:00,224.13,224.35,223.7,223.91,28468.461
2025-10-02 06:15:00+00:00,223.91,224.29,223.55,224.06,31652.181
2025-10-02 06:30:00+00:00,224.06,225.78,223.95,225.32,85415.703
2025-10-02 06:45:00+00:00,225.32,225.33,224.58,224.94,27297.094
2025-10-02 07:00:00+00:00,224.93,225.28,224.5,224.75,33278.566
2025-10-02 07:15:00+00:00,224.74,224.96,223.81,224.13,34356.559
2025-10-02 07:30:00+00:00,224.12,224.22,223.23,223.31,25128.913
2025-10-02 07:45:00+00:00,223.3,223.59,222.43,222.9,49766.487
2025-10-02 08:00:00+00:00,222.91,223.46,222.69,223.01,45986.198
2025-10-02 08:15:00+00:00,223.0,224.04,223.0,224.0,19655.677
2025-10-02 08:30:00+00:00,224.01,224.5,223.67,224.47,26534.427
2025-10-02 08:45:00+00:00,224.48,224.75,224.34,224.72,16581.534
2025-10-02 09:00:00+00:00,224.73,224.73,224.0,224.17,14699.507
2025-10-02 09:15:00+00:00,224.16,225.72,224.16,225.18,49205.415
2025-10-02 09:30:00+00:00,225.18,225.23,224.46,224.85,15093.68
2025-10-02 09:45:00+00:00,224.85,225.3,224.8,225.13,35048.262
2025-10-02 10:00:00+00:00,225.13,225.45,224.81,225.27,24797.605
2025-10-02 10:15:00+00:00,225.28,225.41,224.82,224.92,22111.398
2025-10-02 10:30:00+00:00,224.92,225.72,224.85,225.29,19592.814
2025-10-02 10:45:00+00:00,225.3,225.49,225.0,225.11,12859.571
2025-10-02 11:00:00+00:00,225.11,225.44,224.76,225.06,16820.669
2025-10-02 11:15:00+00:00,225.06,225.49,224.85,225.23,23401.691
2025-10-02 11:30:00+00:00,225.22,225.64,225.19,225.61,24940.729
2025-10-02 11:45:00+00:00,225.61,226.7,225.19,225.27,102400.295
2025-10-02 12:00:00+00:00,225.28,226.69,225.0,226.08,64504.615
2025-10-02 12:15:00+00:00,226.09,226.45,226.0,226.2,39336.068
2025-10-02 12:30:00+00:00,226.21,226.89,225.85,226.66,66171.972
2025-10-02 12:45:00+00:00,226.67,227.44,226.3,227.26,41653.124
2025-10-02 13:00:00+00:00,227.27,227.44,225.8,225.8,50077.003
2025-10-02 13:15:00+00:00,225.8,226.17,224.64,225.75,77737.577
2025-10-02 13:30:00+00:00,225.76,226.34,225.12,225.7,61691.839
2025-10-02 13:45:00+00:00,225.7,226.93,225.58,226.52,95353.078
2025-10-02 14:00:00+00:00,226.52,226.72,225.12,225.55,47091.397
2025-10-02 14:15:00+00:00,225.55,226.32,225.21,226.27,23618.937
2025-10-02 14:30:00+00:00,226.28,226.7,224.33,224.53,48619.938
2025-10-02 14:45:00+00:00,224.52,224.94,223.11,223.61,82749.948
2025-10-02 15:00:00+00:00,223.61,225.29,222.61,225.03,110512.2
2025-10-02 15:15:00+00:00,225.04,226.39,224.69,226.15,62056.01
2025-10-02 15:30:00+00:00,226.16,226.52,225.0,226.29,46686.959
2025-10-02 15:45:00+00:00,226.28,227.33,226.0,227.18,53187.029
2025-10-02 16:00:00+00:00,227.19,229.29,226.8,228.49,126713.039
2025-10-02 16:15:00+00:00,228.49,228.77,227.84,228.11,69935.961
2025-10-02 16:30:00+00:00,228.11,228.42,226.24,226.94,81196.081
2025-10-02 16:45:00+00:00,226.94,228.2,226.86,228.0,40002.653
2025-10-02 17:00:00+00:00,227.99,228.72,227.41,228.69,49189.195
2025-10-02 17:15:00+00:00,228.68,229.25,227.97,229.05,42996.579
2025-10-02 17:30:00+00:00,229.06,230.34,228.85,229.72,98972.754
2025-10-02 17:45:00+00:00,229.73,230.3,229.44,229.82,48785.227
2025-10-02 18:00:00+00:00,229.83,231.74,229.76,231.1,154058.891
2025-10-02 18:15:00+00:00,231.09,231.81,230.61,231.77,48426.846
2025-10-02 18:30:00+00:00,231.77,232.04,231.18,231.71,77731.497
2025-10-02 18:45:00+00:00,231.7,233.19,231.53,232.34,98387.511
2025-10-02 19:00:00+00:00,232.34,233.79,231.88,233.76,83012.123
2025-10-02 19:15:00+00:00,233.75,233.75,232.0,232.13,54052.023
2025-10-02 19:30:00+00:00,232.14,232.39,231.57,232.36,35730.379
2025-10-02 19:45:00+00:00,232.36,233.17,231.93,232.3,47108.927
2025-10-02 20:00:00+00:00,232.29,232.56,231.79,232.37,29638.233
2025-10-02 20:15:00+00:00,232.38,232.38,231.22,231.59,49834.503
2025-10-02 20:30:00+00:00,231.6,232.19,230.81,232.16,37368.542
2025-10-02 20:45:00+00:00,232.17,232.63,231.62,232.63,28597.375
2025-10-02 21:00:00+00:00,232.62,233.91,232.44,233.76,38111.761
2025-10-02 21:15:00+00:00,233.77,234.0,232.85,233.34,31117.441
2025-10-02 21:30:00+00:00,233.34,233.36,232.59,232.63,30837.232
2025-10-02 21:45:00+00:00,232.63,233.37,232.57,232.57,24233.282
2025-10-02 22:00:00+00:00,232.57,233.88,232.52,233.42,40483.482
2025-10-02 22:15:00+00:00,233.43,233.43,232.12,232.82,46693.437
2025-10-02 22:30:00+00:00,232.83,233.22,232.44,232.66,23364.196
2025-10-02 22:45:00+00:00,232.66,233.13,232.41,233.13,23499.727
2025-10-02 23:00:00+00:00,233.12,233.88,232.95,233.63,31571.621
2025-10-02 23:15:00+00:00,233.63,234.68,233.48,234.22,57965.457
2025-10-02 23:30:00+00:00,234.22,234.8,233.89,234.15,43171.522
2025-10-02 23:45:00+00:00,234.14,234.99,233.75,234.74,32044.497
2025-10-03 00:00:00+00:00,234.74,234.79,232.47,232.97,48195.579
2025-10-03 00:15:00+00:00,232.98,233.61,232.91,233.56,19701.805
2025-10-03 00:30:00+00:00,233.55,233.55,232.21,232.38,28828.535
2025-10-03 00:45:00+00:00,232.38,232.63,231.79,231.87,32094.972
2025-10-03 01:00:00+00:00,231.88,232.73,231.79,231.99,20920.938
2025-10-03 01:15:00+00:00,231.99,232.23,230.85,231.4,71096.995
2025-10-03 01:30:00+00:00,231.4,231.9,231.25,231.43,22812.695
2025-10-03 01:45:00+00:00,231.42,231.68,230.56,230.95,31567.964
2025-10-03 02:00:00+00:00,230.95,231.97,230.79,231.97,23912.387
2025-10-03 02:15:00+00:00,231.96,232.26,231.28,231.34,22862.673
2025-10-03 02:30:00+00:00,231.35,232.16,231.22,232.01,21443.506
2025-10-03 02:45:00+00:00,232.01,233.4,231.72,233.29,31498.059
2025-10-03 03:00:00+00:00,233.29,234.84,233.05,233.76,54128.906
2025-10-03 03:15:00+00:00,233.76,234.32,232.82,233.02,28201.99
2025-10-03 03:30:00+00:00,233.02,233.47,232.74,232.94,17455.307
2025-10-03 03:45:00+00:00,232.95,233.6,232.03,232.26,22828.032
2025-10-03 04:00:00+00:00,232.26,232.78,231.95,232.77,22154.287
2025-10-03 04:15:00+00:00,232.78,233.23,232.68,232.96,12334.857
2025-10-03 04:30:00+00:00,232.96,232.96,231.39,231.87,31837.262
2025-10-03 04:45:00+00:00,231.87,232.08,231.36,232.08,20939.295
2025-10-03 05:00:00+00:00,232.08,232.19,231.03,231.43,19491.593
2025-10-03 05:15:00+00:00,231.43,231.47,231.0,231.03,23288.084
2025-10-03 05:30:00+00:00,231.03,231.34,230.31,230.39,22754.353
2025-10-03 05:45:00+00:00,230.39,231.46,230.31,231.21,26694.929
2025-10-03 06:00:00+00:00,231.21,231.43,230.9,231.14,12938.531
2025-10-03 06:15:00+00:00,231.15,231.56,231.03,231.25,10301.47
2025-10-03 06:30:00+00:00,231.25,231.38,230.74,230.84,19965.673
2025-10-03 06:45:00+00:00,230.83,230.83,227.68,229.35,110875.523
2025-10-03 07:00:00+00:00,229.35,229.67,228.81,229.37,30880.119
2025-10-03 07:15:00+00:00,229.36,229.72,228.72,228.79,67132.292
2025-10-03 07:30:00+00:00,228.79,229.24,228.64,228.71,42308.609
2025-10-03 07:45:00+00:00,228.71,229.53,228.55,229.41,38666.991
2025-10-03 08:00:00+00:00,229.42,229.7,228.8,228.88,33697.839
2025-10-03 08:15:00+00:00,228.88,229.4,227.76,229.36,66185.229
2025-10-03 08:30:00+00:00,229.36,230.44,229.2,230.29,57896.951
2025-10-03 08:45:00+00:00,230.28,231.25,230.17,231.07,44845.844
2025-10-03 09:00:00+00:00,231.06,231.44,230.75,230.91,30686.533
2025-10-03 09:15:00+00:00,230.92,231.79,230.72,231.69,53216.105
2025-10-03 09:30:00+00:00,231.69,231.79,230.37,230.84,104108.056
2025-10-03 09:45:00+00:00,230.84,231.18,230.74,230.92,13636.184
2025-10-03 10:00:00+00:00,230.92,230.92,230.38,230.7,14652.322
2025-10-03 10:15:00+00:00,230.7,231.0,230.51,231.0,9548.103
2025-10-03 10:30:00+00:00,230.99,231.41,230.78,231.26,29849.568
2025-10-03 10:45:00+00:00,231.26,231.68,231.21,231.29,19434.002
2025-10-03 11:00:00+00:00,231.29,231.36,230.13,230.24,26204.661
2025-10-03 11:15:00+00:00,230.23,230.58,229.57,230.4,31023.912
2025-10-03 11:30:00+00:00,230.4,230.96,229.93,230.81,19546.129
2025-10-03 11:45:00+00:00,230.81,231.34,230.5,230.78,29629.186
2025-10-03 12:00:00+00:00,230.79,230.86,230.2,230.85,18705.682
2025-10-03 12:15:00+00:00,230.86,231.25,229.79,229.84,31613.394
2025-10-03 12:30:00+00:00,229.83,230.94,229.7,230.08,27973.955
2025-10-03 12:45:00+00:00,230.08,230.5,229.73,230.03,35703.389
2025-10-03 13:00:00+00:00,230.02,230.02,228.43,229.0,134384.653
2025-10-03 13:15:00+00:00,228.99,230.64,228.89,230.45,37787.028
2025-10-03 13:30:00+00:00,230.46,231.0,229.28,229.73,56460.035
2025-10-03 13:45:00+00:00,229.72,230.42,229.65,229.72,26413.52
2025-10-03 14:00:00+00:00,229.71,229.71,228.13,228.43,63995.562
2025-10-03 14:15:00+00:00,228.44,229.38,227.13,229.25,111259.892
2025-10-03 14:30:00+00:00,229.24,229.7,228.59,229.32,36656.773
2025-10-03 14:45:00+00:00,229.33,231.0,229.33,230.49,55772.64
2025-10-03 15:00:00+00:00,230.49,230.49,229.51,229.82,27148.802
2025-10-03 15:15:00+00:00,229.82,232.17,229.81,231.23,81464.497
2025-10-03 15:30:00+00:00,231.23,233.87,231.19,233.49,86735.822
2025-10-03 15:45:00+00:00,233.49,234.98,233.06,234.79,75668.08
2025-10-03 16:00:00+00:00,234.79,236.52,234.78,235.27,201430.928
2025-10-03 16:15:00+00:00,235.26,235.95,234.0,235.44,114055.418
2025-10-03 16:30:00+00:00,235.43,236.95,235.0,236.94,86676.531
2025-10-03 16:45:00+00:00,236.95,237.0,233.73,233.91,102977.329
2025-10-03 17:00:00+00:00,233.91,234.05,228.33,233.51,321583.522
2025-10-03 17:15:00+00:00,233.51,233.56,231.25,231.96,101411.899
2025-10-03 17:30:00+00:00,231.96,233.02,231.11,232.36,64210.403
2025-10-03 17:45:00+00:00,232.36,232.46,229.64,230.13,105513.5
2025-10-03 18:00:00+00:00,230.14,230.97,229.1,230.82,47799.274
2025-10-03 18:15:00+00:00,230.81,233.22,230.75,233.12,46575.321
2025-10-03 18:30:00+00:00,233.12,233.42,232.29,232.69,40064.353
2025-10-03 18:45:00+00:00,232.7,233.65,232.48,233.64,31108.796
2025-10-03 19:00:00+00:00,233.63,233.75,232.8,233.14,22630.218
2025-10-03 19:15:00+00:00,233.14,234.82,233.14,234.65,54939.656
2025-10-03 19:30:00+00:00,234.66,235.5,234.21,234.33,33762.498
2025-10-03 19:45:00+00:00,234.33,234.33,232.96,233.17,33537.455
2025-10-03 20:00:00+00:00,233.18,233.21,230.72,231.96,70300.169
2025-10-03 20:15:00+00:00,231.95,233.06,231.86,232.52,26135.516
2025-10-03 20:30:00+00:00,232.53,233.32,232.49,233.32,17525.443
2025-10-03 20:45:00+00:00,233.32,233.43,232.65,233.0,12597.039
2025-10-03 21:00:00+00:00,233.01,233.41,232.8,233.19,12853.285
2025-10-03 21:15:00+00:00,233.19,233.29,232.68,233.11,9335.113
2025-10-03 21:30:00+00:00,233.1,233.26,231.92,232.38,15163.893
2025-10-03 21:45:00+00:00,232.39,232.85,231.92,232.63,9424.73
2025-10-03 22:00:00+00:00,232.63,233.02,232.63,232.95,11265.87
2025-10-03 22:15:00+00:00,232.94,233.99,232.65,233.51,24652.053
2025-10-03 22:30:00+00:00,233.52,233.82,233.15,233.15,15969.0
2025-10-03 22:45:00+00:00,233.16,233.49,232.92,233.19,18381.907
2025-10-03 23:00:00+00:00,233.2,233.27,232.54,232.63,15237.576
2025-10-03 23:15:00+00:00,232.63,233.32,232.58,232.83,17564.213
2025-10-03 23:30:00+00:00,232.83,233.49,232.42,233.27,13047.823
2025-10-03 23:45:00+00:00,233.27,233.43,232.68,232.84,16862.324
2025-10-04 00:00:00+00:00,232.84,233.87,232.76,233.54,33460.204
2025-10-04 00:15:00+00:00,233.53,234.05,232.42,232.42,28292.303
2025-10-04 00:30:00+00:00,232.43,232.8,231.53,231.74,29114.159
2025-10-04 00:45:00+00:00,231.75,232.21,231.61,231.97,20167.331
2025-10-04 01:00:00+00:00,231.97,232.09,230.98,231.16,51227.662
2025-10-04 01:15:00+00:00,231.16,231.25,230.57,230.63,18883.751
2025-10-04 01:30:00+00:00,230.63,230.93,230.4,230.57,18539.599
2025-10-04 01:45:00+00:00,230.57,230.57,229.57,230.31,33322.302
2025-10-04 02:00:00+00:00,230.32,231.06,228.84,229.38,37688.711
2025-10-04 02:15:00+00:00,229.38,229.46,228.35,229.39,44557.023
2025-10-04 02:30:00+00:00,229.4,229.82,229.22,229.62,15225.345
2025-10-04 02:45:00+00:00,229.63,230.37,229.51,229.84,16708.77
2025-10-04 03:00:00+00:00,229.83,230.04,228.01,228.39,39361.407
2025-10-04 03:15:00+00:00,228.39,228.95,227.93,228.92,33522.959
2025-10-04 03:30:00+00:00,228.92,229.08,228.64,229.02,24087.729
2025-10-04 03:45:00+00:00,229.02,229.41,228.74,229.25,13067.659
2025-10-04 04:00:00+00:00,229.24,229.63,229.1,229.5,11525.28
2025-10-04 04:15:00+00:00,229.51,229.56,229.05,229.1,13971.584
2025-10-04 04:30:00+00:00,229.09,229.92,229.0,229.7,10861.932
2025-10-04 04:45:00+00:00,229.71,229.84,229.46,229.57,8809.211
2025-10-04 05:00:00+00:00,229.58,230.19,229.45,230.15,16464.921
2025-10-04 05:15:00+00:00,230.15,230.3,229.85,229.91,13262.1
2025-10-04 05:30:00+00:00,229.91,229.95,229.35,229.41,11870.27
2025-10-04 05:45:00+00:00,229.42,230.0,229.17,229.99,10196.315
2025-10-04 06:00:00+00:00,229.99,230.18,229.77,229.96,8441.307
2025-10-04 06:15:00+00:00,229.96,230.53,229.91,229.99,21812.666
2025-10-04 06:30:00+00:00,230.0,230.25,229.78,229.82,8186.573
2025-10-04 06:45:00+00:00,229.82,229.94,229.61,229.83,6143.275
2025-10-04 07:00:00+00:00,229.84,229.9,229.56,229.61,7586.376
2025-10-04 07:15:00+00:00,229.6,229.71,229.24,229.45,12452.858
2025-10-04 07:30:00+00:00,229.44,229.59,229.29,229.35,6190.758
2025-10-04 07:45:00+00:00,229.35,229.38,228.73,229.11,17718.431
2025-10-04 08:00:00+00:00,229.1,229.46,229.07,229.22,9602.127
2025-10-04 08:15:00+00:00,229.22,229.27,228.63,228.83,19178.382
2025-10-04 08:30:00+00:00,228.82,229.0,228.21,228.46,18895.504
2025-10-04 08:45:00+00:00,228.46,229.08,228.22,228.88,21646.164
2025-10-04 09:00:00+00:00,228.87,229.42,228.58,229.38,14206.821
2025-10-04 09:15:00+00:00,229.37,229.47,228.88,229.06,9334.536
2025-10-04 09:30:00+00:00,229.06,229.29,228.91,229.21,6881.827
2025-10-04 09:45:00+00:00,229.2,229.21,228.29,228.48,18496.286
2025-10-04 10:00:00+00:00,228.47,229.53,228.32,229.45,19697.278
2025-10-04 10:15:00+00:00,229.45,229.9,229.27,229.9,8233.598
2025-10-04 10:30:00+00:00,229.9,229.92,228.63,228.93,15510.993
2025-10-04 10:45:00+00:00,228.94,229.32,228.65,229.18,24549.814
2025-10-04 11:00:00+00:00,229.18,229.51,228.97,229.05,13106.784
2025-10-04 11:15:00+00:00,229.05,229.46,228.73,229.45,10307.183
2025-10-04 11:30:00+00:00,229.45,229.59,228.67,229.21,13215.975
2025-10-04 11:45:00+00:00,229.21,229.45,229.04,229.19,11457.344
2025-10-04 12:00:00+00:00,229.19,229.45,228.8,229.08,9298.265
2025-10-04 12:15:00+00:00,229.08,229.09,228.69,228.7,8964.95
2025-10-04 12:30:00+00:00,228.7,229.08,228.61,228.71,12466.508
2025-10-04 12:45:00+00:00,228.71,228.72,227.96,228.14,22890.942
2025-10-04 13:00:00+00:00,228.13,229.84,227.93,229.13,25175.777
2025-10-04 13:15:00+00:00,229.13,229.5,228.87,228.88,16773.332
2025-10-04 13:30:00+00:00,228.87,229.57,228.8,229.33,10732.836
2025-10-04 13:45:00+00:00,229.33,229.58,228.75,228.8,9457.891
2025-10-04 14:00:00+00:00,228.8,229.42,228.43,229.38,18656.245
2025-10-04 14:15:00+00:00,229.38,229.47,228.76,228.86,9538.883
2025-10-04 14:30:00+00:00,228.87,228.94,228.48,228.48,13655.642
2025-10-04 14:45:00+00:00,228.48,228.52,226.66,226.82,52397.65
2025-10-04 15:00:00+00:00,226.81,227.5,226.58,226.68,41415.81
2025-10-04 15:15:00+00:00,226.68,226.77,224.31,224.9,104564.531
2025-10-04 15:30:00+00:00,224.91,225.52,224.67,225.3,76125.145
2025-10-04 15:45:00+00:00,225.31,225.99,224.53,224.88,45234.456
2025-10-04 16:00:00+00:00,224.87,225.41,224.67,224.81,34406.713
2025-10-04 16:15:00+00:00,224.82,225.13,224.07,224.69,73860.892
2025-10-04 16:30:00+00:00,224.68,225.59,224.63,225.26,35190.796
2025-10-04 16:45:00+00:00,225.26,225.69,224.73,225.65,20810.337
2025-10-04 17:00:00+00:00,225.65,226.52,225.44,226.2,39881.848
2025-10-04 17:15:00+00:00,226.19,226.99,226.01,226.91,15147.933
2025-10-04 17:30:00+00:00,226.9,227.02,225.59,226.27,43791.47
2025-10-04 17:45:00+00:00,226.27,226.55,226.02,226.55,10349.955
2025-10-04 18:00:00+00:00,226.55,226.98,226.47,226.8,14724.71
2025-10-04 18:15:00+00:00,226.8,226.95,226.54,226.74,9095.587
2025-10-04 18:30:00+00:00,226.73,226.74,226.04,226.32,10970.603
2025-10-04 18:45:00+00:00,226.32,226.37,225.81,226.06,11204.683
2025-10-04 19:00:00+00:00,226.06,226.45,225.98,226.4,7710.939
2025-10-04 19:15:00+00:00,226.41,226.68,226.11,226.54,6491.799
2025-10-04 19:30:00+00:00,226.55,226.81,226.36,226.36,9380.421
2025-10-04 19:45:00+00:00,226.37,226.91,226.34,226.91,3728.506
2025-10-04 20:00:00+00:00,226.91,227.43,226.91,227.43,11600.009
2025-10-04 20:15:00+00:00,227.43,227.98,227.32,227.81,12284.541
2025-10-04 20:30:00+00:00,227.81,227.96,227.49,227.77,7027.556
2025-10-04 20:45:00+00:00,227.77,227.91,227.3,227.31,10848.041
2025-10-04 21:00:00+00:00,227.3,227.9,227.27,227.7,6522.865
2025-10-04 21:15:00+00:00,227.71,228.25,227.64,228.21,12346.235
2025-10-04 21:30:00+00:00,228.2,228.29,227.75,227.82,10931.501
2025-10-04 21:45:00+00:00,227.81,227.82,227.26,227.28,7487.647
2025-10-04 22:00:00+00:00,227.28,227.73,227.28,227.49,13113.461
2025-10-04 22:15:00+00:00,227.49,227.56,226.94,227.43,8860.495
2025-10-04 22:30:00+00:00,227.44,227.93,227.43,227.74,6101.026
2025-10-04 22:45:00+00:00,227.73,227.99,227.68,227.73,5706.337
2025-10-04 23:00:00+00:00,227.74,227.79,227.24,227.3,4840.989
2025-10-04 23:15:00+00:00,227.29,227.43,227.09,227.43,5768.282
2025-10-04 23:30:00+00:00,227.42,228.0,227.42,228.0,8135.259
2025-10-04 23:45:00+00:00,227.99,228.24,227.75,227.86,8698.919
2025-10-05 00:00:00+00:00,227.86,228.06,227.16,227.32,11771.912
2025-10-05 00:15:00+00:00,227.32,228.25,227.16,228.21,12701.115
2025-10-05 00:30:00+00:00,228.22,228.27,227.35,227.42,15327.037
2025-10-05 00:45:00+00:00,227.42,227.52,226.45,226.82,25412.096
2025-10-05 01:00:00+00:00,226.83,227.56,226.72,227.33,24245.676
2025-10-05 01:15:00+00:00,227.34,227.45,226.6,227.05,11047.851
2025-10-05 01:30:00+00:00,227.05,227.58,226.97,227.51,7797.606
2025-10-05 01:45:00+00:00,227.52,227.93,227.16,227.75,23856.264
2025-10-05 02:00:00+00:00,227.75,227.99,227.32,227.86,9312.074
2025-10-05 02:15:00+00:00,227.87,228.13,227.54,228.11,11457.166
2025-10-05 02:30:00+00:00,228.12,231.4,228.12,229.22,173804.174
2025-10-05 02:45:00+00:00,229.23,231.32,229.23,231.12,66969.263
2025-10-05 03:00:00+00:00,231.12,232.2,230.83,230.84,77697.213
2025-10-05 03:15:00+00:00,230.83,231.29,230.18,231.06,39873.242
2025-10-05 03:30:00+00:00,231.06,232.29,231.0,231.86,41178.084
2025-10-05 03:45:00+00:00,231.86,232.05,230.72,230.91,14185.56
2025-10-05 04:00:00+00:00,230.91,231.93,230.9,231.49,23265.771
2025-10-05 04:15:00+00:00,231.5,231.98,231.16,231.65,19654.216
2025-10-05 04:30:00+00:00,231.66,232.4,231.38,232.23,30532.249
2025-10-05 04:45:00+00:00,232.23,234.94,232.08,233.78,153759.162
2025-10-05 05:00:00+00:00,233.79,234.93,233.36,233.89,71740.327
2025-10-05 05:15:00+00:00,233.9,234.93,233.36,234.82,53040.62
2025-10-05 05:30:00+00:00,234.81,234.93,234.09,234.47,36554.449
2025-10-05 05:45:00+00:00,234.47,234.55,233.95,234.52,41799.258
2025-10-05 06:00:00+00:00,234.52,235.34,234.47,235.34,66354.118
2025-10-05 06:15:00+00:00,235.34,235.89,234.81,235.48,47019.444
2025-10-05 06:30:00+00:00,235.48,235.83,234.8,235.74,45803.997
2025-10-05 06:45:00+00:00,235.75,235.75,234.86,235.16,31153.35
2025-10-05 07:00:00+00:00,235.16,236.56,234.97,236.31,73549.911
2025-10-05 07:15:00+00:00,236.3,236.93,235.64,235.64,52668.014
2025-10-05 07:30:00+00:00,235.64,235.96,235.4,235.78,22315.774
2025-10-05 07:45:00+00:00,235.79,236.84,235.78,236.59,34952.967
2025-10-05 08:00:00+00:00,236.58,237.22,236.01,236.02,45437.701
2025-10-05 08:15:00+00:00,236.02,236.51,235.72,236.03,29184.519
2025-10-05 08:30:00+00:00,236.03,236.04,235.13,235.63,23879.774
2025-10-05 08:45:00+00:00,235.63,235.63,235.13,235.18,21817.546
2025-10-05 09:00:00+00:00,235.18,235.49,235.01,235.37,20524.98
2025-10-05 09:15:00+00:00,235.38,235.8,234.73,235.03,20085.452
2025-10-05 09:30:00+00:00,235.02,235.13,232.77,232.99,101121.621
2025-10-05 09:45:00+00:00,232.99,234.29,232.05,233.43,65470.008
2025-10-05 10:00:00+00:00,233.44,233.59,231.04,232.06,66075.078
2025-10-05 10:15:00+00:00,232.06,233.08,231.88,232.11,35795.395
2025-10-05 10:30:00+00:00,232.12,232.14,230.76,231.69,57324.338
2025-10-05 10:45:00+00:00,231.69,232.34,231.69,232.03,22529.338
2025-10-05 11:00:00+00:00,232.03,232.5,230.8,230.96,67233.324
2025-10-05 11:15:00+00:00,230.97,232.59,230.85,232.33,20155.085
2025-10-05 11:30:00+00:00,232.33,232.41,231.82,232.23,10941.877
2025-10-05 11:45:00+00:00,232.24,232.84,232.15,232.66,28824.91
2025-10-05 12:00:00+00:00,232.66,232.67,230.74,231.52,36399.826
2025-10-05 12:15:00+00:00,231.52,232.08,231.09,231.7,24018.882
2025-10-05 12:30:00+00:00,231.7,232.03,231.22,231.26,13375.229
2025-10-05 12:45:00+00:00,231.26,231.99,231.24,231.31,11410.655
2025-10-05 13:00:00+00:00,231.32,231.82,231.27,231.46,13064.787
2025-10-05 13:15:00+00:00,231.46,231.6,230.4,231.24,26398.381
2025-10-05 13:30:00+00:00,231.24,232.04,230.89,231.79,42826.061
2025-10-05 13:45:00+00:00,231.8,232.04,231.21,231.64,18975.187
2025-10-05 14:00:00+00:00,231.64,232.03,231.62,231.98,10126.155
2025-10-05 14:15:00+00:00,231.97,232.02,231.35,231.48,11322.221
2025-10-05 14:30:00+00:00,231.47,231.6,230.27,230.48,41896.104
2025-10-05 14:45:00+00:00,230.47,230.47,228.42,230.14,107315.801
2025-10-05 15:00:00+00:00,230.13,230.31,229.77,230.25,23239.013
2025-10-05 15:15:00+00:00,230.25,230.9,230.19,230.46,20802.488
2025-10-05 15:30:00+00:00,230.46,230.46,229.75,229.79,26119.547
2025-10-05 15:45:00+00:00,229.8,230.31,229.77,230.14,17290.7
2025-10-05 16:00:00+00:00,230.13,230.75,229.75,230.61,24482.201
2025-10-05 16:15:00+00:00,230.6,230.67,230.05,230.15,14629.027
2025-10-05 16:30:00+00:00,230.15,230.49,229.91,230.01,15898.615
2025-10-05 16:45:00+00:00,230.01,231.23,228.8,231.09,40763.197
2025-10-05 17:00:00+00:00,231.08,231.47,230.36,230.53,20327.4
2025-10-05 17:15:00+00:00,230.54,231.04,230.37,230.73,13973.465
2025-10-05 17:30:00+00:00,230.74,230.74,229.65,230.04,17125.832
2025-10-05 17:45:00+00:00,230.05,230.15,229.31,229.67,11184.754
2025-10-05 18:00:00+00:00,229.68,229.92,227.45,228.34,73569.442
2025-10-05 18:15:00+00:00,228.33,228.77,227.91,228.65,25125.139
2025-10-05 18:30:00+00:00,228.65,229.29,228.6,228.74,15391.007
2025-10-05 18:45:00+00:00,228.74,229.18,228.63,228.98,10613.071
2025-10-05 19:00:00+00:00,228.98,229.03,226.75,227.46,58665.129
2025-10-05 19:15:00+00:00,227.47,228.16,227.1,227.87,18100.756
2025-10-05 19:30:00+00:00,227.86,228.09,227.39,227.67,15545.414
2025-10-05 19:45:00+00:00,227.66,227.77,226.72,227.07,21919.467
2025-10-05 20:00:00+00:00,227.07,227.86,226.7,227.52,21608.399
2025-10-05 20:15:00+00:00,227.53,227.78,227.17,227.75,10281.138
2025-10-05 20:30:00+00:00,227.75,228.91,227.73,228.63,26275.55
2025-10-05 20:45:00+00:00,228.63,229.0,227.98,227.98,10028.697
2025-10-05 21:00:00+00:00,227.99,228.32,227.45,228.16,22363.275
2025-10-05 21:15:00+00:00,228.15,228.46,227.78,228.14,7539.754
2025-10-05 21:30:00+00:00,228.13,228.54,227.81,228.53,9329.628
2025-10-05 21:45:00+00:00,228.53,228.78,228.37,228.71,15458.848
2025-10-05 22:00:00+00:00,228.71,229.26,227.33,227.44,18619.541
2025-10-05 22:15:00+00:00,227.45,228.14,227.06,227.75,28585.507
2025-10-05 22:30:00+00:00,227.75,228.08,227.65,227.99,8989.511
2025-10-05 22:45:00+00:00,227.99,228.47,227.88,228.32,9595.744
2025-10-05 23:00:00+00:00,228.31,229.02,228.2,228.57,28851.513
2025-10-05 23:15:00+00:00,228.57,228.8,228.13,228.53,10291.068
2025-10-05 23:30:00+00:00,228.53,229.13,228.53,228.75,9589.192
2025-10-05 23:45:00+00:00,228.75,228.87,228.25,228.56,13130.302
2025-10-06 00:00:00+00:00,228.56,228.78,227.55,228.59,30465.924
2025-10-06 00:15:00+00:00,228.59,230.33,227.84,228.49,46492.165
2025-10-06 00:30:00+00:00,228.49,229.19,228.09,229.12,31540.348
2025-10-06 00:45:00+00:00,229.12,229.33,227.8,228.7,25856.108
2025-10-06 01:00:00+00:00,228.69,229.0,227.76,228.82,20014.573
2025-10-06 01:15:00+00:00,228.83,230.97,228.31,230.66,44294.141
2025-10-06 01:30:00+00:00,230.66,231.71,230.26,230.69,54500.008
2025-10-06 01:45:00+00:00,230.69,231.58,230.33,231.42,28366.73
2025-10-06 02:00:00+00:00,231.42,231.7,230.74,231.33,29701.389
2025-10-06 02:15:00+00:00,231.33,231.53,230.6,230.78,37828.544
2025-10-06 02:30:00+00:00,230.78,231.29,229.83,231.2,63619.559
2025-10-06 02:45:00+00:00,231.21,232.99,231.21,232.37,57207.795
2025-10-06 03:00:00+00:00,232.37,232.44,231.78,232.43,23792.154
2025-10-06 03:15:00+00:00,232.44,233.08,232.26,233.04,26304.946
2025-10-06 03:30:00+00:00,233.03,233.3,232.12,232.27,17210.394
2025-10-06 03:45:00+00:00,232.27,232.44,231.71,232.24,26772.379
2025-10-06 04:00:00+00:00,232.23,232.28,231.26,231.74,18243.996
2025-10-06 04:15:00+00:00,231.75,232.24,231.56,232.15,9899.763
2025-10-06 04:30:00+00:00,232.15,232.31,230.93,231.12,23069.958
2025-10-06 04:45:00+00:00,231.12,231.6,230.59,230.67,24234.682
2025-10-06 05:00:00+00:00,230.67,230.86,230.17,230.21,17475.23
2025-10-06 05:15:00+00:00,230.21,231.49,230.17,231.45,21628.331
2025-10-06 05:30:00+00:00,231.46,231.75,231.1,231.75,20156.758
2025-10-06 05:45:00+00:00,231.75,232.48,231.7,232.32,20628.379
2025-10-06 06:00:00+00:00,232.32,233.64,232.32,233.51,32836.658
2025-10-06 06:15:00+00:00,233.5,234.25,232.83,233.91,43081.577
2025-10-06 06:30:00+00:00,233.91,234.86,233.86,234.24,41121.549
2025-10-06 06:45:00+00:00,234.24,234.4,233.43,233.95,29214.267
2025-10-06 07:00:00+00:00,233.95,234.26,233.33,234.09,29128.106
2025-10-06 07:15:00+00:00,234.09,234.22,233.47,233.6,24624.678
2025-10-06 07:30:00+00:00,233.61,233.7,231.14,231.44,49511.788
2025-10-06 07:45:00+00:00,231.43,231.44,230.63,231.36,41253.221
2025-10-06 08:00:00+00:00,231.37,233.02,231.37,232.62,22987.776
2025-10-06 08:15:00+00:00,232.62,232.99,232.2,232.8,21918.942
2025-10-06 08:30:00+00:00,232.81,233.83,232.81,233.2,38319.87
2025-10-06 08:45:00+00:00,233.19,233.92,233.11,233.71,26357.609
2025-10-06 09:00:00+00:00,233.7,234.15,233.15,233.28,17259.563
2025-10-06 09:15:00+00:00,233.27,233.45,232.8,233.37,17249.403
2025-10-06 09:30:00+00:00,233.36,233.43,232.94,232.94,25496.188
2025-10-06 09:45:00+00:00,232.95,233.78,232.85,233.5,24863.608
2025-10-06 10:00:00+00:00,233.49,233.76,232.73,232.84,14842.782
2025-10-06 10:15:00+00:00,232.84,233.1,232.42,232.84,19811.298
2025-10-06 10:30:00+00:00,232.84,233.04,232.33,232.65,14033.291
2025-10-06 10:45:00+00:00,232.65,233.19,232.62,232.67,17535.452
2025-10-06 11:00:00+00:00,232.66,232.66,231.8,232.21,17319.317
2025-10-06 11:15:00+00:00,232.21,233.57,232.07,233.55,24855.623
2025-10-06 11:30:00+00:00,233.55,233.84,232.61,233.29,31443.128
2025-10-06 11:45:00+00:00,233.29,233.52,232.88,233.02,25521.411
2025-10-06 12:00:00+00:00,233.02,233.6,232.93,233.49,16512.581
2025-10-06 12:15:00+00:00,233.49,234.47,233.49,234.0,44104.122
2025-10-06 12:30:00+00:00,234.0,234.38,233.35,233.48,30076.816
2025-10-06 12:45:00+00:00,233.48,234.2,233.45,234.1,20611.563
2025-10-06 13:00:00+00:00,234.09,234.56,233.66,233.97,32155.911
2025-10-06 13:15:00+00:00,233.96,234.52,233.52,234.42,33347.618
2025-10-06 13:30:00+00:00,234.43,235.13,233.21,233.68,69950.142
2025-10-06 13:45:00+00:00,233.68,234.97,232.63,234.78,56763.439
2025-10-06 14:00:00+00:00,234.78,235.74,234.24,234.44,74529.192
2025-10-06 14:15:00+00:00,234.43,235.07,233.29,233.98,33091.872
2025-10-06 14:30:00+00:00,233.98,235.3,233.92,234.06,41578.69
2025-10-06 14:45:00+00:00,234.06,234.58,232.8,233.33,41115.734
2025-10-06 15:00:00+00:00,233.33,234.52,233.3,234.49,29871.118
2025-10-06 15:15:00+00:00,234.48,236.47,234.48,236.3,90112.825
2025-10-06 15:30:00+00:00,236.3,236.38,235.43,235.99,43530.681
2025-10-06 15:45:00+00:00,235.99,236.67,235.57,235.64,40144.385
2025-10-06 16:00:00+00:00,235.64,236.25,234.48,234.74,31816.917
2025-10-06 16:15:00+00:00,234.73,235.4,234.05,234.29,27983.682
2025-10-06 16:30:00+00:00,234.29,235.71,234.12,235.7,21280.463
2025-10-06 16:45:00+00:00,235.7,235.85,235.15,235.7,18768.672
2025-10-06 17:00:00+00:00,235.7,235.97,235.44,235.83,32735.251
2025-10-06 17:15:00+00:00,235.83,237.3,235.61,237.18,82632.822
2025-10-06 17:30:00+00:00,237.18,237.79,235.53,236.12,64227.91
2025-10-06 17:45:00+00:00,236.11,236.91,235.67,236.42,28322.174
2025-10-06 18:00:00+00:00,236.43,237.05,235.91,236.28,37405.622
2025-10-06 18:15:00+00:00,236.28,236.4,235.51,235.6,21620.788
2025-10-06 18:30:00+00:00,235.59,235.91,234.82,235.47,27405.324
2025-10-06 18:45:00+00:00,235.47,237.16,235.4,236.8,29548.914
2025-10-06 19:00:00+00:00,236.81,237.0,235.82,236.15,24466.203
2025-10-06 19:15:00+00:00,236.16,236.28,235.25,235.5,31203.867
2025-10-06 19:30:00+00:00,235.5,235.86,234.7,235.0,27705.986
2025-10-06 19:45:00+00:00,235.0,235.54,234.75,235.35,27388.313
2025-10-06 20:00:00+00:00,235.34,236.15,234.75,235.01,23352.119
2025-10-06 20:15:00+00:00,235.01,235.01,233.24,234.33,49047.208
2025-10-06 20:30:00+00:00,234.34,234.75,233.69,233.83,22391.405
2025-10-06 20:45:00+00:00,233.82,234.11,233.59,233.6,22286.968
2025-10-06 21:00:00+00:00,233.6,234.44,233.59,234.03,17276.994
2025-10-06 21:15:00+00:00,234.02,234.16,232.76,233.32,40085.715
2025-10-06 21:30:00+00:00,233.32,234.11,232.98,233.99,15964.37
2025-10-06 21:45:00+00:00,233.98,234.23,233.63,234.23,13278.141
2025-10-06 22:00:00+00:00,234.22,234.61,233.92,234.45,17978.77
2025-10-06 22:15:00+00:00,234.45,234.99,234.42,234.98,14372.898
2025-10-06 22:30:00+00:00,234.98,234.98,234.12,234.36,11426.9
2025-10-06 22:45:00+00:00,234.37,234.89,234.34,234.62,11758.014
2025-10-06 23:00:00+00:00,234.62,234.77,233.52,233.53,14599.074
2025-10-06 23:15:00+00:00,233.52,233.74,231.64,233.38,57676.437
2025-10-06 23:30:00+00:00,233.38,233.39,232.51,233.01,23821.297
2025-10-06 23:45:00+00:00,233.02,233.06,232.31,232.35,24711.109
2025-10-07 00:00:00+00:00,232.35,233.0,231.91,232.09,36906.971
2025-10-07 00:15:00+00:00,232.09,232.25,231.31,231.32,44013.943
2025-10-07 00:30:00+00:00,231.32,232.44,231.16,232.42,23944.013
2025-10-07 00:45:00+00:00,232.42,232.56,231.66,232.52,14847.117
2025-10-07 01:00:00+00:00,232.51,233.12,232.42,232.6,23878.766
2025-10-07 01:15:00+00:00,232.6,232.6,231.0,231.7,35626.706
2025-10-07 01:30:00+00:00,231.7,232.67,231.25,232.62,17975.405
2025-10-07 01:45:00+00:00,232.61,232.79,232.1,232.72,16936.128
2025-10-07 02:00:00+00:00,232.73,233.07,232.37,232.62,32512.278
2025-10-07 02:15:00+00:00,232.62,233.47,232.05,233.47,32966.724
2025-10-07 02:30:00+00:00,233.47,233.85,232.89,233.24,19380.863
2025-10-07 02:45:00+00:00,233.24,233.6,233.15,233.47,10483.222
2025-10-07 03:00:00+00:00,233.46,233.86,233.11,233.82,22894.754
2025-10-07 03:15:00+00:00,233.82,233.82,233.05,233.1,20511.881
2025-10-07 03:30:00+00:00,233.11,233.57,232.84,233.57,16305.788
2025-10-07 03:45:00+00:00,233.57,233.98,233.4,233.95,16127.217
2025-10-07 04:00:00+00:00,233.95,234.0,233.06,233.29,17536.359
2025-10-07 04:15:00+00:00,233.28,233.88,233.0,233.87,12262.636
2025-10-07 04:30:00+00:00,233.87,234.86,233.85,234.51,39277.15
2025-10-07 04:45:00+00:00,234.52,235.21,234.43,234.85,37165.63
2025-10-07 05:00:00+00:00,234.86,234.99,234.12,234.63,26848.75
2025-10-07 05:15:00+00:00,234.63,235.02,234.21,234.77,21500.523
2025-10-07 05:30:00+00:00,234.78,235.02,234.19,234.71,31257.388
2025-10-07 05:45:00+00:00,234.72,234.78,233.15,233.52,38696.691
2025-10-07 06:00:00+00:00,233.51,233.68,232.81,232.93,28817.437
2025-10-07 06:15:00+00:00,232.93,232.99,231.42,231.53,46352.614
2025-10-07 06:30:00+00:00,231.53,231.93,229.41,230.54,122695.42
2025-10-07 06:45:00+00:00,230.53,230.78,230.07,230.44,42088.012
2025-10-07 07:00:00+00:00,230.43,231.14,230.27,230.34,51813.427
2025-10-07 07:15:00+00:00,230.35,230.97,229.53,230.93,64900.838
2025-10-07 07:30:00+00:00,230.93,230.97,230.4,230.79,26116.091
2025-10-07 07:45:00+00:00,230.79,231.07,230.56,231.01,15374.061
2025-10-07 08:00:00+00:00,231.01,231.01,228.78,229.11,69239.305
2025-10-07 08:15:00+00:00,229.11,229.91,228.22,229.27,78250.763
2025-10-07 08:30:00+00:00,229.27,230.17,228.68,230.17,31727.816
2025-10-07 08:45:00+00:00,230.17,230.35,229.53,230.01,28183.915
2025-10-07 09:00:00+00:00,230.01,230.59,229.89,230.36,49521.791
2025-10-07 09:15:00+00:00,230.36,230.51,229.7,230.08,28121.555
2025-10-07 09:30:00+00:00,230.09,230.38,229.83,230.08,24110.344
2025-10-07 09:45:00+00:00,230.07,230.56,230.0,230.35,22857.723
2025-10-07 10:00:00+00:00,230.36,231.39,229.77,231.27,35285.799
2025-10-07 10:15:00+00:00,231.28,231.64,230.8,231.0,35138.714
2025-10-07 10:30:00+00:00,231.0,231.35,230.76,230.79,19229.219
2025-10-07 10:45:00+00:00,230.78,231.04,230.6,230.86,19393.841
2025-10-07 11:00:00+00:00,230.86,231.16,230.34,230.4,32478.779
2025-10-07 11:15:00+00:00,230.39,230.7,230.26,230.27,35388.265
2025-10-07 11:30:00+00:00,230.27,230.94,230.06,230.11,25379.316
2025-10-07 11:45:00+00:00,230.11,230.76,230.1,230.44,28684.375
2025-10-07 12:00:00+00:00,230.44,230.54,229.81,230.03,22037.048
2025-10-07 12:15:00+00:00,230.04,230.17,229.5,229.69,50392.166
2025-10-07 12:30:00+00:00,229.69,229.87,229.2,229.51,67218.337
2025-10-07 12:45:00+00:00,229.51,231.49,229.51,231.48,52295.78
2025-10-07 13:00:00+00:00,231.48,231.59,230.65,231.14,34049.536
2025-10-07 13:15:00+00:00,231.13,231.56,230.71,231.44,33557.818
2025-10-07 13:30:00+00:00,231.45,231.52,226.5,227.53,171516.384
2025-10-07 13:45:00+00:00,227.53,228.05,226.33,227.93,101294.568
2025-10-07 14:00:00+00:00,227.93,228.15,224.51,225.1,215377.516
2025-10-07 14:15:00+00:00,225.09,226.83,224.63,225.43,93924.749
2025-10-07 14:30:00+00:00,225.44,226.38,224.94,226.37,77073.543
2025-10-07 14:45:00+00:00,226.38,226.74,225.22,225.29,52691.969
2025-10-07 15:00:00+00:00,225.3,225.88,220.8,223.39,359981.999
2025-10-07 15:15:00+00:00,223.39,224.66,223.17,223.65,81202.246
2025-10-07 15:30:00+00:00,223.65,223.73,221.52,222.28,115463.267
2025-10-07 15:45:00+00:00,222.28,223.79,222.05,223.79,91312.798
2025-10-07 16:00:00+00:00,223.79,223.8,222.62,222.84,68144.42
2025-10-07 16:15:00+00:00,222.84,223.68,221.85,222.94,121254.492
2025-10-07 16:30:00+00:00,222.95,224.75,222.94,224.12,66028.201
2025-10-07 16:45:00+00:00,224.11,225.31,223.91,224.4,69264.479
2025-10-07 17:00:00+00:00,224.4,224.81,223.68,223.88,83629.07
2025-10-07 17:15:00+00:00,223.88,223.95,223.04,223.59,32716.726
2025-10-07 17:30:00+00:00,223.58,223.9,223.1,223.76,34707.689
2025-10-07 17:45:00+00:00,223.75,224.26,222.63,222.7,33945.174
2025-10-07 18:00:00+00:00,222.71,223.29,222.5,222.76,25870.195
2025-10-07 18:15:00+00:00,222.76,222.96,221.95,222.76,26333.834
2025-10-07 18:30:00+00:00,222.75,222.99,221.8,222.33,21978.596
2025-10-07 18:45:00+00:00,222.34,222.46,221.38,221.43,27404.92
2025-10-07 19:00:00+00:00,221.43,222.76,221.21,221.82,40155.495
2025-10-07 19:15:00+00:00,221.81,222.15,221.31,221.4,21392.785
2025-10-07 19:30:00+00:00,221.39,222.17,220.71,221.53,50532.983
2025-10-07 19:45:00+00:00,221.53,222.89,221.29,221.69,50020.977
2025-10-07 20:00:00+00:00,221.7,223.7,221.53,223.41,52694.858
2025-10-07 20:15:00+00:00,223.41,223.88,222.82,223.76,19868.568
2025-10-07 20:30:00+00:00,223.76,224.08,223.5,223.53,22420.822
2025-10-07 20:45:00+00:00,223.54,224.16,223.37,223.49,22668.104
2025-10-07 21:00:00+00:00,223.49,224.0,222.82,223.74,41142.692
2025-10-07 21:15:00+00:00,223.73,224.28,223.55,224.1,19299.247
2025-10-07 21:30:00+00:00,224.11,224.17,223.16,223.47,16138.265
2025-10-07 21:45:00+00:00,223.47,223.47,222.41,223.14,32987.965
2025-10-07 22:00:00+00:00,223.15,223.16,222.01,222.79,10467.172
2025-10-07 22:15:00+00:00,222.78,223.66,222.72,223.27,15903.384
2025-10-07 22:30:00+00:00,223.26,223.51,222.25,222.51,16916.291
2025-10-07 22:45:00+00:00,222.51,222.67,222.11,222.49,9593.759
2025-10-07 23:00:00+00:00,222.5,222.56,221.6,221.66,17857.759
2025-10-07 23:15:00+00:00,221.66,221.95,220.48,221.08,34495.709
2025-10-07 23:30:00+00:00,221.08,221.3,220.53,221.08,26037.494
2025-10-07 23:45:00+00:00,221.09,221.34,219.7,219.97,78777.585
2025-10-08 00:00:00+00:00,219.98,221.0,219.79,220.27,47488.387
2025-10-08 00:15:00+00:00,220.27,221.2,220.24,220.3,28693.354
2025-10-08 00:30:00+00:00,220.3,221.54,217.91,221.13,140613.361
2025-10-08 00:45:00+00:00,221.14,221.79,220.94,220.99,32862.308
2025-10-08 01:00:00+00:00,220.99,221.31,220.53,220.65,16048.622
2025-10-08 01:15:00+00:00,220.65,222.09,220.48,221.61,19417.099
2025-10-08 01:30:00+00:00,221.6,222.14,221.36,221.65,17000.831
2025-10-08 01:45:00+00:00,221.65,222.32,221.58,222.04,13123.271
2025-10-08 02:00:00+00:00,222.04,222.1,221.46,221.86,16244.523
2025-10-08 02:15:00+00:00,221.86,222.78,221.86,222.49,21109.07
2025-10-08 02:30:00+00:00,222.48,222.49,221.54,221.56,33729.076
2025-10-08 02:45:00+00:00,221.57,222.04,221.13,221.58,42798.014
2025-10-08 03:00:00+00:00,221.58,221.58,220.1,220.13,36756.454
2025-10-08 03:15:00+00:00,220.13,220.51,218.57,218.88,60164.644
2025-10-08 03:30:00+00:00,218.88,219.49,218.68,218.9,38682.465
2025-10-08 03:45:00+00:00,218.91,219.39,217.93,218.31,66802.965
2025-10-08 04:00:00+00:00,218.3,219.51,217.3,219.15,71621.426
2025-10-08 04:15:00+00:00,219.15,219.94,219.12,219.48,26604.817
2025-10-08 04:30:00+00:00,219.48,220.3,219.47,220.13,20306.189
2025-10-08 04:45:00+00:00,220.13,220.54,219.93,220.4,18837.663
2025-10-08 05:00:00+00:00,220.41,220.43,219.67,219.79,20136.65
2025-10-08 05:15:00+00:00,219.8,219.88,218.55,218.99,52330.236
2025-10-08 05:30:00+00:00,219.0,219.42,218.79,218.8,24510.045
2025-10-08 05:45:00+00:00,218.79,219.71,218.38,219.5,13748.929
2025-10-08 06:00:00+00:00,219.51,219.92,218.62,219.62,18079.784
2025-10-08 06:15:00+00:00,219.62,219.92,218.98,219.2,22406.985
2025-10-08 06:30:00+00:00,219.2,219.68,218.9,219.49,24013.42
2025-10-08 06:45:00+00:00,219.49,220.47,219.49,220.26,13565.089
2025-10-08 07:00:00+00:00,220.26,220.62,219.66,219.8,16090.289
2025-10-08 07:15:00+00:00,219.79,220.09,219.44,219.92,18323.114
2025-10-08 07:30:00+00:00,219.92,220.31,219.5,220.13,9670.524
2025-10-08 07:45:00+00:00,220.13,220.98,219.74,220.95,25699.446
2025-10-08 08:00:00+00:00,220.95,221.47,220.82,221.12,18575.275
2025-10-08 08:15:00+00:00,221.11,221.75,220.9,221.34,18653.957
2025-10-08 08:30:00+00:00,221.34,222.62,221.17,222.53,44617.021
2025-10-08 08:45:00+00:00,222.54,222.64,221.4,221.61,29589.386
2025-10-08 09:00:00+00:00,221.62,222.08,221.22,221.37,30086.004
2025-10-08 09:15:00+00:00,221.37,221.4,220.8,221.08,20238.589
2025-10-08 09:30:00+00:00,221.07,221.46,220.74,221.22,23495.484
2025-10-08 09:45:00+00:00,221.21,221.44,220.77,221.43,16282.833
2025-10-08 10:00:00+00:00,221.43,222.08,221.05,221.16,17836.115
2025-10-08 10:15:00+00:00,221.16,221.65,221.02,221.19,16171.047
2025-10-08 10:30:00+00:00,221.19,222.0,221.1,221.9,19312.813
2025-10-08 10:45:00+00:00,221.9,222.21,221.7,222.12,24588.609
2025-10-08 11:00:00+00:00,222.13,222.56,221.8,222.27,29886.221
2025-10-08 11:15:00+00:00,222.27,222.28,221.2,221.45,22786.763
2025-10-08 11:30:00+00:00,221.46,221.48,220.69,220.72,18977.646
2025-10-08 11:45:00+00:00,220.73,221.31,220.65,221.2,13864.416
2025-10-08 12:00:00+00:00,221.2,222.18,221.08,221.88,25908.256
2025-10-08 12:15:00+00:00,221.87,222.16,221.17,222.15,24346.46
2025-10-08 12:30:00+00:00,222.16,222.4,221.46,222.25,16304.108
2025-10-08 12:45:00+00:00,222.26,222.55,221.65,222.29,17841.908
2025-10-08 13:00:00+00:00,222.3,222.71,221.83,222.29,20732.721
2025-10-08 13:15:00+00:00,222.29,222.4,221.63,221.75,13358.48
2025-10-08 13:30:00+00:00,221.76,222.05,219.55,219.98,59674.801
2025-10-08 13:45:00+00:00,219.98,221.54,218.78,221.45,87381.26
2025-10-08 14:00:00+00:00,221.44,224.18,221.44,222.42,107583.757
2025-10-08 14:15:00+00:00,222.41,223.47,221.85,221.91,39738.672
2025-10-08 14:30:00+00:00,221.9,222.67,220.58,220.92,58104.193
2025-10-08 14:45:00+00:00,220.91,221.23,219.52,220.08,34120.368
2025-10-08 15:00:00+00:00,220.09,221.19,219.93,220.82,25567.335
2025-10-08 15:15:00+00:00,220.82,222.84,220.6,222.38,45665.313
2025-10-08 15:30:00+00:00,222.38,222.47,221.62,221.7,17413.131
2025-10-08 15:45:00+00:00,221.7,221.7,220.57,221.19,17708.689
2025-10-08 16:00:00+00:00,221.2,222.27,220.71,222.27,18469.468
2025-10-08 16:15:00+00:00,222.28,222.45,221.65,222.08,31111.192
2025-10-08 16:30:00+00:00,222.07,222.2,221.47,222.14,20799.111
2025-10-08 16:45:00+00:00,222.14,223.7,222.03,223.57,29724.632
2025-10-08 17:00:00+00:00,223.56,225.16,223.36,225.12,103800.698
2025-10-08 17:15:00+00:00,225.12,226.69,224.73,226.45,73615.761
2025-10-08 17:30:00+00:00,226.45,227.09,225.86,226.03,65930.612
2025-10-08 17:45:00+00:00,226.03,227.71,225.8,226.92,54920.825
2025-10-08 18:00:00+00:00,226.93,227.87,226.43,227.4,34079.705
2025-10-08 18:15:00+00:00,227.4,228.32,227.18,227.29,52529.083
2025-10-08 18:30:00+00:00,227.29,228.9,226.8,227.5,58258.598
2025-10-08 18:45:00+00:00,227.5,229.67,227.42,228.67,66902.668
2025-10-08 19:00:00+00:00,228.66,228.87,227.61,227.75,54056.11
2025-10-08 19:15:00+00:00,227.75,228.53,227.52,228.19,23533.399
2025-10-08 19:30:00+00:00,228.19,229.14,228.17,228.56,26209.491
2025-10-08 19:45:00+00:00,228.55,229.6,228.29,229.34,38878.161
2025-10-08 20:00:00+00:00,229.34,229.68,228.66,229.1,25806.225
2025-10-08 20:15:00+00:00,229.1,229.69,229.02,229.38,22505.52
2025-10-08 20:30:00+00:00,229.39,229.49,228.58,228.84,22015.149
2025-10-08 20:45:00+00:00,228.84,228.9,227.46,227.7,40893.181
2025-10-08 21:00:00+00:00,227.7,228.33,227.42,227.61,30588.999
2025-10-08 21:15:00+00:00,227.62,228.58,227.62,228.46,16941.63
2025-10-08 21:30:00+00:00,228.47,229.14,228.43,228.67,15068.54
2025-10-08 21:45:00+00:00,228.67,228.68,227.84,228.49,16113.646
2025-10-08 22:00:00+00:00,228.48,229.48,228.48,229.18,22987.139
2025-10-08 22:15:00+00:00,229.17,229.72,228.82,229.12,26065.726
2025-10-08 22:30:00+00:00,229.13,229.32,228.86,229.06,13202.711
2025-10-08 22:45:00+00:00,229.07,229.17,228.58,228.61,12741.654
2025-10-08 23:00:00+00:00,228.61,228.78,227.73,228.01,43335.957
2025-10-08 23:15:00+00:00,228.01,228.78,227.88,228.64,10333.779
2025-10-08 23:30:00+00:00,228.64,229.37,228.64,228.89,20492.058
2025-10-08 23:45:00+00:00,228.88,229.13,228.7,229.02,7958.536
2025-10-09 00:00:00+00:00,229.03,229.34,228.01,228.27,20620.96
2025-10-09 00:15:00+00:00,228.26,229.69,228.15,228.68,24263.339
2025-10-09 00:30:00+00:00,228.68,229.24,228.11,228.59,17296.899
2025-10-09 00:45:00+00:00,228.59,229.0,228.26,228.34,14956.177
2025-10-09 01:00:00+00:00,228.33,228.62,227.19,227.19,28016.856
2025-10-09 01:15:00+00:00,227.19,227.87,226.51,226.75,53885.855
2025-10-09 01:30:00+00:00,226.74,226.84,226.01,226.13,38906.183
2025-10-09 01:45:00+00:00,226.12,228.65,226.07,228.45,42111.127
2025-10-09 02:00:00+00:00,228.46,228.74,226.62,227.31,29868.579
2025-10-09 02:15:00+00:00,227.31,227.44,226.05,227.07,47896.553
2025-10-09 02:30:00+00:00,227.07,227.6,225.26,225.57,62239.41
2025-10-09 02:45:00+00:00,225.58,226.06,223.84,224.44,88644.296
2025-10-09 03:00:00+00:00,224.44,225.81,224.39,225.46,30871.274
2025-10-09 03:15:00+00:00,225.45,226.45,225.41,225.75,24979.627
2025-10-09 03:30:00+00:00,225.74,226.29,225.23,225.41,18481.062
2025-10-09 03:45:00+00:00,225.41,226.41,225.35,226.19,26864.312
2025-10-09 04:00:00+00:00,226.19,226.42,225.46,225.46,29117.312
2025-10-09 04:15:00+00:00,225.46,227.19,225.46,227.09,28327.917
2025-10-09 04:30:00+00:00,227.09,227.41,226.62,226.7,31986.609
2025-10-09 04:45:00+00:00,226.7,227.57,226.62,227.47,17170.999
2025-10-09 05:00:00+00:00,227.48,228.17,227.14,227.15,41177.458
2025-10-09 05:15:00+00:00,227.14,227.79,226.74,227.76,16674.131
2025-10-09 05:30:00+00:00,227.76,228.87,227.37,227.39,35415.592
2025-10-09 05:45:00+00:00,227.38,227.81,227.05,227.8,14981.934
2025-10-09 06:00:00+00:00,227.8,227.96,227.09,227.35,22826.972
2025-10-09 06:15:00+00:00,227.34,227.93,226.75,227.73,24919.114
2025-10-09 06:30:00+00:00,227.74,228.43,227.45,227.54,29755.456
2025-10-09 06:45:00+00:00,227.54,228.03,226.32,226.55,19794.161
2025-10-09 07:00:00+00:00,226.54,226.89,225.65,225.69,27555.653
2025-10-09 07:15:00+00:00,225.69,226.05,224.63,225.09,43857.501
2025-10-09 07:30:00+00:00,225.09,225.1,224.14,224.35,37067.812
2025-10-09 07:45:00+00:00,224.35,225.42,224.31,224.5,26842.184
2025-10-09 08:00:00+00:00,224.49,224.81,223.17,223.18,41350.558
2025-10-09 08:15:00+00:00,223.18,223.59,220.67,220.78,119475.099
2025-10-09 08:30:00+00:00,220.78,221.95,219.86,220.31,86928.949
2025-10-09 08:45:00+00:00,220.3,220.98,219.32,220.0,44964.824
2025-10-09 09:00:00+00:00,220.0,221.27,219.9,221.03,38585.662
2025-10-09 09:15:00+00:00,221.04,221.8,220.77,221.53,29090.817
2025-10-09 09:30:00+00:00,221.53,222.03,221.18,221.45,25922.284
2025-10-09 09:45:00+00:00,221.45,222.13,221.31,221.96,20202.74
2025-10-09 10:00:00+00:00,221.97,222.43,221.57,222.23,17959.606
2025-10-09 10:15:00+00:00,222.23,222.3,220.96,221.33,16877.592
2025-10-09 10:30:00+00:00,221.34,222.75,221.33,222.39,24375.134
2025-10-09 10:45:00+00:00,222.39,222.96,221.88,222.28,26737.252
2025-10-09 11:00:00+00:00,222.28,223.02,222.28,222.61,20511.198
2025-10-09 11:15:00+00:00,222.62,223.69,222.6,223.51,30114.721
2025-10-09 11:30:00+00:00,223.52,223.96,222.83,223.89,26500.973
2025-10-09 11:45:00+00:00,223.89,223.9,223.04,223.14,17659.932
2025-10-09 12:00:00+00:00,223.14,224.41,222.86,223.96,22540.578
2025-10-09 12:15:00+00:00,223.95,224.7,223.72,224.17,22787.631
2025-10-09 12:30:00+00:00,224.17,226.11,223.52,225.71,42816.686
2025-10-09 12:45:00+00:00,225.7,226.32,225.08,225.95,24460.535
2025-10-09 13:00:00+00:00,225.95,226.23,224.57,224.77,40873.585
2025-10-09 13:15:00+00:00,224.77,225.79,224.68,225.39,21567.575
2025-10-09 13:30:00+00:00,225.39,225.39,223.37,223.82,47393.121
2025-10-09 13:45:00+00:00,223.81,224.74,221.87,222.28,59803.88
2025-10-09 14:00:00+00:00,222.29,223.3,221.49,223.04,59893.97
2025-10-09 14:15:00+00:00,223.03,223.19,221.04,221.1,53843.368
2025-10-09 14:30:00+00:00,221.09,221.1,219.55,220.06,89694.091
2025-10-09 14:45:00+00:00,220.07,221.47,219.4,220.86,75106.799
2025-10-09 15:00:00+00:00,220.86,222.18,220.86,221.38,69445.483
2025-10-09 15:15:00+00:00,221.38,221.99,219.8,219.9,47584.513
2025-10-09 15:30:00+00:00,219.9,220.57,218.62,219.0,64995.297
2025-10-09 15:45:00+00:00,219.0,219.94,218.79,219.11,38250.359
2025-10-09 16:00:00+00:00,219.11,220.14,218.58,218.6,35983.042
2025-10-09 16:15:00+00:00,218.6,219.5,217.75,219.19,63341.608
2025-10-09 16:30:00+00:00,219.2,219.7,218.35,219.2,68153.09
2025-10-09 16:45:00+00:00,219.2,219.43,216.53,217.22,98456.225
2025-10-09 17:00:00+00:00,217.22,218.47,216.71,218.18,43697.699
2025-10-09 17:15:00+00:00,218.18,219.1,217.51,217.72,39393.604
2025-10-09 17:30:00+00:00,217.73,218.69,217.52,218.14,30358.113
2025-10-09 17:45:00+00:00,218.15,219.57,217.92,219.32,42786.234
2025-10-09 18:00:00+00:00,219.32,219.48,218.33,218.79,30925.089
2025-10-09 18:15:00+00:00,218.79,219.5,218.44,218.45,24555.879
2025-10-09 18:30:00+00:00,218.44,218.57,217.38,217.7,37472.302
2025-10-09 18:45:00+00:00,217.7,217.97,217.21,217.55,21952.993
2025-10-09 19:00:00+00:00,217.56,218.23,217.43,218.0,19135.7
2025-10-09 19:15:00+00:00,218.0,218.84,217.7,218.81,24506.618
2025-10-09 19:30:00+00:00,218.8,218.94,218.25,218.56,16357.961
2025-10-09 19:45:00+00:00,218.57,218.7,217.45,218.29,34397.742
2025-10-09 20:00:00+00:00,218.29,219.23,217.63,217.67,24910.42
2025-10-09 20:15:00+00:00,217.66,218.45,217.56,218.14,23028.694
2025-10-09 20:30:00+00:00,218.13,218.49,218.07,218.46,12925.975
2025-10-09 20:45:00+00:00,218.47,218.94,218.28,218.94,14344.357
2025-10-09 21:00:00+00:00,218.94,219.56,218.55,219.55,16862.287
2025-10-09 21:15:00+00:00,219.56,219.97,219.18,219.29,25421.658
2025-10-09 21:30:00+00:00,219.28,219.99,218.85,219.82,13903.262
2025-10-09 21:45:00+00:00,219.83,220.45,219.72,220.27,21232.149
2025-10-09 22:00:00+00:00,220.27,220.76,219.88,220.57,16123.752
2025-10-09 22:15:00+00:00,220.58,220.93,220.37,220.85,9719.007
2025-10-09 22:30:00+00:00,220.85,221.63,220.65,221.53,16286.98
2025-10-09 22:45:00+00:00,221.53,221.64,221.0,221.25,13635.569
2025-10-09 23:00:00+00:00,221.25,221.31,220.19,220.39,16725.305
2025-10-09 23:15:00+00:00,220.38,220.48,219.85,220.23,10311.244
2025-10-09 23:30:00+00:00,220.22,220.71,220.14,220.57,8629.095
2025-10-09 23:45:00+00:00,220.57,220.95,220.34,220.93,11731.652
2025-10-10 00:00:00+00:00,220.93,221.62,220.76,221.48,23852.671
2025-10-10 00:15:00+00:00,221.47,221.91,221.03,221.84,14163.895
2025-10-10 00:30:00+00:00,221.84,222.0,221.34,221.4,11778.225
2025-10-10 00:45:00+00:00,221.4,221.46,220.95,221.23,15886.106
2025-10-10 01:00:00+00:00,221.22,222.07,221.11,222.0,21324.23
2025-10-10 01:15:00+00:00,222.01,222.05,221.65,222.05,8785.732
2025-10-10 01:30:00+00:00,222.05,222.09,220.8,220.97,25259.013
2025-10-10 01:45:00+00:00,220.98,221.2,220.52,220.97,17180.263
2025-10-10 02:00:00+00:00,220.98,221.05,220.33,220.73,23145.812
2025-10-10 02:15:00+00:00,220.72,221.85,220.71,221.11,16655.039
2025-10-10 02:30:00+00:00,221.12,221.23,220.0,220.62,34006.533
2025-10-10 02:45:00+00:00,220.63,220.65,219.87,220.33,19817.471
2025-10-10 03:00:00+00:00,220.34,220.5,219.5,219.96,20757.144
2025-10-10 03:15:00+00:00,219.96,221.62,219.84,221.6,23475.219
2025-10-10 03:30:00+00:00,221.6,222.69,221.6,222.49,41300.029
2025-10-10 03:45:00+00:00,222.5,222.87,221.17,221.65,29241.636
2025-10-10 04:00:00+00:00,221.64,222.9,221.58,222.7,28057.11
2025-10-10 04:15:00+00:00,222.7,222.76,221.88,221.89,23946.873
2025-10-10 04:30:00+00:00,221.9,222.34,220.88,221.46,33771.457
2025-10-10 04:45:00+00:00,221.45,221.48,220.94,221.22,20555.736
2025-10-10 05:00:00+00:00,221.23,221.28,220.04,220.42,27116.99
2025-10-10 05:15:00+00:00,220.43,221.35,220.36,220.98,23383.3
2025-10-10 05:30:00+00:00,220.99,221.08,220.38,220.98,15239.944
2025-10-10 05:45:00+00:00,220.99,221.8,220.94,221.68,18711.67
2025-10-10 06:00:00+00:00,221.68,222.43,221.58,221.88,20329.13
2025-10-10 06:15:00+00:00,221.88,222.18,221.12,221.22,17953.724
2025-10-10 06:30:00+00:00,221.23,221.48,220.48,220.99,18924.862
2025-10-10 06:45:00+00:00,221.0,221.4,219.32,219.39,36899.517
2025-10-10 07:00:00+00:00,219.39,219.56,218.2,218.81,52694.845
2025-10-10 07:15:00+00:00,218.82,218.85,218.0,218.61,29616.369
2025-10-10 07:30:00+00:00,218.61,219.3,218.17,219.13,18569.687
2025-10-10 07:45:00+00:00,219.14,219.14,217.92,218.12,28412.737
2025-10-10 08:00:00+00:00,218.13,218.71,217.4,218.44,81292.456
2025-10-10 08:15:00+00:00,218.45,219.41,218.44,219.05,18367.835
2025-10-10 08:30:00+00:00,219.04,219.3,218.37,218.55,13065.449
2025-10-10 08:45:00+00:00,218.55,220.1,218.55,220.06,31160.059
2025-10-10 09:00:00+00:00,220.07,220.1,219.11,219.35,33049.251
2025-10-10 09:15:00+00:00,219.34,220.78,219.21,220.56,33539.014
2025-10-10 09:30:00+00:00,220.56,220.61,220.01,220.27,11694.668
2025-10-10 09:45:00+00:00,220.28,220.46,218.94,218.95,15679.224
2025-10-10 10:00:00+00:00,218.95,219.8,218.75,219.73,26888.608
2025-10-10 10:15:00+00:00,219.73,219.96,219.42,219.55,14314.188
2025-10-10 10:30:00+00:00,219.54,219.98,219.32,219.85,13493.959
2025-10-10 10:45:00+00:00,219.84,220.63,219.64,220.4,20785.937
2025-10-10 11:00:00+00:00,220.41,221.4,220.4,220.69,45985.019
2025-10-10 11:15:00+00:00,220.69,221.1,220.28,220.78,19646.308
2025-10-10 11:30:00+00:00,220.79,221.37,220.71,221.36,14790.947
2025-10-10 11:45:00+00:00,221.37,221.56,221.05,221.14,14076.759
2025-10-10 12:00:00+00:00,221.15,221.8,220.86,221.05,24514.659
2025-10-10 12:15:00+00:00,221.04,221.74,220.79,221.5,20884.134
2025-10-10 12:30:00+00:00,221.49,221.66,220.94,221.08,20715.67
2025-10-10 12:45:00+00:00,221.07,221.76,220.9,221.76,15772.19
2025-10-10 13:00:00+00:00,221.76,222.37,221.59,221.86,35084.192
2025-10-10 13:15:00+00:00,221.85,222.68,221.52,222.52,44763.022
2025-10-10 13:30:00+00:00,222.52,224.46,222.41,224.03,99733.136
2025-10-10 13:45:00+00:00,224.03,224.19,222.13,223.41,61702.68
2025-10-10 14:00:00+00:00,223.42,224.42,222.74,223.9,60984.073
2025-10-10 14:15:00+00:00,223.9,224.13,221.81,222.18,68876.251
2025-10-10 14:30:00+00:00,222.17,223.35,222.08,222.43,28495.244
2025-10-10 14:45:00+00:00,222.43,223.37,219.69,219.79,112267.769
2025-10-10 15:00:00+00:00,219.79,220.15,217.33,218.45,207691.601
2025-10-10 15:15:00+00:00,218.44,218.82,212.85,213.24,344162.848
2025-10-10 15:30:00+00:00,213.23,213.57,209.01,213.44,429932.173
2025-10-10 15:45:00+00:00,213.44,213.53,210.0,210.7,146041.767
2025-10-10 16:00:00+00:00,210.69,212.34,210.04,211.39,122862.13
2025-10-10 16:15:00+00:00,211.39,212.24,210.33,211.41,80316.239
2025-10-10 16:30:00+00:00,211.4,213.06,211.11,211.56,113216.089
2025-10-10 16:45:00+00:00,211.56,211.97,210.77,211.26,98859.112
2025-10-10 17:00:00+00:00,211.25,211.53,209.57,209.96,84915.749
2025-10-10 17:15:00+00:00,209.97,211.42,209.93,210.97,41417.32
2025-10-10 17:30:00+00:00,210.97,211.16,209.35,209.56,30679.08
2025-10-10 17:45:00+00:00,209.56,210.34,208.82,209.68,44127.234
2025-10-10 18:00:00+00:00,209.68,209.74,208.24,208.87,57287.467
2025-10-10 18:15:00+00:00,208.86,210.07,208.09,209.18,55955.029
2025-10-10 18:30:00+00:00,209.18,209.47,208.05,208.42,29489.923
2025-10-10 18:45:00+00:00,208.42,209.07,207.47,207.47,49867.663
2025-10-10 19:00:00+00:00,207.47,208.19,206.54,206.98,53166.098
2025-10-10 19:15:00+00:00,206.97,207.17,203.46,203.5,112299.925
2025-10-10 19:30:00+00:00,203.5,206.59,203.43,206.52,130809.023
2025-10-10 19:45:00+00:00,206.52,207.2,205.27,205.32,52344.875
2025-10-10 20:00:00+00:00,205.31,206.96,205.09,206.51,59154.979
2025-10-10 20:15:00+00:00,206.5,207.72,206.22,207.6,56412.4
2025-10-10 20:30:00+00:00,207.6,207.8,206.8,207.51,34336.266
2025-10-10 20:45:00+00:00,207.52,207.68,193.0,196.84,647871.023
2025-10-10 21:00:00+00:00,196.84,198.73,180.0,187.39,759715.804
2025-10-10 21:15:00+00:00,187.34,188.51,168.79,174.74,761191.23
2025-10-10 21:30:00+00:00,174.76,199.15,173.83,196.82,418728.854
2025-10-10 21:45:00+00:00,196.82,197.3,190.91,193.41,412010.674
2025-10-10 22:00:00+00:00,193.41,194.0,187.41,189.64,431618.194
2025-10-10 22:15:00+00:00,189.67,191.06,182.26,185.12,479902.593
2025-10-10 22:30:00+00:00,185.12,191.16,184.52,189.34,289374.099
2025-10-10 22:45:00+00:00,189.34,193.49,187.32,189.93,285562.97
2025-10-10 23:00:00+00:00,189.93,191.66,188.17,189.33,244148.963
2025-10-10 23:15:00+00:00,189.34,193.43,188.95,192.56,204926.111
2025-10-10 23:30:00+00:00,192.55,197.11,191.66,194.41,212068.634
2025-10-10 23:45:00+00:00,194.41,195.21,187.33,188.43,277935.62
2025-10-11 00:00:00+00:00,188.43,190.2,187.25,189.19,183873.051
2025-10-11 00:15:00+00:00,189.19,189.58,184.87,188.23,190717.187
2025-10-11 00:30:00+00:00,188.23,189.5,185.91,189.41,118016.894
2025-10-11 00:45:00+00:00,189.41,190.56,188.0,188.05,87602.44
2025-10-11 01:00:00+00:00,188.05,188.28,186.05,186.53,72462.522
2025-10-11 01:15:00+00:00,186.54,186.67,184.17,184.57,121312.369
2025-10-11 01:30:00+00:00,184.57,185.77,182.9,183.35,118626.522
2025-10-11 01:45:00+00:00,183.35,184.83,182.16,183.1,142464.643
2025-10-11 02:00:00+00:00,183.1,186.25,182.98,185.96,166063.813
2025-10-11 02:15:00+00:00,185.97,188.3,185.43,188.22,111468.728
2025-10-11 02:30:00+00:00,188.21,191.05,188.11,190.99,136446.195
2025-10-11 02:45:00+00:00,190.98,190.99,188.58,188.6,99136.974
2025-10-11 03:00:00+00:00,188.59,189.1,185.3,185.82,120720.56
2025-10-11 03:15:00+00:00,185.82,185.84,183.74,184.03,101963.183
2025-10-11 03:30:00+00:00,184.04,184.39,182.67,183.06,105997.75
2025-10-11 03:45:00+00:00,183.06,185.12,182.85,184.85,90477.189
2025-10-11 04:00:00+00:00,184.86,186.5,184.55,186.02,76683.43
2025-10-11 04:15:00+00:00,186.02,186.88,185.28,186.16,73962.576
2025-10-11 04:30:00+00:00,186.16,186.26,184.03,184.96,80335.44
2025-10-11 04:45:00+00:00,184.96,186.2,183.89,186.13,62320.691
2025-10-11 05:00:00+00:00,186.13,186.39,184.92,185.37,60165.592
2025-10-11 05:15:00+00:00,185.38,185.45,181.0,181.23,131164.783
2025-10-11 05:30:00+00:00,181.23,182.66,180.0,180.81,134053.324
2025-10-11 05:45:00+00:00,180.82,183.53,180.71,182.48,87737.253
2025-10-11 06:00:00+00:00,182.48,184.1,182.26,184.01,62400.312
2025-10-11 06:15:00+00:00,184.02,185.64,183.5,185.5,80006.286
2025-10-11 06:30:00+00:00,185.49,186.0,184.99,185.0,60725.948
2025-10-11 06:45:00+00:00,185.0,185.89,182.76,183.26,66435.502
2025-10-11 07:00:00+00:00,183.27,183.97,182.5,183.21,55039.324
2025-10-11 07:15:00+00:00,183.2,183.95,182.15,182.28,78672.002
2025-10-11 07:30:00+00:00,182.28,183.11,181.83,183.04,73247.058
2025-10-11 07:45:00+00:00,183.05,183.7,182.36,182.75,84700.307
2025-10-11 08:00:00+00:00,182.75,182.97,182.07,182.8,64035.751
2025-10-11 08:15:00+00:00,182.81,186.24,182.68,185.2,99075.61
2025-10-11 08:30:00+00:00,185.2,185.62,184.02,184.92,62414.486
2025-10-11 08:45:00+00:00,184.91,187.36,184.89,186.56,75445.206
2025-10-11 09:00:00+00:00,186.56,189.5,186.0,187.01,157343.283
2025-10-11 09:15:00+00:00,187.01,188.14,186.37,187.63,81595.656
2025-10-11 09:30:00+00:00,187.63,187.7,185.83,186.43,43414.272
2025-10-11 09:45:00+00:00,186.44,186.45,184.01,184.52,152004.905
2025-10-11 10:00:00+00:00,184.52,185.62,184.35,185.46,34395.918
2025-10-11 10:15:00+00:00,185.47,186.07,184.92,185.92,48218.811
2025-10-11 10:30:00+00:00,185.91,186.05,183.26,183.69,89756.337
2025-10-11 10:45:00+00:00,183.69,183.97,183.05,183.97,65281.147
2025-10-11 11:00:00+00:00,183.97,184.12,182.0,182.82,71378.751
2025-10-11 11:15:00+00:00,182.82,183.74,181.76,183.74,65731.683
2025-10-11 11:30:00+00:00,183.74,183.94,182.96,183.35,44774.812
2025-10-11 11:45:00+00:00,183.36,184.32,183.12,183.85,46546.764
2025-10-11 12:00:00+00:00,183.85,184.01,182.49,182.95,51069.794
2025-10-11 12:15:00+00:00,182.95,184.69,182.47,184.6,61923.674
2025-10-11 12:30:00+00:00,184.6,184.61,182.66,183.45,56571.69
2025-10-11 12:45:00+00:00,183.45,183.52,181.72,183.12,57537.024
2025-10-11 13:00:00+00:00,183.13,183.5,181.79,183.39,45648.215
2025-10-11 13:15:00+00:00,183.39,183.54,182.0,182.38,63647.857
2025-10-11 13:30:00+00:00,182.38,183.18,180.77,182.63,112325.438
2025-10-11 13:45:00+00:00,182.64,184.57,182.27,184.26,65200.837
2025-10-11 14:00:00+00:00,184.27,184.75,183.43,183.73,54598.866
2025-10-11 14:15:00+00:00,183.73,184.27,181.71,182.07,66679.569
2025-10-11 14:30:00+00:00,182.07,183.09,182.04,182.75,39003.835
2025-10-11 14:45:00+00:00,182.76,183.3,182.05,182.67,47124.972
2025-10-11 15:00:00+00:00,182.67,185.05,182.54,184.57,67856.775
2025-10-11 15:15:00+00:00,184.56,184.82,183.88,184.27,65975.154
2025-10-11 15:30:00+00:00,184.27,184.53,182.85,182.86,72659.869
2025-10-11 15:45:00+00:00,182.86,184.38,182.8,183.71,47355.777
2025-10-11 16:00:00+00:00,183.71,184.31,182.85,184.02,47682.262
2025-10-11 16:15:00+00:00,184.02,184.61,183.23,183.38,47573.176
2025-10-11 16:30:00+00:00,183.39,183.92,181.78,182.2,77006.294
2025-10-11 16:45:00+00:00,182.19,183.06,182.07,182.66,31967.185
2025-10-11 17:00:00+00:00,182.65,183.76,182.61,183.54,26121.419
2025-10-11 17:15:00+00:00,183.54,184.64,183.29,184.18,50391.478
2025-10-11 17:30:00+00:00,184.18,184.44,182.9,183.28,41459.719
2025-10-11 17:45:00+00:00,183.28,183.4,182.45,183.04,39595.118
2025-10-11 18:00:00+00:00,183.05,183.09,182.33,182.44,39859.353
2025-10-11 18:15:00+00:00,182.44,182.96,182.42,182.67,27857.826
2025-10-11 18:30:00+00:00,182.66,183.05,182.3,182.96,36186.223
2025-10-11 18:45:00+00:00,182.97,183.01,182.25,182.52,28232.297
2025-10-11 19:00:00+00:00,182.53,182.59,180.4,180.84,88824.567
2025-10-11 19:15:00+00:00,180.84,180.94,177.56,179.18,208404.606
2025-10-11 19:30:00+00:00,179.18,179.24,177.6,177.8,79120.0
2025-10-11 19:45:00+00:00,177.8,178.49,176.6,177.57,80486.509
2025-10-11 20:00:00+00:00,177.57,178.15,176.26,176.36,74103.185
2025-10-11 20:15:00+00:00,176.36,177.43,176.15,176.7,73173.245
2025-10-11 20:30:00+00:00,176.69,176.69,174.76,175.37,106729.945
2025-10-11 20:45:00+00:00,175.37,177.14,174.01,175.55,78683.692
2025-10-11 21:00:00+00:00,175.56,175.85,172.58,174.28,134605.648
2025-10-11 21:15:00+00:00,174.28,177.5,173.83,176.09,126165.55
2025-10-11 21:30:00+00:00,176.09,176.84,175.5,176.08,40143.052
2025-10-11 21:45:00+00:00,176.08,177.22,175.96,176.93,19855.921
2025-10-11 22:00:00+00:00,176.93,177.5,176.39,176.85,32875.204
2025-10-11 22:15:00+00:00,176.84,177.08,175.91,176.65,31128.064
2025-10-11 22:30:00+00:00,176.65,178.11,176.49,177.21,32948.513
2025-10-11 22:45:00+00:00,177.2,177.72,176.96,177.39,34326.905
2025-10-11 23:00:00+00:00,177.39,178.0,176.81,177.71,49525.962
2025-10-11 23:15:00+00:00,177.72,178.78,177.25,178.27,28942.782
2025-10-11 23:30:00+00:00,178.26,178.48,177.47,177.84,29697.224
2025-10-11 23:45:00+00:00,177.85,178.54,177.48,177.62,37121.738
2025-10-12 00:00:00+00:00,177.63,177.77,176.15,176.24,48572.875
2025-10-12 00:15:00+00:00,176.25,177.05,175.01,175.02,51507.654
2025-10-12 00:30:00+00:00,175.01,176.86,174.83,174.93,60026.968
2025-10-12 00:45:00+00:00,174.92,175.34,173.0,173.3,42775.83
2025-10-12 01:00:00+00:00,173.3,174.44,173.2,174.35,56400.847
2025-10-12 01:15:00+00:00,174.35,175.49,173.72,174.09,44666.57
2025-10-12 01:30:00+00:00,174.09,174.79,173.43,174.64,47024.457
2025-10-12 01:45:00+00:00,174.64,175.44,173.72,174.09,35809.581
2025-10-12 02:00:00+00:00,174.09,174.55,173.5,174.09,34201.781
2025-10-12 02:15:00+00:00,174.09,176.17,173.97,175.88,39370.506
2025-10-12 02:30:00+00:00,175.89,176.6,174.76,175.29,51362.775
2025-10-12 02:45:00+00:00,175.29,175.67,173.55,174.76,62752.895
2025-10-12 03:15:00+00:00,176.61,178.24,176.25,177.3,49572.693
2025-10-12 03:30:00+00:00,177.31,178.5,177.13,177.72,52981.027
2025-10-12 03:45:00+00:00,177.72,177.99,176.81,177.06,22745.311
2025-10-12 04:00:00+00:00,177.06,179.11,176.61,178.96,53543.806
2025-10-12 04:15:00+00:00,178.97,180.0,178.82,179.33,61000.847
2025-10-12 04:30:00+00:00,179.32,180.51,179.28,180.02,83840.011
2025-10-12 04:45:00+00:00,180.01,180.91,179.57,180.11,65804.336
2025-10-12 05:00:00+00:00,180.11,180.38,179.44,180.21,32573.453
2025-10-12 05:15:00+00:00,180.22,181.53,180.22,181.41,52260.127
2025-10-12 05:30:00+00:00,181.42,181.62,180.65,181.3,32552.126
2025-10-12 05:45:00+00:00,181.3,182.06,181.02,181.48,40856.552
2025-10-12 06:00:00+00:00,181.47,182.1,180.86,181.74,34925.992
2025-10-12 06:15:00+00:00,181.75,182.4,181.32,182.17,52919.786
2025-10-12 06:30:00+00:00,182.16,182.4,181.39,182.37,93765.211
2025-10-12 06:45:00+00:00,182.37,182.7,181.95,182.63,90749.158
2025-10-12 07:00:00+00:00,182.64,182.96,181.97,182.03,85327.606
2025-10-12 07:15:00+00:00,182.03,182.8,181.51,181.86,58032.029
2025-10-12 07:30:00+00:00,181.86,182.44,181.57,182.37,34727.346
2025-10-12 07:45:00+00:00,182.37,182.97,182.07,182.55,34476.654
2025-10-12 08:00:00+00:00,182.54,182.68,181.94,182.41,40772.93
2025-10-12 08:15:00+00:00,182.42,182.8,182.3,182.32,41790.21
2025-10-12 08:30:00+00:00,182.32,182.59,181.66,181.99,59528.85
2025-10-12 08:45:00+00:00,181.99,182.19,181.4,181.82,41565.177
2025-10-12 09:00:00+00:00,181.83,181.89,180.43,180.57,59842.517
2025-10-12 09:15:00+00:00,180.57,181.67,180.39,180.52,22639.551
2025-10-12 09:30:00+00:00,180.53,181.31,180.33,181.17,20592.794
2025-10-12 09:45:00+00:00,181.17,182.32,180.62,182.04,51612.944
2025-10-12 10:00:00+00:00,182.04,182.75,181.29,181.68,40026.313
2025-10-12 10:15:00+00:00,181.67,181.74,180.8,181.26,29400.762
2025-10-12 10:30:00+00:00,181.25,181.7,180.79,181.05,38152.876
2025-10-12 10:45:00+00:00,181.04,181.37,180.65,180.75,20364.766
2025-10-12 11:00:00+00:00,180.75,181.91,180.56,181.4,28966.762
2025-10-12 11:15:00+00:00,181.4,181.55,180.56,181.2,24878.142
2025-10-12 11:30:00+00:00,181.21,181.66,180.66,181.17,27649.361
2025-10-12 11:45:00+00:00,181.16,181.36,180.5,180.96,23424.312
2025-10-12 12:00:00+00:00,180.96,182.36,180.8,182.2,52427.084
2025-10-12 12:15:00+00:00,182.19,183.19,181.61,182.95,44986.194
2025-10-12 12:30:00+00:00,182.94,183.19,181.92,182.15,49672.096
2025-10-12 12:45:00+00:00,182.15,182.21,181.11,181.7,47236.203
2025-10-12 13:00:00+00:00,181.7,181.79,181.07,181.42,40040.701
2025-10-12 13:15:00+00:00,181.42,181.74,180.37,180.99,36760.682
2025-10-12 13:30:00+00:00,180.98,181.02,178.63,179.62,93536.087
2025-10-12 13:45:00+00:00,179.62,179.66,178.2,179.18,55869.385
2025-10-12 14:00:00+00:00,179.17,180.45,179.09,180.03,28881.131
2025-10-12 14:15:00+00:00,180.03,180.55,179.6,180.25,30652.231
2025-10-12 14:30:00+00:00,180.25,180.72,179.17,179.94,28136.159
2025-10-12 14:45:00+00:00,179.93,188.96,179.89,186.29,571611.491
2025-10-12 15:00:00+00:00,186.29,189.62,185.57,189.33,296306.943
2025-10-12 15:15:00+00:00,189.33,191.72,188.32,190.8,282778.978
2025-10-12 15:30:00+00:00,190.81,190.99,187.84,188.95,166479.36
2025-10-12 15:45:00+00:00,188.94,191.8,188.92,191.23,123017.56
2025-10-12 16:00:00+00:00,191.23,195.07,191.22,193.81,253147.329
2025-10-12 16:15:00+00:00,193.82,193.95,192.45,193.27,82928.441
2025-10-12 16:30:00+00:00,193.27,194.35,191.33,194.13,91762.922
2025-10-12 16:45:00+00:00,194.13,195.52,192.16,193.81,177828.416
2025-10-12 17:00:00+00:00,193.81,196.22,193.33,195.53,124270.179
2025-10-12 17:15:00+00:00,195.53,196.1,194.79,195.3,71954.635
2025-10-12 17:30:00+00:00,195.29,195.69,194.33,195.31,67628.457
2025-10-12 17:45:00+00:00,195.31,195.82,193.47,194.6,68987.814
2025-10-12 18:00:00+00:00,194.61,195.64,194.42,194.97,52883.695
2025-10-12 18:15:00+00:00,194.97,195.29,193.71,193.72,32217.239
2025-10-12 18:30:00+00:00,193.73,194.04,192.42,192.6,84386.488
2025-10-12 18:45:00+00:00,192.6,194.03,191.68,193.84,88771.111
2025-10-12 19:00:00+00:00,193.84,195.33,193.51,195.21,45075.983
2025-10-12 19:15:00+00:00,195.22,196.6,195.09,195.88,86292.995
2025-10-12 19:30:00+00:00,195.88,196.3,195.27,195.69,61621.938
2025-10-12 19:45:00+00:00,195.68,196.14,195.45,195.85,40170.616
2025-10-12 20:00:00+00:00,195.86,196.66,195.41,195.63,43021.738
2025-10-12 20:15:00+00:00,195.62,196.9,195.36,196.64,34303.545
2025-10-12 20:30:00+00:00,196.64,197.55,195.82,197.48,63650.965
2025-10-12 20:45:00+00:00,197.48,199.0,196.04,196.8,80805.85
2025-10-12 21:00:00+00:00,196.8,197.93,195.73,197.35,67486.437
2025-10-12 21:15:00+00:00,197.35,197.53,194.6,195.94,99753.966
2025-10-12 21:30:00+00:00,195.93,196.02,193.12,194.39,81006.235
2025-10-12 21:45:00+00:00,194.4,195.64,194.4,195.64,18671.85
2025-10-12 22:00:00+00:00,195.64,197.34,195.55,197.03,75412.671
2025-10-12 22:15:00+00:00,197.04,197.91,195.85,196.6,64295.055
2025-10-12 22:30:00+00:00,196.6,198.07,196.52,197.67,40990.046
2025-10-12 22:45:00+00:00,197.66,198.05,196.96,197.43,33266.728
2025-10-12 23:00:00+00:00,197.43,197.48,195.75,196.69,34482.242
2025-10-12 23:15:00+00:00,196.69,197.0,195.57,196.38,26100.996
2025-10-12 23:30:00+00:00,196.38,197.07,195.3,196.37,36712.653
2025-10-12 23:45:00+00:00,196.36,197.45,196.05,197.0,51550.32
2025-10-13 00:00:00+00:00,196.99,197.32,195.95,197.24,55085.279
2025-10-13 00:15:00+00:00,197.24,199.25,197.24,197.48,69812.651
2025-10-13 00:30:00+00:00,197.48,197.48,195.86,196.36,76870.507
2025-10-13 00:45:00+00:00,196.36,197.72,195.7,197.22,66779.305
2025-10-13 01:00:00+00:00,197.21,197.4,196.0,196.34,50622.807
2025-10-13 01:15:00+00:00,196.35,198.57,196.15,197.92,54678.919
2025-10-13 01:30:00+00:00,197.92,199.0,197.42,198.34,47998.526
2025-10-13 01:45:00+00:00,198.34,199.47,197.94,199.42,41190.45
2025-10-13 02:00:00+00:00,199.42,199.99,196.65,196.79,75311.374
2025-10-13 02:15:00+00:00,196.8,196.99,195.7,196.18,71888.084
2025-10-13 02:30:00+00:00,196.17,197.08,195.2,196.46,44995.225
2025-10-13 02:45:00+00:00,196.47,196.96,196.22,196.46,27182.376
2025-10-13 03:00:00+00:00,196.46,197.19,196.05,196.35,30162.491
2025-10-13 03:15:00+00:00,196.35,196.65,195.51,195.91,32826.25
2025-10-13 03:30:00+00:00,195.91,196.11,194.51,195.16,76541.062
2025-10-13 03:45:00+00:00,195.16,195.35,194.34,194.81,37495.122
2025-10-13 04:00:00+00:00,194.82,195.27,194.34,194.63,31681.718
2025-10-13 04:15:00+00:00,194.64,195.03,194.18,194.8,24489.732
2025-10-13 04:30:00+00:00,194.8,196.0,194.73,195.52,27266.714
2025-10-13 04:45:00+00:00,195.52,196.43,195.3,196.2,21662.114
2025-10-13 05:00:00+00:00,196.19,196.28,194.67,194.84,23630.309
2025-10-13 05:15:00+00:00,194.84,195.44,193.7,194.5,67984.802
2025-10-13 05:30:00+00:00,194.49,194.8,193.75,193.75,19280.393
2025-10-13 05:45:00+00:00,193.75,194.17,193.65,194.06,22766.457
2025-10-13 06:00:00+00:00,194.05,195.16,192.91,194.93,58162.72
2025-10-13 06:15:00+00:00,194.92,196.23,194.85,196.16,36197.576
2025-10-13 06:30:00+00:00,196.16,197.28,195.92,196.29,38054.994
2025-10-13 06:45:00+00:00,196.29,197.38,195.9,197.1,45421.321
2025-10-13 07:00:00+00:00,197.09,198.39,196.48,198.27,74221.2
2025-10-13 07:15:00+00:00,198.26,199.5,197.63,199.33,60555.073
2025-10-13 07:30:00+00:00,199.33,199.44,197.96,197.97,58420.245
2025-10-13 07:45:00+00:00,197.97,197.97,195.96,196.81,87859.727
2025-10-13 08:00:00+00:00,196.8,197.19,196.13,197.09,51413.65
2025-10-13 08:15:00+00:00,197.09,197.67,196.83,197.4,25596.692
2025-10-13 08:30:00+00:00,197.39,198.64,197.37,197.76,34866.604
2025-10-13 08:45:00+00:00,197.76,198.68,197.72,198.25,45024.389
2025-10-13 09:00:00+00:00,198.25,198.25,196.74,196.88,36148.844
2025-10-13 09:15:00+00:00,196.89,197.57,196.79,197.13,30760.209
2025-10-13 09:30:00+00:00,197.13,197.94,197.11,197.32,26937.664
2025-10-13 09:45:00+00:00,197.32,197.68,196.68,196.98,60429.171
2025-10-13 10:00:00+00:00,196.98,197.04,195.7,195.99,69606.555
2025-10-13 10:15:00+00:00,196.0,196.43,195.22,195.87,41071.962
2025-10-13 10:30:00+00:00,195.87,196.02,195.11,195.42,33670.918
2025-10-13 10:45:00+00:00,195.43,195.91,194.91,195.42,21777.6
2025-10-13 11:00:00+00:00,195.42,195.54,193.35,194.42,90058.69
2025-10-13 11:15:00+00:00,194.41,194.41,190.02,190.17,118499.372
2025-10-13 11:30:00+00:00,190.16,192.87,190.09,192.57,140321.271
2025-10-13 11:45:00+00:00,192.57,193.39,192.03,192.56,74902.17
2025-10-13 12:00:00+00:00,192.56,193.78,191.36,193.31,93529.599
2025-10-13 12:15:00+00:00,193.31,193.74,192.59,193.61,34240.746
2025-10-13 12:30:00+00:00,193.6,194.47,192.95,193.23,40566.247
2025-10-13 12:45:00+00:00,193.24,193.72,191.36,191.84,52220.4
2025-10-13 13:00:00+00:00,191.83,192.69,191.31,191.6,47752.287
2025-10-13 13:15:00+00:00,191.59,192.55,191.46,192.51,60242.097
2025-10-13 13:30:00+00:00,192.51,196.96,192.47,194.77,247458.867
2025-10-13 13:45:00+00:00,194.77,196.54,193.46,196.15,134485.29
2025-10-13 14:00:00+00:00,196.15,196.77,194.9,195.01,78464.857
2025-10-13 14:15:00+00:00,195.0,195.57,192.75,193.67,83439.931
2025-10-13 14:30:00+00:00,193.67,195.79,192.5,194.62,69985.961
2025-10-13 14:45:00+00:00,194.62,194.87,192.75,193.37,54545.646
2025-10-13 15:00:00+00:00,193.38,196.2,193.24,195.38,71981.786
2025-10-13 15:15:00+00:00,195.38,196.4,195.22,195.84,71348.497
2025-10-13 15:30:00+00:00,195.84,197.05,195.84,196.35,63288.766
2025-10-13 15:45:00+00:00,196.35,197.66,196.28,196.42,65287.473
2025-10-13 16:00:00+00:00,196.42,197.67,196.23,196.89,76462.564
2025-10-13 16:15:00+00:00,196.89,198.96,196.49,198.12,108807.679
2025-10-13 16:30:00+00:00,198.12,200.37,197.85,197.97,155572.037
2025-10-13 16:45:00+00:00,197.97,200.4,197.68,200.04,206106.072
2025-10-13 17:00:00+00:00,200.04,202.81,199.99,201.53,224386.645
2025-10-13 17:15:00+00:00,201.53,201.99,200.25,201.75,74880.259
2025-10-13 17:30:00+00:00,201.75,202.39,200.88,200.9,86928.634
2025-10-13 17:45:00+00:00,200.9,205.84,200.21,205.01,184542.983
2025-10-13 18:00:00+00:00,205.0,206.1,203.93,204.71,169529.113
2025-10-13 18:15:00+00:00,204.71,206.68,204.69,206.22,156145.081
2025-10-13 18:30:00+00:00,206.21,206.6,205.19,205.84,111004.08
2025-10-13 18:45:00+00:00,205.85,206.24,205.04,205.95,76104.166
2025-10-13 19:00:00+00:00,205.94,207.12,205.58,206.88,91110.413
2025-10-13 19:15:00+00:00,206.89,207.24,206.3,206.97,58946.712
2025-10-13 19:30:00+00:00,206.97,208.0,206.9,207.92,41589.096
2025-10-13 19:45:00+00:00,207.93,208.75,206.06,207.1,92524.997
2025-10-13 20:00:00+00:00,207.1,207.8,206.89,207.33,38211.265
2025-10-13 20:15:00+00:00,207.32,207.67,206.87,207.36,33075.289
2025-10-13 20:30:00+00:00,207.35,208.06,206.81,207.74,38369.465
2025-10-13 20:45:00+00:00,207.74,208.76,207.41,208.55,44322.543
2025-10-13 21:00:00+00:00,208.55,208.95,207.79,207.96,81182.913
2025-10-13 21:15:00+00:00,207.95,208.5,207.69,207.76,27992.519
2025-10-13 21:30:00+00:00,207.76,208.31,207.69,208.24,20740.442
2025-10-13 21:45:00+00:00,208.23,208.28,207.8,207.97,19613.979
2025-10-13 22:00:00+00:00,207.96,209.28,207.89,207.97,79666.654
2025-10-13 22:15:00+00:00,207.98,208.69,207.76,207.76,23654.646
2025-10-13 22:30:00+00:00,207.76,208.58,207.65,208.33,31683.846
2025-10-13 22:45:00+00:00,208.32,208.72,208.04,208.4,37401.608
2025-10-13 23:00:00+00:00,208.41,208.77,208.0,208.22,28565.983
2025-10-13 23:15:00+00:00,208.23,208.91,208.16,208.75,30979.357
2025-10-13 23:30:00+00:00,208.75,209.21,207.69,207.99,35934.443
2025-10-13 23:45:00+00:00,207.99,208.71,207.27,208.69,40106.294
2025-10-14 00:00:00+00:00,208.69,209.04,208.06,208.95,47351.449
2025-10-14 00:15:00+00:00,208.95,210.94,208.72,209.89,134683.943
2025-10-14 00:30:00+00:00,209.9,211.25,209.61,210.39,59510.748
2025-10-14 00:45:00+00:00,210.39,210.46,208.75,209.31,54986.951
2025-10-14 01:00:00+00:00,209.3,209.45,207.89,208.69,73799.012
2025-10-14 01:15:00+00:00,208.68,210.11,208.63,209.6,45401.008
2025-10-14 01:30:00+00:00,209.59,209.76,208.73,209.47,47395.788
2025-10-14 01:45:00+00:00,209.47,209.52,208.17,208.41,42727.301
2025-10-14 02:00:00+00:00,208.41,208.66,207.11,207.21,149832.698
2025-10-14 02:15:00+00:00,207.22,208.1,206.23,207.72,70187.617
2025-10-14 02:30:00+00:00,207.71,208.19,206.73,206.95,42047.842
2025-10-14 02:45:00+00:00,206.95,207.43,205.81,206.3,88615.561
2025-10-14 03:00:00+00:00,206.31,206.49,205.18,206.11,102494.224
2025-10-14 03:15:00+00:00,206.11,206.96,204.96,205.13,68967.465
2025-10-14 03:30:00+00:00,205.13,206.22,205.11,205.78,66108.277
2025-10-14 03:45:00+00:00,205.79,206.93,205.62,205.71,36784.84
2025-10-14 04:00:00+00:00,205.72,205.95,203.9,204.3,59306.114
2025-10-14 04:15:00+00:00,204.31,205.14,203.8,204.87,41645.087
2025-10-14 04:30:00+00:00,204.87,204.87,202.66,203.09,66821.369
2025-10-14 04:45:00+00:00,203.1,203.16,201.07,202.07,128762.717
2025-10-14 05:00:00+00:00,202.07,203.79,201.67,203.5,91856.835
2025-10-14 05:15:00+00:00,203.51,204.01,202.42,202.6,50862.885
2025-10-14 05:30:00+00:00,202.6,202.86,198.9,199.41,185060.202
2025-10-14 05:45:00+00:00,199.42,200.81,199.08,199.69,104867.559
2025-10-14 06:00:00+00:00,199.68,200.77,199.09,199.16,85023.127
2025-10-14 06:15:00+00:00,199.16,199.56,198.14,198.34,99678.442
2025-10-14 06:30:00+00:00,198.34,199.2,194.82,195.1,174799.124
2025-10-14 06:45:00+00:00,195.11,196.44,192.0,195.31,218780.637
2025-10-14 07:00:00+00:00,195.32,196.8,194.7,196.12,89273.823
2025-10-14 07:15:00+00:00,196.13,197.23,194.95,195.97,73614.118
2025-10-14 07:30:00+00:00,195.98,196.08,193.85,194.61,82740.306
2025-10-14 07:45:00+00:00,194.6,195.01,193.42,194.47,121910.224
2025-10-14 08:00:00+00:00,194.46,194.83,193.16,194.36,89515.198
2025-10-14 08:15:00+00:00,194.36,195.94,193.34,195.84,65122.226
2025-10-14 08:30:00+00:00,195.85,197.47,195.53,196.89,88760.935
2025-10-14 08:45:00+00:00,196.89,196.98,195.33,196.15,53909.007
2025-10-14 09:00:00+00:00,196.15,196.92,195.79,196.08,34432.261
2025-10-14 09:15:00+00:00,196.07,197.58,195.82,197.03,37715.501
2025-10-14 09:30:00+00:00,197.02,197.5,195.73,195.9,47831.224
2025-10-14 09:45:00+00:00,195.9,196.16,194.09,194.87,78447.703
2025-10-14 10:00:00+00:00,194.86,194.89,192.91,193.59,88684.916
2025-10-14 10:15:00+00:00,193.58,193.63,191.33,192.65,131834.099
2025-10-14 10:30:00+00:00,192.64,194.6,191.03,193.25,101539.051
2025-10-14 10:45:00+00:00,193.25,194.33,192.69,194.24,51797.103
2025-10-14 11:00:00+00:00,194.25,197.08,194.05,195.98,83519.699
2025-10-14 11:15:00+00:00,195.99,196.19,195.33,195.81,45836.905
2025-10-14 11:30:00+00:00,195.8,196.3,195.15,195.16,47530.304
2025-10-14 11:45:00+00:00,195.16,196.1,194.94,195.32,46022.942
2025-10-14 12:00:00+00:00,195.33,195.36,193.6,194.55,58959.931
2025-10-14 12:15:00+00:00,194.55,194.57,192.7,193.66,83029.791
2025-10-14 12:30:00+00:00,193.66,193.78,192.35,193.15,63172.28
2025-10-14 12:45:00+00:00,193.15,194.2,192.63,193.34,58456.794
2025-10-14 13:00:00+00:00,193.35,194.19,192.2,193.2,66129.11
2025-10-14 13:15:00+00:00,193.19,194.04,191.9,193.76,71119.427
2025-10-14 13:30:00+00:00,193.77,194.66,191.5,193.61,127776.482
2025-10-14 13:45:00+00:00,193.6,195.66,192.95,195.02,125422.457
2025-10-14 14:00:00+00:00,195.01,196.91,194.39,196.84,90932.852
2025-10-14 14:15:00+00:00,196.84,198.85,196.63,197.99,164198.475
2025-10-14 14:30:00+00:00,197.99,198.0,194.91,197.27,104054.087
2025-10-14 14:45:00+00:00,197.27,198.5,195.83,195.89,70215.458
2025-10-14 15:00:00+00:00,195.89,197.07,194.7,195.04,68049.643
2025-10-14 15:15:00+00:00,195.04,196.22,194.53,195.89,39705.553
2025-10-14 15:30:00+00:00,195.89,199.07,195.79,198.62,113171.327
2025-10-14 15:45:00+00:00,198.62,202.64,198.57,202.22,209129.88
2025-10-14 16:00:00+00:00,202.23,202.4,200.03,201.67,94345.59
2025-10-14 16:15:00+00:00,201.68,206.48,201.4,203.82,239238.617
2025-10-14 16:30:00+00:00,203.83,204.47,201.11,203.05,119246.838
2025-10-14 16:45:00+00:00,203.06,205.07,201.75,202.53,112094.892
2025-10-14 17:00:00+00:00,202.52,204.68,199.28,203.76,198896.694
2025-10-14 17:15:00+00:00,203.77,204.08,202.43,202.94,81477.796
2025-10-14 17:30:00+00:00,202.95,203.65,201.13,202.27,89568.963
2025-10-14 17:45:00+00:00,202.26,202.81,201.51,201.76,44828.249
2025-10-14 18:00:00+00:00,201.77,203.95,201.38,203.65,59635.013
2025-10-14 18:15:00+00:00,203.66,204.22,202.9,203.34,33208.247
2025-10-14 18:30:00+00:00,203.35,204.18,201.78,202.2,43649.941
2025-10-14 18:45:00+00:00,202.2,203.08,200.52,201.55,49595.147
2025-10-14 19:00:00+00:00,201.56,203.0,201.41,202.98,32773.777
2025-10-14 19:15:00+00:00,202.99,203.79,202.83,203.18,32388.812
2025-10-14 19:30:00+00:00,203.19,203.34,197.05,197.92,230296.281
2025-10-14 19:45:00+00:00,197.92,200.26,197.59,198.54,85522.097
2025-10-14 20:00:00+00:00,198.54,199.95,198.17,198.99,53848.674
2025-10-14 20:15:00+00:00,198.98,200.16,198.89,199.81,26898.325
2025-10-14 20:30:00+00:00,199.8,200.4,199.31,200.24,28521.254
2025-10-14 20:45:00+00:00,200.24,200.61,199.78,200.6,17015.744
2025-10-14 21:00:00+00:00,200.61,200.76,198.61,198.76,25975.189
2025-10-14 21:15:00+00:00,198.77,200.0,198.31,199.72,28971.209
2025-10-14 21:30:00+00:00,199.72,200.55,199.71,200.4,20083.786
2025-10-14 21:45:00+00:00,200.39,201.53,200.12,201.23,19843.506
2025-10-14 22:00:00+00:00,201.24,202.17,201.24,201.5,26404.76
2025-10-14 22:15:00+00:00,201.5,201.65,200.9,200.98,13457.389
2025-10-14 22:30:00+00:00,200.98,201.45,200.54,201.27,19033.239
2025-10-14 22:45:00+00:00,201.26,201.83,200.3,201.44,17547.749
2025-10-14 23:00:00+00:00,201.44,202.99,201.44,202.55,23808.718
2025-10-14 23:15:00+00:00,202.56,203.29,202.41,202.97,23884.45
2025-10-14 23:30:00+00:00,202.97,203.42,202.67,202.72,22550.609
2025-10-14 23:45:00+00:00,202.73,203.37,202.03,202.44,22636.406
2025-10-15 00:00:00+00:00,202.45,203.23,201.57,201.58,35782.378
2025-10-15 00:15:00+00:00,201.59,202.9,201.31,202.13,49489.97
2025-10-15 00:30:00+00:00,202.13,203.0,201.22,201.99,41811.795
2025-10-15 00:45:00+00:00,201.99,204.05,201.87,203.98,53451.77
2025-10-15 01:00:00+00:00,203.97,204.1,201.52,202.4,52186.31
2025-10-15 01:15:00+00:00,202.39,203.0,201.83,201.85,28222.16
2025-10-15 01:30:00+00:00,201.85,202.05,201.12,202.02,36318.739
2025-10-15 01:45:00+00:00,202.01,203.94,201.94,203.69,43883.3
2025-10-15 02:00:00+00:00,203.7,205.11,203.05,204.79,64475.56
2025-10-15 02:15:00+00:00,204.8,205.82,204.15,205.64,61723.358
2025-10-15 02:30:00+00:00,205.63,205.73,203.75,203.86,49202.309
2025-10-15 02:45:00+00:00,203.86,204.28,203.32,203.4,28891.49
2025-10-15 03:00:00+00:00,203.39,203.75,202.34,202.67,53542.742
2025-10-15 03:15:00+00:00,202.67,202.92,201.32,202.66,56145.389
2025-10-15 03:30:00+00:00,202.66,202.69,201.13,201.49,39973.071
2025-10-15 03:45:00+00:00,201.5,202.17,200.89,201.65,39413.6
2025-10-15 04:00:00+00:00,201.65,201.78,200.47,201.4,37456.095
2025-10-15 04:15:00+00:00,201.39,202.44,201.21,202.24,28772.96
2025-10-15 04:30:00+00:00,202.23,202.67,201.95,202.26,17731.249
2025-10-15 04:45:00+00:00,202.27,203.55,202.07,203.46,24474.466
2025-10-15 05:00:00+00:00,203.47,203.99,203.25,203.97,35271.562
2025-10-15 05:15:00+00:00,203.97,204.48,203.17,203.35,36484.893
2025-10-15 05:30:00+00:00,203.35,204.84,202.81,204.52,42922.424
2025-10-15 05:45:00+00:00,204.53,204.83,203.98,204.43,24271.404
2025-10-15 06:00:00+00:00,204.44,205.45,203.26,203.82,56002.716
2025-10-15 06:15:00+00:00,203.82,204.09,202.13,202.59,62824.787
2025-10-15 06:30:00+00:00,202.59,205.35,201.95,203.97,86772.349
2025-10-15 06:45:00+00:00,203.96,204.67,203.83,204.64,36466.055
2025-10-15 07:00:00+00:00,204.64,204.98,203.6,204.6,45023.236
2025-10-15 07:15:00+00:00,204.61,205.08,204.01,204.05,64175.838
2025-10-15 07:30:00+00:00,204.05,204.41,203.3,203.56,30850.041
2025-10-15 07:45:00+00:00,203.55,204.73,203.22,204.66,42027.168
2025-10-15 08:00:00+00:00,204.65,206.13,204.46,206.08,59234.811
2025-10-15 08:15:00+00:00,206.08,207.75,205.65,207.51,120393.527
2025-10-15 08:30:00+00:00,207.5,208.91,206.61,206.61,139038.659
2025-10-15 08:45:00+00:00,206.62,206.63,205.49,206.14,54245.533
2025-10-15 09:00:00+00:00,206.15,207.08,205.7,206.84,36789.313
2025-10-15 09:15:00+00:00,206.83,207.12,205.69,206.32,35645.427
2025-10-15 09:30:00+00:00,206.31,207.14,205.34,206.77,37096.333
2025-10-15 09:45:00+00:00,206.77,207.34,205.6,205.99,38478.639
2025-10-15 10:00:00+00:00,205.99,206.33,205.14,206.16,35598.518
2025-10-15 10:15:00+00:00,206.15,206.16,204.78,205.12,30879.906
2025-10-15 10:30:00+00:00,205.12,205.31,203.68,204.17,79725.39
2025-10-15 10:45:00+00:00,204.16,204.35,203.48,203.9,39523.787
2025-10-15 11:00:00+00:00,203.89,204.83,203.69,203.75,34255.727
2025-10-15 11:15:00+00:00,203.74,203.89,202.04,202.98,78822.022
2025-10-15 11:30:00+00:00,202.97,203.3,202.1,203.28,31917.731
2025-10-15 11:45:00+00:00,203.27,203.27,202.53,202.6,22418.79
2025-10-15 12:00:00+00:00,202.59,203.23,202.0,203.05,33910.52
2025-10-15 12:15:00+00:00,203.04,203.6,201.66,201.84,42619.694
2025-10-15 12:30:00+00:00,201.83,202.99,201.77,202.97,34067.252
2025-10-15 12:45:00+00:00,202.97,203.69,202.71,203.06,44287.872
2025-10-15 13:00:00+00:00,203.05,203.05,201.03,201.97,48333.991
2025-10-15 13:15:00+00:00,201.96,202.56,201.58,201.62,48269.256
2025-10-15 13:30:00+00:00,201.61,204.32,200.61,201.67,162200.975
2025-10-15 13:45:00+00:00,201.67,202.12,198.04,201.16,233307.31
2025-10-15 14:00:00+00:00,201.17,204.74,201.02,204.01,160619.371
2025-10-15 14:15:00+00:00,204.02,204.87,202.49,202.85,83359.253
2025-10-15 14:30:00+00:00,202.85,202.92,200.0,200.54,107469.868
2025-10-15 14:45:00+00:00,200.55,200.62,198.37,199.5,158671.96
2025-10-15 15:00:00+00:00,199.5,200.32,197.48,198.66,130725.663
2025-10-15 15:15:00+00:00,198.65,200.11,197.67,198.81,77379.289
2025-10-15 15:30:00+00:00,198.81,199.12,196.52,197.21,86987.989
2025-10-15 15:45:00+00:00,197.2,197.55,196.18,197.13,83978.303
2025-10-15 16:00:00+00:00,197.14,198.34,197.02,197.7,59495.697
2025-10-15 16:15:00+00:00,197.69,198.73,196.83,198.26,49114.327
2025-10-15 16:30:00+00:00,198.25,198.55,197.18,197.46,43387.567
2025-10-15 16:45:00+00:00,197.46,198.31,197.05,197.38,51294.413
2025-10-15 17:00:00+00:00,197.38,197.46,195.68,195.73,67434.407
2025-10-15 17:15:00+00:00,195.74,196.8,195.38,195.86,77908.341
2025-10-15 17:30:00+00:00,195.86,196.69,195.17,196.35,68454.683
2025-10-15 17:45:00+00:00,196.36,198.16,196.36,198.15,82049.061
2025-10-15 18:00:00+00:00,198.15,198.29,196.85,197.12,37627.45
2025-10-15 18:15:00+00:00,197.11,198.29,197.0,197.27,32828.533
2025-10-15 18:30:00+00:00,197.26,197.31,196.3,196.81,25061.412
2025-10-15 18:45:00+00:00,196.8,198.28,196.39,198.04,29146.277
2025-10-15 19:00:00+00:00,198.04,198.08,195.57,195.97,59129.735
2025-10-15 19:15:00+00:00,195.97,197.23,195.69,196.64,42752.547
2025-10-15 19:30:00+00:00,196.63,196.88,194.73,195.42,66198.346
2025-10-15 19:45:00+00:00,195.41,195.47,194.18,194.81,68290.895
2025-10-15 20:00:00+00:00,194.81,195.86,194.72,195.29,34607.971
2025-10-15 20:15:00+00:00,195.3,196.62,193.97,194.25,57729.808
2025-10-15 20:30:00+00:00,194.25,195.17,192.24,195.11,140428.283
2025-10-15 20:45:00+00:00,195.11,195.62,193.96,194.2,68449.667
2025-10-15 21:00:00+00:00,194.19,194.64,192.4,193.3,63217.625
2025-10-15 21:15:00+00:00,193.29,194.6,192.46,194.24,44774.666
2025-10-15 21:30:00+00:00,194.24,195.28,193.74,193.91,47619.172
2025-10-15 21:45:00+00:00,193.92,194.11,192.04,192.88,40175.299
2025-10-15 22:00:00+00:00,192.89,194.0,192.6,193.92,26560.548
2025-10-15 22:15:00+00:00,193.92,194.6,193.58,193.76,28583.427
2025-10-15 22:30:00+00:00,193.76,194.59,193.64,193.98,21629.571
2025-10-15 22:45:00+00:00,193.98,194.12,192.74,193.33,44293.849
2025-10-15 23:00:00+00:00,193.33,194.15,193.0,193.89,19880.86
2025-10-15 23:15:00+00:00,193.88,194.3,193.33,194.05,16560.696
2025-10-15 23:30:00+00:00,194.05,194.83,193.86,194.5,19913.999
2025-10-15 23:45:00+00:00,194.5,194.61,193.65,193.84,18262.444
2025-10-16 00:00:00+00:00,193.84,194.51,193.17,193.17,23757.838
2025-10-16 00:15:00+00:00,193.18,194.6,193.17,194.38,24329.79
2025-10-16 00:30:00+00:00,194.38,194.42,193.44,193.89,30602.857
2025-10-16 00:45:00+00:00,193.89,194.46,193.74,193.92,18362.966
2025-10-16 01:00:00+00:00,193.91,195.44,193.82,194.8,29806.573
2025-10-16 01:15:00+00:00,194.79,195.07,193.81,194.16,29992.583
2025-10-16 01:30:00+00:00,194.15,194.81,193.9,194.43,23599.686
2025-10-16 01:45:00+00:00,194.42,195.44,194.06,195.12,21833.896
2025-10-16 02:00:00+00:00,195.12,196.19,194.51,195.54,32943.272
2025-10-16 02:15:00+00:00,195.53,195.95,195.22,195.85,16888.397
2025-10-16 02:30:00+00:00,195.85,195.88,194.24,194.44,42004.293
2025-10-16 02:45:00+00:00,194.44,195.55,194.25,195.49,18829.721
2025-10-16 03:00:00+00:00,195.5,195.81,194.8,195.09,28270.284
2025-10-16 03:15:00+00:00,195.09,196.06,194.81,195.65,27325.759
2025-10-16 03:30:00+00:00,195.66,195.68,194.26,194.68,27177.784
2025-10-16 03:45:00+00:00,194.67,195.04,193.43,193.63,30129.491
2025-10-16 04:00:00+00:00,193.64,194.31,193.39,194.11,35523.94
2025-10-16 04:15:00+00:00,194.11,194.56,194.03,194.38,31828.461
2025-10-16 04:30:00+00:00,194.38,194.6,193.13,193.21,24140.673
2025-10-16 04:45:00+00:00,193.21,193.44,192.3,192.45,56969.114
2025-10-16 05:00:00+00:00,192.46,193.3,192.24,193.15,31652.812
2025-10-16 05:15:00+00:00,193.15,193.44,192.55,192.7,37926.226
2025-10-16 05:30:00+00:00,192.71,194.4,192.69,193.77,34727.204
2025-10-16 05:45:00+00:00,193.76,194.03,191.38,192.46,81982.84
2025-10-16 06:00:00+00:00,192.46,193.44,192.42,192.86,35751.011
2025-10-16 06:15:00+00:00,192.86,194.21,192.8,194.16,25328.618
2025-10-16 06:30:00+00:00,194.16,194.83,194.06,194.37,28769.459
2025-10-16 06:45:00+00:00,194.37,195.6,194.37,195.2,41242.126
2025-10-16 07:00:00+00:00,195.21,195.36,194.01,194.33,28225.332
2025-10-16 07:15:00+00:00,194.33,194.35,192.58,192.66,50352.528
2025-10-16 07:30:00+00:00,192.66,193.22,192.33,193.19,58699.177
2025-10-16 07:45:00+00:00,193.19,193.41,192.58,192.93,50144.254
2025-10-16 08:00:00+00:00,192.93,193.39,192.15,193.29,43673.145
2025-10-16 08:15:00+00:00,193.29,193.46,192.35,192.64,29751.721
2025-10-16 08:30:00+00:00,192.65,193.09,191.88,192.51,39589.363
2025-10-16 08:45:00+00:00,192.52,192.75,192.16,192.45,24208.85
2025-10-16 09:00:00+00:00,192.45,193.38,192.07,192.73,43704.573
2025-10-16 09:15:00+00:00,192.73,193.89,192.55,192.56,33995.073
2025-10-16 09:30:00+00:00,192.55,192.55,186.37,192.3,338905.826
2025-10-16 09:45:00+00:00,192.3,194.69,192.3,193.89,167894.817
2025-10-16 10:00:00+00:00,193.89,195.35,193.58,195.04,96705.513
2025-10-16 10:15:00+00:00,195.04,196.38,194.74,195.42,75781.171
2025-10-16 10:30:00+00:00,195.42,196.68,195.21,196.35,38425.119
2025-10-16 10:45:00+00:00,196.34,196.62,195.61,195.75,35460.386
2025-10-16 11:00:00+00:00,195.76,197.16,195.5,196.1,76123.436
2025-10-16 11:15:00+00:00,196.09,196.23,194.84,195.02,34110.824
2025-10-16 11:30:00+00:00,195.02,195.98,194.5,195.75,42739.947
2025-10-16 11:45:00+00:00,195.74,196.88,195.63,196.81,26538.359
2025-10-16 12:00:00+00:00,196.82,198.05,196.24,196.27,80472.78
2025-10-16 12:15:00+00:00,196.26,196.83,196.01,196.31,23719.069
2025-10-16 12:30:00+00:00,196.32,197.47,196.02,197.2,33753.683
2025-10-16 12:45:00+00:00,197.2,197.79,196.95,197.02,41455.936
2025-10-16 13:00:00+00:00,197.01,197.39,196.44,197.04,29729.439
2025-10-16 13:15:00+00:00,197.05,197.32,196.06,196.72,24005.751
2025-10-16 13:30:00+00:00,196.73,198.42,196.41,197.62,62963.68
2025-10-16 13:45:00+00:00,197.63,198.0,195.18,195.78,50573.585
2025-10-16 14:00:00+00:00,195.78,196.03,193.68,193.93,94884.605
2025-10-16 14:15:00+00:00,193.92,194.7,191.44,193.06,157499.947
2025-10-16 14:30:00+00:00,193.05,196.57,192.72,196.12,106990.302
2025-10-16 14:45:00+00:00,196.12,196.28,193.78,194.02,59230.605
2025-10-16 15:00:00+00:00,194.03,194.32,192.56,193.78,53682.18
2025-10-16 15:15:00+00:00,193.78,194.0,190.67,191.11,101590.464
2025-10-16 15:30:00+00:00,191.1,191.82,189.06,189.59,158591.647
2025-10-16 15:45:00+00:00,189.58,189.62,186.56,187.61,170065.485
2025-10-16 16:00:00+00:00,187.61,188.73,186.36,187.96,129272.845
2025-10-16 16:15:00+00:00,187.97,188.47,186.75,187.62,100002.804
2025-10-16 16:30:00+00:00,187.62,188.86,186.46,187.91,101726.241
2025-10-16 16:45:00+00:00,187.91,192.28,187.6,192.27,113028.516
2025-10-16 17:00:00+00:00,192.28,192.33,189.27,189.31,106579.786
2025-10-16 17:15:00+00:00,189.3,191.57,189.27,190.55,54275.183
2025-10-16 17:30:00+00:00,190.56,191.16,188.91,189.26,46550.29
2025-10-16 17:45:00+00:00,189.25,189.72,188.85,189.62,27614.61
2025-10-16 18:00:00+00:00,189.62,189.81,186.9,187.61,66124.014
2025-10-16 18:15:00+00:00,187.6,188.49,187.12,187.68,40342.315
2025-10-16 18:30:00+00:00,187.69,189.71,187.35,189.22,52125.641
2025-10-16 18:45:00+00:00,189.22,189.83,188.34,189.33,42311.725
2025-10-16 19:00:00+00:00,189.33,189.48,187.33,187.52,47414.128
2025-10-16 19:15:00+00:00,187.52,187.81,185.73,186.44,111808.393
2025-10-16 19:30:00+00:00,186.45,186.77,183.56,185.18,150194.347
2025-10-16 19:45:00+00:00,185.18,186.75,184.09,185.04,71189.906
2025-10-16 20:00:00+00:00,185.05,186.11,184.06,184.19,48805.681
2025-10-16 20:15:00+00:00,184.2,185.28,183.6,184.27,38982.572
2025-10-16 20:30:00+00:00,184.27,184.5,182.03,182.51,103506.74
2025-10-16 20:45:00+00:00,182.51,183.69,182.51,182.83,68926.474
2025-10-16 21:00:00+00:00,182.83,184.4,182.8,184.28,55981.342
2025-10-16 21:15:00+00:00,184.27,184.56,183.62,184.23,23512.064
2025-10-16 21:30:00+00:00,184.23,185.07,184.06,184.79,41542.405
2025-10-16 21:45:00+00:00,184.8,185.75,184.66,185.64,32981.932
2025-10-16 22:00:00+00:00,185.64,185.96,184.48,184.55,36240.39
2025-10-16 22:15:00+00:00,184.55,185.06,184.36,184.73,19106.198
2025-10-16 22:30:00+00:00,184.73,184.94,183.91,183.92,27262.978
2025-10-16 22:45:00+00:00,183.92,184.07,183.11,183.14,28674.166
2025-10-16 23:00:00+00:00,183.14,183.81,182.91,183.48,30620.863
2025-10-16 23:15:00+00:00,183.48,185.19,183.48,184.67,55417.732
2025-10-16 23:30:00+00:00,184.66,184.9,183.82,184.28,32769.542
2025-10-16 23:45:00+00:00,184.29,184.9,184.24,184.85,23812.594
2025-10-17 00:00:00+00:00,184.84,185.67,184.27,185.57,30480.887
2025-10-17 00:15:00+00:00,185.56,185.75,185.02,185.66,48984.913
2025-10-17 00:30:00+00:00,185.66,186.45,185.29,185.92,25852.976
2025-10-17 00:45:00+00:00,185.92,186.3,185.16,186.3,20857.658
2025-10-17 01:00:00+00:00,186.31,187.55,185.84,186.73,52881.857
2025-10-17 01:15:00+00:00,186.73,187.16,185.83,186.3,28220.499
2025-10-17 01:30:00+00:00,186.3,186.62,185.4,185.65,20644.19
2025-10-17 01:45:00+00:00,185.65,185.88,184.76,185.66,28900.205
2025-10-17 02:00:00+00:00,185.66,186.05,185.03,185.38,28555.61
2025-10-17 02:15:00+00:00,185.39,185.49,184.7,185.11,26342.765
2025-10-17 02:30:00+00:00,185.11,186.66,184.86,186.48,40252.788
2025-10-17 02:45:00+00:00,186.49,187.35,185.97,186.76,27009.211
2025-10-17 03:00:00+00:00,186.76,187.43,186.57,186.96,37974.489
2025-10-17 03:15:00+00:00,186.95,187.25,186.39,186.72,30240.819
2025-10-17 03:30:00+00:00,186.71,187.06,186.25,186.43,33995.138
2025-10-17 03:45:00+00:00,186.43,187.25,186.4,187.09,19960.418
2025-10-17 04:00:00+00:00,187.09,187.28,186.54,186.81,23931.761
2025-10-17 04:15:00+00:00,186.81,187.0,186.34,186.49,15652.734
2025-10-17 04:30:00+00:00,186.5,187.23,186.44,186.75,15542.1
2025-10-17 04:45:00+00:00,186.76,187.44,186.63,187.06,29672.628
2025-10-17 05:00:00+00:00,187.06,187.46,186.87,186.98,39480.848
2025-10-17 05:15:00+00:00,186.98,187.34,186.31,187.23,58960.507
2025-10-17 05:30:00+00:00,187.23,187.44,185.92,186.09,62523.718
2025-10-17 05:45:00+00:00,186.09,186.2,185.44,185.69,50461.842
2025-10-17 06:00:00+00:00,185.69,186.48,185.49,185.67,36465.299
2025-10-17 06:15:00+00:00,185.68,185.93,183.75,183.81,87724.86
2025-10-17 06:30:00+00:00,183.81,184.19,180.68,181.08,213587.419
2025-10-17 06:45:00+00:00,181.09,181.82,179.89,180.38,174086.872
2025-10-17 07:00:00+00:00,180.38,180.81,178.24,178.95,192513.179
2025-10-17 07:15:00+00:00,178.94,179.72,178.53,178.69,119653.062
2025-10-17 07:30:00+00:00,178.7,179.63,177.4,178.91,138923.699
2025-10-17 07:45:00+00:00,178.91,179.35,177.34,177.75,92368.075
2025-10-17 08:00:00+00:00,177.75,178.96,176.71,177.32,123224.751
2025-10-17 08:15:00+00:00,177.32,178.03,175.75,177.21,163638.694
2025-10-17 08:30:00+00:00,177.2,178.7,176.61,176.68,145477.21
2025-10-17 08:45:00+00:00,176.68,177.05,175.41,175.55,105019.995
2025-10-17 09:00:00+00:00,175.55,177.12,175.33,177.04,75394.39
2025-10-17 09:15:00+00:00,177.04,177.69,176.43,177.69,50151.56
2025-10-17 09:30:00+00:00,177.69,180.44,177.62,178.15,104190.272
2025-10-17 09:45:00+00:00,178.16,178.57,176.75,176.79,64795.977
2025-10-17 10:00:00+00:00,176.78,177.94,175.87,176.62,60583.609
2025-10-17 10:15:00+00:00,176.62,176.73,174.06,174.88,147119.129
2025-10-17 10:30:00+00:00,174.88,176.66,174.59,175.73,97780.13
2025-10-17 10:45:00+00:00,175.74,177.65,175.6,177.4,126636.025
2025-10-17 11:00:00+00:00,177.4,181.39,177.22,181.04,161406.417
2025-10-17 11:15:00+00:00,181.04,182.7,180.8,181.56,178620.44
2025-10-17 11:30:00+00:00,181.57,182.05,180.12,181.46,84856.77
2025-10-17 11:45:00+00:00,181.45,182.44,180.69,181.45,60599.86
2025-10-17 12:00:00+00:00,181.44,182.62,180.88,181.38,55688.276
2025-10-17 12:15:00+00:00,181.38,182.35,180.78,181.25,48730.861
2025-10-17 12:30:00+00:00,181.25,181.94,180.25,181.27,49452.362
2025-10-17 12:45:00+00:00,181.28,181.35,179.94,180.04,44841.932
2025-10-17 13:00:00+00:00,180.04,181.65,180.04,180.14,55660.299
2025-10-17 13:15:00+00:00,180.13,181.7,179.52,180.52,87169.995
2025-10-17 13:30:00+00:00,180.52,182.13,178.66,179.1,136011.782
2025-10-17 13:45:00+00:00,179.1,181.82,177.95,180.65,143572.809
2025-10-17 14:00:00+00:00,180.65,181.0,178.93,180.17,70619.447
2025-10-17 14:15:00+00:00,180.18,180.47,178.74,178.97,39946.886
2025-10-17 14:30:00+00:00,178.96,179.04,176.25,178.61,151685.203
2025-10-17 14:45:00+00:00,178.61,180.1,177.9,178.39,81493.456
2025-10-17 15:00:00+00:00,178.39,179.75,178.02,178.48,63596.174
2025-10-17 15:15:00+00:00,178.47,180.45,178.28,180.02,48787.608
2025-10-17 15:30:00+00:00,180.02,180.87,178.35,180.19,55980.468
2025-10-17 15:45:00+00:00,180.19,182.82,180.13,182.72,96316.061
2025-10-17 16:00:00+00:00,182.71,185.03,182.25,183.11,163132.58
2025-10-17 16:15:00+00:00,183.11,184.8,183.0,183.51,96711.976
2025-10-17 16:30:00+00:00,183.51,183.93,182.49,182.96,79722.069
2025-10-17 16:45:00+00:00,182.97,183.57,181.63,182.34,75508.085
2025-10-17 17:00:00+00:00,182.34,183.75,182.12,183.68,33352.002
2025-10-17 17:15:00+00:00,183.68,183.98,182.28,182.9,25016.665
2025-10-17 17:30:00+00:00,182.89,183.98,182.41,183.56,34790.548
2025-10-17 17:45:00+00:00,183.57,184.55,182.67,183.75,45807.243
2025-10-17 18:00:00+00:00,183.75,184.47,183.27,183.31,30003.143
2025-10-17 18:15:00+00:00,183.3,184.58,183.23,184.34,31811.572
2025-10-17 18:30:00+00:00,184.34,185.41,184.13,184.15,45126.328
2025-10-17 18:45:00+00:00,184.15,184.45,183.22,183.45,25015.795
2025-10-17 19:00:00+00:00,183.45,184.18,183.22,183.66,23955.306
2025-10-17 19:15:00+00:00,183.66,183.89,182.77,182.94,38281.497
2025-10-17 19:30:00+00:00,182.94,182.94,181.42,181.94,65896.889
2025-10-17 19:45:00+00:00,181.93,182.29,181.6,181.98,33875.56
2025-10-17 20:00:00+00:00,181.98,182.66,181.47,182.48,18043.331
2025-10-17 20:15:00+00:00,182.49,183.89,182.37,183.65,27707.943
2025-10-17 20:30:00+00:00,183.65,183.9,183.06,183.36,17964.083
2025-10-17 20:45:00+00:00,183.36,184.03,183.3,183.68,20154.638
2025-10-17 21:00:00+00:00,183.67,185.5,183.46,185.42,56071.8
2025-10-17 21:15:00+00:00,185.42,186.04,185.0,185.14,49731.738
2025-10-17 21:30:00+00:00,185.14,185.66,184.67,185.38,34947.026
2025-10-17 21:45:00+00:00,185.38,185.61,185.04,185.4,19950.389
2025-10-17 22:00:00+00:00,185.4,185.94,184.26,184.32,36492.72
2025-10-17 22:15:00+00:00,184.33,184.63,183.8,184.02,16201.369
2025-10-17 22:30:00+00:00,184.03,184.07,183.18,183.43,29043.908
2025-10-17 22:45:00+00:00,183.43,184.15,183.43,183.96,13726.167
2025-10-17 23:00:00+00:00,183.96,183.97,182.66,182.84,17663.29
2025-10-17 23:15:00+00:00,182.84,183.1,182.12,182.22,19740.469
2025-10-17 23:30:00+00:00,182.22,182.49,181.8,182.27,20450.231
2025-10-17 23:45:00+00:00,182.27,182.4,181.77,181.96,25260.643
2025-10-18 00:00:00+00:00,181.97,182.3,181.75,182.21,22688.209
2025-10-18 00:15:00+00:00,182.21,183.35,181.92,183.04,35276.865
2025-10-18 00:30:00+00:00,183.03,183.54,182.59,183.42,23775.104
2025-10-18 00:45:00+00:00,183.41,183.44,182.46,182.87,19399.62
2025-10-18 01:00:00+00:00,182.87,183.74,182.66,183.71,24387.092
2025-10-18 01:15:00+00:00,183.72,184.96,183.58,184.72,43480.281
2025-10-18 01:30:00+00:00,184.71,184.8,184.16,184.51,23521.465
2025-10-18 01:45:00+00:00,184.52,184.79,184.02,184.63,22842.127
2025-10-18 02:00:00+00:00,184.64,185.54,183.87,184.13,37588.277
2025-10-18 02:15:00+00:00,184.13,184.94,183.83,184.71,26021.736
2025-10-18 02:30:00+00:00,184.71,184.96,183.93,184.0,23756.915
2025-10-18 02:45:00+00:00,183.99,184.11,183.41,183.72,16124.459
2025-10-18 03:00:00+00:00,183.72,184.74,183.7,184.57,21137.914
2025-10-18 03:15:00+00:00,184.57,185.07,184.45,184.9,18195.336
2025-10-18 03:30:00+00:00,184.9,185.47,184.7,184.8,16796.886
2025-10-18 03:45:00+00:00,184.79,185.12,184.6,184.8,14082.126
2025-10-18 04:00:00+00:00,184.8,184.8,184.02,184.47,27370.009
2025-10-18 04:15:00+00:00,184.47,184.57,183.88,184.23,22935.306
2025-10-18 04:30:00+00:00,184.24,184.3,183.2,183.24,21755.284
2025-10-18 04:45:00+00:00,183.25,183.57,183.11,183.44,11597.604
2025-10-18 05:00:00+00:00,183.43,184.37,183.42,184.34,15966.092
2025-10-18 05:15:00+00:00,184.33,184.83,184.18,184.33,30362.674
2025-10-18 05:30:00+00:00,184.33,184.45,183.72,184.16,22801.62
2025-10-18 05:45:00+00:00,184.17,184.8,184.17,184.53,20421.67
2025-10-18 06:00:00+00:00,184.54,185.8,184.21,185.53,29564.954
2025-10-18 06:15:00+00:00,185.54,185.86,185.23,185.51,27116.576
2025-10-18 06:30:00+00:00,185.52,185.66,185.12,185.38,33327.698
2025-10-18 06:45:00+00:00,185.37,186.6,185.23,186.34,29310.435
2025-10-18 07:00:00+00:00,186.33,188.26,186.21,187.95,107382.888
2025-10-18 07:15:00+00:00,187.94,188.04,187.02,187.49,52674.722
2025-10-18 07:30:00+00:00,187.49,187.75,187.08,187.47,39406.721
2025-10-18 07:45:00+00:00,187.47,187.6,185.87,186.27,66796.275
2025-10-18 08:00:00+00:00,186.26,187.18,186.07,186.88,23510.371
2025-10-18 08:15:00+00:00,186.87,187.18,186.34,186.42,32467.483
2025-10-18 08:30:00+00:00,186.41,186.71,186.18,186.35,16744.547
2025-10-18 08:45:00+00:00,186.34,186.54,185.8,185.92,23273.988
2025-10-18 09:00:00+00:00,185.91,186.33,185.39,185.73,26579.865
2025-10-18 09:15:00+00:00,185.72,186.64,185.45,186.27,19983.886
2025-10-18 09:30:00+00:00,186.27,186.39,185.46,185.87,14422.128
2025-10-18 09:45:00+00:00,185.87,186.17,185.38,185.94,23078.901
2025-10-18 10:00:00+00:00,185.93,186.0,185.36,185.49,13214.367
2025-10-18 10:15:00+00:00,185.49,185.84,185.2,185.7,16382.409
2025-10-18 10:30:00+00:00,185.7,186.25,185.59,186.09,40833.144
2025-10-18 10:45:00+00:00,186.09,186.09,184.4,185.18,76569.192
2025-10-18 11:00:00+00:00,185.18,185.27,184.63,185.19,28093.561
2025-10-18 11:15:00+00:00,185.19,185.61,184.68,184.74,23020.091
2025-10-18 11:30:00+00:00,184.73,185.97,184.63,185.92,19445.371
2025-10-18 11:45:00+00:00,185.92,186.11,185.56,186.1,13331.529
2025-10-18 12:00:00+00:00,186.11,186.8,185.84,186.67,15598.61
2025-10-18 12:15:00+00:00,186.67,187.4,186.07,186.2,25037.957
2025-10-18 12:30:00+00:00,186.2,186.23,185.71,186.11,12587.351
2025-10-18 12:45:00+00:00,186.12,186.28,185.93,186.08,6128.424
2025-10-18 13:00:00+00:00,186.08,186.15,185.32,185.58,17365.247
2025-10-18 13:15:00+00:00,185.58,185.6,184.86,185.36,16390.907
2025-10-18 13:30:00+00:00,185.37,185.66,184.8,185.2,14922.856
2025-10-18 13:45:00+00:00,185.21,185.64,184.81,185.2,40622.935
2025-10-18 14:00:00+00:00,185.2,185.69,183.96,183.98,33574.822
2025-10-18 14:15:00+00:00,183.98,184.81,183.98,184.75,13525.57
2025-10-18 14:30:00+00:00,184.74,186.2,184.74,185.5,22581.949
2025-10-18 14:45:00+00:00,185.51,185.94,185.22,185.75,14739.027
2025-10-18 15:00:00+00:00,185.76,185.97,185.13,185.25,14323.821
2025-10-18 15:15:00+00:00,185.25,185.77,185.2,185.21,8603.543
2025-10-18 15:30:00+00:00,185.2,185.2,184.61,185.1,15264.441
2025-10-18 15:45:00+00:00,185.1,185.58,185.03,185.03,9434.992
2025-10-18 16:00:00+00:00,185.04,185.57,184.52,184.68,13120.526
2025-10-18 16:15:00+00:00,184.69,184.85,183.8,184.16,18402.588
2025-10-18 16:30:00+00:00,184.17,184.83,183.2,183.62,87186.981
2025-10-18 16:45:00+00:00,183.63,184.35,183.53,184.23,12061.417
2025-10-18 17:00:00+00:00,184.23,184.55,183.79,184.55,15427.853
2025-10-18 17:15:00+00:00,184.54,185.64,184.47,185.5,31082.746
2025-10-18 17:30:00+00:00,185.51,185.75,185.0,185.09,18395.361
2025-10-18 17:45:00+00:00,185.09,186.13,184.93,185.93,17461.813
2025-10-18 18:00:00+00:00,185.93,186.17,185.35,185.36,14078.611
2025-10-18 18:15:00+00:00,185.36,185.77,185.27,185.75,6841.227
2025-10-18 18:30:00+00:00,185.74,186.07,185.57,185.7,7457.101
2025-10-18 18:45:00+00:00,185.69,186.05,185.41,185.83,7858.821
2025-10-18 19:00:00+00:00,185.83,186.41,185.64,185.96,14946.148
2025-10-18 19:15:00+00:00,185.97,186.13,185.76,185.99,7906.951
2025-10-18 19:30:00+00:00,185.98,186.05,185.76,185.95,5041.69
2025-10-18 19:45:00+00:00,185.95,186.37,185.88,186.34,9054.151
2025-10-18 20:00:00+00:00,186.35,186.86,186.13,186.6,12863.762
2025-10-18 20:15:00+00:00,186.6,187.29,186.44,187.28,21720.389
2025-10-18 20:30:00+00:00,187.28,187.67,186.84,187.07,15167.579
2025-10-18 20:45:00+00:00,187.07,187.54,186.58,186.59,14854.73
2025-10-18 21:00:00+00:00,186.58,186.95,185.9,186.1,16973.915
2025-10-18 21:15:00+00:00,186.1,186.92,185.9,186.91,11541.251
2025-10-18 21:30:00+00:00,186.91,187.2,186.77,186.93,12378.83
2025-10-18 21:45:00+00:00,186.93,187.25,186.83,187.15,6544.371
2025-10-18 22:00:00+00:00,187.15,187.36,186.81,186.99,7470.442
2025-10-18 22:15:00+00:00,187.0,187.84,186.94,187.79,12644.091
2025-10-18 22:30:00+00:00,187.78,187.79,187.26,187.36,7235.625
2025-10-18 22:45:00+00:00,187.36,187.38,187.05,187.27,5734.834
2025-10-18 23:00:00+00:00,187.28,187.6,187.07,187.35,11954.728
2025-10-18 23:15:00+00:00,187.35,187.48,186.92,187.31,8287.953
2025-10-18 23:30:00+00:00,187.31,187.58,187.19,187.42,8298.737
2025-10-18 23:45:00+00:00,187.42,187.75,187.33,187.56,6327.648
2025-10-19 00:00:00+00:00,187.55,187.87,186.59,186.69,19507.92
2025-10-19 00:15:00+00:00,186.68,187.03,186.43,186.46,14549.092
2025-10-19 00:30:00+00:00,186.46,186.51,185.68,185.77,22652.515
2025-10-19 00:45:00+00:00,185.77,185.83,185.29,185.75,14786.082
2025-10-19 01:00:00+00:00,185.76,185.77,184.88,185.25,14584.707
2025-10-19 01:15:00+00:00,185.25,185.79,185.17,185.47,13757.647
2025-10-19 01:30:00+00:00,185.47,185.57,185.02,185.26,5762.952
2025-10-19 01:45:00+00:00,185.26,185.88,185.19,185.86,11732.771
2025-10-19 02:00:00+00:00,185.86,185.88,185.39,185.43,10219.649
2025-10-19 02:15:00+00:00,185.42,185.96,185.23,185.68,10131.108
2025-10-19 02:30:00+00:00,185.68,185.88,185.49,185.51,6520.886
2025-10-19 02:45:00+00:00,185.52,185.85,185.29,185.77,12595.639
2025-10-19 03:00:00+00:00,185.77,185.77,184.96,185.14,24445.339
2025-10-19 03:15:00+00:00,185.13,186.32,185.13,186.09,16858.204
2025-10-19 03:30:00+00:00,186.08,186.84,186.01,186.67,19558.869
2025-10-19 03:45:00+00:00,186.68,187.14,186.63,187.04,21368.935
2025-10-19 04:00:00+00:00,187.03,187.14,186.46,186.68,21072.173
2025-10-19 04:15:00+00:00,186.68,186.79,186.38,186.7,15394.982
2025-10-19 04:30:00+00:00,186.71,187.0,186.69,186.82,11486.406
2025-10-19 04:45:00+00:00,186.81,186.91,186.6,186.83,9602.838
2025-10-19 05:00:00+00:00,186.84,187.12,186.68,186.84,11737.37
2025-10-19 05:15:00+00:00,186.83,187.69,186.74,187.18,18637.637
2025-10-19 05:30:00+00:00,187.17,187.33,186.68,186.84,9808.425
2025-10-19 05:45:00+00:00,186.84,186.84,186.32,186.56,8777.044
2025-10-19 06:00:00+00:00,186.56,186.92,186.3,186.33,7687.136
2025-10-19 06:15:00+00:00,186.32,186.46,186.0,186.13,9649.468
2025-10-19 06:30:00+00:00,186.13,186.13,185.19,185.51,17012.806
2025-10-19 06:45:00+00:00,185.5,185.67,185.23,185.57,6936.047
2025-10-19 07:00:00+00:00,185.57,185.77,185.24,185.68,10958.733
2025-10-19 07:15:00+00:00,185.68,185.99,185.43,185.65,8595.882
2025-10-19 07:30:00+00:00,185.66,186.14,185.53,185.73,6089.315
2025-10-19 07:45:00+00:00,185.72,185.98,185.58,185.9,6358.125
2025-10-19 08:00:00+00:00,185.89,186.34,185.88,185.97,10613.807
2025-10-19 08:15:00+00:00,185.96,187.5,183.81,185.24,119646.9
2025-10-19 08:30:00+00:00,185.24,185.26,183.88,184.17,33330.25
2025-10-19 08:45:00+00:00,184.18,184.69,183.84,184.17,29236.729
2025-10-19 09:00:00+00:00,184.16,184.16,183.19,183.99,34604.921
2025-10-19 09:15:00+00:00,183.99,184.41,183.43,183.52,22767.223
2025-10-19 09:30:00+00:00,183.51,186.24,183.47,185.95,60209.67
2025-10-19 09:45:00+00:00,185.96,188.64,185.69,187.2,157374.541
2025-10-19 10:00:00+00:00,187.19,188.15,186.71,187.23,46374.63
2025-10-19 10:15:00+00:00,187.22,189.96,186.95,189.42,88592.2
2025-10-19 10:30:00+00:00,189.42,189.52,188.43,188.99,52383.17
2025-10-19 10:45:00+00:00,188.99,189.11,188.24,189.07,19626.556
2025-10-19 11:00:00+00:00,189.06,190.05,189.01,189.74,53107.685
2025-10-19 11:15:00+00:00,189.75,190.0,188.67,188.92,32355.918
2025-10-19 11:30:00+00:00,188.93,189.38,188.76,188.92,23578.256
2025-10-19 11:45:00+00:00,188.92,189.1,188.6,188.99,21072.257
2025-10-19 12:00:00+00:00,189.0,189.39,188.28,188.55,21620.647
2025-10-19 12:15:00+00:00,188.55,188.73,188.11,188.49,21831.731
2025-10-19 12:30:00+00:00,188.5,189.12,188.32,188.6,12616.104
2025-10-19 12:45:00+00:00,188.59,188.94,188.33,188.89,13406.742
2025-10-19 13:00:00+00:00,188.89,189.12,188.32,188.58,17748.815
2025-10-19 13:15:00+00:00,188.58,188.81,188.32,188.75,16470.692
2025-10-19 13:30:00+00:00,188.75,190.34,188.7,190.13,52213.795
2025-10-19 13:45:00+00:00,190.13,191.0,189.58,190.6,82186.623
2025-10-19 14:00:00+00:00,190.6,190.86,189.79,190.34,54130.166
2025-10-19 14:15:00+00:00,190.34,191.63,190.1,191.36,66420.8
2025-10-19 14:30:00+00:00,191.36,191.51,190.45,190.88,53705.425
2025-10-19 14:45:00+00:00,190.89,191.7,190.68,191.55,27031.476
2025-10-19 15:00:00+00:00,191.55,191.68,190.52,190.68,48406.541
2025-10-19 15:15:00+00:00,190.68,191.06,190.38,190.59,29086.19
2025-10-19 15:30:00+00:00,190.59,190.67,190.23,190.28,21720.438
2025-10-19 15:45:00+00:00,190.28,190.82,190.28,190.78,12052.825
2025-10-19 16:00:00+00:00,190.77,190.89,190.21,190.27,22287.349
2025-10-19 16:15:00+00:00,190.27,190.72,189.97,190.53,28244.13
2025-10-19 16:30:00+00:00,190.52,191.61,190.22,191.52,23444.478
2025-10-19 16:45:00+00:00,191.52,191.57,190.82,190.87,28672.096
2025-10-19 17:00:00+00:00,190.88,192.18,190.81,191.96,45341.081
2025-10-19 17:15:00+00:00,191.96,192.29,191.06,191.06,40954.428
2025-10-19 17:30:00+00:00,191.05,191.41,190.8,191.01,13784.252
2025-10-19 17:45:00+00:00,191.02,191.04,189.73,190.03,35855.985
2025-10-19 18:00:00+00:00,190.03,190.38,189.25,189.55,34210.549
2025-10-19 18:15:00+00:00,189.55,189.95,189.18,189.72,33874.724
2025-10-19 18:30:00+00:00,189.73,190.02,189.41,190.0,14728.619
2025-10-19 18:45:00+00:00,190.0,190.22,189.78,189.94,16967.655
2025-10-19 19:00:00+00:00,189.93,189.95,188.75,189.0,27048.195
2025-10-19 19:15:00+00:00,188.99,189.16,188.85,189.07,10313.63
2025-10-19 19:30:00+00:00,189.08,189.25,188.64,188.82,12951.536
2025-10-19 19:45:00+00:00,188.83,188.88,188.33,188.88,28033.169
2025-10-19 20:00:00+00:00,188.88,189.16,188.7,188.87,12700.627
2025-10-19 20:15:00+00:00,188.87,189.32,188.64,189.31,6671.098
2025-10-19 20:30:00+00:00,189.32,189.63,189.06,189.63,12574.399
2025-10-19 20:45:00+00:00,189.62,189.89,189.33,189.67,13726.352
2025-10-19 21:00:00+00:00,189.67,189.83,188.95,188.96,23175.295
2025-10-19 21:15:00+00:00,188.95,189.1,188.46,188.49,25868.276
2025-10-19 21:30:00+00:00,188.48,189.34,188.37,189.26,19574.195
2025-10-19 21:45:00+00:00,189.25,189.41,188.95,189.29,7851.022
2025-10-19 22:00:00+00:00,189.3,189.58,188.92,189.33,18645.266
2025-10-19 22:15:00+00:00,189.33,189.86,189.19,189.54,16348.56
2025-10-19 22:30:00+00:00,189.54,190.01,189.45,189.79,12614.215
2025-10-19 22:45:00+00:00,189.78,190.16,189.59,189.83,16734.121
2025-10-19 23:00:00+00:00,189.83,189.83,188.71,188.81,14787.752
2025-10-19 23:15:00+00:00,188.81,188.99,188.43,188.55,12210.383
2025-10-19 23:30:00+00:00,188.55,188.68,186.96,187.11,62103.062
2025-10-19 23:45:00+00:00,187.1,187.91,186.83,187.86,17307.676
2025-10-20 00:00:00+00:00,187.86,187.86,186.32,186.39,35257.326
2025-10-20 00:15:00+00:00,186.4,186.66,184.26,184.62,70660.108
2025-10-20 00:30:00+00:00,184.62,185.44,183.82,185.0,44036.181
2025-10-20 00:45:00+00:00,184.99,185.75,184.72,185.62,35645.179
2025-10-20 01:00:00+00:00,185.62,186.05,184.97,185.49,30096.979
2025-10-20 01:15:00+00:00,185.48,185.95,185.15,185.73,21622.668
2025-10-20 01:30:00+00:00,185.73,186.34,185.41,185.83,18165.444
2025-10-20 01:45:00+00:00,185.84,186.14,185.43,185.65,17546.617
2025-10-20 02:00:00+00:00,185.65,185.65,183.94,184.61,61767.396
2025-10-20 02:15:00+00:00,184.61,186.2,184.47,185.72,29469.703
2025-10-20 02:30:00+00:00,185.73,186.76,185.15,186.55,42432.886
2025-10-20 02:45:00+00:00,186.55,187.33,186.46,186.89,31005.463
2025-10-20 03:00:00+00:00,186.89,186.98,185.9,186.75,126482.064
2025-10-20 03:15:00+00:00,186.74,187.41,186.53,186.86,40208.152
2025-10-20 03:30:00+00:00,186.86,188.38,186.65,188.05,30300.521
2025-10-20 03:45:00+00:00,188.06,191.75,187.91,191.15,85024.78
