Datetime,Open,High,Low,Close,Volume
2025-08-21 00:00:00+00:00,2.9512,2.9517,2.9461,2.9463,1022426.1
2025-08-21 00:15:00+00:00,2.9462,2.9479,2.934,2.9369,2154342.6
2025-08-21 00:30:00+00:00,2.937,2.9511,2.937,2.9479,809431.1
2025-08-21 00:45:00+00:00,2.9479,2.9506,2.938,2.9432,687681.8
2025-08-21 01:00:00+00:00,2.9433,2.9443,2.9328,2.9365,819801.4
2025-08-21 01:15:00+00:00,2.9365,2.939,2.9275,2.9349,1071843.7
2025-08-21 01:30:00+00:00,2.9348,2.9446,2.9331,2.9414,859880.2
2025-08-21 01:45:00+00:00,2.9413,2.952,2.936,2.9507,1675878.7
2025-08-21 02:00:00+00:00,2.9506,2.9588,2.9275,2.9278,1265008.1
2025-08-21 02:15:00+00:00,2.9277,2.9292,2.9202,2.9238,1063962.1
2025-08-21 02:30:00+00:00,2.9237,2.9242,2.9129,2.9175,1147517.2
2025-08-21 02:45:00+00:00,2.9176,2.925,2.9156,2.9242,633214.8
2025-08-21 03:00:00+00:00,2.9242,2.9508,2.9239,2.9462,1500893.3
2025-08-21 03:15:00+00:00,2.9462,2.948,2.9354,2.9368,1880596.2
2025-08-21 03:30:00+00:00,2.9368,2.9424,2.9341,2.9406,832959.6
2025-08-21 03:45:00+00:00,2.9405,2.9416,2.9294,2.9299,815960.0
2025-08-21 04:00:00+00:00,2.9298,2.9325,2.925,2.9269,688113.2
2025-08-21 04:15:00+00:00,2.927,2.9275,2.922,2.9258,696464.5
2025-08-21 04:30:00+00:00,2.9257,2.9353,2.9247,2.935,661336.5
2025-08-21 04:45:00+00:00,2.935,2.9408,2.9304,2.9305,622481.7
2025-08-21 05:00:00+00:00,2.9305,2.9328,2.9235,2.9258,819825.9
2025-08-21 05:15:00+00:00,2.9259,2.9294,2.9216,2.9235,827383.0
2025-08-21 05:30:00+00:00,2.9234,2.931,2.9229,2.9237,654579.6
2025-08-21 05:45:00+00:00,2.9237,2.9308,2.9227,2.9307,801125.7
2025-08-21 06:00:00+00:00,2.9307,2.9308,2.9116,2.9123,1239179.3
2025-08-21 06:15:00+00:00,2.9123,2.9139,2.9032,2.9055,1739494.0
2025-08-21 06:30:00+00:00,2.9055,2.9128,2.9054,2.9105,970784.9
2025-08-21 06:45:00+00:00,2.9106,2.9117,2.9072,2.9113,731880.6
2025-08-21 07:00:00+00:00,2.9113,2.918,2.9042,2.9042,857407.0
2025-08-21 07:15:00+00:00,2.9042,2.9069,2.8922,2.9035,2251698.1
2025-08-21 07:30:00+00:00,2.9036,2.912,2.9,2.9083,1060417.7
2025-08-21 07:45:00+00:00,2.9083,2.9095,2.9048,2.9081,771945.9
2025-08-21 08:00:00+00:00,2.9082,2.9161,2.9031,2.9159,1792811.3
2025-08-21 08:15:00+00:00,2.9158,2.9159,2.8995,2.9023,799622.7
2025-08-21 08:30:00+00:00,2.9024,2.9062,2.8983,2.9043,671213.7
2025-08-21 08:45:00+00:00,2.9043,2.9097,2.8971,2.8973,513300.5
2025-08-21 09:00:00+00:00,2.8973,2.8978,2.889,2.8914,1405901.0
2025-08-21 09:15:00+00:00,2.8914,2.894,2.8858,2.8925,670258.3
2025-08-21 09:30:00+00:00,2.8925,2.905,2.8912,2.9047,465771.0
2025-08-21 09:45:00+00:00,2.9047,2.906,2.893,2.8932,462212.7
2025-08-21 10:00:00+00:00,2.8933,2.9025,2.8904,2.8986,595803.2
2025-08-21 10:15:00+00:00,2.8986,2.9022,2.8944,2.8995,537608.3
2025-08-21 10:30:00+00:00,2.8995,2.9052,2.896,2.902,464587.4
2025-08-21 10:45:00+00:00,2.9021,2.9051,2.8976,2.9005,413325.9
2025-08-21 11:00:00+00:00,2.9006,2.9089,2.8993,2.9076,591717.7
2025-08-21 11:15:00+00:00,2.9077,2.9126,2.907,2.9123,560910.8
2025-08-21 11:30:00+00:00,2.9123,2.916,2.8999,2.9055,980800.5
2025-08-21 11:45:00+00:00,2.9054,2.9058,2.8961,2.9021,766879.7
2025-08-21 12:00:00+00:00,2.902,2.904,2.8966,2.8994,491720.2
2025-08-21 12:15:00+00:00,2.8993,2.9055,2.8901,2.8985,861281.2
2025-08-21 12:30:00+00:00,2.8985,2.91,2.8979,2.9043,687978.5
2025-08-21 12:45:00+00:00,2.9043,2.9051,2.8833,2.8904,1118103.0
2025-08-21 13:00:00+00:00,2.8904,2.8998,2.885,2.8983,544493.2
2025-08-21 13:15:00+00:00,2.8983,2.9064,2.8958,2.9059,499969.0
2025-08-21 13:30:00+00:00,2.9059,2.9206,2.8935,2.9151,1833509.1
2025-08-21 13:45:00+00:00,2.915,2.9165,2.896,2.8964,1792390.9
2025-08-21 14:00:00+00:00,2.8965,2.9138,2.8914,2.9096,1116284.1
2025-08-21 14:15:00+00:00,2.9097,2.9236,2.9067,2.9218,1888823.0
2025-08-21 14:30:00+00:00,2.9218,2.9227,2.8791,2.8939,1970598.7
2025-08-21 14:45:00+00:00,2.8939,2.9013,2.8864,2.8999,1183837.3
2025-08-21 15:00:00+00:00,2.9,2.9036,2.8759,2.8767,2485487.3
2025-08-21 15:15:00+00:00,2.8767,2.8976,2.8725,2.8916,1408262.7
2025-08-21 15:30:00+00:00,2.8917,2.9006,2.8852,2.8953,1168436.9
2025-08-21 15:45:00+00:00,2.8953,2.8953,2.8824,2.8875,652360.4
2025-08-21 16:00:00+00:00,2.8874,2.9024,2.882,2.9001,774336.8
2025-08-21 16:15:00+00:00,2.9002,2.9102,2.8919,2.8985,908238.2
2025-08-21 16:30:00+00:00,2.8986,2.9042,2.8897,2.9011,692963.2
2025-08-21 16:45:00+00:00,2.9012,2.9034,2.8888,2.8902,863004.1
2025-08-21 17:00:00+00:00,2.8902,2.8911,2.874,2.8781,774944.7
2025-08-21 17:15:00+00:00,2.8781,2.8907,2.8776,2.8851,1127728.4
2025-08-21 17:30:00+00:00,2.8852,2.9036,2.8842,2.9018,877222.2
2025-08-21 17:45:00+00:00,2.9018,2.9078,2.8995,2.9016,843059.7
2025-08-21 18:00:00+00:00,2.9016,2.906,2.9012,2.9047,727475.1
2025-08-21 18:15:00+00:00,2.9047,2.9172,2.9029,2.9148,692163.8
2025-08-21 18:30:00+00:00,2.9149,2.9158,2.9047,2.9047,426534.9
2025-08-21 18:45:00+00:00,2.9047,2.9155,2.9007,2.9136,585165.5
2025-08-21 19:00:00+00:00,2.9136,2.9193,2.9078,2.9084,436526.0
2025-08-21 19:15:00+00:00,2.9083,2.9114,2.8893,2.8896,887371.6
2025-08-21 19:30:00+00:00,2.8895,2.8895,2.8688,2.8689,2045443.5
2025-08-21 19:45:00+00:00,2.8689,2.8716,2.8517,2.8682,2744983.2
2025-08-21 20:00:00+00:00,2.8683,2.8734,2.8642,2.8729,1216357.6
2025-08-21 20:15:00+00:00,2.8729,2.8824,2.8691,2.88,846315.6
2025-08-21 20:30:00+00:00,2.88,2.88,2.86,2.8729,861953.5
2025-08-21 20:45:00+00:00,2.873,2.8879,2.8712,2.8801,724035.0
2025-08-21 21:00:00+00:00,2.88,2.8845,2.8671,2.8818,731484.6
2025-08-21 21:15:00+00:00,2.8818,2.8882,2.8757,2.8859,513303.0
2025-08-21 21:30:00+00:00,2.8859,2.8885,2.8766,2.8797,394179.9
2025-08-21 21:45:00+00:00,2.8797,2.8862,2.8784,2.8845,229147.5
2025-08-21 22:00:00+00:00,2.8845,2.8847,2.877,2.8841,271618.5
2025-08-21 22:15:00+00:00,2.884,2.886,2.8813,2.8824,468348.3
2025-08-21 22:30:00+00:00,2.8825,2.8825,2.8697,2.87,331372.7
2025-08-21 22:45:00+00:00,2.8701,2.8759,2.8686,2.8746,417158.4
2025-08-21 23:00:00+00:00,2.8746,2.8747,2.8557,2.8587,828498.8
2025-08-21 23:15:00+00:00,2.8588,2.8611,2.8484,2.8577,1035565.5
2025-08-21 23:30:00+00:00,2.8576,2.8576,2.8424,2.8424,1235162.2
2025-08-21 23:45:00+00:00,2.8424,2.8532,2.8424,2.8519,829218.9
2025-08-22 00:00:00+00:00,2.8518,2.8652,2.85,2.8579,1932577.2
2025-08-22 00:15:00+00:00,2.8579,2.8658,2.8513,2.8647,635368.9
2025-08-22 00:30:00+00:00,2.8647,2.8712,2.8626,2.8637,647638.8
2025-08-22 00:45:00+00:00,2.8638,2.8646,2.848,2.8579,652562.4
2025-08-22 01:00:00+00:00,2.8579,2.8635,2.8388,2.8439,1210896.5
2025-08-22 01:15:00+00:00,2.8439,2.8599,2.8435,2.8533,819567.0
2025-08-22 01:30:00+00:00,2.8532,2.8592,2.8483,2.8575,841556.6
2025-08-22 01:45:00+00:00,2.8575,2.8626,2.8561,2.8581,739016.4
2025-08-22 02:00:00+00:00,2.8582,2.872,2.8531,2.8719,1437445.8
2025-08-22 02:15:00+00:00,2.8718,2.885,2.8707,2.8833,1314230.9
2025-08-22 02:30:00+00:00,2.8832,2.8834,2.8647,2.865,1018146.6
2025-08-22 02:45:00+00:00,2.8649,2.8677,2.8568,2.8574,738363.2
2025-08-22 03:00:00+00:00,2.8574,2.8604,2.8526,2.8577,1099899.5
2025-08-22 03:15:00+00:00,2.8578,2.8578,2.8472,2.8485,1083320.5
2025-08-22 03:30:00+00:00,2.8484,2.849,2.8264,2.8325,2728012.0
2025-08-22 03:45:00+00:00,2.8325,2.8358,2.8226,2.8331,2426052.7
2025-08-22 04:00:00+00:00,2.833,2.8466,2.8309,2.8463,1503668.5
2025-08-22 04:15:00+00:00,2.8464,2.8596,2.8458,2.8567,1189521.9
2025-08-22 04:30:00+00:00,2.8567,2.867,2.8517,2.8609,796414.5
2025-08-22 04:45:00+00:00,2.8609,2.8644,2.851,2.8568,458248.8
2025-08-22 05:00:00+00:00,2.8569,2.8662,2.8517,2.8639,431971.2
2025-08-22 05:15:00+00:00,2.8639,2.8644,2.8578,2.8617,321077.1
2025-08-22 05:30:00+00:00,2.8617,2.8735,2.8578,2.8646,559360.7
2025-08-22 05:45:00+00:00,2.8646,2.874,2.8638,2.871,590029.6
2025-08-22 06:00:00+00:00,2.8709,2.8721,2.8584,2.8658,1146083.1
2025-08-22 06:15:00+00:00,2.8657,2.8742,2.8643,2.8673,1046661.1
2025-08-22 06:30:00+00:00,2.8673,2.8684,2.8456,2.85,1349185.0
2025-08-22 06:45:00+00:00,2.85,2.8574,2.8473,2.8531,885851.9
2025-08-22 07:00:00+00:00,2.8532,2.8734,2.8508,2.868,1229893.4
2025-08-22 07:15:00+00:00,2.8681,2.8747,2.8613,2.8718,1024918.4
2025-08-22 07:30:00+00:00,2.8718,2.872,2.8659,2.8659,617961.0
2025-08-22 07:45:00+00:00,2.8659,2.8692,2.86,2.8601,934889.1
2025-08-22 08:00:00+00:00,2.8601,2.873,2.86,2.8697,991587.7
2025-08-22 08:15:00+00:00,2.8697,2.8764,2.8672,2.8725,1044884.0
2025-08-22 08:30:00+00:00,2.8725,2.8729,2.8644,2.868,728351.5
2025-08-22 08:45:00+00:00,2.8679,2.869,2.8605,2.868,1159004.5
2025-08-22 09:00:00+00:00,2.868,2.8706,2.86,2.86,520312.9
2025-08-22 09:15:00+00:00,2.8601,2.8648,2.8568,2.86,452448.2
2025-08-22 09:30:00+00:00,2.8599,2.8637,2.8508,2.8561,504563.0
2025-08-22 09:45:00+00:00,2.856,2.8634,2.855,2.8593,453444.5
2025-08-22 10:00:00+00:00,2.8594,2.8599,2.848,2.8481,600717.2
2025-08-22 10:15:00+00:00,2.8482,2.8488,2.8421,2.845,974637.7
2025-08-22 10:30:00+00:00,2.8449,2.8455,2.8314,2.8353,860753.0
2025-08-22 10:45:00+00:00,2.8354,2.836,2.8276,2.8325,1154427.1
2025-08-22 11:00:00+00:00,2.8325,2.8338,2.8164,2.8207,2964294.4
2025-08-22 11:15:00+00:00,2.8207,2.8261,2.8163,2.8226,1384624.5
2025-08-22 11:30:00+00:00,2.8226,2.8243,2.8058,2.8109,3081068.6
2025-08-22 11:45:00+00:00,2.8108,2.8155,2.8041,2.8056,1368268.5
2025-08-22 12:00:00+00:00,2.8056,2.8103,2.7904,2.7969,5008284.7
2025-08-22 12:15:00+00:00,2.7968,2.8015,2.793,2.8002,1557880.8
2025-08-22 12:30:00+00:00,2.8002,2.802,2.7826,2.801,3906127.8
2025-08-22 12:45:00+00:00,2.8009,2.8184,2.7995,2.8078,3120498.9
2025-08-22 13:00:00+00:00,2.8078,2.8211,2.8056,2.8128,1378798.6
2025-08-22 13:15:00+00:00,2.8128,2.8188,2.8038,2.8185,2703469.6
2025-08-22 13:30:00+00:00,2.8185,2.8635,2.8082,2.847,4783588.1
2025-08-22 13:45:00+00:00,2.847,2.8615,2.8359,2.8404,4485201.8
2025-08-22 14:00:00+00:00,2.8404,3.0049,2.8401,3.0011,33436949.7
2025-08-22 14:15:00+00:00,3.001,3.0411,2.9432,2.9946,29045856.4
2025-08-22 14:30:00+00:00,2.9946,3.026,2.9944,3.0158,11539131.1
2025-08-22 14:45:00+00:00,3.0158,3.0311,3.0032,3.005,5881532.4
2025-08-22 15:00:00+00:00,3.0049,3.0361,3.0048,3.0235,5230798.2
2025-08-22 15:15:00+00:00,3.0235,3.0341,3.0164,3.0199,2896710.0
2025-08-22 15:30:00+00:00,3.0199,3.0436,3.0188,3.0371,5740965.0
2025-08-22 15:45:00+00:00,3.037,3.0417,3.0168,3.0169,3255396.5
2025-08-22 16:00:00+00:00,3.0169,3.0726,3.0162,3.0527,10142558.1
2025-08-22 16:15:00+00:00,3.0528,3.0533,3.0412,3.0503,2527359.8
2025-08-22 16:30:00+00:00,3.0504,3.0622,3.0465,3.0546,2014565.1
2025-08-22 16:45:00+00:00,3.0545,3.0545,3.0414,3.0485,1821933.7
2025-08-22 17:00:00+00:00,3.0486,3.0869,3.0485,3.0835,5350008.7
2025-08-22 17:15:00+00:00,3.0836,3.0939,3.0751,3.0932,4332741.2
2025-08-22 17:30:00+00:00,3.0933,3.096,3.0617,3.0712,4052444.1
2025-08-22 17:45:00+00:00,3.0712,3.0723,3.0644,3.0664,1810007.6
2025-08-22 18:00:00+00:00,3.0664,3.0737,3.0595,3.0661,1829963.8
2025-08-22 18:15:00+00:00,3.066,3.0666,3.0449,3.0523,4347083.3
2025-08-22 18:30:00+00:00,3.0524,3.0752,3.0508,3.0747,1752477.2
2025-08-22 18:45:00+00:00,3.0747,3.0793,3.0654,3.0792,1056162.6
2025-08-22 19:00:00+00:00,3.0793,3.088,3.075,3.086,1734106.8
2025-08-22 19:15:00+00:00,3.086,3.097,3.085,3.0959,1842683.8
2025-08-22 19:30:00+00:00,3.0958,3.0973,3.0824,3.0931,1574502.7
2025-08-22 19:45:00+00:00,3.0932,3.1,3.0702,3.073,3685751.1
2025-08-22 20:00:00+00:00,3.073,3.086,3.0719,3.0812,1620710.9
2025-08-22 20:15:00+00:00,3.0812,3.0842,3.0764,3.0789,767462.4
2025-08-22 20:30:00+00:00,3.0789,3.0878,3.0722,3.085,1686492.4
2025-08-22 20:45:00+00:00,3.085,3.091,3.0794,3.0907,1526595.6
2025-08-22 21:00:00+00:00,3.0906,3.1044,3.0759,3.0836,3702860.3
2025-08-22 21:15:00+00:00,3.0836,3.1056,3.0794,3.0985,3445216.0
2025-08-22 21:30:00+00:00,3.0986,3.1,3.0893,3.0983,1507598.2
2025-08-22 21:45:00+00:00,3.0983,3.0986,3.086,3.0899,1024782.6
2025-08-22 22:00:00+00:00,3.0899,3.0915,3.0646,3.0858,3357924.4
2025-08-22 22:15:00+00:00,3.0859,3.0892,3.0843,3.0865,1565805.2
2025-08-22 22:30:00+00:00,3.0865,3.0873,3.074,3.0826,2260241.8
2025-08-22 22:45:00+00:00,3.0826,3.0884,3.0746,3.0768,1461469.3
2025-08-22 23:00:00+00:00,3.0768,3.0796,3.0641,3.0655,2220055.1
2025-08-22 23:15:00+00:00,3.0655,3.0692,3.0654,3.0679,1059525.8
2025-08-22 23:30:00+00:00,3.068,3.0816,3.0669,3.08,1498021.3
2025-08-22 23:45:00+00:00,3.08,3.0801,3.0737,3.0744,838086.5
2025-08-23 00:00:00+00:00,3.0745,3.0749,3.0567,3.0601,2043888.3
2025-08-23 00:15:00+00:00,3.0601,3.0647,3.056,3.0591,2469596.6
2025-08-23 00:30:00+00:00,3.0592,3.064,3.047,3.0471,2316532.9
2025-08-23 00:45:00+00:00,3.047,3.0508,3.0382,3.0386,1793505.0
2025-08-23 01:00:00+00:00,3.0386,3.0464,3.0335,3.0355,2074675.9
2025-08-23 01:15:00+00:00,3.0355,3.0363,3.0204,3.0225,3077241.9
2025-08-23 01:30:00+00:00,3.0225,3.0268,3.0104,3.011,2243947.6
2025-08-23 01:45:00+00:00,3.0111,3.03,3.0111,3.0259,1667303.3
2025-08-23 02:00:00+00:00,3.0259,3.0306,3.0181,3.0232,1630671.6
2025-08-23 02:15:00+00:00,3.0232,3.0252,2.9922,2.9923,2909806.6
2025-08-23 02:30:00+00:00,2.9922,2.9995,2.9697,2.9895,5174004.6
2025-08-23 02:45:00+00:00,2.9896,3.0031,2.9837,2.9977,2956720.4
2025-08-23 03:00:00+00:00,2.9977,3.0087,2.9914,3.0052,1555327.9
2025-08-23 03:15:00+00:00,3.0053,3.0082,2.9869,2.9982,1670834.7
2025-08-23 03:30:00+00:00,2.9982,2.9985,2.9853,2.9868,1169917.1
2025-08-23 03:45:00+00:00,2.9869,2.9996,2.9842,2.9939,907706.9
2025-08-23 04:00:00+00:00,2.994,3.0116,2.9932,3.0107,1023624.8
2025-08-23 04:15:00+00:00,3.0106,3.0141,3.0025,3.0102,665635.6
2025-08-23 04:30:00+00:00,3.0102,3.0302,3.01,3.0302,3818084.3
2025-08-23 04:45:00+00:00,3.0302,3.0343,3.0236,3.0331,2415955.2
2025-08-23 05:00:00+00:00,3.033,3.0344,3.0265,3.0305,948094.2
2025-08-23 05:15:00+00:00,3.0304,3.05,3.0298,3.0444,1800278.0
2025-08-23 05:30:00+00:00,3.0444,3.059,3.0444,3.0505,1519191.8
2025-08-23 05:45:00+00:00,3.0506,3.0553,3.046,3.052,1051190.5
2025-08-23 06:00:00+00:00,3.052,3.0637,3.0464,3.0499,1394216.7
2025-08-23 06:15:00+00:00,3.05,3.0583,3.05,3.0541,891305.0
2025-08-23 06:30:00+00:00,3.0541,3.0658,3.0523,3.061,891643.4
2025-08-23 06:45:00+00:00,3.061,3.0652,3.055,3.0644,1140448.2
2025-08-23 07:00:00+00:00,3.0644,3.0756,3.0561,3.072,1308430.1
2025-08-23 07:15:00+00:00,3.0719,3.0739,3.0549,3.0559,1002341.2
2025-08-23 07:30:00+00:00,3.0559,3.0697,3.0491,3.0651,1197363.2
2025-08-23 07:45:00+00:00,3.0651,3.0663,3.0558,3.0619,691894.7
2025-08-23 08:00:00+00:00,3.0619,3.0718,3.057,3.0585,1329522.0
2025-08-23 08:15:00+00:00,3.0584,3.0625,3.0441,3.0479,1133714.3
2025-08-23 08:30:00+00:00,3.0478,3.0591,3.0434,3.0566,735309.1
2025-08-23 08:45:00+00:00,3.0565,3.0594,3.0483,3.0515,1045751.2
2025-08-23 09:00:00+00:00,3.0516,3.0536,3.0392,3.0458,1233021.2
2025-08-23 09:15:00+00:00,3.0458,3.0474,3.0412,3.0455,711596.5
2025-08-23 09:30:00+00:00,3.0455,3.0497,3.0438,3.0443,586805.2
2025-08-23 09:45:00+00:00,3.0444,3.0521,3.0434,3.0479,700368.1
2025-08-23 10:00:00+00:00,3.0479,3.0494,3.0344,3.0377,679405.7
2025-08-23 10:15:00+00:00,3.0378,3.0402,3.0316,3.0353,1167537.6
2025-08-23 10:30:00+00:00,3.0354,3.0386,3.0296,3.0319,973011.7
2025-08-23 10:45:00+00:00,3.032,3.0373,3.0307,3.0313,568786.2
2025-08-23 11:00:00+00:00,3.0314,3.0411,3.03,3.0405,702428.0
2025-08-23 11:15:00+00:00,3.0406,3.0424,3.0309,3.0309,430346.4
2025-08-23 11:30:00+00:00,3.031,3.0444,3.029,3.0431,763032.1
2025-08-23 11:45:00+00:00,3.0432,3.0518,3.0376,3.0434,1905516.8
2025-08-23 12:00:00+00:00,3.0435,3.0465,3.0319,3.0387,509374.7
2025-08-23 12:15:00+00:00,3.0387,3.0474,3.0369,3.0385,524417.8
2025-08-23 12:30:00+00:00,3.0385,3.0455,3.0375,3.0398,679047.6
2025-08-23 12:45:00+00:00,3.0397,3.0417,3.0307,3.0332,645654.1
2025-08-23 13:00:00+00:00,3.0332,3.0344,3.0294,3.0298,508848.4
2025-08-23 13:15:00+00:00,3.0299,3.0319,3.0216,3.0232,1757290.3
2025-08-23 13:30:00+00:00,3.0232,3.0233,3.0114,3.0146,2723101.4
2025-08-23 13:45:00+00:00,3.0146,3.0249,3.0118,3.0154,770128.8
2025-08-23 14:00:00+00:00,3.0155,3.0228,3.0098,3.0173,1176039.1
2025-08-23 14:15:00+00:00,3.0173,3.0293,3.0152,3.0279,834491.5
2025-08-23 14:30:00+00:00,3.0278,3.0326,3.0072,3.0135,1548032.3
2025-08-23 14:45:00+00:00,3.0134,3.0187,3.0103,3.0156,724069.6
2025-08-23 15:00:00+00:00,3.0156,3.021,3.0125,3.0153,619742.9
2025-08-23 15:15:00+00:00,3.0153,3.0237,3.0146,3.0227,764169.4
2025-08-23 15:30:00+00:00,3.0226,3.0236,3.018,3.0191,341288.3
2025-08-23 15:45:00+00:00,3.0192,3.0231,3.0173,3.0187,415702.1
2025-08-23 16:00:00+00:00,3.0187,3.0206,3.0127,3.0173,347162.6
2025-08-23 16:15:00+00:00,3.0173,3.0248,3.0151,3.0191,969221.0
2025-08-23 16:30:00+00:00,3.0191,3.0198,3.0097,3.011,563347.5
2025-08-23 16:45:00+00:00,3.0109,3.0229,3.0109,3.0206,361338.4
2025-08-23 17:00:00+00:00,3.0206,3.0255,3.0193,3.0216,569361.0
2025-08-23 17:15:00+00:00,3.0215,3.0229,3.0165,3.0171,829734.7
2025-08-23 17:30:00+00:00,3.0172,3.0238,3.0166,3.0223,350784.6
2025-08-23 17:45:00+00:00,3.0224,3.0253,3.0176,3.0181,312574.1
2025-08-23 18:00:00+00:00,3.0181,3.0199,3.0158,3.0182,338177.3
2025-08-23 18:15:00+00:00,3.0182,3.0212,3.0172,3.0175,311540.4
2025-08-23 18:30:00+00:00,3.0176,3.0217,3.0165,3.0217,385401.6
2025-08-23 18:45:00+00:00,3.0216,3.0228,3.019,3.0226,220775.6
2025-08-23 19:00:00+00:00,3.0227,3.0291,3.0207,3.0274,467587.3
2025-08-23 19:15:00+00:00,3.0273,3.0296,3.0259,3.0278,374306.3
2025-08-23 19:30:00+00:00,3.0278,3.03,3.0265,3.0271,214247.1
2025-08-23 19:45:00+00:00,3.0272,3.0312,3.0271,3.0297,393080.9
2025-08-23 20:00:00+00:00,3.0297,3.0331,3.0283,3.0299,449061.2
2025-08-23 20:15:00+00:00,3.03,3.0333,3.0276,3.0327,639391.0
2025-08-23 20:30:00+00:00,3.0327,3.0334,3.025,3.0285,395703.9
2025-08-23 20:45:00+00:00,3.0285,3.0345,3.0278,3.0323,594873.5
2025-08-23 21:00:00+00:00,3.0322,3.0336,3.028,3.0334,373221.1
2025-08-23 21:15:00+00:00,3.0333,3.0343,3.0258,3.0283,615932.0
2025-08-23 21:30:00+00:00,3.0283,3.0338,3.0269,3.0299,834996.9
2025-08-23 21:45:00+00:00,3.0299,3.0338,3.029,3.0327,218491.7
2025-08-23 22:00:00+00:00,3.0326,3.0424,3.0312,3.0411,996144.7
2025-08-23 22:15:00+00:00,3.0411,3.0418,3.0354,3.0376,339937.4
2025-08-23 22:30:00+00:00,3.0376,3.0444,3.0371,3.041,909536.5
2025-08-23 22:45:00+00:00,3.041,3.05,3.0404,3.0477,1096675.8
2025-08-23 23:00:00+00:00,3.0477,3.0524,3.0466,3.0466,736774.9
2025-08-23 23:15:00+00:00,3.0466,3.058,3.0454,3.0562,801878.5
2025-08-23 23:30:00+00:00,3.0563,3.0563,3.048,3.0495,302523.6
2025-08-23 23:45:00+00:00,3.0496,3.05,3.0463,3.0485,308135.7
2025-08-24 00:00:00+00:00,3.0486,3.0522,3.0465,3.0498,516647.1
2025-08-24 00:15:00+00:00,3.0498,3.0555,3.0465,3.0539,868052.2
2025-08-24 00:30:00+00:00,3.0539,3.0641,3.0529,3.0624,1256159.1
2025-08-24 00:45:00+00:00,3.0623,3.0623,3.0551,3.0572,829550.7
2025-08-24 01:00:00+00:00,3.0572,3.0574,3.0467,3.0545,654530.3
2025-08-24 01:15:00+00:00,3.0545,3.062,3.0487,3.0527,749933.7
2025-08-24 01:30:00+00:00,3.0527,3.0653,3.0502,3.0652,925423.7
2025-08-24 01:45:00+00:00,3.0653,3.0886,3.0637,3.0736,4541337.2
2025-08-24 02:00:00+00:00,3.0737,3.0797,3.0582,3.0613,1515067.5
2025-08-24 02:15:00+00:00,3.0612,3.069,3.0558,3.0665,1256011.1
2025-08-24 02:30:00+00:00,3.0664,3.0694,3.0614,3.0656,997698.8
2025-08-24 02:45:00+00:00,3.0655,3.0682,3.056,3.0569,1108451.9
2025-08-24 03:00:00+00:00,3.0569,3.0599,3.0476,3.0478,920929.5
2025-08-24 03:15:00+00:00,3.0479,3.0539,3.0452,3.0458,515427.5
2025-08-24 03:30:00+00:00,3.0459,3.0539,3.0443,3.0504,354612.0
2025-08-24 03:45:00+00:00,3.0503,3.0569,3.0486,3.0526,460126.3
2025-08-24 04:00:00+00:00,3.0526,3.0568,3.0435,3.0496,314239.0
2025-08-24 04:15:00+00:00,3.0496,3.0524,3.0452,3.0454,263696.0
2025-08-24 04:30:00+00:00,3.0453,3.05,3.0423,3.0456,560691.9
2025-08-24 04:45:00+00:00,3.0457,3.0515,3.043,3.0515,435882.2
2025-08-24 05:00:00+00:00,3.0515,3.0542,3.0458,3.0525,546065.6
2025-08-24 05:15:00+00:00,3.0526,3.055,3.0479,3.0484,319255.6
2025-08-24 05:30:00+00:00,3.0483,3.0532,3.0456,3.051,422299.2
2025-08-24 05:45:00+00:00,3.051,3.0517,3.0436,3.0499,278099.9
2025-08-24 06:00:00+00:00,3.05,3.0505,3.0436,3.0448,338842.7
2025-08-24 06:15:00+00:00,3.0449,3.0482,3.0381,3.0418,671242.2
2025-08-24 06:30:00+00:00,3.0418,3.0425,3.0296,3.0346,489110.7
2025-08-24 06:45:00+00:00,3.0347,3.0389,3.03,3.0318,1747219.3
2025-08-24 07:00:00+00:00,3.0318,3.0425,3.0303,3.0415,552940.0
2025-08-24 07:15:00+00:00,3.0415,3.0419,3.0312,3.0414,347040.1
2025-08-24 07:30:00+00:00,3.0415,3.0476,3.0405,3.0423,408120.8
2025-08-24 07:45:00+00:00,3.0424,3.0459,3.035,3.0357,355475.8
2025-08-24 08:00:00+00:00,3.0357,3.0478,3.028,3.0459,733302.5
2025-08-24 08:15:00+00:00,3.0458,3.0474,3.0356,3.0386,1020210.7
2025-08-24 08:30:00+00:00,3.0386,3.039,3.0335,3.0361,290460.5
2025-08-24 08:45:00+00:00,3.0361,3.0418,3.0344,3.0398,469466.2
2025-08-24 09:00:00+00:00,3.0398,3.0425,3.0286,3.0288,1475807.2
2025-08-24 09:15:00+00:00,3.0289,3.0316,3.0256,3.0292,499558.4
2025-08-24 09:30:00+00:00,3.0291,3.037,3.0262,3.0351,670432.6
2025-08-24 09:45:00+00:00,3.035,3.035,3.025,3.0253,542772.8
2025-08-24 10:00:00+00:00,3.0252,3.0267,3.0181,3.019,905015.7
2025-08-24 10:15:00+00:00,3.019,3.021,3.0133,3.0171,763638.7
2025-08-24 10:30:00+00:00,3.0171,3.0172,3.0029,3.0168,2172709.6
2025-08-24 10:45:00+00:00,3.0167,3.0225,3.012,3.0125,1109297.1
2025-08-24 11:00:00+00:00,3.0125,3.0159,3.002,3.006,781695.4
2025-08-24 11:15:00+00:00,3.0061,3.0106,2.9971,3.0095,1919532.1
2025-08-24 11:30:00+00:00,3.0095,3.0152,3.0059,3.0063,820996.3
2025-08-24 11:45:00+00:00,3.0062,3.011,3.0051,3.0087,474382.8
2025-08-24 12:00:00+00:00,3.0087,3.0174,3.0059,3.015,681989.6
2025-08-24 12:15:00+00:00,3.015,3.018,3.0091,3.0133,767254.4
2025-08-24 12:30:00+00:00,3.0133,3.0182,3.0066,3.0121,492000.5
2025-08-24 12:45:00+00:00,3.012,3.0194,3.0104,3.0175,509798.4
2025-08-24 13:00:00+00:00,3.0175,3.0212,3.0122,3.0143,803984.3
2025-08-24 13:15:00+00:00,3.0142,3.0228,3.0134,3.0199,853634.1
2025-08-24 13:30:00+00:00,3.02,3.0249,3.0182,3.0202,687595.6
2025-08-24 13:45:00+00:00,3.0201,3.0235,3.0185,3.0201,460216.4
2025-08-24 14:00:00+00:00,3.0202,3.0216,3.0138,3.0181,632142.6
2025-08-24 14:15:00+00:00,3.0182,3.0284,3.0143,3.0158,1119897.0
2025-08-24 14:30:00+00:00,3.0157,3.0172,3.0106,3.0121,593223.4
2025-08-24 14:45:00+00:00,3.012,3.0244,3.0114,3.022,602406.2
2025-08-24 15:00:00+00:00,3.0219,3.0403,3.0177,3.0361,1498570.0
2025-08-24 15:15:00+00:00,3.0362,3.041,3.0313,3.0348,928072.4
2025-08-24 15:30:00+00:00,3.0349,3.038,3.0282,3.0296,617033.3
2025-08-24 15:45:00+00:00,3.0297,3.0307,3.0118,3.0144,1879005.4
2025-08-24 16:00:00+00:00,3.0144,3.0253,3.0134,3.0238,1473268.9
2025-08-24 16:15:00+00:00,3.0238,3.0259,3.0169,3.0196,655416.9
2025-08-24 16:30:00+00:00,3.0197,3.0309,3.0184,3.0244,399067.2
2025-08-24 16:45:00+00:00,3.0243,3.0331,3.0223,3.0306,548630.4
2025-08-24 17:00:00+00:00,3.0305,3.0404,3.0297,3.0404,711302.9
2025-08-24 17:15:00+00:00,3.0404,3.0451,3.0348,3.0375,664538.1
2025-08-24 17:30:00+00:00,3.0375,3.0631,3.035,3.0621,1525434.9
2025-08-24 17:45:00+00:00,3.0621,3.0648,3.0506,3.0515,1692448.7
2025-08-24 18:00:00+00:00,3.0514,3.0589,3.0461,3.0588,805711.9
2025-08-24 18:15:00+00:00,3.0588,3.0828,3.0581,3.0817,3444226.4
2025-08-24 18:30:00+00:00,3.0817,3.1091,3.0804,3.1006,6254123.0
2025-08-24 18:45:00+00:00,3.1005,3.1166,3.0965,3.1099,2594916.8
2025-08-24 19:00:00+00:00,3.1098,3.1258,3.1022,3.1173,4496079.1
2025-08-24 19:15:00+00:00,3.1173,3.128,3.1073,3.115,1910554.9
2025-08-24 19:30:00+00:00,3.1151,3.1173,2.9911,3.0562,30754898.5
2025-08-24 19:45:00+00:00,3.0562,3.0597,3.0066,3.0343,9715184.9
2025-08-24 20:00:00+00:00,3.0344,3.0376,2.987,3.0082,11354977.0
2025-08-24 20:15:00+00:00,3.0081,3.0413,3.0058,3.0324,4250791.1
2025-08-24 20:30:00+00:00,3.0323,3.04,3.0206,3.0391,1649418.3
2025-08-24 20:45:00+00:00,3.0391,3.0399,3.0247,3.0292,1775622.0
2025-08-24 21:00:00+00:00,3.0293,3.0327,3.0093,3.0219,3388088.0
2025-08-24 21:15:00+00:00,3.0218,3.0303,3.0177,3.0274,1090591.6
2025-08-24 21:30:00+00:00,3.0274,3.0472,3.0255,3.0367,1770699.4
2025-08-24 21:45:00+00:00,3.0366,3.0474,3.0231,3.0289,1129496.2
2025-08-24 22:00:00+00:00,3.0289,3.0328,3.0123,3.025,1500284.2
2025-08-24 22:15:00+00:00,3.0249,3.0257,3.0042,3.005,1236633.6
2025-08-24 22:30:00+00:00,3.005,3.024,3.0019,3.024,1326231.4
2025-08-24 22:45:00+00:00,3.024,3.0355,3.019,3.0332,854732.0
2025-08-24 23:00:00+00:00,3.0333,3.0397,3.0271,3.0355,1641997.1
2025-08-24 23:15:00+00:00,3.0355,3.0392,3.0306,3.0325,931029.6
2025-08-24 23:30:00+00:00,3.0326,3.0374,3.0281,3.0355,812655.4
2025-08-24 23:45:00+00:00,3.0354,3.0393,3.023,3.0258,1698001.8
2025-08-25 00:00:00+00:00,3.0259,3.0358,3.0233,3.0264,1003564.1
2025-08-25 00:15:00+00:00,3.0264,3.0281,3.0116,3.0136,862677.4
2025-08-25 00:30:00+00:00,3.0137,3.0138,2.9736,2.9777,4823552.0
2025-08-25 00:45:00+00:00,2.9778,2.9959,2.9778,2.9939,1838636.2
2025-08-25 01:00:00+00:00,2.9939,3.009,2.9931,3.0084,797946.5
2025-08-25 01:15:00+00:00,3.0084,3.026,2.9969,3.0186,1468849.6
2025-08-25 01:30:00+00:00,3.0185,3.0205,3.0093,3.0093,793449.4
2025-08-25 01:45:00+00:00,3.0093,3.0226,3.0092,3.0161,1209700.1
2025-08-25 02:00:00+00:00,3.0162,3.028,3.0156,3.0277,1014875.8
2025-08-25 02:15:00+00:00,3.0277,3.0465,3.0238,3.0442,3132011.7
2025-08-25 02:30:00+00:00,3.0442,3.0526,3.0368,3.0393,2553197.6
2025-08-25 02:45:00+00:00,3.0394,3.0473,3.038,3.0443,1964302.6
2025-08-25 03:00:00+00:00,3.0444,3.0535,3.037,3.0418,1435094.3
2025-08-25 03:15:00+00:00,3.0418,3.048,3.036,3.0368,1073022.2
2025-08-25 03:30:00+00:00,3.0368,3.0434,3.03,3.0393,1215460.9
2025-08-25 03:45:00+00:00,3.0393,3.0435,3.0175,3.0219,1338538.9
2025-08-25 04:00:00+00:00,3.0219,3.0261,3.0147,3.0147,1337596.7
2025-08-25 04:15:00+00:00,3.0147,3.0236,3.01,3.0125,1246745.5
2025-08-25 04:30:00+00:00,3.0125,3.0153,3.0036,3.0079,1311564.9
2025-08-25 04:45:00+00:00,3.0079,3.0107,3.0044,3.0047,1086109.9
2025-08-25 05:00:00+00:00,3.0047,3.0111,2.9944,2.9965,1591540.1
2025-08-25 05:15:00+00:00,2.9965,3.011,2.9955,3.0087,990735.7
2025-08-25 05:30:00+00:00,3.0088,3.0114,2.999,3.0027,1024324.9
2025-08-25 05:45:00+00:00,3.0027,3.007,2.9913,2.9922,1205802.1
2025-08-25 06:00:00+00:00,2.9922,2.9942,2.9778,2.9823,2564167.3
2025-08-25 06:15:00+00:00,2.9823,2.9882,2.9756,2.9805,1743776.4
2025-08-25 06:30:00+00:00,2.9805,2.9816,2.9658,2.971,2562944.3
2025-08-25 06:45:00+00:00,2.971,2.9711,2.955,2.9551,3043294.7
2025-08-25 07:00:00+00:00,2.9552,2.9664,2.949,2.9631,2430156.9
2025-08-25 07:15:00+00:00,2.9631,2.9682,2.9481,2.9482,2088454.8
2025-08-25 07:30:00+00:00,2.9481,2.9521,2.9372,2.9487,2746892.2
2025-08-25 07:45:00+00:00,2.9487,2.9502,2.9301,2.9384,2434337.5
2025-08-25 08:00:00+00:00,2.9385,2.9432,2.9209,2.9407,3360646.3
2025-08-25 08:15:00+00:00,2.9406,2.953,2.9405,2.9444,2052162.0
2025-08-25 08:30:00+00:00,2.9445,2.9524,2.9388,2.9401,1184351.2
2025-08-25 08:45:00+00:00,2.94,2.9499,2.9373,2.9448,1090819.9
2025-08-25 09:00:00+00:00,2.9448,2.9486,2.9349,2.9394,1270566.5
2025-08-25 09:15:00+00:00,2.9394,2.9479,2.9391,2.9395,1207401.9
2025-08-25 09:30:00+00:00,2.9395,2.9464,2.9373,2.9448,807488.5
2025-08-25 09:45:00+00:00,2.9447,2.9579,2.9425,2.9572,977005.2
2025-08-25 10:00:00+00:00,2.9573,2.9577,2.9479,2.9484,1689254.3
2025-08-25 10:15:00+00:00,2.9484,2.951,2.92,2.931,2432777.4
2025-08-25 10:30:00+00:00,2.9311,2.9338,2.9193,2.9265,1611126.5
2025-08-25 10:45:00+00:00,2.9265,2.9348,2.9229,2.9309,1500940.7
2025-08-25 11:00:00+00:00,2.931,2.9364,2.9283,2.9342,981436.4
2025-08-25 11:15:00+00:00,2.9342,2.9376,2.9289,2.9331,839881.0
2025-08-25 11:30:00+00:00,2.9331,2.944,2.9329,2.9402,1045894.3
2025-08-25 11:45:00+00:00,2.9402,2.9445,2.9394,2.9429,825537.9
2025-08-25 12:00:00+00:00,2.9429,2.9504,2.9359,2.9503,1001884.5
2025-08-25 12:15:00+00:00,2.9503,2.9646,2.9455,2.9645,1130142.8
2025-08-25 12:30:00+00:00,2.9646,2.9646,2.9516,2.9623,1263699.9
2025-08-25 12:45:00+00:00,2.9623,2.9632,2.9561,2.9626,480097.0
2025-08-25 13:00:00+00:00,2.9625,2.9628,2.9552,2.9558,635437.4
2025-08-25 13:15:00+00:00,2.9558,2.9688,2.9493,2.9626,1300326.9
2025-08-25 13:30:00+00:00,2.9626,2.9645,2.9395,2.9395,1994139.6
2025-08-25 13:45:00+00:00,2.9395,2.9538,2.9276,2.9492,2022088.8
2025-08-25 14:00:00+00:00,2.9493,2.9614,2.9419,2.9556,1234216.8
2025-08-25 14:15:00+00:00,2.9555,2.9658,2.9537,2.954,1326372.1
2025-08-25 14:30:00+00:00,2.954,2.965,2.948,2.9561,963375.7
2025-08-25 14:45:00+00:00,2.956,2.9689,2.9545,2.9674,909846.6
2025-08-25 15:00:00+00:00,2.9674,2.973,2.9535,2.9576,1498215.9
2025-08-25 15:15:00+00:00,2.9577,2.9744,2.9571,2.9664,1143371.9
2025-08-25 15:30:00+00:00,2.9664,2.9685,2.955,2.9598,943707.9
2025-08-25 15:45:00+00:00,2.9597,2.9598,2.9487,2.9538,1035180.2
2025-08-25 16:00:00+00:00,2.9538,2.9599,2.9433,2.9599,737859.8
2025-08-25 16:15:00+00:00,2.9599,2.9685,2.9577,2.9584,560067.4
2025-08-25 16:30:00+00:00,2.9583,2.9636,2.9538,2.9601,361008.4
2025-08-25 16:45:00+00:00,2.9599,2.9626,2.9491,2.9492,481542.5
2025-08-25 17:00:00+00:00,2.9492,2.9517,2.9356,2.9458,1304719.1
2025-08-25 17:15:00+00:00,2.9459,2.9561,2.939,2.9536,1532122.6
2025-08-25 17:30:00+00:00,2.9536,2.9575,2.943,2.9498,682097.5
2025-08-25 17:45:00+00:00,2.9497,2.9676,2.9478,2.9639,900940.9
2025-08-25 18:00:00+00:00,2.964,2.9667,2.955,2.9593,920741.4
2025-08-25 18:15:00+00:00,2.9594,2.964,2.954,2.9624,735994.2
2025-08-25 18:30:00+00:00,2.9624,2.9658,2.9468,2.9491,1704880.4
2025-08-25 18:45:00+00:00,2.9491,2.9628,2.9468,2.9603,824065.7
2025-08-25 19:00:00+00:00,2.9604,2.9617,2.9437,2.9438,1237427.6
2025-08-25 19:15:00+00:00,2.9437,2.944,2.9214,2.9377,3895524.2
2025-08-25 19:30:00+00:00,2.9376,2.9395,2.9066,2.9113,3900145.6
2025-08-25 19:45:00+00:00,2.9114,2.9154,2.8724,2.8768,6678522.3
2025-08-25 20:00:00+00:00,2.8769,2.8944,2.8513,2.8656,9272187.4
2025-08-25 20:15:00+00:00,2.8656,2.8872,2.8617,2.8698,3686134.9
2025-08-25 20:30:00+00:00,2.8699,2.8719,2.8307,2.8557,9565388.6
2025-08-25 20:45:00+00:00,2.8557,2.8631,2.8258,2.8258,4123097.8
2025-08-25 21:00:00+00:00,2.8258,2.8518,2.8223,2.8345,6873768.2
2025-08-25 21:15:00+00:00,2.8346,2.8531,2.834,2.8427,3092836.0
2025-08-25 21:30:00+00:00,2.8427,2.8589,2.834,2.853,2424388.9
2025-08-25 21:45:00+00:00,2.8529,2.8642,2.8501,2.8506,1937716.1
2025-08-25 22:00:00+00:00,2.8506,2.8581,2.8401,2.8411,2206025.1
2025-08-25 22:15:00+00:00,2.8411,2.8607,2.8393,2.8605,2114088.5
2025-08-25 22:30:00+00:00,2.8605,2.869,2.8583,2.869,1738132.8
2025-08-25 22:45:00+00:00,2.8689,2.8693,2.859,2.8628,1481065.8
2025-08-25 23:00:00+00:00,2.8627,2.8641,2.8555,2.8601,1527552.5
2025-08-25 23:15:00+00:00,2.86,2.8634,2.8479,2.8541,694239.9
2025-08-25 23:30:00+00:00,2.854,2.8616,2.8518,2.8609,719741.9
2025-08-25 23:45:00+00:00,2.8609,2.864,2.8571,2.8584,537517.2
2025-08-26 00:00:00+00:00,2.8584,2.8657,2.8513,2.8639,2524883.3
2025-08-26 00:15:00+00:00,2.8638,2.876,2.8613,2.8738,1620935.6
2025-08-26 00:30:00+00:00,2.8738,2.8826,2.857,2.8583,2726203.6
2025-08-26 00:45:00+00:00,2.8582,2.8744,2.8459,2.8596,2441155.5
2025-08-26 01:00:00+00:00,2.8596,2.8772,2.8505,2.8663,1836652.3
2025-08-26 01:15:00+00:00,2.8664,2.8791,2.864,2.8775,828183.5
2025-08-26 01:30:00+00:00,2.8775,2.8817,2.871,2.8769,879560.2
2025-08-26 01:45:00+00:00,2.8768,2.8855,2.8753,2.884,946885.0
2025-08-26 02:00:00+00:00,2.8839,2.898,2.8824,2.8969,2004770.5
2025-08-26 02:15:00+00:00,2.8969,2.8974,2.882,2.8878,1363137.8
2025-08-26 02:30:00+00:00,2.8878,2.8882,2.8721,2.8779,1002979.5
2025-08-26 02:45:00+00:00,2.8779,2.8855,2.873,2.8829,1407583.5
2025-08-26 03:00:00+00:00,2.8828,2.8895,2.8814,2.8841,929687.3
2025-08-26 03:15:00+00:00,2.884,2.8961,2.8777,2.8875,1462385.2
2025-08-26 03:30:00+00:00,2.8875,2.8935,2.8866,2.8902,719005.5
2025-08-26 03:45:00+00:00,2.8903,2.8912,2.8833,2.885,760687.0
2025-08-26 04:00:00+00:00,2.885,2.899,2.885,2.8986,869961.1
2025-08-26 04:15:00+00:00,2.8986,2.9034,2.895,2.8997,1007744.5
2025-08-26 04:30:00+00:00,2.8997,2.9055,2.8997,2.9024,1065383.8
2025-08-26 04:45:00+00:00,2.9024,2.9103,2.8997,2.9073,1268763.7
2025-08-26 05:00:00+00:00,2.9074,2.9142,2.9068,2.9141,1026853.2
2025-08-26 05:15:00+00:00,2.9142,2.9177,2.9124,2.9146,1307368.3
2025-08-26 05:30:00+00:00,2.9146,2.9242,2.9114,2.9242,1254317.6
2025-08-26 05:45:00+00:00,2.9242,2.9291,2.9189,2.919,1304732.3
2025-08-26 06:00:00+00:00,2.9189,2.9293,2.9115,2.9235,1859163.3
2025-08-26 06:15:00+00:00,2.9234,2.9293,2.9027,2.9096,2429113.1
2025-08-26 06:30:00+00:00,2.9096,2.9165,2.9078,2.9119,1156825.6
2025-08-26 06:45:00+00:00,2.912,2.9135,2.9053,2.9108,987528.0
2025-08-26 07:00:00+00:00,2.9108,2.9179,2.9058,2.9086,1415780.0
2025-08-26 07:15:00+00:00,2.9086,2.9148,2.9,2.9083,1127871.9
2025-08-26 07:30:00+00:00,2.9082,2.935,2.9074,2.919,2839932.1
2025-08-26 07:45:00+00:00,2.9191,2.9239,2.9126,2.9172,1476504.3
2025-08-26 08:00:00+00:00,2.9171,2.9218,2.9117,2.9196,836133.5
2025-08-26 08:15:00+00:00,2.9197,2.9278,2.9105,2.9205,1725495.9
2025-08-26 08:30:00+00:00,2.9204,2.9229,2.9166,2.9202,1222836.5
2025-08-26 08:45:00+00:00,2.9201,2.9242,2.9094,2.9112,1990525.9
2025-08-26 09:00:00+00:00,2.9113,2.9186,2.9093,2.9147,934317.8
2025-08-26 09:15:00+00:00,2.9146,2.921,2.9141,2.918,972191.4
2025-08-26 09:30:00+00:00,2.918,2.9207,2.9065,2.9068,889164.6
2025-08-26 09:45:00+00:00,2.9068,2.9098,2.9028,2.9097,1304927.2
2025-08-26 10:00:00+00:00,2.9098,2.9126,2.906,2.9067,785081.9
2025-08-26 10:15:00+00:00,2.9066,2.9086,2.9005,2.9045,705053.7
2025-08-26 10:30:00+00:00,2.9046,2.9142,2.9045,2.9133,520930.4
2025-08-26 10:45:00+00:00,2.9133,2.9156,2.9051,2.9078,808605.1
2025-08-26 11:00:00+00:00,2.9078,2.9111,2.9022,2.9046,1454268.4
2025-08-26 11:15:00+00:00,2.9046,2.9047,2.8953,2.898,689519.8
2025-08-26 11:30:00+00:00,2.8981,2.8984,2.8904,2.8977,921494.6
2025-08-26 11:45:00+00:00,2.8977,2.9021,2.8937,2.9011,540800.7
2025-08-26 12:00:00+00:00,2.9012,2.9018,2.8899,2.8899,1035257.8
2025-08-26 12:15:00+00:00,2.8899,2.895,2.8889,2.8942,802524.8
2025-08-26 12:30:00+00:00,2.8942,2.9409,2.8941,2.9265,4094488.1
2025-08-26 12:45:00+00:00,2.9264,2.934,2.8944,2.9179,3125100.1
2025-08-26 13:00:00+00:00,2.9179,2.9179,2.9057,2.9073,1447701.7
2025-08-26 13:15:00+00:00,2.9073,2.9118,2.9,2.9012,658263.1
2025-08-26 13:30:00+00:00,2.9013,2.9241,2.8989,2.9125,3491072.0
2025-08-26 13:45:00+00:00,2.9125,2.919,2.8876,2.9177,3400737.0
2025-08-26 14:00:00+00:00,2.9177,2.9239,2.9049,2.909,1983962.7
2025-08-26 14:15:00+00:00,2.909,2.935,2.9079,2.9252,1561176.0
2025-08-26 14:30:00+00:00,2.9251,2.934,2.9232,2.933,997491.4
2025-08-26 14:45:00+00:00,2.9331,2.9408,2.9267,2.9304,1090646.3
2025-08-26 15:00:00+00:00,2.9303,2.9424,2.927,2.9304,1621451.0
2025-08-26 15:15:00+00:00,2.9304,2.9429,2.9254,2.9342,2548601.0
2025-08-26 15:30:00+00:00,2.9342,2.9346,2.9217,2.9235,1704582.7
2025-08-26 15:45:00+00:00,2.9236,2.9338,2.9235,2.9331,482451.7
2025-08-26 16:00:00+00:00,2.933,2.9361,2.9261,2.9288,525296.8
2025-08-26 16:15:00+00:00,2.9288,2.947,2.9288,2.9469,1209447.5
2025-08-26 16:30:00+00:00,2.947,2.9524,2.9431,2.9482,1978813.4
2025-08-26 16:45:00+00:00,2.9482,2.956,2.9453,2.9558,1055836.6
2025-08-26 17:00:00+00:00,2.9558,2.957,2.9466,2.9535,1838162.5
2025-08-26 17:15:00+00:00,2.9534,2.9637,2.9503,2.9583,2154787.5
2025-08-26 17:30:00+00:00,2.9583,2.9596,2.9485,2.9512,1332291.0
2025-08-26 17:45:00+00:00,2.9512,2.9626,2.9482,2.9626,1535520.9
2025-08-26 18:00:00+00:00,2.9626,2.9648,2.9595,2.9626,849609.9
2025-08-26 18:15:00+00:00,2.9625,2.975,2.9621,2.9748,1098577.0
2025-08-26 18:30:00+00:00,2.9749,2.989,2.9742,2.987,1655243.6
2025-08-26 18:45:00+00:00,2.9871,2.9875,2.9786,2.9804,728765.1
2025-08-26 19:00:00+00:00,2.9804,2.9809,2.9662,2.9734,800448.7
2025-08-26 19:15:00+00:00,2.9734,2.9904,2.9714,2.9902,1120675.7
2025-08-26 19:30:00+00:00,2.9902,3.0244,2.9878,3.0181,5726639.7
2025-08-26 19:45:00+00:00,3.0182,3.0817,3.0165,3.0607,11269647.6
2025-08-26 20:00:00+00:00,3.0606,3.0624,3.0294,3.0391,6772733.9
2025-08-26 20:15:00+00:00,3.039,3.0422,3.0246,3.0262,3019102.5
2025-08-26 20:30:00+00:00,3.0262,3.0354,3.0198,3.0225,2271948.7
2025-08-26 20:45:00+00:00,3.0224,3.0396,3.0162,3.0396,2510178.6
2025-08-26 21:00:00+00:00,3.0395,3.041,3.021,3.0292,4522604.7
2025-08-26 21:15:00+00:00,3.0293,3.0338,3.02,3.0207,1670651.2
2025-08-26 21:30:00+00:00,3.0208,3.0271,3.0181,3.0224,1253181.5
2025-08-26 21:45:00+00:00,3.0224,3.0305,3.0201,3.0305,1060274.9
2025-08-26 22:00:00+00:00,3.0304,3.0324,3.0132,3.0225,2246853.7
2025-08-26 22:15:00+00:00,3.0225,3.0242,3.0053,3.0084,1997268.9
2025-08-26 22:30:00+00:00,3.0084,3.0164,3.0039,3.005,1376479.2
2025-08-26 22:45:00+00:00,3.005,3.0136,3.0032,3.0133,862945.0
2025-08-26 23:00:00+00:00,3.0134,3.0273,3.0088,3.0248,1454331.6
2025-08-26 23:15:00+00:00,3.0248,3.0248,3.0143,3.0158,747757.2
2025-08-26 23:30:00+00:00,3.0157,3.0167,3.0081,3.016,1032830.4
2025-08-26 23:45:00+00:00,3.0159,3.0159,3.0097,3.0123,644289.4
2025-08-27 00:00:00+00:00,3.0123,3.0127,3.0024,3.0025,907017.5
2025-08-27 00:15:00+00:00,3.0026,3.0045,2.9947,2.9958,1081451.5
2025-08-27 00:30:00+00:00,2.9958,3.0043,2.9952,2.9957,926672.5
2025-08-27 00:45:00+00:00,2.9957,2.9979,2.9853,2.9893,1818924.4
2025-08-27 01:00:00+00:00,2.9894,2.9928,2.9811,2.992,1534524.8
2025-08-27 01:15:00+00:00,2.9919,2.9993,2.9862,2.996,558925.1
2025-08-27 01:30:00+00:00,2.9961,3.0078,2.9943,2.997,666308.7
2025-08-27 01:45:00+00:00,2.997,3.0057,2.9967,3.0033,1354977.4
2025-08-27 02:00:00+00:00,3.0033,3.005,2.9885,2.9912,1413730.4
2025-08-27 02:15:00+00:00,2.9912,3.0091,2.9902,2.9963,1413618.9
2025-08-27 02:30:00+00:00,2.9964,3.0036,2.9957,3.0,776936.9
2025-08-27 02:45:00+00:00,2.9999,3.0015,2.9938,2.9944,659161.5
2025-08-27 03:00:00+00:00,2.9944,2.9977,2.9876,2.9921,783363.9
2025-08-27 03:15:00+00:00,2.9921,2.9925,2.9836,2.9871,975353.2
2025-08-27 03:30:00+00:00,2.987,2.9954,2.987,2.993,834316.9
2025-08-27 03:45:00+00:00,2.993,3.014,2.9929,3.0043,3461445.4
2025-08-27 04:00:00+00:00,3.0043,3.0206,3.0016,3.0155,1398596.0
2025-08-27 04:15:00+00:00,3.0155,3.0223,3.0104,3.011,1025160.2
2025-08-27 04:30:00+00:00,3.0111,3.0254,3.01,3.0236,1345512.4
2025-08-27 04:45:00+00:00,3.0236,3.0279,3.0199,3.0223,991765.3
2025-08-27 05:00:00+00:00,3.0222,3.0238,3.0108,3.0216,955387.6
2025-08-27 05:15:00+00:00,3.0216,3.0234,3.0148,3.0175,778402.2
2025-08-27 05:30:00+00:00,3.0175,3.0202,3.0113,3.0168,815691.6
2025-08-27 05:45:00+00:00,3.0167,3.0174,3.0134,3.0148,772738.6
2025-08-27 06:00:00+00:00,3.0149,3.0152,3.0038,3.006,1205525.5
2025-08-27 06:15:00+00:00,3.0061,3.0115,3.0037,3.0094,520730.0
2025-08-27 06:30:00+00:00,3.0093,3.0152,3.0084,3.0106,518082.0
2025-08-27 06:45:00+00:00,3.0106,3.0106,2.9974,2.9988,1104342.8
2025-08-27 07:00:00+00:00,2.9987,3.0027,2.9981,3.0007,797589.1
2025-08-27 07:15:00+00:00,3.0006,3.0022,2.9852,2.9881,1652309.7
2025-08-27 07:30:00+00:00,2.9881,2.9915,2.9846,2.9886,1397663.2
2025-08-27 07:45:00+00:00,2.9886,2.9958,2.9853,2.9934,808201.4
2025-08-27 08:00:00+00:00,2.9934,3.0067,2.9934,3.0057,1278752.1
2025-08-27 08:15:00+00:00,3.0057,3.0067,2.9973,3.0009,576114.4
2025-08-27 08:30:00+00:00,3.0009,3.0067,3.0006,3.0028,546020.6
2025-08-27 08:45:00+00:00,3.0027,3.0144,2.9965,3.0143,627934.2
2025-08-27 09:00:00+00:00,3.0143,3.0235,3.0125,3.014,1136939.1
2025-08-27 09:15:00+00:00,3.0139,3.0191,3.0121,3.0141,406528.0
2025-08-27 09:30:00+00:00,3.0142,3.0174,3.0075,3.009,378625.6
2025-08-27 09:45:00+00:00,3.009,3.0129,3.0075,3.0108,425611.2
2025-08-27 10:00:00+00:00,3.0108,3.015,3.0076,3.0098,390875.2
2025-08-27 10:15:00+00:00,3.0098,3.0158,3.0058,3.0094,708157.2
2025-08-27 10:30:00+00:00,3.0093,3.0115,2.9964,3.0023,624176.5
2025-08-27 10:45:00+00:00,3.0022,3.0028,2.9985,2.9985,453862.4
2025-08-27 11:00:00+00:00,2.9986,3.0034,2.9986,3.0007,995130.4
2025-08-27 11:15:00+00:00,3.0006,3.0021,2.9968,2.9978,608526.8
2025-08-27 11:30:00+00:00,2.9979,3.0004,2.9951,2.9964,925594.3
2025-08-27 11:45:00+00:00,2.9964,3.001,2.9963,2.9984,945363.7
2025-08-27 12:00:00+00:00,2.9983,3.0057,2.9914,2.9975,1294639.5
2025-08-27 12:15:00+00:00,2.9976,3.001,2.9922,2.9961,653027.3
2025-08-27 12:30:00+00:00,2.9961,3.0008,2.9929,2.9947,611669.1
2025-08-27 12:45:00+00:00,2.9947,3.0044,2.9947,3.0021,537242.9
2025-08-27 13:00:00+00:00,3.0022,3.0022,2.9934,2.9949,692033.1
2025-08-27 13:15:00+00:00,2.9949,3.0011,2.9931,2.9984,1380382.2
2025-08-27 13:30:00+00:00,2.9983,3.0195,2.9882,3.0097,3430195.7
2025-08-27 13:45:00+00:00,3.0097,3.0166,2.9992,3.0003,2310704.4
2025-08-27 14:00:00+00:00,3.0004,3.0105,2.9933,3.0078,1083171.3
2025-08-27 14:15:00+00:00,3.0077,3.018,3.0038,3.0165,810292.2
2025-08-27 14:30:00+00:00,3.0164,3.0321,3.0137,3.0137,3236132.4
2025-08-27 14:45:00+00:00,3.0138,3.0168,3.0027,3.0055,1408687.2
2025-08-27 15:00:00+00:00,3.0056,3.018,2.9999,3.0147,1046487.2
2025-08-27 15:15:00+00:00,3.0147,3.0184,3.0001,3.0044,905231.6
2025-08-27 15:30:00+00:00,3.0043,3.011,2.9976,3.0089,1312989.3
2025-08-27 15:45:00+00:00,3.009,3.021,3.006,3.0169,981755.0
2025-08-27 16:00:00+00:00,3.017,3.0179,3.0077,3.0104,815519.6
2025-08-27 16:15:00+00:00,3.0104,3.0216,3.0073,3.0108,1654037.3
2025-08-27 16:30:00+00:00,3.0107,3.0142,3.0,3.0115,1053041.6
2025-08-27 16:45:00+00:00,3.0114,3.021,3.0081,3.0192,624459.9
2025-08-27 17:00:00+00:00,3.0191,3.0229,3.0143,3.0179,854179.6
2025-08-27 17:15:00+00:00,3.018,3.023,3.0108,3.0206,833838.9
2025-08-27 17:30:00+00:00,3.0207,3.0299,3.0192,3.0289,862859.5
2025-08-27 17:45:00+00:00,3.0288,3.038,3.0288,3.0355,1363920.6
2025-08-27 18:00:00+00:00,3.0354,3.0454,3.0351,3.0401,2018923.2
2025-08-27 18:15:00+00:00,3.04,3.0407,3.0306,3.0358,1441540.4
2025-08-27 18:30:00+00:00,3.0358,3.036,3.0218,3.022,898184.2
2025-08-27 18:45:00+00:00,3.0221,3.0292,3.0085,3.0085,1216520.2
2025-08-27 19:00:00+00:00,3.0085,3.0169,2.9875,2.9958,4075266.8
2025-08-27 19:15:00+00:00,2.9958,3.0098,2.9938,3.0074,876787.0
2025-08-27 19:30:00+00:00,3.0073,3.02,3.0069,3.0171,1133519.2
2025-08-27 19:45:00+00:00,3.0171,3.0171,2.9959,3.0053,1568504.0
2025-08-27 20:00:00+00:00,3.0053,3.0082,2.9832,2.9976,2397673.4
2025-08-27 20:15:00+00:00,2.9977,3.0286,2.9716,3.0102,14824566.7
2025-08-27 20:30:00+00:00,3.0102,3.0245,3.0031,3.0135,4304625.9
2025-08-27 20:45:00+00:00,3.0134,3.0172,3.0008,3.0121,1191251.0
2025-08-27 21:00:00+00:00,3.0122,3.0195,3.0048,3.0074,1463757.3
2025-08-27 21:15:00+00:00,3.0073,3.0092,2.997,3.0014,987816.3
2025-08-27 21:30:00+00:00,3.0014,3.007,2.9896,2.9965,698805.0
2025-08-27 21:45:00+00:00,2.9966,2.9967,2.9801,2.9873,1126104.7
2025-08-27 22:00:00+00:00,2.9873,2.9887,2.9621,2.9761,3094574.3
2025-08-27 22:15:00+00:00,2.9762,2.9848,2.9738,2.9808,737173.2
2025-08-27 22:30:00+00:00,2.9808,2.992,2.9794,2.992,689292.4
2025-08-27 22:45:00+00:00,2.992,2.9923,2.979,2.9791,513164.6
2025-08-27 23:00:00+00:00,2.979,2.9828,2.9742,2.9744,732252.4
2025-08-27 23:15:00+00:00,2.9745,2.9779,2.9688,2.9755,795179.6
2025-08-27 23:30:00+00:00,2.9755,2.9786,2.9639,2.9645,863507.5
2025-08-27 23:45:00+00:00,2.9646,2.9696,2.9625,2.9688,582681.9
2025-08-28 00:00:00+00:00,2.9688,2.9792,2.9668,2.9775,953554.1
2025-08-28 00:15:00+00:00,2.9775,2.9792,2.9577,2.9683,1024424.7
2025-08-28 00:30:00+00:00,2.9684,2.9696,2.953,2.9693,803511.3
2025-08-28 00:45:00+00:00,2.9692,2.9784,2.961,2.9694,1253117.9
2025-08-28 01:00:00+00:00,2.9694,2.9789,2.9684,2.9774,614330.2
2025-08-28 01:15:00+00:00,2.9773,2.981,2.9741,2.9743,396378.9
2025-08-28 01:30:00+00:00,2.9743,2.9885,2.9739,2.9836,727544.4
2025-08-28 01:45:00+00:00,2.9836,2.9894,2.9812,2.9853,496221.2
2025-08-28 02:00:00+00:00,2.9852,2.9869,2.9768,2.9775,703965.7
2025-08-28 02:15:00+00:00,2.9774,2.9877,2.9751,2.9859,929115.4
2025-08-28 02:30:00+00:00,2.9858,2.9884,2.9772,2.9772,1024054.0
2025-08-28 02:45:00+00:00,2.9773,2.9798,2.9708,2.9734,741704.9
2025-08-28 03:00:00+00:00,2.9733,2.9833,2.9696,2.982,916779.7
2025-08-28 03:15:00+00:00,2.9819,2.9857,2.9766,2.9821,780070.0
2025-08-28 03:30:00+00:00,2.9822,2.985,2.9796,2.9806,503061.6
2025-08-28 03:45:00+00:00,2.9805,2.9846,2.9752,2.9819,1319929.0
2025-08-28 04:00:00+00:00,2.982,2.9924,2.9771,2.9918,974443.3
2025-08-28 04:15:00+00:00,2.9918,2.9948,2.987,2.9897,1850085.8
2025-08-28 04:30:00+00:00,2.9896,3.0018,2.9887,2.9998,2073937.2
2025-08-28 04:45:00+00:00,2.9998,3.0117,2.9974,3.0076,2270947.9
2025-08-28 05:00:00+00:00,3.0076,3.0133,3.0039,3.005,1979539.6
2025-08-28 05:15:00+00:00,3.0051,3.0096,2.9988,3.0026,1709564.7
2025-08-28 05:30:00+00:00,3.0026,3.006,2.9973,2.9973,944372.4
2025-08-28 05:45:00+00:00,2.9974,3.0017,2.9942,3.0002,1443602.6
2025-08-28 06:00:00+00:00,3.0002,3.0004,2.9898,2.9933,1507742.2
2025-08-28 06:15:00+00:00,2.9933,2.9991,2.9916,2.999,650646.7
2025-08-28 06:30:00+00:00,2.9991,3.0006,2.9933,3.0005,1100805.2
2025-08-28 06:45:00+00:00,3.0006,3.0039,2.9962,3.0018,1383072.6
2025-08-28 07:00:00+00:00,3.0018,3.0068,3.0,3.0021,1060092.6
2025-08-28 07:15:00+00:00,3.0021,3.0049,2.993,2.9966,2041555.1
2025-08-28 07:30:00+00:00,2.9966,2.9971,2.9913,2.9947,787531.6
2025-08-28 07:45:00+00:00,2.9947,3.0036,2.9947,3.0035,1395009.5
2025-08-28 08:00:00+00:00,3.0035,3.0161,3.0028,3.009,3487814.3
2025-08-28 08:15:00+00:00,3.0089,3.0158,3.0014,3.0025,2178588.3
2025-08-28 08:30:00+00:00,3.0026,3.0039,3.0001,3.0001,843150.0
2025-08-28 08:45:00+00:00,3.0,3.0008,2.9952,3.0,1146417.6
2025-08-28 09:00:00+00:00,3.0,3.0002,2.9923,2.9926,1417542.3
2025-08-28 09:15:00+00:00,2.9926,3.0004,2.9919,3.0003,430939.9
2025-08-28 09:30:00+00:00,3.0004,3.0009,2.9977,3.0002,411089.0
2025-08-28 09:45:00+00:00,3.0002,3.0023,2.997,2.9998,400795.7
2025-08-28 10:00:00+00:00,2.9997,3.0015,2.9947,3.0015,596954.1
2025-08-28 10:15:00+00:00,3.0014,3.0015,2.9942,2.9987,382636.4
2025-08-28 10:30:00+00:00,2.9988,3.0053,2.9979,3.0041,647630.6
2025-08-28 10:45:00+00:00,3.004,3.0073,3.0021,3.0073,897454.8
2025-08-28 11:00:00+00:00,3.0073,3.0078,3.0009,3.0026,1379064.2
2025-08-28 11:15:00+00:00,3.0025,3.0051,3.0017,3.0042,836700.2
2025-08-28 11:30:00+00:00,3.0043,3.0056,3.0004,3.0004,620838.0
2025-08-28 11:45:00+00:00,3.0005,3.0083,2.9994,3.0075,908825.2
2025-08-28 12:00:00+00:00,3.0076,3.0089,3.0055,3.0083,898776.9
2025-08-28 12:15:00+00:00,3.0084,3.0126,3.0062,3.0099,1061789.6
2025-08-28 12:30:00+00:00,3.0099,3.0237,3.0051,3.0229,5492606.9
2025-08-28 12:45:00+00:00,3.0229,3.0263,3.018,3.0195,1887437.8
2025-08-28 13:00:00+00:00,3.0195,3.0253,3.0167,3.0195,1275980.2
2025-08-28 13:15:00+00:00,3.0195,3.0257,3.0116,3.0137,1745131.7
2025-08-28 13:30:00+00:00,3.0137,3.022,3.0092,3.0182,2683991.4
2025-08-28 13:45:00+00:00,3.0183,3.0197,2.9961,3.0032,2788268.8
2025-08-28 14:00:00+00:00,3.0032,3.0132,2.9968,3.0084,1572074.7
2025-08-28 14:15:00+00:00,3.0083,3.0151,2.9989,3.0026,1262340.6
2025-08-28 14:30:00+00:00,3.0026,3.0158,2.9961,3.013,1515469.1
2025-08-28 14:45:00+00:00,3.0131,3.02,3.0111,3.0161,1138333.9
2025-08-28 15:00:00+00:00,3.0161,3.0197,3.0089,3.01,1178948.4
2025-08-28 15:15:00+00:00,3.01,3.0194,2.9924,2.9947,2552598.3
2025-08-28 15:30:00+00:00,2.9947,2.9976,2.9824,2.9831,1356854.7
2025-08-28 15:45:00+00:00,2.9832,2.9836,2.9706,2.9817,1896172.0
2025-08-28 16:00:00+00:00,2.9816,2.9947,2.9815,2.9941,771107.6
2025-08-28 16:15:00+00:00,2.9941,2.9983,2.9904,2.9973,844716.7
2025-08-28 16:30:00+00:00,2.9973,2.9974,2.9888,2.9897,1526981.1
2025-08-28 16:45:00+00:00,2.9897,2.9908,2.9588,2.9589,2476173.1
2025-08-28 17:00:00+00:00,2.9589,2.9749,2.9577,2.9749,1424123.3
2025-08-28 17:15:00+00:00,2.9749,2.9836,2.974,2.9825,728992.7
2025-08-28 17:30:00+00:00,2.9825,2.9825,2.974,2.9798,603778.4
2025-08-28 17:45:00+00:00,2.9798,2.9812,2.9761,2.98,372416.0
2025-08-28 18:00:00+00:00,2.9801,2.9801,2.9702,2.9729,628293.3
2025-08-28 18:15:00+00:00,2.9729,2.983,2.9688,2.9827,629234.7
2025-08-28 18:30:00+00:00,2.9826,2.987,2.9792,2.983,472982.8
2025-08-28 18:45:00+00:00,2.9829,2.9848,2.9772,2.9787,565725.9
2025-08-28 19:00:00+00:00,2.9788,2.9854,2.9781,2.9787,504368.5
2025-08-28 19:15:00+00:00,2.9788,2.9789,2.9714,2.9787,322947.5
2025-08-28 19:30:00+00:00,2.9788,2.9809,2.9619,2.9642,979448.2
2025-08-28 19:45:00+00:00,2.9642,2.9694,2.9432,2.9436,3206924.7
2025-08-28 20:00:00+00:00,2.9436,2.9615,2.9435,2.9587,1389368.6
2025-08-28 20:15:00+00:00,2.9587,2.963,2.9568,2.9578,776616.7
2025-08-28 20:30:00+00:00,2.9578,2.9602,2.9526,2.9566,509228.5
2025-08-28 20:45:00+00:00,2.9565,2.9574,2.9492,2.9497,801051.5
2025-08-28 21:00:00+00:00,2.9497,2.9543,2.948,2.9541,567823.5
2025-08-28 21:15:00+00:00,2.9541,2.9543,2.9476,2.95,946244.4
2025-08-28 21:30:00+00:00,2.9501,2.9586,2.9484,2.9583,583259.1
2025-08-28 21:45:00+00:00,2.9582,2.9657,2.9582,2.9616,279848.1
2025-08-28 22:00:00+00:00,2.9616,2.9696,2.961,2.9688,696602.4
2025-08-28 22:15:00+00:00,2.9688,2.9738,2.966,2.9734,970408.2
2025-08-28 22:30:00+00:00,2.9734,2.9797,2.9691,2.9699,809171.3
2025-08-28 22:45:00+00:00,2.9699,2.9715,2.9664,2.9699,466545.2
2025-08-28 23:00:00+00:00,2.9699,2.9749,2.9665,2.9676,764801.5
2025-08-28 23:15:00+00:00,2.9676,2.9706,2.9636,2.9662,386782.8
2025-08-28 23:30:00+00:00,2.9662,2.9737,2.9641,2.971,649047.8
2025-08-28 23:45:00+00:00,2.971,2.9714,2.9621,2.9665,686996.6
2025-08-29 00:00:00+00:00,2.9665,2.9719,2.9624,2.9649,691093.8
2025-08-29 00:15:00+00:00,2.9648,2.9768,2.9602,2.9746,862586.2
2025-08-29 00:30:00+00:00,2.9745,2.9755,2.9578,2.9588,951133.1
2025-08-29 00:45:00+00:00,2.9588,2.9618,2.9541,2.9583,478423.4
2025-08-29 01:00:00+00:00,2.9583,2.9618,2.9478,2.9508,1040483.3
2025-08-29 01:15:00+00:00,2.9507,2.9507,2.9385,2.9393,1802130.0
2025-08-29 01:30:00+00:00,2.9393,2.9505,2.9393,2.9484,910569.3
2025-08-29 01:45:00+00:00,2.9485,2.9504,2.9408,2.9421,805698.2
2025-08-29 02:00:00+00:00,2.9421,2.9534,2.9375,2.9513,946434.4
2025-08-29 02:15:00+00:00,2.9513,2.959,2.9447,2.9508,762100.9
2025-08-29 02:30:00+00:00,2.9509,2.9528,2.9458,2.9517,732595.2
2025-08-29 02:45:00+00:00,2.9518,2.9546,2.9473,2.9473,475807.8
2025-08-29 03:00:00+00:00,2.9473,2.9503,2.939,2.9419,803698.6
2025-08-29 03:15:00+00:00,2.9419,2.9447,2.9376,2.9399,1093457.2
2025-08-29 03:30:00+00:00,2.94,2.946,2.9376,2.9424,1176021.3
2025-08-29 03:45:00+00:00,2.9424,2.9453,2.938,2.9381,692417.5
2025-08-29 04:00:00+00:00,2.9381,2.9404,2.9277,2.9302,1077756.6
2025-08-29 04:15:00+00:00,2.9301,2.9354,2.9297,2.9311,721746.3
2025-08-29 04:30:00+00:00,2.9312,2.9312,2.9251,2.9274,873953.6
2025-08-29 04:45:00+00:00,2.9274,2.9286,2.915,2.9176,1785532.8
2025-08-29 05:00:00+00:00,2.9177,2.918,2.9061,2.9102,2090551.5
2025-08-29 05:15:00+00:00,2.9103,2.9105,2.9016,2.9016,998748.8
2025-08-29 05:30:00+00:00,2.9016,2.914,2.8998,2.9124,1835306.1
2025-08-29 05:45:00+00:00,2.9125,2.9153,2.9077,2.9102,746533.9
2025-08-29 06:00:00+00:00,2.9102,2.9123,2.8962,2.8962,1645813.8
2025-08-29 06:15:00+00:00,2.8963,2.8975,2.8922,2.8931,1061805.6
2025-08-29 06:30:00+00:00,2.8931,2.9,2.892,2.8997,3489902.4
2025-08-29 06:45:00+00:00,2.8998,2.9022,2.8942,2.9007,7573548.4
2025-08-29 07:00:00+00:00,2.9007,2.9007,2.8687,2.8691,4467198.3
2025-08-29 07:15:00+00:00,2.8692,2.8746,2.8601,2.8681,3353626.2
2025-08-29 07:30:00+00:00,2.8681,2.8758,2.8666,2.8698,2644883.2
2025-08-29 07:45:00+00:00,2.8697,2.8773,2.8653,2.8699,1755879.1
2025-08-29 08:00:00+00:00,2.8698,2.8785,2.8648,2.8663,1520859.1
2025-08-29 08:15:00+00:00,2.8663,2.8694,2.8579,2.8619,3111704.5
2025-08-29 08:30:00+00:00,2.8619,2.8659,2.8584,2.8636,2146222.7
2025-08-29 08:45:00+00:00,2.8637,2.8659,2.8495,2.8523,2850796.9
2025-08-29 09:00:00+00:00,2.8524,2.8537,2.8436,2.8504,2172876.3
2025-08-29 09:15:00+00:00,2.8505,2.8629,2.8488,2.8624,1842953.6
2025-08-29 09:30:00+00:00,2.8624,2.8625,2.8584,2.862,1764348.1
2025-08-29 09:45:00+00:00,2.862,2.8762,2.8617,2.8757,2331988.4
2025-08-29 10:00:00+00:00,2.8756,2.8828,2.8738,2.8797,1857198.4
2025-08-29 10:15:00+00:00,2.8797,2.8869,2.8768,2.885,1447072.9
2025-08-29 10:30:00+00:00,2.885,2.885,2.8736,2.8743,1959775.1
2025-08-29 10:45:00+00:00,2.8744,2.8783,2.87,2.8765,1432551.1
2025-08-29 11:00:00+00:00,2.8765,2.8822,2.8719,2.8805,1428168.9
2025-08-29 11:15:00+00:00,2.8805,2.8805,2.8739,2.875,1141995.2
2025-08-29 11:30:00+00:00,2.8749,2.8776,2.8717,2.8717,1024547.9
2025-08-29 11:45:00+00:00,2.8718,2.8763,2.8717,2.8763,692449.7
2025-08-29 12:00:00+00:00,2.8762,2.8841,2.8757,2.884,920127.1
2025-08-29 12:15:00+00:00,2.8839,2.8843,2.8773,2.8798,1202571.5
2025-08-29 12:30:00+00:00,2.8798,2.9227,2.8772,2.8839,7342029.1
2025-08-29 12:45:00+00:00,2.8839,2.8942,2.881,2.887,1398533.8
2025-08-29 13:00:00+00:00,2.8869,2.8881,2.8753,2.8782,1393991.5
2025-08-29 13:15:00+00:00,2.8782,2.8794,2.8659,2.8694,1675266.3
2025-08-29 13:30:00+00:00,2.8694,2.8713,2.8504,2.8571,3293110.0
2025-08-29 13:45:00+00:00,2.8572,2.8579,2.8353,2.8491,5693335.7
2025-08-29 14:00:00+00:00,2.8491,2.8615,2.82,2.8326,7743316.7
2025-08-29 14:15:00+00:00,2.8326,2.8529,2.8231,2.8339,4545367.7
2025-08-29 14:30:00+00:00,2.8339,2.8402,2.8217,2.822,2690043.5
2025-08-29 14:45:00+00:00,2.8219,2.8291,2.8165,2.823,2807439.5
2025-08-29 15:00:00+00:00,2.823,2.839,2.8218,2.8368,1710500.9
2025-08-29 15:15:00+00:00,2.8368,2.8461,2.8368,2.8391,1296105.7
2025-08-29 15:30:00+00:00,2.8392,2.844,2.8351,2.8419,692094.7
2025-08-29 15:45:00+00:00,2.8419,2.8455,2.8284,2.8345,2175667.6
2025-08-29 16:00:00+00:00,2.8344,2.8396,2.8184,2.8338,2779508.2
2025-08-29 16:15:00+00:00,2.8338,2.8396,2.827,2.8301,1179753.2
2025-08-29 16:30:00+00:00,2.83,2.846,2.8297,2.8424,956634.7
2025-08-29 16:45:00+00:00,2.8425,2.8439,2.8334,2.8415,743071.9
2025-08-29 17:00:00+00:00,2.8414,2.8422,2.8197,2.8207,1227815.9
2025-08-29 17:15:00+00:00,2.8207,2.8306,2.814,2.8218,1741546.7
2025-08-29 17:30:00+00:00,2.8219,2.8313,2.8206,2.8277,603493.3
2025-08-29 17:45:00+00:00,2.8277,2.8312,2.8176,2.8185,893440.6
2025-08-29 18:00:00+00:00,2.8185,2.8266,2.812,2.8188,966252.7
2025-08-29 18:15:00+00:00,2.8189,2.8212,2.8014,2.8043,2565119.6
2025-08-29 18:30:00+00:00,2.8043,2.8092,2.8015,2.8036,1518124.2
2025-08-29 18:45:00+00:00,2.8035,2.8117,2.8022,2.8101,667945.0
2025-08-29 19:00:00+00:00,2.81,2.8189,2.803,2.8161,1087145.5
2025-08-29 19:15:00+00:00,2.8161,2.83,2.8154,2.8287,1086430.2
2025-08-29 19:30:00+00:00,2.8288,2.8347,2.8221,2.8337,1009229.2
2025-08-29 19:45:00+00:00,2.8337,2.8382,2.8062,2.8138,1763182.8
2025-08-29 20:00:00+00:00,2.8138,2.82,2.7996,2.8132,2590340.4
2025-08-29 20:15:00+00:00,2.8132,2.8147,2.803,2.8058,1254883.7
2025-08-29 20:30:00+00:00,2.8059,2.8059,2.7892,2.7911,2581065.5
2025-08-29 20:45:00+00:00,2.7912,2.7946,2.7841,2.7859,1690968.9
2025-08-29 21:00:00+00:00,2.786,2.7979,2.7734,2.7973,4296196.8
2025-08-29 21:15:00+00:00,2.7973,2.805,2.7963,2.8043,1135600.7
2025-08-29 21:30:00+00:00,2.8044,2.8198,2.8044,2.8195,1281602.7
2025-08-29 21:45:00+00:00,2.8195,2.82,2.8047,2.8071,1381943.6
2025-08-29 22:00:00+00:00,2.8071,2.8089,2.79,2.7916,811187.9
2025-08-29 22:15:00+00:00,2.7916,2.8025,2.7902,2.8003,1075318.9
2025-08-29 22:30:00+00:00,2.8002,2.8036,2.7964,2.802,620215.2
2025-08-29 22:45:00+00:00,2.8019,2.8121,2.8019,2.812,528612.6
2025-08-29 23:00:00+00:00,2.812,2.8149,2.8068,2.8143,960426.9
2025-08-29 23:15:00+00:00,2.8144,2.822,2.8131,2.8185,1339032.7
2025-08-29 23:30:00+00:00,2.8185,2.8265,2.8179,2.8265,701630.8
2025-08-29 23:45:00+00:00,2.8265,2.8265,2.8181,2.8195,741299.0
2025-08-30 00:00:00+00:00,2.8195,2.8235,2.8152,2.8169,633780.6
2025-08-30 00:15:00+00:00,2.817,2.8248,2.8156,2.8226,539889.7
2025-08-30 00:30:00+00:00,2.8227,2.8229,2.8129,2.8138,914265.9
2025-08-30 00:45:00+00:00,2.8138,2.8207,2.8124,2.8172,705965.7
2025-08-30 01:00:00+00:00,2.8173,2.8192,2.8137,2.8138,472333.0
2025-08-30 01:15:00+00:00,2.8138,2.8138,2.7963,2.7984,1427399.8
2025-08-30 01:30:00+00:00,2.7985,2.8028,2.7936,2.7946,1085221.1
2025-08-30 01:45:00+00:00,2.7946,2.7954,2.7604,2.7649,4007628.7
2025-08-30 02:00:00+00:00,2.7649,2.7902,2.7612,2.7893,2590954.5
2025-08-30 02:15:00+00:00,2.7893,2.7969,2.7868,2.794,658807.0
2025-08-30 02:30:00+00:00,2.7941,2.7996,2.7941,2.799,564518.4
2025-08-30 02:45:00+00:00,2.7991,2.8031,2.793,2.793,437135.6
2025-08-30 03:00:00+00:00,2.7931,2.8032,2.7917,2.8026,779944.5
2025-08-30 03:15:00+00:00,2.8026,2.8204,2.8026,2.8122,1368983.5
2025-08-30 03:30:00+00:00,2.8122,2.82,2.8118,2.8129,687876.1
2025-08-30 03:45:00+00:00,2.813,2.8178,2.8117,2.8127,371341.5
2025-08-30 04:00:00+00:00,2.8128,2.8214,2.8114,2.8178,528282.6
2025-08-30 04:15:00+00:00,2.8178,2.8225,2.8176,2.8215,643520.9
2025-08-30 04:30:00+00:00,2.8215,2.8221,2.8132,2.814,611322.6
2025-08-30 04:45:00+00:00,2.814,2.8173,2.8116,2.8118,256536.2
2025-08-30 05:00:00+00:00,2.8119,2.8246,2.8098,2.8209,1152087.1
2025-08-30 05:15:00+00:00,2.8208,2.8267,2.8204,2.8253,456168.7
2025-08-30 05:30:00+00:00,2.8252,2.8324,2.8214,2.8303,954042.3
2025-08-30 05:45:00+00:00,2.8304,2.8349,2.826,2.8268,819013.1
2025-08-30 06:00:00+00:00,2.8269,2.8325,2.8229,2.8236,508943.5
2025-08-30 06:15:00+00:00,2.8235,2.8274,2.8215,2.825,351256.9
2025-08-30 06:30:00+00:00,2.8251,2.8336,2.8247,2.8331,472239.4
2025-08-30 06:45:00+00:00,2.833,2.8336,2.8263,2.8275,547311.9
2025-08-30 07:00:00+00:00,2.8275,2.8315,2.8248,2.8292,446378.1
2025-08-30 07:15:00+00:00,2.8292,2.8308,2.8254,2.8284,229817.6
2025-08-30 07:30:00+00:00,2.8285,2.8331,2.8223,2.8327,656865.5
2025-08-30 07:45:00+00:00,2.8327,2.8344,2.83,2.832,324278.4
2025-08-30 08:00:00+00:00,2.832,2.8324,2.8222,2.8248,2687720.2
2025-08-30 08:15:00+00:00,2.8248,2.8257,2.8214,2.8241,1457635.4
2025-08-30 08:30:00+00:00,2.8241,2.8249,2.818,2.8184,704977.8
2025-08-30 08:45:00+00:00,2.8184,2.8189,2.8095,2.8106,687696.2
2025-08-30 09:00:00+00:00,2.8107,2.8117,2.803,2.803,835383.3
2025-08-30 09:15:00+00:00,2.8031,2.8078,2.8027,2.8045,1108513.1
2025-08-30 09:30:00+00:00,2.8044,2.8045,2.7958,2.7991,917201.0
2025-08-30 09:45:00+00:00,2.7992,2.8088,2.7973,2.8041,1775142.3
2025-08-30 10:00:00+00:00,2.8041,2.8108,2.8029,2.8073,578851.7
2025-08-30 10:15:00+00:00,2.8073,2.8142,2.8071,2.8103,580386.0
2025-08-30 10:30:00+00:00,2.8104,2.811,2.7996,2.8025,407947.6
2025-08-30 10:45:00+00:00,2.8025,2.8059,2.8001,2.8039,455603.9
2025-08-30 11:00:00+00:00,2.8039,2.8064,2.8008,2.8032,406761.7
2025-08-30 11:15:00+00:00,2.8032,2.8049,2.8009,2.8039,261578.1
2025-08-30 11:30:00+00:00,2.8038,2.8064,2.801,2.8064,409844.8
2025-08-30 11:45:00+00:00,2.8063,2.8128,2.8058,2.8102,437337.9
2025-08-30 12:00:00+00:00,2.8102,2.8108,2.8046,2.8053,336252.5
2025-08-30 12:15:00+00:00,2.8053,2.8053,2.7937,2.7973,1311646.4
2025-08-30 12:30:00+00:00,2.7974,2.7981,2.7776,2.7852,2396925.0
2025-08-30 12:45:00+00:00,2.7851,2.7942,2.7843,2.7931,687258.1
2025-08-30 13:00:00+00:00,2.7931,2.7944,2.7746,2.7769,1437748.3
2025-08-30 13:15:00+00:00,2.7769,2.7879,2.7748,2.7879,1205347.1
2025-08-30 13:30:00+00:00,2.7879,2.7921,2.7842,2.7848,696155.5
2025-08-30 13:45:00+00:00,2.7848,2.7932,2.7797,2.7921,692162.9
2025-08-30 14:00:00+00:00,2.7922,2.7934,2.7852,2.7869,1038540.2
2025-08-30 14:15:00+00:00,2.7868,2.7904,2.783,2.7901,575657.3
2025-08-30 14:30:00+00:00,2.79,2.795,2.7894,2.7934,593350.6
2025-08-30 14:45:00+00:00,2.7934,2.8,2.7931,2.7973,922378.4
2025-08-30 15:00:00+00:00,2.7973,2.799,2.792,2.7975,323530.2
2025-08-30 15:15:00+00:00,2.7976,2.8055,2.7976,2.8038,873095.6
2025-08-30 15:30:00+00:00,2.8037,2.8088,2.8004,2.8081,638585.9
2025-08-30 15:45:00+00:00,2.808,2.8103,2.8045,2.8068,904741.9
2025-08-30 16:00:00+00:00,2.8069,2.8079,2.8004,2.801,516396.1
2025-08-30 16:15:00+00:00,2.801,2.8058,2.7989,2.8051,366030.2
2025-08-30 16:30:00+00:00,2.8051,2.8159,2.804,2.8131,821455.5
2025-08-30 16:45:00+00:00,2.8131,2.8136,2.8076,2.8102,294047.7
2025-08-30 17:00:00+00:00,2.8102,2.8174,2.8087,2.8166,763852.5
2025-08-30 17:15:00+00:00,2.8166,2.8184,2.8127,2.8128,403504.3
2025-08-30 17:30:00+00:00,2.8128,2.8158,2.8059,2.8082,502106.4
2025-08-30 17:45:00+00:00,2.8083,2.8086,2.8042,2.8068,451124.6
2025-08-30 18:00:00+00:00,2.8068,2.8115,2.8033,2.8054,330598.3
2025-08-30 18:15:00+00:00,2.8055,2.8065,2.8016,2.8046,457390.8
2025-08-30 18:30:00+00:00,2.8047,2.8054,2.8001,2.8031,303289.5
2025-08-30 18:45:00+00:00,2.8031,2.8077,2.8031,2.8051,288233.9
2025-08-30 19:00:00+00:00,2.8051,2.8105,2.8037,2.8104,503515.0
2025-08-30 19:15:00+00:00,2.8105,2.8154,2.8062,2.8122,858949.2
2025-08-30 19:30:00+00:00,2.8122,2.8134,2.8078,2.8112,233990.2
2025-08-30 19:45:00+00:00,2.8112,2.8112,2.8067,2.8104,191062.4
2025-08-30 20:00:00+00:00,2.8104,2.8122,2.8058,2.8083,395825.7
2025-08-30 20:15:00+00:00,2.8083,2.8086,2.8034,2.8076,378610.9
2025-08-30 20:30:00+00:00,2.8077,2.8077,2.8011,2.8043,529558.3
2025-08-30 20:45:00+00:00,2.8043,2.8055,2.8025,2.8053,493335.3
2025-08-30 21:00:00+00:00,2.8054,2.8083,2.8002,2.8081,697434.9
2025-08-30 21:15:00+00:00,2.808,2.808,2.8016,2.8028,545557.5
2025-08-30 21:30:00+00:00,2.8028,2.8048,2.8017,2.8048,397040.1
2025-08-30 21:45:00+00:00,2.8048,2.8091,2.8047,2.8067,194514.7
2025-08-30 22:00:00+00:00,2.8067,2.808,2.7992,2.8008,490338.0
2025-08-30 22:15:00+00:00,2.8008,2.808,2.8007,2.8072,207529.2
2025-08-30 22:30:00+00:00,2.8072,2.8102,2.8049,2.8089,191626.6
2025-08-30 22:45:00+00:00,2.8089,2.8103,2.8073,2.8082,282576.9
2025-08-30 23:00:00+00:00,2.8083,2.8135,2.8079,2.8117,474170.4
2025-08-30 23:15:00+00:00,2.8117,2.8162,2.8102,2.816,345625.2
2025-08-30 23:30:00+00:00,2.816,2.8174,2.8134,2.8172,519425.8
2025-08-30 23:45:00+00:00,2.8172,2.8183,2.815,2.8181,234686.2
2025-08-31 00:00:00+00:00,2.818,2.8246,2.818,2.8214,655682.5
2025-08-31 00:15:00+00:00,2.8214,2.8256,2.8195,2.8244,379420.8
2025-08-31 00:30:00+00:00,2.8245,2.8304,2.8234,2.8302,1113909.1
2025-08-31 00:45:00+00:00,2.8301,2.8469,2.8292,2.8449,1788837.7
2025-08-31 01:00:00+00:00,2.845,2.8464,2.8367,2.8392,732481.8
2025-08-31 01:15:00+00:00,2.8393,2.8462,2.8383,2.8424,722966.2
2025-08-31 01:30:00+00:00,2.8424,2.8533,2.8414,2.8533,1074091.8
2025-08-31 01:45:00+00:00,2.8533,2.8693,2.8522,2.8627,1599158.9
2025-08-31 02:00:00+00:00,2.8627,2.8646,2.8554,2.8557,772762.4
2025-08-31 02:15:00+00:00,2.8556,2.8586,2.8525,2.8539,441613.6
2025-08-31 02:30:00+00:00,2.854,2.8541,2.8473,2.8473,598552.5
2025-08-31 02:45:00+00:00,2.8474,2.8497,2.8451,2.8475,370477.7
2025-08-31 03:00:00+00:00,2.8475,2.8527,2.8462,2.8463,533182.3
2025-08-31 03:15:00+00:00,2.8463,2.8463,2.8426,2.8447,312864.9
2025-08-31 03:30:00+00:00,2.8446,2.8491,2.8409,2.8488,316516.9
2025-08-31 03:45:00+00:00,2.8487,2.8521,2.847,2.852,460488.7
2025-08-31 04:00:00+00:00,2.852,2.8565,2.8471,2.8549,529922.4
2025-08-31 04:15:00+00:00,2.8549,2.8552,2.8453,2.8455,560277.8
2025-08-31 04:30:00+00:00,2.8455,2.8489,2.8432,2.8432,539699.2
2025-08-31 04:45:00+00:00,2.8432,2.8476,2.8427,2.8475,355016.3
2025-08-31 05:00:00+00:00,2.8474,2.8474,2.8345,2.8368,862401.8
2025-08-31 05:15:00+00:00,2.8368,2.8378,2.8328,2.8349,392723.3
2025-08-31 05:30:00+00:00,2.8348,2.8392,2.8345,2.8373,296716.8
2025-08-31 05:45:00+00:00,2.8372,2.8379,2.8334,2.8367,342173.9
2025-08-31 06:00:00+00:00,2.8367,2.8383,2.8321,2.8333,404725.8
2025-08-31 06:15:00+00:00,2.8332,2.8339,2.8273,2.8284,472912.8
2025-08-31 06:30:00+00:00,2.8283,2.8302,2.8254,2.8288,437866.4
2025-08-31 06:45:00+00:00,2.8288,2.83,2.8227,2.8237,464381.9
2025-08-31 07:00:00+00:00,2.8237,2.835,2.8234,2.8336,397798.0
2025-08-31 07:15:00+00:00,2.8336,2.8347,2.8306,2.8319,365617.2
2025-08-31 07:30:00+00:00,2.8319,2.8339,2.829,2.8303,322536.0
2025-08-31 07:45:00+00:00,2.8303,2.8309,2.827,2.8289,302218.7
2025-08-31 08:00:00+00:00,2.8289,2.8332,2.8288,2.8332,406257.3
2025-08-31 08:15:00+00:00,2.8332,2.8366,2.831,2.8344,675677.2
2025-08-31 08:30:00+00:00,2.8344,2.8396,2.8316,2.8396,784124.8
2025-08-31 08:45:00+00:00,2.8396,2.8447,2.8385,2.8443,781433.2
2025-08-31 09:00:00+00:00,2.8443,2.8444,2.838,2.838,410551.6
2025-08-31 09:15:00+00:00,2.838,2.842,2.8372,2.8392,453317.3
2025-08-31 09:30:00+00:00,2.8392,2.8428,2.8371,2.839,440236.0
2025-08-31 09:45:00+00:00,2.8389,2.8389,2.83,2.8309,643238.7
2025-08-31 10:15:00+00:00,2.825,2.8268,2.8208,2.8226,653048.9
2025-08-31 10:30:00+00:00,2.8227,2.8251,2.8131,2.814,818176.9
2025-08-31 10:45:00+00:00,2.814,2.8225,2.812,2.8199,804375.8
2025-08-31 11:00:00+00:00,2.8198,2.8204,2.8147,2.8197,793914.8
2025-08-31 11:15:00+00:00,2.8198,2.8246,2.813,2.824,894540.7
2025-08-31 11:30:00+00:00,2.824,2.827,2.818,2.8225,652139.5
2025-08-31 11:45:00+00:00,2.8225,2.825,2.821,2.8238,374877.5
2025-08-31 12:00:00+00:00,2.8238,2.8242,2.8161,2.8168,533714.5
2025-08-31 12:15:00+00:00,2.8167,2.8176,2.8125,2.8142,778189.4
2025-08-31 12:30:00+00:00,2.8141,2.8186,2.8132,2.8153,486126.7
2025-08-31 12:45:00+00:00,2.8154,2.8191,2.8132,2.8174,673329.8
2025-08-31 13:00:00+00:00,2.8174,2.8216,2.8125,2.8141,699321.1
2025-08-31 13:15:00+00:00,2.814,2.8229,2.8132,2.819,543824.2
2025-08-31 13:30:00+00:00,2.8191,2.8202,2.8052,2.8104,539764.2
2025-08-31 13:45:00+00:00,2.8105,2.8148,2.8081,2.8111,463426.0
2025-08-31 14:00:00+00:00,2.8112,2.8143,2.8014,2.8049,872170.9
2025-08-31 14:15:00+00:00,2.8049,2.8085,2.8014,2.8079,295619.6
2025-08-31 14:30:00+00:00,2.8078,2.8166,2.8073,2.8135,545018.0
2025-08-31 14:45:00+00:00,2.8135,2.8153,2.8073,2.809,460994.3
2025-08-31 15:00:00+00:00,2.809,2.8251,2.8081,2.814,608937.2
2025-08-31 15:15:00+00:00,2.8141,2.8174,2.8115,2.8153,388963.2
2025-08-31 15:30:00+00:00,2.8154,2.8224,2.8137,2.8222,371966.1
2025-08-31 15:45:00+00:00,2.8222,2.8243,2.8208,2.8222,493534.6
2025-08-31 16:00:00+00:00,2.8222,2.8223,2.8098,2.8107,631929.8
2025-08-31 16:15:00+00:00,2.8108,2.8113,2.8057,2.809,382395.9
2025-08-31 16:30:00+00:00,2.8089,2.8144,2.8058,2.8137,346062.8
2025-08-31 16:45:00+00:00,2.8137,2.8162,2.8101,2.8144,302715.1
2025-08-31 17:00:00+00:00,2.8145,2.815,2.8101,2.8139,192520.0
2025-08-31 17:15:00+00:00,2.8139,2.8149,2.8074,2.813,348347.4
2025-08-31 17:30:00+00:00,2.8129,2.8141,2.8089,2.811,304113.8
2025-08-31 17:45:00+00:00,2.8111,2.812,2.8065,2.8091,303186.0
2025-08-31 18:00:00+00:00,2.809,2.8119,2.807,2.8102,221544.7
2025-08-31 18:15:00+00:00,2.8102,2.8174,2.8086,2.8138,637786.1
2025-08-31 18:30:00+00:00,2.8139,2.821,2.8134,2.818,281928.2
2025-08-31 18:45:00+00:00,2.8179,2.8213,2.8178,2.82,567980.0
2025-08-31 19:00:00+00:00,2.8199,2.8199,2.8102,2.8105,606376.3
2025-08-31 19:15:00+00:00,2.8104,2.8116,2.8037,2.8037,554518.9
2025-08-31 19:30:00+00:00,2.8038,2.8086,2.8031,2.8072,407791.3
2025-08-31 19:45:00+00:00,2.8071,2.8071,2.7983,2.8002,883709.5
2025-08-31 20:00:00+00:00,2.8001,2.8085,2.7947,2.8074,446748.8
2025-08-31 20:15:00+00:00,2.8075,2.8096,2.7997,2.8051,389870.5
2025-08-31 20:30:00+00:00,2.8051,2.8096,2.8012,2.8027,288666.2
2025-08-31 20:45:00+00:00,2.8026,2.8098,2.8018,2.8083,278746.3
2025-08-31 21:00:00+00:00,2.8082,2.8111,2.8036,2.8111,493631.5
2025-08-31 21:15:00+00:00,2.8112,2.8134,2.8083,2.8117,292250.8
2025-08-31 21:30:00+00:00,2.8117,2.8173,2.8106,2.8173,363230.5
2025-08-31 21:45:00+00:00,2.8173,2.8173,2.8097,2.8113,402345.4
2025-08-31 22:00:00+00:00,2.8114,2.8126,2.8045,2.81,536269.4
2025-08-31 22:15:00+00:00,2.81,2.8172,2.81,2.8145,285529.4
2025-08-31 22:30:00+00:00,2.8145,2.8149,2.801,2.802,496233.3
2025-08-31 22:45:00+00:00,2.802,2.8049,2.799,2.8011,550869.8
2025-08-31 23:00:00+00:00,2.801,2.801,2.79,2.7931,940468.7
2025-08-31 23:15:00+00:00,2.7931,2.7931,2.7834,2.7868,1363437.2
2025-08-31 23:30:00+00:00,2.7869,2.7872,2.7724,2.7737,2808616.4
2025-08-31 23:45:00+00:00,2.7738,2.7801,2.7707,2.7757,1618226.2
2025-09-01 00:00:00+00:00,2.7757,2.7774,2.755,2.7621,2883621.9
2025-09-01 00:15:00+00:00,2.7621,2.7673,2.7377,2.7513,8680871.9
2025-09-01 00:30:00+00:00,2.7512,2.7631,2.7369,2.7598,3054063.8
2025-09-01 00:45:00+00:00,2.7597,2.7688,2.7543,2.7624,2069888.2
2025-09-01 01:00:00+00:00,2.7625,2.7714,2.7552,2.7617,1538297.3
2025-09-01 01:15:00+00:00,2.7617,2.7682,2.7546,2.7678,1325122.6
2025-09-01 01:30:00+00:00,2.7679,2.7753,2.764,2.775,1767669.2
2025-09-01 01:45:00+00:00,2.7749,2.7793,2.7587,2.765,1439089.3
2025-09-01 02:00:00+00:00,2.765,2.7673,2.75,2.7522,1578286.7
2025-09-01 02:15:00+00:00,2.7521,2.7563,2.7368,2.7481,2715353.6
2025-09-01 02:30:00+00:00,2.7482,2.7485,2.7365,2.7402,1862993.7
2025-09-01 02:45:00+00:00,2.7402,2.7429,2.7284,2.7334,3487932.8
2025-09-01 03:00:00+00:00,2.7334,2.7407,2.7256,2.7304,2392263.0
2025-09-01 03:15:00+00:00,2.7304,2.7361,2.727,2.7344,1642292.9
2025-09-01 03:30:00+00:00,2.7344,2.7443,2.7312,2.743,1495176.0
2025-09-01 03:45:00+00:00,2.743,2.7459,2.7357,2.742,1465689.8
2025-09-01 04:00:00+00:00,2.7421,2.7471,2.7351,2.7444,1669980.8
2025-09-01 04:15:00+00:00,2.7444,2.7452,2.733,2.7367,1289613.8
2025-09-01 04:30:00+00:00,2.7367,2.7369,2.7212,2.7213,1951159.8
2025-09-01 04:45:00+00:00,2.7213,2.7225,2.7115,2.7189,4025561.7
2025-09-01 05:00:00+00:00,2.719,2.7245,2.7024,2.7115,3403831.6
2025-09-01 05:15:00+00:00,2.7114,2.722,2.7014,2.722,2184160.8
2025-09-01 05:30:00+00:00,2.722,2.736,2.72,2.7352,2018194.9
2025-09-01 05:45:00+00:00,2.7352,2.7381,2.7287,2.7333,1504000.6
2025-09-01 06:00:00+00:00,2.7333,2.7346,2.7193,2.7255,1077949.1
2025-09-01 06:15:00+00:00,2.7255,2.7372,2.7211,2.7304,2329973.3
2025-09-01 06:30:00+00:00,2.7305,2.7394,2.7291,2.7392,991243.7
2025-09-01 06:45:00+00:00,2.7392,2.7404,2.7351,2.7366,915707.8
2025-09-01 07:00:00+00:00,2.7366,2.7423,2.7266,2.727,1870543.9
2025-09-01 07:15:00+00:00,2.7271,2.751,2.7265,2.7472,1743312.6
2025-09-01 07:30:00+00:00,2.7471,2.7646,2.7451,2.7535,3208295.5
2025-09-01 07:45:00+00:00,2.7535,2.7946,2.7535,2.7943,5517962.7
2025-09-01 08:00:00+00:00,2.7943,2.819,2.7943,2.8021,6985578.9
2025-09-01 08:15:00+00:00,2.802,2.8082,2.7951,2.7952,2327411.0
2025-09-01 08:30:00+00:00,2.7953,2.8161,2.7952,2.816,2569908.1
2025-09-01 08:45:00+00:00,2.816,2.827,2.8112,2.8256,3377348.2
2025-09-01 09:00:00+00:00,2.8256,2.839,2.8255,2.8306,4366681.9
2025-09-01 09:15:00+00:00,2.8305,2.8306,2.8221,2.8236,1652435.9
2025-09-01 09:30:00+00:00,2.8236,2.8264,2.8151,2.8224,2093962.5
2025-09-01 09:45:00+00:00,2.8224,2.8228,2.8083,2.8083,2874878.1
2025-09-01 10:00:00+00:00,2.8084,2.8156,2.803,2.815,1454603.4
2025-09-01 10:15:00+00:00,2.8149,2.816,2.8012,2.8025,1030269.8
2025-09-01 10:30:00+00:00,2.8026,2.8028,2.7825,2.7869,2700654.0
2025-09-01 10:45:00+00:00,2.7869,2.7928,2.7773,2.7923,2113102.1
2025-09-01 11:00:00+00:00,2.7923,2.7995,2.7879,2.7886,1037030.9
2025-09-01 11:15:00+00:00,2.7885,2.795,2.7804,2.7839,1281551.2
2025-09-01 11:30:00+00:00,2.7839,2.7839,2.7673,2.7677,1581125.9
2025-09-01 11:45:00+00:00,2.7677,2.7755,2.7672,2.7697,1021840.3
2025-09-01 12:00:00+00:00,2.7697,2.7783,2.7643,2.7729,829672.8
2025-09-01 12:15:00+00:00,2.7729,2.775,2.7614,2.7716,780697.9
2025-09-01 12:30:00+00:00,2.7717,2.7804,2.7685,2.7697,756310.2
2025-09-01 12:45:00+00:00,2.7697,2.7773,2.7673,2.7713,773224.2
2025-09-01 13:00:00+00:00,2.7713,2.774,2.7641,2.7666,1007610.9
2025-09-01 13:15:00+00:00,2.7666,2.7777,2.7575,2.7759,1791858.8
2025-09-01 13:30:00+00:00,2.7759,2.7769,2.7654,2.7663,1186804.4
2025-09-01 13:45:00+00:00,2.7662,2.7699,2.7544,2.7593,1498791.9
2025-09-01 14:00:00+00:00,2.7594,2.7734,2.7582,2.7707,1185462.7
2025-09-01 14:15:00+00:00,2.7706,2.7736,2.7626,2.7669,709854.6
2025-09-01 14:30:00+00:00,2.767,2.7698,2.7518,2.7639,1144856.0
2025-09-01 14:45:00+00:00,2.764,2.7736,2.7555,2.77,2022362.6
2025-09-01 15:00:00+00:00,2.77,2.7787,2.7607,2.7649,989706.1
2025-09-01 15:15:00+00:00,2.7649,2.768,2.7543,2.7599,953584.8
2025-09-01 15:30:00+00:00,2.76,2.7676,2.7543,2.764,1065089.9
2025-09-01 15:45:00+00:00,2.764,2.77,2.7521,2.7625,1005999.9
2025-09-01 16:00:00+00:00,2.7625,2.7684,2.7531,2.7618,756267.2
2025-09-01 16:15:00+00:00,2.7618,2.7657,2.753,2.7599,626440.9
2025-09-01 16:30:00+00:00,2.76,2.7605,2.7441,2.7503,1409263.1
2025-09-01 16:45:00+00:00,2.7502,2.757,2.744,2.747,965061.8
2025-09-01 17:00:00+00:00,2.7469,2.7482,2.7279,2.737,2513880.2
2025-09-01 17:15:00+00:00,2.7369,2.7413,2.7228,2.7298,1551816.6
2025-09-01 17:30:00+00:00,2.7298,2.7311,2.721,2.7268,1415579.0
2025-09-01 17:45:00+00:00,2.7269,2.7303,2.7203,2.7268,731687.5
2025-09-01 18:00:00+00:00,2.7268,2.7354,2.7242,2.7341,1029734.9
2025-09-01 18:15:00+00:00,2.7341,2.7469,2.7325,2.7443,793223.9
2025-09-01 18:30:00+00:00,2.7442,2.7524,2.7412,2.7516,747460.5
2025-09-01 18:45:00+00:00,2.7515,2.758,2.7508,2.7563,837080.5
2025-09-01 19:00:00+00:00,2.7562,2.7663,2.7528,2.7649,1594415.3
2025-09-01 19:15:00+00:00,2.7649,2.7669,2.759,2.759,797166.1
2025-09-01 19:30:00+00:00,2.759,2.7719,2.7585,2.7713,764976.3
2025-09-01 19:45:00+00:00,2.7713,2.7746,2.7671,2.7735,821629.2
2025-09-01 20:00:00+00:00,2.7735,2.7741,2.7655,2.7706,1137342.2
2025-09-01 20:15:00+00:00,2.7707,2.7758,2.767,2.7726,963738.8
2025-09-01 20:30:00+00:00,2.7725,2.7746,2.7417,2.742,2730676.3
2025-09-01 20:45:00+00:00,2.7419,2.7651,2.7355,2.7619,8399098.6
2025-09-01 21:00:00+00:00,2.762,2.7642,2.7429,2.7447,2754094.4
2025-09-01 21:15:00+00:00,2.7447,2.748,2.7283,2.7312,1818037.0
2025-09-01 21:30:00+00:00,2.7313,2.7318,2.6975,2.7125,3224000.4
2025-09-01 21:45:00+00:00,2.7125,2.7291,2.7113,2.7277,1037797.9
2025-09-01 22:00:00+00:00,2.7277,2.7295,2.7173,2.7262,1082351.6
2025-09-01 22:15:00+00:00,2.7263,2.7369,2.7186,2.7206,1763010.5
2025-09-01 22:30:00+00:00,2.7206,2.7317,2.719,2.7206,970380.9
2025-09-01 22:45:00+00:00,2.7205,2.7472,2.7199,2.7438,1474500.7
2025-09-01 23:00:00+00:00,2.7437,2.7529,2.7423,2.7476,1235571.1
2025-09-01 23:15:00+00:00,2.7476,2.7476,2.7405,2.7457,493213.5
2025-09-01 23:30:00+00:00,2.7456,2.7498,2.7354,2.7498,496468.3
2025-09-01 23:45:00+00:00,2.7498,2.7613,2.7484,2.7589,1599059.2
2025-09-02 00:00:00+00:00,2.7589,2.766,2.7566,2.7608,1054939.2
2025-09-02 00:15:00+00:00,2.7608,2.7675,2.7563,2.7563,793705.1
2025-09-02 00:30:00+00:00,2.7562,2.7641,2.7535,2.7561,678153.4
2025-09-02 00:45:00+00:00,2.756,2.7664,2.7546,2.7602,815336.1
2025-09-02 01:00:00+00:00,2.7602,2.7665,2.7558,2.7582,866250.5
2025-09-02 01:15:00+00:00,2.7583,2.7604,2.7495,2.7532,1202861.1
2025-09-02 01:30:00+00:00,2.7531,2.7742,2.7484,2.771,1262589.5
2025-09-02 01:45:00+00:00,2.7711,2.7767,2.765,2.7654,1160060.3
2025-09-02 02:00:00+00:00,2.7654,2.7726,2.7626,2.7653,870378.8
2025-09-02 02:15:00+00:00,2.7653,2.7743,2.7579,2.7724,1134427.4
2025-09-02 02:30:00+00:00,2.7724,2.7813,2.7696,2.7764,1001852.5
2025-09-02 02:45:00+00:00,2.7765,2.7892,2.7744,2.7885,1181460.9
2025-09-02 03:00:00+00:00,2.7884,2.7968,2.7833,2.7943,1783532.4
2025-09-02 03:15:00+00:00,2.7943,2.8014,2.7923,2.7941,1223626.1
2025-09-02 03:30:00+00:00,2.7942,2.8,2.7906,2.798,750351.9
2025-09-02 03:45:00+00:00,2.7979,2.8,2.7959,2.798,919199.5
2025-09-02 04:00:00+00:00,2.798,2.7989,2.7911,2.7941,947887.8
2025-09-02 04:15:00+00:00,2.7942,2.8023,2.7927,2.8,867408.4
2025-09-02 04:30:00+00:00,2.8001,2.8054,2.7992,2.8043,877967.6
2025-09-02 04:45:00+00:00,2.8042,2.8049,2.7971,2.8028,842229.0
2025-09-02 05:00:00+00:00,2.8028,2.8059,2.7975,2.8026,1139168.0
2025-09-02 05:15:00+00:00,2.8025,2.8068,2.7993,2.8024,896949.0
2025-09-02 05:30:00+00:00,2.8024,2.8121,2.8011,2.809,1198016.7
2025-09-02 05:45:00+00:00,2.809,2.8159,2.809,2.8105,2147938.6
2025-09-02 06:00:00+00:00,2.8104,2.8145,2.8053,2.8069,2270534.1
2025-09-02 06:15:00+00:00,2.8068,2.8084,2.8009,2.804,1087275.4
2025-09-02 06:30:00+00:00,2.8041,2.8088,2.8008,2.8072,1180722.2
2025-09-02 06:45:00+00:00,2.8072,2.8078,2.8005,2.802,927303.4
2025-09-02 07:00:00+00:00,2.802,2.806,2.7956,2.7986,1718056.6
2025-09-02 07:15:00+00:00,2.7986,2.8018,2.7958,2.7999,2399718.7
2025-09-02 07:30:00+00:00,2.7999,2.8025,2.7902,2.7915,1706622.7
2025-09-02 07:45:00+00:00,2.7914,2.7963,2.7856,2.794,1624843.8
2025-09-02 08:00:00+00:00,2.7939,2.8059,2.7935,2.8012,1803906.1
2025-09-02 08:15:00+00:00,2.8012,2.8329,2.8011,2.8158,3445135.7
2025-09-02 08:30:00+00:00,2.8157,2.8165,2.8058,2.8131,1207086.9
2025-09-02 08:45:00+00:00,2.8131,2.815,2.8058,2.8059,1105325.3
2025-09-02 09:00:00+00:00,2.8059,2.8162,2.8035,2.8144,953530.3
2025-09-02 09:15:00+00:00,2.8145,2.8221,2.8125,2.8128,801422.2
2025-09-02 09:30:00+00:00,2.8127,2.8127,2.8069,2.8095,864369.2
2025-09-02 09:45:00+00:00,2.8095,2.81,2.8056,2.8099,355446.6
2025-09-02 10:00:00+00:00,2.8099,2.8122,2.8042,2.8121,435563.4
2025-09-02 10:15:00+00:00,2.8121,2.8124,2.8058,2.8061,464372.1
2025-09-02 10:30:00+00:00,2.8061,2.8115,2.8038,2.8089,682564.3
2025-09-02 10:45:00+00:00,2.8089,2.8119,2.8076,2.8119,476436.0
2025-09-02 11:00:00+00:00,2.8119,2.8127,2.8011,2.8029,496397.5
2025-09-02 11:15:00+00:00,2.803,2.8054,2.7991,2.8007,1090234.5
2025-09-02 11:30:00+00:00,2.8007,2.808,2.8007,2.8054,671852.0
2025-09-02 11:45:00+00:00,2.8054,2.8066,2.7951,2.7987,1310579.1
2025-09-02 12:00:00+00:00,2.7986,2.8022,2.7909,2.7916,1252316.5
2025-09-02 12:15:00+00:00,2.7917,2.7998,2.789,2.798,1130647.1
2025-09-02 12:30:00+00:00,2.7981,2.8012,2.779,2.7809,1959229.9
2025-09-02 12:45:00+00:00,2.7809,2.7812,2.762,2.769,4909470.7
2025-09-02 13:00:00+00:00,2.769,2.7843,2.7673,2.7822,2198693.9
2025-09-02 13:15:00+00:00,2.7823,2.7853,2.7746,2.7811,1734004.0
2025-09-02 13:30:00+00:00,2.7811,2.8095,2.7705,2.8073,7020096.7
2025-09-02 13:45:00+00:00,2.8072,2.8327,2.8048,2.8283,5394020.2
2025-09-02 14:00:00+00:00,2.8282,2.8396,2.8102,2.8215,4241684.2
2025-09-02 14:15:00+00:00,2.8214,2.8371,2.8108,2.8359,2789410.1
2025-09-02 14:30:00+00:00,2.8358,2.8455,2.8304,2.8359,4143350.2
2025-09-02 14:45:00+00:00,2.836,2.8399,2.8273,2.8379,1853486.3
2025-09-02 15:00:00+00:00,2.8378,2.84,2.8215,2.8317,1882719.0
2025-09-02 15:15:00+00:00,2.8318,2.8359,2.8222,2.8281,1219107.9
2025-09-02 15:30:00+00:00,2.828,2.8281,2.8059,2.8083,1544059.0
2025-09-02 15:45:00+00:00,2.8084,2.8119,2.7863,2.7905,2008576.4
2025-09-02 16:00:00+00:00,2.7904,2.8046,2.7895,2.8012,1225738.7
2025-09-02 16:15:00+00:00,2.8013,2.8054,2.7818,2.7826,1151592.1
2025-09-02 16:30:00+00:00,2.7827,2.7995,2.7827,2.7952,1122814.3
2025-09-02 16:45:00+00:00,2.7952,2.7994,2.7903,2.7954,579013.2
2025-09-02 17:00:00+00:00,2.7955,2.8036,2.7887,2.7888,783219.2
2025-09-02 17:15:00+00:00,2.7888,2.8032,2.788,2.8016,997562.7
2025-09-02 17:30:00+00:00,2.8015,2.8071,2.793,2.7964,842637.7
2025-09-02 17:45:00+00:00,2.7964,2.8064,2.7959,2.8058,492042.7
2025-09-02 18:00:00+00:00,2.8057,2.8068,2.7952,2.8037,687599.0
2025-09-02 18:15:00+00:00,2.8037,2.8057,2.7978,2.8005,584271.9
2025-09-02 18:30:00+00:00,2.8006,2.8057,2.7965,2.8012,858533.4
2025-09-02 18:45:00+00:00,2.8012,2.821,2.793,2.8138,1375100.0
2025-09-02 19:00:00+00:00,2.8138,2.8229,2.8088,2.8092,1467450.8
2025-09-02 19:15:00+00:00,2.8091,2.8137,2.8034,2.807,768277.1
2025-09-02 19:30:00+00:00,2.807,2.8159,2.8001,2.8148,1637318.0
2025-09-02 19:45:00+00:00,2.8147,2.8287,2.8131,2.8282,1310308.7
2025-09-02 20:00:00+00:00,2.8282,2.8337,2.817,2.8337,2007233.5
2025-09-02 20:15:00+00:00,2.8337,2.8506,2.8323,2.8497,2605665.7
2025-09-02 20:30:00+00:00,2.8497,2.8549,2.8361,2.8475,2221321.2
2025-09-02 20:45:00+00:00,2.8474,2.8492,2.8383,2.8433,1116346.0
2025-09-02 21:00:00+00:00,2.8433,2.8493,2.8406,2.8493,1099416.5
2025-09-02 21:15:00+00:00,2.8492,2.8493,2.8333,2.8368,1198065.2
2025-09-02 21:30:00+00:00,2.8369,2.8441,2.8356,2.8425,692118.0
2025-09-02 21:45:00+00:00,2.8425,2.8461,2.8422,2.8449,258282.2
2025-09-02 22:00:00+00:00,2.845,2.8452,2.8345,2.843,1111128.8
2025-09-02 22:15:00+00:00,2.843,2.8455,2.8391,2.8438,529107.2
2025-09-02 22:30:00+00:00,2.8437,2.8498,2.8406,2.8488,563007.5
2025-09-02 22:45:00+00:00,2.8489,2.8604,2.8456,2.8604,1007635.3
2025-09-02 23:00:00+00:00,2.8604,2.8604,2.8523,2.8559,1236827.1
2025-09-02 23:15:00+00:00,2.856,2.8626,2.8534,2.8543,925210.7
2025-09-02 23:30:00+00:00,2.8544,2.8611,2.8507,2.8568,601331.8
2025-09-02 23:45:00+00:00,2.8567,2.8641,2.8562,2.862,1656404.3
2025-09-03 00:00:00+00:00,2.862,2.8629,2.8511,2.8563,1169161.6
2025-09-03 00:15:00+00:00,2.8563,2.8637,2.8488,2.861,1213475.3
2025-09-03 00:30:00+00:00,2.8609,2.8631,2.8492,2.8499,555233.4
2025-09-03 00:45:00+00:00,2.8498,2.8511,2.8377,2.8412,1445935.0
2025-09-03 01:00:00+00:00,2.8413,2.8417,2.8283,2.8288,1497433.6
2025-09-03 01:15:00+00:00,2.8289,2.8376,2.8257,2.8283,1481741.9
2025-09-03 01:30:00+00:00,2.8284,2.8349,2.8281,2.8349,797575.1
2025-09-03 01:45:00+00:00,2.8349,2.849,2.8307,2.8479,1476333.6
2025-09-03 02:00:00+00:00,2.8479,2.8654,2.8467,2.8542,1274630.8
2025-09-03 02:15:00+00:00,2.8542,2.865,2.8539,2.8591,1064254.2
2025-09-03 02:30:00+00:00,2.859,2.8611,2.8503,2.8546,686559.1
2025-09-03 02:45:00+00:00,2.8547,2.8583,2.8504,2.8506,561718.7
2025-09-03 03:00:00+00:00,2.8506,2.8509,2.8403,2.8404,648618.0
2025-09-03 03:15:00+00:00,2.8404,2.8441,2.8381,2.8404,979315.5
2025-09-03 03:30:00+00:00,2.8403,2.8426,2.8353,2.8368,566825.3
2025-09-03 03:45:00+00:00,2.8367,2.8426,2.8355,2.8412,882918.8
2025-09-03 04:00:00+00:00,2.8412,2.8444,2.8342,2.8345,605517.9
2025-09-03 04:15:00+00:00,2.8345,2.8364,2.8307,2.8335,1043217.1
2025-09-03 04:30:00+00:00,2.8335,2.8387,2.833,2.837,473767.8
2025-09-03 04:45:00+00:00,2.8369,2.8385,2.8344,2.8363,460309.6
2025-09-03 05:00:00+00:00,2.8363,2.8372,2.8319,2.8355,466824.9
2025-09-03 05:15:00+00:00,2.8354,2.8358,2.8301,2.8316,573855.6
2025-09-03 05:30:00+00:00,2.8317,2.8331,2.8283,2.8293,635163.8
2025-09-03 05:45:00+00:00,2.8292,2.8299,2.824,2.8268,1036124.6
2025-09-03 06:00:00+00:00,2.8268,2.8274,2.8154,2.8202,2049963.0
2025-09-03 06:15:00+00:00,2.8202,2.8249,2.8172,2.8241,822588.0
2025-09-03 06:30:00+00:00,2.8241,2.8263,2.8177,2.8189,795493.7
2025-09-03 06:45:00+00:00,2.819,2.8212,2.8145,2.818,1250937.0
2025-09-03 07:00:00+00:00,2.818,2.8212,2.8133,2.8181,914046.2
2025-09-03 07:15:00+00:00,2.8181,2.8183,2.811,2.8143,1172256.0
2025-09-03 07:30:00+00:00,2.8144,2.8197,2.8135,2.8196,879223.4
2025-09-03 07:45:00+00:00,2.8196,2.8232,2.8162,2.8211,878579.8
2025-09-03 08:00:00+00:00,2.821,2.835,2.8202,2.8347,1297265.2
2025-09-03 08:15:00+00:00,2.8346,2.8387,2.8297,2.8318,1332434.6
2025-09-03 08:30:00+00:00,2.8319,2.8351,2.8286,2.8342,1490791.0
2025-09-03 08:45:00+00:00,2.8342,2.8375,2.8315,2.8374,768894.4
2025-09-03 09:00:00+00:00,2.8374,2.8437,2.8326,2.8328,2494286.7
2025-09-03 09:15:00+00:00,2.8328,2.8433,2.8327,2.8407,1200005.6
2025-09-03 09:30:00+00:00,2.8406,2.8459,2.838,2.8455,1626495.6
2025-09-03 09:45:00+00:00,2.8454,2.8489,2.8389,2.8468,1468939.2
2025-09-03 10:00:00+00:00,2.8468,2.8485,2.842,2.8467,655477.9
2025-09-03 10:15:00+00:00,2.8468,2.86,2.8462,2.8593,1295171.8
2025-09-03 10:30:00+00:00,2.8593,2.8639,2.8497,2.8524,1237152.5
2025-09-03 10:45:00+00:00,2.8524,2.8526,2.8445,2.8477,1134034.1
2025-09-03 11:00:00+00:00,2.8476,2.859,2.8473,2.8577,991414.2
2025-09-03 11:15:00+00:00,2.8577,2.859,2.8541,2.8566,720433.2
2025-09-03 11:30:00+00:00,2.8566,2.8616,2.85,2.8607,1913057.5
2025-09-03 11:45:00+00:00,2.8606,2.8607,2.8556,2.857,846032.3
2025-09-03 12:00:00+00:00,2.857,2.8627,2.857,2.8597,479364.7
2025-09-03 12:15:00+00:00,2.8598,2.8663,2.8578,2.8586,613339.6
2025-09-03 12:30:00+00:00,2.8586,2.8753,2.8534,2.8534,2170639.6
2025-09-03 12:45:00+00:00,2.8534,2.8554,2.8422,2.8454,1967618.8
2025-09-03 13:00:00+00:00,2.8455,2.8538,2.8454,2.8518,949773.9
2025-09-03 13:15:00+00:00,2.8517,2.8565,2.8501,2.8524,568111.9
2025-09-03 13:30:00+00:00,2.8524,2.8721,2.8492,2.8681,1436262.9
2025-09-03 13:45:00+00:00,2.868,2.875,2.8581,2.8594,1517428.7
2025-09-03 14:00:00+00:00,2.8594,2.8722,2.8545,2.8545,1783543.2
2025-09-03 14:15:00+00:00,2.8546,2.8738,2.854,2.8704,1008552.3
2025-09-03 14:30:00+00:00,2.8704,2.8867,2.8704,2.8851,4009995.2
2025-09-03 14:45:00+00:00,2.885,2.8853,2.8702,2.8729,1152463.6
2025-09-03 15:00:00+00:00,2.873,2.8767,2.8677,2.8677,1391812.3
2025-09-03 15:15:00+00:00,2.8677,2.8731,2.8623,2.8652,893535.0
2025-09-03 15:30:00+00:00,2.8651,2.8755,2.8645,2.8734,1362669.7
2025-09-03 15:45:00+00:00,2.8734,2.875,2.869,2.8723,846131.1
2025-09-03 16:00:00+00:00,2.8722,2.8743,2.8675,2.8715,543986.4
2025-09-03 16:15:00+00:00,2.8715,2.8727,2.8638,2.8639,435194.0
2025-09-03 16:30:00+00:00,2.8639,2.866,2.8579,2.8582,690842.0
2025-09-03 16:45:00+00:00,2.8581,2.8612,2.856,2.8598,348892.4
2025-09-03 17:00:00+00:00,2.8599,2.8686,2.8599,2.8678,475046.1
2025-09-03 17:15:00+00:00,2.8677,2.8688,2.8591,2.862,390611.9
2025-09-03 17:30:00+00:00,2.8619,2.8667,2.8588,2.859,470583.8
2025-09-03 17:45:00+00:00,2.859,2.868,2.8566,2.8621,868451.4
2025-09-03 18:00:00+00:00,2.8621,2.8677,2.86,2.8639,821331.8
2025-09-03 18:15:00+00:00,2.8639,2.864,2.8582,2.8596,345365.5
2025-09-03 18:30:00+00:00,2.8597,2.8597,2.8481,2.8496,1992603.9
2025-09-03 18:45:00+00:00,2.8495,2.8518,2.845,2.8517,1605415.9
2025-09-03 19:00:00+00:00,2.8517,2.852,2.8462,2.8465,1065798.9
2025-09-03 19:15:00+00:00,2.8466,2.8512,2.8433,2.8495,502570.3
2025-09-03 19:30:00+00:00,2.8496,2.8538,2.8485,2.8536,2163228.7
2025-09-03 19:45:00+00:00,2.8535,2.8673,2.8518,2.8651,1481884.6
2025-09-03 20:00:00+00:00,2.8651,2.8675,2.8633,2.8638,457780.1
2025-09-03 20:15:00+00:00,2.8638,2.8639,2.856,2.8563,1120620.7
2025-09-03 20:30:00+00:00,2.8563,2.8619,2.8563,2.8611,478275.8
2025-09-03 20:45:00+00:00,2.8611,2.8616,2.8541,2.8568,376156.1
2025-09-03 21:00:00+00:00,2.8569,2.8581,2.8501,2.8513,581082.1
2025-09-03 21:15:00+00:00,2.8513,2.8542,2.8478,2.8497,550296.5
2025-09-03 21:30:00+00:00,2.8496,2.8501,2.8433,2.8452,445516.5
2025-09-03 21:45:00+00:00,2.8453,2.8488,2.8392,2.8456,832765.4
2025-09-03 22:00:00+00:00,2.8455,2.8507,2.845,2.8493,1185252.4
2025-09-03 22:15:00+00:00,2.8493,2.8568,2.8437,2.8448,1383775.2
2025-09-03 22:30:00+00:00,2.8448,2.846,2.8414,2.8439,280840.3
2025-09-03 22:45:00+00:00,2.844,2.8462,2.8406,2.8462,323883.6
2025-09-03 23:00:00+00:00,2.8462,2.8471,2.8423,2.8434,294783.5
2025-09-03 23:15:00+00:00,2.8434,2.8469,2.8428,2.8461,301793.6
2025-09-03 23:30:00+00:00,2.8462,2.848,2.842,2.8428,323298.3
2025-09-03 23:45:00+00:00,2.8427,2.845,2.8424,2.8443,653638.8
2025-09-04 00:00:00+00:00,2.8442,2.8485,2.8437,2.8474,461104.2
2025-09-04 00:15:00+00:00,2.8473,2.857,2.8442,2.8528,595223.3
2025-09-04 00:30:00+00:00,2.8527,2.8559,2.8496,2.8501,695975.6
2025-09-04 00:45:00+00:00,2.8501,2.8509,2.8463,2.8464,482817.4
2025-09-04 01:00:00+00:00,2.8464,2.8464,2.8356,2.8356,943326.5
2025-09-04 01:15:00+00:00,2.8356,2.8398,2.8345,2.8394,924068.0
2025-09-04 01:30:00+00:00,2.8393,2.845,2.8371,2.8382,768573.8
2025-09-04 01:45:00+00:00,2.8382,2.8409,2.8361,2.8408,703564.3
2025-09-04 02:00:00+00:00,2.8408,2.845,2.8396,2.8418,827902.2
2025-09-04 02:15:00+00:00,2.8419,2.8444,2.8367,2.8368,824288.2
2025-09-04 02:30:00+00:00,2.8368,2.8448,2.8337,2.8413,611765.9
2025-09-04 02:45:00+00:00,2.8414,2.8438,2.8365,2.8378,418545.1
2025-09-04 03:00:00+00:00,2.8379,2.84,2.8331,2.8389,763760.0
2025-09-04 03:15:00+00:00,2.839,2.8506,2.838,2.8447,701721.4
2025-09-04 03:30:00+00:00,2.8447,2.8485,2.841,2.847,540514.1
2025-09-04 03:45:00+00:00,2.847,2.851,2.8432,2.8444,597802.2
2025-09-04 04:00:00+00:00,2.8445,2.8499,2.8384,2.8457,748072.6
2025-09-04 04:15:00+00:00,2.8456,2.8541,2.8442,2.8501,719344.0
2025-09-04 04:30:00+00:00,2.85,2.8629,2.8489,2.8559,712350.6
2025-09-04 04:45:00+00:00,2.8559,2.8596,2.8494,2.8509,601843.7
2025-09-04 05:00:00+00:00,2.8509,2.8509,2.8305,2.8318,2621007.1
2025-09-04 05:15:00+00:00,2.8317,2.8359,2.8257,2.8303,1295693.8
2025-09-04 05:30:00+00:00,2.8304,2.8359,2.829,2.8294,1280836.1
2025-09-04 05:45:00+00:00,2.8293,2.8329,2.8273,2.8329,832785.1
2025-09-04 06:00:00+00:00,2.8329,2.8332,2.8241,2.8248,1625178.4
2025-09-04 06:15:00+00:00,2.8248,2.8249,2.8192,2.8215,984177.1
2025-09-04 06:30:00+00:00,2.8214,2.8215,2.8177,2.8194,871172.0
2025-09-04 06:45:00+00:00,2.8193,2.8194,2.814,2.8146,1550435.2
2025-09-04 07:00:00+00:00,2.8145,2.8239,2.8143,2.8224,1392922.2
2025-09-04 07:15:00+00:00,2.8224,2.8254,2.8161,2.8172,878873.7
2025-09-04 07:30:00+00:00,2.8172,2.8217,2.8165,2.821,623447.7
2025-09-04 07:45:00+00:00,2.821,2.8266,2.8208,2.8247,682891.7
2025-09-04 08:00:00+00:00,2.8247,2.8331,2.824,2.8323,1198550.7
2025-09-04 08:15:00+00:00,2.8323,2.8526,2.8323,2.8526,2200383.7
2025-09-04 08:30:00+00:00,2.8526,2.8557,2.8441,2.8446,1461945.8
2025-09-04 08:45:00+00:00,2.8447,2.8457,2.8363,2.8371,1982838.5
2025-09-04 09:00:00+00:00,2.8372,2.8504,2.8371,2.846,1457496.7
2025-09-04 09:15:00+00:00,2.8461,2.8469,2.8411,2.8427,644431.2
2025-09-04 09:30:00+00:00,2.8427,2.8476,2.8413,2.8428,852646.6
2025-09-04 09:45:00+00:00,2.8429,2.844,2.8389,2.8428,469120.7
2025-09-04 10:00:00+00:00,2.8428,2.8474,2.8362,2.8432,746331.4
2025-09-04 10:15:00+00:00,2.8431,2.8455,2.8401,2.8407,326335.4
2025-09-04 10:30:00+00:00,2.8407,2.8448,2.8386,2.8404,238025.4
2025-09-04 10:45:00+00:00,2.8405,2.8452,2.8404,2.8419,918150.5
2025-09-04 11:00:00+00:00,2.8419,2.8505,2.839,2.8489,742006.9
2025-09-04 11:15:00+00:00,2.8489,2.851,2.8432,2.8433,457931.3
2025-09-04 11:30:00+00:00,2.8433,2.8466,2.8412,2.8465,534542.6
2025-09-04 11:45:00+00:00,2.8466,2.8474,2.8401,2.8413,389390.7
2025-09-04 12:00:00+00:00,2.8414,2.8459,2.8393,2.8442,845734.8
2025-09-04 12:15:00+00:00,2.8442,2.8471,2.8396,2.8438,1235298.4
2025-09-04 12:30:00+00:00,2.8438,2.8482,2.8327,2.8354,1229177.5
2025-09-04 12:45:00+00:00,2.8354,2.8471,2.8341,2.8463,571124.2
2025-09-04 13:00:00+00:00,2.8462,2.8466,2.839,2.8396,553437.6
2025-09-04 13:15:00+00:00,2.8397,2.8468,2.8387,2.8407,621233.7
2025-09-04 13:30:00+00:00,2.8407,2.8443,2.8266,2.8299,2721402.8
2025-09-04 13:45:00+00:00,2.83,2.8318,2.821,2.8262,1312343.1
2025-09-04 14:00:00+00:00,2.8262,2.8287,2.8078,2.813,3910772.4
2025-09-04 14:15:00+00:00,2.813,2.8379,2.8084,2.8308,2724103.7
2025-09-04 14:30:00+00:00,2.8309,2.8458,2.8306,2.8352,2943503.9
2025-09-04 14:45:00+00:00,2.8352,2.8412,2.8325,2.8348,1126924.5
2025-09-04 15:00:00+00:00,2.8348,2.8375,2.8127,2.8157,2058562.9
2025-09-04 15:15:00+00:00,2.8157,2.8196,2.8076,2.8135,1927862.5
2025-09-04 15:30:00+00:00,2.8135,2.8157,2.804,2.811,1472798.1
2025-09-04 15:45:00+00:00,2.8111,2.8154,2.8089,2.8104,566220.7
2025-09-04 16:00:00+00:00,2.8105,2.8205,2.8069,2.8166,780727.7
2025-09-04 16:15:00+00:00,2.8167,2.8176,2.8048,2.8048,962741.9
2025-09-04 16:30:00+00:00,2.8047,2.8091,2.8013,2.8067,1198834.3
2025-09-04 16:45:00+00:00,2.8068,2.8106,2.8021,2.8072,1148048.6
2025-09-04 17:00:00+00:00,2.8072,2.8162,2.8072,2.8126,1571607.9
2025-09-04 17:15:00+00:00,2.8125,2.82,2.8125,2.8194,531386.0
2025-09-04 17:30:00+00:00,2.8195,2.8214,2.8129,2.8134,503270.7
2025-09-04 17:45:00+00:00,2.8133,2.8204,2.8123,2.8154,569042.5
2025-09-04 18:00:00+00:00,2.8155,2.8234,2.8151,2.8158,528174.7
2025-09-04 18:15:00+00:00,2.8158,2.8184,2.8024,2.8038,831332.4
2025-09-04 18:30:00+00:00,2.8038,2.8074,2.7966,2.8028,1378383.4
2025-09-04 18:45:00+00:00,2.8028,2.8062,2.797,2.7993,463903.7
2025-09-04 19:00:00+00:00,2.7992,2.8074,2.7966,2.8063,707842.6
2025-09-04 19:15:00+00:00,2.8063,2.8072,2.7975,2.8026,486854.2
2025-09-04 19:30:00+00:00,2.8026,2.8042,2.7901,2.7916,1196621.5
2025-09-04 19:45:00+00:00,2.7916,2.7939,2.7842,2.785,2017916.7
2025-09-04 20:00:00+00:00,2.785,2.8017,2.785,2.8009,1250070.5
2025-09-04 20:15:00+00:00,2.801,2.8059,2.797,2.8058,822316.9
2025-09-04 20:30:00+00:00,2.8059,2.807,2.802,2.802,388170.2
2025-09-04 20:45:00+00:00,2.802,2.8028,2.7988,2.8018,650773.1
2025-09-04 21:00:00+00:00,2.8018,2.8061,2.7991,2.8021,398049.6
2025-09-04 21:15:00+00:00,2.8021,2.8063,2.8014,2.8023,403943.3
2025-09-04 21:30:00+00:00,2.8024,2.8108,2.8005,2.8107,404958.2
2025-09-04 21:45:00+00:00,2.8108,2.8141,2.8094,2.8131,347212.4
2025-09-04 22:00:00+00:00,2.8131,2.8139,2.8072,2.8073,628141.2
2025-09-04 22:15:00+00:00,2.8073,2.8114,2.8031,2.8102,580062.4
2025-09-04 22:30:00+00:00,2.8103,2.8137,2.8069,2.8077,478738.5
2025-09-04 22:45:00+00:00,2.8076,2.823,2.806,2.8195,739377.8
2025-09-04 23:00:00+00:00,2.8196,2.8256,2.8132,2.8157,1081199.4
2025-09-04 23:15:00+00:00,2.8157,2.816,2.8092,2.8092,572662.8
2025-09-04 23:30:00+00:00,2.8093,2.8096,2.8021,2.8033,411050.6
2025-09-04 23:45:00+00:00,2.8033,2.8044,2.7941,2.7946,1783602.7
2025-09-05 00:00:00+00:00,2.7947,2.8003,2.7916,2.7992,873466.2
2025-09-05 00:15:00+00:00,2.7992,2.8001,2.7912,2.7959,639736.8
2025-09-05 00:30:00+00:00,2.796,2.7991,2.7909,2.7942,636612.9
2025-09-05 00:45:00+00:00,2.7941,2.7945,2.778,2.7818,1955275.3
2025-09-05 01:00:00+00:00,2.7818,2.7895,2.7784,2.7835,1177379.5
2025-09-05 01:15:00+00:00,2.7835,2.7982,2.7803,2.7973,525525.0
2025-09-05 01:30:00+00:00,2.7972,2.8071,2.7965,2.8068,543458.2
2025-09-05 01:45:00+00:00,2.8067,2.8089,2.8028,2.8048,399441.6
2025-09-05 02:00:00+00:00,2.8048,2.8139,2.8024,2.8084,1563921.2
2025-09-05 02:15:00+00:00,2.8083,2.8121,2.802,2.808,1027639.4
2025-09-05 02:30:00+00:00,2.8079,2.8126,2.8044,2.8053,694867.3
2025-09-05 02:45:00+00:00,2.8054,2.8114,2.8046,2.8103,702096.1
2025-09-05 03:00:00+00:00,2.8104,2.8104,2.802,2.8023,763227.6
2025-09-05 03:15:00+00:00,2.8024,2.8056,2.7979,2.7983,547011.7
2025-09-05 03:30:00+00:00,2.7984,2.8032,2.7982,2.803,467437.7
2025-09-05 03:45:00+00:00,2.8029,2.8074,2.8012,2.8071,393077.0
2025-09-05 04:00:00+00:00,2.8071,2.8078,2.8034,2.8037,446794.3
2025-09-05 04:15:00+00:00,2.8036,2.8094,2.8036,2.8079,512731.6
2025-09-05 04:30:00+00:00,2.808,2.8162,2.808,2.8162,608281.0
2025-09-05 04:45:00+00:00,2.8161,2.8172,2.8139,2.8163,441741.3
2025-09-05 05:00:00+00:00,2.8164,2.819,2.8131,2.8187,355541.4
2025-09-05 05:15:00+00:00,2.8188,2.8209,2.8148,2.8155,672164.4
2025-09-05 05:30:00+00:00,2.8155,2.8177,2.8118,2.8159,704020.4
2025-09-05 05:45:00+00:00,2.8158,2.8174,2.8106,2.8119,1031529.0
2025-09-05 06:00:00+00:00,2.8119,2.8124,2.8061,2.8072,653721.8
2025-09-05 06:15:00+00:00,2.8072,2.8088,2.8041,2.8061,1465915.4
2025-09-05 06:30:00+00:00,2.806,2.8126,2.8054,2.8124,453103.0
2025-09-05 06:45:00+00:00,2.8124,2.8141,2.8101,2.8136,433451.4
2025-09-05 07:00:00+00:00,2.8137,2.8282,2.8137,2.8237,2345953.4
2025-09-05 07:15:00+00:00,2.8236,2.8382,2.8231,2.8378,2488037.2
2025-09-05 07:30:00+00:00,2.8378,2.8446,2.8334,2.844,1407881.0
2025-09-05 07:45:00+00:00,2.8441,2.8496,2.8427,2.8443,1580797.2
2025-09-05 08:00:00+00:00,2.8443,2.8457,2.8375,2.8399,1417139.7
2025-09-05 08:15:00+00:00,2.8399,2.8416,2.8327,2.8392,719363.2
2025-09-05 08:30:00+00:00,2.8391,2.8438,2.8391,2.8416,860571.5
2025-09-05 08:45:00+00:00,2.8416,2.8444,2.8402,2.8437,380309.3
2025-09-05 09:00:00+00:00,2.8437,2.8441,2.8373,2.8373,635058.4
2025-09-05 09:15:00+00:00,2.8372,2.8373,2.8284,2.8296,1227174.1
2025-09-05 09:30:00+00:00,2.8296,2.8479,2.8284,2.8464,1938806.1
2025-09-05 09:45:00+00:00,2.8464,2.8493,2.8435,2.8449,1154610.4
2025-09-05 10:00:00+00:00,2.8449,2.8543,2.8425,2.8427,1597839.5
2025-09-05 10:15:00+00:00,2.8427,2.8445,2.8409,2.8439,851166.8
2025-09-05 10:30:00+00:00,2.8439,2.848,2.8394,2.84,793946.6
2025-09-05 10:45:00+00:00,2.8399,2.8413,2.8388,2.8391,651253.1
2025-09-05 11:00:00+00:00,2.8391,2.8467,2.8386,2.8422,741570.6
2025-09-05 11:15:00+00:00,2.8422,2.8465,2.8386,2.8454,505500.0
2025-09-05 11:30:00+00:00,2.8455,2.8473,2.8433,2.8465,335900.5
2025-09-05 11:45:00+00:00,2.8465,2.8469,2.8432,2.8439,267828.0
2025-09-05 12:00:00+00:00,2.8439,2.8457,2.8407,2.8438,669132.1
2025-09-05 12:15:00+00:00,2.8438,2.8562,2.8421,2.8561,1088935.5
2025-09-05 12:30:00+00:00,2.8562,2.8788,2.8352,2.8594,15120146.2
2025-09-05 12:45:00+00:00,2.8594,2.8779,2.857,2.8757,2249265.9
2025-09-05 13:00:00+00:00,2.8757,2.8788,2.8692,2.8726,1530677.5
2025-09-05 13:15:00+00:00,2.8727,2.8741,2.8659,2.8667,1344325.0
2025-09-05 13:30:00+00:00,2.8667,2.8785,2.8635,2.8776,2364307.3
2025-09-05 13:45:00+00:00,2.8776,2.8849,2.8711,2.8816,2832226.9
2025-09-05 14:00:00+00:00,2.8815,2.8815,2.8617,2.8641,1948905.8
2025-09-05 14:15:00+00:00,2.8641,2.8652,2.8219,2.8273,7678533.6
2025-09-05 14:30:00+00:00,2.8273,2.8305,2.8065,2.8185,4760656.1
2025-09-05 14:45:00+00:00,2.8185,2.8196,2.8,2.8094,3832157.5
2025-09-05 15:00:00+00:00,2.8093,2.8175,2.8006,2.8162,2077596.3
2025-09-05 15:15:00+00:00,2.8162,2.827,2.8145,2.8237,1201615.2
2025-09-05 15:30:00+00:00,2.8237,2.8255,2.8128,2.8253,859795.4
2025-09-05 15:45:00+00:00,2.8253,2.8253,2.813,2.8148,858116.7
2025-09-05 16:00:00+00:00,2.8148,2.8169,2.8073,2.8159,1440876.5
2025-09-05 16:15:00+00:00,2.8158,2.8158,2.8044,2.8066,910379.0
2025-09-05 16:30:00+00:00,2.8067,2.8123,2.8061,2.8108,932838.3
2025-09-05 16:45:00+00:00,2.8108,2.8145,2.8078,2.8141,588968.8
2025-09-05 17:00:00+00:00,2.8141,2.8152,2.8082,2.8136,640578.1
2025-09-05 17:15:00+00:00,2.8135,2.8168,2.8116,2.8118,585500.4
2025-09-05 17:30:00+00:00,2.8118,2.8133,2.8037,2.8076,1060370.6
2025-09-05 17:45:00+00:00,2.8075,2.8196,2.8064,2.8179,705256.7
2025-09-05 18:00:00+00:00,2.8179,2.8212,2.8132,2.8158,554044.3
2025-09-05 18:15:00+00:00,2.8158,2.828,2.8156,2.828,932854.5
2025-09-05 18:30:00+00:00,2.828,2.8374,2.8273,2.8374,642262.4
2025-09-05 18:45:00+00:00,2.8374,2.8398,2.8323,2.8355,725057.2
2025-09-05 19:00:00+00:00,2.8355,2.8433,2.8333,2.8417,782052.5
2025-09-05 19:15:00+00:00,2.8418,2.8533,2.8418,2.8507,1250222.5
2025-09-05 19:30:00+00:00,2.8506,2.8555,2.8454,2.8471,972540.4
2025-09-05 19:45:00+00:00,2.8471,2.865,2.846,2.8648,1840641.8
2025-09-05 20:00:00+00:00,2.8648,2.8653,2.8521,2.8575,1146410.0
2025-09-05 20:15:00+00:00,2.8574,2.8577,2.8491,2.851,1778208.3
2025-09-05 20:30:00+00:00,2.8511,2.8564,2.8464,2.8526,926659.0
2025-09-05 20:45:00+00:00,2.8526,2.854,2.8477,2.8501,688762.7
2025-09-05 21:00:00+00:00,2.8501,2.8519,2.8399,2.8419,1028600.0
2025-09-05 21:15:00+00:00,2.842,2.8435,2.8242,2.8334,2472443.2
2025-09-05 21:30:00+00:00,2.8334,2.8412,2.8263,2.8349,620568.0
2025-09-05 21:45:00+00:00,2.8348,2.8349,2.8216,2.8226,673162.3
2025-09-05 22:00:00+00:00,2.8225,2.8274,2.8214,2.823,593251.2
2025-09-05 22:15:00+00:00,2.8229,2.825,2.8165,2.8169,565511.5
2025-09-05 22:30:00+00:00,2.8169,2.8234,2.8166,2.8222,282937.3
2025-09-05 22:45:00+00:00,2.8222,2.8244,2.8186,2.8188,440669.5
2025-09-05 23:00:00+00:00,2.8189,2.8229,2.8159,2.8193,991986.2
2025-09-05 23:15:00+00:00,2.8192,2.8239,2.8177,2.822,260655.8
2025-09-05 23:30:00+00:00,2.8221,2.8224,2.8178,2.8188,219868.3
2025-09-05 23:45:00+00:00,2.8188,2.8194,2.8141,2.8147,689090.3
2025-09-06 00:00:00+00:00,2.8146,2.8189,2.814,2.8155,548136.2
2025-09-06 00:15:00+00:00,2.8156,2.8228,2.8141,2.8205,409455.5
2025-09-06 00:30:00+00:00,2.8205,2.8236,2.818,2.8181,479355.0
2025-09-06 00:45:00+00:00,2.8181,2.8196,2.8138,2.8155,383271.2
2025-09-06 01:00:00+00:00,2.8155,2.8186,2.8123,2.8181,418168.8
2025-09-06 01:15:00+00:00,2.8181,2.8192,2.8142,2.8159,330993.1
2025-09-06 01:30:00+00:00,2.8159,2.817,2.8127,2.8163,233513.1
2025-09-06 01:45:00+00:00,2.8163,2.82,2.8162,2.8183,406549.7
2025-09-06 02:00:00+00:00,2.8182,2.8202,2.8136,2.8142,295116.6
2025-09-06 02:15:00+00:00,2.8142,2.8162,2.8126,2.8144,293897.5
2025-09-06 02:30:00+00:00,2.8144,2.8168,2.8128,2.816,212719.7
2025-09-06 02:45:00+00:00,2.816,2.8258,2.8157,2.823,1068557.1
2025-09-06 03:00:00+00:00,2.8229,2.8229,2.8198,2.8205,237575.4
2025-09-06 03:15:00+00:00,2.8204,2.8262,2.8204,2.8242,227999.1
2025-09-06 03:30:00+00:00,2.8242,2.8275,2.8213,2.8268,214751.8
2025-09-06 03:45:00+00:00,2.8268,2.8289,2.8259,2.827,172724.0
2025-09-06 04:00:00+00:00,2.827,2.827,2.819,2.8215,367331.4
2025-09-06 04:15:00+00:00,2.8215,2.8215,2.8182,2.8186,139101.2
2025-09-06 04:30:00+00:00,2.8186,2.8191,2.8156,2.8171,148060.4
2025-09-06 04:45:00+00:00,2.8171,2.8182,2.8155,2.8169,125644.6
2025-09-06 05:00:00+00:00,2.8169,2.8174,2.8146,2.8167,198039.7
2025-09-06 05:15:00+00:00,2.8167,2.8174,2.8147,2.8167,230786.2
2025-09-06 05:30:00+00:00,2.8167,2.8179,2.8138,2.8146,223828.1
2025-09-06 05:45:00+00:00,2.8146,2.8168,2.8142,2.8143,128869.8
2025-09-06 06:00:00+00:00,2.8142,2.8173,2.8135,2.8171,189325.4
2025-09-06 06:15:00+00:00,2.8171,2.8175,2.8145,2.8155,157426.1
2025-09-06 06:30:00+00:00,2.8154,2.8168,2.8143,2.8159,116693.0
2025-09-06 06:45:00+00:00,2.8159,2.8174,2.8157,2.8172,100622.3
2025-09-06 07:00:00+00:00,2.8171,2.8207,2.8164,2.8202,224555.3
2025-09-06 07:15:00+00:00,2.8201,2.8205,2.8182,2.8204,90881.2
2025-09-06 07:30:00+00:00,2.8205,2.8214,2.8197,2.8214,158584.4
2025-09-06 07:45:00+00:00,2.8214,2.8214,2.8194,2.8204,148637.7
2025-09-06 08:00:00+00:00,2.8204,2.8206,2.8166,2.8178,162720.2
2025-09-06 08:15:00+00:00,2.8178,2.8182,2.8156,2.8161,126923.9
2025-09-06 08:30:00+00:00,2.816,2.818,2.8157,2.8175,168568.1
2025-09-06 08:45:00+00:00,2.8175,2.8175,2.815,2.8153,174035.9
2025-09-06 09:00:00+00:00,2.8153,2.8153,2.8075,2.8084,930549.3
2025-09-06 09:15:00+00:00,2.8084,2.81,2.8078,2.8093,256145.6
2025-09-06 09:30:00+00:00,2.8093,2.8122,2.8079,2.8119,393739.2
2025-09-06 09:45:00+00:00,2.8119,2.8123,2.8086,2.8087,395315.3
2025-09-06 10:00:00+00:00,2.8086,2.8086,2.8062,2.8065,481606.1
2025-09-06 10:15:00+00:00,2.8065,2.8071,2.8053,2.8065,269772.4
2025-09-06 10:30:00+00:00,2.8064,2.8105,2.8044,2.8105,297865.4
2025-09-06 10:45:00+00:00,2.8105,2.8111,2.8069,2.8072,220246.5
2025-09-06 11:00:00+00:00,2.8072,2.8072,2.8031,2.8049,375568.6
2025-09-06 11:15:00+00:00,2.8049,2.805,2.8012,2.8034,586009.4
2025-09-06 11:30:00+00:00,2.8033,2.8034,2.8011,2.8031,256280.1
2025-09-06 11:45:00+00:00,2.803,2.8064,2.802,2.8064,247674.1
2025-09-06 12:00:00+00:00,2.8064,2.8097,2.8049,2.8066,432753.2
2025-09-06 12:15:00+00:00,2.8065,2.8079,2.8055,2.8058,571406.6
2025-09-06 12:30:00+00:00,2.8059,2.8085,2.8044,2.808,301890.4
2025-09-06 12:45:00+00:00,2.808,2.8107,2.8074,2.8087,533332.5
2025-09-06 13:00:00+00:00,2.8086,2.8127,2.8081,2.8119,470721.1
2025-09-06 13:15:00+00:00,2.8119,2.8179,2.8112,2.8151,559955.3
2025-09-06 13:30:00+00:00,2.815,2.8151,2.8098,2.811,348893.9
2025-09-06 13:45:00+00:00,2.811,2.8144,2.8096,2.814,228998.5
2025-09-06 14:00:00+00:00,2.814,2.8155,2.812,2.8132,268629.7
2025-09-06 14:15:00+00:00,2.8133,2.8155,2.8121,2.8155,214868.2
2025-09-06 14:30:00+00:00,2.8155,2.8155,2.8138,2.8147,304714.9
2025-09-06 14:45:00+00:00,2.8146,2.8148,2.8105,2.8113,297123.0
2025-09-06 15:00:00+00:00,2.8113,2.8127,2.8085,2.8095,489387.5
2025-09-06 15:15:00+00:00,2.8095,2.8176,2.8095,2.8143,485685.7
2025-09-06 15:30:00+00:00,2.8142,2.8152,2.8058,2.8058,338519.8
2025-09-06 15:45:00+00:00,2.8058,2.8058,2.8005,2.8021,689655.2
2025-09-06 16:00:00+00:00,2.8021,2.8051,2.7976,2.8046,1025674.5
2025-09-06 16:15:00+00:00,2.8046,2.8065,2.7985,2.8051,1087989.1
2025-09-06 16:30:00+00:00,2.8052,2.807,2.8038,2.8056,219662.4
2025-09-06 16:45:00+00:00,2.8056,2.808,2.7987,2.8006,636383.4
2025-09-06 17:00:00+00:00,2.8006,2.8028,2.8,2.8026,266120.1
2025-09-06 17:15:00+00:00,2.8026,2.8042,2.8011,2.8016,129095.9
2025-09-06 17:30:00+00:00,2.8016,2.8019,2.7968,2.7983,713847.0
2025-09-06 17:45:00+00:00,2.7983,2.8005,2.798,2.7997,405910.0
2025-09-06 18:00:00+00:00,2.7997,2.8037,2.7993,2.8022,676539.2
2025-09-06 18:15:00+00:00,2.8022,2.8035,2.8008,2.8025,157375.3
2025-09-06 18:30:00+00:00,2.8024,2.8025,2.7984,2.7992,352107.0
2025-09-06 18:45:00+00:00,2.7991,2.8026,2.799,2.8007,170946.3
2025-09-06 19:00:00+00:00,2.8007,2.8019,2.7989,2.7993,210110.1
2025-09-06 19:15:00+00:00,2.7993,2.8005,2.7976,2.7978,327304.2
2025-09-06 19:30:00+00:00,2.7978,2.799,2.7944,2.796,487146.4
2025-09-06 19:45:00+00:00,2.796,2.7962,2.7927,2.7944,312339.9
2025-09-06 20:00:00+00:00,2.7943,2.7983,2.7943,2.7974,228899.0
2025-09-06 20:15:00+00:00,2.7973,2.7994,2.7965,2.7977,287006.4
2025-09-06 20:30:00+00:00,2.7976,2.7997,2.7965,2.7992,120421.0
2025-09-06 20:45:00+00:00,2.7991,2.8023,2.799,2.8023,132559.9
2025-09-06 21:00:00+00:00,2.8023,2.803,2.8001,2.8008,249718.0
2025-09-06 21:15:00+00:00,2.8008,2.8031,2.8,2.8027,198230.8
2025-09-06 21:30:00+00:00,2.8027,2.8072,2.8019,2.805,401300.9
2025-09-06 21:45:00+00:00,2.805,2.806,2.8047,2.806,196838.8
2025-09-06 22:00:00+00:00,2.806,2.8097,2.8042,2.8058,299254.1
2025-09-06 22:15:00+00:00,2.8058,2.8075,2.8045,2.8052,337204.1
2025-09-06 22:30:00+00:00,2.8052,2.8072,2.8033,2.8047,167176.4
2025-09-06 22:45:00+00:00,2.8046,2.8061,2.8032,2.8055,168685.1
2025-09-06 23:00:00+00:00,2.8056,2.807,2.8032,2.8068,256347.5
2025-09-06 23:15:00+00:00,2.8067,2.8123,2.8067,2.8117,209970.9
2025-09-06 23:30:00+00:00,2.8116,2.8127,2.8105,2.8112,250265.5
2025-09-06 23:45:00+00:00,2.8112,2.8112,2.8092,2.8098,146391.2
2025-09-07 00:00:00+00:00,2.8098,2.8146,2.8092,2.8144,314593.9
2025-09-07 00:15:00+00:00,2.8143,2.8144,2.8124,2.8125,124245.6
2025-09-07 00:30:00+00:00,2.8124,2.8156,2.8109,2.8155,158808.4
2025-09-07 00:45:00+00:00,2.8155,2.817,2.8146,2.8154,149870.0
2025-09-07 01:00:00+00:00,2.8154,2.8196,2.8153,2.8195,459902.4
2025-09-07 01:15:00+00:00,2.8195,2.822,2.8184,2.8207,277904.7
2025-09-07 01:30:00+00:00,2.8207,2.8217,2.82,2.8217,116200.7
2025-09-07 01:45:00+00:00,2.8216,2.8237,2.8214,2.8214,198613.9
2025-09-07 02:00:00+00:00,2.8215,2.8215,2.8171,2.8192,232201.9
2025-09-07 02:15:00+00:00,2.8192,2.8199,2.816,2.8199,131855.5
2025-09-07 02:30:00+00:00,2.8199,2.8224,2.8198,2.8219,207812.3
2025-09-07 02:45:00+00:00,2.8218,2.8239,2.8204,2.8226,149497.5
2025-09-07 03:00:00+00:00,2.8227,2.8236,2.8206,2.8208,150484.0
2025-09-07 03:15:00+00:00,2.8207,2.8241,2.8207,2.8241,175262.8
2025-09-07 03:30:00+00:00,2.8241,2.8256,2.8229,2.823,236628.8
2025-09-07 03:45:00+00:00,2.823,2.8249,2.8222,2.8223,183425.9
2025-09-07 04:00:00+00:00,2.8223,2.8231,2.8197,2.8197,365984.6
2025-09-07 04:15:00+00:00,2.8198,2.8213,2.8187,2.8208,242253.1
2025-09-07 04:30:00+00:00,2.8207,2.8215,2.8187,2.8191,288289.8
2025-09-07 04:45:00+00:00,2.8191,2.8219,2.819,2.8216,246315.7
2025-09-07 05:00:00+00:00,2.8217,2.8248,2.8215,2.8238,162875.2
2025-09-07 05:15:00+00:00,2.8239,2.8261,2.8225,2.826,363413.4
2025-09-07 05:30:00+00:00,2.8261,2.8264,2.8252,2.8259,392268.1
2025-09-07 05:45:00+00:00,2.8259,2.826,2.824,2.8247,145643.5
2025-09-07 06:00:00+00:00,2.8248,2.825,2.8211,2.8212,251504.5
2025-09-07 06:15:00+00:00,2.8211,2.8212,2.8175,2.8205,632006.1
2025-09-07 06:30:00+00:00,2.8205,2.8225,2.8187,2.8196,358099.6
2025-09-07 06:45:00+00:00,2.8196,2.8213,2.819,2.82,163061.0
2025-09-07 07:00:00+00:00,2.82,2.8242,2.8199,2.8237,206515.3
2025-09-07 07:15:00+00:00,2.8238,2.827,2.8215,2.8257,367869.0
2025-09-07 07:30:00+00:00,2.8257,2.8345,2.8257,2.8326,904983.1
2025-09-07 07:45:00+00:00,2.8326,2.8341,2.8285,2.8308,483309.4
2025-09-07 08:00:00+00:00,2.8308,2.832,2.8295,2.8315,458524.4
2025-09-07 08:15:00+00:00,2.8316,2.836,2.8308,2.8348,365206.7
2025-09-07 08:30:00+00:00,2.8348,2.8374,2.8339,2.8354,444320.1
2025-09-07 08:45:00+00:00,2.8355,2.837,2.8327,2.8327,199282.0
2025-09-07 09:00:00+00:00,2.8327,2.8355,2.8325,2.8345,229712.6
2025-09-07 09:15:00+00:00,2.8345,2.8365,2.8342,2.8349,229046.3
2025-09-07 09:30:00+00:00,2.8349,2.835,2.8272,2.8291,556636.2
2025-09-07 09:45:00+00:00,2.8291,2.8315,2.8283,2.8308,327800.0
2025-09-07 10:00:00+00:00,2.8308,2.8317,2.8303,2.8312,155269.5
2025-09-07 10:15:00+00:00,2.8311,2.8311,2.8257,2.8266,365514.0
2025-09-07 10:30:00+00:00,2.8267,2.8298,2.8266,2.8297,195072.6
2025-09-07 10:45:00+00:00,2.8297,2.8308,2.8285,2.8308,237162.1
2025-09-07 11:00:00+00:00,2.8307,2.8317,2.8303,2.8316,298216.0
2025-09-07 11:15:00+00:00,2.8316,2.8316,2.8298,2.8309,159997.4
2025-09-07 11:30:00+00:00,2.831,2.8327,2.8309,2.8321,186361.0
2025-09-07 11:45:00+00:00,2.8321,2.8326,2.8311,2.8315,162332.4
2025-09-07 12:00:00+00:00,2.8316,2.8325,2.8289,2.8311,361339.9
2025-09-07 12:15:00+00:00,2.8311,2.8319,2.829,2.8319,342908.4
2025-09-07 12:30:00+00:00,2.8318,2.8358,2.8314,2.8341,194689.1
2025-09-07 12:45:00+00:00,2.8341,2.8354,2.8324,2.8354,170162.5
2025-09-07 13:00:00+00:00,2.8354,2.8363,2.834,2.8346,217316.9
2025-09-07 13:15:00+00:00,2.8345,2.8355,2.8327,2.8351,226356.4
2025-09-07 13:30:00+00:00,2.8351,2.8499,2.8345,2.8414,1315873.7
2025-09-07 13:45:00+00:00,2.8413,2.8486,2.841,2.8485,1833329.3
2025-09-07 14:00:00+00:00,2.8486,2.9285,2.8462,2.9074,13788072.8
2025-09-07 14:15:00+00:00,2.9073,2.9259,2.8818,2.89,6084897.8
2025-09-07 14:30:00+00:00,2.8901,2.9167,2.8901,2.9064,5932995.9
2025-09-07 14:45:00+00:00,2.9064,2.9085,2.8842,2.8852,1747897.8
2025-09-07 15:00:00+00:00,2.8852,2.8924,2.8721,2.8724,2248051.5
2025-09-07 15:15:00+00:00,2.8724,2.889,2.8723,2.8889,1594822.2
2025-09-07 15:30:00+00:00,2.8889,2.9,2.8881,2.8987,1367930.7
2025-09-07 15:45:00+00:00,2.8987,2.9014,2.8907,2.9001,2395342.0
2025-09-07 16:00:00+00:00,2.9002,2.9008,2.8904,2.8911,1284464.6
2025-09-07 16:15:00+00:00,2.8912,2.892,2.8816,2.8831,942957.5
2025-09-07 16:30:00+00:00,2.8832,2.8896,2.8775,2.8896,1363715.7
2025-09-07 16:45:00+00:00,2.8896,2.894,2.8869,2.8912,762687.2
2025-09-07 17:00:00+00:00,2.8913,2.8939,2.8805,2.8809,768893.5
2025-09-07 17:15:00+00:00,2.8808,2.8837,2.8758,2.8767,1462272.1
2025-09-07 17:30:00+00:00,2.8768,2.8815,2.8763,2.8811,675954.8
2025-09-07 17:45:00+00:00,2.881,2.881,2.8581,2.8597,2306937.1
2025-09-07 18:00:00+00:00,2.8596,2.8679,2.8574,2.8649,1159523.0
2025-09-07 18:15:00+00:00,2.8649,2.867,2.8592,2.8614,522432.1
2025-09-07 18:30:00+00:00,2.8613,2.8646,2.8515,2.8532,1132828.2
2025-09-07 18:45:00+00:00,2.8533,2.8641,2.8507,2.8583,1293416.5
2025-09-07 19:00:00+00:00,2.8583,2.8662,2.8571,2.8605,984268.2
2025-09-07 19:15:00+00:00,2.8604,2.8638,2.8541,2.8552,616636.6
2025-09-07 19:30:00+00:00,2.8552,2.8678,2.8549,2.8652,660181.3
2025-09-07 19:45:00+00:00,2.8653,2.8659,2.862,2.8627,530801.4
2025-09-07 20:00:00+00:00,2.8627,2.8671,2.8614,2.865,544475.0
2025-09-07 20:15:00+00:00,2.8649,2.8721,2.8644,2.8721,701123.8
2025-09-07 20:30:00+00:00,2.8721,2.8731,2.8701,2.8719,492077.1
2025-09-07 20:45:00+00:00,2.872,2.8799,2.8716,2.8799,652428.2
2025-09-07 21:00:00+00:00,2.88,2.8809,2.8754,2.8767,732880.2
2025-09-07 21:15:00+00:00,2.8767,2.8777,2.8733,2.8773,420491.9
2025-09-07 21:30:00+00:00,2.8774,2.8799,2.8685,2.8685,536337.3
2025-09-07 21:45:00+00:00,2.8685,2.8685,2.8587,2.8587,1011449.6
2025-09-07 22:00:00+00:00,2.8587,2.8676,2.8553,2.8676,1281363.2
2025-09-07 22:15:00+00:00,2.8676,2.8735,2.8672,2.8726,1150711.5
2025-09-07 22:30:00+00:00,2.8725,2.8735,2.8692,2.8713,593543.4
2025-09-07 22:45:00+00:00,2.8714,2.8779,2.8714,2.8773,763931.4
2025-09-07 23:00:00+00:00,2.8774,2.8863,2.8773,2.8808,991052.0
2025-09-07 23:15:00+00:00,2.8808,2.8913,2.8798,2.8902,1215436.5
2025-09-07 23:30:00+00:00,2.8902,2.8921,2.8835,2.8856,905266.6
2025-09-07 23:45:00+00:00,2.8855,2.8862,2.8763,2.877,1082161.7
2025-09-08 00:00:00+00:00,2.877,2.8783,2.8702,2.872,419438.6
2025-09-08 00:15:00+00:00,2.8721,2.8787,2.867,2.8787,775049.6
2025-09-08 00:30:00+00:00,2.8787,2.885,2.8745,2.8823,1669950.5
2025-09-08 00:45:00+00:00,2.8822,2.8824,2.8656,2.8693,1164389.7
2025-09-08 01:00:00+00:00,2.8693,2.8766,2.8667,2.8757,691682.9
2025-09-08 01:15:00+00:00,2.8757,2.8837,2.8721,2.878,682035.6
2025-09-08 01:30:00+00:00,2.878,2.8861,2.8774,2.8802,412571.6
2025-09-08 01:45:00+00:00,2.8801,2.8823,2.8777,2.8803,611543.4
2025-09-08 02:00:00+00:00,2.8804,2.8839,2.8738,2.8774,384571.0
2025-09-08 02:15:00+00:00,2.8773,2.8775,2.8627,2.8681,1110859.7
2025-09-08 02:30:00+00:00,2.8682,2.8882,2.8667,2.8846,1420583.2
2025-09-08 02:45:00+00:00,2.8847,2.8883,2.8802,2.8861,1048467.6
2025-09-08 03:00:00+00:00,2.886,2.896,2.8842,2.8922,1403754.6
2025-09-08 03:15:00+00:00,2.8922,2.8946,2.8829,2.8887,1307778.2
2025-09-08 03:30:00+00:00,2.8888,2.9,2.8868,2.8968,1349916.8
2025-09-08 03:45:00+00:00,2.8968,2.8968,2.886,2.889,993268.1
2025-09-08 04:00:00+00:00,2.889,2.8899,2.8776,2.8826,1034054.7
2025-09-08 04:15:00+00:00,2.8827,2.8896,2.8827,2.8892,762289.2
2025-09-08 04:30:00+00:00,2.8892,2.8922,2.8839,2.8843,929203.6
2025-09-08 04:45:00+00:00,2.8844,2.8845,2.8765,2.8801,691527.5
2025-09-08 05:00:00+00:00,2.8802,2.8887,2.8781,2.8829,952760.4
2025-09-08 05:15:00+00:00,2.8828,2.8915,2.8828,2.887,810605.4
2025-09-08 05:30:00+00:00,2.887,2.8897,2.8843,2.8868,917795.9
2025-09-08 05:45:00+00:00,2.8869,2.8957,2.8852,2.8927,997683.1
2025-09-08 06:00:00+00:00,2.8927,2.8944,2.8739,2.8774,1796750.1
2025-09-08 06:15:00+00:00,2.8775,2.8865,2.8771,2.8856,851399.7
2025-09-08 06:30:00+00:00,2.8855,2.8859,2.8798,2.8799,803497.9
2025-09-08 06:45:00+00:00,2.8799,2.8799,2.8754,2.8758,564303.6
2025-09-08 07:00:00+00:00,2.8758,2.8892,2.8757,2.8887,864097.5
2025-09-08 07:15:00+00:00,2.8888,2.9019,2.8868,2.9012,1414295.5
2025-09-08 07:30:00+00:00,2.9012,2.9074,2.8908,2.9056,2395381.0
2025-09-08 07:45:00+00:00,2.9057,2.9111,2.9018,2.9106,2671633.4
2025-09-08 08:00:00+00:00,2.9106,2.9168,2.907,2.9131,1418279.0
2025-09-08 08:15:00+00:00,2.9131,2.9132,2.9033,2.9126,1004268.3
2025-09-08 08:30:00+00:00,2.9126,2.92,2.9086,2.9156,3352781.0
2025-09-08 08:45:00+00:00,2.9155,2.9176,2.907,2.9096,781099.2
2025-09-08 09:00:00+00:00,2.9095,2.917,2.904,2.9162,770877.5
2025-09-08 09:15:00+00:00,2.9162,2.9221,2.9144,2.9202,1088762.4
2025-09-08 09:30:00+00:00,2.9202,2.9225,2.9168,2.9187,933343.7
2025-09-08 09:45:00+00:00,2.9187,2.9358,2.9187,2.9332,1837658.5
2025-09-08 10:00:00+00:00,2.9333,2.9468,2.9254,2.9435,2256118.5
2025-09-08 10:15:00+00:00,2.9434,2.955,2.9423,2.9445,3356680.4
2025-09-08 10:30:00+00:00,2.9446,2.9516,2.9422,2.9507,1260163.5
2025-09-08 10:45:00+00:00,2.9507,2.9532,2.9438,2.9509,2014707.0
2025-09-08 11:00:00+00:00,2.9508,2.951,2.9371,2.9402,2455405.9
2025-09-08 11:15:00+00:00,2.9402,2.943,2.933,2.9357,1047684.3
2025-09-08 11:30:00+00:00,2.9357,2.9392,2.9296,2.932,1283101.3
2025-09-08 11:45:00+00:00,2.932,2.9397,2.9309,2.9362,810363.9
2025-09-08 12:00:00+00:00,2.9363,2.9412,2.934,2.9383,847017.3
2025-09-08 12:15:00+00:00,2.9382,2.9516,2.9364,2.9485,912632.7
2025-09-08 12:30:00+00:00,2.9485,2.969,2.9477,2.9687,1868634.9
2025-09-08 12:45:00+00:00,2.9687,2.9812,2.9625,2.9638,3371088.1
2025-09-08 13:00:00+00:00,2.9638,2.9817,2.9632,2.9809,2519530.0
2025-09-08 13:15:00+00:00,2.9808,2.9878,2.9741,2.979,2491185.5
2025-09-08 13:30:00+00:00,2.9789,2.9911,2.9669,2.9785,3887920.1
2025-09-08 13:45:00+00:00,2.9784,2.9948,2.9751,2.9776,3615436.0
2025-09-08 14:00:00+00:00,2.9776,2.9964,2.9759,2.9834,5395232.7
2025-09-08 14:15:00+00:00,2.9833,2.9893,2.9791,2.9875,906872.9
2025-09-08 14:30:00+00:00,2.9875,2.9925,2.974,2.9774,1601003.0
2025-09-08 14:45:00+00:00,2.9774,2.9836,2.9735,2.982,899253.4
2025-09-08 15:00:00+00:00,2.9821,2.984,2.9761,2.9771,1032607.4
2025-09-08 15:15:00+00:00,2.9771,2.9853,2.9722,2.9843,1577994.3
2025-09-08 15:30:00+00:00,2.9842,2.9846,2.9755,2.9797,963438.8
2025-09-08 15:45:00+00:00,2.9796,2.9867,2.9779,2.9856,863921.5
2025-09-08 16:00:00+00:00,2.9856,2.9908,2.978,2.978,1292452.9
2025-09-08 16:15:00+00:00,2.9781,2.9828,2.974,2.9807,841573.1
2025-09-08 16:30:00+00:00,2.9807,2.9807,2.9656,2.975,2351059.0
2025-09-08 16:45:00+00:00,2.975,2.9756,2.9614,2.9695,1707745.4
2025-09-08 17:00:00+00:00,2.9695,2.9708,2.963,2.9662,980881.4
2025-09-08 17:15:00+00:00,2.9663,2.9823,2.9662,2.9823,878469.0
2025-09-08 17:30:00+00:00,2.9823,2.9826,2.9724,2.9734,521845.8
2025-09-08 17:45:00+00:00,2.9733,2.9782,2.9665,2.9698,687938.9
2025-09-08 18:00:00+00:00,2.9699,2.9784,2.9692,2.9734,909884.8
2025-09-08 18:15:00+00:00,2.9735,2.9766,2.9712,2.9748,439536.5
2025-09-08 18:30:00+00:00,2.9748,2.9787,2.97,2.9734,438672.1
2025-09-08 18:45:00+00:00,2.9734,2.9844,2.9728,2.984,538709.6
2025-09-08 19:00:00+00:00,2.9839,2.9847,2.9701,2.9758,1098280.0
2025-09-08 19:15:00+00:00,2.9757,2.9817,2.973,2.9789,837495.8
2025-09-08 19:30:00+00:00,2.979,2.982,2.9686,2.9705,1533552.9
2025-09-08 19:45:00+00:00,2.9706,2.9848,2.9695,2.9798,2135027.6
2025-09-08 20:00:00+00:00,2.9799,2.9848,2.9767,2.9789,1073099.5
2025-09-08 20:15:00+00:00,2.9789,2.979,2.9651,2.9686,760802.7
2025-09-08 20:30:00+00:00,2.9686,2.9695,2.9579,2.9581,1198770.0
2025-09-08 20:45:00+00:00,2.9581,2.9637,2.9546,2.9637,995541.1
2025-09-08 21:00:00+00:00,2.9637,2.9663,2.9612,2.9663,609252.0
2025-09-08 21:15:00+00:00,2.9664,2.9778,2.9628,2.9752,1136572.3
2025-09-08 21:30:00+00:00,2.9751,2.9761,2.9701,2.9713,527665.0
2025-09-08 21:45:00+00:00,2.9712,2.9775,2.9708,2.9747,843207.7
2025-09-08 22:00:00+00:00,2.9746,2.9797,2.9717,2.9776,573447.1
2025-09-08 22:15:00+00:00,2.9776,2.9838,2.975,2.983,668908.9
2025-09-08 22:30:00+00:00,2.983,2.9833,2.9769,2.98,468280.0
2025-09-08 22:45:00+00:00,2.98,2.98,2.9744,2.9761,791635.9
2025-09-08 23:00:00+00:00,2.9761,2.9795,2.9729,2.9746,474713.7
2025-09-08 23:15:00+00:00,2.9747,2.9757,2.968,2.9688,532402.8
2025-09-08 23:30:00+00:00,2.9689,2.9689,2.9631,2.9642,541980.8
2025-09-08 23:45:00+00:00,2.9642,2.9722,2.9631,2.9697,688571.3
2025-09-09 00:00:00+00:00,2.9698,2.9782,2.9637,2.9728,2019643.9
2025-09-09 00:15:00+00:00,2.9728,2.9738,2.9568,2.96,1643039.6
2025-09-09 00:30:00+00:00,2.96,2.9601,2.9462,2.95,2245544.4
2025-09-09 00:45:00+00:00,2.9501,2.96,2.9467,2.9558,1054560.0
2025-09-09 01:00:00+00:00,2.9557,2.9609,2.9551,2.957,1258667.5
2025-09-09 01:15:00+00:00,2.9569,2.9569,2.9476,2.9513,693012.4
2025-09-09 01:30:00+00:00,2.9514,2.9592,2.9473,2.9589,793718.1
2025-09-09 01:45:00+00:00,2.9589,2.9608,2.953,2.9591,675852.9
2025-09-09 02:00:00+00:00,2.9591,2.9592,2.95,2.9503,341316.4
2025-09-09 02:15:00+00:00,2.9503,2.9548,2.9441,2.9488,709633.4
2025-09-09 02:30:00+00:00,2.9489,2.952,2.9453,2.9454,1325918.5
2025-09-09 02:45:00+00:00,2.9454,2.9454,2.9354,2.9375,1257366.6
2025-09-09 03:00:00+00:00,2.9375,2.9403,2.9348,2.9383,718406.0
2025-09-09 03:15:00+00:00,2.9382,2.9404,2.9337,2.9399,733237.9
2025-09-09 03:30:00+00:00,2.9399,2.9459,2.9373,2.9435,1361031.3
2025-09-09 03:45:00+00:00,2.9435,2.9526,2.9402,2.9501,866454.7
2025-09-09 04:00:00+00:00,2.95,2.9508,2.9444,2.9465,1093273.5
2025-09-09 04:15:00+00:00,2.9465,2.9598,2.9463,2.9576,962831.8
2025-09-09 04:30:00+00:00,2.9575,2.9651,2.957,2.9608,1048644.4
2025-09-09 04:45:00+00:00,2.9607,2.967,2.9568,2.9629,1422115.8
2025-09-09 05:00:00+00:00,2.9629,2.9643,2.955,2.9563,678986.7
2025-09-09 05:15:00+00:00,2.9563,2.9588,2.9539,2.9558,644716.4
2025-09-09 05:30:00+00:00,2.9559,2.9581,2.9518,2.9578,636659.9
2025-09-09 05:45:00+00:00,2.9579,2.9684,2.9565,2.9647,1119382.4
2025-09-09 06:00:00+00:00,2.9647,2.9868,2.9626,2.9841,1826438.7
2025-09-09 06:15:00+00:00,2.9841,2.9942,2.984,2.9912,2238856.3
2025-09-09 06:30:00+00:00,2.9912,2.9955,2.9831,2.9835,2239977.5
2025-09-09 06:45:00+00:00,2.9835,2.9978,2.983,2.9929,2203890.1
2025-09-09 07:00:00+00:00,2.9929,3.0168,2.992,3.0102,5253561.1
2025-09-09 07:15:00+00:00,3.0102,3.0277,3.009,3.027,3286271.6
2025-09-09 07:30:00+00:00,3.0271,3.0275,3.0094,3.0095,2254037.7
2025-09-09 07:45:00+00:00,3.0094,3.02,3.0052,3.02,1699544.6
2025-09-09 08:00:00+00:00,3.02,3.0323,3.0136,3.0273,2604418.0
2025-09-09 08:15:00+00:00,3.0273,3.03,3.0208,3.0256,2475120.2
2025-09-09 08:30:00+00:00,3.0257,3.0365,3.0256,3.0293,1210321.2
2025-09-09 08:45:00+00:00,3.0292,3.0292,3.017,3.0242,1621399.2
2025-09-09 09:00:00+00:00,3.0241,3.026,3.0142,3.0152,969054.7
2025-09-09 09:15:00+00:00,3.0152,3.0188,3.0152,3.0171,562624.4
2025-09-09 09:30:00+00:00,3.0171,3.0173,3.0086,3.0123,854438.6
2025-09-09 09:45:00+00:00,3.0123,3.0133,3.0073,3.0076,725126.7
2025-09-09 10:00:00+00:00,3.0076,3.0161,3.0071,3.0145,925845.4
2025-09-09 10:15:00+00:00,3.0145,3.0158,3.0019,3.0023,1022628.3
2025-09-09 10:30:00+00:00,3.0023,3.0077,2.9991,3.0065,1133108.0
2025-09-09 10:45:00+00:00,3.0066,3.0066,2.9994,3.0038,668593.9
2025-09-09 11:00:00+00:00,3.0038,3.0142,3.0014,3.0098,915758.0
2025-09-09 11:15:00+00:00,3.0099,3.0101,3.0005,3.0081,1382437.2
2025-09-09 11:30:00+00:00,3.0081,3.009,3.0025,3.0045,739871.0
2025-09-09 11:45:00+00:00,3.0044,3.0156,3.0029,3.0043,1670138.7
2025-09-09 12:00:00+00:00,3.0043,3.0281,2.9983,3.0272,2302821.5
2025-09-09 12:15:00+00:00,3.0272,3.03,3.02,3.0203,1298959.7
2025-09-09 12:30:00+00:00,3.0203,3.021,3.0001,3.001,1588968.7
2025-09-09 12:45:00+00:00,3.0011,3.0103,3.0008,3.0079,897623.0
2025-09-09 13:00:00+00:00,3.0078,3.0122,2.9976,3.0109,911587.8
2025-09-09 13:15:00+00:00,3.0108,3.0108,2.997,3.0061,864647.9
2025-09-09 13:30:00+00:00,3.006,3.0112,3.0016,3.0097,969707.0
2025-09-09 13:45:00+00:00,3.0097,3.0185,3.0091,3.0122,926510.1
2025-09-09 14:00:00+00:00,3.0123,3.019,2.9838,3.0018,5163689.7
2025-09-09 14:15:00+00:00,3.0018,3.0028,2.9833,2.9894,1378028.3
2025-09-09 14:30:00+00:00,2.9894,2.9895,2.9523,2.9628,5254481.4
2025-09-09 14:45:00+00:00,2.9629,2.97,2.9587,2.9674,1265416.8
2025-09-09 15:00:00+00:00,2.9674,2.9716,2.9546,2.9576,2041814.4
2025-09-09 15:15:00+00:00,2.9576,2.9622,2.951,2.9551,2333624.0
2025-09-09 15:30:00+00:00,2.9551,2.9553,2.9367,2.939,3107038.6
2025-09-09 15:45:00+00:00,2.9389,2.9514,2.9367,2.9471,1543576.0
2025-09-09 16:00:00+00:00,2.9471,2.9555,2.9471,2.9534,849139.9
2025-09-09 16:15:00+00:00,2.9534,2.9584,2.9436,2.9464,855182.3
2025-09-09 16:30:00+00:00,2.9464,2.951,2.9451,2.949,606008.2
2025-09-09 16:45:00+00:00,2.949,2.9554,2.9466,2.953,493710.4
2025-09-09 17:00:00+00:00,2.9529,2.9646,2.9525,2.9632,873224.7
2025-09-09 17:15:00+00:00,2.9632,2.9647,2.9547,2.9556,626964.8
2025-09-09 17:30:00+00:00,2.9557,2.96,2.9502,2.9557,630101.6
2025-09-09 17:45:00+00:00,2.9556,2.9589,2.9531,2.9543,318234.8
2025-09-09 18:00:00+00:00,2.9544,2.9582,2.9517,2.9575,405354.6
2025-09-09 18:15:00+00:00,2.9574,2.966,2.9563,2.9636,455106.7
2025-09-09 18:30:00+00:00,2.9637,2.9637,2.9569,2.9593,428265.1
2025-09-09 18:45:00+00:00,2.9593,2.9644,2.9583,2.9619,380171.0
2025-09-09 19:00:00+00:00,2.962,2.9668,2.9607,2.9656,254524.5
2025-09-09 19:15:00+00:00,2.9656,2.9705,2.9634,2.9701,429563.2
2025-09-09 19:30:00+00:00,2.9701,2.9729,2.9669,2.969,1142791.9
2025-09-09 19:45:00+00:00,2.969,2.9708,2.9634,2.9651,502282.9
2025-09-09 20:00:00+00:00,2.9652,2.9685,2.9558,2.9585,562415.2
2025-09-09 20:15:00+00:00,2.9584,2.9601,2.9523,2.9526,941380.8
2025-09-09 20:30:00+00:00,2.9525,2.955,2.9466,2.9476,530981.4
2025-09-09 20:45:00+00:00,2.9477,2.9562,2.9471,2.9547,428061.5
2025-09-09 21:00:00+00:00,2.9548,2.9614,2.9514,2.9603,526730.9
2025-09-09 21:15:00+00:00,2.9602,2.9625,2.951,2.9523,503267.8
2025-09-09 21:30:00+00:00,2.9523,2.956,2.95,2.9555,544343.7
2025-09-09 21:45:00+00:00,2.9556,2.9559,2.9506,2.9513,337320.3
2025-09-09 22:00:00+00:00,2.9513,2.955,2.9464,2.9545,744327.9
2025-09-09 22:15:00+00:00,2.9546,2.9548,2.9496,2.9498,274712.9
2025-09-09 22:30:00+00:00,2.9498,2.9528,2.9488,2.9528,289235.2
2025-09-09 22:45:00+00:00,2.9528,2.9532,2.9482,2.9506,448985.5
2025-09-09 23:00:00+00:00,2.9505,2.951,2.9426,2.9455,1993497.6
2025-09-09 23:15:00+00:00,2.9455,2.9477,2.9422,2.9426,638475.2
2025-09-09 23:30:00+00:00,2.9426,2.9461,2.9404,2.9447,698069.8
2025-09-09 23:45:00+00:00,2.9448,2.9492,2.9427,2.9474,565027.4
2025-09-10 00:00:00+00:00,2.9474,2.9496,2.9432,2.9442,856051.3
2025-09-10 00:15:00+00:00,2.9441,2.9441,2.936,2.937,974502.0
2025-09-10 00:30:00+00:00,2.9369,2.9512,2.9357,2.9506,778095.8
2025-09-10 00:45:00+00:00,2.9505,2.9512,2.9361,2.9374,710939.8
2025-09-10 01:00:00+00:00,2.9373,2.9455,2.9363,2.9449,384689.7
2025-09-10 01:15:00+00:00,2.945,2.9556,2.945,2.948,606974.7
2025-09-10 01:30:00+00:00,2.948,2.9546,2.9473,2.9502,459477.3
2025-09-10 01:45:00+00:00,2.9503,2.9517,2.9457,2.949,262511.1
2025-09-10 02:00:00+00:00,2.9489,2.9586,2.9488,2.9563,915789.6
2025-09-10 02:15:00+00:00,2.9563,2.9636,2.9541,2.9597,1124026.4
2025-09-10 02:30:00+00:00,2.9596,2.9641,2.9591,2.9622,896112.8
2025-09-10 02:45:00+00:00,2.9621,2.963,2.9572,2.9591,505781.0
2025-09-10 03:00:00+00:00,2.9592,2.9592,2.9528,2.9572,621403.2
2025-09-10 03:15:00+00:00,2.9572,2.9609,2.9557,2.9561,528732.2
2025-09-10 03:30:00+00:00,2.9562,2.9612,2.9562,2.9596,474242.2
2025-09-10 03:45:00+00:00,2.9597,2.9637,2.9593,2.9625,396939.9
2025-09-10 04:00:00+00:00,2.9624,2.9637,2.9576,2.9636,322331.7
2025-09-10 04:15:00+00:00,2.9637,2.965,2.9591,2.9618,401713.8
2025-09-10 04:30:00+00:00,2.9618,2.9633,2.9553,2.9559,543315.4
2025-09-10 04:45:00+00:00,2.956,2.9603,2.9554,2.9598,352358.3
2025-09-10 05:00:00+00:00,2.9598,2.9598,2.9507,2.956,512941.3
2025-09-10 05:15:00+00:00,2.9559,2.9563,2.9501,2.9555,595776.2
2025-09-10 05:30:00+00:00,2.9556,2.9619,2.955,2.9611,471385.4
2025-09-10 05:45:00+00:00,2.9611,2.963,2.9543,2.96,735876.4
2025-09-10 06:00:00+00:00,2.9599,2.96,2.9457,2.9484,1106010.4
2025-09-10 06:15:00+00:00,2.9484,2.9534,2.9469,2.9528,868801.7
2025-09-10 06:30:00+00:00,2.9528,2.9584,2.95,2.9554,1149440.4
2025-09-10 06:45:00+00:00,2.9555,2.9591,2.9517,2.9529,494481.1
2025-09-10 07:00:00+00:00,2.9529,2.9581,2.9517,2.9571,700657.6
2025-09-10 07:15:00+00:00,2.9571,2.9713,2.9517,2.9698,2247190.8
2025-09-10 07:30:00+00:00,2.9697,2.9736,2.9684,2.9733,997606.4
2025-09-10 07:45:00+00:00,2.9732,2.9812,2.9732,2.981,1212991.3
2025-09-10 08:00:00+00:00,2.9811,2.9871,2.9766,2.9842,1210600.4
2025-09-10 08:15:00+00:00,2.9841,2.9859,2.9761,2.977,878278.0
2025-09-10 08:30:00+00:00,2.9769,2.9772,2.9698,2.9704,654441.0
2025-09-10 08:45:00+00:00,2.9704,2.9738,2.9693,2.9696,304292.2
2025-09-10 09:00:00+00:00,2.9695,2.9714,2.961,2.9672,486295.7
2025-09-10 09:15:00+00:00,2.9672,2.9768,2.965,2.9739,320437.7
2025-09-10 09:30:00+00:00,2.9739,2.9775,2.971,2.9713,342824.0
2025-09-10 09:45:00+00:00,2.9713,2.972,2.9677,2.9685,480011.5
2025-09-10 10:00:00+00:00,2.9684,2.9693,2.9651,2.967,681628.9
2025-09-10 10:15:00+00:00,2.9671,2.9671,2.9603,2.9654,626809.1
2025-09-10 10:30:00+00:00,2.9653,2.9696,2.9649,2.9668,270872.1
2025-09-10 10:45:00+00:00,2.9668,2.967,2.9627,2.9645,396476.3
2025-09-10 11:00:00+00:00,2.9645,2.9718,2.9626,2.9712,461578.6
2025-09-10 11:15:00+00:00,2.9713,2.9736,2.9684,2.971,717455.7
2025-09-10 11:30:00+00:00,2.971,2.971,2.9658,2.9671,412369.7
2025-09-10 11:45:00+00:00,2.9671,2.9724,2.9667,2.971,418592.4
2025-09-10 12:00:00+00:00,2.9711,2.9756,2.9704,2.9744,626665.5
2025-09-10 12:15:00+00:00,2.9743,2.9775,2.9721,2.9753,613044.3
2025-09-10 12:30:00+00:00,2.9753,3.0065,2.9753,2.9969,7321043.4
2025-09-10 12:45:00+00:00,2.9969,2.9995,2.9879,2.9992,1353533.4
2025-09-10 13:00:00+00:00,2.9991,3.021,2.9971,3.0115,2905568.3
2025-09-10 13:15:00+00:00,3.0116,3.0158,2.9977,3.0014,2337020.1
2025-09-10 13:30:00+00:00,3.0014,3.0107,2.9921,3.0085,1918136.4
2025-09-10 13:45:00+00:00,3.0086,3.024,3.0038,3.0128,3282980.4
2025-09-10 14:00:00+00:00,3.0129,3.0208,3.0066,3.0135,2118145.4
2025-09-10 14:15:00+00:00,3.0136,3.0188,3.0073,3.0101,1488861.2
2025-09-10 14:30:00+00:00,3.0101,3.0135,3.0013,3.0062,1200147.5
2025-09-10 14:45:00+00:00,3.0062,3.0077,2.998,2.9986,1043942.0
2025-09-10 15:00:00+00:00,2.9987,3.0092,2.9979,3.0085,1094053.6
2025-09-10 15:15:00+00:00,3.0084,3.0098,2.9972,2.9996,1176329.0
2025-09-10 15:30:00+00:00,2.9996,3.0055,2.9932,3.0044,1786780.2
2025-09-10 15:45:00+00:00,3.0044,3.0066,2.9997,3.0025,710144.1
2025-09-10 16:00:00+00:00,3.0026,3.0054,2.992,2.9936,1697866.7
2025-09-10 16:15:00+00:00,2.9935,2.999,2.9906,2.9989,1817308.3
2025-09-10 16:30:00+00:00,2.9989,2.9998,2.9925,2.9973,953333.9
2025-09-10 16:45:00+00:00,2.9974,3.005,2.9953,3.005,1291962.5
2025-09-10 17:00:00+00:00,3.005,3.014,3.002,3.0127,1498790.9
2025-09-10 17:15:00+00:00,3.0128,3.0135,2.9933,2.9948,1091147.3
2025-09-10 17:30:00+00:00,2.9947,3.004,2.9917,3.0029,660760.3
2025-09-10 17:45:00+00:00,3.0029,3.0059,2.9997,3.0029,407284.4
2025-09-10 18:00:00+00:00,3.0029,3.0069,2.9981,3.0004,597542.7
2025-09-10 18:15:00+00:00,3.0004,3.0005,2.9889,2.99,823147.8
2025-09-10 18:30:00+00:00,2.99,2.9966,2.9895,2.9933,367624.6
2025-09-10 18:45:00+00:00,2.9933,3.001,2.9909,2.9981,571392.8
2025-09-10 19:00:00+00:00,2.9981,2.9993,2.99,2.9901,289045.4
2025-09-10 19:15:00+00:00,2.9901,2.9903,2.9715,2.9747,1245494.7
2025-09-10 19:30:00+00:00,2.9747,2.982,2.9672,2.9781,1376279.5
2025-09-10 19:45:00+00:00,2.9782,2.9814,2.9744,2.9785,324975.6
2025-09-10 20:00:00+00:00,2.9785,2.9888,2.9777,2.9835,843390.7
2025-09-10 20:30:00+00:00,2.9774,2.979,2.973,2.978,394936.0
2025-09-10 20:45:00+00:00,2.978,2.9789,2.9721,2.9742,487815.9
2025-09-10 21:00:00+00:00,2.9743,2.9788,2.9718,2.976,328550.1
2025-09-10 21:15:00+00:00,2.9761,2.9815,2.975,2.9775,358920.5
2025-09-10 21:30:00+00:00,2.9775,2.9847,2.9762,2.978,500999.0
2025-09-10 21:45:00+00:00,2.978,2.9816,2.9754,2.9806,324999.4
2025-09-10 22:00:00+00:00,2.9806,2.985,2.9774,2.9847,373609.8
2025-09-10 22:15:00+00:00,2.9847,2.9865,2.981,2.9831,260012.7
2025-09-10 22:30:00+00:00,2.9831,2.9835,2.9761,2.9778,391548.3
2025-09-10 22:45:00+00:00,2.9779,2.9805,2.9762,2.9782,516276.4
2025-09-10 23:00:00+00:00,2.9782,2.9838,2.9782,2.9805,386506.4
2025-09-10 23:15:00+00:00,2.9806,2.9862,2.9806,2.9821,756229.1
2025-09-10 23:30:00+00:00,2.9821,2.9852,2.9809,2.982,232900.5
2025-09-10 23:45:00+00:00,2.9821,2.9855,2.9802,2.9834,545040.5
2025-09-11 00:00:00+00:00,2.9834,2.9835,2.9772,2.9793,711035.8
2025-09-11 00:15:00+00:00,2.9793,2.9857,2.9782,2.9856,488486.4
2025-09-11 00:30:00+00:00,2.9855,2.9882,2.9814,2.9842,324387.9
2025-09-11 00:45:00+00:00,2.9842,2.9943,2.9842,2.9902,502443.9
2025-09-11 01:00:00+00:00,2.9902,2.9977,2.9891,2.9975,689334.2
2025-09-11 01:15:00+00:00,2.9974,2.9979,2.9939,2.9942,325543.5
2025-09-11 01:30:00+00:00,2.9942,2.9954,2.9898,2.9919,369074.3
2025-09-11 01:45:00+00:00,2.992,2.9963,2.9912,2.9956,344388.6
2025-09-11 02:00:00+00:00,2.9955,2.9967,2.9923,2.9961,263735.9
2025-09-11 02:15:00+00:00,2.9961,2.9969,2.991,2.9916,433915.8
2025-09-11 02:30:00+00:00,2.9916,2.9936,2.9876,2.9931,357637.0
2025-09-11 02:45:00+00:00,2.9931,2.9934,2.988,2.988,266071.3
2025-09-11 03:00:00+00:00,2.9879,2.9922,2.9876,2.9913,403077.4
2025-09-11 03:15:00+00:00,2.9914,3.008,2.991,3.0049,1441329.1
2025-09-11 03:30:00+00:00,3.0049,3.0072,3.001,3.0027,620329.5
2025-09-11 03:45:00+00:00,3.0027,3.0118,3.0027,3.0091,1316267.6
2025-09-11 04:00:00+00:00,3.0092,3.0104,3.0023,3.0027,555670.4
2025-09-11 04:15:00+00:00,3.0027,3.0069,3.0018,3.0065,924780.1
2025-09-11 04:30:00+00:00,3.0065,3.0139,3.0018,3.0136,684456.4
2025-09-11 04:45:00+00:00,3.0136,3.0137,3.0081,3.0089,547606.7
2025-09-11 05:00:00+00:00,3.009,3.01,3.0014,3.0019,728325.5
2025-09-11 05:15:00+00:00,3.0019,3.0045,2.997,2.9973,970416.6
2025-09-11 05:30:00+00:00,2.9973,3.0064,2.9969,3.0048,1275394.7
2025-09-11 05:45:00+00:00,3.0048,3.0086,3.0022,3.0069,700042.6
2025-09-11 06:00:00+00:00,3.0069,3.0069,2.9959,3.0001,979343.7
2025-09-11 06:15:00+00:00,3.0,3.0046,2.9965,3.0011,771052.6
2025-09-11 06:30:00+00:00,3.0011,3.0045,3.001,3.0026,770960.2
2025-09-11 06:45:00+00:00,3.0026,3.004,2.9994,3.0,934434.1
2025-09-11 07:00:00+00:00,3.0,3.0001,2.9924,2.9955,804935.6
2025-09-11 07:15:00+00:00,2.9955,2.998,2.9914,2.9972,678615.5
2025-09-11 07:30:00+00:00,2.9972,3.0011,2.996,3.0007,749332.8
2025-09-11 07:45:00+00:00,3.0006,3.006,3.0003,3.0034,720706.0
2025-09-11 08:00:00+00:00,3.0033,3.0034,2.9984,3.0026,496416.3
2025-09-11 08:15:00+00:00,3.0025,3.0029,2.9997,3.0021,657637.1
2025-09-11 08:30:00+00:00,3.002,3.0178,3.0017,3.0178,1518950.6
2025-09-11 08:45:00+00:00,3.0179,3.0199,3.0111,3.0161,1818099.4
2025-09-11 09:00:00+00:00,3.0161,3.0164,3.0107,3.0121,943436.6
2025-09-11 09:15:00+00:00,3.0122,3.035,3.0116,3.028,3514944.4
2025-09-11 09:30:00+00:00,3.0281,3.0281,3.0168,3.0248,1612501.9
2025-09-11 09:45:00+00:00,3.0247,3.0274,3.0165,3.0273,1451477.6
2025-09-11 10:00:00+00:00,3.0272,3.0324,3.0228,3.0232,1005403.1
2025-09-11 10:15:00+00:00,3.0231,3.0231,3.0119,3.0142,1235258.8
2025-09-11 10:30:00+00:00,3.0143,3.0189,3.0124,3.0161,919006.3
2025-09-11 10:45:00+00:00,3.0162,3.0206,3.0157,3.016,528509.4
2025-09-11 11:00:00+00:00,3.016,3.0179,3.0122,3.0147,1026430.1
2025-09-11 11:15:00+00:00,3.0147,3.0148,3.0068,3.0078,826542.8
2025-09-11 11:30:00+00:00,3.0077,3.0133,3.0034,3.0112,878600.9
2025-09-11 11:45:00+00:00,3.0111,3.0131,3.0055,3.0077,775841.4
2025-09-11 12:00:00+00:00,3.0077,3.0236,3.0076,3.0232,1939085.2
2025-09-11 12:15:00+00:00,3.0232,3.0298,3.018,3.0296,1980215.0
2025-09-11 12:30:00+00:00,3.0296,3.034,2.9507,2.9972,18546854.8
2025-09-11 12:45:00+00:00,2.9972,3.0096,2.9911,2.9983,2988307.8
2025-09-11 13:00:00+00:00,2.9983,2.9996,2.9758,2.9799,2623965.5
2025-09-11 13:15:00+00:00,2.9799,2.9942,2.9799,2.99,1478196.5
2025-09-11 13:30:00+00:00,2.9901,3.01,2.9901,2.9962,1819824.0
2025-09-11 13:45:00+00:00,2.9962,3.0134,2.9925,3.0121,1346640.5
2025-09-11 14:00:00+00:00,3.0122,3.0125,2.9963,2.9987,1244840.5
2025-09-11 14:15:00+00:00,2.9988,2.9989,2.9852,2.9927,1367515.6
2025-09-11 14:30:00+00:00,2.9928,3.0068,2.9922,3.0044,767391.5
2025-09-11 14:45:00+00:00,3.0043,3.0059,2.9943,2.9986,930545.0
2025-09-11 15:00:00+00:00,2.9987,3.001,2.9928,2.9976,608718.5
2025-09-11 15:15:00+00:00,2.9975,3.0057,2.9961,2.9968,754343.9
2025-09-11 15:30:00+00:00,2.9968,3.0,2.9915,2.9946,1179933.4
2025-09-11 15:45:00+00:00,2.9947,2.9979,2.9893,2.9949,773128.2
2025-09-11 16:00:00+00:00,2.995,3.004,2.9944,3.0028,698611.3
2025-09-11 16:15:00+00:00,3.0029,3.0035,2.9909,2.9912,750412.3
2025-09-11 16:30:00+00:00,2.9913,2.9987,2.99,2.9963,601529.8
2025-09-11 16:45:00+00:00,2.9963,2.9976,2.99,2.9961,595697.2
2025-09-11 17:00:00+00:00,2.9962,3.002,2.9919,2.9999,598380.0
2025-09-11 17:15:00+00:00,2.9999,3.0016,2.9954,2.9961,528543.9
2025-09-11 17:30:00+00:00,2.9961,3.0112,2.9958,3.011,777088.6
2025-09-11 17:45:00+00:00,3.0109,3.0136,3.0061,3.0136,725758.4
2025-09-11 18:00:00+00:00,3.0135,3.0206,3.0124,3.0169,1699046.7
2025-09-11 18:15:00+00:00,3.017,3.0198,3.0077,3.0098,909120.9
2025-09-11 18:30:00+00:00,3.0098,3.0189,3.0072,3.0188,506129.9
2025-09-11 18:45:00+00:00,3.0188,3.0344,3.0167,3.0239,2761839.4
2025-09-11 19:00:00+00:00,3.024,3.0336,3.0208,3.0285,1626847.9
2025-09-11 19:15:00+00:00,3.0285,3.0323,3.0221,3.0311,1409114.7
2025-09-11 19:30:00+00:00,3.031,3.0319,3.0256,3.0276,1152193.1
2025-09-11 19:45:00+00:00,3.0276,3.0329,3.0216,3.0257,1550311.6
2025-09-11 20:00:00+00:00,3.0258,3.0294,3.0188,3.0197,1048661.4
2025-09-11 20:15:00+00:00,3.0197,3.0242,3.0171,3.0179,1477987.4
2025-09-11 20:30:00+00:00,3.0179,3.0197,3.0124,3.013,708897.4
2025-09-11 20:45:00+00:00,3.013,3.0158,3.0109,3.0122,615963.5
2025-09-11 21:00:00+00:00,3.0123,3.0239,3.0111,3.0204,1891333.5
2025-09-11 21:15:00+00:00,3.0204,3.0225,3.0148,3.0154,426301.7
2025-09-11 21:30:00+00:00,3.0154,3.019,3.014,3.0188,396542.8
2025-09-11 21:45:00+00:00,3.0187,3.0188,3.0136,3.0137,306112.2
2025-09-11 22:00:00+00:00,3.0137,3.02,3.013,3.0166,503384.6
2025-09-11 22:15:00+00:00,3.0166,3.0281,3.0149,3.0257,1124416.6
2025-09-11 22:30:00+00:00,3.0257,3.0286,3.023,3.0255,818266.9
2025-09-11 22:45:00+00:00,3.0254,3.0288,3.024,3.024,972476.4
2025-09-11 23:00:00+00:00,3.024,3.0435,3.024,3.0432,2455834.5
2025-09-11 23:15:00+00:00,3.0431,3.049,3.0359,3.0426,1971878.0
2025-09-11 23:30:00+00:00,3.0426,3.0432,3.0372,3.0424,1473604.9
2025-09-11 23:45:00+00:00,3.0423,3.0464,3.0392,3.0398,830462.1
2025-09-12 00:00:00+00:00,3.0398,3.0436,3.0343,3.0346,1237658.1
2025-09-12 00:15:00+00:00,3.0345,3.0489,3.0333,3.0489,1159711.7
2025-09-12 00:30:00+00:00,3.0489,3.0696,3.0467,3.0681,3794291.6
2025-09-12 00:45:00+00:00,3.0681,3.0719,3.0535,3.054,3288977.5
2025-09-12 01:00:00+00:00,3.0539,3.0676,3.0539,3.0634,2190555.9
2025-09-12 01:15:00+00:00,3.0634,3.0654,3.0528,3.0562,839248.0
2025-09-12 01:30:00+00:00,3.0563,3.0563,3.0434,3.0464,1228565.9
2025-09-12 01:45:00+00:00,3.0465,3.0465,3.0375,3.0391,801778.8
2025-09-12 02:00:00+00:00,3.0391,3.0461,3.038,3.0413,908486.3
2025-09-12 02:15:00+00:00,3.0413,3.0517,3.0406,3.0477,1108840.0
2025-09-12 02:30:00+00:00,3.0476,3.0538,3.0448,3.0507,656542.7
2025-09-12 02:45:00+00:00,3.0508,3.0508,3.0425,3.044,770817.2
2025-09-12 03:00:00+00:00,3.044,3.0474,3.0381,3.0391,776783.6
2025-09-12 03:15:00+00:00,3.039,3.0416,3.0368,3.0375,837475.4
2025-09-12 03:30:00+00:00,3.0374,3.042,3.032,3.0348,1243729.4
2025-09-12 03:45:00+00:00,3.0348,3.0385,3.0348,3.0371,577112.1
2025-09-12 04:00:00+00:00,3.0372,3.0372,3.0282,3.0348,1221944.4
2025-09-12 04:15:00+00:00,3.0349,3.0465,3.0348,3.0464,908450.8
2025-09-12 04:30:00+00:00,3.0465,3.0538,3.0461,3.0514,1040447.9
2025-09-12 04:45:00+00:00,3.0513,3.0558,3.048,3.054,806801.7
2025-09-12 05:00:00+00:00,3.0539,3.0541,3.0484,3.0506,695971.8
2025-09-12 05:15:00+00:00,3.0506,3.0598,3.0503,3.0558,801768.2
2025-09-12 05:30:00+00:00,3.0558,3.067,3.0521,3.0642,1688837.6
2025-09-12 05:45:00+00:00,3.0642,3.0731,3.0635,3.072,2092174.3
2025-09-12 06:00:00+00:00,3.0721,3.0721,3.0595,3.0595,1672261.2
2025-09-12 06:15:00+00:00,3.0594,3.0662,3.0559,3.0582,1179332.4
2025-09-12 06:30:00+00:00,3.0582,3.0608,3.054,3.059,1277752.6
2025-09-12 06:45:00+00:00,3.059,3.059,3.0486,3.0515,1489679.5
2025-09-12 07:00:00+00:00,3.0516,3.0594,3.05,3.0558,1236377.9
2025-09-12 07:15:00+00:00,3.0558,3.06,3.0525,3.0542,526006.9
2025-09-12 07:30:00+00:00,3.0542,3.0585,3.048,3.0584,1002494.6
2025-09-12 07:45:00+00:00,3.0584,3.0729,3.0557,3.0667,2492750.8
2025-09-12 08:00:00+00:00,3.0668,3.0704,3.0573,3.0576,1151359.3
2025-09-12 08:15:00+00:00,3.0576,3.065,3.0483,3.0616,1162053.2
2025-09-12 08:30:00+00:00,3.0616,3.062,3.0518,3.0522,532990.7
2025-09-12 08:45:00+00:00,3.0521,3.0557,3.0492,3.0549,393268.4
2025-09-12 09:00:00+00:00,3.055,3.0571,3.0488,3.0542,598038.0
2025-09-12 09:15:00+00:00,3.0542,3.0563,3.048,3.0489,647995.5
2025-09-12 09:30:00+00:00,3.0489,3.0522,3.0441,3.0456,672334.2
2025-09-12 09:45:00+00:00,3.0457,3.0499,3.0439,3.0485,842729.8
2025-09-12 10:00:00+00:00,3.0485,3.0499,3.0393,3.0442,868941.1
2025-09-12 10:15:00+00:00,3.0442,3.048,3.0418,3.0419,652007.5
2025-09-12 10:30:00+00:00,3.0418,3.0463,3.0412,3.044,402017.1
2025-09-12 10:45:00+00:00,3.044,3.0452,3.0407,3.0435,548402.1
2025-09-12 11:00:00+00:00,3.0435,3.0496,3.0407,3.0463,909809.6
2025-09-12 11:15:00+00:00,3.0463,3.0525,3.0463,3.0516,810952.8
2025-09-12 11:30:00+00:00,3.0515,3.0519,3.047,3.0481,550806.4
2025-09-12 11:45:00+00:00,3.0481,3.0482,3.0372,3.0389,1285945.2
2025-09-12 12:00:00+00:00,3.0389,3.0414,3.0257,3.0328,1845851.2
2025-09-12 12:15:00+00:00,3.0328,3.0396,3.0318,3.0375,1050168.4
2025-09-12 12:30:00+00:00,3.0375,3.0379,3.0305,3.0358,832393.4
2025-09-12 12:45:00+00:00,3.0358,3.0449,3.0348,3.0415,902712.3
2025-09-12 13:00:00+00:00,3.0414,3.045,3.0388,3.04,892951.3
2025-09-12 13:15:00+00:00,3.0401,3.0401,3.035,3.0351,564944.0
2025-09-12 13:30:00+00:00,3.0352,3.0429,3.027,3.0322,1187257.2
2025-09-12 13:45:00+00:00,3.0322,3.0464,3.0296,3.0407,1039898.8
2025-09-12 14:00:00+00:00,3.0407,3.057,3.0356,3.052,2357917.8
2025-09-12 14:15:00+00:00,3.0519,3.0647,3.0501,3.057,2013713.7
2025-09-12 14:30:00+00:00,3.0571,3.0593,3.0353,3.0354,1450529.0
2025-09-12 14:45:00+00:00,3.0354,3.0418,3.0339,3.0394,1273069.7
2025-09-12 15:00:00+00:00,3.0393,3.0398,3.018,3.0211,2945197.6
2025-09-12 15:15:00+00:00,3.0211,3.0279,3.0187,3.0208,1088012.4
2025-09-12 15:30:00+00:00,3.0208,3.0279,3.02,3.0279,922864.1
2025-09-12 15:45:00+00:00,3.0279,3.0332,3.0264,3.0277,1162482.9
2025-09-12 16:00:00+00:00,3.0277,3.0343,3.0225,3.033,1031335.8
2025-09-12 16:15:00+00:00,3.0329,3.04,3.0294,3.0377,1582048.6
2025-09-12 16:30:00+00:00,3.0377,3.0426,3.0314,3.0325,1103479.5
2025-09-12 16:45:00+00:00,3.0325,3.041,3.0294,3.041,760681.2
2025-09-12 17:00:00+00:00,3.041,3.0466,3.0353,3.0449,835473.3
2025-09-12 17:15:00+00:00,3.045,3.0666,3.045,3.0605,2538358.0
2025-09-12 17:30:00+00:00,3.0605,3.0728,3.0576,3.0701,2675779.4
2025-09-12 17:45:00+00:00,3.0701,3.0714,3.0593,3.0652,1721585.0
2025-09-12 18:00:00+00:00,3.0651,3.071,3.06,3.0684,1351713.7
2025-09-12 18:15:00+00:00,3.0683,3.071,3.0636,3.069,991395.7
2025-09-12 18:30:00+00:00,3.069,3.0774,3.0681,3.0742,1903596.6
2025-09-12 18:45:00+00:00,3.0741,3.0788,3.0726,3.0786,1158050.5
2025-09-12 19:00:00+00:00,3.0787,3.0788,3.0702,3.0714,1061379.3
2025-09-12 19:15:00+00:00,3.0714,3.0743,3.0666,3.0741,956825.3
2025-09-12 19:30:00+00:00,3.0742,3.0788,3.0704,3.0787,1125771.2
2025-09-12 19:45:00+00:00,3.0787,3.0934,3.0786,3.09,3179729.3
2025-09-12 20:00:00+00:00,3.0899,3.1035,3.0826,3.0986,4984345.5
2025-09-12 20:15:00+00:00,3.0986,3.109,3.0884,3.0968,3801065.9
2025-09-12 20:30:00+00:00,3.0969,3.1004,3.0897,3.0995,1383882.0
2025-09-12 20:45:00+00:00,3.0996,3.1376,3.0995,3.1231,5647078.6
2025-09-12 21:00:00+00:00,3.1231,3.1263,3.0949,3.1043,3420382.1
2025-09-12 21:15:00+00:00,3.1043,3.1092,3.0972,3.098,1187335.0
2025-09-12 21:30:00+00:00,3.098,3.1016,3.0852,3.1006,1371573.3
2025-09-12 21:45:00+00:00,3.1006,3.1006,3.0938,3.0939,565079.7
2025-09-12 22:00:00+00:00,3.0939,3.1116,3.0938,3.111,1124767.0
2025-09-12 22:15:00+00:00,3.1109,3.1262,3.1105,3.1225,2306756.2
2025-09-12 22:30:00+00:00,3.1225,3.1228,3.1035,3.1068,1502840.7
2025-09-12 22:45:00+00:00,3.1067,3.117,3.1031,3.1118,1198387.6
2025-09-12 23:00:00+00:00,3.1117,3.1131,3.1047,3.1069,612128.3
2025-09-12 23:15:00+00:00,3.1069,3.1085,3.1004,3.105,742710.3
2025-09-12 23:30:00+00:00,3.105,3.1059,3.1003,3.1003,685162.8
2025-09-12 23:45:00+00:00,3.1003,3.1103,3.1001,3.1054,789069.2
2025-09-13 00:00:00+00:00,3.1054,3.1072,3.0963,3.1001,897191.1
2025-09-13 00:15:00+00:00,3.1001,3.1054,3.0926,3.0935,873184.4
2025-09-13 00:30:00+00:00,3.0935,3.1027,3.0929,3.101,764472.6
2025-09-13 00:45:00+00:00,3.101,3.1058,3.0995,3.1028,696514.6
2025-09-13 01:00:00+00:00,3.1028,3.1144,3.1028,3.1083,986956.2
2025-09-13 01:15:00+00:00,3.1083,3.1208,3.1083,3.1108,1160420.1
2025-09-13 01:30:00+00:00,3.1108,3.1257,3.1064,3.1064,1392906.3
2025-09-13 01:45:00+00:00,3.1063,3.1063,3.0935,3.097,708505.5
2025-09-13 02:00:00+00:00,3.097,3.1069,3.0901,3.1051,926780.6
2025-09-13 02:15:00+00:00,3.1051,3.107,3.1015,3.1024,301550.4
2025-09-13 02:30:00+00:00,3.1024,3.1038,3.0974,3.1037,392924.4
2025-09-13 02:45:00+00:00,3.1037,3.1045,3.0988,3.1025,355339.7
2025-09-13 03:00:00+00:00,3.1025,3.1067,3.0999,3.104,450596.5
2025-09-13 03:15:00+00:00,3.104,3.1143,3.1037,3.1129,726950.5
2025-09-13 03:30:00+00:00,3.1129,3.1171,3.109,3.114,583613.0
2025-09-13 03:45:00+00:00,3.1139,3.116,3.1116,3.1144,684787.5
2025-09-13 04:00:00+00:00,3.1143,3.1161,3.1103,3.1134,588777.0
2025-09-13 04:15:00+00:00,3.1135,3.1135,3.1083,3.1083,418939.9
2025-09-13 04:30:00+00:00,3.1083,3.1126,3.1067,3.1124,485673.1
2025-09-13 04:45:00+00:00,3.1124,3.113,3.1052,3.106,432254.7
2025-09-13 05:00:00+00:00,3.106,3.1074,3.1012,3.1072,659584.0
2025-09-13 05:15:00+00:00,3.1072,3.1128,3.1039,3.1115,676995.0
2025-09-13 05:30:00+00:00,3.1114,3.1114,3.0996,3.1017,1082392.4
2025-09-13 05:45:00+00:00,3.1018,3.1039,3.0992,3.1009,531117.8
2025-09-13 06:00:00+00:00,3.1008,3.1134,3.1,3.1112,1015466.5
2025-09-13 06:15:00+00:00,3.1112,3.1118,3.1046,3.1075,420474.0
2025-09-13 06:30:00+00:00,3.1075,3.1114,3.1064,3.1089,526569.0
2025-09-13 06:45:00+00:00,3.1089,3.116,3.1084,3.1158,1165314.6
2025-09-13 07:00:00+00:00,3.1157,3.12,3.1118,3.12,1112385.7
2025-09-13 07:15:00+00:00,3.12,3.1219,3.1142,3.1146,867618.0
2025-09-13 07:30:00+00:00,3.1146,3.12,3.1142,3.1159,463417.4
2025-09-13 07:45:00+00:00,3.1158,3.1192,3.1148,3.117,418234.9
2025-09-13 08:00:00+00:00,3.117,3.1174,3.1104,3.1143,415195.8
2025-09-13 08:15:00+00:00,3.1142,3.1232,3.1121,3.1228,636683.8
2025-09-13 08:30:00+00:00,3.1227,3.1417,3.1225,3.1389,2844877.5
2025-09-13 08:45:00+00:00,3.1389,3.1449,3.1363,3.1434,1999838.2
2025-09-13 09:00:00+00:00,3.1433,3.1711,3.1393,3.166,6392850.3
2025-09-13 09:15:00+00:00,3.1659,3.1706,3.1591,3.1625,2581398.5
2025-09-13 09:30:00+00:00,3.1625,3.1751,3.1605,3.1742,1742194.2
2025-09-13 09:45:00+00:00,3.1742,3.1845,3.1699,3.1799,3243751.3
2025-09-13 10:00:00+00:00,3.1799,3.1799,3.163,3.1735,2586671.2
2025-09-13 10:15:00+00:00,3.1735,3.1858,3.1715,3.1721,2447089.2
2025-09-13 10:30:00+00:00,3.1721,3.173,3.1601,3.1683,1602996.0
2025-09-13 10:45:00+00:00,3.1684,3.1708,3.1612,3.1633,1307089.3
2025-09-13 11:00:00+00:00,3.1633,3.1634,3.1531,3.1539,1166810.7
2025-09-13 11:15:00+00:00,3.1539,3.1651,3.1504,3.1648,2119256.6
2025-09-13 11:30:00+00:00,3.1648,3.1722,3.1623,3.1705,1630712.5
2025-09-13 11:45:00+00:00,3.1705,3.1766,3.1666,3.1728,1203850.9
2025-09-13 12:00:00+00:00,3.1729,3.1776,3.1647,3.1765,1283883.4
2025-09-13 12:15:00+00:00,3.1764,3.1812,3.1672,3.1675,1064799.6
2025-09-13 12:30:00+00:00,3.1674,3.1728,3.1659,3.1683,758741.7
2025-09-13 12:45:00+00:00,3.1683,3.1716,3.166,3.1706,634365.9
2025-09-13 13:00:00+00:00,3.1706,3.1712,3.1577,3.1651,1801890.7
2025-09-13 13:15:00+00:00,3.1651,3.1788,3.1592,3.1745,1353703.8
2025-09-13 13:30:00+00:00,3.1744,3.1745,3.1623,3.1627,1156949.1
2025-09-13 13:45:00+00:00,3.1627,3.1662,3.1179,3.142,6516641.4
2025-09-13 14:00:00+00:00,3.142,3.1442,3.121,3.1375,2931270.8
2025-09-13 14:15:00+00:00,3.1374,3.1565,3.1367,3.153,1415622.3
2025-09-13 14:30:00+00:00,3.1531,3.1564,3.1408,3.1444,1075753.4
2025-09-13 14:45:00+00:00,3.1443,3.1516,3.1389,3.1468,901850.9
2025-09-13 15:00:00+00:00,3.1468,3.1565,3.1439,3.1535,1615149.0
2025-09-13 15:15:00+00:00,3.1535,3.1567,3.1398,3.1421,1209532.4
2025-09-13 15:30:00+00:00,3.1422,3.1427,3.1219,3.1327,2128730.6
2025-09-13 15:45:00+00:00,3.1328,3.1363,3.1278,3.1333,1001748.2
2025-09-13 16:00:00+00:00,3.1333,3.1421,3.1267,3.1305,1428941.7
2025-09-13 16:15:00+00:00,3.1306,3.1371,3.1243,3.1323,1220818.4
2025-09-13 16:30:00+00:00,3.1323,3.136,3.1148,3.1259,1592190.6
2025-09-13 16:45:00+00:00,3.126,3.1274,3.1065,3.1103,3605508.8
2025-09-13 17:00:00+00:00,3.1103,3.1134,3.0901,3.0902,5179665.8
2025-09-13 17:15:00+00:00,3.0901,3.1098,3.089,3.1049,1139290.3
2025-09-13 17:30:00+00:00,3.105,3.1146,3.1037,3.1117,669993.2
2025-09-13 17:45:00+00:00,3.1117,3.1177,3.1112,3.1125,661917.5
2025-09-13 18:00:00+00:00,3.1124,3.1128,3.1013,3.1122,663507.1
2025-09-13 18:15:00+00:00,3.1122,3.118,3.1059,3.1157,510254.5
2025-09-13 18:30:00+00:00,3.1156,3.1156,3.1063,3.1132,605909.8
2025-09-13 18:45:00+00:00,3.1132,3.1164,3.1113,3.1143,598234.3
2025-09-13 19:00:00+00:00,3.1144,3.1175,3.1092,3.1136,665759.4
2025-09-13 19:15:00+00:00,3.1135,3.1146,3.1075,3.109,633382.0
2025-09-13 19:30:00+00:00,3.109,3.1147,3.1087,3.1126,342892.7
2025-09-13 19:45:00+00:00,3.1125,3.114,3.1095,3.111,418288.6
2025-09-13 20:00:00+00:00,3.1109,3.1208,3.1089,3.1191,1732104.6
2025-09-13 20:15:00+00:00,3.1192,3.1212,3.1152,3.1195,654792.3
2025-09-13 20:30:00+00:00,3.1195,3.1215,3.1144,3.1153,428742.5
2025-09-13 20:45:00+00:00,3.1153,3.1209,3.1153,3.1176,536537.2
2025-09-13 21:00:00+00:00,3.1175,3.1242,3.1168,3.1226,583396.2
2025-09-13 21:15:00+00:00,3.1225,3.1282,3.1213,3.1241,959294.9
2025-09-13 21:30:00+00:00,3.124,3.1251,3.1217,3.123,420167.7
2025-09-13 21:45:00+00:00,3.1231,3.1231,3.1168,3.1198,265943.9
2025-09-13 22:00:00+00:00,3.1199,3.1234,3.1175,3.1216,449836.8
2025-09-13 22:15:00+00:00,3.1216,3.1216,3.1167,3.1191,331463.5
2025-09-13 22:30:00+00:00,3.1191,3.1191,3.1139,3.1162,392480.3
2025-09-13 22:45:00+00:00,3.1162,3.1212,3.115,3.1205,525637.6
2025-09-13 23:00:00+00:00,3.1206,3.1251,3.1197,3.1236,563766.2
2025-09-13 23:15:00+00:00,3.1236,3.1275,3.1203,3.1211,872348.2
2025-09-13 23:30:00+00:00,3.121,3.1212,3.1182,3.1209,387395.5
2025-09-13 23:45:00+00:00,3.1209,3.1226,3.1193,3.1193,211248.2
2025-09-14 00:00:00+00:00,3.1193,3.1196,3.1154,3.1173,630060.0
2025-09-14 00:15:00+00:00,3.1173,3.1205,3.1136,3.1159,415507.5
2025-09-14 00:30:00+00:00,3.1158,3.1185,3.1144,3.1151,455804.2
2025-09-14 00:45:00+00:00,3.1151,3.1159,3.1024,3.1106,1055521.8
2025-09-14 01:00:00+00:00,3.1105,3.1105,3.0912,3.0913,1493469.6
2025-09-14 01:15:00+00:00,3.0913,3.0988,3.085,3.0954,1459687.2
2025-09-14 01:30:00+00:00,3.0954,3.1034,3.0938,3.1033,752174.9
2025-09-14 01:45:00+00:00,3.1032,3.1177,3.1017,3.115,756151.4
2025-09-14 02:00:00+00:00,3.1151,3.1264,3.1128,3.1263,1078025.4
2025-09-14 02:15:00+00:00,3.1264,3.1267,3.1177,3.1183,496618.7
2025-09-14 02:30:00+00:00,3.1182,3.1203,3.106,3.1134,906889.0
2025-09-14 02:45:00+00:00,3.1135,3.1256,3.1093,3.1225,799429.9
2025-09-14 03:00:00+00:00,3.1225,3.124,3.1086,3.1135,684210.6
2025-09-14 03:15:00+00:00,3.1135,3.1173,3.1055,3.1056,1150650.1
2025-09-14 03:30:00+00:00,3.1056,3.1123,3.1055,3.1061,593267.2
2025-09-14 03:45:00+00:00,3.1062,3.1086,3.0924,3.095,1050806.9
2025-09-14 04:00:00+00:00,3.095,3.0975,3.0883,3.0895,977813.6
2025-09-14 04:15:00+00:00,3.0895,3.0982,3.0762,3.0936,2334146.0
2025-09-14 04:30:00+00:00,3.0936,3.1042,3.0931,3.1037,678375.9
2025-09-14 04:45:00+00:00,3.1036,3.104,3.0965,3.099,699324.2
2025-09-14 05:00:00+00:00,3.099,3.1021,3.0972,3.0997,388872.9
2025-09-14 05:15:00+00:00,3.0998,3.1048,3.0995,3.1048,219087.3
2025-09-14 05:30:00+00:00,3.1047,3.1066,3.1,3.1035,704469.9
2025-09-14 05:45:00+00:00,3.1036,3.108,3.1035,3.107,404022.9
2025-09-14 06:00:00+00:00,3.1071,3.1085,3.0938,3.0969,970338.3
2025-09-14 06:15:00+00:00,3.097,3.1,3.0936,3.0968,510714.3
2025-09-14 06:30:00+00:00,3.0968,3.0969,3.0883,3.0891,1009715.4
2025-09-14 06:45:00+00:00,3.0891,3.092,3.0828,3.0916,628202.9
2025-09-14 07:00:00+00:00,3.0915,3.0918,3.084,3.0878,775090.9
2025-09-14 07:15:00+00:00,3.0879,3.0914,3.0858,3.0893,351584.9
2025-09-14 07:30:00+00:00,3.0892,3.0904,3.0862,3.0862,742029.6
2025-09-14 07:45:00+00:00,3.0863,3.0883,3.0753,3.0841,1926222.2
2025-09-14 08:00:00+00:00,3.0842,3.0842,3.0763,3.0817,1323671.0
2025-09-14 08:15:00+00:00,3.0817,3.0853,3.0751,3.0827,455123.8
2025-09-14 08:30:00+00:00,3.0827,3.0898,3.0806,3.0893,603259.5
2025-09-14 08:45:00+00:00,3.0893,3.0902,3.0836,3.0844,379361.7
2025-09-14 09:00:00+00:00,3.0843,3.0854,3.0811,3.0839,557570.0
2025-09-14 09:15:00+00:00,3.084,3.0907,3.082,3.0895,636669.4
2025-09-14 09:30:00+00:00,3.0896,3.095,3.0872,3.0878,773293.5
2025-09-14 09:45:00+00:00,3.0878,3.0905,3.087,3.09,424910.2
2025-09-14 10:00:00+00:00,3.0899,3.0914,3.0824,3.0825,441249.9
2025-09-14 10:15:00+00:00,3.0825,3.0884,3.0806,3.0809,453549.5
2025-09-14 10:30:00+00:00,3.0809,3.0854,3.0809,3.0842,358829.5
2025-09-14 10:45:00+00:00,3.0841,3.0871,3.0826,3.0849,433115.6
2025-09-14 11:00:00+00:00,3.0849,3.0879,3.0814,3.0837,338787.3
2025-09-14 11:15:00+00:00,3.0838,3.0849,3.0672,3.0688,2278110.4
2025-09-14 11:30:00+00:00,3.0688,3.07,3.0574,3.0584,2279949.6
2025-09-14 11:45:00+00:00,3.0585,3.0649,3.0542,3.059,1012788.2
2025-09-14 12:00:00+00:00,3.0589,3.0663,3.0584,3.0643,613219.7
2025-09-14 12:15:00+00:00,3.0643,3.065,3.0566,3.062,846020.7
2025-09-14 12:30:00+00:00,3.062,3.0636,3.0477,3.0489,1184684.3
2025-09-14 12:45:00+00:00,3.0488,3.0529,3.0401,3.05,1080040.2
2025-09-14 13:00:00+00:00,3.05,3.0529,3.0424,3.0509,865164.9
2025-09-14 13:15:00+00:00,3.0508,3.0528,3.0403,3.044,816588.1
2025-09-14 13:30:00+00:00,3.044,3.0497,3.04,3.0496,810348.2
2025-09-14 13:45:00+00:00,3.0496,3.0496,3.0271,3.0373,2121758.2
2025-09-14 14:00:00+00:00,3.0373,3.0494,3.0336,3.0456,937301.4
2025-09-14 14:15:00+00:00,3.0456,3.0461,3.0208,3.0285,3150395.2
2025-09-14 14:30:00+00:00,3.0286,3.0329,3.0112,3.0128,3276557.9
2025-09-14 14:45:00+00:00,3.0128,3.0264,3.0099,3.0251,1689142.3
2025-09-14 15:00:00+00:00,3.025,3.0289,3.0139,3.0184,1512808.8
2025-09-14 15:15:00+00:00,3.0184,3.0345,3.0183,3.0325,1879370.9
2025-09-14 15:30:00+00:00,3.0324,3.0389,3.0282,3.031,1291627.1
2025-09-14 15:45:00+00:00,3.031,3.0345,3.0285,3.0314,1144463.6
2025-09-14 16:00:00+00:00,3.0314,3.0428,3.0281,3.0376,1145137.9
2025-09-14 16:15:00+00:00,3.0376,3.0444,3.0358,3.0432,804889.1
2025-09-14 16:30:00+00:00,3.0431,3.0468,3.0403,3.0467,828442.5
2025-09-14 16:45:00+00:00,3.0467,3.047,3.041,3.0434,586205.2
2025-09-14 17:00:00+00:00,3.0434,3.0458,3.0388,3.0448,456625.8
2025-09-14 17:15:00+00:00,3.0448,3.0544,3.0448,3.0536,872707.0
2025-09-14 17:30:00+00:00,3.0536,3.0569,3.052,3.054,1247939.1
2025-09-14 17:45:00+00:00,3.0539,3.0595,3.0539,3.0543,842094.2
2025-09-14 18:00:00+00:00,3.0542,3.0547,3.0483,3.0494,1212080.1
2025-09-14 18:15:00+00:00,3.0494,3.0503,3.0417,3.0433,793635.0
2025-09-14 18:30:00+00:00,3.0433,3.046,3.039,3.039,564734.8
2025-09-14 18:45:00+00:00,3.0391,3.041,3.0325,3.0365,562772.7
2025-09-14 19:00:00+00:00,3.0364,3.0434,3.03,3.0399,1413941.7
2025-09-14 19:15:00+00:00,3.0399,3.046,3.0392,3.0452,407899.5
2025-09-14 19:30:00+00:00,3.0451,3.0467,3.0374,3.0399,574883.3
2025-09-14 19:45:00+00:00,3.04,3.0425,3.0333,3.038,315613.2
2025-09-14 20:00:00+00:00,3.038,3.0436,3.0357,3.0423,342584.7
2025-09-14 20:15:00+00:00,3.0422,3.0435,3.038,3.0395,364102.5
2025-09-14 20:30:00+00:00,3.0396,3.0408,3.0342,3.0408,431308.5
2025-09-14 20:45:00+00:00,3.0408,3.0413,3.037,3.0381,237703.1
2025-09-14 21:00:00+00:00,3.0382,3.0409,3.0271,3.0341,765057.8
2025-09-14 21:15:00+00:00,3.0342,3.041,3.0334,3.0377,490212.0
2025-09-14 21:30:00+00:00,3.0377,3.0479,3.0377,3.0479,422746.5
2025-09-14 21:45:00+00:00,3.0479,3.0522,3.0449,3.0482,734845.3
2025-09-14 22:00:00+00:00,3.0483,3.0504,3.0404,3.0405,600515.4
2025-09-14 22:15:00+00:00,3.0406,3.0449,3.0391,3.0448,298681.2
2025-09-14 22:30:00+00:00,3.0449,3.0565,3.0436,3.0529,1465393.2
2025-09-14 22:45:00+00:00,3.0528,3.0575,3.0505,3.051,619901.3
2025-09-14 23:00:00+00:00,3.051,3.051,3.0339,3.0346,866950.9
2025-09-14 23:15:00+00:00,3.0346,3.0399,3.0291,3.0325,1647912.8
2025-09-14 23:30:00+00:00,3.0325,3.0328,3.0251,3.0317,888479.6
2025-09-14 23:45:00+00:00,3.0318,3.0335,3.025,3.0279,570630.7
2025-09-15 00:00:00+00:00,3.028,3.039,3.0272,3.036,868125.9
2025-09-15 00:15:00+00:00,3.036,3.045,3.0292,3.0436,543000.1
2025-09-15 00:30:00+00:00,3.0436,3.0443,3.0338,3.0345,686028.2
2025-09-15 00:45:00+00:00,3.0345,3.0404,3.0331,3.0349,465567.5
2025-09-15 01:00:00+00:00,3.0348,3.0363,3.0189,3.0189,1024756.5
2025-09-15 01:15:00+00:00,3.0188,3.0324,3.012,3.0323,1328175.1
2025-09-15 01:30:00+00:00,3.0324,3.0481,3.0323,3.0423,1062203.7
2025-09-15 01:45:00+00:00,3.0423,3.0476,3.037,3.04,459728.1
2025-09-15 02:00:00+00:00,3.0401,3.0487,3.0401,3.047,526066.7
2025-09-15 02:15:00+00:00,3.0471,3.0496,3.0416,3.0423,577615.3
2025-09-15 02:30:00+00:00,3.0422,3.0422,3.0323,3.0377,769601.1
2025-09-15 02:45:00+00:00,3.0377,3.0417,3.0344,3.0357,528111.3
2025-09-15 03:00:00+00:00,3.0358,3.0472,3.0346,3.0442,902863.7
2025-09-15 03:15:00+00:00,3.0443,3.047,3.0406,3.0423,1089962.0
2025-09-15 03:30:00+00:00,3.0422,3.0484,3.04,3.0464,724539.2
2025-09-15 03:45:00+00:00,3.0465,3.0523,3.0464,3.0481,551230.3
2025-09-15 04:00:00+00:00,3.0481,3.0504,3.0445,3.0456,513855.4
2025-09-15 04:15:00+00:00,3.0456,3.0575,3.0437,3.0531,1193969.1
2025-09-15 04:30:00+00:00,3.0532,3.0554,3.0496,3.0536,687206.6
2025-09-15 04:45:00+00:00,3.0536,3.0569,3.05,3.0509,448667.1
2025-09-15 05:00:00+00:00,3.051,3.0607,3.0491,3.0602,932644.3
2025-09-15 05:15:00+00:00,3.0602,3.0659,3.0584,3.0634,1553969.3
2025-09-15 05:30:00+00:00,3.0634,3.065,3.0611,3.0613,631810.0
2025-09-15 05:45:00+00:00,3.0613,3.0669,3.061,3.066,767874.5
2025-09-15 06:00:00+00:00,3.0659,3.0663,3.06,3.0613,1004319.7
2025-09-15 06:15:00+00:00,3.0612,3.0613,3.0463,3.0468,1291902.7
2025-09-15 06:30:00+00:00,3.0468,3.0498,3.0308,3.0348,2019775.5
2025-09-15 06:45:00+00:00,3.0349,3.0372,3.0251,3.0355,1172059.2
2025-09-15 07:00:00+00:00,3.0355,3.0429,3.0346,3.0428,490878.8
2025-09-15 07:15:00+00:00,3.0427,3.0485,3.0352,3.0356,427959.3
2025-09-15 07:30:00+00:00,3.0356,3.0356,3.0125,3.0238,2620010.9
2025-09-15 07:45:00+00:00,3.0238,3.0289,3.0199,3.0232,1406372.2
2025-09-15 08:00:00+00:00,3.0231,3.0241,2.9696,2.9903,9933061.6
2025-09-15 08:15:00+00:00,2.9903,2.9957,2.9827,2.9859,2332580.1
2025-09-15 08:30:00+00:00,2.986,2.9911,2.9744,2.9816,2400661.6
2025-09-15 08:45:00+00:00,2.9815,2.9821,2.9555,2.9594,4426739.1
2025-09-15 09:00:00+00:00,2.9594,2.981,2.9532,2.9733,3174604.4
2025-09-15 09:15:00+00:00,2.9732,2.9824,2.9669,2.9797,1392516.5
2025-09-15 09:30:00+00:00,2.9796,2.9843,2.9777,2.9815,953705.3
2025-09-15 09:45:00+00:00,2.9814,2.9821,2.9761,2.9775,1074872.6
2025-09-15 10:00:00+00:00,2.9774,2.978,2.9671,2.97,1246576.5
2025-09-15 10:15:00+00:00,2.9701,2.9757,2.9682,2.974,1157813.5
2025-09-15 10:30:00+00:00,2.974,2.9796,2.9687,2.9781,1204417.7
2025-09-15 10:45:00+00:00,2.9781,2.982,2.9749,2.9795,824503.2
2025-09-15 11:00:00+00:00,2.9796,2.9896,2.977,2.9896,1244679.2
2025-09-15 11:15:00+00:00,2.9896,2.995,2.9849,2.9894,1463315.7
2025-09-15 11:30:00+00:00,2.9894,2.9954,2.9869,2.9938,1036465.5
2025-09-15 11:45:00+00:00,2.9938,3.0005,2.9911,2.9994,925974.9
2025-09-15 12:00:00+00:00,2.9993,3.0004,2.9866,2.9939,1134799.8
2025-09-15 12:15:00+00:00,2.9939,3.0004,2.988,2.9881,871436.7
2025-09-15 12:30:00+00:00,2.9881,2.9966,2.9873,2.9956,719329.4
2025-09-15 12:45:00+00:00,2.9956,2.9987,2.9871,2.9894,1772057.0
2025-09-15 13:00:00+00:00,2.9895,2.9941,2.9843,2.992,966542.7
2025-09-15 13:15:00+00:00,2.9921,3.008,2.9888,3.0074,1039902.8
2025-09-15 13:30:00+00:00,3.0074,3.043,3.0066,3.017,4158059.7
2025-09-15 13:45:00+00:00,3.017,3.0366,3.0151,3.0227,2062406.1
2025-09-15 14:00:00+00:00,3.0227,3.028,3.0064,3.0268,4001946.3
2025-09-15 14:15:00+00:00,3.0268,3.0303,3.0143,3.0283,1984760.0
2025-09-15 14:30:00+00:00,3.0283,3.0304,3.007,3.0138,1952771.3
2025-09-15 14:45:00+00:00,3.0138,3.0191,3.0042,3.0055,1158743.0
2025-09-15 15:00:00+00:00,3.0054,3.0155,3.0052,3.0078,1801363.7
2025-09-15 15:15:00+00:00,3.0079,3.0411,3.0005,3.0254,4806567.5
2025-09-15 15:30:00+00:00,3.0254,3.0266,3.0072,3.0106,2969816.8
2025-09-15 15:45:00+00:00,3.0106,3.0299,3.0061,3.0275,1970456.3
2025-09-15 16:00:00+00:00,3.0275,3.0356,3.0222,3.0242,2002813.4
2025-09-15 16:15:00+00:00,3.0242,3.0288,3.0135,3.0184,1094048.4
2025-09-15 16:30:00+00:00,3.0183,3.0262,3.0151,3.0262,704910.5
2025-09-15 16:45:00+00:00,3.0262,3.0265,3.0018,3.006,1137597.2
2025-09-15 17:00:00+00:00,3.0061,3.014,3.0046,3.0127,699002.7
2025-09-15 17:15:00+00:00,3.0127,3.017,2.996,3.0011,1196639.4
2025-09-15 17:30:00+00:00,3.001,3.0059,2.9924,3.0043,1358582.6
2025-09-15 17:45:00+00:00,3.0044,3.0101,2.9965,3.0093,1183128.3
2025-09-15 18:00:00+00:00,3.0092,3.01,2.9977,3.0015,502893.1
2025-09-15 18:15:00+00:00,3.0015,3.0044,2.9955,2.9978,383050.3
2025-09-15 18:30:00+00:00,2.9977,3.0044,2.9966,2.9982,368293.5
2025-09-15 18:45:00+00:00,2.9982,3.0113,2.9958,3.0083,616922.0
2025-09-15 19:00:00+00:00,3.0083,3.0161,3.0006,3.0023,514789.4
2025-09-15 19:15:00+00:00,3.0023,3.003,2.9942,2.9951,681042.9
2025-09-15 19:30:00+00:00,2.995,3.0028,2.9838,3.002,1252149.6
2025-09-15 19:45:00+00:00,3.0019,3.004,2.9878,2.9883,1075065.8
2025-09-15 20:00:00+00:00,2.9883,2.9973,2.9804,2.9958,961230.6
2025-09-15 20:15:00+00:00,2.9957,2.9974,2.988,2.9899,335944.8
2025-09-15 20:30:00+00:00,2.9899,2.9912,2.986,2.9907,492259.2
2025-09-15 20:45:00+00:00,2.9907,2.9983,2.9895,2.9977,241996.7
2025-09-15 21:00:00+00:00,2.9977,2.9989,2.9894,2.9917,521488.7
2025-09-15 21:15:00+00:00,2.9917,2.9999,2.9911,2.9998,235445.7
2025-09-15 21:30:00+00:00,2.9999,3.0038,2.9972,3.0031,380991.8
2025-09-15 21:45:00+00:00,3.003,3.0041,2.9986,2.9991,533785.0
2025-09-15 22:00:00+00:00,2.9991,3.0014,2.9708,2.9932,3224770.4
2025-09-15 22:15:00+00:00,2.9932,2.9978,2.9916,2.9968,389611.4
2025-09-15 22:30:00+00:00,2.9967,2.9972,2.987,2.9891,385083.7
2025-09-15 22:45:00+00:00,2.9891,2.9915,2.9874,2.9911,237070.9
2025-09-15 23:00:00+00:00,2.9912,2.9912,2.9852,2.9882,332830.1
2025-09-15 23:15:00+00:00,2.9882,2.9979,2.988,2.9971,302469.6
2025-09-15 23:30:00+00:00,2.9971,2.9986,2.994,2.995,381456.8
2025-09-15 23:45:00+00:00,2.995,2.9978,2.9921,2.9969,374415.7
2025-09-16 00:00:00+00:00,2.9969,2.9969,2.9888,2.989,486047.1
2025-09-16 00:15:00+00:00,2.989,2.9915,2.9802,2.9827,677681.7
2025-09-16 00:30:00+00:00,2.9827,2.9868,2.9815,2.9847,321065.3
2025-09-16 00:45:00+00:00,2.9847,2.9863,2.9767,2.9863,694436.8
2025-09-16 01:00:00+00:00,2.9863,2.9984,2.9853,2.9921,503167.6
2025-09-16 01:15:00+00:00,2.9922,2.999,2.9922,2.9957,404265.6
2025-09-16 01:30:00+00:00,2.9958,2.9989,2.9876,2.9887,562660.2
2025-09-16 01:45:00+00:00,2.9888,2.9946,2.9835,2.9847,422840.3
2025-09-16 02:00:00+00:00,2.9848,2.9904,2.9818,2.9882,583548.2
2025-09-16 02:15:00+00:00,2.9883,2.9931,2.9861,2.9861,518736.2
2025-09-16 02:30:00+00:00,2.9862,2.9921,2.9835,2.9847,595859.5
2025-09-16 02:45:00+00:00,2.9847,2.985,2.9795,2.9795,593762.9
2025-09-16 03:00:00+00:00,2.9796,2.9838,2.9782,2.9802,703078.0
2025-09-16 03:15:00+00:00,2.9802,2.9844,2.9791,2.9811,692899.2
2025-09-16 03:30:00+00:00,2.9811,2.9904,2.9807,2.986,750765.2
2025-09-16 03:45:00+00:00,2.986,2.9862,2.979,2.9791,897259.0
2025-09-16 04:00:00+00:00,2.9791,2.9812,2.97,2.9707,1184158.4
2025-09-16 04:15:00+00:00,2.9708,2.9768,2.9642,2.9768,946552.2
2025-09-16 04:30:00+00:00,2.9768,2.9778,2.968,2.9716,534445.2
2025-09-16 04:45:00+00:00,2.9716,2.9824,2.97,2.9812,754136.8
2025-09-16 05:00:00+00:00,2.9812,2.9931,2.9794,2.9901,1584293.2
2025-09-16 05:15:00+00:00,2.99,2.9934,2.9856,2.9913,1311250.7
2025-09-16 05:30:00+00:00,2.9913,2.9973,2.9899,2.9973,1212996.9
2025-09-16 05:45:00+00:00,2.9973,3.0076,2.9944,3.0048,951895.1
2025-09-16 06:00:00+00:00,3.0049,3.0053,2.9963,3.0026,1425933.5
2025-09-16 06:15:00+00:00,3.0026,3.0036,2.9898,2.9907,1103988.3
2025-09-16 06:30:00+00:00,2.9907,2.9907,2.9787,2.9833,1020875.0
2025-09-16 06:45:00+00:00,2.9832,2.9864,2.9812,2.9837,500629.7
2025-09-16 07:00:00+00:00,2.9837,2.9894,2.9837,2.9872,638677.0
2025-09-16 07:15:00+00:00,2.9871,2.9944,2.9866,2.9939,435838.5
2025-09-16 07:30:00+00:00,2.9939,2.9967,2.9903,2.9966,437891.0
2025-09-16 07:45:00+00:00,2.9967,3.0138,2.9962,3.0079,1350296.8
2025-09-16 08:00:00+00:00,3.0078,3.0164,3.0035,3.0159,973760.6
2025-09-16 08:15:00+00:00,3.0159,3.0238,3.0159,3.0202,2102798.3
2025-09-16 08:30:00+00:00,3.0203,3.031,3.0169,3.0223,1349151.4
2025-09-16 08:45:00+00:00,3.0223,3.0496,3.0201,3.0348,2706715.5
2025-09-16 09:00:00+00:00,3.0348,3.0388,3.0281,3.0321,1271236.7
2025-09-16 09:15:00+00:00,3.0321,3.0392,3.0272,3.0285,1134902.0
2025-09-16 09:30:00+00:00,3.0285,3.0329,3.0222,3.0231,967618.3
2025-09-16 09:45:00+00:00,3.0231,3.0295,3.0216,3.0295,720988.2
2025-09-16 10:00:00+00:00,3.0294,3.0327,3.0243,3.0291,1293703.3
2025-09-16 10:15:00+00:00,3.0291,3.0344,3.0263,3.033,821218.2
2025-09-16 10:30:00+00:00,3.033,3.0352,3.0269,3.0305,598381.1
2025-09-16 10:45:00+00:00,3.0305,3.0364,3.017,3.022,1057723.1
2025-09-16 11:00:00+00:00,3.0221,3.0305,3.0215,3.0272,647129.9
2025-09-16 11:15:00+00:00,3.0271,3.0334,3.0256,3.0287,545321.2
2025-09-16 11:30:00+00:00,3.0288,3.034,3.0285,3.0304,397199.0
2025-09-16 11:45:00+00:00,3.0304,3.0322,3.0283,3.0289,520738.0
2025-09-16 12:00:00+00:00,3.0289,3.031,3.0253,3.0297,631032.8
2025-09-16 12:15:00+00:00,3.0297,3.037,3.0287,3.0326,842661.8
2025-09-16 12:30:00+00:00,3.0326,3.0376,3.0304,3.0355,691879.5
2025-09-16 12:45:00+00:00,3.0355,3.0405,3.0318,3.0377,817520.1
2025-09-16 13:00:00+00:00,3.0377,3.0434,3.0361,3.0362,619277.5
2025-09-16 13:15:00+00:00,3.0361,3.0478,3.0346,3.0445,1215376.4
2025-09-16 13:30:00+00:00,3.0446,3.0461,3.0198,3.0212,1292946.8
2025-09-16 13:45:00+00:00,3.0212,3.026,3.0004,3.0247,3408686.6
2025-09-16 14:00:00+00:00,3.0246,3.025,3.0034,3.0119,1399108.0
2025-09-16 14:15:00+00:00,3.0119,3.0227,3.0062,3.021,1905286.2
2025-09-16 14:30:00+00:00,3.021,3.0234,3.0144,3.0194,802046.0
2025-09-16 14:45:00+00:00,3.0194,3.0312,3.0186,3.0286,885584.3
2025-09-16 15:00:00+00:00,3.0287,3.0301,3.0212,3.0229,634400.9
2025-09-16 15:15:00+00:00,3.0229,3.0348,3.0228,3.0317,1253399.7
2025-09-16 15:30:00+00:00,3.0318,3.0344,3.0291,3.032,529839.5
2025-09-16 15:45:00+00:00,3.032,3.0415,3.0307,3.0393,854770.6
2025-09-16 16:00:00+00:00,3.0394,3.0403,3.032,3.0372,873988.0
2025-09-16 16:15:00+00:00,3.0373,3.0393,3.0307,3.0369,588919.0
2025-09-16 16:30:00+00:00,3.0368,3.0438,3.0367,3.041,1011753.1
2025-09-16 16:45:00+00:00,3.041,3.0505,3.0391,3.0464,688881.2
2025-09-16 17:00:00+00:00,3.0464,3.0547,3.0456,3.0544,1209398.4
2025-09-16 17:15:00+00:00,3.0544,3.0586,3.0466,3.0488,886647.5
2025-09-16 17:30:00+00:00,3.0488,3.0516,3.0415,3.0447,916302.4
2025-09-16 17:45:00+00:00,3.0447,3.0513,3.0431,3.0473,546284.2
2025-09-16 18:00:00+00:00,3.0473,3.0515,3.0446,3.0473,659415.9
2025-09-16 18:15:00+00:00,3.0473,3.051,3.0431,3.0449,399098.9
2025-09-16 18:30:00+00:00,3.0449,3.0454,3.0355,3.0395,975462.7
2025-09-16 18:45:00+00:00,3.0395,3.0418,3.0369,3.04,334212.1
2025-09-16 19:00:00+00:00,3.0399,3.0439,3.0359,3.0413,251757.3
2025-09-16 19:15:00+00:00,3.0413,3.0442,3.0367,3.0393,379116.3
2025-09-16 19:30:00+00:00,3.0393,3.0409,3.0352,3.0381,303524.3
2025-09-16 19:45:00+00:00,3.038,3.0535,3.038,3.0519,864371.6
2025-09-16 20:00:00+00:00,3.0518,3.0519,3.0463,3.0481,670107.6
2025-09-16 20:15:00+00:00,3.048,3.0493,3.0418,3.046,288623.3
2025-09-16 20:30:00+00:00,3.0459,3.049,3.0438,3.0488,236310.7
2025-09-16 20:45:00+00:00,3.0487,3.0498,3.0462,3.0474,199216.1
2025-09-16 21:00:00+00:00,3.0473,3.0518,3.0467,3.0467,414397.6
2025-09-16 21:15:00+00:00,3.0468,3.0515,3.0467,3.0498,445969.2
2025-09-16 21:30:00+00:00,3.0498,3.0577,3.0498,3.0536,657126.0
2025-09-16 21:45:00+00:00,3.0536,3.0552,3.0497,3.0541,472533.6
2025-09-16 22:00:00+00:00,3.0542,3.0579,3.0533,3.0561,409849.4
2025-09-16 22:15:00+00:00,3.0562,3.0563,3.0496,3.0499,340160.4
2025-09-16 22:30:00+00:00,3.0499,3.0507,3.0463,3.0504,418153.7
2025-09-16 22:45:00+00:00,3.0503,3.0512,3.0472,3.0472,372942.0
2025-09-16 23:00:00+00:00,3.0473,3.048,3.0441,3.0442,378941.8
2025-09-16 23:15:00+00:00,3.0441,3.0446,3.0404,3.0407,399924.7
2025-09-16 23:30:00+00:00,3.0407,3.0424,3.036,3.0382,381071.8
2025-09-16 23:45:00+00:00,3.0382,3.0395,3.0353,3.0376,284969.6
2025-09-17 00:00:00+00:00,3.0376,3.0398,3.0335,3.0351,351894.3
2025-09-17 00:15:00+00:00,3.0351,3.041,3.0351,3.0396,275009.8
2025-09-17 00:30:00+00:00,3.0396,3.0427,3.0378,3.0416,401684.0
2025-09-17 00:45:00+00:00,3.0416,3.0416,3.0344,3.0356,389179.4
2025-09-17 01:00:00+00:00,3.0356,3.04,3.0344,3.0399,217395.6
2025-09-17 01:15:00+00:00,3.0399,3.0451,3.0378,3.045,236630.9
2025-09-17 01:30:00+00:00,3.045,3.0452,3.0374,3.0374,297562.2
2025-09-17 01:45:00+00:00,3.0375,3.04,3.0344,3.0399,300343.5
2025-09-17 02:00:00+00:00,3.0399,3.04,3.0347,3.0359,185362.7
2025-09-17 02:15:00+00:00,3.036,3.0388,3.0259,3.0322,2619360.7
2025-09-17 02:30:00+00:00,3.0323,3.0439,3.0258,3.0399,7085404.1
2025-09-17 02:45:00+00:00,3.0399,3.0476,3.0373,3.0374,1195634.9
2025-09-17 03:00:00+00:00,3.0374,3.0374,3.0302,3.0317,997510.4
2025-09-17 03:15:00+00:00,3.0317,3.0355,3.0294,3.0311,1146016.5
2025-09-17 03:30:00+00:00,3.0312,3.0326,3.0201,3.0219,1015207.5
2025-09-17 03:45:00+00:00,3.022,3.0222,3.0156,3.0162,1277680.4
2025-09-17 04:00:00+00:00,3.0163,3.0191,3.0145,3.0172,751595.3
2025-09-17 04:15:00+00:00,3.0171,3.0181,3.01,3.0102,952619.6
2025-09-17 04:30:00+00:00,3.0103,3.0127,3.0077,3.0107,824510.4
2025-09-17 04:45:00+00:00,3.0107,3.0114,3.0054,3.0112,801081.7
2025-09-17 05:00:00+00:00,3.0112,3.0163,3.0108,3.0159,655882.5
2025-09-17 05:15:00+00:00,3.016,3.017,3.0079,3.0084,1254119.8
2025-09-17 05:30:00+00:00,3.0085,3.0156,3.0085,3.0147,539928.8
2025-09-17 05:45:00+00:00,3.0148,3.021,3.0069,3.02,1296081.2
2025-09-17 06:00:00+00:00,3.02,3.0211,3.0173,3.0196,860105.4
2025-09-17 06:15:00+00:00,3.0196,3.0219,3.0136,3.0166,1104075.8
2025-09-17 06:30:00+00:00,3.0166,3.0229,3.0152,3.0228,646871.8
2025-09-17 06:45:00+00:00,3.0228,3.025,3.0201,3.0235,1156055.7
2025-09-17 07:00:00+00:00,3.0234,3.0266,3.0205,3.026,1019252.3
2025-09-17 07:15:00+00:00,3.026,3.0389,3.0255,3.0369,1516920.0
2025-09-17 07:30:00+00:00,3.0368,3.038,3.035,3.0351,595573.0
2025-09-17 07:45:00+00:00,3.0352,3.0376,3.0335,3.0342,402720.2
2025-09-17 08:00:00+00:00,3.0342,3.0343,3.02,3.0201,766287.2
2025-09-17 08:15:00+00:00,3.0201,3.0225,3.0181,3.0209,911128.3
2025-09-17 08:30:00+00:00,3.0209,3.0209,3.0141,3.015,1375871.7
2025-09-17 08:45:00+00:00,3.0151,3.0215,3.015,3.0205,520016.8
2025-09-17 09:00:00+00:00,3.0205,3.0205,3.0149,3.0175,979277.9
2025-09-17 09:15:00+00:00,3.0175,3.0175,3.014,3.0168,519398.3
2025-09-17 09:30:00+00:00,3.0168,3.0169,3.0141,3.0145,545070.2
2025-09-17 09:45:00+00:00,3.0145,3.0175,3.0145,3.0146,385623.5
2025-09-17 10:00:00+00:00,3.0146,3.0186,3.0145,3.0164,594606.2
2025-09-17 10:15:00+00:00,3.0165,3.0198,3.0029,3.0073,2872352.7
2025-09-17 10:30:00+00:00,3.0073,3.011,3.0058,3.0096,470986.4
2025-09-17 10:45:00+00:00,3.0096,3.0132,3.0081,3.0128,1328349.0
2025-09-17 11:00:00+00:00,3.0127,3.014,3.0098,3.0132,466317.4
2025-09-17 11:15:00+00:00,3.0133,3.0134,3.0072,3.0122,540645.9
2025-09-17 11:30:00+00:00,3.0122,3.0123,3.0076,3.0087,323952.7
2025-09-17 11:45:00+00:00,3.0087,3.0115,3.008,3.0088,666307.1
2025-09-17 12:00:00+00:00,3.0088,3.0176,3.0086,3.0176,668251.7
2025-09-17 12:15:00+00:00,3.0175,3.023,3.0133,3.0214,1011514.8
2025-09-17 12:30:00+00:00,3.0214,3.0242,3.0189,3.0215,625340.7
2025-09-17 12:45:00+00:00,3.0215,3.0258,3.0192,3.0242,424936.7
2025-09-17 13:00:00+00:00,3.0243,3.0257,3.0185,3.0201,610565.6
2025-09-17 13:15:00+00:00,3.0201,3.0305,3.0193,3.0298,811161.0
2025-09-17 13:30:00+00:00,3.0298,3.0377,3.0204,3.0225,1269501.3
2025-09-17 13:45:00+00:00,3.0225,3.0327,3.0185,3.0228,802629.6
2025-09-17 14:00:00+00:00,3.0229,3.03,3.0189,3.03,907619.0
2025-09-17 14:15:00+00:00,3.03,3.0304,3.017,3.0209,1108831.8
2025-09-17 14:30:00+00:00,3.021,3.0236,3.0119,3.0125,1284251.3
2025-09-17 14:45:00+00:00,3.0125,3.0168,3.0087,3.0138,728344.0
2025-09-17 15:00:00+00:00,3.0139,3.02,3.0133,3.0191,435738.2
2025-09-17 15:15:00+00:00,3.0191,3.0235,3.0162,3.0169,564642.2
2025-09-17 15:30:00+00:00,3.0169,3.023,3.0168,3.023,582287.2
2025-09-17 15:45:00+00:00,3.0229,3.0259,3.02,3.0227,479775.0
2025-09-17 16:00:00+00:00,3.0227,3.0227,3.0106,3.0138,521079.9
2025-09-17 16:15:00+00:00,3.0138,3.0172,3.01,3.0172,511573.1
2025-09-17 16:30:00+00:00,3.0172,3.0194,3.0129,3.0187,492572.9
2025-09-17 16:45:00+00:00,3.0187,3.0244,3.0175,3.0218,701674.7
2025-09-17 17:00:00+00:00,3.0219,3.0234,3.0178,3.0205,309453.9
2025-09-17 17:15:00+00:00,3.0205,3.0289,3.0189,3.0288,623503.6
2025-09-17 17:30:00+00:00,3.0288,3.0478,3.0288,3.0408,2333852.4
2025-09-17 17:45:00+00:00,3.0409,3.0685,3.0191,3.0197,4950096.5
2025-09-17 18:00:00+00:00,3.0197,3.0645,3.0118,3.0167,12599409.9
2025-09-17 18:15:00+00:00,3.0166,3.0415,3.0053,3.0374,3548586.9
2025-09-17 18:30:00+00:00,3.0374,3.038,2.9907,2.9937,6003922.4
2025-09-17 18:45:00+00:00,2.9937,3.0081,2.9814,2.9978,4063946.8
2025-09-17 19:00:00+00:00,2.9978,3.0307,2.9944,3.019,2606673.8
2025-09-17 19:15:00+00:00,3.0191,3.0341,3.0103,3.0278,1911501.6
2025-09-17 19:30:00+00:00,3.0278,3.043,3.0245,3.0386,1843773.9
2025-09-17 19:45:00+00:00,3.0387,3.0415,3.0317,3.0321,1715414.2
2025-09-17 20:00:00+00:00,3.0322,3.0495,3.032,3.045,1388878.7
2025-09-17 20:15:00+00:00,3.0451,3.0483,3.0302,3.0308,1574336.5
2025-09-17 20:30:00+00:00,3.0308,3.0322,3.0202,3.0254,1005863.5
2025-09-17 20:45:00+00:00,3.0255,3.0314,3.0115,3.0149,1578407.5
2025-09-17 21:00:00+00:00,3.0149,3.0231,3.0059,3.0231,909637.3
2025-09-17 21:15:00+00:00,3.0232,3.0297,3.0205,3.0236,583946.6
2025-09-17 21:30:00+00:00,3.0236,3.0335,3.0221,3.0335,579494.5
2025-09-17 21:45:00+00:00,3.0335,3.0394,3.0269,3.0319,749453.0
2025-09-17 22:00:00+00:00,3.032,3.0579,3.032,3.0549,1864878.2
2025-09-17 22:15:00+00:00,3.0549,3.0696,3.05,3.0684,3624888.6
2025-09-17 22:30:00+00:00,3.0684,3.077,3.0671,3.0758,2461543.6
2025-09-17 22:45:00+00:00,3.0758,3.0914,3.0717,3.087,2997150.3
2025-09-17 23:00:00+00:00,3.0871,3.1079,3.0871,3.092,4710083.3
2025-09-17 23:15:00+00:00,3.0921,3.094,3.0733,3.0807,2611933.1
2025-09-17 23:30:00+00:00,3.0807,3.0895,3.0695,3.0718,2067934.0
2025-09-17 23:45:00+00:00,3.0718,3.0855,3.0712,3.0841,1112341.4
2025-09-18 00:00:00+00:00,3.0841,3.0944,3.0821,3.0935,1512327.0
2025-09-18 00:15:00+00:00,3.0934,3.0954,3.077,3.0799,1639064.6
2025-09-18 00:30:00+00:00,3.0798,3.0902,3.0785,3.0873,1361290.7
2025-09-18 00:45:00+00:00,3.0873,3.089,3.0752,3.076,1177818.7
2025-09-18 01:00:00+00:00,3.0759,3.0856,3.0707,3.084,922141.6
2025-09-18 01:15:00+00:00,3.084,3.0891,3.0784,3.0829,1705929.0
2025-09-18 01:30:00+00:00,3.0828,3.098,3.0789,3.097,1846196.6
2025-09-18 01:45:00+00:00,3.097,3.0998,3.09,3.093,830270.0
2025-09-18 02:00:00+00:00,3.093,3.095,3.0856,3.0883,528952.5
2025-09-18 02:15:00+00:00,3.0883,3.0891,3.08,3.0819,815853.7
2025-09-18 02:30:00+00:00,3.0818,3.0892,3.0808,3.0833,670180.6
2025-09-18 02:45:00+00:00,3.0833,3.096,3.0833,3.0951,947428.9
2025-09-18 03:00:00+00:00,3.0951,3.1095,3.0923,3.1089,3276976.2
2025-09-18 03:15:00+00:00,3.1089,3.112,3.101,3.1059,1579939.9
2025-09-18 03:30:00+00:00,3.1058,3.1094,3.102,3.1062,1024331.6
2025-09-18 03:45:00+00:00,3.1062,3.1103,3.1024,3.1051,1036223.5
2025-09-18 04:00:00+00:00,3.105,3.1074,3.1,3.1025,1207604.3
2025-09-18 04:15:00+00:00,3.1026,3.1052,3.0958,3.0977,1480772.4
2025-09-18 04:30:00+00:00,3.0976,3.1013,3.0927,3.0969,1177012.7
2025-09-18 04:45:00+00:00,3.0968,3.0989,3.0912,3.0985,1051516.1
2025-09-18 05:00:00+00:00,3.0986,3.0986,3.0927,3.0933,1296045.1
2025-09-18 05:15:00+00:00,3.0934,3.0949,3.0834,3.0841,1218171.8
2025-09-18 05:30:00+00:00,3.0842,3.0854,3.0755,3.0807,1932713.0
2025-09-18 05:45:00+00:00,3.0807,3.0824,3.0766,3.0806,996986.2
2025-09-18 06:00:00+00:00,3.0806,3.0826,3.0592,3.0608,2840220.3
2025-09-18 06:15:00+00:00,3.0607,3.0674,3.0571,3.0584,2179858.9
2025-09-18 06:30:00+00:00,3.0584,3.0663,3.0558,3.0651,1304239.6
2025-09-18 06:45:00+00:00,3.0651,3.0716,3.0651,3.0709,840276.0
2025-09-18 07:00:00+00:00,3.071,3.0779,3.0704,3.0776,679189.4
2025-09-18 07:15:00+00:00,3.0776,3.0785,3.0707,3.0749,484985.3
2025-09-18 07:30:00+00:00,3.075,3.0915,3.0742,3.089,1467686.9
2025-09-18 07:45:00+00:00,3.089,3.1054,3.0878,3.0924,2499358.8
2025-09-18 08:00:00+00:00,3.0925,3.1081,3.0901,3.1034,1760313.8
2025-09-18 08:15:00+00:00,3.1035,3.1071,3.0982,3.1007,1131257.5
2025-09-18 08:30:00+00:00,3.1007,3.1043,3.0969,3.0979,1260244.2
2025-09-18 08:45:00+00:00,3.0978,3.108,3.0933,3.1066,2078848.5
2025-09-18 09:00:00+00:00,3.1066,3.11,3.1022,3.1027,1351194.1
2025-09-18 09:15:00+00:00,3.1027,3.1096,3.1026,3.107,833231.1
2025-09-18 09:30:00+00:00,3.107,3.1094,3.1027,3.1054,1201516.6
2025-09-18 09:45:00+00:00,3.1053,3.123,3.1043,3.123,2841765.8
2025-09-18 10:00:00+00:00,3.1229,3.125,3.1085,3.1133,1434906.3
2025-09-18 10:15:00+00:00,3.1133,3.1156,3.1028,3.1041,1344137.4
2025-09-18 10:30:00+00:00,3.1042,3.1116,3.1041,3.1104,883835.0
2025-09-18 10:45:00+00:00,3.1104,3.1157,3.1091,3.1121,538830.2
2025-09-18 11:00:00+00:00,3.1121,3.1287,3.1121,3.127,1369813.2
2025-09-18 11:15:00+00:00,3.127,3.1304,3.1181,3.129,2988319.2
2025-09-18 11:30:00+00:00,3.129,3.1341,3.1244,3.1277,1324702.1
2025-09-18 11:45:00+00:00,3.1277,3.1375,3.125,3.1368,1216531.1
2025-09-18 12:00:00+00:00,3.1369,3.1397,3.1248,3.1271,1459627.4
2025-09-18 12:15:00+00:00,3.1271,3.1285,3.1189,3.1234,1386866.8
2025-09-18 12:30:00+00:00,3.1233,3.1282,3.1156,3.1216,1158341.4
2025-09-18 12:45:00+00:00,3.1216,3.1236,3.115,3.1163,1252526.4
2025-09-18 13:00:00+00:00,3.1163,3.1234,3.1125,3.1222,901353.3
2025-09-18 13:15:00+00:00,3.1223,3.1259,3.1185,3.1195,1053102.8
2025-09-18 13:30:00+00:00,3.1195,3.132,3.1076,3.1099,3405012.8
2025-09-18 13:45:00+00:00,3.1098,3.1222,3.1023,3.1186,2070986.9
2025-09-18 14:00:00+00:00,3.1185,3.1273,3.1182,3.1235,1440281.1
2025-09-18 14:15:00+00:00,3.1235,3.1312,3.1207,3.1249,2287338.3
2025-09-18 14:30:00+00:00,3.125,3.1288,3.1181,3.1229,958380.3
2025-09-18 14:45:00+00:00,3.1229,3.1258,3.1173,3.1215,1083349.4
2025-09-18 15:00:00+00:00,3.1215,3.1244,3.1138,3.1161,1098025.9
2025-09-18 15:15:00+00:00,3.1161,3.1248,3.1132,3.1157,1228408.5
2025-09-18 15:30:00+00:00,3.1157,3.1286,3.1151,3.1178,1429020.8
2025-09-18 15:45:00+00:00,3.1177,3.1202,3.1124,3.1134,1366799.9
2025-09-18 16:00:00+00:00,3.1134,3.1175,3.1072,3.1096,1412105.3
2025-09-18 16:15:00+00:00,3.1095,3.1179,3.1095,3.114,1224528.5
2025-09-18 16:30:00+00:00,3.1141,3.1154,3.1071,3.1132,918098.1
2025-09-18 16:45:00+00:00,3.1132,3.1206,3.113,3.1175,793927.4
2025-09-18 17:00:00+00:00,3.1175,3.123,3.1116,3.1165,1567233.4
2025-09-18 17:15:00+00:00,3.1164,3.1212,3.1108,3.1108,1282694.0
2025-09-18 17:30:00+00:00,3.1108,3.1108,3.0989,3.1013,1329719.1
2025-09-18 17:45:00+00:00,3.1013,3.1084,3.1005,3.1074,500031.5
2025-09-18 18:00:00+00:00,3.1074,3.1133,3.1041,3.1133,612977.6
2025-09-18 18:15:00+00:00,3.1134,3.1181,3.1115,3.1169,573466.9
2025-09-18 18:30:00+00:00,3.1168,3.1176,3.1033,3.1082,870741.8
2025-09-18 18:45:00+00:00,3.1083,3.1179,3.1083,3.1164,625415.7
2025-09-18 19:00:00+00:00,3.1165,3.1165,3.109,3.1101,380851.7
2025-09-18 19:15:00+00:00,3.1101,3.1102,3.1,3.1011,645498.6
2025-09-18 19:30:00+00:00,3.101,3.1024,3.0884,3.0978,1945522.5
2025-09-18 19:45:00+00:00,3.0979,3.115,3.0976,3.1074,1413747.3
2025-09-18 20:00:00+00:00,3.1074,3.1079,3.0985,3.1007,875140.7
2025-09-18 20:15:00+00:00,3.1007,3.1015,3.0953,3.0976,424805.5
2025-09-18 20:30:00+00:00,3.0976,3.1011,3.0927,3.0997,733447.6
2025-09-18 20:45:00+00:00,3.0997,3.1051,3.0985,3.1001,572890.4
2025-09-18 21:00:00+00:00,3.1001,3.1023,3.0868,3.0878,720348.9
2025-09-18 21:15:00+00:00,3.0878,3.0915,3.0866,3.0901,538690.2
2025-09-18 21:30:00+00:00,3.0902,3.0926,3.0867,3.088,547306.9
2025-09-18 21:45:00+00:00,3.088,3.0891,3.083,3.0841,616453.5
2025-09-18 22:00:00+00:00,3.0842,3.0846,3.075,3.076,1697849.1
2025-09-18 22:15:00+00:00,3.0759,3.0845,3.0758,3.0791,751714.1
2025-09-18 22:30:00+00:00,3.079,3.0821,3.0751,3.0765,453714.6
2025-09-18 22:45:00+00:00,3.0765,3.0792,3.073,3.0732,1307125.0
2025-09-18 23:00:00+00:00,3.0731,3.0732,3.0601,3.0703,2208751.2
2025-09-18 23:15:00+00:00,3.0703,3.0717,3.0646,3.0716,825040.9
2025-09-18 23:30:00+00:00,3.0716,3.0793,3.0715,3.0758,1276082.6
2025-09-18 23:45:00+00:00,3.0758,3.0784,3.0731,3.0735,782590.1
2025-09-19 00:00:00+00:00,3.0735,3.0809,3.0735,3.0772,724373.2
2025-09-19 00:15:00+00:00,3.0773,3.0846,3.0767,3.084,721004.1
2025-09-19 00:30:00+00:00,3.084,3.0855,3.0779,3.0837,503819.1
2025-09-19 00:45:00+00:00,3.0837,3.0868,3.081,3.0865,312641.5
2025-09-19 01:00:00+00:00,3.0866,3.0934,3.0852,3.0862,911159.5
2025-09-19 01:15:00+00:00,3.0863,3.0913,3.0834,3.0912,683335.9
2025-09-19 01:30:00+00:00,3.0913,3.0941,3.0802,3.0833,595960.8
2025-09-19 01:45:00+00:00,3.0833,3.0838,3.0774,3.08,621982.7
2025-09-19 02:00:00+00:00,3.08,3.08,3.0694,3.071,1097726.9
2025-09-19 02:15:00+00:00,3.0711,3.0722,3.0667,3.0694,830196.1
2025-09-19 02:30:00+00:00,3.0695,3.0701,3.0616,3.0666,1243841.8
2025-09-19 02:45:00+00:00,3.0666,3.0718,3.066,3.0671,609767.8
2025-09-19 03:00:00+00:00,3.0672,3.0732,3.0663,3.0726,654815.5
2025-09-19 03:15:00+00:00,3.0726,3.0761,3.0637,3.0653,855691.4
2025-09-19 03:30:00+00:00,3.0652,3.0657,3.049,3.0531,2890164.7
2025-09-19 03:45:00+00:00,3.0532,3.0553,3.0453,3.047,1537750.7
2025-09-19 04:00:00+00:00,3.0469,3.0476,3.0232,3.0246,4676748.9
2025-09-19 04:15:00+00:00,3.0246,3.0418,3.0245,3.0404,1499341.3
2025-09-19 04:30:00+00:00,3.0403,3.0454,3.0377,3.0422,1083523.3
2025-09-19 04:45:00+00:00,3.0422,3.0499,3.0422,3.0492,973577.8
2025-09-19 05:00:00+00:00,3.0492,3.0517,3.0432,3.0517,620606.8
2025-09-19 05:15:00+00:00,3.0518,3.0536,3.0392,3.0393,882627.0
2025-09-19 05:30:00+00:00,3.0393,3.0454,3.037,3.0411,772883.4
2025-09-19 05:45:00+00:00,3.0411,3.0498,3.041,3.048,544446.3
2025-09-19 06:00:00+00:00,3.0479,3.0479,3.0316,3.0322,1736382.1
2025-09-19 06:15:00+00:00,3.0322,3.04,3.0299,3.0333,1031000.8
2025-09-19 06:30:00+00:00,3.0333,3.0376,3.0272,3.0351,1079456.4
2025-09-19 06:45:00+00:00,3.035,3.0363,3.0262,3.0267,632971.9
2025-09-19 07:00:00+00:00,3.0267,3.0365,3.0237,3.0356,1211106.6
2025-09-19 07:15:00+00:00,3.0355,3.0408,3.034,3.0372,823810.1
2025-09-19 07:30:00+00:00,3.0373,3.0409,3.035,3.0395,768803.6
2025-09-19 07:45:00+00:00,3.0394,3.0424,3.0366,3.0382,744329.9
2025-09-19 08:00:00+00:00,3.0381,3.045,3.035,3.0425,490088.8
2025-09-19 08:15:00+00:00,3.0426,3.0475,3.0421,3.0435,938991.0
2025-09-19 08:30:00+00:00,3.0436,3.044,3.0361,3.038,474623.1
2025-09-19 08:45:00+00:00,3.038,3.038,3.0337,3.0341,1033730.5
2025-09-19 09:00:00+00:00,3.0342,3.0435,3.0337,3.0419,477648.6
2025-09-19 09:15:00+00:00,3.042,3.042,3.032,3.0336,506172.2
2025-09-19 09:30:00+00:00,3.0336,3.0355,3.026,3.0269,1110508.3
2025-09-19 09:45:00+00:00,3.0269,3.0319,3.0237,3.0297,1127677.3
2025-09-19 10:00:00+00:00,3.0297,3.0314,3.024,3.0285,872166.7
2025-09-19 10:15:00+00:00,3.0284,3.032,3.0258,3.0258,787286.2
2025-09-19 10:30:00+00:00,3.0259,3.0336,3.024,3.0328,629968.6
2025-09-19 10:45:00+00:00,3.0328,3.0358,3.0311,3.0311,604552.2
2025-09-19 11:00:00+00:00,3.0312,3.0332,3.0253,3.0289,919189.6
2025-09-19 11:15:00+00:00,3.0289,3.0316,3.0246,3.0247,1449930.8
2025-09-19 11:30:00+00:00,3.0247,3.0278,3.0223,3.0231,886394.6
2025-09-19 11:45:00+00:00,3.0231,3.0327,3.0226,3.0304,937373.8
2025-09-19 12:00:00+00:00,3.0305,3.0462,3.0297,3.0443,1288142.5
2025-09-19 12:15:00+00:00,3.0444,3.046,3.035,3.0356,873189.8
2025-09-19 12:30:00+00:00,3.0357,3.0421,3.0346,3.0371,677441.4
2025-09-19 12:45:00+00:00,3.037,3.04,3.032,3.0331,557434.6
2025-09-19 13:00:00+00:00,3.0331,3.0366,3.0308,3.034,592074.2
2025-09-19 13:15:00+00:00,3.034,3.0365,3.0272,3.0311,1246718.8
2025-09-19 13:30:00+00:00,3.0311,3.0366,3.0251,3.0297,906853.2
2025-09-19 13:45:00+00:00,3.0297,3.0389,3.0288,3.0342,884417.2
2025-09-19 14:00:00+00:00,3.0342,3.0375,3.0292,3.0317,914919.3
2025-09-19 14:15:00+00:00,3.0318,3.0382,3.0225,3.0228,1689019.7
2025-09-19 14:30:00+00:00,3.0227,3.026,3.0133,3.0139,2314132.8
2025-09-19 14:45:00+00:00,3.014,3.018,3.005,3.0083,3332288.7
2025-09-19 15:00:00+00:00,3.0083,3.0096,2.9887,2.9958,4696259.9
2025-09-19 15:15:00+00:00,2.9959,3.0056,2.9922,3.0048,2639811.9
2025-09-19 15:30:00+00:00,3.0049,3.01,2.9957,3.009,1558262.9
2025-09-19 15:45:00+00:00,3.009,3.0124,3.0065,3.0103,1402811.9
2025-09-19 16:00:00+00:00,3.0103,3.0169,3.0052,3.0159,1830110.0
2025-09-19 16:15:00+00:00,3.0159,3.017,3.0081,3.0135,803591.8
2025-09-19 16:30:00+00:00,3.0135,3.0155,3.0078,3.0141,693302.7
2025-09-19 16:45:00+00:00,3.0142,3.016,3.0096,3.0102,615771.6
2025-09-19 17:00:00+00:00,3.0101,3.0106,2.998,2.9995,918796.4
2025-09-19 17:15:00+00:00,2.9995,3.0036,2.9978,3.0028,557740.1
2025-09-19 17:30:00+00:00,3.0027,3.0027,2.9951,3.0008,516907.4
2025-09-19 17:45:00+00:00,3.0009,3.0035,2.9961,2.9965,376760.1
2025-09-19 18:00:00+00:00,2.9965,2.9998,2.9879,2.9961,851730.8
2025-09-19 18:15:00+00:00,2.9962,3.0011,2.9919,2.9984,616626.7
2025-09-19 18:30:00+00:00,2.9983,3.0024,2.9975,3.0008,412960.4
2025-09-19 18:45:00+00:00,3.0008,3.0029,2.995,2.9978,427174.8
2025-09-19 19:00:00+00:00,2.9978,3.006,2.9978,3.0039,609859.5
2025-09-19 19:15:00+00:00,3.0039,3.0109,3.0028,3.0067,630999.7
2025-09-19 19:30:00+00:00,3.0067,3.0067,3.0,3.0,363222.8
2025-09-19 19:45:00+00:00,3.0,3.0012,2.9836,2.9862,1787047.5
2025-09-19 20:00:00+00:00,2.9862,2.9921,2.9835,2.9898,747584.7
2025-09-19 20:15:00+00:00,2.9898,2.9939,2.9843,2.9929,1071561.3
2025-09-19 20:30:00+00:00,2.9929,2.9947,2.99,2.9932,603580.6
2025-09-19 20:45:00+00:00,2.9931,2.9932,2.9842,2.9855,365907.7
2025-09-19 21:00:00+00:00,2.9854,2.9914,2.9784,2.9914,1158583.3
2025-09-19 21:15:00+00:00,2.9914,2.9939,2.989,2.9923,524028.3
2025-09-19 21:30:00+00:00,2.9923,2.9962,2.9919,2.993,576696.7
2025-09-19 21:45:00+00:00,2.993,2.996,2.9896,2.9959,279376.2
2025-09-19 22:00:00+00:00,2.996,3.0007,2.9952,2.9996,322571.3
2025-09-19 22:15:00+00:00,2.9996,3.0002,2.9962,2.999,244223.9
2025-09-19 22:30:00+00:00,2.999,2.999,2.9942,2.9943,221744.7
2025-09-19 22:45:00+00:00,2.9943,2.9988,2.9929,2.993,429021.9
2025-09-19 23:00:00+00:00,2.993,2.9933,2.9857,2.9862,357478.4
2025-09-19 23:15:00+00:00,2.9861,2.9889,2.9791,2.9817,612883.7
2025-09-19 23:30:00+00:00,2.9817,2.9859,2.9799,2.9858,277845.8
2025-09-19 23:45:00+00:00,2.9859,2.9911,2.9858,2.9901,213018.8
2025-09-20 00:00:00+00:00,2.99,2.9907,2.9862,2.9876,277676.7
2025-09-20 00:15:00+00:00,2.9876,2.9896,2.9845,2.9856,263410.2
2025-09-20 00:30:00+00:00,2.9857,2.995,2.9855,2.9942,299351.8
2025-09-20 00:45:00+00:00,2.9942,3.0013,2.9942,2.9986,507955.3
2025-09-20 01:00:00+00:00,2.9987,2.9987,2.9918,2.9924,437544.6
2025-09-20 01:15:00+00:00,2.9924,2.9997,2.9919,2.9983,306666.9
2025-09-20 01:30:00+00:00,2.9983,2.9983,2.99,2.9942,291207.6
2025-09-20 01:45:00+00:00,2.9941,2.9968,2.9921,2.9921,187656.8
2025-09-20 02:00:00+00:00,2.992,2.992,2.9848,2.9848,333246.4
2025-09-20 02:15:00+00:00,2.9849,2.9907,2.98,2.9887,334007.3
2025-09-20 02:30:00+00:00,2.9887,2.9933,2.9844,2.9933,217659.4
2025-09-20 02:45:00+00:00,2.9932,2.9953,2.9905,2.9948,223566.4
2025-09-20 03:00:00+00:00,2.9949,2.9952,2.9852,2.9873,634209.1
2025-09-20 03:15:00+00:00,2.9873,2.9926,2.9867,2.9894,176404.9
2025-09-20 03:30:00+00:00,2.9894,2.994,2.9889,2.9933,223061.1
2025-09-20 03:45:00+00:00,2.9933,2.9946,2.99,2.9914,318489.0
2025-09-20 04:00:00+00:00,2.9915,2.9925,2.9895,2.9916,170861.5
2025-09-20 04:15:00+00:00,2.9916,2.9925,2.9874,2.9886,461040.2
2025-09-20 04:30:00+00:00,2.9887,2.994,2.9873,2.994,233013.3
2025-09-20 04:45:00+00:00,2.994,2.9948,2.9912,2.9928,222205.5
2025-09-20 05:00:00+00:00,2.9929,2.9941,2.9888,2.994,257714.7
2025-09-20 05:15:00+00:00,2.9941,2.9959,2.993,2.9958,113016.1
2025-09-20 05:30:00+00:00,2.9958,2.9988,2.995,2.997,314419.3
2025-09-20 05:45:00+00:00,2.997,3.0027,2.9969,3.0027,368774.7
2025-09-20 06:00:00+00:00,3.0026,3.0026,2.9963,2.9975,372582.6
2025-09-20 06:15:00+00:00,2.9976,3.0025,2.9971,3.0024,174104.9
2025-09-20 06:30:00+00:00,3.0025,3.0053,3.0017,3.0053,205231.2
2025-09-20 06:45:00+00:00,3.0053,3.0068,3.0041,3.0051,498992.5
2025-09-20 07:00:00+00:00,3.0051,3.0086,3.0033,3.0034,457765.7
2025-09-20 07:15:00+00:00,3.0033,3.005,3.0016,3.0019,154354.7
2025-09-20 07:30:00+00:00,3.0019,3.0066,2.9991,3.0064,293782.7
2025-09-20 07:45:00+00:00,3.0064,3.0091,3.0047,3.0089,565873.3
2025-09-20 08:00:00+00:00,3.0088,3.0091,3.0033,3.0046,306377.7
2025-09-20 08:15:00+00:00,3.0045,3.0048,2.9993,2.9998,346667.8
2025-09-20 08:30:00+00:00,2.9998,3.0012,2.9969,2.9983,284373.8
2025-09-20 08:45:00+00:00,2.9983,2.9983,2.9851,2.9855,966158.8
2025-09-20 09:00:00+00:00,2.9854,2.9887,2.9812,2.9881,988716.5
2025-09-20 09:15:00+00:00,2.9881,2.9889,2.9846,2.9849,551259.5
2025-09-20 09:30:00+00:00,2.9849,2.9849,2.9745,2.9819,1731016.9
2025-09-20 09:45:00+00:00,2.9819,2.9838,2.9788,2.9789,824625.9
2025-09-20 10:00:00+00:00,2.9789,2.9843,2.9788,2.9837,712025.8
2025-09-20 10:15:00+00:00,2.9837,2.9854,2.9802,2.9802,299066.4
2025-09-20 10:30:00+00:00,2.9801,2.9835,2.9775,2.9827,613703.0
2025-09-20 10:45:00+00:00,2.9827,2.9837,2.9788,2.9791,445383.8
2025-09-20 11:00:00+00:00,2.979,2.9875,2.979,2.9858,417065.6
2025-09-20 11:15:00+00:00,2.9858,2.9871,2.9811,2.9817,255102.2
2025-09-20 11:30:00+00:00,2.9817,2.9849,2.9814,2.9833,230637.7
2025-09-20 11:45:00+00:00,2.9833,2.9892,2.9833,2.9891,236706.2
2025-09-20 12:00:00+00:00,2.9892,2.9894,2.9859,2.9866,452675.6
2025-09-20 12:15:00+00:00,2.9866,2.988,2.983,2.983,467995.1
2025-09-20 12:30:00+00:00,2.983,2.9857,2.9825,2.9833,571287.0
2025-09-20 12:45:00+00:00,2.9834,2.9864,2.9821,2.985,440005.1
2025-09-20 13:00:00+00:00,2.985,2.9865,2.9809,2.9838,661185.1
2025-09-20 13:15:00+00:00,2.9837,2.9896,2.9831,2.9874,316105.3
2025-09-20 13:30:00+00:00,2.9873,2.989,2.9844,2.9864,300162.0
2025-09-20 13:45:00+00:00,2.9865,2.9875,2.9825,2.9835,654893.5
2025-09-20 14:00:00+00:00,2.9835,2.9835,2.9684,2.9734,3069028.4
2025-09-20 14:15:00+00:00,2.9734,2.9769,2.9652,2.9684,1529216.2
2025-09-20 14:30:00+00:00,2.9684,2.9751,2.9657,2.9729,1519833.7
2025-09-20 14:45:00+00:00,2.9729,2.985,2.9728,2.9812,1384332.1
2025-09-20 15:00:00+00:00,2.9812,2.9926,2.98,2.9884,2880600.2
2025-09-20 15:15:00+00:00,2.9885,2.9961,2.9884,2.9929,2769970.7
2025-09-20 15:30:00+00:00,2.9928,2.9929,2.986,2.9897,2049497.3
2025-09-20 15:45:00+00:00,2.9897,2.9897,2.9841,2.9893,812066.9
2025-09-20 16:00:00+00:00,2.9893,2.9928,2.982,2.9847,2224149.9
2025-09-20 16:15:00+00:00,2.9846,2.9855,2.9757,2.9776,1068897.9
2025-09-20 16:30:00+00:00,2.9777,2.9897,2.9758,2.9884,972599.7
2025-09-20 16:45:00+00:00,2.9883,2.9925,2.9864,2.9915,655368.1
2025-09-20 17:00:00+00:00,2.9914,2.9917,2.9836,2.9841,1252834.9
2025-09-20 17:15:00+00:00,2.984,2.9879,2.9814,2.9861,496409.2
2025-09-20 17:30:00+00:00,2.9861,2.9885,2.9828,2.9831,530168.6
2025-09-20 17:45:00+00:00,2.9832,2.9847,2.9809,2.9824,451196.4
2025-09-20 18:00:00+00:00,2.9824,2.9824,2.971,2.973,1257678.0
2025-09-20 18:15:00+00:00,2.9729,2.977,2.971,2.9758,556249.4
2025-09-20 18:30:00+00:00,2.9757,2.9764,2.9712,2.9748,482809.4
2025-09-20 18:45:00+00:00,2.9749,2.9758,2.971,2.9746,779835.8
2025-09-20 19:00:00+00:00,2.9746,2.9784,2.9718,2.9783,404765.4
2025-09-20 19:15:00+00:00,2.9782,2.9816,2.9782,2.9791,438626.3
2025-09-20 19:30:00+00:00,2.979,2.9799,2.972,2.9739,875827.7
2025-09-20 19:45:00+00:00,2.9739,2.9745,2.9716,2.9744,237647.4
2025-09-20 20:00:00+00:00,2.9745,2.9776,2.972,2.9736,1226735.2
2025-09-20 20:15:00+00:00,2.9736,2.9751,2.97,2.9726,914362.2
2025-09-20 20:30:00+00:00,2.9727,2.9747,2.9721,2.9735,310697.9
2025-09-20 20:45:00+00:00,2.9735,2.9795,2.9708,2.9709,1979907.3
2025-09-20 21:00:00+00:00,2.9708,2.9793,2.9704,2.9792,656872.2
2025-09-20 21:15:00+00:00,2.9793,2.9816,2.974,2.9816,636823.7
2025-09-20 21:30:00+00:00,2.9816,2.9855,2.9801,2.9833,731052.0
2025-09-20 21:45:00+00:00,2.9834,2.9838,2.9791,2.9805,375552.2
2025-09-20 22:00:00+00:00,2.9804,2.9804,2.9773,2.9799,473334.0
2025-09-20 22:15:00+00:00,2.9799,2.9819,2.9778,2.9798,371640.8
2025-09-20 22:30:00+00:00,2.9798,2.98,2.9749,2.9761,513255.7
2025-09-20 22:45:00+00:00,2.9762,2.9855,2.9762,2.9821,593484.4
2025-09-20 23:00:00+00:00,2.9821,2.9824,2.9751,2.9758,479146.1
2025-09-20 23:15:00+00:00,2.9758,2.9762,2.9715,2.9716,651806.2
2025-09-20 23:30:00+00:00,2.9716,2.9742,2.97,2.9742,521327.1
2025-09-20 23:45:00+00:00,2.9742,2.9782,2.9738,2.975,619080.7
2025-09-21 00:00:00+00:00,2.975,2.9792,2.9743,2.9784,455090.8
2025-09-21 00:15:00+00:00,2.9784,2.979,2.9734,2.9747,654443.5
2025-09-21 00:30:00+00:00,2.9747,2.9862,2.9725,2.9851,969186.0
2025-09-21 00:45:00+00:00,2.9851,2.9917,2.985,2.9888,1714141.6
2025-09-21 01:00:00+00:00,2.9888,2.9905,2.9866,2.9877,503615.0
2025-09-21 01:15:00+00:00,2.9877,2.9881,2.9856,2.9873,357149.9
2025-09-21 01:30:00+00:00,2.9873,2.9873,2.9824,2.9832,302165.4
2025-09-21 01:45:00+00:00,2.9832,2.9836,2.9777,2.9798,413936.3
2025-09-21 02:00:00+00:00,2.9797,2.9876,2.9795,2.9863,504936.1
2025-09-21 02:15:00+00:00,2.9864,2.9869,2.9761,2.9868,670022.4
2025-09-21 02:30:00+00:00,2.9869,2.9894,2.9848,2.9879,671808.0
2025-09-21 02:45:00+00:00,2.9879,2.9909,2.9879,2.9902,231741.5
2025-09-21 03:00:00+00:00,2.9903,2.9924,2.9881,2.9923,376239.3
2025-09-21 03:15:00+00:00,2.9923,2.9939,2.9907,2.9925,361624.7
2025-09-21 03:30:00+00:00,2.9926,2.997,2.9913,2.9966,446650.2
2025-09-21 03:45:00+00:00,2.9965,2.9987,2.9961,2.9976,440138.1
2025-09-21 04:00:00+00:00,2.9977,2.9981,2.9931,2.9949,756061.8
2025-09-21 04:15:00+00:00,2.9948,2.9974,2.9935,2.9962,593829.8
2025-09-21 04:30:00+00:00,2.9962,2.9992,2.9933,2.999,470554.1
2025-09-21 04:45:00+00:00,2.9989,3.0068,2.9976,3.0068,771603.8
2025-09-21 05:00:00+00:00,3.0068,3.013,3.0027,3.0047,1127900.0
2025-09-21 05:15:00+00:00,3.0047,3.0122,3.0011,3.0115,491282.1
2025-09-21 05:30:00+00:00,3.0115,3.0135,3.007,3.0073,823752.2
2025-09-21 05:45:00+00:00,3.0073,3.009,3.0042,3.0058,419805.8
2025-09-21 06:00:00+00:00,3.0058,3.0115,3.0058,3.0074,666164.2
2025-09-21 06:15:00+00:00,3.0074,3.0085,3.0028,3.0045,360217.3
2025-09-21 06:45:00+00:00,3.0031,3.0031,2.9996,3.0001,319912.1
2025-09-21 07:00:00+00:00,3.0002,3.0057,2.9992,3.0034,423546.5
2025-09-21 07:15:00+00:00,3.0034,3.0066,3.0016,3.004,226616.8
2025-09-21 07:30:00+00:00,3.004,3.0058,3.0032,3.0033,293555.4
2025-09-21 07:45:00+00:00,3.0033,3.0033,2.9953,2.997,812326.2
2025-09-21 08:00:00+00:00,2.997,3.0005,2.994,2.9951,278876.9
2025-09-21 08:15:00+00:00,2.9951,2.9951,2.99,2.9907,236336.0
2025-09-21 08:30:00+00:00,2.9908,2.9925,2.9899,2.9923,193284.7
2025-09-21 08:45:00+00:00,2.9922,2.9925,2.9899,2.9909,257225.8
2025-09-21 09:00:00+00:00,2.9909,2.9928,2.9845,2.9846,321204.0
2025-09-21 09:15:00+00:00,2.9847,2.985,2.9691,2.9705,961288.7
2025-09-21 09:30:00+00:00,2.9705,2.9726,2.9618,2.9717,1686200.1
2025-09-21 09:45:00+00:00,2.9716,2.9805,2.9677,2.9789,799889.1
2025-09-21 10:00:00+00:00,2.9788,2.9805,2.9751,2.9772,321912.9
2025-09-21 10:15:00+00:00,2.9771,2.978,2.9726,2.9755,339124.9
2025-09-21 10:30:00+00:00,2.9754,2.9777,2.9735,2.9735,266818.1
2025-09-21 10:45:00+00:00,2.9736,2.9738,2.9679,2.9681,418041.9
2025-09-21 11:00:00+00:00,2.9682,2.9782,2.9669,2.9768,356956.4
2025-09-21 11:15:00+00:00,2.9767,2.9776,2.9733,2.9769,343456.4
2025-09-21 11:30:00+00:00,2.9768,2.9815,2.9749,2.9792,264884.3
2025-09-21 11:45:00+00:00,2.9792,2.9797,2.9738,2.9751,290652.5
2025-09-21 12:00:00+00:00,2.9751,2.9835,2.9731,2.9828,637615.4
2025-09-21 12:15:00+00:00,2.9827,2.9857,2.9817,2.9828,244197.5
2025-09-21 12:30:00+00:00,2.9829,2.9865,2.9797,2.9805,256945.1
2025-09-21 12:45:00+00:00,2.9805,2.9828,2.9775,2.9791,219548.5
2025-09-21 13:00:00+00:00,2.979,2.985,2.9777,2.9821,240612.9
2025-09-21 13:15:00+00:00,2.9822,2.9845,2.9807,2.9844,213540.9
2025-09-21 13:30:00+00:00,2.9845,2.9873,2.9808,2.9826,329265.0
2025-09-21 13:45:00+00:00,2.9826,2.9867,2.9826,2.9863,270827.3
2025-09-21 14:00:00+00:00,2.9863,2.9884,2.9827,2.9847,289215.0
2025-09-21 14:15:00+00:00,2.9846,2.9847,2.9777,2.9781,350218.8
2025-09-21 14:30:00+00:00,2.9781,2.9829,2.9745,2.9828,286963.1
2025-09-21 14:45:00+00:00,2.9829,2.987,2.9761,2.9764,228069.7
2025-09-21 15:00:00+00:00,2.9763,2.9773,2.9743,2.9769,236857.5
2025-09-21 15:15:00+00:00,2.9769,2.9783,2.9726,2.9726,306301.6
2025-09-21 15:30:00+00:00,2.9727,2.9794,2.9696,2.9792,309449.9
2025-09-21 15:45:00+00:00,2.9792,2.9815,2.9768,2.9798,245079.8
2025-09-21 16:00:00+00:00,2.9799,2.9835,2.9786,2.9816,247727.2
2025-09-21 16:15:00+00:00,2.9816,2.9822,2.9689,2.9742,562104.8
2025-09-21 16:30:00+00:00,2.9741,2.9748,2.9647,2.9662,529093.9
2025-09-21 16:45:00+00:00,2.9663,2.9669,2.9618,2.9649,864788.5
2025-09-21 17:00:00+00:00,2.9649,2.9675,2.9568,2.9584,1939225.7
2025-09-21 17:15:00+00:00,2.9584,2.9609,2.9523,2.9575,1339268.5
2025-09-21 17:30:00+00:00,2.9575,2.9645,2.9534,2.9645,701554.9
2025-09-21 17:45:00+00:00,2.9645,2.974,2.9642,2.9738,367051.6
2025-09-21 18:00:00+00:00,2.9738,2.98,2.9728,2.9791,317255.2
2025-09-21 18:15:00+00:00,2.9792,2.9813,2.9746,2.9755,288410.4
2025-09-21 18:30:00+00:00,2.9755,2.9819,2.9752,2.9805,273320.3
2025-09-21 18:45:00+00:00,2.9805,2.9854,2.9799,2.9854,388642.7
2025-09-21 19:00:00+00:00,2.9854,2.9856,2.971,2.9739,490974.9
2025-09-21 19:15:00+00:00,2.974,2.9824,2.972,2.9824,284174.4
2025-09-21 19:30:00+00:00,2.9824,2.9827,2.9764,2.9783,167723.1
2025-09-21 19:45:00+00:00,2.9782,2.9823,2.9775,2.9818,181092.8
2025-09-21 20:00:00+00:00,2.9817,2.983,2.9744,2.9755,258002.7
2025-09-21 20:15:00+00:00,2.9755,2.9852,2.9747,2.9845,362668.9
2025-09-21 20:30:00+00:00,2.9845,2.9845,2.9746,2.9762,263187.4
2025-09-21 20:45:00+00:00,2.9761,2.979,2.9738,2.9753,163063.6
2025-09-21 21:00:00+00:00,2.9754,2.9787,2.9745,2.9787,288349.7
2025-09-21 21:15:00+00:00,2.9786,2.9786,2.9675,2.9683,477250.7
2025-09-21 21:30:00+00:00,2.9682,2.9793,2.9668,2.9761,409107.8
2025-09-21 21:45:00+00:00,2.976,2.9775,2.9735,2.9746,199018.6
2025-09-21 22:00:00+00:00,2.9746,2.9793,2.9669,2.9684,499510.9
2025-09-21 22:15:00+00:00,2.9684,2.9746,2.9644,2.9734,386059.9
2025-09-21 22:30:00+00:00,2.9733,2.9819,2.971,2.9819,353353.4
2025-09-21 22:45:00+00:00,2.9819,2.9926,2.9817,2.9906,1174893.8
2025-09-21 23:00:00+00:00,2.9906,2.9927,2.976,2.9781,726178.3
2025-09-21 23:15:00+00:00,2.9781,2.98,2.9713,2.9738,416607.2
2025-09-21 23:30:00+00:00,2.9738,2.9765,2.969,2.9749,264920.5
2025-09-21 23:45:00+00:00,2.975,2.9751,2.9698,2.9701,236138.2
2025-09-22 00:00:00+00:00,2.9701,2.9755,2.9651,2.9652,569648.3
2025-09-22 00:15:00+00:00,2.9652,2.9655,2.9531,2.9549,1518095.5
2025-09-22 00:30:00+00:00,2.9549,2.956,2.9022,2.9191,14570438.7
2025-09-22 00:45:00+00:00,2.9191,2.9247,2.8995,2.9165,5309798.2
2025-09-22 01:00:00+00:00,2.9164,2.928,2.9126,2.9167,2327632.1
2025-09-22 01:15:00+00:00,2.9168,2.9265,2.9125,2.9248,1643271.6
2025-09-22 01:30:00+00:00,2.9248,2.936,2.9208,2.9304,1480450.9
2025-09-22 01:45:00+00:00,2.9304,2.9334,2.9158,2.9175,1067472.9
2025-09-22 02:00:00+00:00,2.9175,2.9228,2.9103,2.9104,2052820.4
2025-09-22 02:15:00+00:00,2.9103,2.914,2.8967,2.9058,1952492.6
2025-09-22 02:30:00+00:00,2.9058,2.9063,2.8769,2.8893,4743656.6
2025-09-22 02:45:00+00:00,2.8892,2.8985,2.8875,2.8979,1842182.7
2025-09-22 03:00:00+00:00,2.8979,2.9049,2.8967,2.9029,1238095.0
2025-09-22 03:15:00+00:00,2.9029,2.9079,2.8984,2.9054,1166781.2
2025-09-22 03:30:00+00:00,2.9053,2.9054,2.8931,2.8953,1070552.0
2025-09-22 03:45:00+00:00,2.8953,2.905,2.8951,2.9038,806932.3
2025-09-22 04:00:00+00:00,2.9038,2.9056,2.8957,2.8963,856249.1
2025-09-22 04:15:00+00:00,2.8963,2.9044,2.8946,2.9028,883638.9
2025-09-22 04:30:00+00:00,2.9028,2.9066,2.8984,2.9015,436858.7
2025-09-22 04:45:00+00:00,2.9014,2.9035,2.8943,2.8944,567829.1
2025-09-22 05:00:00+00:00,2.8944,2.8958,2.8832,2.8847,1277620.7
2025-09-22 05:15:00+00:00,2.8848,2.8911,2.8808,2.8885,1278247.3
2025-09-22 05:30:00+00:00,2.8885,2.8885,2.8764,2.8768,1468415.2
2025-09-22 05:45:00+00:00,2.8767,2.8816,2.8454,2.847,4812229.9
2025-09-22 06:00:00+00:00,2.8471,2.8506,2.6975,2.7867,36744214.0
2025-09-22 06:15:00+00:00,2.7868,2.8195,2.7834,2.8099,8059007.0
2025-09-22 06:30:00+00:00,2.8098,2.8225,2.8048,2.8223,4652083.7
2025-09-22 06:45:00+00:00,2.8223,2.8291,2.8139,2.824,3352035.4
2025-09-22 07:00:00+00:00,2.8239,2.8279,2.8107,2.8108,4074976.4
2025-09-22 07:15:00+00:00,2.8107,2.8179,2.8087,2.8161,3185249.6
2025-09-22 07:30:00+00:00,2.8161,2.8239,2.8064,2.8101,2866323.6
2025-09-22 07:45:00+00:00,2.81,2.8146,2.8043,2.806,1720813.4
2025-09-22 08:00:00+00:00,2.806,2.8216,2.7979,2.8163,2540135.7
2025-09-22 08:15:00+00:00,2.8163,2.8239,2.8083,2.8106,1774925.7
2025-09-22 08:30:00+00:00,2.8105,2.8195,2.8076,2.8182,1886965.2
2025-09-22 08:45:00+00:00,2.8183,2.823,2.8113,2.8128,2654550.6
2025-09-22 09:00:00+00:00,2.8129,2.816,2.8089,2.8114,1672301.7
2025-09-22 09:15:00+00:00,2.8114,2.8189,2.8093,2.8152,1694175.7
2025-09-22 09:30:00+00:00,2.8152,2.8165,2.808,2.8133,1813703.8
2025-09-22 09:45:00+00:00,2.8133,2.8152,2.7974,2.8007,3474553.1
2025-09-22 10:00:00+00:00,2.8008,2.8131,2.7895,2.807,3909713.3
2025-09-22 10:15:00+00:00,2.8071,2.8139,2.8029,2.8117,1972237.4
2025-09-22 10:30:00+00:00,2.8117,2.8117,2.798,2.8046,2003893.2
2025-09-22 10:45:00+00:00,2.8047,2.8187,2.8043,2.8161,1932708.6
2025-09-22 11:00:00+00:00,2.816,2.8221,2.8129,2.8156,1651921.5
2025-09-22 11:15:00+00:00,2.8157,2.8202,2.8117,2.8176,1276199.1
2025-09-22 11:30:00+00:00,2.8177,2.8177,2.8114,2.8136,1355336.5
2025-09-22 11:45:00+00:00,2.8136,2.8197,2.8128,2.8162,1312314.3
2025-09-22 12:00:00+00:00,2.8163,2.8166,2.8041,2.8111,1786355.9
2025-09-22 12:15:00+00:00,2.811,2.8229,2.8109,2.8191,1344702.0
2025-09-22 12:30:00+00:00,2.8191,2.8232,2.815,2.8186,1232995.4
2025-09-22 12:45:00+00:00,2.8187,2.8455,2.8187,2.8454,4063983.2
2025-09-22 13:00:00+00:00,2.8454,2.8536,2.8408,2.8511,3359469.4
2025-09-22 13:15:00+00:00,2.8511,2.8532,2.8424,2.8531,2452827.0
2025-09-22 13:30:00+00:00,2.8531,2.8583,2.8366,2.8397,3428180.0
2025-09-22 13:45:00+00:00,2.8397,2.8572,2.8338,2.8572,2167839.2
2025-09-22 14:00:00+00:00,2.8572,2.8603,2.8497,2.8504,2732848.1
2025-09-22 14:15:00+00:00,2.8504,2.8646,2.8492,2.8644,2528303.0
2025-09-22 14:30:00+00:00,2.8643,2.8669,2.858,2.8624,2649248.6
2025-09-22 14:45:00+00:00,2.8624,2.8696,2.8548,2.8605,3117090.2
2025-09-22 15:00:00+00:00,2.8606,2.8746,2.8567,2.8647,3633957.4
2025-09-22 15:15:00+00:00,2.8646,2.8706,2.8538,2.8667,2405457.9
2025-09-22 15:30:00+00:00,2.8667,2.8671,2.854,2.8557,1744269.7
2025-09-22 15:45:00+00:00,2.8557,2.8613,2.8491,2.8602,2865975.8
2025-09-22 16:00:00+00:00,2.8602,2.8703,2.8586,2.8681,1711868.9
2025-09-22 16:15:00+00:00,2.8681,2.8703,2.8566,2.8609,1260820.7
2025-09-22 16:30:00+00:00,2.8609,2.8618,2.8453,2.8478,1571841.2
2025-09-22 16:45:00+00:00,2.8477,2.8504,2.8418,2.8454,1211882.0
2025-09-22 17:00:00+00:00,2.8454,2.8549,2.8453,2.8489,3066642.0
2025-09-22 17:15:00+00:00,2.8488,2.867,2.8446,2.8628,1189831.6
2025-09-22 17:30:00+00:00,2.8627,2.8684,2.8518,2.8563,1237077.6
2025-09-22 17:45:00+00:00,2.8564,2.8621,2.8541,2.8572,823584.4
2025-09-22 18:00:00+00:00,2.8572,2.8632,2.8568,2.8605,747373.3
2025-09-22 18:15:00+00:00,2.8605,2.8613,2.8461,2.8521,998803.2
2025-09-22 18:30:00+00:00,2.852,2.8541,2.842,2.8438,1540834.3
2025-09-22 18:45:00+00:00,2.8438,2.8447,2.8326,2.8335,2513906.5
2025-09-22 19:00:00+00:00,2.8336,2.8372,2.8294,2.8325,1222879.6
2025-09-22 19:15:00+00:00,2.8325,2.8377,2.8285,2.8286,1167731.9
2025-09-22 19:30:00+00:00,2.8286,2.8349,2.8213,2.829,1747677.2
2025-09-22 19:45:00+00:00,2.829,2.8361,2.8157,2.8345,3405916.8
2025-09-22 20:00:00+00:00,2.8344,2.8344,2.8146,2.8298,1661114.0
2025-09-22 20:15:00+00:00,2.8297,2.8321,2.8258,2.8317,384586.0
2025-09-22 20:30:00+00:00,2.8318,2.8397,2.8314,2.8389,1055776.9
2025-09-22 20:45:00+00:00,2.8389,2.8437,2.8349,2.8406,743909.6
2025-09-22 21:00:00+00:00,2.8405,2.8405,2.8296,2.8296,733189.3
2025-09-22 21:15:00+00:00,2.8297,2.8407,2.8297,2.8395,417918.6
2025-09-22 21:30:00+00:00,2.8395,2.8503,2.8377,2.8499,489039.2
2025-09-22 21:45:00+00:00,2.8499,2.8571,2.8487,2.8554,356541.7
2025-09-22 22:00:00+00:00,2.8554,2.8554,2.8466,2.8511,454798.8
2025-09-22 22:15:00+00:00,2.851,2.8562,2.8492,2.8494,383493.6
2025-09-22 22:30:00+00:00,2.8494,2.8505,2.8438,2.8475,337660.4
2025-09-22 22:45:00+00:00,2.8475,2.8482,2.8431,2.8461,325786.1
2025-09-22 23:00:00+00:00,2.8461,2.8479,2.8445,2.8454,425234.6
2025-09-22 23:15:00+00:00,2.8454,2.8495,2.8444,2.8472,636994.5
2025-09-22 23:30:00+00:00,2.8473,2.8489,2.844,2.8468,483235.4
2025-09-22 23:45:00+00:00,2.8468,2.8526,2.8466,2.8526,403991.8
2025-09-23 00:00:00+00:00,2.8525,2.8553,2.8471,2.855,443514.2
2025-09-23 00:15:00+00:00,2.8551,2.867,2.8551,2.8647,780016.5
2025-09-23 00:30:00+00:00,2.8647,2.8685,2.856,2.856,713632.4
2025-09-23 00:45:00+00:00,2.8561,2.858,2.8507,2.851,476318.3
2025-09-23 01:00:00+00:00,2.8509,2.8535,2.8367,2.8393,956737.1
2025-09-23 01:15:00+00:00,2.8393,2.8493,2.8377,2.8476,731645.9
2025-09-23 01:30:00+00:00,2.8476,2.8482,2.8286,2.8318,944108.8
2025-09-23 01:45:00+00:00,2.8318,2.8351,2.8224,2.8227,894342.0
2025-09-23 02:00:00+00:00,2.8227,2.8372,2.8227,2.8313,1006944.7
2025-09-23 02:15:00+00:00,2.8314,2.832,2.8175,2.8187,999481.0
2025-09-23 02:30:00+00:00,2.8186,2.822,2.8154,2.8164,969628.2
2025-09-23 02:45:00+00:00,2.8163,2.8173,2.8066,2.8092,1352617.0
2025-09-23 03:00:00+00:00,2.8091,2.8126,2.7991,2.8125,1956899.3
2025-09-23 03:15:00+00:00,2.8125,2.8499,2.8118,2.8481,1530409.6
2025-09-23 03:30:00+00:00,2.8482,2.8725,2.8474,2.8559,2543725.9
2025-09-23 03:45:00+00:00,2.856,2.8721,2.8559,2.8596,2055717.3
2025-09-23 04:00:00+00:00,2.8597,2.8659,2.8488,2.8495,1166276.1
2025-09-23 04:15:00+00:00,2.8496,2.8508,2.8442,2.8452,738741.3
2025-09-23 04:30:00+00:00,2.8452,2.8515,2.8356,2.8468,1187716.4
2025-09-23 04:45:00+00:00,2.8467,2.8568,2.8404,2.8561,972314.2
2025-09-23 05:00:00+00:00,2.856,2.8656,2.8518,2.8615,1307874.2
2025-09-23 05:15:00+00:00,2.8615,2.8745,2.8596,2.8707,1243905.7
2025-09-23 05:30:00+00:00,2.8707,2.875,2.867,2.874,956617.5
2025-09-23 05:45:00+00:00,2.8741,2.8753,2.8642,2.8655,1686837.0
2025-09-23 06:00:00+00:00,2.8655,2.8725,2.8593,2.8672,1169272.1
2025-09-23 06:15:00+00:00,2.8671,2.875,2.865,2.8729,973194.0
2025-09-23 06:30:00+00:00,2.8729,2.8806,2.8667,2.8687,3043297.0
2025-09-23 06:45:00+00:00,2.8687,2.8746,2.8645,2.8728,1271401.5
2025-09-23 07:00:00+00:00,2.8728,2.8742,2.8644,2.8687,997303.4
2025-09-23 07:15:00+00:00,2.8686,2.8843,2.8662,2.8713,2156622.2
2025-09-23 07:30:00+00:00,2.8713,2.8743,2.8675,2.8687,1077777.6
2025-09-23 07:45:00+00:00,2.8687,2.8705,2.8637,2.8646,896474.5
2025-09-23 08:00:00+00:00,2.8646,2.87,2.8588,2.8631,1961640.2
2025-09-23 08:15:00+00:00,2.8632,2.8663,2.8606,2.8607,808569.9
2025-09-23 08:30:00+00:00,2.8607,2.8637,2.8561,2.8636,683854.0
2025-09-23 08:45:00+00:00,2.8635,2.8663,2.8593,2.8661,882331.8
2025-09-23 09:00:00+00:00,2.866,2.8738,2.8629,2.8724,1535353.3
2025-09-23 09:15:00+00:00,2.8723,2.8723,2.8544,2.8546,864829.8
2025-09-23 09:30:00+00:00,2.8545,2.8585,2.8534,2.856,577190.0
2025-09-23 09:45:00+00:00,2.856,2.8588,2.8494,2.8579,1169740.3
2025-09-23 10:00:00+00:00,2.8578,2.8648,2.8556,2.8631,1008726.2
2025-09-23 10:15:00+00:00,2.8632,2.8651,2.8574,2.8604,783923.7
2025-09-23 10:30:00+00:00,2.8604,2.8644,2.8577,2.8632,1087638.8
2025-09-23 10:45:00+00:00,2.8632,2.8688,2.8631,2.8642,699985.1
2025-09-23 11:00:00+00:00,2.8642,2.8642,2.8572,2.8577,758065.6
2025-09-23 11:15:00+00:00,2.8578,2.8643,2.857,2.8617,1001716.0
2025-09-23 11:30:00+00:00,2.8618,2.8673,2.8602,2.8673,554689.0
2025-09-23 11:45:00+00:00,2.8673,2.8679,2.8584,2.8584,467005.7
2025-09-23 12:00:00+00:00,2.8583,2.8612,2.8529,2.8601,785578.8
2025-09-23 12:15:00+00:00,2.86,2.862,2.8534,2.8575,541669.3
2025-09-23 12:30:00+00:00,2.8574,2.8699,2.8553,2.8691,710498.3
2025-09-23 12:45:00+00:00,2.869,2.8719,2.8609,2.865,1246117.1
2025-09-23 13:00:00+00:00,2.8649,2.8651,2.8573,2.8602,745498.3
2025-09-23 13:15:00+00:00,2.8601,2.8642,2.8564,2.8622,690675.8
2025-09-23 13:30:00+00:00,2.8622,2.8687,2.8541,2.8603,1022422.3
2025-09-23 13:45:00+00:00,2.8603,2.8651,2.855,2.8595,868364.0
2025-09-23 14:00:00+00:00,2.8596,2.8785,2.8587,2.8701,1171566.6
2025-09-23 14:15:00+00:00,2.8702,2.8709,2.8569,2.8638,867299.0
2025-09-23 14:30:00+00:00,2.8639,2.8686,2.8549,2.8638,1205047.4
2025-09-23 14:45:00+00:00,2.8639,2.8693,2.8578,2.864,957094.8
2025-09-23 15:00:00+00:00,2.8639,2.8772,2.8587,2.873,1265844.2
2025-09-23 15:15:00+00:00,2.873,2.88,2.8705,2.8754,1490612.3
2025-09-23 15:30:00+00:00,2.8753,2.8839,2.8741,2.8788,1210062.8
2025-09-23 15:45:00+00:00,2.8787,2.8823,2.8748,2.8766,766417.2
2025-09-23 16:00:00+00:00,2.8766,2.879,2.8637,2.8712,1072306.2
2025-09-23 16:15:00+00:00,2.8712,2.8792,2.867,2.8787,776433.7
2025-09-23 16:30:00+00:00,2.8787,2.8835,2.8717,2.8785,1752917.7
2025-09-23 16:45:00+00:00,2.8786,2.8964,2.8785,2.8863,2323104.8
2025-09-23 17:00:00+00:00,2.8862,2.8872,2.8755,2.8767,921930.6
2025-09-23 17:15:00+00:00,2.8767,2.878,2.8686,2.8693,628497.2
2025-09-23 17:30:00+00:00,2.8692,2.875,2.8548,2.8563,2350478.5
2025-09-23 17:45:00+00:00,2.8564,2.8607,2.8451,2.8487,1989615.7
2025-09-23 18:00:00+00:00,2.8487,2.8549,2.8411,2.8536,2009999.3
2025-09-23 18:15:00+00:00,2.8536,2.8549,2.8439,2.8454,920475.4
2025-09-23 18:30:00+00:00,2.8453,2.8521,2.8428,2.8462,601564.1
2025-09-23 18:45:00+00:00,2.8462,2.8477,2.8379,2.8457,1175229.6
2025-09-23 19:00:00+00:00,2.8456,2.8655,2.8454,2.8641,1064373.2
2025-09-23 19:15:00+00:00,2.864,2.87,2.8607,2.8653,694814.8
2025-09-23 19:30:00+00:00,2.8652,2.8659,2.8558,2.8562,664927.4
2025-09-23 19:45:00+00:00,2.8562,2.8577,2.8477,2.8532,1359952.6
2025-09-23 20:00:00+00:00,2.8531,2.8599,2.8488,2.8507,1630486.1
2025-09-23 20:15:00+00:00,2.8507,2.8529,2.8384,2.8436,705968.1
2025-09-23 20:30:00+00:00,2.8437,2.8561,2.8428,2.8525,494434.4
2025-09-23 20:45:00+00:00,2.8526,2.8554,2.8443,2.8551,467574.2
2025-09-23 21:00:00+00:00,2.8551,2.8564,2.8416,2.8451,654100.8
2025-09-23 21:15:00+00:00,2.8452,2.8478,2.8349,2.8471,566958.9
2025-09-23 21:30:00+00:00,2.847,2.8582,2.8462,2.8579,411573.6
2025-09-23 21:45:00+00:00,2.8579,2.8579,2.8478,2.8483,221188.5
2025-09-23 22:00:00+00:00,2.8483,2.8484,2.8412,2.8438,397922.3
2025-09-23 22:15:00+00:00,2.8438,2.8443,2.8356,2.8366,618899.0
2025-09-23 22:30:00+00:00,2.8367,2.8449,2.8367,2.8408,278387.6
2025-09-23 22:45:00+00:00,2.8408,2.8418,2.8333,2.8354,437638.6
2025-09-23 23:00:00+00:00,2.8354,2.8367,2.827,2.8282,1137186.0
2025-09-23 23:15:00+00:00,2.8281,2.8309,2.8175,2.82,1386668.2
2025-09-23 23:30:00+00:00,2.82,2.8333,2.8195,2.8297,763733.5
2025-09-23 23:45:00+00:00,2.8298,2.833,2.8242,2.8247,321571.2
2025-09-24 00:00:00+00:00,2.8247,2.8314,2.8215,2.8308,561310.3
2025-09-24 00:15:00+00:00,2.8307,2.8423,2.8305,2.8382,550185.8
2025-09-24 00:30:00+00:00,2.8382,2.8382,2.8291,2.8329,378702.9
2025-09-24 00:45:00+00:00,2.8329,2.8377,2.8274,2.8282,494258.1
2025-09-24 01:00:00+00:00,2.8282,2.835,2.8247,2.8322,370811.0
2025-09-24 01:15:00+00:00,2.8322,2.8389,2.8307,2.8385,309077.4
2025-09-24 01:30:00+00:00,2.8385,2.8415,2.835,2.8355,513479.6
2025-09-24 01:45:00+00:00,2.8355,2.8431,2.835,2.8411,361422.5
2025-09-24 02:00:00+00:00,2.8411,2.8417,2.8288,2.8291,580437.3
2025-09-24 02:15:00+00:00,2.8291,2.83,2.8214,2.8255,1023734.2
2025-09-24 02:30:00+00:00,2.8256,2.8292,2.821,2.8266,1123947.2
2025-09-24 02:45:00+00:00,2.8267,2.833,2.8188,2.829,5474069.0
2025-09-24 03:00:00+00:00,2.829,2.8347,2.8247,2.8278,914328.4
2025-09-24 03:15:00+00:00,2.8279,2.8309,2.8055,2.8128,2520540.1
2025-09-24 03:30:00+00:00,2.8128,2.8216,2.81,2.8159,1492309.0
2025-09-24 03:45:00+00:00,2.8159,2.818,2.8062,2.814,1455560.9
2025-09-24 04:00:00+00:00,2.8139,2.8139,2.7883,2.805,5345545.3
2025-09-24 04:15:00+00:00,2.805,2.8254,2.7996,2.8244,1715767.4
2025-09-24 04:30:00+00:00,2.8243,2.8488,2.8243,2.8447,2173866.4
2025-09-24 04:45:00+00:00,2.8446,2.8451,2.839,2.8402,1110296.8
2025-09-24 05:00:00+00:00,2.8402,2.8471,2.8376,2.8457,2404005.2
2025-09-24 05:15:00+00:00,2.8457,2.8484,2.8398,2.8444,797706.5
2025-09-24 05:30:00+00:00,2.8443,2.8568,2.8423,2.855,1022620.1
2025-09-24 05:45:00+00:00,2.8551,2.8609,2.8542,2.8572,731153.6
2025-09-24 06:00:00+00:00,2.8573,2.8624,2.8537,2.8581,725168.3
2025-09-24 06:15:00+00:00,2.858,2.8689,2.8551,2.8566,1874451.9
2025-09-24 06:30:00+00:00,2.8566,2.857,2.8508,2.8541,1357094.4
2025-09-24 06:45:00+00:00,2.8541,2.8585,2.8533,2.8559,872109.2
2025-09-24 07:00:00+00:00,2.856,2.8688,2.8545,2.868,1125760.6
2025-09-24 07:15:00+00:00,2.8679,2.8726,2.8621,2.8644,646823.9
2025-09-24 07:30:00+00:00,2.8644,2.8746,2.8624,2.8723,563324.6
2025-09-24 07:45:00+00:00,2.8724,2.8774,2.8705,2.8736,926000.9
2025-09-24 08:00:00+00:00,2.8737,2.8745,2.8692,2.8719,496052.9
2025-09-24 08:15:00+00:00,2.8719,2.8746,2.8671,2.8718,578595.1
2025-09-24 08:30:00+00:00,2.8718,2.8769,2.8718,2.8764,528593.5
2025-09-24 08:45:00+00:00,2.8764,2.8799,2.873,2.8746,449650.0
2025-09-24 09:00:00+00:00,2.8747,2.8747,2.8718,2.8727,310258.4
2025-09-24 09:15:00+00:00,2.8727,2.8741,2.8703,2.8729,595095.4
2025-09-24 09:30:00+00:00,2.8729,2.8791,2.8729,2.8775,853859.4
2025-09-24 09:45:00+00:00,2.8776,2.8784,2.8723,2.8733,1330987.3
2025-09-24 10:00:00+00:00,2.8733,2.8752,2.8703,2.8713,1597158.8
2025-09-24 10:15:00+00:00,2.8713,2.8739,2.8685,2.8693,448707.4
2025-09-24 10:30:00+00:00,2.8692,2.8737,2.8684,2.8707,521747.8
2025-09-24 10:45:00+00:00,2.8708,2.874,2.8677,2.8726,468382.2
2025-09-24 11:00:00+00:00,2.8725,2.8842,2.8719,2.8821,860215.2
2025-09-24 11:15:00+00:00,2.882,2.8841,2.8761,2.8767,459314.3
2025-09-24 11:30:00+00:00,2.8767,2.8818,2.8752,2.8781,748031.8
2025-09-24 11:45:00+00:00,2.878,2.882,2.8757,2.8804,674741.4
2025-09-24 12:00:00+00:00,2.8804,2.8874,2.8803,2.8858,801370.7
2025-09-24 12:15:00+00:00,2.8858,2.8875,2.8784,2.879,891224.0
2025-09-24 12:30:00+00:00,2.8789,2.8835,2.8787,2.8824,467588.0
2025-09-24 12:45:00+00:00,2.8824,2.8825,2.8751,2.8767,691492.3
2025-09-24 13:00:00+00:00,2.8767,2.8788,2.8737,2.8751,511953.2
2025-09-24 13:15:00+00:00,2.8752,2.8805,2.8742,2.877,417189.9
2025-09-24 13:30:00+00:00,2.877,2.8868,2.8718,2.8825,982869.8
2025-09-24 13:45:00+00:00,2.8825,2.8861,2.876,2.8766,804846.9
2025-09-24 14:00:00+00:00,2.8766,2.8909,2.8766,2.8906,1088598.2
2025-09-24 14:15:00+00:00,2.8906,2.8957,2.8863,2.8949,1031521.4
2025-09-24 14:30:00+00:00,2.895,2.905,2.8941,2.905,1694362.5
2025-09-24 14:45:00+00:00,2.9049,2.9261,2.9045,2.9197,4243450.6
2025-09-24 15:00:00+00:00,2.9197,2.9245,2.9084,2.909,2027498.4
2025-09-24 15:15:00+00:00,2.9089,2.9244,2.9089,2.9238,1453446.1
2025-09-24 15:30:00+00:00,2.9239,2.9382,2.9234,2.9338,1983633.6
2025-09-24 15:45:00+00:00,2.9337,2.9511,2.9253,2.9404,2900493.4
2025-09-24 16:00:00+00:00,2.9403,2.9472,2.9289,2.9314,1613238.2
2025-09-24 16:15:00+00:00,2.9314,2.9487,2.9313,2.9448,1424513.3
2025-09-24 16:30:00+00:00,2.9449,2.9476,2.9316,2.9442,1733082.9
2025-09-24 16:45:00+00:00,2.9442,2.9524,2.9405,2.9462,1750065.5
2025-09-24 17:00:00+00:00,2.9462,2.9492,2.9386,2.9473,1562442.3
2025-09-24 17:15:00+00:00,2.9474,2.9493,2.9347,2.9368,1320460.0
2025-09-24 17:30:00+00:00,2.9368,2.956,2.9363,2.9495,1437951.8
2025-09-24 17:45:00+00:00,2.9495,2.951,2.9403,2.944,1332705.0
2025-09-24 18:00:00+00:00,2.944,2.9511,2.9405,2.9487,959404.4
2025-09-24 18:15:00+00:00,2.9486,2.9534,2.9445,2.9529,974462.5
2025-09-24 18:30:00+00:00,2.9528,2.9557,2.9475,2.9519,1214979.6
2025-09-24 18:45:00+00:00,2.9519,2.9535,2.9464,2.9513,851063.5
2025-09-24 19:00:00+00:00,2.9512,2.9568,2.9481,2.9515,1718222.7
2025-09-24 19:15:00+00:00,2.9516,2.9553,2.9501,2.9526,884365.3
2025-09-24 19:30:00+00:00,2.9525,2.9608,2.9476,2.9596,1605049.4
2025-09-24 19:45:00+00:00,2.9596,2.9955,2.957,2.9773,6364036.2
2025-09-24 20:00:00+00:00,2.9772,2.9796,2.9637,2.9645,2688921.0
2025-09-24 20:15:00+00:00,2.9645,2.9753,2.9622,2.9649,1211103.2
2025-09-24 20:30:00+00:00,2.9648,2.9649,2.9517,2.9587,1145459.7
2025-09-24 20:45:00+00:00,2.9586,2.9767,2.9581,2.9685,1341979.8
2025-09-24 21:00:00+00:00,2.9686,2.9759,2.9628,2.971,1153060.3
2025-09-24 21:15:00+00:00,2.971,2.9727,2.9597,2.9638,1059731.2
2025-09-24 21:30:00+00:00,2.9638,2.9657,2.9537,2.9546,1534345.3
2025-09-24 21:45:00+00:00,2.9546,2.9604,2.9412,2.9439,1548460.1
2025-09-24 22:00:00+00:00,2.9439,2.9588,2.943,2.9573,1429927.9
2025-09-24 22:15:00+00:00,2.9573,2.96,2.9444,2.9446,1085603.7
2025-09-24 22:30:00+00:00,2.9445,2.9491,2.942,2.9461,1668083.7
2025-09-24 22:45:00+00:00,2.9461,2.9505,2.9366,2.942,1518748.9
2025-09-24 23:00:00+00:00,2.9421,2.9479,2.9352,2.9395,1519407.9
2025-09-24 23:15:00+00:00,2.9395,2.9403,2.929,2.9291,1889972.5
2025-09-24 23:30:00+00:00,2.9291,2.9319,2.9234,2.9299,2193281.2
2025-09-24 23:45:00+00:00,2.9298,2.9325,2.9243,2.9257,1254304.9
2025-09-25 00:00:00+00:00,2.9257,2.9442,2.9255,2.943,2024248.1
2025-09-25 00:15:00+00:00,2.9431,2.9446,2.9215,2.922,1443033.7
2025-09-25 00:30:00+00:00,2.9219,2.932,2.9217,2.9241,922550.5
2025-09-25 00:45:00+00:00,2.9241,2.9257,2.9116,2.9142,2251092.0
2025-09-25 01:00:00+00:00,2.9142,2.9192,2.9057,2.9108,1596666.1
2025-09-25 01:15:00+00:00,2.9107,2.9148,2.9042,2.9095,825855.5
2025-09-25 01:30:00+00:00,2.9095,2.9095,2.8955,2.898,1459453.9
2025-09-25 01:45:00+00:00,2.8981,2.9018,2.8905,2.896,1336055.0
2025-09-25 02:00:00+00:00,2.896,2.9104,2.8957,2.8984,1257433.8
2025-09-25 02:15:00+00:00,2.8984,2.8984,2.8883,2.8977,1577374.7
2025-09-25 02:30:00+00:00,2.8977,2.9175,2.8972,2.9035,2021438.6
2025-09-25 02:45:00+00:00,2.9035,2.911,2.9024,2.9047,986729.0
2025-09-25 03:00:00+00:00,2.9047,2.9048,2.8953,2.8957,487785.3
2025-09-25 03:15:00+00:00,2.8957,2.8978,2.8756,2.8772,1617467.5
2025-09-25 03:30:00+00:00,2.8772,2.8803,2.872,2.8752,2276253.5
2025-09-25 03:45:00+00:00,2.8752,2.8764,2.87,2.873,1794298.3
2025-09-25 04:00:00+00:00,2.873,2.8785,2.861,2.8634,1439058.2
2025-09-25 04:15:00+00:00,2.8633,2.864,2.8385,2.8531,5537644.9
2025-09-25 04:30:00+00:00,2.8531,2.8554,2.8425,2.8492,3264415.8
2025-09-25 04:45:00+00:00,2.8493,2.8572,2.8324,2.845,4197869.8
2025-09-25 05:00:00+00:00,2.845,2.8535,2.8352,2.852,3467320.3
2025-09-25 05:15:00+00:00,2.852,2.8633,2.85,2.8617,1549388.6
2025-09-25 05:30:00+00:00,2.8616,2.8616,2.8543,2.8579,1101358.8
2025-09-25 05:45:00+00:00,2.858,2.8665,2.8551,2.8653,989636.4
2025-09-25 06:00:00+00:00,2.8652,2.8654,2.8467,2.8483,2171788.7
2025-09-25 06:15:00+00:00,2.8482,2.8548,2.8445,2.851,1116732.9
2025-09-25 06:30:00+00:00,2.8511,2.8615,2.8496,2.8508,921181.7
2025-09-25 06:45:00+00:00,2.8508,2.8528,2.8442,2.8459,921022.7
2025-09-25 07:00:00+00:00,2.8459,2.8527,2.8388,2.8464,1370054.5
2025-09-25 07:15:00+00:00,2.8464,2.858,2.845,2.853,812375.8
2025-09-25 07:30:00+00:00,2.8531,2.8549,2.847,2.853,540650.5
2025-09-25 07:45:00+00:00,2.853,2.8541,2.8386,2.8424,825348.6
2025-09-25 08:00:00+00:00,2.8424,2.8548,2.8394,2.8487,1462618.9
2025-09-25 08:15:00+00:00,2.8486,2.8549,2.8412,2.8512,1212837.4
2025-09-25 08:30:00+00:00,2.8511,2.8512,2.833,2.8347,1828180.7
2025-09-25 08:45:00+00:00,2.8347,2.8356,2.8267,2.8319,1912047.6
2025-09-25 09:00:00+00:00,2.8319,2.8444,2.8294,2.8434,816813.7
2025-09-25 09:15:00+00:00,2.8434,2.8478,2.8376,2.8416,1529177.2
2025-09-25 09:30:00+00:00,2.8415,2.8439,2.8309,2.8342,2029386.9
2025-09-25 09:45:00+00:00,2.8341,2.8364,2.8247,2.8276,1413542.6
2025-09-25 10:00:00+00:00,2.8276,2.8315,2.8244,2.8302,1039053.3
2025-09-25 10:15:00+00:00,2.8303,2.838,2.83,2.8314,685238.5
2025-09-25 10:30:00+00:00,2.8313,2.8317,2.8226,2.8257,1218476.7
2025-09-25 10:45:00+00:00,2.8256,2.8256,2.8176,2.8177,1120467.3
2025-09-25 11:00:00+00:00,2.8177,2.8233,2.8122,2.8156,1171595.3
2025-09-25 11:15:00+00:00,2.8155,2.8158,2.8074,2.8123,2759252.7
2025-09-25 11:30:00+00:00,2.8123,2.8169,2.8102,2.8152,1261968.7
2025-09-25 11:45:00+00:00,2.8152,2.8173,2.8108,2.8154,800479.7
2025-09-25 12:00:00+00:00,2.8154,2.8241,2.8138,2.824,1141359.4
2025-09-25 12:15:00+00:00,2.8239,2.8244,2.794,2.795,3760382.9
2025-09-25 12:30:00+00:00,2.7944,2.8312,2.7852,2.8276,7282429.9
2025-09-25 12:45:00+00:00,2.8276,2.8416,2.8223,2.8278,2646133.4
2025-09-25 13:00:00+00:00,2.8277,2.8298,2.8068,2.8264,2950308.9
2025-09-25 13:15:00+00:00,2.8264,2.8576,2.8247,2.8497,4621772.7
2025-09-25 13:30:00+00:00,2.8496,2.852,2.8232,2.8281,2322800.4
2025-09-25 13:45:00+00:00,2.8281,2.8388,2.8237,2.8267,1800695.6
2025-09-25 14:00:00+00:00,2.8267,2.8484,2.8267,2.8483,2013627.5
2025-09-25 14:15:00+00:00,2.8483,2.8607,2.8478,2.8499,2651979.5
2025-09-25 14:30:00+00:00,2.8498,2.8571,2.84,2.8473,1875413.2
2025-09-25 14:45:00+00:00,2.8473,2.8481,2.838,2.8387,1097421.9
2025-09-25 15:00:00+00:00,2.8386,2.8404,2.8296,2.8308,1992830.8
2025-09-25 15:15:00+00:00,2.8308,2.8326,2.8234,2.8268,1552914.3
2025-09-25 15:30:00+00:00,2.8268,2.8365,2.8259,2.8273,1049747.8
2025-09-25 15:45:00+00:00,2.8273,2.8312,2.8202,2.8312,1030477.6
2025-09-25 16:00:00+00:00,2.8312,2.8377,2.828,2.8296,1041158.8
2025-09-25 16:15:00+00:00,2.8297,2.8304,2.8036,2.8052,2328484.0
2025-09-25 16:30:00+00:00,2.8053,2.8138,2.8034,2.8098,1258812.0
2025-09-25 16:45:00+00:00,2.8099,2.8138,2.7873,2.7914,3674336.4
2025-09-25 17:00:00+00:00,2.7914,2.7939,2.7618,2.7619,4179613.1
2025-09-25 17:15:00+00:00,2.7619,2.7787,2.7534,2.7705,7835451.2
2025-09-25 17:30:00+00:00,2.7704,2.7743,2.7415,2.7515,6550277.3
2025-09-25 17:45:00+00:00,2.7515,2.7615,2.7244,2.7368,6934907.4
2025-09-25 18:00:00+00:00,2.7368,2.7614,2.7336,2.7609,4082156.6
2025-09-25 18:15:00+00:00,2.7609,2.7837,2.7546,2.7808,3173083.8
2025-09-25 18:30:00+00:00,2.7808,2.7908,2.773,2.7856,2271294.8
2025-09-25 18:45:00+00:00,2.7855,2.8004,2.7789,2.8003,3068787.9
2025-09-25 19:00:00+00:00,2.8004,2.8063,2.7967,2.7975,1516372.3
2025-09-25 19:15:00+00:00,2.7975,2.8139,2.795,2.8092,1571570.4
2025-09-25 19:30:00+00:00,2.8092,2.8115,2.7831,2.784,1622048.7
2025-09-25 19:45:00+00:00,2.7841,2.7845,2.7473,2.7606,4804469.2
2025-09-25 20:00:00+00:00,2.7607,2.7688,2.7561,2.7619,1694638.6
2025-09-25 20:15:00+00:00,2.7619,2.7721,2.7576,2.7596,1309931.8
2025-09-25 20:30:00+00:00,2.7596,2.7597,2.7503,2.7569,1241941.7
2025-09-25 20:45:00+00:00,2.7569,2.7621,2.746,2.7479,1801626.3
2025-09-25 21:00:00+00:00,2.748,2.7646,2.7463,2.7546,1634166.4
2025-09-25 21:15:00+00:00,2.7545,2.7595,2.7482,2.7519,1100313.0
2025-09-25 21:30:00+00:00,2.7519,2.7542,2.7338,2.7418,2294821.7
2025-09-25 21:45:00+00:00,2.7417,2.76,2.7417,2.7573,810019.2
2025-09-25 22:00:00+00:00,2.7572,2.7664,2.7493,2.7655,1055670.6
2025-09-25 22:15:00+00:00,2.7655,2.7685,2.7518,2.7538,1116062.2
2025-09-25 22:30:00+00:00,2.7539,2.7574,2.7516,2.7552,944148.9
2025-09-25 22:45:00+00:00,2.7553,2.7559,2.7449,2.7546,1153096.6
2025-09-25 23:00:00+00:00,2.7546,2.7649,2.7522,2.7536,1049857.3
2025-09-25 23:15:00+00:00,2.7535,2.7597,2.7502,2.7543,1429723.7
2025-09-25 23:30:00+00:00,2.7542,2.7543,2.7321,2.7383,3588330.1
2025-09-25 23:45:00+00:00,2.7383,2.7447,2.7335,2.7435,2128988.2
2025-09-26 00:00:00+00:00,2.7435,2.7561,2.7424,2.7549,1632550.5
2025-09-26 00:15:00+00:00,2.7549,2.7652,2.7549,2.7613,1483407.4
2025-09-26 00:30:00+00:00,2.7613,2.7613,2.7394,2.7398,921846.9
2025-09-26 00:45:00+00:00,2.7398,2.7726,2.7387,2.7682,1580352.8
2025-09-26 01:00:00+00:00,2.7683,2.771,2.7577,2.7658,1678354.6
2025-09-26 01:15:00+00:00,2.7658,2.7774,2.7653,2.7673,1153214.1
2025-09-26 01:30:00+00:00,2.7673,2.7725,2.764,2.7676,876349.9
2025-09-26 01:45:00+00:00,2.7675,2.7732,2.7619,2.7676,1207174.6
2025-09-26 02:00:00+00:00,2.7675,2.7787,2.7555,2.7596,1149633.0
2025-09-26 02:15:00+00:00,2.7595,2.7666,2.7532,2.7545,1250260.8
2025-09-26 02:30:00+00:00,2.7545,2.761,2.7495,2.7578,827235.4
2025-09-26 02:45:00+00:00,2.7579,2.7665,2.7555,2.7589,886262.7
2025-09-26 03:00:00+00:00,2.7589,2.7598,2.744,2.7584,1023383.3
2025-09-26 03:15:00+00:00,2.7584,2.7636,2.7531,2.7539,587355.4
2025-09-26 03:30:00+00:00,2.7539,2.7558,2.7464,2.7527,528347.7
2025-09-26 03:45:00+00:00,2.7528,2.7629,2.7476,2.7611,879392.0
2025-09-26 04:00:00+00:00,2.7611,2.763,2.7537,2.7583,555929.6
2025-09-26 04:15:00+00:00,2.7584,2.7659,2.7552,2.7611,498320.9
2025-09-26 04:30:00+00:00,2.7611,2.7611,2.754,2.7563,380290.3
2025-09-26 04:45:00+00:00,2.7563,2.7639,2.755,2.7633,528707.0
2025-09-26 05:00:00+00:00,2.7633,2.771,2.7604,2.7653,911387.2
2025-09-26 05:15:00+00:00,2.7654,2.7754,2.7651,2.7739,695252.1
2025-09-26 05:30:00+00:00,2.7738,2.7739,2.759,2.7611,678567.4
2025-09-26 05:45:00+00:00,2.7612,2.7636,2.7506,2.7529,1141955.6
2025-09-26 06:00:00+00:00,2.753,2.755,2.7379,2.7486,2352671.6
2025-09-26 06:15:00+00:00,2.7485,2.7716,2.7472,2.7637,2097584.2
2025-09-26 06:30:00+00:00,2.7637,2.7705,2.7571,2.7685,1379681.4
2025-09-26 06:45:00+00:00,2.7684,2.7684,2.752,2.7554,2088037.5
2025-09-26 07:00:00+00:00,2.7553,2.766,2.7551,2.7655,1968602.7
2025-09-26 07:15:00+00:00,2.7655,2.7676,2.7575,2.7575,1439099.7
2025-09-26 07:30:00+00:00,2.7574,2.7574,2.7397,2.7399,4297527.6
2025-09-26 07:45:00+00:00,2.7398,2.774,2.738,2.7551,5350076.5
2025-09-26 08:00:00+00:00,2.7551,2.7661,2.755,2.763,857594.0
2025-09-26 08:15:00+00:00,2.763,2.7687,2.7556,2.7619,600689.0
2025-09-26 08:30:00+00:00,2.7619,2.7671,2.7608,2.7653,548601.3
2025-09-26 08:45:00+00:00,2.7653,2.7668,2.7567,2.759,978504.0
2025-09-26 09:00:00+00:00,2.7589,2.7663,2.7536,2.7662,1724680.6
2025-09-26 09:15:00+00:00,2.7662,2.7663,2.7583,2.7623,435495.5
2025-09-26 09:30:00+00:00,2.7623,2.7638,2.7205,2.7433,4288812.3
2025-09-26 09:45:00+00:00,2.7433,2.75,2.7419,2.7488,537455.6
2025-09-26 10:00:00+00:00,2.7488,2.7489,2.7236,2.7274,2695529.0
2025-09-26 10:15:00+00:00,2.7274,2.7312,2.7234,2.728,2582708.4
2025-09-26 10:30:00+00:00,2.7279,2.7304,2.7174,2.7178,2329723.5
2025-09-26 10:45:00+00:00,2.7178,2.7226,2.7095,2.7098,3331457.1
2025-09-26 11:00:00+00:00,2.7098,2.7123,2.6984,2.7014,5749023.5
2025-09-26 11:15:00+00:00,2.7014,2.7139,2.6994,2.7069,4590895.7
2025-09-26 11:30:00+00:00,2.707,2.7262,2.7067,2.7243,1702587.0
2025-09-26 11:45:00+00:00,2.7242,2.7331,2.7227,2.7277,1368841.3
2025-09-26 12:00:00+00:00,2.7277,2.7278,2.7062,2.7063,1158789.1
2025-09-26 12:15:00+00:00,2.7062,2.7328,2.7062,2.7302,1346925.2
2025-09-26 12:30:00+00:00,2.7302,2.7766,2.719,2.762,9515823.7
2025-09-26 12:45:00+00:00,2.7619,2.7638,2.7426,2.7535,3006680.3
2025-09-26 13:00:00+00:00,2.7536,2.7568,2.7405,2.7423,1639448.1
2025-09-26 13:15:00+00:00,2.7423,2.7503,2.7353,2.7392,1241063.6
2025-09-26 13:30:00+00:00,2.7392,2.7584,2.7326,2.7523,2048213.5
2025-09-26 13:45:00+00:00,2.7523,2.7684,2.7479,2.7614,3135303.0
2025-09-26 14:00:00+00:00,2.7613,2.7636,2.7357,2.7374,2195272.9
2025-09-26 14:15:00+00:00,2.7373,2.7418,2.7185,2.7249,1826677.6
2025-09-26 14:30:00+00:00,2.7248,2.7248,2.705,2.7066,2728293.6
2025-09-26 14:45:00+00:00,2.7065,2.713,2.7004,2.7077,2833763.3
2025-09-26 15:00:00+00:00,2.7078,2.7277,2.7061,2.718,1935785.5
2025-09-26 15:15:00+00:00,2.718,2.7438,2.7142,2.7436,1854980.1
2025-09-26 15:30:00+00:00,2.7435,2.7482,2.7336,2.7395,2122781.7
2025-09-26 15:45:00+00:00,2.7394,2.7428,2.7307,2.7353,1806795.9
2025-09-26 16:00:00+00:00,2.7353,2.7535,2.7319,2.7465,1630441.5
2025-09-26 16:15:00+00:00,2.7466,2.7618,2.7455,2.7509,2053559.5
2025-09-26 16:30:00+00:00,2.7508,2.7565,2.7472,2.7536,1057290.4
2025-09-26 16:45:00+00:00,2.7536,2.7661,2.7528,2.763,1408254.8
2025-09-26 17:00:00+00:00,2.7631,2.7756,2.7627,2.7731,1649868.3
2025-09-26 17:15:00+00:00,2.7732,2.7919,2.7691,2.7901,2816992.8
2025-09-26 17:30:00+00:00,2.79,2.7922,2.7839,2.7876,2160232.1
2025-09-26 17:45:00+00:00,2.7876,2.7973,2.7862,2.7934,2323880.2
2025-09-26 18:00:00+00:00,2.7933,2.8013,2.7906,2.8004,2045007.4
2025-09-26 18:15:00+00:00,2.8004,2.8089,2.7996,2.8077,1465026.9
2025-09-26 18:30:00+00:00,2.8077,2.809,2.7982,2.7982,1146464.5
2025-09-26 18:45:00+00:00,2.7983,2.8061,2.7959,2.8029,1259450.4
2025-09-26 19:00:00+00:00,2.8028,2.8059,2.791,2.7963,1642293.9
2025-09-26 19:15:00+00:00,2.7962,2.8059,2.7878,2.7883,1899868.3
2025-09-26 19:30:00+00:00,2.7883,2.7929,2.7723,2.7754,3387341.3
2025-09-26 19:45:00+00:00,2.7754,2.7999,2.7754,2.7918,1732553.6
2025-09-26 20:00:00+00:00,2.7918,2.7962,2.7851,2.7956,1180761.8
2025-09-26 20:15:00+00:00,2.7955,2.7974,2.7825,2.7855,1394862.0
2025-09-26 20:30:00+00:00,2.7854,2.7879,2.7793,2.7796,1192944.8
2025-09-26 20:45:00+00:00,2.7797,2.7826,2.7769,2.7781,775874.0
2025-09-26 21:00:00+00:00,2.778,2.7808,2.7698,2.7802,3711477.3
2025-09-26 21:15:00+00:00,2.7802,2.7883,2.7738,2.7871,1037979.9
2025-09-26 21:30:00+00:00,2.7872,2.789,2.7773,2.7773,808675.1
2025-09-26 21:45:00+00:00,2.7773,2.7871,2.776,2.7862,588313.6
2025-09-26 22:00:00+00:00,2.7863,2.7907,2.7811,2.7898,498005.2
2025-09-26 22:15:00+00:00,2.7897,2.793,2.785,2.7853,788471.0
2025-09-26 22:30:00+00:00,2.7853,2.7898,2.784,2.7873,422794.9
2025-09-26 22:45:00+00:00,2.7873,2.7895,2.7818,2.7821,293851.9
2025-09-26 23:00:00+00:00,2.7822,2.7822,2.7755,2.7764,358864.4
2025-09-26 23:15:00+00:00,2.7764,2.7835,2.7752,2.7829,434967.1
2025-09-26 23:30:00+00:00,2.7828,2.7887,2.7827,2.7853,550933.1
2025-09-26 23:45:00+00:00,2.7853,2.7867,2.7826,2.7835,335995.4
2025-09-27 00:00:00+00:00,2.7836,2.7836,2.7762,2.777,418854.2
2025-09-27 00:15:00+00:00,2.7771,2.7824,2.7758,2.7808,402903.2
2025-09-27 00:30:00+00:00,2.7807,2.7835,2.7753,2.778,546996.0
2025-09-27 00:45:00+00:00,2.778,2.7822,2.7727,2.7803,480521.0
2025-09-27 01:00:00+00:00,2.7803,2.7826,2.7759,2.7785,423554.0
2025-09-27 01:15:00+00:00,2.7786,2.7796,2.7676,2.7704,676854.8
2025-09-27 01:30:00+00:00,2.7705,2.7723,2.7675,2.77,342149.7
2025-09-27 01:45:00+00:00,2.7701,2.7735,2.7691,2.7728,395170.2
2025-09-27 02:00:00+00:00,2.7729,2.7753,2.7697,2.7753,325481.7
2025-09-27 02:15:00+00:00,2.7753,2.7765,2.77,2.7732,668671.6
2025-09-27 02:30:00+00:00,2.7731,2.7827,2.7712,2.7826,273053.1
2025-09-27 02:45:00+00:00,2.7827,2.7844,2.7772,2.7777,384895.7
2025-09-27 03:00:00+00:00,2.7777,2.7855,2.7767,2.7833,383443.4
2025-09-27 03:15:00+00:00,2.7832,2.7894,2.7831,2.7884,383715.8
2025-09-27 03:30:00+00:00,2.7884,2.79,2.7862,2.789,514750.3
2025-09-27 03:45:00+00:00,2.7889,2.79,2.783,2.7836,336962.1
2025-09-27 04:00:00+00:00,2.7835,2.7867,2.7798,2.7798,498685.9
2025-09-27 04:15:00+00:00,2.7799,2.787,2.7795,2.7869,509835.1
2025-09-27 04:30:00+00:00,2.7869,2.79,2.7856,2.7857,449496.1
2025-09-27 04:45:00+00:00,2.7857,2.7871,2.7829,2.7835,173180.9
2025-09-27 05:00:00+00:00,2.7834,2.7834,2.7757,2.7787,297386.2
2025-09-27 05:15:00+00:00,2.7786,2.7812,2.7778,2.7805,164291.2
2025-09-27 05:30:00+00:00,2.7805,2.789,2.7798,2.7887,314181.0
2025-09-27 05:45:00+00:00,2.7887,2.7913,2.7877,2.7902,332818.5
2025-09-27 06:00:00+00:00,2.7902,2.7909,2.7862,2.7888,524799.8
2025-09-27 06:15:00+00:00,2.7887,2.7912,2.7869,2.7895,334202.9
2025-09-27 06:30:00+00:00,2.7896,2.7945,2.789,2.7908,430116.5
2025-09-27 06:45:00+00:00,2.7908,2.797,2.79,2.7969,312162.4
2025-09-27 07:00:00+00:00,2.797,2.8016,2.7941,2.7942,723830.2
2025-09-27 07:15:00+00:00,2.7942,2.7947,2.7895,2.7897,334090.5
2025-09-27 07:30:00+00:00,2.7898,2.79,2.7803,2.7816,443200.1
2025-09-27 07:45:00+00:00,2.7815,2.7817,2.7791,2.781,909423.6
2025-09-27 08:00:00+00:00,2.7809,2.7814,2.7702,2.7712,810613.0
2025-09-27 08:15:00+00:00,2.7712,2.7758,2.7694,2.7758,487779.9
2025-09-27 08:30:00+00:00,2.7757,2.7772,2.7738,2.7748,430880.1
2025-09-27 08:45:00+00:00,2.7748,2.7775,2.768,2.7696,351454.9
2025-09-27 09:00:00+00:00,2.7696,2.7725,2.7619,2.767,726696.9
2025-09-27 09:15:00+00:00,2.767,2.7745,2.7663,2.7731,375573.1
2025-09-27 09:30:00+00:00,2.7731,2.7814,2.773,2.7789,518643.3
2025-09-27 09:45:00+00:00,2.779,2.7834,2.7784,2.7814,453380.6
2025-09-27 10:00:00+00:00,2.7813,2.7853,2.781,2.784,195496.4
2025-09-27 10:15:00+00:00,2.7839,2.7846,2.7781,2.78,258502.6
2025-09-27 10:30:00+00:00,2.78,2.7926,2.78,2.7924,502035.3
2025-09-27 10:45:00+00:00,2.7925,2.7939,2.788,2.7881,434585.2
2025-09-27 11:00:00+00:00,2.788,2.7889,2.7837,2.7839,180594.4
2025-09-27 11:15:00+00:00,2.784,2.7864,2.781,2.7823,416507.1
2025-09-27 11:30:00+00:00,2.7823,2.7824,2.777,2.7771,203821.7
2025-09-27 11:45:00+00:00,2.7771,2.7771,2.7753,2.777,232235.2
2025-09-27 12:00:00+00:00,2.777,2.7785,2.7735,2.7767,394578.9
2025-09-27 12:15:00+00:00,2.7767,2.7785,2.7746,2.7773,366042.7
2025-09-27 12:30:00+00:00,2.7773,2.784,2.7766,2.7828,237356.0
2025-09-27 12:45:00+00:00,2.7827,2.789,2.7816,2.7844,600396.6
2025-09-27 13:00:00+00:00,2.7844,2.7848,2.7809,2.7845,1242250.5
2025-09-27 13:15:00+00:00,2.7845,2.7871,2.7841,2.7842,291005.2
2025-09-27 13:30:00+00:00,2.7842,2.7848,2.7805,2.7845,824367.1
2025-09-27 13:45:00+00:00,2.7845,2.7855,2.7802,2.7816,208424.5
2025-09-27 14:00:00+00:00,2.7817,2.7862,2.78,2.7842,278735.2
2025-09-27 14:15:00+00:00,2.7842,2.7842,2.7815,2.7828,202699.7
2025-09-27 14:30:00+00:00,2.7829,2.7849,2.7822,2.7835,192841.8
2025-09-27 14:45:00+00:00,2.7834,2.7834,2.7801,2.7824,152040.0
2025-09-27 15:00:00+00:00,2.7825,2.7825,2.7727,2.7745,545562.4
2025-09-27 15:15:00+00:00,2.7746,2.7777,2.774,2.777,395607.4
2025-09-27 15:30:00+00:00,2.7769,2.7847,2.774,2.7822,225691.8
2025-09-27 15:45:00+00:00,2.7823,2.785,2.7815,2.7842,237321.6
2025-09-27 16:00:00+00:00,2.7842,2.7849,2.7789,2.779,314284.3
2025-09-27 16:15:00+00:00,2.7789,2.7837,2.7777,2.7831,317250.8
2025-09-27 16:30:00+00:00,2.783,2.7853,2.7788,2.7788,218157.7
2025-09-27 16:45:00+00:00,2.7789,2.78,2.7747,2.7765,256828.8
2025-09-27 17:00:00+00:00,2.7765,2.7774,2.7691,2.7702,604301.6
2025-09-27 17:15:00+00:00,2.7702,2.7705,2.7628,2.7692,814422.7
2025-09-27 17:30:00+00:00,2.7691,2.7775,2.7678,2.7769,385513.8
2025-09-27 17:45:00+00:00,2.7768,2.7849,2.776,2.7838,486227.4
2025-09-27 18:00:00+00:00,2.7838,2.7862,2.7818,2.7843,688955.7
2025-09-27 18:15:00+00:00,2.7842,2.7867,2.7838,2.7865,435617.3
2025-09-27 18:30:00+00:00,2.7866,2.79,2.7866,2.7887,937139.0
2025-09-27 18:45:00+00:00,2.7887,2.7902,2.7886,2.7902,460570.2
2025-09-27 19:00:00+00:00,2.7902,2.7916,2.7894,2.7897,506090.7
2025-09-27 19:15:00+00:00,2.7897,2.7948,2.7871,2.794,1077925.2
2025-09-27 19:30:00+00:00,2.7939,2.7949,2.7879,2.7883,322201.5
2025-09-27 19:45:00+00:00,2.7883,2.7922,2.7874,2.79,130425.8
2025-09-27 20:00:00+00:00,2.7899,2.7921,2.7877,2.791,180953.9
2025-09-27 20:15:00+00:00,2.7911,2.7977,2.789,2.7976,292890.0
2025-09-27 20:30:00+00:00,2.7977,2.7984,2.7943,2.7966,507792.5
2025-09-27 20:45:00+00:00,2.7966,2.798,2.7944,2.7976,170464.2
2025-09-27 21:00:00+00:00,2.7976,2.7988,2.7881,2.7885,908621.7
2025-09-27 21:15:00+00:00,2.7885,2.7911,2.7874,2.7909,326203.2
2025-09-27 21:30:00+00:00,2.7909,2.7976,2.7905,2.797,241587.0
2025-09-27 21:45:00+00:00,2.7971,2.799,2.7965,2.7981,267126.1
2025-09-27 22:00:00+00:00,2.798,2.8038,2.7972,2.8037,882673.7
2025-09-27 22:15:00+00:00,2.8038,2.8091,2.8037,2.8091,748094.9
2025-09-27 22:30:00+00:00,2.8091,2.8287,2.8086,2.8208,2352080.9
2025-09-27 22:45:00+00:00,2.8207,2.8271,2.8125,2.8188,1158714.7
2025-09-27 23:00:00+00:00,2.8189,2.8263,2.8125,2.8177,626100.0
2025-09-27 23:15:00+00:00,2.8176,2.8196,2.8068,2.8085,711263.9
2025-09-27 23:30:00+00:00,2.8086,2.8128,2.8054,2.8078,363595.7
2025-09-27 23:45:00+00:00,2.8078,2.8112,2.8039,2.8047,326332.5
2025-09-28 00:00:00+00:00,2.8047,2.8074,2.7926,2.795,986705.5
2025-09-28 00:15:00+00:00,2.795,2.8146,2.7917,2.8127,4906386.8
2025-09-28 00:30:00+00:00,2.8126,2.8146,2.7866,2.8059,5382390.6
2025-09-28 00:45:00+00:00,2.8059,2.8066,2.7953,2.8004,1749122.7
2025-09-28 01:00:00+00:00,2.8005,2.8028,2.7931,2.7937,568556.2
2025-09-28 01:15:00+00:00,2.7938,2.7997,2.7932,2.7951,468671.9
2025-09-28 01:30:00+00:00,2.795,2.7971,2.7854,2.7866,473901.8
2025-09-28 01:45:00+00:00,2.7867,2.7899,2.7852,2.7885,451323.3
2025-09-28 02:00:00+00:00,2.7885,2.7925,2.7867,2.7867,259244.3
2025-09-28 02:15:00+00:00,2.7867,2.7921,2.7858,2.7909,198030.8
2025-09-28 02:30:00+00:00,2.7909,2.7942,2.7827,2.7839,352169.2
2025-09-28 02:45:00+00:00,2.7839,2.7876,2.7806,2.7867,181120.4
2025-09-28 03:00:00+00:00,2.7868,2.7916,2.7864,2.7875,243791.2
2025-09-28 03:15:00+00:00,2.7875,2.7887,2.7819,2.7826,346862.3
2025-09-28 03:30:00+00:00,2.7827,2.7848,2.7771,2.7807,428106.6
2025-09-28 03:45:00+00:00,2.7807,2.7838,2.7786,2.7826,168540.0
2025-09-28 04:00:00+00:00,2.7827,2.7859,2.7789,2.7814,251121.7
2025-09-28 04:15:00+00:00,2.7814,2.7854,2.7795,2.7807,221535.0
2025-09-28 04:30:00+00:00,2.7806,2.7879,2.78,2.7877,180705.3
2025-09-28 04:45:00+00:00,2.7876,2.7896,2.7861,2.7889,177234.0
2025-09-28 05:00:00+00:00,2.7888,2.7947,2.7808,2.7812,385276.5
2025-09-28 05:15:00+00:00,2.7812,2.789,2.7811,2.7877,301442.1
2025-09-28 05:30:00+00:00,2.7877,2.7911,2.7831,2.7842,256170.7
2025-09-28 05:45:00+00:00,2.7841,2.7843,2.7812,2.7812,134183.8
2025-09-28 06:00:00+00:00,2.7812,2.7857,2.7809,2.7817,317446.6
2025-09-28 06:15:00+00:00,2.7816,2.783,2.7747,2.7765,659319.8
2025-09-28 06:30:00+00:00,2.7766,2.787,2.775,2.7859,542740.9
2025-09-28 06:45:00+00:00,2.7859,2.7899,2.7814,2.7894,376456.6
2025-09-28 07:00:00+00:00,2.7895,2.79,2.7828,2.7841,289389.6
2025-09-28 07:15:00+00:00,2.7842,2.789,2.7835,2.7855,279563.1
2025-09-28 07:30:00+00:00,2.7854,2.788,2.7832,2.7871,324675.1
2025-09-28 07:45:00+00:00,2.7871,2.789,2.7848,2.7874,192002.5
2025-09-28 08:00:00+00:00,2.7874,2.7926,2.786,2.7909,368009.1
2025-09-28 08:15:00+00:00,2.7909,2.7945,2.7869,2.79,776106.0
2025-09-28 08:30:00+00:00,2.79,2.7908,2.7812,2.7848,1002013.9
2025-09-28 08:45:00+00:00,2.7847,2.7944,2.7846,2.7867,575149.3
2025-09-28 09:00:00+00:00,2.7867,2.7904,2.7831,2.7845,351982.9
2025-09-28 09:15:00+00:00,2.7845,2.7846,2.7731,2.779,569206.9
2025-09-28 09:30:00+00:00,2.7789,2.7835,2.7777,2.7835,502986.7
2025-09-28 09:45:00+00:00,2.7834,2.7834,2.7775,2.7776,221206.9
2025-09-28 10:00:00+00:00,2.7775,2.7775,2.7711,2.7737,563291.3
2025-09-28 10:15:00+00:00,2.7737,2.7781,2.7731,2.7779,459356.9
2025-09-28 10:30:00+00:00,2.7778,2.7855,2.7778,2.7841,395060.0
2025-09-28 10:45:00+00:00,2.7842,2.7854,2.7797,2.7811,201211.6
2025-09-28 11:00:00+00:00,2.7811,2.7812,2.776,2.7761,201613.7
2025-09-28 11:15:00+00:00,2.7761,2.78,2.7701,2.7726,875237.4
2025-09-28 11:30:00+00:00,2.7726,2.7778,2.7718,2.7745,419177.1
2025-09-28 11:45:00+00:00,2.7745,2.7774,2.7718,2.7764,275224.2
2025-09-28 12:00:00+00:00,2.7764,2.7764,2.7676,2.7707,684687.5
2025-09-28 12:15:00+00:00,2.7707,2.7771,2.7693,2.7751,445004.7
2025-09-28 12:30:00+00:00,2.7752,2.7753,2.7661,2.77,631123.0
2025-09-28 12:45:00+00:00,2.7701,2.7735,2.7676,2.7699,519277.9
2025-09-28 13:00:00+00:00,2.7699,2.7788,2.7668,2.7769,591299.6
2025-09-28 13:15:00+00:00,2.777,2.783,2.7762,2.7807,528891.6
2025-09-28 13:30:00+00:00,2.7807,2.7836,2.7793,2.7807,413529.5
2025-09-28 13:45:00+00:00,2.7806,2.7901,2.778,2.786,573486.7
2025-09-28 14:00:00+00:00,2.7859,2.7872,2.779,2.7822,231726.7
2025-09-28 14:15:00+00:00,2.7821,2.789,2.7803,2.789,359991.7
2025-09-28 14:30:00+00:00,2.7889,2.7898,2.786,2.7898,331702.4
2025-09-28 14:45:00+00:00,2.7898,2.7968,2.7894,2.7966,523783.5
2025-09-28 15:00:00+00:00,2.7966,2.8025,2.793,2.8003,855153.5
2025-09-28 15:15:00+00:00,2.8003,2.8138,2.7993,2.806,1107687.3
2025-09-28 15:30:00+00:00,2.8061,2.8116,2.8029,2.8101,550998.4
2025-09-28 15:45:00+00:00,2.81,2.8117,2.8034,2.8107,593914.8
2025-09-28 16:00:00+00:00,2.8106,2.8198,2.8078,2.8084,1395043.7
2025-09-28 16:15:00+00:00,2.8084,2.8125,2.8048,2.8093,802384.5
2025-09-28 16:30:00+00:00,2.8094,2.8142,2.8072,2.8133,2322830.1
2025-09-28 16:45:00+00:00,2.8132,2.8337,2.8125,2.8316,1267141.6
2025-09-28 17:00:00+00:00,2.8316,2.8346,2.8249,2.829,1156703.5
2025-09-28 17:15:00+00:00,2.829,2.8294,2.8206,2.8272,1142915.5
2025-09-28 17:30:00+00:00,2.8273,2.8324,2.8266,2.828,620797.7
2025-09-28 17:45:00+00:00,2.828,2.8303,2.8228,2.8238,433311.4
2025-09-28 18:00:00+00:00,2.8238,2.8269,2.8165,2.8171,443297.2
2025-09-28 18:15:00+00:00,2.8172,2.8218,2.8163,2.821,436500.3
2025-09-28 18:30:00+00:00,2.8211,2.8263,2.821,2.8251,223674.0
2025-09-28 18:45:00+00:00,2.825,2.831,2.8247,2.8304,794777.6
2025-09-28 19:00:00+00:00,2.8304,2.8308,2.8232,2.8233,454974.4
2025-09-28 19:15:00+00:00,2.8233,2.833,2.8221,2.8312,429444.2
2025-09-28 19:30:00+00:00,2.8311,2.8313,2.8258,2.8277,208938.5
2025-09-28 19:45:00+00:00,2.8277,2.8296,2.8266,2.8277,280308.5
2025-09-28 20:00:00+00:00,2.8276,2.8287,2.8266,2.8278,173559.3
2025-09-28 20:15:00+00:00,2.8279,2.8357,2.8268,2.8341,415368.7
2025-09-28 20:30:00+00:00,2.8342,2.8407,2.8342,2.8401,660336.4
2025-09-28 20:45:00+00:00,2.84,2.8476,2.8389,2.8433,1346535.3
2025-09-28 21:00:00+00:00,2.8433,2.8509,2.8425,2.8471,1257326.2
2025-09-28 21:15:00+00:00,2.8471,2.8472,2.8401,2.8422,624367.4
2025-09-28 21:30:00+00:00,2.8422,2.8434,2.8322,2.837,1429962.3
2025-09-28 21:45:00+00:00,2.8369,2.8395,2.8334,2.8395,427150.8
2025-09-28 22:00:00+00:00,2.8395,2.862,2.8391,2.8518,3286450.1
2025-09-28 22:15:00+00:00,2.8518,2.8598,2.8505,2.8548,824493.7
2025-09-28 22:30:00+00:00,2.8549,2.8618,2.8548,2.8612,948461.2
2025-09-28 22:45:00+00:00,2.8613,2.8637,2.8571,2.8581,683891.2
2025-09-28 23:00:00+00:00,2.858,2.867,2.858,2.8621,845298.3
2025-09-28 23:15:00+00:00,2.862,2.8644,2.8581,2.8615,470988.2
2025-09-28 23:30:00+00:00,2.8616,2.867,2.8589,2.8661,646604.5
2025-09-28 23:45:00+00:00,2.8661,2.8675,2.863,2.8674,646394.1
2025-09-29 00:00:00+00:00,2.8675,2.868,2.855,2.8554,1201435.8
2025-09-29 00:15:00+00:00,2.8555,2.8639,2.8529,2.8602,829511.3
2025-09-29 00:30:00+00:00,2.8603,2.8618,2.8538,2.856,358538.6
2025-09-29 00:45:00+00:00,2.8559,2.8641,2.8555,2.8625,756408.2
2025-09-29 01:00:00+00:00,2.8625,2.867,2.8573,2.8647,617206.7
2025-09-29 01:15:00+00:00,2.8648,2.8672,2.8576,2.8595,519037.8
2025-09-29 01:30:00+00:00,2.8595,2.8669,2.8587,2.8637,486073.2
2025-09-29 01:45:00+00:00,2.8637,2.8643,2.856,2.8567,607149.0
2025-09-29 02:00:00+00:00,2.8568,2.8637,2.8482,2.8626,3574960.4
2025-09-29 02:15:00+00:00,2.8626,2.8805,2.8603,2.8717,3037346.9
2025-09-29 02:30:00+00:00,2.8717,2.8835,2.8691,2.8813,1318186.6
2025-09-29 02:45:00+00:00,2.8813,2.8848,2.8718,2.875,2959523.7
2025-09-29 03:00:00+00:00,2.8751,2.8758,2.8578,2.8579,2597692.1
2025-09-29 03:15:00+00:00,2.8578,2.8643,2.8569,2.8631,762276.5
2025-09-29 03:30:00+00:00,2.8631,2.865,2.8567,2.8582,574527.3
2025-09-29 03:45:00+00:00,2.8581,2.8637,2.8573,2.8634,643540.2
2025-09-29 04:00:00+00:00,2.8635,2.8646,2.8574,2.8583,513442.0
2025-09-29 04:15:00+00:00,2.8583,2.8592,2.8527,2.8535,669317.6
2025-09-29 04:30:00+00:00,2.8536,2.8628,2.8521,2.8599,867668.0
2025-09-29 04:45:00+00:00,2.86,2.8654,2.8582,2.8604,1265455.0
2025-09-29 05:00:00+00:00,2.8604,2.8618,2.8508,2.8571,637411.9
2025-09-29 05:15:00+00:00,2.857,2.8581,2.8512,2.8546,668795.0
2025-09-29 05:30:00+00:00,2.8545,2.8567,2.8517,2.8544,687195.9
2025-09-29 05:45:00+00:00,2.8544,2.8609,2.8544,2.8593,383325.4
2025-09-29 06:00:00+00:00,2.8592,2.8608,2.8454,2.8502,1634052.7
2025-09-29 06:15:00+00:00,2.8502,2.8597,2.8487,2.8542,894556.3
2025-09-29 06:30:00+00:00,2.8543,2.8657,2.8526,2.8655,898440.0
2025-09-29 06:45:00+00:00,2.8656,2.8703,2.864,2.8682,1110304.9
2025-09-29 07:00:00+00:00,2.8683,2.8723,2.8662,2.869,696881.7
2025-09-29 07:15:00+00:00,2.8691,2.8944,2.8646,2.8916,1941362.2
2025-09-29 07:30:00+00:00,2.8916,2.9054,2.8901,2.8967,3576426.2
2025-09-29 07:45:00+00:00,2.8967,2.8985,2.884,2.8869,1589763.3
2025-09-29 08:00:00+00:00,2.8868,2.8926,2.8828,2.8871,1842212.9
2025-09-29 08:15:00+00:00,2.887,2.8924,2.8825,2.8893,691828.7
2025-09-29 08:30:00+00:00,2.8893,2.8899,2.8853,2.8881,627782.8
2025-09-29 08:45:00+00:00,2.8881,2.8919,2.8836,2.8837,546368.6
2025-09-29 09:00:00+00:00,2.8836,2.8843,2.8759,2.876,644538.8
2025-09-29 09:15:00+00:00,2.8759,2.8768,2.8718,2.8747,784577.8
2025-09-29 09:30:00+00:00,2.8748,2.8766,2.8687,2.8693,500357.9
2025-09-29 09:45:00+00:00,2.8693,2.8717,2.8676,2.8702,341939.8
2025-09-29 10:00:00+00:00,2.8703,2.8707,2.8656,2.8667,706564.6
2025-09-29 10:15:00+00:00,2.8666,2.8676,2.8614,2.865,667913.7
2025-09-29 10:30:00+00:00,2.865,2.8674,2.8577,2.8587,525915.2
2025-09-29 10:45:00+00:00,2.8588,2.8641,2.8559,2.8607,864917.9
2025-09-29 11:00:00+00:00,2.8607,2.8622,2.8528,2.8555,682116.2
2025-09-29 11:15:00+00:00,2.8555,2.8654,2.855,2.8613,658001.9
2025-09-29 11:30:00+00:00,2.8614,2.8637,2.8551,2.8577,641793.1
2025-09-29 11:45:00+00:00,2.8577,2.858,2.8545,2.8551,450365.5
2025-09-29 12:00:00+00:00,2.8551,2.8587,2.85,2.8582,1088656.4
2025-09-29 12:15:00+00:00,2.8582,2.8646,2.857,2.8639,716929.4
2025-09-29 12:30:00+00:00,2.8639,2.8688,2.8504,2.8548,890068.0
2025-09-29 12:45:00+00:00,2.8548,2.8607,2.8464,2.8495,1062805.1
2025-09-29 13:00:00+00:00,2.8494,2.8564,2.8455,2.8544,731160.0
2025-09-29 13:15:00+00:00,2.8544,2.8558,2.849,2.8506,525919.8
2025-09-29 13:30:00+00:00,2.8506,2.8835,2.8483,2.8825,2088652.6
2025-09-29 13:45:00+00:00,2.8825,2.886,2.8744,2.8804,3471125.9
2025-09-29 14:00:00+00:00,2.8804,2.9096,2.8787,2.9085,2827844.3
2025-09-29 14:15:00+00:00,2.9085,2.9289,2.8965,2.9034,6594221.7
2025-09-29 14:30:00+00:00,2.9034,2.9105,2.8976,2.9035,1464037.2
2025-09-29 14:45:00+00:00,2.9036,2.9152,2.9032,2.908,1535604.2
2025-09-29 15:00:00+00:00,2.908,2.9112,2.8923,2.8949,1294969.4
2025-09-29 15:15:00+00:00,2.8949,2.8962,2.8861,2.8904,1493637.7
2025-09-29 15:30:00+00:00,2.8904,2.8974,2.8868,2.8939,753813.4
2025-09-29 15:45:00+00:00,2.8939,2.896,2.8836,2.894,1123477.3
2025-09-29 16:00:00+00:00,2.8939,2.8975,2.891,2.893,830595.1
2025-09-29 16:15:00+00:00,2.893,2.8967,2.8845,2.8854,597607.8
2025-09-29 16:30:00+00:00,2.8854,2.9007,2.8854,2.8886,1698467.7
2025-09-29 16:45:00+00:00,2.8885,2.8937,2.877,2.8795,1493970.3
2025-09-29 17:00:00+00:00,2.8795,2.8817,2.8687,2.8789,1806559.8
2025-09-29 17:15:00+00:00,2.8788,2.8818,2.8657,2.8792,1188711.2
2025-09-29 17:30:00+00:00,2.8791,2.884,2.8724,2.8804,1406709.8
2025-09-29 17:45:00+00:00,2.8804,2.887,2.8795,2.8823,880251.7
2025-09-29 18:00:00+00:00,2.8823,2.883,2.8724,2.8741,470971.5
2025-09-29 18:15:00+00:00,2.874,2.876,2.8664,2.8744,714627.2
2025-09-29 18:30:00+00:00,2.8745,2.8752,2.8684,2.8726,388855.7
2025-09-29 18:45:00+00:00,2.8727,2.8763,2.8725,2.8763,1023695.7
2025-09-29 19:00:00+00:00,2.8764,2.8844,2.873,2.8828,1798032.5
2025-09-29 19:15:00+00:00,2.8828,2.8834,2.8716,2.8811,1105246.0
2025-09-29 19:30:00+00:00,2.8811,2.8888,2.8771,2.8885,2398247.1
2025-09-29 19:45:00+00:00,2.8885,2.9033,2.8885,2.8977,3991750.2
2025-09-29 20:00:00+00:00,2.8977,2.9026,2.8896,2.9015,838934.0
2025-09-29 20:15:00+00:00,2.9016,2.9047,2.8944,2.9032,3009174.6
2025-09-29 20:30:00+00:00,2.9032,2.915,2.903,2.9117,1888976.6
2025-09-29 20:45:00+00:00,2.9118,2.914,2.9028,2.9056,1200751.6
2025-09-29 21:00:00+00:00,2.9057,2.9084,2.8937,2.8947,1256659.7
2025-09-29 21:15:00+00:00,2.8948,2.903,2.8944,2.9019,806312.1
2025-09-29 21:30:00+00:00,2.9019,2.9023,2.895,2.8971,603122.5
2025-09-29 21:45:00+00:00,2.8972,2.8978,2.8908,2.8939,710990.9
2025-09-29 22:00:00+00:00,2.894,2.897,2.8876,2.8895,1766127.6
2025-09-29 22:15:00+00:00,2.8895,2.8913,2.8838,2.8868,938596.8
2025-09-29 22:30:00+00:00,2.8868,2.89,2.8836,2.8865,626399.5
2025-09-29 22:45:00+00:00,2.8865,2.8916,2.8862,2.8871,593271.9
2025-09-29 23:00:00+00:00,2.887,2.8907,2.88,2.8824,897854.7
2025-09-29 23:15:00+00:00,2.8824,2.8882,2.8811,2.884,608695.2
2025-09-29 23:30:00+00:00,2.8839,2.8868,2.8825,2.8839,530731.3
2025-09-29 23:45:00+00:00,2.8838,2.8855,2.8787,2.8801,684546.8
2025-09-30 00:00:00+00:00,2.8801,2.8889,2.8758,2.8846,753918.1
2025-09-30 00:15:00+00:00,2.8846,2.886,2.8755,2.8773,1038082.2
2025-09-30 00:30:00+00:00,2.8773,2.8867,2.8741,2.8801,730903.1
2025-09-30 00:45:00+00:00,2.8802,2.8912,2.8731,2.8748,1520815.2
2025-09-30 01:00:00+00:00,2.8748,2.8843,2.8725,2.884,720024.7
2025-09-30 01:15:00+00:00,2.884,2.8926,2.8803,2.8827,1040790.8
2025-09-30 01:30:00+00:00,2.8826,2.8826,2.8717,2.8723,1109306.6
2025-09-30 01:45:00+00:00,2.8722,2.883,2.8681,2.8814,805771.3
2025-09-30 02:00:00+00:00,2.8814,2.8829,2.8753,2.877,521851.2
2025-09-30 02:15:00+00:00,2.8771,2.8852,2.8753,2.8852,653393.5
2025-09-30 02:30:00+00:00,2.8852,2.8891,2.8833,2.8871,486821.5
2025-09-30 02:45:00+00:00,2.8871,2.8886,2.8788,2.8811,709852.2
2025-09-30 03:00:00+00:00,2.8812,2.8851,2.8728,2.8754,559670.6
2025-09-30 03:15:00+00:00,2.8754,2.8809,2.874,2.8765,528654.2
2025-09-30 03:30:00+00:00,2.8764,2.881,2.8744,2.8808,416312.9
2025-09-30 03:45:00+00:00,2.8807,2.8815,2.8735,2.876,383462.4
2025-09-30 04:00:00+00:00,2.8759,2.8778,2.8742,2.8745,433016.9
2025-09-30 04:15:00+00:00,2.8745,2.8795,2.8737,2.8784,513454.1
2025-09-30 04:30:00+00:00,2.8784,2.8808,2.8758,2.8808,454487.4
2025-09-30 04:45:00+00:00,2.8807,2.8826,2.8787,2.881,357158.4
2025-09-30 05:00:00+00:00,2.8809,2.8895,2.8787,2.889,756872.8
2025-09-30 05:15:00+00:00,2.889,2.8943,2.8826,2.8934,696386.7
2025-09-30 05:30:00+00:00,2.8933,2.8992,2.8881,2.8957,832939.8
2025-09-30 05:45:00+00:00,2.8956,2.9021,2.8908,2.8937,1412392.4
2025-09-30 06:00:00+00:00,2.8936,2.896,2.8879,2.8948,847626.4
2025-09-30 06:15:00+00:00,2.8948,2.9041,2.8942,2.9038,1178448.7
2025-09-30 06:30:00+00:00,2.9039,2.9077,2.8994,2.9037,1028849.7
2025-09-30 06:45:00+00:00,2.9036,2.9037,2.8976,2.8987,495711.1
2025-09-30 07:00:00+00:00,2.8988,2.9001,2.892,2.8928,743543.2
2025-09-30 07:15:00+00:00,2.8928,2.8946,2.8901,2.8937,423506.4
2025-09-30 07:30:00+00:00,2.8936,2.8937,2.8767,2.8774,1008264.1
2025-09-30 07:45:00+00:00,2.8774,2.882,2.872,2.874,1059166.7
2025-09-30 08:00:00+00:00,2.874,2.8753,2.87,2.8727,706981.7
2025-09-30 08:15:00+00:00,2.8727,2.8729,2.8637,2.8644,983366.5
2025-09-30 08:30:00+00:00,2.8645,2.8656,2.8577,2.8596,901323.3
2025-09-30 08:45:00+00:00,2.8596,2.8616,2.853,2.8551,995439.0
2025-09-30 09:00:00+00:00,2.8551,2.8567,2.8485,2.8487,1175391.0
2025-09-30 09:15:00+00:00,2.8487,2.8584,2.8482,2.8581,1264357.3
2025-09-30 09:30:00+00:00,2.8582,2.8601,2.8468,2.8473,739842.3
2025-09-30 09:45:00+00:00,2.8474,2.8474,2.8371,2.8392,1580570.4
2025-09-30 10:00:00+00:00,2.8391,2.8459,2.8356,2.8397,1382184.5
2025-09-30 10:15:00+00:00,2.8396,2.8481,2.8396,2.8466,768309.4
2025-09-30 10:30:00+00:00,2.8467,2.8467,2.8395,2.8399,721046.0
2025-09-30 10:45:00+00:00,2.84,2.8461,2.8394,2.8403,1408565.0
2025-09-30 11:00:00+00:00,2.8403,2.8443,2.8374,2.8385,1073421.6
2025-09-30 11:15:00+00:00,2.8385,2.8429,2.8341,2.8422,530007.7
2025-09-30 11:30:00+00:00,2.8421,2.8475,2.841,2.8469,548429.4
2025-09-30 11:45:00+00:00,2.8469,2.8505,2.8462,2.8468,431087.0
2025-09-30 12:00:00+00:00,2.8468,2.8507,2.8441,2.8478,372067.2
2025-09-30 12:15:00+00:00,2.8477,2.8544,2.8467,2.8534,608463.4
2025-09-30 12:30:00+00:00,2.8534,2.8559,2.8508,2.8551,482181.7
2025-09-30 12:45:00+00:00,2.8551,2.8557,2.848,2.8491,469053.1
2025-09-30 13:00:00+00:00,2.8491,2.854,2.845,2.853,754190.8
2025-09-30 13:15:00+00:00,2.853,2.8597,2.8505,2.8534,562416.9
2025-09-30 13:30:00+00:00,2.8534,2.8573,2.84,2.8572,1059484.8
2025-09-30 13:45:00+00:00,2.8571,2.8629,2.8378,2.8455,2684636.4
2025-09-30 14:00:00+00:00,2.8455,2.8496,2.8295,2.8396,1627598.2
2025-09-30 14:15:00+00:00,2.8396,2.8478,2.8315,2.8362,833187.9
2025-09-30 14:30:00+00:00,2.8363,2.8428,2.8329,2.8417,734244.4
2025-09-30 14:45:00+00:00,2.8417,2.85,2.8385,2.8477,724696.3
2025-09-30 15:00:00+00:00,2.8478,2.8481,2.8249,2.8286,1411528.8
2025-09-30 15:15:00+00:00,2.8286,2.8302,2.8132,2.8196,3093231.1
2025-09-30 15:30:00+00:00,2.8195,2.8268,2.817,2.819,1936762.1
2025-09-30 15:45:00+00:00,2.8191,2.8295,2.8158,2.8279,1476298.0
2025-09-30 16:00:00+00:00,2.8279,2.8308,2.8222,2.8253,1349264.7
2025-09-30 16:15:00+00:00,2.8252,2.838,2.8215,2.833,1571235.0
2025-09-30 16:30:00+00:00,2.833,2.8358,2.8174,2.8226,1015540.9
2025-09-30 16:45:00+00:00,2.8226,2.8331,2.8208,2.8244,1537695.6
2025-09-30 17:00:00+00:00,2.8244,2.8312,2.8225,2.8249,2108971.5
2025-09-30 17:15:00+00:00,2.8248,2.8263,2.8177,2.8203,2686173.4
2025-09-30 17:30:00+00:00,2.8203,2.8406,2.8176,2.8344,2697429.5
2025-09-30 17:45:00+00:00,2.8343,2.8343,2.8264,2.8281,1162660.3
2025-09-30 18:00:00+00:00,2.828,2.8361,2.8212,2.8351,1255258.8
2025-09-30 18:15:00+00:00,2.8351,2.8425,2.8309,2.8401,1404290.5
2025-09-30 18:30:00+00:00,2.8401,2.8419,2.8315,2.8341,1115018.2
2025-09-30 18:45:00+00:00,2.834,2.8422,2.834,2.8397,1001059.3
2025-09-30 19:00:00+00:00,2.8398,2.8479,2.8386,2.8454,1843677.0
2025-09-30 19:15:00+00:00,2.8453,2.8506,2.8435,2.8504,1197014.6
2025-09-30 19:30:00+00:00,2.8504,2.8615,2.85,2.8614,1331347.0
2025-09-30 19:45:00+00:00,2.8614,2.8708,2.8613,2.8637,2088215.6
2025-09-30 20:00:00+00:00,2.8638,2.8665,2.859,2.8605,1875547.5
2025-09-30 20:15:00+00:00,2.8604,2.8705,2.8584,2.8698,1131956.2
2025-09-30 20:30:00+00:00,2.8698,2.8708,2.8639,2.8639,554295.3
2025-09-30 20:45:00+00:00,2.864,2.8739,2.8633,2.8721,859299.4
2025-09-30 21:00:00+00:00,2.8721,2.8792,2.8631,2.8642,1699073.1
2025-09-30 21:15:00+00:00,2.8641,2.8732,2.8617,2.8641,2082334.5
2025-09-30 21:30:00+00:00,2.864,2.8647,2.8564,2.8575,1581967.2
2025-09-30 21:45:00+00:00,2.8574,2.862,2.8513,2.8527,1019692.1
2025-09-30 22:00:00+00:00,2.8527,2.8641,2.8527,2.8601,818052.6
2025-09-30 22:15:00+00:00,2.8601,2.8614,2.8519,2.8524,987808.7
2025-09-30 22:30:00+00:00,2.8525,2.8542,2.8455,2.8484,890262.1
2025-09-30 22:45:00+00:00,2.8483,2.8496,2.8386,2.8417,848887.8
2025-09-30 23:00:00+00:00,2.8417,2.8418,2.8339,2.8392,686648.8
2025-09-30 23:15:00+00:00,2.8393,2.8434,2.8373,2.8389,590246.2
2025-09-30 23:30:00+00:00,2.839,2.8446,2.8388,2.8433,580040.8
2025-09-30 23:45:00+00:00,2.8434,2.8484,2.8417,2.8468,559637.0
2025-10-01 00:00:00+00:00,2.8468,2.852,2.8462,2.8476,592862.7
2025-10-01 00:15:00+00:00,2.8476,2.8476,2.8378,2.8383,427347.0
2025-10-01 00:30:00+00:00,2.8382,2.8394,2.8305,2.8314,863610.2
2025-10-01 00:45:00+00:00,2.8315,2.8399,2.8276,2.8383,677539.8
2025-10-01 01:00:00+00:00,2.8383,2.8454,2.8357,2.8441,699632.8
2025-10-01 01:15:00+00:00,2.8441,2.8469,2.8368,2.8456,738603.3
2025-10-01 01:30:00+00:00,2.8456,2.8502,2.8362,2.8483,520788.2
2025-10-01 01:45:00+00:00,2.8484,2.8597,2.8468,2.8582,1192122.3
2025-10-01 02:00:00+00:00,2.8581,2.8586,2.8485,2.8488,706695.2
2025-10-01 02:15:00+00:00,2.8488,2.8514,2.8473,2.8483,282176.0
2025-10-01 02:30:00+00:00,2.8484,2.8484,2.8403,2.8407,568179.6
2025-10-01 02:45:00+00:00,2.8406,2.8433,2.84,2.8419,353515.6
2025-10-01 03:00:00+00:00,2.8419,2.8426,2.8377,2.8387,367833.9
2025-10-01 03:15:00+00:00,2.8386,2.8388,2.825,2.8266,1258483.8
2025-10-01 03:30:00+00:00,2.8266,2.8301,2.8223,2.8226,586054.9
2025-10-01 03:45:00+00:00,2.8225,2.8226,2.8141,2.819,1064525.4
2025-10-01 04:00:00+00:00,2.8191,2.8377,2.8163,2.8298,1769475.2
2025-10-01 04:15:00+00:00,2.8298,2.8396,2.8296,2.838,894651.7
2025-10-01 04:30:00+00:00,2.838,2.8456,2.8377,2.8395,1083596.0
2025-10-01 04:45:00+00:00,2.8395,2.8447,2.8342,2.8362,1076528.0
2025-10-01 05:00:00+00:00,2.8363,2.8541,2.8347,2.8497,1309835.4
2025-10-01 05:15:00+00:00,2.8497,2.8512,2.8405,2.8443,1070821.9
2025-10-01 05:30:00+00:00,2.8442,2.851,2.8418,2.8456,875932.5
2025-10-01 05:45:00+00:00,2.8457,2.8487,2.8437,2.8457,772580.5
2025-10-01 06:00:00+00:00,2.8456,2.8497,2.8435,2.8444,874809.5
2025-10-01 06:15:00+00:00,2.8444,2.8468,2.8346,2.8402,1253741.5
2025-10-01 06:30:00+00:00,2.8401,2.8457,2.8382,2.842,832981.6
2025-10-01 06:45:00+00:00,2.8421,2.8423,2.8309,2.8321,1036787.8
2025-10-01 07:00:00+00:00,2.832,2.8394,2.831,2.8385,800321.6
2025-10-01 07:15:00+00:00,2.8385,2.845,2.8385,2.8439,790679.1
2025-10-01 07:30:00+00:00,2.8439,2.8574,2.8433,2.855,2345767.0
2025-10-01 07:45:00+00:00,2.855,2.8566,2.8515,2.854,641399.0
2025-10-01 08:00:00+00:00,2.8539,2.8636,2.8517,2.8618,1483851.3
2025-10-01 08:15:00+00:00,2.8619,2.8723,2.8588,2.8716,2150741.9
2025-10-01 08:30:00+00:00,2.8716,2.9055,2.8715,2.9046,4948620.7
2025-10-01 08:45:00+00:00,2.9045,2.9219,2.901,2.9169,6963079.5
2025-10-01 09:00:00+00:00,2.9169,2.92,2.9074,2.9146,4094983.8
2025-10-01 09:15:00+00:00,2.9146,2.9307,2.9146,2.9286,5635603.6
2025-10-01 09:30:00+00:00,2.9287,2.9424,2.9238,2.9413,2692548.1
2025-10-01 09:45:00+00:00,2.9413,2.952,2.9384,2.9412,4840981.0
2025-10-01 10:00:00+00:00,2.9412,2.9419,2.9193,2.9205,3603662.2
2025-10-01 10:15:00+00:00,2.9205,2.934,2.9197,2.9273,3242672.5
2025-10-01 10:30:00+00:00,2.9272,2.932,2.9252,2.932,1372902.6
2025-10-01 10:45:00+00:00,2.932,2.9403,2.9268,2.9299,1292091.6
2025-10-01 11:00:00+00:00,2.9298,2.9395,2.9295,2.9375,1304733.0
2025-10-01 11:15:00+00:00,2.9375,2.9428,2.9353,2.9386,1040219.5
2025-10-01 11:30:00+00:00,2.9387,2.9435,2.9357,2.9405,1291270.3
2025-10-01 11:45:00+00:00,2.9405,2.9458,2.9388,2.9439,964631.6
2025-10-01 12:00:00+00:00,2.9439,2.9454,2.9278,2.9324,1943093.2
2025-10-01 12:15:00+00:00,2.9323,2.9426,2.9269,2.9399,2272164.8
2025-10-01 12:30:00+00:00,2.94,2.9435,2.9337,2.9393,1714545.3
2025-10-01 12:45:00+00:00,2.9392,2.942,2.9324,2.9363,1872715.9
2025-10-01 13:00:00+00:00,2.9363,2.9537,2.9363,2.9473,3422409.2
2025-10-01 13:15:00+00:00,2.9473,2.955,2.9424,2.9453,2620044.7
2025-10-01 13:30:00+00:00,2.9454,2.9499,2.9384,2.9427,2067412.2
2025-10-01 13:45:00+00:00,2.9426,2.9464,2.9336,2.9384,2359089.5
2025-10-01 14:00:00+00:00,2.9384,2.947,2.9315,2.9462,2100825.2
2025-10-01 14:15:00+00:00,2.9462,2.9496,2.9423,2.9454,907897.1
2025-10-01 14:30:00+00:00,2.9454,2.9582,2.9438,2.9514,1981864.0
2025-10-01 14:45:00+00:00,2.9515,2.9515,2.9362,2.9428,2707415.5
2025-10-01 15:00:00+00:00,2.9429,2.9463,2.9332,2.9361,1250916.8
2025-10-01 15:15:00+00:00,2.936,2.9463,2.936,2.9438,857264.0
2025-10-01 15:30:00+00:00,2.9439,2.9456,2.9391,2.9443,1035158.6
2025-10-01 15:45:00+00:00,2.9443,2.9465,2.9356,2.9419,1394263.9
2025-10-01 16:00:00+00:00,2.9419,2.9449,2.9348,2.9417,1507248.6
2025-10-01 16:15:00+00:00,2.9417,2.9472,2.9374,2.9458,1332951.8
2025-10-01 16:30:00+00:00,2.9458,2.9496,2.9443,2.946,1199821.3
2025-10-01 17:00:00+00:00,2.9379,2.9445,2.9345,2.9345,1234306.1
2025-10-01 17:15:00+00:00,2.9346,2.9446,2.934,2.942,949321.0
2025-10-01 17:30:00+00:00,2.9421,2.943,2.9334,2.9355,743803.3
2025-10-01 17:45:00+00:00,2.9355,2.9361,2.9195,2.9202,2677415.4
2025-10-01 18:00:00+00:00,2.9202,2.9299,2.9201,2.9288,859446.3
2025-10-01 18:15:00+00:00,2.9288,2.9298,2.9267,2.9298,573441.7
2025-10-01 18:30:00+00:00,2.9299,2.9422,2.9299,2.9372,969050.0
2025-10-01 18:45:00+00:00,2.9373,2.9398,2.9336,2.936,635577.8
2025-10-01 19:00:00+00:00,2.936,2.9429,2.9351,2.9427,822280.5
2025-10-01 19:15:00+00:00,2.9428,2.9505,2.9427,2.9504,976640.6
2025-10-01 19:30:00+00:00,2.9505,2.955,2.948,2.9511,1002966.0
2025-10-01 19:45:00+00:00,2.9511,2.9616,2.9511,2.9549,1681236.7
2025-10-01 20:00:00+00:00,2.9549,2.9555,2.945,2.9467,1281017.8
2025-10-01 20:15:00+00:00,2.9468,2.9523,2.9409,2.9475,820555.7
2025-10-01 20:30:00+00:00,2.9475,2.9476,2.9382,2.9418,460383.8
2025-10-01 20:45:00+00:00,2.9418,2.9472,2.94,2.9472,208616.3
2025-10-01 21:00:00+00:00,2.9472,2.9476,2.9366,2.938,592335.0
2025-10-01 21:15:00+00:00,2.9381,2.9405,2.9286,2.9357,1494961.7
2025-10-01 21:30:00+00:00,2.9356,2.9357,2.928,2.9305,662970.2
2025-10-01 21:45:00+00:00,2.9304,2.9337,2.9261,2.9286,620970.0
2025-10-01 22:00:00+00:00,2.9286,2.9399,2.9279,2.9338,1139981.9
2025-10-01 22:15:00+00:00,2.9337,2.9348,2.9285,2.9299,517672.9
2025-10-01 22:30:00+00:00,2.9299,2.9323,2.9273,2.9321,552545.6
2025-10-01 22:45:00+00:00,2.932,2.9388,2.9285,2.9303,822217.3
2025-10-01 23:00:00+00:00,2.9303,2.9372,2.9281,2.9332,538097.8
2025-10-01 23:15:00+00:00,2.9332,2.9449,2.9329,2.9399,983346.6
2025-10-01 23:30:00+00:00,2.94,2.9455,2.9397,2.9439,572164.3
2025-10-01 23:45:00+00:00,2.9439,2.9512,2.9421,2.9485,893515.2
2025-10-02 00:00:00+00:00,2.9485,2.9623,2.9443,2.9606,2480853.6
2025-10-02 00:15:00+00:00,2.9606,2.9611,2.952,2.954,1231769.6
2025-10-02 00:30:00+00:00,2.9539,2.9539,2.9403,2.9414,1073681.0
2025-10-02 00:45:00+00:00,2.9415,2.9454,2.9411,2.9429,646788.2
2025-10-02 01:00:00+00:00,2.943,2.9592,2.9418,2.9573,1127263.5
2025-10-02 01:15:00+00:00,2.9573,2.9678,2.9522,2.9604,735352.1
2025-10-02 01:30:00+00:00,2.9604,2.9697,2.9588,2.9682,652310.5
2025-10-02 01:45:00+00:00,2.9681,2.9756,2.9663,2.9701,1477775.3
2025-10-02 02:00:00+00:00,2.9701,2.9743,2.9602,2.9678,947978.4
2025-10-02 02:15:00+00:00,2.9678,2.97,2.9615,2.9665,915359.4
2025-10-02 02:30:00+00:00,2.9665,2.9806,2.9644,2.9785,1457097.7
2025-10-02 02:45:00+00:00,2.9785,2.9811,2.9707,2.9765,1263793.5
2025-10-02 03:00:00+00:00,2.9764,2.9821,2.976,2.9776,1383224.7
2025-10-02 03:15:00+00:00,2.9777,2.9835,2.9752,2.9834,1094514.6
2025-10-02 03:30:00+00:00,2.9834,2.9877,2.9786,2.9794,1221754.7
2025-10-02 03:45:00+00:00,2.9793,2.9794,2.9665,2.9723,1070367.6
2025-10-02 04:00:00+00:00,2.9723,2.9796,2.9676,2.9762,722636.7
2025-10-02 04:15:00+00:00,2.9761,2.9765,2.9571,2.9576,1856492.9
2025-10-02 04:30:00+00:00,2.9575,2.9622,2.9538,2.9614,956680.6
2025-10-02 04:45:00+00:00,2.9613,2.968,2.9603,2.9676,646439.7
2025-10-02 05:00:00+00:00,2.9675,2.9684,2.9609,2.961,611117.2
2025-10-02 05:15:00+00:00,2.9609,2.9807,2.9579,2.9755,2013280.1
2025-10-02 05:30:00+00:00,2.9754,2.9773,2.9634,2.9667,3065483.4
2025-10-02 05:45:00+00:00,2.9666,2.9672,2.962,2.9648,488484.0
2025-10-02 06:00:00+00:00,2.9649,2.9664,2.9628,2.965,867196.2
2025-10-02 06:15:00+00:00,2.9649,2.972,2.9647,2.9688,1050844.9
2025-10-02 06:30:00+00:00,2.9687,2.9825,2.968,2.978,2932018.2
2025-10-02 06:45:00+00:00,2.978,2.9807,2.9764,2.9793,762616.4
2025-10-02 07:00:00+00:00,2.9794,2.9823,2.9763,2.9807,1144601.1
2025-10-02 07:15:00+00:00,2.9807,2.9856,2.9744,2.979,1139380.7
2025-10-02 07:30:00+00:00,2.979,2.9812,2.9721,2.9726,723994.0
2025-10-02 07:45:00+00:00,2.9725,2.9743,2.9648,2.9692,1319336.1
2025-10-02 08:00:00+00:00,2.9691,2.9737,2.9671,2.9671,1035675.8
2025-10-02 08:15:00+00:00,2.9672,2.9752,2.9666,2.9751,667523.6
2025-10-02 08:30:00+00:00,2.9752,2.9888,2.9733,2.9878,2356044.1
2025-10-02 08:45:00+00:00,2.9877,2.9903,2.983,2.9888,1302008.7
2025-10-02 09:00:00+00:00,2.9887,2.9888,2.9818,2.9835,748405.7
2025-10-02 09:15:00+00:00,2.9836,2.992,2.983,2.9866,1295613.0
2025-10-02 09:30:00+00:00,2.9865,2.9868,2.9757,2.9788,809053.5
2025-10-02 09:45:00+00:00,2.9788,2.9841,2.9772,2.9833,608006.9
2025-10-02 10:00:00+00:00,2.9832,2.9862,2.979,2.9845,644959.6
2025-10-02 10:15:00+00:00,2.9844,2.9869,2.9789,2.9798,632879.0
2025-10-02 10:30:00+00:00,2.9798,2.9912,2.9788,2.9901,668947.9
2025-10-02 10:45:00+00:00,2.9901,2.9934,2.9868,2.9888,704136.9
2025-10-02 11:00:00+00:00,2.9888,2.9962,2.9874,2.9925,1287593.3
2025-10-02 11:15:00+00:00,2.9925,2.9927,2.9833,2.9851,767141.7
2025-10-02 11:30:00+00:00,2.9851,2.9858,2.9825,2.9845,468455.0
2025-10-02 11:45:00+00:00,2.9845,2.9889,2.9688,2.9715,1365081.3
2025-10-02 12:00:00+00:00,2.9716,2.9798,2.9681,2.9794,1083198.4
2025-10-02 12:15:00+00:00,2.9794,2.9825,2.9774,2.9813,672797.0
2025-10-02 12:30:00+00:00,2.9814,2.9877,2.9759,2.9833,948362.2
2025-10-02 12:45:00+00:00,2.9833,2.9875,2.9804,2.9866,852524.6
2025-10-02 13:00:00+00:00,2.9865,2.9873,2.9776,2.978,821310.3
2025-10-02 13:15:00+00:00,2.9781,2.9787,2.963,2.9765,2174467.3
2025-10-02 13:30:00+00:00,2.9765,2.9805,2.9681,2.9751,1032334.9
2025-10-02 13:45:00+00:00,2.9752,2.9892,2.9729,2.9857,1930925.6
2025-10-02 14:00:00+00:00,2.9857,2.9939,2.9687,2.9711,1953115.5
2025-10-02 14:15:00+00:00,2.9711,2.9819,2.9687,2.9802,1094631.2
2025-10-02 14:30:00+00:00,2.9803,2.9835,2.9619,2.9646,816880.5
2025-10-02 14:45:00+00:00,2.9647,2.9678,2.9466,2.9574,2965988.0
2025-10-02 15:00:00+00:00,2.9574,2.9738,2.9461,2.9712,2539317.9
2025-10-02 15:15:00+00:00,2.9712,2.9787,2.9672,2.9747,1133095.9
2025-10-02 15:30:00+00:00,2.9747,2.9787,2.9602,2.9757,2059919.4
2025-10-02 15:45:00+00:00,2.9757,2.9927,2.9756,2.9917,2115905.2
2025-10-02 16:00:00+00:00,2.9917,3.0312,2.9871,3.0292,7102198.6
2025-10-02 16:15:00+00:00,3.0291,3.032,3.0147,3.0262,3287697.4
2025-10-02 16:30:00+00:00,3.0263,3.0387,3.0155,3.02,3316498.3
2025-10-02 16:45:00+00:00,3.02,3.0587,3.0183,3.0449,8069231.4
2025-10-02 17:00:00+00:00,3.045,3.0559,3.0384,3.0538,2344353.8
2025-10-02 17:15:00+00:00,3.0539,3.0555,3.032,3.0396,1664378.7
2025-10-02 17:30:00+00:00,3.0397,3.0441,3.0311,3.0403,1227372.1
2025-10-02 17:45:00+00:00,3.0404,3.0496,3.0343,3.0352,1001226.5
2025-10-02 18:00:00+00:00,3.0352,3.049,3.0351,3.0444,2629951.2
2025-10-02 18:15:00+00:00,3.0443,3.05,3.0419,3.0489,1694744.1
2025-10-02 18:30:00+00:00,3.0489,3.0553,3.0432,3.0481,1445831.7
2025-10-02 18:45:00+00:00,3.0481,3.0644,3.0467,3.0622,1726442.9
2025-10-02 19:00:00+00:00,3.0621,3.0772,3.0586,3.074,2739328.9
2025-10-02 19:15:00+00:00,3.0741,3.0775,3.068,3.076,1720399.8
2025-10-02 19:30:00+00:00,3.076,3.093,3.0755,3.0914,2666289.0
2025-10-02 19:45:00+00:00,3.0914,3.0998,3.0852,3.0902,3569102.2
2025-10-02 20:00:00+00:00,3.0903,3.0912,3.0635,3.0644,3647647.4
2025-10-02 20:15:00+00:00,3.0643,3.0774,3.0626,3.0683,1299420.7
2025-10-02 20:30:00+00:00,3.0683,3.0692,3.052,3.0641,1809599.1
2025-10-02 20:45:00+00:00,3.0641,3.0681,3.0547,3.0587,1322515.1
2025-10-02 21:00:00+00:00,3.0587,3.066,3.0556,3.0622,1031220.5
2025-10-02 21:15:00+00:00,3.0621,3.0636,3.0367,3.0423,1608192.5
2025-10-02 21:30:00+00:00,3.0422,3.0444,3.0367,3.0443,1266458.5
2025-10-02 21:45:00+00:00,3.0444,3.0506,3.0396,3.0396,1003390.7
2025-10-02 22:00:00+00:00,3.0396,3.0484,3.038,3.0423,921027.4
2025-10-02 22:15:00+00:00,3.0424,3.0433,3.026,3.0412,2345011.7
2025-10-02 22:30:00+00:00,3.0412,3.0465,3.036,3.0379,645673.7
2025-10-02 22:45:00+00:00,3.038,3.0412,3.0311,3.0322,1055669.6
2025-10-02 23:00:00+00:00,3.0323,3.0403,3.031,3.0371,1169841.6
2025-10-02 23:15:00+00:00,3.0372,3.0384,3.0264,3.0316,936980.0
2025-10-02 23:30:00+00:00,3.0316,3.039,3.0296,3.0339,1029087.3
2025-10-02 23:45:00+00:00,3.0338,3.0416,3.03,3.0389,1140982.7
2025-10-03 00:00:00+00:00,3.0388,3.0393,3.0132,3.02,2627951.2
2025-10-03 00:15:00+00:00,3.02,3.0333,3.0192,3.0304,2044615.1
2025-10-03 00:30:00+00:00,3.0304,3.0317,3.0169,3.0171,1086636.9
2025-10-03 00:45:00+00:00,3.0171,3.0247,3.0155,3.0193,890993.2
2025-10-03 01:00:00+00:00,3.0192,3.0257,3.0161,3.0185,1032081.8
2025-10-03 01:15:00+00:00,3.0186,3.0221,3.005,3.0083,1836388.6
2025-10-03 01:30:00+00:00,3.0083,3.0164,3.0055,3.0118,1031887.1
2025-10-03 01:45:00+00:00,3.0118,3.017,3.0051,3.0063,817203.1
2025-10-03 02:00:00+00:00,3.0063,3.0196,3.0041,3.0195,1027367.2
2025-10-03 02:15:00+00:00,3.0194,3.0211,3.0093,3.0102,837894.1
2025-10-03 02:30:00+00:00,3.0103,3.0206,3.0079,3.0151,1009532.7
2025-10-03 02:45:00+00:00,3.0152,3.0249,3.0121,3.0222,943602.7
2025-10-03 03:00:00+00:00,3.0221,3.0314,3.0197,3.0271,1393764.0
2025-10-03 03:15:00+00:00,3.0271,3.0388,3.0269,3.0305,1278648.1
2025-10-03 03:30:00+00:00,3.0305,3.0341,3.0272,3.0285,1085014.0
2025-10-03 03:45:00+00:00,3.0285,3.0299,3.0186,3.0202,824719.6
2025-10-03 04:00:00+00:00,3.0202,3.0263,3.0163,3.0262,759694.3
2025-10-03 04:15:00+00:00,3.0262,3.0316,3.0247,3.0253,774626.6
2025-10-03 04:30:00+00:00,3.0254,3.0254,3.0184,3.0253,777952.9
2025-10-03 04:45:00+00:00,3.0254,3.0299,3.0233,3.0294,546721.7
2025-10-03 05:00:00+00:00,3.0293,3.031,3.0208,3.0227,707226.5
2025-10-03 05:15:00+00:00,3.0228,3.0243,3.0195,3.0214,626613.9
2025-10-03 05:30:00+00:00,3.0215,3.0225,3.0136,3.0152,696487.5
2025-10-03 05:45:00+00:00,3.0152,3.022,3.0137,3.0206,848533.4
2025-10-03 06:00:00+00:00,3.0207,3.028,3.017,3.0253,992576.3
2025-10-03 06:15:00+00:00,3.0253,3.028,3.0231,3.0262,562111.7
2025-10-03 06:30:00+00:00,3.0263,3.035,3.0258,3.0314,874643.4
2025-10-03 06:45:00+00:00,3.0313,3.0313,3.0131,3.0226,2039044.4
2025-10-03 07:00:00+00:00,3.0227,3.0268,3.0184,3.0252,817474.4
2025-10-03 07:15:00+00:00,3.0252,3.0328,3.0193,3.0206,1227762.3
2025-10-03 07:30:00+00:00,3.0206,3.0305,3.0189,3.0246,1552424.0
2025-10-03 07:45:00+00:00,3.0246,3.0342,3.0225,3.0339,1398533.3
2025-10-03 08:00:00+00:00,3.0339,3.0434,3.0308,3.035,1812522.8
2025-10-03 08:15:00+00:00,3.0349,3.05,3.0224,3.0418,1482532.5
2025-10-03 08:30:00+00:00,3.0418,3.055,3.0391,3.054,1420459.8
2025-10-03 08:45:00+00:00,3.054,3.0582,3.0473,3.0528,1159874.1
2025-10-03 09:00:00+00:00,3.0528,3.0544,3.0425,3.0437,769307.9
2025-10-03 09:15:00+00:00,3.0437,3.0492,3.0401,3.0468,821001.9
2025-10-03 09:30:00+00:00,3.0467,3.049,3.0349,3.0382,866900.4
2025-10-03 09:45:00+00:00,3.0383,3.0412,3.0382,3.0406,809530.6
2025-10-03 10:00:00+00:00,3.0406,3.0497,3.0402,3.0425,2110868.0
2025-10-03 10:15:00+00:00,3.0424,3.046,3.04,3.0428,1621663.7
2025-10-03 10:30:00+00:00,3.0427,3.0484,3.0389,3.0428,1436516.5
2025-10-03 10:45:00+00:00,3.0429,3.0465,3.0409,3.0454,559363.2
2025-10-03 11:00:00+00:00,3.0454,3.0479,3.0347,3.0379,892540.7
2025-10-03 11:15:00+00:00,3.0379,3.0397,3.0302,3.038,746462.5
2025-10-03 11:30:00+00:00,3.038,3.0419,3.0323,3.0409,454217.7
2025-10-03 11:45:00+00:00,3.0409,3.0431,3.0368,3.0379,576430.8
2025-10-03 12:00:00+00:00,3.038,3.0404,3.0322,3.0372,389196.0
2025-10-03 12:15:00+00:00,3.0372,3.0408,3.0326,3.0351,679522.1
2025-10-03 12:30:00+00:00,3.0351,3.0392,3.0251,3.0255,777864.1
2025-10-03 12:45:00+00:00,3.0255,3.0269,3.0216,3.0224,892256.4
2025-10-03 13:00:00+00:00,3.0225,3.0225,3.0102,3.016,1580047.9
2025-10-03 13:15:00+00:00,3.0159,3.0278,3.015,3.0262,1059983.7
2025-10-03 13:30:00+00:00,3.0263,3.0327,3.0149,3.0209,1693218.6
2025-10-03 13:45:00+00:00,3.0209,3.0299,3.02,3.0253,1480733.7
2025-10-03 14:00:00+00:00,3.0254,3.03,3.017,3.0217,1343681.6
2025-10-03 14:15:00+00:00,3.0216,3.031,3.0079,3.0293,1464467.6
2025-10-03 14:30:00+00:00,3.0293,3.0379,3.0245,3.034,1007184.9
2025-10-03 14:45:00+00:00,3.034,3.0479,3.034,3.043,1563301.7
2025-10-03 15:00:00+00:00,3.043,3.0432,3.026,3.0365,1529563.4
2025-10-03 15:15:00+00:00,3.0364,3.0523,3.0364,3.0412,1894009.0
2025-10-03 15:30:00+00:00,3.0413,3.056,3.041,3.0551,2150651.6
2025-10-03 15:45:00+00:00,3.0551,3.0731,3.0505,3.0692,2667470.5
2025-10-03 16:00:00+00:00,3.0693,3.0885,3.0693,3.0802,5366982.2
2025-10-03 16:15:00+00:00,3.0802,3.0925,3.0761,3.0873,3740115.5
2025-10-03 16:30:00+00:00,3.0872,3.0943,3.0808,3.0942,3365760.9
2025-10-03 16:45:00+00:00,3.0942,3.0948,3.0595,3.0624,3813037.5
2025-10-03 17:00:00+00:00,3.0624,3.0624,3.0124,3.0582,11038566.8
2025-10-03 17:15:00+00:00,3.0582,3.0585,3.0372,3.0402,2936464.8
2025-10-03 17:30:00+00:00,3.0401,3.055,3.0347,3.0448,1342008.9
2025-10-03 17:45:00+00:00,3.0449,3.0459,3.0225,3.0288,1884602.7
2025-10-03 18:00:00+00:00,3.0289,3.0372,3.0203,3.0361,1119410.6
2025-10-03 18:15:00+00:00,3.036,3.0494,3.0338,3.0481,683777.0
2025-10-03 18:30:00+00:00,3.0481,3.0517,3.0412,3.0416,683403.4
2025-10-03 18:45:00+00:00,3.0416,3.0492,3.0379,3.0458,1041922.9
2025-10-03 19:00:00+00:00,3.0458,3.0478,3.0364,3.0413,928699.5
2025-10-03 19:15:00+00:00,3.0413,3.0545,3.0412,3.0499,1072119.9
2025-10-03 19:30:00+00:00,3.0499,3.0522,3.041,3.0415,646002.2
2025-10-03 19:45:00+00:00,3.0415,3.0415,3.0322,3.0347,956823.3
2025-10-03 20:00:00+00:00,3.0347,3.036,3.0211,3.0239,1332388.5
2025-10-03 20:15:00+00:00,3.0239,3.0325,3.0217,3.0297,726499.6
2025-10-03 20:30:00+00:00,3.0298,3.0391,3.0291,3.039,970626.5
2025-10-03 20:45:00+00:00,3.0391,3.0402,3.0332,3.0378,653381.5
2025-10-03 21:00:00+00:00,3.0378,3.0553,3.0373,3.0553,1099502.3
2025-10-03 21:15:00+00:00,3.0553,3.0556,3.045,3.0496,632695.4
2025-10-03 21:30:00+00:00,3.0496,3.0518,3.0472,3.0491,569350.4
2025-10-03 21:45:00+00:00,3.0491,3.0504,3.0428,3.0466,493898.7
2025-10-03 22:00:00+00:00,3.0465,3.052,3.0462,3.0473,579178.5
2025-10-03 22:15:00+00:00,3.0472,3.0529,3.0454,3.0529,342899.7
2025-10-03 22:30:00+00:00,3.053,3.0541,3.0474,3.0479,531712.0
2025-10-03 22:45:00+00:00,3.048,3.0549,3.046,3.0477,604933.4
2025-10-03 23:00:00+00:00,3.0477,3.051,3.0428,3.0444,458569.1
2025-10-03 23:15:00+00:00,3.0445,3.0499,3.0431,3.0431,583560.3
2025-10-03 23:30:00+00:00,3.0431,3.0476,3.04,3.0436,441928.9
2025-10-03 23:45:00+00:00,3.0436,3.0441,3.0368,3.0401,414611.9
2025-10-04 00:00:00+00:00,3.0402,3.0477,3.0395,3.0436,502828.7
2025-10-04 00:15:00+00:00,3.0435,3.0466,3.0384,3.0398,490014.7
2025-10-04 00:30:00+00:00,3.0397,3.0522,3.0397,3.0465,878732.1
2025-10-04 00:45:00+00:00,3.0466,3.0474,3.0403,3.0434,794908.3
2025-10-04 01:00:00+00:00,3.0434,3.0452,3.0342,3.0366,950589.5
2025-10-04 01:15:00+00:00,3.0366,3.037,3.0294,3.0301,636226.3
2025-10-04 01:30:00+00:00,3.03,3.0333,3.0248,3.0273,680079.9
2025-10-04 01:45:00+00:00,3.0274,3.028,3.02,3.0236,778332.6
2025-10-04 02:00:00+00:00,3.0236,3.0332,3.019,3.0207,664283.7
2025-10-04 02:15:00+00:00,3.0207,3.0239,3.0165,3.0235,616512.1
2025-10-04 02:30:00+00:00,3.0235,3.0249,3.0203,3.0234,365954.2
2025-10-04 02:45:00+00:00,3.0235,3.0242,3.0197,3.0205,242330.9
2025-10-04 03:00:00+00:00,3.0205,3.0216,3.0082,3.0107,2190766.3
2025-10-04 03:15:00+00:00,3.0108,3.0184,3.0087,3.0142,871610.3
2025-10-04 03:30:00+00:00,3.0142,3.02,3.0129,3.0199,320213.0
2025-10-04 03:45:00+00:00,3.02,3.0238,3.0183,3.0233,354866.7
2025-10-04 04:00:00+00:00,3.0234,3.0275,3.0204,3.0215,511327.1
2025-10-04 04:15:00+00:00,3.0216,3.022,3.0169,3.0171,420021.1
2025-10-04 04:30:00+00:00,3.0171,3.0201,3.0145,3.0173,327861.0
2025-10-04 04:45:00+00:00,3.0174,3.0202,3.0167,3.018,202867.8
2025-10-04 05:00:00+00:00,3.018,3.0247,3.0168,3.0245,314910.1
2025-10-04 05:15:00+00:00,3.0245,3.0295,3.0229,3.0243,328774.5
2025-10-04 05:30:00+00:00,3.0242,3.0262,3.0189,3.0194,432973.8
2025-10-04 05:45:00+00:00,3.0193,3.0251,3.0179,3.024,224515.4
2025-10-04 06:00:00+00:00,3.024,3.0271,3.0226,3.0251,469029.6
2025-10-04 06:15:00+00:00,3.025,3.0305,3.0246,3.0262,356809.2
2025-10-04 06:30:00+00:00,3.0263,3.03,3.025,3.0256,213001.5
2025-10-04 06:45:00+00:00,3.0257,3.0291,3.0239,3.0267,303923.6
2025-10-04 07:00:00+00:00,3.0267,3.0315,3.0248,3.0289,274067.9
2025-10-04 07:15:00+00:00,3.029,3.0306,3.0269,3.0276,238522.9
2025-10-04 07:30:00+00:00,3.0275,3.0295,3.0224,3.0234,515092.7
2025-10-04 07:45:00+00:00,3.0234,3.0248,3.0175,3.018,756974.9
2025-10-04 08:00:00+00:00,3.0179,3.022,3.0172,3.0172,480255.9
2025-10-04 08:15:00+00:00,3.0172,3.0172,3.0071,3.0079,1410783.8
2025-10-04 08:30:00+00:00,3.0079,3.0113,2.9941,2.999,2525938.1
2025-10-04 08:45:00+00:00,2.999,3.0025,2.9962,3.0005,1625912.0
2025-10-04 09:00:00+00:00,3.0006,3.0073,2.9982,3.0065,836260.9
2025-10-04 09:15:00+00:00,3.0065,3.0075,3.0043,3.0057,383328.1
2025-10-04 09:30:00+00:00,3.0058,3.0058,3.0003,3.0051,483944.6
2025-10-04 09:45:00+00:00,3.0051,3.0054,2.9952,2.9963,661875.7
2025-10-04 10:00:00+00:00,2.9962,3.0039,2.9955,3.0008,478515.8
2025-10-04 10:15:00+00:00,3.0007,3.0051,2.999,3.0041,387923.0
2025-10-04 10:30:00+00:00,3.0041,3.0043,2.9852,2.9893,1306781.6
2025-10-04 10:45:00+00:00,2.9894,2.992,2.9828,2.9872,1380097.9
2025-10-04 11:00:00+00:00,2.9873,2.9915,2.985,2.986,495083.8
2025-10-04 11:15:00+00:00,2.9859,2.9907,2.9829,2.9897,972813.4
2025-10-04 11:30:00+00:00,2.9897,2.992,2.9842,2.9896,461607.3
2025-10-04 11:45:00+00:00,2.9895,2.9936,2.989,2.9904,492301.2
2025-10-04 12:00:00+00:00,2.9904,2.9951,2.9864,2.993,777008.5
2025-10-04 12:15:00+00:00,2.993,2.9932,2.9885,2.9894,291649.3
2025-10-04 12:30:00+00:00,2.9893,2.9946,2.9884,2.9902,769804.0
2025-10-04 12:45:00+00:00,2.9902,2.9903,2.9825,2.9841,665628.5
2025-10-04 13:00:00+00:00,2.9841,3.0026,2.9835,2.9989,1042136.2
2025-10-04 13:15:00+00:00,2.999,3.0065,2.9952,2.9959,606229.7
2025-10-04 13:30:00+00:00,2.996,3.0055,2.9959,3.0002,854882.1
2025-10-04 13:45:00+00:00,3.0001,3.0014,2.992,2.9928,501152.7
2025-10-04 14:00:00+00:00,2.9928,2.9986,2.9886,2.9978,872756.9
2025-10-04 14:15:00+00:00,2.9977,2.9977,2.9845,2.9856,1225326.0
2025-10-04 14:30:00+00:00,2.9857,2.9864,2.9794,2.9812,1154514.5
2025-10-04 14:45:00+00:00,2.9811,2.9812,2.9658,2.967,2520455.0
2025-10-04 15:00:00+00:00,2.9669,2.9731,2.9601,2.962,1885388.7
2025-10-04 15:15:00+00:00,2.962,2.9623,2.9409,2.9436,3291004.5
2025-10-04 15:30:00+00:00,2.9435,2.9524,2.9415,2.9508,2295765.3
2025-10-04 15:45:00+00:00,2.9508,2.9602,2.9479,2.9497,1548259.8
2025-10-04 16:00:00+00:00,2.9497,2.9555,2.9425,2.9459,898459.4
2025-10-04 16:15:00+00:00,2.946,2.9482,2.939,2.9475,1180304.9
2025-10-04 16:30:00+00:00,2.9476,2.9542,2.9475,2.9512,1113026.7
2025-10-04 16:45:00+00:00,2.9512,2.9525,2.9442,2.9462,731294.6
2025-10-04 17:00:00+00:00,2.9461,2.9544,2.9433,2.9494,966159.0
2025-10-04 17:15:00+00:00,2.9494,2.9568,2.9482,2.9554,699788.0
2025-10-04 17:30:00+00:00,2.9554,2.956,2.9422,2.9441,682782.5
2025-10-04 17:45:00+00:00,2.9441,2.9491,2.9424,2.9482,387435.0
2025-10-04 18:00:00+00:00,2.9482,2.949,2.944,2.9447,602044.5
2025-10-04 18:15:00+00:00,2.9447,2.9454,2.9413,2.9441,426322.0
2025-10-04 18:30:00+00:00,2.9441,2.9452,2.9403,2.9443,631215.8
2025-10-04 18:45:00+00:00,2.9443,2.9447,2.9407,2.9435,279634.7
2025-10-04 19:00:00+00:00,2.9435,2.9485,2.9419,2.9472,450692.8
2025-10-04 19:15:00+00:00,2.9473,2.9517,2.9464,2.9483,406491.8
2025-10-04 19:30:00+00:00,2.9483,2.9484,2.9431,2.9431,341339.5
2025-10-04 19:45:00+00:00,2.9431,2.9501,2.9425,2.9501,442711.8
2025-10-04 20:00:00+00:00,2.9502,2.9507,2.9465,2.9491,550757.5
2025-10-04 20:15:00+00:00,2.9491,2.9519,2.9484,2.9507,431267.0
2025-10-04 20:30:00+00:00,2.9507,2.9554,2.9483,2.9552,827142.9
2025-10-04 20:45:00+00:00,2.9552,2.9582,2.9471,2.9471,629311.3
2025-10-04 21:00:00+00:00,2.9471,2.9549,2.9457,2.9522,412707.5
2025-10-04 21:15:00+00:00,2.9523,2.9642,2.9519,2.9637,529642.1
2025-10-04 21:30:00+00:00,2.9636,2.9655,2.9629,2.9648,691335.2
2025-10-04 21:45:00+00:00,2.9649,2.9649,2.9594,2.9613,238663.8
2025-10-04 22:00:00+00:00,2.9614,2.9674,2.9583,2.9589,618432.3
2025-10-04 22:15:00+00:00,2.959,2.9615,2.9539,2.9615,287012.0
2025-10-04 22:30:00+00:00,2.9615,2.97,2.9615,2.97,414480.4
2025-10-04 22:45:00+00:00,2.9701,2.9713,2.9685,2.9692,354817.5
2025-10-04 23:00:00+00:00,2.9691,2.9694,2.963,2.9632,184285.9
2025-10-04 23:15:00+00:00,2.9632,2.967,2.9627,2.9669,168169.9
2025-10-04 23:30:00+00:00,2.9669,2.9721,2.9665,2.9713,471885.7
2025-10-04 23:45:00+00:00,2.9714,2.9731,2.9674,2.9685,466059.6
2025-10-05 00:00:00+00:00,2.9685,2.9692,2.9616,2.9628,376237.7
2025-10-05 00:15:00+00:00,2.9628,2.9743,2.9618,2.9739,473444.3
2025-10-05 00:30:00+00:00,2.974,2.9742,2.9605,2.9605,358305.2
2025-10-05 00:45:00+00:00,2.9605,2.9614,2.9555,2.9569,448222.4
2025-10-05 01:00:00+00:00,2.957,2.9699,2.9564,2.9661,309246.1
2025-10-05 01:15:00+00:00,2.966,2.9672,2.959,2.9609,343752.5
2025-10-05 01:30:00+00:00,2.9609,2.9663,2.9605,2.9648,346786.7
2025-10-05 01:45:00+00:00,2.9648,2.9678,2.9626,2.9641,566915.6
2025-10-05 02:00:00+00:00,2.964,2.9656,2.9605,2.9637,259874.3
2025-10-05 02:15:00+00:00,2.9638,2.9731,2.9626,2.9729,401913.9
2025-10-05 02:30:00+00:00,2.9729,3.0024,2.9729,2.991,3298492.6
2025-10-05 02:45:00+00:00,2.9911,3.0068,2.991,3.0051,1086329.9
2025-10-05 03:00:00+00:00,3.0051,3.0182,3.0029,3.0075,1637890.2
2025-10-05 03:15:00+00:00,3.0075,3.0149,3.0025,3.0143,1204141.3
2025-10-05 03:30:00+00:00,3.0142,3.0263,3.0139,3.0237,1978337.8
2025-10-05 03:45:00+00:00,3.0236,3.0257,3.0059,3.0075,758187.1
2025-10-05 04:00:00+00:00,3.0075,3.017,3.0049,3.0108,1162613.8
2025-10-05 04:15:00+00:00,3.0108,3.0167,3.0074,3.0122,499541.4
2025-10-05 04:30:00+00:00,3.0122,3.0183,3.0081,3.0158,745849.0
2025-10-05 04:45:00+00:00,3.0157,3.0441,3.015,3.034,5054817.3
2025-10-05 05:00:00+00:00,3.034,3.0426,3.027,3.0338,1586856.6
2025-10-05 05:15:00+00:00,3.0339,3.0369,3.0277,3.0367,856547.6
2025-10-05 05:30:00+00:00,3.0367,3.0381,3.0293,3.031,599791.5
2025-10-05 05:45:00+00:00,3.031,3.0364,3.0265,3.0356,852114.1
2025-10-05 06:00:00+00:00,3.0355,3.0382,3.0312,3.0371,1298210.2
2025-10-05 06:15:00+00:00,3.0371,3.0382,3.0268,3.037,1594779.1
2025-10-05 06:30:00+00:00,3.0371,3.0397,3.0296,3.0379,880731.5
2025-10-05 06:45:00+00:00,3.0378,3.0397,3.0332,3.0339,521265.4
2025-10-05 07:00:00+00:00,3.0339,3.0473,3.0332,3.0461,1753397.6
2025-10-05 07:15:00+00:00,3.0461,3.0574,3.0461,3.049,2552694.1
2025-10-05 07:30:00+00:00,3.0489,3.0524,3.0464,3.0522,890600.5
2025-10-05 07:45:00+00:00,3.0523,3.0675,3.0522,3.0633,1559559.3
2025-10-05 08:00:00+00:00,3.0633,3.0716,3.0547,3.0547,1966268.7
2025-10-05 08:15:00+00:00,3.0546,3.0647,3.0507,3.0587,1780171.3
2025-10-05 08:30:00+00:00,3.0587,3.0587,3.0483,3.0534,1090357.5
2025-10-05 08:45:00+00:00,3.0533,3.0542,3.0464,3.0472,929284.2
2025-10-05 09:00:00+00:00,3.0472,3.0523,3.0439,3.047,1058572.3
2025-10-05 09:15:00+00:00,3.0469,3.0492,3.0365,3.0401,1313028.5
2025-10-05 09:30:00+00:00,3.0401,3.0464,3.0218,3.0266,4474513.6
2025-10-05 09:45:00+00:00,3.0266,3.0327,3.0163,3.0239,2384041.1
2025-10-05 10:00:00+00:00,3.0239,3.025,3.0011,3.0119,3172879.0
2025-10-05 10:15:00+00:00,3.0119,3.0207,3.0096,3.0145,828406.9
2025-10-05 10:30:00+00:00,3.0145,3.0155,3.006,3.0151,821500.0
2025-10-05 10:45:00+00:00,3.0151,3.0206,3.0151,3.0155,520225.1
2025-10-05 11:00:00+00:00,3.0155,3.0199,3.0072,3.0093,944590.7
2025-10-05 11:15:00+00:00,3.0094,3.0189,3.0063,3.0166,644141.4
2025-10-05 11:30:00+00:00,3.0166,3.0194,3.0125,3.019,447241.2
2025-10-05 11:45:00+00:00,3.0191,3.0235,3.0191,3.022,675549.8
2025-10-05 12:00:00+00:00,3.022,3.0221,3.0056,3.012,928155.1
2025-10-05 12:15:00+00:00,3.012,3.0204,3.0099,3.011,598005.1
2025-10-05 12:30:00+00:00,3.011,3.016,3.0065,3.0076,444214.8
2025-10-05 12:45:00+00:00,3.0075,3.0143,3.0054,3.0066,394382.5
2025-10-05 13:00:00+00:00,3.0067,3.0124,3.0054,3.0087,438704.6
2025-10-05 13:15:00+00:00,3.0088,3.0098,2.9959,3.0067,1155019.2
2025-10-05 13:30:00+00:00,3.0067,3.014,3.0014,3.009,723540.1
2025-10-05 13:45:00+00:00,3.0089,3.0125,3.0028,3.0051,701907.4
2025-10-05 14:00:00+00:00,3.0051,3.0105,3.004,3.0087,591176.6
2025-10-05 14:15:00+00:00,3.0087,3.0087,3.0014,3.003,648540.0
2025-10-05 14:30:00+00:00,3.003,3.0045,2.9894,2.9937,1488239.2
2025-10-05 14:45:00+00:00,2.9937,2.9961,2.9856,2.9953,1204361.7
2025-10-05 15:00:00+00:00,2.9953,2.9994,2.9931,2.9994,473234.9
2025-10-05 15:15:00+00:00,2.9995,3.0076,2.9995,3.0062,792783.2
2025-10-05 15:30:00+00:00,3.0061,3.0061,2.9991,3.0033,338502.6
2025-10-05 15:45:00+00:00,3.0034,3.0158,3.0033,3.0128,524041.2
2025-10-05 16:00:00+00:00,3.0127,3.015,3.0078,3.0114,457862.6
2025-10-05 16:15:00+00:00,3.0115,3.0132,3.003,3.0031,465275.7
2025-10-05 16:30:00+00:00,3.0032,3.0059,2.9966,2.9977,480903.6
2025-10-05 16:45:00+00:00,2.9978,3.0039,2.9819,3.0019,2232992.6
2025-10-05 17:00:00+00:00,3.002,3.008,2.9958,3.0004,799644.2
2025-10-05 17:15:00+00:00,3.0005,3.0057,2.9989,3.0018,411374.7
2025-10-05 17:30:00+00:00,3.0018,3.0018,2.9887,2.9926,633655.5
2025-10-05 17:45:00+00:00,2.9925,2.9934,2.9813,2.9881,606990.3
2025-10-05 18:00:00+00:00,2.9881,2.991,2.974,2.9808,1690163.7
2025-10-05 18:15:00+00:00,2.9808,2.9808,2.9689,2.9737,1508638.1
2025-10-05 18:30:00+00:00,2.9737,2.9818,2.9735,2.9759,969761.1
2025-10-05 18:45:00+00:00,2.976,2.9797,2.9742,2.9747,357916.8
2025-10-05 19:00:00+00:00,2.9747,2.9752,2.9504,2.9544,3914377.4
2025-10-05 19:15:00+00:00,2.9543,2.9625,2.95,2.9559,1299440.0
2025-10-05 19:30:00+00:00,2.956,2.96,2.954,2.9557,559940.3
2025-10-05 19:45:00+00:00,2.9558,2.9577,2.9483,2.9529,1501904.9
2025-10-05 20:00:00+00:00,2.9528,2.962,2.9468,2.9566,1139601.1
2025-10-05 20:15:00+00:00,2.9566,2.9592,2.9519,2.9592,704031.1
2025-10-05 20:30:00+00:00,2.9592,2.9716,2.9592,2.97,1886036.1
2025-10-05 20:45:00+00:00,2.9699,2.9746,2.9694,2.9696,2102534.8
2025-10-05 21:00:00+00:00,2.9696,2.9744,2.963,2.9743,1857192.5
2025-10-05 21:15:00+00:00,2.9743,2.9795,2.97,2.9773,1316740.9
2025-10-05 21:30:00+00:00,2.9774,2.98,2.9716,2.9767,602943.5
2025-10-05 21:45:00+00:00,2.9766,2.9797,2.9723,2.9757,1039690.9
2025-10-05 22:00:00+00:00,2.9758,2.9851,2.958,2.9623,1441085.9
2025-10-05 22:15:00+00:00,2.9623,2.9675,2.958,2.9617,1155999.3
2025-10-05 22:30:00+00:00,2.9618,2.9638,2.9577,2.9637,1328552.0
2025-10-05 22:45:00+00:00,2.9636,2.9697,2.9621,2.967,410487.7
2025-10-05 23:00:00+00:00,2.9669,2.9711,2.9635,2.9683,539113.8
2025-10-05 23:15:00+00:00,2.9682,2.9728,2.9676,2.9725,520992.3
2025-10-05 23:30:00+00:00,2.9726,2.9788,2.9702,2.971,767476.1
2025-10-05 23:45:00+00:00,2.971,2.9747,2.9681,2.9697,442365.8
2025-10-06 00:00:00+00:00,2.9697,2.9718,2.9581,2.9705,886270.3
2025-10-06 00:15:00+00:00,2.9706,2.9924,2.9619,2.9704,2507315.5
2025-10-06 00:30:00+00:00,2.9704,2.9777,2.9638,2.9726,1446859.7
2025-10-06 00:45:00+00:00,2.9726,2.9744,2.9553,2.9631,1487836.9
2025-10-06 01:00:00+00:00,2.9631,2.9735,2.9551,2.969,718085.0
2025-10-06 01:15:00+00:00,2.9689,2.9865,2.9632,2.9817,700462.3
2025-10-06 01:30:00+00:00,2.9818,2.988,2.9718,2.9756,884865.9
2025-10-06 01:45:00+00:00,2.9756,2.9798,2.9725,2.979,525052.9
2025-10-06 02:00:00+00:00,2.979,2.9826,2.9713,2.9742,437100.7
2025-10-06 02:15:00+00:00,2.9742,2.9788,2.9687,2.9689,800487.6
2025-10-06 02:30:00+00:00,2.9688,2.9723,2.9616,2.9714,832696.5
2025-10-06 02:45:00+00:00,2.9715,2.9918,2.9715,2.9812,1147163.2
2025-10-06 03:00:00+00:00,2.9811,2.9827,2.9774,2.9814,501395.3
2025-10-06 03:15:00+00:00,2.9813,2.9822,2.9752,2.9779,353177.6
2025-10-06 03:30:00+00:00,2.978,2.9839,2.9767,2.9781,581290.4
2025-10-06 03:45:00+00:00,2.9781,2.9789,2.9737,2.978,352172.4
2025-10-06 04:00:00+00:00,2.978,2.9793,2.9706,2.9759,536563.6
2025-10-06 04:15:00+00:00,2.9759,2.9821,2.9758,2.9811,419425.2
2025-10-06 04:30:00+00:00,2.9811,2.982,2.97,2.9714,527546.7
2025-10-06 04:45:00+00:00,2.9714,2.9722,2.9657,2.9677,592864.9
2025-10-06 05:00:00+00:00,2.9677,2.971,2.9625,2.9631,696790.8
2025-10-06 05:15:00+00:00,2.963,2.9717,2.9623,2.9716,543328.7
2025-10-06 05:30:00+00:00,2.9717,2.9722,2.9649,2.97,469551.1
2025-10-06 05:45:00+00:00,2.9701,2.9762,2.9694,2.9733,578113.5
2025-10-06 06:00:00+00:00,2.9733,2.9878,2.9733,2.986,991896.5
2025-10-06 06:15:00+00:00,2.986,2.9915,2.9826,2.9902,1010058.2
2025-10-06 06:30:00+00:00,2.9902,2.9999,2.9895,2.993,1428959.8
2025-10-06 06:45:00+00:00,2.9929,2.9949,2.9862,2.9902,621114.3
2025-10-06 07:00:00+00:00,2.9902,2.9959,2.988,2.9959,598546.8
2025-10-06 07:15:00+00:00,2.9959,2.9972,2.9896,2.9907,581350.4
2025-10-06 07:30:00+00:00,2.9907,2.9911,2.9695,2.972,1086405.3
2025-10-06 07:45:00+00:00,2.9719,2.9742,2.965,2.9737,1162403.6
2025-10-06 08:00:00+00:00,2.9736,2.9844,2.9736,2.9802,557063.5
2025-10-06 08:15:00+00:00,2.9802,2.9836,2.9765,2.9829,552421.3
2025-10-06 08:30:00+00:00,2.983,2.9913,2.983,2.9856,695315.5
2025-10-06 08:45:00+00:00,2.9856,2.9914,2.9849,2.9873,559634.7
2025-10-06 09:00:00+00:00,2.9874,2.9945,2.9863,2.9917,797439.1
2025-10-06 09:15:00+00:00,2.9916,2.9941,2.9878,2.9914,665195.9
2025-10-06 09:30:00+00:00,2.9914,2.9922,2.9863,2.9891,1081787.9
2025-10-06 09:45:00+00:00,2.989,2.994,2.9883,2.9914,569991.7
2025-10-06 10:00:00+00:00,2.9914,2.9944,2.9865,2.9884,897170.4
2025-10-06 10:15:00+00:00,2.9885,2.9938,2.985,2.9924,579603.7
2025-10-06 10:30:00+00:00,2.9924,2.9944,2.9891,2.9915,741044.6
2025-10-06 10:45:00+00:00,2.9916,2.9964,2.9915,2.9933,517266.3
2025-10-06 11:00:00+00:00,2.9933,2.9945,2.9856,2.9923,668879.0
2025-10-06 11:15:00+00:00,2.9922,3.0088,2.9921,3.0064,1525351.0
2025-10-06 11:30:00+00:00,3.0063,3.0083,2.9952,3.001,920643.4
2025-10-06 11:45:00+00:00,3.0009,3.0037,2.9938,2.9951,764825.1
2025-10-06 12:00:00+00:00,2.9951,3.0038,2.9951,3.0003,746705.0
2025-10-06 12:15:00+00:00,3.0004,3.0092,3.0003,3.0029,1503140.4
2025-10-06 12:30:00+00:00,3.0029,3.0055,2.9984,2.9985,824374.0
2025-10-06 12:45:00+00:00,2.9985,3.0042,2.9984,3.001,684316.7
2025-10-06 13:00:00+00:00,3.0009,3.0058,2.9942,2.9993,1040606.8
2025-10-06 13:15:00+00:00,2.9992,3.0034,2.9926,2.9978,1197291.8
2025-10-06 13:30:00+00:00,2.9979,3.0096,2.9895,2.9969,2175031.2
2025-10-06 13:45:00+00:00,2.9969,3.0096,2.9916,3.0088,921957.3
2025-10-06 14:00:00+00:00,3.0089,3.0221,3.0082,3.0131,2363531.0
2025-10-06 14:15:00+00:00,3.013,3.019,2.9979,3.0053,2231395.8
2025-10-06 14:30:00+00:00,3.0053,3.0118,3.0,3.0002,1565900.6
2025-10-06 14:45:00+00:00,3.0002,3.0027,2.9844,2.9878,3868369.6
2025-10-06 15:00:00+00:00,2.9877,3.0066,2.9875,3.0056,3446956.6
2025-10-06 15:15:00+00:00,3.0057,3.0361,3.0056,3.0334,7133480.4
2025-10-06 15:30:00+00:00,3.0334,3.0353,3.0199,3.0294,4134486.0
2025-10-06 15:45:00+00:00,3.0293,3.039,3.0272,3.0312,1601892.5
2025-10-06 16:00:00+00:00,3.0311,3.0405,3.0212,3.0298,1550075.8
2025-10-06 16:15:00+00:00,3.0297,3.0371,3.0217,3.0245,1059095.5
2025-10-06 16:30:00+00:00,3.0245,3.0284,3.022,3.0282,902723.4
2025-10-06 16:45:00+00:00,3.0282,3.0336,3.0224,3.0325,926881.3
2025-10-06 17:00:00+00:00,3.0325,3.0387,3.0302,3.0334,1472263.4
2025-10-06 17:15:00+00:00,3.0333,3.0473,3.0317,3.0439,2071090.9
2025-10-06 17:30:00+00:00,3.044,3.0462,3.0281,3.0364,1423440.8
2025-10-06 17:45:00+00:00,3.0364,3.0431,3.032,3.0363,1114914.5
2025-10-06 18:00:00+00:00,3.0364,3.04,3.0327,3.0383,1277682.6
2025-10-06 18:15:00+00:00,3.0383,3.0439,3.0357,3.0432,1369985.0
2025-10-06 18:30:00+00:00,3.0432,3.0433,3.034,3.0357,643226.7
2025-10-06 18:45:00+00:00,3.0358,3.0479,3.0354,3.0447,1401231.5
2025-10-06 19:00:00+00:00,3.0447,3.0506,3.0373,3.046,2591011.4
2025-10-06 19:15:00+00:00,3.0459,3.0466,3.0329,3.0333,1353886.3
2025-10-06 19:30:00+00:00,3.0333,3.0344,3.0234,3.026,1250670.6
2025-10-06 19:45:00+00:00,3.0259,3.0299,3.0236,3.0247,970020.7
2025-10-06 20:00:00+00:00,3.0247,3.0336,3.0234,3.0274,876888.4
2025-10-06 20:15:00+00:00,3.0275,3.0277,3.013,3.0155,1242401.3
2025-10-06 20:30:00+00:00,3.0155,3.0209,3.0079,3.0099,1664044.0
2025-10-06 20:45:00+00:00,3.01,3.0114,3.0074,3.0088,1923284.8
2025-10-06 21:00:00+00:00,3.0088,3.0154,3.0066,3.0067,1344318.1
2025-10-06 21:15:00+00:00,3.0066,3.0079,2.9978,3.007,1936102.9
2025-10-06 21:30:00+00:00,3.0071,3.01,3.0002,3.0041,986342.1
2025-10-06 21:45:00+00:00,3.0041,3.007,2.9993,3.0069,768327.4
2025-10-06 22:00:00+00:00,3.0069,3.0121,3.0022,3.0033,2009322.1
2025-10-06 22:15:00+00:00,3.0034,3.0067,2.9988,2.9999,2084655.9
2025-10-06 22:30:00+00:00,2.9998,3.001,2.9926,2.9955,2121558.4
2025-10-06 22:45:00+00:00,2.9955,3.0022,2.9938,3.0009,1107662.8
2025-10-06 23:00:00+00:00,3.0009,3.0023,2.9921,2.9927,1222556.8
2025-10-06 23:15:00+00:00,2.9927,2.9956,2.9867,2.994,1543883.4
2025-10-06 23:30:00+00:00,2.994,2.9967,2.9909,2.9954,580781.8
2025-10-06 23:45:00+00:00,2.9955,2.9956,2.988,2.9883,855952.0
2025-10-07 00:00:00+00:00,2.9883,2.9932,2.9866,2.9878,692463.6
2025-10-07 00:15:00+00:00,2.9879,2.9889,2.9809,2.9832,1223901.0
2025-10-07 00:30:00+00:00,2.9832,2.9945,2.983,2.9934,660116.9
2025-10-07 00:45:00+00:00,2.9935,2.9945,2.9878,2.9941,411493.8
2025-10-07 01:00:00+00:00,2.9941,3.0009,2.993,2.9936,820390.5
2025-10-07 01:15:00+00:00,2.9936,2.9937,2.978,2.9896,1327005.2
2025-10-07 01:30:00+00:00,2.9897,2.9922,2.9843,2.9922,416956.6
2025-10-07 01:45:00+00:00,2.9921,2.9925,2.9845,2.9886,482654.3
2025-10-07 02:00:00+00:00,2.9887,2.9889,2.9843,2.9848,760837.2
2025-10-07 02:15:00+00:00,2.9847,2.9945,2.9785,2.9938,950681.4
2025-10-07 02:30:00+00:00,2.9937,2.9944,2.9832,2.984,445626.5
2025-10-07 02:45:00+00:00,2.984,2.9892,2.9824,2.9855,744560.3
2025-10-07 03:00:00+00:00,2.9855,2.9865,2.9818,2.9855,713427.0
2025-10-07 03:15:00+00:00,2.9855,2.9855,2.9766,2.98,1274033.4
2025-10-07 03:30:00+00:00,2.98,2.9886,2.979,2.9884,348738.5
2025-10-07 03:45:00+00:00,2.9884,2.9898,2.9852,2.986,406475.2
2025-10-07 04:00:00+00:00,2.986,2.9862,2.9775,2.9785,1350806.8
2025-10-07 04:15:00+00:00,2.9785,2.9845,2.975,2.9845,1312011.8
2025-10-07 04:30:00+00:00,2.9845,2.9937,2.9844,2.992,634031.7
2025-10-07 04:45:00+00:00,2.9921,2.9958,2.9911,2.9925,977980.3
2025-10-07 05:00:00+00:00,2.9925,2.9949,2.9867,2.9915,812617.9
2025-10-07 05:15:00+00:00,2.9915,2.9961,2.989,2.9946,774908.5
2025-10-07 05:30:00+00:00,2.9947,3.0012,2.993,2.9993,1005619.4
2025-10-07 05:45:00+00:00,2.9993,3.0005,2.9878,2.9911,1053785.8
2025-10-07 06:00:00+00:00,2.9911,2.9911,2.9818,2.9818,1320850.6
2025-10-07 06:15:00+00:00,2.9818,2.9818,2.9715,2.9724,1943038.6
2025-10-07 06:30:00+00:00,2.9724,2.977,2.9656,2.9684,3320003.9
2025-10-07 06:45:00+00:00,2.9684,2.9759,2.9661,2.9676,1196238.3
2025-10-07 07:00:00+00:00,2.9677,2.9741,2.965,2.9689,1002083.3
2025-10-07 07:15:00+00:00,2.9688,2.9712,2.9644,2.9687,1105511.6
2025-10-07 07:30:00+00:00,2.9687,2.9692,2.9618,2.9682,932163.5
2025-10-07 07:45:00+00:00,2.9681,2.9718,2.9672,2.9716,562575.8
2025-10-07 08:00:00+00:00,2.9716,2.9725,2.9574,2.9589,1599828.6
2025-10-07 08:15:00+00:00,2.9588,2.9657,2.956,2.9617,1684006.9
2025-10-07 08:30:00+00:00,2.9618,2.9675,2.9546,2.9675,1481316.4
2025-10-07 08:45:00+00:00,2.9675,2.97,2.9626,2.9647,1210903.0
2025-10-07 09:00:00+00:00,2.9646,2.9736,2.964,2.9725,1053933.4
2025-10-07 09:15:00+00:00,2.9724,2.9741,2.9677,2.9722,814450.4
2025-10-07 09:30:00+00:00,2.9722,2.9734,2.9678,2.9706,720970.8
2025-10-07 09:45:00+00:00,2.9705,2.9736,2.97,2.9726,458811.6
2025-10-07 10:00:00+00:00,2.9726,2.9804,2.9681,2.9781,920887.0
2025-10-07 10:15:00+00:00,2.9781,2.9787,2.9731,2.9741,805651.9
2025-10-07 10:30:00+00:00,2.974,2.9798,2.972,2.9746,952892.9
2025-10-07 10:45:00+00:00,2.9747,2.9795,2.9737,2.9765,645545.2
2025-10-07 11:00:00+00:00,2.9765,2.9797,2.9735,2.9757,876466.6
2025-10-07 11:15:00+00:00,2.9757,2.977,2.9726,2.9754,1067226.4
2025-10-07 11:30:00+00:00,2.9755,2.9789,2.9695,2.9713,1526610.3
2025-10-07 11:45:00+00:00,2.9713,2.9759,2.9694,2.9705,1211443.6
2025-10-07 12:00:00+00:00,2.9705,2.9766,2.9673,2.9715,810098.6
2025-10-07 12:15:00+00:00,2.9715,2.9742,2.9677,2.9713,1252745.1
2025-10-07 12:30:00+00:00,2.9713,2.976,2.9677,2.9727,807473.6
2025-10-07 12:45:00+00:00,2.9727,2.9917,2.9727,2.9862,1801372.0
2025-10-07 13:00:00+00:00,2.9863,2.9913,2.9751,2.9774,1337151.5
2025-10-07 13:15:00+00:00,2.9774,2.9818,2.9714,2.9784,3215082.9
2025-10-07 13:30:00+00:00,2.9784,2.9793,2.9401,2.9511,5937763.3
2025-10-07 13:45:00+00:00,2.951,2.9548,2.9379,2.954,3868220.4
2025-10-07 14:00:00+00:00,2.954,2.9566,2.9134,2.9219,8525565.0
2025-10-07 14:15:00+00:00,2.9219,2.9323,2.9029,2.907,4441832.3
2025-10-07 14:30:00+00:00,2.907,2.9234,2.9039,2.9196,3255748.8
2025-10-07 14:45:00+00:00,2.9196,2.925,2.9088,2.9098,1963772.0
2025-10-07 15:00:00+00:00,2.9098,2.9169,2.88,2.8993,8879811.9
2025-10-07 15:15:00+00:00,2.8993,2.9092,2.8951,2.8966,1734330.6
2025-10-07 15:30:00+00:00,2.8967,2.8967,2.85,2.8851,6942497.4
2025-10-07 15:45:00+00:00,2.8851,2.8862,2.8761,2.8847,2830540.1
2025-10-07 16:00:00+00:00,2.8847,2.8875,2.8751,2.8785,3780879.0
2025-10-07 16:15:00+00:00,2.8785,2.8847,2.8726,2.8765,2064013.8
2025-10-07 16:30:00+00:00,2.8764,2.898,2.875,2.8966,2176927.1
2025-10-07 16:45:00+00:00,2.8966,2.904,2.8858,2.889,3978744.6
2025-10-07 17:00:00+00:00,2.8889,2.8942,2.8848,2.888,1844820.3
2025-10-07 17:15:00+00:00,2.8881,2.8908,2.8828,2.8857,1347642.3
2025-10-07 17:30:00+00:00,2.8857,2.8873,2.8777,2.8863,1312062.2
2025-10-07 17:45:00+00:00,2.8864,2.8904,2.8776,2.8777,1408277.3
2025-10-07 18:00:00+00:00,2.8777,2.8818,2.8733,2.8792,1306915.3
2025-10-07 18:15:00+00:00,2.8793,2.8809,2.8688,2.8732,1716624.9
2025-10-07 18:30:00+00:00,2.8733,2.8736,2.861,2.8661,1189116.3
2025-10-07 18:45:00+00:00,2.8661,2.8678,2.8596,2.86,847314.9
2025-10-07 19:00:00+00:00,2.86,2.8709,2.8561,2.8624,1645824.9
2025-10-07 19:15:00+00:00,2.8623,2.8723,2.8618,2.8634,1179396.4
2025-10-07 19:30:00+00:00,2.8633,2.8672,2.8597,2.8609,855091.9
2025-10-07 19:45:00+00:00,2.8609,2.8699,2.8489,2.8568,3453994.0
2025-10-07 20:00:00+00:00,2.8569,2.8806,2.8546,2.8791,1844804.0
2025-10-07 20:15:00+00:00,2.8791,2.8816,2.8689,2.8712,1889817.9
2025-10-07 20:30:00+00:00,2.8712,2.8787,2.8702,2.8719,911930.6
2025-10-07 20:45:00+00:00,2.8719,2.8802,2.8718,2.8719,792756.8
2025-10-07 21:00:00+00:00,2.872,2.8783,2.8662,2.8731,924063.3
2025-10-07 21:15:00+00:00,2.873,2.8813,2.8715,2.8802,607326.9
2025-10-07 21:30:00+00:00,2.8803,2.8803,2.8686,2.8716,1029986.0
2025-10-07 21:45:00+00:00,2.8716,2.8743,2.8668,2.8728,751334.3
2025-10-07 22:00:00+00:00,2.8728,2.8729,2.8635,2.8706,911721.8
2025-10-07 22:15:00+00:00,2.8705,2.8768,2.8681,2.8706,759445.2
2025-10-07 22:30:00+00:00,2.8706,2.8735,2.8625,2.8682,870354.4
2025-10-07 22:45:00+00:00,2.8682,2.8693,2.8654,2.867,436244.6
2025-10-07 23:00:00+00:00,2.8671,2.8673,2.8595,2.8606,560020.8
2025-10-07 23:15:00+00:00,2.8606,2.8635,2.8554,2.8563,1042088.1
2025-10-07 23:30:00+00:00,2.8562,2.8571,2.8497,2.8556,1666645.8
2025-10-07 23:45:00+00:00,2.8556,2.8596,2.8497,2.852,980251.2
2025-10-08 00:00:00+00:00,2.8521,2.8701,2.8515,2.8691,1579469.4
2025-10-08 00:15:00+00:00,2.869,2.8755,2.8687,2.87,2129051.5
2025-10-08 00:30:00+00:00,2.8699,2.8767,2.8601,2.873,1343825.1
2025-10-08 00:45:00+00:00,2.873,2.8762,2.8696,2.8696,1124771.0
2025-10-08 01:00:00+00:00,2.8697,2.8722,2.8659,2.866,742948.3
2025-10-08 01:15:00+00:00,2.8659,2.8758,2.8644,2.8707,630891.6
2025-10-08 01:30:00+00:00,2.8707,2.8737,2.8666,2.8691,660003.9
2025-10-08 01:45:00+00:00,2.8692,2.8744,2.8691,2.8717,534608.3
2025-10-08 02:00:00+00:00,2.8717,2.8732,2.8665,2.8711,701154.0
2025-10-08 02:15:00+00:00,2.8711,2.8792,2.8711,2.8781,513658.0
2025-10-08 02:30:00+00:00,2.8781,2.8782,2.87,2.871,645194.3
2025-10-08 02:45:00+00:00,2.8709,2.8764,2.8689,2.8693,890914.4
2025-10-08 03:00:00+00:00,2.8692,2.8692,2.8558,2.856,1142947.7
2025-10-08 03:15:00+00:00,2.8561,2.8606,2.8374,2.8463,2623538.4
2025-10-08 03:30:00+00:00,2.8463,2.8516,2.8424,2.8472,959618.2
2025-10-08 03:45:00+00:00,2.8473,2.8539,2.845,2.8464,818029.0
2025-10-08 04:00:00+00:00,2.8465,2.8521,2.8303,2.851,2038563.2
2025-10-08 04:15:00+00:00,2.851,2.8603,2.851,2.8567,717969.0
2025-10-08 04:30:00+00:00,2.8567,2.8641,2.8557,2.8571,642873.5
2025-10-08 04:45:00+00:00,2.8571,2.8628,2.8565,2.8623,429343.2
2025-10-08 05:00:00+00:00,2.8624,2.8624,2.8537,2.8556,604082.7
2025-10-08 05:15:00+00:00,2.8556,2.8566,2.8509,2.8527,665185.5
2025-10-08 05:30:00+00:00,2.8528,2.8553,2.8495,2.8497,1249706.0
2025-10-08 05:45:00+00:00,2.8496,2.857,2.8455,2.8553,864042.1
2025-10-08 06:00:00+00:00,2.8553,2.8564,2.8426,2.8519,1441956.2
2025-10-08 06:15:00+00:00,2.8519,2.8573,2.8479,2.8519,779336.9
2025-10-08 06:30:00+00:00,2.8519,2.8613,2.8518,2.8586,625249.2
2025-10-08 06:45:00+00:00,2.8586,2.8636,2.8581,2.8615,717377.6
2025-10-08 07:00:00+00:00,2.8615,2.8631,2.8531,2.8545,934386.6
2025-10-08 07:15:00+00:00,2.8544,2.8572,2.8507,2.8551,1177374.5
2025-10-08 07:30:00+00:00,2.8551,2.8574,2.85,2.8549,551984.9
2025-10-08 07:45:00+00:00,2.8549,2.859,2.8484,2.858,1511827.0
2025-10-08 08:00:00+00:00,2.8579,2.8605,2.8561,2.8594,1238876.8
2025-10-08 08:15:00+00:00,2.8594,2.8665,2.8573,2.8622,719220.9
2025-10-08 08:30:00+00:00,2.8623,2.8783,2.8612,2.8763,1502702.0
2025-10-08 08:45:00+00:00,2.8762,2.8772,2.866,2.8683,1004835.6
2025-10-08 09:00:00+00:00,2.8682,2.8721,2.866,2.8675,765997.6
2025-10-08 09:15:00+00:00,2.8675,2.8682,2.8624,2.8645,1234521.9
2025-10-08 09:30:00+00:00,2.8645,2.8687,2.8624,2.8661,772947.5
2025-10-08 09:45:00+00:00,2.866,2.8698,2.8638,2.8698,455921.6
2025-10-08 10:00:00+00:00,2.8697,2.8743,2.8661,2.867,745015.1
2025-10-08 10:15:00+00:00,2.867,2.8728,2.8659,2.8702,683222.2
2025-10-08 10:30:00+00:00,2.8702,2.8778,2.8693,2.8744,1017559.0
2025-10-08 10:45:00+00:00,2.8743,2.8786,2.8736,2.8773,1029987.9
2025-10-08 11:00:00+00:00,2.8773,2.881,2.8749,2.8806,948085.5
2025-10-08 11:15:00+00:00,2.8805,2.8806,2.874,2.8759,782202.3
2025-10-08 11:30:00+00:00,2.876,2.876,2.8706,2.8727,832319.7
2025-10-08 11:45:00+00:00,2.8726,2.8768,2.872,2.8762,539748.6
2025-10-08 12:00:00+00:00,2.8761,2.8823,2.8728,2.8781,1141496.3
2025-10-08 12:15:00+00:00,2.8782,2.8789,2.8735,2.8785,685440.6
2025-10-08 12:30:00+00:00,2.8785,2.8786,2.8712,2.874,739847.2
2025-10-08 12:45:00+00:00,2.8741,2.8767,2.8705,2.8747,759550.4
2025-10-08 13:00:00+00:00,2.8746,2.879,2.8711,2.876,761581.0
2025-10-08 13:15:00+00:00,2.8759,2.8772,2.8717,2.8724,704713.3
2025-10-08 13:30:00+00:00,2.8723,2.8776,2.8555,2.8605,1956552.0
2025-10-08 13:45:00+00:00,2.8604,2.8742,2.8517,2.8734,1125213.1
2025-10-08 14:00:00+00:00,2.8733,2.8937,2.8732,2.8789,2460824.6
2025-10-08 14:15:00+00:00,2.8788,2.8881,2.8752,2.8766,626214.7
2025-10-08 14:30:00+00:00,2.8765,2.8814,2.8661,2.8708,1115031.5
2025-10-08 14:45:00+00:00,2.8709,2.8729,2.8572,2.8622,917229.7
2025-10-08 15:00:00+00:00,2.8622,2.8729,2.8602,2.8676,562228.3
2025-10-08 15:15:00+00:00,2.8676,2.8714,2.8606,2.8669,562576.0
2025-10-08 15:30:00+00:00,2.8669,2.8693,2.864,2.869,267680.3
2025-10-08 15:45:00+00:00,2.869,2.869,2.8615,2.866,721150.4
2025-10-08 16:00:00+00:00,2.8661,2.8735,2.8627,2.8735,1103540.6
2025-10-08 16:15:00+00:00,2.8735,2.879,2.8717,2.8735,1073723.8
2025-10-08 16:30:00+00:00,2.8734,2.875,2.87,2.8725,449256.1
2025-10-08 16:45:00+00:00,2.8725,2.8841,2.8719,2.8836,757280.2
2025-10-08 17:00:00+00:00,2.8836,2.896,2.8818,2.8956,1199697.9
2025-10-08 17:15:00+00:00,2.8956,2.9228,2.8935,2.9161,3100099.6
2025-10-08 17:30:00+00:00,2.9161,2.9241,2.9089,2.9108,1970304.4
2025-10-08 17:45:00+00:00,2.9108,2.9248,2.9082,2.9193,1090452.9
2025-10-08 18:00:00+00:00,2.9193,2.9223,2.912,2.9182,909389.8
2025-10-08 18:15:00+00:00,2.9181,2.919,2.9063,2.9066,823028.1
2025-10-08 18:30:00+00:00,2.9066,2.914,2.9028,2.9056,820978.1
2025-10-08 18:45:00+00:00,2.9057,2.9144,2.9043,2.9079,846239.2
2025-10-08 19:00:00+00:00,2.9078,2.9084,2.8995,2.9011,814545.0
2025-10-08 19:15:00+00:00,2.9012,2.9088,2.8976,2.9066,854924.8
2025-10-08 19:30:00+00:00,2.9067,2.9107,2.9033,2.905,335978.9
2025-10-08 19:45:00+00:00,2.905,2.9131,2.9018,2.9093,948082.2
2025-10-08 20:00:00+00:00,2.9093,2.9097,2.9,2.9055,447095.4
2025-10-08 20:15:00+00:00,2.9055,2.9119,2.9051,2.9081,291783.4
2025-10-08 20:30:00+00:00,2.9081,2.9088,2.9014,2.9028,358551.5
2025-10-08 20:45:00+00:00,2.9029,2.9029,2.8915,2.8929,709490.7
2025-10-08 21:00:00+00:00,2.8929,2.8997,2.8925,2.897,276090.6
2025-10-08 21:15:00+00:00,2.897,2.9033,2.8961,2.9,307367.2
2025-10-08 21:30:00+00:00,2.8999,2.9035,2.898,2.9029,520559.8
2025-10-08 21:45:00+00:00,2.9029,2.903,2.8924,2.8967,222537.8
2025-10-08 22:00:00+00:00,2.8966,2.9011,2.8959,2.9003,467141.2
2025-10-08 22:15:00+00:00,2.9002,2.9011,2.8946,2.8955,286287.1
2025-10-08 22:30:00+00:00,2.8956,2.9004,2.8946,2.9003,266663.7
2025-10-08 22:45:00+00:00,2.9004,2.9004,2.8947,2.8947,224770.5
2025-10-08 23:00:00+00:00,2.8948,2.8948,2.8849,2.8894,651867.5
2025-10-08 23:15:00+00:00,2.8894,2.8949,2.8884,2.8938,281230.4
2025-10-08 23:30:00+00:00,2.8938,2.8954,2.8853,2.8855,584027.0
2025-10-08 23:45:00+00:00,2.8855,2.8855,2.8763,2.8797,1738546.8
2025-10-09 00:00:00+00:00,2.8797,2.8801,2.8652,2.8665,1755141.0
2025-10-09 00:15:00+00:00,2.8665,2.8774,2.8653,2.8684,1228224.8
2025-10-09 00:30:00+00:00,2.8684,2.8713,2.8644,2.8673,873953.3
2025-10-09 00:45:00+00:00,2.8673,2.8723,2.8659,2.8667,770958.6
2025-10-09 01:00:00+00:00,2.8666,2.8674,2.8588,2.8596,991436.9
2025-10-09 01:15:00+00:00,2.8595,2.8661,2.8573,2.8575,1111900.6
2025-10-09 01:30:00+00:00,2.8575,2.8583,2.8505,2.8509,1208841.1
2025-10-09 01:45:00+00:00,2.851,2.8614,2.8509,2.8581,769027.6
2025-10-09 02:00:00+00:00,2.8581,2.8595,2.8455,2.8509,1335178.2
2025-10-09 02:15:00+00:00,2.8509,2.8518,2.8396,2.8397,1391820.0
2025-10-09 02:30:00+00:00,2.8397,2.8439,2.8301,2.8305,1955462.1
2025-10-09 02:45:00+00:00,2.8305,2.8345,2.8244,2.8297,1516181.0
2025-10-09 03:00:00+00:00,2.8297,2.8395,2.8291,2.8368,728943.2
2025-10-09 03:15:00+00:00,2.8367,2.8435,2.8366,2.84,1292513.7
2025-10-09 03:30:00+00:00,2.84,2.8424,2.8371,2.8378,555385.6
2025-10-09 03:45:00+00:00,2.8377,2.846,2.8377,2.8443,689782.0
2025-10-09 04:00:00+00:00,2.8444,2.8449,2.837,2.837,696045.5
2025-10-09 04:15:00+00:00,2.8371,2.8487,2.8367,2.8469,528371.1
2025-10-09 04:30:00+00:00,2.8468,2.8469,2.8404,2.8412,541349.3
2025-10-09 04:45:00+00:00,2.8411,2.847,2.8408,2.846,338577.4
2025-10-09 05:00:00+00:00,2.846,2.8467,2.8392,2.8393,533546.7
2025-10-09 05:15:00+00:00,2.8392,2.8396,2.8286,2.8355,1267993.4
2025-10-09 05:30:00+00:00,2.8355,2.8413,2.8282,2.8285,1135278.1
2025-10-09 05:45:00+00:00,2.8285,2.8341,2.826,2.8337,1530660.7
2025-10-09 06:00:00+00:00,2.8337,2.834,2.8235,2.8269,1410386.9
2025-10-09 06:15:00+00:00,2.8269,2.831,2.824,2.8298,723912.3
2025-10-09 06:30:00+00:00,2.8297,2.833,2.8282,2.829,757387.1
2025-10-09 06:45:00+00:00,2.8291,2.8336,2.8187,2.8238,2232396.2
2025-10-09 07:00:00+00:00,2.8237,2.8276,2.8224,2.8243,760248.7
2025-10-09 07:15:00+00:00,2.8244,2.8304,2.8181,2.8222,893225.5
2025-10-09 07:30:00+00:00,2.8221,2.8224,2.8136,2.8163,909892.6
2025-10-09 07:45:00+00:00,2.8162,2.8263,2.8155,2.8172,553010.4
2025-10-09 08:00:00+00:00,2.8172,2.8198,2.8052,2.8063,2015667.6
2025-10-09 08:15:00+00:00,2.8062,2.8096,2.7917,2.7923,4767212.4
2025-10-09 08:30:00+00:00,2.7923,2.8013,2.7903,2.7928,2083199.7
2025-10-09 08:45:00+00:00,2.7928,2.8006,2.786,2.7878,1865883.4
2025-10-09 09:00:00+00:00,2.7878,2.8016,2.7878,2.8008,1520585.3
2025-10-09 09:15:00+00:00,2.8009,2.8079,2.7975,2.8043,1536905.3
2025-10-09 09:30:00+00:00,2.8042,2.809,2.8015,2.8043,1240547.5
2025-10-09 09:45:00+00:00,2.8042,2.8105,2.8024,2.8086,1589900.2
2025-10-09 10:00:00+00:00,2.8086,2.8153,2.8071,2.8145,1360879.0
2025-10-09 10:15:00+00:00,2.8145,2.8147,2.8016,2.8033,1241573.9
2025-10-09 10:30:00+00:00,2.8033,2.8195,2.8032,2.8144,1188735.5
2025-10-09 10:45:00+00:00,2.8144,2.8178,2.8069,2.8109,1107140.2
2025-10-09 11:00:00+00:00,2.8108,2.8191,2.8108,2.8174,934875.0
2025-10-09 11:15:00+00:00,2.8173,2.8282,2.817,2.8253,1256232.9
2025-10-09 11:30:00+00:00,2.8253,2.8258,2.8203,2.8251,1021178.4
2025-10-09 11:45:00+00:00,2.8252,2.828,2.8215,2.8263,641335.0
2025-10-09 12:00:00+00:00,2.8262,2.8344,2.824,2.8302,964857.3
2025-10-09 12:15:00+00:00,2.8302,2.8314,2.8253,2.8277,893626.0
2025-10-09 12:30:00+00:00,2.8277,2.8407,2.8227,2.8346,1750163.0
2025-10-09 12:45:00+00:00,2.8346,2.8346,2.826,2.8306,901108.1
2025-10-09 13:00:00+00:00,2.8305,2.8315,2.8206,2.8238,1309075.4
2025-10-09 13:15:00+00:00,2.8238,2.8341,2.822,2.8309,745517.5
2025-10-09 13:30:00+00:00,2.8309,2.8313,2.8163,2.8216,1529071.9
2025-10-09 13:45:00+00:00,2.8215,2.8284,2.8118,2.8158,1325971.2
2025-10-09 14:00:00+00:00,2.8158,2.8218,2.8043,2.8209,2116761.7
2025-10-09 14:15:00+00:00,2.8208,2.8224,2.8035,2.8052,1490115.6
2025-10-09 14:30:00+00:00,2.8052,2.8052,2.7906,2.7975,2655994.3
2025-10-09 14:45:00+00:00,2.7974,2.817,2.7897,2.8127,2013950.6
2025-10-09 15:00:00+00:00,2.8127,2.8245,2.8127,2.8197,1032756.3
2025-10-09 15:15:00+00:00,2.8197,2.8258,2.8047,2.8055,1138226.0
2025-10-09 15:30:00+00:00,2.8055,2.8107,2.7946,2.7978,1249864.8
2025-10-09 15:45:00+00:00,2.7978,2.8101,2.7963,2.8024,1091932.5
2025-10-09 16:00:00+00:00,2.8024,2.8096,2.7992,2.7996,939006.5
2025-10-09 16:15:00+00:00,2.7996,2.8054,2.789,2.7954,1720913.2
2025-10-09 16:30:00+00:00,2.7953,2.7978,2.7857,2.7917,1502535.3
2025-10-09 16:45:00+00:00,2.7917,2.7923,2.7714,2.7782,2416337.5
2025-10-09 17:00:00+00:00,2.7781,2.8001,2.775,2.7985,2546130.9
2025-10-09 17:15:00+00:00,2.7985,2.8034,2.7889,2.7908,877338.2
2025-10-09 17:30:00+00:00,2.7908,2.7986,2.7851,2.7945,1303629.5
2025-10-09 17:45:00+00:00,2.7944,2.8062,2.7925,2.8053,894998.8
2025-10-09 18:00:00+00:00,2.8053,2.807,2.7981,2.8032,985614.8
2025-10-09 18:15:00+00:00,2.8033,2.8092,2.7968,2.7968,1237901.6
2025-10-09 18:30:00+00:00,2.7968,2.7994,2.786,2.7901,1254812.0
2025-10-09 18:45:00+00:00,2.7901,2.7921,2.7833,2.7847,693190.5
2025-10-09 19:00:00+00:00,2.7848,2.7911,2.7836,2.7892,651152.1
2025-10-09 19:15:00+00:00,2.7893,2.8018,2.7865,2.8003,840806.3
2025-10-09 19:30:00+00:00,2.8003,2.8011,2.7846,2.7854,723286.3
2025-10-09 19:45:00+00:00,2.7853,2.791,2.7746,2.7889,1478874.0
2025-10-09 20:00:00+00:00,2.789,2.7972,2.7836,2.7844,1300871.6
2025-10-09 20:15:00+00:00,2.7845,2.793,2.7837,2.7889,552618.5
2025-10-09 20:30:00+00:00,2.7888,2.794,2.7886,2.7939,398501.8
2025-10-09 20:45:00+00:00,2.7939,2.7957,2.7909,2.7951,745042.4
2025-10-09 21:00:00+00:00,2.795,2.7982,2.7864,2.7936,856392.9
2025-10-09 21:15:00+00:00,2.7935,2.8007,2.7914,2.7936,596554.6
2025-10-09 21:30:00+00:00,2.7937,2.8019,2.7911,2.7998,441507.2
2025-10-09 21:45:00+00:00,2.7999,2.8009,2.7945,2.7982,357779.4
2025-10-09 22:00:00+00:00,2.7983,2.807,2.7973,2.8023,791034.0
2025-10-09 22:15:00+00:00,2.8023,2.81,2.8002,2.8098,586093.2
2025-10-09 22:30:00+00:00,2.8097,2.8165,2.8071,2.8145,580717.9
2025-10-09 22:45:00+00:00,2.8146,2.8169,2.8107,2.8147,704342.9
2025-10-09 23:00:00+00:00,2.8148,2.8157,2.8048,2.8062,562417.5
2025-10-09 23:15:00+00:00,2.8061,2.8085,2.8032,2.8074,234150.7
2025-10-09 23:30:00+00:00,2.8073,2.8078,2.8029,2.8043,173579.6
2025-10-09 23:45:00+00:00,2.8043,2.8055,2.8018,2.8021,720906.1
2025-10-10 00:00:00+00:00,2.8021,2.8095,2.8006,2.8089,758927.8
2025-10-10 00:15:00+00:00,2.8089,2.8146,2.8088,2.8146,509244.0
2025-10-10 00:30:00+00:00,2.8145,2.8178,2.8104,2.8106,416330.3
2025-10-10 00:45:00+00:00,2.8106,2.8122,2.8053,2.8111,442266.5
2025-10-10 01:00:00+00:00,2.8111,2.8162,2.81,2.8133,285206.5
2025-10-10 01:15:00+00:00,2.8133,2.8176,2.8111,2.8173,300068.5
2025-10-10 01:30:00+00:00,2.8173,2.8177,2.8073,2.8087,463991.9
2025-10-10 01:45:00+00:00,2.8087,2.8116,2.8058,2.8097,1000552.5
2025-10-10 02:00:00+00:00,2.8097,2.8104,2.7992,2.8023,1418558.4
2025-10-10 02:15:00+00:00,2.8023,2.8117,2.802,2.8072,494803.5
2025-10-10 02:30:00+00:00,2.8072,2.8082,2.8005,2.8012,808161.6
2025-10-10 02:45:00+00:00,2.8012,2.8012,2.7923,2.7972,1120594.7
2025-10-10 03:00:00+00:00,2.7973,2.7987,2.7905,2.796,735466.0
2025-10-10 03:15:00+00:00,2.796,2.8222,2.7938,2.8209,1221316.5
2025-10-10 03:30:00+00:00,2.8209,2.8293,2.8209,2.825,972254.5
2025-10-10 03:45:00+00:00,2.825,2.8297,2.8122,2.8129,765431.4
2025-10-10 04:00:00+00:00,2.813,2.8235,2.812,2.8189,787811.9
2025-10-10 04:15:00+00:00,2.8189,2.8192,2.8118,2.8123,735799.4
2025-10-10 04:30:00+00:00,2.8124,2.8196,2.8085,2.8114,1323098.1
2025-10-10 04:45:00+00:00,2.8113,2.8148,2.8083,2.8145,366683.2
2025-10-10 05:00:00+00:00,2.8145,2.8159,2.8043,2.809,584275.6
2025-10-10 05:15:00+00:00,2.809,2.8232,2.808,2.8204,434173.9
2025-10-10 05:30:00+00:00,2.8204,2.8223,2.814,2.8223,325537.1
2025-10-10 05:45:00+00:00,2.8222,2.8305,2.8222,2.8265,615951.3
2025-10-10 06:00:00+00:00,2.8265,2.8308,2.8233,2.824,421130.1
2025-10-10 06:15:00+00:00,2.824,2.8265,2.8195,2.8199,410959.5
2025-10-10 06:30:00+00:00,2.8199,2.8241,2.8145,2.8197,613637.8
2025-10-10 06:45:00+00:00,2.8197,2.8242,2.8107,2.8159,732722.8
2025-10-10 07:00:00+00:00,2.816,2.8178,2.8062,2.8129,1184576.5
2025-10-10 07:15:00+00:00,2.8129,2.813,2.7991,2.8039,1109449.9
2025-10-10 07:30:00+00:00,2.8038,2.8105,2.7991,2.8103,597686.1
2025-10-10 07:45:00+00:00,2.8102,2.8102,2.8022,2.8033,595537.6
2025-10-10 08:00:00+00:00,2.8032,2.8105,2.7986,2.8097,528384.8
2025-10-10 08:15:00+00:00,2.8098,2.8176,2.8097,2.8158,341919.3
2025-10-10 08:30:00+00:00,2.8157,2.8184,2.813,2.8162,309557.8
2025-10-10 08:45:00+00:00,2.8163,2.822,2.8163,2.8201,364240.2
2025-10-10 09:00:00+00:00,2.82,2.8209,2.8143,2.8171,289868.2
2025-10-10 09:15:00+00:00,2.8171,2.8289,2.8141,2.8269,570769.4
2025-10-10 09:30:00+00:00,2.8268,2.8308,2.8237,2.8245,684750.0
2025-10-10 09:45:00+00:00,2.8245,2.8273,2.8123,2.8135,936935.1
2025-10-10 10:00:00+00:00,2.8134,2.8176,2.8122,2.8143,698806.6
2025-10-10 10:15:00+00:00,2.8143,2.8188,2.8119,2.8127,549832.8
2025-10-10 10:30:00+00:00,2.8126,2.8142,2.8081,2.8119,307894.7
2025-10-10 10:45:00+00:00,2.8119,2.8204,2.8112,2.8189,575153.4
2025-10-10 11:00:00+00:00,2.8189,2.8222,2.8163,2.817,460975.3
2025-10-10 11:15:00+00:00,2.817,2.8203,2.8161,2.8173,332679.8
2025-10-10 11:30:00+00:00,2.8174,2.8224,2.8173,2.8213,306686.0
2025-10-10 11:45:00+00:00,2.8214,2.8216,2.8186,2.8186,427029.2
2025-10-10 12:00:00+00:00,2.8187,2.8215,2.8135,2.8152,477591.4
2025-10-10 12:15:00+00:00,2.8151,2.82,2.8128,2.8175,282211.9
2025-10-10 12:30:00+00:00,2.8175,2.8187,2.8111,2.8115,568375.6
2025-10-10 12:45:00+00:00,2.8115,2.8188,2.8102,2.8186,789458.3
2025-10-10 13:00:00+00:00,2.8187,2.8259,2.8187,2.8216,470975.0
2025-10-10 13:15:00+00:00,2.8217,2.8286,2.8189,2.8261,726556.8
2025-10-10 13:30:00+00:00,2.826,2.8372,2.8213,2.8321,1624286.4
2025-10-10 13:45:00+00:00,2.8321,2.8324,2.8176,2.8262,877646.2
2025-10-10 14:00:00+00:00,2.8262,2.8346,2.8206,2.8293,906717.3
2025-10-10 14:15:00+00:00,2.8293,2.8313,2.8138,2.8155,1122216.2
2025-10-10 14:30:00+00:00,2.8155,2.8249,2.813,2.8163,566927.3
2025-10-10 14:45:00+00:00,2.8163,2.8208,2.7943,2.8,3982034.3
2025-10-10 15:00:00+00:00,2.8,2.802,2.78,2.7941,4146518.6
2025-10-10 15:15:00+00:00,2.794,2.798,2.7441,2.7493,9884280.6
2025-10-10 15:30:00+00:00,2.7494,2.7575,2.7131,2.7572,20062584.6
2025-10-10 15:45:00+00:00,2.7571,2.7575,2.7341,2.7417,4176520.0
2025-10-10 16:00:00+00:00,2.7417,2.7515,2.7325,2.7385,3356637.0
2025-10-10 16:15:00+00:00,2.7386,2.7508,2.7295,2.7444,2379115.4
2025-10-10 16:30:00+00:00,2.7445,2.7647,2.7382,2.7492,2915233.5
2025-10-10 16:45:00+00:00,2.7491,2.7491,2.7273,2.7296,4907715.3
2025-10-10 17:00:00+00:00,2.7295,2.7335,2.7129,2.7187,3932187.3
2025-10-10 17:15:00+00:00,2.7188,2.7311,2.7173,2.7297,2586999.1
2025-10-10 17:30:00+00:00,2.7297,2.7309,2.7112,2.7189,2108741.1
2025-10-10 17:45:00+00:00,2.7189,2.7259,2.7111,2.7234,1327227.6
2025-10-10 18:00:00+00:00,2.7234,2.7253,2.7159,2.7218,1484271.7
2025-10-10 18:15:00+00:00,2.7219,2.7322,2.7157,2.7258,1177806.1
2025-10-10 18:30:00+00:00,2.7259,2.7272,2.708,2.7081,2280203.7
2025-10-10 18:45:00+00:00,2.7081,2.7152,2.7042,2.7081,1469321.9
2025-10-10 19:00:00+00:00,2.708,2.7129,2.6931,2.6945,5892914.0
2025-10-10 19:15:00+00:00,2.6944,2.6975,2.6371,2.6373,10484826.4
2025-10-10 19:30:00+00:00,2.6373,2.6852,2.6356,2.6844,8463365.0
2025-10-10 19:45:00+00:00,2.6844,2.6942,2.6735,2.6768,3765664.5
2025-10-10 20:00:00+00:00,2.6768,2.6968,2.6725,2.6926,2913619.9
2025-10-10 20:15:00+00:00,2.6926,2.6966,2.6835,2.6966,1966308.2
2025-10-10 20:30:00+00:00,2.6966,2.698,2.6873,2.6948,1451676.0
2025-10-10 20:45:00+00:00,2.6948,2.6968,2.41,2.494,38600821.6
2025-10-10 21:00:00+00:00,2.496,2.551,2.2,2.2821,49173381.5
2025-10-10 21:15:00+00:00,2.2921,2.3246,1.2543,1.9519,81145368.4
2025-10-10 21:30:00+00:00,1.9518,2.3139,1.9079,2.287,33129746.9
2025-10-10 21:45:00+00:00,2.287,2.4254,2.2197,2.3251,37206736.1
2025-10-10 22:00:00+00:00,2.3251,2.38,2.1002,2.3197,34712362.0
2025-10-10 22:15:00+00:00,2.3207,2.3538,2.23,2.2987,35725384.2
2025-10-10 22:30:00+00:00,2.2974,2.3667,2.2647,2.3093,33732128.0
2025-10-10 22:45:00+00:00,2.3093,2.357,2.2901,2.3525,24021652.0
2025-10-10 23:00:00+00:00,2.3527,2.3567,2.3112,2.3498,21739677.0
2025-10-10 23:15:00+00:00,2.3499,2.3968,2.3442,2.3896,17295612.4
2025-10-10 23:30:00+00:00,2.3896,2.4428,2.3871,2.4362,20015062.4
2025-10-10 23:45:00+00:00,2.4363,2.4496,2.3335,2.3704,20568870.0
2025-10-11 00:00:00+00:00,2.3704,2.395,2.3524,2.3655,14576122.9
2025-10-11 00:15:00+00:00,2.3658,2.3828,2.3,2.3765,13830140.3
2025-10-11 00:30:00+00:00,2.3768,2.3875,2.3531,2.366,8912067.6
2025-10-11 00:45:00+00:00,2.3659,2.418,2.3648,2.3864,9606570.7
2025-10-11 01:00:00+00:00,2.3864,2.3878,2.3503,2.3592,5583911.1
2025-10-11 01:15:00+00:00,2.3593,2.361,2.3254,2.336,6887471.6
2025-10-11 01:30:00+00:00,2.3361,2.3609,2.3247,2.3283,5624854.2
2025-10-11 01:45:00+00:00,2.3282,2.3435,2.3058,2.3336,8772057.6
2025-10-11 02:00:00+00:00,2.3336,2.3797,2.3304,2.3764,7351646.3
2025-10-11 02:15:00+00:00,2.3764,2.4368,2.3764,2.432,8162996.1
2025-10-11 02:30:00+00:00,2.432,2.459,2.4207,2.4541,8697833.3
2025-10-11 02:45:00+00:00,2.454,2.454,2.431,2.4359,6418974.3
2025-10-11 03:00:00+00:00,2.436,2.4431,2.377,2.3855,8436873.1
2025-10-11 03:15:00+00:00,2.3856,2.3867,2.3634,2.3779,6137220.7
2025-10-11 03:30:00+00:00,2.3779,2.3857,2.36,2.3682,7350698.3
2025-10-11 03:45:00+00:00,2.3683,2.4027,2.3675,2.3974,4222274.8
2025-10-11 04:00:00+00:00,2.3974,2.4229,2.3949,2.4081,3639889.3
2025-10-11 04:15:00+00:00,2.4081,2.4364,2.4071,2.4189,3421407.7
2025-10-11 04:30:00+00:00,2.4189,2.4222,2.3976,2.422,4057757.5
2025-10-11 04:45:00+00:00,2.4221,2.448,2.415,2.4437,3803753.7
2025-10-11 05:00:00+00:00,2.4438,2.4498,2.4361,2.444,2513112.8
2025-10-11 05:15:00+00:00,2.444,2.4462,2.3936,2.3957,6682836.8
2025-10-11 05:30:00+00:00,2.3958,2.4108,2.3901,2.3966,3999447.7
2025-10-11 05:45:00+00:00,2.3967,2.4227,2.3954,2.4038,4105045.7
2025-10-11 06:00:00+00:00,2.4038,2.4286,2.4,2.428,3969274.8
2025-10-11 06:15:00+00:00,2.428,2.4438,2.42,2.4431,4107376.0
2025-10-11 06:30:00+00:00,2.443,2.4516,2.431,2.4365,3752224.9
2025-10-11 06:45:00+00:00,2.4365,2.446,2.4171,2.4233,3392896.7
2025-10-11 07:00:00+00:00,2.4234,2.4281,2.4113,2.4243,4504860.6
2025-10-11 07:15:00+00:00,2.4243,2.4429,2.4127,2.4236,5413281.3
2025-10-11 07:30:00+00:00,2.4237,2.4295,2.3976,2.4109,5929626.9
2025-10-11 07:45:00+00:00,2.411,2.4183,2.4003,2.4115,3428279.2
2025-10-11 08:00:00+00:00,2.4115,2.4133,2.3993,2.41,2834394.8
2025-10-11 08:15:00+00:00,2.4101,2.4679,2.4099,2.453,5126962.2
2025-10-11 08:30:00+00:00,2.453,2.4698,2.4366,2.4599,3048832.9
2025-10-11 08:45:00+00:00,2.4599,2.4893,2.4598,2.4849,4964656.2
2025-10-11 09:00:00+00:00,2.4848,2.5061,2.4807,2.4851,5718776.2
2025-10-11 09:15:00+00:00,2.4851,2.5022,2.475,2.5001,3643858.1
2025-10-11 09:30:00+00:00,2.5001,2.5019,2.4755,2.4786,3056086.3
2025-10-11 09:45:00+00:00,2.4786,2.4802,2.4662,2.4695,2277161.7
2025-10-11 10:00:00+00:00,2.4695,2.4838,2.4591,2.4837,2379653.3
2025-10-11 10:15:00+00:00,2.4837,2.4851,2.4698,2.4802,2444234.7
2025-10-11 10:30:00+00:00,2.4802,2.4827,2.4536,2.4594,3344067.9
2025-10-11 10:45:00+00:00,2.4594,2.4798,2.4561,2.4778,2542459.7
2025-10-11 11:00:00+00:00,2.4779,2.4846,2.4604,2.4653,2797204.0
2025-10-11 11:15:00+00:00,2.4653,2.47,2.4424,2.4695,3406480.1
2025-10-11 11:30:00+00:00,2.4695,2.4722,2.4581,2.4666,1951548.4
2025-10-11 11:45:00+00:00,2.4666,2.4784,2.4645,2.4773,1609794.2
2025-10-11 12:00:00+00:00,2.4772,2.4847,2.4646,2.469,2837227.7
2025-10-11 12:15:00+00:00,2.469,2.4856,2.4668,2.485,2342583.6
2025-10-11 12:30:00+00:00,2.4851,2.4851,2.4581,2.4628,1657428.2
2025-10-11 12:45:00+00:00,2.4628,2.463,2.4308,2.4461,5255436.4
2025-10-11 13:00:00+00:00,2.4461,2.4536,2.4297,2.4514,2709992.8
2025-10-11 13:15:00+00:00,2.4514,2.4515,2.4356,2.441,1445920.9
2025-10-11 13:30:00+00:00,2.4409,2.4464,2.4152,2.4429,6621577.2
2025-10-11 13:45:00+00:00,2.4429,2.4603,2.4376,2.4502,3508981.1
2025-10-11 14:00:00+00:00,2.4502,2.4589,2.4392,2.4478,2035637.4
2025-10-11 14:15:00+00:00,2.4478,2.4511,2.4295,2.4319,3064659.8
2025-10-11 14:30:00+00:00,2.4319,2.451,2.4226,2.4442,3243352.1
2025-10-11 14:45:00+00:00,2.4442,2.4593,2.4408,2.4585,1851437.9
2025-10-11 15:00:00+00:00,2.4584,2.487,2.4574,2.4801,2468193.8
2025-10-11 15:15:00+00:00,2.48,2.4825,2.4698,2.4764,1786626.6
2025-10-11 15:30:00+00:00,2.4763,2.4791,2.4653,2.4685,1568271.4
2025-10-11 15:45:00+00:00,2.4685,2.4837,2.4685,2.4783,1236647.5
2025-10-11 16:00:00+00:00,2.4783,2.4928,2.4716,2.4873,2115336.1
2025-10-11 16:15:00+00:00,2.4873,2.49,2.469,2.4716,1990878.8
2025-10-11 16:30:00+00:00,2.4716,2.4792,2.4643,2.4686,1663847.3
2025-10-11 16:45:00+00:00,2.4685,2.4828,2.4629,2.4761,1565347.6
2025-10-11 17:00:00+00:00,2.476,2.492,2.4758,2.4879,1582742.3
2025-10-11 17:15:00+00:00,2.4878,2.4901,2.4795,2.4884,1601167.1
2025-10-11 17:30:00+00:00,2.4883,2.4889,2.4722,2.4814,1126275.4
2025-10-11 17:45:00+00:00,2.4814,2.4839,2.4737,2.4799,630907.4
2025-10-11 18:00:00+00:00,2.4798,2.4807,2.4661,2.4666,1270190.0
2025-10-11 18:15:00+00:00,2.4666,2.4698,2.4631,2.4687,722497.1
2025-10-11 18:30:00+00:00,2.4686,2.4789,2.4663,2.4766,703022.3
2025-10-11 18:45:00+00:00,2.4767,2.4767,2.4666,2.4695,570408.8
2025-10-11 19:00:00+00:00,2.4694,2.4697,2.4327,2.4374,2103540.2
2025-10-11 19:15:00+00:00,2.4375,2.4389,2.407,2.4236,3687552.0
2025-10-11 19:30:00+00:00,2.4236,2.4242,2.4014,2.4053,3147900.5
2025-10-11 19:45:00+00:00,2.4052,2.414,2.383,2.4097,5466846.3
2025-10-11 20:00:00+00:00,2.4096,2.4118,2.3858,2.3879,3496320.7
2025-10-11 20:15:00+00:00,2.3879,2.3952,2.3676,2.3743,5051469.8
2025-10-11 20:30:00+00:00,2.3743,2.3748,2.3536,2.3571,6348874.0
2025-10-11 20:45:00+00:00,2.357,2.3804,2.3358,2.3538,5317579.3
2025-10-11 21:00:00+00:00,2.3539,2.3577,2.3228,2.3429,7260032.2
2025-10-11 21:15:00+00:00,2.3429,2.384,2.3397,2.3689,6061430.6
2025-10-11 21:30:00+00:00,2.369,2.3778,2.3543,2.3637,3423855.5
2025-10-11 21:45:00+00:00,2.3637,2.3879,2.3636,2.3862,2468549.2
2025-10-11 22:00:00+00:00,2.3861,2.3975,2.3807,2.3867,4599466.7
2025-10-11 22:15:00+00:00,2.3866,2.3972,2.38,2.394,1756899.9
2025-10-11 22:30:00+00:00,2.3941,2.407,2.3887,2.391,1930988.8
2025-10-11 22:45:00+00:00,2.391,2.3987,2.389,2.3963,1184900.4
2025-10-11 23:00:00+00:00,2.3962,2.4004,2.3825,2.3877,1685054.9
2025-10-11 23:15:00+00:00,2.3878,2.4009,2.3837,2.3989,1031986.4
2025-10-11 23:30:00+00:00,2.3989,2.4006,2.3843,2.3871,2174178.1
2025-10-11 23:45:00+00:00,2.3871,2.3876,2.3766,2.3819,1703612.7
2025-10-12 00:00:00+00:00,2.3819,2.3852,2.3697,2.3731,1679485.8
2025-10-12 00:15:00+00:00,2.3732,2.3871,2.3632,2.3642,1552731.6
2025-10-12 00:30:00+00:00,2.3643,2.3861,2.3564,2.3601,1925150.3
2025-10-12 00:45:00+00:00,2.3601,2.366,2.3379,2.3418,1360823.1
2025-10-12 01:00:00+00:00,2.3419,2.3535,2.3369,2.3481,2140261.9
2025-10-12 01:15:00+00:00,2.3482,2.358,2.3281,2.3337,3807355.5
2025-10-12 01:30:00+00:00,2.3337,2.3424,2.325,2.3388,3346850.6
2025-10-12 01:45:00+00:00,2.3389,2.351,2.3242,2.3277,2374643.2
2025-10-12 02:00:00+00:00,2.3278,2.3307,2.315,2.323,3551122.9
2025-10-12 02:15:00+00:00,2.3229,2.3468,2.3229,2.343,2727733.7
2025-10-12 02:30:00+00:00,2.343,2.3518,2.3177,2.3246,3698991.1
2025-10-12 02:45:00+00:00,2.3246,2.3282,2.3121,2.3263,2133111.3
2025-10-12 03:15:00+00:00,2.3478,2.3643,2.3378,2.3539,2515715.9
2025-10-12 03:30:00+00:00,2.354,2.369,2.348,2.3509,3139302.9
2025-10-12 03:45:00+00:00,2.3509,2.3512,2.3349,2.3417,1576447.5
2025-10-12 04:00:00+00:00,2.3417,2.3607,2.3399,2.3597,2591626.6
2025-10-12 04:15:00+00:00,2.3597,2.376,2.3593,2.3667,2636037.0
2025-10-12 04:30:00+00:00,2.3667,2.3775,2.3591,2.3624,2037676.9
2025-10-12 04:45:00+00:00,2.3623,2.3714,2.3539,2.3627,2002378.2
2025-10-12 05:00:00+00:00,2.3626,2.3639,2.3494,2.3555,1275705.6
2025-10-12 05:15:00+00:00,2.3555,2.3746,2.3555,2.3734,1020711.8
2025-10-12 05:30:00+00:00,2.3734,2.3757,2.3672,2.3736,1040451.0
2025-10-12 05:45:00+00:00,2.3736,2.379,2.3724,2.3736,1205008.9
2025-10-12 06:00:00+00:00,2.3735,2.386,2.3692,2.3839,1509492.9
2025-10-12 06:15:00+00:00,2.3838,2.397,2.3815,2.3921,1586140.5
2025-10-12 06:30:00+00:00,2.392,2.3958,2.3865,2.3956,1073889.3
2025-10-12 06:45:00+00:00,2.3957,2.4006,2.3872,2.3899,1321555.2
2025-10-12 07:00:00+00:00,2.3899,2.3969,2.3856,2.3864,1037648.5
2025-10-12 07:15:00+00:00,2.3865,2.3938,2.3798,2.3804,1390427.2
2025-10-12 07:30:00+00:00,2.3804,2.384,2.3749,2.3832,1090932.4
2025-10-12 07:45:00+00:00,2.3831,2.3913,2.3811,2.3897,931721.7
2025-10-12 08:00:00+00:00,2.3897,2.3976,2.3863,2.3944,883097.7
2025-10-12 08:15:00+00:00,2.3945,2.4019,2.3945,2.3969,885492.3
2025-10-12 08:30:00+00:00,2.3969,2.397,2.3895,2.3924,728444.0
2025-10-12 08:45:00+00:00,2.3923,2.3935,2.3822,2.383,1259674.8
2025-10-12 09:00:00+00:00,2.383,2.3853,2.369,2.3769,2466777.0
2025-10-12 09:15:00+00:00,2.3769,2.3984,2.3769,2.3925,1339698.4
2025-10-12 09:30:00+00:00,2.3925,2.3964,2.3852,2.396,1223531.7
2025-10-12 09:45:00+00:00,2.396,2.4036,2.3899,2.4014,1329891.1
2025-10-12 10:00:00+00:00,2.4015,2.411,2.3954,2.3991,1699471.1
2025-10-12 10:15:00+00:00,2.3991,2.3992,2.3861,2.3883,1156315.6
2025-10-12 10:30:00+00:00,2.3883,2.3961,2.3847,2.393,1449782.3
2025-10-12 10:45:00+00:00,2.3929,2.3972,2.3865,2.3882,945565.1
2025-10-12 11:00:00+00:00,2.3883,2.4027,2.3881,2.3979,3218972.2
2025-10-12 11:15:00+00:00,2.3979,2.3983,2.3891,2.396,833696.5
2025-10-12 11:30:00+00:00,2.396,2.406,2.391,2.3968,2346376.6
2025-10-12 11:45:00+00:00,2.3967,2.4001,2.3921,2.3975,1182129.6
2025-10-12 12:00:00+00:00,2.3974,2.4122,2.397,2.4117,1605986.2
2025-10-12 12:15:00+00:00,2.4116,2.4213,2.4068,2.4166,2222056.2
2025-10-12 12:30:00+00:00,2.4165,2.419,2.4081,2.4151,1605197.8
2025-10-12 12:45:00+00:00,2.4151,2.4155,2.4047,2.4067,1140210.2
2025-10-12 13:00:00+00:00,2.4068,2.4144,2.3998,2.4128,2357140.0
2025-10-12 13:15:00+00:00,2.4127,2.4152,2.3923,2.3991,2231291.1
2025-10-12 13:30:00+00:00,2.3992,2.3999,2.3788,2.3904,3105572.9
2025-10-12 13:45:00+00:00,2.3905,2.3912,2.3717,2.3757,2092997.9
2025-10-12 14:00:00+00:00,2.3758,2.389,2.3746,2.383,1431042.2
2025-10-12 14:15:00+00:00,2.383,2.3866,2.3767,2.3807,1583341.8
2025-10-12 14:30:00+00:00,2.3807,2.3844,2.3615,2.3699,2331154.5
2025-10-12 14:45:00+00:00,2.37,2.4797,2.3696,2.4411,20404596.1
2025-10-12 15:00:00+00:00,2.4411,2.4931,2.4367,2.4923,11296127.7
2025-10-12 15:15:00+00:00,2.4923,2.5145,2.4775,2.4953,10370571.9
2025-10-12 15:30:00+00:00,2.4953,2.4967,2.4592,2.4728,5112912.3
2025-10-12 15:45:00+00:00,2.4727,2.4948,2.4727,2.4885,3031821.7
2025-10-12 16:00:00+00:00,2.4884,2.5285,2.4884,2.5043,7469831.6
2025-10-12 16:15:00+00:00,2.5044,2.5063,2.4879,2.4985,3078020.5
2025-10-12 16:30:00+00:00,2.4986,2.5208,2.4892,2.5197,3568495.1
2025-10-12 16:45:00+00:00,2.5197,2.5421,2.4933,2.5184,8428396.0
2025-10-12 17:00:00+00:00,2.5185,2.5311,2.5021,2.5275,5128753.0
2025-10-12 17:15:00+00:00,2.5276,2.535,2.522,2.533,3676279.3
2025-10-12 17:30:00+00:00,2.533,2.5451,2.5242,2.5331,3142251.8
2025-10-12 17:45:00+00:00,2.5332,2.5405,2.5125,2.5287,2422124.3
2025-10-12 18:00:00+00:00,2.5287,2.5386,2.5251,2.5297,1892346.8
2025-10-12 18:15:00+00:00,2.5297,2.5416,2.5259,2.5314,1746925.3
2025-10-12 18:30:00+00:00,2.5314,2.5367,2.5123,2.5124,1667866.8
2025-10-12 18:45:00+00:00,2.5125,2.5137,2.5036,2.513,2158272.4
2025-10-12 19:00:00+00:00,2.5131,2.5377,2.5122,2.5359,1924621.0
2025-10-12 19:15:00+00:00,2.5358,2.5423,2.5324,2.5343,1388990.3
2025-10-12 19:30:00+00:00,2.5343,2.5407,2.5283,2.5399,1229297.7
2025-10-12 19:45:00+00:00,2.5398,2.552,2.5377,2.5473,1878718.5
2025-10-12 20:00:00+00:00,2.5472,2.5564,2.545,2.5482,1923800.9
2025-10-12 20:15:00+00:00,2.5481,2.5599,2.5469,2.5595,2087405.4
2025-10-12 20:30:00+00:00,2.5595,2.5741,2.5519,2.5679,3158048.7
2025-10-12 20:45:00+00:00,2.5679,2.5841,2.5531,2.5585,3133054.9
2025-10-12 21:00:00+00:00,2.5584,2.5686,2.5466,2.5585,2722530.0
2025-10-12 21:15:00+00:00,2.5585,2.5649,2.5286,2.5427,2793256.1
2025-10-12 21:30:00+00:00,2.5427,2.5428,2.5119,2.5312,2004091.4
2025-10-12 21:45:00+00:00,2.5313,2.545,2.5303,2.5448,725363.4
2025-10-12 22:00:00+00:00,2.5448,2.56,2.5281,2.5353,3641925.3
2025-10-12 22:15:00+00:00,2.5353,2.5464,2.5159,2.5254,5327032.5
2025-10-12 22:30:00+00:00,2.5254,2.5382,2.5222,2.5352,2294895.8
2025-10-12 22:45:00+00:00,2.5352,2.5399,2.527,2.5324,1606016.7
2025-10-12 23:00:00+00:00,2.5324,2.5324,2.5154,2.5202,1596987.6
2025-10-12 23:15:00+00:00,2.5202,2.5293,2.5081,2.5268,2485115.3
2025-10-12 23:30:00+00:00,2.5267,2.5352,2.5201,2.5265,1361826.7
2025-10-12 23:45:00+00:00,2.5264,2.5343,2.5207,2.5282,1237389.9
2025-10-13 00:00:00+00:00,2.5283,2.5304,2.5143,2.5274,2341150.9
2025-10-13 00:15:00+00:00,2.5274,2.5486,2.5269,2.532,2278624.5
2025-10-13 00:30:00+00:00,2.5319,2.5343,2.5157,2.5238,2155066.0
2025-10-13 00:45:00+00:00,2.5238,2.5386,2.5162,2.5286,2042252.7
2025-10-13 01:00:00+00:00,2.5286,2.5294,2.5125,2.5185,2118677.3
2025-10-13 01:15:00+00:00,2.5185,2.5382,2.5151,2.5299,2420567.1
2025-10-13 01:30:00+00:00,2.5299,2.54,2.5277,2.5364,1579212.7
2025-10-13 01:45:00+00:00,2.5365,2.5495,2.5323,2.5494,1437629.4
2025-10-13 02:00:00+00:00,2.5494,2.5611,2.532,2.5407,4170979.7
2025-10-13 02:15:00+00:00,2.5407,2.5479,2.532,2.5427,3194522.1
2025-10-13 02:30:00+00:00,2.5427,2.5494,2.5374,2.5475,1834519.2
2025-10-13 02:45:00+00:00,2.5474,2.5612,2.5459,2.5586,2293168.5
2025-10-13 03:00:00+00:00,2.5585,2.5707,2.5528,2.5631,2155606.5
2025-10-13 03:15:00+00:00,2.563,2.574,2.5602,2.5694,1763213.9
2025-10-13 03:30:00+00:00,2.5694,2.5725,2.5518,2.5555,3134996.7
2025-10-13 03:45:00+00:00,2.5555,2.5587,2.546,2.5508,1800614.4
2025-10-13 04:00:00+00:00,2.5508,2.5585,2.5464,2.5498,1445183.9
2025-10-13 04:15:00+00:00,2.5499,2.5691,2.5499,2.5651,1323521.5
2025-10-13 04:30:00+00:00,2.5651,2.5764,2.5617,2.5716,1992050.6
2025-10-13 04:45:00+00:00,2.5717,2.5807,2.5667,2.5769,2372320.6
2025-10-13 05:00:00+00:00,2.5769,2.5791,2.558,2.5618,2059925.4
2025-10-13 05:15:00+00:00,2.5619,2.565,2.5414,2.5488,2197512.9
2025-10-13 05:30:00+00:00,2.5487,2.5523,2.543,2.5437,749857.4
2025-10-13 05:45:00+00:00,2.5437,2.5494,2.5402,2.5494,860078.3
2025-10-13 06:00:00+00:00,2.5495,2.5595,2.5337,2.557,1376019.3
2025-10-13 06:15:00+00:00,2.557,2.5819,2.5562,2.5807,1359369.2
2025-10-13 06:30:00+00:00,2.5807,2.6019,2.5776,2.5879,3529544.8
2025-10-13 06:45:00+00:00,2.5878,2.6093,2.5858,2.6052,3061786.6
2025-10-13 07:00:00+00:00,2.6053,2.6215,2.5967,2.6177,2888783.5
2025-10-13 07:15:00+00:00,2.6176,2.6322,2.6159,2.6281,2513528.0
2025-10-13 07:30:00+00:00,2.6282,2.6372,2.6182,2.6311,2178277.1
2025-10-13 07:45:00+00:00,2.631,2.631,2.6137,2.6213,3033285.9
2025-10-13 08:00:00+00:00,2.6214,2.6223,2.6068,2.6133,2896674.3
2025-10-13 08:15:00+00:00,2.6134,2.6236,2.61,2.618,1859527.1
2025-10-13 08:30:00+00:00,2.618,2.6386,2.618,2.6264,2845028.1
2025-10-13 08:45:00+00:00,2.6264,2.6426,2.626,2.6338,2373411.8
2025-10-13 09:00:00+00:00,2.6337,2.6383,2.6181,2.6202,2657879.5
2025-10-13 09:15:00+00:00,2.6203,2.6286,2.6163,2.6211,1955555.1
2025-10-13 09:30:00+00:00,2.621,2.6365,2.6206,2.6224,1472953.5
2025-10-13 09:45:00+00:00,2.6223,2.6243,2.6163,2.622,1172023.1
2025-10-13 10:00:00+00:00,2.6219,2.6235,2.6012,2.6031,1883477.7
2025-10-13 10:15:00+00:00,2.6032,2.6041,2.5925,2.5958,2293042.3
2025-10-13 10:30:00+00:00,2.5957,2.6044,2.5912,2.6023,1527531.8
2025-10-13 10:45:00+00:00,2.6022,2.6035,2.5965,2.6007,1075633.7
2025-10-13 11:00:00+00:00,2.6006,2.6036,2.5726,2.5901,4662541.5
2025-10-13 11:15:00+00:00,2.59,2.5907,2.5352,2.5376,4835746.5
2025-10-13 11:30:00+00:00,2.5377,2.5761,2.5373,2.5711,4328835.6
2025-10-13 11:45:00+00:00,2.571,2.5779,2.564,2.5692,1779172.8
2025-10-13 12:00:00+00:00,2.5691,2.5862,2.5555,2.5805,2535247.7
2025-10-13 12:15:00+00:00,2.5806,2.5819,2.5651,2.5729,1523279.6
2025-10-13 12:30:00+00:00,2.5729,2.591,2.5691,2.5782,1686912.3
2025-10-13 12:45:00+00:00,2.5782,2.5829,2.5638,2.5693,2122079.3
2025-10-13 13:00:00+00:00,2.5693,2.5779,2.5537,2.5579,3008502.1
2025-10-13 13:15:00+00:00,2.5579,2.5657,2.5507,2.5557,2307428.6
2025-10-13 13:30:00+00:00,2.5557,2.6163,2.5542,2.5956,13355180.9
2025-10-13 13:45:00+00:00,2.5955,2.6082,2.573,2.6037,5485817.4
2025-10-13 14:00:00+00:00,2.6036,2.6129,2.5788,2.5823,3566150.3
2025-10-13 14:15:00+00:00,2.5822,2.5875,2.5555,2.5684,3619961.1
2025-10-13 14:30:00+00:00,2.5683,2.59,2.5532,2.5785,2447788.7
2025-10-13 14:45:00+00:00,2.5786,2.5818,2.5536,2.5574,2368672.3
2025-10-13 15:00:00+00:00,2.5573,2.5818,2.5553,2.5744,1745202.8
2025-10-13 15:15:00+00:00,2.5744,2.5872,2.571,2.5785,1883770.8
2025-10-13 15:30:00+00:00,2.5786,2.594,2.5714,2.5754,1416275.4
2025-10-13 15:45:00+00:00,2.5754,2.5967,2.5749,2.5873,1723930.7
2025-10-13 16:00:00+00:00,2.5873,2.5992,2.5845,2.5913,2500997.1
2025-10-13 16:15:00+00:00,2.5913,2.5998,2.5705,2.5829,2859169.0
2025-10-13 16:30:00+00:00,2.5829,2.5884,2.5761,2.578,1914145.3
2025-10-13 16:45:00+00:00,2.578,2.6008,2.5772,2.5931,1976337.1
2025-10-13 17:00:00+00:00,2.5932,2.6183,2.5898,2.5966,4080794.8
2025-10-13 17:15:00+00:00,2.5966,2.6065,2.5911,2.6006,1969789.9
2025-10-13 17:30:00+00:00,2.6006,2.6056,2.5915,2.5945,1721736.4
2025-10-13 17:45:00+00:00,2.5945,2.626,2.5821,2.6227,2637942.1
2025-10-13 18:00:00+00:00,2.6228,2.6261,2.6056,2.6084,2654517.7
2025-10-13 18:15:00+00:00,2.6085,2.63,2.6078,2.6231,1832535.5
2025-10-13 18:30:00+00:00,2.6232,2.6273,2.6143,2.6211,1909046.2
2025-10-13 18:45:00+00:00,2.621,2.6219,2.6002,2.6111,1694788.3
2025-10-13 19:00:00+00:00,2.6111,2.6224,2.6041,2.6209,1304617.1
2025-10-13 19:15:00+00:00,2.6209,2.6318,2.6171,2.6242,1487401.6
2025-10-13 19:30:00+00:00,2.6242,2.6338,2.6214,2.6329,1502135.0
2025-10-13 19:45:00+00:00,2.633,2.6397,2.6182,2.6247,2484673.8
2025-10-13 20:00:00+00:00,2.6247,2.6318,2.62,2.6295,1170192.8
2025-10-13 20:15:00+00:00,2.6295,2.6378,2.6259,2.6362,1225028.9
2025-10-13 20:30:00+00:00,2.6362,2.6382,2.6287,2.6344,1094047.0
2025-10-13 20:45:00+00:00,2.6343,2.6447,2.6316,2.644,2542082.4
2025-10-13 21:00:00+00:00,2.644,2.646,2.6293,2.6294,2268523.4
2025-10-13 21:15:00+00:00,2.6294,2.6348,2.6212,2.6237,1798621.4
2025-10-13 21:30:00+00:00,2.6237,2.6272,2.6176,2.6232,953903.0
2025-10-13 21:45:00+00:00,2.6232,2.6232,2.6123,2.6165,734479.1
2025-10-13 22:00:00+00:00,2.6165,2.6233,2.6144,2.6161,1848235.9
2025-10-13 22:15:00+00:00,2.6161,2.6179,2.6075,2.6098,1187678.8
2025-10-13 22:30:00+00:00,2.6097,2.6166,2.6088,2.6114,775727.4
2025-10-13 22:45:00+00:00,2.6115,2.6129,2.6057,2.6088,1126349.1
2025-10-13 23:00:00+00:00,2.6087,2.612,2.6041,2.6089,1427995.3
2025-10-13 23:15:00+00:00,2.6089,2.6122,2.6052,2.6087,720956.8
2025-10-13 23:30:00+00:00,2.6087,2.6138,2.6023,2.609,764294.2
2025-10-13 23:45:00+00:00,2.609,2.6093,2.5975,2.6052,1598250.3
2025-10-14 00:00:00+00:00,2.6052,2.6095,2.5975,2.6026,1476850.3
2025-10-14 00:15:00+00:00,2.6027,2.6179,2.6022,2.6115,1675354.8
2025-10-14 00:30:00+00:00,2.6116,2.6208,2.6082,2.6135,1420686.2
2025-10-14 00:45:00+00:00,2.6135,2.6135,2.5957,2.6073,1352373.5
2025-10-14 01:00:00+00:00,2.6072,2.6108,2.5928,2.5999,3770347.4
2025-10-14 01:15:00+00:00,2.5998,2.6089,2.5977,2.6012,1286729.6
2025-10-14 01:30:00+00:00,2.6012,2.604,2.5973,2.6003,854718.0
2025-10-14 01:45:00+00:00,2.6003,2.602,2.5826,2.5872,1348102.4
2025-10-14 02:00:00+00:00,2.5871,2.588,2.5744,2.5787,1874076.4
2025-10-14 02:15:00+00:00,2.5787,2.5822,2.568,2.5747,2446007.4
2025-10-14 02:30:00+00:00,2.5747,2.5793,2.5697,2.5723,1177953.4
2025-10-14 02:45:00+00:00,2.5723,2.5751,2.563,2.5735,5179742.3
2025-10-14 03:00:00+00:00,2.5735,2.5746,2.5546,2.5642,2155683.0
2025-10-14 03:15:00+00:00,2.5643,2.571,2.55,2.5524,2959305.1
2025-10-14 03:30:00+00:00,2.5524,2.5581,2.5509,2.5563,1316089.4
2025-10-14 03:45:00+00:00,2.5564,2.5686,2.5564,2.5606,981842.0
2025-10-14 04:00:00+00:00,2.5605,2.5655,2.5465,2.5537,1670406.3
2025-10-14 04:15:00+00:00,2.5537,2.5559,2.5471,2.5512,1095926.6
2025-10-14 04:30:00+00:00,2.5511,2.5511,2.535,2.54,1660621.8
2025-10-14 04:45:00+00:00,2.5401,2.5402,2.5175,2.5262,4546330.2
2025-10-14 05:00:00+00:00,2.5262,2.5411,2.5229,2.5365,2175083.3
2025-10-14 05:15:00+00:00,2.5365,2.5392,2.5242,2.5253,1466252.2
2025-10-14 05:30:00+00:00,2.5254,2.5279,2.4963,2.5027,4077838.4
2025-10-14 05:45:00+00:00,2.5027,2.5082,2.4975,2.5054,2902644.3
2025-10-14 06:00:00+00:00,2.5054,2.5189,2.5051,2.5061,1854284.6
2025-10-14 06:15:00+00:00,2.506,2.5069,2.4884,2.4896,2459656.0
2025-10-14 06:30:00+00:00,2.4896,2.4979,2.4552,2.4591,6593817.3
2025-10-14 06:45:00+00:00,2.4591,2.4756,2.4178,2.4658,10834972.8
2025-10-14 07:00:00+00:00,2.4658,2.4766,2.4528,2.4687,4697385.7
2025-10-14 07:15:00+00:00,2.4687,2.481,2.4571,2.4695,2467521.0
2025-10-14 07:30:00+00:00,2.4694,2.4704,2.4401,2.451,5560050.3
2025-10-14 07:45:00+00:00,2.451,2.4562,2.4416,2.4524,4407889.1
2025-10-14 08:00:00+00:00,2.4524,2.4648,2.4376,2.4614,2666083.9
2025-10-14 08:15:00+00:00,2.4615,2.4656,2.4491,2.4642,1681878.5
2025-10-14 08:30:00+00:00,2.4642,2.4749,2.4594,2.4722,2344004.6
2025-10-14 08:45:00+00:00,2.4722,2.4734,2.4605,2.4636,1036719.2
2025-10-14 09:00:00+00:00,2.4637,2.4717,2.4604,2.4635,910075.7
2025-10-14 09:15:00+00:00,2.4635,2.4717,2.4617,2.4676,1024262.2
2025-10-14 09:30:00+00:00,2.4676,2.4753,2.4668,2.4701,1175670.2
2025-10-14 09:45:00+00:00,2.4701,2.4734,2.456,2.4616,1518200.0
2025-10-14 10:00:00+00:00,2.4615,2.4617,2.446,2.45,1517882.0
2025-10-14 10:15:00+00:00,2.4499,2.4499,2.425,2.4259,3938019.5
2025-10-14 10:30:00+00:00,2.4259,2.4443,2.412,2.4311,3996739.4
2025-10-14 10:45:00+00:00,2.4311,2.4415,2.4162,2.4403,1913461.4
2025-10-14 11:00:00+00:00,2.4403,2.4596,2.4383,2.4582,2582499.3
2025-10-14 11:15:00+00:00,2.4583,2.4603,2.4494,2.4554,1644056.6
2025-10-14 11:30:00+00:00,2.4553,2.4644,2.45,2.4507,1032774.2
2025-10-14 11:45:00+00:00,2.4507,2.4578,2.45,2.4517,1131280.2
2025-10-14 12:00:00+00:00,2.4518,2.4526,2.4367,2.4425,1782237.6
2025-10-14 12:15:00+00:00,2.4425,2.4426,2.4194,2.4314,6563951.6
2025-10-14 12:30:00+00:00,2.4313,2.4347,2.4172,2.4235,2057047.8
2025-10-14 12:45:00+00:00,2.4235,2.4323,2.4147,2.4192,1991640.6
2025-10-14 13:00:00+00:00,2.4192,2.427,2.4042,2.4116,2709434.4
2025-10-14 13:15:00+00:00,2.4116,2.4265,2.402,2.4251,3142971.2
2025-10-14 13:30:00+00:00,2.4251,2.439,2.3888,2.4156,7822620.8
2025-10-14 13:45:00+00:00,2.4155,2.4437,2.4085,2.4318,4332459.3
2025-10-14 14:00:00+00:00,2.4317,2.4507,2.4273,2.4499,2710899.7
2025-10-14 14:15:00+00:00,2.4499,2.4633,2.4475,2.4489,3585087.6
2025-10-14 14:30:00+00:00,2.4488,2.4551,2.4295,2.4514,2310267.5
2025-10-14 14:45:00+00:00,2.4514,2.4636,2.4421,2.4466,3112690.1
2025-10-14 15:00:00+00:00,2.4467,2.4606,2.4392,2.4421,1763356.3
2025-10-14 15:15:00+00:00,2.4421,2.4546,2.437,2.4514,1872269.7
2025-10-14 15:30:00+00:00,2.4514,2.482,2.4508,2.4793,3780908.5
2025-10-14 15:45:00+00:00,2.4794,2.4991,2.4759,2.4974,5128785.5
2025-10-14 16:00:00+00:00,2.4975,2.5009,2.4825,2.4963,3315869.3
2025-10-14 16:15:00+00:00,2.4962,2.5362,2.4955,2.5109,7832015.5
2025-10-14 16:30:00+00:00,2.5109,2.5188,2.4937,2.5073,3481272.2
2025-10-14 16:45:00+00:00,2.5074,2.5199,2.4978,2.5032,2452718.6
2025-10-14 17:00:00+00:00,2.5031,2.5254,2.475,2.5217,4888658.9
2025-10-14 17:15:00+00:00,2.5218,2.527,2.5122,2.5161,2407685.0
2025-10-14 17:30:00+00:00,2.5161,2.5208,2.4985,2.5144,1803610.4
2025-10-14 17:45:00+00:00,2.5144,2.5204,2.5028,2.5054,1240438.7
2025-10-14 18:00:00+00:00,2.5054,2.5239,2.504,2.5219,2399943.7
2025-10-14 18:15:00+00:00,2.5218,2.5265,2.5119,2.5154,1692899.0
2025-10-14 18:30:00+00:00,2.5154,2.5228,2.5035,2.5068,2263596.3
2025-10-14 18:45:00+00:00,2.5068,2.5165,2.4943,2.5025,1259035.4
2025-10-14 19:00:00+00:00,2.5025,2.5054,2.498,2.5002,787619.8
2025-10-14 19:15:00+00:00,2.5003,2.5177,2.4986,2.5111,1249172.7
2025-10-14 19:30:00+00:00,2.5112,2.5124,2.4611,2.4675,7302621.0
2025-10-14 19:45:00+00:00,2.4676,2.4869,2.4626,2.4837,4161657.7
2025-10-14 20:00:00+00:00,2.4837,2.4965,2.4757,2.4822,2019430.8
2025-10-14 20:15:00+00:00,2.4821,2.4877,2.4785,2.4829,847693.1
2025-10-14 20:30:00+00:00,2.4828,2.4917,2.4751,2.4911,1255776.3
2025-10-14 20:45:00+00:00,2.4911,2.4944,2.4864,2.4905,929807.0
2025-10-14 21:00:00+00:00,2.4904,2.4927,2.4763,2.4808,921989.1
2025-10-14 21:15:00+00:00,2.4808,2.4887,2.4754,2.4844,1224542.5
2025-10-14 21:30:00+00:00,2.4844,2.4916,2.4807,2.4895,913458.5
2025-10-14 21:45:00+00:00,2.4895,2.4974,2.4885,2.4953,451756.9
2025-10-14 22:00:00+00:00,2.4953,2.5087,2.4953,2.5005,1442652.8
2025-10-14 22:15:00+00:00,2.5004,2.5021,2.4973,2.4984,979531.4
2025-10-14 22:30:00+00:00,2.4983,2.4994,2.4924,2.4972,482712.3
2025-10-14 22:45:00+00:00,2.4972,2.4994,2.49,2.498,259102.0
2025-10-14 23:00:00+00:00,2.4981,2.5088,2.4976,2.5079,380085.6
2025-10-14 23:15:00+00:00,2.508,2.5127,2.5062,2.5091,520344.2
2025-10-14 23:30:00+00:00,2.5092,2.5119,2.5058,2.5063,279512.1
2025-10-14 23:45:00+00:00,2.5063,2.5114,2.5019,2.5033,443474.6
2025-10-15 00:00:00+00:00,2.5033,2.5088,2.4957,2.4959,596246.1
2025-10-15 00:15:00+00:00,2.4959,2.4995,2.4864,2.4919,538083.1
2025-10-15 00:30:00+00:00,2.4918,2.4996,2.4855,2.4966,938395.4
2025-10-15 00:45:00+00:00,2.4966,2.5058,2.4957,2.5052,526309.0
2025-10-15 01:00:00+00:00,2.5052,2.5065,2.4884,2.4972,905399.2
2025-10-15 01:15:00+00:00,2.4972,2.5017,2.4912,2.4915,442382.1
2025-10-15 01:30:00+00:00,2.4914,2.4931,2.4848,2.4925,590681.5
2025-10-15 01:45:00+00:00,2.4926,2.5007,2.4888,2.4997,619918.4
2025-10-15 02:00:00+00:00,2.4997,2.51,2.4974,2.5098,737159.4
2025-10-15 02:15:00+00:00,2.5098,2.526,2.5096,2.5245,1890246.1
2025-10-15 02:30:00+00:00,2.5245,2.526,2.5134,2.5142,701271.8
2025-10-15 02:45:00+00:00,2.5143,2.5187,2.5106,2.5114,1062142.8
2025-10-15 03:00:00+00:00,2.5114,2.5134,2.4981,2.5011,1066317.3
2025-10-15 03:15:00+00:00,2.501,2.501,2.4864,2.4986,1126081.3
2025-10-15 03:30:00+00:00,2.4986,2.4986,2.4822,2.4864,1062821.6
2025-10-15 03:45:00+00:00,2.4864,2.4917,2.4795,2.4881,746638.8
2025-10-15 04:00:00+00:00,2.4881,2.4896,2.4801,2.484,975050.8
2025-10-15 04:15:00+00:00,2.484,2.4957,2.4833,2.4921,732590.0
2025-10-15 04:30:00+00:00,2.492,2.4936,2.485,2.4884,692897.6
2025-10-15 04:45:00+00:00,2.4884,2.499,2.4866,2.4986,860833.0
2025-10-15 05:00:00+00:00,2.4986,2.5094,2.4986,2.5021,850975.3
2025-10-15 05:15:00+00:00,2.502,2.505,2.4929,2.4944,486416.6
2025-10-15 05:30:00+00:00,2.4944,2.5052,2.49,2.5026,528552.6
2025-10-15 05:45:00+00:00,2.5026,2.5026,2.4945,2.4999,417793.3
2025-10-15 06:00:00+00:00,2.4999,2.505,2.4908,2.4946,905643.3
2025-10-15 06:15:00+00:00,2.4945,2.4963,2.4807,2.4836,1057935.6
2025-10-15 06:30:00+00:00,2.4837,2.509,2.4794,2.5021,949171.2
2025-10-15 06:45:00+00:00,2.5021,2.507,2.4979,2.5026,858223.8
2025-10-15 07:00:00+00:00,2.5025,2.5045,2.494,2.501,1298664.8
2025-10-15 07:15:00+00:00,2.5011,2.5082,2.4973,2.4993,921499.3
2025-10-15 07:30:00+00:00,2.4993,2.5037,2.4972,2.5006,503376.5
2025-10-15 07:45:00+00:00,2.5006,2.5083,2.4986,2.507,451042.8
2025-10-15 08:00:00+00:00,2.5069,2.5191,2.5052,2.5191,1049891.8
2025-10-15 08:15:00+00:00,2.5191,2.5273,2.5153,2.527,1997537.2
2025-10-15 08:30:00+00:00,2.5269,2.5475,2.5269,2.5285,6192065.5
2025-10-15 08:45:00+00:00,2.5285,2.5285,2.5168,2.5185,2483743.1
2025-10-15 09:00:00+00:00,2.5186,2.5231,2.513,2.5172,2424034.3
2025-10-15 09:15:00+00:00,2.5172,2.519,2.5022,2.5035,3156007.5
2025-10-15 09:30:00+00:00,2.5035,2.5064,2.495,2.5029,2568603.3
2025-10-15 09:45:00+00:00,2.5028,2.5094,2.4971,2.501,1188358.1
2025-10-15 10:00:00+00:00,2.501,2.507,2.495,2.5057,992465.8
2025-10-15 10:15:00+00:00,2.5056,2.5063,2.4949,2.4994,1112661.5
2025-10-15 10:30:00+00:00,2.4994,2.5026,2.4926,2.4997,1010833.3
2025-10-15 10:45:00+00:00,2.4997,2.5018,2.4958,2.4972,476704.7
2025-10-15 11:00:00+00:00,2.4971,2.5055,2.4946,2.4957,1082264.0
2025-10-15 11:15:00+00:00,2.4958,2.4973,2.4775,2.4898,2486122.3
2025-10-15 11:30:00+00:00,2.4897,2.4966,2.4851,2.4965,564999.2
2025-10-15 11:45:00+00:00,2.4965,2.4965,2.4913,2.4928,601508.8
2025-10-15 12:00:00+00:00,2.4928,2.5023,2.4878,2.4977,809868.9
2025-10-15 12:15:00+00:00,2.4978,2.5017,2.4858,2.4889,1693854.7
2025-10-15 12:30:00+00:00,2.4889,2.4932,2.4826,2.4926,1351769.2
2025-10-15 12:45:00+00:00,2.4925,2.5035,2.4919,2.5019,2093333.3
2025-10-15 13:00:00+00:00,2.5018,2.5021,2.483,2.4893,2091186.0
2025-10-15 13:15:00+00:00,2.4893,2.4896,2.4804,2.4804,1084361.1
2025-10-15 13:30:00+00:00,2.4804,2.499,2.4703,2.4805,3467110.6
2025-10-15 13:45:00+00:00,2.4805,2.4863,2.4552,2.484,6927413.2
2025-10-15 14:00:00+00:00,2.4841,2.5118,2.4835,2.504,3090403.5
2025-10-15 14:15:00+00:00,2.504,2.5111,2.4963,2.4996,1472118.5
2025-10-15 14:30:00+00:00,2.4997,2.5003,2.4798,2.4818,1318262.9
2025-10-15 14:45:00+00:00,2.4818,2.4818,2.4531,2.465,2987100.3
2025-10-15 15:00:00+00:00,2.465,2.476,2.4516,2.4646,1860505.6
2025-10-15 15:15:00+00:00,2.4646,2.4712,2.4483,2.4574,3738562.1
2025-10-15 15:30:00+00:00,2.4573,2.4629,2.4317,2.4376,5333966.8
2025-10-15 15:45:00+00:00,2.4377,2.4377,2.4237,2.4333,5425612.1
2025-10-15 16:00:00+00:00,2.4333,2.4471,2.431,2.4418,2280293.3
2025-10-15 16:15:00+00:00,2.4417,2.4487,2.4315,2.4436,1197830.9
2025-10-15 16:30:00+00:00,2.4437,2.4481,2.4359,2.4391,2574053.1
2025-10-15 16:45:00+00:00,2.4392,2.4491,2.4318,2.4323,1407754.6
2025-10-15 17:00:00+00:00,2.4324,2.4344,2.4179,2.4185,2694102.9
2025-10-15 17:15:00+00:00,2.4184,2.4265,2.4141,2.4184,2080368.4
2025-10-15 17:30:00+00:00,2.4183,2.4252,2.4124,2.4231,1158059.0
2025-10-15 17:45:00+00:00,2.4231,2.4345,2.4227,2.434,1035624.4
2025-10-15 18:00:00+00:00,2.4339,2.4356,2.4216,2.4274,786192.0
2025-10-15 18:15:00+00:00,2.4273,2.4416,2.427,2.4373,841383.1
2025-10-15 18:30:00+00:00,2.4374,2.4425,2.4274,2.4302,1131822.8
2025-10-15 18:45:00+00:00,2.4301,2.4424,2.4265,2.4412,1198128.1
2025-10-15 19:00:00+00:00,2.4411,2.4414,2.425,2.4286,489972.6
2025-10-15 19:15:00+00:00,2.4286,2.4368,2.4251,2.4341,681451.0
2025-10-15 19:30:00+00:00,2.4341,2.4358,2.414,2.4169,1036893.3
2025-10-15 19:45:00+00:00,2.4169,2.4176,2.4022,2.4053,2212731.1
2025-10-15 20:00:00+00:00,2.4054,2.4172,2.4043,2.4116,2394867.5
2025-10-15 20:15:00+00:00,2.4116,2.4207,2.4,2.4022,1448110.8
2025-10-15 20:30:00+00:00,2.4022,2.4131,2.3798,2.4118,5452863.0
2025-10-15 20:45:00+00:00,2.4118,2.4164,2.3969,2.3977,999812.1
2025-10-15 21:00:00+00:00,2.3976,2.4052,2.3754,2.3929,3508131.0
2025-10-15 21:15:00+00:00,2.3928,2.4069,2.3831,2.4037,2451044.6
2025-10-15 21:30:00+00:00,2.4036,2.4165,2.399,2.4085,1430614.9
2025-10-15 21:45:00+00:00,2.4084,2.4111,2.3905,2.3977,1089310.1
2025-10-15 22:00:00+00:00,2.3978,2.4104,2.3962,2.4102,677933.6
2025-10-15 22:15:00+00:00,2.4103,2.4161,2.407,2.4092,914411.9
2025-10-15 22:30:00+00:00,2.4093,2.4164,2.4087,2.4115,842477.8
2025-10-15 22:45:00+00:00,2.4115,2.414,2.4002,2.4043,650824.2
2025-10-15 23:00:00+00:00,2.4042,2.4107,2.3988,2.4091,741692.6
2025-10-15 23:15:00+00:00,2.4091,2.4138,2.4007,2.4108,870654.9
2025-10-15 23:30:00+00:00,2.4108,2.4173,2.4094,2.4136,557684.4
2025-10-15 23:45:00+00:00,2.4136,2.4155,2.407,2.4109,582327.6
2025-10-16 00:00:00+00:00,2.411,2.4143,2.3996,2.4012,2145392.4
2025-10-16 00:15:00+00:00,2.4012,2.4155,2.4011,2.4134,1229849.9
2025-10-16 00:30:00+00:00,2.4133,2.4141,2.4049,2.4075,752537.9
2025-10-16 00:45:00+00:00,2.4074,2.4122,2.4045,2.4067,928098.8
2025-10-16 01:00:00+00:00,2.4067,2.4223,2.4057,2.4169,744781.6
2025-10-16 01:15:00+00:00,2.4169,2.4204,2.4102,2.4134,625242.4
2025-10-16 01:30:00+00:00,2.4133,2.4185,2.4108,2.4163,771572.4
2025-10-16 01:45:00+00:00,2.4163,2.4267,2.4131,2.4242,1010299.7
2025-10-16 02:00:00+00:00,2.4243,2.4354,2.4181,2.4261,1446178.9
2025-10-16 02:15:00+00:00,2.4261,2.4309,2.4238,2.4272,1509841.7
2025-10-16 02:30:00+00:00,2.4273,2.428,2.4128,2.4161,1585496.0
2025-10-16 02:45:00+00:00,2.416,2.428,2.4137,2.4272,933828.8
2025-10-16 03:00:00+00:00,2.4273,2.432,2.4232,2.4232,865546.2
2025-10-16 03:15:00+00:00,2.4232,2.429,2.4193,2.425,1257528.1
2025-10-16 03:30:00+00:00,2.425,2.4251,2.4165,2.4201,1330223.5
2025-10-16 03:45:00+00:00,2.4201,2.4235,2.4166,2.4182,884116.2
2025-10-16 04:00:00+00:00,2.4181,2.427,2.4163,2.4254,761561.8
2025-10-16 04:15:00+00:00,2.4255,2.43,2.4255,2.428,818505.0
2025-10-16 04:30:00+00:00,2.428,2.4298,2.4168,2.4176,724100.0
2025-10-16 04:45:00+00:00,2.4176,2.4194,2.4091,2.4112,1315481.0
2025-10-16 05:00:00+00:00,2.4111,2.4145,2.4031,2.4095,994724.7
2025-10-16 05:15:00+00:00,2.4094,2.4116,2.4035,2.4067,1810007.5
2025-10-16 05:30:00+00:00,2.4067,2.4229,2.4063,2.4156,2379034.9
2025-10-16 05:45:00+00:00,2.4156,2.418,2.3973,2.4062,1579478.7
2025-10-16 06:00:00+00:00,2.4062,2.4161,2.4057,2.4126,1239256.0
2025-10-16 06:15:00+00:00,2.4125,2.4182,2.4103,2.4181,1355322.4
2025-10-16 06:30:00+00:00,2.4181,2.4277,2.4179,2.4224,1183100.3
2025-10-16 06:45:00+00:00,2.4225,2.4333,2.4225,2.4278,916853.9
2025-10-16 07:00:00+00:00,2.4279,2.4297,2.4206,2.4239,827195.2
2025-10-16 07:15:00+00:00,2.4239,2.424,2.4077,2.4078,1098195.8
2025-10-16 07:30:00+00:00,2.4077,2.4138,2.4063,2.4131,631726.2
2025-10-16 07:45:00+00:00,2.413,2.4162,2.4077,2.4104,1106197.2
2025-10-16 08:00:00+00:00,2.4104,2.4139,2.4016,2.4062,1166456.5
2025-10-16 08:15:00+00:00,2.4062,2.4078,2.3964,2.3983,954326.1
2025-10-16 08:30:00+00:00,2.3982,2.4033,2.3857,2.3904,2166486.8
2025-10-16 08:45:00+00:00,2.3905,2.3966,2.3883,2.3945,1380326.8
2025-10-16 09:00:00+00:00,2.3945,2.4027,2.3901,2.3973,1410787.0
2025-10-16 09:15:00+00:00,2.3973,2.4056,2.3954,2.3957,792057.3
2025-10-16 09:30:00+00:00,2.3956,2.4044,2.3533,2.403,10745444.0
2025-10-16 09:45:00+00:00,2.403,2.4303,2.4024,2.423,5415295.5
2025-10-16 10:00:00+00:00,2.4229,2.4462,2.4221,2.4394,2061726.0
2025-10-16 10:15:00+00:00,2.4394,2.4511,2.4359,2.4381,2442228.9
2025-10-16 10:30:00+00:00,2.4381,2.4461,2.434,2.4447,997065.5
2025-10-16 10:45:00+00:00,2.4446,2.4528,2.4443,2.4495,879105.3
2025-10-16 11:00:00+00:00,2.4494,2.4573,2.4445,2.4489,1114761.6
2025-10-16 11:15:00+00:00,2.4489,2.4507,2.4341,2.4365,858790.8
2025-10-16 11:30:00+00:00,2.4365,2.4406,2.4322,2.4365,736791.6
2025-10-16 11:45:00+00:00,2.4365,2.4551,2.4356,2.4524,1071486.7
2025-10-16 12:00:00+00:00,2.4524,2.4632,2.45,2.4507,1583531.0
2025-10-16 12:15:00+00:00,2.4507,2.4587,2.4493,2.452,690954.6
2025-10-16 12:30:00+00:00,2.4521,2.4665,2.4475,2.4592,1420937.5
2025-10-16 12:45:00+00:00,2.4593,2.4616,2.4534,2.4535,770340.9
2025-10-16 13:00:00+00:00,2.4535,2.4578,2.4462,2.4523,796411.1
2025-10-16 13:15:00+00:00,2.4523,2.4555,2.4395,2.4465,1128266.4
2025-10-16 13:30:00+00:00,2.4465,2.4557,2.4417,2.4494,1282141.4
2025-10-16 13:45:00+00:00,2.4495,2.4544,2.4306,2.4382,1274842.0
2025-10-16 14:00:00+00:00,2.4382,2.4403,2.4175,2.4201,1776895.0
2025-10-16 14:15:00+00:00,2.4201,2.4292,2.3885,2.3948,11924572.5
2025-10-16 14:30:00+00:00,2.3947,2.4381,2.3935,2.4358,4581708.7
2025-10-16 14:45:00+00:00,2.4358,2.4384,2.4028,2.4054,2225923.9
2025-10-16 15:00:00+00:00,2.4054,2.4171,2.3954,2.4167,1483987.4
2025-10-16 15:15:00+00:00,2.4166,2.4182,2.3888,2.3949,2808755.0
2025-10-16 15:30:00+00:00,2.3948,2.4012,2.375,2.3816,4817235.8
2025-10-16 15:45:00+00:00,2.3817,2.3819,2.3375,2.3554,8565357.3
2025-10-16 16:00:00+00:00,2.3553,2.3713,2.3454,2.3614,3655973.1
2025-10-16 16:15:00+00:00,2.3615,2.3682,2.3474,2.3631,3862994.7
2025-10-16 16:30:00+00:00,2.3631,2.3749,2.3482,2.3608,3018532.8
2025-10-16 16:45:00+00:00,2.3609,2.3989,2.3566,2.3986,4279283.0
2025-10-16 17:00:00+00:00,2.3986,2.3987,2.3746,2.3758,2463058.5
2025-10-16 17:15:00+00:00,2.3758,2.3967,2.3726,2.382,2288614.1
2025-10-16 17:30:00+00:00,2.382,2.3854,2.3667,2.3685,1397382.0
2025-10-16 17:45:00+00:00,2.3685,2.3723,2.3623,2.367,847825.6
2025-10-16 18:00:00+00:00,2.367,2.3675,2.3351,2.3393,2496067.0
2025-10-16 18:15:00+00:00,2.3393,2.3491,2.3321,2.3389,2571347.5
2025-10-16 18:30:00+00:00,2.3388,2.3615,2.3341,2.3534,2293819.2
2025-10-16 18:45:00+00:00,2.3535,2.3627,2.3434,2.3516,2405103.2
2025-10-16 19:00:00+00:00,2.3515,2.3576,2.3315,2.3321,2115514.8
2025-10-16 19:15:00+00:00,2.3321,2.3419,2.3206,2.3324,3484594.5
2025-10-16 19:30:00+00:00,2.3323,2.3349,2.3078,2.3214,4657269.2
2025-10-16 19:45:00+00:00,2.3215,2.342,2.3103,2.3271,3840559.2
2025-10-16 20:00:00+00:00,2.3271,2.3361,2.3108,2.3111,2245215.9
2025-10-16 20:15:00+00:00,2.3111,2.3192,2.2984,2.3079,3779553.8
2025-10-16 20:30:00+00:00,2.3078,2.3104,2.2833,2.2919,6030884.4
2025-10-16 20:45:00+00:00,2.2919,2.3061,2.2886,2.2944,2996408.5
2025-10-16 21:00:00+00:00,2.2944,2.3107,2.2938,2.3075,2568099.7
2025-10-16 21:15:00+00:00,2.3075,2.315,2.3001,2.3042,2925252.9
2025-10-16 21:30:00+00:00,2.3042,2.3161,2.3021,2.3126,1693426.7
2025-10-16 21:45:00+00:00,2.3126,2.3227,2.3124,2.322,1149555.4
2025-10-16 22:00:00+00:00,2.3219,2.3254,2.3081,2.3092,1277862.3
2025-10-16 22:15:00+00:00,2.3091,2.3165,2.3067,2.313,1336648.8
2025-10-16 22:30:00+00:00,2.313,2.3165,2.3056,2.3057,891417.2
2025-10-16 22:45:00+00:00,2.3056,2.3106,2.3,2.3007,910004.9
2025-10-16 23:00:00+00:00,2.3008,2.3085,2.2974,2.3054,1292849.8
2025-10-16 23:15:00+00:00,2.3055,2.3286,2.3055,2.3213,2246631.8
2025-10-16 23:30:00+00:00,2.3213,2.3265,2.3187,2.3252,637376.2
2025-10-16 23:45:00+00:00,2.3252,2.3315,2.3222,2.328,702487.6
2025-10-17 00:00:00+00:00,2.328,2.3327,2.3199,2.33,961871.1
2025-10-17 00:15:00+00:00,2.33,2.3352,2.328,2.3333,928096.1
2025-10-17 00:30:00+00:00,2.3333,2.3406,2.3284,2.3348,727014.7
2025-10-17 00:45:00+00:00,2.3349,2.3388,2.3293,2.3388,746148.2
2025-10-17 01:00:00+00:00,2.3389,2.4,2.3371,2.3726,10954536.8
2025-10-17 01:15:00+00:00,2.3725,2.3807,2.3591,2.3673,1740579.1
2025-10-17 01:30:00+00:00,2.3673,2.3725,2.3442,2.3474,1274760.3
2025-10-17 01:45:00+00:00,2.3474,2.3565,2.342,2.3563,657291.9
2025-10-17 02:00:00+00:00,2.3563,2.3591,2.3433,2.3488,1258494.8
2025-10-17 02:15:00+00:00,2.3489,2.349,2.3371,2.34,1386466.9
2025-10-17 02:30:00+00:00,2.34,2.3557,2.3379,2.3539,1445742.0
2025-10-17 02:45:00+00:00,2.354,2.3659,2.354,2.3577,2304067.4
2025-10-17 03:00:00+00:00,2.3577,2.3668,2.3574,2.3609,1261282.1
2025-10-17 03:15:00+00:00,2.3608,2.3678,2.3564,2.3567,1395498.8
2025-10-17 03:30:00+00:00,2.3566,2.3597,2.3489,2.3495,1245342.7
2025-10-17 03:45:00+00:00,2.3494,2.3612,2.3494,2.3584,869432.2
2025-10-17 04:00:00+00:00,2.3584,2.3599,2.3512,2.3573,1526116.2
2025-10-17 04:15:00+00:00,2.3573,2.36,2.3494,2.3517,1321584.1
2025-10-17 04:30:00+00:00,2.3517,2.3581,2.3504,2.3507,1036289.7
2025-10-17 04:45:00+00:00,2.3506,2.3551,2.3469,2.3478,1030864.7
2025-10-17 05:00:00+00:00,2.3479,2.355,2.3465,2.3484,1031068.2
2025-10-17 05:15:00+00:00,2.3484,2.3542,2.3417,2.3527,1066792.6
2025-10-17 05:30:00+00:00,2.3527,2.3541,2.3364,2.3378,1580901.2
2025-10-17 05:45:00+00:00,2.3378,2.3387,2.3313,2.3324,2420092.1
2025-10-17 06:00:00+00:00,2.3325,2.3457,2.3325,2.3381,868012.0
2025-10-17 06:15:00+00:00,2.3381,2.3415,2.3188,2.3203,1749360.7
2025-10-17 06:30:00+00:00,2.3203,2.3234,2.2904,2.2976,5623554.5
2025-10-17 06:45:00+00:00,2.2976,2.3034,2.2743,2.2935,6871846.6
2025-10-17 07:00:00+00:00,2.2934,2.2987,2.2688,2.2726,6844905.7
2025-10-17 07:15:00+00:00,2.2725,2.2799,2.2474,2.2504,7463252.7
2025-10-17 07:30:00+00:00,2.2504,2.2588,2.2319,2.2421,9391577.3
2025-10-17 07:45:00+00:00,2.2421,2.2609,2.2373,2.2391,12955152.1
2025-10-17 08:00:00+00:00,2.2391,2.2512,2.2193,2.2303,10513743.9
2025-10-17 08:15:00+00:00,2.2303,2.2315,2.2023,2.222,10448834.9
2025-10-17 08:30:00+00:00,2.2219,2.2374,2.2085,2.2106,4670541.8
2025-10-17 08:45:00+00:00,2.2107,2.2214,2.2073,2.2157,3848794.0
2025-10-17 09:00:00+00:00,2.2156,2.2388,2.2097,2.2356,3286839.0
2025-10-17 09:15:00+00:00,2.2356,2.2396,2.2223,2.2334,2045347.7
2025-10-17 09:30:00+00:00,2.2333,2.2602,2.2321,2.2402,3197061.6
2025-10-17 09:45:00+00:00,2.2402,2.245,2.2258,2.226,1936707.0
2025-10-17 10:00:00+00:00,2.2259,2.238,2.214,2.222,1805138.9
2025-10-17 10:15:00+00:00,2.2221,2.2227,2.1901,2.199,4345926.9
2025-10-17 10:30:00+00:00,2.199,2.2168,2.194,2.2086,3018290.5
2025-10-17 10:45:00+00:00,2.2087,2.2319,2.2084,2.2266,2694338.2
2025-10-17 11:00:00+00:00,2.2266,2.2762,2.2253,2.2718,4720586.4
2025-10-17 11:15:00+00:00,2.2717,2.2967,2.2691,2.2832,5864283.6
2025-10-17 11:30:00+00:00,2.2832,2.2885,2.2706,2.28,3128896.8
2025-10-17 11:45:00+00:00,2.2799,2.2904,2.2748,2.2831,1842243.7
2025-10-17 12:00:00+00:00,2.2831,2.3027,2.2796,2.2921,2470820.0
2025-10-17 12:15:00+00:00,2.2921,2.3049,2.2862,2.2938,2081913.2
2025-10-17 12:30:00+00:00,2.2939,2.302,2.286,2.2962,1625008.8
2025-10-17 12:45:00+00:00,2.2961,2.2979,2.2789,2.279,1636007.8
2025-10-17 13:00:00+00:00,2.279,2.2891,2.2666,2.2667,2274248.1
2025-10-17 13:15:00+00:00,2.2667,2.2784,2.2635,2.2699,2142078.6
2025-10-17 13:30:00+00:00,2.27,2.2949,2.2593,2.2653,3127038.4
2025-10-17 13:45:00+00:00,2.2653,2.2997,2.254,2.2848,3511831.7
2025-10-17 14:00:00+00:00,2.2848,2.2912,2.2653,2.2757,2564483.5
2025-10-17 14:15:00+00:00,2.2758,2.2803,2.2572,2.2592,2296066.9
2025-10-17 14:30:00+00:00,2.2592,2.2708,2.2403,2.2614,3963160.8
2025-10-17 14:45:00+00:00,2.2614,2.28,2.258,2.2607,2562291.2
2025-10-17 15:00:00+00:00,2.2606,2.2787,2.2585,2.2634,2408732.7
2025-10-17 15:15:00+00:00,2.2633,2.2832,2.263,2.277,1634974.7
2025-10-17 15:30:00+00:00,2.2771,2.2876,2.2607,2.2806,1745997.4
2025-10-17 15:45:00+00:00,2.2806,2.3021,2.28,2.3008,2236791.8
2025-10-17 16:00:00+00:00,2.3009,2.3277,2.2988,2.3047,5448897.5
2025-10-17 16:15:00+00:00,2.3047,2.3186,2.2984,2.3009,1956713.5
2025-10-17 16:30:00+00:00,2.3009,2.3059,2.2869,2.2942,1536083.0
2025-10-17 16:45:00+00:00,2.2942,2.301,2.2822,2.2922,1667436.6
2025-10-17 17:00:00+00:00,2.2922,2.3,2.2847,2.2932,1085514.5
2025-10-17 17:15:00+00:00,2.2932,2.2967,2.28,2.2818,1149612.1
2025-10-17 17:30:00+00:00,2.2819,2.2929,2.2775,2.2881,840050.5
2025-10-17 17:45:00+00:00,2.2882,2.2966,2.2785,2.2928,1164846.4
2025-10-17 18:00:00+00:00,2.2928,2.3039,2.2928,2.2943,1197852.1
2025-10-17 18:15:00+00:00,2.2942,2.3123,2.2926,2.307,977570.3
2025-10-17 18:30:00+00:00,2.3071,2.318,2.3047,2.3083,973388.4
2025-10-17 18:45:00+00:00,2.3083,2.311,2.2989,2.3044,745072.7
2025-10-17 19:00:00+00:00,2.3045,2.315,2.304,2.3107,879972.3
2025-10-17 19:15:00+00:00,2.3107,2.3124,2.3004,2.3037,728929.0
2025-10-17 19:30:00+00:00,2.3037,2.3037,2.2914,2.2968,801612.5
2025-10-17 19:45:00+00:00,2.2968,2.3009,2.2914,2.297,632009.8
2025-10-17 20:00:00+00:00,2.2971,2.3086,2.296,2.3069,846416.0
2025-10-17 20:15:00+00:00,2.307,2.3204,2.3055,2.3178,862355.2
2025-10-17 20:30:00+00:00,2.3178,2.3197,2.309,2.3122,1023961.2
2025-10-17 20:45:00+00:00,2.3123,2.318,2.3102,2.311,456988.8
2025-10-17 21:00:00+00:00,2.3111,2.3245,2.3097,2.3223,798596.3
2025-10-17 21:15:00+00:00,2.3222,2.3277,2.3187,2.3277,1180042.2
2025-10-17 21:30:00+00:00,2.3277,2.3297,2.3229,2.3293,804153.4
2025-10-17 21:45:00+00:00,2.3293,2.3372,2.3267,2.3348,726218.0
2025-10-17 22:00:00+00:00,2.3348,2.3416,2.3261,2.3268,1764159.1
2025-10-17 22:15:00+00:00,2.3267,2.3294,2.323,2.324,823509.9
2025-10-17 22:30:00+00:00,2.324,2.3246,2.3127,2.3133,1079742.6
2025-10-17 22:45:00+00:00,2.3134,2.3203,2.3133,2.3176,503447.2
2025-10-17 23:00:00+00:00,2.3176,2.3176,2.3035,2.3045,983564.4
2025-10-17 23:15:00+00:00,2.3044,2.3068,2.2978,2.2987,916243.5
2025-10-17 23:30:00+00:00,2.2987,2.3049,2.2974,2.3,531217.3
2025-10-17 23:45:00+00:00,2.3001,2.3015,2.2914,2.2936,964940.7
2025-10-18 00:00:00+00:00,2.2936,2.301,2.2894,2.2996,1125305.0
2025-10-18 00:15:00+00:00,2.2996,2.315,2.2972,2.3133,812686.4
2025-10-18 00:30:00+00:00,2.3134,2.3188,2.3103,2.3172,550728.3
2025-10-18 00:45:00+00:00,2.3171,2.3183,2.3072,2.3097,401640.5
2025-10-18 01:00:00+00:00,2.3098,2.3194,2.3078,2.3194,587625.0
2025-10-18 01:15:00+00:00,2.3194,2.3276,2.3178,2.3276,683113.8
2025-10-18 01:30:00+00:00,2.3277,2.33,2.3243,2.3252,680060.2
2025-10-18 01:45:00+00:00,2.3252,2.3364,2.3214,2.3343,647449.8
2025-10-18 02:00:00+00:00,2.3344,2.3416,2.3256,2.3279,1477928.4
2025-10-18 02:15:00+00:00,2.3279,2.336,2.3259,2.3342,886409.4
2025-10-18 02:30:00+00:00,2.3343,2.3371,2.3246,2.3255,1107834.1
2025-10-18 02:45:00+00:00,2.3254,2.3264,2.3181,2.3227,652491.7
2025-10-18 03:00:00+00:00,2.3227,2.332,2.3227,2.332,438651.1
2025-10-18 03:15:00+00:00,2.332,2.3397,2.3303,2.3376,699486.4
2025-10-18 03:30:00+00:00,2.3376,2.3436,2.3351,2.336,512697.6
2025-10-18 03:45:00+00:00,2.336,2.3409,2.3352,2.3389,462658.0
2025-10-18 04:00:00+00:00,2.3389,2.3396,2.3311,2.3311,804560.9
2025-10-18 04:15:00+00:00,2.3311,2.333,2.3281,2.3314,370217.4
2025-10-18 04:30:00+00:00,2.3315,2.3323,2.3206,2.3214,740886.7
2025-10-18 04:45:00+00:00,2.3214,2.322,2.3177,2.3188,443930.7
2025-10-18 05:00:00+00:00,2.3188,2.328,2.3186,2.3273,523278.5
2025-10-18 05:15:00+00:00,2.3273,2.3276,2.3201,2.3206,260080.4
2025-10-18 05:30:00+00:00,2.3207,2.3254,2.3155,2.324,374161.0
2025-10-18 05:45:00+00:00,2.324,2.3355,2.324,2.3328,724310.9
2025-10-18 06:00:00+00:00,2.3327,2.347,2.3316,2.3444,673554.2
2025-10-18 06:15:00+00:00,2.3444,2.346,2.3405,2.3426,656280.1
2025-10-18 06:30:00+00:00,2.3426,2.3453,2.339,2.34,427318.9
2025-10-18 06:45:00+00:00,2.34,2.3524,2.3383,2.3506,909398.9
2025-10-18 07:00:00+00:00,2.3506,2.3758,2.3506,2.3653,4078044.6
2025-10-18 07:15:00+00:00,2.3653,2.3659,2.3534,2.3561,1215800.8
2025-10-18 07:30:00+00:00,2.3561,2.3659,2.3534,2.3637,1198691.4
2025-10-18 07:45:00+00:00,2.3637,2.3732,2.3496,2.3539,1657331.8
2025-10-18 08:00:00+00:00,2.354,2.3598,2.3505,2.3571,756423.0
2025-10-18 08:15:00+00:00,2.357,2.3586,2.3502,2.3523,563411.4
2025-10-18 08:30:00+00:00,2.3523,2.3553,2.3495,2.3527,490923.0
2025-10-18 08:45:00+00:00,2.3527,2.3566,2.347,2.3483,678943.7
2025-10-18 09:00:00+00:00,2.3483,2.3563,2.347,2.3546,587959.4
2025-10-18 09:15:00+00:00,2.3545,2.3648,2.3482,2.3611,794608.3
2025-10-18 09:30:00+00:00,2.361,2.3624,2.3496,2.3558,1705366.6
2025-10-18 09:45:00+00:00,2.3558,2.3601,2.3504,2.3576,707080.6
2025-10-18 10:00:00+00:00,2.3576,2.3589,2.3521,2.353,375809.8
2025-10-18 10:15:00+00:00,2.3529,2.356,2.3477,2.3558,603564.6
2025-10-18 10:30:00+00:00,2.3559,2.368,2.3555,2.3665,713440.3
2025-10-18 10:45:00+00:00,2.3664,2.3665,2.3544,2.3606,583011.8
2025-10-18 11:00:00+00:00,2.3606,2.364,2.3568,2.363,842416.9
2025-10-18 11:15:00+00:00,2.363,2.367,2.3603,2.361,655066.6
2025-10-18 11:30:00+00:00,2.361,2.3731,2.3594,2.3727,741531.8
2025-10-18 11:45:00+00:00,2.3728,2.3795,2.3711,2.3789,1074034.0
2025-10-18 12:00:00+00:00,2.3788,2.3904,2.3785,2.3881,1457958.7
2025-10-18 12:15:00+00:00,2.388,2.3915,2.3758,2.3792,930056.0
2025-10-18 12:30:00+00:00,2.3791,2.38,2.37,2.3797,947287.0
2025-10-18 12:45:00+00:00,2.3797,2.3815,2.3732,2.3754,504198.4
2025-10-18 13:00:00+00:00,2.3755,2.3759,2.3646,2.3737,706350.8
2025-10-18 13:15:00+00:00,2.3737,2.3744,2.3642,2.3671,876342.8
2025-10-18 13:30:00+00:00,2.3671,2.3675,2.3568,2.3608,1006210.6
2025-10-18 13:45:00+00:00,2.3607,2.369,2.3561,2.363,642788.2
2025-10-18 14:00:00+00:00,2.363,2.3677,2.3522,2.3557,890040.2
2025-10-18 14:15:00+00:00,2.3558,2.3619,2.3529,2.3568,607002.5
2025-10-18 14:30:00+00:00,2.3568,2.3716,2.3567,2.3647,1148923.5
2025-10-18 14:45:00+00:00,2.3648,2.37,2.3563,2.3612,1535996.2
2025-10-18 15:00:00+00:00,2.3612,2.3661,2.3583,2.3586,837136.8
2025-10-18 15:15:00+00:00,2.3586,2.3604,2.3483,2.3485,1329592.7
2025-10-18 15:30:00+00:00,2.3485,2.3489,2.3403,2.3484,1433052.9
2025-10-18 15:45:00+00:00,2.3484,2.3515,2.3436,2.3488,436612.7
2025-10-18 16:00:00+00:00,2.3488,2.3546,2.3378,2.34,854735.7
2025-10-18 16:15:00+00:00,2.3399,2.345,2.3356,2.3422,957993.8
2025-10-18 16:30:00+00:00,2.3423,2.3429,2.3332,2.3389,764630.4
2025-10-18 16:45:00+00:00,2.339,2.3458,2.3377,2.3456,814882.4
2025-10-18 17:00:00+00:00,2.3455,2.3524,2.3423,2.3518,674634.0
2025-10-18 17:15:00+00:00,2.3518,2.3633,2.3496,2.3622,838296.9
2025-10-18 17:30:00+00:00,2.3621,2.3634,2.3561,2.3562,449443.5
2025-10-18 17:45:00+00:00,2.3561,2.3701,2.3557,2.3683,385216.6
2025-10-18 18:00:00+00:00,2.3683,2.3715,2.3584,2.3585,482318.0
2025-10-18 18:15:00+00:00,2.3585,2.3636,2.3577,2.3628,396174.2
2025-10-18 18:30:00+00:00,2.3627,2.3671,2.3615,2.3645,316128.3
2025-10-18 18:45:00+00:00,2.3644,2.3647,2.3601,2.362,335850.6
2025-10-18 19:00:00+00:00,2.3619,2.3628,2.3565,2.3606,254613.2
2025-10-18 19:15:00+00:00,2.3606,2.3691,2.3606,2.3687,335206.1
2025-10-18 19:30:00+00:00,2.3687,2.3688,2.3643,2.3655,315379.8
2025-10-18 19:45:00+00:00,2.3655,2.3705,2.3637,2.3669,623395.0
2025-10-18 20:00:00+00:00,2.367,2.3712,2.3639,2.3646,435184.0
2025-10-18 20:15:00+00:00,2.3645,2.3707,2.3629,2.37,388219.4
2025-10-18 20:30:00+00:00,2.37,2.3746,2.3655,2.3673,328226.9
2025-10-18 20:45:00+00:00,2.3674,2.3703,2.3563,2.359,1366174.2
2025-10-18 21:00:00+00:00,2.359,2.3619,2.3506,2.3557,723678.5
2025-10-18 21:15:00+00:00,2.3558,2.3621,2.3509,2.3618,706439.1
2025-10-18 21:30:00+00:00,2.3618,2.3647,2.3589,2.3623,305557.3
2025-10-18 21:45:00+00:00,2.3622,2.3659,2.3605,2.3637,204878.2
2025-10-18 22:00:00+00:00,2.3637,2.3653,2.3604,2.3618,236421.2
2025-10-18 22:15:00+00:00,2.3618,2.3669,2.3602,2.3649,389965.6
2025-10-18 22:30:00+00:00,2.365,2.3658,2.361,2.3625,380148.9
2025-10-18 22:45:00+00:00,2.3624,2.3624,2.3576,2.3615,318524.5
2025-10-18 23:00:00+00:00,2.3614,2.3625,2.3579,2.3605,529570.3
2025-10-18 23:15:00+00:00,2.3605,2.3619,2.3569,2.3603,432725.5
2025-10-18 23:30:00+00:00,2.3603,2.363,2.359,2.3594,270179.5
2025-10-18 23:45:00+00:00,2.3594,2.3607,2.3576,2.3596,268718.9
2025-10-19 00:00:00+00:00,2.3596,2.3622,2.3486,2.3514,890796.7
2025-10-19 00:15:00+00:00,2.3514,2.3558,2.3509,2.3528,434166.3
2025-10-19 00:30:00+00:00,2.3528,2.353,2.3423,2.3426,509804.0
2025-10-19 00:45:00+00:00,2.3427,2.3475,2.3401,2.3455,436310.1
2025-10-19 01:00:00+00:00,2.3454,2.3455,2.336,2.3398,619191.4
2025-10-19 01:15:00+00:00,2.3397,2.3475,2.3391,2.3471,283170.8
2025-10-19 01:30:00+00:00,2.3472,2.348,2.34,2.345,236311.7
2025-10-19 01:45:00+00:00,2.345,2.3507,2.345,2.3494,409948.3
2025-10-19 02:00:00+00:00,2.3495,2.3496,2.3424,2.3445,228964.2
2025-10-19 02:15:00+00:00,2.3444,2.3511,2.3436,2.3457,231688.6
2025-10-19 02:30:00+00:00,2.3457,2.3479,2.3402,2.3421,461659.2
2025-10-19 02:45:00+00:00,2.3421,2.3433,2.3393,2.343,280224.9
2025-10-19 03:00:00+00:00,2.343,2.343,2.3372,2.338,447932.2
2025-10-19 03:15:00+00:00,2.338,2.3508,2.3379,2.3508,554764.7
2025-10-19 03:30:00+00:00,2.3507,2.3641,2.3506,2.3614,864171.7
2025-10-19 03:45:00+00:00,2.3615,2.3688,2.3602,2.3687,507976.9
2025-10-19 04:00:00+00:00,2.3686,2.3697,2.3559,2.3586,529615.1
2025-10-19 04:15:00+00:00,2.3585,2.359,2.3541,2.3586,198997.8
2025-10-19 04:30:00+00:00,2.3586,2.3621,2.3574,2.3586,249147.9
2025-10-19 04:45:00+00:00,2.3586,2.3609,2.3558,2.3574,202121.3
2025-10-19 05:00:00+00:00,2.3575,2.3616,2.3566,2.3567,476926.8
2025-10-19 05:15:00+00:00,2.3567,2.3666,2.3551,2.3577,642448.6
2025-10-19 05:30:00+00:00,2.3576,2.3609,2.3515,2.3535,383728.9
2025-10-19 05:45:00+00:00,2.3534,2.3534,2.348,2.3528,382220.9
2025-10-19 06:00:00+00:00,2.3528,2.3563,2.3509,2.351,318567.1
2025-10-19 06:15:00+00:00,2.351,2.3523,2.3476,2.3491,232226.1
2025-10-19 06:30:00+00:00,2.3491,2.3498,2.3418,2.3466,509416.4
2025-10-19 06:45:00+00:00,2.3466,2.3497,2.3442,2.3497,366540.8
2025-10-19 07:00:00+00:00,2.3498,2.3535,2.3487,2.3523,365567.0
2025-10-19 07:15:00+00:00,2.3522,2.3551,2.3487,2.3488,314944.6
2025-10-19 07:30:00+00:00,2.3488,2.3537,2.3436,2.3454,352113.0
2025-10-19 07:45:00+00:00,2.3454,2.3487,2.3435,2.3484,429141.6
2025-10-19 08:00:00+00:00,2.3483,2.3523,2.3473,2.349,469283.9
2025-10-19 08:15:00+00:00,2.349,2.3705,2.3326,2.3503,4361153.3
2025-10-19 08:30:00+00:00,2.3502,2.3502,2.3336,2.3343,831779.4
2025-10-19 08:45:00+00:00,2.3344,2.3376,2.3274,2.3325,903608.6
2025-10-19 09:00:00+00:00,2.3325,2.3329,2.3216,2.3246,1208187.4
2025-10-19 09:15:00+00:00,2.3245,2.3305,2.3177,2.3195,970380.6
2025-10-19 09:30:00+00:00,2.3195,2.3515,2.319,2.348,1981483.2
2025-10-19 09:45:00+00:00,2.3479,2.3828,2.3442,2.3627,5665889.0
2025-10-19 10:00:00+00:00,2.3628,2.3734,2.3537,2.3622,1333183.0
2025-10-19 10:15:00+00:00,2.3622,2.3927,2.3569,2.3845,2946523.4
2025-10-19 10:30:00+00:00,2.3846,2.3871,2.3741,2.3843,2252301.7
2025-10-19 10:45:00+00:00,2.3843,2.3855,2.3757,2.3854,670716.1
2025-10-19 11:00:00+00:00,2.3854,2.3984,2.3852,2.3939,2091153.8
2025-10-19 11:15:00+00:00,2.394,2.396,2.3759,2.3784,2083566.0
2025-10-19 11:30:00+00:00,2.3784,2.3829,2.3767,2.3771,742047.8
2025-10-19 11:45:00+00:00,2.3772,2.3784,2.3715,2.3751,773979.7
2025-10-19 12:00:00+00:00,2.3751,2.3797,2.3662,2.3684,1031182.8
2025-10-19 12:15:00+00:00,2.3684,2.371,2.3647,2.3669,739546.1
2025-10-19 12:30:00+00:00,2.3668,2.3752,2.366,2.3675,425638.0
2025-10-19 12:45:00+00:00,2.3674,2.372,2.3622,2.372,697814.3
2025-10-19 13:00:00+00:00,2.3721,2.3759,2.3658,2.3693,577148.4
2025-10-19 13:15:00+00:00,2.3694,2.375,2.3665,2.3749,525994.9
2025-10-19 13:30:00+00:00,2.3748,2.39,2.3739,2.3889,921979.7
2025-10-19 13:45:00+00:00,2.389,2.4049,2.3865,2.4029,2364339.8
2025-10-19 14:00:00+00:00,2.403,2.4044,2.3908,2.3982,1620541.2
2025-10-19 14:15:00+00:00,2.3983,2.415,2.3964,2.4098,2625952.9
2025-10-19 14:30:00+00:00,2.4097,2.4142,2.4046,2.4087,1772170.0
2025-10-19 14:45:00+00:00,2.4088,2.4142,2.4015,2.4128,877411.0
2025-10-19 15:00:00+00:00,2.4128,2.4142,2.4019,2.4046,1832974.0
2025-10-19 15:15:00+00:00,2.4046,2.4092,2.4007,2.4039,837267.7
2025-10-19 15:30:00+00:00,2.4039,2.4049,2.392,2.3967,2319346.4
2025-10-19 15:45:00+00:00,2.3968,2.4008,2.3968,2.4008,687091.7
2025-10-19 16:00:00+00:00,2.4008,2.4018,2.3933,2.3943,454000.5
2025-10-19 16:15:00+00:00,2.3944,2.3953,2.3897,2.3938,518486.5
2025-10-19 16:30:00+00:00,2.3938,2.4084,2.3882,2.4073,1403099.8
2025-10-19 16:45:00+00:00,2.4073,2.408,2.3993,2.3999,752377.9
2025-10-19 17:00:00+00:00,2.3999,2.4165,2.3971,2.4134,2342571.3
2025-10-19 17:15:00+00:00,2.4135,2.4195,2.4044,2.4045,2076638.0
2025-10-19 17:30:00+00:00,2.4044,2.4075,2.3965,2.4013,861430.0
2025-10-19 17:45:00+00:00,2.4013,2.4016,2.3928,2.3966,929008.4
2025-10-19 18:00:00+00:00,2.3967,2.4009,2.3958,2.3994,912136.3
2025-10-19 18:15:00+00:00,2.3993,2.4049,2.3979,2.4027,714170.7
2025-10-19 18:30:00+00:00,2.4027,2.4091,2.3997,2.4077,524539.2
2025-10-19 18:45:00+00:00,2.4078,2.4126,2.4067,2.409,560941.8
2025-10-19 19:00:00+00:00,2.409,2.409,2.3951,2.4007,694854.5
2025-10-19 19:15:00+00:00,2.4006,2.4023,2.3975,2.3995,556678.0
2025-10-19 19:30:00+00:00,2.3995,2.4018,2.3944,2.3966,623462.3
2025-10-19 19:45:00+00:00,2.3966,2.4017,2.3931,2.3991,501504.0
2025-10-19 20:00:00+00:00,2.3992,2.405,2.3958,2.4001,499164.7
2025-10-19 20:15:00+00:00,2.4001,2.4056,2.3977,2.4054,426233.7
2025-10-19 20:30:00+00:00,2.4054,2.4059,2.4008,2.4033,557448.3
2025-10-19 20:45:00+00:00,2.4034,2.4079,2.4028,2.4059,709149.5
2025-10-19 21:00:00+00:00,2.4059,2.4077,2.3982,2.3998,922945.0
2025-10-19 21:15:00+00:00,2.3998,2.4005,2.389,2.3901,644982.8
2025-10-19 21:30:00+00:00,2.3901,2.3958,2.3868,2.3957,813890.4
2025-10-19 21:45:00+00:00,2.3957,2.3982,2.3924,2.3965,372651.1
2025-10-19 22:00:00+00:00,2.3965,2.4058,2.3963,2.4032,541678.4
2025-10-19 22:15:00+00:00,2.4032,2.4078,2.4004,2.4051,539998.1
2025-10-19 22:30:00+00:00,2.4052,2.4096,2.4033,2.4087,654021.6
2025-10-19 22:45:00+00:00,2.4088,2.4088,2.4012,2.4023,601303.0
2025-10-19 23:00:00+00:00,2.4024,2.4026,2.3938,2.3971,608911.4
2025-10-19 23:15:00+00:00,2.3971,2.3984,2.3928,2.3942,282516.5
2025-10-19 23:30:00+00:00,2.3942,2.3977,2.3864,2.3884,603728.5
2025-10-19 23:45:00+00:00,2.3884,2.3908,2.3866,2.3908,354040.4
2025-10-20 00:00:00+00:00,2.3907,2.3907,2.3776,2.3779,1105967.2
2025-10-20 00:15:00+00:00,2.378,2.3801,2.3585,2.3652,1944932.9
2025-10-20 00:30:00+00:00,2.3651,2.3761,2.3547,2.3708,1033934.0
2025-10-20 00:45:00+00:00,2.3708,2.3824,2.3702,2.38,677784.8
2025-10-20 01:00:00+00:00,2.38,2.3847,2.3713,2.3782,900792.1
2025-10-20 01:15:00+00:00,2.3782,2.38,2.3715,2.3759,765531.6
2025-10-20 01:30:00+00:00,2.3758,2.38,2.3674,2.3716,775781.9
2025-10-20 01:45:00+00:00,2.3716,2.3766,2.3685,2.3722,935337.0
2025-10-20 02:00:00+00:00,2.3721,2.3721,2.3642,2.3689,966432.7
2025-10-20 02:15:00+00:00,2.3689,2.3843,2.3674,2.3783,898708.4
2025-10-20 02:30:00+00:00,2.3782,2.3902,2.3753,2.3875,1262445.1
2025-10-20 02:45:00+00:00,2.3874,2.3952,2.3851,2.3862,1021636.6
2025-10-20 03:00:00+00:00,2.3862,2.3869,2.3814,2.3869,366182.1
2025-10-20 03:15:00+00:00,2.387,2.3993,2.3862,2.3978,1039309.3
2025-10-20 03:30:00+00:00,2.3978,2.4227,2.394,2.415,1262406.3
2025-10-20 03:45:00+00:00,2.415,2.4412,2.4116,2.4336,2416875.0
